date,country,y_prob
2024-07-01,UKR,0.21278408431435164
2024-07-02,UKR,0.7324336008553572
2024-07-03,UKR,0.21708446476608992
2024-07-04,UKR,0.2731681995435809
2024-07-05,UKR,0.10022913833218147
2024-07-06,UKR,0.5734333909096747
2024-07-07,UKR,0.4009156842310531
2024-07-08,UKR,0.24203172607540394
2024-07-09,UKR,0.40632528537653506
2024-07-10,UKR,0.24299217190386577
2024-07-11,UKR,0.188245026116056
2024-07-12,UKR,0.23871305845155255
2024-07-13,UKR,0.5898816744152001
2024-07-14,UKR,0.3034810012900525
2024-07-15,UKR,0.45984804232802184
2024-07-16,UKR,0.1693019815813663
2024-07-17,UKR,0.5705869440368092
2024-07-18,UKR,0.2854989769303128
2024-07-19,UKR,0.13309147999154874
2024-07-20,UKR,0.2896505990393998
2024-07-21,UKR,0.32226203206916365
2024-07-22,UKR,0.27900640853635206
2024-07-23,UKR,0.3953754700637999
2024-07-24,UKR,0.2525948838086576
2024-07-25,UKR,0.2068931318602554
2024-07-26,UKR,0.2528855585406998
2024-07-27,UKR,0.23724592222097646
2024-07-28,UKR,0.11155971253611836
2024-07-29,UKR,0.6506818229853193
2024-07-30,UKR,0.10238245820664477
2024-07-31,UKR,0.3248886051872933
2024-08-01,UKR,0.34050740360359005
2024-08-02,UKR,0.40311423691532966
2024-08-03,UKR,0.24086553039297387
2024-08-04,UKR,0.11663931531987715
2024-08-05,UKR,0.2969670278436794
2024-08-06,UKR,0.1396184034929703
2024-08-07,UKR,0.3145810764866063
2024-08-08,UKR,0.17938873159466798
2024-08-09,UKR,0.21264220478530296
2024-08-10,UKR,0.14506404388420613
2024-08-11,UKR,0.21661918880312764
2024-08-12,UKR,0.1271125374680518
2024-08-13,UKR,0.2965172723185582
2024-08-14,UKR,0.27042918623559914
2024-08-15,UKR,0.2206694076441165
2024-08-16,UKR,0.29604806635291414
2024-08-17,UKR,0.38611019437582245
2024-08-18,UKR,0.38611019437582245
2024-08-19,UKR,0.13826436181582163
2024-08-20,UKR,0.26045888212507917
2024-08-21,UKR,0.35537857112591853
2024-08-22,UKR,0.20345338937657342
2024-08-23,UKR,0.09307758456131227
2024-08-24,UKR,0.35529880766452027
2024-08-25,UKR,0.4864970468264217
2024-08-26,UKR,0.4081451382127955
2024-08-27,UKR,0.1253193080847399
2024-08-28,UKR,0.13913361881391828
2024-08-29,UKR,0.10389118434490054
2024-08-30,UKR,0.33289910593373834
2024-08-31,UKR,0.35972292457599514
2024-09-01,UKR,0.2544911863993629
2024-09-02,UKR,0.3802892566308849
2024-09-03,UKR,0.2801302394224545
2024-09-04,UKR,0.3812258450039388
2024-09-05,UKR,0.41138296805838687
2024-09-06,UKR,0.255343980753198
2024-09-07,UKR,0.19059719715844584
2024-09-08,UKR,0.2046770716373169
2024-09-09,UKR,0.3984820517324894
2024-09-10,UKR,0.3114217526632051
2024-09-11,UKR,0.12223460538403433
2024-09-12,UKR,0.31283128873465105
2024-09-13,UKR,0.1317682048307494
2024-09-14,UKR,0.36076204009798196
2024-09-15,UKR,0.16266645868928514
2024-09-16,UKR,0.1689890850760151
2024-09-17,UKR,0.21046389433281873
2024-09-18,UKR,0.30316724488489577
2024-09-19,UKR,0.3024296719390958
2024-09-20,UKR,0.3666073936651898
2024-09-21,UKR,0.27222787985219
2024-09-22,UKR,0.23256988047358498
2024-09-23,UKR,0.5798305121171367
2024-09-24,UKR,0.29374178998144773
2024-09-25,UKR,0.40815187429808764
2024-09-26,UKR,0.4488461746709823
2024-09-27,UKR,0.12559698443547054
2024-09-28,UKR,0.24246328786936516
2024-09-29,UKR,0.23599836729557278
2024-09-30,UKR,0.4563776137096785
2024-10-01,UKR,0.08559070021936713
2024-10-02,UKR,0.30803301170370423
2024-10-03,UKR,0.5678290759709625
2024-10-04,UKR,0.26925880862073664
2024-10-05,UKR,0.21358151300048564
2024-10-06,UKR,0.27356829744518013
2024-10-07,UKR,0.5633072308505688
2024-10-08,UKR,0.3513210548361736
2024-10-09,UKR,0.07687463144420727
2024-10-10,UKR,0.22628329761251148
2024-10-11,UKR,0.27827130848637066
2024-10-12,UKR,0.3157856829577063
2024-10-13,UKR,0.3762874036918933
2024-10-14,UKR,0.4679379516686676
2024-10-15,UKR,0.13067239788968676
2024-10-16,UKR,0.1782037401365379
2024-10-17,UKR,0.3712529844611728
2024-10-18,UKR,0.41035819628447284
2024-10-19,UKR,0.1568377328704694
2024-10-20,UKR,0.5891142100075368
2024-10-21,UKR,0.43973824833446395
2024-10-22,UKR,0.2612426842494803
2024-10-23,UKR,0.10666611867964063
2024-10-24,UKR,0.07545731073269145
2024-10-25,UKR,0.5933370511684939
2024-10-26,UKR,0.10915570036483238
2024-10-27,UKR,0.23629370729502952
2024-10-28,UKR,0.46078049240936864
2024-10-29,UKR,0.4614118581624773
2024-10-30,UKR,0.1949389770540258
2024-10-31,UKR,0.5213420801185397
2024-11-01,UKR,0.4828031571130915
2024-11-02,UKR,0.1104238153623899
2024-11-03,UKR,0.31688280971189237
2024-11-04,UKR,0.6500576780354468
2024-11-05,UKR,0.3829538231460466
2024-11-06,UKR,0.1358386396948918
2024-11-07,UKR,0.4220950495476774
2024-11-08,UKR,0.33320301400132235
2024-11-09,UKR,0.17317800032244576
2024-11-10,UKR,0.09044056403348778
2024-11-11,UKR,0.6205940785913296
2024-11-12,UKR,0.32529359993354073
2024-11-13,UKR,0.150537489536161
2024-11-14,UKR,0.5242543978321341
2024-11-15,UKR,0.5695048507859753
2024-11-16,UKR,0.09946301732940677
2024-11-17,UKR,0.5057092651088017
2024-11-18,UKR,0.42525709764344805
2024-11-19,UKR,0.3637287662348732
2024-11-20,UKR,0.24272327488686565
2024-11-21,UKR,0.28697399466175205
2024-11-22,UKR,0.48191937981090704
2024-11-23,UKR,0.09457825054232895
2024-11-24,UKR,0.2858699088258555
2024-11-25,UKR,0.5375794501018346
2024-11-26,UKR,0.5180133153640722
2024-11-27,UKR,0.2290887959312286
2024-11-28,UKR,0.6352349217241918
2024-11-29,UKR,0.6396675814278413
2024-11-30,UKR,0.21667233729519816
2024-12-01,UKR,0.13201897679907562
2024-12-02,UKR,0.6183923873998062
2024-12-03,UKR,0.524467759578302
2024-12-04,UKR,0.16264746456422652
2024-12-05,UKR,0.5146887770357401
2024-12-06,UKR,0.516975835278108
2024-12-07,UKR,0.13057950189019082
2024-12-08,UKR,0.3935849293566077
2024-12-09,UKR,0.5542628260619987
2024-12-10,UKR,0.37369569485337023
2024-12-11,UKR,0.18048724314294615
2024-12-12,UKR,0.5275063661498455
2024-12-13,UKR,0.3535536736276231
2024-12-14,UKR,0.22759704828603075
2024-12-15,UKR,0.49639793423056516
2024-12-16,UKR,0.49639793423056516
2024-12-17,UKR,0.39432075056563576
2024-12-18,UKR,0.22599241728554487
2024-12-19,UKR,0.5444236829282709
2024-12-20,UKR,0.47842444956173824
2024-12-21,UKR,0.3513608126107019
2024-12-22,UKR,0.44941006624633306
2024-12-23,UKR,0.6122620432437047
2024-12-24,UKR,0.4300273771400487
2024-12-25,UKR,0.32253299857891665
2024-12-26,UKR,0.5311204665157503
2024-12-27,UKR,0.6107912720475972
2024-12-28,UKR,0.2456023761007568
2024-12-29,UKR,0.6399593832815703
2024-12-30,UKR,0.6399593832815703
2024-12-31,UKR,0.2723739822199614
2025-01-01,UKR,0.3377107251621082
2025-01-02,UKR,0.4462122367100053
2025-01-03,UKR,0.40695032110772883
2025-01-04,UKR,0.253712037665475
2025-01-05,UKR,0.3011310600585831
2025-01-06,UKR,0.5578006961528251
2025-01-07,UKR,0.3875861109362843
2025-01-08,UKR,0.10152190940619807
2025-01-09,UKR,0.5887347312332539
2025-01-10,UKR,0.34408419370944454
2025-01-11,UKR,0.23201893576711863
2025-01-12,UKR,0.3698930451768238
2025-01-13,UKR,0.37839503095687377
2025-01-14,UKR,0.2482814593045247
2025-01-15,UKR,0.22125063737105058
2025-01-16,UKR,0.43433746839263065
2025-01-17,UKR,0.6176245663748121
2025-01-18,UKR,0.29643464881274006
2025-01-19,UKR,0.41520275070623247
2025-01-20,UKR,0.4906474493220994
2025-01-21,UKR,0.33760619369012423
2025-01-22,UKR,0.20227649096901154
2025-01-23,UKR,0.5068916756368127
2025-01-24,UKR,0.6427167456419034
2025-01-25,UKR,0.3329631334590181
2025-01-26,UKR,0.12192041485296087
2025-01-27,UKR,0.3371911261247958
2025-01-28,UKR,0.48537592186591216
2025-01-29,UKR,0.3132553550899572
2025-01-30,UKR,0.4896061823407967
2025-01-31,UKR,0.3120872868286066
2025-02-01,UKR,0.21016937866569732
2025-02-02,UKR,0.5755815309202476
2025-02-03,UKR,0.43627367543179163
2025-02-04,UKR,0.2682856389547225
2025-02-05,UKR,0.24246939889146019
2025-02-06,UKR,0.16213135926382802
2025-02-07,UKR,0.616173481163508
2025-02-08,UKR,0.34022286656883255
2025-02-09,UKR,0.2920597378350166
2025-02-10,UKR,0.462863985504642
2025-02-11,UKR,0.26767223169746235
2025-02-12,UKR,0.12827863367194298
2025-02-13,UKR,0.3501785876734903
2025-02-14,UKR,0.48766833004154064
2025-02-15,UKR,0.11840551128540215
2025-02-16,UKR,0.21824055776984402
2025-02-17,UKR,0.5967243448704289
2025-02-18,UKR,0.48086143929696845
2025-02-19,UKR,0.31484150109368764
2025-02-20,UKR,0.43541859823138795
2025-02-21,UKR,0.4887490925771924
2025-02-22,UKR,0.25824196384427855
2025-02-23,UKR,0.42550021134583627
2025-02-24,UKR,0.5804815622846171
2025-02-25,UKR,0.3596169935396433
2025-02-26,UKR,0.3575609401083583
2025-02-27,UKR,0.32156965268701115
2025-02-28,UKR,0.34829134201716966
2025-03-01,UKR,0.20316450113257242
2025-03-02,UKR,0.1685482289996366
2025-03-03,UKR,0.4621262971102408
2025-03-04,UKR,0.4649275111940703
2025-03-05,UKR,0.41399805288900904
2025-03-06,UKR,0.45510033791290305
2025-03-07,UKR,0.40255219289829636
2025-03-08,UKR,0.24542846027574453
2025-03-09,UKR,0.19279841789299723
2025-03-10,UKR,0.5677941674767534
2025-03-11,UKR,0.3669088711518683
2025-03-12,UKR,0.3147106688346938
2025-03-13,UKR,0.4112405591699219
2025-03-14,UKR,0.3886602393158867
2025-03-15,UKR,0.12366362586364317
2025-03-16,UKR,0.3940086050962687
2025-03-17,UKR,0.3489916978000127
2025-03-18,UKR,0.38150835079481943
2025-03-19,UKR,0.23949038053731608
2025-03-20,UKR,0.4351099763669495
2025-03-21,UKR,0.3553180696023
2025-03-22,UKR,0.07397821430311043
2025-03-23,UKR,0.2736861718403097
2025-03-24,UKR,0.20309101075974278
2025-03-25,UKR,0.5581696156479613
2025-03-26,UKR,0.30251155168490007
2025-03-27,UKR,0.5611094259261905
2025-03-28,UKR,0.6031818942415338
2024-07-01,RUS,0.04596546895638644
2024-07-02,RUS,0.04775674451633324
2024-07-03,RUS,0.03393105357363967
2024-07-04,RUS,0.0267196888562995
2024-07-05,RUS,0.043448573741750374
2024-07-06,RUS,0.03385628116464732
2024-07-07,RUS,0.07858772189992222
2024-07-08,RUS,0.14165069160375565
2024-07-09,RUS,0.14567609892826147
2024-07-10,RUS,0.15193468782830746
2024-07-11,RUS,0.17040524983027436
2024-07-12,RUS,0.06710143122953022
2024-07-13,RUS,0.5760847134592227
2024-07-14,RUS,0.5911852987672147
2024-07-15,RUS,0.22792543546786678
2024-07-16,RUS,0.5031095940516033
2024-07-17,RUS,0.15723389878642413
2024-07-18,RUS,0.08534638275090006
2024-07-19,RUS,0.136148981189243
2024-07-20,RUS,0.20913876438579607
2024-07-21,RUS,0.2025014956517057
2024-07-22,RUS,0.27478402740144436
2024-07-23,RUS,0.26406039519274793
2024-07-24,RUS,0.3044496796201662
2024-07-25,RUS,0.23270076720061247
2024-07-26,RUS,0.19276099524655382
2024-07-27,RUS,0.5008605853884747
2024-07-28,RUS,0.24240700886730668
2024-07-29,RUS,0.22252464759002016
2024-07-30,RUS,0.2859412439154941
2024-07-31,RUS,0.30248634663313656
2024-08-01,RUS,0.5724697720554264
2024-08-02,RUS,0.2748160353690347
2024-08-03,RUS,0.4306116320936308
2024-08-04,RUS,0.2565998757515762
2024-08-05,RUS,0.17423945282102168
2024-08-06,RUS,0.5151279236978601
2024-08-07,RUS,0.6767879334494977
2024-08-08,RUS,0.6215271650199123
2024-08-09,RUS,0.15333849748657627
2024-08-10,RUS,0.7618538199397225
2024-08-11,RUS,0.5976519484948978
2024-08-12,RUS,0.8414291104316355
2024-08-13,RUS,0.2338995043949118
2024-08-14,RUS,0.10108208947794453
2024-08-15,RUS,0.2476928492864976
2024-08-16,RUS,0.09733119012045437
2024-08-17,RUS,0.01841012850265558
2024-08-18,RUS,0.01629025384830111
2024-08-19,RUS,0.02075502489806785
2024-08-20,RUS,0.02487216338444114
2024-08-21,RUS,0.038364999178225716
2024-08-22,RUS,0.01683184024049834
2024-08-23,RUS,0.026737233668009164
2024-08-24,RUS,0.025095849464125953
2024-08-25,RUS,0.021357623967110384
2024-08-26,RUS,0.022017657675068244
2024-08-27,RUS,0.02720386891792037
2024-08-28,RUS,0.016546450546628337
2024-08-29,RUS,0.020321852435279522
2024-08-30,RUS,0.027816854354350794
2024-08-31,RUS,0.016015162273988897
2024-09-01,RUS,0.015092748354859983
2024-09-02,RUS,0.01488158594416292
2024-09-03,RUS,0.01749182575747856
2024-09-04,RUS,0.02582593826044803
2024-09-05,RUS,0.03587767049742558
2024-09-06,RUS,0.02664205621305873
2024-09-07,RUS,0.034100772330302065
2024-09-08,RUS,0.023332120182584827
2024-09-09,RUS,0.04573557688158973
2024-09-10,RUS,0.040206825440668864
2024-09-11,RUS,0.045551408162200754
2024-09-12,RUS,0.364708499772643
2024-09-13,RUS,0.15202291396178025
2024-09-14,RUS,0.1559052898767474
2024-09-15,RUS,0.30325589342353015
2024-09-16,RUS,0.08808158856582154
2024-09-17,RUS,0.02909258780632087
2024-09-18,RUS,0.05108700651173335
2024-09-19,RUS,0.025782389774580944
2024-09-20,RUS,0.030610817215556963
2024-09-21,RUS,0.025117868545839146
2024-09-22,RUS,0.027603406618265613
2024-09-23,RUS,0.02674267624988675
2024-09-24,RUS,0.032138473233520086
2024-09-25,RUS,0.02435791586934593
2024-09-26,RUS,0.02906272599311359
2024-09-27,RUS,0.021234650192653106
2024-09-28,RUS,0.034246931927942904
2024-09-29,RUS,0.026903071693590127
2024-09-30,RUS,0.04563586793415712
2024-10-01,RUS,0.03897267112541973
2024-10-02,RUS,0.03682818468507198
2024-10-03,RUS,0.0486302882072981
2024-10-04,RUS,0.043096172075748174
2024-10-05,RUS,0.04457951627633447
2024-10-06,RUS,0.036064676006457096
2024-10-07,RUS,0.03524726710318901
2024-10-08,RUS,0.03032376067919262
2024-10-09,RUS,0.03943691134133676
2024-10-10,RUS,0.12806069074531237
2024-10-11,RUS,0.04946898823003907
2024-10-12,RUS,0.05993862939466159
2024-10-13,RUS,0.04058000757175488
2024-10-14,RUS,0.04309514371633898
2024-10-15,RUS,0.094181861711095
2024-10-16,RUS,0.04585086654285108
2024-10-17,RUS,0.05032773820562471
2024-10-18,RUS,0.2211566019256337
2024-10-19,RUS,0.04947598032322716
2024-10-20,RUS,0.033268920067943464
2024-10-21,RUS,0.03125402170302754
2024-10-22,RUS,0.047426816090477525
2024-10-23,RUS,0.03653776312615694
2024-10-24,RUS,0.04039711968966818
2024-10-25,RUS,0.01378761552874427
2024-10-26,RUS,0.02234998860435122
2024-10-27,RUS,0.01858147306325782
2024-10-28,RUS,0.021951127089094646
2024-10-29,RUS,0.01683699406310591
2024-10-30,RUS,0.019894922883490665
2024-10-31,RUS,0.01721081337525514
2024-11-01,RUS,0.03742899228343319
2024-11-02,RUS,0.05180815786835139
2024-11-03,RUS,0.03571540801079151
2024-11-04,RUS,0.03530609686688925
2024-11-05,RUS,0.03100289344364917
2024-11-06,RUS,0.042927629959638225
2024-11-07,RUS,0.05289817109670895
2024-11-08,RUS,0.04093941917835531
2024-11-09,RUS,0.08388973661584809
2024-11-10,RUS,0.04894968013371019
2024-11-11,RUS,0.3033411711726701
2024-11-12,RUS,0.10350194873891826
2024-11-13,RUS,0.03287943678892003
2024-11-14,RUS,0.04453109061652
2024-11-15,RUS,0.12270647959761598
2024-11-16,RUS,0.03291088640257453
2024-11-17,RUS,0.027681800946513544
2024-11-18,RUS,0.022204298648465595
2024-11-19,RUS,0.030522564821296793
2024-11-20,RUS,0.023571349369984753
2024-11-21,RUS,0.03016154509687856
2024-11-22,RUS,0.034509132244993544
2024-11-23,RUS,0.025156131329519587
2024-11-24,RUS,0.024202499385983813
2024-11-25,RUS,0.025602111947861366
2024-11-26,RUS,0.028308188884686607
2024-11-27,RUS,0.02282979636317654
2024-11-28,RUS,0.027610912174568413
2024-11-29,RUS,0.02832602600144885
2024-11-30,RUS,0.029437898199082414
2024-12-01,RUS,0.027300352988310326
2024-12-02,RUS,0.03446988156319482
2024-12-03,RUS,0.030435460761862685
2024-12-04,RUS,0.04632172071721346
2024-12-05,RUS,0.2513330203425466
2024-12-06,RUS,0.09817052288237235
2024-12-07,RUS,0.04798347231659238
2024-12-08,RUS,0.032538720411933064
2024-12-09,RUS,0.033511389303699776
2024-12-10,RUS,0.061176497798907735
2024-12-11,RUS,0.10401289995490812
2024-12-12,RUS,0.0420133341228474
2024-12-13,RUS,0.08117963188070379
2024-12-14,RUS,0.0687867087505812
2024-12-15,RUS,0.10613375395718654
2024-12-16,RUS,0.10756114380068316
2024-12-17,RUS,0.08063740250410474
2024-12-18,RUS,0.06855378047643884
2024-12-19,RUS,0.07729968644992828
2024-12-20,RUS,0.06872547071264727
2024-12-21,RUS,0.042664131390797166
2024-12-22,RUS,0.040780524381654346
2024-12-23,RUS,0.040780524381654346
2024-12-24,RUS,0.05585737272450406
2024-12-25,RUS,0.16725788529069244
2024-12-26,RUS,0.03723925903080132
2024-12-27,RUS,0.03981492160734081
2024-12-28,RUS,0.04073442052205721
2024-12-29,RUS,0.03936642001991488
2024-12-30,RUS,0.04394006383418613
2024-12-31,RUS,0.051324106134098726
2025-01-01,RUS,0.02630614089904372
2025-01-02,RUS,0.020197864749826898
2025-01-03,RUS,0.030707667784719814
2025-01-04,RUS,0.03228035778830682
2025-01-05,RUS,0.03306229251983288
2025-01-06,RUS,0.03254304092266707
2025-01-07,RUS,0.029405650774709798
2025-01-08,RUS,0.047064827985269966
2025-01-09,RUS,0.06317828074612566
2025-01-10,RUS,0.04973101987121729
2025-01-11,RUS,0.04418571668690172
2025-01-12,RUS,0.03833396714486844
2025-01-13,RUS,0.041935345692627156
2025-01-14,RUS,0.060077260408996316
2025-01-15,RUS,0.043931406320715
2025-01-16,RUS,0.09712896729777266
2025-01-17,RUS,0.03457441155069827
2025-01-18,RUS,0.0787542198367606
2025-01-19,RUS,0.12242871595421961
2025-01-20,RUS,0.11424355551640672
2025-01-21,RUS,0.1011980056742354
2025-01-22,RUS,0.10281991723476593
2025-01-23,RUS,0.1089168421500942
2025-01-24,RUS,0.10247011975896013
2025-01-25,RUS,0.10083965270635396
2025-01-26,RUS,0.09154960435569127
2025-01-27,RUS,0.07237977484676802
2025-01-28,RUS,0.06533056310434734
2025-01-29,RUS,0.08195768828374803
2025-01-30,RUS,0.06308919528827911
2025-01-31,RUS,0.07073891485244162
2025-02-01,RUS,0.2936190438414528
2025-02-02,RUS,0.23871902419827912
2025-02-03,RUS,0.10026083870408713
2025-02-04,RUS,0.2964449422334927
2025-02-05,RUS,0.09712089359014328
2025-02-06,RUS,0.02786299530062423
2025-02-07,RUS,0.03385780553370367
2025-02-08,RUS,0.04694041525651799
2025-02-09,RUS,0.02979738379508685
2025-02-10,RUS,0.027066255373367657
2025-02-11,RUS,0.034069469781895304
2025-02-12,RUS,0.03375063512690215
2025-02-13,RUS,0.04289795029674476
2025-02-14,RUS,0.02322321435579632
2025-02-15,RUS,0.13884092697681888
2025-02-16,RUS,0.03873920821493418
2025-02-17,RUS,0.036394542625831666
2025-02-18,RUS,0.038279716910731294
2025-02-19,RUS,0.054228506632863736
2025-02-20,RUS,0.05434809267513303
2025-02-21,RUS,0.044439880805678005
2025-02-22,RUS,0.023271743114801895
2025-02-23,RUS,0.019282603201954157
2025-02-24,RUS,0.01960149355615961
2025-02-25,RUS,0.01842156024099186
2025-02-26,RUS,0.02183040124824415
2025-02-27,RUS,0.0204592823963665
2025-02-28,RUS,0.043516312213687784
2025-03-01,RUS,0.1019280857060245
2025-03-02,RUS,0.020767546070933507
2025-03-03,RUS,0.019504902879004225
2025-03-04,RUS,0.01606618542400267
2025-03-05,RUS,0.017125132575580453
2025-03-06,RUS,0.021417656107914962
2025-03-07,RUS,0.017080705472390215
2025-03-08,RUS,0.03437404457504764
2025-03-09,RUS,0.02215304805286318
2025-03-10,RUS,0.03565244506394434
2025-03-11,RUS,0.03729256816451536
2025-03-12,RUS,0.06571015416958072
2025-03-13,RUS,0.09726603302946232
2025-03-14,RUS,0.08293083536334568
2025-03-15,RUS,0.07006541288825498
2025-03-16,RUS,0.01673276687255333
2025-03-17,RUS,0.021623263084518552
2025-03-18,RUS,0.04254556899960572
2025-03-19,RUS,0.024780136883742657
2025-03-20,RUS,0.02286193189288672
2025-03-21,RUS,0.04040474081264563
2025-03-22,RUS,0.01877070351004065
2025-03-23,RUS,0.01828977627764014
2025-03-24,RUS,0.017707077184982788
2025-03-25,RUS,0.028824107721487496
2025-03-26,RUS,0.02371418528448896
2025-03-27,RUS,0.029527163819373783
2025-03-28,RUS,0.02068105088568622
2024-07-01,PSE,0.08527425829638277
2024-07-02,PSE,0.2894104285644889
2024-07-03,PSE,0.2685900979788818
2024-07-04,PSE,0.08205379269259865
2024-07-05,PSE,0.26276993512842983
2024-07-06,PSE,0.2677391527457996
2024-07-07,PSE,0.06552072543399483
2024-07-08,PSE,0.06552072543399483
2024-07-09,PSE,0.6208754904200315
2024-07-10,PSE,0.06299474400913652
2024-07-11,PSE,0.20334689026412459
2024-07-12,PSE,0.039412413339273165
2024-07-13,PSE,0.5908128161934384
2024-07-14,PSE,0.07894426808649116
2024-07-15,PSE,0.07586950174576457
2024-07-16,PSE,0.08221390259583117
2024-07-17,PSE,0.07715690535646424
2024-07-18,PSE,0.05274821069992738
2024-07-19,PSE,0.045519417707421996
2024-07-20,PSE,0.15271091107342571
2024-07-21,PSE,0.041561354784536875
2024-07-22,PSE,0.041561354784536875
2024-07-23,PSE,0.035135149565019494
2024-07-24,PSE,0.16168302811933546
2024-07-25,PSE,0.02658008342440781
2024-07-26,PSE,0.042644657211037884
2024-07-27,PSE,0.08239542782282988
2024-07-28,PSE,0.24720084507358897
2024-07-29,PSE,0.08239542782282988
2024-07-30,PSE,0.11885731024913691
2024-07-31,PSE,0.11574257836942366
2024-08-01,PSE,0.06824241037462438
2024-08-02,PSE,0.11192084167698961
2024-08-03,PSE,0.08030451512201045
2024-08-04,PSE,0.08153288695133869
2024-08-05,PSE,0.08153288695133869
2024-08-06,PSE,0.06416305381606005
2024-08-07,PSE,0.06811966659259908
2024-08-08,PSE,0.08189922780855835
2024-08-09,PSE,0.06705656732405861
2024-08-10,PSE,0.6535992995705254
2024-08-11,PSE,0.08055428517908073
2024-08-12,PSE,0.656342728152522
2024-08-13,PSE,0.0437665864305651
2024-08-14,PSE,0.07192422414670217
2024-08-15,PSE,0.05098507078508019
2024-08-16,PSE,0.0705641435307741
2024-08-17,PSE,0.13420580357510975
2024-08-18,PSE,0.036595517607531804
2024-08-19,PSE,0.13420580357510975
2024-08-20,PSE,0.4514624213085974
2024-08-21,PSE,0.43311856075543326
2024-08-22,PSE,0.13502335979152014
2024-08-23,PSE,0.041662891270722015
2024-08-24,PSE,0.046253004548159
2024-08-25,PSE,0.046253004548159
2024-08-26,PSE,0.07056801817568308
2024-08-27,PSE,0.0592983577745462
2024-08-28,PSE,0.060741733905149774
2024-08-29,PSE,0.073729143096772
2024-08-30,PSE,0.04208746524860114
2024-08-31,PSE,0.061113568009837436
2024-09-01,PSE,0.03637032883000204
2024-09-02,PSE,0.05459428358846694
2024-09-03,PSE,0.03536716062535466
2024-09-04,PSE,0.06060168451583084
2024-09-05,PSE,0.06290850111180374
2024-09-06,PSE,0.12618002939109985
2024-09-07,PSE,0.07291864579567821
2024-09-08,PSE,0.0712355151603478
2024-09-09,PSE,0.07108110599274
2024-09-10,PSE,0.11012840165039356
2024-09-11,PSE,0.12088811943321338
2024-09-12,PSE,0.06806376044674836
2024-09-13,PSE,0.05706814068418618
2024-09-14,PSE,0.6471038400714516
2024-09-15,PSE,0.04486344647808423
2024-09-16,PSE,0.049840357173152224
2024-09-17,PSE,0.09170045865944204
2024-09-18,PSE,0.05402709234651759
2024-09-19,PSE,0.0466913617843791
2024-09-20,PSE,0.08372489540878521
2024-09-21,PSE,0.024493727858305187
2024-09-22,PSE,0.020556104425774338
2024-09-23,PSE,0.020556104425774338
2024-09-24,PSE,0.025216766596144063
2024-09-25,PSE,0.03442313717590371
2024-09-26,PSE,0.025144087332034867
2024-09-27,PSE,0.021862723259473246
2024-09-28,PSE,0.04076040413363884
2024-09-29,PSE,0.056509151540043975
2024-09-30,PSE,0.06286650790897472
2024-10-01,PSE,0.09636666155160366
2024-10-02,PSE,0.10151274083965164
2024-10-03,PSE,0.055767790456979556
2024-10-04,PSE,0.044633634028693206
2024-10-05,PSE,0.0594410233262959
2024-10-06,PSE,0.23938071584932713
2024-10-07,PSE,0.5969630730247381
2024-10-08,PSE,0.0383452038194958
2024-10-09,PSE,0.24875218477294006
2024-10-10,PSE,0.09814525105664948
2024-10-11,PSE,0.09428479142408418
2024-10-12,PSE,0.10275925224180142
2024-10-13,PSE,0.14229545266655894
2024-10-14,PSE,0.14317123924745434
2024-10-15,PSE,0.14038812900940578
2024-10-16,PSE,0.03522759982623066
2024-10-17,PSE,0.03136590664020126
2024-10-18,PSE,0.1433074950576232
2024-10-19,PSE,0.17230543896257297
2024-10-20,PSE,0.038425589136165325
2024-10-21,PSE,0.1548090025755934
2024-10-22,PSE,0.12694635338160015
2024-10-23,PSE,0.03559896675315742
2024-10-24,PSE,0.4524285496206905
2024-10-25,PSE,0.4756648318530709
2024-10-26,PSE,0.41855512021257774
2024-10-27,PSE,0.12006862942663687
2024-10-28,PSE,0.02678987672153135
2024-10-29,PSE,0.4726964971726169
2024-10-30,PSE,0.03137610103576631
2024-10-31,PSE,0.15850438591086288
2024-11-01,PSE,0.5856532058154261
2024-11-02,PSE,0.03646835419024354
2024-11-03,PSE,0.174816386226042
2024-11-04,PSE,0.18136408424436168
2024-11-05,PSE,0.1573920088008081
2024-11-06,PSE,0.16341632519149865
2024-11-07,PSE,0.1694834252290853
2024-11-08,PSE,0.04866692268833473
2024-11-09,PSE,0.15737749575993332
2024-11-10,PSE,0.03984586492986839
2024-11-11,PSE,0.038086831010964106
2024-11-12,PSE,0.1680436906643274
2024-11-13,PSE,0.15226068412001328
2024-11-14,PSE,0.03859328198342413
2024-11-15,PSE,0.06657050455059757
2024-11-16,PSE,0.06835876174404966
2024-11-17,PSE,0.22034566510634018
2024-11-18,PSE,0.0694181984505945
2024-11-19,PSE,0.06819922051410277
2024-11-20,PSE,0.2599891088934402
2024-11-21,PSE,0.19497619815106446
2024-11-22,PSE,0.07645739662923962
2024-11-23,PSE,0.0474322377403698
2024-11-24,PSE,0.040045927050613384
2024-11-25,PSE,0.04291293844474773
2024-11-26,PSE,0.08822659341136845
2024-11-27,PSE,0.042994214219564286
2024-11-28,PSE,0.182839018106821
2024-11-29,PSE,0.047950265186650486
2024-11-30,PSE,0.2144258870463436
2024-12-01,PSE,0.04127843043735439
2024-12-02,PSE,0.03309563271996804
2024-12-03,PSE,0.06451664714546088
2024-12-04,PSE,0.049331244064717034
2024-12-05,PSE,0.04763302177038421
2024-12-06,PSE,0.06659278629547202
2024-12-07,PSE,0.041171613094264835
2024-12-08,PSE,0.04017538955727737
2024-12-09,PSE,0.04017538955727737
2024-12-10,PSE,0.03734685343383663
2024-12-11,PSE,0.06227616051122762
2024-12-12,PSE,0.1892280453103204
2024-12-13,PSE,0.026865243463951805
2024-12-14,PSE,0.04638725090747595
2024-12-15,PSE,0.2189226063031083
2024-12-16,PSE,0.028341377468070625
2024-12-17,PSE,0.06643977503978547
2024-12-18,PSE,0.047178114119323496
2024-12-19,PSE,0.04709462323278347
2024-12-20,PSE,0.02325008380638273
2024-12-21,PSE,0.043180620440373706
2024-12-22,PSE,0.06554334207588662
2024-12-23,PSE,0.04308420172990011
2024-12-24,PSE,0.044531254600851736
2024-12-25,PSE,0.048529006819642805
2024-12-26,PSE,0.1972877934374763
2024-12-27,PSE,0.0630372593419911
2024-12-28,PSE,0.03534685756363927
2024-12-29,PSE,0.035647826049687956
2024-12-30,PSE,0.028607479011098034
2024-12-31,PSE,0.042731373212980685
2025-01-01,PSE,0.052770283779337214
2025-01-02,PSE,0.15345550401371097
2025-01-03,PSE,0.04276586860185501
2025-01-04,PSE,0.16235961047215222
2025-01-05,PSE,0.027049390582701
2025-01-06,PSE,0.023333509847872268
2025-01-07,PSE,0.05565031705925704
2025-01-08,PSE,0.057061803857163286
2025-01-09,PSE,0.04051405726805716
2025-01-10,PSE,0.041184302645497314
2025-01-11,PSE,0.04656765883493099
2025-01-12,PSE,0.034450799386535114
2025-01-13,PSE,0.04285637884911296
2025-01-14,PSE,0.10453228705488002
2025-01-15,PSE,0.22492232658059969
2025-01-16,PSE,0.09458777681763572
2025-01-17,PSE,0.05533317062194423
2025-01-18,PSE,0.04182422778888365
2025-01-19,PSE,0.1344554026268921
2025-01-20,PSE,0.0780633080745604
2025-01-21,PSE,0.06173886646553025
2025-01-22,PSE,0.046191710499049445
2025-01-23,PSE,0.044310421269845406
2025-01-24,PSE,0.03704187438510921
2025-01-25,PSE,0.05425668782655128
2025-01-26,PSE,0.040824303594169255
2025-01-27,PSE,0.023359611929653964
2025-01-28,PSE,0.03797231297872269
2025-01-29,PSE,0.053469361619772636
2025-01-30,PSE,0.08744774823631805
2025-01-31,PSE,0.0587051241191218
2025-02-01,PSE,0.13630916609836852
2025-02-02,PSE,0.03166591490977584
2025-02-03,PSE,0.08582009279057544
2025-02-04,PSE,0.0828357264844663
2025-02-05,PSE,0.1026072887204451
2025-02-06,PSE,0.08612995798709609
2025-02-07,PSE,0.10929911995136511
2025-02-08,PSE,0.11315631079778538
2025-02-09,PSE,0.12445443559757827
2025-02-10,PSE,0.1367795522277164
2025-02-11,PSE,0.13835900435436266
2025-02-12,PSE,0.15587017642654696
2025-02-13,PSE,0.29923481271574215
2025-02-14,PSE,0.17873880919561524
2025-02-15,PSE,0.22693847148250249
2025-02-16,PSE,0.23860798918309398
2025-02-17,PSE,0.2347123586542214
2025-02-18,PSE,0.2358365798990606
2025-02-19,PSE,0.1503213973808983
2025-02-20,PSE,0.05173984137906839
2025-02-21,PSE,0.04532520003898796
2025-02-22,PSE,0.16928702728127024
2025-02-23,PSE,0.09419952210842386
2025-02-24,PSE,0.08866932146295295
2025-02-25,PSE,0.06422468316318494
2025-02-26,PSE,0.0959812657583572
2025-02-27,PSE,0.27225701711595285
2025-02-28,PSE,0.23645944815960415
2025-03-01,PSE,0.05064109373600966
2025-03-02,PSE,0.06060320825023526
2025-03-03,PSE,0.06643368745331046
2025-03-04,PSE,0.03006841220589429
2025-03-05,PSE,0.02950663847253224
2025-03-06,PSE,0.03902784080906246
2025-03-07,PSE,0.03429101430888143
2025-03-08,PSE,0.15783574906270606
2025-03-09,PSE,0.12081975039986538
2025-03-10,PSE,0.13535254784546977
2025-03-11,PSE,0.20443652268231524
2025-03-12,PSE,0.41928605150379555
2025-03-13,PSE,0.3048558244174737
2025-03-14,PSE,0.2023625263496738
2025-03-15,PSE,0.16628295205019708
2025-03-16,PSE,0.1781084406287104
2025-03-17,PSE,0.09099864825904794
2025-03-18,PSE,0.7444549241905198
2025-03-19,PSE,0.09684270764384412
2025-03-20,PSE,0.16499298549932082
2025-03-21,PSE,0.09155266472547204
2025-03-22,PSE,0.09297335941553724
2025-03-23,PSE,0.13026389539324848
2025-03-24,PSE,0.05868105102573509
2025-03-25,PSE,0.029993631757687694
2025-03-26,PSE,0.03181979046980137
2025-03-27,PSE,0.0372992614165486
2025-03-28,PSE,0.04948672795785025
2024-07-01,ISR,0.42823011246607107
2024-07-02,ISR,0.40948557118332823
2024-07-03,ISR,0.5132867943276427
2024-07-04,ISR,0.8292028655371748
2024-07-05,ISR,0.7857621114417803
2024-07-06,ISR,0.39844342179303066
2024-07-07,ISR,0.7373917724062019
2024-07-08,ISR,0.4988055954924505
2024-07-09,ISR,0.45499425284381334
2024-07-10,ISR,0.07810734217648047
2024-07-11,ISR,0.058015978229902114
2024-07-12,ISR,0.04323402775157677
2024-07-13,ISR,0.20572314044749093
2024-07-14,ISR,0.09681286067121456
2024-07-15,ISR,0.045673087445879945
2024-07-16,ISR,0.06823999836049317
2024-07-17,ISR,0.2301305122504068
2024-07-18,ISR,0.06612050140422512
2024-07-19,ISR,0.3605255318129304
2024-07-20,ISR,0.07445705754032662
2024-07-21,ISR,0.03172350265079526
2024-07-22,ISR,0.03172350265079526
2024-07-23,ISR,0.05352975567982176
2024-07-24,ISR,0.1776030915210072
2024-07-25,ISR,0.03637909717119419
2024-07-26,ISR,0.0424411041309369
2024-07-27,ISR,0.05335160017482111
2024-07-28,ISR,0.15306202226854349
2024-07-29,ISR,0.053961717183040644
2024-07-30,ISR,0.22477661923029224
2024-07-31,ISR,0.22636197279376938
2024-08-01,ISR,0.15924965661024093
2024-08-02,ISR,0.2796168958307748
2024-08-03,ISR,0.09337162412350795
2024-08-04,ISR,0.18231353077205048
2024-08-05,ISR,0.36340349538152167
2024-08-06,ISR,0.3099083122110873
2024-08-07,ISR,0.10547595586119185
2024-08-08,ISR,0.27544425204156403
2024-08-09,ISR,0.07594499669933455
2024-08-10,ISR,0.32878047200122007
2024-08-11,ISR,0.028519623131026923
2024-08-12,ISR,0.028829477401408586
2024-08-13,ISR,0.026108995033760962
2024-08-14,ISR,0.022605095270636127
2024-08-15,ISR,0.045999784751257766
2024-08-16,ISR,0.03207978430305918
2024-08-17,ISR,0.02245901739097118
2024-08-18,ISR,0.10903374152838309
2024-08-19,ISR,0.1059157193941127
2024-08-20,ISR,0.45263874435599966
2024-08-21,ISR,0.27033802793854783
2024-08-22,ISR,0.2572834157588284
2024-08-23,ISR,0.2889131388046149
2024-08-24,ISR,0.29285461067165053
2024-08-25,ISR,0.45870432241071696
2024-08-26,ISR,0.32036016381192556
2024-08-27,ISR,0.1772791003822176
2024-08-28,ISR,0.11320683638373262
2024-08-29,ISR,0.060922271249715415
2024-08-30,ISR,0.06025851077788162
2024-08-31,ISR,0.05780628300071227
2024-09-01,ISR,0.23411545983322757
2024-09-02,ISR,0.3535242496061651
2024-09-03,ISR,0.22846946633016224
2024-09-04,ISR,0.10639886586773413
2024-09-05,ISR,0.08550043775508699
2024-09-06,ISR,0.08221018352960181
2024-09-07,ISR,0.1433597367108657
2024-09-08,ISR,0.31508968205868154
2024-09-09,ISR,0.31872872260032165
2024-09-10,ISR,0.34577944461063226
2024-09-11,ISR,0.3255589439289402
2024-09-12,ISR,0.3152634296880932
2024-09-13,ISR,0.31427944727746643
2024-09-14,ISR,0.36554784486434566
2024-09-15,ISR,0.32009887552105126
2024-09-16,ISR,0.5497013390693261
2024-09-17,ISR,0.5535495669543157
2024-09-18,ISR,0.5182933982249429
2024-09-19,ISR,0.759683199113055
2024-09-20,ISR,0.37603667440738797
2024-09-21,ISR,0.36798646263128987
2024-09-22,ISR,0.7696154341464938
2024-09-23,ISR,0.8261613726172506
2024-09-24,ISR,0.722889362058089
2024-09-25,ISR,0.326737159269019
2024-09-26,ISR,0.03454510761745683
2024-09-27,ISR,0.07087238161085492
2024-09-28,ISR,0.0786581241389157
2024-09-29,ISR,0.18072865334446006
2024-09-30,ISR,0.14318141725495329
2024-10-01,ISR,0.53382409147734
2024-10-02,ISR,0.05149107132515646
2024-10-03,ISR,0.16557800071707313
2024-10-04,ISR,0.124553827713848
2024-10-05,ISR,0.1274110143283901
2024-10-06,ISR,0.07309619147282405
2024-10-07,ISR,0.5744149026707661
2024-10-08,ISR,0.020528105375598436
2024-10-09,ISR,0.024107128858016757
2024-10-10,ISR,0.019687698292771096
2024-10-11,ISR,0.017211436666877064
2024-10-12,ISR,0.028190362862216465
2024-10-13,ISR,0.030014125052952728
2024-10-14,ISR,0.031059226510189372
2024-10-15,ISR,0.05285617184579472
2024-10-16,ISR,0.04117286801448104
2024-10-17,ISR,0.05949501033016234
2024-10-18,ISR,0.09223275293937012
2024-10-19,ISR,0.06200220899646504
2024-10-20,ISR,0.04797897706601476
2024-10-21,ISR,0.04797897706601476
2024-10-22,ISR,0.132260491556162
2024-10-23,ISR,0.02851968137009726
2024-10-24,ISR,0.04557321933995493
2024-10-25,ISR,0.05130187634333725
2024-10-26,ISR,0.0506696132882046
2024-10-27,ISR,0.057230453789050686
2024-10-28,ISR,0.07634924909778129
2024-10-29,ISR,0.05404715898270561
2024-10-30,ISR,0.04086078155201993
2024-10-31,ISR,0.04347033532641864
2024-11-01,ISR,0.07009604512939874
2024-11-02,ISR,0.16436896194449838
2024-11-03,ISR,0.06309151821221749
2024-11-04,ISR,0.11440547846169505
2024-11-05,ISR,0.06238903335543717
2024-11-06,ISR,0.10948720872454676
2024-11-07,ISR,0.07211404549100642
2024-11-08,ISR,0.044826276597421215
2024-11-09,ISR,0.02867552219472752
2024-11-10,ISR,0.02273980027771996
2024-11-11,ISR,0.03135143661218303
2024-11-12,ISR,0.02959292826453869
2024-11-13,ISR,0.02589808163236732
2024-11-14,ISR,0.19970544372838964
2024-11-15,ISR,0.3790612304758655
2024-11-16,ISR,0.30418146068988827
2024-11-17,ISR,0.43578018107845645
2024-11-18,ISR,0.17150312748135013
2024-11-19,ISR,0.05233259502971214
2024-11-20,ISR,0.06340347939866774
2024-11-21,ISR,0.28443411571213534
2024-11-22,ISR,0.2739781455826604
2024-11-23,ISR,0.08243210137322701
2024-11-24,ISR,0.56295466737916
2024-11-25,ISR,0.3728840875292853
2024-11-26,ISR,0.3689643105986594
2024-11-27,ISR,0.5426642048063148
2024-11-28,ISR,0.27975276642832
2024-11-29,ISR,0.24778247223071476
2024-11-30,ISR,0.2802669926904706
2024-12-01,ISR,0.1190846681330427
2024-12-02,ISR,0.3243192547820921
2024-12-03,ISR,0.32171222535796135
2024-12-04,ISR,0.1799915949135292
2024-12-05,ISR,0.584673872772255
2024-12-06,ISR,0.3771763262916207
2024-12-07,ISR,0.46994083269795783
2024-12-08,ISR,0.44539647040278746
2024-12-09,ISR,0.3833903061803564
2024-12-10,ISR,0.7292009077601627
2024-12-11,ISR,0.3037955126137646
2024-12-12,ISR,0.38646965790103327
2024-12-13,ISR,0.34228558459861813
2024-12-14,ISR,0.36817144310005867
2024-12-15,ISR,0.38804046863109104
2024-12-16,ISR,0.4902706683922108
2024-12-17,ISR,0.4472564288243082
2024-12-18,ISR,0.5206402402387251
2024-12-19,ISR,0.41679260954382474
2024-12-20,ISR,0.3569835627668928
2024-12-21,ISR,0.2923399413164808
2024-12-22,ISR,0.35497090015923
2024-12-23,ISR,0.4046343919564719
2024-12-24,ISR,0.35958342114303626
2024-12-25,ISR,0.4059635501569561
2024-12-26,ISR,0.31959853462130083
2024-12-27,ISR,0.30726854430751843
2024-12-28,ISR,0.3923308998954256
2024-12-29,ISR,0.3277532970898143
2024-12-30,ISR,0.4042490161772324
2024-12-31,ISR,0.37127745442847593
2025-01-01,ISR,0.3041072052116947
2025-01-02,ISR,0.2870831234079624
2025-01-03,ISR,0.08209272760822942
2025-01-04,ISR,0.14399838711174967
2025-01-05,ISR,0.11348280726868179
2025-01-06,ISR,0.11825955739565866
2025-01-07,ISR,0.1350744553454124
2025-01-08,ISR,0.10554748684283256
2025-01-09,ISR,0.12096809449215794
2025-01-10,ISR,0.34853235619316003
2025-01-11,ISR,0.2910669155348605
2025-01-12,ISR,0.3762538872247978
2025-01-13,ISR,0.4579080618351872
2025-01-14,ISR,0.31512032819157804
2025-01-15,ISR,0.4966372893106148
2025-01-16,ISR,0.46744142927456017
2025-01-17,ISR,0.33532422742941376
2025-01-18,ISR,0.6336892695129794
2025-01-19,ISR,0.7156674774873858
2025-01-20,ISR,0.817011117459604
2025-01-21,ISR,0.4681235739297442
2025-01-22,ISR,0.3327522257604874
2025-01-23,ISR,0.2879913169524811
2025-01-24,ISR,0.43468416996684817
2025-01-25,ISR,0.3196879542702394
2025-01-26,ISR,0.06560942370214436
2025-01-27,ISR,0.06116228892385655
2025-01-28,ISR,0.06602273474183
2025-01-29,ISR,0.03670253920727484
2025-01-30,ISR,0.18120036983939114
2025-01-31,ISR,0.053163463163653356
2025-02-01,ISR,0.24063813052187213
2025-02-02,ISR,0.1023566103439902
2025-02-03,ISR,0.09628933077949783
2025-02-04,ISR,0.5207114038673477
2025-02-05,ISR,0.6599878707077474
2025-02-06,ISR,0.8016682106706162
2025-02-07,ISR,0.6657913434731074
2025-02-08,ISR,0.8236956345324123
2025-02-09,ISR,0.5914322095258513
2025-02-10,ISR,0.6254856225781561
2025-02-11,ISR,0.7156180005473823
2025-02-12,ISR,0.6008976901384626
2025-02-13,ISR,0.5522519001878179
2025-02-14,ISR,0.6222606147225485
2025-02-15,ISR,0.8495584561767385
2025-02-16,ISR,0.6051306023268606
2025-02-17,ISR,0.6051306023268606
2025-02-18,ISR,0.6616383854509358
2025-02-19,ISR,0.6049918101678978
2025-02-20,ISR,0.6515602851508667
2025-02-21,ISR,0.6511695543157342
2025-02-22,ISR,0.7368266975329527
2025-02-23,ISR,0.6614385753507938
2025-02-24,ISR,0.5272752539394964
2025-02-25,ISR,0.5071723767606935
2025-02-26,ISR,0.5307375951188719
2025-02-27,ISR,0.34358179801395444
2025-02-28,ISR,0.37608277292748893
2025-03-01,ISR,0.27661225186015587
2025-03-02,ISR,0.3736612052923307
2025-03-03,ISR,0.34786332586301566
2025-03-04,ISR,0.30443668109878236
2025-03-05,ISR,0.2780739750491109
2025-03-06,ISR,0.06322885902817685
2025-03-07,ISR,0.05328106756647021
2025-03-08,ISR,0.05133466832256727
2025-03-09,ISR,0.04916014867446681
2025-03-10,ISR,0.03801813881193198
2025-03-11,ISR,0.038107041115600995
2025-03-12,ISR,0.03761384871222342
2025-03-13,ISR,0.05533700662774447
2025-03-14,ISR,0.06037464254809632
2025-03-15,ISR,0.04973966337049949
2025-03-16,ISR,0.047340075982323745
2025-03-17,ISR,0.6085212447812217
2025-03-18,ISR,0.8050231578090824
2025-03-19,ISR,0.6328838820308547
2025-03-20,ISR,0.6197567702458381
2025-03-21,ISR,0.04043024167594781
2025-03-22,ISR,0.025925608711129405
2025-03-23,ISR,0.019566574622362925
2025-03-24,ISR,0.019057714370034312
2025-03-25,ISR,0.017405733379982028
2025-03-26,ISR,0.01823221954918191
2025-03-27,ISR,0.019621819486376563
2025-03-28,ISR,0.2649071870609987
2024-07-01,SYR,0.6123522248540714
2024-07-02,SYR,0.6443584986806861
2024-07-03,SYR,0.7718548547548342
2024-07-04,SYR,0.5763681067678444
2024-07-05,SYR,0.5853908452674613
2024-07-06,SYR,0.5319848354370657
2024-07-07,SYR,0.5065218552025068
2024-07-08,SYR,0.382014807057022
2024-07-09,SYR,0.4925467726165521
2024-07-10,SYR,0.2359299703841333
2024-07-11,SYR,0.2523446861534556
2024-07-12,SYR,0.210980450338551
2024-07-13,SYR,0.3793690703459308
2024-07-14,SYR,0.4536158261900094
2024-07-15,SYR,0.40444304936142766
2024-07-16,SYR,0.4158776271746424
2024-07-17,SYR,0.6061189910815646
2024-07-18,SYR,0.28249392505205795
2024-07-19,SYR,0.2562489027438979
2024-07-20,SYR,0.2263758611517861
2024-07-21,SYR,0.23598233042765102
2024-07-22,SYR,0.28663103505755083
2024-07-23,SYR,0.23804240331336043
2024-07-24,SYR,0.22988444466144073
2024-07-25,SYR,0.20617624287906314
2024-07-26,SYR,0.2515173358653287
2024-07-27,SYR,0.27720322087976607
2024-07-28,SYR,0.33841981185670633
2024-07-29,SYR,0.2631850132105837
2024-07-30,SYR,0.2918193684771889
2024-07-31,SYR,0.31302526353666915
2024-08-01,SYR,0.3471439912365645
2024-08-02,SYR,0.24635664565485982
2024-08-03,SYR,0.2768877490647576
2024-08-04,SYR,0.3314988807882916
2024-08-05,SYR,0.22706560310277613
2024-08-06,SYR,0.11797065395505005
2024-08-07,SYR,0.4192907084488562
2024-08-08,SYR,0.4661073390258733
2024-08-09,SYR,0.2961269345108903
2024-08-10,SYR,0.47326967235492456
2024-08-11,SYR,0.5563930621202061
2024-08-12,SYR,0.36200220543540784
2024-08-13,SYR,0.3753396798603881
2024-08-14,SYR,0.38770832184713283
2024-08-15,SYR,0.30323621375031057
2024-08-16,SYR,0.24044793576609097
2024-08-17,SYR,0.17486059364929557
2024-08-18,SYR,0.151779725264509
2024-08-19,SYR,0.1406331521620954
2024-08-20,SYR,0.11494900114153991
2024-08-21,SYR,0.20143319026471634
2024-08-22,SYR,0.11082947332149687
2024-08-23,SYR,0.14054196208547948
2024-08-24,SYR,0.34305150953572616
2024-08-25,SYR,0.47896069383826867
2024-08-26,SYR,0.27005898030316566
2024-08-27,SYR,0.1757805061939277
2024-08-28,SYR,0.24052751709147846
2024-08-29,SYR,0.17947850434527118
2024-08-30,SYR,0.2265936531502992
2024-08-31,SYR,0.2180809389980881
2024-09-01,SYR,0.2516062688888204
2024-09-02,SYR,0.19392881187680844
2024-09-03,SYR,0.21328732767032801
2024-09-04,SYR,0.15480975284411963
2024-09-05,SYR,0.17029905174325732
2024-09-06,SYR,0.19332727350856646
2024-09-07,SYR,0.17657999943792557
2024-09-08,SYR,0.4581876633390931
2024-09-09,SYR,0.4183987443338988
2024-09-10,SYR,0.4821066937777622
2024-09-11,SYR,0.17497629815229582
2024-09-12,SYR,0.18923796466654152
2024-09-13,SYR,0.23681418642175442
2024-09-14,SYR,0.5732070663687883
2024-09-15,SYR,0.13992611958457868
2024-09-16,SYR,0.13726256647257554
2024-09-17,SYR,0.17314574691086873
2024-09-18,SYR,0.2175408083555476
2024-09-19,SYR,0.15032902819535277
2024-09-20,SYR,0.1814885163283481
2024-09-21,SYR,0.22539592882391699
2024-09-22,SYR,0.17405527910290539
2024-09-23,SYR,0.12433390740289392
2024-09-24,SYR,0.09489912302872859
2024-09-25,SYR,0.08890703383528578
2024-09-26,SYR,0.11246586833574013
2024-09-27,SYR,0.09988997937307531
2024-09-28,SYR,0.10037713193334788
2024-09-29,SYR,0.19478469523316408
2024-09-30,SYR,0.13507612536867436
2024-10-01,SYR,0.1282414181696277
2024-10-02,SYR,0.07513878111808837
2024-10-03,SYR,0.12289768484912612
2024-10-04,SYR,0.07787159240589021
2024-10-05,SYR,0.41034637460325923
2024-10-06,SYR,0.13520569701284396
2024-10-07,SYR,0.1135063534636929
2024-10-08,SYR,0.08377132413742883
2024-10-09,SYR,0.14877072481263584
2024-10-10,SYR,0.1260817717394499
2024-10-11,SYR,0.2235125400693585
2024-10-12,SYR,0.27002874955766437
2024-10-13,SYR,0.3158494396422494
2024-10-14,SYR,0.654301950099074
2024-10-15,SYR,0.2893881373247599
2024-10-16,SYR,0.648749010958487
2024-10-17,SYR,0.5877456701386337
2024-10-18,SYR,0.24436710290759056
2024-10-19,SYR,0.22802842646877572
2024-10-20,SYR,0.2799155546085693
2024-10-21,SYR,0.30024493024135485
2024-10-22,SYR,0.27411362893022134
2024-10-23,SYR,0.23563731359177761
2024-10-24,SYR,0.300209730169712
2024-10-25,SYR,0.35790768733333284
2024-10-26,SYR,0.8083937933823253
2024-10-27,SYR,0.15674899458209796
2024-10-28,SYR,0.24159492695262258
2024-10-29,SYR,0.14783699042585596
2024-10-30,SYR,0.2039325404729043
2024-10-31,SYR,0.11104736213423022
2024-11-01,SYR,0.12395595386921891
2024-11-02,SYR,0.5713461106009918
2024-11-03,SYR,0.17177145731359736
2024-11-04,SYR,0.15480183353519508
2024-11-05,SYR,0.1500752453199556
2024-11-06,SYR,0.183731937461182
2024-11-07,SYR,0.29873409071903956
2024-11-08,SYR,0.15659724217100784
2024-11-09,SYR,0.2293755426217733
2024-11-10,SYR,0.26644645459087835
2024-11-11,SYR,0.21563463700153662
2024-11-12,SYR,0.2181993480321173
2024-11-13,SYR,0.2748886148905145
2024-11-14,SYR,0.3676277980745213
2024-11-15,SYR,0.27094039061889813
2024-11-16,SYR,0.22943550412496663
2024-11-17,SYR,0.21728189921918636
2024-11-18,SYR,0.330039430954655
2024-11-19,SYR,0.26100117016342794
2024-11-20,SYR,0.8017606979224061
2024-11-21,SYR,0.12488731040992176
2024-11-22,SYR,0.13622374171124557
2024-11-23,SYR,0.5166217853615358
2024-11-24,SYR,0.1916701156905114
2024-11-25,SYR,0.42357887493445606
2024-11-26,SYR,0.29169840661696855
2024-11-27,SYR,0.1411823467780696
2024-11-28,SYR,0.13066646532018167
2024-11-29,SYR,0.14742689716642224
2024-11-30,SYR,0.19504069701031046
2024-12-01,SYR,0.061866926030762444
2024-12-02,SYR,0.18480307128070197
2024-12-03,SYR,0.09204394087689349
2024-12-04,SYR,0.4407346289077917
2024-12-05,SYR,0.13548075817907468
2024-12-06,SYR,0.476504466580675
2024-12-07,SYR,0.2531329342145169
2024-12-08,SYR,0.3608099736026212
2024-12-09,SYR,0.3608099736026212
2024-12-10,SYR,0.33964294708059645
2024-12-11,SYR,0.22470007703626635
2024-12-12,SYR,0.27205159398400236
2024-12-13,SYR,0.18930408184656292
2024-12-14,SYR,0.3032194124382148
2024-12-15,SYR,0.06350173722886195
2024-12-16,SYR,0.27157550245363216
2024-12-17,SYR,0.1594270670635136
2024-12-18,SYR,0.06153876307365667
2024-12-19,SYR,0.13091134024152412
2024-12-20,SYR,0.14990144660814253
2024-12-21,SYR,0.10341103243521947
2024-12-22,SYR,0.1072222447509622
2024-12-23,SYR,0.08242749072910757
2024-12-24,SYR,0.6171901874237136
2024-12-25,SYR,0.19371499216689023
2024-12-26,SYR,0.5213344965516986
2024-12-27,SYR,0.08262565024230904
2024-12-28,SYR,0.5060465478429018
2024-12-29,SYR,0.13598713194594975
2024-12-30,SYR,0.12632255826480487
2024-12-31,SYR,0.1512385956445347
2025-01-01,SYR,0.13191020521469773
2025-01-02,SYR,0.16783395810737364
2025-01-03,SYR,0.5146623765706795
2025-01-04,SYR,0.732468934417662
2025-01-05,SYR,0.2696136164437872
2025-01-06,SYR,0.27168269051134813
2025-01-07,SYR,0.20593647022993963
2025-01-08,SYR,0.22272654822040494
2025-01-09,SYR,0.24686780720331172
2025-01-10,SYR,0.28566252075620163
2025-01-11,SYR,0.29209461994773106
2025-01-12,SYR,0.20607410340956717
2025-01-13,SYR,0.15393072634196883
2025-01-14,SYR,0.11070063298655586
2025-01-15,SYR,0.19075939632188102
2025-01-16,SYR,0.16658775051804936
2025-01-17,SYR,0.20436454912331084
2025-01-18,SYR,0.18221329257256974
2025-01-19,SYR,0.16007040647862697
2025-01-20,SYR,0.16159866382769456
2025-01-21,SYR,0.12702853684330356
2025-01-22,SYR,0.14218289021076538
2025-01-23,SYR,0.7078386969442787
2025-01-24,SYR,0.15449378496161476
2025-01-25,SYR,0.30139461584778066
2025-01-26,SYR,0.10319719854601063
2025-01-27,SYR,0.12040133365933643
2025-01-28,SYR,0.09261432559589863
2025-01-29,SYR,0.5136895604579944
2025-01-30,SYR,0.09414027136149984
2025-01-31,SYR,0.10839485951255122
2025-02-01,SYR,0.10471060501859737
2025-02-02,SYR,0.13472386368830996
2025-02-03,SYR,0.1467723102261585
2025-02-04,SYR,0.0812253789950822
2025-02-05,SYR,0.1351417665370869
2025-02-06,SYR,0.1842710764411862
2025-02-07,SYR,0.16424289525022082
2025-02-08,SYR,0.2598680286923926
2025-02-09,SYR,0.1914119041889986
2025-02-10,SYR,0.07611438357176939
2025-02-11,SYR,0.11954609199411716
2025-02-12,SYR,0.07306627996546146
2025-02-13,SYR,0.09173932097603862
2025-02-14,SYR,0.087881723535755
2025-02-15,SYR,0.08458439518108617
2025-02-16,SYR,0.09016747953135527
2025-02-17,SYR,0.20174526103540213
2025-02-18,SYR,0.128209164156223
2025-02-19,SYR,0.14876032050189986
2025-02-20,SYR,0.15280455235644308
2025-02-21,SYR,0.15732482527385722
2025-02-22,SYR,0.15998498901093294
2025-02-23,SYR,0.14865772365127775
2025-02-24,SYR,0.19032699402811795
2025-02-25,SYR,0.2108089038380982
2025-02-26,SYR,0.18217548332958225
2025-02-27,SYR,0.1649409213383429
2025-02-28,SYR,0.13669764644606927
2025-03-01,SYR,0.1443120952857353
2025-03-02,SYR,0.27159458070970355
2025-03-03,SYR,0.24160551107626635
2025-03-04,SYR,0.17781631922189242
2025-03-05,SYR,0.2452716674648369
2025-03-06,SYR,0.7643558180688481
2025-03-07,SYR,0.8752986754117307
2025-03-08,SYR,0.884973276789
2025-03-09,SYR,0.807458417910942
2025-03-10,SYR,0.7695511417539552
2025-03-11,SYR,0.7507424396073553
2025-03-12,SYR,0.7835384223730039
2025-03-13,SYR,0.6023657411297535
2025-03-14,SYR,0.20771863512480065
2025-03-15,SYR,0.07882047798796656
2025-03-16,SYR,0.09548805570006577
2025-03-17,SYR,0.028648192180107217
2025-03-18,SYR,0.027302651065459708
2025-03-19,SYR,0.02072844450936873
2025-03-20,SYR,0.1040734092285636
2025-03-21,SYR,0.03814536489278174
2025-03-22,SYR,0.028149841105701203
2025-03-23,SYR,0.05257211814607994
2025-03-24,SYR,0.10108692614707145
2025-03-25,SYR,0.041027038193596266
2025-03-26,SYR,0.08318611730606928
2025-03-27,SYR,0.07329598360836237
2025-03-28,SYR,0.05226198104083091
2024-07-01,YEM,0.3575945685485005
2024-07-02,YEM,0.2128851658052777
2024-07-03,YEM,0.3269182803042075
2024-07-04,YEM,0.0831897732836459
2024-07-05,YEM,0.12178839509032335
2024-07-06,YEM,0.1486045841320164
2024-07-07,YEM,0.38207694061521563
2024-07-08,YEM,0.08245752187131732
2024-07-09,YEM,0.14345512390762438
2024-07-10,YEM,0.12790157754337433
2024-07-11,YEM,0.06652078722821188
2024-07-12,YEM,0.09093758536521666
2024-07-13,YEM,0.08014958945138194
2024-07-14,YEM,0.11392907824963956
2024-07-15,YEM,0.15218118273216985
2024-07-16,YEM,0.07210022689386944
2024-07-17,YEM,0.07565426820489446
2024-07-18,YEM,0.11762938868225259
2024-07-19,YEM,0.11116943478368271
2024-07-20,YEM,0.11164438793681881
2024-07-21,YEM,0.11945664124360636
2024-07-22,YEM,0.11209986748338983
2024-07-23,YEM,0.11691978593529588
2024-07-24,YEM,0.10950712733796575
2024-07-25,YEM,0.0890919266800181
2024-07-26,YEM,0.08280362482106471
2024-07-27,YEM,0.08771458487896025
2024-07-28,YEM,0.15036316627114865
2024-07-29,YEM,0.15520682610066835
2024-07-30,YEM,0.1730149520402807
2024-07-31,YEM,0.09602006824985654
2024-08-01,YEM,0.15739397176462902
2024-08-02,YEM,0.10907475539452582
2024-08-03,YEM,0.16456108519024404
2024-08-04,YEM,0.22636611530541556
2024-08-05,YEM,0.1761311000108738
2024-08-06,YEM,0.179952952471764
2024-08-07,YEM,0.26208970658203723
2024-08-08,YEM,0.2636205715898059
2024-08-09,YEM,0.24052779700180013
2024-08-10,YEM,0.19787908989639735
2024-08-11,YEM,0.26738613527471095
2024-08-12,YEM,0.2779742912784808
2024-08-13,YEM,0.24231974797003117
2024-08-14,YEM,0.11409707465172951
2024-08-15,YEM,0.0537048081306853
2024-08-16,YEM,0.07968720741760196
2024-08-17,YEM,0.06805203148903682
2024-08-18,YEM,0.06533737806232065
2024-08-19,YEM,0.08321399030108831
2024-08-20,YEM,0.07536662533894091
2024-08-21,YEM,0.0843449382482522
2024-08-22,YEM,0.09203060552839651
2024-08-23,YEM,0.03655400783166956
2024-08-24,YEM,0.05413853830050335
2024-08-25,YEM,0.09351750460683113
2024-08-26,YEM,0.1331897359254343
2024-08-27,YEM,0.12122307251780254
2024-08-28,YEM,0.18873632508789254
2024-08-29,YEM,0.0867111943808064
2024-08-30,YEM,0.283681156710584
2024-08-31,YEM,0.1593584781855967
2024-09-01,YEM,0.24211967048822264
2024-09-02,YEM,0.19052023547082503
2024-09-03,YEM,0.35816510923228323
2024-09-04,YEM,0.23104743434282116
2024-09-05,YEM,0.28438970138366165
2024-09-06,YEM,0.28431525502078736
2024-09-07,YEM,0.3685363477897925
2024-09-08,YEM,0.3120052618952525
2024-09-09,YEM,0.414845967935839
2024-09-10,YEM,0.2429461915350686
2024-09-11,YEM,0.196113923730305
2024-09-12,YEM,0.31940290379891106
2024-09-13,YEM,0.27766556657645963
2024-09-14,YEM,0.4231670343970862
2024-09-15,YEM,0.18577660685169112
2024-09-16,YEM,0.06089603675406766
2024-09-17,YEM,0.11720217542457637
2024-09-18,YEM,0.17744622640520205
2024-09-19,YEM,0.12124633693771547
2024-09-20,YEM,0.06486060691815221
2024-09-21,YEM,0.08421033865460217
2024-09-22,YEM,0.125590592158986
2024-09-23,YEM,0.4393143169631343
2024-09-24,YEM,0.24305680021255133
2024-09-25,YEM,0.6014137582295173
2024-09-26,YEM,0.7052710886945092
2024-09-27,YEM,0.09660929283769477
2024-09-28,YEM,0.2566539937667309
2024-09-29,YEM,0.3125998016448624
2024-09-30,YEM,0.35070286315990623
2024-10-01,YEM,0.23938602038565918
2024-10-02,YEM,0.35216438766513447
2024-10-03,YEM,0.2663276468153606
2024-10-04,YEM,0.3239141133242312
2024-10-05,YEM,0.196802786413847
2024-10-06,YEM,0.1807874443610766
2024-10-07,YEM,0.09153279385158139
2024-10-08,YEM,0.09692833159269247
2024-10-09,YEM,0.13191820349306194
2024-10-10,YEM,0.2789554156901214
2024-10-11,YEM,0.23833195859532158
2024-10-12,YEM,0.40318692187135113
2024-10-13,YEM,0.34482259204623505
2024-10-14,YEM,0.3728235903850415
2024-10-15,YEM,0.3891916795627949
2024-10-16,YEM,0.17648445706935836
2024-10-17,YEM,0.24533083903884825
2024-10-18,YEM,0.43129282412983977
2024-10-19,YEM,0.2729815911713607
2024-10-20,YEM,0.3469197187576904
2024-10-21,YEM,0.3701954826412167
2024-10-22,YEM,0.31897489196526063
2024-10-23,YEM,0.26177686500081854
2024-10-24,YEM,0.11547963804837601
2024-10-25,YEM,0.1155772451838845
2024-10-26,YEM,0.18540290533819048
2024-10-27,YEM,0.14027768411652952
2024-10-28,YEM,0.2766072594368133
2024-10-29,YEM,0.10185691162339519
2024-10-30,YEM,0.17593209409026023
2024-10-31,YEM,0.2592659515820465
2024-11-01,YEM,0.09077793261296302
2024-11-02,YEM,0.13341932643691687
2024-11-03,YEM,0.1528432550169799
2024-11-04,YEM,0.1500464822421117
2024-11-05,YEM,0.14133790322423237
2024-11-06,YEM,0.15995866029538544
2024-11-07,YEM,0.3862023172086126
2024-11-08,YEM,0.17341102050742585
2024-11-09,YEM,0.18318606895568562
2024-11-10,YEM,0.16081185213705515
2024-11-11,YEM,0.24920524332328123
2024-11-12,YEM,0.14109939433789795
2024-11-13,YEM,0.1106226635886244
2024-11-14,YEM,0.43335219868473196
2024-11-15,YEM,0.23247488534438543
2024-11-16,YEM,0.15911649552187324
2024-11-17,YEM,0.19005657890851074
2024-11-18,YEM,0.18333495789975157
2024-11-19,YEM,0.33609346117237043
2024-11-20,YEM,0.18977854807771855
2024-11-21,YEM,0.11745741598451437
2024-11-22,YEM,0.10830373392118652
2024-11-23,YEM,0.14238151712205233
2024-11-24,YEM,0.30370727877560466
2024-11-25,YEM,0.1291035631620547
2024-11-26,YEM,0.16299418611109623
2024-11-27,YEM,0.13572380088950095
2024-11-28,YEM,0.18839379323618244
2024-11-29,YEM,0.12175263340673001
2024-11-30,YEM,0.15734061216200787
2024-12-01,YEM,0.13384097640033077
2024-12-02,YEM,0.12766485417651074
2024-12-03,YEM,0.1800626523518345
2024-12-04,YEM,0.2187658202136598
2024-12-05,YEM,0.3385553959335884
2024-12-06,YEM,0.41249501161287777
2024-12-07,YEM,0.30386128933096496
2024-12-08,YEM,0.2311471053103318
2024-12-09,YEM,0.23806587357014927
2024-12-10,YEM,0.38131952785439327
2024-12-11,YEM,0.3209699423529486
2024-12-12,YEM,0.47809078244283965
2024-12-13,YEM,0.2771646053031268
2024-12-14,YEM,0.11879815888952155
2024-12-15,YEM,0.15210090121915307
2024-12-16,YEM,0.15863659785087264
2024-12-17,YEM,0.2412285141462296
2024-12-18,YEM,0.22468031832998014
2024-12-19,YEM,0.30759597399863037
2024-12-20,YEM,0.28016073889936516
2024-12-21,YEM,0.2676266240411766
2024-12-22,YEM,0.23971743580270202
2024-12-23,YEM,0.13507804954498737
2024-12-24,YEM,0.19851247524897508
2024-12-25,YEM,0.12855099311263538
2024-12-26,YEM,0.07339257136212186
2024-12-27,YEM,0.1628997035724969
2024-12-28,YEM,0.12562691516255925
2024-12-29,YEM,0.17692064251203815
2024-12-30,YEM,0.15574669800675597
2024-12-31,YEM,0.12996554214557804
2025-01-01,YEM,0.08961574910344951
2025-01-02,YEM,0.12607324881139628
2025-01-03,YEM,0.1027671547003036
2025-01-04,YEM,0.13433537931841585
2025-01-05,YEM,0.19794151574060698
2025-01-06,YEM,0.1984136212811006
2025-01-07,YEM,0.25799207220770126
2025-01-08,YEM,0.18032755891034732
2025-01-09,YEM,0.29529116185050674
2025-01-10,YEM,0.40535862917127047
2025-01-11,YEM,0.1397205771178321
2025-01-12,YEM,0.16470362960800292
2025-01-13,YEM,0.11971201795704761
2025-01-14,YEM,0.15290783552599013
2025-01-15,YEM,0.2983061322655761
2025-01-16,YEM,0.1412151152222485
2025-01-17,YEM,0.11845470710160441
2025-01-18,YEM,0.212538276986497
2025-01-19,YEM,0.11811257884208778
2025-01-20,YEM,0.16915650466625382
2025-01-21,YEM,0.15544496325489474
2025-01-22,YEM,0.12746659792019024
2025-01-23,YEM,0.13391006618974635
2025-01-24,YEM,0.13246184965444566
2025-01-25,YEM,0.17586540906515655
2025-01-26,YEM,0.17222184513200958
2025-01-27,YEM,0.14080589803076415
2025-01-28,YEM,0.11614152078799349
2025-01-29,YEM,0.1433931341682792
2025-01-30,YEM,0.27532462554034404
2025-01-31,YEM,0.26759021747997636
2025-02-01,YEM,0.337144779466173
2025-02-02,YEM,0.32953766291524766
2025-02-03,YEM,0.16853348234247836
2025-02-04,YEM,0.28198438656645336
2025-02-05,YEM,0.32569378567119694
2025-02-06,YEM,0.3163653305182715
2025-02-07,YEM,0.20292214014673957
2025-02-08,YEM,0.1643695601434939
2025-02-09,YEM,0.17065861954501954
2025-02-10,YEM,0.27878160208983666
2025-02-11,YEM,0.2763864013110504
2025-02-12,YEM,0.138611266203381
2025-02-13,YEM,0.13364466846183984
2025-02-14,YEM,0.1260871559417254
2025-02-15,YEM,0.21106660831514218
2025-02-16,YEM,0.28620153996284614
2025-02-17,YEM,0.1976955296448615
2025-02-18,YEM,0.17340774791618424
2025-02-19,YEM,0.1686520526216902
2025-02-20,YEM,0.273215419043363
2025-02-21,YEM,0.33010827708988083
2025-02-22,YEM,0.23331657309312992
2025-02-23,YEM,0.31499333778435784
2025-02-24,YEM,0.31499333778435784
2025-02-25,YEM,0.4371315584018615
2025-02-26,YEM,0.1529045053824597
2025-02-27,YEM,0.1636443580859408
2025-02-28,YEM,0.20643997316297436
2025-03-01,YEM,0.17754967266756164
2025-03-02,YEM,0.2997273098343374
2025-03-03,YEM,0.26507185096666497
2025-03-04,YEM,0.22193098367116673
2025-03-05,YEM,0.23543907307907644
2025-03-06,YEM,0.18610476506260265
2025-03-07,YEM,0.31998243666219517
2025-03-08,YEM,0.3083664679440288
2025-03-09,YEM,0.3612656377084225
2025-03-10,YEM,0.2911368266085884
2025-03-11,YEM,0.5222798492656546
2025-03-12,YEM,0.45429422942250364
2025-03-13,YEM,0.4735830546340289
2025-03-14,YEM,0.23465168120031574
2025-03-15,YEM,0.48703175854314457
2025-03-16,YEM,0.6948150657248077
2025-03-17,YEM,0.4988009357956172
2025-03-18,YEM,0.29611031646645164
2025-03-19,YEM,0.2947549226751246
2025-03-20,YEM,0.23347713468379924
2025-03-21,YEM,0.4129438576023231
2025-03-22,YEM,0.1386087887562035
2025-03-23,YEM,0.1423037447990205
2025-03-24,YEM,0.1913758086222013
2025-03-25,YEM,0.15608327444188574
2025-03-26,YEM,0.23257348096337255
2025-03-27,YEM,0.2524927919904248
2025-03-28,YEM,0.6188563118693872
2024-07-01,IRQ,0.1341495529328288
2024-07-02,IRQ,0.12977962587678274
2024-07-03,IRQ,0.433325085481938
2024-07-04,IRQ,0.17671714013680365
2024-07-05,IRQ,0.16598997469294177
2024-07-06,IRQ,0.5788719472490509
2024-07-07,IRQ,0.2810496883198193
2024-07-08,IRQ,0.2692571126848798
2024-07-09,IRQ,0.24075844075999156
2024-07-10,IRQ,0.5411283687961279
2024-07-11,IRQ,0.3737162508675938
2024-07-12,IRQ,0.5868063213756503
2024-07-13,IRQ,0.6446431598066972
2024-07-14,IRQ,0.3506085970178852
2024-07-15,IRQ,0.29420574911184844
2024-07-16,IRQ,0.3336564357662797
2024-07-17,IRQ,0.2473968463034939
2024-07-18,IRQ,0.3394460477424005
2024-07-19,IRQ,0.15416928546081177
2024-07-20,IRQ,0.15050641973456796
2024-07-21,IRQ,0.178977219041604
2024-07-22,IRQ,0.15243960715970692
2024-07-23,IRQ,0.1315670446155084
2024-07-24,IRQ,0.22067388408007305
2024-07-25,IRQ,0.14541889733667276
2024-07-26,IRQ,0.32055368620502106
2024-07-27,IRQ,0.5537589231269702
2024-07-28,IRQ,0.4146234122678179
2024-07-29,IRQ,0.6794916736435758
2024-07-30,IRQ,0.5061599744345396
2024-07-31,IRQ,0.48572133344429924
2024-08-01,IRQ,0.46264212295159707
2024-08-02,IRQ,0.40205042825683296
2024-08-03,IRQ,0.3608461737184788
2024-08-04,IRQ,0.6997063142582226
2024-08-05,IRQ,0.589369044635696
2024-08-06,IRQ,0.6374405034891865
2024-08-07,IRQ,0.3139605798106623
2024-08-08,IRQ,0.5031705723417472
2024-08-09,IRQ,0.43509911023963893
2024-08-10,IRQ,0.40449654552456143
2024-08-11,IRQ,0.438224337682031
2024-08-12,IRQ,0.3961970426096242
2024-08-13,IRQ,0.34890096916547453
2024-08-14,IRQ,0.6253301998813793
2024-08-15,IRQ,0.7155611979372307
2024-08-16,IRQ,0.4819529971845805
2024-08-17,IRQ,0.2716621588553448
2024-08-18,IRQ,0.3653936456796433
2024-08-19,IRQ,0.35274191649896747
2024-08-20,IRQ,0.32018648496376567
2024-08-21,IRQ,0.5470884305423077
2024-08-22,IRQ,0.22346373206224351
2024-08-23,IRQ,0.444801131825218
2024-08-24,IRQ,0.35099041070986764
2024-08-25,IRQ,0.4494829853778984
2024-08-26,IRQ,0.402680850491123
2024-08-27,IRQ,0.6436466764761124
2024-08-28,IRQ,0.31469395271296186
2024-08-29,IRQ,0.6111846675964665
2024-08-30,IRQ,0.33494137511446065
2024-08-31,IRQ,0.31533875133558564
2024-09-01,IRQ,0.2684218413776721
2024-09-02,IRQ,0.7625740906647739
2024-09-03,IRQ,0.2163083026499264
2024-09-04,IRQ,0.289333512630903
2024-09-05,IRQ,0.0716766835336546
2024-09-06,IRQ,0.08696483650145152
2024-09-07,IRQ,0.09454247059829862
2024-09-08,IRQ,0.09189365567335452
2024-09-09,IRQ,0.07569601655826957
2024-09-10,IRQ,0.37497129929144024
2024-09-11,IRQ,0.07398567656567215
2024-09-12,IRQ,0.2717809072352042
2024-09-13,IRQ,0.3941329293021337
2024-09-14,IRQ,0.34005215961458163
2024-09-15,IRQ,0.4274735129773722
2024-09-16,IRQ,0.3754202796140717
2024-09-17,IRQ,0.4957864702163525
2024-09-18,IRQ,0.6382922057468589
2024-09-19,IRQ,0.5350719644425876
2024-09-20,IRQ,0.6025444810864575
2024-09-21,IRQ,0.35456511285909176
2024-09-22,IRQ,0.5175196655402134
2024-09-23,IRQ,0.44872597211509907
2024-09-24,IRQ,0.43106493088515024
2024-09-25,IRQ,0.34204172266588634
2024-09-26,IRQ,0.23263758692147857
2024-09-27,IRQ,0.5660302248477538
2024-09-28,IRQ,0.3015983333280367
2024-09-29,IRQ,0.323848134399786
2024-09-30,IRQ,0.2740468324904847
2024-10-01,IRQ,0.39265577985831757
2024-10-02,IRQ,0.23014888424832564
2024-10-03,IRQ,0.48567519990700597
2024-10-04,IRQ,0.5096064689412929
2024-10-05,IRQ,0.37624082787550034
2024-10-06,IRQ,0.36248878617720953
2024-10-07,IRQ,0.39370507583481384
2024-10-08,IRQ,0.5701225565491652
2024-10-09,IRQ,0.2848297876615884
2024-10-10,IRQ,0.3854565243135948
2024-10-11,IRQ,0.2492553260693788
2024-10-12,IRQ,0.23501835683751282
2024-10-13,IRQ,0.33045676337060403
2024-10-14,IRQ,0.2985286704035661
2024-10-15,IRQ,0.31604598437165604
2024-10-16,IRQ,0.43959627186165157
2024-10-17,IRQ,0.3327313690762027
2024-10-18,IRQ,0.25260952511896156
2024-10-19,IRQ,0.2055107987789011
2024-10-20,IRQ,0.2845632806998968
2024-10-21,IRQ,0.29415228348058536
2024-10-22,IRQ,0.33927981824863795
2024-10-23,IRQ,0.37830319817319086
2024-10-24,IRQ,0.6088331554350567
2024-10-25,IRQ,0.2549921525049263
2024-10-26,IRQ,0.25317228150372606
2024-10-27,IRQ,0.397631519943415
2024-10-28,IRQ,0.335032183549847
2024-10-29,IRQ,0.30791438981557095
2024-10-30,IRQ,0.16984705695493796
2024-10-31,IRQ,0.09082515839456498
2024-11-01,IRQ,0.08225966829393645
2024-11-02,IRQ,0.08909022870446895
2024-11-03,IRQ,0.11367343846636926
2024-11-04,IRQ,0.1046879964853509
2024-11-05,IRQ,0.07753531605330109
2024-11-06,IRQ,0.09677847946409929
2024-11-07,IRQ,0.180947737157285
2024-11-08,IRQ,0.1943719080495319
2024-11-09,IRQ,0.23414651609612222
2024-11-10,IRQ,0.18910456439520848
2024-11-11,IRQ,0.4903102615577639
2024-11-12,IRQ,0.37948296597774134
2024-11-13,IRQ,0.4427922916581497
2024-11-14,IRQ,0.5879597726529587
2024-11-15,IRQ,0.4417574836619052
2024-11-16,IRQ,0.20404359236079264
2024-11-17,IRQ,0.2374055279754955
2024-11-18,IRQ,0.264692975996736
2024-11-19,IRQ,0.4437391915993213
2024-11-20,IRQ,0.3450266527942608
2024-11-21,IRQ,0.3684870765571178
2024-11-22,IRQ,0.3045821713505381
2024-11-23,IRQ,0.3972821523936044
2024-11-24,IRQ,0.4529100963044379
2024-11-25,IRQ,0.3443717641649302
2024-11-26,IRQ,0.2649746069431274
2024-11-27,IRQ,0.4173657285184266
2024-11-28,IRQ,0.33989381458585904
2024-11-29,IRQ,0.28167881350730045
2024-11-30,IRQ,0.2906725500479543
2024-12-01,IRQ,0.313828201189028
2024-12-02,IRQ,0.27982732451673564
2024-12-03,IRQ,0.6374270003490738
2024-12-04,IRQ,0.2950311507181504
2024-12-05,IRQ,0.3559578710213199
2024-12-06,IRQ,0.2207853891941731
2024-12-07,IRQ,0.2305400259114601
2024-12-08,IRQ,0.24297602430172846
2024-12-09,IRQ,0.252992612068783
2024-12-10,IRQ,0.23715745807866262
2024-12-11,IRQ,0.25407689476917805
2024-12-12,IRQ,0.2754619213259053
2024-12-13,IRQ,0.44702025100444676
2024-12-14,IRQ,0.327215749825535
2024-12-15,IRQ,0.3284969169822529
2024-12-16,IRQ,0.291220469776293
2024-12-17,IRQ,0.49252719502568426
2024-12-18,IRQ,0.34323771280281223
2024-12-19,IRQ,0.36233753307612515
2024-12-20,IRQ,0.525613534986157
2024-12-21,IRQ,0.2852506247419856
2024-12-22,IRQ,0.3425514497095706
2024-12-23,IRQ,0.3312972723182261
2024-12-24,IRQ,0.6903411876690444
2024-12-25,IRQ,0.7934975832034168
2024-12-26,IRQ,0.36582901222057473
2024-12-27,IRQ,0.7352713224147691
2024-12-28,IRQ,0.5454361181846799
2024-12-29,IRQ,0.5750684821811667
2024-12-30,IRQ,0.6663641271760464
2024-12-31,IRQ,0.5378793674214928
2025-01-01,IRQ,0.3434478098752703
2025-01-02,IRQ,0.4133201384415787
2025-01-03,IRQ,0.35390656821196437
2025-01-04,IRQ,0.30309793338424584
2025-01-05,IRQ,0.3914897077290561
2025-01-06,IRQ,0.20640149703579938
2025-01-07,IRQ,0.13038823761809196
2025-01-08,IRQ,0.2851466019724249
2025-01-09,IRQ,0.1269612924647223
2025-01-10,IRQ,0.137162535905359
2025-01-11,IRQ,0.1761355454225556
2025-01-12,IRQ,0.16159734203451162
2025-01-13,IRQ,0.3262310253191366
2025-01-14,IRQ,0.17780203996712032
2025-01-15,IRQ,0.26467692922122044
2025-01-16,IRQ,0.22355457312759133
2025-01-17,IRQ,0.14382173797425077
2025-01-18,IRQ,0.18357582947267972
2025-01-19,IRQ,0.1779949935631639
2025-01-20,IRQ,0.26161942422300766
2025-01-21,IRQ,0.31682920573953527
2025-01-22,IRQ,0.2308474872182742
2025-01-23,IRQ,0.2689241207686744
2025-01-24,IRQ,0.34402764284551146
2025-01-25,IRQ,0.4782641651860766
2025-01-26,IRQ,0.3001065279614431
2025-01-27,IRQ,0.38661018962800425
2025-01-28,IRQ,0.23342497668765322
2025-01-29,IRQ,0.3047528734949132
2025-01-30,IRQ,0.31001486133592865
2025-01-31,IRQ,0.2359758445232322
2025-02-01,IRQ,0.3694874858531214
2025-02-02,IRQ,0.5459594936455741
2025-02-03,IRQ,0.5799423293937752
2025-02-04,IRQ,0.25536399356743356
2025-02-05,IRQ,0.2970095582490758
2025-02-06,IRQ,0.28157056311648754
2025-02-07,IRQ,0.2318666228010731
2025-02-08,IRQ,0.12106779578839226
2025-02-09,IRQ,0.12310434171898924
2025-02-10,IRQ,0.4219328963081312
2025-02-11,IRQ,0.14303385893730905
2025-02-12,IRQ,0.10661058320704181
2025-02-13,IRQ,0.0835811222226986
2025-02-14,IRQ,0.25964815176193756
2025-02-15,IRQ,0.36703547417253196
2025-02-16,IRQ,0.3912700623841095
2025-02-17,IRQ,0.30657531534821486
2025-02-18,IRQ,0.2716660808763463
2025-02-19,IRQ,0.5326053628697073
2025-02-20,IRQ,0.676808169442236
2025-02-21,IRQ,0.3104383384458929
2025-02-22,IRQ,0.3157454076398392
2025-02-23,IRQ,0.4829656584771664
2025-02-24,IRQ,0.40271389735723107
2025-02-25,IRQ,0.28214807112261125
2025-02-26,IRQ,0.3672458660652747
2025-02-27,IRQ,0.7149192372259912
2025-02-28,IRQ,0.5326926618119633
2025-03-01,IRQ,0.2572373666246243
2025-03-02,IRQ,0.6896971251081861
2025-03-03,IRQ,0.3246581742910318
2025-03-04,IRQ,0.6408273744915441
2025-03-05,IRQ,0.3947257438806079
2025-03-06,IRQ,0.5720900614271428
2025-03-07,IRQ,0.46097490398385726
2025-03-08,IRQ,0.46452016571766763
2025-03-09,IRQ,0.34186819602096585
2025-03-10,IRQ,0.4040259376567033
2025-03-11,IRQ,0.5405478989635826
2025-03-12,IRQ,0.610243028166408
2025-03-13,IRQ,0.34866110599733297
2025-03-14,IRQ,0.2670807773754215
2025-03-15,IRQ,0.6340671815485207
2025-03-16,IRQ,0.3462812572624301
2025-03-17,IRQ,0.7217896691102369
2025-03-18,IRQ,0.5935138828298896
2025-03-19,IRQ,0.5250548840078618
2025-03-20,IRQ,0.5809966944377881
2025-03-21,IRQ,0.3837482252796702
2025-03-22,IRQ,0.5004299141888929
2025-03-23,IRQ,0.6350227753476025
2025-03-24,IRQ,0.4019240742982983
2025-03-25,IRQ,0.3703561546325677
2025-03-26,IRQ,0.43409627012834534
2025-03-27,IRQ,0.641945616807195
2025-03-28,IRQ,0.47086409450969496
2024-07-01,LBN,0.06295654765452172
2024-07-02,LBN,0.0976540787465869
2024-07-03,LBN,0.15958479869332737
2024-07-04,LBN,0.1844705439796869
2024-07-05,LBN,0.19425633175596352
2024-07-06,LBN,0.08415969729970958
2024-07-07,LBN,0.04824541847659189
2024-07-08,LBN,0.04847978156571852
2024-07-09,LBN,0.06483896300809781
2024-07-10,LBN,0.06073412956509632
2024-07-11,LBN,0.05998362112001405
2024-07-12,LBN,0.06500508248063772
2024-07-13,LBN,0.18726624418181995
2024-07-14,LBN,0.2599373064666059
2024-07-15,LBN,0.15438013181207616
2024-07-16,LBN,0.0938908601021938
2024-07-17,LBN,0.20616315050922648
2024-07-18,LBN,0.09024966475696755
2024-07-19,LBN,0.14308136867904825
2024-07-20,LBN,0.20915560390847152
2024-07-21,LBN,0.09312365859094676
2024-07-22,LBN,0.0643547784634838
2024-07-23,LBN,0.060652385191802605
2024-07-24,LBN,0.04738453521537972
2024-07-25,LBN,0.05450607674634086
2024-07-26,LBN,0.056969232691697694
2024-07-27,LBN,0.07544342141153611
2024-07-28,LBN,0.1072666175458107
2024-07-29,LBN,0.08108401121008739
2024-07-30,LBN,0.15319106303454585
2024-07-31,LBN,0.1535865955288388
2024-08-01,LBN,0.14855229244400822
2024-08-02,LBN,0.13950657689732265
2024-08-03,LBN,0.046922249146556946
2024-08-04,LBN,0.12574364677353886
2024-08-05,LBN,0.11056346056932478
2024-08-06,LBN,0.04154692698649032
2024-08-07,LBN,0.029688697269839515
2024-08-08,LBN,0.026735145554792297
2024-08-09,LBN,0.02576353647628762
2024-08-10,LBN,0.023362855725935713
2024-08-11,LBN,0.028775907412058765
2024-08-12,LBN,0.02524140191390515
2024-08-13,LBN,0.03131463545447301
2024-08-14,LBN,0.025859331277855335
2024-08-15,LBN,0.038058298325099535
2024-08-16,LBN,0.03485950370892183
2024-08-17,LBN,0.033089165247424356
2024-08-18,LBN,0.031460595985696914
2024-08-19,LBN,0.039056819235468526
2024-08-20,LBN,0.12177721369379108
2024-08-21,LBN,0.06570411845615765
2024-08-22,LBN,0.04591967158654866
2024-08-23,LBN,0.0460747039744731
2024-08-24,LBN,0.025960009315954456
2024-08-25,LBN,0.33265071396111134
2024-08-26,LBN,0.15391299379983583
2024-08-27,LBN,0.020644393131359365
2024-08-28,LBN,0.0205556712731913
2024-08-29,LBN,0.02457487496629566
2024-08-30,LBN,0.019118170462919613
2024-08-31,LBN,0.11475745950927858
2024-09-01,LBN,0.09243108387160043
2024-09-02,LBN,0.06128177984622266
2024-09-03,LBN,0.14478241501236025
2024-09-04,LBN,0.08401600963502814
2024-09-05,LBN,0.04790236112921158
2024-09-06,LBN,0.12395002135227086
2024-09-07,LBN,0.08373173077950366
2024-09-08,LBN,0.17308829781287696
2024-09-09,LBN,0.16219976825055837
2024-09-10,LBN,0.09538154496271725
2024-09-11,LBN,0.17899643820954728
2024-09-12,LBN,0.08587701732625828
2024-09-13,LBN,0.10755206297769467
2024-09-14,LBN,0.08147492335693479
2024-09-15,LBN,0.374181565842153
2024-09-16,LBN,0.07551804468998774
2024-09-17,LBN,0.7363880773489201
2024-09-18,LBN,0.7050872614160101
2024-09-19,LBN,0.3009468236833942
2024-09-20,LBN,0.38242424579875123
2024-09-21,LBN,0.33824055722833185
2024-09-22,LBN,0.10041496686738224
2024-09-23,LBN,0.9011400267305185
2024-09-24,LBN,0.8290578136859061
2024-09-25,LBN,0.24309438657304677
2024-09-26,LBN,0.1924382035480605
2024-09-27,LBN,0.01764827624997076
2024-09-28,LBN,0.02450784945138647
2024-09-29,LBN,0.017807935305892173
2024-09-30,LBN,0.012721479894969915
2024-10-01,LBN,0.01283027292194119
2024-10-02,LBN,0.02493663325760404
2024-10-03,LBN,0.017835172860200713
2024-10-04,LBN,0.015599580852231853
2024-10-05,LBN,0.017886998575311393
2024-10-06,LBN,0.013435603609709709
2024-10-07,LBN,0.012012314389333239
2024-10-08,LBN,0.010479379221023514
2024-10-09,LBN,0.012538199881756211
2024-10-10,LBN,0.014165279109307665
2024-10-11,LBN,0.010513188689791389
2024-10-12,LBN,0.008516011308155888
2024-10-13,LBN,0.07561473350238727
2024-10-14,LBN,0.02962253266598139
2024-10-15,LBN,0.021770793990637805
2024-10-16,LBN,0.015794290184083726
2024-10-17,LBN,0.030618264837664305
2024-10-18,LBN,0.04296413553486405
2024-10-19,LBN,0.01723081230732668
2024-10-20,LBN,0.019672938238511205
2024-10-21,LBN,0.06366721241716237
2024-10-22,LBN,0.02170178789800247
2024-10-23,LBN,0.021006618118789205
2024-10-24,LBN,0.02197154724263953
2024-10-25,LBN,0.019609918351638604
2024-10-26,LBN,0.03216560508529301
2024-10-27,LBN,0.0223276065656846
2024-10-28,LBN,0.030893757634491866
2024-10-29,LBN,0.014674025006044176
2024-10-30,LBN,0.021569812929131012
2024-10-31,LBN,0.017881867894099283
2024-11-01,LBN,0.04572675836340799
2024-11-02,LBN,0.022352855545889585
2024-11-03,LBN,0.017502231756265904
2024-11-04,LBN,0.02297411530089123
2024-11-05,LBN,0.022371824404718313
2024-11-06,LBN,0.027753634741289307
2024-11-07,LBN,0.03193226078994825
2024-11-08,LBN,0.03247629289626711
2024-11-09,LBN,0.05475009087152461
2024-11-10,LBN,0.013544494218135321
2024-11-11,LBN,0.014925950160353708
2024-11-12,LBN,0.015230826841776289
2024-11-13,LBN,0.012208202239408014
2024-11-14,LBN,0.04412111141981482
2024-11-15,LBN,0.032618425851354244
2024-11-16,LBN,0.015390624333002204
2024-11-17,LBN,0.03710735419873988
2024-11-18,LBN,0.019737979721586408
2024-11-19,LBN,0.02460421421884607
2024-11-20,LBN,0.022288729954185828
2024-11-21,LBN,0.03174277048797379
2024-11-22,LBN,0.057553086501502336
2024-11-23,LBN,0.06734667380815489
2024-11-24,LBN,0.035248820022574366
2024-11-25,LBN,0.020102528760875014
2024-11-26,LBN,0.20058025100173596
2024-11-27,LBN,0.1482086289055263
2024-11-28,LBN,0.023037161839821265
2024-11-29,LBN,0.01963097390457117
2024-11-30,LBN,0.02344923162113673
2024-12-01,LBN,0.02111059071571275
2024-12-02,LBN,0.01727344224771275
2024-12-03,LBN,0.01823021580399928
2024-12-04,LBN,0.015243143752084116
2024-12-05,LBN,0.014083442888444238
2024-12-06,LBN,0.012106481235385921
2024-12-07,LBN,0.023840784738749954
2024-12-08,LBN,0.06923516398954141
2024-12-09,LBN,0.02564276289468599
2024-12-10,LBN,0.08549458941835231
2024-12-11,LBN,0.05573316578505302
2024-12-12,LBN,0.10098842503131585
2024-12-13,LBN,0.08885870508610057
2024-12-14,LBN,0.11743943814241817
2024-12-15,LBN,0.1145515124333536
2024-12-16,LBN,0.17431964975264216
2024-12-17,LBN,0.07702685779440707
2024-12-18,LBN,0.1076643143289417
2024-12-19,LBN,0.11570371095750298
2024-12-20,LBN,0.0627924329626064
2024-12-21,LBN,0.13631080363896905
2024-12-22,LBN,0.14965544377015147
2024-12-23,LBN,0.22362011692281972
2024-12-24,LBN,0.10252809565575945
2024-12-25,LBN,0.2100988770715079
2024-12-26,LBN,0.7040014117501925
2024-12-27,LBN,0.2324954530022686
2024-12-28,LBN,0.569195120262273
2024-12-29,LBN,0.6045214199041702
2024-12-30,LBN,0.2637475704968533
2024-12-31,LBN,0.2230560785723548
2025-01-01,LBN,0.1469654742940008
2025-01-02,LBN,0.14845260713233902
2025-01-03,LBN,0.5581071333431031
2025-01-04,LBN,0.3315873343328779
2025-01-05,LBN,0.3305121811174688
2025-01-06,LBN,0.6553703956658803
2025-01-07,LBN,0.6437959032529257
2025-01-08,LBN,0.4930136977535057
2025-01-09,LBN,0.8544622311482379
2025-01-10,LBN,0.43485809451768276
2025-01-11,LBN,0.06315979842828462
2025-01-12,LBN,0.12910350751525526
2025-01-13,LBN,0.1918660595699246
2025-01-14,LBN,0.08957057090641009
2025-01-15,LBN,0.08610664626217615
2025-01-16,LBN,0.07436702800413085
2025-01-17,LBN,0.1224264458135636
2025-01-18,LBN,0.06329209871184949
2025-01-19,LBN,0.2700755678666098
2025-01-20,LBN,0.07752199573254202
2025-01-21,LBN,0.0895300536132583
2025-01-22,LBN,0.06412211063181054
2025-01-23,LBN,0.06615477626550462
2025-01-24,LBN,0.6379222106619231
2025-01-25,LBN,0.6314421190817953
2025-01-26,LBN,0.93218478465495
2025-01-27,LBN,0.8862665779747287
2025-01-28,LBN,0.8470430399793855
2025-01-29,LBN,0.7121168112018104
2025-01-30,LBN,0.31759981991038577
2025-01-31,LBN,0.6517052188253136
2025-02-01,LBN,0.7103568937006696
2025-02-02,LBN,0.4261619987847677
2025-02-03,LBN,0.1827462663768841
2025-02-04,LBN,0.14845774043006102
2025-02-05,LBN,0.04200228322363456
2025-02-06,LBN,0.05052064921475935
2025-02-07,LBN,0.04442456586074752
2025-02-08,LBN,0.039066219045478974
2025-02-09,LBN,0.4192029095366534
2025-02-10,LBN,0.12914737596727052
2025-02-11,LBN,0.16637661576330665
2025-02-12,LBN,0.5282819805900085
2025-02-13,LBN,0.2987914239705402
2025-02-14,LBN,0.34191576148886343
2025-02-15,LBN,0.14827330866021757
2025-02-16,LBN,0.16997646015486947
2025-02-17,LBN,0.12907205860567567
2025-02-18,LBN,0.13990212685879289
2025-02-19,LBN,0.2819293331969625
2025-02-20,LBN,0.09013824174378024
2025-02-21,LBN,0.05971423264004563
2025-02-22,LBN,0.13222271648088862
2025-02-23,LBN,0.22314215030621826
2025-02-24,LBN,0.09948281673131887
2025-02-25,LBN,0.19848637009053802
2025-02-26,LBN,0.1703713398617317
2025-02-27,LBN,0.12449781611422359
2025-02-28,LBN,0.12831859137443424
2025-03-01,LBN,0.35789700424086385
2025-03-02,LBN,0.6467839584422943
2025-03-03,LBN,0.7470597816225157
2025-03-04,LBN,0.3240554807416931
2025-03-05,LBN,0.19657454154382287
2025-03-06,LBN,0.3102299910051123
2025-03-07,LBN,0.4293533392025445
2025-03-08,LBN,0.3720442491186516
2025-03-09,LBN,0.308810409405758
2025-03-10,LBN,0.290858880339456
2025-03-11,LBN,0.3443306192455149
2025-03-12,LBN,0.2753867566036793
2025-03-13,LBN,0.3186216130066319
2025-03-14,LBN,0.16398199966529017
2025-03-15,LBN,0.1497660824453839
2025-03-16,LBN,0.33589713273217064
2025-03-17,LBN,0.46896178399653127
2025-03-18,LBN,0.7678203855084955
2025-03-19,LBN,0.5615204984221993
2025-03-20,LBN,0.27386530935611075
2025-03-21,LBN,0.3955299851033951
2025-03-22,LBN,0.649707962006576
2025-03-23,LBN,0.08288635977885385
2025-03-24,LBN,0.08562370930731338
2025-03-25,LBN,0.054336330254992196
2025-03-26,LBN,0.07228812946280674
2025-03-27,LBN,0.04958702467366918
2025-03-28,LBN,0.22070692656668953
2024-07-01,IRN,0.25254803248704955
2024-07-02,IRN,0.2205133903879438
2024-07-03,IRN,0.2529783264999277
2024-07-04,IRN,0.2066649630218407
2024-07-05,IRN,0.4864399325980539
2024-07-06,IRN,0.4560136609506657
2024-07-07,IRN,0.5492853443576988
2024-07-08,IRN,0.1905885926564099
2024-07-09,IRN,0.4239797223824856
2024-07-10,IRN,0.22450043431592612
2024-07-11,IRN,0.21814077705441695
2024-07-12,IRN,0.13890856157082654
2024-07-13,IRN,0.5700210199654282
2024-07-14,IRN,0.43566391497845164
2024-07-15,IRN,0.4674447141930181
2024-07-16,IRN,0.14308048858367575
2024-07-17,IRN,0.48456396600828544
2024-07-18,IRN,0.5672216506265786
2024-07-19,IRN,0.12671946927594355
2024-07-20,IRN,0.18604907131627443
2024-07-21,IRN,0.20840841534835267
2024-07-22,IRN,0.4710231856993856
2024-07-23,IRN,0.6528636129407542
2024-07-24,IRN,0.11247337741565697
2024-07-25,IRN,0.10507751682632387
2024-07-26,IRN,0.0816354335342224
2024-07-27,IRN,0.11995488684212768
2024-07-28,IRN,0.13355796825210137
2024-07-29,IRN,0.13501717834820165
2024-07-30,IRN,0.10727430113081071
2024-07-31,IRN,0.7714723717248431
2024-08-01,IRN,0.5409756236696158
2024-08-02,IRN,0.5854129797963216
2024-08-03,IRN,0.708873239959485
2024-08-04,IRN,0.5387022047044285
2024-08-05,IRN,0.8869257724693824
2024-08-06,IRN,0.6546062270156847
2024-08-07,IRN,0.16123039653866106
2024-08-08,IRN,0.11464052559159545
2024-08-09,IRN,0.08663883176523567
2024-08-10,IRN,0.07446125082367076
2024-08-11,IRN,0.0975345253637218
2024-08-12,IRN,0.06698959769648953
2024-08-13,IRN,0.07000822912811057
2024-08-14,IRN,0.19957741118536496
2024-08-15,IRN,0.20326606032718636
2024-08-16,IRN,0.6990103487421406
2024-08-17,IRN,0.20263062607430082
2024-08-18,IRN,0.21829634662097294
2024-08-19,IRN,0.5439782112251863
2024-08-20,IRN,0.6118160758012035
2024-08-21,IRN,0.6438662787356799
2024-08-22,IRN,0.669546463566792
2024-08-23,IRN,0.7249819535539879
2024-08-24,IRN,0.24821795075177924
2024-08-25,IRN,0.3172449282728207
2024-08-26,IRN,0.3014858578356294
2024-08-27,IRN,0.25113504876478393
2024-08-28,IRN,0.6754260017820106
2024-08-29,IRN,0.2620910499530157
2024-08-30,IRN,0.4305767494255147
2024-08-31,IRN,0.3010448120097483
2024-09-01,IRN,0.28215740724878513
2024-09-02,IRN,0.6009855843464823
2024-09-03,IRN,0.38502545394624843
2024-09-04,IRN,0.25730476879228853
2024-09-05,IRN,0.29104596905612684
2024-09-06,IRN,0.625957676733591
2024-09-07,IRN,0.7292014013737836
2024-09-08,IRN,0.5653398777118673
2024-09-09,IRN,0.5041891650761862
2024-09-10,IRN,0.3743700701517956
2024-09-11,IRN,0.334479478892325
2024-09-12,IRN,0.694545962112359
2024-09-13,IRN,0.47712114441273973
2024-09-14,IRN,0.29322893264128574
2024-09-15,IRN,0.4759682238814948
2024-09-16,IRN,0.36562223536161587
2024-09-17,IRN,0.27020657346932997
2024-09-18,IRN,0.30004661030131846
2024-09-19,IRN,0.2366906587884944
2024-09-20,IRN,0.125101359804149
2024-09-21,IRN,0.08317341725913209
2024-09-22,IRN,0.11370224832339523
2024-09-23,IRN,0.06834649147841365
2024-09-24,IRN,0.08677541965480529
2024-09-25,IRN,0.07253447955754985
2024-09-26,IRN,0.09317368534912286
2024-09-27,IRN,0.5675149072052675
2024-09-28,IRN,0.10828793559520261
2024-09-29,IRN,0.8077400496908164
2024-09-30,IRN,0.33197418783196997
2024-10-01,IRN,0.8505830212680968
2024-10-02,IRN,0.5324581941860836
2024-10-03,IRN,0.6254351640993534
2024-10-04,IRN,0.07908477334454081
2024-10-05,IRN,0.0721917653923893
2024-10-06,IRN,0.07101926850921843
2024-10-07,IRN,0.19114568598871784
2024-10-08,IRN,0.043954256540057884
2024-10-09,IRN,0.0674585794296816
2024-10-10,IRN,0.06429035396246029
2024-10-11,IRN,0.06997335057308217
2024-10-12,IRN,0.06839959442795435
2024-10-13,IRN,0.49518678661965154
2024-10-14,IRN,0.4584999139225983
2024-10-15,IRN,0.09998607929496107
2024-10-16,IRN,0.11367202251155942
2024-10-17,IRN,0.11747953961457538
2024-10-18,IRN,0.7167088287474991
2024-10-19,IRN,0.14508676157854886
2024-10-20,IRN,0.06482630858323163
2024-10-21,IRN,0.08610958928581365
2024-10-22,IRN,0.09546374605312201
2024-10-23,IRN,0.057560173145830694
2024-10-24,IRN,0.07667822206663556
2024-10-25,IRN,0.06480707392194467
2024-10-26,IRN,0.8322051160578017
2024-10-27,IRN,0.8287897469596778
2024-10-28,IRN,0.8803137515294662
2024-10-29,IRN,0.2843191577274592
2024-10-30,IRN,0.7447972128616559
2024-10-31,IRN,0.7633475214789563
2024-11-01,IRN,0.742989250169374
2024-11-02,IRN,0.1322020151430384
2024-11-03,IRN,0.05159456513277704
2024-11-04,IRN,0.05190008213982161
2024-11-05,IRN,0.2043964865827414
2024-11-06,IRN,0.09950449256312806
2024-11-07,IRN,0.0734976520066209
2024-11-08,IRN,0.18050811984852128
2024-11-09,IRN,0.19181199758545295
2024-11-10,IRN,0.30494176520288685
2024-11-11,IRN,0.0946068174717755
2024-11-12,IRN,0.04809529089499754
2024-11-13,IRN,0.04730268645341788
2024-11-14,IRN,0.07378644270803822
2024-11-15,IRN,0.05019883226025144
2024-11-16,IRN,0.05478716199188253
2024-11-17,IRN,0.04919506291709188
2024-11-18,IRN,0.06851104289616562
2024-11-19,IRN,0.14979692334035277
2024-11-20,IRN,0.06317341876109486
2024-11-21,IRN,0.0391994250769253
2024-11-22,IRN,0.13213801122130137
2024-11-23,IRN,0.06304149703322828
2024-11-24,IRN,0.13317933078059518
2024-11-25,IRN,0.1020784048499449
2024-11-26,IRN,0.14215010544072815
2024-11-27,IRN,0.14606869585771534
2024-11-28,IRN,0.26116535701336413
2024-11-29,IRN,0.19639307124554503
2024-11-30,IRN,0.19269917162421168
2024-12-01,IRN,0.17682200922565522
2024-12-02,IRN,0.42951523083704957
2024-12-03,IRN,0.37372174634143734
2024-12-04,IRN,0.9058372763918747
2024-12-05,IRN,0.5910202369094004
2024-12-06,IRN,0.6564999556713154
2024-12-07,IRN,0.6527828588199794
2024-12-08,IRN,0.6866499624209206
2024-12-09,IRN,0.6983319085235986
2024-12-10,IRN,0.6658324212157126
2024-12-11,IRN,0.49151660862617536
2024-12-12,IRN,0.10216724049741681
2024-12-13,IRN,0.1463618254692911
2024-12-14,IRN,0.08911082264409047
2024-12-15,IRN,0.10033705431992737
2024-12-16,IRN,0.10699125517858565
2024-12-17,IRN,0.13545415573530245
2024-12-18,IRN,0.28771278334478967
2024-12-19,IRN,0.6244317454628057
2024-12-20,IRN,0.3948748849732933
2024-12-21,IRN,0.3751610499306105
2024-12-22,IRN,0.4493347230479467
2024-12-23,IRN,0.4644966642854576
2024-12-24,IRN,0.32086520951741804
2024-12-25,IRN,0.6684010905496133
2024-12-26,IRN,0.1450091909151242
2024-12-27,IRN,0.16004112123793493
2024-12-28,IRN,0.2305311286463477
2024-12-29,IRN,0.10707138289311906
2024-12-30,IRN,0.10641081068141282
2024-12-31,IRN,0.21863110046563566
2025-01-01,IRN,0.0847318904252675
2025-01-02,IRN,0.17098331528599486
2025-01-03,IRN,0.40910635973388004
2025-01-04,IRN,0.1349086046137846
2025-01-05,IRN,0.16384236786344594
2025-01-06,IRN,0.5190767464666798
2025-01-07,IRN,0.09342449997750618
2025-01-08,IRN,0.13908540111314635
2025-01-09,IRN,0.08488293935357605
2025-01-10,IRN,0.07177515466870103
2025-01-11,IRN,0.04555011584448899
2025-01-12,IRN,0.14749692101453604
2025-01-13,IRN,0.21482442931186996
2025-01-14,IRN,0.4422817049468792
2025-01-15,IRN,0.407116953970871
2025-01-16,IRN,0.41893573177081317
2025-01-17,IRN,0.6975485126713677
2025-01-18,IRN,0.8923555409857864
2025-01-19,IRN,0.8533870076547736
2025-01-20,IRN,0.45645284302568806
2025-01-21,IRN,0.5104993183590618
2025-01-22,IRN,0.5745564087938424
2025-01-23,IRN,0.5014115689508133
2025-01-24,IRN,0.5134548927144
2025-01-25,IRN,0.6421274883086187
2025-01-26,IRN,0.4216073688126352
2025-01-27,IRN,0.24287069998048813
2025-01-28,IRN,0.09072780751112301
2025-01-29,IRN,0.07737452992483827
2025-01-30,IRN,0.21147846742361992
2025-01-31,IRN,0.14672481749167365
2025-02-01,IRN,0.21773750285805044
2025-02-02,IRN,0.2198806421646314
2025-02-03,IRN,0.223015865202719
2025-02-04,IRN,0.19070257012823616
2025-02-05,IRN,0.21938494385578738
2025-02-06,IRN,0.2607692514142737
2025-02-07,IRN,0.26614167266407573
2025-02-08,IRN,0.40119043583922964
2025-02-09,IRN,0.5042179390087512
2025-02-10,IRN,0.5439476256612567
2025-02-11,IRN,0.5350862815481936
2025-02-12,IRN,0.5236602056810948
2025-02-13,IRN,0.8760254891961982
2025-02-14,IRN,0.8850288764483932
2025-02-15,IRN,0.6634434792397483
2025-02-16,IRN,0.5889599643816983
2025-02-17,IRN,0.5909865099453439
2025-02-18,IRN,0.5965089711079671
2025-02-19,IRN,0.8111869757119466
2025-02-20,IRN,0.534246203846115
2025-02-21,IRN,0.5058197602872112
2025-02-22,IRN,0.7937245233669074
2025-02-23,IRN,0.8614857865839174
2025-02-24,IRN,0.5166680926950489
2025-02-25,IRN,0.8051749567830366
2025-02-26,IRN,0.6686969455163027
2025-02-27,IRN,0.8950890457551102
2025-02-28,IRN,0.7946626409404598
2025-03-01,IRN,0.8599202076186646
2025-03-02,IRN,0.3161518573169108
2025-03-03,IRN,0.1655459600989945
2025-03-04,IRN,0.06453332379955738
2025-03-05,IRN,0.08752211563231241
2025-03-06,IRN,0.06804799353443501
2025-03-07,IRN,0.24516908476381616
2025-03-08,IRN,0.11632354253058427
2025-03-09,IRN,0.117064606804523
2025-03-10,IRN,0.17177937487155068
2025-03-11,IRN,0.14593585451437172
2025-03-12,IRN,0.1275807222080488
2025-03-13,IRN,0.1098747418205385
2025-03-14,IRN,0.21054059502537564
2025-03-15,IRN,0.3132025816359865
2025-03-16,IRN,0.24309684391389524
2025-03-17,IRN,0.22652298287144412
2025-03-18,IRN,0.22979297348011435
2025-03-19,IRN,0.22057095206938074
2025-03-20,IRN,0.25740397659441483
2025-03-21,IRN,0.23995700535922831
2025-03-22,IRN,0.10589344569959025
2025-03-23,IRN,0.13588596688086454
2025-03-24,IRN,0.10914510889432563
2025-03-25,IRN,0.10994224192873515
2025-03-26,IRN,0.11940723830880322
2025-03-27,IRN,0.43310505436797436
2025-03-28,IRN,0.27012932305682374
2024-07-01,TUR,0.04254940088795769
2024-07-02,TUR,0.06669041047578123
2024-07-03,TUR,0.06318485730013741
2024-07-04,TUR,0.48251287627474965
2024-07-05,TUR,0.43718675918540967
2024-07-06,TUR,0.47806564627082015
2024-07-07,TUR,0.6601104299087046
2024-07-08,TUR,0.4746308715251067
2024-07-09,TUR,0.487362996704574
2024-07-10,TUR,0.45814627620929277
2024-07-11,TUR,0.5791430043214985
2024-07-12,TUR,0.5283246460274982
2024-07-13,TUR,0.7499381495117999
2024-07-14,TUR,0.7881532616558575
2024-07-15,TUR,0.5929275139424895
2024-07-16,TUR,0.7079403582962336
2024-07-17,TUR,0.570511422824356
2024-07-18,TUR,0.4754991779432124
2024-07-19,TUR,0.4787067605041567
2024-07-20,TUR,0.5798535629174055
2024-07-21,TUR,0.3839848591060792
2024-07-22,TUR,0.38929186601045224
2024-07-23,TUR,0.39287922954887633
2024-07-24,TUR,0.6832282648557978
2024-07-25,TUR,0.8064413750440427
2024-07-26,TUR,0.3693432340126316
2024-07-27,TUR,0.7136631915234393
2024-07-28,TUR,0.5364810533284313
2024-07-29,TUR,0.7780512696682446
2024-07-30,TUR,0.49496609255391333
2024-07-31,TUR,0.7511952021904423
2024-08-01,TUR,0.2620261944818032
2024-08-02,TUR,0.0661888637927124
2024-08-03,TUR,0.03693031159461083
2024-08-04,TUR,0.10322733212596553
2024-08-05,TUR,0.044763841738877784
2024-08-06,TUR,0.03522058143587641
2024-08-07,TUR,0.05347883683627274
2024-08-08,TUR,0.204322562406328
2024-08-09,TUR,0.11531989924385172
2024-08-10,TUR,0.1657725877155081
2024-08-11,TUR,0.16058375158862442
2024-08-12,TUR,0.6728731152457871
2024-08-13,TUR,0.29367964205402297
2024-08-14,TUR,0.7522403572552512
2024-08-15,TUR,0.38279361836058473
2024-08-16,TUR,0.37868701238451297
2024-08-17,TUR,0.35299932623170027
2024-08-18,TUR,0.8090597983833054
2024-08-19,TUR,0.25803587440624676
2024-08-20,TUR,0.2040187994360747
2024-08-21,TUR,0.2272035997871183
2024-08-22,TUR,0.22606751496195157
2024-08-23,TUR,0.3118760607752722
2024-08-24,TUR,0.4489033675518862
2024-08-25,TUR,0.21645029905165725
2024-08-26,TUR,0.5365029301667148
2024-08-27,TUR,0.5041093070437548
2024-08-28,TUR,0.530507243927141
2024-08-29,TUR,0.7250750424561321
2024-08-30,TUR,0.8760851124415606
2024-08-31,TUR,0.6546705496845073
2024-09-01,TUR,0.7051864654249244
2024-09-02,TUR,0.6158261754623805
2024-09-03,TUR,0.6069445029790504
2024-09-04,TUR,0.5139415603659121
2024-09-05,TUR,0.6773571815468455
2024-09-06,TUR,0.2790069488128826
2024-09-07,TUR,0.1813435231910602
2024-09-08,TUR,0.20314394181697845
2024-09-09,TUR,0.2031769958816412
2024-09-10,TUR,0.2307080559835162
2024-09-11,TUR,0.36947052949217196
2024-09-12,TUR,0.3643052918003261
2024-09-13,TUR,0.5635364125480412
2024-09-14,TUR,0.6395293924489921
2024-09-15,TUR,0.8941810523015171
2024-09-16,TUR,0.6537096823959456
2024-09-17,TUR,0.574406869470512
2024-09-18,TUR,0.5708027043164581
2024-09-19,TUR,0.3209336760069562
2024-09-20,TUR,0.34075461372461324
2024-09-21,TUR,0.6314240628352612
2024-09-22,TUR,0.3154686873448784
2024-09-23,TUR,0.1665935349043745
2024-09-24,TUR,0.2813348693347328
2024-09-25,TUR,0.17646460795391788
2024-09-26,TUR,0.18790665570792278
2024-09-27,TUR,0.19905757900480847
2024-09-28,TUR,0.29397481240370416
2024-09-29,TUR,0.3560473512568947
2024-09-30,TUR,0.5460067698710404
2024-10-01,TUR,0.4836727978483749
2024-10-02,TUR,0.3876220807736437
2024-10-03,TUR,0.29950470676819346
2024-10-04,TUR,0.3301987327305534
2024-10-05,TUR,0.2491344652134129
2024-10-06,TUR,0.25462043864384076
2024-10-07,TUR,0.24192601915416684
2024-10-08,TUR,0.4784534444991077
2024-10-09,TUR,0.8009584711509243
2024-10-10,TUR,0.5349850352097689
2024-10-11,TUR,0.7189406126239679
2024-10-12,TUR,0.6195805912794708
2024-10-13,TUR,0.6366904069211881
2024-10-14,TUR,0.5629372174476174
2024-10-15,TUR,0.6188106466958743
2024-10-16,TUR,0.8805867927168585
2024-10-17,TUR,0.615333993468154
2024-10-18,TUR,0.8512151207629222
2024-10-19,TUR,0.616326289590847
2024-10-20,TUR,0.569242767059045
2024-10-21,TUR,0.5964473162299807
2024-10-22,TUR,0.6531758305295533
2024-10-23,TUR,0.9013830226839108
2024-10-24,TUR,0.8680252510527214
2024-10-25,TUR,0.7527733108096901
2024-10-26,TUR,0.8286986202854608
2024-10-27,TUR,0.5757783600145113
2024-10-28,TUR,0.6954937227639189
2024-10-29,TUR,0.7928849877427637
2024-10-30,TUR,0.03535145707454402
2024-10-31,TUR,0.026610166500528873
2024-11-01,TUR,0.024069408129831184
2024-11-02,TUR,0.025438661840878264
2024-11-03,TUR,0.030155851638244704
2024-11-04,TUR,0.02931098391630751
2024-11-05,TUR,0.02771313922147087
2024-11-06,TUR,0.6326580387779058
2024-11-07,TUR,0.5522213477751018
2024-11-08,TUR,0.5633514710670642
2024-11-09,TUR,0.5639734552076421
2024-11-10,TUR,0.5556053025334066
2024-11-11,TUR,0.5556053025334066
2024-11-12,TUR,0.5183584883285602
2024-11-13,TUR,0.568762625668005
2024-11-14,TUR,0.5755329470198566
2024-11-15,TUR,0.538860204135493
2024-11-16,TUR,0.4360905315351242
2024-11-17,TUR,0.42132825363706905
2024-11-18,TUR,0.46764470425031573
2024-11-19,TUR,0.5397556120094857
2024-11-20,TUR,0.5285930453022429
2024-11-21,TUR,0.6285950624906478
2024-11-22,TUR,0.5778627792479765
2024-11-23,TUR,0.6579855936809812
2024-11-24,TUR,0.6900140270106463
2024-11-25,TUR,0.6548621033140029
2024-11-26,TUR,0.6808986602276353
2024-11-27,TUR,0.6695019002253026
2024-11-28,TUR,0.6598722255566372
2024-11-29,TUR,0.6823896240491117
2024-11-30,TUR,0.6233137714803886
2024-12-01,TUR,0.5310206474077318
2024-12-02,TUR,0.6343151650899
2024-12-03,TUR,0.6749046373913888
2024-12-04,TUR,0.5637889717681503
2024-12-05,TUR,0.5650908472222219
2024-12-06,TUR,0.5203145072354144
2024-12-07,TUR,0.5990112228421649
2024-12-08,TUR,0.5911503215883042
2024-12-09,TUR,0.6029538320538224
2024-12-10,TUR,0.5529776723745852
2024-12-11,TUR,0.5420485572403853
2024-12-12,TUR,0.5159646995143906
2024-12-13,TUR,0.5002664102043375
2024-12-14,TUR,0.536391098706369
2024-12-15,TUR,0.5459000036588347
2024-12-16,TUR,0.5127480171175339
2024-12-17,TUR,0.6246311549982898
2024-12-18,TUR,0.5967185188367857
2024-12-19,TUR,0.5382547732434811
2024-12-20,TUR,0.48930238965339057
2024-12-21,TUR,0.5799750008542625
2024-12-22,TUR,0.5888099224814418
2024-12-23,TUR,0.6496316961453189
2024-12-24,TUR,0.6298029924149896
2024-12-25,TUR,0.6276562973008685
2024-12-26,TUR,0.6644421058741113
2024-12-27,TUR,0.753167757051568
2024-12-28,TUR,0.6551228306291473
2024-12-29,TUR,0.6118195897154092
2024-12-30,TUR,0.6686493792204491
2024-12-31,TUR,0.7385542765126489
2025-01-01,TUR,0.48585821257021333
2025-01-02,TUR,0.4474625815708988
2025-01-03,TUR,0.4400483813540743
2025-01-04,TUR,0.4445210230177249
2025-01-05,TUR,0.4396811551158846
2025-01-06,TUR,0.5155380991279347
2025-01-07,TUR,0.5228878664980209
2025-01-08,TUR,0.5259310742017415
2025-01-09,TUR,0.5169674637424846
2025-01-10,TUR,0.5642912632377636
2025-01-11,TUR,0.48882905044761843
2025-01-12,TUR,0.4123277702139793
2025-01-13,TUR,0.5331008080956361
2025-01-14,TUR,0.6550693728714101
2025-01-15,TUR,0.5967452823082882
2025-01-16,TUR,0.6383676769331501
2025-01-17,TUR,0.566591015900699
2025-01-18,TUR,0.5395030492526988
2025-01-19,TUR,0.5886633340947118
2025-01-20,TUR,0.6252137389857584
2025-01-21,TUR,0.5953532759386122
2025-01-22,TUR,0.5804464466628996
2025-01-23,TUR,0.5322687879433351
2025-01-24,TUR,0.5022179438992995
2025-01-25,TUR,0.5227409982551904
2025-01-26,TUR,0.4931552060084557
2025-01-27,TUR,0.4632870961505597
2025-01-28,TUR,0.4559910956454578
2025-01-29,TUR,0.5062824371491268
2025-01-30,TUR,0.528108867423684
2025-01-31,TUR,0.6081277690031544
2025-02-01,TUR,0.5664561140620131
2025-02-02,TUR,0.6991739571032551
2025-02-03,TUR,0.5449245624267863
2025-02-04,TUR,0.6554383538171707
2025-02-05,TUR,0.6535000378652347
2025-02-06,TUR,0.683570005919989
2025-02-07,TUR,0.6235421078672843
2025-02-08,TUR,0.6426204289123826
2025-02-09,TUR,0.5511836649711743
2025-02-10,TUR,0.5180768851552711
2025-02-11,TUR,0.6105950387015925
2025-02-12,TUR,0.59213818351465
2025-02-13,TUR,0.4909246891147275
2025-02-14,TUR,0.5551222544152508
2025-02-15,TUR,0.5157373709443774
2025-02-16,TUR,0.6215524532667331
2025-02-17,TUR,0.5716912912666537
2025-02-18,TUR,0.658358769359743
2025-02-19,TUR,0.634534544410136
2025-02-20,TUR,0.5680099444891527
2025-02-21,TUR,0.5804699792828332
2025-02-22,TUR,0.5099120637289575
2025-02-23,TUR,0.7519521234143046
2025-02-24,TUR,0.5668830552173588
2025-02-25,TUR,0.5425672257739329
2025-02-26,TUR,0.48156282628644925
2025-02-27,TUR,0.5154355654534853
2025-02-28,TUR,0.5074017418381365
2025-03-01,TUR,0.519089859672991
2025-03-02,TUR,0.4752240072493273
2025-03-03,TUR,0.4752240072493273
2025-03-04,TUR,0.5442842926283357
2025-03-05,TUR,0.5234437508113475
2025-03-06,TUR,0.5313278628046461
2025-03-07,TUR,0.521045376086559
2025-03-08,TUR,0.5192130758838521
2025-03-09,TUR,0.5182388555946593
2025-03-10,TUR,0.4476938312046343
2025-03-11,TUR,0.5068642661294187
2025-03-12,TUR,0.5565432321140854
2025-03-13,TUR,0.48740300484348453
2025-03-14,TUR,0.548202905530701
2025-03-15,TUR,0.6031319417219781
2025-03-16,TUR,0.585688924361931
2025-03-17,TUR,0.6017696155315528
2025-03-18,TUR,0.5637761137534917
2025-03-19,TUR,0.7698702745208575
2025-03-20,TUR,0.849499241688765
2025-03-21,TUR,0.7102272759564755
2025-03-22,TUR,0.7165873861149109
2025-03-23,TUR,0.7304996714644467
2025-03-24,TUR,0.6172472517090686
2025-03-25,TUR,0.576652227531019
2025-03-26,TUR,0.5543469961086164
2025-03-27,TUR,0.5652995417844362
2025-03-28,TUR,0.40893222761306564
2024-07-01,SAU,0.3067838056525639
2024-07-02,SAU,0.3538935143856585
2024-07-03,SAU,0.341972060257108
2024-07-04,SAU,0.3109985739198967
2024-07-05,SAU,0.2744216035308549
2024-07-06,SAU,0.4867046450945754
2024-07-07,SAU,0.38847822142896415
2024-07-08,SAU,0.2918888119887757
2024-07-09,SAU,0.30357538693591823
2024-07-10,SAU,0.2583376798809646
2024-07-11,SAU,0.2714896617713153
2024-07-12,SAU,0.32412251750024584
2024-07-13,SAU,0.2968261347288558
2024-07-14,SAU,0.5814334252655785
2024-07-15,SAU,0.42235356940325147
2024-07-16,SAU,0.37864707476455745
2024-07-17,SAU,0.33389021323036394
2024-07-18,SAU,0.3276598864530372
2024-07-19,SAU,0.3495154073919096
2024-07-20,SAU,0.5309835733325434
2024-07-21,SAU,0.3688564962679472
2024-07-22,SAU,0.43318337785565925
2024-07-23,SAU,0.4213498922598419
2024-07-24,SAU,0.3809236569065922
2024-07-25,SAU,0.48527221436711554
2024-07-26,SAU,0.48900792655044906
2024-07-27,SAU,0.33242918231322355
2024-07-28,SAU,0.6285681340657066
2024-07-29,SAU,0.5256270927712255
2024-07-30,SAU,0.33482849039466256
2024-07-31,SAU,0.27046020311227426
2024-08-01,SAU,0.3088580111565994
2024-08-02,SAU,0.34223903158384134
2024-08-03,SAU,0.5144160178237123
2024-08-04,SAU,0.43692784512057964
2024-08-05,SAU,0.4206713824352649
2024-08-06,SAU,0.40780700533635805
2024-08-07,SAU,0.4229155142209565
2024-08-08,SAU,0.43346057649593045
2024-08-09,SAU,0.46016996495318435
2024-08-10,SAU,0.5342883221321097
2024-08-11,SAU,0.6121491778972623
2024-08-12,SAU,0.47299314447628804
2024-08-13,SAU,0.4602658226710142
2024-08-14,SAU,0.41211612066357495
2024-08-15,SAU,0.47153106345565876
2024-08-16,SAU,0.41771479630924196
2024-08-17,SAU,0.43970367789946824
2024-08-18,SAU,0.5863082021063518
2024-08-19,SAU,0.4458253313753456
2024-08-20,SAU,0.4579074081812315
2024-08-21,SAU,0.5315976428790351
2024-08-22,SAU,0.41226086058977446
2024-08-23,SAU,0.38651257452170107
2024-08-24,SAU,0.34403204862412745
2024-08-25,SAU,0.4365337098433421
2024-08-26,SAU,0.4571976268575771
2024-08-27,SAU,0.3190737948047898
2024-08-28,SAU,0.33234098205517126
2024-08-29,SAU,0.36859677718384487
2024-08-30,SAU,0.4917613011439293
2024-08-31,SAU,0.33665696067005274
2024-09-01,SAU,0.3505963177894952
2024-09-02,SAU,0.3505963177894952
2024-09-03,SAU,0.3534532044298811
2024-09-04,SAU,0.4967684281093731
2024-09-05,SAU,0.3534324578879328
2024-09-06,SAU,0.3498974652484417
2024-09-07,SAU,0.39939246855198457
2024-09-08,SAU,0.38131585861607575
2024-09-09,SAU,0.41026854747231956
2024-09-10,SAU,0.2980673854987573
2024-09-11,SAU,0.2856480812879454
2024-09-12,SAU,0.48968363899083656
2024-09-13,SAU,0.2756650227658788
2024-09-14,SAU,0.3274391463697335
2024-09-15,SAU,0.38520718080275146
2024-09-16,SAU,0.48647692800800363
2024-09-17,SAU,0.28682932373738435
2024-09-18,SAU,0.27918442203047616
2024-09-19,SAU,0.3234809575020277
2024-09-20,SAU,0.2771845367625082
2024-09-21,SAU,0.3718659832049469
2024-09-22,SAU,0.4570161399343632
2024-09-23,SAU,0.416129274785888
2024-09-24,SAU,0.323311723666566
2024-09-25,SAU,0.2405693819611364
2024-09-26,SAU,0.4614227734839627
2024-09-27,SAU,0.29002482974616034
2024-09-28,SAU,0.29418032032158614
2024-09-29,SAU,0.2749661012059578
2024-09-30,SAU,0.48974342575750557
2024-10-01,SAU,0.4129990896739939
2024-10-02,SAU,0.47934646388543917
2024-10-03,SAU,0.5120738546802185
2024-10-04,SAU,0.39781523206185065
2024-10-05,SAU,0.3987084631347206
2024-10-06,SAU,0.338757748520189
2024-10-07,SAU,0.3491646269598893
2024-10-08,SAU,0.339459467389001
2024-10-09,SAU,0.35023472919379556
2024-10-10,SAU,0.3824222482592037
2024-10-11,SAU,0.30982056807081254
2024-10-12,SAU,0.2929390234061889
2024-10-13,SAU,0.27853247656581553
2024-10-14,SAU,0.27853247656581553
2024-10-15,SAU,0.34784849207665564
2024-10-16,SAU,0.3087338655039258
2024-10-17,SAU,0.3427223729082234
2024-10-18,SAU,0.3299392606338611
2024-10-19,SAU,0.36704669486675795
2024-10-20,SAU,0.33769563468694297
2024-10-21,SAU,0.33574375989021477
2024-10-22,SAU,0.3127780339805497
2024-10-23,SAU,0.3395168746506085
2024-10-24,SAU,0.32866057463496584
2024-10-25,SAU,0.34773655665336534
2024-10-26,SAU,0.6655493777528185
2024-10-27,SAU,0.6036575737460691
2024-10-28,SAU,0.589645117235445
2024-10-29,SAU,0.39905247392036275
2024-10-30,SAU,0.3939607152410105
2024-10-31,SAU,0.3572117895080779
2024-11-01,SAU,0.42265227733732086
2024-11-02,SAU,0.5901617007776427
2024-11-03,SAU,0.46498603404520583
2024-11-04,SAU,0.30934709107450004
2024-11-05,SAU,0.2963726695343761
2024-11-06,SAU,0.30835421779997524
2024-11-07,SAU,0.20306845099368365
2024-11-08,SAU,0.33189488703690756
2024-11-09,SAU,0.36605725962287433
2024-11-10,SAU,0.38011904516273476
2024-11-11,SAU,0.5381083876289209
2024-11-12,SAU,0.32685609062716414
2024-11-13,SAU,0.28297397940164254
2024-11-14,SAU,0.350621348463833
2024-11-15,SAU,0.30605387599793815
2024-11-16,SAU,0.3047049234395758
2024-11-17,SAU,0.3650399156946134
2024-11-18,SAU,0.31206154791575835
2024-11-19,SAU,0.2711321574683974
2024-11-20,SAU,0.4128924750160421
2024-11-21,SAU,0.2623469820119297
2024-11-22,SAU,0.23311044948867443
2024-11-23,SAU,0.2464516251927823
2024-11-24,SAU,0.43671497126231384
2024-11-25,SAU,0.22602874002795464
2024-11-26,SAU,0.289084099249222
2024-11-27,SAU,0.3185264788134368
2024-11-28,SAU,0.3184434542202934
2024-11-29,SAU,0.35750139596770786
2024-11-30,SAU,0.3701018049430793
2024-12-01,SAU,0.37139859508653594
2024-12-02,SAU,0.5511418243598535
2024-12-03,SAU,0.29984890306107653
2024-12-04,SAU,0.347573542684748
2024-12-05,SAU,0.48927431919949255
2024-12-06,SAU,0.48690007754290804
2024-12-07,SAU,0.35312599131581307
2024-12-08,SAU,0.33781601302993086
2024-12-09,SAU,0.32313093548993316
2024-12-10,SAU,0.3000892631012858
2024-12-11,SAU,0.32722121298011453
2024-12-12,SAU,0.29449425124677725
2024-12-13,SAU,0.2705856511410057
2024-12-14,SAU,0.2446873849742546
2024-12-15,SAU,0.841769958663318
2024-12-16,SAU,0.3379556839189897
2024-12-17,SAU,0.41493985975845477
2024-12-18,SAU,0.36441785228046225
2024-12-19,SAU,0.25355243412316597
2024-12-20,SAU,0.33925179365021196
2024-12-21,SAU,0.8717157363913752
2024-12-22,SAU,0.41066398301978646
2024-12-23,SAU,0.48051172301778183
2024-12-24,SAU,0.6271883114787542
2024-12-25,SAU,0.4089087071281711
2024-12-26,SAU,0.5536478253336907
2024-12-27,SAU,0.4054551672222337
2024-12-28,SAU,0.41722120142519803
2024-12-29,SAU,0.46406172615576563
2024-12-30,SAU,0.4763921664099295
2024-12-31,SAU,0.42152785808847576
2025-01-01,SAU,0.6379943334820611
2025-01-02,SAU,0.45182034526355214
2025-01-03,SAU,0.33510433229172015
2025-01-04,SAU,0.3866135723183755
2025-01-05,SAU,0.41268733651492756
2025-01-06,SAU,0.4840181134118179
2025-01-07,SAU,0.4009682775142629
2025-01-08,SAU,0.42827627263355267
2025-01-09,SAU,0.42113863229111037
2025-01-10,SAU,0.4667397186611394
2025-01-11,SAU,0.4470860371802148
2025-01-12,SAU,0.35269291422509985
2025-01-13,SAU,0.3433670819584031
2025-01-14,SAU,0.264507373504613
2025-01-15,SAU,0.29795336246972975
2025-01-16,SAU,0.22420372660133983
2025-01-17,SAU,0.3184054764213825
2025-01-18,SAU,0.3088112215991692
2025-01-19,SAU,0.34076063922321254
2025-01-20,SAU,0.31888559686439644
2025-01-21,SAU,0.28666818233368724
2025-01-22,SAU,0.42165757590369857
2025-01-23,SAU,0.3561409245666546
2025-01-24,SAU,0.28232928077911207
2025-01-25,SAU,0.3214510884250042
2025-01-26,SAU,0.3962306981596087
2025-01-27,SAU,0.3216520648750947
2025-01-28,SAU,0.27021132143860127
2025-01-29,SAU,0.2974857715244037
2025-01-30,SAU,0.2890218098694044
2025-01-31,SAU,0.2410216802111614
2025-02-01,SAU,0.22705310340336485
2025-02-02,SAU,0.2363057076738007
2025-02-03,SAU,0.25562581572676774
2025-02-04,SAU,0.25408488912031074
2025-02-05,SAU,0.3304521584276772
2025-02-06,SAU,0.24492286361973065
2025-02-07,SAU,0.2193027237140714
2025-02-08,SAU,0.3150081250455161
2025-02-09,SAU,0.3787757760141396
2025-02-10,SAU,0.44277044346920874
2025-02-11,SAU,0.313333522434246
2025-02-12,SAU,0.3333554550408331
2025-02-13,SAU,0.337385629332635
2025-02-14,SAU,0.5280267713897168
2025-02-15,SAU,0.3109662860257945
2025-02-16,SAU,0.4069071880597115
2025-02-17,SAU,0.4092433901341181
2025-02-18,SAU,0.562451444102245
2025-02-19,SAU,0.5734459489049644
2025-02-20,SAU,0.3283062347931554
2025-02-21,SAU,0.3414008578740826
2025-02-22,SAU,0.270970422450853
2025-02-23,SAU,0.30692601652735196
2025-02-24,SAU,0.30692601652735196
2025-02-25,SAU,0.3300561946101877
2025-02-26,SAU,0.3691965740615466
2025-02-27,SAU,0.39680120801954183
2025-02-28,SAU,0.3761860344253939
2025-03-01,SAU,0.4024892199199537
2025-03-02,SAU,0.3223759709988634
2025-03-03,SAU,0.5106358800405112
2025-03-04,SAU,0.3808530377850438
2025-03-05,SAU,0.35749955456408505
2025-03-06,SAU,0.4983013471238207
2025-03-07,SAU,0.4846637914659186
2025-03-08,SAU,0.44468221396458607
2025-03-09,SAU,0.44571150129476106
2025-03-10,SAU,0.48302018497616345
2025-03-11,SAU,0.4708768759561112
2025-03-12,SAU,0.5128543229361122
2025-03-13,SAU,0.4286099382734084
2025-03-14,SAU,0.3811012404150543
2025-03-15,SAU,0.40363668714135853
2025-03-16,SAU,0.47620395534008414
2025-03-17,SAU,0.4258094418418207
2025-03-18,SAU,0.37445377804103297
2025-03-19,SAU,0.381149373101141
2025-03-20,SAU,0.38923576123634857
2025-03-21,SAU,0.3555285633924504
2025-03-22,SAU,0.5815329025378582
2025-03-23,SAU,0.3462668694571795
2025-03-24,SAU,0.35371307824246645
2025-03-25,SAU,0.3487920031607233
2025-03-26,SAU,0.4045708354643501
2025-03-27,SAU,0.383476724681607
2025-03-28,SAU,0.3163592474078288
2024-07-01,LBY,0.10311526530072063
2024-07-02,LBY,0.10932915375258712
2024-07-03,LBY,0.11221680009499502
2024-07-04,LBY,0.17613799998948224
2024-07-05,LBY,0.10717755057644039
2024-07-06,LBY,0.5341220564211248
2024-07-07,LBY,0.5139954363351323
2024-07-08,LBY,0.8096096659003207
2024-07-09,LBY,0.8064867302926041
2024-07-10,LBY,0.8768041387394634
2024-07-11,LBY,0.8400191115305314
2024-07-12,LBY,0.6558289835396444
2024-07-13,LBY,0.6629406068413403
2024-07-14,LBY,0.6282982490485435
2024-07-15,LBY,0.7710941363157473
2024-07-16,LBY,0.7650043674748912
2024-07-17,LBY,0.5364794022043591
2024-07-18,LBY,0.7084362117101525
2024-07-19,LBY,0.5103352167178801
2024-07-20,LBY,0.8176453153395327
2024-07-21,LBY,0.8882464550764066
2024-07-22,LBY,0.6584264501118915
2024-07-23,LBY,0.539542662181702
2024-07-24,LBY,0.5782362175218368
2024-07-25,LBY,0.6291423186992479
2024-07-26,LBY,0.35772765209918034
2024-07-27,LBY,0.4673144886120561
2024-07-28,LBY,0.3213046615590656
2024-07-29,LBY,0.38851581983971717
2024-07-30,LBY,0.3561672750702486
2024-07-31,LBY,0.301276584141717
2024-08-01,LBY,0.2194246192307488
2024-08-02,LBY,0.24301878200932384
2024-08-03,LBY,0.2186462171597234
2024-08-04,LBY,0.5974357249423565
2024-08-05,LBY,0.5566777148035683
2024-08-06,LBY,0.6632418346739248
2024-08-07,LBY,0.6532678780703346
2024-08-08,LBY,0.6870432433664306
2024-08-09,LBY,0.9052828443620587
2024-08-10,LBY,0.8125985204427333
2024-08-11,LBY,0.6892584539534903
2024-08-12,LBY,0.7664764242245375
2024-08-13,LBY,0.5405023697937168
2024-08-14,LBY,0.5110579481253715
2024-08-15,LBY,0.47454695232805966
2024-08-16,LBY,0.11325357898057686
2024-08-17,LBY,0.07073825753039574
2024-08-18,LBY,0.4397277368760762
2024-08-19,LBY,0.21021295634082093
2024-08-20,LBY,0.1345605526492402
2024-08-21,LBY,0.10461818023343979
2024-08-22,LBY,0.10619833599889561
2024-08-23,LBY,0.6851118057016407
2024-08-24,LBY,0.7362272966668191
2024-08-25,LBY,0.32361575729006753
2024-08-26,LBY,0.2663988571971705
2024-08-27,LBY,0.3301135992900071
2024-08-28,LBY,0.27068455216621623
2024-08-29,LBY,0.3651042761243646
2024-08-30,LBY,0.19555921165607396
2024-08-31,LBY,0.42163724092793414
2024-09-01,LBY,0.6405219542700472
2024-09-02,LBY,0.77562885700122
2024-09-03,LBY,0.7183665727458531
2024-09-04,LBY,0.8609907558120806
2024-09-05,LBY,0.7173206875699673
2024-09-06,LBY,0.8768653253671788
2024-09-07,LBY,0.6521353259861714
2024-09-08,LBY,0.4878622487476667
2024-09-09,LBY,0.4154445101436089
2024-09-10,LBY,0.44039403526945053
2024-09-11,LBY,0.3813200970776101
2024-09-12,LBY,0.6517620846299856
2024-09-13,LBY,0.3587364935571945
2024-09-14,LBY,0.3235908277562136
2024-09-15,LBY,0.27312128502496463
2024-09-16,LBY,0.3021830942746297
2024-09-17,LBY,0.3267843735229717
2024-09-18,LBY,0.5337357899018453
2024-09-19,LBY,0.4453660079493315
2024-09-20,LBY,0.42325270523349023
2024-09-21,LBY,0.41207285514085423
2024-09-22,LBY,0.43262657312458364
2024-09-23,LBY,0.4126947501777282
2024-09-24,LBY,0.37817453052880196
2024-09-25,LBY,0.31207508463572425
2024-09-26,LBY,0.7606294625991668
2024-09-27,LBY,0.8562964321596155
2024-09-28,LBY,0.8407885207349163
2024-09-29,LBY,0.7370598270651797
2024-09-30,LBY,0.6683254439415984
2024-10-01,LBY,0.8200285914689421
2024-10-02,LBY,0.7485226831901317
2024-10-03,LBY,0.6434135352009077
2024-10-04,LBY,0.5002130677708546
2024-10-05,LBY,0.4324808361954353
2024-10-06,LBY,0.7111803779619178
2024-10-07,LBY,0.47733068175558635
2024-10-08,LBY,0.23788416673207213
2024-10-09,LBY,0.1806967224714692
2024-10-10,LBY,0.2771485612019862
2024-10-11,LBY,0.3138810959260575
2024-10-12,LBY,0.26643626219154254
2024-10-13,LBY,0.14899994136481245
2024-10-14,LBY,0.23255516690266037
2024-10-15,LBY,0.677317860111092
2024-10-16,LBY,0.5442036393801453
2024-10-17,LBY,0.7021408334504242
2024-10-18,LBY,0.6412558473881455
2024-10-19,LBY,0.6298004407025478
2024-10-20,LBY,0.6750059908959182
2024-10-21,LBY,0.8303323542401121
2024-10-22,LBY,0.7722770996285334
2024-10-23,LBY,0.8174506293540116
2024-10-24,LBY,0.8883964298369157
2024-10-25,LBY,0.848467530983168
2024-10-26,LBY,0.6495201331777948
2024-10-27,LBY,0.7590892480440635
2024-10-28,LBY,0.8754423939983759
2024-10-29,LBY,0.55307574316839
2024-10-30,LBY,0.5071830008666447
2024-10-31,LBY,0.5277786278542995
2024-11-01,LBY,0.5494749571903214
2024-11-02,LBY,0.6433514984803456
2024-11-03,LBY,0.6822594170374486
2024-11-04,LBY,0.8173181887987857
2024-11-05,LBY,0.6423480818685845
2024-11-06,LBY,0.6766021481921449
2024-11-07,LBY,0.44550304986010264
2024-11-08,LBY,0.7071026135854431
2024-11-09,LBY,0.5561218927514502
2024-11-10,LBY,0.6049905492715553
2024-11-11,LBY,0.39685945906258074
2024-11-12,LBY,0.37583285008242884
2024-11-13,LBY,0.481589832784042
2024-11-14,LBY,0.4697815654142966
2024-11-15,LBY,0.5898437713835336
2024-11-16,LBY,0.3102143579857809
2024-11-17,LBY,0.27189097244317645
2024-11-18,LBY,0.3720088862270536
2024-11-19,LBY,0.5193833455651241
2024-11-20,LBY,0.4771678383710365
2024-11-21,LBY,0.7796574180277868
2024-11-22,LBY,0.8680976602795519
2024-11-23,LBY,0.842514927320116
2024-11-24,LBY,0.8260983888588984
2024-11-25,LBY,0.849162783142682
2024-11-26,LBY,0.8677158331826782
2024-11-27,LBY,0.8024545422310623
2024-11-28,LBY,0.5823475477131307
2024-11-29,LBY,0.3605637461313949
2024-11-30,LBY,0.2017706356149304
2024-12-01,LBY,0.29862025561030286
2024-12-02,LBY,0.2643606461248055
2024-12-03,LBY,0.1791321779846767
2024-12-04,LBY,0.20262748617940432
2024-12-05,LBY,0.19233335094241666
2024-12-06,LBY,0.347125474842423
2024-12-07,LBY,0.28186950850802756
2024-12-08,LBY,0.2875338654617562
2024-12-09,LBY,0.31143105414071176
2024-12-10,LBY,0.3821668693988554
2024-12-11,LBY,0.47068562770968225
2024-12-12,LBY,0.4549956671000599
2024-12-13,LBY,0.45522466342793916
2024-12-14,LBY,0.6178012811798784
2024-12-15,LBY,0.5058517492683463
2024-12-16,LBY,0.716504576041716
2024-12-17,LBY,0.5982017531803718
2024-12-18,LBY,0.5987501973744251
2024-12-19,LBY,0.45849694161087445
2024-12-20,LBY,0.673101559090448
2024-12-21,LBY,0.5345003683019093
2024-12-22,LBY,0.7600995358786559
2024-12-23,LBY,0.5345037130045285
2024-12-24,LBY,0.644878675099774
2024-12-25,LBY,0.5177028376164524
2024-12-26,LBY,0.5131270423988004
2024-12-27,LBY,0.4902075569146754
2024-12-28,LBY,0.6533705028666811
2024-12-29,LBY,0.5340962278439799
2024-12-30,LBY,0.5106671039034659
2024-12-31,LBY,0.5264509273272343
2025-01-01,LBY,0.5108269772787817
2025-01-02,LBY,0.7729866985369095
2025-01-03,LBY,0.40972557086227607
2025-01-04,LBY,0.46760927603925195
2025-01-05,LBY,0.8781113957408966
2025-01-06,LBY,0.8853703526987453
2025-01-07,LBY,0.8118082159811316
2025-01-08,LBY,0.673967997817068
2025-01-09,LBY,0.7651027438215874
2025-01-10,LBY,0.7302344110636664
2025-01-11,LBY,0.8681125150378759
2025-01-12,LBY,0.8160460594010239
2025-01-13,LBY,0.6745172658281611
2025-01-14,LBY,0.7745184964158212
2025-01-15,LBY,0.5480437802422531
2025-01-16,LBY,0.5613567417607725
2025-01-17,LBY,0.7759690400694611
2025-01-18,LBY,0.1015551053879807
2025-01-19,LBY,0.16213840935324952
2025-01-20,LBY,0.16516060297511082
2025-01-21,LBY,0.16317534855616578
2025-01-22,LBY,0.4872101511664544
2025-01-23,LBY,0.1859347214718999
2025-01-24,LBY,0.19661513953573717
2025-01-25,LBY,0.40877849968985963
2025-01-26,LBY,0.5618249543393312
2025-01-27,LBY,0.4641880817836584
2025-01-28,LBY,0.5719531741073409
2025-01-29,LBY,0.2505148238298309
2025-01-30,LBY,0.7472229983712017
2025-01-31,LBY,0.44573287950081997
2025-02-01,LBY,0.35947629433515255
2025-02-02,LBY,0.21815881580594607
2025-02-03,LBY,0.23522648517699854
2025-02-04,LBY,0.18967462697140203
2025-02-05,LBY,0.5826869111019947
2025-02-06,LBY,0.613926709393236
2025-02-07,LBY,0.43833548335558836
2025-02-08,LBY,0.4893342804218498
2025-02-09,LBY,0.8235163583741253
2025-02-10,LBY,0.5327375769575268
2025-02-11,LBY,0.4656708671229159
2025-02-12,LBY,0.9361141642034003
2025-02-13,LBY,0.8313469983885919
2025-02-14,LBY,0.758242692353123
2025-02-15,LBY,0.7030214924074356
2025-02-16,LBY,0.4258456312339945
2025-02-17,LBY,0.589529044299457
2025-02-18,LBY,0.5772544833146861
2025-02-19,LBY,0.03216199306989775
2025-02-20,LBY,0.03858766053580623
2025-02-21,LBY,0.06649998440899439
2025-02-22,LBY,0.1263936753789226
2025-02-23,LBY,0.08190753455016986
2025-02-24,LBY,0.06687608618447102
2025-02-25,LBY,0.07237150522203835
2025-02-26,LBY,0.6142274427181476
2025-02-27,LBY,0.8621306626472508
2025-02-28,LBY,0.684602249170048
2025-03-01,LBY,0.6756004956471565
2025-03-02,LBY,0.46156200580206974
2025-03-03,LBY,0.6760468909517674
2025-03-04,LBY,0.5348722624067375
2025-03-05,LBY,0.6467290627642477
2025-03-06,LBY,0.7890219423265259
2025-03-07,LBY,0.6117568601047372
2025-03-08,LBY,0.8776692795991298
2025-03-09,LBY,0.5887405161499445
2025-03-10,LBY,0.6952724588698561
2025-03-11,LBY,0.5344608778724006
2025-03-12,LBY,0.46489076945017727
2025-03-13,LBY,0.8643676837980395
2025-03-14,LBY,0.7277653154086055
2025-03-15,LBY,0.29105476207218695
2025-03-16,LBY,0.34083134080958294
2025-03-17,LBY,0.2884065737647696
2025-03-18,LBY,0.4046889574178552
2025-03-19,LBY,0.340735979486491
2025-03-20,LBY,0.28180229690653746
2025-03-21,LBY,0.19194973516080036
2025-03-22,LBY,0.6305060337875872
2025-03-23,LBY,0.6817386252126981
2025-03-24,LBY,0.38279641422724586
2025-03-25,LBY,0.599257784072239
2025-03-26,LBY,0.46319367278239554
2025-03-27,LBY,0.709085613373922
2025-03-28,LBY,0.595626797601206
2024-07-01,EGY,0.6461277539382088
2024-07-02,EGY,0.6048001350681351
2024-07-03,EGY,0.5537429752303381
2024-07-04,EGY,0.5575177528433706
2024-07-05,EGY,0.5301985637890441
2024-07-06,EGY,0.5506197664866167
2024-07-07,EGY,0.4864768496457619
2024-07-08,EGY,0.36633005233533045
2024-07-09,EGY,0.36633005233533045
2024-07-10,EGY,0.336564954586395
2024-07-11,EGY,0.37933165265034835
2024-07-12,EGY,0.39459973431384976
2024-07-13,EGY,0.3862563204961628
2024-07-14,EGY,0.3862563204961628
2024-07-15,EGY,0.4755519690663238
2024-07-16,EGY,0.5549540160156555
2024-07-17,EGY,0.5447733864141787
2024-07-18,EGY,0.4660686426833205
2024-07-19,EGY,0.47762659017489173
2024-07-20,EGY,0.6285134482070435
2024-07-21,EGY,0.5923573753602469
2024-07-22,EGY,0.8366363163203581
2024-07-23,EGY,0.48058142854909264
2024-07-24,EGY,0.5067529876806641
2024-07-25,EGY,0.5026312190057229
2024-07-26,EGY,0.4690735437343478
2024-07-27,EGY,0.5275484264758379
2024-07-28,EGY,0.5239194943990051
2024-07-29,EGY,0.5294296271655594
2024-07-30,EGY,0.5459497166365032
2024-07-31,EGY,0.5560568255902203
2024-08-01,EGY,0.5129097849329944
2024-08-02,EGY,0.5034622906573962
2024-08-03,EGY,0.4740455997868504
2024-08-04,EGY,0.5048161228411843
2024-08-05,EGY,0.6117876800910477
2024-08-06,EGY,0.5838151978501911
2024-08-07,EGY,0.5651628000104396
2024-08-08,EGY,0.6568839503321411
2024-08-09,EGY,0.5864229931130684
2024-08-10,EGY,0.5318757263510727
2024-08-11,EGY,0.6128175403834604
2024-08-12,EGY,0.8850157663589562
2024-08-13,EGY,0.6160657657609296
2024-08-14,EGY,0.5149631303253045
2024-08-15,EGY,0.5612826373183184
2024-08-16,EGY,0.5803909661220176
2024-08-17,EGY,0.5439497598046258
2024-08-18,EGY,0.5492797156054197
2024-08-19,EGY,0.3662887444650152
2024-08-20,EGY,0.3092169746608481
2024-08-21,EGY,0.28727634454323286
2024-08-22,EGY,0.283459227023592
2024-08-23,EGY,0.31291942241679277
2024-08-24,EGY,0.3534412835281492
2024-08-25,EGY,0.29424575305814704
2024-08-26,EGY,0.5065813982607226
2024-08-27,EGY,0.5327091231316814
2024-08-28,EGY,0.5443118294921238
2024-08-29,EGY,0.5471036670517934
2024-08-30,EGY,0.5218666751353618
2024-08-31,EGY,0.5742231615994301
2024-09-01,EGY,0.5701465625626575
2024-09-02,EGY,0.5733472050329388
2024-09-03,EGY,0.5706236088247392
2024-09-04,EGY,0.5280400871136142
2024-09-05,EGY,0.7895298563970762
2024-09-06,EGY,0.5985568486004814
2024-09-07,EGY,0.539156285218032
2024-09-08,EGY,0.5211132497742635
2024-09-09,EGY,0.552836474132762
2024-09-10,EGY,0.5405492315491852
2024-09-11,EGY,0.5818115018983777
2024-09-12,EGY,0.4525682685827641
2024-09-13,EGY,0.4675786044497203
2024-09-14,EGY,0.47627392857486417
2024-09-15,EGY,0.47346571786290753
2024-09-16,EGY,0.47346571786290753
2024-09-17,EGY,0.46743596359388967
2024-09-18,EGY,0.4330242366789792
2024-09-19,EGY,0.5268582174581623
2024-09-20,EGY,0.5202863131723329
2024-09-21,EGY,0.5610302499476225
2024-09-22,EGY,0.5527643041122217
2024-09-23,EGY,0.5527643041122217
2024-09-24,EGY,0.5384889893353285
2024-09-25,EGY,0.6509507879456787
2024-09-26,EGY,0.5812897141051345
2024-09-27,EGY,0.5546235151800021
2024-09-28,EGY,0.5316714392998751
2024-09-29,EGY,0.5514516889519641
2024-09-30,EGY,0.5501979185435567
2024-10-01,EGY,0.5944345380968643
2024-10-02,EGY,0.4534397160636067
2024-10-03,EGY,0.5210204303825626
2024-10-04,EGY,0.5611679846975717
2024-10-05,EGY,0.5248134525085438
2024-10-06,EGY,0.4982550862992318
2024-10-07,EGY,0.4717130203656071
2024-10-08,EGY,0.7591623949351243
2024-10-09,EGY,0.4810104544832773
2024-10-10,EGY,0.5846385932712249
2024-10-11,EGY,0.5978148615995511
2024-10-12,EGY,0.5752307620720846
2024-10-13,EGY,0.5542642345156502
2024-10-14,EGY,0.5542642345156502
2024-10-15,EGY,0.3808468331286088
2024-10-16,EGY,0.362591731178728
2024-10-17,EGY,0.41356558698290213
2024-10-18,EGY,0.40432540826026375
2024-10-19,EGY,0.37652490847728654
2024-10-20,EGY,0.359354507929443
2024-10-21,EGY,0.36169188075480496
2024-10-22,EGY,0.5973395396176009
2024-10-23,EGY,0.6034389576197708
2024-10-24,EGY,0.5702483635844753
2024-10-25,EGY,0.6617465929651042
2024-10-26,EGY,0.5857685318608362
2024-10-27,EGY,0.6625546866204943
2024-10-28,EGY,0.6094820536213202
2024-10-29,EGY,0.5897475568138599
2024-10-30,EGY,0.6136642890074432
2024-10-31,EGY,0.5995617382040254
2024-11-01,EGY,0.6357848716949528
2024-11-02,EGY,0.6185393392120531
2024-11-03,EGY,0.6140326809396986
2024-11-04,EGY,0.6140326809396986
2024-11-05,EGY,0.6149050063281479
2024-11-06,EGY,0.625471615735415
2024-11-07,EGY,0.49689045126913656
2024-11-08,EGY,0.6155167505269861
2024-11-09,EGY,0.5408835562454002
2024-11-10,EGY,0.577344240913411
2024-11-11,EGY,0.5707273560789208
2024-11-12,EGY,0.4822511529263121
2024-11-13,EGY,0.5083028765118404
2024-11-14,EGY,0.43971112060636475
2024-11-15,EGY,0.43422248062087315
2024-11-16,EGY,0.4241350298569373
2024-11-17,EGY,0.4204637484324333
2024-11-18,EGY,0.4204637484324333
2024-11-19,EGY,0.5016968797143526
2024-11-20,EGY,0.5010436268488115
2024-11-21,EGY,0.44897662090943385
2024-11-22,EGY,0.4998365767967258
2024-11-23,EGY,0.4975329889884943
2024-11-24,EGY,0.4926656695763566
2024-11-25,EGY,0.4398096315422672
2024-11-26,EGY,0.4742059913193494
2024-11-27,EGY,0.45354696220609664
2024-11-28,EGY,0.4482028581288832
2024-11-29,EGY,0.45548137747546885
2024-11-30,EGY,0.4172825558842991
2024-12-01,EGY,0.4251928180840783
2024-12-02,EGY,0.45063792906859607
2024-12-03,EGY,0.48299968197874144
2024-12-04,EGY,0.4914038695886815
2024-12-05,EGY,0.49516532748583103
2024-12-06,EGY,0.4915265103697394
2024-12-07,EGY,0.48338762516077355
2024-12-08,EGY,0.5010190858532697
2024-12-09,EGY,0.5092010356228291
2024-12-10,EGY,0.48831610070526166
2024-12-11,EGY,0.8663559714750284
2024-12-12,EGY,0.5989219856263216
2024-12-13,EGY,0.47433387900623364
2024-12-14,EGY,0.4678914412995301
2024-12-15,EGY,0.4678914412995301
2024-12-16,EGY,0.4678914412995301
2024-12-17,EGY,0.5091004139776908
2024-12-18,EGY,0.31610364959150106
2024-12-19,EGY,0.2559431225793719
2024-12-20,EGY,0.23355762663132984
2024-12-21,EGY,0.6215158827516322
2024-12-22,EGY,0.3275476679399389
2024-12-23,EGY,0.3530851625128306
2024-12-24,EGY,0.3368567606377989
2024-12-25,EGY,0.5278192908394269
2024-12-26,EGY,0.5607815112270421
2024-12-27,EGY,0.5235342148294836
2024-12-28,EGY,0.3577124757382214
2024-12-29,EGY,0.24115046525268474
2024-12-30,EGY,0.254839760961515
2024-12-31,EGY,0.4316497637707207
2025-01-01,EGY,0.2402432837842814
2025-01-02,EGY,0.21547446740530643
2025-01-03,EGY,0.20805643172379662
2025-01-04,EGY,0.31393329138519865
2025-01-05,EGY,0.4777943910913183
2025-01-06,EGY,0.49086713691264666
2025-01-07,EGY,0.2733105280331782
2025-01-08,EGY,0.3195414842068832
2025-01-09,EGY,0.347810769570734
2025-01-10,EGY,0.31428273044402244
2025-01-11,EGY,0.27271164806999126
2025-01-12,EGY,0.29376203201350126
2025-01-13,EGY,0.29376203201350126
2025-01-14,EGY,0.5149751809780018
2025-01-15,EGY,0.49596416936850024
2025-01-16,EGY,0.5162972365097263
2025-01-17,EGY,0.5592217825533002
2025-01-18,EGY,0.5024810578107003
2025-01-19,EGY,0.6080751249836475
2025-01-20,EGY,0.5285715836345569
2025-01-21,EGY,0.53861982989689
2025-01-22,EGY,0.522869803410859
2025-01-23,EGY,0.5438644433174489
2025-01-24,EGY,0.5294092767584474
2025-01-25,EGY,0.539484580410726
2025-01-26,EGY,0.525463523949513
2025-01-27,EGY,0.6004611572536689
2025-01-28,EGY,0.5569598272526148
2025-01-29,EGY,0.5442364970585688
2025-01-30,EGY,0.5741540743417757
2025-01-31,EGY,0.5267940482121624
2025-02-01,EGY,0.5869956663207468
2025-02-02,EGY,0.5626132806088697
2025-02-03,EGY,0.5678587534111486
2025-02-04,EGY,0.5804954054027462
2025-02-05,EGY,0.5737239046396957
2025-02-06,EGY,0.563573504468312
2025-02-07,EGY,0.5405389037764592
2025-02-08,EGY,0.5544738252294792
2025-02-09,EGY,0.526356547951629
2025-02-10,EGY,0.526356547951629
2025-02-11,EGY,0.5500869226804986
2025-02-12,EGY,0.537634521859658
2025-02-13,EGY,0.5410208592502078
2025-02-14,EGY,0.5516028359561668
2025-02-15,EGY,0.8770935426713421
2025-02-16,EGY,0.6856772201692269
2025-02-17,EGY,0.8540991211735934
2025-02-18,EGY,0.8849757247998982
2025-02-19,EGY,0.7685981582207562
2025-02-20,EGY,0.5217947133278018
2025-02-21,EGY,0.590903274241177
2025-02-22,EGY,0.09729744313483714
2025-02-23,EGY,0.10531710872114781
2025-02-24,EGY,0.11911531854580705
2025-02-25,EGY,0.13015917920133774
2025-02-26,EGY,0.11955917308509723
2025-02-27,EGY,0.13220434434142928
2025-02-28,EGY,0.09679149148755148
2025-03-01,EGY,0.3875650487298256
2025-03-02,EGY,0.6266759661107635
2025-03-03,EGY,0.5088421711078329
2025-03-04,EGY,0.5805376179676359
2025-03-05,EGY,0.574019935267003
2025-03-06,EGY,0.5744537181546461
2025-03-07,EGY,0.8433724751706717
2025-03-08,EGY,0.14593493747862638
2025-03-09,EGY,0.1343123803434006
2025-03-10,EGY,0.3285662636492534
2025-03-11,EGY,0.40132915628819027
2025-03-12,EGY,0.1993818407839753
2025-03-13,EGY,0.2558802571599418
2025-03-14,EGY,0.12018194576146748
2025-03-15,EGY,0.7799520970831826
2025-03-16,EGY,0.7287244131126367
2025-03-17,EGY,0.5450229086262451
2025-03-18,EGY,0.5457114266326842
2025-03-19,EGY,0.5149505262062275
2025-03-20,EGY,0.5047571509715493
2025-03-21,EGY,0.5086094743790648
2025-03-22,EGY,0.5741462166114666
2025-03-23,EGY,0.7692313584461815
2025-03-24,EGY,0.5570000560415307
2025-03-25,EGY,0.601649457305959
2025-03-26,EGY,0.6162377903226325
2025-03-27,EGY,0.5878731625680884
2025-03-28,EGY,0.6016929672286967
2024-07-01,DZA,0.14462554927041674
2024-07-02,DZA,0.1243374202543928
2024-07-03,DZA,0.13329021116975043
2024-07-04,DZA,0.11211471750301509
2024-07-05,DZA,0.1146608612073339
2024-07-06,DZA,0.12073417073154075
2024-07-07,DZA,0.22094962285109157
2024-07-08,DZA,0.39209606287329324
2024-07-09,DZA,0.4057595380747986
2024-07-10,DZA,0.380109242772151
2024-07-11,DZA,0.36142944264973786
2024-07-12,DZA,0.316981537643389
2024-07-13,DZA,0.35307860706842936
2024-07-14,DZA,0.06114366381982755
2024-07-15,DZA,0.07151908308452753
2024-07-16,DZA,0.06894865804374213
2024-07-17,DZA,0.05986488851224754
2024-07-18,DZA,0.05700451182358844
2024-07-19,DZA,0.05463283699032884
2024-07-20,DZA,0.07473353187712038
2024-07-21,DZA,0.5267275573252697
2024-07-22,DZA,0.5749521770143564
2024-07-23,DZA,0.5210185222231841
2024-07-24,DZA,0.5532300499305194
2024-07-25,DZA,0.5674607355625766
2024-07-26,DZA,0.5296566400005318
2024-07-27,DZA,0.89456467970475
2024-07-28,DZA,0.6473019875770225
2024-07-29,DZA,0.5490095211188296
2024-07-30,DZA,0.5488043697336333
2024-07-31,DZA,0.4471390990561384
2024-08-01,DZA,0.475899137462098
2024-08-02,DZA,0.4460777013914188
2024-08-03,DZA,0.05328582560161819
2024-08-04,DZA,0.038792571469832275
2024-08-05,DZA,0.04269845706155319
2024-08-06,DZA,0.039015890779004955
2024-08-07,DZA,0.038367633263157196
2024-08-08,DZA,0.04581594794191365
2024-08-09,DZA,0.05408283980611264
2024-08-10,DZA,0.45748760415382944
2024-08-11,DZA,0.5463645312267181
2024-08-12,DZA,0.4665886401854779
2024-08-13,DZA,0.41807301949674336
2024-08-14,DZA,0.42181059240499286
2024-08-15,DZA,0.4410569436087578
2024-08-16,DZA,0.4211238377534577
2024-08-17,DZA,0.5034061475159234
2024-08-18,DZA,0.7629245319620059
2024-08-19,DZA,0.6281545294439964
2024-08-20,DZA,0.5488270020332916
2024-08-21,DZA,0.5342173589026883
2024-08-22,DZA,0.4888402175371626
2024-08-23,DZA,0.456272448954873
2024-08-24,DZA,0.4476979027895392
2024-08-25,DZA,0.19066052878236106
2024-08-26,DZA,0.17510064581370852
2024-08-27,DZA,0.14420686281227962
2024-08-28,DZA,0.15650459418893706
2024-08-29,DZA,0.16778423324319006
2024-08-30,DZA,0.19820348601169846
2024-08-31,DZA,0.16569580742846443
2024-09-01,DZA,0.487987619453449
2024-09-02,DZA,0.48196573235487633
2024-09-03,DZA,0.46215685683470203
2024-09-04,DZA,0.4143947127834109
2024-09-05,DZA,0.4325144986357588
2024-09-06,DZA,0.4112839555432611
2024-09-07,DZA,0.4887432875473988
2024-09-08,DZA,0.45344593669492583
2024-09-09,DZA,0.4982758151019331
2024-09-10,DZA,0.4492826533582232
2024-09-11,DZA,0.49873429193065283
2024-09-12,DZA,0.5296200464562234
2024-09-13,DZA,0.44418035190406957
2024-09-14,DZA,0.5758378633145222
2024-09-15,DZA,0.9284020258056578
2024-09-16,DZA,0.6299882410288653
2024-09-17,DZA,0.4630340243153312
2024-09-18,DZA,0.47582582551756236
2024-09-19,DZA,0.9247573372722797
2024-09-20,DZA,0.5880625689607106
2024-09-21,DZA,0.5162489075929707
2024-09-22,DZA,0.08266286870245175
2024-09-23,DZA,0.08158405043421024
2024-09-24,DZA,0.07028959751090734
2024-09-25,DZA,0.10648360886462983
2024-09-26,DZA,0.08054361235812636
2024-09-27,DZA,0.07102618246035305
2024-09-28,DZA,0.07029963767891147
2024-09-29,DZA,0.10201189323201823
2024-09-30,DZA,0.09246680785036981
2024-10-01,DZA,0.09080562957188734
2024-10-02,DZA,0.08286714146563227
2024-10-03,DZA,0.4130560604367706
2024-10-04,DZA,0.3917905197141772
2024-10-05,DZA,0.35833339936146985
2024-10-06,DZA,0.463956929693999
2024-10-07,DZA,0.463956929693999
2024-10-08,DZA,0.43086305967313787
2024-10-09,DZA,0.42459500955680757
2024-10-10,DZA,0.4671984424769273
2024-10-11,DZA,0.8963421952899877
2024-10-12,DZA,0.5664065853649922
2024-10-13,DZA,0.5695825937298106
2024-10-14,DZA,0.4990516752938234
2024-10-15,DZA,0.5363421843886603
2024-10-16,DZA,0.5357784893137512
2024-10-17,DZA,0.5777668285312946
2024-10-18,DZA,0.19312827038332664
2024-10-19,DZA,0.18278781949048606
2024-10-20,DZA,0.1773337574595169
2024-10-21,DZA,0.16723754294921436
2024-10-22,DZA,0.13011938191304237
2024-10-23,DZA,0.13676204202199516
2024-10-24,DZA,0.12769748969920322
2024-10-25,DZA,0.5827104516266961
2024-10-26,DZA,0.3764444184692705
2024-10-27,DZA,0.4888730466637156
2024-10-28,DZA,0.405272108576369
2024-10-29,DZA,0.49008869608652544
2024-10-30,DZA,0.4486492424895328
2024-10-31,DZA,0.46385190492276923
2024-11-01,DZA,0.7445769680497067
2024-11-02,DZA,0.7157072222664015
2024-11-03,DZA,0.526637440641712
2024-11-04,DZA,0.5138694389429401
2024-11-05,DZA,0.42139304323815346
2024-11-06,DZA,0.47037233362823044
2024-11-07,DZA,0.3935937054131929
2024-11-08,DZA,0.4819582285997018
2024-11-09,DZA,0.5074467828738998
2024-11-10,DZA,0.5495703010472529
2024-11-11,DZA,0.5225422210103915
2024-11-12,DZA,0.44532635977431273
2024-11-13,DZA,0.42591885217433484
2024-11-14,DZA,0.3862853461855672
2024-11-15,DZA,0.44876992199599186
2024-11-16,DZA,0.39469159962646516
2024-11-17,DZA,0.44586891449560967
2024-11-18,DZA,0.44586891449560967
2024-11-19,DZA,0.2828501864103637
2024-11-20,DZA,0.4293903132806744
2024-11-21,DZA,0.7342418725734053
2024-11-22,DZA,0.4477465837544267
2024-11-23,DZA,0.4829004288642696
2024-11-24,DZA,0.3837010926114637
2024-11-25,DZA,0.44590860862926246
2024-11-26,DZA,0.3888717611836332
2024-11-27,DZA,0.477321826941357
2024-11-28,DZA,0.05315130804547763
2024-11-29,DZA,0.03098964886819981
2024-11-30,DZA,0.032728614292724736
2024-12-01,DZA,0.03213970753000102
2024-12-02,DZA,0.025912145868441195
2024-12-03,DZA,0.023904123306194087
2024-12-04,DZA,0.028478870253771566
2024-12-05,DZA,0.2923751995969705
2024-12-06,DZA,0.2827406312962215
2024-12-07,DZA,0.33298257934815506
2024-12-08,DZA,0.3684796867907426
2024-12-09,DZA,0.3384960494605
2024-12-10,DZA,0.31885346057840996
2024-12-11,DZA,0.3346986926250848
2024-12-12,DZA,0.48720729311984606
2024-12-13,DZA,0.863500433733864
2024-12-14,DZA,0.5107685049685827
2024-12-15,DZA,0.5843795327486538
2024-12-16,DZA,0.597602649504574
2024-12-17,DZA,0.5012033162427497
2024-12-18,DZA,0.49250246446211954
2024-12-19,DZA,0.4496558409335342
2024-12-20,DZA,0.39815348241506254
2024-12-21,DZA,0.4165438823289093
2024-12-22,DZA,0.44703248398879575
2024-12-23,DZA,0.38144239787807516
2024-12-24,DZA,0.3356218251607699
2024-12-25,DZA,0.439722701108657
2024-12-26,DZA,0.47454042061842877
2024-12-27,DZA,0.5508842284695691
2024-12-28,DZA,0.36642725106155805
2024-12-29,DZA,0.4452490650409491
2024-12-30,DZA,0.45603648303483535
2024-12-31,DZA,0.3627574011698864
2025-01-01,DZA,0.3693377478733275
2025-01-02,DZA,0.4085435896138917
2025-01-03,DZA,0.5196456568944303
2025-01-04,DZA,0.5798683500985321
2025-01-05,DZA,0.4991487485102961
2025-01-06,DZA,0.4991487485102961
2025-01-07,DZA,0.46283901805397104
2025-01-08,DZA,0.45573489211008567
2025-01-09,DZA,0.37833790624218966
2025-01-10,DZA,0.45618414481655767
2025-01-11,DZA,0.3592118827902878
2025-01-12,DZA,0.4863332551501294
2025-01-13,DZA,0.4489311677310769
2025-01-14,DZA,0.8736864874284045
2025-01-15,DZA,0.3786512323550604
2025-01-16,DZA,0.34710443496305693
2025-01-17,DZA,0.4760479458493977
2025-01-18,DZA,0.39141252936055215
2025-01-19,DZA,0.43460858939231933
2025-01-20,DZA,0.31295773085969864
2025-01-21,DZA,0.28518316097691665
2025-01-22,DZA,0.33076071175048055
2025-01-23,DZA,0.24258562837201364
2025-01-24,DZA,0.26861254109037996
2025-01-25,DZA,0.2861627190085258
2025-01-26,DZA,0.25881255370223094
2025-01-27,DZA,0.3300081522091274
2025-01-28,DZA,0.35853483883539033
2025-01-29,DZA,0.35834832188138965
2025-01-30,DZA,0.3727509136739924
2025-01-31,DZA,0.31447780277200105
2025-02-01,DZA,0.43813139757217745
2025-02-02,DZA,0.4788152997444334
2025-02-03,DZA,0.451652580734446
2025-02-04,DZA,0.8778197917055423
2025-02-05,DZA,0.4841244054305777
2025-02-06,DZA,0.45204005490006405
2025-02-07,DZA,0.6253393010784927
2025-02-08,DZA,0.5063496293699309
2025-02-09,DZA,0.5427640375239176
2025-02-10,DZA,0.46959405339869653
2025-02-11,DZA,0.3744437243675006
2025-02-12,DZA,0.32287612680772076
2025-02-13,DZA,0.3781367232229805
2025-02-14,DZA,0.36938147869526766
2025-02-15,DZA,0.6098436731147076
2025-02-16,DZA,0.34436094364387687
2025-02-17,DZA,0.3000305170584278
2025-02-18,DZA,0.37972829014829473
2025-02-19,DZA,0.447512248057094
2025-02-20,DZA,0.7323897086413987
2025-02-21,DZA,0.6613288391179273
2025-02-22,DZA,0.6502747115679414
2025-02-23,DZA,0.9078537845343164
2025-02-24,DZA,0.44829466116338884
2025-02-25,DZA,0.3735985247964979
2025-02-26,DZA,0.8191038062159792
2025-02-27,DZA,0.6833480481376565
2025-02-28,DZA,0.18297187604078208
2025-03-01,DZA,0.17578838185568293
2025-03-02,DZA,0.157566720613564
2025-03-03,DZA,0.16985027153349805
2025-03-04,DZA,0.17598531282124677
2025-03-05,DZA,0.1077445860809038
2025-03-06,DZA,0.16639406012276897
2025-03-07,DZA,0.16894612112165686
2025-03-08,DZA,0.20427994073781255
2025-03-09,DZA,0.23594881058499767
2025-03-10,DZA,0.18403624870278648
2025-03-11,DZA,0.19996670419822218
2025-03-12,DZA,0.45542449765059295
2025-03-13,DZA,0.482188498889025
2025-03-14,DZA,0.5325270918618787
2025-03-15,DZA,0.4862098944644861
2025-03-16,DZA,0.5715946712299013
2025-03-17,DZA,0.5426598272176584
2025-03-18,DZA,0.5475978214892764
2025-03-19,DZA,0.5228833904703057
2025-03-20,DZA,0.5477873696961844
2025-03-21,DZA,0.8405017062094872
2025-03-22,DZA,0.4947615959294655
2025-03-23,DZA,0.47781679555806117
2025-03-24,DZA,0.44665040900717967
2025-03-25,DZA,0.4395348598855149
2025-03-26,DZA,0.5032051746022232
2025-03-27,DZA,0.48359091004907523
2025-03-28,DZA,0.11651724025205237
2024-07-01,TUN,0.3776011428891672
2024-07-02,TUN,0.37781502376107556
2024-07-03,TUN,0.06414237046241507
2024-07-04,TUN,0.0568857760171529
2024-07-05,TUN,0.06297961095658522
2024-07-06,TUN,0.05503839773515677
2024-07-07,TUN,0.10328275672714504
2024-07-08,TUN,0.10328275672714504
2024-07-09,TUN,0.06600123279219482
2024-07-10,TUN,0.4338138965260565
2024-07-11,TUN,0.42882526261403087
2024-07-12,TUN,0.42991717268876994
2024-07-13,TUN,0.4690602273753066
2024-07-14,TUN,0.4527108097857731
2024-07-15,TUN,0.5009747509851078
2024-07-16,TUN,0.47404132326497794
2024-07-17,TUN,0.4622787909193497
2024-07-18,TUN,0.470927528927287
2024-07-19,TUN,0.5161805918486058
2024-07-20,TUN,0.47322451484435757
2024-07-21,TUN,0.4957715288830106
2024-07-22,TUN,0.5186973235618179
2024-07-23,TUN,0.9011919459379139
2024-07-24,TUN,0.4857104722394499
2024-07-25,TUN,0.5268679032749775
2024-07-26,TUN,0.493522591925021
2024-07-27,TUN,0.42707187829789284
2024-07-28,TUN,0.4971840889068862
2024-07-29,TUN,0.5148837188482399
2024-07-30,TUN,0.4144248665430933
2024-07-31,TUN,0.4120068550861275
2024-08-01,TUN,0.43863679191270993
2024-08-02,TUN,0.3868150252612963
2024-08-03,TUN,0.3510075280791796
2024-08-04,TUN,0.8861583066368156
2024-08-05,TUN,0.4291111618228842
2024-08-06,TUN,0.44206448200026727
2024-08-07,TUN,0.37440347940130375
2024-08-08,TUN,0.46566610588107876
2024-08-09,TUN,0.3975459756277584
2024-08-10,TUN,0.42461824952970306
2024-08-11,TUN,0.12097265176597367
2024-08-12,TUN,0.08696608336110438
2024-08-13,TUN,0.0932706186892608
2024-08-14,TUN,0.07957340835482649
2024-08-15,TUN,0.10101563389195192
2024-08-16,TUN,0.08123894995465836
2024-08-17,TUN,0.06556975972481321
2024-08-18,TUN,0.5653875407377971
2024-08-19,TUN,0.5479612853996281
2024-08-20,TUN,0.5016119694197586
2024-08-21,TUN,0.48881082696133304
2024-08-22,TUN,0.4780141798056541
2024-08-23,TUN,0.4292216298685038
2024-08-24,TUN,0.49252569535430113
2024-08-25,TUN,0.6044558419639945
2024-08-26,TUN,0.4924361213377892
2024-08-27,TUN,0.4844570307361035
2024-08-28,TUN,0.5345430765255563
2024-08-29,TUN,0.5380969437628089
2024-08-30,TUN,0.5285930461216692
2024-08-31,TUN,0.5326362043257785
2024-09-01,TUN,0.5249744209789464
2024-09-02,TUN,0.569481636436583
2024-09-03,TUN,0.5126416976800278
2024-09-04,TUN,0.47748218795455044
2024-09-05,TUN,0.4924817833588002
2024-09-06,TUN,0.4973210034198834
2024-09-07,TUN,0.6785233936703735
2024-09-08,TUN,0.5129311164653877
2024-09-09,TUN,0.4631538779152014
2024-09-10,TUN,0.3284206305693184
2024-09-11,TUN,0.4750066871588291
2024-09-12,TUN,0.38473842578016687
2024-09-13,TUN,0.3509895820810036
2024-09-14,TUN,0.4520179193012989
2024-09-15,TUN,0.48390255295019596
2024-09-16,TUN,0.41604813509791183
2024-09-17,TUN,0.3885675636151281
2024-09-18,TUN,0.4170140662643582
2024-09-19,TUN,0.4251373064862304
2024-09-20,TUN,0.4101592560158006
2024-09-21,TUN,0.44810522713088224
2024-09-22,TUN,0.5429830619844455
2024-09-23,TUN,0.5180197922340443
2024-09-24,TUN,0.4041147617676252
2024-09-25,TUN,0.4867034436035839
2024-09-26,TUN,0.3688142747821622
2024-09-27,TUN,0.4397823619420026
2024-09-28,TUN,0.46188329879669515
2024-09-29,TUN,0.3807826623875839
2024-09-30,TUN,0.3807826623875839
2024-10-01,TUN,0.44344602923047205
2024-10-02,TUN,0.2991564898128963
2024-10-03,TUN,0.4770472875980418
2024-10-04,TUN,0.3930577080452973
2024-10-05,TUN,0.40811424379031597
2024-10-06,TUN,0.3854081553642044
2024-10-07,TUN,0.4146166325048186
2024-10-08,TUN,0.37924553558548385
2024-10-09,TUN,0.32965495679840184
2024-10-10,TUN,0.38027464402256966
2024-10-11,TUN,0.4134691845870929
2024-10-12,TUN,0.32006478969931534
2024-10-13,TUN,0.32627697596029775
2024-10-14,TUN,0.4157526034542437
2024-10-15,TUN,0.7486815547701964
2024-10-16,TUN,0.404471277013162
2024-10-17,TUN,0.41294307578114725
2024-10-18,TUN,0.3642670759971901
2024-10-19,TUN,0.39272697697732395
2024-10-20,TUN,0.40313569645370195
2024-10-21,TUN,0.36442619445940566
2024-10-22,TUN,0.35424359918033976
2024-10-23,TUN,0.3753493718900038
2024-10-24,TUN,0.3779111184515799
2024-10-25,TUN,0.40033647978196885
2024-10-26,TUN,0.3961791113249414
2024-10-27,TUN,0.42934322538070363
2024-10-28,TUN,0.4257360828039417
2024-10-29,TUN,0.40448612409542006
2024-10-30,TUN,0.49871931125756214
2024-10-31,TUN,0.4222134838125496
2024-11-01,TUN,0.44762337661738666
2024-11-02,TUN,0.5374775223418367
2024-11-03,TUN,0.4983079728076461
2024-11-04,TUN,0.5276979538185191
2024-11-05,TUN,0.4917204456084974
2024-11-06,TUN,0.5528019168183589
2024-11-07,TUN,0.3855694647873168
2024-11-08,TUN,0.5061058556956701
2024-11-09,TUN,0.5677359866676153
2024-11-10,TUN,0.5704985944282948
2024-11-11,TUN,0.4986804647613654
2024-11-12,TUN,0.44558393010206465
2024-11-13,TUN,0.4082004622612943
2024-11-14,TUN,0.48772751561551464
2024-11-15,TUN,0.4345298232690036
2024-11-16,TUN,0.4011165492583493
2024-11-17,TUN,0.43223719278887823
2024-11-18,TUN,0.3938608980636861
2024-11-19,TUN,0.43059231284353483
2024-11-20,TUN,0.438907272018334
2024-11-21,TUN,0.36030865766211606
2024-11-22,TUN,0.3580013189583651
2024-11-23,TUN,0.34905005064083666
2024-11-24,TUN,0.7165264265173544
2024-11-25,TUN,0.4038662830187275
2024-11-26,TUN,0.48888911561020165
2024-11-27,TUN,0.4597240103536158
2024-11-28,TUN,0.5425453966363775
2024-11-29,TUN,0.45772127869202855
2024-11-30,TUN,0.4061159057338485
2024-12-01,TUN,0.39156979920331697
2024-12-02,TUN,0.3956871912018684
2024-12-03,TUN,0.39479048301798736
2024-12-04,TUN,0.3948036079204029
2024-12-05,TUN,0.4085586835142707
2024-12-06,TUN,0.4646543585340912
2024-12-07,TUN,0.7236802953959558
2024-12-08,TUN,0.6502676895892947
2024-12-09,TUN,0.451006799699868
2024-12-10,TUN,0.4168118874722798
2024-12-11,TUN,0.45503898371670315
2024-12-12,TUN,0.3770315201011477
2024-12-13,TUN,0.4612533542256371
2024-12-14,TUN,0.48424165311361883
2024-12-15,TUN,0.39685326275184307
2024-12-16,TUN,0.39419594575708666
2024-12-17,TUN,0.41282957664832326
2024-12-18,TUN,0.4344603281421338
2024-12-19,TUN,0.34995200764170903
2024-12-20,TUN,0.35147982272389605
2024-12-21,TUN,0.4355435766819272
2024-12-22,TUN,0.4565594489220566
2024-12-23,TUN,0.4581180724597954
2024-12-24,TUN,0.4246096105705977
2024-12-25,TUN,0.42820237719404103
2024-12-26,TUN,0.5473505930390068
2024-12-27,TUN,0.44382814587611835
2024-12-28,TUN,0.9120179804342606
2024-12-29,TUN,0.8503563496475496
2024-12-30,TUN,0.5295849061876475
2024-12-31,TUN,0.5054654662175793
2025-01-01,TUN,0.440005194037452
2025-01-02,TUN,0.6660377404054753
2025-01-03,TUN,0.317948779902209
2025-01-04,TUN,0.38501861484227873
2025-01-05,TUN,0.4587052856197295
2025-01-06,TUN,0.43484015013174987
2025-01-07,TUN,0.44196941738642537
2025-01-08,TUN,0.35490745354254055
2025-01-09,TUN,0.3681194233711582
2025-01-10,TUN,0.4264682359659799
2025-01-11,TUN,0.5026951181440713
2025-01-12,TUN,0.4785231030117161
2025-01-13,TUN,0.4593839601776391
2025-01-14,TUN,0.43250916544694235
2025-01-15,TUN,0.4009230229690101
2025-01-16,TUN,0.3681487481459956
2025-01-17,TUN,0.44329413871900364
2025-01-18,TUN,0.5401296950535279
2025-01-19,TUN,0.4983163631812407
2025-01-20,TUN,0.4983163631812407
2025-01-21,TUN,0.5459679620945972
2025-01-22,TUN,0.5317533082909699
2025-01-23,TUN,0.5077701222047215
2025-01-24,TUN,0.5021050571811531
2025-01-25,TUN,0.5274016412695935
2025-01-26,TUN,0.49112702238534073
2025-01-27,TUN,0.46868900379204814
2025-01-28,TUN,0.4970603461670992
2025-01-29,TUN,0.5178214356069979
2025-01-30,TUN,0.48671510780445587
2025-01-31,TUN,0.5155482024449579
2025-02-01,TUN,0.45745467955880875
2025-02-02,TUN,0.47010500278622047
2025-02-03,TUN,0.38963503112693104
2025-02-04,TUN,0.38003174839516035
2025-02-05,TUN,0.5054106044317467
2025-02-06,TUN,0.47895656228767575
2025-02-07,TUN,0.43226991019950334
2025-02-08,TUN,0.5272359990333558
2025-02-09,TUN,0.8727054055367207
2025-02-10,TUN,0.5683576683899776
2025-02-11,TUN,0.4601897557225476
2025-02-12,TUN,0.44722778408668906
2025-02-13,TUN,0.4561767707387516
2025-02-14,TUN,0.46263345445682075
2025-02-15,TUN,0.39547163085633164
2025-02-16,TUN,0.7457010277510342
2025-02-17,TUN,0.08168485573271834
2025-02-18,TUN,0.07651612498998966
2025-02-19,TUN,0.06735881914239954
2025-02-20,TUN,0.08713449386047144
2025-02-21,TUN,0.09780190692004748
2025-02-22,TUN,0.08814440902547749
2025-02-23,TUN,0.41437741283387086
2025-02-24,TUN,0.41690928049286896
2025-02-25,TUN,0.41690928049286896
2025-02-26,TUN,0.37586453591686786
2025-02-27,TUN,0.3667278654836794
2025-02-28,TUN,0.4164166771978136
2025-03-01,TUN,0.4402759974303734
2025-03-02,TUN,0.5997876756785171
2025-03-03,TUN,0.6038998649937951
2025-03-04,TUN,0.5602758464828645
2025-03-05,TUN,0.5141799227251945
2025-03-06,TUN,0.5634678426592886
2025-03-07,TUN,0.4693482343347975
2025-03-08,TUN,0.46225343683733916
2025-03-09,TUN,0.46844949280426634
2025-03-10,TUN,0.4443069807362473
2025-03-11,TUN,0.4788917734489396
2025-03-12,TUN,0.4539423940249174
2025-03-13,TUN,0.4111584387521753
2025-03-14,TUN,0.5454591652210067
2025-03-15,TUN,0.536946494478646
2025-03-16,TUN,0.585337886110513
2025-03-17,TUN,0.5712869306934467
2025-03-18,TUN,0.4956146278959085
2025-03-19,TUN,0.4908534449299375
2025-03-20,TUN,0.5398975581013379
2025-03-21,TUN,0.5515367696624016
2025-03-22,TUN,0.4563876523073492
2025-03-23,TUN,0.4704773200283347
2025-03-24,TUN,0.4704773200283347
2025-03-25,TUN,0.41773969846979114
2025-03-26,TUN,0.45213194941199364
2025-03-27,TUN,0.43350173420708715
2025-03-28,TUN,0.3626699611640637
2024-07-01,MLI,0.7198564176217235
2024-07-02,MLI,0.18956330190938325
2024-07-03,MLI,0.7189260073953406
2024-07-04,MLI,0.34177486712203525
2024-07-05,MLI,0.2221975978531392
2024-07-06,MLI,0.11936360903367596
2024-07-07,MLI,0.14736950041079364
2024-07-08,MLI,0.06538229288086417
2024-07-09,MLI,0.29549459352244084
2024-07-10,MLI,0.03300001310074747
2024-07-11,MLI,0.04362281755850792
2024-07-12,MLI,0.10081520474743826
2024-07-13,MLI,0.04555060148038062
2024-07-14,MLI,0.03849370601687591
2024-07-15,MLI,0.05150956832802774
2024-07-16,MLI,0.059836915568655405
2024-07-17,MLI,0.227236303867105
2024-07-18,MLI,0.28887646066731276
2024-07-19,MLI,0.3680944839747159
2024-07-20,MLI,0.24495975926080973
2024-07-21,MLI,0.8033607790834483
2024-07-22,MLI,0.4337202937842326
2024-07-23,MLI,0.2770077193093404
2024-07-24,MLI,0.17613297350251286
2024-07-25,MLI,0.7162710491645417
2024-07-26,MLI,0.911590298081135
2024-07-27,MLI,0.882654318272513
2024-07-28,MLI,0.662918214355103
2024-07-29,MLI,0.10052525180033611
2024-07-30,MLI,0.718685236265599
2024-07-31,MLI,0.2152923024621712
2024-08-01,MLI,0.031585218747931264
2024-08-02,MLI,0.023012673680948094
2024-08-03,MLI,0.04432889545269829
2024-08-04,MLI,0.01628549785104621
2024-08-05,MLI,0.048334792894460014
2024-08-06,MLI,0.020580943005710128
2024-08-07,MLI,0.02085349689263722
2024-08-08,MLI,0.023017847039570053
2024-08-09,MLI,0.01808110184541401
2024-08-10,MLI,0.016600952052935363
2024-08-11,MLI,0.015850618412224193
2024-08-12,MLI,0.02106903855215852
2024-08-13,MLI,0.2646542260669018
2024-08-14,MLI,0.16696320056483877
2024-08-15,MLI,0.7079148479868909
2024-08-16,MLI,0.17795264662872334
2024-08-17,MLI,0.20706682817425384
2024-08-18,MLI,0.3802489111090613
2024-08-19,MLI,0.4544813655233871
2024-08-20,MLI,0.3763455923495205
2024-08-21,MLI,0.8577830704426701
2024-08-22,MLI,0.32367079050739195
2024-08-23,MLI,0.23552776213668702
2024-08-24,MLI,0.11253990592863981
2024-08-25,MLI,0.7936648704493432
2024-08-26,MLI,0.16807404465425013
2024-08-27,MLI,0.195300400982219
2024-08-28,MLI,0.14999764051042705
2024-08-29,MLI,0.2486799491069425
2024-08-30,MLI,0.19094787219928275
2024-08-31,MLI,0.4582567030795346
2024-09-01,MLI,0.13349651711679197
2024-09-02,MLI,0.14268766456607518
2024-09-03,MLI,0.1017853825588589
2024-09-04,MLI,0.11669365762453296
2024-09-05,MLI,0.14244551362677924
2024-09-06,MLI,0.08575568802468315
2024-09-07,MLI,0.1305040419761706
2024-09-08,MLI,0.1872196301450266
2024-09-09,MLI,0.1626057380076179
2024-09-10,MLI,0.18651017429264036
2024-09-11,MLI,0.44088864364880026
2024-09-12,MLI,0.2589087518654991
2024-09-13,MLI,0.54162611450454
2024-09-14,MLI,0.6281444611717549
2024-09-15,MLI,0.4808921779185154
2024-09-16,MLI,0.7764575596040854
2024-09-17,MLI,0.9440575504134819
2024-09-18,MLI,0.6915361810441178
2024-09-19,MLI,0.41296561475746457
2024-09-20,MLI,0.8678800164398716
2024-09-21,MLI,0.153939571830022
2024-09-22,MLI,0.7651425138862719
2024-09-23,MLI,0.13859773727473526
2024-09-24,MLI,0.011399498587619981
2024-09-25,MLI,0.02565274977394795
2024-09-26,MLI,0.01417605558970981
2024-09-27,MLI,0.022313040104508165
2024-09-28,MLI,0.019937840505826063
2024-09-29,MLI,0.0501216045627568
2024-09-30,MLI,0.02023804566426034
2024-10-01,MLI,0.13545463815912032
2024-10-02,MLI,0.1870348423770098
2024-10-03,MLI,0.16458422045379378
2024-10-04,MLI,0.4328132732737505
2024-10-05,MLI,0.2641124102015306
2024-10-06,MLI,0.6311562015299985
2024-10-07,MLI,0.26341015839066223
2024-10-08,MLI,0.35208497241897396
2024-10-09,MLI,0.4573550153737192
2024-10-10,MLI,0.5321694929899241
2024-10-11,MLI,0.44105518720662634
2024-10-12,MLI,0.32144949280892526
2024-10-13,MLI,0.1647601914686846
2024-10-14,MLI,0.3735657712861459
2024-10-15,MLI,0.3410357575820263
2024-10-16,MLI,0.13535090530208563
2024-10-17,MLI,0.13027348961850932
2024-10-18,MLI,0.12052703696507347
2024-10-19,MLI,0.12746856186597547
2024-10-20,MLI,0.25371867933375164
2024-10-21,MLI,0.8672287071325788
2024-10-22,MLI,0.2859543621033871
2024-10-23,MLI,0.32676716588269733
2024-10-24,MLI,0.8375451110215998
2024-10-25,MLI,0.6677136782516138
2024-10-26,MLI,0.3495858130790318
2024-10-27,MLI,0.32766911788350944
2024-10-28,MLI,0.6058629821647017
2024-10-29,MLI,0.2761712986575648
2024-10-30,MLI,0.22048164892805516
2024-10-31,MLI,0.12676902499231596
2024-11-01,MLI,0.1560678975320136
2024-11-02,MLI,0.21604387234103326
2024-11-03,MLI,0.08460621617636062
2024-11-04,MLI,0.14425441474555903
2024-11-05,MLI,0.3778655448861269
2024-11-06,MLI,0.24049133806723366
2024-11-07,MLI,0.42944684463615107
2024-11-08,MLI,0.3508019101101935
2024-11-09,MLI,0.3186193824637769
2024-11-10,MLI,0.24779621671261995
2024-11-11,MLI,0.6464092584342809
2024-11-12,MLI,0.23949704187546036
2024-11-13,MLI,0.2907546777182488
2024-11-14,MLI,0.43394075963812073
2024-11-15,MLI,0.28542788489862453
2024-11-16,MLI,0.6131424356007144
2024-11-17,MLI,0.23223400357280347
2024-11-18,MLI,0.11439016100068126
2024-11-19,MLI,0.4913787158832879
2024-11-20,MLI,0.2105251683410215
2024-11-21,MLI,0.390947942732962
2024-11-22,MLI,0.116288182177448
2024-11-23,MLI,0.2127621224814558
2024-11-24,MLI,0.2975951679519714
2024-11-25,MLI,0.7254250580562307
2024-11-26,MLI,0.3339980658450156
2024-11-27,MLI,0.2267495599309881
2024-11-28,MLI,0.20553455102094265
2024-11-29,MLI,0.2715815495074862
2024-11-30,MLI,0.22367534438504777
2024-12-01,MLI,0.6560132304845072
2024-12-02,MLI,0.7387354296355321
2024-12-03,MLI,0.29420658795645527
2024-12-04,MLI,0.23812454536662128
2024-12-05,MLI,0.24185022095484213
2024-12-06,MLI,0.1913852383211809
2024-12-07,MLI,0.29452265060025823
2024-12-08,MLI,0.3402806218805182
2024-12-09,MLI,0.19766739283259133
2024-12-10,MLI,0.2782780351355976
2024-12-11,MLI,0.4384622689804505
2024-12-12,MLI,0.19621561131210954
2024-12-13,MLI,0.2396917275962204
2024-12-14,MLI,0.29327602680109605
2024-12-15,MLI,0.7928487829448935
2024-12-16,MLI,0.624595839175248
2024-12-17,MLI,0.6345628598472451
2024-12-18,MLI,0.4962982723974951
2024-12-19,MLI,0.41383513708206854
2024-12-20,MLI,0.4815006439431892
2024-12-21,MLI,0.6949153619959466
2024-12-22,MLI,0.18899355468398568
2024-12-23,MLI,0.25111997700551547
2024-12-24,MLI,0.5833168270054073
2024-12-25,MLI,0.3168058893067175
2024-12-26,MLI,0.6618856333036195
2024-12-27,MLI,0.21667421606434448
2024-12-28,MLI,0.544273262206322
2024-12-29,MLI,0.19485803595016568
2024-12-30,MLI,0.19380875242016282
2024-12-31,MLI,0.29932332084475893
2025-01-01,MLI,0.1685034280689474
2025-01-02,MLI,0.3440758270057013
2025-01-03,MLI,0.40515750975274967
2025-01-04,MLI,0.15441199746559428
2025-01-05,MLI,0.19116872976661467
2025-01-06,MLI,0.6050280537984496
2025-01-07,MLI,0.17177295383209942
2025-01-08,MLI,0.38198319423664934
2025-01-09,MLI,0.20035008803218507
2025-01-10,MLI,0.17560396838105
2025-01-11,MLI,0.4134008882486676
2025-01-12,MLI,0.7313633385878855
2025-01-13,MLI,0.13433808666336888
2025-01-14,MLI,0.3909284411850371
2025-01-15,MLI,0.1738678511387981
2025-01-16,MLI,0.17789184813384454
2025-01-17,MLI,0.11624466440137188
2025-01-18,MLI,0.13186306461566688
2025-01-19,MLI,0.1307829608202834
2025-01-20,MLI,0.20354967282042072
2025-01-21,MLI,0.15601203698895305
2025-01-22,MLI,0.1298142199234918
2025-01-23,MLI,0.12219635743566054
2025-01-24,MLI,0.3248556727637616
2025-01-25,MLI,0.1480792268215196
2025-01-26,MLI,0.29504681162062374
2025-01-27,MLI,0.4576002746137481
2025-01-28,MLI,0.7328421396496068
2025-01-29,MLI,0.5672466130659971
2025-01-30,MLI,0.36517302969038506
2025-01-31,MLI,0.28221973041428633
2025-02-01,MLI,0.5847506949588417
2025-02-02,MLI,0.2875653198066197
2025-02-03,MLI,0.3372700960213082
2025-02-04,MLI,0.05708372995547488
2025-02-05,MLI,0.0525558150517667
2025-02-06,MLI,0.05990761534987485
2025-02-07,MLI,0.7285085337855927
2025-02-08,MLI,0.08941789372609618
2025-02-09,MLI,0.13723740716918978
2025-02-10,MLI,0.669418001975067
2025-02-11,MLI,0.6798594263314293
2025-02-12,MLI,0.8810044965710658
2025-02-13,MLI,0.291036492422501
2025-02-14,MLI,0.041210751636014745
2025-02-15,MLI,0.07662836167925398
2025-02-16,MLI,0.291007470273585
2025-02-17,MLI,0.4019222356818935
2025-02-18,MLI,0.1486619061156217
2025-02-19,MLI,0.17400178511261707
2025-02-20,MLI,0.15829671712192006
2025-02-21,MLI,0.615564226318152
2025-02-22,MLI,0.20088813199382358
2025-02-23,MLI,0.4455018805924328
2025-02-24,MLI,0.04812036194193626
2025-02-25,MLI,0.06719974310375051
2025-02-26,MLI,0.07703742002076155
2025-02-27,MLI,0.04249347533656003
2025-02-28,MLI,0.09086462039549388
2025-03-01,MLI,0.06319333021829955
2025-03-02,MLI,0.04134757069405138
2025-03-03,MLI,0.1731471631639493
2025-03-04,MLI,0.47632998489892464
2025-03-05,MLI,0.20239329270154222
2025-03-06,MLI,0.23741557559676996
2025-03-07,MLI,0.38605296770936187
2025-03-08,MLI,0.3139451364437679
2025-03-09,MLI,0.36429056001346904
2025-03-10,MLI,0.48857562357016837
2025-03-11,MLI,0.3596977287350931
2025-03-12,MLI,0.3708996377258309
2025-03-13,MLI,0.5602062482405961
2025-03-14,MLI,0.3922477626103009
2025-03-15,MLI,0.41038494257313557
2025-03-16,MLI,0.5615783397481571
2025-03-17,MLI,0.32930827287018466
2025-03-18,MLI,0.9210905592578918
2025-03-19,MLI,0.6967703840989752
2025-03-20,MLI,0.7481254476360141
2025-03-21,MLI,0.31500693433805355
2025-03-22,MLI,0.3426249561158387
2025-03-23,MLI,0.25554924742030244
2025-03-24,MLI,0.37808426155486147
2025-03-25,MLI,0.1973106722018642
2025-03-26,MLI,0.24632511042825936
2025-03-27,MLI,0.7289525764962006
2025-03-28,MLI,0.2416615065061682
2024-07-01,BFA,0.4493716317491943
2024-07-02,BFA,0.16172581266950728
2024-07-03,BFA,0.10530258549214523
2024-07-04,BFA,0.19935988371772784
2024-07-05,BFA,0.05610155902423748
2024-07-06,BFA,0.043959570291343286
2024-07-07,BFA,0.0340037598478653
2024-07-08,BFA,0.023731951130368998
2024-07-09,BFA,0.023424439811493395
2024-07-10,BFA,0.031772068059714074
2024-07-11,BFA,0.0307696602421663
2024-07-12,BFA,0.09339831854780246
2024-07-13,BFA,0.020673602863987017
2024-07-14,BFA,0.4616250998414991
2024-07-15,BFA,0.6521271439446805
2024-07-16,BFA,0.45455329478498296
2024-07-17,BFA,0.1398831883680671
2024-07-18,BFA,0.17132618437763214
2024-07-19,BFA,0.6505735605554194
2024-07-20,BFA,0.17512723616952114
2024-07-21,BFA,0.20203901332486573
2024-07-22,BFA,0.10183355436764868
2024-07-23,BFA,0.5032128677100058
2024-07-24,BFA,0.08813173596452391
2024-07-25,BFA,0.576986603592605
2024-07-26,BFA,0.12460967916985446
2024-07-27,BFA,0.06428410465092904
2024-07-28,BFA,0.09561231190371804
2024-07-29,BFA,0.10742800874022203
2024-07-30,BFA,0.21215250247364925
2024-07-31,BFA,0.5099959405765885
2024-08-01,BFA,0.051884909148875565
2024-08-02,BFA,0.03940967669922439
2024-08-03,BFA,0.04315475835588877
2024-08-04,BFA,0.26876141957030303
2024-08-05,BFA,0.15154488329787966
2024-08-06,BFA,0.13605111234200715
2024-08-07,BFA,0.16198500855834297
2024-08-08,BFA,0.6031955198461593
2024-08-09,BFA,0.8056106245585241
2024-08-10,BFA,0.25016744090356346
2024-08-11,BFA,0.12281894804228986
2024-08-12,BFA,0.10241606978063046
2024-08-13,BFA,0.15114787592634812
2024-08-14,BFA,0.15140859321403038
2024-08-15,BFA,0.11778952771575042
2024-08-16,BFA,0.017349603395462737
2024-08-17,BFA,0.012230755659376383
2024-08-18,BFA,0.023897477219928548
2024-08-19,BFA,0.0454887389549028
2024-08-20,BFA,0.02107222851359601
2024-08-21,BFA,0.027881780354008623
2024-08-22,BFA,0.017117794094274715
2024-08-23,BFA,0.27358144393206413
2024-08-24,BFA,0.8500702993780652
2024-08-25,BFA,0.40741835150716693
2024-08-26,BFA,0.18557501468286847
2024-08-27,BFA,0.12625723850050308
2024-08-28,BFA,0.0702742355115786
2024-08-29,BFA,0.07893009187774035
2024-08-30,BFA,0.7973100274177063
2024-08-31,BFA,0.022377980586305423
2024-09-01,BFA,0.021328556085440053
2024-09-02,BFA,0.021757932247012647
2024-09-03,BFA,0.018939698556829615
2024-09-04,BFA,0.02116450119460485
2024-09-05,BFA,0.024402682315432744
2024-09-06,BFA,0.024766991358691787
2024-09-07,BFA,0.12742569483932678
2024-09-08,BFA,0.1937834183384806
2024-09-09,BFA,0.3531912825170982
2024-09-10,BFA,0.1664458047776365
2024-09-11,BFA,0.19061082404475796
2024-09-12,BFA,0.2665029013899632
2024-09-13,BFA,0.7440021703905227
2024-09-14,BFA,0.6958344068502665
2024-09-15,BFA,0.49257141519133135
2024-09-16,BFA,0.15019378212054924
2024-09-17,BFA,0.39616785240564295
2024-09-18,BFA,0.17142397045479915
2024-09-19,BFA,0.1617186613493944
2024-09-20,BFA,0.14459025859876015
2024-09-21,BFA,0.1821927714086411
2024-09-22,BFA,0.17466945084321672
2024-09-23,BFA,0.18362811213684294
2024-09-24,BFA,0.162364869915702
2024-09-25,BFA,0.4048152812237128
2024-09-26,BFA,0.16300105561409867
2024-09-27,BFA,0.5966029076396984
2024-09-28,BFA,0.6790148834794513
2024-09-29,BFA,0.5668294294772196
2024-09-30,BFA,0.7114118498708156
2024-10-01,BFA,0.322392831947178
2024-10-02,BFA,0.7453444717178412
2024-10-03,BFA,0.16504951910603347
2024-10-04,BFA,0.19582709283823915
2024-10-05,BFA,0.4928529660713793
2024-10-06,BFA,0.30502673963097837
2024-10-07,BFA,0.07294054889627474
2024-10-08,BFA,0.3204315620051651
2024-10-09,BFA,0.05299343000490202
2024-10-10,BFA,0.3771039550025676
2024-10-11,BFA,0.12716969971071715
2024-10-12,BFA,0.14260413399342992
2024-10-13,BFA,0.12942633327926328
2024-10-14,BFA,0.07338373936761387
2024-10-15,BFA,0.2802680901634628
2024-10-16,BFA,0.10698977250750416
2024-10-17,BFA,0.3426295857483525
2024-10-18,BFA,0.2875991217093703
2024-10-19,BFA,0.3359981939677086
2024-10-20,BFA,0.06223749439379685
2024-10-21,BFA,0.16025805679134772
2024-10-22,BFA,0.3591649351198744
2024-10-23,BFA,0.1970947188449211
2024-10-24,BFA,0.20379098739284643
2024-10-25,BFA,0.13169501052988697
2024-10-26,BFA,0.1483591547008914
2024-10-27,BFA,0.10138794858380805
2024-10-28,BFA,0.30164530056200817
2024-10-29,BFA,0.617056848055275
2024-10-30,BFA,0.3017789145385571
2024-10-31,BFA,0.45767555015327555
2024-11-01,BFA,0.6743284066609246
2024-11-02,BFA,0.5988561447123053
2024-11-03,BFA,0.6149495307796206
2024-11-04,BFA,0.42081718389395134
2024-11-05,BFA,0.7775004009303427
2024-11-06,BFA,0.7457990057140204
2024-11-07,BFA,0.505343704522814
2024-11-08,BFA,0.319948642446635
2024-11-09,BFA,0.11329098391682181
2024-11-10,BFA,0.1297561809554343
2024-11-11,BFA,0.0953635916361035
2024-11-12,BFA,0.06611943759424638
2024-11-13,BFA,0.03110576018839877
2024-11-14,BFA,0.08694503301560777
2024-11-15,BFA,0.04999350626705287
2024-11-16,BFA,0.06317356081549695
2024-11-17,BFA,0.15317641124582174
2024-11-18,BFA,0.07047800137956617
2024-11-19,BFA,0.13171353440221953
2024-11-20,BFA,0.30468928390029
2024-11-21,BFA,0.7182405788266135
2024-11-22,BFA,0.12971249410689975
2024-11-23,BFA,0.6803992322704726
2024-11-24,BFA,0.7321675276071826
2024-11-25,BFA,0.5551479089349167
2024-11-26,BFA,0.1810238054339828
2024-11-27,BFA,0.19432213406624413
2024-11-28,BFA,0.22631901935187249
2024-11-29,BFA,0.07484262344750446
2024-11-30,BFA,0.6396384029978136
2024-12-01,BFA,0.7010058938911384
2024-12-02,BFA,0.19658264888950802
2024-12-03,BFA,0.15238890852158113
2024-12-04,BFA,0.13684246226696886
2024-12-05,BFA,0.6530099895597719
2024-12-06,BFA,0.10552162151595132
2024-12-07,BFA,0.11335008770536595
2024-12-08,BFA,0.09593067897513392
2024-12-09,BFA,0.08298945743731095
2024-12-10,BFA,0.6908273836675867
2024-12-11,BFA,0.0834901057643267
2024-12-12,BFA,0.12176956640424043
2024-12-13,BFA,0.5533150951697542
2024-12-14,BFA,0.06386648571606787
2024-12-15,BFA,0.26168510089712593
2024-12-16,BFA,0.15708473183308336
2024-12-17,BFA,0.28651463679240746
2024-12-18,BFA,0.23493408093389084
2024-12-19,BFA,0.06898785328925677
2024-12-20,BFA,0.04865462281790389
2024-12-21,BFA,0.2903717959347471
2024-12-22,BFA,0.11795422263106621
2024-12-23,BFA,0.3700629819980878
2024-12-24,BFA,0.36312935762324955
2024-12-25,BFA,0.21652048058531645
2024-12-26,BFA,0.17518437839841214
2024-12-27,BFA,0.1822839242945064
2024-12-28,BFA,0.30387755442854963
2024-12-29,BFA,0.6929864293489104
2024-12-30,BFA,0.23852052754092937
2024-12-31,BFA,0.3189418598502906
2025-01-01,BFA,0.09735010218708776
2025-01-02,BFA,0.3782273447265447
2025-01-03,BFA,0.6502224540959145
2025-01-04,BFA,0.49086074684558956
2025-01-05,BFA,0.37268322780218727
2025-01-06,BFA,0.17630857255771315
2025-01-07,BFA,0.7414755291214712
2025-01-08,BFA,0.6144154567384486
2025-01-09,BFA,0.7604211411761044
2025-01-10,BFA,0.28283868106128646
2025-01-11,BFA,0.20425968791760843
2025-01-12,BFA,0.16285879995837435
2025-01-13,BFA,0.2637331826866249
2025-01-14,BFA,0.1590938857177273
2025-01-15,BFA,0.1632567657137642
2025-01-16,BFA,0.1745393905077491
2025-01-17,BFA,0.2075257839903964
2025-01-18,BFA,0.12848848939817795
2025-01-19,BFA,0.15142350098191026
2025-01-20,BFA,0.14298957710794186
2025-01-21,BFA,0.187662684650892
2025-01-22,BFA,0.5993786029839717
2025-01-23,BFA,0.33982229407880704
2025-01-24,BFA,0.38649506618052043
2025-01-25,BFA,0.10159414448539851
2025-01-26,BFA,0.20505817205438998
2025-01-27,BFA,0.21412324354027237
2025-01-28,BFA,0.7707957172498227
2025-01-29,BFA,0.09777400813711011
2025-01-30,BFA,0.09389014115240323
2025-01-31,BFA,0.04131092112636127
2025-02-01,BFA,0.0531204908864639
2025-02-02,BFA,0.059564434364209676
2025-02-03,BFA,0.11326692541684975
2025-02-04,BFA,0.053399313086233496
2025-02-05,BFA,0.08919707034955993
2025-02-06,BFA,0.297323191866525
2025-02-07,BFA,0.1199691971153256
2025-02-08,BFA,0.44191303100156004
2025-02-09,BFA,0.17935623788860452
2025-02-10,BFA,0.7056230294434708
2025-02-11,BFA,0.30948891498547754
2025-02-12,BFA,0.505093940347721
2025-02-13,BFA,0.37169258308457703
2025-02-14,BFA,0.704729319801464
2025-02-15,BFA,0.5267838897112469
2025-02-16,BFA,0.36323899298003093
2025-02-17,BFA,0.038892351084516705
2025-02-18,BFA,0.08203573903573237
2025-02-19,BFA,0.03450328494586637
2025-02-20,BFA,0.09532479464634626
2025-02-21,BFA,0.02946621156184798
2025-02-22,BFA,0.045721177296561936
2025-02-23,BFA,0.05136235879576678
2025-02-24,BFA,0.1377876475760857
2025-02-25,BFA,0.10691940489122907
2025-02-26,BFA,0.10187048626787534
2025-02-27,BFA,0.06779080150180185
2025-02-28,BFA,0.1604754219764859
2025-03-01,BFA,0.06477459066878939
2025-03-02,BFA,0.09259436315526655
2025-03-03,BFA,0.06698452804904358
2025-03-04,BFA,0.39668796908319015
2025-03-05,BFA,0.5087606698226563
2025-03-06,BFA,0.6392243700626584
2025-03-07,BFA,0.28943335405169834
2025-03-08,BFA,0.7366495336437707
2025-03-09,BFA,0.3940958432383835
2025-03-10,BFA,0.8897106884109821
2025-03-11,BFA,0.571064722351309
2025-03-12,BFA,0.38092360181949
2025-03-13,BFA,0.3680182443168869
2025-03-14,BFA,0.6604960004606302
2025-03-15,BFA,0.06780308449003405
2025-03-16,BFA,0.06461266765586447
2025-03-17,BFA,0.02561432335631161
2025-03-18,BFA,0.03162475953396088
2025-03-19,BFA,0.3147540909083395
2025-03-20,BFA,0.02786802631942801
2025-03-21,BFA,0.033725445960420035
2025-03-22,BFA,0.04204069704997396
2025-03-23,BFA,0.033768959137400134
2025-03-24,BFA,0.09998646460770237
2025-03-25,BFA,0.08875165336329012
2025-03-26,BFA,0.08574769446815514
2025-03-27,BFA,0.07425924322230186
2025-03-28,BFA,0.49315897156601757
2024-07-01,NER,0.893082815995085
2024-07-02,NER,0.03180025620349942
2024-07-03,NER,0.03210253943383933
2024-07-04,NER,0.03993086342624936
2024-07-05,NER,0.14411346872071962
2024-07-06,NER,0.03331277765361847
2024-07-07,NER,0.02516989284348824
2024-07-08,NER,0.045870243141960435
2024-07-09,NER,0.08637543391404022
2024-07-10,NER,0.0826891492457456
2024-07-11,NER,0.08150061518051636
2024-07-12,NER,0.2378764475375122
2024-07-13,NER,0.09246212716387814
2024-07-14,NER,0.10234920097963142
2024-07-15,NER,0.7061404704925415
2024-07-16,NER,0.32263635619385445
2024-07-17,NER,0.4729192885895244
2024-07-18,NER,0.13554858315225657
2024-07-19,NER,0.16251074527712572
2024-07-20,NER,0.1447115926317803
2024-07-21,NER,0.14860627292281114
2024-07-22,NER,0.4558303253128435
2024-07-23,NER,0.3108870452353453
2024-07-24,NER,0.09626472598360522
2024-07-25,NER,0.6364606792571837
2024-07-26,NER,0.2195450745581783
2024-07-27,NER,0.38186754414974816
2024-07-28,NER,0.18838228662587492
2024-07-29,NER,0.05753762861702594
2024-07-30,NER,0.0810985634451235
2024-07-31,NER,0.09939793109211739
2024-08-01,NER,0.04818513783369789
2024-08-02,NER,0.04978911018436732
2024-08-03,NER,0.0443421601122451
2024-08-04,NER,0.047971831479122005
2024-08-05,NER,0.2926869680163434
2024-08-06,NER,0.12860201558352843
2024-08-07,NER,0.10123031620848826
2024-08-08,NER,0.10132277507213974
2024-08-09,NER,0.38582321657447266
2024-08-10,NER,0.35502812995292216
2024-08-11,NER,0.38735573884281044
2024-08-12,NER,0.5980111778912153
2024-08-13,NER,0.9044714701149387
2024-08-14,NER,0.3588175649772896
2024-08-15,NER,0.7661817871108756
2024-08-16,NER,0.3303966956817102
2024-08-17,NER,0.193685051010317
2024-08-18,NER,0.2201233071413668
2024-08-19,NER,0.5335392181515582
2024-08-20,NER,0.02643211012809325
2024-08-21,NER,0.07162015365655992
2024-08-22,NER,0.43893983989993973
2024-08-23,NER,0.40665612489805697
2024-08-24,NER,0.061717016404969176
2024-08-25,NER,0.03389920286888373
2024-08-26,NER,0.8405664181390813
2024-08-27,NER,0.516270661863857
2024-08-28,NER,0.4873124996130502
2024-08-29,NER,0.04750329447924645
2024-08-30,NER,0.06749652986215976
2024-08-31,NER,0.031997935977158665
2024-09-01,NER,0.059862512272292515
2024-09-02,NER,0.010776604696069851
2024-09-03,NER,0.10377920464185675
2024-09-04,NER,0.018182474993100738
2024-09-05,NER,0.015579123111662445
2024-09-06,NER,0.015222449893688794
2024-09-07,NER,0.016486991729283806
2024-09-08,NER,0.019792342065862962
2024-09-09,NER,0.4664399053281009
2024-09-10,NER,0.17963617345258792
2024-09-11,NER,0.22298153768368417
2024-09-12,NER,0.17258816639164215
2024-09-13,NER,0.4815165278369506
2024-09-14,NER,0.3268877971252688
2024-09-15,NER,0.49935155539835313
2024-09-16,NER,0.6180210793806801
2024-09-17,NER,0.8076620132422229
2024-09-18,NER,0.903362563360035
2024-09-19,NER,0.8261628748834101
2024-09-20,NER,0.5682994450795258
2024-09-21,NER,0.9312514158973889
2024-09-22,NER,0.5840116457126183
2024-09-23,NER,0.5660637171460997
2024-09-24,NER,0.7493139176914765
2024-09-25,NER,0.022959558376315026
2024-09-26,NER,0.024523242295024002
2024-09-27,NER,0.03573850939533516
2024-09-28,NER,0.026349955199921598
2024-09-29,NER,0.015634215486856357
2024-09-30,NER,0.018581247737561975
2024-10-01,NER,0.030763059816004832
2024-10-02,NER,0.020163443133959028
2024-10-03,NER,0.018621063186891353
2024-10-04,NER,0.03194530126419275
2024-10-05,NER,0.22863014806938903
2024-10-06,NER,0.1784012741893636
2024-10-07,NER,0.2050318586730315
2024-10-08,NER,0.502952744265957
2024-10-09,NER,0.37156370187928606
2024-10-10,NER,0.477441312521364
2024-10-11,NER,0.5335580923346631
2024-10-12,NER,0.5349627561062101
2024-10-13,NER,0.3917178643258131
2024-10-14,NER,0.5180155187989979
2024-10-15,NER,0.7345420990701484
2024-10-16,NER,0.5154547542882925
2024-10-17,NER,0.46844626443799947
2024-10-18,NER,0.40914302417509985
2024-10-19,NER,0.6174408437723532
2024-10-20,NER,0.42685566730019503
2024-10-21,NER,0.46640779728729537
2024-10-22,NER,0.3636975112903025
2024-10-23,NER,0.2948259939446026
2024-10-24,NER,0.34954056987267074
2024-10-25,NER,0.3697381289861515
2024-10-26,NER,0.32137692420754305
2024-10-27,NER,0.2251803624263235
2024-10-28,NER,0.30905427582064765
2024-10-29,NER,0.15706245911965905
2024-10-30,NER,0.3344727894628684
2024-10-31,NER,0.45972310790674925
2024-11-01,NER,0.28642522920853575
2024-11-02,NER,0.5317776076008923
2024-11-03,NER,0.7423632546895663
2024-11-04,NER,0.7423632546895663
2024-11-05,NER,0.7816194300387892
2024-11-06,NER,0.4873665887044299
2024-11-07,NER,0.3680277111180536
2024-11-08,NER,0.3702642459215848
2024-11-09,NER,0.6302329763470479
2024-11-10,NER,0.39181013645622953
2024-11-11,NER,0.561974286068955
2024-11-12,NER,0.39796605695935733
2024-11-13,NER,0.6166695928186418
2024-11-14,NER,0.4816990008666158
2024-11-15,NER,0.6335856322944967
2024-11-16,NER,0.41971517769551364
2024-11-17,NER,0.48965485284648286
2024-11-18,NER,0.8503532065314602
2024-11-19,NER,0.846911743653467
2024-11-20,NER,0.6084293932739169
2024-11-21,NER,0.34138461904138795
2024-11-22,NER,0.7044550524645355
2024-11-23,NER,0.2960317325962818
2024-11-24,NER,0.21940952532259994
2024-11-25,NER,0.42374939853232296
2024-11-26,NER,0.08965564249474081
2024-11-27,NER,0.12770154776036216
2024-11-28,NER,0.19429881165668839
2024-11-29,NER,0.1378797348237052
2024-11-30,NER,0.10822417946201963
2024-12-01,NER,0.09755505788145374
2024-12-02,NER,0.25849148249873527
2024-12-03,NER,0.3623440843787671
2024-12-04,NER,0.22791366231601395
2024-12-05,NER,0.9195757312290941
2024-12-06,NER,0.8598888547851322
2024-12-07,NER,0.6328598636405393
2024-12-08,NER,0.8486181406917545
2024-12-09,NER,0.8219106869703163
2024-12-10,NER,0.9466756260222721
2024-12-11,NER,0.6478081810017037
2024-12-12,NER,0.4012479438911874
2024-12-13,NER,0.588660508155297
2024-12-14,NER,0.12685484057959256
2024-12-15,NER,0.08083620309890896
2024-12-16,NER,0.06323519963013903
2024-12-17,NER,0.014373802264239137
2024-12-18,NER,0.006894661835141801
2024-12-19,NER,0.011393979696813017
2024-12-20,NER,0.04259274234436394
2024-12-21,NER,0.02627585902648129
2024-12-22,NER,0.026837441417285324
2024-12-23,NER,0.04541674816101467
2024-12-24,NER,0.05458502239415805
2024-12-25,NER,0.07927105425757898
2024-12-26,NER,0.07854203458499395
2024-12-27,NER,0.10946416736728126
2024-12-28,NER,0.06694095232164596
2024-12-29,NER,0.06988794164545857
2024-12-30,NER,0.04937165418959337
2024-12-31,NER,0.07177564256376862
2025-01-01,NER,0.053020124342867375
2025-01-02,NER,0.08861343998979207
2025-01-03,NER,0.364161470263073
2025-01-04,NER,0.33886663265538086
2025-01-05,NER,0.2605794387242707
2025-01-06,NER,0.3420866534742823
2025-01-07,NER,0.4573308515389343
2025-01-08,NER,0.41645568350085743
2025-01-09,NER,0.37686328800666663
2025-01-10,NER,0.47985708068487454
2025-01-11,NER,0.8436250476914936
2025-01-12,NER,0.5545183912241879
2025-01-13,NER,0.5933851681723262
2025-01-14,NER,0.2955028271646736
2025-01-15,NER,0.2169512127359856
2025-01-16,NER,0.4438580986061475
2025-01-17,NER,0.45342857241019446
2025-01-18,NER,0.8140119342275917
2025-01-19,NER,0.2715459267159194
2025-01-20,NER,0.81485790194997
2025-01-21,NER,0.5513650548488154
2025-01-22,NER,0.3376721415432512
2025-01-23,NER,0.5592534746125484
2025-01-24,NER,0.574885358695124
2025-01-25,NER,0.5492654326292918
2025-01-26,NER,0.6042139700639869
2025-01-27,NER,0.5439139830862388
2025-01-28,NER,0.38569767634461644
2025-01-29,NER,0.5012151625876757
2025-01-30,NER,0.37793797731621026
2025-01-31,NER,0.29018012409663996
2025-02-01,NER,0.702747442992972
2025-02-02,NER,0.38942149731969417
2025-02-03,NER,0.8548417424002226
2025-02-04,NER,0.8878471738806377
2025-02-05,NER,0.4738286660282107
2025-02-06,NER,0.3559866049401687
2025-02-07,NER,0.6719358902746279
2025-02-08,NER,0.4160973113046423
2025-02-09,NER,0.35698639027358237
2025-02-10,NER,0.20306962809604384
2025-02-11,NER,0.17058412773926182
2025-02-12,NER,0.2392507380968412
2025-02-13,NER,0.07037994034250572
2025-02-14,NER,0.2171090229522853
2025-02-15,NER,0.07348590580368418
2025-02-16,NER,0.07721661064450927
2025-02-17,NER,0.5561021917296216
2025-02-18,NER,0.42343086045153333
2025-02-19,NER,0.5929297898217526
2025-02-20,NER,0.3828029697521283
2025-02-21,NER,0.3949570651529014
2025-02-22,NER,0.8671823187289537
2025-02-23,NER,0.6036190564586925
2025-02-24,NER,0.8414918951518766
2025-02-25,NER,0.6434569627113476
2025-02-26,NER,0.33333373266201277
2025-02-27,NER,0.4384010971319654
2025-02-28,NER,0.8338586951549625
2025-03-01,NER,0.17778796659719423
2025-03-02,NER,0.26799287685017736
2025-03-03,NER,0.08540572044776434
2025-03-04,NER,0.048070078590103635
2025-03-05,NER,0.03763154347961218
2025-03-06,NER,0.0773589293550546
2025-03-07,NER,0.032684838946625244
2025-03-08,NER,0.041666630703302183
2025-03-09,NER,0.03189369095687405
2025-03-10,NER,0.16781726072417893
2025-03-11,NER,0.3817837518649906
2025-03-12,NER,0.16773294868443775
2025-03-13,NER,0.42569647799265015
2025-03-14,NER,0.33603027750231146
2025-03-15,NER,0.9291063565607096
2025-03-16,NER,0.7980129619858408
2025-03-17,NER,0.8487067779852484
2025-03-18,NER,0.7406433530383254
2025-03-19,NER,0.8057862472726804
2025-03-20,NER,0.459562260372268
2025-03-21,NER,0.9469057183949131
2025-03-22,NER,0.11990968480316742
2025-03-23,NER,0.0695417575553936
2025-03-24,NER,0.2295405039472492
2025-03-25,NER,0.07213614805150442
2025-03-26,NER,0.06639932057542497
2025-03-27,NER,0.12371171616050347
2025-03-28,NER,0.029717963961299085
2024-07-01,NGA,0.36434063418853124
2024-07-02,NGA,0.20511490923297024
2024-07-03,NGA,0.23212019483978713
2024-07-04,NGA,0.1983813731031332
2024-07-05,NGA,0.3342031139843259
2024-07-06,NGA,0.5395669994199956
2024-07-07,NGA,0.6433946045948532
2024-07-08,NGA,0.3137502129736657
2024-07-09,NGA,0.36012397156180165
2024-07-10,NGA,0.27147511125968093
2024-07-11,NGA,0.28319126107223486
2024-07-12,NGA,0.19557465166618787
2024-07-13,NGA,0.42600659605719404
2024-07-14,NGA,0.3602747348158413
2024-07-15,NGA,0.31305831271983
2024-07-16,NGA,0.27923846509100636
2024-07-17,NGA,0.16302063032784178
2024-07-18,NGA,0.25471734190589695
2024-07-19,NGA,0.6350637315895842
2024-07-20,NGA,0.4807093038045975
2024-07-21,NGA,0.505569248315572
2024-07-22,NGA,0.3316970067230494
2024-07-23,NGA,0.40619095473794037
2024-07-24,NGA,0.8755567766177129
2024-07-25,NGA,0.7853982347372129
2024-07-26,NGA,0.7329962971311836
2024-07-27,NGA,0.25780316978296935
2024-07-28,NGA,0.2324571856791279
2024-07-29,NGA,0.23424284844785465
2024-07-30,NGA,0.5573732017866397
2024-07-31,NGA,0.04315658385273356
2024-08-01,NGA,0.6482018934662401
2024-08-02,NGA,0.07005400791664876
2024-08-03,NGA,0.03382586660044992
2024-08-04,NGA,0.0456910921883613
2024-08-05,NGA,0.05128225557782838
2024-08-06,NGA,0.029168362272889693
2024-08-07,NGA,0.13699601077461482
2024-08-08,NGA,0.14935341080770084
2024-08-09,NGA,0.024056912245806437
2024-08-10,NGA,0.038115616456619705
2024-08-11,NGA,0.33932109192058385
2024-08-12,NGA,0.05545676873299821
2024-08-13,NGA,0.10771396084989619
2024-08-14,NGA,0.05544035744054186
2024-08-15,NGA,0.15930494198395515
2024-08-16,NGA,0.5725635268459515
2024-08-17,NGA,0.08889211990333554
2024-08-18,NGA,0.17480924936972617
2024-08-19,NGA,0.13945346269317788
2024-08-20,NGA,0.2594524679703866
2024-08-21,NGA,0.46873392979279743
2024-08-22,NGA,0.23083460409516654
2024-08-23,NGA,0.08165250283456654
2024-08-24,NGA,0.7666849752440158
2024-08-25,NGA,0.4624926133297121
2024-08-26,NGA,0.37655180460873866
2024-08-27,NGA,0.577771788168705
2024-08-28,NGA,0.15391403098606943
2024-08-29,NGA,0.16822587283089993
2024-08-30,NGA,0.21888110723749227
2024-08-31,NGA,0.05518992997436641
2024-09-01,NGA,0.049673848729179786
2024-09-02,NGA,0.07484241144053826
2024-09-03,NGA,0.06284369953876255
2024-09-04,NGA,0.03560539149479679
2024-09-05,NGA,0.11332962929538114
2024-09-06,NGA,0.07260375095413264
2024-09-07,NGA,0.18799604459059957
2024-09-08,NGA,0.13840579816599807
2024-09-09,NGA,0.14669413882428944
2024-09-10,NGA,0.16973172407240544
2024-09-11,NGA,0.3680970656909845
2024-09-12,NGA,0.6160818244178061
2024-09-13,NGA,0.3814182460260949
2024-09-14,NGA,0.25599558649821474
2024-09-15,NGA,0.5122134501317727
2024-09-16,NGA,0.5215439747024697
2024-09-17,NGA,0.6361470403348713
2024-09-18,NGA,0.3869411014372149
2024-09-19,NGA,0.22251083607737943
2024-09-20,NGA,0.2151596183633073
2024-09-21,NGA,0.2754802137575373
2024-09-22,NGA,0.15911218270726174
2024-09-23,NGA,0.1990429465701532
2024-09-24,NGA,0.12446159533113733
2024-09-25,NGA,0.1345873719802958
2024-09-26,NGA,0.3010599592944727
2024-09-27,NGA,0.30052235900293084
2024-09-28,NGA,0.2370839672005007
2024-09-29,NGA,0.3633228603629718
2024-09-30,NGA,0.49726900148501507
2024-10-01,NGA,0.34316591435807997
2024-10-02,NGA,0.288887082307685
2024-10-03,NGA,0.23509344540459523
2024-10-04,NGA,0.23292788045588572
2024-10-05,NGA,0.28031913465678804
2024-10-06,NGA,0.260128023083935
2024-10-07,NGA,0.29177882214756923
2024-10-08,NGA,0.19765257275545114
2024-10-09,NGA,0.26992741501707673
2024-10-10,NGA,0.29831155556861155
2024-10-11,NGA,0.2095872320235144
2024-10-12,NGA,0.28222157553514865
2024-10-13,NGA,0.21296050995901658
2024-10-14,NGA,0.21374672741718517
2024-10-15,NGA,0.32366558949620733
2024-10-16,NGA,0.21523983465575747
2024-10-17,NGA,0.2953186854779223
2024-10-18,NGA,0.17921106563090206
2024-10-19,NGA,0.4242529593337249
2024-10-20,NGA,0.23537488047150418
2024-10-21,NGA,0.1588193447650779
2024-10-22,NGA,0.2739127022553208
2024-10-23,NGA,0.47392582739152467
2024-10-24,NGA,0.2291225630988304
2024-10-25,NGA,0.3523260112406304
2024-10-26,NGA,0.2190547560634855
2024-10-27,NGA,0.31398172963675414
2024-10-28,NGA,0.2880528765113068
2024-10-29,NGA,0.22505065929618606
2024-10-30,NGA,0.20105838854488675
2024-10-31,NGA,0.3645637397866497
2024-11-01,NGA,0.2434029853042316
2024-11-02,NGA,0.280805653351613
2024-11-03,NGA,0.6035427275770596
2024-11-04,NGA,0.590154358716153
2024-11-05,NGA,0.6409068816069626
2024-11-06,NGA,0.7423489858805815
2024-11-07,NGA,0.6786806529023901
2024-11-08,NGA,0.6278612461583007
2024-11-09,NGA,0.31865940563907397
2024-11-10,NGA,0.3408471792953106
2024-11-11,NGA,0.28466684145662735
2024-11-12,NGA,0.18270133809775452
2024-11-13,NGA,0.053097121709422185
2024-11-14,NGA,0.05250469787364373
2024-11-15,NGA,0.056353051306760354
2024-11-16,NGA,0.06507626801674347
2024-11-17,NGA,0.06727453937899014
2024-11-18,NGA,0.24893096705450363
2024-11-19,NGA,0.10931540972030634
2024-11-20,NGA,0.21251375130893263
2024-11-21,NGA,0.25250971455910876
2024-11-22,NGA,0.18458051878815565
2024-11-23,NGA,0.159687362984275
2024-11-24,NGA,0.3327345002436979
2024-11-25,NGA,0.06078087661751086
2024-11-26,NGA,0.22454024088466576
2024-11-27,NGA,0.06703236190035765
2024-11-28,NGA,0.06834628035891294
2024-11-29,NGA,0.08679687733308268
2024-11-30,NGA,0.09404924451723064
2024-12-01,NGA,0.10858148631449523
2024-12-02,NGA,0.2313479752118291
2024-12-03,NGA,0.3034146793143432
2024-12-04,NGA,0.22304040519992416
2024-12-05,NGA,0.31666685115963245
2024-12-06,NGA,0.5359863502967914
2024-12-07,NGA,0.4891955350610384
2024-12-08,NGA,0.5690624097631312
2024-12-09,NGA,0.4850908181844717
2024-12-10,NGA,0.45593457145108285
2024-12-11,NGA,0.21487822277804428
2024-12-12,NGA,0.3553661047349802
2024-12-13,NGA,0.2988051096235757
2024-12-14,NGA,0.1695064751195196
2024-12-15,NGA,0.5284341532157413
2024-12-16,NGA,0.4861514634149119
2024-12-17,NGA,0.25015782124707814
2024-12-18,NGA,0.3545675904230294
2024-12-19,NGA,0.7534709934403202
2024-12-20,NGA,0.5221628526758052
2024-12-21,NGA,0.3171142164473977
2024-12-22,NGA,0.22761465463402844
2024-12-23,NGA,0.5790494884813197
2024-12-24,NGA,0.6893792876675066
2024-12-25,NGA,0.605813567829102
2024-12-26,NGA,0.35240872389887495
2024-12-27,NGA,0.20491270455845137
2024-12-28,NGA,0.16043569129565471
2024-12-29,NGA,0.4645427381975733
2024-12-30,NGA,0.6213418649049377
2024-12-31,NGA,0.04232914512664544
2025-01-01,NGA,0.3280171415199006
2025-01-02,NGA,0.34039758470281695
2025-01-03,NGA,0.29499392511305567
2025-01-04,NGA,0.2937747553517839
2025-01-05,NGA,0.08549246557693102
2025-01-06,NGA,0.05938119874065596
2025-01-07,NGA,0.5191818414491334
2025-01-08,NGA,0.7426924777434603
2025-01-09,NGA,0.6320773997794514
2025-01-10,NGA,0.5003193910013564
2025-01-11,NGA,0.1416389160060997
2025-01-12,NGA,0.5743843211945124
2025-01-13,NGA,0.6567083938955236
2025-01-14,NGA,0.10040913933622622
2025-01-15,NGA,0.2424720196280451
2025-01-16,NGA,0.3265287241533265
2025-01-17,NGA,0.0490473536231093
2025-01-18,NGA,0.34205989181842567
2025-01-19,NGA,0.08880141288150906
2025-01-20,NGA,0.07245208755156643
2025-01-21,NGA,0.6441434858230144
2025-01-22,NGA,0.5902381419745154
2025-01-23,NGA,0.6507865645859303
2025-01-24,NGA,0.08718374998528854
2025-01-25,NGA,0.09328791323012924
2025-01-26,NGA,0.23439055468551961
2025-01-27,NGA,0.22054087969866037
2025-01-28,NGA,0.47883915186690673
2025-01-29,NGA,0.2544212224067317
2025-01-30,NGA,0.099988759863903
2025-01-31,NGA,0.12608953658705158
2025-02-01,NGA,0.09301884685812085
2025-02-02,NGA,0.19172518081689713
2025-02-03,NGA,0.04939072174799291
2025-02-04,NGA,0.08559663667436389
2025-02-05,NGA,0.08803050648804553
2025-02-06,NGA,0.3532961961437517
2025-02-07,NGA,0.8174607869440399
2025-02-08,NGA,0.3542061947050762
2025-02-09,NGA,0.3465654427480275
2025-02-10,NGA,0.48748878417820035
2025-02-11,NGA,0.3083143626182784
2025-02-12,NGA,0.37097548897138866
2025-02-13,NGA,0.1670302685442926
2025-02-14,NGA,0.1713703889097373
2025-02-15,NGA,0.28583901000915546
2025-02-16,NGA,0.10319003772120428
2025-02-17,NGA,0.10319003772120428
2025-02-18,NGA,0.1249970228228117
2025-02-19,NGA,0.10053269947157843
2025-02-20,NGA,0.12816228993471077
2025-02-21,NGA,0.30450789024786173
2025-02-22,NGA,0.30602212224411995
2025-02-23,NGA,0.36719365013070127
2025-02-24,NGA,0.19954674228202018
2025-02-25,NGA,0.20565990536400489
2025-02-26,NGA,0.39815668630789547
2025-02-27,NGA,0.157614269547408
2025-02-28,NGA,0.20211335035856248
2025-03-01,NGA,0.37835504328935493
2025-03-02,NGA,0.24459998477411757
2025-03-03,NGA,0.3676522108943165
2025-03-04,NGA,0.22447334825912194
2025-03-05,NGA,0.2340741568595966
2025-03-06,NGA,0.23031968619110904
2025-03-07,NGA,0.1806735140070127
2025-03-08,NGA,0.42623870406861303
2025-03-09,NGA,0.2901509488047286
2025-03-10,NGA,0.7369091675019035
2025-03-11,NGA,0.5052182227810467
2025-03-12,NGA,0.21108986549710868
2025-03-13,NGA,0.2710606096390916
2025-03-14,NGA,0.21535483791036325
2025-03-15,NGA,0.19341931718967992
2025-03-16,NGA,0.6578195798915192
2025-03-17,NGA,0.6514608543205753
2025-03-18,NGA,0.17755598621394036
2025-03-19,NGA,0.12603325733594412
2025-03-20,NGA,0.1516954997776138
2025-03-21,NGA,0.23744043862269998
2025-03-22,NGA,0.5647751124712175
2025-03-23,NGA,0.1864355602646283
2025-03-24,NGA,0.19374275475708816
2025-03-25,NGA,0.14549220395872606
2025-03-26,NGA,0.08749988420128656
2025-03-27,NGA,0.15192991465414316
2025-03-28,NGA,0.06170522306854629
2024-07-01,CMR,0.5887762200374865
2024-07-02,CMR,0.5390189006569752
2024-07-03,CMR,0.324174639084273
2024-07-04,CMR,0.3979945200921274
2024-07-05,CMR,0.06910243490625399
2024-07-06,CMR,0.5476360724734611
2024-07-07,CMR,0.020672162466026333
2024-07-08,CMR,0.01640983944853374
2024-07-09,CMR,0.012086058889064069
2024-07-10,CMR,0.026344664471040693
2024-07-11,CMR,0.012431490230697558
2024-07-12,CMR,0.024709690710922185
2024-07-13,CMR,0.012760429669209976
2024-07-14,CMR,0.10446786236979203
2024-07-15,CMR,0.2770238530160002
2024-07-16,CMR,0.07870456790298556
2024-07-17,CMR,0.1692029320715144
2024-07-18,CMR,0.1019954802522287
2024-07-19,CMR,0.6499318731242703
2024-07-20,CMR,0.640998577843835
2024-07-21,CMR,0.8760219845411825
2024-07-22,CMR,0.5912849960462185
2024-07-23,CMR,0.356674511104076
2024-07-24,CMR,0.7764294748277637
2024-07-25,CMR,0.6656962590653797
2024-07-26,CMR,0.34856853805173316
2024-07-27,CMR,0.6843762552257627
2024-07-28,CMR,0.19663343461433758
2024-07-29,CMR,0.30108067604382216
2024-07-30,CMR,0.45258121894249753
2024-07-31,CMR,0.11881461303372862
2024-08-01,CMR,0.10323254406036478
2024-08-02,CMR,0.08623940496683175
2024-08-03,CMR,0.5377144761081404
2024-08-04,CMR,0.1242699977507929
2024-08-05,CMR,0.11631722705665208
2024-08-06,CMR,0.28612458583545436
2024-08-07,CMR,0.09027514634541167
2024-08-08,CMR,0.1400916714313039
2024-08-09,CMR,0.15544929517377662
2024-08-10,CMR,0.33322847338955425
2024-08-11,CMR,0.29375215674965727
2024-08-12,CMR,0.3577040596069566
2024-08-13,CMR,0.5014179246796485
2024-08-14,CMR,0.5635309848338999
2024-08-15,CMR,0.213643742826306
2024-08-16,CMR,0.2325414124918626
2024-08-17,CMR,0.0796709571082238
2024-08-18,CMR,0.19006743124800007
2024-08-19,CMR,0.07616118775459386
2024-08-20,CMR,0.11273839205032679
2024-08-21,CMR,0.07904781038351005
2024-08-22,CMR,0.31705817707030254
2024-08-23,CMR,0.3810199810144943
2024-08-24,CMR,0.12500617894142976
2024-08-25,CMR,0.3743666754646493
2024-08-26,CMR,0.19249395522194587
2024-08-27,CMR,0.28473542254658885
2024-08-28,CMR,0.8696525154272169
2024-08-29,CMR,0.34808240031623133
2024-08-30,CMR,0.20256924029910126
2024-08-31,CMR,0.6113084451295732
2024-09-01,CMR,0.35125288531303245
2024-09-02,CMR,0.5549880224654311
2024-09-03,CMR,0.0946289683192447
2024-09-04,CMR,0.5485048498120713
2024-09-05,CMR,0.08875142085240735
2024-09-06,CMR,0.12126281564546358
2024-09-07,CMR,0.13597939050364136
2024-09-08,CMR,0.08948093293032235
2024-09-09,CMR,0.09125509274401424
2024-09-10,CMR,0.07849238354464816
2024-09-11,CMR,0.08456474657375018
2024-09-12,CMR,0.11266322512543968
2024-09-13,CMR,0.07754272343650087
2024-09-14,CMR,0.11851157723199321
2024-09-15,CMR,0.15773620404680375
2024-09-16,CMR,0.5585113497565627
2024-09-17,CMR,0.28904302607374466
2024-09-18,CMR,0.4683504333037799
2024-09-19,CMR,0.7493411677864367
2024-09-20,CMR,0.39442800735144906
2024-09-21,CMR,0.47931307005114815
2024-09-22,CMR,0.4488749543807787
2024-09-23,CMR,0.5685547673513933
2024-09-24,CMR,0.6609220967014768
2024-09-25,CMR,0.5785192360919136
2024-09-26,CMR,0.36606909636696994
2024-09-27,CMR,0.2992737547788636
2024-09-28,CMR,0.32297683549682965
2024-09-29,CMR,0.5793180920310325
2024-09-30,CMR,0.34290501444788196
2024-10-01,CMR,0.6837787446168457
2024-10-02,CMR,0.2344680357711957
2024-10-03,CMR,0.3496724451599615
2024-10-04,CMR,0.3170558054696768
2024-10-05,CMR,0.279682818032761
2024-10-06,CMR,0.26751981092745936
2024-10-07,CMR,0.14742406701826546
2024-10-08,CMR,0.4219667039386269
2024-10-09,CMR,0.2326043349674072
2024-10-10,CMR,0.14282094308422538
2024-10-11,CMR,0.42245064332761045
2024-10-12,CMR,0.7091547775178618
2024-10-13,CMR,0.19236846086811704
2024-10-14,CMR,0.11789684416276147
2024-10-15,CMR,0.20651980432527514
2024-10-16,CMR,0.20830811817125447
2024-10-17,CMR,0.09735577824696746
2024-10-18,CMR,0.10159995366376907
2024-10-19,CMR,0.22196331750115028
2024-10-20,CMR,0.06712641274064796
2024-10-21,CMR,0.07226581599701895
2024-10-22,CMR,0.13581412740040635
2024-10-23,CMR,0.14314591566615803
2024-10-24,CMR,0.5256001652681677
2024-10-25,CMR,0.2701568324952593
2024-10-26,CMR,0.24394847701604241
2024-10-27,CMR,0.24238188490760754
2024-10-28,CMR,0.5403408404631203
2024-10-29,CMR,0.2174023327498525
2024-10-30,CMR,0.6390814084627928
2024-10-31,CMR,0.17638665381683988
2024-11-01,CMR,0.1327422683796928
2024-11-02,CMR,0.47635159066877497
2024-11-03,CMR,0.1226126563793197
2024-11-04,CMR,0.18604896999768475
2024-11-05,CMR,0.17958647046761245
2024-11-06,CMR,0.4713130108018616
2024-11-07,CMR,0.6904833689805063
2024-11-08,CMR,0.7434670247484172
2024-11-09,CMR,0.5769519782955944
2024-11-10,CMR,0.7940401550390289
2024-11-11,CMR,0.3252094273094156
2024-11-12,CMR,0.8539720868253237
2024-11-13,CMR,0.5106723093764591
2024-11-14,CMR,0.6059634813559421
2024-11-15,CMR,0.16994877156457952
2024-11-16,CMR,0.09224610981048703
2024-11-17,CMR,0.0997517801858756
2024-11-18,CMR,0.1708688333911838
2024-11-19,CMR,0.16533742454178435
2024-11-20,CMR,0.05949012395695451
2024-11-21,CMR,0.0927630537732305
2024-11-22,CMR,0.2193027218397732
2024-11-23,CMR,0.17535220152929812
2024-11-24,CMR,0.20608396015839006
2024-11-25,CMR,0.08868639856534695
2024-11-26,CMR,0.09600033892276903
2024-11-27,CMR,0.5238071681161834
2024-11-28,CMR,0.5185283135889176
2024-11-29,CMR,0.199935279840194
2024-11-30,CMR,0.12255664796025886
2024-12-01,CMR,0.135707715919991
2024-12-02,CMR,0.3155754443489109
2024-12-03,CMR,0.522643499375168
2024-12-04,CMR,0.19721338536065824
2024-12-05,CMR,0.3212847363960874
2024-12-06,CMR,0.1272040279670301
2024-12-07,CMR,0.16652544516967416
2024-12-08,CMR,0.17295484369380643
2024-12-09,CMR,0.15086422916741535
2024-12-10,CMR,0.1852530272536714
2024-12-11,CMR,0.1849490167482912
2024-12-12,CMR,0.5654782569472124
2024-12-13,CMR,0.20693832889976518
2024-12-14,CMR,0.15461482480886576
2024-12-15,CMR,0.13190055441497514
2024-12-16,CMR,0.15691441676513862
2024-12-17,CMR,0.2318497218396699
2024-12-18,CMR,0.8056701777956343
2024-12-19,CMR,0.1548500922105686
2024-12-20,CMR,0.2969654990747158
2024-12-21,CMR,0.5488801339615849
2024-12-22,CMR,0.3858982617982011
2024-12-23,CMR,0.41994120214469877
2024-12-24,CMR,0.3508297177770651
2024-12-25,CMR,0.06953639248829585
2024-12-26,CMR,0.0656969266383102
2024-12-27,CMR,0.07422135979005871
2024-12-28,CMR,0.07061272057476944
2024-12-29,CMR,0.06796833467363682
2024-12-30,CMR,0.05505899863080198
2024-12-31,CMR,0.08399581080379116
2025-01-01,CMR,0.8034910348269949
2025-01-02,CMR,0.7403402009997746
2025-01-03,CMR,0.8737872622213119
2025-01-04,CMR,0.7345960752664251
2025-01-05,CMR,0.5679804127170113
2025-01-06,CMR,0.5639722666845053
2025-01-07,CMR,0.6562445465953793
2025-01-08,CMR,0.5502058301293616
2025-01-09,CMR,0.1555442395818235
2025-01-10,CMR,0.26428135311214357
2025-01-11,CMR,0.18987778032117505
2025-01-12,CMR,0.34737113488292615
2025-01-13,CMR,0.3511333675273085
2025-01-14,CMR,0.27720859876330556
2025-01-15,CMR,0.09575193255225242
2025-01-16,CMR,0.23137704637554357
2025-01-17,CMR,0.4040715893956402
2025-01-18,CMR,0.2650346446392031
2025-01-19,CMR,0.10460376970348864
2025-01-20,CMR,0.08475485122775638
2025-01-21,CMR,0.08533983051361733
2025-01-22,CMR,0.10428738547781166
2025-01-23,CMR,0.24380895820466073
2025-01-24,CMR,0.11889277697243426
2025-01-25,CMR,0.2811926365775758
2025-01-26,CMR,0.1201156057436145
2025-01-27,CMR,0.13994340268943867
2025-01-28,CMR,0.2213643567189772
2025-01-29,CMR,0.5166637411958056
2025-01-30,CMR,0.36737124412023703
2025-01-31,CMR,0.35974049791597607
2025-02-01,CMR,0.5071495521498098
2025-02-02,CMR,0.5759570493199961
2025-02-03,CMR,0.5048164472500656
2025-02-04,CMR,0.26026278949199605
2025-02-05,CMR,0.22380884894152367
2025-02-06,CMR,0.2453307647348375
2025-02-07,CMR,0.8230780614862069
2025-02-08,CMR,0.30918264931688777
2025-02-09,CMR,0.6085150326278688
2025-02-10,CMR,0.3558612289953302
2025-02-11,CMR,0.6601868785388967
2025-02-12,CMR,0.262154838335421
2025-02-13,CMR,0.2664231999629079
2025-02-14,CMR,0.14904032520521973
2025-02-15,CMR,0.1953284976443691
2025-02-16,CMR,0.14048451885016117
2025-02-17,CMR,0.23484360038905294
2025-02-18,CMR,0.15489297441021063
2025-02-19,CMR,0.6488832131839429
2025-02-20,CMR,0.14399862788826398
2025-02-21,CMR,0.4019995129807877
2025-02-22,CMR,0.4493423153925911
2025-02-23,CMR,0.7269749711909047
2025-02-24,CMR,0.5143000022072691
2025-02-25,CMR,0.543333570360622
2025-02-26,CMR,0.14997329772692614
2025-02-27,CMR,0.14120239912608182
2025-02-28,CMR,0.21030768023227783
2025-03-01,CMR,0.39656516661646857
2025-03-02,CMR,0.48097265282756624
2025-03-03,CMR,0.30529475111116505
2025-03-04,CMR,0.33545709508979726
2025-03-05,CMR,0.6291991678822038
2025-03-06,CMR,0.30527426300806765
2025-03-07,CMR,0.21038021556931416
2025-03-08,CMR,0.551086088336341
2025-03-09,CMR,0.2512654818361793
2025-03-10,CMR,0.7774392932572971
2025-03-11,CMR,0.27125589048767146
2025-03-12,CMR,0.3093178727884928
2025-03-13,CMR,0.23821284033223644
2025-03-14,CMR,0.25737245043556745
2025-03-15,CMR,0.5232608865867199
2025-03-16,CMR,0.3804223307783722
2025-03-17,CMR,0.25038240873066187
2025-03-18,CMR,0.2359643840391736
2025-03-19,CMR,0.2457839850336737
2025-03-20,CMR,0.2901469361443887
2025-03-21,CMR,0.2905275665646282
2025-03-22,CMR,0.13901038842426416
2025-03-23,CMR,0.2036756095030704
2025-03-24,CMR,0.13049759977888734
2025-03-25,CMR,0.20377680629679495
2025-03-26,CMR,0.43434892252335316
2025-03-27,CMR,0.15859528298439848
2025-03-28,CMR,0.21797176244935362
2024-07-01,TCD,0.50413039232856
2024-07-02,TCD,0.9282087141058444
2024-07-03,TCD,0.8455428346866728
2024-07-04,TCD,0.5121887843056234
2024-07-05,TCD,0.5287306322535448
2024-07-06,TCD,0.5941898172322763
2024-07-07,TCD,0.03577415511371372
2024-07-08,TCD,0.17611735047114782
2024-07-09,TCD,0.017491304087003074
2024-07-10,TCD,0.025543993193748674
2024-07-11,TCD,0.020179236139498638
2024-07-12,TCD,0.018292881998210685
2024-07-13,TCD,0.014337577300353935
2024-07-14,TCD,0.015718762557244654
2024-07-15,TCD,0.09952268517069077
2024-07-16,TCD,0.5467171050172087
2024-07-17,TCD,0.16452357814426338
2024-07-18,TCD,0.16573910507823603
2024-07-19,TCD,0.1835758019260852
2024-07-20,TCD,0.2548100738817205
2024-07-21,TCD,0.38135715933164593
2024-07-22,TCD,0.18603437120103744
2024-07-23,TCD,0.2253304959717706
2024-07-24,TCD,0.5880385866943725
2024-07-25,TCD,0.5578168246784974
2024-07-26,TCD,0.539672406297215
2024-07-27,TCD,0.8603380867180231
2024-07-28,TCD,0.5436644225827959
2024-07-29,TCD,0.740230341894417
2024-07-30,TCD,0.5671502590875805
2024-07-31,TCD,0.5683361307956728
2024-08-01,TCD,0.5496515148981086
2024-08-02,TCD,0.5477430833734259
2024-08-03,TCD,0.557195291397611
2024-08-04,TCD,0.7120822190464619
2024-08-05,TCD,0.8359079071660152
2024-08-06,TCD,0.8447099933975362
2024-08-07,TCD,0.5647201961871819
2024-08-08,TCD,0.5830663278026468
2024-08-09,TCD,0.5823304108640922
2024-08-10,TCD,0.8959963473959563
2024-08-11,TCD,0.8725403700662153
2024-08-12,TCD,0.07505862958345022
2024-08-13,TCD,0.05202057971866493
2024-08-14,TCD,0.055250010142788804
2024-08-15,TCD,0.10702278881681815
2024-08-16,TCD,0.06947994146255086
2024-08-17,TCD,0.5175887814018678
2024-08-18,TCD,0.0598446487472526
2024-08-19,TCD,0.5939256443596586
2024-08-20,TCD,0.5689585462420682
2024-08-21,TCD,0.5346280131985928
2024-08-22,TCD,0.5012456907412346
2024-08-23,TCD,0.5248062249640515
2024-08-24,TCD,0.5325405105750632
2024-08-25,TCD,0.553006218426449
2024-08-26,TCD,0.5753756135128919
2024-08-27,TCD,0.5527269812531244
2024-08-28,TCD,0.6178764558221131
2024-08-29,TCD,0.8783246430345402
2024-08-30,TCD,0.618865471458266
2024-08-31,TCD,0.7346048938361112
2024-09-01,TCD,0.6233667128389064
2024-09-02,TCD,0.7303737158409898
2024-09-03,TCD,0.8775122628078534
2024-09-04,TCD,0.5460795593091754
2024-09-05,TCD,0.5799086602266467
2024-09-06,TCD,0.5468123999222192
2024-09-07,TCD,0.8120127521468864
2024-09-08,TCD,0.6395738603592181
2024-09-09,TCD,0.7205715047650075
2024-09-10,TCD,0.5787309076550453
2024-09-11,TCD,0.5328560310421104
2024-09-12,TCD,0.5368930569699345
2024-09-13,TCD,0.5398609709119216
2024-09-14,TCD,0.7225174613823078
2024-09-15,TCD,0.6979738540400909
2024-09-16,TCD,0.2935879655599227
2024-09-17,TCD,0.1988286981071844
2024-09-18,TCD,0.31042690225659125
2024-09-19,TCD,0.21659451304186556
2024-09-20,TCD,0.1757547679098621
2024-09-21,TCD,0.26403660507063453
2024-09-22,TCD,0.2538873529238967
2024-09-23,TCD,0.2591707786372929
2024-09-24,TCD,0.6303645292669805
2024-09-25,TCD,0.483288420835005
2024-09-26,TCD,0.4398812950842047
2024-09-27,TCD,0.46132402736871886
2024-09-28,TCD,0.467997203554452
2024-09-29,TCD,0.52275547280174
2024-09-30,TCD,0.5038488955052143
2024-10-01,TCD,0.5688689473488774
2024-10-02,TCD,0.20967086152984013
2024-10-03,TCD,0.23198223692069464
2024-10-04,TCD,0.25127313493505915
2024-10-05,TCD,0.2146841692447303
2024-10-06,TCD,0.19283763171308246
2024-10-07,TCD,0.19559624624747257
2024-10-08,TCD,0.22636149309168355
2024-10-09,TCD,0.8544715666451522
2024-10-10,TCD,0.5446653402663849
2024-10-11,TCD,0.4453120376625976
2024-10-12,TCD,0.4438503527674037
2024-10-13,TCD,0.5068659484700468
2024-10-14,TCD,0.5395784693858557
2024-10-15,TCD,0.8983205662394165
2024-10-16,TCD,0.5839254337916299
2024-10-17,TCD,0.5569743536039314
2024-10-18,TCD,0.5941255762398697
2024-10-19,TCD,0.8115463098747027
2024-10-20,TCD,0.9013201995280778
2024-10-21,TCD,0.6559301691927932
2024-10-22,TCD,0.724037577229537
2024-10-23,TCD,0.8139741350740647
2024-10-24,TCD,0.5699198248377905
2024-10-25,TCD,0.6006266603999182
2024-10-26,TCD,0.5202996971776042
2024-10-27,TCD,0.8825597597173055
2024-10-28,TCD,0.7074960463112088
2024-10-29,TCD,0.2421655210522158
2024-10-30,TCD,0.13018586457636572
2024-10-31,TCD,0.13974950572326356
2024-11-01,TCD,0.10180529937203572
2024-11-02,TCD,0.12292636725171475
2024-11-03,TCD,0.02201433346285323
2024-11-04,TCD,0.02397338704117944
2024-11-05,TCD,0.04071690999531887
2024-11-06,TCD,0.02357587574626111
2024-11-07,TCD,0.04735032207904521
2024-11-08,TCD,0.0334507827265725
2024-11-09,TCD,0.08880575909614298
2024-11-10,TCD,0.5973437171610303
2024-11-11,TCD,0.5064424025950655
2024-11-12,TCD,0.38113583410978574
2024-11-13,TCD,0.3527029964226933
2024-11-14,TCD,0.560888643592619
2024-11-15,TCD,0.372077772367962
2024-11-16,TCD,0.026384924587529314
2024-11-17,TCD,0.028479227788721525
2024-11-18,TCD,0.02538889483708468
2024-11-19,TCD,0.03045545655480972
2024-11-20,TCD,0.026222845524237547
2024-11-21,TCD,0.02420369596383658
2024-11-22,TCD,0.018110967769239254
2024-11-23,TCD,0.43231012322398354
2024-11-24,TCD,0.4087378790978331
2024-11-25,TCD,0.4232208437960649
2024-11-26,TCD,0.3973170143086597
2024-11-27,TCD,0.42272331190311485
2024-11-28,TCD,0.481827592304993
2024-11-29,TCD,0.8596563247580079
2024-11-30,TCD,0.8987239697388338
2024-12-01,TCD,0.5978111290096135
2024-12-02,TCD,0.5830940373305871
2024-12-03,TCD,0.6758024316735214
2024-12-04,TCD,0.6628273821666036
2024-12-05,TCD,0.49943519131303865
2024-12-06,TCD,0.47757101613349295
2024-12-07,TCD,0.45793871756894033
2024-12-08,TCD,0.8647865300930537
2024-12-09,TCD,0.5101309203082436
2024-12-10,TCD,0.8146770475127837
2024-12-11,TCD,0.5791457745997066
2024-12-12,TCD,0.34058740321783953
2024-12-13,TCD,0.44572465341777384
2024-12-14,TCD,0.49066081326208594
2024-12-15,TCD,0.3470268031443198
2024-12-16,TCD,0.0928251126840838
2024-12-17,TCD,0.08450365221174037
2024-12-18,TCD,0.09232869170773277
2024-12-19,TCD,0.10664446510466832
2024-12-20,TCD,0.11781371512947164
2024-12-21,TCD,0.08120957729204031
2024-12-22,TCD,0.12195641514098114
2024-12-23,TCD,0.09526013591503026
2024-12-24,TCD,0.5557304025493844
2024-12-25,TCD,0.10273647869446148
2024-12-26,TCD,0.13310813314395634
2024-12-27,TCD,0.16105860834544963
2024-12-28,TCD,0.16294858824510133
2024-12-29,TCD,0.16324069248123851
2024-12-30,TCD,0.15639827300281298
2024-12-31,TCD,0.11193798843577382
2025-01-01,TCD,0.5326622865492675
2025-01-02,TCD,0.5348660477016471
2025-01-03,TCD,0.5643659598936154
2025-01-04,TCD,0.6966397249962496
2025-01-05,TCD,0.557900673833925
2025-01-06,TCD,0.5520116760977207
2025-01-07,TCD,0.8040550018092992
2025-01-08,TCD,0.9134346453325765
2025-01-09,TCD,0.9047866234570509
2025-01-10,TCD,0.9140263290765894
2025-01-11,TCD,0.8443829437558914
2025-01-12,TCD,0.8060424845502145
2025-01-13,TCD,0.6843492531144587
2025-01-14,TCD,0.5932288084862296
2025-01-15,TCD,0.1910519293200492
2025-01-16,TCD,0.05139489387923644
2025-01-17,TCD,0.04005258107511831
2025-01-18,TCD,0.06697257749581306
2025-01-19,TCD,0.619651955505912
2025-01-20,TCD,0.081309613560939
2025-01-21,TCD,0.0653153571401894
2025-01-22,TCD,0.4344883600005698
2025-01-23,TCD,0.5805367032661276
2025-01-24,TCD,0.4619395894365244
2025-01-25,TCD,0.4773204970554289
2025-01-26,TCD,0.5950906095736397
2025-01-27,TCD,0.4284055951040148
2025-01-28,TCD,0.8528366291399021
2025-01-29,TCD,0.539465274133388
2025-01-30,TCD,0.8416038866282708
2025-01-31,TCD,0.37354495268252785
2025-02-01,TCD,0.5559724557348319
2025-02-02,TCD,0.5783562590342392
2025-02-03,TCD,0.5521193526314564
2025-02-04,TCD,0.3414421107571874
2025-02-05,TCD,0.16019556591889364
2025-02-06,TCD,0.1910324243781374
2025-02-07,TCD,0.725559249397191
2025-02-08,TCD,0.26983365611001786
2025-02-09,TCD,0.1817586199276296
2025-02-10,TCD,0.20698156021971464
2025-02-11,TCD,0.6732070853185457
2025-02-12,TCD,0.5477265581053671
2025-02-13,TCD,0.5844370302481366
2025-02-14,TCD,0.17157689491028605
2025-02-15,TCD,0.2786808649536363
2025-02-16,TCD,0.7459806677132731
2025-02-17,TCD,0.14920765713972614
2025-02-18,TCD,0.12572043138137418
2025-02-19,TCD,0.16041627810961337
2025-02-20,TCD,0.15067708501460475
2025-02-21,TCD,0.5796493566520586
2025-02-22,TCD,0.8575868388460107
2025-02-23,TCD,0.8778486956568401
2025-02-24,TCD,0.5919308892005253
2025-02-25,TCD,0.5438707406940226
2025-02-26,TCD,0.5738120784573216
2025-02-27,TCD,0.5547336688102353
2025-02-28,TCD,0.5145729745060078
2025-03-01,TCD,0.2783858607419466
2025-03-02,TCD,0.3472133457427696
2025-03-03,TCD,0.3985176438931447
2025-03-04,TCD,0.29372055560417043
2025-03-05,TCD,0.23342206314419914
2025-03-06,TCD,0.5706248748541802
2025-03-07,TCD,0.3046684942774159
2025-03-08,TCD,0.7087670615662198
2025-03-09,TCD,0.5234121390212942
2025-03-10,TCD,0.6743147641375458
2025-03-11,TCD,0.5696990307238569
2025-03-12,TCD,0.49784080921450785
2025-03-13,TCD,0.10550452586837168
2025-03-14,TCD,0.10165569755254317
2025-03-15,TCD,0.5946514015654523
2025-03-16,TCD,0.36210623746968845
2025-03-17,TCD,0.1311906703093881
2025-03-18,TCD,0.0884703009483349
2025-03-19,TCD,0.12218040734812081
2025-03-20,TCD,0.5369674957650892
2025-03-21,TCD,0.8260058312374888
2025-03-22,TCD,0.4934239269001753
2025-03-23,TCD,0.4680341615911455
2025-03-24,TCD,0.4760236430952325
2025-03-25,TCD,0.5115627989576397
2025-03-26,TCD,0.48125802430084796
2025-03-27,TCD,0.5245335894509425
2025-03-28,TCD,0.46599309970388275
2024-07-01,GIN,0.4616740745580286
2024-07-02,GIN,0.4481932243516339
2024-07-03,GIN,0.4347990017130939
2024-07-04,GIN,0.36204910851802835
2024-07-05,GIN,0.42129007572932864
2024-07-06,GIN,0.40007501905670345
2024-07-07,GIN,0.44090807666832604
2024-07-08,GIN,0.4590120801412259
2024-07-09,GIN,0.48438605476169644
2024-07-10,GIN,0.457345175075363
2024-07-11,GIN,0.4333802726569712
2024-07-12,GIN,0.5035540471688177
2024-07-13,GIN,0.4338212169155307
2024-07-14,GIN,0.4553734385429979
2024-07-15,GIN,0.520751798905259
2024-07-16,GIN,0.20605400948511005
2024-07-17,GIN,0.18195754688260685
2024-07-18,GIN,0.19807426488615934
2024-07-19,GIN,0.21169130252238186
2024-07-20,GIN,0.16898823983577851
2024-07-21,GIN,0.18726874615196115
2024-07-22,GIN,0.19296018904209133
2024-07-23,GIN,0.5056406558441809
2024-07-24,GIN,0.45030098311881617
2024-07-25,GIN,0.4719663235286933
2024-07-26,GIN,0.513838716138846
2024-07-27,GIN,0.4098259263093357
2024-07-28,GIN,0.4996483124159249
2024-07-29,GIN,0.5073324529924749
2024-07-30,GIN,0.8310010760148894
2024-07-31,GIN,0.5995875890602966
2024-08-01,GIN,0.637188146886106
2024-08-02,GIN,0.49635669746172
2024-08-03,GIN,0.45635970129780995
2024-08-04,GIN,0.4168349023608977
2024-08-05,GIN,0.5323455274677624
2024-08-06,GIN,0.4003703922840373
2024-08-07,GIN,0.3454155677167977
2024-08-08,GIN,0.4090429800035363
2024-08-09,GIN,0.7618255034638026
2024-08-10,GIN,0.4177827947981292
2024-08-11,GIN,0.4240176722505384
2024-08-12,GIN,0.5145295842796085
2024-08-13,GIN,0.43193199869555904
2024-08-14,GIN,0.40376716025415593
2024-08-15,GIN,0.45469713250150046
2024-08-16,GIN,0.41024406739642505
2024-08-17,GIN,0.7778996470192114
2024-08-18,GIN,0.8145538856155231
2024-08-19,GIN,0.4942652361141498
2024-08-20,GIN,0.46635580777906344
2024-08-21,GIN,0.8266375817646038
2024-08-22,GIN,0.4460426384401204
2024-08-23,GIN,0.40887110831923257
2024-08-24,GIN,0.240853680582043
2024-08-25,GIN,0.7876810909368425
2024-08-26,GIN,0.28529406767402776
2024-08-27,GIN,0.2496817545595408
2024-08-28,GIN,0.31117090899241967
2024-08-29,GIN,0.30853682446780495
2024-08-30,GIN,0.30627874460579113
2024-08-31,GIN,0.5246595291478634
2024-09-01,GIN,0.08860027603783818
2024-09-02,GIN,0.10171455286820792
2024-09-03,GIN,0.10248682320353213
2024-09-04,GIN,0.06649153519070819
2024-09-05,GIN,0.2864829757835634
2024-09-06,GIN,0.0825263723378122
2024-09-07,GIN,0.22817344373100665
2024-09-08,GIN,0.5488171206578939
2024-09-09,GIN,0.4818667456700765
2024-09-10,GIN,0.38994768197222535
2024-09-11,GIN,0.522447775066945
2024-09-12,GIN,0.8723893336009623
2024-09-13,GIN,0.47447573129305004
2024-09-14,GIN,0.47639635293442745
2024-09-15,GIN,0.49716199855295146
2024-09-16,GIN,0.5069271143353992
2024-09-17,GIN,0.4447608564222001
2024-09-18,GIN,0.5045104068114259
2024-09-19,GIN,0.6178318771740491
2024-09-20,GIN,0.2599727128486059
2024-09-21,GIN,0.19938035737418797
2024-09-22,GIN,0.21266225836083258
2024-09-23,GIN,0.2573224019426894
2024-09-24,GIN,0.243312880769034
2024-09-25,GIN,0.6638880629633868
2024-09-26,GIN,0.603568201910481
2024-09-27,GIN,0.5168777630149225
2024-09-28,GIN,0.5078750265907765
2024-09-29,GIN,0.48935716096177007
2024-09-30,GIN,0.4886485384224757
2024-10-01,GIN,0.4069790683732836
2024-10-02,GIN,0.06062618085957411
2024-10-03,GIN,0.07416772007472482
2024-10-04,GIN,0.08673446340074586
2024-10-05,GIN,0.06897008065859976
2024-10-06,GIN,0.0640429741128593
2024-10-07,GIN,0.07074112588582641
2024-10-08,GIN,0.08307453860376426
2024-10-09,GIN,0.5681752190116405
2024-10-10,GIN,0.5641273554996471
2024-10-11,GIN,0.5559717925999585
2024-10-12,GIN,0.4982589601393052
2024-10-13,GIN,0.680900355464431
2024-10-14,GIN,0.680900355464431
2024-10-15,GIN,0.5505099684690243
2024-10-16,GIN,0.5813390987664931
2024-10-17,GIN,0.8499085332298302
2024-10-18,GIN,0.7459596688417125
2024-10-19,GIN,0.6781895158337017
2024-10-20,GIN,0.7408968489427847
2024-10-21,GIN,0.5756295266268077
2024-10-22,GIN,0.6903678254790814
2024-10-23,GIN,0.28260453229532617
2024-10-24,GIN,0.31373250919811474
2024-10-25,GIN,0.3423361834065282
2024-10-26,GIN,0.2769419537503728
2024-10-27,GIN,0.29124338083648427
2024-10-28,GIN,0.3166161076228838
2024-10-29,GIN,0.23652049342624928
2024-10-30,GIN,0.23008317311358673
2024-10-31,GIN,0.2757641474846632
2024-11-01,GIN,0.3020628032373537
2024-11-02,GIN,0.30157770597128386
2024-11-03,GIN,0.36192865578963535
2024-11-04,GIN,0.27312786640854814
2024-11-05,GIN,0.4990764199241475
2024-11-06,GIN,0.5145269300778484
2024-11-07,GIN,0.6312413056154189
2024-11-08,GIN,0.49342711264842976
2024-11-09,GIN,0.5122119286678292
2024-11-10,GIN,0.5124521765427588
2024-11-11,GIN,0.6012702422401703
2024-11-12,GIN,0.5221676299993123
2024-11-13,GIN,0.6700687871499811
2024-11-14,GIN,0.5648413248533245
2024-11-15,GIN,0.570885333076484
2024-11-16,GIN,0.43979946579075935
2024-11-17,GIN,0.4550748670649276
2024-11-18,GIN,0.462278176952489
2024-11-19,GIN,0.8595920619882763
2024-11-20,GIN,0.5872565688583761
2024-11-21,GIN,0.4247595693505879
2024-11-22,GIN,0.4405935047287697
2024-11-23,GIN,0.5007013049577242
2024-11-24,GIN,0.5385510357893438
2024-11-25,GIN,0.45343965777236456
2024-11-26,GIN,0.1693337316129202
2024-11-27,GIN,0.09829091304942518
2024-11-28,GIN,0.06529524064504692
2024-11-29,GIN,0.06945017627792127
2024-11-30,GIN,0.05487048214456832
2024-12-01,GIN,0.06993589299292734
2024-12-02,GIN,0.10910380699393893
2024-12-03,GIN,0.6167437484002729
2024-12-04,GIN,0.47276412948377183
2024-12-05,GIN,0.4932706492794081
2024-12-06,GIN,0.49862943752169114
2024-12-07,GIN,0.5681068341290312
2024-12-08,GIN,0.5331235945073483
2024-12-09,GIN,0.4259500444733138
2024-12-10,GIN,0.8116762645725458
2024-12-11,GIN,0.8852849365047963
2024-12-12,GIN,0.7662862573291487
2024-12-13,GIN,0.24806151235241666
2024-12-14,GIN,0.24423713967543823
2024-12-15,GIN,0.2579469977803364
2024-12-16,GIN,0.31295140935488275
2024-12-17,GIN,0.3254035311497018
2024-12-18,GIN,0.4033098971099725
2024-12-19,GIN,0.3099774504153279
2024-12-20,GIN,0.3259458400450646
2024-12-21,GIN,0.26635169404033643
2024-12-22,GIN,0.3287054110571921
2024-12-23,GIN,0.39153101929465917
2024-12-24,GIN,0.28790364813184255
2024-12-25,GIN,0.5270603084724782
2024-12-26,GIN,0.4633187316739215
2024-12-27,GIN,0.5721807473586632
2024-12-28,GIN,0.4284042237359856
2024-12-29,GIN,0.4306930299633047
2024-12-30,GIN,0.6018992336008692
2024-12-31,GIN,0.9280753706292953
2025-01-01,GIN,0.8859769954822407
2025-01-02,GIN,0.6571408702162037
2025-01-03,GIN,0.533787782844568
2025-01-04,GIN,0.5887391235563261
2025-01-05,GIN,0.44957266292035075
2025-01-06,GIN,0.9176448022302854
2025-01-07,GIN,0.8393834376927438
2025-01-08,GIN,0.3015570735455527
2025-01-09,GIN,0.27518795591753115
2025-01-10,GIN,0.2918467715631645
2025-01-11,GIN,0.16735108322003175
2025-01-12,GIN,0.39871645780575454
2025-01-13,GIN,0.6903082506155854
2025-01-14,GIN,0.40927411643430206
2025-01-15,GIN,0.47167183015127434
2025-01-16,GIN,0.4411657002552461
2025-01-17,GIN,0.3890950539185566
2025-01-18,GIN,0.882989912756107
2025-01-19,GIN,0.926771902486356
2025-01-20,GIN,0.43117905351562014
2025-01-21,GIN,0.4784277039094811
2025-01-22,GIN,0.924607965138979
2025-01-23,GIN,0.5093086501131796
2025-01-24,GIN,0.572191292986024
2025-01-25,GIN,0.07278441802955922
2025-01-26,GIN,0.3165476061417919
2025-01-27,GIN,0.10024425432341212
2025-01-28,GIN,0.09554760718516182
2025-01-29,GIN,0.0911194760317726
2025-01-30,GIN,0.11356702276094169
2025-01-31,GIN,0.09889903960039528
2025-02-01,GIN,0.31103997581701914
2025-02-02,GIN,0.344146403386859
2025-02-03,GIN,0.34487565528608194
2025-02-04,GIN,0.2935123404787405
2025-02-05,GIN,0.8255955450801957
2025-02-06,GIN,0.454664004200533
2025-02-07,GIN,0.4966644532470147
2025-02-08,GIN,0.44939813105343857
2025-02-09,GIN,0.47281051724410433
2025-02-10,GIN,0.5436435305828081
2025-02-11,GIN,0.46027595608130234
2025-02-12,GIN,0.4685962527785757
2025-02-13,GIN,0.8147983559333659
2025-02-14,GIN,0.6923119855674691
2025-02-15,GIN,0.5096688588991236
2025-02-16,GIN,0.521046770554181
2025-02-17,GIN,0.4805195522685723
2025-02-18,GIN,0.5060411787891204
2025-02-19,GIN,0.5077628002551086
2025-02-20,GIN,0.8926941970100546
2025-02-21,GIN,0.4290413273705846
2025-02-22,GIN,0.4342064058734906
2025-02-23,GIN,0.4398108527721069
2025-02-24,GIN,0.42710730950567993
2025-02-25,GIN,0.38310253071556827
2025-02-26,GIN,0.39413126139685467
2025-02-27,GIN,0.16570671480996377
2025-02-28,GIN,0.17693933051093202
2025-03-01,GIN,0.19731426448114814
2025-03-02,GIN,0.21977661457877243
2025-03-03,GIN,0.19883879362139067
2025-03-04,GIN,0.1549374362785529
2025-03-05,GIN,0.17667759062823638
2025-03-06,GIN,0.39923018610202127
2025-03-07,GIN,0.40820027399406283
2025-03-08,GIN,0.3900152221847244
2025-03-09,GIN,0.3816456192047208
2025-03-10,GIN,0.3509706667345081
2025-03-11,GIN,0.3987673656536042
2025-03-12,GIN,0.3930323782066266
2025-03-13,GIN,0.3170862577197419
2025-03-14,GIN,0.41959303592232294
2025-03-15,GIN,0.4202946670259846
2025-03-16,GIN,0.4406808009586095
2025-03-17,GIN,0.44007709047417265
2025-03-18,GIN,0.4112241200123043
2025-03-19,GIN,0.39666548389574063
2025-03-20,GIN,0.37463586203949084
2025-03-21,GIN,0.3366703487842107
2025-03-22,GIN,0.37152341656783355
2025-03-23,GIN,0.34482422446826083
2025-03-24,GIN,0.38840282763168255
2025-03-25,GIN,0.32957681045115733
2025-03-26,GIN,0.39283236047075076
2025-03-27,GIN,0.3774021146366886
2025-03-28,GIN,0.340811384612657
2024-07-01,GNB,0.22718994047005114
2024-07-02,GNB,0.20828530177860258
2024-07-03,GNB,0.07868744738519001
2024-07-04,GNB,0.21484436648146474
2024-07-05,GNB,0.14293427613515053
2024-07-06,GNB,0.15047292951217445
2024-07-07,GNB,0.21770262576901436
2024-07-08,GNB,0.22104609764829236
2024-07-09,GNB,0.10899308121061344
2024-07-10,GNB,0.10775611010250177
2024-07-11,GNB,0.20754472861997186
2024-07-12,GNB,0.23574165276951806
2024-07-13,GNB,0.16874006758325452
2024-07-14,GNB,0.16519893168587654
2024-07-15,GNB,0.16386527038078064
2024-07-16,GNB,0.15691590451440163
2024-07-17,GNB,0.1687357159730292
2024-07-18,GNB,0.11102893860357155
2024-07-19,GNB,0.1596703811237787
2024-07-20,GNB,0.1145791141666986
2024-07-21,GNB,0.1965071701610582
2024-07-22,GNB,0.1965348041721233
2024-07-23,GNB,0.18669232622088652
2024-07-24,GNB,0.6188688032297106
2024-07-25,GNB,0.18698272073236588
2024-07-26,GNB,0.19207292729013573
2024-07-27,GNB,0.2095881144088814
2024-07-28,GNB,0.20838747006458808
2024-07-29,GNB,0.2020165542307803
2024-07-30,GNB,0.15577495415653986
2024-07-31,GNB,0.08643323131572528
2024-08-01,GNB,0.18570856187508428
2024-08-02,GNB,0.1908506761650993
2024-08-03,GNB,0.11884458387636908
2024-08-04,GNB,0.08373009661177552
2024-08-05,GNB,0.15698905201842528
2024-08-06,GNB,0.11456887607909941
2024-08-07,GNB,0.13751477360097225
2024-08-08,GNB,0.18018544403161219
2024-08-09,GNB,0.14369222671388235
2024-08-10,GNB,0.175603614007007
2024-08-11,GNB,0.21534884160939202
2024-08-12,GNB,0.19722108135545785
2024-08-13,GNB,0.1384641807059216
2024-08-14,GNB,0.1318301567486149
2024-08-15,GNB,0.1633404585982619
2024-08-16,GNB,0.1827085396678086
2024-08-17,GNB,0.16106419210047832
2024-08-18,GNB,0.2130932877828042
2024-08-19,GNB,0.21527986626549578
2024-08-20,GNB,0.22204030331132116
2024-08-21,GNB,0.1875068159343626
2024-08-22,GNB,0.09407086081303687
2024-08-23,GNB,0.16881322493314313
2024-08-24,GNB,0.15655590571967226
2024-08-25,GNB,0.15959524685678284
2024-08-26,GNB,0.15464596972303876
2024-08-27,GNB,0.15593546072555461
2024-08-28,GNB,0.06627700863522697
2024-08-29,GNB,0.12123459034124624
2024-08-30,GNB,0.15473739214534143
2024-08-31,GNB,0.2602461101326311
2024-09-01,GNB,0.3283615244904586
2024-09-02,GNB,0.2883703836076189
2024-09-03,GNB,0.22047734957072926
2024-09-04,GNB,0.10430951582003559
2024-09-05,GNB,0.1825357994050873
2024-09-06,GNB,0.10191269980932079
2024-09-07,GNB,0.13667935316180094
2024-09-08,GNB,0.17827056985378228
2024-09-09,GNB,0.5271400582207267
2024-09-10,GNB,0.168402036634
2024-09-11,GNB,0.24004029592121431
2024-09-12,GNB,0.3175682845122291
2024-09-13,GNB,0.15996721088091112
2024-09-14,GNB,0.1580974154514674
2024-09-15,GNB,0.8500459642259569
2024-09-16,GNB,0.5127443875755604
2024-09-17,GNB,0.14888606460828072
2024-09-18,GNB,0.20105908483578827
2024-09-19,GNB,0.21951453826145698
2024-09-20,GNB,0.2343573058075061
2024-09-21,GNB,0.21202996524775658
2024-09-22,GNB,0.10253507181400184
2024-09-23,GNB,0.10774395730918224
2024-09-24,GNB,0.11467305584953584
2024-09-25,GNB,0.07354649922768941
2024-09-26,GNB,0.07387081915851765
2024-09-27,GNB,0.06490422456850431
2024-09-28,GNB,0.1393724097957162
2024-09-29,GNB,0.33509411841950765
2024-09-30,GNB,0.3417937541609225
2024-10-01,GNB,0.33891815025246397
2024-10-02,GNB,0.13472355029697172
2024-10-03,GNB,0.368839932802306
2024-10-04,GNB,0.14346734137909417
2024-10-05,GNB,0.16547617960808597
2024-10-06,GNB,0.24209851707973987
2024-10-07,GNB,0.1663827611870722
2024-10-08,GNB,0.13067814268535638
2024-10-09,GNB,0.09578972054732011
2024-10-10,GNB,0.31497654487581683
2024-10-11,GNB,0.27344107029876835
2024-10-12,GNB,0.2219136837848543
2024-10-13,GNB,0.2572796680076917
2024-10-14,GNB,0.26910062534688295
2024-10-15,GNB,0.3218267775036302
2024-10-16,GNB,0.34014504549380753
2024-10-17,GNB,0.3290472761309802
2024-10-18,GNB,0.23255027139541856
2024-10-19,GNB,0.23588473343553784
2024-10-20,GNB,0.27762617359411385
2024-10-21,GNB,0.32144649184313995
2024-10-22,GNB,0.3090770613452564
2024-10-23,GNB,0.14878207511146002
2024-10-24,GNB,0.2912788788776785
2024-10-25,GNB,0.33991256714790447
2024-10-26,GNB,0.13696727692854838
2024-10-27,GNB,0.15787180362395242
2024-10-28,GNB,0.24399859495747214
2024-10-29,GNB,0.19270506587384628
2024-10-30,GNB,0.2329826520021315
2024-10-31,GNB,0.26984209270376674
2024-11-01,GNB,0.1918734029474943
2024-11-02,GNB,0.186948641999602
2024-11-03,GNB,0.24685110266132956
2024-11-04,GNB,0.22014305388108224
2024-11-05,GNB,0.12158438159671103
2024-11-06,GNB,0.14734732776421225
2024-11-07,GNB,0.21199611973908303
2024-11-08,GNB,0.11563558754988112
2024-11-09,GNB,0.18315832112878153
2024-11-10,GNB,0.18675935529771745
2024-11-11,GNB,0.18429806015815423
2024-11-12,GNB,0.19975648353932662
2024-11-13,GNB,0.1937175856951202
2024-11-14,GNB,0.21683172378591584
2024-11-15,GNB,0.22144008941581422
2024-11-16,GNB,0.1679290671548339
2024-11-17,GNB,0.164730595963239
2024-11-18,GNB,0.1490552620888373
2024-11-19,GNB,0.14542132259682425
2024-11-20,GNB,0.13324852250119593
2024-11-21,GNB,0.13759528328569087
2024-11-22,GNB,0.057905462862669455
2024-11-23,GNB,0.8506956709313196
2024-11-24,GNB,0.15254230117814163
2024-11-25,GNB,0.16408907523912847
2024-11-26,GNB,0.22236957778453678
2024-11-27,GNB,0.26570353582112166
2024-11-28,GNB,0.1822193499931336
2024-11-29,GNB,0.20146691015043075
2024-11-30,GNB,0.09583309939713937
2024-12-01,GNB,0.09756943775546657
2024-12-02,GNB,0.06304171229234694
2024-12-03,GNB,0.08043313532748861
2024-12-04,GNB,0.06406696298089534
2024-12-05,GNB,0.07136083507176166
2024-12-06,GNB,0.06841996166266615
2024-12-07,GNB,0.20830014635983615
2024-12-08,GNB,0.18083517621546907
2024-12-09,GNB,0.23871353228624798
2024-12-10,GNB,0.26309243914157465
2024-12-11,GNB,0.238548901898621
2024-12-12,GNB,0.13163184771048397
2024-12-13,GNB,0.1909058231835764
2024-12-14,GNB,0.2658055056208544
2024-12-15,GNB,0.22854885787599027
2024-12-16,GNB,0.2217237432142657
2024-12-17,GNB,0.29046848874496717
2024-12-18,GNB,0.2084041241316352
2024-12-19,GNB,0.2759918878601988
2024-12-20,GNB,0.16541087514848404
2024-12-21,GNB,0.13969567762919075
2024-12-22,GNB,0.20257339733594967
2024-12-23,GNB,0.1649040686678523
2024-12-24,GNB,0.1721442130520248
2024-12-25,GNB,0.1664221743769914
2024-12-26,GNB,0.2307363630708308
2024-12-27,GNB,0.23629963829104847
2024-12-28,GNB,0.21343697937502326
2024-12-29,GNB,0.2266929066448269
2024-12-30,GNB,0.18445405687055458
2024-12-31,GNB,0.17721640246473616
2025-01-01,GNB,0.13738222255929372
2025-01-02,GNB,0.1476394016022483
2025-01-03,GNB,0.19479428798338447
2025-01-04,GNB,0.16006578481478256
2025-01-05,GNB,0.21446809169765066
2025-01-06,GNB,0.24680246875033027
2025-01-07,GNB,0.18755201342342076
2025-01-08,GNB,0.19814087534450534
2025-01-09,GNB,0.12528493519297018
2025-01-10,GNB,0.14079652877212798
2025-01-11,GNB,0.10300557173895046
2025-01-12,GNB,0.1267444135820829
2025-01-13,GNB,0.1267444135820829
2025-01-14,GNB,0.112872418679113
2025-01-15,GNB,0.1538018615715058
2025-01-16,GNB,0.11586512972523869
2025-01-17,GNB,0.08576986289098334
2025-01-18,GNB,0.07646081597567365
2025-01-19,GNB,0.0793259565056001
2025-01-20,GNB,0.0793259565056001
2025-01-21,GNB,0.11348303972756882
2025-01-22,GNB,0.16066038651763537
2025-01-23,GNB,0.231739136543655
2025-01-24,GNB,0.1742549875117031
2025-01-25,GNB,0.24494348832428897
2025-01-26,GNB,0.22272723679919618
2025-01-27,GNB,0.23338546817106515
2025-01-28,GNB,0.18610708262233783
2025-01-29,GNB,0.24489681867316912
2025-01-30,GNB,0.1339969284398065
2025-01-31,GNB,0.15444347067460232
2025-02-01,GNB,0.16644846154612436
2025-02-02,GNB,0.14822303071628157
2025-02-03,GNB,0.15096325973805066
2025-02-04,GNB,0.15308195612294742
2025-02-05,GNB,0.1722340410478853
2025-02-06,GNB,0.13552531700232934
2025-02-07,GNB,0.19703864732044707
2025-02-08,GNB,0.20404307587261772
2025-02-09,GNB,0.17714654940130278
2025-02-10,GNB,0.17714654940130278
2025-02-11,GNB,0.16122580457804736
2025-02-12,GNB,0.17042818695857606
2025-02-13,GNB,0.17346588130307164
2025-02-14,GNB,0.1548120589731091
2025-02-15,GNB,0.15103241898630007
2025-02-16,GNB,0.15675340830390724
2025-02-17,GNB,0.15675340830390724
2025-02-18,GNB,0.17136353264146395
2025-02-19,GNB,0.22394778189075915
2025-02-20,GNB,0.1683000036512211
2025-02-21,GNB,0.18699579868607105
2025-02-22,GNB,0.10498385966242778
2025-02-23,GNB,0.15700435111661876
2025-02-24,GNB,0.15327665985018257
2025-02-25,GNB,0.1640934921400283
2025-02-26,GNB,0.13618578983480617
2025-02-27,GNB,0.17224066197128451
2025-02-28,GNB,0.15900926878192687
2025-03-01,GNB,0.21302599053738183
2025-03-02,GNB,0.2742752318618732
2025-03-03,GNB,0.2777063264370022
2025-03-04,GNB,0.1666889403889671
2025-03-05,GNB,0.14585758392262357
2025-03-06,GNB,0.15882287063842843
2025-03-07,GNB,0.221988858745302
2025-03-08,GNB,0.15686809830951137
2025-03-09,GNB,0.19677167614756907
2025-03-10,GNB,0.14828245187752337
2025-03-11,GNB,0.17774048835214498
2025-03-12,GNB,0.1525193544708142
2025-03-13,GNB,0.08411628850258446
2025-03-14,GNB,0.09014493323378481
2025-03-15,GNB,0.08087304920987115
2025-03-16,GNB,0.10423345461854987
2025-03-17,GNB,0.09928462370591823
2025-03-18,GNB,0.14180654104678656
2025-03-19,GNB,0.11695780526666405
2025-03-20,GNB,0.1412478573852109
2025-03-21,GNB,0.15042904991614378
2025-03-22,GNB,0.12703550064227434
2025-03-23,GNB,0.10275697146528939
2025-03-24,GNB,0.0953824331899017
2025-03-25,GNB,0.08428942915925053
2025-03-26,GNB,0.1250225125193917
2025-03-27,GNB,0.17347497584965527
2025-03-28,GNB,0.15827304958116645
2024-07-01,SEN,0.3745489070853828
2024-07-02,SEN,0.2875365095780177
2024-07-03,SEN,0.27279414305987604
2024-07-04,SEN,0.32527467719396086
2024-07-05,SEN,0.2513759039042938
2024-07-06,SEN,0.34067932404786394
2024-07-07,SEN,0.349638823686542
2024-07-08,SEN,0.3421528675425262
2024-07-09,SEN,0.25502963707454285
2024-07-10,SEN,0.2702660142047249
2024-07-11,SEN,0.346367605461266
2024-07-12,SEN,0.33439704322807157
2024-07-13,SEN,0.3508781579261359
2024-07-14,SEN,0.2937766909748622
2024-07-15,SEN,0.3138442709168779
2024-07-16,SEN,0.33623363455034944
2024-07-17,SEN,0.368083204793631
2024-07-18,SEN,0.2472762793376819
2024-07-19,SEN,0.2831140453478592
2024-07-20,SEN,0.39586220476748213
2024-07-21,SEN,0.42245808907854354
2024-07-22,SEN,0.393942203087048
2024-07-23,SEN,0.3930541825776417
2024-07-24,SEN,0.3556458866418382
2024-07-25,SEN,0.29807162839479695
2024-07-26,SEN,0.3734664073251908
2024-07-27,SEN,0.401172161242578
2024-07-28,SEN,0.39866422385606926
2024-07-29,SEN,0.3893104813193273
2024-07-30,SEN,0.3533530879006663
2024-07-31,SEN,0.3204572665086042
2024-08-01,SEN,0.33305629154704863
2024-08-02,SEN,0.4617689906770033
2024-08-03,SEN,0.3763718633827398
2024-08-04,SEN,0.3561303242773519
2024-08-05,SEN,0.7089618647579778
2024-08-06,SEN,0.30043074334803244
2024-08-07,SEN,0.2524374894801651
2024-08-08,SEN,0.2932849205732734
2024-08-09,SEN,0.28223466148936593
2024-08-10,SEN,0.3423759143735809
2024-08-11,SEN,0.3286147432594442
2024-08-12,SEN,0.341178907519245
2024-08-13,SEN,0.43129629115005047
2024-08-14,SEN,0.4322649285348245
2024-08-15,SEN,0.3895598489683341
2024-08-16,SEN,0.3464462199580254
2024-08-17,SEN,0.4362750166411112
2024-08-18,SEN,0.45583854690958636
2024-08-19,SEN,0.4611639832249187
2024-08-20,SEN,0.37414626912315874
2024-08-21,SEN,0.39825535063431144
2024-08-22,SEN,0.37115346678351363
2024-08-23,SEN,0.3475086924316718
2024-08-24,SEN,0.30916457601333436
2024-08-25,SEN,0.30905925249387906
2024-08-26,SEN,0.35038830745370025
2024-08-27,SEN,0.29139739716481977
2024-08-28,SEN,0.31748156591989385
2024-08-29,SEN,0.2900807302643757
2024-08-30,SEN,0.33959264164734393
2024-08-31,SEN,0.3750527289012695
2024-09-01,SEN,0.6608561311289556
2024-09-02,SEN,0.40267841781807723
2024-09-03,SEN,0.35491034174661107
2024-09-04,SEN,0.29900611514110326
2024-09-05,SEN,0.30659031604394205
2024-09-06,SEN,0.28877962818912994
2024-09-07,SEN,0.2631554903119956
2024-09-08,SEN,0.30441249176829155
2024-09-09,SEN,0.2724827527921352
2024-09-10,SEN,0.29965316430886396
2024-09-11,SEN,0.3115590507789487
2024-09-12,SEN,0.32636332419206826
2024-09-13,SEN,0.2312352087041918
2024-09-14,SEN,0.3203044783049106
2024-09-15,SEN,0.3764391055525197
2024-09-16,SEN,0.3764391055525197
2024-09-17,SEN,0.30817624461553533
2024-09-18,SEN,0.36057925138606123
2024-09-19,SEN,0.3435812762238075
2024-09-20,SEN,0.3521461727717003
2024-09-21,SEN,0.28754147892178483
2024-09-22,SEN,0.30124374261920533
2024-09-23,SEN,0.31758417238442416
2024-09-24,SEN,0.36954919500262745
2024-09-25,SEN,0.4092089565129269
2024-09-26,SEN,0.4334163528756942
2024-09-27,SEN,0.3607579291076743
2024-09-28,SEN,0.3774070686166403
2024-09-29,SEN,0.34223751690264215
2024-09-30,SEN,0.31372652360282643
2024-10-01,SEN,0.33881419478073677
2024-10-02,SEN,0.3504907819049097
2024-10-03,SEN,0.287309953151237
2024-10-04,SEN,0.31203125656134084
2024-10-05,SEN,0.30021516764730355
2024-10-06,SEN,0.2614073310818223
2024-10-07,SEN,0.31813995562916886
2024-10-08,SEN,0.2840861252737073
2024-10-09,SEN,0.22493761122350744
2024-10-10,SEN,0.26994527953736636
2024-10-11,SEN,0.22883172276144995
2024-10-12,SEN,0.2792428579582766
2024-10-13,SEN,0.32357055876041696
2024-10-14,SEN,0.32357055876041696
2024-10-15,SEN,0.3185163317903427
2024-10-16,SEN,0.3817054258355186
2024-10-17,SEN,0.4299273214673322
2024-10-18,SEN,0.4099630031714202
2024-10-19,SEN,0.37528797886879517
2024-10-20,SEN,0.33112878865834205
2024-10-21,SEN,0.33112878865834205
2024-10-22,SEN,0.3888108814924967
2024-10-23,SEN,0.34561358871693054
2024-10-24,SEN,0.3817641419687276
2024-10-25,SEN,0.33039622549672804
2024-10-26,SEN,0.2908638229616321
2024-10-27,SEN,0.3340678927742601
2024-10-28,SEN,0.3399882816407935
2024-10-29,SEN,0.33541689411459785
2024-10-30,SEN,0.27720467324323794
2024-10-31,SEN,0.4140153783216437
2024-11-01,SEN,0.2728009940859136
2024-11-02,SEN,0.4044064426474686
2024-11-03,SEN,0.3896241572650529
2024-11-04,SEN,0.40338962235848175
2024-11-05,SEN,0.3318546274449454
2024-11-06,SEN,0.3814205798152592
2024-11-07,SEN,0.4840768219802005
2024-11-08,SEN,0.4059500642906418
2024-11-09,SEN,0.42159417931366694
2024-11-10,SEN,0.4049338855993463
2024-11-11,SEN,0.7757320437605449
2024-11-12,SEN,0.5505796956121699
2024-11-13,SEN,0.5431224005432833
2024-11-14,SEN,0.4534011383097502
2024-11-15,SEN,0.4597813679022794
2024-11-16,SEN,0.3322261500381588
2024-11-17,SEN,0.30924273131429875
2024-11-18,SEN,0.19543075585718014
2024-11-19,SEN,0.17251523191719825
2024-11-20,SEN,0.1592824637771928
2024-11-21,SEN,0.17856337796505956
2024-11-22,SEN,0.17618787371238295
2024-11-23,SEN,0.31367273917429583
2024-11-24,SEN,0.3162656656473899
2024-11-25,SEN,0.4826364866483333
2024-11-26,SEN,0.4826701178232562
2024-11-27,SEN,0.45969578520540616
2024-11-28,SEN,0.5109120812515849
2024-11-29,SEN,0.4500856604245877
2024-11-30,SEN,0.41340425004786024
2024-12-01,SEN,0.42760264014632055
2024-12-02,SEN,0.4264599516264512
2024-12-03,SEN,0.4579427749943798
2024-12-04,SEN,0.40021266060237437
2024-12-05,SEN,0.4554583703874687
2024-12-06,SEN,0.44835041817609933
2024-12-07,SEN,0.4176491165813052
2024-12-08,SEN,0.39884846017792647
2024-12-09,SEN,0.39814324116300787
2024-12-10,SEN,0.40551438464514566
2024-12-11,SEN,0.41325346155101306
2024-12-12,SEN,0.4394381484225967
2024-12-13,SEN,0.4625789884557546
2024-12-14,SEN,0.39082794738183185
2024-12-15,SEN,0.39661995209012824
2024-12-16,SEN,0.428037189502566
2024-12-17,SEN,0.44389431355139364
2024-12-18,SEN,0.3422272598501213
2024-12-19,SEN,0.40639209880254284
2024-12-20,SEN,0.37384306631647785
2024-12-21,SEN,0.3990233926716244
2024-12-22,SEN,0.39659144320226986
2024-12-23,SEN,0.39659144320226986
2024-12-24,SEN,0.38317716390281786
2024-12-25,SEN,0.44512191968665904
2024-12-26,SEN,0.49034927677575796
2024-12-27,SEN,0.5237101134654952
2024-12-28,SEN,0.47484944020224823
2024-12-29,SEN,0.49882809667185196
2024-12-30,SEN,0.4689410348542227
2024-12-31,SEN,0.45813090836264153
2025-01-01,SEN,0.3709491971706367
2025-01-02,SEN,0.36179564242490475
2025-01-03,SEN,0.3522948562288211
2025-01-04,SEN,0.42740820613961844
2025-01-05,SEN,0.384846253541356
2025-01-06,SEN,0.3876034012988381
2025-01-07,SEN,0.418417026565113
2025-01-08,SEN,0.3985337002286414
2025-01-09,SEN,0.3843352366207492
2025-01-10,SEN,0.3727523498921084
2025-01-11,SEN,0.31788788139607754
2025-01-12,SEN,0.33371313224411114
2025-01-13,SEN,0.33371313224411114
2025-01-14,SEN,0.31531687936298924
2025-01-15,SEN,0.35661997844118043
2025-01-16,SEN,0.4432751463191598
2025-01-17,SEN,0.41336791722087307
2025-01-18,SEN,0.40047739699560425
2025-01-19,SEN,0.41054320384827775
2025-01-20,SEN,0.43158745453328073
2025-01-21,SEN,0.5087123497616175
2025-01-22,SEN,0.48496577431331184
2025-01-23,SEN,0.3725191431345386
2025-01-24,SEN,0.410483183651926
2025-01-25,SEN,0.43113738774712684
2025-01-26,SEN,0.43113738774712684
2025-01-27,SEN,0.42515623238682365
2025-01-28,SEN,0.3179012082780504
2025-01-29,SEN,0.42179338730653265
2025-01-30,SEN,0.4298532604275013
2025-01-31,SEN,0.3958304241854612
2025-02-01,SEN,0.41628026525373696
2025-02-02,SEN,0.41156469697227704
2025-02-03,SEN,0.38104078182823214
2025-02-04,SEN,0.44571160765623474
2025-02-05,SEN,0.4522817675717957
2025-02-06,SEN,0.4899021001496416
2025-02-07,SEN,0.42055489406472185
2025-02-08,SEN,0.4637558391080157
2025-02-09,SEN,0.46049400519544853
2025-02-10,SEN,0.4459999783602242
2025-02-11,SEN,0.45887483539368207
2025-02-12,SEN,0.45835469377190746
2025-02-13,SEN,0.35029544401854545
2025-02-14,SEN,0.43016065722432206
2025-02-15,SEN,0.3257687442864273
2025-02-16,SEN,0.3257687442864273
2025-02-17,SEN,0.3257687442864273
2025-02-18,SEN,0.33007534532776467
2025-02-19,SEN,0.3512513385125345
2025-02-20,SEN,0.3493869533083106
2025-02-21,SEN,0.3357504659894439
2025-02-22,SEN,0.39203484168382435
2025-02-23,SEN,0.3738512925586058
2025-02-24,SEN,0.3724381880425686
2025-02-25,SEN,0.36831906354479155
2025-02-26,SEN,0.3209088148216777
2025-02-27,SEN,0.29578583657659535
2025-02-28,SEN,0.35713965168495126
2025-03-01,SEN,0.42897270399264525
2025-03-02,SEN,0.4014845181534064
2025-03-03,SEN,0.4138144610396309
2025-03-04,SEN,0.3188275199701512
2025-03-05,SEN,0.3469338623284641
2025-03-06,SEN,0.3245512162882589
2025-03-07,SEN,0.3645091550561329
2025-03-08,SEN,0.40167529460284046
2025-03-09,SEN,0.3902566326818709
2025-03-10,SEN,0.3755114039314537
2025-03-11,SEN,0.39894357597682173
2025-03-12,SEN,0.40290482381070425
2025-03-13,SEN,0.39445179499431493
2025-03-14,SEN,0.4789101669865307
2025-03-15,SEN,0.46790734038454446
2025-03-16,SEN,0.48195117824516365
2025-03-17,SEN,0.4878849577654976
2025-03-18,SEN,0.45011732032551843
2025-03-19,SEN,0.4058421439884175
2025-03-20,SEN,0.5066758388822225
2025-03-21,SEN,0.4543056037156951
2025-03-22,SEN,0.3978952015841053
2025-03-23,SEN,0.4400086833586784
2025-03-24,SEN,0.40817130122202516
2025-03-25,SEN,0.41286308932344973
2025-03-26,SEN,0.4459065749097208
2025-03-27,SEN,0.43863328274294267
2025-03-28,SEN,0.4015954777152091
2024-07-01,CIV,0.4186857259678263
2024-07-02,CIV,0.40806245989535106
2024-07-03,CIV,0.4763778538332751
2024-07-04,CIV,0.11311216705685964
2024-07-05,CIV,0.09481524666058659
2024-07-06,CIV,0.09778589256525007
2024-07-07,CIV,0.07846909246926316
2024-07-08,CIV,0.06938859908996092
2024-07-09,CIV,0.10336004936068098
2024-07-10,CIV,0.21752146624403593
2024-07-11,CIV,0.39549982776225157
2024-07-12,CIV,0.7076276949518676
2024-07-13,CIV,0.8587585655013804
2024-07-14,CIV,0.8215108281291251
2024-07-15,CIV,0.4609445060780527
2024-07-16,CIV,0.6518185450214324
2024-07-17,CIV,0.3121142468353534
2024-07-18,CIV,0.34997947489333997
2024-07-19,CIV,0.3410483193887247
2024-07-20,CIV,0.09344757025629437
2024-07-21,CIV,0.08935861452014268
2024-07-22,CIV,0.09002750888180279
2024-07-23,CIV,0.17457112219788404
2024-07-24,CIV,0.10040424422382505
2024-07-25,CIV,0.101440608882038
2024-07-26,CIV,0.10420048131361795
2024-07-27,CIV,0.5423981219272643
2024-07-28,CIV,0.5306329872213446
2024-07-29,CIV,0.5108864500913408
2024-07-30,CIV,0.5458649568345452
2024-07-31,CIV,0.6127766439218933
2024-08-01,CIV,0.5069349699868421
2024-08-02,CIV,0.5185296467873308
2024-08-03,CIV,0.5745283725246898
2024-08-04,CIV,0.45437648703288847
2024-08-05,CIV,0.5048762605968684
2024-08-06,CIV,0.5673235831695029
2024-08-07,CIV,0.8448325737678283
2024-08-08,CIV,0.5190105509558487
2024-08-09,CIV,0.4192385577999773
2024-08-10,CIV,0.5471557239706155
2024-08-11,CIV,0.5062442586347194
2024-08-12,CIV,0.5273253278586708
2024-08-13,CIV,0.737205116187837
2024-08-14,CIV,0.4307338653893295
2024-08-15,CIV,0.7257228405773078
2024-08-16,CIV,0.5315145192188897
2024-08-17,CIV,0.47481538538558415
2024-08-18,CIV,0.4482310923306131
2024-08-19,CIV,0.5240672710697256
2024-08-20,CIV,0.4533174357270065
2024-08-21,CIV,0.5345671239668464
2024-08-22,CIV,0.5350183619769242
2024-08-23,CIV,0.37299356335737693
2024-08-24,CIV,0.8268105135350268
2024-08-25,CIV,0.4305508166111261
2024-08-26,CIV,0.5206174004322209
2024-08-27,CIV,0.46981985260390874
2024-08-28,CIV,0.4203912887798451
2024-08-29,CIV,0.3674781975485358
2024-08-30,CIV,0.3659590322715379
2024-08-31,CIV,0.4550376201870106
2024-09-01,CIV,0.7427471123879307
2024-09-02,CIV,0.49218706093938425
2024-09-03,CIV,0.41449297136485275
2024-09-04,CIV,0.3845401758081739
2024-09-05,CIV,0.5533219416064863
2024-09-06,CIV,0.47900529995305596
2024-09-07,CIV,0.6360390179460812
2024-09-08,CIV,0.5562263260514617
2024-09-09,CIV,0.680915219364723
2024-09-10,CIV,0.4518137634944172
2024-09-11,CIV,0.7326698162869483
2024-09-12,CIV,0.4540479371225194
2024-09-13,CIV,0.5303545959005248
2024-09-14,CIV,0.5255415511838508
2024-09-15,CIV,0.7670011474304723
2024-09-16,CIV,0.5213824494742353
2024-09-17,CIV,0.6273577801265704
2024-09-18,CIV,0.44045868799578
2024-09-19,CIV,0.8972904730327735
2024-09-20,CIV,0.7645646823759009
2024-09-21,CIV,0.5793908288755514
2024-09-22,CIV,0.5295932712083042
2024-09-23,CIV,0.4026636545259299
2024-09-24,CIV,0.4465331873752248
2024-09-25,CIV,0.4546884449521491
2024-09-26,CIV,0.09357992448689209
2024-09-27,CIV,0.15249475917438116
2024-09-28,CIV,0.07293666332549603
2024-09-29,CIV,0.13273538220164585
2024-09-30,CIV,0.08537480315065607
2024-10-01,CIV,0.08771249451610683
2024-10-02,CIV,0.2210014114858699
2024-10-03,CIV,0.7114332518199458
2024-10-04,CIV,0.47312515688920603
2024-10-05,CIV,0.9007566934109976
2024-10-06,CIV,0.3618603131335525
2024-10-07,CIV,0.1872714355630878
2024-10-08,CIV,0.09945043919844188
2024-10-09,CIV,0.08432049851264732
2024-10-10,CIV,0.11820005189253999
2024-10-11,CIV,0.10104224729363724
2024-10-12,CIV,0.10488706323989153
2024-10-13,CIV,0.44187405730648693
2024-10-14,CIV,0.48136429813851345
2024-10-15,CIV,0.5582608124453765
2024-10-16,CIV,0.4395236664980304
2024-10-17,CIV,0.471907910264862
2024-10-18,CIV,0.7289610762879488
2024-10-19,CIV,0.607600179252194
2024-10-20,CIV,0.508868652160323
2024-10-21,CIV,0.5059059232237918
2024-10-22,CIV,0.4924754888384563
2024-10-23,CIV,0.8597953515195462
2024-10-24,CIV,0.5151425023465198
2024-10-25,CIV,0.49075492356891426
2024-10-26,CIV,0.41456007850581184
2024-10-27,CIV,0.4157023948640582
2024-10-28,CIV,0.905637595579994
2024-10-29,CIV,0.718853178146434
2024-10-30,CIV,0.36408779755650694
2024-10-31,CIV,0.3828959729493145
2024-11-01,CIV,0.4316298110922245
2024-11-02,CIV,0.9010474826585825
2024-11-03,CIV,0.8717769725408019
2024-11-04,CIV,0.4331570322026659
2024-11-05,CIV,0.3497890066664933
2024-11-06,CIV,0.3681072673050036
2024-11-07,CIV,0.36629505479197855
2024-11-08,CIV,0.4043553287361542
2024-11-09,CIV,0.4752066863397558
2024-11-10,CIV,0.45314730316749124
2024-11-11,CIV,0.12667950578466242
2024-11-12,CIV,0.16731774457649579
2024-11-13,CIV,0.19019429483147687
2024-11-14,CIV,0.12063373951899915
2024-11-15,CIV,0.09261797500662382
2024-11-16,CIV,0.3946188501791079
2024-11-17,CIV,0.36298719908288835
2024-11-18,CIV,0.5061731482547225
2024-11-19,CIV,0.28627273226589595
2024-11-20,CIV,0.36592936113837893
2024-11-21,CIV,0.37428715633383197
2024-11-22,CIV,0.33869850776951105
2024-11-23,CIV,0.8656311728252015
2024-11-24,CIV,0.5331531880442549
2024-11-25,CIV,0.4979788461084936
2024-11-26,CIV,0.4650745598833566
2024-11-27,CIV,0.4802744390291467
2024-11-28,CIV,0.4688736187777282
2024-11-29,CIV,0.37884261535233665
2024-11-30,CIV,0.5004939036008007
2024-12-01,CIV,0.3259526051536289
2024-12-02,CIV,0.5232208369883797
2024-12-03,CIV,0.27434815225663733
2024-12-04,CIV,0.37389296289654084
2024-12-05,CIV,0.3588701488793234
2024-12-06,CIV,0.2949665041458988
2024-12-07,CIV,0.4449622869925786
2024-12-08,CIV,0.38860726879538987
2024-12-09,CIV,0.07169077515507637
2024-12-10,CIV,0.07111923590946136
2024-12-11,CIV,0.08315862811082855
2024-12-12,CIV,0.22720969301130717
2024-12-13,CIV,0.07026096137122853
2024-12-14,CIV,0.07549579818588847
2024-12-15,CIV,0.0862410725626717
2024-12-16,CIV,0.4152962621294367
2024-12-17,CIV,0.7592841926144506
2024-12-18,CIV,0.44391561404945734
2024-12-19,CIV,0.475911124396448
2024-12-20,CIV,0.3593830728847061
2024-12-21,CIV,0.45904007054194357
2024-12-22,CIV,0.5218428805179314
2024-12-23,CIV,0.3742506976931066
2024-12-24,CIV,0.35548241809949904
2024-12-25,CIV,0.8409686775484094
2024-12-26,CIV,0.4168438283276379
2024-12-27,CIV,0.7767910199284602
2024-12-28,CIV,0.4494181138875681
2024-12-29,CIV,0.45500619246938173
2024-12-30,CIV,0.7922327543215646
2024-12-31,CIV,0.7620604282362279
2025-01-01,CIV,0.5324829063726204
2025-01-02,CIV,0.406555435874201
2025-01-03,CIV,0.49534079721237245
2025-01-04,CIV,0.47984281294475334
2025-01-05,CIV,0.825136898379551
2025-01-06,CIV,0.24522614819711375
2025-01-07,CIV,0.21185875086187067
2025-01-08,CIV,0.07366775881021462
2025-01-09,CIV,0.08108697548663589
2025-01-10,CIV,0.07745054059166431
2025-01-11,CIV,0.09170236676768138
2025-01-12,CIV,0.07690471374064715
2025-01-13,CIV,0.5330225317606865
2025-01-14,CIV,0.44944090483455174
2025-01-15,CIV,0.4364627164814861
2025-01-16,CIV,0.46963043947920174
2025-01-17,CIV,0.47234995147301145
2025-01-18,CIV,0.4892237777047881
2025-01-19,CIV,0.520303237460649
2025-01-20,CIV,0.5124716441668523
2025-01-21,CIV,0.8600470751115543
2025-01-22,CIV,0.7186235875630902
2025-01-23,CIV,0.574935822500767
2025-01-24,CIV,0.4302991403097356
2025-01-25,CIV,0.5762294983916985
2025-01-26,CIV,0.5793662238424415
2025-01-27,CIV,0.7156712239716518
2025-01-28,CIV,0.38017836965985125
2025-01-29,CIV,0.411815701229217
2025-01-30,CIV,0.3988864178740886
2025-01-31,CIV,0.44025655523251384
2025-02-01,CIV,0.3837264535930366
2025-02-02,CIV,0.4451988104235557
2025-02-03,CIV,0.45519257165248495
2025-02-04,CIV,0.5211006025945901
2025-02-05,CIV,0.691450208514534
2025-02-06,CIV,0.48944420076383777
2025-02-07,CIV,0.47144863608256493
2025-02-08,CIV,0.4912118194587349
2025-02-09,CIV,0.4939912086057363
2025-02-10,CIV,0.49810399381165604
2025-02-11,CIV,0.5148392144138836
2025-02-12,CIV,0.42366827799006074
2025-02-13,CIV,0.4768766206692218
2025-02-14,CIV,0.4727992113831933
2025-02-15,CIV,0.3758937242618932
2025-02-16,CIV,0.8390456062588204
2025-02-17,CIV,0.494012561388178
2025-02-18,CIV,0.47681307005131013
2025-02-19,CIV,0.4432900013367427
2025-02-20,CIV,0.6334705458218812
2025-02-21,CIV,0.4667602999075368
2025-02-22,CIV,0.4821872786028424
2025-02-23,CIV,0.08189845756322327
2025-02-24,CIV,0.09725639680573499
2025-02-25,CIV,0.06841992129902079
2025-02-26,CIV,0.12598228048468907
2025-02-27,CIV,0.07775622379792135
2025-02-28,CIV,0.053804631398676785
2025-03-01,CIV,0.05200740764620063
2025-03-02,CIV,0.3865450557019019
2025-03-03,CIV,0.4369534611286891
2025-03-04,CIV,0.3668444057140499
2025-03-05,CIV,0.48306339747672145
2025-03-06,CIV,0.36901280777114237
2025-03-07,CIV,0.38938376606561215
2025-03-08,CIV,0.386399907710571
2025-03-09,CIV,0.3549255698122491
2025-03-10,CIV,0.35212149863508047
2025-03-11,CIV,0.29411291054659566
2025-03-12,CIV,0.5417321556744541
2025-03-13,CIV,0.3301666786647594
2025-03-14,CIV,0.48769791657665545
2025-03-15,CIV,0.8605819367617643
2025-03-16,CIV,0.5707447286592549
2025-03-17,CIV,0.5594012845176293
2025-03-18,CIV,0.571594237948428
2025-03-19,CIV,0.5579837303754198
2025-03-20,CIV,0.5688037304075662
2025-03-21,CIV,0.5696899817112843
2025-03-22,CIV,0.12623691439047238
2025-03-23,CIV,0.11850999173742516
2025-03-24,CIV,0.12721705408709427
2025-03-25,CIV,0.13608284932880968
2025-03-26,CIV,0.12485937292474333
2025-03-27,CIV,0.13758742270278757
2025-03-28,CIV,0.1279237069831933
2024-07-01,SLE,0.30726645463032937
2024-07-02,SLE,0.18709151196204526
2024-07-03,SLE,0.256151214963323
2024-07-04,SLE,0.16460644061844495
2024-07-05,SLE,0.16088755162389076
2024-07-06,SLE,0.2410125876830168
2024-07-07,SLE,0.556671853782148
2024-07-08,SLE,0.36129211296764574
2024-07-09,SLE,0.21372312329822069
2024-07-10,SLE,0.24226848082486732
2024-07-11,SLE,0.281106968444919
2024-07-12,SLE,0.2711545372236523
2024-07-13,SLE,0.30301698201597993
2024-07-14,SLE,0.26184017855362
2024-07-15,SLE,0.5316570284631782
2024-07-16,SLE,0.31203777931146204
2024-07-17,SLE,0.2575091650590544
2024-07-18,SLE,0.18457116863688136
2024-07-19,SLE,0.21098985335389261
2024-07-20,SLE,0.23292571239198023
2024-07-21,SLE,0.2586149032591818
2024-07-22,SLE,0.2733148792964465
2024-07-23,SLE,0.29049790309755497
2024-07-24,SLE,0.26321962883058025
2024-07-25,SLE,0.90083971000652
2024-07-26,SLE,0.2655092570489364
2024-07-27,SLE,0.22122635806938656
2024-07-28,SLE,0.261841046296045
2024-07-29,SLE,0.2490888691801276
2024-07-30,SLE,0.2628398499659689
2024-07-31,SLE,0.19423338064564494
2024-08-01,SLE,0.22370664712168317
2024-08-02,SLE,0.19672189795929282
2024-08-03,SLE,0.4069134253718951
2024-08-04,SLE,0.22810986950171433
2024-08-05,SLE,0.24846108391078725
2024-08-06,SLE,0.3496252724206155
2024-08-07,SLE,0.19265941125324892
2024-08-08,SLE,0.20268654353767177
2024-08-09,SLE,0.20467520317791849
2024-08-10,SLE,0.6204445101819474
2024-08-11,SLE,0.48014717317345595
2024-08-12,SLE,0.22219832085531577
2024-08-13,SLE,0.16609080214429237
2024-08-14,SLE,0.22102955035046976
2024-08-15,SLE,0.2729222110872369
2024-08-16,SLE,0.29095975097486715
2024-08-17,SLE,0.226150096266938
2024-08-18,SLE,0.44121931256026203
2024-08-19,SLE,0.2220774655122315
2024-08-20,SLE,0.1788288357138026
2024-08-21,SLE,0.2698784595734153
2024-08-22,SLE,0.2961785698547139
2024-08-23,SLE,0.2383323590955966
2024-08-24,SLE,0.14646290558397268
2024-08-25,SLE,0.23158257535675372
2024-08-26,SLE,0.22572459378537685
2024-08-27,SLE,0.1931541132455816
2024-08-28,SLE,0.24519821254103066
2024-08-29,SLE,0.24084328861575321
2024-08-30,SLE,0.2570754630974502
2024-08-31,SLE,0.3354926415009017
2024-09-01,SLE,0.35096708207072125
2024-09-02,SLE,0.3620475460123472
2024-09-03,SLE,0.34775493998227913
2024-09-04,SLE,0.2675755250533314
2024-09-05,SLE,0.3064070480890204
2024-09-06,SLE,0.30393900962829096
2024-09-07,SLE,0.26951294340061305
2024-09-08,SLE,0.2695326012576831
2024-09-09,SLE,0.24300223909399166
2024-09-10,SLE,0.2573054189889305
2024-09-11,SLE,0.2460918023683248
2024-09-12,SLE,0.2560614899806859
2024-09-13,SLE,0.2260475045060518
2024-09-14,SLE,0.2553693787204817
2024-09-15,SLE,0.29123573953971255
2024-09-16,SLE,0.3171703044200417
2024-09-17,SLE,0.2991495422582125
2024-09-18,SLE,0.25520717361867284
2024-09-19,SLE,0.2394898758679827
2024-09-20,SLE,0.2774921030599307
2024-09-21,SLE,0.40960955632993495
2024-09-22,SLE,0.25859774971772115
2024-09-23,SLE,0.2151223483527734
2024-09-24,SLE,0.3434471847278181
2024-09-25,SLE,0.2525699533899155
2024-09-26,SLE,0.3508016044306707
2024-09-27,SLE,0.2989773006230193
2024-09-28,SLE,0.24911392581223013
2024-09-29,SLE,0.5348834123367936
2024-09-30,SLE,0.21461658933206376
2024-10-01,SLE,0.2355400210645347
2024-10-02,SLE,0.23212130909846126
2024-10-03,SLE,0.22076769019432502
2024-10-04,SLE,0.19206914479480422
2024-10-05,SLE,0.25357432490170867
2024-10-06,SLE,0.2812608720524094
2024-10-07,SLE,0.2908365718466157
2024-10-08,SLE,0.23508377358269267
2024-10-09,SLE,0.17179885140953716
2024-10-10,SLE,0.342088151982766
2024-10-11,SLE,0.27481964384048674
2024-10-12,SLE,0.2439900466987066
2024-10-13,SLE,0.30875056078668134
2024-10-14,SLE,0.32857236963882
2024-10-15,SLE,0.3837540329977225
2024-10-16,SLE,0.3816998397484139
2024-10-17,SLE,0.39059445388706643
2024-10-18,SLE,0.4087270599362342
2024-10-19,SLE,0.2956287084980829
2024-10-20,SLE,0.31128356360772924
2024-10-21,SLE,0.4710605101217636
2024-10-22,SLE,0.3977812092716895
2024-10-23,SLE,0.3150856328629699
2024-10-24,SLE,0.2749324208168202
2024-10-25,SLE,0.35765109720223454
2024-10-26,SLE,0.23247470529848538
2024-10-27,SLE,0.2400742335676361
2024-10-28,SLE,0.26500143120862846
2024-10-29,SLE,0.4917073985806178
2024-10-30,SLE,0.27032864893414604
2024-10-31,SLE,0.31801201497967724
2024-11-01,SLE,0.1958035391631175
2024-11-02,SLE,0.2595741607780652
2024-11-03,SLE,0.26702605097803755
2024-11-04,SLE,0.29013528236444575
2024-11-05,SLE,0.1580802971651359
2024-11-06,SLE,0.20494964889788106
2024-11-07,SLE,0.2520018581601504
2024-11-08,SLE,0.20383995797086038
2024-11-09,SLE,0.27459211837380687
2024-11-10,SLE,0.2711095537527345
2024-11-11,SLE,0.5560950576409264
2024-11-12,SLE,0.3637515190018188
2024-11-13,SLE,0.39227972300920794
2024-11-14,SLE,0.3003283020522093
2024-11-15,SLE,0.358759613785504
2024-11-16,SLE,0.2771746316834999
2024-11-17,SLE,0.2308203360863012
2024-11-18,SLE,0.23740929047459342
2024-11-19,SLE,0.20134345653206465
2024-11-20,SLE,0.1783096734322037
2024-11-21,SLE,0.1972818342020118
2024-11-22,SLE,0.13591407720641194
2024-11-23,SLE,0.20556734181426947
2024-11-24,SLE,0.2439049592431159
2024-11-25,SLE,0.2585988630541099
2024-11-26,SLE,0.24913898223950667
2024-11-27,SLE,0.35264682207244774
2024-11-28,SLE,0.2935024193417253
2024-11-29,SLE,0.32097721306083027
2024-11-30,SLE,0.863541281151119
2024-12-01,SLE,0.2699296730492053
2024-12-02,SLE,0.28339878933235507
2024-12-03,SLE,0.3454636408891355
2024-12-04,SLE,0.06749634651931757
2024-12-05,SLE,0.062356038451108244
2024-12-06,SLE,0.05943998286556604
2024-12-07,SLE,0.04937238262128805
2024-12-08,SLE,0.0671800731721192
2024-12-09,SLE,0.07371063072097314
2024-12-10,SLE,0.06908055011302286
2024-12-11,SLE,0.13874139507198616
2024-12-12,SLE,0.11928840207249496
2024-12-13,SLE,0.13334444115606545
2024-12-14,SLE,0.45029463431310207
2024-12-15,SLE,0.3031528652680938
2024-12-16,SLE,0.30695087055853093
2024-12-17,SLE,0.33380407656946187
2024-12-18,SLE,0.3046519703947409
2024-12-19,SLE,0.4851457387035526
2024-12-20,SLE,0.2604690568616066
2024-12-21,SLE,0.31296684291699833
2024-12-22,SLE,0.3530257919928176
2024-12-23,SLE,0.38690322127848853
2024-12-24,SLE,0.34034549474986314
2024-12-25,SLE,0.43022394174503376
2024-12-26,SLE,0.5621491164778575
2024-12-27,SLE,0.4177076646168342
2024-12-28,SLE,0.3464985992940645
2024-12-29,SLE,0.3352293049929005
2024-12-30,SLE,0.4037321735599636
2024-12-31,SLE,0.408176215383123
2025-01-01,SLE,0.29575984882715495
2025-01-02,SLE,0.30923687089551927
2025-01-03,SLE,0.29049596250678666
2025-01-04,SLE,0.3181208836967123
2025-01-05,SLE,0.37111593575779395
2025-01-06,SLE,0.4565154752410932
2025-01-07,SLE,0.34995993438811807
2025-01-08,SLE,0.3247814886943949
2025-01-09,SLE,0.40314156290962777
2025-01-10,SLE,0.36759705546542054
2025-01-11,SLE,0.808718389340561
2025-01-12,SLE,0.5112724292923396
2025-01-13,SLE,0.216192032185302
2025-01-14,SLE,0.17809912611030168
2025-01-15,SLE,0.28396357148964857
2025-01-16,SLE,0.19812996359548768
2025-01-17,SLE,0.21556828296899663
2025-01-18,SLE,0.24187430950467162
2025-01-19,SLE,0.26881563772992256
2025-01-20,SLE,0.5643600936033253
2025-01-21,SLE,0.28375632940110623
2025-01-22,SLE,0.3385498063704575
2025-01-23,SLE,0.31578611427433234
2025-01-24,SLE,0.3162274596204577
2025-01-25,SLE,0.3142070524016675
2025-01-26,SLE,0.3376451589165061
2025-01-27,SLE,0.32543942068141485
2025-01-28,SLE,0.23488538943184814
2025-01-29,SLE,0.3147252651167851
2025-01-30,SLE,0.24872196443863795
2025-01-31,SLE,0.23825749454034717
2025-02-01,SLE,0.6466290078016889
2025-02-02,SLE,0.293524905691099
2025-02-03,SLE,0.29962461504815785
2025-02-04,SLE,0.32631364454108436
2025-02-05,SLE,0.3647443800211496
2025-02-06,SLE,0.3009336645345596
2025-02-07,SLE,0.31323137375497945
2025-02-08,SLE,0.24747761556061487
2025-02-09,SLE,0.2500077356561232
2025-02-10,SLE,0.8820360417152546
2025-02-11,SLE,0.21361988161615128
2025-02-12,SLE,0.22990650822090622
2025-02-13,SLE,0.20892212570340826
2025-02-14,SLE,0.21976432469480014
2025-02-15,SLE,0.2314944874191255
2025-02-16,SLE,0.21022477015234062
2025-02-17,SLE,0.09018520846056181
2025-02-18,SLE,0.07794237063321743
2025-02-19,SLE,0.06614896724709256
2025-02-20,SLE,0.1033616108762727
2025-02-21,SLE,0.10100869337373011
2025-02-22,SLE,0.06547687564716324
2025-02-23,SLE,0.06946324226836088
2025-02-24,SLE,0.14710395512769547
2025-02-25,SLE,0.15121010025141082
2025-02-26,SLE,0.1942456802191833
2025-02-27,SLE,0.19936105436508408
2025-02-28,SLE,0.16551751546174936
2025-03-01,SLE,0.2500602729922894
2025-03-02,SLE,0.26844870103088597
2025-03-03,SLE,0.3552745877931562
2025-03-04,SLE,0.22047584315655724
2025-03-05,SLE,0.23319077094012888
2025-03-06,SLE,0.23161597829711156
2025-03-07,SLE,0.2544562979927843
2025-03-08,SLE,0.20451757625919986
2025-03-09,SLE,0.21112510399043824
2025-03-10,SLE,0.21112510399043824
2025-03-11,SLE,0.2549268279675093
2025-03-12,SLE,0.2635379372881863
2025-03-13,SLE,0.2788976757118511
2025-03-14,SLE,0.3495504619440572
2025-03-15,SLE,0.33278585363880103
2025-03-16,SLE,0.3656553607357004
2025-03-17,SLE,0.3441175449485543
2025-03-18,SLE,0.38027827717316776
2025-03-19,SLE,0.2875699576296584
2025-03-20,SLE,0.326924780366738
2025-03-21,SLE,0.2564987577197235
2025-03-22,SLE,0.3084851950103976
2025-03-23,SLE,0.3010753141652012
2025-03-24,SLE,0.32331527193369586
2025-03-25,SLE,0.33340866062349234
2025-03-26,SLE,0.2579971149967722
2025-03-27,SLE,0.308155921805594
2025-03-28,SLE,0.27188884539278774
2024-07-01,TGO,0.11772323775343461
2024-07-02,TGO,0.061499755318664084
2024-07-03,TGO,0.056545369687204514
2024-07-04,TGO,0.0746724385357289
2024-07-05,TGO,0.07026138933204334
2024-07-06,TGO,0.10068671882330577
2024-07-07,TGO,0.10171131665633378
2024-07-08,TGO,0.17917407024107457
2024-07-09,TGO,0.2046750544757283
2024-07-10,TGO,0.17840405450315341
2024-07-11,TGO,0.26156213390618915
2024-07-12,TGO,0.18706768511699404
2024-07-13,TGO,0.22506639119124036
2024-07-14,TGO,0.2503208981663331
2024-07-15,TGO,0.2298681025450949
2024-07-16,TGO,0.31857933973927116
2024-07-17,TGO,0.2690412148229555
2024-07-18,TGO,0.2865889854592692
2024-07-19,TGO,0.8980440505127817
2024-07-20,TGO,0.9381562155576546
2024-07-21,TGO,0.7861117712028075
2024-07-22,TGO,0.4778396950955133
2024-07-23,TGO,0.3861107416271968
2024-07-24,TGO,0.3883338505878752
2024-07-25,TGO,0.3578321710556113
2024-07-26,TGO,0.8825044394131343
2024-07-27,TGO,0.017162874475769526
2024-07-28,TGO,0.0189780566866648
2024-07-29,TGO,0.01784361739671656
2024-07-30,TGO,0.01653723445578475
2024-07-31,TGO,0.0193099890503945
2024-08-01,TGO,0.022634673665472966
2024-08-02,TGO,0.018856636420192793
2024-08-03,TGO,0.12852003417457855
2024-08-04,TGO,0.17528734678058808
2024-08-05,TGO,0.17766764768314533
2024-08-06,TGO,0.8381749088207852
2024-08-07,TGO,0.7429970130594302
2024-08-08,TGO,0.18042610769473347
2024-08-09,TGO,0.22033982755728865
2024-08-10,TGO,0.3794538185540549
2024-08-11,TGO,0.4043250966119348
2024-08-12,TGO,0.38088040336053264
2024-08-13,TGO,0.1609602772258531
2024-08-14,TGO,0.13460238823324575
2024-08-15,TGO,0.8433258482595879
2024-08-16,TGO,0.5876196627967685
2024-08-17,TGO,0.10965296572434893
2024-08-18,TGO,0.15269403793589537
2024-08-19,TGO,0.33700647722819
2024-08-20,TGO,0.31015057064126517
2024-08-21,TGO,0.2497523330740676
2024-08-22,TGO,0.2343864668950695
2024-08-23,TGO,0.18808364417821952
2024-08-24,TGO,0.17999308416317697
2024-08-25,TGO,0.5594785714634004
2024-08-26,TGO,0.262948246576756
2024-08-27,TGO,0.27206443144418274
2024-08-28,TGO,0.27390895736892446
2024-08-29,TGO,0.3653214879611537
2024-08-30,TGO,0.3624927014611714
2024-08-31,TGO,0.4554606477573152
2024-09-01,TGO,0.4592546423800065
2024-09-02,TGO,0.447458096881783
2024-09-03,TGO,0.4828103973372814
2024-09-04,TGO,0.6202165826101987
2024-09-05,TGO,0.3562195116136667
2024-09-06,TGO,0.32080130079041186
2024-09-07,TGO,0.31216686439833924
2024-09-08,TGO,0.29457307736987315
2024-09-09,TGO,0.2982212880397231
2024-09-10,TGO,0.32159707765991313
2024-09-11,TGO,0.34921436996196037
2024-09-12,TGO,0.29611934313351107
2024-09-13,TGO,0.22035122735635151
2024-09-14,TGO,0.2737533196394235
2024-09-15,TGO,0.3342612039577617
2024-09-16,TGO,0.37027101554566566
2024-09-17,TGO,0.35803085954126257
2024-09-18,TGO,0.2965853772766163
2024-09-19,TGO,0.29882692167843694
2024-09-20,TGO,0.34567994906603056
2024-09-21,TGO,0.3083905640965514
2024-09-22,TGO,0.31638978026217135
2024-09-23,TGO,0.8800611349604407
2024-09-24,TGO,0.34887089836114377
2024-09-25,TGO,0.3433277861764382
2024-09-26,TGO,0.3668969630267458
2024-09-27,TGO,0.2986155047933787
2024-09-28,TGO,0.3013019099633583
2024-09-29,TGO,0.2968777828868165
2024-09-30,TGO,0.13736036568390472
2024-10-01,TGO,0.16976821495013772
2024-10-02,TGO,0.8856494773382002
2024-10-03,TGO,0.3979419123889006
2024-10-04,TGO,0.38215001009496397
2024-10-05,TGO,0.13951241674150525
2024-10-06,TGO,0.1664891337801143
2024-10-07,TGO,0.2231109973604164
2024-10-08,TGO,0.2552122336632113
2024-10-09,TGO,0.042446156999216694
2024-10-10,TGO,0.049752101907795714
2024-10-11,TGO,0.04703074307201935
2024-10-12,TGO,0.04008483621284731
2024-10-13,TGO,0.054218126004730166
2024-10-14,TGO,0.03419769157617997
2024-10-15,TGO,0.04317264721772002
2024-10-16,TGO,0.6365834270094451
2024-10-17,TGO,0.34482674948473274
2024-10-18,TGO,0.5256588587750823
2024-10-19,TGO,0.8932054368106571
2024-10-20,TGO,0.8516778031064537
2024-10-21,TGO,0.27924666244037083
2024-10-22,TGO,0.37107089117294095
2024-10-23,TGO,0.4434819428279239
2024-10-24,TGO,0.4356696998697494
2024-10-25,TGO,0.8102924557972507
2024-10-26,TGO,0.1807420524330849
2024-10-27,TGO,0.18867313545511963
2024-10-28,TGO,0.414048483254729
2024-10-29,TGO,0.30732315164839424
2024-10-30,TGO,0.33971070057250935
2024-10-31,TGO,0.3262380540386655
2024-11-01,TGO,0.07446562979806969
2024-11-02,TGO,0.410346800641183
2024-11-03,TGO,0.08657366498137209
2024-11-04,TGO,0.1055662413927491
2024-11-05,TGO,0.07701035153093415
2024-11-06,TGO,0.08962141941391426
2024-11-07,TGO,0.09202557937592457
2024-11-08,TGO,0.29363463572610077
2024-11-09,TGO,0.9106343727509016
2024-11-10,TGO,0.32905423221858093
2024-11-11,TGO,0.5088143220388247
2024-11-12,TGO,0.27118638363167
2024-11-13,TGO,0.3900338866766804
2024-11-14,TGO,0.8633472911877963
2024-11-15,TGO,0.8074201585871155
2024-11-16,TGO,0.06455080908519831
2024-11-17,TGO,0.06706510362726344
2024-11-18,TGO,0.07505423106354278
2024-11-19,TGO,0.6214644372087897
2024-11-20,TGO,0.5217239526749635
2024-11-21,TGO,0.07412189248125019
2024-11-22,TGO,0.06431259309012093
2024-11-23,TGO,0.29435449906621725
2024-11-24,TGO,0.687126069457303
2024-11-25,TGO,0.2856309122845803
2024-11-26,TGO,0.25090133432871164
2024-11-27,TGO,0.24866171719404917
2024-11-28,TGO,0.19361562569339172
2024-11-29,TGO,0.5220156223053
2024-11-30,TGO,0.1733195396747976
2024-12-01,TGO,0.19919093663540122
2024-12-02,TGO,0.18150249178421266
2024-12-03,TGO,0.23651695064970926
2024-12-04,TGO,0.34730277000747684
2024-12-05,TGO,0.30978305733357764
2024-12-06,TGO,0.32298257492974214
2024-12-07,TGO,0.3087074844985085
2024-12-08,TGO,0.32604012102996993
2024-12-09,TGO,0.3691801456695037
2024-12-10,TGO,0.3867949467787979
2024-12-11,TGO,0.35852370834613084
2024-12-12,TGO,0.31942107865400216
2024-12-13,TGO,0.3688885211189301
2024-12-14,TGO,0.3583477581683519
2024-12-15,TGO,0.46336696951051065
2024-12-16,TGO,0.4111679129508143
2024-12-17,TGO,0.4350929903162254
2024-12-18,TGO,0.2938542042650383
2024-12-19,TGO,0.44389935676390363
2024-12-20,TGO,0.4311803880198957
2024-12-21,TGO,0.35640381775212415
2024-12-22,TGO,0.4502127788928239
2024-12-23,TGO,0.42010287592931894
2024-12-24,TGO,0.45414896734705534
2024-12-25,TGO,0.46949322477244304
2024-12-26,TGO,0.39850049170380036
2024-12-27,TGO,0.4337025808728093
2024-12-28,TGO,0.4281935144274599
2024-12-29,TGO,0.4706279911016767
2024-12-30,TGO,0.4266104238460622
2024-12-31,TGO,0.44230180563596416
2025-01-01,TGO,0.35827971627069327
2025-01-02,TGO,0.823513423803629
2025-01-03,TGO,0.28499384356059837
2025-01-04,TGO,0.7220541354713388
2025-01-05,TGO,0.46206453278520393
2025-01-06,TGO,0.38523565301739743
2025-01-07,TGO,0.3224419199085266
2025-01-08,TGO,0.25757865046130496
2025-01-09,TGO,0.36578315026298824
2025-01-10,TGO,0.4343637888365534
2025-01-11,TGO,0.2504931943172833
2025-01-12,TGO,0.8046211555075908
2025-01-13,TGO,0.2929353133068417
2025-01-14,TGO,0.46366290302538704
2025-01-15,TGO,0.3743430814779443
2025-01-16,TGO,0.2784034361281009
2025-01-17,TGO,0.23550273732895424
2025-01-18,TGO,0.26471255841564867
2025-01-19,TGO,0.7404253694255833
2025-01-20,TGO,0.22606956121371644
2025-01-21,TGO,0.22520367149783302
2025-01-22,TGO,0.20556611043439663
2025-01-23,TGO,0.190763785014321
2025-01-24,TGO,0.20460611609518026
2025-01-25,TGO,0.1516383083959987
2025-01-26,TGO,0.15865274248242944
2025-01-27,TGO,0.15687176294137178
2025-01-28,TGO,0.1493863156724955
2025-01-29,TGO,0.1399817338822181
2025-01-30,TGO,0.16187971628666972
2025-01-31,TGO,0.1312542442080506
2025-02-01,TGO,0.18906068126366643
2025-02-02,TGO,0.242794029824564
2025-02-03,TGO,0.242794029824564
2025-02-04,TGO,0.27008535159297137
2025-02-05,TGO,0.27045176181691033
2025-02-06,TGO,0.34725504858957273
2025-02-07,TGO,0.33544377997214037
2025-02-08,TGO,0.29337909063502904
2025-02-09,TGO,0.3843585245457275
2025-02-10,TGO,0.3740597077909437
2025-02-11,TGO,0.2960495874355671
2025-02-12,TGO,0.32342595545486813
2025-02-13,TGO,0.29607792924720505
2025-02-14,TGO,0.40424279767958365
2025-02-15,TGO,0.35689391847797725
2025-02-16,TGO,0.3585521391862225
2025-02-17,TGO,0.2694685795082579
2025-02-18,TGO,0.2023467474126532
2025-02-19,TGO,0.24015192464728355
2025-02-20,TGO,0.23470247372941822
2025-02-21,TGO,0.14483731717284237
2025-02-22,TGO,0.15363560322713754
2025-02-23,TGO,0.23736386871491452
2025-02-24,TGO,0.2539895969226027
2025-02-25,TGO,0.2359645539662842
2025-02-26,TGO,0.2313368059851276
2025-02-27,TGO,0.26636800543644745
2025-02-28,TGO,0.24496236621961553
2025-03-01,TGO,0.3237163408730553
2025-03-02,TGO,0.33278112515386693
2025-03-03,TGO,0.3090079132199887
2025-03-04,TGO,0.19583958161711487
2025-03-05,TGO,0.24532332395894388
2025-03-06,TGO,0.262231979557718
2025-03-07,TGO,0.2835380202940284
2025-03-08,TGO,0.2646128843070842
2025-03-09,TGO,0.25204390618786765
2025-03-10,TGO,0.24107288711666475
2025-03-11,TGO,0.25101811377963335
2025-03-12,TGO,0.2808533220450303
2025-03-13,TGO,0.26185625155243825
2025-03-14,TGO,0.3231478807852798
2025-03-15,TGO,0.34538506563359833
2025-03-16,TGO,0.3622915567996114
2025-03-17,TGO,0.29740640916354383
2025-03-18,TGO,0.2982379193026796
2025-03-19,TGO,0.2728522807240364
2025-03-20,TGO,0.3425823209542041
2025-03-21,TGO,0.35148035795245436
2025-03-22,TGO,0.32576288095201417
2025-03-23,TGO,0.3294960450323929
2025-03-24,TGO,0.3294960450323929
2025-03-25,TGO,0.3417149177027736
2025-03-26,TGO,0.33150304494772376
2025-03-27,TGO,0.32070484785247294
2025-03-28,TGO,0.3008130157319859
2024-07-01,COD,0.14534200704064232
2024-07-02,COD,0.1335572482192922
2024-07-03,COD,0.4904660876714687
2024-07-04,COD,0.2218911996717145
2024-07-05,COD,0.14525201066910526
2024-07-06,COD,0.06491871957484173
2024-07-07,COD,0.07218646854694205
2024-07-08,COD,0.07293788284518514
2024-07-09,COD,0.06511716167601493
2024-07-10,COD,0.0799776955371592
2024-07-11,COD,0.5362738823581054
2024-07-12,COD,0.1384726685499175
2024-07-13,COD,0.8785220154258967
2024-07-14,COD,0.570641592920378
2024-07-15,COD,0.8130426195041565
2024-07-16,COD,0.7211040494439963
2024-07-17,COD,0.711761001321127
2024-07-18,COD,0.21602638477779906
2024-07-19,COD,0.8500482141633012
2024-07-20,COD,0.12082543645667883
2024-07-21,COD,0.04816966894197101
2024-07-22,COD,0.04645606966611883
2024-07-23,COD,0.15721965825087844
2024-07-24,COD,0.02872890001800478
2024-07-25,COD,0.042800744787620554
2024-07-26,COD,0.07594582423799383
2024-07-27,COD,0.23472324768696531
2024-07-28,COD,0.2681882233668926
2024-07-29,COD,0.18903745543768316
2024-07-30,COD,0.16928269374188645
2024-07-31,COD,0.027315941647863853
2024-08-01,COD,0.02881032596699528
2024-08-02,COD,0.03760566050518912
2024-08-03,COD,0.032478342158299894
2024-08-04,COD,0.025424599335591578
2024-08-05,COD,0.03215600339911398
2024-08-06,COD,0.03849723534040913
2024-08-07,COD,0.09881282126209844
2024-08-08,COD,0.1046418062072736
2024-08-09,COD,0.25766092159702136
2024-08-10,COD,0.6536100152988354
2024-08-11,COD,0.2993371887723787
2024-08-12,COD,0.31640507751310903
2024-08-13,COD,0.5604764318058959
2024-08-14,COD,0.617836062013567
2024-08-15,COD,0.8193130796188778
2024-08-16,COD,0.619632368378344
2024-08-17,COD,0.17441907296553025
2024-08-18,COD,0.2228553448270568
2024-08-19,COD,0.24841837963675006
2024-08-20,COD,0.6240556933733324
2024-08-21,COD,0.0829252574694985
2024-08-22,COD,0.051500376194221265
2024-08-23,COD,0.12765774859137632
2024-08-24,COD,0.2057628559448304
2024-08-25,COD,0.13178948682339628
2024-08-26,COD,0.09550065428404016
2024-08-27,COD,0.20174823057745153
2024-08-28,COD,0.7005086743880073
2024-08-29,COD,0.29404591607170183
2024-08-30,COD,0.5226249545258033
2024-08-31,COD,0.2465277020041159
2024-09-01,COD,0.29980740822080987
2024-09-02,COD,0.19584709340414336
2024-09-03,COD,0.26720622661245735
2024-09-04,COD,0.172184734940244
2024-09-05,COD,0.12961025743078522
2024-09-06,COD,0.07933113343587542
2024-09-07,COD,0.06574717330383008
2024-09-08,COD,0.5725021611292053
2024-09-09,COD,0.1444258979963933
2024-09-10,COD,0.2725725162802476
2024-09-11,COD,0.4363107533887636
2024-09-12,COD,0.4602923365734962
2024-09-13,COD,0.6843683277604485
2024-09-14,COD,0.2620760553614218
2024-09-15,COD,0.1955938289562671
2024-09-16,COD,0.7919312260331324
2024-09-17,COD,0.34778262022498924
2024-09-18,COD,0.3519704917869265
2024-09-19,COD,0.7254449685822144
2024-09-20,COD,0.3738733721563656
2024-09-21,COD,0.30260235169707445
2024-09-22,COD,0.7370764463345769
2024-09-23,COD,0.8007241302606448
2024-09-24,COD,0.6145175913219352
2024-09-25,COD,0.6906598571942917
2024-09-26,COD,0.5937671295881312
2024-09-27,COD,0.15924675878659997
2024-09-28,COD,0.12435061730147536
2024-09-29,COD,0.21335426936692126
2024-09-30,COD,0.08701884630203006
2024-10-01,COD,0.08404612952639522
2024-10-02,COD,0.07186331077360579
2024-10-03,COD,0.08821700111898136
2024-10-04,COD,0.07513356940677204
2024-10-05,COD,0.10330886515593693
2024-10-06,COD,0.06262336812522226
2024-10-07,COD,0.1505028725190567
2024-10-08,COD,0.7039176142150307
2024-10-09,COD,0.2694050791905694
2024-10-10,COD,0.24837057367313325
2024-10-11,COD,0.3241264975076816
2024-10-12,COD,0.1399064231207976
2024-10-13,COD,0.22636269142262014
2024-10-14,COD,0.45325095331348036
2024-10-15,COD,0.2881171395196187
2024-10-16,COD,0.10130660274765622
2024-10-17,COD,0.06827119804813196
2024-10-18,COD,0.619182594784216
2024-10-19,COD,0.20472520000302372
2024-10-20,COD,0.4675774935452019
2024-10-21,COD,0.1534876640795131
2024-10-22,COD,0.25245238903999656
2024-10-23,COD,0.7221665724834133
2024-10-24,COD,0.5952975612997946
2024-10-25,COD,0.485903790973525
2024-10-26,COD,0.45925954681297804
2024-10-27,COD,0.1881786352469416
2024-10-28,COD,0.3299866022703121
2024-10-29,COD,0.266053895693794
2024-10-30,COD,0.2699179763149576
2024-10-31,COD,0.0686929784604955
2024-11-01,COD,0.15775439862218082
2024-11-02,COD,0.07072536571505476
2024-11-03,COD,0.08012805818999205
2024-11-04,COD,0.07750002244356102
2024-11-05,COD,0.11423178606284767
2024-11-06,COD,0.21098898921750628
2024-11-07,COD,0.3273211253261881
2024-11-08,COD,0.19529843508126002
2024-11-09,COD,0.4161840199388467
2024-11-10,COD,0.37194730651174923
2024-11-11,COD,0.3148383628822258
2024-11-12,COD,0.18484637564713047
2024-11-13,COD,0.4422088124039655
2024-11-14,COD,0.512803027954534
2024-11-15,COD,0.8063815487831896
2024-11-16,COD,0.26322942086531875
2024-11-17,COD,0.13944608838120096
2024-11-18,COD,0.19519676948865014
2024-11-19,COD,0.1439667825206732
2024-11-20,COD,0.14598953530384542
2024-11-21,COD,0.13410009322176353
2024-11-22,COD,0.3225560124847739
2024-11-23,COD,0.27188382384656434
2024-11-24,COD,0.2523234165548878
2024-11-25,COD,0.2523234165548878
2024-11-26,COD,0.12254156714718921
2024-11-27,COD,0.12433895667257219
2024-11-28,COD,0.14259703777463756
2024-11-29,COD,0.24877770101965802
2024-11-30,COD,0.16273955324997771
2024-12-01,COD,0.562441736192463
2024-12-02,COD,0.13281840422564686
2024-12-03,COD,0.1792488108690203
2024-12-04,COD,0.5424719403541122
2024-12-05,COD,0.4085306480415118
2024-12-06,COD,0.47921808126118093
2024-12-07,COD,0.6802276146356934
2024-12-08,COD,0.3980202487276617
2024-12-09,COD,0.4768012716431402
2024-12-10,COD,0.09847877946088504
2024-12-11,COD,0.4866379400141543
2024-12-12,COD,0.17398504083960167
2024-12-13,COD,0.32862697781536665
2024-12-14,COD,0.2951319508996423
2024-12-15,COD,0.4264877827693568
2024-12-16,COD,0.2427336453639045
2024-12-17,COD,0.3895753351413232
2024-12-18,COD,0.5276687601842733
2024-12-19,COD,0.15298515027088214
2024-12-20,COD,0.13683202604853142
2024-12-21,COD,0.5190054649528308
2024-12-22,COD,0.14265511937099326
2024-12-23,COD,0.17765335335758486
2024-12-24,COD,0.385157561361675
2024-12-25,COD,0.8648047576317087
2024-12-26,COD,0.7180895107204277
2024-12-27,COD,0.36961201539564126
2024-12-28,COD,0.08592393395644599
2024-12-29,COD,0.2725237433185641
2024-12-30,COD,0.0854744832956062
2024-12-31,COD,0.6249930627954116
2025-01-01,COD,0.06723740536258253
2025-01-02,COD,0.030054696091462527
2025-01-03,COD,0.02483271362799894
2025-01-04,COD,0.020674671562852687
2025-01-05,COD,0.025759319485609295
2025-01-06,COD,0.02168684230501229
2025-01-07,COD,0.02529414808335067
2025-01-08,COD,0.2263012056298304
2025-01-09,COD,0.5208474338550984
2025-01-10,COD,0.4902370370065286
2025-01-11,COD,0.23651581447157644
2025-01-12,COD,0.767524115527345
2025-01-13,COD,0.47318925391627814
2025-01-14,COD,0.17346520763796136
2025-01-15,COD,0.8365955705476262
2025-01-16,COD,0.18851905166174396
2025-01-17,COD,0.47390929990354047
2025-01-18,COD,0.3504405356895505
2025-01-19,COD,0.7988364565685524
2025-01-20,COD,0.7001236761449968
2025-01-21,COD,0.660943500057104
2025-01-22,COD,0.10621043632077984
2025-01-23,COD,0.10799772213161671
2025-01-24,COD,0.04102585305429084
2025-01-25,COD,0.17462822957374252
2025-01-26,COD,0.05466573906926592
2025-01-27,COD,0.38536702094459907
2025-01-28,COD,0.3998241602230118
2025-01-29,COD,0.8001149374500897
2025-01-30,COD,0.3978142427367198
2025-01-31,COD,0.38497002471196
2025-02-01,COD,0.024498301439065097
2025-02-02,COD,0.034731611734242385
2025-02-03,COD,0.01730320190736024
2025-02-04,COD,0.02199196249795848
2025-02-05,COD,0.027186705534120177
2025-02-06,COD,0.10849604632888056
2025-02-07,COD,0.1505699256869181
2025-02-08,COD,0.02867300923430011
2025-02-09,COD,0.10849210894590176
2025-02-10,COD,0.17626893025628879
2025-02-11,COD,0.16665076053306757
2025-02-12,COD,0.6466823543352896
2025-02-13,COD,0.8249421069307685
2025-02-14,COD,0.2531458349877252
2025-02-15,COD,0.5780956087812898
2025-02-16,COD,0.4610602239257254
2025-02-17,COD,0.028583390978658682
2025-02-18,COD,0.02602784705626222
2025-02-19,COD,0.023382270767218077
2025-02-20,COD,0.031785771425180444
2025-02-21,COD,0.02492257714249065
2025-02-22,COD,0.18336630931274264
2025-02-23,COD,0.027570918438439344
2025-02-24,COD,0.01792656769882903
2025-02-25,COD,0.11167464736321916
2025-02-26,COD,0.04720299688817842
2025-02-27,COD,0.05025463841140927
2025-02-28,COD,0.03363136733962566
2025-03-01,COD,0.040479046968804416
2025-03-02,COD,0.05670062521364229
2025-03-03,COD,0.32020633725017167
2025-03-04,COD,0.09416974312998688
2025-03-05,COD,0.24917068719563565
2025-03-06,COD,0.03389335174741099
2025-03-07,COD,0.2118416669166061
2025-03-08,COD,0.07734259590505303
2025-03-09,COD,0.13350517769891562
2025-03-10,COD,0.25750688430191243
2025-03-11,COD,0.11336507069743579
2025-03-12,COD,0.03321466309172738
2025-03-13,COD,0.03617512190277363
2025-03-14,COD,0.03635548111119788
2025-03-15,COD,0.03311725223721518
2025-03-16,COD,0.036600242305829866
2025-03-17,COD,0.05023674878247603
2025-03-18,COD,0.1001602264173876
2025-03-19,COD,0.33688084015393815
2025-03-20,COD,0.21553177360492642
2025-03-21,COD,0.19350204970922788
2025-03-22,COD,0.1437488398607326
2025-03-23,COD,0.24060812370763168
2025-03-24,COD,0.14758849128264465
2025-03-25,COD,0.04795135473354554
2025-03-26,COD,0.047532207682187355
2025-03-27,COD,0.03748103097155784
2025-03-28,COD,0.056764667484778986
2024-07-01,CAF,0.09834825680825242
2024-07-02,CAF,0.9280012707460459
2024-07-03,CAF,0.07649373550764442
2024-07-04,CAF,0.2134590558051808
2024-07-05,CAF,0.09511849156931657
2024-07-06,CAF,0.759167715817271
2024-07-07,CAF,0.11488745301217958
2024-07-08,CAF,0.11415329182135142
2024-07-09,CAF,0.034655324008034415
2024-07-10,CAF,0.03676575304875404
2024-07-11,CAF,0.056114255087594996
2024-07-12,CAF,0.04909498127622258
2024-07-13,CAF,0.05386596038601813
2024-07-14,CAF,0.06009515397237655
2024-07-15,CAF,0.0456778291024401
2024-07-16,CAF,0.15665962023504054
2024-07-17,CAF,0.643825567740112
2024-07-18,CAF,0.2122393181138307
2024-07-19,CAF,0.2083532595572115
2024-07-20,CAF,0.7978208409256615
2024-07-21,CAF,0.5270592549475628
2024-07-22,CAF,0.32922670338130683
2024-07-23,CAF,0.4496798032951526
2024-07-24,CAF,0.20952370755302163
2024-07-25,CAF,0.3323485341247923
2024-07-26,CAF,0.24097064390565062
2024-07-27,CAF,0.24424608195076158
2024-07-28,CAF,0.254836518368474
2024-07-29,CAF,0.2985309752147498
2024-07-30,CAF,0.2529330421111038
2024-07-31,CAF,0.9140727023594816
2024-08-01,CAF,0.3159271116735105
2024-08-02,CAF,0.41022964136363105
2024-08-03,CAF,0.7417790588120231
2024-08-04,CAF,0.42010295426497424
2024-08-05,CAF,0.42983244535376564
2024-08-06,CAF,0.40688826710780934
2024-08-07,CAF,0.619948949714598
2024-08-08,CAF,0.3260534562354635
2024-08-09,CAF,0.229172801650923
2024-08-10,CAF,0.17384372341817256
2024-08-11,CAF,0.19606751509253123
2024-08-12,CAF,0.3436948895041339
2024-08-13,CAF,0.8308818357183062
2024-08-14,CAF,0.39018266628552467
2024-08-15,CAF,0.23889181833419082
2024-08-16,CAF,0.8107555663341552
2024-08-17,CAF,0.3638549557868403
2024-08-18,CAF,0.21311246021022873
2024-08-19,CAF,0.5519537970715814
2024-08-20,CAF,0.07317402005724225
2024-08-21,CAF,0.15942482705471228
2024-08-22,CAF,0.09132472545782788
2024-08-23,CAF,0.17575946077606963
2024-08-24,CAF,0.06979441511259199
2024-08-25,CAF,0.11812249602384571
2024-08-26,CAF,0.07872005685288463
2024-08-27,CAF,0.12262774756861698
2024-08-28,CAF,0.16029253880453911
2024-08-29,CAF,0.8137062457260898
2024-08-30,CAF,0.34072806389806654
2024-08-31,CAF,0.25677253748750206
2024-09-01,CAF,0.27992320750626254
2024-09-02,CAF,0.32973106777878486
2024-09-03,CAF,0.7190090630052933
2024-09-04,CAF,0.5025850876694417
2024-09-05,CAF,0.18457445525105984
2024-09-06,CAF,0.21906820131490962
2024-09-07,CAF,0.25722423096825936
2024-09-08,CAF,0.2886324600636389
2024-09-09,CAF,0.32858481366833797
2024-09-10,CAF,0.6403588319260027
2024-09-11,CAF,0.17817884530581377
2024-09-12,CAF,0.8110953099377548
2024-09-13,CAF,0.38951447952514917
2024-09-14,CAF,0.5123401975495622
2024-09-15,CAF,0.5746690458590733
2024-09-16,CAF,0.4172037021403381
2024-09-17,CAF,0.4050530037871288
2024-09-18,CAF,0.38476551831855405
2024-09-19,CAF,0.37793493153117713
2024-09-20,CAF,0.34252614711601875
2024-09-21,CAF,0.8816858337392212
2024-09-22,CAF,0.29854459298329333
2024-09-23,CAF,0.4214063189603482
2024-09-24,CAF,0.28051879351988823
2024-09-25,CAF,0.20502134725812987
2024-09-26,CAF,0.5619042277007144
2024-09-27,CAF,0.5931659599738371
2024-09-28,CAF,0.19772752897072596
2024-09-29,CAF,0.24216039019490415
2024-09-30,CAF,0.18937838373312035
2024-10-01,CAF,0.3566643433071656
2024-10-02,CAF,0.19454068545835224
2024-10-03,CAF,0.5955600322713187
2024-10-04,CAF,0.1777469220066247
2024-10-05,CAF,0.5484092620500772
2024-10-06,CAF,0.9376903065408732
2024-10-07,CAF,0.734422441048861
2024-10-08,CAF,0.5934910142292467
2024-10-09,CAF,0.5024201249848959
2024-10-10,CAF,0.27831263033605547
2024-10-11,CAF,0.428996013594566
2024-10-12,CAF,0.25225983854938183
2024-10-13,CAF,0.15074922947681813
2024-10-14,CAF,0.08856144588376885
2024-10-15,CAF,0.19605240839683388
2024-10-16,CAF,0.056129382696465446
2024-10-17,CAF,0.13268740480659263
2024-10-18,CAF,0.07893678111111396
2024-10-19,CAF,0.09555502489672399
2024-10-20,CAF,0.35011701006864016
2024-10-21,CAF,0.35805500470840346
2024-10-22,CAF,0.22832406237875588
2024-10-23,CAF,0.19577666280718045
2024-10-24,CAF,0.20273409921207672
2024-10-25,CAF,0.20908178555899534
2024-10-26,CAF,0.26326099713450735
2024-10-27,CAF,0.25706162613415173
2024-10-28,CAF,0.2988460307354231
2024-10-29,CAF,0.340745152720818
2024-10-30,CAF,0.3810434089759517
2024-10-31,CAF,0.6428127169087254
2024-11-01,CAF,0.4127965075579833
2024-11-02,CAF,0.4437627903248698
2024-11-03,CAF,0.4326698517767641
2024-11-04,CAF,0.607118790009414
2024-11-05,CAF,0.4488221363436927
2024-11-06,CAF,0.7543816406265174
2024-11-07,CAF,0.6150321056089088
2024-11-08,CAF,0.46285965681843927
2024-11-09,CAF,0.6968813845385239
2024-11-10,CAF,0.7314822990788695
2024-11-11,CAF,0.5420644605282091
2024-11-12,CAF,0.6925441156554428
2024-11-13,CAF,0.29914384501551494
2024-11-14,CAF,0.4499419065252689
2024-11-15,CAF,0.3030837656134334
2024-11-16,CAF,0.21613411214088346
2024-11-17,CAF,0.23305033987554208
2024-11-18,CAF,0.4235966668729645
2024-11-19,CAF,0.2699457345803009
2024-11-20,CAF,0.23850075194342832
2024-11-21,CAF,0.24477295702738175
2024-11-22,CAF,0.2542488098244653
2024-11-23,CAF,0.21802353215428183
2024-11-24,CAF,0.437746799295209
2024-11-25,CAF,0.9180666783362076
2024-11-26,CAF,0.2724635077571118
2024-11-27,CAF,0.414394030227272
2024-11-28,CAF,0.39769610820335416
2024-11-29,CAF,0.4387315812740406
2024-11-30,CAF,0.41320177082431236
2024-12-01,CAF,0.5253595687194025
2024-12-02,CAF,0.14637928419986154
2024-12-03,CAF,0.23468092103583904
2024-12-04,CAF,0.4167905476264298
2024-12-05,CAF,0.16227831202572682
2024-12-06,CAF,0.15546016609902122
2024-12-07,CAF,0.1856269510450809
2024-12-08,CAF,0.30559099248006016
2024-12-09,CAF,0.7129564976359882
2024-12-10,CAF,0.7855160360321307
2024-12-11,CAF,0.3722536771705595
2024-12-12,CAF,0.2809164685700461
2024-12-13,CAF,0.43180711221094203
2024-12-14,CAF,0.29039661457179733
2024-12-15,CAF,0.32569343004876694
2024-12-16,CAF,0.2712101160321687
2024-12-17,CAF,0.277642297847706
2024-12-18,CAF,0.25181082687298867
2024-12-19,CAF,0.2780318100961263
2024-12-20,CAF,0.35931805636311753
2024-12-21,CAF,0.26659890085223104
2024-12-22,CAF,0.6419236922465251
2024-12-23,CAF,0.8381334318465975
2024-12-24,CAF,0.8717913624212233
2024-12-25,CAF,0.8042082827937939
2024-12-26,CAF,0.7261692515621184
2024-12-27,CAF,0.7262216631599889
2024-12-28,CAF,0.8179515193627066
2024-12-29,CAF,0.5148396257843759
2024-12-30,CAF,0.22103763716370362
2024-12-31,CAF,0.15001355016119733
2025-01-01,CAF,0.32301206351823875
2025-01-02,CAF,0.06639086617018186
2025-01-03,CAF,0.1044384396179768
2025-01-04,CAF,0.07713362789990749
2025-01-05,CAF,0.12420634204362224
2025-01-06,CAF,0.14874334821936558
2025-01-07,CAF,0.12359217204790363
2025-01-08,CAF,0.9086730441251334
2025-01-09,CAF,0.29283539951481685
2025-01-10,CAF,0.7607572699257027
2025-01-11,CAF,0.7101717804959483
2025-01-12,CAF,0.6564852195981428
2025-01-13,CAF,0.4053612365103688
2025-01-14,CAF,0.3570962988684903
2025-01-15,CAF,0.8318104557655056
2025-01-16,CAF,0.5675601802617077
2025-01-17,CAF,0.5155065451274258
2025-01-18,CAF,0.7163867414995356
2025-01-19,CAF,0.1357553985074134
2025-01-20,CAF,0.4523468809338068
2025-01-21,CAF,0.91243170868854
2025-01-22,CAF,0.4687611457633259
2025-01-23,CAF,0.1962256857310304
2025-01-24,CAF,0.15920558271418367
2025-01-25,CAF,0.12193462392412034
2025-01-26,CAF,0.13854327423319188
2025-01-27,CAF,0.10370806900835548
2025-01-28,CAF,0.5173423258018867
2025-01-29,CAF,0.0968935403999843
2025-01-30,CAF,0.11317632524557536
2025-01-31,CAF,0.11670538480420496
2025-02-01,CAF,0.10364785995521034
2025-02-02,CAF,0.094518873433375
2025-02-03,CAF,0.7332514302553599
2025-02-04,CAF,0.25996193607824275
2025-02-05,CAF,0.4127049406095915
2025-02-06,CAF,0.11813583839926695
2025-02-07,CAF,0.14225584221185225
2025-02-08,CAF,0.16806941791041616
2025-02-09,CAF,0.13920297931858122
2025-02-10,CAF,0.0577492635217573
2025-02-11,CAF,0.08250009402640317
2025-02-12,CAF,0.197824290693898
2025-02-13,CAF,0.09502703955313252
2025-02-14,CAF,0.3914913109732271
2025-02-15,CAF,0.9134027782241063
2025-02-16,CAF,0.9170387364149322
2025-02-17,CAF,0.7074002081535604
2025-02-18,CAF,0.6622055073806095
2025-02-19,CAF,0.9318988494544275
2025-02-20,CAF,0.7921203842327589
2025-02-21,CAF,0.9301905511543134
2025-02-22,CAF,0.054884048239807075
2025-02-23,CAF,0.01896641386005228
2025-02-24,CAF,0.04451045069442239
2025-02-25,CAF,0.040552350197790375
2025-02-26,CAF,0.12833897115697815
2025-02-27,CAF,0.015275437427434
2025-02-28,CAF,0.14986365149949177
2025-03-01,CAF,0.06572407639960938
2025-03-02,CAF,0.11948083244502537
2025-03-03,CAF,0.10301389640069862
2025-03-04,CAF,0.07097610707973577
2025-03-05,CAF,0.12621237337391192
2025-03-06,CAF,0.07805762082283353
2025-03-07,CAF,0.0622420147853951
2025-03-08,CAF,0.10948066422762913
2025-03-09,CAF,0.06989529020805568
2025-03-10,CAF,0.1091585969225335
2025-03-11,CAF,0.128166521679836
2025-03-12,CAF,0.2839370651885971
2025-03-13,CAF,0.09611167075896172
2025-03-14,CAF,0.1417929377985187
2025-03-15,CAF,0.6230206859921402
2025-03-16,CAF,0.2450216550237858
2025-03-17,CAF,0.2814934368362973
2025-03-18,CAF,0.8116005761379214
2025-03-19,CAF,0.24703969244159332
2025-03-20,CAF,0.18167325374651025
2025-03-21,CAF,0.2844349719077464
2025-03-22,CAF,0.32561903771830664
2025-03-23,CAF,0.19236794699805593
2025-03-24,CAF,0.23082062664269903
2025-03-25,CAF,0.09681654785999604
2025-03-26,CAF,0.17013300676775409
2025-03-27,CAF,0.13011846089625162
2025-03-28,CAF,0.11950833090426088
2024-07-01,SDN,0.7084882301760029
2024-07-02,SDN,0.30728078058099334
2024-07-03,SDN,0.46782679493526824
2024-07-04,SDN,0.27985041321569637
2024-07-05,SDN,0.3842548782242771
2024-07-06,SDN,0.28747929565369545
2024-07-07,SDN,0.2907794888074191
2024-07-08,SDN,0.11541356322483032
2024-07-09,SDN,0.10465160413850684
2024-07-10,SDN,0.2001023892039669
2024-07-11,SDN,0.5322058801217762
2024-07-12,SDN,0.7223113004546599
2024-07-13,SDN,0.5512672148309259
2024-07-14,SDN,0.703062989412519
2024-07-15,SDN,0.35634981170370306
2024-07-16,SDN,0.2891320981973972
2024-07-17,SDN,0.2976015258143708
2024-07-18,SDN,0.5761863078693814
2024-07-19,SDN,0.25990435958600394
2024-07-20,SDN,0.41869531594217246
2024-07-21,SDN,0.42905266553896276
2024-07-22,SDN,0.23005665600447797
2024-07-23,SDN,0.11314890801298347
2024-07-24,SDN,0.22018484811039768
2024-07-25,SDN,0.07487409430509828
2024-07-26,SDN,0.5139983607459628
2024-07-27,SDN,0.16305947219022263
2024-07-28,SDN,0.33625697124833315
2024-07-29,SDN,0.24604294064171392
2024-07-30,SDN,0.25234861644512435
2024-07-31,SDN,0.40013358264561855
2024-08-01,SDN,0.2524977961776733
2024-08-02,SDN,0.2287643697135037
2024-08-03,SDN,0.6224537610139432
2024-08-04,SDN,0.1281066974416784
2024-08-05,SDN,0.14323903939362295
2024-08-06,SDN,0.0729165358385428
2024-08-07,SDN,0.24060249768005817
2024-08-08,SDN,0.21434220099017742
2024-08-09,SDN,0.3699906336213259
2024-08-10,SDN,0.755293169624602
2024-08-11,SDN,0.7803363210703944
2024-08-12,SDN,0.08295814625714389
2024-08-13,SDN,0.5257251159782292
2024-08-14,SDN,0.30661428605660224
2024-08-15,SDN,0.32745082359274824
2024-08-16,SDN,0.7661611185912137
2024-08-17,SDN,0.05554090271960487
2024-08-18,SDN,0.0467655534561754
2024-08-19,SDN,0.072786137742025
2024-08-20,SDN,0.15880286752510867
2024-08-21,SDN,0.18039359697964244
2024-08-22,SDN,0.21487459465588818
2024-08-23,SDN,0.12542140314999253
2024-08-24,SDN,0.08423382710923392
2024-08-25,SDN,0.24263831516082665
2024-08-26,SDN,0.5140464602838248
2024-08-27,SDN,0.33257804077169395
2024-08-28,SDN,0.21759955775794537
2024-08-29,SDN,0.3065789616334593
2024-08-30,SDN,0.5724881184004261
2024-08-31,SDN,0.5790772425380991
2024-09-01,SDN,0.2858311579476143
2024-09-02,SDN,0.589435088291933
2024-09-03,SDN,0.589435088291933
2024-09-04,SDN,0.3849815353537416
2024-09-05,SDN,0.4399788356413084
2024-09-06,SDN,0.47763289891661115
2024-09-07,SDN,0.49686610297727524
2024-09-08,SDN,0.802157262096466
2024-09-09,SDN,0.6387586271092327
2024-09-10,SDN,0.4533399459633625
2024-09-11,SDN,0.4616938384007145
2024-09-12,SDN,0.7770620101316181
2024-09-13,SDN,0.3701322187273664
2024-09-14,SDN,0.7924841326512297
2024-09-15,SDN,0.24789832707717163
2024-09-16,SDN,0.629325628025638
2024-09-17,SDN,0.27462673751617067
2024-09-18,SDN,0.29643319015942665
2024-09-19,SDN,0.4787262485998249
2024-09-20,SDN,0.4729342072046719
2024-09-21,SDN,0.43529762559517293
2024-09-22,SDN,0.10919830104459141
2024-09-23,SDN,0.44151890447477254
2024-09-24,SDN,0.21919509443338195
2024-09-25,SDN,0.4641604855592185
2024-09-26,SDN,0.4467017051483632
2024-09-27,SDN,0.4397886457038771
2024-09-28,SDN,0.4378866847018362
2024-09-29,SDN,0.44315140707685197
2024-09-30,SDN,0.44315140707685197
2024-10-01,SDN,0.46570867401656885
2024-10-02,SDN,0.20555185974682655
2024-10-03,SDN,0.21076631077640656
2024-10-04,SDN,0.40511761330501006
2024-10-05,SDN,0.7095102528838853
2024-10-06,SDN,0.14603654680834413
2024-10-07,SDN,0.5211388373172738
2024-10-08,SDN,0.4231548598659668
2024-10-09,SDN,0.25832235049635766
2024-10-10,SDN,0.21227786676138125
2024-10-11,SDN,0.129430112412364
2024-10-12,SDN,0.5168440392562497
2024-10-13,SDN,0.5783416787002004
2024-10-14,SDN,0.5783416787002004
2024-10-15,SDN,0.6296620796581197
2024-10-16,SDN,0.41423318965410766
2024-10-17,SDN,0.5876822940688908
2024-10-18,SDN,0.20574708504068487
2024-10-19,SDN,0.3090143028463158
2024-10-20,SDN,0.7783650526798623
2024-10-21,SDN,0.7783650526798623
2024-10-22,SDN,0.7436053913638706
2024-10-23,SDN,0.6972658258867396
2024-10-24,SDN,0.6893276266967563
2024-10-25,SDN,0.7452128364542917
2024-10-26,SDN,0.7305081469012569
2024-10-27,SDN,0.4954260680459081
2024-10-28,SDN,0.24416214385272025
2024-10-29,SDN,0.27903952883259625
2024-10-30,SDN,0.3936583382275413
2024-10-31,SDN,0.3616080492946114
2024-11-01,SDN,0.08689041519923128
2024-11-02,SDN,0.3606064346267714
2024-11-03,SDN,0.09062010745623109
2024-11-04,SDN,0.1844263279127343
2024-11-05,SDN,0.22059744469926346
2024-11-06,SDN,0.4276140280919583
2024-11-07,SDN,0.18133534155538344
2024-11-08,SDN,0.408498110985503
2024-11-09,SDN,0.41092387443340556
2024-11-10,SDN,0.4660766599514837
2024-11-11,SDN,0.5044702495139953
2024-11-12,SDN,0.16275611998409203
2024-11-13,SDN,0.14979976848386053
2024-11-14,SDN,0.8294018760131212
2024-11-15,SDN,0.8037756972097058
2024-11-16,SDN,0.5719135553855492
2024-11-17,SDN,0.5919485656575124
2024-11-18,SDN,0.3407910474658128
2024-11-19,SDN,0.3667048141500403
2024-11-20,SDN,0.6102017249511554
2024-11-21,SDN,0.3405224903262446
2024-11-22,SDN,0.5775542673917
2024-11-23,SDN,0.14538484857493433
2024-11-24,SDN,0.2491035205616666
2024-11-25,SDN,0.2491035205616666
2024-11-26,SDN,0.13190042668975832
2024-11-27,SDN,0.11364261424566924
2024-11-28,SDN,0.23194821492939444
2024-11-29,SDN,0.1276021811774257
2024-11-30,SDN,0.14661019627979516
2024-12-01,SDN,0.8128538964387638
2024-12-02,SDN,0.6217311354501769
2024-12-03,SDN,0.79641705385506
2024-12-04,SDN,0.8016779148907259
2024-12-05,SDN,0.7924559672483492
2024-12-06,SDN,0.797369050506722
2024-12-07,SDN,0.8123638736012773
2024-12-08,SDN,0.8100185255635047
2024-12-09,SDN,0.8100185255635047
2024-12-10,SDN,0.808010539820629
2024-12-11,SDN,0.8191569071458681
2024-12-12,SDN,0.41115643851585526
2024-12-13,SDN,0.34597085080996154
2024-12-14,SDN,0.3712682078955908
2024-12-15,SDN,0.3712682078955908
2024-12-16,SDN,0.351857269583208
2024-12-17,SDN,0.10029157221074306
2024-12-18,SDN,0.24403746768262757
2024-12-19,SDN,0.09121227542174745
2024-12-20,SDN,0.08459077982222996
2024-12-21,SDN,0.45985427591772454
2024-12-22,SDN,0.5226748885639644
2024-12-23,SDN,0.3018570681839347
2024-12-24,SDN,0.24386303029089287
2024-12-25,SDN,0.2674975137848175
2024-12-26,SDN,0.567735191262445
2024-12-27,SDN,0.2867462612195086
2024-12-28,SDN,0.5489568799696708
2024-12-29,SDN,0.15464316958168703
2024-12-30,SDN,0.11835534897080073
2024-12-31,SDN,0.15991983604151455
2025-01-01,SDN,0.5259350409550405
2025-01-02,SDN,0.14786462393026126
2025-01-03,SDN,0.1357814452596089
2025-01-04,SDN,0.13943916952980198
2025-01-05,SDN,0.7418832172513447
2025-01-06,SDN,0.5545451653086264
2025-01-07,SDN,0.5612327444985102
2025-01-08,SDN,0.7748525854187438
2025-01-09,SDN,0.48180027784097923
2025-01-10,SDN,0.7863452256118998
2025-01-11,SDN,0.5928066194027705
2025-01-12,SDN,0.7017598126279099
2025-01-13,SDN,0.708389565928229
2025-01-14,SDN,0.7048443542388317
2025-01-15,SDN,0.264396373982074
2025-01-16,SDN,0.7009210449097718
2025-01-17,SDN,0.35384953995664703
2025-01-18,SDN,0.6458471620565521
2025-01-19,SDN,0.5613416325309977
2025-01-20,SDN,0.3042735924403609
2025-01-21,SDN,0.1465709145284377
2025-01-22,SDN,0.5487650311085298
2025-01-23,SDN,0.5487650311085298
2025-01-24,SDN,0.5502524072569939
2025-01-25,SDN,0.26900353407849964
2025-01-26,SDN,0.510499767364488
2025-01-27,SDN,0.1396627479168658
2025-01-28,SDN,0.29221430861786457
2025-01-29,SDN,0.2501949739961567
2025-01-30,SDN,0.47348590014025843
2025-01-31,SDN,0.11197588517977801
2025-02-01,SDN,0.44113336833950273
2025-02-02,SDN,0.4648040109129877
2025-02-03,SDN,0.48558411571437127
2025-02-04,SDN,0.45100350185106974
2025-02-05,SDN,0.2727469160058314
2025-02-06,SDN,0.13653756455416152
2025-02-07,SDN,0.5324283129495612
2025-02-08,SDN,0.29434942207028036
2025-02-09,SDN,0.331708333882337
2025-02-10,SDN,0.39473403178924105
2025-02-11,SDN,0.5714172835061216
2025-02-12,SDN,0.6086208987888587
2025-02-13,SDN,0.6086208987888587
2025-02-14,SDN,0.2031538041130552
2025-02-15,SDN,0.6732233971163161
2025-02-16,SDN,0.7536771573738223
2025-02-17,SDN,0.8169019852240854
2025-02-18,SDN,0.7012644806248349
2025-02-19,SDN,0.701916238680381
2025-02-20,SDN,0.7929050840799207
2025-02-21,SDN,0.7901797383710504
2025-02-22,SDN,0.26611469944594496
2025-02-23,SDN,0.41699547089275996
2025-02-24,SDN,0.44740683990868785
2025-02-25,SDN,0.6744976275039061
2025-02-26,SDN,0.18027018032380068
2025-02-27,SDN,0.6667677923927662
2025-02-28,SDN,0.42042803724911815
2025-03-01,SDN,0.37290955657487584
2025-03-02,SDN,0.1341265136830963
2025-03-03,SDN,0.5602121147111753
2025-03-04,SDN,0.589785487651163
2025-03-05,SDN,0.4404882601206457
2025-03-06,SDN,0.6134349193104017
2025-03-07,SDN,0.45739033981092037
2025-03-08,SDN,0.7643848757762262
2025-03-09,SDN,0.5331135436005472
2025-03-10,SDN,0.7719783289786606
2025-03-11,SDN,0.46162237405845863
2025-03-12,SDN,0.647309320536199
2025-03-13,SDN,0.609588240923356
2025-03-14,SDN,0.8289660611821148
2025-03-15,SDN,0.29167057511439276
2025-03-16,SDN,0.5515222720681526
2025-03-17,SDN,0.13771390071082124
2025-03-18,SDN,0.2780532639727979
2025-03-19,SDN,0.30065470355369556
2025-03-20,SDN,0.5147188010106823
2025-03-21,SDN,0.5822106274650851
2025-03-22,SDN,0.8058300236481052
2025-03-23,SDN,0.7523203792201468
2025-03-24,SDN,0.5630820477802483
2025-03-25,SDN,0.3219333605764811
2025-03-26,SDN,0.46175461803908735
2025-03-27,SDN,0.10386107279746001
2025-03-28,SDN,0.43560576980920085
2024-07-01,SSD,0.1437672055518241
2024-07-02,SSD,0.09543211908994031
2024-07-03,SSD,0.23768894981896224
2024-07-04,SSD,0.08678356547483101
2024-07-05,SSD,0.2792322240334506
2024-07-06,SSD,0.1772634258527345
2024-07-07,SSD,0.1791321366663959
2024-07-08,SSD,0.32636337861540193
2024-07-09,SSD,0.30884115854097377
2024-07-10,SSD,0.3656488474628736
2024-07-11,SSD,0.4550416946659333
2024-07-12,SSD,0.6035020334267398
2024-07-13,SSD,0.4799487428504619
2024-07-14,SSD,0.5457950849272488
2024-07-15,SSD,0.8120739453153003
2024-07-16,SSD,0.5927401672578775
2024-07-17,SSD,0.36658359290350256
2024-07-18,SSD,0.6858753360185772
2024-07-19,SSD,0.6302901218365736
2024-07-20,SSD,0.8592457293782082
2024-07-21,SSD,0.4726656001070542
2024-07-22,SSD,0.15698201815843146
2024-07-23,SSD,0.22035361238019432
2024-07-24,SSD,0.09177237994545673
2024-07-25,SSD,0.08833451207297952
2024-07-26,SSD,0.1582169623730293
2024-07-27,SSD,0.14643141712601504
2024-07-28,SSD,0.10527515444879691
2024-07-29,SSD,0.17583695520030565
2024-07-30,SSD,0.14685870845248172
2024-07-31,SSD,0.14166422728744846
2024-08-01,SSD,0.14294349075606905
2024-08-02,SSD,0.12949460984332808
2024-08-03,SSD,0.3727409106977917
2024-08-04,SSD,0.21648320817066874
2024-08-05,SSD,0.2518743179095888
2024-08-06,SSD,0.27902539523527603
2024-08-07,SSD,0.22022438993142404
2024-08-08,SSD,0.1347854745585011
2024-08-09,SSD,0.3036846917616586
2024-08-10,SSD,0.42861065280966104
2024-08-11,SSD,0.6562564976300906
2024-08-12,SSD,0.5213597716949744
2024-08-13,SSD,0.30519713754282585
2024-08-14,SSD,0.3953061517189144
2024-08-15,SSD,0.4689660764523209
2024-08-16,SSD,0.913459907259515
2024-08-17,SSD,0.18036006138937363
2024-08-18,SSD,0.24393396648534021
2024-08-19,SSD,0.3362609515497863
2024-08-20,SSD,0.1557498518108929
2024-08-21,SSD,0.2574758365279342
2024-08-22,SSD,0.2642295449611994
2024-08-23,SSD,0.0417483267772401
2024-08-24,SSD,0.04683993211494685
2024-08-25,SSD,0.1580592864156015
2024-08-26,SSD,0.060644951387832546
2024-08-27,SSD,0.03779185578069797
2024-08-28,SSD,0.09602913947391788
2024-08-29,SSD,0.10225069162484951
2024-08-30,SSD,0.30374685252693995
2024-08-31,SSD,0.37532808436530585
2024-09-01,SSD,0.40068268313872896
2024-09-02,SSD,0.40841853438556874
2024-09-03,SSD,0.2690003043843439
2024-09-04,SSD,0.27071870692788025
2024-09-05,SSD,0.2540260574007266
2024-09-06,SSD,0.2705019723940362
2024-09-07,SSD,0.3030970419441193
2024-09-08,SSD,0.6397809445746916
2024-09-09,SSD,0.4400603115586734
2024-09-10,SSD,0.37059365869336613
2024-09-11,SSD,0.4304625600334062
2024-09-12,SSD,0.5012167765471875
2024-09-13,SSD,0.4200180572304714
2024-09-14,SSD,0.7511565341327203
2024-09-15,SSD,0.5580134186675781
2024-09-16,SSD,0.4477113482662907
2024-09-17,SSD,0.3369712069677741
2024-09-18,SSD,0.4829628171516861
2024-09-19,SSD,0.44236975805506695
2024-09-20,SSD,0.433039945238387
2024-09-21,SSD,0.39240312106423264
2024-09-22,SSD,0.23997600251267728
2024-09-23,SSD,0.2367561823578745
2024-09-24,SSD,0.21167928681854786
2024-09-25,SSD,0.22821054249847886
2024-09-26,SSD,0.23514356356540314
2024-09-27,SSD,0.41064640556895693
2024-09-28,SSD,0.4474355058913276
2024-09-29,SSD,0.463009394677988
2024-09-30,SSD,0.4625624508346899
2024-10-01,SSD,0.6733192559045039
2024-10-02,SSD,0.34876991969995763
2024-10-03,SSD,0.6777355281347662
2024-10-04,SSD,0.391371876946941
2024-10-05,SSD,0.35842392094733616
2024-10-06,SSD,0.31188357083863727
2024-10-07,SSD,0.24718684211229447
2024-10-08,SSD,0.0897945523930543
2024-10-09,SSD,0.42925588151547583
2024-10-10,SSD,0.1195780839283074
2024-10-11,SSD,0.07871858090034822
2024-10-12,SSD,0.2802265743154895
2024-10-13,SSD,0.10420305046120278
2024-10-14,SSD,0.11943803554555266
2024-10-15,SSD,0.21941115318240828
2024-10-16,SSD,0.23851682181351486
2024-10-17,SSD,0.17682619268901387
2024-10-18,SSD,0.11033955447993779
2024-10-19,SSD,0.17788754690690592
2024-10-20,SSD,0.17033251702794042
2024-10-21,SSD,0.17029004410207896
2024-10-22,SSD,0.10868404554958962
2024-10-23,SSD,0.27794794610594237
2024-10-24,SSD,0.10734175004052157
2024-10-25,SSD,0.15765408027440383
2024-10-26,SSD,0.2535051036924185
2024-10-27,SSD,0.1600132111830858
2024-10-28,SSD,0.20320352754191598
2024-10-29,SSD,0.4910063520018124
2024-10-30,SSD,0.5943758844054087
2024-10-31,SSD,0.40446721539182084
2024-11-01,SSD,0.49644539656411374
2024-11-02,SSD,0.4499219481636901
2024-11-03,SSD,0.42255806941324797
2024-11-04,SSD,0.4197977969920998
2024-11-05,SSD,0.22490161262559255
2024-11-06,SSD,0.7322829143217087
2024-11-07,SSD,0.3562774620180208
2024-11-08,SSD,0.32058956149668966
2024-11-09,SSD,0.2238036701760824
2024-11-10,SSD,0.4304603118772875
2024-11-11,SSD,0.23594601039726054
2024-11-12,SSD,0.4542784881634024
2024-11-13,SSD,0.16075033520426676
2024-11-14,SSD,0.13394529179941
2024-11-15,SSD,0.14481853803069766
2024-11-16,SSD,0.0764873307149603
2024-11-17,SSD,0.09975708518833284
2024-11-18,SSD,0.10031866425919345
2024-11-19,SSD,0.06634526968424412
2024-11-20,SSD,0.3806519399954169
2024-11-21,SSD,0.35863006212526444
2024-11-22,SSD,0.2298586741169397
2024-11-23,SSD,0.3510792251350793
2024-11-24,SSD,0.23164114735981198
2024-11-25,SSD,0.21128875221277024
2024-11-26,SSD,0.2513114040009858
2024-11-27,SSD,0.29997542844134295
2024-11-28,SSD,0.21541436514363155
2024-11-29,SSD,0.46855882079349714
2024-11-30,SSD,0.645954181040845
2024-12-01,SSD,0.5431359293524123
2024-12-02,SSD,0.5521676012381386
2024-12-03,SSD,0.5428083351741901
2024-12-04,SSD,0.44620492687401014
2024-12-05,SSD,0.5394180684784203
2024-12-06,SSD,0.5245430662454689
2024-12-07,SSD,0.753313865542905
2024-12-08,SSD,0.5551486402451437
2024-12-09,SSD,0.5508505128668858
2024-12-10,SSD,0.6619830737881192
2024-12-11,SSD,0.4016049900768368
2024-12-12,SSD,0.24697426986003407
2024-12-13,SSD,0.4511338502203629
2024-12-14,SSD,0.35479389258278493
2024-12-15,SSD,0.23062212777460936
2024-12-16,SSD,0.22735079481773746
2024-12-17,SSD,0.28868711845989287
2024-12-18,SSD,0.2630145052657893
2024-12-19,SSD,0.3439185394586503
2024-12-20,SSD,0.19269954642992626
2024-12-21,SSD,0.1382480410543641
2024-12-22,SSD,0.15035836913344822
2024-12-23,SSD,0.20233635878325412
2024-12-24,SSD,0.18664776333178631
2024-12-25,SSD,0.16370133380414725
2024-12-26,SSD,0.2015219032694166
2024-12-27,SSD,0.13909812534216626
2024-12-28,SSD,0.2076607595642349
2024-12-29,SSD,0.3451043441364486
2024-12-30,SSD,0.3397599716499812
2024-12-31,SSD,0.3563826392160401
2025-01-01,SSD,0.43586261120476444
2025-01-02,SSD,0.5917029659887973
2025-01-03,SSD,0.517707672629528
2025-01-04,SSD,0.40424891721390005
2025-01-05,SSD,0.6388361787153004
2025-01-06,SSD,0.4746314834258059
2025-01-07,SSD,0.42108415470436195
2025-01-08,SSD,0.44099779521206467
2025-01-09,SSD,0.37991032610376546
2025-01-10,SSD,0.46399712481025834
2025-01-11,SSD,0.4800413533948628
2025-01-12,SSD,0.6160479786072213
2025-01-13,SSD,0.23504513683234185
2025-01-14,SSD,0.286923556008531
2025-01-15,SSD,0.30858890703621766
2025-01-16,SSD,0.2974640654714803
2025-01-17,SSD,0.7188417474091114
2025-01-18,SSD,0.23064837642639469
2025-01-19,SSD,0.2578791382490907
2025-01-20,SSD,0.2521521528593213
2025-01-21,SSD,0.20445757095458
2025-01-22,SSD,0.12568141529131924
2025-01-23,SSD,0.18539720148266045
2025-01-24,SSD,0.17105155687880866
2025-01-25,SSD,0.08172929992435382
2025-01-26,SSD,0.2064149518500794
2025-01-27,SSD,0.29084292984923205
2025-01-28,SSD,0.18751606561753226
2025-01-29,SSD,0.1710702542161876
2025-01-30,SSD,0.21627335559518884
2025-01-31,SSD,0.8257754238837614
2025-02-01,SSD,0.656382589991048
2025-02-02,SSD,0.3904447578335551
2025-02-03,SSD,0.29939653200693767
2025-02-04,SSD,0.24606764291876015
2025-02-05,SSD,0.45841032889192174
2025-02-06,SSD,0.45890465057624297
2025-02-07,SSD,0.10801635861854345
2025-02-08,SSD,0.07999421713325458
2025-02-09,SSD,0.10631013170433264
2025-02-10,SSD,0.08020444997986403
2025-02-11,SSD,0.04454880584559389
2025-02-12,SSD,0.12167232248132716
2025-02-13,SSD,0.08821053991962383
2025-02-14,SSD,0.7365504493194178
2025-02-15,SSD,0.4143659989834275
2025-02-16,SSD,0.6817837315754629
2025-02-17,SSD,0.434107222759539
2025-02-18,SSD,0.502842961870584
2025-02-19,SSD,0.4696999380481411
2025-02-20,SSD,0.707971464584329
2025-02-21,SSD,0.14912857868681492
2025-02-22,SSD,0.38940208169959206
2025-02-23,SSD,0.1117858635243075
2025-02-24,SSD,0.08545616710227316
2025-02-25,SSD,0.3329664375448689
2025-02-26,SSD,0.07869293400113049
2025-02-27,SSD,0.06855414869318625
2025-02-28,SSD,0.09258501831044694
2025-03-01,SSD,0.1369511148628421
2025-03-02,SSD,0.42486332995361564
2025-03-03,SSD,0.6807697258839812
2025-03-04,SSD,0.9129179502943805
2025-03-05,SSD,0.38293616962100313
2025-03-06,SSD,0.4154422261927771
2025-03-07,SSD,0.8602516493625569
2025-03-08,SSD,0.4145866260645428
2025-03-09,SSD,0.4960077941244578
2025-03-10,SSD,0.1577119386236177
2025-03-11,SSD,0.019074005498546483
2025-03-12,SSD,0.026999121143182574
2025-03-13,SSD,0.062198082773627185
2025-03-14,SSD,0.0163348964901887
2025-03-15,SSD,0.01634727470672945
2025-03-16,SSD,0.062065051922481095
2025-03-17,SSD,0.15865923245979738
2025-03-18,SSD,0.2152962869402809
2025-03-19,SSD,0.5728766485002059
2025-03-20,SSD,0.1347152357136338
2025-03-21,SSD,0.6965035453833428
2025-03-22,SSD,0.2885053304797538
2025-03-23,SSD,0.15387261732915078
2025-03-24,SSD,0.41810524797958964
2025-03-25,SSD,0.5396309721442691
2025-03-26,SSD,0.21089242982583375
2025-03-27,SSD,0.3828684490546223
2025-03-28,SSD,0.23961545418326627
2024-07-01,ETH,0.4217082717976097
2024-07-02,ETH,0.1928749111546772
2024-07-03,ETH,0.24128542709595205
2024-07-04,ETH,0.2649191977186886
2024-07-05,ETH,0.39629003567746224
2024-07-06,ETH,0.31725171814711306
2024-07-07,ETH,0.31081301081889706
2024-07-08,ETH,0.3184699185872975
2024-07-09,ETH,0.7562006684004786
2024-07-10,ETH,0.5327816480955666
2024-07-11,ETH,0.525413587776358
2024-07-12,ETH,0.7662119449500643
2024-07-13,ETH,0.4737104022525608
2024-07-14,ETH,0.612223585080138
2024-07-15,ETH,0.49756997767932476
2024-07-16,ETH,0.029004444908493857
2024-07-17,ETH,0.07888416607531003
2024-07-18,ETH,0.026818351504829006
2024-07-19,ETH,0.026518156949867398
2024-07-20,ETH,0.03622666216099123
2024-07-21,ETH,0.10121308891934933
2024-07-22,ETH,0.041143494016389975
2024-07-23,ETH,0.24897636856220526
2024-07-24,ETH,0.2460436520586098
2024-07-25,ETH,0.11491721094002336
2024-07-26,ETH,0.45479037384945803
2024-07-27,ETH,0.1829037363554549
2024-07-28,ETH,0.3149406522896452
2024-07-29,ETH,0.277685727353364
2024-07-30,ETH,0.18145629653676734
2024-07-31,ETH,0.3044731985007853
2024-08-01,ETH,0.2114401695692637
2024-08-02,ETH,0.12663101659623607
2024-08-03,ETH,0.4292734406443135
2024-08-04,ETH,0.17788581488990762
2024-08-05,ETH,0.15620660840392717
2024-08-06,ETH,0.09689300524807824
2024-08-07,ETH,0.48034296576990426
2024-08-08,ETH,0.1202297821486765
2024-08-09,ETH,0.824599564119099
2024-08-10,ETH,0.24900550152389606
2024-08-11,ETH,0.47082478187894694
2024-08-12,ETH,0.4467133979949613
2024-08-13,ETH,0.6267804116075901
2024-08-14,ETH,0.27265850808084563
2024-08-15,ETH,0.5660590112083919
2024-08-16,ETH,0.40790758989779374
2024-08-17,ETH,0.2797866295160994
2024-08-18,ETH,0.47919067033886115
2024-08-19,ETH,0.3743200763170557
2024-08-20,ETH,0.44569451746129685
2024-08-21,ETH,0.15101021960741506
2024-08-22,ETH,0.2455108684753368
2024-08-23,ETH,0.17324394183446848
2024-08-24,ETH,0.188290088126208
2024-08-25,ETH,0.3507076974617904
2024-08-26,ETH,0.31144724006739116
2024-08-27,ETH,0.2758828119614145
2024-08-28,ETH,0.524281000702997
2024-08-29,ETH,0.14911596600891092
2024-08-30,ETH,0.1376883249014971
2024-08-31,ETH,0.09571200990876207
2024-09-01,ETH,0.23987556653778677
2024-09-02,ETH,0.34582877288953495
2024-09-03,ETH,0.15614035506886292
2024-09-04,ETH,0.07521293191616554
2024-09-05,ETH,0.03955847974269896
2024-09-06,ETH,0.05605261007010887
2024-09-07,ETH,0.5383278441019991
2024-09-08,ETH,0.07921898684818378
2024-09-09,ETH,0.26780347722851866
2024-09-10,ETH,0.578493365283355
2024-09-11,ETH,0.20915028967847987
2024-09-12,ETH,0.38155784859142156
2024-09-13,ETH,0.33100115991803525
2024-09-14,ETH,0.21661681081990677
2024-09-15,ETH,0.2638953661458936
2024-09-16,ETH,0.7608693326256049
2024-09-17,ETH,0.6524813557721868
2024-09-18,ETH,0.6197135353400169
2024-09-19,ETH,0.581655725238293
2024-09-20,ETH,0.6504555535565251
2024-09-21,ETH,0.8741716480850419
2024-09-22,ETH,0.6820182898415131
2024-09-23,ETH,0.3369602388271113
2024-09-24,ETH,0.44763049351809964
2024-09-25,ETH,0.6016976962199859
2024-09-26,ETH,0.2520782518406783
2024-09-27,ETH,0.09063786764314462
2024-09-28,ETH,0.19200458811568033
2024-09-29,ETH,0.20221023429283574
2024-09-30,ETH,0.35263074498167335
2024-10-01,ETH,0.4311838639712432
2024-10-02,ETH,0.26178484295151094
2024-10-03,ETH,0.5129214905782388
2024-10-04,ETH,0.7017516704822555
2024-10-05,ETH,0.48258937690635084
2024-10-06,ETH,0.729872619944163
2024-10-07,ETH,0.6073374583492945
2024-10-08,ETH,0.6409715230557574
2024-10-09,ETH,0.2627879619380394
2024-10-10,ETH,0.2535802021327287
2024-10-11,ETH,0.4141280743220737
2024-10-12,ETH,0.5744144741473719
2024-10-13,ETH,0.5048478026012551
2024-10-14,ETH,0.5612953778719166
2024-10-15,ETH,0.42819801573707345
2024-10-16,ETH,0.08790589428922571
2024-10-17,ETH,0.5194483128487265
2024-10-18,ETH,0.40161747148926524
2024-10-19,ETH,0.044500692412867235
2024-10-20,ETH,0.10959916332663323
2024-10-21,ETH,0.02685761758038553
2024-10-22,ETH,0.05791499316512706
2024-10-23,ETH,0.14088235039299246
2024-10-24,ETH,0.037094624938553915
2024-10-25,ETH,0.024878311424341083
2024-10-26,ETH,0.1636469370200585
2024-10-27,ETH,0.6799470224431647
2024-10-28,ETH,0.25017342137126386
2024-10-29,ETH,0.18390117766130207
2024-10-30,ETH,0.3546717601634014
2024-10-31,ETH,0.6829321050284501
2024-11-01,ETH,0.7845683644958293
2024-11-02,ETH,0.4969865145917911
2024-11-03,ETH,0.2892861775706159
2024-11-04,ETH,0.4222121970476838
2024-11-05,ETH,0.4833394530938669
2024-11-06,ETH,0.25299973983939217
2024-11-07,ETH,0.3103075227019808
2024-11-08,ETH,0.11399856983797553
2024-11-09,ETH,0.07923062160370475
2024-11-10,ETH,0.05586164892284506
2024-11-11,ETH,0.31722910135163496
2024-11-12,ETH,0.0587269724805461
2024-11-13,ETH,0.4126340002680206
2024-11-14,ETH,0.1598707638715384
2024-11-15,ETH,0.0618088597172149
2024-11-16,ETH,0.035010252088965146
2024-11-17,ETH,0.26519452335289084
2024-11-18,ETH,0.27396507979695195
2024-11-19,ETH,0.5434512677787127
2024-11-20,ETH,0.21864083415900873
2024-11-21,ETH,0.2098613823989141
2024-11-22,ETH,0.21736585601441522
2024-11-23,ETH,0.18421191208207163
2024-11-24,ETH,0.2152955834541001
2024-11-25,ETH,0.5665661948344161
2024-11-26,ETH,0.17785119437558428
2024-11-27,ETH,0.7628995405393346
2024-11-28,ETH,0.7135769512433464
2024-11-29,ETH,0.2840265386330582
2024-11-30,ETH,0.27322106236004023
2024-12-01,ETH,0.6143584296862549
2024-12-02,ETH,0.6155297863442258
2024-12-03,ETH,0.27518013881033376
2024-12-04,ETH,0.24325677245052812
2024-12-05,ETH,0.07325681468532572
2024-12-06,ETH,0.19717342682022485
2024-12-07,ETH,0.05944265375446151
2024-12-08,ETH,0.14145236674753411
2024-12-09,ETH,0.3248820258033725
2024-12-10,ETH,0.06082355775596373
2024-12-11,ETH,0.04702454228631095
2024-12-12,ETH,0.15007705795922302
2024-12-13,ETH,0.07282796149014036
2024-12-14,ETH,0.0961552581419854
2024-12-15,ETH,0.10545569405686565
2024-12-16,ETH,0.10847759807420017
2024-12-17,ETH,0.10060642901564217
2024-12-18,ETH,0.28226708354849106
2024-12-19,ETH,0.2558126092929278
2024-12-20,ETH,0.33506342899764224
2024-12-21,ETH,0.11584963395459343
2024-12-22,ETH,0.15252877193017086
2024-12-23,ETH,0.26806682887016664
2024-12-24,ETH,0.4719777665857425
2024-12-25,ETH,0.8023153609065437
2024-12-26,ETH,0.4428514140564383
2024-12-27,ETH,0.5027136206063799
2024-12-28,ETH,0.3857815128749317
2024-12-29,ETH,0.34834726756614515
2024-12-30,ETH,0.687027158867508
2024-12-31,ETH,0.37122804293097356
2025-01-01,ETH,0.39938777639037265
2025-01-02,ETH,0.13260936752410682
2025-01-03,ETH,0.19520562578341893
2025-01-04,ETH,0.21157958519463133
2025-01-05,ETH,0.23427365544814363
2025-01-06,ETH,0.06214105800536779
2025-01-07,ETH,0.06750035368036024
2025-01-08,ETH,0.3919554629318591
2025-01-09,ETH,0.4664489872831239
2025-01-10,ETH,0.3593829207780332
2025-01-11,ETH,0.4189383844997876
2025-01-12,ETH,0.3633705145312712
2025-01-13,ETH,0.39733320545188616
2025-01-14,ETH,0.23552831463038662
2025-01-15,ETH,0.27518807782498844
2025-01-16,ETH,0.2728161564535633
2025-01-17,ETH,0.6896410618826394
2025-01-18,ETH,0.722106792329106
2025-01-19,ETH,0.7554779073525694
2025-01-20,ETH,0.8754966774258962
2025-01-21,ETH,0.744361786359913
2025-01-22,ETH,0.6992428290177616
2025-01-23,ETH,0.6601766146331408
2025-01-24,ETH,0.21136153962417054
2025-01-25,ETH,0.5916987656663747
2025-01-26,ETH,0.46975736270664575
2025-01-27,ETH,0.1914271134329331
2025-01-28,ETH,0.09428459740703167
2025-01-29,ETH,0.3375521148174149
2025-01-30,ETH,0.4781475759378874
2025-01-31,ETH,0.42659544914180453
2025-02-01,ETH,0.1918539635387542
2025-02-02,ETH,0.5005402597155576
2025-02-03,ETH,0.25634903001430714
2025-02-04,ETH,0.22715306999134482
2025-02-05,ETH,0.1788990853484835
2025-02-06,ETH,0.6913983880844063
2025-02-07,ETH,0.22120785678359248
2025-02-08,ETH,0.5488279462924905
2025-02-09,ETH,0.17974347405430455
2025-02-10,ETH,0.5449367722033488
2025-02-11,ETH,0.20710174671780482
2025-02-12,ETH,0.5235943505289754
2025-02-13,ETH,0.4993797476952023
2025-02-14,ETH,0.34693001707210586
2025-02-15,ETH,0.7185114829531563
2025-02-16,ETH,0.32401162093918895
2025-02-17,ETH,0.39000230782788414
2025-02-18,ETH,0.8815073270545667
2025-02-19,ETH,0.594603406050475
2025-02-20,ETH,0.6812385945371203
2025-02-21,ETH,0.49636253101383937
2025-02-22,ETH,0.4805100532164917
2025-02-23,ETH,0.29858816761230567
2025-02-24,ETH,0.3777322223094646
2025-02-25,ETH,0.3573984504202609
2025-02-26,ETH,0.07293977414718257
2025-02-27,ETH,0.0715648644041605
2025-02-28,ETH,0.04815067015055083
2025-03-01,ETH,0.32139386422950883
2025-03-02,ETH,0.06847122405265646
2025-03-03,ETH,0.06503261080978072
2025-03-04,ETH,0.2199498134822193
2025-03-05,ETH,0.39916543653890785
2025-03-06,ETH,0.48088410768611767
2025-03-07,ETH,0.3689959055151903
2025-03-08,ETH,0.2623053499305609
2025-03-09,ETH,0.42201837490508914
2025-03-10,ETH,0.2192414960064173
2025-03-11,ETH,0.6143925748647306
2025-03-12,ETH,0.5420525771890043
2025-03-13,ETH,0.28890812991914694
2025-03-14,ETH,0.1780174050981357
2025-03-15,ETH,0.1688237484043537
2025-03-16,ETH,0.48577361694030075
2025-03-17,ETH,0.14500276201245868
2025-03-18,ETH,0.14620494342411555
2025-03-19,ETH,0.8316072365598123
2025-03-20,ETH,0.5086245930177655
2025-03-21,ETH,0.5288365797900614
2025-03-22,ETH,0.5205542030952769
2025-03-23,ETH,0.30556135724717565
2025-03-24,ETH,0.3441078115030243
2025-03-25,ETH,0.8273591257095202
2025-03-26,ETH,0.4327787467798091
2025-03-27,ETH,0.25674275368143956
2025-03-28,ETH,0.34266693406827303
2024-07-01,SOM,0.48880587564338146
2024-07-02,SOM,0.48583874165231916
2024-07-03,SOM,0.5074672378894646
2024-07-04,SOM,0.2685259708277999
2024-07-05,SOM,0.5428742207717077
2024-07-06,SOM,0.28201300824646147
2024-07-07,SOM,0.20837066417590827
2024-07-08,SOM,0.2096658583456426
2024-07-09,SOM,0.2801320593430439
2024-07-10,SOM,0.5194974359547928
2024-07-11,SOM,0.32541310761487174
2024-07-12,SOM,0.24192130862776914
2024-07-13,SOM,0.7469427702974599
2024-07-14,SOM,0.3080687352528081
2024-07-15,SOM,0.7565726675562517
2024-07-16,SOM,0.8331184537953942
2024-07-17,SOM,0.11863462293991463
2024-07-18,SOM,0.0903717496654498
2024-07-19,SOM,0.7266711254786232
2024-07-20,SOM,0.12121451239861566
2024-07-21,SOM,0.11740913728237819
2024-07-22,SOM,0.5975006869025751
2024-07-23,SOM,0.023004718186960937
2024-07-24,SOM,0.16892648390542397
2024-07-25,SOM,0.05726186296094819
2024-07-26,SOM,0.024797200572248556
2024-07-27,SOM,0.039878216863373186
2024-07-28,SOM,0.04389320922904581
2024-07-29,SOM,0.0305618429508701
2024-07-30,SOM,0.025662263052848227
2024-07-31,SOM,0.04171006609090595
2024-08-01,SOM,0.04201352516671486
2024-08-02,SOM,0.3215419185237403
2024-08-03,SOM,0.0960395640296393
2024-08-04,SOM,0.029583717353157877
2024-08-05,SOM,0.2912860475037141
2024-08-06,SOM,0.20835457223721593
2024-08-07,SOM,0.2801248477276813
2024-08-08,SOM,0.4752388698641262
2024-08-09,SOM,0.07393311099484136
2024-08-10,SOM,0.05451184674238486
2024-08-11,SOM,0.0759388408593342
2024-08-12,SOM,0.08246788654943564
2024-08-13,SOM,0.7886860817526521
2024-08-14,SOM,0.14160892102814107
2024-08-15,SOM,0.10073881676556523
2024-08-16,SOM,0.41563029967131127
2024-08-17,SOM,0.36771262598685334
2024-08-18,SOM,0.32749126618881164
2024-08-19,SOM,0.5262520556357201
2024-08-20,SOM,0.38614282723287785
2024-08-21,SOM,0.1338951358750887
2024-08-22,SOM,0.10163533832029105
2024-08-23,SOM,0.1032838500821994
2024-08-24,SOM,0.12932059138676982
2024-08-25,SOM,0.1941219222960555
2024-08-26,SOM,0.1360300945695788
2024-08-27,SOM,0.33873126793507063
2024-08-28,SOM,0.3913882340154025
2024-08-29,SOM,0.33099712366043493
2024-08-30,SOM,0.4335795804275699
2024-08-31,SOM,0.3440110979528966
2024-09-01,SOM,0.369397852519943
2024-09-02,SOM,0.3534342325106209
2024-09-03,SOM,0.8329993515083877
2024-09-04,SOM,0.31977271467864266
2024-09-05,SOM,0.4253091332278445
2024-09-06,SOM,0.5060761093560487
2024-09-07,SOM,0.6584349903361987
2024-09-08,SOM,0.411064911596711
2024-09-09,SOM,0.3565086477386307
2024-09-10,SOM,0.5605120252089217
2024-09-11,SOM,0.44008944517443105
2024-09-12,SOM,0.2599215806693501
2024-09-13,SOM,0.2831681850175398
2024-09-14,SOM,0.318157316488808
2024-09-15,SOM,0.30128388188873567
2024-09-16,SOM,0.4877880983227864
2024-09-17,SOM,0.4264772990292504
2024-09-18,SOM,0.736295212951915
2024-09-19,SOM,0.42561174635628507
2024-09-20,SOM,0.4324846753834364
2024-09-21,SOM,0.4468757338563386
2024-09-22,SOM,0.4228091378924796
2024-09-23,SOM,0.42393002325760587
2024-09-24,SOM,0.830046267292298
2024-09-25,SOM,0.45155791729681205
2024-09-26,SOM,0.18825115078846283
2024-09-27,SOM,0.18481254443167097
2024-09-28,SOM,0.19704130365188782
2024-09-29,SOM,0.30584639520863655
2024-09-30,SOM,0.16687535156735164
2024-10-01,SOM,0.1214370278893339
2024-10-02,SOM,0.6302096882471769
2024-10-03,SOM,0.4027646756061829
2024-10-04,SOM,0.8251557210348741
2024-10-05,SOM,0.6237929482256118
2024-10-06,SOM,0.5951100682728362
2024-10-07,SOM,0.5108420148727464
2024-10-08,SOM,0.7535213333612789
2024-10-09,SOM,0.4000044885117527
2024-10-10,SOM,0.46219333907090404
2024-10-11,SOM,0.15839289475468055
2024-10-12,SOM,0.16741308581373004
2024-10-13,SOM,0.08812364607621449
2024-10-14,SOM,0.1721700376175509
2024-10-15,SOM,0.3318915475924078
2024-10-16,SOM,0.23011827671085003
2024-10-17,SOM,0.16654220936338943
2024-10-18,SOM,0.106389908031855
2024-10-19,SOM,0.6570757428032286
2024-10-20,SOM,0.4884889044604879
2024-10-21,SOM,0.22288179783730963
2024-10-22,SOM,0.2666709025262258
2024-10-23,SOM,0.1879145364202821
2024-10-24,SOM,0.5296902579633114
2024-10-25,SOM,0.3156089203216745
2024-10-26,SOM,0.3639996883285436
2024-10-27,SOM,0.05072271877085692
2024-10-28,SOM,0.08021938299788485
2024-10-29,SOM,0.06646595540707224
2024-10-30,SOM,0.07624035711060777
2024-10-31,SOM,0.052742038935179966
2024-11-01,SOM,0.5176318319634642
2024-11-02,SOM,0.5931030137190377
2024-11-03,SOM,0.10234446333055709
2024-11-04,SOM,0.09875070264059715
2024-11-05,SOM,0.09508006004082047
2024-11-06,SOM,0.5699801823587787
2024-11-07,SOM,0.15718761660705263
2024-11-08,SOM,0.22585541254961364
2024-11-09,SOM,0.10617658733971318
2024-11-10,SOM,0.2483799040072815
2024-11-11,SOM,0.2826795161856275
2024-11-12,SOM,0.11851869435434498
2024-11-13,SOM,0.13442870481314326
2024-11-14,SOM,0.07308714967903547
2024-11-15,SOM,0.1162897036338943
2024-11-16,SOM,0.0735442398490862
2024-11-17,SOM,0.07292160158192551
2024-11-18,SOM,0.05773883924044034
2024-11-19,SOM,0.05142715385933117
2024-11-20,SOM,0.09618054674283495
2024-11-21,SOM,0.09683502038706564
2024-11-22,SOM,0.07810814480131055
2024-11-23,SOM,0.08598395809415342
2024-11-24,SOM,0.11081574211154707
2024-11-25,SOM,0.28793768812929743
2024-11-26,SOM,0.2636494962133543
2024-11-27,SOM,0.5711205734796051
2024-11-28,SOM,0.3039492090327567
2024-11-29,SOM,0.27718315147535605
2024-11-30,SOM,0.3130325300517923
2024-12-01,SOM,0.28635992817958056
2024-12-02,SOM,0.34044671350417405
2024-12-03,SOM,0.8189238022230472
2024-12-04,SOM,0.23313460932021024
2024-12-05,SOM,0.47657736936287365
2024-12-06,SOM,0.8179084704304037
2024-12-07,SOM,0.3149912484672302
2024-12-08,SOM,0.2652558851801818
2024-12-09,SOM,0.2680037841898867
2024-12-10,SOM,0.1552060771493578
2024-12-11,SOM,0.2633116945246374
2024-12-12,SOM,0.11280694340713927
2024-12-13,SOM,0.07940849326138182
2024-12-14,SOM,0.12419104805656775
2024-12-15,SOM,0.12637808445708468
2024-12-16,SOM,0.16470875717060493
2024-12-17,SOM,0.17851205244794602
2024-12-18,SOM,0.15525197883802688
2024-12-19,SOM,0.12448796893906533
2024-12-20,SOM,0.6249311093089086
2024-12-21,SOM,0.29193198616472477
2024-12-22,SOM,0.10831865059718299
2024-12-23,SOM,0.10153045238537915
2024-12-24,SOM,0.11466126789256652
2024-12-25,SOM,0.09543949053539028
2024-12-26,SOM,0.10133312275635473
2024-12-27,SOM,0.15038137670704466
2024-12-28,SOM,0.08416428203613137
2024-12-29,SOM,0.2275416578888821
2024-12-30,SOM,0.22092786297621245
2024-12-31,SOM,0.659356923127805
2025-01-01,SOM,0.5502614392923788
2025-01-02,SOM,0.22941700841619994
2025-01-03,SOM,0.5035731755936652
2025-01-04,SOM,0.3181248683729351
2025-01-05,SOM,0.4812456429683403
2025-01-06,SOM,0.34103740901378415
2025-01-07,SOM,0.12175752128567018
2025-01-08,SOM,0.2533095706931086
2025-01-09,SOM,0.09003144763321677
2025-01-10,SOM,0.11847323979676676
2025-01-11,SOM,0.39881159565012564
2025-01-12,SOM,0.09792407142675584
2025-01-13,SOM,0.44809144633503023
2025-01-14,SOM,0.171235399525654
2025-01-15,SOM,0.32979307504426153
2025-01-16,SOM,0.5316057329805121
2025-01-17,SOM,0.4208073001619571
2025-01-18,SOM,0.5110766467827034
2025-01-19,SOM,0.29456462889781493
2025-01-20,SOM,0.18937085666082218
2025-01-21,SOM,0.07589005780056284
2025-01-22,SOM,0.09270520823547708
2025-01-23,SOM,0.060070076065067673
2025-01-24,SOM,0.0672257816687251
2025-01-25,SOM,0.15133164695733892
2025-01-26,SOM,0.08199167274738609
2025-01-27,SOM,0.14829826448384556
2025-01-28,SOM,0.7651363611335706
2025-01-29,SOM,0.3166436707622979
2025-01-30,SOM,0.7753695333001819
2025-01-31,SOM,0.5162167518104858
2025-02-01,SOM,0.8256121137892045
2025-02-02,SOM,0.5867476964762057
2025-02-03,SOM,0.1848065161657706
2025-02-04,SOM,0.7252795209332109
2025-02-05,SOM,0.3395505631974915
2025-02-06,SOM,0.15384140997302692
2025-02-07,SOM,0.49865540656078655
2025-02-08,SOM,0.07306281106470308
2025-02-09,SOM,0.1357101981407003
2025-02-10,SOM,0.5016585278650807
2025-02-11,SOM,0.6106203384004911
2025-02-12,SOM,0.12467297606642502
2025-02-13,SOM,0.03400253579502732
2025-02-14,SOM,0.04916484364671081
2025-02-15,SOM,0.031132040749942212
2025-02-16,SOM,0.3711987461036182
2025-02-17,SOM,0.0522553733075694
2025-02-18,SOM,0.027569847941418528
2025-02-19,SOM,0.0715458242821097
2025-02-20,SOM,0.7173168657740167
2025-02-21,SOM,0.23081842772603994
2025-02-22,SOM,0.1934369556011681
2025-02-23,SOM,0.10413511658541266
2025-02-24,SOM,0.035699708098285446
2025-02-25,SOM,0.7642043971493975
2025-02-26,SOM,0.15308628647001504
2025-02-27,SOM,0.45545875961057064
2025-02-28,SOM,0.22808222407097783
2025-03-01,SOM,0.5353562290908587
2025-03-02,SOM,0.05177150718253627
2025-03-03,SOM,0.0656256275252009
2025-03-04,SOM,0.053412131735624195
2025-03-05,SOM,0.5007336283705681
2025-03-06,SOM,0.04896841206155508
2025-03-07,SOM,0.6828363004984559
2025-03-08,SOM,0.61620815794923
2025-03-09,SOM,0.04665964709148774
2025-03-10,SOM,0.32137742655462354
2025-03-11,SOM,0.7869205603361976
2025-03-12,SOM,0.07397798599004624
2025-03-13,SOM,0.5004119638815688
2025-03-14,SOM,0.0495811988406421
2025-03-15,SOM,0.5463892291032799
2025-03-16,SOM,0.24039035600964195
2025-03-17,SOM,0.4801390718497699
2025-03-18,SOM,0.6664948214483266
2025-03-19,SOM,0.1872629945906049
2025-03-20,SOM,0.43970886227086564
2025-03-21,SOM,0.42466912011922064
2025-03-22,SOM,0.30705729236750007
2025-03-23,SOM,0.22301970398463133
2025-03-24,SOM,0.03717831108412
2025-03-25,SOM,0.024190342312168725
2025-03-26,SOM,0.058941565332896954
2025-03-27,SOM,0.02801965387391603
2025-03-28,SOM,0.03190711652396583
2024-07-01,KEN,0.1827747214715193
2024-07-02,KEN,0.2420418649849706
2024-07-03,KEN,0.1335526306078542
2024-07-04,KEN,0.3456076741137379
2024-07-05,KEN,0.22070311998589262
2024-07-06,KEN,0.1609849553104943
2024-07-07,KEN,0.053112425963812854
2024-07-08,KEN,0.07543056628517242
2024-07-09,KEN,0.08687143973699372
2024-07-10,KEN,0.07738872807932899
2024-07-11,KEN,0.5929326545070114
2024-07-12,KEN,0.18888115296380423
2024-07-13,KEN,0.19065753244549666
2024-07-14,KEN,0.2385960866568508
2024-07-15,KEN,0.5382875464160883
2024-07-16,KEN,0.4399924317565234
2024-07-17,KEN,0.1532406936209556
2024-07-18,KEN,0.03885132742902089
2024-07-19,KEN,0.058810389698580066
2024-07-20,KEN,0.12959898360425023
2024-07-21,KEN,0.042275409830530936
2024-07-22,KEN,0.38868780154583454
2024-07-23,KEN,0.0527017580350942
2024-07-24,KEN,0.3359558921290975
2024-07-25,KEN,0.25027323011775326
2024-07-26,KEN,0.2924034786591984
2024-07-27,KEN,0.29406643690521966
2024-07-28,KEN,0.3464728794193814
2024-07-29,KEN,0.09271033763027188
2024-07-30,KEN,0.2139948478006089
2024-07-31,KEN,0.09419149832678146
2024-08-01,KEN,0.24350841251790015
2024-08-02,KEN,0.09087962524375842
2024-08-03,KEN,0.2518423396384457
2024-08-04,KEN,0.07898030769317614
2024-08-05,KEN,0.3366866571596844
2024-08-06,KEN,0.3483943538520912
2024-08-07,KEN,0.35824086195859867
2024-08-08,KEN,0.5340774618452061
2024-08-09,KEN,0.6148681512381474
2024-08-10,KEN,0.2721402171087478
2024-08-11,KEN,0.2553516224989642
2024-08-12,KEN,0.5706028375768044
2024-08-13,KEN,0.48501971936984417
2024-08-14,KEN,0.20648184793257854
2024-08-15,KEN,0.6704034058302876
2024-08-16,KEN,0.29416617152715163
2024-08-17,KEN,0.6381789721817739
2024-08-18,KEN,0.30616472589480553
2024-08-19,KEN,0.29203501219207445
2024-08-20,KEN,0.24652491740482957
2024-08-21,KEN,0.056116710519584334
2024-08-22,KEN,0.11667480235146285
2024-08-23,KEN,0.07848346959232637
2024-08-24,KEN,0.03502571303003918
2024-08-25,KEN,0.19744409787034145
2024-08-26,KEN,0.045606278828679236
2024-08-27,KEN,0.04975924804144216
2024-08-28,KEN,0.195838014895752
2024-08-29,KEN,0.08148403357119437
2024-08-30,KEN,0.2248254003283771
2024-08-31,KEN,0.06131547374724557
2024-09-01,KEN,0.06489327360613818
2024-09-02,KEN,0.3810271729015112
2024-09-03,KEN,0.4344672930819497
2024-09-04,KEN,0.1433738586988973
2024-09-05,KEN,0.2711159025553629
2024-09-06,KEN,0.17645864242627904
2024-09-07,KEN,0.39931457786578656
2024-09-08,KEN,0.17185692616094084
2024-09-09,KEN,0.11802960109839616
2024-09-10,KEN,0.14562596713710713
2024-09-11,KEN,0.23600257969359936
2024-09-12,KEN,0.5349109134046706
2024-09-13,KEN,0.4377331552075262
2024-09-14,KEN,0.3890049187305544
2024-09-15,KEN,0.22490206140978822
2024-09-16,KEN,0.20552803144772286
2024-09-17,KEN,0.7983105349434557
2024-09-18,KEN,0.7480764521804818
2024-09-19,KEN,0.8250481357300075
2024-09-20,KEN,0.81070718167119
2024-09-21,KEN,0.549505411440716
2024-09-22,KEN,0.835424059118489
2024-09-23,KEN,0.663403266239477
2024-09-24,KEN,0.22186488979752228
2024-09-25,KEN,0.1185951071709619
2024-09-26,KEN,0.08433965830240407
2024-09-27,KEN,0.27404061753863135
2024-09-28,KEN,0.09384031652646231
2024-09-29,KEN,0.055757493765782616
2024-09-30,KEN,0.06110983070039095
2024-10-01,KEN,0.06969892847339776
2024-10-02,KEN,0.10561529262054861
2024-10-03,KEN,0.0851649846538964
2024-10-04,KEN,0.4108258320533911
2024-10-05,KEN,0.24443125887068345
2024-10-06,KEN,0.2938801871772884
2024-10-07,KEN,0.4042664391059424
2024-10-08,KEN,0.7166820332777789
2024-10-09,KEN,0.7868772721608353
2024-10-10,KEN,0.6151784591117616
2024-10-11,KEN,0.36435389270188007
2024-10-12,KEN,0.16743072981766324
2024-10-13,KEN,0.16553942435422322
2024-10-14,KEN,0.256961768176591
2024-10-15,KEN,0.15725422886520027
2024-10-16,KEN,0.7547165731165348
2024-10-17,KEN,0.14471244708338737
2024-10-18,KEN,0.15087676219887416
2024-10-19,KEN,0.521632420606291
2024-10-20,KEN,0.0858279306324532
2024-10-21,KEN,0.08355108806624739
2024-10-22,KEN,0.07966421971121021
2024-10-23,KEN,0.2557809678807025
2024-10-24,KEN,0.17443277410954877
2024-10-25,KEN,0.2830617142544131
2024-10-26,KEN,0.06671780816099115
2024-10-27,KEN,0.04547001676735171
2024-10-28,KEN,0.18575503972995372
2024-10-29,KEN,0.050742664686971924
2024-10-30,KEN,0.08003195180279857
2024-10-31,KEN,0.08495012046635139
2024-11-01,KEN,0.0558100457397509
2024-11-02,KEN,0.8211800131671656
2024-11-03,KEN,0.492442762589889
2024-11-04,KEN,0.0929351641235988
2024-11-05,KEN,0.33206291192438386
2024-11-06,KEN,0.09318477665014842
2024-11-07,KEN,0.10836604417804883
2024-11-08,KEN,0.11001411006514179
2024-11-09,KEN,0.08980672578756575
2024-11-10,KEN,0.3879760787302319
2024-11-11,KEN,0.25895163892479106
2024-11-12,KEN,0.17468393584796033
2024-11-13,KEN,0.7655692074404244
2024-11-14,KEN,0.7687073490842095
2024-11-15,KEN,0.7849371233359201
2024-11-16,KEN,0.6466720006794671
2024-11-17,KEN,0.3813163326697565
2024-11-18,KEN,0.3609069868231672
2024-11-19,KEN,0.6524211500607955
2024-11-20,KEN,0.4007499828781192
2024-11-21,KEN,0.8192562474584705
2024-11-22,KEN,0.31976139734536196
2024-11-23,KEN,0.26342494790056536
2024-11-24,KEN,0.7706408606152383
2024-11-25,KEN,0.5500242112224373
2024-11-26,KEN,0.48252559994186806
2024-11-27,KEN,0.5344843536938523
2024-11-28,KEN,0.22005672013916464
2024-11-29,KEN,0.053149485444562904
2024-11-30,KEN,0.0724824609407765
2024-12-01,KEN,0.061024942360044285
2024-12-02,KEN,0.06199062748493508
2024-12-03,KEN,0.054548205511242086
2024-12-04,KEN,0.06431272814736749
2024-12-05,KEN,0.6029530267607841
2024-12-06,KEN,0.4761831640446325
2024-12-07,KEN,0.6152607671704756
2024-12-08,KEN,0.6069932204036641
2024-12-09,KEN,0.7798325812168633
2024-12-10,KEN,0.5614117333073184
2024-12-11,KEN,0.737112924626122
2024-12-12,KEN,0.8555866541386975
2024-12-13,KEN,0.7068512389117035
2024-12-14,KEN,0.8686026383216005
2024-12-15,KEN,0.7710430774552456
2024-12-16,KEN,0.7808738383904784
2024-12-17,KEN,0.7822560392909099
2024-12-18,KEN,0.6532660404634885
2024-12-19,KEN,0.5921928360674651
2024-12-20,KEN,0.523702921332324
2024-12-21,KEN,0.31394451233414794
2024-12-22,KEN,0.5012721798312431
2024-12-23,KEN,0.12894437620094648
2024-12-24,KEN,0.3568063410448425
2024-12-25,KEN,0.31123478110248187
2024-12-26,KEN,0.11198206348007585
2024-12-27,KEN,0.12374474100620023
2024-12-28,KEN,0.5379469225758469
2024-12-29,KEN,0.49339104771106107
2024-12-30,KEN,0.19084154709400342
2024-12-31,KEN,0.04958394125525488
2025-01-01,KEN,0.07682774720232147
2025-01-02,KEN,0.1805625664790232
2025-01-03,KEN,0.1063605406560848
2025-01-04,KEN,0.05847650552755155
2025-01-05,KEN,0.16395856860019678
2025-01-06,KEN,0.15907306563088808
2025-01-07,KEN,0.19508535539075794
2025-01-08,KEN,0.2809799878166968
2025-01-09,KEN,0.20847916318827436
2025-01-10,KEN,0.18138157683155337
2025-01-11,KEN,0.4698566002278961
2025-01-12,KEN,0.5748511606560669
2025-01-13,KEN,0.22609023098916442
2025-01-14,KEN,0.2940710067472042
2025-01-15,KEN,0.4755515004635153
2025-01-16,KEN,0.556547164271414
2025-01-17,KEN,0.549313764752448
2025-01-18,KEN,0.37243670315002264
2025-01-19,KEN,0.1391463558731039
2025-01-20,KEN,0.14803631722052263
2025-01-21,KEN,0.22035640650394098
2025-01-22,KEN,0.22084536603297863
2025-01-23,KEN,0.09306834584969674
2025-01-24,KEN,0.1652450165465619
2025-01-25,KEN,0.20593665553803547
2025-01-26,KEN,0.15676564211164154
2025-01-27,KEN,0.30436295035010386
2025-01-28,KEN,0.15628294186516495
2025-01-29,KEN,0.22822037618593494
2025-01-30,KEN,0.16532479818207713
2025-01-31,KEN,0.1498165774067073
2025-02-01,KEN,0.37321430632300245
2025-02-02,KEN,0.19737048975617788
2025-02-03,KEN,0.8274852941669419
2025-02-04,KEN,0.23089342299881832
2025-02-05,KEN,0.3556603690524682
2025-02-06,KEN,0.2857776006493502
2025-02-07,KEN,0.33620934936597413
2025-02-08,KEN,0.32672690562775397
2025-02-09,KEN,0.30947141433864006
2025-02-10,KEN,0.3438337858886319
2025-02-11,KEN,0.28338976660613713
2025-02-12,KEN,0.3556119781918988
2025-02-13,KEN,0.3912026348032906
2025-02-14,KEN,0.3374285744853251
2025-02-15,KEN,0.3598699530474283
2025-02-16,KEN,0.2871631713066586
2025-02-17,KEN,0.35542252276939773
2025-02-18,KEN,0.28488952782287996
2025-02-19,KEN,0.38981999361681313
2025-02-20,KEN,0.43142893729062615
2025-02-21,KEN,0.33391764684343983
2025-02-22,KEN,0.9491849428869409
2025-02-23,KEN,0.5861942677646402
2025-02-24,KEN,0.9148833689663898
2025-02-25,KEN,0.8641501502517426
2025-02-26,KEN,0.755732645010869
2025-02-27,KEN,0.4696573586372756
2025-02-28,KEN,0.43986456569184973
2025-03-01,KEN,0.017809385163248134
2025-03-02,KEN,0.020129848513302004
2025-03-03,KEN,0.04209145208541728
2025-03-04,KEN,0.023207449567160063
2025-03-05,KEN,0.018468131938391655
2025-03-06,KEN,0.04280878895932764
2025-03-07,KEN,0.01801143128180925
2025-03-08,KEN,0.28589694472388144
2025-03-09,KEN,0.38875938390152304
2025-03-10,KEN,0.2056063720844509
2025-03-11,KEN,0.4857882657162257
2025-03-12,KEN,0.376172574289186
2025-03-13,KEN,0.26545357587516
2025-03-14,KEN,0.24589232758001872
2025-03-15,KEN,0.26641832069038857
2025-03-16,KEN,0.1950041154841896
2025-03-17,KEN,0.5686665879381118
2025-03-18,KEN,0.2822846594094245
2025-03-19,KEN,0.27423595731876155
2025-03-20,KEN,0.31808636823069253
2025-03-21,KEN,0.10701365407135052
2025-03-22,KEN,0.551479425935148
2025-03-23,KEN,0.7894977917042825
2025-03-24,KEN,0.49846351162683683
2025-03-25,KEN,0.48657231445558224
2025-03-26,KEN,0.3973378184141545
2025-03-27,KEN,0.44353185262037403
2025-03-28,KEN,0.3485957058884215
2024-07-01,UGA,0.5648468995323419
2024-07-02,UGA,0.6470558896771503
2024-07-03,UGA,0.577688117988371
2024-07-04,UGA,0.9176797944573954
2024-07-05,UGA,0.8824560649688922
2024-07-06,UGA,0.16234725689586657
2024-07-07,UGA,0.07878839823786712
2024-07-08,UGA,0.08201180685783278
2024-07-09,UGA,0.10687896548593384
2024-07-10,UGA,0.10078407326425712
2024-07-11,UGA,0.09215792390060122
2024-07-12,UGA,0.0714058413069789
2024-07-13,UGA,0.08002325480263978
2024-07-14,UGA,0.08660387669381159
2024-07-15,UGA,0.08672583917924641
2024-07-16,UGA,0.05346909786889726
2024-07-17,UGA,0.05510031708166551
2024-07-18,UGA,0.21872493275512644
2024-07-19,UGA,0.20268639152419227
2024-07-20,UGA,0.3163884187054779
2024-07-21,UGA,0.7549319459175626
2024-07-22,UGA,0.5959602510779468
2024-07-23,UGA,0.6598397586226783
2024-07-24,UGA,0.6741761637513957
2024-07-25,UGA,0.5937399370115481
2024-07-26,UGA,0.7119922380414638
2024-07-27,UGA,0.6722265883381083
2024-07-28,UGA,0.03963178324211685
2024-07-29,UGA,0.04592656550149202
2024-07-30,UGA,0.04513581848026082
2024-07-31,UGA,0.03807764005037998
2024-08-01,UGA,0.05868385689352315
2024-08-02,UGA,0.04738402936783465
2024-08-03,UGA,0.03548973788314292
2024-08-04,UGA,0.5689956373847828
2024-08-05,UGA,0.553742915160036
2024-08-06,UGA,0.2777555317524963
2024-08-07,UGA,0.5112572767073014
2024-08-08,UGA,0.6161638445196197
2024-08-09,UGA,0.5201302819305321
2024-08-10,UGA,0.47475872286467696
2024-08-11,UGA,0.5663173292266436
2024-08-12,UGA,0.40997659806011966
2024-08-13,UGA,0.598443211368763
2024-08-14,UGA,0.30839127415375395
2024-08-15,UGA,0.25169182449152444
2024-08-16,UGA,0.34505479546657386
2024-08-17,UGA,0.6931368105268545
2024-08-18,UGA,0.7510294837110012
2024-08-19,UGA,0.6176418011941268
2024-08-20,UGA,0.5744497804955628
2024-08-21,UGA,0.7157188900762728
2024-08-22,UGA,0.5688975901901219
2024-08-23,UGA,0.6188117868625166
2024-08-24,UGA,0.2659724759363609
2024-08-25,UGA,0.4039654605436435
2024-08-26,UGA,0.33258851711444504
2024-08-27,UGA,0.24772726426204714
2024-08-28,UGA,0.6718735286006935
2024-08-29,UGA,0.617624853518027
2024-08-30,UGA,0.3125985751698138
2024-08-31,UGA,0.6502246380400039
2024-09-01,UGA,0.6287179402882188
2024-09-02,UGA,0.7150869931958211
2024-09-03,UGA,0.8637127431235404
2024-09-04,UGA,0.12580229117896463
2024-09-05,UGA,0.549321462096468
2024-09-06,UGA,0.16246242323090573
2024-09-07,UGA,0.5510385569568239
2024-09-08,UGA,0.22822800231308177
2024-09-09,UGA,0.1393308133401109
2024-09-10,UGA,0.12173220319584156
2024-09-11,UGA,0.4048748766109301
2024-09-12,UGA,0.22207102582731145
2024-09-13,UGA,0.25754719468052195
2024-09-14,UGA,0.28567340259388807
2024-09-15,UGA,0.255805889400347
2024-09-16,UGA,0.4502403524209928
2024-09-17,UGA,0.3622660152029597
2024-09-18,UGA,0.31514656497713067
2024-09-19,UGA,0.29252750576108255
2024-09-20,UGA,0.3702259656920848
2024-09-21,UGA,0.268675820276654
2024-09-22,UGA,0.30699333120418937
2024-09-23,UGA,0.2890554689974493
2024-09-24,UGA,0.32224875344517023
2024-09-25,UGA,0.7926673257924645
2024-09-26,UGA,0.36545469881882475
2024-09-27,UGA,0.2753415013589782
2024-09-28,UGA,0.46468132149460467
2024-09-29,UGA,0.7263908237606029
2024-09-30,UGA,0.7793456804675332
2024-10-01,UGA,0.4881203584224942
2024-10-02,UGA,0.16245844210244137
2024-10-03,UGA,0.4291490755203846
2024-10-04,UGA,0.18451393017005738
2024-10-05,UGA,0.1609816158476754
2024-10-06,UGA,0.12681063581967858
2024-10-07,UGA,0.2972436070659518
2024-10-08,UGA,0.20168267060273848
2024-10-09,UGA,0.31074836213883034
2024-10-10,UGA,0.2944784430828586
2024-10-11,UGA,0.2347537216123913
2024-10-12,UGA,0.26202254519365886
2024-10-13,UGA,0.364567028281645
2024-10-14,UGA,0.24182658301824866
2024-10-15,UGA,0.2228869400424495
2024-10-16,UGA,0.17343795775816057
2024-10-17,UGA,0.21874637438463346
2024-10-18,UGA,0.48932092334614485
2024-10-19,UGA,0.31283864890000496
2024-10-20,UGA,0.08386193660271773
2024-10-21,UGA,0.14124502558105384
2024-10-22,UGA,0.11794781515445413
2024-10-23,UGA,0.07606727833753706
2024-10-24,UGA,0.08255232120972872
2024-10-25,UGA,0.1410627432697654
2024-10-26,UGA,0.1586069161506368
2024-10-27,UGA,0.26568064633315075
2024-10-28,UGA,0.12118201412383482
2024-10-29,UGA,0.2954645705819503
2024-10-30,UGA,0.27260674405075647
2024-10-31,UGA,0.2475061970222389
2024-11-01,UGA,0.07127622165013654
2024-11-02,UGA,0.2378601427333889
2024-11-03,UGA,0.7824266980148072
2024-11-04,UGA,0.663155705365863
2024-11-05,UGA,0.0493698250532812
2024-11-06,UGA,0.0665052765753286
2024-11-07,UGA,0.06849939951432502
2024-11-08,UGA,0.054371188918378346
2024-11-09,UGA,0.06445920487738141
2024-11-10,UGA,0.05495171104833565
2024-11-11,UGA,0.06204786117995818
2024-11-12,UGA,0.5295773887068762
2024-11-13,UGA,0.5521194947378376
2024-11-14,UGA,0.5575663780949227
2024-11-15,UGA,0.6308080265654973
2024-11-16,UGA,0.4849498387338516
2024-11-17,UGA,0.4887600509462417
2024-11-18,UGA,0.5588418852691589
2024-11-19,UGA,0.6914521105658494
2024-11-20,UGA,0.7630599171042939
2024-11-21,UGA,0.6356053850597388
2024-11-22,UGA,0.5962103937096412
2024-11-23,UGA,0.5749970309835113
2024-11-24,UGA,0.8044227600071019
2024-11-25,UGA,0.7358318144408243
2024-11-26,UGA,0.5113013944979835
2024-11-27,UGA,0.5992204647741675
2024-11-28,UGA,0.871942645959927
2024-11-29,UGA,0.6645113927506033
2024-11-30,UGA,0.7385604327292932
2024-12-01,UGA,0.2255985231114079
2024-12-02,UGA,0.4011636336110357
2024-12-03,UGA,0.3348886748533171
2024-12-04,UGA,0.15374768785424806
2024-12-05,UGA,0.1803045252008896
2024-12-06,UGA,0.17025089694009152
2024-12-07,UGA,0.11270893305647116
2024-12-08,UGA,0.5911183239225395
2024-12-09,UGA,0.19226444125740325
2024-12-10,UGA,0.3120813061623083
2024-12-11,UGA,0.17611037992565504
2024-12-12,UGA,0.28330446897249423
2024-12-13,UGA,0.1537192243743758
2024-12-14,UGA,0.18493025075780095
2024-12-15,UGA,0.18226150608204864
2024-12-16,UGA,0.3048601317697685
2024-12-17,UGA,0.21630919695850254
2024-12-18,UGA,0.22518004743114184
2024-12-19,UGA,0.35007900311130097
2024-12-20,UGA,0.20529407748974654
2024-12-21,UGA,0.4354047838421051
2024-12-22,UGA,0.2367373490962155
2024-12-23,UGA,0.26031368864149845
2024-12-24,UGA,0.39624730129973257
2024-12-25,UGA,0.4171495377354525
2024-12-26,UGA,0.5067037439603288
2024-12-27,UGA,0.6468877718387549
2024-12-28,UGA,0.5850628512636941
2024-12-29,UGA,0.6406718864848521
2024-12-30,UGA,0.6114605159757411
2024-12-31,UGA,0.31012952277854644
2025-01-01,UGA,0.5272240826113372
2025-01-02,UGA,0.2532694001615059
2025-01-03,UGA,0.2549582867659199
2025-01-04,UGA,0.3130599049478311
2025-01-05,UGA,0.5251080986963287
2025-01-06,UGA,0.3322409917728086
2025-01-07,UGA,0.7097822353301069
2025-01-08,UGA,0.3253965155134412
2025-01-09,UGA,0.27301333553695045
2025-01-10,UGA,0.4488943327284522
2025-01-11,UGA,0.24367948460077468
2025-01-12,UGA,0.18001129726838394
2025-01-13,UGA,0.39633628163506424
2025-01-14,UGA,0.22661760688578814
2025-01-15,UGA,0.5890168952286551
2025-01-16,UGA,0.18698916095895482
2025-01-17,UGA,0.11391534378954517
2025-01-18,UGA,0.700518470902092
2025-01-19,UGA,0.13185691497736837
2025-01-20,UGA,0.3317205776491297
2025-01-21,UGA,0.1364191085756391
2025-01-22,UGA,0.2895039561577303
2025-01-23,UGA,0.69477877436056
2025-01-24,UGA,0.5250410658314268
2025-01-25,UGA,0.565490381292253
2025-01-26,UGA,0.7989864981997986
2025-01-27,UGA,0.23966696726548276
2025-01-28,UGA,0.3639411219119669
2025-01-29,UGA,0.2417742882056363
2025-01-30,UGA,0.18023163485650817
2025-01-31,UGA,0.18713344833294362
2025-02-01,UGA,0.23280359832345246
2025-02-02,UGA,0.1605471799461586
2025-02-03,UGA,0.25245242329438583
2025-02-04,UGA,0.17334393649041713
2025-02-05,UGA,0.1761444479867016
2025-02-06,UGA,0.1445755103820445
2025-02-07,UGA,0.3365482424896652
2025-02-08,UGA,0.1454924190271042
2025-02-09,UGA,0.8498788437872673
2025-02-10,UGA,0.7959359473840047
2025-02-11,UGA,0.5796174646614376
2025-02-12,UGA,0.7772210095282513
2025-02-13,UGA,0.7636371261541901
2025-02-14,UGA,0.755484292078426
2025-02-15,UGA,0.7504393162366576
2025-02-16,UGA,0.8413215192480581
2025-02-17,UGA,0.6448440829911403
2025-02-18,UGA,0.711773827124003
2025-02-19,UGA,0.4390773598353392
2025-02-20,UGA,0.4035090249379037
2025-02-21,UGA,0.6379697740913757
2025-02-22,UGA,0.5582593375338202
2025-02-23,UGA,0.5217018988561832
2025-02-24,UGA,0.17328863805354008
2025-02-25,UGA,0.40597118275967714
2025-02-26,UGA,0.6440724559056195
2025-02-27,UGA,0.49421994546478865
2025-02-28,UGA,0.7327294390443737
2025-03-01,UGA,0.7179498542001227
2025-03-02,UGA,0.27425448981343964
2025-03-03,UGA,0.346922531624583
2025-03-04,UGA,0.24907314020375668
2025-03-05,UGA,0.2841221142698049
2025-03-06,UGA,0.09998910018009867
2025-03-07,UGA,0.12016369983926041
2025-03-08,UGA,0.08333407394462815
2025-03-09,UGA,0.16276479332379823
2025-03-10,UGA,0.18482824371478604
2025-03-11,UGA,0.11005886951546714
2025-03-12,UGA,0.11338873398069656
2025-03-13,UGA,0.08698283661415024
2025-03-14,UGA,0.7466845014842717
2025-03-15,UGA,0.686168891000591
2025-03-16,UGA,0.7820287261380174
2025-03-17,UGA,0.5287828632378713
2025-03-18,UGA,0.7027092321889523
2025-03-19,UGA,0.2591784289586659
2025-03-20,UGA,0.26010892443932415
2025-03-21,UGA,0.50478660132454
2025-03-22,UGA,0.6790219383698254
2025-03-23,UGA,0.3161476185427058
2025-03-24,UGA,0.3830084529068738
2025-03-25,UGA,0.4145404252455551
2025-03-26,UGA,0.5025916966449341
2025-03-27,UGA,0.3227025183426083
2025-03-28,UGA,0.36483853407967565
2024-07-01,ERI,0.07028641537858375
2024-07-02,ERI,0.0748354140115223
2024-07-03,ERI,0.05347847853747766
2024-07-04,ERI,0.08770278414925661
2024-07-05,ERI,0.05266862293358028
2024-07-06,ERI,0.05394016432672544
2024-07-07,ERI,0.08045070850075162
2024-07-08,ERI,0.0639888777238749
2024-07-09,ERI,0.05441593192575582
2024-07-10,ERI,0.049114746916437746
2024-07-11,ERI,0.07383195630583586
2024-07-12,ERI,0.10439071558951567
2024-07-13,ERI,0.0599279872911518
2024-07-14,ERI,0.052086214473703644
2024-07-15,ERI,0.06996970123171894
2024-07-16,ERI,0.05994958156940065
2024-07-17,ERI,0.08193343880482569
2024-07-18,ERI,0.0740430280931686
2024-07-19,ERI,0.06567860417029195
2024-07-20,ERI,0.2643493202999902
2024-07-21,ERI,0.15167105501377973
2024-07-22,ERI,0.13175716785398087
2024-07-23,ERI,0.1445376879699113
2024-07-24,ERI,0.11153788619416424
2024-07-25,ERI,0.11884871012368625
2024-07-26,ERI,0.14927772151829702
2024-07-27,ERI,0.11132614399907766
2024-07-28,ERI,0.13956895140775955
2024-07-29,ERI,0.1313389760447642
2024-07-30,ERI,0.09137954369481655
2024-07-31,ERI,0.12015492035738504
2024-08-01,ERI,0.10732577771665536
2024-08-02,ERI,0.1256820929759132
2024-08-03,ERI,0.12653658696143438
2024-08-04,ERI,0.7274124685378328
2024-08-05,ERI,0.13749621394726727
2024-08-06,ERI,0.14881668581427418
2024-08-07,ERI,0.10609887767647569
2024-08-08,ERI,0.12897084279589746
2024-08-09,ERI,0.12101531504605334
2024-08-10,ERI,0.16833110266500637
2024-08-11,ERI,0.12615977785017013
2024-08-12,ERI,0.11447464670302125
2024-08-13,ERI,0.13589895077066197
2024-08-14,ERI,0.10397218773589381
2024-08-15,ERI,0.8422469240598385
2024-08-16,ERI,0.1040118956686768
2024-08-17,ERI,0.09623758251601802
2024-08-18,ERI,0.11124989429046268
2024-08-19,ERI,0.8768274712408903
2024-08-20,ERI,0.07319567163237241
2024-08-21,ERI,0.1058904320987827
2024-08-22,ERI,0.036656718001878925
2024-08-23,ERI,0.029002059186682763
2024-08-24,ERI,0.06518771524186107
2024-08-25,ERI,0.05750390615012281
2024-08-26,ERI,0.0684086386613072
2024-08-27,ERI,0.053692971677113024
2024-08-28,ERI,0.06304942811288193
2024-08-29,ERI,0.0623643383753972
2024-08-30,ERI,0.06389983903579782
2024-08-31,ERI,0.07306340938101916
2024-09-01,ERI,0.07600170710563837
2024-09-02,ERI,0.08843589104389425
2024-09-03,ERI,0.06761785667518878
2024-09-04,ERI,0.05805495881166577
2024-09-05,ERI,0.08225273752238287
2024-09-06,ERI,0.05900026880657583
2024-09-07,ERI,0.06981906527785904
2024-09-08,ERI,0.08737309727333999
2024-09-09,ERI,0.08882775202076942
2024-09-10,ERI,0.107912674212639
2024-09-11,ERI,0.13447019729475534
2024-09-12,ERI,0.16991335674121122
2024-09-13,ERI,0.14569192438339765
2024-09-14,ERI,0.13886810934546967
2024-09-15,ERI,0.1344189990420078
2024-09-16,ERI,0.13041289530622566
2024-09-17,ERI,0.1746892164234778
2024-09-18,ERI,0.13936815839075692
2024-09-19,ERI,0.14341692783108395
2024-09-20,ERI,0.16218637029376334
2024-09-21,ERI,0.11245984173638682
2024-09-22,ERI,0.14690827079926394
2024-09-23,ERI,0.14205975947580082
2024-09-24,ERI,0.16873587778518787
2024-09-25,ERI,0.16628104238674007
2024-09-26,ERI,0.1558387757801692
2024-09-27,ERI,0.13593650572333132
2024-09-28,ERI,0.14685315575526656
2024-09-29,ERI,0.1373548804414598
2024-09-30,ERI,0.1218975197026449
2024-10-01,ERI,0.11009186124172689
2024-10-02,ERI,0.1338139011639157
2024-10-03,ERI,0.13821590792813204
2024-10-04,ERI,0.09092951344434205
2024-10-05,ERI,0.09499699022884826
2024-10-06,ERI,0.11167643459494181
2024-10-07,ERI,0.09508211700832526
2024-10-08,ERI,0.12583547188964603
2024-10-09,ERI,0.07788687630748191
2024-10-10,ERI,0.08044296979674152
2024-10-11,ERI,0.10016883572211405
2024-10-12,ERI,0.11935273615179406
2024-10-13,ERI,0.11766319973184625
2024-10-14,ERI,0.13018506394976262
2024-10-15,ERI,0.1481657059413204
2024-10-16,ERI,0.15402890148024037
2024-10-17,ERI,0.14043247634033856
2024-10-18,ERI,0.16929063432967018
2024-10-19,ERI,0.1276049825282721
2024-10-20,ERI,0.09844642587181332
2024-10-21,ERI,0.10288215415967861
2024-10-22,ERI,0.13445100943024063
2024-10-23,ERI,0.12084330509181256
2024-10-24,ERI,0.12427573317598709
2024-10-25,ERI,0.16778787557363184
2024-10-26,ERI,0.09482256700600898
2024-10-27,ERI,0.0954184325379958
2024-10-28,ERI,0.08233337149049676
2024-10-29,ERI,0.06855427115891763
2024-10-30,ERI,0.09902387888239661
2024-10-31,ERI,0.08547610219124088
2024-11-01,ERI,0.08726897688458518
2024-11-02,ERI,0.08092744609684333
2024-11-03,ERI,0.0973803826174735
2024-11-04,ERI,0.07486779539077984
2024-11-05,ERI,0.08954130621054603
2024-11-06,ERI,0.06697209368304179
2024-11-07,ERI,0.055273246788867025
2024-11-08,ERI,0.047687506474742576
2024-11-09,ERI,0.06247035169227626
2024-11-10,ERI,0.08426633876633266
2024-11-11,ERI,0.07787255851714768
2024-11-12,ERI,0.07211472712867557
2024-11-13,ERI,0.11648089208595751
2024-11-14,ERI,0.11207955887415907
2024-11-15,ERI,0.1090402865053731
2024-11-16,ERI,0.07594949631380978
2024-11-17,ERI,0.09056969842461478
2024-11-18,ERI,0.07768323657585412
2024-11-19,ERI,0.07060495392228104
2024-11-20,ERI,0.08254871024948232
2024-11-21,ERI,0.10110452076690897
2024-11-22,ERI,0.07839641190666738
2024-11-23,ERI,0.0609434937536351
2024-11-24,ERI,0.07454253361434297
2024-11-25,ERI,0.0629938760705964
2024-11-26,ERI,0.06584642510582846
2024-11-27,ERI,0.07989104398818965
2024-11-28,ERI,0.06636141691793351
2024-11-29,ERI,0.06480435327544602
2024-11-30,ERI,0.07023968741725362
2024-12-01,ERI,0.08283554455434645
2024-12-02,ERI,0.08730328048161361
2024-12-03,ERI,0.094104112694315
2024-12-04,ERI,0.07059802317848085
2024-12-05,ERI,0.07189911814576046
2024-12-06,ERI,0.09307058849758923
2024-12-07,ERI,0.08290127908415294
2024-12-08,ERI,0.09484357980480616
2024-12-09,ERI,0.09256149840224771
2024-12-10,ERI,0.08913437662416013
2024-12-11,ERI,0.09241703620059227
2024-12-12,ERI,0.0667357787513005
2024-12-13,ERI,0.0631721910141523
2024-12-14,ERI,0.08365562555925941
2024-12-15,ERI,0.07989275329464972
2024-12-16,ERI,0.11030188099124764
2024-12-17,ERI,0.1286729995286715
2024-12-18,ERI,0.14044076386951046
2024-12-19,ERI,0.10831617467403609
2024-12-20,ERI,0.10168322554502283
2024-12-21,ERI,0.12201664709816508
2024-12-22,ERI,0.1366001526301706
2024-12-23,ERI,0.14487069386724513
2024-12-24,ERI,0.13505812412844784
2024-12-25,ERI,0.11003651551822714
2024-12-26,ERI,0.14591367285597664
2024-12-27,ERI,0.11884966509023974
2024-12-28,ERI,0.15148818214310925
2024-12-29,ERI,0.13943263343525938
2024-12-30,ERI,0.11449345598583587
2024-12-31,ERI,0.1599887596745758
2025-01-01,ERI,0.09330176463092663
2025-01-02,ERI,0.08800087803543181
2025-01-03,ERI,0.1135951003795875
2025-01-04,ERI,0.15440028924859248
2025-01-05,ERI,0.13158909314184125
2025-01-06,ERI,0.14956501656558321
2025-01-07,ERI,0.12497612342382121
2025-01-08,ERI,0.1406605670534793
2025-01-09,ERI,0.12362115914806457
2025-01-10,ERI,0.09602212539693089
2025-01-11,ERI,0.08445133119092893
2025-01-12,ERI,0.10623124264638334
2025-01-13,ERI,0.1198220592180905
2025-01-14,ERI,0.10211921632784406
2025-01-15,ERI,0.13087622770203133
2025-01-16,ERI,0.1258328802120348
2025-01-17,ERI,0.11088455920788867
2025-01-18,ERI,0.06390465405860235
2025-01-19,ERI,0.09437472799455118
2025-01-20,ERI,0.08915540867913205
2025-01-21,ERI,0.11687454870082667
2025-01-22,ERI,0.13548711304020264
2025-01-23,ERI,0.12878820521689735
2025-01-24,ERI,0.12181048278956004
2025-01-25,ERI,0.14495347817470833
2025-01-26,ERI,0.13552992445321851
2025-01-27,ERI,0.1382540824553331
2025-01-28,ERI,0.09269815648917364
2025-01-29,ERI,0.09206105277134741
2025-01-30,ERI,0.12953411719163951
2025-01-31,ERI,0.11501751559026573
2025-02-01,ERI,0.11098219319416458
2025-02-02,ERI,0.10551149300442514
2025-02-03,ERI,0.11305470267952257
2025-02-04,ERI,0.12576647786615905
2025-02-05,ERI,0.12484769295437348
2025-02-06,ERI,0.10272850798490807
2025-02-07,ERI,0.1074174470202667
2025-02-08,ERI,0.16111041571558168
2025-02-09,ERI,0.12604493480790244
2025-02-10,ERI,0.16402656554775583
2025-02-11,ERI,0.1041815294801592
2025-02-12,ERI,0.09487843735767787
2025-02-13,ERI,0.08008105046243782
2025-02-14,ERI,0.07461748092531606
2025-02-15,ERI,0.07642328957737188
2025-02-16,ERI,0.07347511324041987
2025-02-17,ERI,0.04729959002052073
2025-02-18,ERI,0.058301988724940045
2025-02-19,ERI,0.05223393051437461
2025-02-20,ERI,0.05531418176101309
2025-02-21,ERI,0.06910186093971135
2025-02-22,ERI,0.06382995169039023
2025-02-23,ERI,0.06179003165056039
2025-02-24,ERI,0.06422685250139568
2025-02-25,ERI,0.08124397374038196
2025-02-26,ERI,0.08484771254416933
2025-02-27,ERI,0.07740535791869038
2025-02-28,ERI,0.09479135788152525
2025-03-01,ERI,0.1013778675138994
2025-03-02,ERI,0.10712404147379115
2025-03-03,ERI,0.11028504538003539
2025-03-04,ERI,0.08654314909637581
2025-03-05,ERI,0.12028920600341346
2025-03-06,ERI,0.1507486259886586
2025-03-07,ERI,0.1492326088121637
2025-03-08,ERI,0.15228440655816738
2025-03-09,ERI,0.14175737893799412
2025-03-10,ERI,0.12399562404507924
2025-03-11,ERI,0.10826489440860593
2025-03-12,ERI,0.1493188890528911
2025-03-13,ERI,0.11184487169609295
2025-03-14,ERI,0.10873092818246843
2025-03-15,ERI,0.10992345878250463
2025-03-16,ERI,0.10927465495849752
2025-03-17,ERI,0.10164845285262754
2025-03-18,ERI,0.07400641258630887
2025-03-19,ERI,0.049607041714888625
2025-03-20,ERI,0.05709019623572734
2025-03-21,ERI,0.06114550902471738
2025-03-22,ERI,0.07302732961397146
2025-03-23,ERI,0.08362101748919733
2025-03-24,ERI,0.09323474040926188
2025-03-25,ERI,0.10074893465802316
2025-03-26,ERI,0.08343707185157306
2025-03-27,ERI,0.08779748565065851
2025-03-28,ERI,0.10554146696037978
2024-07-01,MOZ,0.3555110652541053
2024-07-02,MOZ,0.420934461535904
2024-07-03,MOZ,0.4206792351770762
2024-07-04,MOZ,0.32973166447104585
2024-07-05,MOZ,0.34659760824601227
2024-07-06,MOZ,0.7602003861129786
2024-07-07,MOZ,0.6602428757159206
2024-07-08,MOZ,0.6034264848003789
2024-07-09,MOZ,0.5471839105380498
2024-07-10,MOZ,0.6375057094760929
2024-07-11,MOZ,0.6757122214263593
2024-07-12,MOZ,0.5829073032964249
2024-07-13,MOZ,0.7374169845639719
2024-07-14,MOZ,0.7386581244615855
2024-07-15,MOZ,0.5716899496069017
2024-07-16,MOZ,0.5920006305105849
2024-07-17,MOZ,0.4536693903831041
2024-07-18,MOZ,0.3770876549541855
2024-07-19,MOZ,0.3236098382271719
2024-07-20,MOZ,0.5916178742856416
2024-07-21,MOZ,0.5293042496479051
2024-07-22,MOZ,0.4936880949787576
2024-07-23,MOZ,0.5946192414413729
2024-07-24,MOZ,0.6178582140412068
2024-07-25,MOZ,0.5928470803837986
2024-07-26,MOZ,0.6866150394131625
2024-07-27,MOZ,0.7653662993514231
2024-07-28,MOZ,0.7960990466609619
2024-07-29,MOZ,0.884949654875004
2024-07-30,MOZ,0.8619044636324411
2024-07-31,MOZ,0.8800301054871814
2024-08-01,MOZ,0.8226797545075872
2024-08-02,MOZ,0.715020271775725
2024-08-03,MOZ,0.810436797733809
2024-08-04,MOZ,0.8088361052468631
2024-08-05,MOZ,0.44370524976332015
2024-08-06,MOZ,0.4294877996461862
2024-08-07,MOZ,0.8522247835369346
2024-08-08,MOZ,0.861789249967033
2024-08-09,MOZ,0.8472567462957203
2024-08-10,MOZ,0.7480929602335733
2024-08-11,MOZ,0.7971263808915886
2024-08-12,MOZ,0.8560320495536982
2024-08-13,MOZ,0.7607845288499021
2024-08-14,MOZ,0.7216709906518203
2024-08-15,MOZ,0.2978601911189672
2024-08-16,MOZ,0.8247835442904558
2024-08-17,MOZ,0.6466946084507619
2024-08-18,MOZ,0.226766365305138
2024-08-19,MOZ,0.261626130444081
2024-08-20,MOZ,0.20543427632714892
2024-08-21,MOZ,0.28907231722145194
2024-08-22,MOZ,0.8245971402677498
2024-08-23,MOZ,0.673000135170046
2024-08-24,MOZ,0.692770022110168
2024-08-25,MOZ,0.6199942250690127
2024-08-26,MOZ,0.69702656323545
2024-08-27,MOZ,0.6194724353824952
2024-08-28,MOZ,0.7961005883421005
2024-08-29,MOZ,0.7338997092099325
2024-08-30,MOZ,0.6618247889078513
2024-08-31,MOZ,0.8355450356681726
2024-09-01,MOZ,0.8245467607177723
2024-09-02,MOZ,0.8347152817837219
2024-09-03,MOZ,0.7264577576120881
2024-09-04,MOZ,0.7778133587895898
2024-09-05,MOZ,0.7936914260890032
2024-09-06,MOZ,0.7221000546036901
2024-09-07,MOZ,0.38794517060125727
2024-09-08,MOZ,0.4354440802342171
2024-09-09,MOZ,0.45205614236341657
2024-09-10,MOZ,0.4653047391742185
2024-09-11,MOZ,0.8450958359709754
2024-09-12,MOZ,0.27882813867106127
2024-09-13,MOZ,0.2867414830887298
2024-09-14,MOZ,0.244674839367508
2024-09-15,MOZ,0.35580305812382523
2024-09-16,MOZ,0.28677523313541337
2024-09-17,MOZ,0.30194728326850434
2024-09-18,MOZ,0.3654368021889406
2024-09-19,MOZ,0.5550815801283221
2024-09-20,MOZ,0.4392933975931744
2024-09-21,MOZ,0.4717697192858297
2024-09-22,MOZ,0.47135358968200325
2024-09-23,MOZ,0.48342420387637314
2024-09-24,MOZ,0.4584098131734693
2024-09-25,MOZ,0.38546986251477217
2024-09-26,MOZ,0.38390707453780915
2024-09-27,MOZ,0.281000539583154
2024-09-28,MOZ,0.30529525339803665
2024-09-29,MOZ,0.1744432725193313
2024-09-30,MOZ,0.31324391226387327
2024-10-01,MOZ,0.8832492978446368
2024-10-02,MOZ,0.16853740687514865
2024-10-03,MOZ,0.2181425234173783
2024-10-04,MOZ,0.22278837352810982
2024-10-05,MOZ,0.18497538397984004
2024-10-06,MOZ,0.16094633528386543
2024-10-07,MOZ,0.14115054225132312
2024-10-08,MOZ,0.1896305604838189
2024-10-09,MOZ,0.5841830691447607
2024-10-10,MOZ,0.7470311165570894
2024-10-11,MOZ,0.658217057423914
2024-10-12,MOZ,0.7613722549398668
2024-10-13,MOZ,0.6812365215401353
2024-10-14,MOZ,0.9029726392502027
2024-10-15,MOZ,0.8564592868548374
2024-10-16,MOZ,0.6596077661395555
2024-10-17,MOZ,0.6815592527198291
2024-10-18,MOZ,0.749015868960449
2024-10-19,MOZ,0.8480208257090303
2024-10-20,MOZ,0.6290708630879388
2024-10-21,MOZ,0.8053235815751706
2024-10-22,MOZ,0.7201607159203799
2024-10-23,MOZ,0.6878002319249625
2024-10-24,MOZ,0.78502977215576
2024-10-25,MOZ,0.4592457250781851
2024-10-26,MOZ,0.7822720326485771
2024-10-27,MOZ,0.5520666307850599
2024-10-28,MOZ,0.6268547459033518
2024-10-29,MOZ,0.854238246862898
2024-10-30,MOZ,0.6123757869636542
2024-10-31,MOZ,0.40893695528855345
2024-11-01,MOZ,0.42907989885025594
2024-11-02,MOZ,0.3392991695929553
2024-11-03,MOZ,0.28471624510507076
2024-11-04,MOZ,0.3272036000880771
2024-11-05,MOZ,0.24403294925889504
2024-11-06,MOZ,0.720379820288795
2024-11-07,MOZ,0.771459106426867
2024-11-08,MOZ,0.4092657818964553
2024-11-09,MOZ,0.6617377618081655
2024-11-10,MOZ,0.6078929429822023
2024-11-11,MOZ,0.5677699022917014
2024-11-12,MOZ,0.6408850543974024
2024-11-13,MOZ,0.7767078448866622
2024-11-14,MOZ,0.5644313240159472
2024-11-15,MOZ,0.5814880462493763
2024-11-16,MOZ,0.37467754798938147
2024-11-17,MOZ,0.7324928187126063
2024-11-18,MOZ,0.6407829363405002
2024-11-19,MOZ,0.5129802689839774
2024-11-20,MOZ,0.26131088685172493
2024-11-21,MOZ,0.21119973878667286
2024-11-22,MOZ,0.2586457751343308
2024-11-23,MOZ,0.2515068180896197
2024-11-24,MOZ,0.15822439387426396
2024-11-25,MOZ,0.6014613339147529
2024-11-26,MOZ,0.13329784274863649
2024-11-27,MOZ,0.1292711154986094
2024-11-28,MOZ,0.13416864692826172
2024-11-29,MOZ,0.11410041111745331
2024-11-30,MOZ,0.15258722871407054
2024-12-01,MOZ,0.6263922408446526
2024-12-02,MOZ,0.5779316034006029
2024-12-03,MOZ,0.5261798010491388
2024-12-04,MOZ,0.5480892793203637
2024-12-05,MOZ,0.5896591109998154
2024-12-06,MOZ,0.6803060058147664
2024-12-07,MOZ,0.7277744569491847
2024-12-08,MOZ,0.5836453154144994
2024-12-09,MOZ,0.720087130377056
2024-12-10,MOZ,0.5729874613490443
2024-12-11,MOZ,0.7353791148588977
2024-12-12,MOZ,0.6174528677977981
2024-12-13,MOZ,0.7315527342582758
2024-12-14,MOZ,0.7850119448806779
2024-12-15,MOZ,0.7550191792571851
2024-12-16,MOZ,0.8350361021951819
2024-12-17,MOZ,0.7337666730699361
2024-12-18,MOZ,0.6062149278767911
2024-12-19,MOZ,0.40767343606482254
2024-12-20,MOZ,0.7798695559270843
2024-12-21,MOZ,0.31309651925581305
2024-12-22,MOZ,0.6114260134127504
2024-12-23,MOZ,0.7411149970645262
2024-12-24,MOZ,0.5106501084651482
2024-12-25,MOZ,0.760154522400609
2024-12-26,MOZ,0.7914951080293097
2024-12-27,MOZ,0.6002045790306904
2024-12-28,MOZ,0.7553369368856703
2024-12-29,MOZ,0.295895345785827
2024-12-30,MOZ,0.520654676774586
2024-12-31,MOZ,0.3951302967237229
2025-01-01,MOZ,0.29876712994663296
2025-01-02,MOZ,0.2954837642757261
2025-01-03,MOZ,0.24842925386002512
2025-01-04,MOZ,0.29832126913949797
2025-01-05,MOZ,0.3217740651060662
2025-01-06,MOZ,0.3330297049939536
2025-01-07,MOZ,0.25875067108762134
2025-01-08,MOZ,0.6625540209662235
2025-01-09,MOZ,0.8030952541178379
2025-01-10,MOZ,0.6584254099560916
2025-01-11,MOZ,0.6225477230839012
2025-01-12,MOZ,0.19488127014894918
2025-01-13,MOZ,0.8300072735707477
2025-01-14,MOZ,0.4522619144036763
2025-01-15,MOZ,0.3358579105222821
2025-01-16,MOZ,0.521321968717465
2025-01-17,MOZ,0.33472678483846485
2025-01-18,MOZ,0.4037601842148094
2025-01-19,MOZ,0.2570075735120084
2025-01-20,MOZ,0.49566197999252454
2025-01-21,MOZ,0.33073423638164084
2025-01-22,MOZ,0.3767023123502434
2025-01-23,MOZ,0.6824761727614429
2025-01-24,MOZ,0.33130347653827763
2025-01-25,MOZ,0.4472675366495606
2025-01-26,MOZ,0.7880202884867067
2025-01-27,MOZ,0.5152840618405545
2025-01-28,MOZ,0.2519969426610222
2025-01-29,MOZ,0.2667176820064326
2025-01-30,MOZ,0.5422717375383556
2025-01-31,MOZ,0.3511109231759919
2025-02-01,MOZ,0.46298173718979235
2025-02-02,MOZ,0.6021440798585789
2025-02-03,MOZ,0.3080943690079576
2025-02-04,MOZ,0.2949536255483187
2025-02-05,MOZ,0.6046637559339437
2025-02-06,MOZ,0.4106992805766333
2025-02-07,MOZ,0.4120433378474752
2025-02-08,MOZ,0.44358558786838626
2025-02-09,MOZ,0.5031860178743762
2025-02-10,MOZ,0.6663077363545908
2025-02-11,MOZ,0.4158706259145052
2025-02-12,MOZ,0.344923358382525
2025-02-13,MOZ,0.16039860121623087
2025-02-14,MOZ,0.19524973315564434
2025-02-15,MOZ,0.15806840606125383
2025-02-16,MOZ,0.19998604262111655
2025-02-17,MOZ,0.25421744671877605
2025-02-18,MOZ,0.18570819200053523
2025-02-19,MOZ,0.28311694537682974
2025-02-20,MOZ,0.4529359936312184
2025-02-21,MOZ,0.35227084379080204
2025-02-22,MOZ,0.35688396917735016
2025-02-23,MOZ,0.40757220774931696
2025-02-24,MOZ,0.3479383772862345
2025-02-25,MOZ,0.3888324954194065
2025-02-26,MOZ,0.37892447644538346
2025-02-27,MOZ,0.4764672686599534
2025-02-28,MOZ,0.41405517586746193
2025-03-01,MOZ,0.3868935881686682
2025-03-02,MOZ,0.31369446352740754
2025-03-03,MOZ,0.39842020784011817
2025-03-04,MOZ,0.44514522517528887
2025-03-05,MOZ,0.5328930221369789
2025-03-06,MOZ,0.7018968282443927
2025-03-07,MOZ,0.7469125138417689
2025-03-08,MOZ,0.7700021856444288
2025-03-09,MOZ,0.6768141791719224
2025-03-10,MOZ,0.6328957856255525
2025-03-11,MOZ,0.7127767850172485
2025-03-12,MOZ,0.6250260415718273
2025-03-13,MOZ,0.6255264742281148
2025-03-14,MOZ,0.8670112445498797
2025-03-15,MOZ,0.8289843084661479
2025-03-16,MOZ,0.5218705282363656
2025-03-17,MOZ,0.5464363527758418
2025-03-18,MOZ,0.5077862711011598
2025-03-19,MOZ,0.5222384803761319
2025-03-20,MOZ,0.35524300580497226
2025-03-21,MOZ,0.32068983093550985
2025-03-22,MOZ,0.20012971519654243
2025-03-23,MOZ,0.3450439177514772
2025-03-24,MOZ,0.28266017027256407
2025-03-25,MOZ,0.2405379883818715
2025-03-26,MOZ,0.2865422109451528
2025-03-27,MOZ,0.28017417476326806
2025-03-28,MOZ,0.6459546341886465
2024-07-01,ZWE,0.5545901431262544
2024-07-02,ZWE,0.622711798491405
2024-07-03,ZWE,0.5573158256651545
2024-07-04,ZWE,0.6392406595163346
2024-07-05,ZWE,0.586995225018525
2024-07-06,ZWE,0.5753966442986361
2024-07-07,ZWE,0.6383836315127607
2024-07-08,ZWE,0.5527525731428014
2024-07-09,ZWE,0.5910839457307605
2024-07-10,ZWE,0.5369220805245336
2024-07-11,ZWE,0.5278376558554858
2024-07-12,ZWE,0.5378555562806754
2024-07-13,ZWE,0.5686394112906648
2024-07-14,ZWE,0.751498839334469
2024-07-15,ZWE,0.6197587869746585
2024-07-16,ZWE,0.5920415233070966
2024-07-17,ZWE,0.6030002118592388
2024-07-18,ZWE,0.645051372048575
2024-07-19,ZWE,0.5162157863379911
2024-07-20,ZWE,0.5566736269446869
2024-07-21,ZWE,0.28575968637421345
2024-07-22,ZWE,0.28341087061534953
2024-07-23,ZWE,0.2698053665939932
2024-07-24,ZWE,0.24986306942714892
2024-07-25,ZWE,0.3218491557979547
2024-07-26,ZWE,0.2502030598159368
2024-07-27,ZWE,0.2770082326445458
2024-07-28,ZWE,0.35295710631993
2024-07-29,ZWE,0.3391434211799866
2024-07-30,ZWE,0.27938783949246276
2024-07-31,ZWE,0.6688609425358175
2024-08-01,ZWE,0.6591244492983398
2024-08-02,ZWE,0.6644206241331242
2024-08-03,ZWE,0.5906016257707113
2024-08-04,ZWE,0.6736265330596455
2024-08-05,ZWE,0.654556720698456
2024-08-06,ZWE,0.6209913561648548
2024-08-07,ZWE,0.298464167947306
2024-08-08,ZWE,0.8297695895940808
2024-08-09,ZWE,0.37943310311447526
2024-08-10,ZWE,0.31408150648650723
2024-08-11,ZWE,0.30827776132231527
2024-08-12,ZWE,0.3087296513538452
2024-08-13,ZWE,0.2894057281405216
2024-08-14,ZWE,0.4835992191847577
2024-08-15,ZWE,0.06765061961385256
2024-08-16,ZWE,0.06399670114239488
2024-08-17,ZWE,0.06256686798269569
2024-08-18,ZWE,0.08811382181894213
2024-08-19,ZWE,0.07562203104269026
2024-08-20,ZWE,0.05909646981140755
2024-08-21,ZWE,0.08931945251883462
2024-08-22,ZWE,0.6611860295989402
2024-08-23,ZWE,0.614032327976652
2024-08-24,ZWE,0.582992949445814
2024-08-25,ZWE,0.6469587970705742
2024-08-26,ZWE,0.5663500300542559
2024-08-27,ZWE,0.6634202257578001
2024-08-28,ZWE,0.5913312647469341
2024-08-29,ZWE,0.6369535844435905
2024-08-30,ZWE,0.6371221589453451
2024-08-31,ZWE,0.6733526223066335
2024-09-01,ZWE,0.7304443431133076
2024-09-02,ZWE,0.6263569937633532
2024-09-03,ZWE,0.6176907956140079
2024-09-04,ZWE,0.5983032545900266
2024-09-05,ZWE,0.6104798590174016
2024-09-06,ZWE,0.5579843350166913
2024-09-07,ZWE,0.5381653015237681
2024-09-08,ZWE,0.6070604714291143
2024-09-09,ZWE,0.5270417690748985
2024-09-10,ZWE,0.45286577088779784
2024-09-11,ZWE,0.5988032482613076
2024-09-12,ZWE,0.5733070973615759
2024-09-13,ZWE,0.5996090471466735
2024-09-14,ZWE,0.5248155789751352
2024-09-15,ZWE,0.5474499710399635
2024-09-16,ZWE,0.5416709622815721
2024-09-17,ZWE,0.5335400167395546
2024-09-18,ZWE,0.4970650597228407
2024-09-19,ZWE,0.5173754321461443
2024-09-20,ZWE,0.5032475337217545
2024-09-21,ZWE,0.4934911895380346
2024-09-22,ZWE,0.49420977686133094
2024-09-23,ZWE,0.5249311242619631
2024-09-24,ZWE,0.5519648127264792
2024-09-25,ZWE,0.4931426212001455
2024-09-26,ZWE,0.5268786225548115
2024-09-27,ZWE,0.6899433417708982
2024-09-28,ZWE,0.7053266934456162
2024-09-29,ZWE,0.5065294600700952
2024-09-30,ZWE,0.5966641069858548
2024-10-01,ZWE,0.5240828243315192
2024-10-02,ZWE,0.532655298526661
2024-10-03,ZWE,0.5517627818710062
2024-10-04,ZWE,0.5268633600760715
2024-10-05,ZWE,0.513838429727983
2024-10-06,ZWE,0.6220833945893847
2024-10-07,ZWE,0.5193976466324071
2024-10-08,ZWE,0.4910887577868773
2024-10-09,ZWE,0.6235070023396792
2024-10-10,ZWE,0.5367329508419083
2024-10-11,ZWE,0.5344344139786658
2024-10-12,ZWE,0.6066151715365722
2024-10-13,ZWE,0.5571158619021451
2024-10-14,ZWE,0.5208417247722701
2024-10-15,ZWE,0.5354304417892207
2024-10-16,ZWE,0.6154335687268931
2024-10-17,ZWE,0.5274992036846561
2024-10-18,ZWE,0.5363336106539736
2024-10-19,ZWE,0.6087878156638075
2024-10-20,ZWE,0.5717815707722409
2024-10-21,ZWE,0.6270452157774039
2024-10-22,ZWE,0.508253545930658
2024-10-23,ZWE,0.6119793209909402
2024-10-24,ZWE,0.5368694230110626
2024-10-25,ZWE,0.6058082171937418
2024-10-26,ZWE,0.5929834956241542
2024-10-27,ZWE,0.5423690235147327
2024-10-28,ZWE,0.593328057270759
2024-10-29,ZWE,0.5751871685243277
2024-10-30,ZWE,0.5508923180089715
2024-10-31,ZWE,0.5222534528319819
2024-11-01,ZWE,0.5627155321490293
2024-11-02,ZWE,0.5500349089458769
2024-11-03,ZWE,0.5527867254315683
2024-11-04,ZWE,0.6109200048023882
2024-11-05,ZWE,0.6138737852394651
2024-11-06,ZWE,0.5640895923512197
2024-11-07,ZWE,0.4817550442352342
2024-11-08,ZWE,0.49587449193451993
2024-11-09,ZWE,0.488146940258024
2024-11-10,ZWE,0.47657315908841585
2024-11-11,ZWE,0.5601037136908709
2024-11-12,ZWE,0.5856553748516563
2024-11-13,ZWE,0.5187071048526066
2024-11-14,ZWE,0.5351545795144736
2024-11-15,ZWE,0.5148036042584602
2024-11-16,ZWE,0.4728831042518867
2024-11-17,ZWE,0.49168423661627425
2024-11-18,ZWE,0.1900693257393101
2024-11-19,ZWE,0.30397113600993264
2024-11-20,ZWE,0.28670631627049364
2024-11-21,ZWE,0.2600193309418414
2024-11-22,ZWE,0.19129370841726406
2024-11-23,ZWE,0.18084419324547196
2024-11-24,ZWE,0.25596473513137163
2024-11-25,ZWE,0.5258348923326452
2024-11-26,ZWE,0.5010881364778063
2024-11-27,ZWE,0.5852972909106277
2024-11-28,ZWE,0.5836678506010752
2024-11-29,ZWE,0.5499809625231371
2024-11-30,ZWE,0.5189360228668101
2024-12-01,ZWE,0.531292342882758
2024-12-02,ZWE,0.5911724907023626
2024-12-03,ZWE,0.5325694730862469
2024-12-04,ZWE,0.6138196638558876
2024-12-05,ZWE,0.5714979801703169
2024-12-06,ZWE,0.5742462457313215
2024-12-07,ZWE,0.6419739935160642
2024-12-08,ZWE,0.5809766674063678
2024-12-09,ZWE,0.5809766674063678
2024-12-10,ZWE,0.6013958667182391
2024-12-11,ZWE,0.6069623794013387
2024-12-12,ZWE,0.5050458139920629
2024-12-13,ZWE,0.6227526180823216
2024-12-14,ZWE,0.5406688402644899
2024-12-15,ZWE,0.5828328245961824
2024-12-16,ZWE,0.5226597612695248
2024-12-17,ZWE,0.5505562971195147
2024-12-18,ZWE,0.5307588968226488
2024-12-19,ZWE,0.48334818135306673
2024-12-20,ZWE,0.1707385203834435
2024-12-21,ZWE,0.28717679886808384
2024-12-22,ZWE,0.2576020480575075
2024-12-23,ZWE,0.24247408991079075
2024-12-24,ZWE,0.19349877693976458
2024-12-25,ZWE,0.21744401552459422
2024-12-26,ZWE,0.23055006041345918
2024-12-27,ZWE,0.5094806623494177
2024-12-28,ZWE,0.5496992783427036
2024-12-29,ZWE,0.5154602423691408
2024-12-30,ZWE,0.5821473882895851
2024-12-31,ZWE,0.5368859921934792
2025-01-01,ZWE,0.8303283193936786
2025-01-02,ZWE,0.5058671177710193
2025-01-03,ZWE,0.5764850668452802
2025-01-04,ZWE,0.5689988152935598
2025-01-05,ZWE,0.7498384669119125
2025-01-06,ZWE,0.5893634243580146
2025-01-07,ZWE,0.5940399273044409
2025-01-08,ZWE,0.6161596292137612
2025-01-09,ZWE,0.5351626758636089
2025-01-10,ZWE,0.5311946352923331
2025-01-11,ZWE,0.5369489793556185
2025-01-12,ZWE,0.5076014631439949
2025-01-13,ZWE,0.5199368035466467
2025-01-14,ZWE,0.47076042553053427
2025-01-15,ZWE,0.5214447338935041
2025-01-16,ZWE,0.5146435601607078
2025-01-17,ZWE,0.5935531791058296
2025-01-18,ZWE,0.5715558564070661
2025-01-19,ZWE,0.44959475771703566
2025-01-20,ZWE,0.5446468188838851
2025-01-21,ZWE,0.47340046939604696
2025-01-22,ZWE,0.5002800553875715
2025-01-23,ZWE,0.596594050792243
2025-01-24,ZWE,0.5113502187130402
2025-01-25,ZWE,0.5819313965216628
2025-01-26,ZWE,0.5269436475546682
2025-01-27,ZWE,0.5270231957865819
2025-01-28,ZWE,0.5803329816945347
2025-01-29,ZWE,0.4968994364777641
2025-01-30,ZWE,0.5313874079326754
2025-01-31,ZWE,0.5436643463090509
2025-02-01,ZWE,0.5589080278904676
2025-02-02,ZWE,0.602624937888594
2025-02-03,ZWE,0.5116627569328647
2025-02-04,ZWE,0.5047511200857112
2025-02-05,ZWE,0.553979426256686
2025-02-06,ZWE,0.6110399806060852
2025-02-07,ZWE,0.5941904460364146
2025-02-08,ZWE,0.5490637862639358
2025-02-09,ZWE,0.6947573864268665
2025-02-10,ZWE,0.5816705670420216
2025-02-11,ZWE,0.5967617113855638
2025-02-12,ZWE,0.5399201690394919
2025-02-13,ZWE,0.5354245350604874
2025-02-14,ZWE,0.549042219650963
2025-02-15,ZWE,0.7207742460833073
2025-02-16,ZWE,0.6584699599510383
2025-02-17,ZWE,0.533100149126113
2025-02-18,ZWE,0.4893699564235354
2025-02-19,ZWE,0.4929834019687043
2025-02-20,ZWE,0.5053610951042482
2025-02-21,ZWE,0.5168019981029589
2025-02-22,ZWE,0.5320757971604727
2025-02-23,ZWE,0.4902671531195446
2025-02-24,ZWE,0.5191223599438783
2025-02-25,ZWE,0.5936761638942835
2025-02-26,ZWE,0.5398492614747817
2025-02-27,ZWE,0.5217931614396759
2025-02-28,ZWE,0.5729640314658262
2025-03-01,ZWE,0.4993349178739622
2025-03-02,ZWE,0.5930092617543593
2025-03-03,ZWE,0.5565255260439379
2025-03-04,ZWE,0.586043118032228
2025-03-05,ZWE,0.5180851255176857
2025-03-06,ZWE,0.5893156131068129
2025-03-07,ZWE,0.5382470622890714
2025-03-08,ZWE,0.558148460243255
2025-03-09,ZWE,0.5762378071648592
2025-03-10,ZWE,0.5852963048856428
2025-03-11,ZWE,0.5402468255659676
2025-03-12,ZWE,0.5200917110311021
2025-03-13,ZWE,0.5333568601383579
2025-03-14,ZWE,0.584191179583782
2025-03-15,ZWE,0.463465742434766
2025-03-16,ZWE,0.6141349159796035
2025-03-17,ZWE,0.6012688565779388
2025-03-18,ZWE,0.5441841417599926
2025-03-19,ZWE,0.5228969830711016
2025-03-20,ZWE,0.4821596382487349
2025-03-21,ZWE,0.5204347533860403
2025-03-22,ZWE,0.5029296396459668
2025-03-23,ZWE,0.5358568718163573
2025-03-24,ZWE,0.46343053257658356
2025-03-25,ZWE,0.5029079779379179
2025-03-26,ZWE,0.45625050820975566
2025-03-27,ZWE,0.5759957806222011
2025-03-28,ZWE,0.4674866924934596
2024-07-01,MDG,0.2093476887959507
2024-07-02,MDG,0.5049354614151401
2024-07-03,MDG,0.1782726713117388
2024-07-04,MDG,0.1258936318006921
2024-07-05,MDG,0.23081768427557978
2024-07-06,MDG,0.24635937014367118
2024-07-07,MDG,0.18920583866634158
2024-07-08,MDG,0.1299819784785323
2024-07-09,MDG,0.07783050656198287
2024-07-10,MDG,0.1337207900649962
2024-07-11,MDG,0.08050107889965696
2024-07-12,MDG,0.06683606201908779
2024-07-13,MDG,0.06794998296469318
2024-07-14,MDG,0.18021981353488112
2024-07-15,MDG,0.2030594408972011
2024-07-16,MDG,0.11811968683109585
2024-07-17,MDG,0.14002532770478823
2024-07-18,MDG,0.41992810810553466
2024-07-19,MDG,0.48782292544009803
2024-07-20,MDG,0.42555069627336933
2024-07-21,MDG,0.3747469020594402
2024-07-22,MDG,0.6105865578580194
2024-07-23,MDG,0.4335404645868478
2024-07-24,MDG,0.5333266416790898
2024-07-25,MDG,0.5280004127748107
2024-07-26,MDG,0.31456051685561104
2024-07-27,MDG,0.20366326250285147
2024-07-28,MDG,0.280625198265621
2024-07-29,MDG,0.1493019259949266
2024-07-30,MDG,0.30371613013338017
2024-07-31,MDG,0.1569193865412882
2024-08-01,MDG,0.15904478025504395
2024-08-02,MDG,0.48974274659459094
2024-08-03,MDG,0.43532576166594367
2024-08-04,MDG,0.5230140657021002
2024-08-05,MDG,0.573115273763438
2024-08-06,MDG,0.7225073768755161
2024-08-07,MDG,0.7866319255523764
2024-08-08,MDG,0.36687348039364087
2024-08-09,MDG,0.3094107175132947
2024-08-10,MDG,0.22988985363853143
2024-08-11,MDG,0.15382680132951013
2024-08-12,MDG,0.12494322198060515
2024-08-13,MDG,0.3199998829674162
2024-08-14,MDG,0.0887399445703391
2024-08-15,MDG,0.6325467704965582
2024-08-16,MDG,0.5010790282514527
2024-08-17,MDG,0.15160876017684433
2024-08-18,MDG,0.21211379995402677
2024-08-19,MDG,0.10983951007391783
2024-08-20,MDG,0.2500470205684092
2024-08-21,MDG,0.41361845508185907
2024-08-22,MDG,0.06460819976437976
2024-08-23,MDG,0.21001658603368897
2024-08-24,MDG,0.46178794034464216
2024-08-25,MDG,0.19231597712802004
2024-08-26,MDG,0.08745476906646997
2024-08-27,MDG,0.09571675246862994
2024-08-28,MDG,0.08996155021474192
2024-08-29,MDG,0.12715901286511752
2024-08-30,MDG,0.40226147629209275
2024-08-31,MDG,0.23879695670659326
2024-09-01,MDG,0.4764066319277499
2024-09-02,MDG,0.1928862229234951
2024-09-03,MDG,0.10515479810469838
2024-09-04,MDG,0.4487994052813592
2024-09-05,MDG,0.10520883089901734
2024-09-06,MDG,0.08303961242228665
2024-09-07,MDG,0.11934341385954778
2024-09-08,MDG,0.13376794571069725
2024-09-09,MDG,0.47567161193839325
2024-09-10,MDG,0.23386643002758378
2024-09-11,MDG,0.586294506319847
2024-09-12,MDG,0.7312420874571423
2024-09-13,MDG,0.24611434062706553
2024-09-14,MDG,0.2492005196948497
2024-09-15,MDG,0.3061334571151328
2024-09-16,MDG,0.10247483692090731
2024-09-17,MDG,0.154455056541298
2024-09-18,MDG,0.4856959772271996
2024-09-19,MDG,0.1852327775198225
2024-09-20,MDG,0.15820897607511344
2024-09-21,MDG,0.1389351488601372
2024-09-22,MDG,0.13671464128162414
2024-09-23,MDG,0.2000741329443171
2024-09-24,MDG,0.1623621648015835
2024-09-25,MDG,0.12355765149051233
2024-09-26,MDG,0.13779347111657
2024-09-27,MDG,0.13067347505113
2024-09-28,MDG,0.18819430168120552
2024-09-29,MDG,0.3003118213152855
2024-09-30,MDG,0.31141600017806037
2024-10-01,MDG,0.24236925157188324
2024-10-02,MDG,0.36013052709227117
2024-10-03,MDG,0.267030685906926
2024-10-04,MDG,0.16508642728877945
2024-10-05,MDG,0.3921539946502448
2024-10-06,MDG,0.4095462451179315
2024-10-07,MDG,0.1769680731193935
2024-10-08,MDG,0.16131113315051535
2024-10-09,MDG,0.4283274859078956
2024-10-10,MDG,0.18799556928995384
2024-10-11,MDG,0.1678314214505306
2024-10-12,MDG,0.3901642909218039
2024-10-13,MDG,0.5739284900603416
2024-10-14,MDG,0.18886489504613949
2024-10-15,MDG,0.6452462417314828
2024-10-16,MDG,0.4728879812955821
2024-10-17,MDG,0.2215521439060982
2024-10-18,MDG,0.2261243285609324
2024-10-19,MDG,0.19398190780426383
2024-10-20,MDG,0.08906852695068597
2024-10-21,MDG,0.089621901313267
2024-10-22,MDG,0.1289387073294213
2024-10-23,MDG,0.05359148042388629
2024-10-24,MDG,0.0545699382646504
2024-10-25,MDG,0.07835865945725523
2024-10-26,MDG,0.11711263508574773
2024-10-27,MDG,0.1455332920037581
2024-10-28,MDG,0.14406819729947118
2024-10-29,MDG,0.20286672127212088
2024-10-30,MDG,0.1853993156141782
2024-10-31,MDG,0.14180549362053183
2024-11-01,MDG,0.17576919192204307
2024-11-02,MDG,0.2721275015323531
2024-11-03,MDG,0.4844942832697831
2024-11-04,MDG,0.630332190918775
2024-11-05,MDG,0.2960539546830376
2024-11-06,MDG,0.440122946624069
2024-11-07,MDG,0.389680933550078
2024-11-08,MDG,0.4321240287001087
2024-11-09,MDG,0.31200383220007766
2024-11-10,MDG,0.5995814712985014
2024-11-11,MDG,0.16854862739553406
2024-11-12,MDG,0.13004766016270347
2024-11-13,MDG,0.14167550427858547
2024-11-14,MDG,0.4512896808583583
2024-11-15,MDG,0.12037218932769489
2024-11-16,MDG,0.09375230596366932
2024-11-17,MDG,0.2218253402018228
2024-11-18,MDG,0.4876698049680677
2024-11-19,MDG,0.24621773929397142
2024-11-20,MDG,0.3144706022422202
2024-11-21,MDG,0.07456051475884262
2024-11-22,MDG,0.05258720747750766
2024-11-23,MDG,0.09684292680607685
2024-11-24,MDG,0.07046656688176585
2024-11-25,MDG,0.06845982430856645
2024-11-26,MDG,0.09985711044015275
2024-11-27,MDG,0.08700259027398519
2024-11-28,MDG,0.4025264488248897
2024-11-29,MDG,0.4116127025496384
2024-11-30,MDG,0.5312322901456601
2024-12-01,MDG,0.8573587172819054
2024-12-02,MDG,0.43560839618407154
2024-12-03,MDG,0.43214708571490495
2024-12-04,MDG,0.45063088503857307
2024-12-05,MDG,0.4234368696017407
2024-12-06,MDG,0.44362932904517477
2024-12-07,MDG,0.3913998607890978
2024-12-08,MDG,0.5022555748914552
2024-12-09,MDG,0.3167644657362635
2024-12-10,MDG,0.4873511021679418
2024-12-11,MDG,0.464937806357114
2024-12-12,MDG,0.42968485390145333
2024-12-13,MDG,0.4637988404972086
2024-12-14,MDG,0.342054343399478
2024-12-15,MDG,0.4137310476967379
2024-12-16,MDG,0.3059773043421854
2024-12-17,MDG,0.25368241111682255
2024-12-18,MDG,0.39804065034022645
2024-12-19,MDG,0.29205438355145585
2024-12-20,MDG,0.34193077529176263
2024-12-21,MDG,0.5873735710319751
2024-12-22,MDG,0.1409558969057019
2024-12-23,MDG,0.2348907864764988
2024-12-24,MDG,0.29221308171646015
2024-12-25,MDG,0.1744373333703883
2024-12-26,MDG,0.2956589299514749
2024-12-27,MDG,0.6844448542379566
2024-12-28,MDG,0.1434906840128227
2024-12-29,MDG,0.16149308603366663
2024-12-30,MDG,0.5543712023421002
2024-12-31,MDG,0.4095235490598743
2025-01-01,MDG,0.6971584010761913
2025-01-02,MDG,0.5568574614517953
2025-01-03,MDG,0.5558979541037763
2025-01-04,MDG,0.46813768259142297
2025-01-05,MDG,0.44281513112655096
2025-01-06,MDG,0.5845704161289996
2025-01-07,MDG,0.8563023151915486
2025-01-08,MDG,0.48412349098993007
2025-01-09,MDG,0.7623106777572095
2025-01-10,MDG,0.5755881184315419
2025-01-11,MDG,0.6272163876911744
2025-01-12,MDG,0.5035085963402417
2025-01-13,MDG,0.4500822731978868
2025-01-14,MDG,0.296174720906554
2025-01-15,MDG,0.1367365357546829
2025-01-16,MDG,0.22329338899977902
2025-01-17,MDG,0.13419468909324633
2025-01-18,MDG,0.11272176446564554
2025-01-19,MDG,0.295219412518841
2025-01-20,MDG,0.10308885088775895
2025-01-21,MDG,0.6493998936548603
2025-01-22,MDG,0.3613020414191629
2025-01-23,MDG,0.2667525366211598
2025-01-24,MDG,0.139686912248715
2025-01-25,MDG,0.1274913119644151
2025-01-26,MDG,0.2978218036929788
2025-01-27,MDG,0.16586493738834518
2025-01-28,MDG,0.13791187254053305
2025-01-29,MDG,0.12135489037678777
2025-01-30,MDG,0.14673864163414238
2025-01-31,MDG,0.09396152415794512
2025-02-01,MDG,0.17499459788026525
2025-02-02,MDG,0.2311337730672104
2025-02-03,MDG,0.26826901909141193
2025-02-04,MDG,0.2891610191855952
2025-02-05,MDG,0.2010766087255649
2025-02-06,MDG,0.22111192688886677
2025-02-07,MDG,0.2521288473774788
2025-02-08,MDG,0.32899864265043577
2025-02-09,MDG,0.2897561325006674
2025-02-10,MDG,0.20366549694116032
2025-02-11,MDG,0.4740161343205289
2025-02-12,MDG,0.6007606700661696
2025-02-13,MDG,0.5081875019235962
2025-02-14,MDG,0.44807988454975584
2025-02-15,MDG,0.1448658349538831
2025-02-16,MDG,0.2322612815636494
2025-02-17,MDG,0.37261410290239116
2025-02-18,MDG,0.15548482550723663
2025-02-19,MDG,0.7057901824298908
2025-02-20,MDG,0.2350932460522852
2025-02-21,MDG,0.30545005240910716
2025-02-22,MDG,0.5590323389765292
2025-02-23,MDG,0.5081061636122638
2025-02-24,MDG,0.4993427862762467
2025-02-25,MDG,0.6191499046313063
2025-02-26,MDG,0.40269360291276907
2025-02-27,MDG,0.474208076642801
2025-02-28,MDG,0.1924763453810369
2025-03-01,MDG,0.42114834799403117
2025-03-02,MDG,0.43963860525885445
2025-03-03,MDG,0.4534150715711078
2025-03-04,MDG,0.19850884409830938
2025-03-05,MDG,0.21438463049457238
2025-03-06,MDG,0.2915492775346017
2025-03-07,MDG,0.45010864840982295
2025-03-08,MDG,0.7153130358613843
2025-03-09,MDG,0.5119039134775228
2025-03-10,MDG,0.28010967431117306
2025-03-11,MDG,0.15183307767827348
2025-03-12,MDG,0.14007053420377902
2025-03-13,MDG,0.1727054651583035
2025-03-14,MDG,0.10912269122378995
2025-03-15,MDG,0.2606861505836168
2025-03-16,MDG,0.24502498721783236
2025-03-17,MDG,0.1803080220210168
2025-03-18,MDG,0.44254764812080455
2025-03-19,MDG,0.43115072671208493
2025-03-20,MDG,0.46590919962417404
2025-03-21,MDG,0.47625754534013215
2025-03-22,MDG,0.3359861170261736
2025-03-23,MDG,0.3776297236255774
2025-03-24,MDG,0.358560981958275
2025-03-25,MDG,0.3788488766051528
2025-03-26,MDG,0.2822221123545953
2025-03-27,MDG,0.25248937553034323
2025-03-28,MDG,0.25794025692632927
2024-07-01,AFG,0.30254903028261787
2024-07-02,AFG,0.2842069378318227
2024-07-03,AFG,0.32362091000406457
2024-07-04,AFG,0.3204393995003914
2024-07-05,AFG,0.2834928637004013
2024-07-06,AFG,0.303706228478709
2024-07-07,AFG,0.2546510689845897
2024-07-08,AFG,0.23002123568077518
2024-07-09,AFG,0.33506592354863535
2024-07-10,AFG,0.34153926139904367
2024-07-11,AFG,0.3064426029733728
2024-07-12,AFG,0.26318742385891336
2024-07-13,AFG,0.29624510358684025
2024-07-14,AFG,0.14243987022450288
2024-07-15,AFG,0.2103949831664691
2024-07-16,AFG,0.21672432118906473
2024-07-17,AFG,0.3851162953603995
2024-07-18,AFG,0.19349150837257573
2024-07-19,AFG,0.22403605819679728
2024-07-20,AFG,0.20366595557463543
2024-07-21,AFG,0.3491897311058492
2024-07-22,AFG,0.3175209504558146
2024-07-23,AFG,0.28862526548831585
2024-07-24,AFG,0.2268150420048766
2024-07-25,AFG,0.2772194816305249
2024-07-26,AFG,0.33848790127865985
2024-07-27,AFG,0.3629095117214748
2024-07-28,AFG,0.4493406923571905
2024-07-29,AFG,0.5191601358754426
2024-07-30,AFG,0.36117574511369194
2024-07-31,AFG,0.3334192201923671
2024-08-01,AFG,0.3766333529106304
2024-08-02,AFG,0.25798151082247966
2024-08-03,AFG,0.24361893426432626
2024-08-04,AFG,0.2689444388104377
2024-08-05,AFG,0.2876727740385315
2024-08-06,AFG,0.43079731679840166
2024-08-07,AFG,0.4062578411538955
2024-08-08,AFG,0.2731561551013641
2024-08-09,AFG,0.2871789134159442
2024-08-10,AFG,0.35435528706907043
2024-08-11,AFG,0.42181660866562926
2024-08-12,AFG,0.4433166712370078
2024-08-13,AFG,0.37091693205024145
2024-08-14,AFG,0.6553908189498713
2024-08-15,AFG,0.5187763007386699
2024-08-16,AFG,0.5047164558447994
2024-08-17,AFG,0.34554217962361883
2024-08-18,AFG,0.3618556530911701
2024-08-19,AFG,0.3088034970330827
2024-08-20,AFG,0.2037622899429822
2024-08-21,AFG,0.18343278785103698
2024-08-22,AFG,0.13875645131472156
2024-08-23,AFG,0.12510382985591298
2024-08-24,AFG,0.26724322389988847
2024-08-25,AFG,0.20777927363185075
2024-08-26,AFG,0.33604442994229106
2024-08-27,AFG,0.4263795565044751
2024-08-28,AFG,0.5434302341645795
2024-08-29,AFG,0.3191656945970321
2024-08-30,AFG,0.39541958217732526
2024-08-31,AFG,0.3942262860751582
2024-09-01,AFG,0.45359511968983807
2024-09-02,AFG,0.3881267937567349
2024-09-03,AFG,0.24677666548458535
2024-09-04,AFG,0.3076315645448054
2024-09-05,AFG,0.40410831868865577
2024-09-06,AFG,0.43020872647494257
2024-09-07,AFG,0.3153297835352514
2024-09-08,AFG,0.3138216544304887
2024-09-09,AFG,0.09095089487606783
2024-09-10,AFG,0.11152160053242434
2024-09-11,AFG,0.08199860567073763
2024-09-12,AFG,0.12907230270594494
2024-09-13,AFG,0.11795719578178712
2024-09-14,AFG,0.12581115811561538
2024-09-15,AFG,0.14081769060341087
2024-09-16,AFG,0.4622103069244623
2024-09-17,AFG,0.4937657786725761
2024-09-18,AFG,0.40501346612521133
2024-09-19,AFG,0.11198628982401677
2024-09-20,AFG,0.10650862333416554
2024-09-21,AFG,0.08225452687004917
2024-09-22,AFG,0.10183019203723317
2024-09-23,AFG,0.1116521693646844
2024-09-24,AFG,0.09073694045936365
2024-09-25,AFG,0.08303745905566676
2024-09-26,AFG,0.30153179292342186
2024-09-27,AFG,0.2514663836398806
2024-09-28,AFG,0.21089756483526526
2024-09-29,AFG,0.13351480956607348
2024-09-30,AFG,0.22267520497254203
2024-10-01,AFG,0.3043400746924442
2024-10-02,AFG,0.2985156842213658
2024-10-03,AFG,0.34140746031600366
2024-10-04,AFG,0.3716623911042837
2024-10-05,AFG,0.3302086207579012
2024-10-06,AFG,0.3830088702910544
2024-10-07,AFG,0.3591422416601667
2024-10-08,AFG,0.32392502428740927
2024-10-09,AFG,0.3098874267676745
2024-10-10,AFG,0.36517243884228434
2024-10-11,AFG,0.21406158566372274
2024-10-12,AFG,0.26370765439316673
2024-10-13,AFG,0.2891314634477182
2024-10-14,AFG,0.3692545228744892
2024-10-15,AFG,0.2841306455015694
2024-10-16,AFG,0.2831827416103451
2024-10-17,AFG,0.3244455254049149
2024-10-18,AFG,0.443770338480786
2024-10-19,AFG,0.4626738486224536
2024-10-20,AFG,0.4518819844754819
2024-10-21,AFG,0.4451614717766591
2024-10-22,AFG,0.5789313126523039
2024-10-23,AFG,0.4098250521017605
2024-10-24,AFG,0.3314602133924876
2024-10-25,AFG,0.33204144377681366
2024-10-26,AFG,0.18494040060619926
2024-10-27,AFG,0.16470705867855082
2024-10-28,AFG,0.1386785825287546
2024-10-29,AFG,0.09372957559234159
2024-10-30,AFG,0.10670408323848869
2024-10-31,AFG,0.16625012237876008
2024-11-01,AFG,0.19979022379342468
2024-11-02,AFG,0.2535538453775279
2024-11-03,AFG,0.22827986649090262
2024-11-04,AFG,0.35759994958701957
2024-11-05,AFG,0.3760444609991797
2024-11-06,AFG,0.44401916990011764
2024-11-07,AFG,0.38802503126313337
2024-11-08,AFG,0.4778868535889808
2024-11-09,AFG,0.35802343872479436
2024-11-10,AFG,0.40873438241356913
2024-11-11,AFG,0.4683748203927959
2024-11-12,AFG,0.19461054095704433
2024-11-13,AFG,0.42737039511070424
2024-11-14,AFG,0.3045301477560196
2024-11-15,AFG,0.22638136002084525
2024-11-16,AFG,0.2603654164173879
2024-11-17,AFG,0.32236034186769696
2024-11-18,AFG,0.21816361221050445
2024-11-19,AFG,0.47036032622127183
2024-11-20,AFG,0.39591926469812144
2024-11-21,AFG,0.41996783815140604
2024-11-22,AFG,0.3703517452116784
2024-11-23,AFG,0.3919963202436575
2024-11-24,AFG,0.34710586867127574
2024-11-25,AFG,0.36531290938515615
2024-11-26,AFG,0.34540557677892536
2024-11-27,AFG,0.35625407849114177
2024-11-28,AFG,0.14499384330399465
2024-11-29,AFG,0.1880554884753282
2024-11-30,AFG,0.248417164597175
2024-12-01,AFG,0.25063462000080977
2024-12-02,AFG,0.27138027986279856
2024-12-03,AFG,0.3091969787450495
2024-12-04,AFG,0.2625477983368296
2024-12-05,AFG,0.528750783911126
2024-12-06,AFG,0.5256515694675825
2024-12-07,AFG,0.6152477499215486
2024-12-08,AFG,0.5169760118374548
2024-12-09,AFG,0.529019545479048
2024-12-10,AFG,0.3831527337335252
2024-12-11,AFG,0.4602580816060534
2024-12-12,AFG,0.43290994100102825
2024-12-13,AFG,0.4511151733764534
2024-12-14,AFG,0.3772785656349704
2024-12-15,AFG,0.346065099310952
2024-12-16,AFG,0.29994304195016996
2024-12-17,AFG,0.4028738978939491
2024-12-18,AFG,0.24186206424600776
2024-12-19,AFG,0.3122091925979009
2024-12-20,AFG,0.2701491415294781
2024-12-21,AFG,0.2090663094777296
2024-12-22,AFG,0.5672752018837727
2024-12-23,AFG,0.3705378327475488
2024-12-24,AFG,0.4455376513141605
2024-12-25,AFG,0.6413523894440051
2024-12-26,AFG,0.4897752454315805
2024-12-27,AFG,0.5099896770622147
2024-12-28,AFG,0.4460611279206229
2024-12-29,AFG,0.4475971844999618
2024-12-30,AFG,0.42830022667303574
2024-12-31,AFG,0.10184547569271779
2025-01-01,AFG,0.09397030040302386
2025-01-02,AFG,0.1319759320603849
2025-01-03,AFG,0.07524169855969627
2025-01-04,AFG,0.12615503475664555
2025-01-05,AFG,0.1472954747843976
2025-01-06,AFG,0.13403429327072786
2025-01-07,AFG,0.21400065618764125
2025-01-08,AFG,0.12336221939910239
2025-01-09,AFG,0.11709018677461408
2025-01-10,AFG,0.14887387864339377
2025-01-11,AFG,0.4240096943437826
2025-01-12,AFG,0.4539368600240023
2025-01-13,AFG,0.4440238673761865
2025-01-14,AFG,0.41007865466763144
2025-01-15,AFG,0.4285933495342053
2025-01-16,AFG,0.4461759791258481
2025-01-17,AFG,0.3416256441796655
2025-01-18,AFG,0.43012788847058003
2025-01-19,AFG,0.3895864648390964
2025-01-20,AFG,0.419988852475251
2025-01-21,AFG,0.49634655633883945
2025-01-22,AFG,0.5717718300450628
2025-01-23,AFG,0.4466217432404891
2025-01-24,AFG,0.42789928022173673
2025-01-25,AFG,0.3378194504969633
2025-01-26,AFG,0.35384918208244626
2025-01-27,AFG,0.3895425470389246
2025-01-28,AFG,0.32315158202912786
2025-01-29,AFG,0.35862156857659944
2025-01-30,AFG,0.3318650244779772
2025-01-31,AFG,0.3410263267663836
2025-02-01,AFG,0.3278395943436237
2025-02-02,AFG,0.2929852744149615
2025-02-03,AFG,0.2837971008707144
2025-02-04,AFG,0.2976201024017264
2025-02-05,AFG,0.32130185435911846
2025-02-06,AFG,0.44024088496624025
2025-02-07,AFG,0.38909542087827587
2025-02-08,AFG,0.3736713123938313
2025-02-09,AFG,0.3683148994311595
2025-02-10,AFG,0.36584778120371425
2025-02-11,AFG,0.3710993857061991
2025-02-12,AFG,0.4305536486466694
2025-02-13,AFG,0.41972761499330136
2025-02-14,AFG,0.3963058898203837
2025-02-15,AFG,0.38911294875757024
2025-02-16,AFG,0.42476646945276864
2025-02-17,AFG,0.4589240308577371
2025-02-18,AFG,0.1814898073798697
2025-02-19,AFG,0.11691344517080067
2025-02-20,AFG,0.09610005425800706
2025-02-21,AFG,0.07993140828714289
2025-02-22,AFG,0.07395902470070999
2025-02-23,AFG,0.10285402374370677
2025-02-24,AFG,0.09596915441111817
2025-02-25,AFG,0.18461214978733878
2025-02-26,AFG,0.15380033205539767
2025-02-27,AFG,0.1738102562001614
2025-02-28,AFG,0.169257050478912
2025-03-01,AFG,0.26039801215817104
2025-03-02,AFG,0.39325814342707366
2025-03-03,AFG,0.38157448930135773
2025-03-04,AFG,0.39938246620383205
2025-03-05,AFG,0.424013236650338
2025-03-06,AFG,0.4343869429665606
2025-03-07,AFG,0.41579706206336514
2025-03-08,AFG,0.4341484788596421
2025-03-09,AFG,0.40945785187463063
2025-03-10,AFG,0.42765859617354135
2025-03-11,AFG,0.5211992639053099
2025-03-12,AFG,0.5083610950024429
2025-03-13,AFG,0.3936892479846083
2025-03-14,AFG,0.3555958895769115
2025-03-15,AFG,0.39941222633881507
2025-03-16,AFG,0.4480471144613937
2025-03-17,AFG,0.4894089891078586
2025-03-18,AFG,0.5333264480312402
2025-03-19,AFG,0.4663852925702029
2025-03-20,AFG,0.5875871275979185
2025-03-21,AFG,0.49245290805671693
2025-03-22,AFG,0.7087932496880356
2025-03-23,AFG,0.4051813637141695
2025-03-24,AFG,0.3301113049779915
2025-03-25,AFG,0.33954229010327086
2025-03-26,AFG,0.4211890925453627
2025-03-27,AFG,0.37234105907251663
2025-03-28,AFG,0.30858236098790587
2024-07-01,PAK,0.2715996542583915
2024-07-02,PAK,0.25039904143419023
2024-07-03,PAK,0.26438063955500524
2024-07-04,PAK,0.2472379817243248
2024-07-05,PAK,0.2717249202613787
2024-07-06,PAK,0.5989935004318764
2024-07-07,PAK,0.3306304793074413
2024-07-08,PAK,0.2241974052374585
2024-07-09,PAK,0.14772382064027795
2024-07-10,PAK,0.20131329479076154
2024-07-11,PAK,0.19092301333847483
2024-07-12,PAK,0.16780784010146735
2024-07-13,PAK,0.08168768329168796
2024-07-14,PAK,0.23634324669157444
2024-07-15,PAK,0.7736565586414619
2024-07-16,PAK,0.39492691065851243
2024-07-17,PAK,0.05909537625003445
2024-07-18,PAK,0.062154252030951325
2024-07-19,PAK,0.16620893049499605
2024-07-20,PAK,0.11043673704196683
2024-07-21,PAK,0.13489672904976427
2024-07-22,PAK,0.03334035099717464
2024-07-23,PAK,0.04569795126489346
2024-07-24,PAK,0.16167606875250792
2024-07-25,PAK,0.06736300998498031
2024-07-26,PAK,0.052814598941146075
2024-07-27,PAK,0.16140718785891964
2024-07-28,PAK,0.25860685563910074
2024-07-29,PAK,0.4402465439739209
2024-07-30,PAK,0.31002020124913954
2024-07-31,PAK,0.21005161251792373
2024-08-01,PAK,0.20502530133548774
2024-08-02,PAK,0.09764295632255
2024-08-03,PAK,0.23930961487598976
2024-08-04,PAK,0.06068535185225209
2024-08-05,PAK,0.14345174971357705
2024-08-06,PAK,0.0673604769167386
2024-08-07,PAK,0.041200339079714654
2024-08-08,PAK,0.04592369700795577
2024-08-09,PAK,0.16157327654483405
2024-08-10,PAK,0.11558519554646045
2024-08-11,PAK,0.47779337101950986
2024-08-12,PAK,0.6907768467128984
2024-08-13,PAK,0.6848359087566642
2024-08-14,PAK,0.7942658701638705
2024-08-15,PAK,0.7818698342940371
2024-08-16,PAK,0.43019983786054933
2024-08-17,PAK,0.11112592682520996
2024-08-18,PAK,0.12907728214947076
2024-08-19,PAK,0.39674168601778764
2024-08-20,PAK,0.15637620176640188
2024-08-21,PAK,0.07537236499658617
2024-08-22,PAK,0.13053898893439472
2024-08-23,PAK,0.8006798380087211
2024-08-24,PAK,0.13841984293230067
2024-08-25,PAK,0.37221660536287887
2024-08-26,PAK,0.6911390899075233
2024-08-27,PAK,0.49804849341235563
2024-08-28,PAK,0.32281433587071984
2024-08-29,PAK,0.4175535543677255
2024-08-30,PAK,0.1325311640468267
2024-08-31,PAK,0.06411782456362226
2024-09-01,PAK,0.05158240811969372
2024-09-02,PAK,0.06340601371060069
2024-09-03,PAK,0.05621048913908723
2024-09-04,PAK,0.032447078019987946
2024-09-05,PAK,0.03401085109615294
2024-09-06,PAK,0.06381701005891022
2024-09-07,PAK,0.11171318026776382
2024-09-08,PAK,0.1022750522915593
2024-09-09,PAK,0.4816613664704281
2024-09-10,PAK,0.23870462179068125
2024-09-11,PAK,0.6680451514586556
2024-09-12,PAK,0.3730589629457986
2024-09-13,PAK,0.43749240985760096
2024-09-14,PAK,0.4997937379026815
2024-09-15,PAK,0.3714350780224476
2024-09-16,PAK,0.3770272244363339
2024-09-17,PAK,0.27660262253649537
2024-09-18,PAK,0.4791916187237709
2024-09-19,PAK,0.5101524996105371
2024-09-20,PAK,0.45996109342676805
2024-09-21,PAK,0.30490995273874055
2024-09-22,PAK,0.3809939938227085
2024-09-23,PAK,0.5939384711401419
2024-09-24,PAK,0.7962355349439098
2024-09-25,PAK,0.7481400567360692
2024-09-26,PAK,0.14996370906685882
2024-09-27,PAK,0.32308601346413107
2024-09-28,PAK,0.3863518039387887
2024-09-29,PAK,0.3834615501729032
2024-09-30,PAK,0.1309827885500073
2024-10-01,PAK,0.07742477437306176
2024-10-02,PAK,0.09918414185167512
2024-10-03,PAK,0.12562363049690106
2024-10-04,PAK,0.08503652122981971
2024-10-05,PAK,0.7007988683939932
2024-10-06,PAK,0.3896502352873898
2024-10-07,PAK,0.5708855920583664
2024-10-08,PAK,0.2775249160593428
2024-10-09,PAK,0.5530137547265331
2024-10-10,PAK,0.6216384251310745
2024-10-11,PAK,0.7647221495578719
2024-10-12,PAK,0.5968871134037746
2024-10-13,PAK,0.32824065166951877
2024-10-14,PAK,0.30749156465743166
2024-10-15,PAK,0.2533391116122752
2024-10-16,PAK,0.35360543305160624
2024-10-17,PAK,0.13136049485403836
2024-10-18,PAK,0.09186257143088764
2024-10-19,PAK,0.10284658639413223
2024-10-20,PAK,0.07518280043483126
2024-10-21,PAK,0.07231584770009
2024-10-22,PAK,0.11442148171145108
2024-10-23,PAK,0.20333771701554496
2024-10-24,PAK,0.38047973566312626
2024-10-25,PAK,0.5357109274435996
2024-10-26,PAK,0.5761460795767279
2024-10-27,PAK,0.23658375276069957
2024-10-28,PAK,0.39353576801762696
2024-10-29,PAK,0.3767356308568806
2024-10-30,PAK,0.34838700359818453
2024-10-31,PAK,0.15433976469364982
2024-11-01,PAK,0.3510317316780725
2024-11-02,PAK,0.42757800876547
2024-11-03,PAK,0.4050904963480374
2024-11-04,PAK,0.17620588840707155
2024-11-05,PAK,0.06248119518044559
2024-11-06,PAK,0.30456385166721966
2024-11-07,PAK,0.46811416492189195
2024-11-08,PAK,0.28543160311659715
2024-11-09,PAK,0.7921962623884716
2024-11-10,PAK,0.2645729391630602
2024-11-11,PAK,0.3333282237121254
2024-11-12,PAK,0.3134431997176632
2024-11-13,PAK,0.49648150087982384
2024-11-14,PAK,0.486379564930779
2024-11-15,PAK,0.5243956390290394
2024-11-16,PAK,0.3076507357311938
2024-11-17,PAK,0.24608448619516532
2024-11-18,PAK,0.4753852950774703
2024-11-19,PAK,0.5629925820692908
2024-11-20,PAK,0.10582520463032002
2024-11-21,PAK,0.6077107171268084
2024-11-22,PAK,0.2901087691734146
2024-11-23,PAK,0.4710253612582545
2024-11-24,PAK,0.4675319985449958
2024-11-25,PAK,0.12294216304711732
2024-11-26,PAK,0.179451022231933
2024-11-27,PAK,0.22562514613635085
2024-11-28,PAK,0.05857654505983571
2024-11-29,PAK,0.03452226183585747
2024-11-30,PAK,0.027642345969521257
2024-12-01,PAK,0.10359791684907382
2024-12-02,PAK,0.020349253145856547
2024-12-03,PAK,0.0428017501574396
2024-12-04,PAK,0.035250641881296924
2024-12-05,PAK,0.23199196587906015
2024-12-06,PAK,0.21762237341301988
2024-12-07,PAK,0.570558687444606
2024-12-08,PAK,0.1867275870932257
2024-12-09,PAK,0.09517934854156415
2024-12-10,PAK,0.5935771241408371
2024-12-11,PAK,0.2542042679370637
2024-12-12,PAK,0.4743715080891241
2024-12-13,PAK,0.4699539070318199
2024-12-14,PAK,0.23144789853652253
2024-12-15,PAK,0.1728159239735287
2024-12-16,PAK,0.2384766756073814
2024-12-17,PAK,0.10548044029728261
2024-12-18,PAK,0.2467694342174134
2024-12-19,PAK,0.09945864558670221
2024-12-20,PAK,0.683046472068074
2024-12-21,PAK,0.2880924322189085
2024-12-22,PAK,0.14522045104948922
2024-12-23,PAK,0.22713428111854495
2024-12-24,PAK,0.26966720592251725
2024-12-25,PAK,0.5665525983469568
2024-12-26,PAK,0.41644857619392117
2024-12-27,PAK,0.10409473291216123
2024-12-28,PAK,0.3178318677726696
2024-12-29,PAK,0.25784212965888953
2024-12-30,PAK,0.2935219560697353
2024-12-31,PAK,0.17731212782691338
2025-01-01,PAK,0.16584649261011258
2025-01-02,PAK,0.12893925974935577
2025-01-03,PAK,0.23021559632819696
2025-01-04,PAK,0.22874029973993246
2025-01-05,PAK,0.22619956361078988
2025-01-06,PAK,0.22839596968496897
2025-01-07,PAK,0.1794281787173676
2025-01-08,PAK,0.4872922113006102
2025-01-09,PAK,0.21287908306143138
2025-01-10,PAK,0.35935111903065003
2025-01-11,PAK,0.6618213864513236
2025-01-12,PAK,0.5864980463074382
2025-01-13,PAK,0.6376702373733522
2025-01-14,PAK,0.335011982907486
2025-01-15,PAK,0.21533301492964627
2025-01-16,PAK,0.520988766033813
2025-01-17,PAK,0.42690330782266844
2025-01-18,PAK,0.39256921195878614
2025-01-19,PAK,0.07690375966700606
2025-01-20,PAK,0.09781455791408551
2025-01-21,PAK,0.19711789635925286
2025-01-22,PAK,0.08383560076428273
2025-01-23,PAK,0.14748921969193218
2025-01-24,PAK,0.08455357940532458
2025-01-25,PAK,0.2326916661094806
2025-01-26,PAK,0.27001782308115274
2025-01-27,PAK,0.2859391034855311
2025-01-28,PAK,0.20258700079187927
2025-01-29,PAK,0.3067417807051908
2025-01-30,PAK,0.5374500318148775
2025-01-31,PAK,0.7840498215552816
2025-02-01,PAK,0.4796406026944343
2025-02-02,PAK,0.4728477520528369
2025-02-03,PAK,0.30433839638888033
2025-02-04,PAK,0.2444484005940192
2025-02-05,PAK,0.4626185495378826
2025-02-06,PAK,0.05786273547985274
2025-02-07,PAK,0.24332563778242722
2025-02-08,PAK,0.23660473685375255
2025-02-09,PAK,0.21319138417772615
2025-02-10,PAK,0.2896262209558554
2025-02-11,PAK,0.08639709147245807
2025-02-12,PAK,0.20515214091407918
2025-02-13,PAK,0.286408059165743
2025-02-14,PAK,0.314582153561212
2025-02-15,PAK,0.639832780199624
2025-02-16,PAK,0.1163795435031715
2025-02-17,PAK,0.6201276289687566
2025-02-18,PAK,0.6971628537403657
2025-02-19,PAK,0.24706501760852542
2025-02-20,PAK,0.17303626939636557
2025-02-21,PAK,0.10700148793348782
2025-02-22,PAK,0.19034516735460102
2025-02-23,PAK,0.7865907147832163
2025-02-24,PAK,0.46951010008032995
2025-02-25,PAK,0.10685860459765745
2025-02-26,PAK,0.1500794682159214
2025-02-27,PAK,0.07857432061349277
2025-02-28,PAK,0.25418635855728655
2025-03-01,PAK,0.4152120506226131
2025-03-02,PAK,0.11759038762330967
2025-03-03,PAK,0.42639778807184125
2025-03-04,PAK,0.750125444614193
2025-03-05,PAK,0.35649734377071923
2025-03-06,PAK,0.31211936207867147
2025-03-07,PAK,0.2292760031613131
2025-03-08,PAK,0.06466969887431728
2025-03-09,PAK,0.3343069723384706
2025-03-10,PAK,0.08031361042703841
2025-03-11,PAK,0.8102668531268429
2025-03-12,PAK,0.5460549792104469
2025-03-13,PAK,0.2106841400441494
2025-03-14,PAK,0.21182863078113223
2025-03-15,PAK,0.6369529360344105
2025-03-16,PAK,0.3700015966362855
2025-03-17,PAK,0.3683953024769268
2025-03-18,PAK,0.18206430250796518
2025-03-19,PAK,0.17134681155461884
2025-03-20,PAK,0.07650941342293446
2025-03-21,PAK,0.19352008197908324
2025-03-22,PAK,0.21177512387445585
2025-03-23,PAK,0.44696159420682263
2025-03-24,PAK,0.03429124700362145
2025-03-25,PAK,0.15240984463847254
2025-03-26,PAK,0.18754381079511454
2025-03-27,PAK,0.6466072883171435
2025-03-28,PAK,0.37948719105079665
2024-07-01,IND,0.235498468922985
2024-07-02,IND,0.3273113373585484
2024-07-03,IND,0.13685734175691913
2024-07-04,IND,0.0961993994922425
2024-07-05,IND,0.31985501223720586
2024-07-06,IND,0.34430651688036296
2024-07-07,IND,0.2176017765098705
2024-07-08,IND,0.38923161789112815
2024-07-09,IND,0.20022697472480658
2024-07-10,IND,0.3002911791822904
2024-07-11,IND,0.12600621991893665
2024-07-12,IND,0.08837323154697425
2024-07-13,IND,0.11827518996997972
2024-07-14,IND,0.21571776437200246
2024-07-15,IND,0.09823555294382728
2024-07-16,IND,0.06591948462278718
2024-07-17,IND,0.15333324065985457
2024-07-18,IND,0.1320436012440327
2024-07-19,IND,0.15727986061877097
2024-07-20,IND,0.2150253967179278
2024-07-21,IND,0.10213019975775851
2024-07-22,IND,0.14096993959455406
2024-07-23,IND,0.17901703253866322
2024-07-24,IND,0.07783464136975314
2024-07-25,IND,0.038164959470450566
2024-07-26,IND,0.047113352885851396
2024-07-27,IND,0.036534333498093645
2024-07-28,IND,0.0972455272887347
2024-07-29,IND,0.10644304544787915
2024-07-30,IND,0.12669078638940642
2024-07-31,IND,0.22446815584090601
2024-08-01,IND,0.4595692401298896
2024-08-02,IND,0.4429578258872966
2024-08-03,IND,0.20497213493283223
2024-08-04,IND,0.5370001061432775
2024-08-05,IND,0.25325403535278085
2024-08-06,IND,0.13537053606712302
2024-08-07,IND,0.3524506891584726
2024-08-08,IND,0.35480114796290374
2024-08-09,IND,0.15839388328771814
2024-08-10,IND,0.3021226673337948
2024-08-11,IND,0.2705968630906083
2024-08-12,IND,0.5348466774036129
2024-08-13,IND,0.6171533652576605
2024-08-14,IND,0.579055377080723
2024-08-15,IND,0.574164582196476
2024-08-16,IND,0.2825213017163844
2024-08-17,IND,0.2163370092076715
2024-08-18,IND,0.24361159929173234
2024-08-19,IND,0.1570446494730936
2024-08-20,IND,0.18225159161301882
2024-08-21,IND,0.086659240532383
2024-08-22,IND,0.11974161995105938
2024-08-23,IND,0.16587351807902076
2024-08-24,IND,0.43974248114157005
2024-08-25,IND,0.39776427217528304
2024-08-26,IND,0.5711285394351139
2024-08-27,IND,0.48219591299191156
2024-08-28,IND,0.43347133261083615
2024-08-29,IND,0.6495706383533613
2024-08-30,IND,0.5758899434817167
2024-08-31,IND,0.3250394506004333
2024-09-01,IND,0.6437259338977412
2024-09-02,IND,0.5070506488811933
2024-09-03,IND,0.8284289186616344
2024-09-04,IND,0.7007506824146447
2024-09-05,IND,0.559181402085031
2024-09-06,IND,0.30440165617468495
2024-09-07,IND,0.5803625440251003
2024-09-08,IND,0.3965582325517957
2024-09-09,IND,0.374691132812137
2024-09-10,IND,0.1015390522267987
2024-09-11,IND,0.1406360565948666
2024-09-12,IND,0.0832818072017446
2024-09-13,IND,0.11679097005089834
2024-09-14,IND,0.142154932909358
2024-09-15,IND,0.07984469121583919
2024-09-16,IND,0.0649826034402364
2024-09-17,IND,0.1399786107848951
2024-09-18,IND,0.06207868472273484
2024-09-19,IND,0.19077926114765797
2024-09-20,IND,0.14751810749603678
2024-09-21,IND,0.18310534525974992
2024-09-22,IND,0.43676608816681184
2024-09-23,IND,0.37201482168311095
2024-09-24,IND,0.203069488551798
2024-09-25,IND,0.49275719983771954
2024-09-26,IND,0.39338462847545214
2024-09-27,IND,0.4749179028570161
2024-09-28,IND,0.6338401591291654
2024-09-29,IND,0.4732503255776773
2024-09-30,IND,0.3198590042926547
2024-10-01,IND,0.6034934795142022
2024-10-02,IND,0.5634687061146483
2024-10-03,IND,0.1536436451417668
2024-10-04,IND,0.9361561038348791
2024-10-05,IND,0.6572102509292599
2024-10-06,IND,0.4412995564434698
2024-10-07,IND,0.5183034171818961
2024-10-08,IND,0.3908223988317407
2024-10-09,IND,0.23549432231373563
2024-10-10,IND,0.30928717735832006
2024-10-11,IND,0.04108985866744222
2024-10-12,IND,0.05011424765627207
2024-10-13,IND,0.04184229559778381
2024-10-14,IND,0.03275380635341542
2024-10-15,IND,0.029906577723371627
2024-10-16,IND,0.018496638252167588
2024-10-17,IND,0.022140859944608977
2024-10-18,IND,0.37342879351534675
2024-10-19,IND,0.3963715728210897
2024-10-20,IND,0.4737839246228584
2024-10-21,IND,0.4529700642305791
2024-10-22,IND,0.26994251968977284
2024-10-23,IND,0.29101417935271895
2024-10-24,IND,0.5758344328943836
2024-10-25,IND,0.5971300304204704
2024-10-26,IND,0.2842388316536554
2024-10-27,IND,0.11337900828542859
2024-10-28,IND,0.08375309659406868
2024-10-29,IND,0.09400717843062095
2024-10-30,IND,0.12000406293437699
2024-10-31,IND,0.12245801336062907
2024-11-01,IND,0.05116555564702888
2024-11-02,IND,0.16948280105858848
2024-11-03,IND,0.15264046117277538
2024-11-04,IND,0.3774303042922326
2024-11-05,IND,0.2515443971403514
2024-11-06,IND,0.2134844767807181
2024-11-07,IND,0.47046129693359195
2024-11-08,IND,0.5537825421068183
2024-11-09,IND,0.5502941468955387
2024-11-10,IND,0.579289908253346
2024-11-11,IND,0.61527097461272
2024-11-12,IND,0.5367762133184494
2024-11-13,IND,0.5931927072880148
2024-11-14,IND,0.5643146287967701
2024-11-15,IND,0.42030848451366104
2024-11-16,IND,0.35517829254937516
2024-11-17,IND,0.3638941960671398
2024-11-18,IND,0.09185962416181884
2024-11-19,IND,0.10035669899087758
2024-11-20,IND,0.08108500201755842
2024-11-21,IND,0.125076842363658
2024-11-22,IND,0.14971220913202538
2024-11-23,IND,0.1057805420512309
2024-11-24,IND,0.08489959006023284
2024-11-25,IND,0.21262241062864834
2024-11-26,IND,0.23039173797795565
2024-11-27,IND,0.23182831780818147
2024-11-28,IND,0.16935200199788944
2024-11-29,IND,0.12550096117947485
2024-11-30,IND,0.15321249954912264
2024-12-01,IND,0.4966017576753151
2024-12-02,IND,0.19128419048711115
2024-12-03,IND,0.09205889179842701
2024-12-04,IND,0.26329907022652604
2024-12-05,IND,0.09270314535558999
2024-12-06,IND,0.4044194993651594
2024-12-07,IND,0.34022186549866984
2024-12-08,IND,0.14959822961678476
2024-12-09,IND,0.2505392765877933
2024-12-10,IND,0.1752411834122651
2024-12-11,IND,0.1990317709186303
2024-12-12,IND,0.5163897574114825
2024-12-13,IND,0.26334194071641565
2024-12-14,IND,0.24531430771698012
2024-12-15,IND,0.5131482379699156
2024-12-16,IND,0.4863967663788231
2024-12-17,IND,0.4803271439521562
2024-12-18,IND,0.35395091794512096
2024-12-19,IND,0.2544011637872207
2024-12-20,IND,0.23259034822014601
2024-12-21,IND,0.15868463749649125
2024-12-22,IND,0.12174673560047214
2024-12-23,IND,0.3102048727634116
2024-12-24,IND,0.08838610271608766
2024-12-25,IND,0.12560819174502388
2024-12-26,IND,0.23589847715017867
2024-12-27,IND,0.17654716333999562
2024-12-28,IND,0.21378451829847092
2024-12-29,IND,0.1449141956597211
2024-12-30,IND,0.23734317266371785
2024-12-31,IND,0.13012635299771663
2025-01-01,IND,0.12029138076805138
2025-01-02,IND,0.15105117207775928
2025-01-03,IND,0.31306098425864526
2025-01-04,IND,0.4269400113408315
2025-01-05,IND,0.22880175666006614
2025-01-06,IND,0.5926014315724132
2025-01-07,IND,0.5804459124369175
2025-01-08,IND,0.3974614973585603
2025-01-09,IND,0.5077767975319938
2025-01-10,IND,0.5764947341870456
2025-01-11,IND,0.3311784365122515
2025-01-12,IND,0.41004656095754344
2025-01-13,IND,0.19280279128205124
2025-01-14,IND,0.16682090237434347
2025-01-15,IND,0.14448429989505707
2025-01-16,IND,0.10758808563664984
2025-01-17,IND,0.6030454592729858
2025-01-18,IND,0.27132090347898613
2025-01-19,IND,0.05662540525375316
2025-01-20,IND,0.8074372264731244
2025-01-21,IND,0.45193879168608003
2025-01-22,IND,0.4317809369131314
2025-01-23,IND,0.08569490920072911
2025-01-24,IND,0.1043381484237329
2025-01-25,IND,0.06934900488632838
2025-01-26,IND,0.15646385782503544
2025-01-27,IND,0.08000164589640908
2025-01-28,IND,0.06081735239672429
2025-01-29,IND,0.0771845189506444
2025-01-30,IND,0.08324355014288896
2025-01-31,IND,0.07405871967898148
2025-02-01,IND,0.5314359195624074
2025-02-02,IND,0.15214301494401486
2025-02-03,IND,0.3415485746204383
2025-02-04,IND,0.38731303488866364
2025-02-05,IND,0.34280903234741
2025-02-06,IND,0.3360944109120712
2025-02-07,IND,0.3000165815187888
2025-02-08,IND,0.14066549737078313
2025-02-09,IND,0.7303057118945817
2025-02-10,IND,0.1582497365583388
2025-02-11,IND,0.13886407212876323
2025-02-12,IND,0.1174553938852903
2025-02-13,IND,0.15046512768214118
2025-02-14,IND,0.16449688870339885
2025-02-15,IND,0.18724483143311327
2025-02-16,IND,0.04526794588280554
2025-02-17,IND,0.024488068782211693
2025-02-18,IND,0.026017745541889698
2025-02-19,IND,0.05287960492928968
2025-02-20,IND,0.015910025221513753
2025-02-21,IND,0.04532899328507818
2025-02-22,IND,0.023772875590966993
2025-02-23,IND,0.1489722905464197
2025-02-24,IND,0.16824010845101456
2025-02-25,IND,0.18709286402687164
2025-02-26,IND,0.18332406299169343
2025-02-27,IND,0.21744808457552592
2025-02-28,IND,0.15104903995560467
2025-03-01,IND,0.2099905104426471
2025-03-02,IND,0.4549494504185583
2025-03-03,IND,0.28909811543038033
2025-03-04,IND,0.3348209238854615
2025-03-05,IND,0.4435882155891609
2025-03-06,IND,0.24020033789407688
2025-03-07,IND,0.3593578397873949
2025-03-08,IND,0.5154542531787619
2025-03-09,IND,0.493679844918963
2025-03-10,IND,0.3157118608330753
2025-03-11,IND,0.3162446888152807
2025-03-12,IND,0.3575030094392418
2025-03-13,IND,0.23236597926277755
2025-03-14,IND,0.5469400165042743
2025-03-15,IND,0.26204024367785844
2025-03-16,IND,0.1694507682541369
2025-03-17,IND,0.4330385584440956
2025-03-18,IND,0.23191882497583233
2025-03-19,IND,0.1525861447949232
2025-03-20,IND,0.9278758481106033
2025-03-21,IND,0.3426367988671579
2025-03-22,IND,0.5141007569074988
2025-03-23,IND,0.5337199197803085
2025-03-24,IND,0.5177098273296671
2025-03-25,IND,0.6195700247547153
2025-03-26,IND,0.31319605413976137
2025-03-27,IND,0.04037147781185795
2025-03-28,IND,0.03339511096004399
2024-07-01,BGD,0.17155084192001055
2024-07-02,BGD,0.46857677992393476
2024-07-03,BGD,0.14562414617702021
2024-07-04,BGD,0.10527256087816192
2024-07-05,BGD,0.07976647213339874
2024-07-06,BGD,0.10623436757383109
2024-07-07,BGD,0.22925534800330455
2024-07-08,BGD,0.1285432119384629
2024-07-09,BGD,0.1197714232887199
2024-07-10,BGD,0.08648207892258808
2024-07-11,BGD,0.2854894796022794
2024-07-12,BGD,0.14740859139840906
2024-07-13,BGD,0.1762078088098221
2024-07-14,BGD,0.24748179287064492
2024-07-15,BGD,0.12774930978550816
2024-07-16,BGD,0.1814484407751289
2024-07-17,BGD,0.07433846342338425
2024-07-18,BGD,0.056321366734963275
2024-07-19,BGD,0.46592553992807695
2024-07-20,BGD,0.1412312316793942
2024-07-21,BGD,0.2562731595887512
2024-07-22,BGD,0.5814249182375408
2024-07-23,BGD,0.586885304333478
2024-07-24,BGD,0.7216393244755115
2024-07-25,BGD,0.6014720069491961
2024-07-26,BGD,0.5353973135616125
2024-07-27,BGD,0.6105323111395645
2024-07-28,BGD,0.44795614616481394
2024-07-29,BGD,0.5675044235480973
2024-07-30,BGD,0.5801797275846907
2024-07-31,BGD,0.20758505408999117
2024-08-01,BGD,0.1585169687255322
2024-08-02,BGD,0.08109519210899929
2024-08-03,BGD,0.06045262709309492
2024-08-04,BGD,0.15983252350497848
2024-08-05,BGD,0.558890176780154
2024-08-06,BGD,0.23731467791823171
2024-08-07,BGD,0.14281513387276987
2024-08-08,BGD,0.09717935103626132
2024-08-09,BGD,0.13094286996179771
2024-08-10,BGD,0.10565424280327465
2024-08-11,BGD,0.13460857635146894
2024-08-12,BGD,0.045137012011202064
2024-08-13,BGD,0.04177957671294983
2024-08-14,BGD,0.030239397565251937
2024-08-15,BGD,0.03987175838202213
2024-08-16,BGD,0.02665020615204055
2024-08-17,BGD,0.027915523422747977
2024-08-18,BGD,0.025554481039426806
2024-08-19,BGD,0.14258743441773705
2024-08-20,BGD,0.10789325737501385
2024-08-21,BGD,0.14149209464189785
2024-08-22,BGD,0.10200151526439838
2024-08-23,BGD,0.3572980854891225
2024-08-24,BGD,0.4092568160560362
2024-08-25,BGD,0.44175307094296284
2024-08-26,BGD,0.4220158197859535
2024-08-27,BGD,0.5100126502972328
2024-08-28,BGD,0.7102752268173679
2024-08-29,BGD,0.781760630095673
2024-08-30,BGD,0.48899649574594506
2024-08-31,BGD,0.6247790228298311
2024-09-01,BGD,0.48496681634372724
2024-09-02,BGD,0.18672813262005117
2024-09-03,BGD,0.33961297890880876
2024-09-04,BGD,0.43379593330531885
2024-09-05,BGD,0.14837507090231958
2024-09-06,BGD,0.040712673958400614
2024-09-07,BGD,0.04314432932132849
2024-09-08,BGD,0.04676501557227133
2024-09-09,BGD,0.04562545552674701
2024-09-10,BGD,0.05399399724744164
2024-09-11,BGD,0.07402799399566998
2024-09-12,BGD,0.38350076640318465
2024-09-13,BGD,0.0869457304292331
2024-09-14,BGD,0.11968662750834276
2024-09-15,BGD,0.1677761293601153
2024-09-16,BGD,0.2807773545891954
2024-09-17,BGD,0.08055858407239265
2024-09-18,BGD,0.10095785865293634
2024-09-19,BGD,0.06705566893309105
2024-09-20,BGD,0.07608009477755717
2024-09-21,BGD,0.0706587692171755
2024-09-22,BGD,0.2715803934862626
2024-09-23,BGD,0.10649798567922072
2024-09-24,BGD,0.08300624004138969
2024-09-25,BGD,0.23797600155680923
2024-09-26,BGD,0.3985918383113034
2024-09-27,BGD,0.158909115055474
2024-09-28,BGD,0.14610590482211797
2024-09-29,BGD,0.11527405082945501
2024-09-30,BGD,0.3020208602972989
2024-10-01,BGD,0.6764706520607465
2024-10-02,BGD,0.36674815910066577
2024-10-03,BGD,0.20345211090868892
2024-10-04,BGD,0.14875599467777811
2024-10-05,BGD,0.13183334386767961
2024-10-06,BGD,0.2693254753767744
2024-10-07,BGD,0.2150123044748709
2024-10-08,BGD,0.26799115929597606
2024-10-09,BGD,0.098722623018944
2024-10-10,BGD,0.2042803517770318
2024-10-11,BGD,0.256406601482133
2024-10-12,BGD,0.2633561570547198
2024-10-13,BGD,0.1430594315472763
2024-10-14,BGD,0.244635347822544
2024-10-15,BGD,0.29360005407503287
2024-10-16,BGD,0.27948400776565774
2024-10-17,BGD,0.39123028674377547
2024-10-18,BGD,0.3388535811887584
2024-10-19,BGD,0.12386739260208961
2024-10-20,BGD,0.1932180110911092
2024-10-21,BGD,0.3928046341836918
2024-10-22,BGD,0.31934406394639003
2024-10-23,BGD,0.15330523933531928
2024-10-24,BGD,0.20709609510553
2024-10-25,BGD,0.18300895387881203
2024-10-26,BGD,0.24231355078773625
2024-10-27,BGD,0.16546588168831047
2024-10-28,BGD,0.03933104491900566
2024-10-29,BGD,0.04553583375000666
2024-10-30,BGD,0.31852398195581777
2024-10-31,BGD,0.05451218862307013
2024-11-01,BGD,0.04174164590184134
2024-11-02,BGD,0.21003956950490002
2024-11-03,BGD,0.061018827474414485
2024-11-04,BGD,0.2250613296178723
2024-11-05,BGD,0.5577381141517459
2024-11-06,BGD,0.06750496241964034
2024-11-07,BGD,0.09148910213704452
2024-11-08,BGD,0.36075997518211533
2024-11-09,BGD,0.06665843423739942
2024-11-10,BGD,0.3737909004060206
2024-11-11,BGD,0.06444746057906413
2024-11-12,BGD,0.06305491938806117
2024-11-13,BGD,0.17310934274170608
2024-11-14,BGD,0.15460811693876061
2024-11-15,BGD,0.15384420029773455
2024-11-16,BGD,0.1165957559955672
2024-11-17,BGD,0.10435701986221989
2024-11-18,BGD,0.12721728503370788
2024-11-19,BGD,0.07154282467649375
2024-11-20,BGD,0.07469760304974404
2024-11-21,BGD,0.0695338904457398
2024-11-22,BGD,0.05171634130813975
2024-11-23,BGD,0.04574234704827073
2024-11-24,BGD,0.49029480794384417
2024-11-25,BGD,0.10023215175461503
2024-11-26,BGD,0.4365135591665179
2024-11-27,BGD,0.29952980614798236
2024-11-28,BGD,0.22984816982013753
2024-11-29,BGD,0.24786082781676527
2024-11-30,BGD,0.2545303400181647
2024-12-01,BGD,0.06677378373034605
2024-12-02,BGD,0.05187800917493904
2024-12-03,BGD,0.05758161273855044
2024-12-04,BGD,0.05553015282425883
2024-12-05,BGD,0.06308234396409669
2024-12-06,BGD,0.07093159191435663
2024-12-07,BGD,0.07208276649610706
2024-12-08,BGD,0.43124744024995404
2024-12-09,BGD,0.8336188410281938
2024-12-10,BGD,0.7930276055612911
2024-12-11,BGD,0.6171384368927131
2024-12-12,BGD,0.6850693856862016
2024-12-13,BGD,0.831542703077397
2024-12-14,BGD,0.6351696507432306
2024-12-15,BGD,0.5837374242254177
2024-12-16,BGD,0.5692031965006019
2024-12-17,BGD,0.5427594589371612
2024-12-18,BGD,0.716928167006495
2024-12-19,BGD,0.48681233632122195
2024-12-20,BGD,0.24620843174684498
2024-12-21,BGD,0.5135541755548731
2024-12-22,BGD,0.4494589602024563
2024-12-23,BGD,0.46030404935610725
2024-12-24,BGD,0.1817096981663459
2024-12-25,BGD,0.11737184893855236
2024-12-26,BGD,0.1413846079367988
2024-12-27,BGD,0.2077979998642286
2024-12-28,BGD,0.33253579442379455
2024-12-29,BGD,0.19618609385335714
2024-12-30,BGD,0.17349157792562553
2024-12-31,BGD,0.34452951472844867
2025-01-01,BGD,0.1154531629524026
2025-01-02,BGD,0.5611246975468634
2025-01-03,BGD,0.3578347841345668
2025-01-04,BGD,0.07641668775136405
2025-01-05,BGD,0.1160583411123283
2025-01-06,BGD,0.07237930126963737
2025-01-07,BGD,0.11989490290419572
2025-01-08,BGD,0.06771929723832926
2025-01-09,BGD,0.1096822506753475
2025-01-10,BGD,0.08284014774465055
2025-01-11,BGD,0.05514683494961199
2025-01-12,BGD,0.07026924961054284
2025-01-13,BGD,0.05709075389039474
2025-01-14,BGD,0.12122964395880856
2025-01-15,BGD,0.08228613904248848
2025-01-16,BGD,0.6302684984289568
2025-01-17,BGD,0.1594379025817571
2025-01-18,BGD,0.23789568629003613
2025-01-19,BGD,0.3424647247182634
2025-01-20,BGD,0.35205143078059836
2025-01-21,BGD,0.15464214788895753
2025-01-22,BGD,0.18572122814308767
2025-01-23,BGD,0.16397093205256666
2025-01-24,BGD,0.246646313960304
2025-01-25,BGD,0.25171233945122484
2025-01-26,BGD,0.1403942099983097
2025-01-27,BGD,0.09430658087516076
2025-01-28,BGD,0.24823106942331327
2025-01-29,BGD,0.09001162002378638
2025-01-30,BGD,0.18681171552738982
2025-01-31,BGD,0.28244570590385176
2025-02-01,BGD,0.1877896950052971
2025-02-02,BGD,0.15911240331451415
2025-02-03,BGD,0.13641723494296515
2025-02-04,BGD,0.213008142324577
2025-02-05,BGD,0.21888138967637863
2025-02-06,BGD,0.14702445436315686
2025-02-07,BGD,0.6089605584181792
2025-02-08,BGD,0.2197232087260035
2025-02-09,BGD,0.14391158556753122
2025-02-10,BGD,0.1223483638351658
2025-02-11,BGD,0.4906435003876375
2025-02-12,BGD,0.2502541728561104
2025-02-13,BGD,0.13490149543688834
2025-02-14,BGD,0.15478709839986313
2025-02-15,BGD,0.15311558137813538
2025-02-16,BGD,0.16720541123018923
2025-02-17,BGD,0.20596201782196122
2025-02-18,BGD,0.17755984793700944
2025-02-19,BGD,0.1081230218813194
2025-02-20,BGD,0.08952570714729159
2025-02-21,BGD,0.4715867512004785
2025-02-22,BGD,0.10313895773470735
2025-02-23,BGD,0.09891861097924044
2025-02-24,BGD,0.19617912073021346
2025-02-25,BGD,0.40311243599010754
2025-02-26,BGD,0.27192941472233145
2025-02-27,BGD,0.26896843088014855
2025-02-28,BGD,0.06591497856061404
2025-03-01,BGD,0.06969724007612167
2025-03-02,BGD,0.06618424783582984
2025-03-03,BGD,0.3586705679945947
2025-03-04,BGD,0.04600490157211622
2025-03-05,BGD,0.04870307576639936
2025-03-06,BGD,0.06544111386642837
2025-03-07,BGD,0.2281988179309007
2025-03-08,BGD,0.33004070819939685
2025-03-09,BGD,0.34044887357572284
2025-03-10,BGD,0.1521884447946592
2025-03-11,BGD,0.1928474807524858
2025-03-12,BGD,0.2220940781550356
2025-03-13,BGD,0.12226219660672194
2025-03-14,BGD,0.2505393497176789
2025-03-15,BGD,0.0731248144603827
2025-03-16,BGD,0.33271422306899123
2025-03-17,BGD,0.5676085966959701
2025-03-18,BGD,0.192541540831796
2025-03-19,BGD,0.5981911066115948
2025-03-20,BGD,0.1944944636164313
2025-03-21,BGD,0.7082302189546087
2025-03-22,BGD,0.46908204670118864
2025-03-23,BGD,0.30804554765852016
2025-03-24,BGD,0.1967078247318514
2025-03-25,BGD,0.14145001119126718
2025-03-26,BGD,0.17985745493556696
2025-03-27,BGD,0.10881918702120187
2025-03-28,BGD,0.07648960011616612
2024-07-01,MMR,0.02223321769398787
2024-07-02,MMR,0.031213668694837923
2024-07-03,MMR,0.0333906673133963
2024-07-04,MMR,0.09453665415656154
2024-07-05,MMR,0.10454364353442488
2024-07-06,MMR,0.2840442398659643
2024-07-07,MMR,0.21397979477576842
2024-07-08,MMR,0.07985027568120566
2024-07-09,MMR,0.03181739124163853
2024-07-10,MMR,0.025882511821507862
2024-07-11,MMR,0.057929593425689166
2024-07-12,MMR,0.02005503757606528
2024-07-13,MMR,0.018296054736619015
2024-07-14,MMR,0.03133290938586883
2024-07-15,MMR,0.22348614727126428
2024-07-16,MMR,0.031675309684673275
2024-07-17,MMR,0.02902577030080353
2024-07-18,MMR,0.030604808063344296
2024-07-19,MMR,0.06541892429140932
2024-07-20,MMR,0.14572820004955953
2024-07-21,MMR,0.10588043820031351
2024-07-22,MMR,0.26861227779592306
2024-07-23,MMR,0.14766267127062366
2024-07-24,MMR,0.09176011290400894
2024-07-25,MMR,0.13106058317963737
2024-07-26,MMR,0.21952561078209437
2024-07-27,MMR,0.02186907084833068
2024-07-28,MMR,0.15890643881459934
2024-07-29,MMR,0.11937777261812481
2024-07-30,MMR,0.2742981025034509
2024-07-31,MMR,0.17241823633278539
2024-08-01,MMR,0.1129889397730667
2024-08-02,MMR,0.03178938754085508
2024-08-03,MMR,0.06664072551816244
2024-08-04,MMR,0.03805033870594877
2024-08-05,MMR,0.4632568699195753
2024-08-06,MMR,0.19518259122535878
2024-08-07,MMR,0.053874336728363816
2024-08-08,MMR,0.026824247288902103
2024-08-09,MMR,0.1613607413448037
2024-08-10,MMR,0.3291345715982426
2024-08-11,MMR,0.2094515483387353
2024-08-12,MMR,0.08653110831481306
2024-08-13,MMR,0.035598491869644595
2024-08-14,MMR,0.023950833608415364
2024-08-15,MMR,0.06728142810179481
2024-08-16,MMR,0.041534511966086124
2024-08-17,MMR,0.025251053231656346
2024-08-18,MMR,0.022478662880030274
2024-08-19,MMR,0.4634456909369504
2024-08-20,MMR,0.23295354619669165
2024-08-21,MMR,0.10486072618810248
2024-08-22,MMR,0.140450441803559
2024-08-23,MMR,0.06311269512867279
2024-08-24,MMR,0.3195253683870567
2024-08-25,MMR,0.04368217430988105
2024-08-26,MMR,0.03294532280996142
2024-08-27,MMR,0.03329803106687533
2024-08-28,MMR,0.027427775387847495
2024-08-29,MMR,0.13334424939420256
2024-08-30,MMR,0.02291905510022648
2024-08-31,MMR,0.018777434212318825
2024-09-01,MMR,0.018392182874804177
2024-09-02,MMR,0.02399491735573467
2024-09-03,MMR,0.023887441349903983
2024-09-04,MMR,0.05758929699186659
2024-09-05,MMR,0.6139156592413484
2024-09-06,MMR,0.29066624282718595
2024-09-07,MMR,0.15104047282607208
2024-09-08,MMR,0.11185462010603672
2024-09-09,MMR,0.289053068358113
2024-09-10,MMR,0.04761153435483482
2024-09-11,MMR,0.05411276071644969
2024-09-12,MMR,0.02555146807347981
2024-09-13,MMR,0.024316444914686503
2024-09-14,MMR,0.0225017544383743
2024-09-15,MMR,0.037242238213456264
2024-09-16,MMR,0.061818942424263924
2024-09-17,MMR,0.09925865583765534
2024-09-18,MMR,0.030435550159330416
2024-09-19,MMR,0.027896595349478814
2024-09-20,MMR,0.045530700588500186
2024-09-21,MMR,0.02716764095249925
2024-09-22,MMR,0.03558681960813879
2024-09-23,MMR,0.12785287094670006
2024-09-24,MMR,0.07891000290360096
2024-09-25,MMR,0.09228007140768894
2024-09-26,MMR,0.4157484705502787
2024-09-27,MMR,0.0717022295642441
2024-09-28,MMR,0.1381111614581219
2024-09-29,MMR,0.3201012841897531
2024-09-30,MMR,0.5550717259678009
2024-10-01,MMR,0.11245967512241817
2024-10-02,MMR,0.13136759546360416
2024-10-03,MMR,0.03545331191566478
2024-10-04,MMR,0.03310823026927243
2024-10-05,MMR,0.05403229456137408
2024-10-06,MMR,0.06336514887818695
2024-10-07,MMR,0.025831244647464075
2024-10-08,MMR,0.10821287618138202
2024-10-09,MMR,0.0616033401434023
2024-10-10,MMR,0.05773786173809658
2024-10-11,MMR,0.10334193660326962
2024-10-12,MMR,0.09128015648632354
2024-10-13,MMR,0.08721978507195116
2024-10-14,MMR,0.1706712630694857
2024-10-15,MMR,0.03863623839825505
2024-10-16,MMR,0.02680181134314093
2024-10-17,MMR,0.026356721859630807
2024-10-18,MMR,0.024453253505393846
2024-10-19,MMR,0.026048272331045293
2024-10-20,MMR,0.04388441540108098
2024-10-21,MMR,0.035332673236422224
2024-10-22,MMR,0.14062178689507734
2024-10-23,MMR,0.11867888084659384
2024-10-24,MMR,0.15901210185386933
2024-10-25,MMR,0.21300546674853757
2024-10-26,MMR,0.18782644308699195
2024-10-27,MMR,0.24253451985818877
2024-10-28,MMR,0.4549106661703562
2024-10-29,MMR,0.37592795983407395
2024-10-30,MMR,0.2018902409759885
2024-10-31,MMR,0.2756334706972858
2024-11-01,MMR,0.2275336443360173
2024-11-02,MMR,0.2645597100502951
2024-11-03,MMR,0.2291053321340092
2024-11-04,MMR,0.07123247570637077
2024-11-05,MMR,0.07579997947557661
2024-11-06,MMR,0.07782219244493697
2024-11-07,MMR,0.1177291188823197
2024-11-08,MMR,0.11251125563481687
2024-11-09,MMR,0.10675118923359529
2024-11-10,MMR,0.07947104193786486
2024-11-11,MMR,0.16403745081972637
2024-11-12,MMR,0.32807251834443263
2024-11-13,MMR,0.10307565783561524
2024-11-14,MMR,0.11933771742699739
2024-11-15,MMR,0.09383362829113948
2024-11-16,MMR,0.07935258180550908
2024-11-17,MMR,0.19541345478127
2024-11-18,MMR,0.08988596850871193
2024-11-19,MMR,0.4469396158728539
2024-11-20,MMR,0.265108822328445
2024-11-21,MMR,0.30084011256143645
2024-11-22,MMR,0.4247858677928712
2024-11-23,MMR,0.21450333673814534
2024-11-24,MMR,0.2716856562473716
2024-11-25,MMR,0.47628017440311354
2024-11-26,MMR,0.47403565792986585
2024-11-27,MMR,0.4729985803509836
2024-11-28,MMR,0.17982084917506458
2024-11-29,MMR,0.1567719806192597
2024-11-30,MMR,0.6342981182405149
2024-12-01,MMR,0.11254859951611743
2024-12-02,MMR,0.10947277218317787
2024-12-03,MMR,0.3399864443988803
2024-12-04,MMR,0.04598781295287153
2024-12-05,MMR,0.04914938491541915
2024-12-06,MMR,0.05143562166448612
2024-12-07,MMR,0.0452901677940587
2024-12-08,MMR,0.45445621425304333
2024-12-09,MMR,0.049031835132495157
2024-12-10,MMR,0.050972181794958625
2024-12-11,MMR,0.058748282709959
2024-12-12,MMR,0.14560878496270097
2024-12-13,MMR,0.13443314845449264
2024-12-14,MMR,0.16509660500196585
2024-12-15,MMR,0.25398273339460103
2024-12-16,MMR,0.07654679354723593
2024-12-17,MMR,0.1505993471844753
2024-12-18,MMR,0.10700820733575271
2024-12-19,MMR,0.1449664194300844
2024-12-20,MMR,0.09790864036647395
2024-12-21,MMR,0.15397075194955573
2024-12-22,MMR,0.21066617699773105
2024-12-23,MMR,0.14666823100512358
2024-12-24,MMR,0.1505940038065181
2024-12-25,MMR,0.24847889754930363
2024-12-26,MMR,0.15049151846821426
2024-12-27,MMR,0.44625207273459366
2024-12-28,MMR,0.3928375250760101
2024-12-29,MMR,0.15334611119509153
2024-12-30,MMR,0.22602523972590324
2024-12-31,MMR,0.3545746713428577
2025-01-01,MMR,0.23944445524644548
2025-01-02,MMR,0.0992758812044489
2025-01-03,MMR,0.11225690590844861
2025-01-04,MMR,0.03048235594193487
2025-01-05,MMR,0.11327854971550007
2025-01-06,MMR,0.021012180009876664
2025-01-07,MMR,0.05187854523692149
2025-01-08,MMR,0.022558984478446766
2025-01-09,MMR,0.11694415295018838
2025-01-10,MMR,0.041741231308966724
2025-01-11,MMR,0.038894205247775405
2025-01-12,MMR,0.13081527506131996
2025-01-13,MMR,0.03652906078464708
2025-01-14,MMR,0.042707468098985374
2025-01-15,MMR,0.0709476900016508
2025-01-16,MMR,0.05080156139178779
2025-01-17,MMR,0.24906698289570622
2025-01-18,MMR,0.12436273460611032
2025-01-19,MMR,0.10247423170436068
2025-01-20,MMR,0.06528520328655694
2025-01-21,MMR,0.1326803755013015
2025-01-22,MMR,0.18868721981286207
2025-01-23,MMR,0.2370247152389773
2025-01-24,MMR,0.030838616997817318
2025-01-25,MMR,0.031017985595720304
2025-01-26,MMR,0.02420939051859461
2025-01-27,MMR,0.024970848040194515
2025-01-28,MMR,0.08716975926560624
2025-01-29,MMR,0.029826120217436154
2025-01-30,MMR,0.02732520334549076
2025-01-31,MMR,0.12503300784428883
2025-02-01,MMR,0.07818126750474703
2025-02-02,MMR,0.3612563518079032
2025-02-03,MMR,0.19001263270270438
2025-02-04,MMR,0.09457652099884722
2025-02-05,MMR,0.053773013094518735
2025-02-06,MMR,0.11672319537611164
2025-02-07,MMR,0.04137166669238151
2025-02-08,MMR,0.029017901627325343
2025-02-09,MMR,0.018733268269591753
2025-02-10,MMR,0.01851657094196578
2025-02-11,MMR,0.017125843899529435
2025-02-12,MMR,0.03086178133890128
2025-02-13,MMR,0.042070238134615134
2025-02-14,MMR,0.02530772180158963
2025-02-15,MMR,0.02953080885547222
2025-02-16,MMR,0.19545816323210657
2025-02-17,MMR,0.1713312665328803
2025-02-18,MMR,0.1384946967601429
2025-02-19,MMR,0.14790431543236865
2025-02-20,MMR,0.14116558456033845
2025-02-21,MMR,0.0955116548591041
2025-02-22,MMR,0.10942292565196361
2025-02-23,MMR,0.15486455536785967
2025-02-24,MMR,0.1056806686109469
2025-02-25,MMR,0.22681296573663912
2025-02-26,MMR,0.1812533654687453
2025-02-27,MMR,0.3427985881935685
2025-02-28,MMR,0.0900751834356973
2025-03-01,MMR,0.18536368326128824
2025-03-02,MMR,0.08117301281207655
2025-03-03,MMR,0.09330392715604094
2025-03-04,MMR,0.1846056474229242
2025-03-05,MMR,0.14348266882497504
2025-03-06,MMR,0.14348788024354878
2025-03-07,MMR,0.1756304223501812
2025-03-08,MMR,0.058153641813820815
2025-03-09,MMR,0.3852457686528355
2025-03-10,MMR,0.42916651745670925
2025-03-11,MMR,0.11427121416526523
2025-03-12,MMR,0.053688691043277
2025-03-13,MMR,0.06263057288961202
2025-03-14,MMR,0.5464112669054125
2025-03-15,MMR,0.11530299054939885
2025-03-16,MMR,0.16866061116089548
2025-03-17,MMR,0.047772613400810265
2025-03-18,MMR,0.04884167468040151
2025-03-19,MMR,0.10581649624734313
2025-03-20,MMR,0.06524027542773213
2025-03-21,MMR,0.03201752977243721
2025-03-22,MMR,0.0363948741919332
2025-03-23,MMR,0.05197400758888008
2025-03-24,MMR,0.043414949007813085
2025-03-25,MMR,0.03253966409918521
2025-03-26,MMR,0.024051083536705622
2025-03-27,MMR,0.023416910906997393
2025-03-28,MMR,0.21420993795326856
2024-07-01,PHL,0.22137556734004407
2024-07-02,PHL,0.196216555785789
2024-07-03,PHL,0.06463470440731224
2024-07-04,PHL,0.05951438598987692
2024-07-05,PHL,0.06394304337590717
2024-07-06,PHL,0.0676132310427325
2024-07-07,PHL,0.08808923918522672
2024-07-08,PHL,0.1298128132052807
2024-07-09,PHL,0.12675082587118552
2024-07-10,PHL,0.42753034423271646
2024-07-11,PHL,0.45737705726897254
2024-07-12,PHL,0.38705272992852235
2024-07-13,PHL,0.30193175406464123
2024-07-14,PHL,0.33194506226595966
2024-07-15,PHL,0.42537254129570445
2024-07-16,PHL,0.36034471324610007
2024-07-17,PHL,0.09704138327964279
2024-07-18,PHL,0.09651610412715636
2024-07-19,PHL,0.07287941008797565
2024-07-20,PHL,0.059492081657766226
2024-07-21,PHL,0.0752213337200858
2024-07-22,PHL,0.07216847881570532
2024-07-23,PHL,0.08119264683106119
2024-07-24,PHL,0.1444957822016587
2024-07-25,PHL,0.3311936702072731
2024-07-26,PHL,0.19028734175229362
2024-07-27,PHL,0.1939330903884288
2024-07-28,PHL,0.2312153767404773
2024-07-29,PHL,0.23890056575215993
2024-07-30,PHL,0.2594210093964158
2024-07-31,PHL,0.2033399950607642
2024-08-01,PHL,0.2671828685523244
2024-08-02,PHL,0.38123724735265146
2024-08-03,PHL,0.3325017005268248
2024-08-04,PHL,0.2550043504779086
2024-08-05,PHL,0.3453320766111919
2024-08-06,PHL,0.23224108950760933
2024-08-07,PHL,0.23751250271251154
2024-08-08,PHL,0.31352793665340994
2024-08-09,PHL,0.2607284134888704
2024-08-10,PHL,0.25753374339691326
2024-08-11,PHL,0.3257752237179015
2024-08-12,PHL,0.36909988046235637
2024-08-13,PHL,0.3121049374919011
2024-08-14,PHL,0.3094380139744588
2024-08-15,PHL,0.13209043755036534
2024-08-16,PHL,0.13442700050227271
2024-08-17,PHL,0.08794256244188708
2024-08-18,PHL,0.11042685513888094
2024-08-19,PHL,0.20187207132155213
2024-08-20,PHL,0.09243521397548939
2024-08-21,PHL,0.1830840980797599
2024-08-22,PHL,0.30278388406546347
2024-08-23,PHL,0.23025127723522582
2024-08-24,PHL,0.21919518807943444
2024-08-25,PHL,0.23857558570402562
2024-08-26,PHL,0.2682273113622938
2024-08-27,PHL,0.23763800792083273
2024-08-28,PHL,0.26145305586063294
2024-08-29,PHL,0.3182272743050186
2024-08-30,PHL,0.29221811113228685
2024-08-31,PHL,0.2984881691038395
2024-09-01,PHL,0.3192365686465194
2024-09-02,PHL,0.32174316329101876
2024-09-03,PHL,0.2874220413558111
2024-09-04,PHL,0.2600463595579815
2024-09-05,PHL,0.2616485325506371
2024-09-06,PHL,0.37612427039858476
2024-09-07,PHL,0.2563525110539037
2024-09-08,PHL,0.2702322856341589
2024-09-09,PHL,0.2980785476225883
2024-09-10,PHL,0.31139014755261
2024-09-11,PHL,0.2784097335353852
2024-09-12,PHL,0.20263157546880414
2024-09-13,PHL,0.18665793495790145
2024-09-14,PHL,0.17432785536727696
2024-09-15,PHL,0.20658554058292772
2024-09-16,PHL,0.19590670202964183
2024-09-17,PHL,0.27982495813542524
2024-09-18,PHL,0.2182458516869604
2024-09-19,PHL,0.1657210264479232
2024-09-20,PHL,0.18338556657392727
2024-09-21,PHL,0.15896165945509982
2024-09-22,PHL,0.2077518784229587
2024-09-23,PHL,0.2432610158061438
2024-09-24,PHL,0.2112664147808949
2024-09-25,PHL,0.2926759638200176
2024-09-26,PHL,0.27701564309093707
2024-09-27,PHL,0.25830243713529477
2024-09-28,PHL,0.34656547434131507
2024-09-29,PHL,0.4104862705417755
2024-09-30,PHL,0.34862547872330146
2024-10-01,PHL,0.3356473430459436
2024-10-02,PHL,0.2882118145889375
2024-10-03,PHL,0.20707999154181375
2024-10-04,PHL,0.2610082996535162
2024-10-05,PHL,0.4953870782270368
2024-10-06,PHL,0.2716859541002751
2024-10-07,PHL,0.3000718024456148
2024-10-08,PHL,0.20340737391270303
2024-10-09,PHL,0.21249812720305808
2024-10-10,PHL,0.3389919956029312
2024-10-11,PHL,0.35029277235219547
2024-10-12,PHL,0.26112375662195764
2024-10-13,PHL,0.20987136858027317
2024-10-14,PHL,0.20987136858027317
2024-10-15,PHL,0.28370101767993167
2024-10-16,PHL,0.18621019400605035
2024-10-17,PHL,0.34286443307480513
2024-10-18,PHL,0.5341748864952692
2024-10-19,PHL,0.42663288148816664
2024-10-20,PHL,0.35946083679315816
2024-10-21,PHL,0.3747358391917609
2024-10-22,PHL,0.411830758620884
2024-10-23,PHL,0.5089010222912068
2024-10-24,PHL,0.32654066040061425
2024-10-25,PHL,0.09101347963781942
2024-10-26,PHL,0.11328861143935877
2024-10-27,PHL,0.09481451336204555
2024-10-28,PHL,0.10450321782586314
2024-10-29,PHL,0.08691141124900359
2024-10-30,PHL,0.6782572101286974
2024-10-31,PHL,0.06549634965197638
2024-11-01,PHL,0.12314059657687869
2024-11-02,PHL,0.08405478835561159
2024-11-03,PHL,0.09646720165532577
2024-11-04,PHL,0.07595996038126351
2024-11-05,PHL,0.1084944123335648
2024-11-06,PHL,0.03277941127044367
2024-11-07,PHL,0.06098815615578543
2024-11-08,PHL,0.08814365573818289
2024-11-09,PHL,0.09247460208657267
2024-11-10,PHL,0.08893720634244852
2024-11-11,PHL,0.08517470017112948
2024-11-12,PHL,0.08086174452478212
2024-11-13,PHL,0.3785825836116197
2024-11-14,PHL,0.3968545776145809
2024-11-15,PHL,0.3162249771157928
2024-11-16,PHL,0.29763996900869516
2024-11-17,PHL,0.2909731206841069
2024-11-18,PHL,0.3269697442663332
2024-11-19,PHL,0.33822093689644245
2024-11-20,PHL,0.333465157868745
2024-11-21,PHL,0.5283004450170458
2024-11-22,PHL,0.3075727727845855
2024-11-23,PHL,0.3009570062366298
2024-11-24,PHL,0.3192411905522367
2024-11-25,PHL,0.3482528486027741
2024-11-26,PHL,0.3280287694620197
2024-11-27,PHL,0.3418304696559631
2024-11-28,PHL,0.10433587716095392
2024-11-29,PHL,0.08073603972386215
2024-11-30,PHL,0.07206755635100948
2024-12-01,PHL,0.07758213242949175
2024-12-02,PHL,0.0920784880601721
2024-12-03,PHL,0.07862850488363615
2024-12-04,PHL,0.09995280110748943
2024-12-05,PHL,0.0776216348880784
2024-12-06,PHL,0.4879487833199071
2024-12-07,PHL,0.44475107934010555
2024-12-08,PHL,0.40086319167069484
2024-12-09,PHL,0.14405036521231218
2024-12-10,PHL,0.07956982155171163
2024-12-11,PHL,0.07698937942308702
2024-12-12,PHL,0.08052459299999463
2024-12-13,PHL,0.09692150048967034
2024-12-14,PHL,0.08530515076266744
2024-12-15,PHL,0.08640735953730783
2024-12-16,PHL,0.3285935992145368
2024-12-17,PHL,0.31245773503880686
2024-12-18,PHL,0.26162515053421115
2024-12-19,PHL,0.2001571298612348
2024-12-20,PHL,0.19258665189084578
2024-12-21,PHL,0.2520753803720384
2024-12-22,PHL,0.20508069568298654
2024-12-23,PHL,0.22451056655296034
2024-12-24,PHL,0.2406807991617049
2024-12-25,PHL,0.28406202842450484
2024-12-26,PHL,0.29995832538152084
2024-12-27,PHL,0.37014094096117395
2024-12-28,PHL,0.29643673265377085
2024-12-29,PHL,0.31850476234040637
2024-12-30,PHL,0.173933632671218
2024-12-31,PHL,0.17293155461702187
2025-01-01,PHL,0.15691080254872988
2025-01-02,PHL,0.17438284684578975
2025-01-03,PHL,0.1846315639892683
2025-01-04,PHL,0.20102081237975986
2025-01-05,PHL,0.21752810796710761
2025-01-06,PHL,0.2952197379765741
2025-01-07,PHL,0.3028541642576503
2025-01-08,PHL,0.27769481784009253
2025-01-09,PHL,0.3299502616306258
2025-01-10,PHL,0.3378026606046262
2025-01-11,PHL,0.23244750393955446
2025-01-12,PHL,0.21241389287037565
2025-01-13,PHL,0.23493551358040846
2025-01-14,PHL,0.18519751429514403
2025-01-15,PHL,0.25335150034282417
2025-01-16,PHL,0.4488028570639179
2025-01-17,PHL,0.30526217009720086
2025-01-18,PHL,0.3155143795713375
2025-01-19,PHL,0.33561450271617616
2025-01-20,PHL,0.22506478070575128
2025-01-21,PHL,0.3534816809940333
2025-01-22,PHL,0.5857105605196574
2025-01-23,PHL,0.3343339343076588
2025-01-24,PHL,0.5988772609839386
2025-01-25,PHL,0.23641533053409405
2025-01-26,PHL,0.44764278547057906
2025-01-27,PHL,0.28770366976598105
2025-01-28,PHL,0.1551851799848727
2025-01-29,PHL,0.20567164349024206
2025-01-30,PHL,0.15473599085529402
2025-01-31,PHL,0.19397116006986195
2025-02-01,PHL,0.17758857536721562
2025-02-02,PHL,0.17421734813766732
2025-02-03,PHL,0.17744303384385313
2025-02-04,PHL,0.15536983658123282
2025-02-05,PHL,0.3017689743814396
2025-02-06,PHL,0.27154213427484336
2025-02-07,PHL,0.3676135732432391
2025-02-08,PHL,0.31950638825386585
2025-02-09,PHL,0.17072049824602473
2025-02-10,PHL,0.21648971341385898
2025-02-11,PHL,0.27203168637760794
2025-02-12,PHL,0.22178223603140265
2025-02-13,PHL,0.18269394244238546
2025-02-14,PHL,0.233502898523498
2025-02-15,PHL,0.24552404200055747
2025-02-16,PHL,0.3215055521768091
2025-02-17,PHL,0.32096249760248613
2025-02-18,PHL,0.32797421213320027
2025-02-19,PHL,0.2310865719146562
2025-02-20,PHL,0.2982856384253337
2025-02-21,PHL,0.38152338314847273
2025-02-22,PHL,0.24973730815141668
2025-02-23,PHL,0.258079286734871
2025-02-24,PHL,0.24639155788803047
2025-02-25,PHL,0.26124231144368326
2025-02-26,PHL,0.28549764839977876
2025-02-27,PHL,0.24205694273266
2025-02-28,PHL,0.20060788991644904
2025-03-01,PHL,0.4345988014462737
2025-03-02,PHL,0.3496946972313977
2025-03-03,PHL,0.6452599368537592
2025-03-04,PHL,0.2647909540723259
2025-03-05,PHL,0.2805131755193693
2025-03-06,PHL,0.2954894328215877
2025-03-07,PHL,0.32982414486979883
2025-03-08,PHL,0.2831617603270717
2025-03-09,PHL,0.34344357980728957
2025-03-10,PHL,0.3356469408606109
2025-03-11,PHL,0.8062049439288008
2025-03-12,PHL,0.2925853314788046
2025-03-13,PHL,0.3189360860251025
2025-03-14,PHL,0.26123963447077975
2025-03-15,PHL,0.24993446426497185
2025-03-16,PHL,0.2971050579710924
2025-03-17,PHL,0.29757434870361993
2025-03-18,PHL,0.3189410942041475
2025-03-19,PHL,0.24545067926404032
2025-03-20,PHL,0.27403404927421554
2025-03-21,PHL,0.3010265660751191
2025-03-22,PHL,0.26928134694881684
2025-03-23,PHL,0.14797761151956243
2025-03-24,PHL,0.1541976468953347
2025-03-25,PHL,0.15411670016072054
2025-03-26,PHL,0.17364268661204096
2025-03-27,PHL,0.1612597950803737
2025-03-28,PHL,0.1438933737995515
2024-07-01,THA,0.5536540176002873
2024-07-02,THA,0.3743310106688934
2024-07-03,THA,0.18620880346560958
2024-07-04,THA,0.400191207244527
2024-07-05,THA,0.3173531744017403
2024-07-06,THA,0.24413925681146662
2024-07-07,THA,0.1189250328131789
2024-07-08,THA,0.11555090905468719
2024-07-09,THA,0.181260318259934
2024-07-10,THA,0.1758971194917712
2024-07-11,THA,0.45928059039427616
2024-07-12,THA,0.6111199683810983
2024-07-13,THA,0.2562923921152935
2024-07-14,THA,0.47441619665038726
2024-07-15,THA,0.4675530316210687
2024-07-16,THA,0.5709550431617393
2024-07-17,THA,0.5367116036348726
2024-07-18,THA,0.6186454664591683
2024-07-19,THA,0.16206872354481114
2024-07-20,THA,0.47143488160816704
2024-07-21,THA,0.2977263966961864
2024-07-22,THA,0.4175018855180683
2024-07-23,THA,0.3205325846343634
2024-07-24,THA,0.3564730946035548
2024-07-25,THA,0.38213860929089744
2024-07-26,THA,0.7729236471880968
2024-07-27,THA,0.7519954915244454
2024-07-28,THA,0.8911478489908318
2024-07-29,THA,0.7143744637679756
2024-07-30,THA,0.6952575777617461
2024-07-31,THA,0.7170957615830089
2024-08-01,THA,0.8590335331887832
2024-08-02,THA,0.6133385263768908
2024-08-03,THA,0.7015129205575577
2024-08-04,THA,0.1580423863467028
2024-08-05,THA,0.11853287327465255
2024-08-06,THA,0.09534321219069607
2024-08-07,THA,0.12208945772719162
2024-08-08,THA,0.0636304161486674
2024-08-09,THA,0.04348130814883345
2024-08-10,THA,0.049350715639632496
2024-08-11,THA,0.057481469094255486
2024-08-12,THA,0.06621657635794533
2024-08-13,THA,0.045005733190644354
2024-08-14,THA,0.08318565759728971
2024-08-15,THA,0.22863629325225363
2024-08-16,THA,0.14443739668729785
2024-08-17,THA,0.1375470159214842
2024-08-18,THA,0.2898760031750055
2024-08-19,THA,0.26186998649211357
2024-08-20,THA,0.21628672492523066
2024-08-21,THA,0.27792686339868367
2024-08-22,THA,0.8613885364952159
2024-08-23,THA,0.6491673307249336
2024-08-24,THA,0.7610418513188906
2024-08-25,THA,0.685047144430115
2024-08-26,THA,0.7353836100596217
2024-08-27,THA,0.67102763247054
2024-08-28,THA,0.6947083455284292
2024-08-29,THA,0.7081696370453674
2024-08-30,THA,0.776316101181407
2024-08-31,THA,0.6226403001471055
2024-09-01,THA,0.6287195898953318
2024-09-02,THA,0.6792740582462946
2024-09-03,THA,0.6730623712920758
2024-09-04,THA,0.6130148426027927
2024-09-05,THA,0.6769876921969199
2024-09-06,THA,0.7261020332377843
2024-09-07,THA,0.7170727200352405
2024-09-08,THA,0.714128098213272
2024-09-09,THA,0.7587912875600288
2024-09-10,THA,0.7133449589885088
2024-09-11,THA,0.6282211730136182
2024-09-12,THA,0.7015754699001817
2024-09-13,THA,0.7046807108669056
2024-09-14,THA,0.7056149385543351
2024-09-15,THA,0.6500481502719198
2024-09-16,THA,0.695177078397114
2024-09-17,THA,0.7440625013591126
2024-09-18,THA,0.7154310802909297
2024-09-19,THA,0.656183803882495
2024-09-20,THA,0.6862200797202721
2024-09-21,THA,0.8253270046583863
2024-09-22,THA,0.6602900373568719
2024-09-23,THA,0.6476850144550507
2024-09-24,THA,0.6421659863756396
2024-09-25,THA,0.701712634160688
2024-09-26,THA,0.6947551834480568
2024-09-27,THA,0.6278136563246977
2024-09-28,THA,0.6290881509319532
2024-09-29,THA,0.6565801823525664
2024-09-30,THA,0.6353037839505855
2024-10-01,THA,0.7837257706121711
2024-10-02,THA,0.6937224342420494
2024-10-03,THA,0.6402640984256465
2024-10-04,THA,0.5969646967865778
2024-10-05,THA,0.8017024469346157
2024-10-06,THA,0.5754615569041662
2024-10-07,THA,0.581172806961467
2024-10-08,THA,0.5897813189872557
2024-10-09,THA,0.8395942737913805
2024-10-10,THA,0.676576786527929
2024-10-11,THA,0.6641048209169842
2024-10-12,THA,0.7032186630840348
2024-10-13,THA,0.6684503369944915
2024-10-14,THA,0.6888327942211095
2024-10-15,THA,0.7673077532106677
2024-10-16,THA,0.250306851241204
2024-10-17,THA,0.23616369646627927
2024-10-18,THA,0.7636932322859746
2024-10-19,THA,0.6852328760692229
2024-10-20,THA,0.39915575640643647
2024-10-21,THA,0.24051706887435303
2024-10-22,THA,0.2555659766635188
2024-10-23,THA,0.7542351119228675
2024-10-24,THA,0.6292607647763147
2024-10-25,THA,0.6693612311186922
2024-10-26,THA,0.6344493482101539
2024-10-27,THA,0.6565867606896327
2024-10-28,THA,0.641869182558008
2024-10-29,THA,0.7988558178983755
2024-10-30,THA,0.6146050176711173
2024-10-31,THA,0.6206639625881799
2024-11-01,THA,0.6443633083920653
2024-11-02,THA,0.6451054073832054
2024-11-03,THA,0.6049801886872656
2024-11-04,THA,0.7740917933334399
2024-11-05,THA,0.3252507381278115
2024-11-06,THA,0.3485380511094404
2024-11-07,THA,0.3991520897629634
2024-11-08,THA,0.3909030955328283
2024-11-09,THA,0.32955634814289003
2024-11-10,THA,0.3909968651646159
2024-11-11,THA,0.4529261118334359
2024-11-12,THA,0.8016151475712862
2024-11-13,THA,0.8447158096174207
2024-11-14,THA,0.2579542013316575
2024-11-15,THA,0.26079711228170893
2024-11-16,THA,0.2763688790676691
2024-11-17,THA,0.2163946665664346
2024-11-18,THA,0.24947588747414023
2024-11-19,THA,0.24503394304101908
2024-11-20,THA,0.453430943678888
2024-11-21,THA,0.7542479765399976
2024-11-22,THA,0.5643143959441766
2024-11-23,THA,0.6156068180067059
2024-11-24,THA,0.825597313821781
2024-11-25,THA,0.7571858680422157
2024-11-26,THA,0.6727585631213331
2024-11-27,THA,0.6671800275361881
2024-11-28,THA,0.6925059295848488
2024-11-29,THA,0.7045518702668406
2024-11-30,THA,0.6852853099814702
2024-12-01,THA,0.31234594057455456
2024-12-02,THA,0.14004658567970066
2024-12-03,THA,0.1274444644479371
2024-12-04,THA,0.12248990154750439
2024-12-05,THA,0.12522510822121366
2024-12-06,THA,0.13729800042479395
2024-12-07,THA,0.13691547743498628
2024-12-08,THA,0.6923508313316051
2024-12-09,THA,0.6767640283851012
2024-12-10,THA,0.6509872853839959
2024-12-11,THA,0.81718148242
2024-12-12,THA,0.8187171145015163
2024-12-13,THA,0.8021602161492563
2024-12-14,THA,0.6611343510272315
2024-12-15,THA,0.615503285443337
2024-12-16,THA,0.8193344537837337
2024-12-17,THA,0.6969508463447941
2024-12-18,THA,0.2596464207369938
2024-12-19,THA,0.3652256027169244
2024-12-20,THA,0.3701992317366511
2024-12-21,THA,0.28909561057724564
2024-12-22,THA,0.14377425557091922
2024-12-23,THA,0.2011115469829446
2024-12-24,THA,0.24474629594572261
2024-12-25,THA,0.32189762176065867
2024-12-26,THA,0.43243183122450585
2024-12-27,THA,0.22101564171978957
2024-12-28,THA,0.22760641888485023
2024-12-29,THA,0.7670734430557921
2024-12-30,THA,0.735506350983931
2024-12-31,THA,0.6711098447151271
2025-01-01,THA,0.34770456531532146
2025-01-02,THA,0.548407944077438
2025-01-03,THA,0.24018532211183455
2025-01-04,THA,0.25541591252028933
2025-01-05,THA,0.1968228067255781
2025-01-06,THA,0.17427622788337707
2025-01-07,THA,0.17846336187481898
2025-01-08,THA,0.14092062201152245
2025-01-09,THA,0.11311560968222725
2025-01-10,THA,0.12666815679591284
2025-01-11,THA,0.09345745502801506
2025-01-12,THA,0.09544179342952043
2025-01-13,THA,0.24748984783225308
2025-01-14,THA,0.6259076044599637
2025-01-15,THA,0.1419057471008741
2025-01-16,THA,0.18303935402536398
2025-01-17,THA,0.16592493715368503
2025-01-18,THA,0.1283817593836246
2025-01-19,THA,0.1339016822599911
2025-01-20,THA,0.48913038740567805
2025-01-21,THA,0.06119684494443529
2025-01-22,THA,0.15470840284310855
2025-01-23,THA,0.2730994269253988
2025-01-24,THA,0.08704455557494355
2025-01-25,THA,0.09537342311886494
2025-01-26,THA,0.08141946752773786
2025-01-27,THA,0.3275706910131919
2025-01-28,THA,0.524841161381069
2025-01-29,THA,0.538044858602581
2025-01-30,THA,0.5220891325212151
2025-01-31,THA,0.2285916981259628
2025-02-01,THA,0.24946608165106945
2025-02-02,THA,0.19858372439392405
2025-02-03,THA,0.05120886169378858
2025-02-04,THA,0.09529193006771801
2025-02-05,THA,0.05948537712910171
2025-02-06,THA,0.04705769135037079
2025-02-07,THA,0.06795041432293691
2025-02-08,THA,0.10513606651822102
2025-02-09,THA,0.21778404086644093
2025-02-10,THA,0.7687089809074427
2025-02-11,THA,0.4377811000107068
2025-02-12,THA,0.5549336658260191
2025-02-13,THA,0.5375650276773184
2025-02-14,THA,0.2134721370892421
2025-02-15,THA,0.17297880200777846
2025-02-16,THA,0.5801777578030276
2025-02-17,THA,0.23215735677622837
2025-02-18,THA,0.2947878552003841
2025-02-19,THA,0.25001604517937287
2025-02-20,THA,0.596555579898097
2025-02-21,THA,0.6370131663986064
2025-02-22,THA,0.6500527064485078
2025-02-23,THA,0.5752471810506166
2025-02-24,THA,0.7471915539161953
2025-02-25,THA,0.6339757526831402
2025-02-26,THA,0.7430565499263152
2025-02-27,THA,0.1035077155369087
2025-02-28,THA,0.20055506464419587
2025-03-01,THA,0.18023792055356572
2025-03-02,THA,0.22562737211049397
2025-03-03,THA,0.11956195368945322
2025-03-04,THA,0.11816199623675068
2025-03-05,THA,0.09167427876756515
2025-03-06,THA,0.6570119949934892
2025-03-07,THA,0.6248345388730462
2025-03-08,THA,0.8774545195264268
2025-03-09,THA,0.6407493902019037
2025-03-10,THA,0.8039754894908959
2025-03-11,THA,0.7030730843446641
2025-03-12,THA,0.7946070449937485
2025-03-13,THA,0.6245911239029209
2025-03-14,THA,0.651790968743539
2025-03-15,THA,0.04282365995896907
2025-03-16,THA,0.05493272235422196
2025-03-17,THA,0.05043835592288757
2025-03-18,THA,0.040558198776097426
2025-03-19,THA,0.046897240970688946
2025-03-20,THA,0.05771341856862133
2025-03-21,THA,0.049133192571145526
2025-03-22,THA,0.21984029967835894
2025-03-23,THA,0.2059770561664171
2025-03-24,THA,0.7162782584369511
2025-03-25,THA,0.5884354616950599
2025-03-26,THA,0.5934461128841987
2025-03-27,THA,0.32820020039130837
2025-03-28,THA,0.8558889927992963
2024-07-01,IDN,0.8212164995459859
2024-07-02,IDN,0.6802209336536188
2024-07-03,IDN,0.6018882867794848
2024-07-04,IDN,0.09500535759315967
2024-07-05,IDN,0.09812195151977178
2024-07-06,IDN,0.09750280028343923
2024-07-07,IDN,0.2591380442366626
2024-07-08,IDN,0.19534176091118638
2024-07-09,IDN,0.09685289243430112
2024-07-10,IDN,0.1684662406145679
2024-07-11,IDN,0.49270143935535016
2024-07-12,IDN,0.283325015973091
2024-07-13,IDN,0.6974017582738052
2024-07-14,IDN,0.5835789380159231
2024-07-15,IDN,0.6474014134566964
2024-07-16,IDN,0.6891708080344819
2024-07-17,IDN,0.6074447536023835
2024-07-18,IDN,0.43976255045127133
2024-07-19,IDN,0.3820679892260304
2024-07-20,IDN,0.3544638154624636
2024-07-21,IDN,0.45747859156911475
2024-07-22,IDN,0.5292084764726918
2024-07-23,IDN,0.07787729368629416
2024-07-24,IDN,0.07633039501277489
2024-07-25,IDN,0.06015533592366764
2024-07-26,IDN,0.14690525077163227
2024-07-27,IDN,0.09922553956203185
2024-07-28,IDN,0.0836374923009282
2024-07-29,IDN,0.125659202919696
2024-07-30,IDN,0.56125395713252
2024-07-31,IDN,0.6679413154869421
2024-08-01,IDN,0.5814029892809373
2024-08-02,IDN,0.6679714009879565
2024-08-03,IDN,0.5097256726587772
2024-08-04,IDN,0.33877313288701943
2024-08-05,IDN,0.6386028321116938
2024-08-06,IDN,0.8713054601882304
2024-08-07,IDN,0.32959713941551727
2024-08-08,IDN,0.34495187962351487
2024-08-09,IDN,0.8785943564736602
2024-08-10,IDN,0.487167652911871
2024-08-11,IDN,0.2739962516697503
2024-08-12,IDN,0.22731516683599898
2024-08-13,IDN,0.27143450437214034
2024-08-14,IDN,0.3972336510675462
2024-08-15,IDN,0.8086291895548642
2024-08-16,IDN,0.8020192107929155
2024-08-17,IDN,0.5149121893912402
2024-08-18,IDN,0.45428932975302944
2024-08-19,IDN,0.579285954527341
2024-08-20,IDN,0.3597334645333327
2024-08-21,IDN,0.35298332132824284
2024-08-22,IDN,0.6114068610936924
2024-08-23,IDN,0.20634055057528605
2024-08-24,IDN,0.2892913794597692
2024-08-25,IDN,0.3389191545056486
2024-08-26,IDN,0.19553208116673815
2024-08-27,IDN,0.16157089889118154
2024-08-28,IDN,0.1579279676486687
2024-08-29,IDN,0.3332429647918246
2024-08-30,IDN,0.5529567039223767
2024-08-31,IDN,0.4667631904016471
2024-09-01,IDN,0.7086238219280424
2024-09-02,IDN,0.7854551679529372
2024-09-03,IDN,0.6588816067172407
2024-09-04,IDN,0.7361111062312774
2024-09-05,IDN,0.5057471003499656
2024-09-06,IDN,0.5843984941287187
2024-09-07,IDN,0.6111485526343008
2024-09-08,IDN,0.5996686400221221
2024-09-09,IDN,0.6121456723911558
2024-09-10,IDN,0.7231234749740972
2024-09-11,IDN,0.5526409111759049
2024-09-12,IDN,0.45594992450346605
2024-09-13,IDN,0.5806233844628588
2024-09-14,IDN,0.5241828187829706
2024-09-15,IDN,0.19628106764257974
2024-09-16,IDN,0.8461259681653617
2024-09-17,IDN,0.5123561055332453
2024-09-18,IDN,0.5718295743994148
2024-09-19,IDN,0.28813953122220054
2024-09-20,IDN,0.16189913719461543
2024-09-21,IDN,0.5180477829377221
2024-09-22,IDN,0.17010880932421077
2024-09-23,IDN,0.13202858475084953
2024-09-24,IDN,0.1653089811390175
2024-09-25,IDN,0.1864043290227186
2024-09-26,IDN,0.26788383369729096
2024-09-27,IDN,0.2766377443045643
2024-09-28,IDN,0.18344320858552499
2024-09-29,IDN,0.2761789445171836
2024-09-30,IDN,0.2673386024506712
2024-10-01,IDN,0.28628242923478875
2024-10-02,IDN,0.3751684899463602
2024-10-03,IDN,0.3989286162109866
2024-10-04,IDN,0.34458092980098914
2024-10-05,IDN,0.6593772513072934
2024-10-06,IDN,0.6511709368686719
2024-10-07,IDN,0.8800918045046743
2024-10-08,IDN,0.7342000997787539
2024-10-09,IDN,0.6485725668977075
2024-10-10,IDN,0.7102985902767796
2024-10-11,IDN,0.6663236457519186
2024-10-12,IDN,0.7301298024608148
2024-10-13,IDN,0.7282097575698077
2024-10-14,IDN,0.48866824703922795
2024-10-15,IDN,0.6059031228991302
2024-10-16,IDN,0.3593480949662359
2024-10-17,IDN,0.36697938754691023
2024-10-18,IDN,0.359914667250452
2024-10-19,IDN,0.7696021588279724
2024-10-20,IDN,0.34444641982536545
2024-10-21,IDN,0.4926468390581463
2024-10-22,IDN,0.3060292201265901
2024-10-23,IDN,0.2755980727916409
2024-10-24,IDN,0.6717180090267513
2024-10-25,IDN,0.3231146816669902
2024-10-26,IDN,0.5149768164841154
2024-10-27,IDN,0.5879741409991404
2024-10-28,IDN,0.3451616740762333
2024-10-29,IDN,0.4279124947269296
2024-10-30,IDN,0.2793969845274383
2024-10-31,IDN,0.23538663690100642
2024-11-01,IDN,0.21966020312208595
2024-11-02,IDN,0.5825158786925693
2024-11-03,IDN,0.21031543567415065
2024-11-04,IDN,0.563213985169204
2024-11-05,IDN,0.27804610320003564
2024-11-06,IDN,0.31183770393456245
2024-11-07,IDN,0.3356871907856299
2024-11-08,IDN,0.661962447330971
2024-11-09,IDN,0.3582430374367479
2024-11-10,IDN,0.4952308517146084
2024-11-11,IDN,0.4952308517146084
2024-11-12,IDN,0.2906772261078202
2024-11-13,IDN,0.37111287406027316
2024-11-14,IDN,0.3623126375471296
2024-11-15,IDN,0.30074709248709774
2024-11-16,IDN,0.4012505694095177
2024-11-17,IDN,0.3043625621572404
2024-11-18,IDN,0.3772655319125396
2024-11-19,IDN,0.35601697281919825
2024-11-20,IDN,0.3057659259043493
2024-11-21,IDN,0.4240589251747652
2024-11-22,IDN,0.37186485856402834
2024-11-23,IDN,0.6951877829876105
2024-11-24,IDN,0.6811205831730338
2024-11-25,IDN,0.7938761594085567
2024-11-26,IDN,0.5995066350003063
2024-11-27,IDN,0.6750213715231653
2024-11-28,IDN,0.2581294152013872
2024-11-29,IDN,0.3781425139972491
2024-11-30,IDN,0.5289180791439911
2024-12-01,IDN,0.20921739123424168
2024-12-02,IDN,0.4867584379519135
2024-12-03,IDN,0.2068392209324287
2024-12-04,IDN,0.27581354232820876
2024-12-05,IDN,0.27959255251117165
2024-12-06,IDN,0.16045761154759441
2024-12-07,IDN,0.6956541390060924
2024-12-08,IDN,0.11874838686239186
2024-12-09,IDN,0.7202097349095092
2024-12-10,IDN,0.6249278902026012
2024-12-11,IDN,0.5113646278904682
2024-12-12,IDN,0.17260116715100302
2024-12-13,IDN,0.16911622598774695
2024-12-14,IDN,0.2697895871241887
2024-12-15,IDN,0.21707974950352754
2024-12-16,IDN,0.2383997885608823
2024-12-17,IDN,0.22756482911791392
2024-12-18,IDN,0.2212174093051166
2024-12-19,IDN,0.11971131721402534
2024-12-20,IDN,0.24537265765010086
2024-12-21,IDN,0.14979147803751353
2024-12-22,IDN,0.12741285807810798
2024-12-23,IDN,0.12343036619596998
2024-12-24,IDN,0.426446919647698
2024-12-25,IDN,0.5351189473257356
2024-12-26,IDN,0.6238223409647833
2024-12-27,IDN,0.618546639413524
2024-12-28,IDN,0.5655996855025152
2024-12-29,IDN,0.6665846313621487
2024-12-30,IDN,0.6399829417918834
2024-12-31,IDN,0.5674965773654597
2025-01-01,IDN,0.5176390769603211
2025-01-02,IDN,0.47929240109184623
2025-01-03,IDN,0.4669911367131122
2025-01-04,IDN,0.44929186300634794
2025-01-05,IDN,0.3539291282987761
2025-01-06,IDN,0.3523082004849279
2025-01-07,IDN,0.4500004059529931
2025-01-08,IDN,0.7910385834744887
2025-01-09,IDN,0.6251338890011305
2025-01-10,IDN,0.5960242688647744
2025-01-11,IDN,0.6413029557290462
2025-01-12,IDN,0.6105757533080306
2025-01-13,IDN,0.847298773074678
2025-01-14,IDN,0.649934783361715
2025-01-15,IDN,0.22046587264074577
2025-01-16,IDN,0.23104885717280035
2025-01-17,IDN,0.3648854229376038
2025-01-18,IDN,0.20828781350018702
2025-01-19,IDN,0.16369260531342836
2025-01-20,IDN,0.07407081250672862
2025-01-21,IDN,0.06788631903233207
2025-01-22,IDN,0.0926163164218728
2025-01-23,IDN,0.08451694650939769
2025-01-24,IDN,0.7433969432807755
2025-01-25,IDN,0.1424341965954625
2025-01-26,IDN,0.07015028785158295
2025-01-27,IDN,0.3057996492151591
2025-01-28,IDN,0.26693723647442646
2025-01-29,IDN,0.8445241601490387
2025-01-30,IDN,0.7743898957044156
2025-01-31,IDN,0.3245326708840118
2025-02-01,IDN,0.7199433212401051
2025-02-02,IDN,0.5155108866991547
2025-02-03,IDN,0.5144162515979398
2025-02-04,IDN,0.5941087085273051
2025-02-05,IDN,0.6632037672119633
2025-02-06,IDN,0.40586056014566085
2025-02-07,IDN,0.5158691160622074
2025-02-08,IDN,0.6571353057138334
2025-02-09,IDN,0.28966528102718
2025-02-10,IDN,0.43091098990034205
2025-02-11,IDN,0.35739712966674125
2025-02-12,IDN,0.4177795415710553
2025-02-13,IDN,0.5769658713601729
2025-02-14,IDN,0.857092768932595
2025-02-15,IDN,0.7007656054611984
2025-02-16,IDN,0.865183891682849
2025-02-17,IDN,0.6553787178270128
2025-02-18,IDN,0.6992167466862403
2025-02-19,IDN,0.849221623799279
2025-02-20,IDN,0.6784259594288974
2025-02-21,IDN,0.7277910280048777
2025-02-22,IDN,0.8395993042537045
2025-02-23,IDN,0.6458617504147702
2025-02-24,IDN,0.46624305530800275
2025-02-25,IDN,0.3448976619651769
2025-02-26,IDN,0.3983674438013591
2025-02-27,IDN,0.7356831882880666
2025-02-28,IDN,0.6091879248039437
2025-03-01,IDN,0.6859586103383017
2025-03-02,IDN,0.6102818665225707
2025-03-03,IDN,0.8090711522198238
2025-03-04,IDN,0.5786788182287719
2025-03-05,IDN,0.5991863999738143
2025-03-06,IDN,0.2526484898542574
2025-03-07,IDN,0.27673841169143737
2025-03-08,IDN,0.2081187334420182
2025-03-09,IDN,0.2539076709013665
2025-03-10,IDN,0.2645761531169867
2025-03-11,IDN,0.1478708590734632
2025-03-12,IDN,0.1514616865079919
2025-03-13,IDN,0.4094236070423087
2025-03-14,IDN,0.3648050406183018
2025-03-15,IDN,0.4534699311857429
2025-03-16,IDN,0.3179808886077054
2025-03-17,IDN,0.32788691649100765
2025-03-18,IDN,0.7098627530206121
2025-03-19,IDN,0.42345209923436905
2025-03-20,IDN,0.5389960176781193
2025-03-21,IDN,0.8717901672404261
2025-03-22,IDN,0.6645849558150424
2025-03-23,IDN,0.6302587663835325
2025-03-24,IDN,0.6815730856436176
2025-03-25,IDN,0.7820514053407213
2025-03-26,IDN,0.4603839809853899
2025-03-27,IDN,0.7778778866825026
2025-03-28,IDN,0.8228220289388734
2024-07-01,TJK,0.23448952067444145
2024-07-02,TJK,0.23372660387388366
2024-07-03,TJK,0.18876759956402514
2024-07-04,TJK,0.2391061077625385
2024-07-05,TJK,0.19485702974907146
2024-07-06,TJK,0.2561615324033789
2024-07-07,TJK,0.2482584158849238
2024-07-08,TJK,0.1755202796032115
2024-07-09,TJK,0.17593296758564878
2024-07-10,TJK,0.16122334055287163
2024-07-11,TJK,0.2069605887971728
2024-07-12,TJK,0.20878076938719764
2024-07-13,TJK,0.1931843250866063
2024-07-14,TJK,0.17594593936955935
2024-07-15,TJK,0.17129122021039142
2024-07-16,TJK,0.19798927884969095
2024-07-17,TJK,0.24285787245554574
2024-07-18,TJK,0.2778329674218706
2024-07-19,TJK,0.24959615659889944
2024-07-20,TJK,0.33025057803894076
2024-07-21,TJK,0.32350683737044067
2024-07-22,TJK,0.3160613582335807
2024-07-23,TJK,0.30520951870095453
2024-07-24,TJK,0.33742853591437677
2024-07-25,TJK,0.2997368303424071
2024-07-26,TJK,0.3904658271767661
2024-07-27,TJK,0.3534476611262857
2024-07-28,TJK,0.37258193265996675
2024-07-29,TJK,0.37258193265996675
2024-07-30,TJK,0.36719102601066844
2024-07-31,TJK,0.3621240422682072
2024-08-01,TJK,0.3952786955839148
2024-08-02,TJK,0.30476319432542376
2024-08-03,TJK,0.2681204528324447
2024-08-04,TJK,0.2590241411339108
2024-08-05,TJK,0.3026713517325826
2024-08-06,TJK,0.22662866980094568
2024-08-07,TJK,0.22268103434532655
2024-08-08,TJK,0.1976428766153623
2024-08-09,TJK,0.24363892305047216
2024-08-10,TJK,0.32802728945531917
2024-08-11,TJK,0.3309792154568892
2024-08-12,TJK,0.34849993368276244
2024-08-13,TJK,0.28196787663403255
2024-08-14,TJK,0.19130420457119682
2024-08-15,TJK,0.27751881761225444
2024-08-16,TJK,0.2757331539611131
2024-08-17,TJK,0.1780804269922154
2024-08-18,TJK,0.1893726968904873
2024-08-19,TJK,0.20841406180010918
2024-08-20,TJK,0.15306051305652332
2024-08-21,TJK,0.23448736728629116
2024-08-22,TJK,0.21744144740300567
2024-08-23,TJK,0.17689779088239824
2024-08-24,TJK,0.31289522630252203
2024-08-25,TJK,0.2512101096542208
2024-08-26,TJK,0.26646849368362413
2024-08-27,TJK,0.22997471060847907
2024-08-28,TJK,0.25121098544408615
2024-08-29,TJK,0.23062793390208122
2024-08-30,TJK,0.33363540420199395
2024-08-31,TJK,0.2839551505883187
2024-09-01,TJK,0.3229488586527452
2024-09-02,TJK,0.3373789924380579
2024-09-03,TJK,0.307352438399398
2024-09-04,TJK,0.21414455760018708
2024-09-05,TJK,0.23590911260497005
2024-09-06,TJK,0.21571909525986543
2024-09-07,TJK,0.17617630562188974
2024-09-08,TJK,0.24706535319155953
2024-09-09,TJK,0.19574834020162776
2024-09-10,TJK,0.22654733774557673
2024-09-11,TJK,0.306101821741498
2024-09-12,TJK,0.36737625842094185
2024-09-13,TJK,0.3343350485500047
2024-09-14,TJK,0.3315812945095889
2024-09-15,TJK,0.39693085697902664
2024-09-16,TJK,0.4082436648354849
2024-09-17,TJK,0.39495372462164374
2024-09-18,TJK,0.34209919844514586
2024-09-19,TJK,0.27290328678633397
2024-09-20,TJK,0.36254562216987135
2024-09-21,TJK,0.20316962787804677
2024-09-22,TJK,0.25111070005924147
2024-09-23,TJK,0.25699802260698656
2024-09-24,TJK,0.2928473006314519
2024-09-25,TJK,0.30059426701318576
2024-09-26,TJK,0.2908875472800484
2024-09-27,TJK,0.26218588367704193
2024-09-28,TJK,0.33367721377148674
2024-09-29,TJK,0.3208818303449593
2024-09-30,TJK,0.30880177342999393
2024-10-01,TJK,0.29057167794088307
2024-10-02,TJK,0.2317867504724255
2024-10-03,TJK,0.29467182922952145
2024-10-04,TJK,0.22056275525485514
2024-10-05,TJK,0.17300552768760882
2024-10-06,TJK,0.19929642474923437
2024-10-07,TJK,0.2405718918873037
2024-10-08,TJK,0.26487461106236254
2024-10-09,TJK,0.22679941549855334
2024-10-10,TJK,0.24542993387688788
2024-10-11,TJK,0.29255289747310165
2024-10-12,TJK,0.28735565608516545
2024-10-13,TJK,0.25714934333722866
2024-10-14,TJK,0.2687036891592056
2024-10-15,TJK,0.2740303866561963
2024-10-16,TJK,0.30427012497483863
2024-10-17,TJK,0.2665661324992742
2024-10-18,TJK,0.24821658998768392
2024-10-19,TJK,0.2536089728012578
2024-10-20,TJK,0.2594875330650913
2024-10-21,TJK,0.29928722728938606
2024-10-22,TJK,0.3014947107272582
2024-10-23,TJK,0.3582272418671374
2024-10-24,TJK,0.31677203108100677
2024-10-25,TJK,0.3601543346348491
2024-10-26,TJK,0.24985176319870642
2024-10-27,TJK,0.3174645227700235
2024-10-28,TJK,0.2947133742578829
2024-10-29,TJK,0.2910525913446273
2024-10-30,TJK,0.25607187754624844
2024-10-31,TJK,0.3942062864733621
2024-11-01,TJK,0.3318187355484658
2024-11-02,TJK,0.29243571308602384
2024-11-03,TJK,0.30432012260902597
2024-11-04,TJK,0.33668344727214533
2024-11-05,TJK,0.32003875758874006
2024-11-06,TJK,0.32459637280155273
2024-11-07,TJK,0.24475123475718555
2024-11-08,TJK,0.2769268037426489
2024-11-09,TJK,0.21793466090787234
2024-11-10,TJK,0.2187530040892017
2024-11-11,TJK,0.17709808881367042
2024-11-12,TJK,0.1675146450899347
2024-11-13,TJK,0.27142425316000923
2024-11-14,TJK,0.267440211084067
2024-11-15,TJK,0.3122953878137908
2024-11-16,TJK,0.214340094869394
2024-11-17,TJK,0.19589454267604337
2024-11-18,TJK,0.20019457235781626
2024-11-19,TJK,0.21813537925514465
2024-11-20,TJK,0.21200737740836664
2024-11-21,TJK,0.2034241426747939
2024-11-22,TJK,0.18633717352981496
2024-11-23,TJK,0.2893233632709868
2024-11-24,TJK,0.3381704255465907
2024-11-25,TJK,0.3124382623904285
2024-11-26,TJK,0.3000365037698153
2024-11-27,TJK,0.2909239971110859
2024-11-28,TJK,0.24729519637328015
2024-11-29,TJK,0.2512289180399897
2024-11-30,TJK,0.27279314833441665
2024-12-01,TJK,0.30245675801891836
2024-12-02,TJK,0.33906201881957193
2024-12-03,TJK,0.34729426775804445
2024-12-04,TJK,0.315776779092669
2024-12-05,TJK,0.33755499666522115
2024-12-06,TJK,0.3317610418030546
2024-12-07,TJK,0.3244918639402626
2024-12-08,TJK,0.3376053218742195
2024-12-09,TJK,0.30783523539689317
2024-12-10,TJK,0.3240737764424056
2024-12-11,TJK,0.290985769350522
2024-12-12,TJK,0.27339177361677003
2024-12-13,TJK,0.2955616526557511
2024-12-14,TJK,0.24937314096215873
2024-12-15,TJK,0.24371413577062195
2024-12-16,TJK,0.2640878594321961
2024-12-17,TJK,0.2674943114595209
2024-12-18,TJK,0.2087106898790043
2024-12-19,TJK,0.2022782875482998
2024-12-20,TJK,0.15821141440409095
2024-12-21,TJK,0.2079090045987135
2024-12-22,TJK,0.2690852547343657
2024-12-23,TJK,0.2609487409482205
2024-12-24,TJK,0.24921956404372664
2024-12-25,TJK,0.1879657099072893
2024-12-26,TJK,0.2665515135076014
2024-12-27,TJK,0.3200373411274009
2024-12-28,TJK,0.2777667400837464
2024-12-29,TJK,0.23443491279269046
2024-12-30,TJK,0.2576343384465779
2024-12-31,TJK,0.26304976509613764
2025-01-01,TJK,0.21057807218693475
2025-01-02,TJK,0.21762155020469667
2025-01-03,TJK,0.2137504007874866
2025-01-04,TJK,0.2946028563320022
2025-01-05,TJK,0.2666120636370087
2025-01-06,TJK,0.26457653876945525
2025-01-07,TJK,0.2628255260058488
2025-01-08,TJK,0.2667968167582818
2025-01-09,TJK,0.1990889151283615
2025-01-10,TJK,0.2628207305162456
2025-01-11,TJK,0.14399422746433335
2025-01-12,TJK,0.14794578676170653
2025-01-13,TJK,0.15156703844023312
2025-01-14,TJK,0.11373482198862898
2025-01-15,TJK,0.19072656391426046
2025-01-16,TJK,0.15032403244637432
2025-01-17,TJK,0.1738040465027948
2025-01-18,TJK,0.16215314231484426
2025-01-19,TJK,0.14545884183559796
2025-01-20,TJK,0.13876766679712121
2025-01-21,TJK,0.14740422190707517
2025-01-22,TJK,0.1954098419334931
2025-01-23,TJK,0.19482768156773522
2025-01-24,TJK,0.18257249990239846
2025-01-25,TJK,0.22262454441198534
2025-01-26,TJK,0.14740213842382027
2025-01-27,TJK,0.18200604919315555
2025-01-28,TJK,0.15251785570361379
2025-01-29,TJK,0.17035796900761607
2025-01-30,TJK,0.14717234709403568
2025-01-31,TJK,0.20530641304552505
2025-02-01,TJK,0.211140209414656
2025-02-02,TJK,0.24905542262480032
2025-02-03,TJK,0.20658927335838967
2025-02-04,TJK,0.17685847124456663
2025-02-05,TJK,0.2864562984559402
2025-02-06,TJK,0.3200686376939134
2025-02-07,TJK,0.2759742817513535
2025-02-08,TJK,0.24242205404368822
2025-02-09,TJK,0.25416144882154534
2025-02-10,TJK,0.28306920930643514
2025-02-11,TJK,0.24840304946350608
2025-02-12,TJK,0.3514672073374334
2025-02-13,TJK,0.2465846012650311
2025-02-14,TJK,0.2682135142954592
2025-02-15,TJK,0.19046472981721002
2025-02-16,TJK,0.19974567513530161
2025-02-17,TJK,0.1798726174408669
2025-02-18,TJK,0.1480115516969513
2025-02-19,TJK,0.13887843829914343
2025-02-20,TJK,0.1441126638747747
2025-02-21,TJK,0.15823526064945312
2025-02-22,TJK,0.10617109325174731
2025-02-23,TJK,0.15031569196151337
2025-02-24,TJK,0.185574246378709
2025-02-25,TJK,0.24516252573754088
2025-02-26,TJK,0.210320858189419
2025-02-27,TJK,0.20323069999615598
2025-02-28,TJK,0.19440676286222014
2025-03-01,TJK,0.2391738401707273
2025-03-02,TJK,0.28960004012156493
2025-03-03,TJK,0.32915951744647376
2025-03-04,TJK,0.27738239384607016
2025-03-05,TJK,0.32317846817220897
2025-03-06,TJK,0.30756648989347946
2025-03-07,TJK,0.28301555499944153
2025-03-08,TJK,0.3151289943719757
2025-03-09,TJK,0.2713454842807193
2025-03-10,TJK,0.2713454842807193
2025-03-11,TJK,0.23740418917982592
2025-03-12,TJK,0.3186500358841794
2025-03-13,TJK,0.25787459864000817
2025-03-14,TJK,0.2853400304198983
2025-03-15,TJK,0.3830311923634575
2025-03-16,TJK,0.3818323452410147
2025-03-17,TJK,0.3818323452410147
2025-03-18,TJK,0.25315316744873817
2025-03-19,TJK,0.22814663959630882
2025-03-20,TJK,0.25258704088024503
2025-03-21,TJK,0.28203339430177515
2025-03-22,TJK,0.19812907351621212
2025-03-23,TJK,0.20913165158690747
2025-03-24,TJK,0.19589677445938744
2025-03-25,TJK,0.22342626992733244
2025-03-26,TJK,0.2224701253911026
2025-03-27,TJK,0.20139199791450435
2025-03-28,TJK,0.23922343131928372
2024-07-01,KGZ,0.16093888989207378
2024-07-02,KGZ,0.1478703767211084
2024-07-03,KGZ,0.13671118519755154
2024-07-04,KGZ,0.13973858072854142
2024-07-05,KGZ,0.1564723263920341
2024-07-06,KGZ,0.16572108692450796
2024-07-07,KGZ,0.7100619961826715
2024-07-08,KGZ,0.4388027834186121
2024-07-09,KGZ,0.8136339958268346
2024-07-10,KGZ,0.47279364647464306
2024-07-11,KGZ,0.6082633772530064
2024-07-12,KGZ,0.5506642924841747
2024-07-13,KGZ,0.727805773485911
2024-07-14,KGZ,0.4465691739993312
2024-07-15,KGZ,0.46861122248683507
2024-07-16,KGZ,0.4534242822517584
2024-07-17,KGZ,0.44578561021644103
2024-07-18,KGZ,0.4703547325103758
2024-07-19,KGZ,0.48555603587422297
2024-07-20,KGZ,0.4345886616116098
2024-07-21,KGZ,0.5046457041751805
2024-07-22,KGZ,0.49953140810968893
2024-07-23,KGZ,0.5387838752772628
2024-07-24,KGZ,0.5382595575312438
2024-07-25,KGZ,0.5032573393707542
2024-07-26,KGZ,0.5162623551368739
2024-07-27,KGZ,0.8734564417269922
2024-07-28,KGZ,0.5385157659560257
2024-07-29,KGZ,0.5337844213126957
2024-07-30,KGZ,0.5583425719374082
2024-07-31,KGZ,0.5239798881473057
2024-08-01,KGZ,0.530785667845891
2024-08-02,KGZ,0.4660523884819202
2024-08-03,KGZ,0.5635016774999524
2024-08-04,KGZ,0.7430412754316896
2024-08-05,KGZ,0.5825614925768549
2024-08-06,KGZ,0.5091296961707894
2024-08-07,KGZ,0.39364098830857347
2024-08-08,KGZ,0.553842058881943
2024-08-09,KGZ,0.6134128381957816
2024-08-10,KGZ,0.857732592777509
2024-08-11,KGZ,0.6682417317390621
2024-08-12,KGZ,0.6613755029814153
2024-08-13,KGZ,0.44961245238624353
2024-08-14,KGZ,0.4478203063374721
2024-08-15,KGZ,0.6154846228563712
2024-08-16,KGZ,0.05969291251298232
2024-08-17,KGZ,0.1154790769309445
2024-08-18,KGZ,0.0822310331189179
2024-08-19,KGZ,0.0481633830158168
2024-08-20,KGZ,0.03668095578976672
2024-08-21,KGZ,0.047758093627529204
2024-08-22,KGZ,0.038875003848425606
2024-08-23,KGZ,0.510957912837722
2024-08-24,KGZ,0.48319711825579464
2024-08-25,KGZ,0.7796676182791802
2024-08-26,KGZ,0.6002772334284989
2024-08-27,KGZ,0.4964358715519597
2024-08-28,KGZ,0.4932286253647237
2024-08-29,KGZ,0.5235347005615255
2024-08-30,KGZ,0.5411394817035817
2024-08-31,KGZ,0.8920592274398418
2024-09-01,KGZ,0.6856830958280035
2024-09-02,KGZ,0.5280658504466066
2024-09-03,KGZ,0.56903701752208
2024-09-04,KGZ,0.518763643215801
2024-09-05,KGZ,0.6785340211944684
2024-09-06,KGZ,0.5176818191581063
2024-09-07,KGZ,0.8042275621432672
2024-09-08,KGZ,0.7178103562291169
2024-09-09,KGZ,0.7156379863419071
2024-09-10,KGZ,0.5722062752856307
2024-09-11,KGZ,0.5519666807456695
2024-09-12,KGZ,0.686394201605878
2024-09-13,KGZ,0.5148439952092565
2024-09-14,KGZ,0.5407458870152803
2024-09-15,KGZ,0.903347208632969
2024-09-16,KGZ,0.8279283010755364
2024-09-17,KGZ,0.5166796094702408
2024-09-18,KGZ,0.858830096934922
2024-09-19,KGZ,0.5051567385851772
2024-09-20,KGZ,0.4954604217025964
2024-09-21,KGZ,0.6697172099863965
2024-09-22,KGZ,0.10123648481593146
2024-09-23,KGZ,0.09339325151810855
2024-09-24,KGZ,0.11537607355171514
2024-09-25,KGZ,0.11042338169561106
2024-09-26,KGZ,0.09260490603749982
2024-09-27,KGZ,0.09976662791884786
2024-09-28,KGZ,0.11199430537427872
2024-09-29,KGZ,0.11875422156734199
2024-09-30,KGZ,0.3276516356666825
2024-10-01,KGZ,0.12757019637569497
2024-10-02,KGZ,0.49952382399541406
2024-10-03,KGZ,0.1810432252291937
2024-10-04,KGZ,0.13833539625636984
2024-10-05,KGZ,0.1869400581642658
2024-10-06,KGZ,0.16909287671264026
2024-10-07,KGZ,0.12867599692887596
2024-10-08,KGZ,0.13832936275853083
2024-10-09,KGZ,0.12276625163911073
2024-10-10,KGZ,0.4246947323278209
2024-10-11,KGZ,0.518867477292709
2024-10-12,KGZ,0.7754342765645164
2024-10-13,KGZ,0.5847427699714506
2024-10-14,KGZ,0.4830875687638633
2024-10-15,KGZ,0.5310438287089204
2024-10-16,KGZ,0.8747497719751236
2024-10-17,KGZ,0.462541314800262
2024-10-18,KGZ,0.522552493677044
2024-10-19,KGZ,0.49183161417392257
2024-10-20,KGZ,0.5520824425637095
2024-10-21,KGZ,0.5670593279712797
2024-10-22,KGZ,0.5043048590901952
2024-10-23,KGZ,0.20573169520819515
2024-10-24,KGZ,0.16800030863929982
2024-10-25,KGZ,0.1466632156517212
2024-10-26,KGZ,0.20678514568916076
2024-10-27,KGZ,0.13499156475236984
2024-10-28,KGZ,0.1725192461943534
2024-10-29,KGZ,0.14430848305355892
2024-10-30,KGZ,0.47754465252568035
2024-10-31,KGZ,0.5084897632959146
2024-11-01,KGZ,0.608405657284291
2024-11-02,KGZ,0.5355482433996162
2024-11-03,KGZ,0.5131137078221473
2024-11-04,KGZ,0.8546447978020273
2024-11-05,KGZ,0.8016532047544401
2024-11-06,KGZ,0.5742108138379446
2024-11-07,KGZ,0.65598008310092
2024-11-08,KGZ,0.11331808389822721
2024-11-09,KGZ,0.12949288915660948
2024-11-10,KGZ,0.19657925047793234
2024-11-11,KGZ,0.13864743520885767
2024-11-12,KGZ,0.1269836196536015
2024-11-13,KGZ,0.12337414657839431
2024-11-14,KGZ,0.13566048979404716
2024-11-15,KGZ,0.1477299274859143
2024-11-16,KGZ,0.5612393859281477
2024-11-17,KGZ,0.4700574515101374
2024-11-18,KGZ,0.7571512784690944
2024-11-19,KGZ,0.39941511070368346
2024-11-20,KGZ,0.5014218575356649
2024-11-21,KGZ,0.5007842721112963
2024-11-22,KGZ,0.13524912574429426
2024-11-23,KGZ,0.17764787462344173
2024-11-24,KGZ,0.3844009250521354
2024-11-25,KGZ,0.2574307956654736
2024-11-26,KGZ,0.17700914046083713
2024-11-27,KGZ,0.2559852800620825
2024-11-28,KGZ,0.16975871830881542
2024-11-29,KGZ,0.5012153968747115
2024-11-30,KGZ,0.4831136524863572
2024-12-01,KGZ,0.4563508024443095
2024-12-02,KGZ,0.5005217176253375
2024-12-03,KGZ,0.4689428946399578
2024-12-04,KGZ,0.4485650917311449
2024-12-05,KGZ,0.594579907502005
2024-12-06,KGZ,0.433267721146584
2024-12-07,KGZ,0.45874879363568605
2024-12-08,KGZ,0.5094892602835643
2024-12-09,KGZ,0.49335800788615486
2024-12-10,KGZ,0.46362848019409997
2024-12-11,KGZ,0.5167572565286197
2024-12-12,KGZ,0.49443580077390037
2024-12-13,KGZ,0.5514694365884015
2024-12-14,KGZ,0.5047790144254513
2024-12-15,KGZ,0.5277824642589108
2024-12-16,KGZ,0.6120773611233369
2024-12-17,KGZ,0.5454902111750446
2024-12-18,KGZ,0.543498205357679
2024-12-19,KGZ,0.4898760071896516
2024-12-20,KGZ,0.8137452289369755
2024-12-21,KGZ,0.7295132746133998
2024-12-22,KGZ,0.4408639012776551
2024-12-23,KGZ,0.8360503692902287
2024-12-24,KGZ,0.6975309495985006
2024-12-25,KGZ,0.4391914800984243
2024-12-26,KGZ,0.5655012067142524
2024-12-27,KGZ,0.27350161655005656
2024-12-28,KGZ,0.47667213592199315
2024-12-29,KGZ,0.4188186396733423
2024-12-30,KGZ,0.2410221347921417
2024-12-31,KGZ,0.6837478427450726
2025-01-01,KGZ,0.18000355417024272
2025-01-02,KGZ,0.1972810454825871
2025-01-03,KGZ,0.16717706098788543
2025-01-04,KGZ,0.15406769824424074
2025-01-05,KGZ,0.6835411927270931
2025-01-06,KGZ,0.5353090328193455
2025-01-07,KGZ,0.538996911182585
2025-01-08,KGZ,0.5477973534199445
2025-01-09,KGZ,0.8963700610583152
2025-01-10,KGZ,0.5716253979872759
2025-01-11,KGZ,0.4792379299587642
2025-01-12,KGZ,0.15043313498972039
2025-01-13,KGZ,0.15197860980937294
2025-01-14,KGZ,0.18749662485881086
2025-01-15,KGZ,0.742968558061249
2025-01-16,KGZ,0.32882559079779194
2025-01-17,KGZ,0.18174247735160404
2025-01-18,KGZ,0.18030397154132635
2025-01-19,KGZ,0.7587235793086347
2025-01-20,KGZ,0.22575964160477124
2025-01-21,KGZ,0.2883106520042968
2025-01-22,KGZ,0.25437153292016335
2025-01-23,KGZ,0.4647978649183504
2025-01-24,KGZ,0.28410304047557206
2025-01-25,KGZ,0.18607377250559062
2025-01-26,KGZ,0.6490883654264602
2025-01-27,KGZ,0.19096675168150024
2025-01-28,KGZ,0.19107637393851168
2025-01-29,KGZ,0.17158808748453983
2025-01-30,KGZ,0.2028621616970491
2025-01-31,KGZ,0.44914156568549896
2025-02-01,KGZ,0.5940559110311098
2025-02-02,KGZ,0.6417089194428123
2025-02-03,KGZ,0.21844270327459792
2025-02-04,KGZ,0.24317085228565
2025-02-05,KGZ,0.6811358469660659
2025-02-06,KGZ,0.7152067119525078
2025-02-07,KGZ,0.34468760077208993
2025-02-08,KGZ,0.3941967689382307
2025-02-09,KGZ,0.2790768585194566
2025-02-10,KGZ,0.17476822690459537
2025-02-11,KGZ,0.1402267132790125
2025-02-12,KGZ,0.1596377477952171
2025-02-13,KGZ,0.261977903180035
2025-02-14,KGZ,0.4265503261043383
2025-02-15,KGZ,0.2512724518614958
2025-02-16,KGZ,0.5986973838596638
2025-02-17,KGZ,0.30125061750008325
2025-02-18,KGZ,0.16051848140017172
2025-02-19,KGZ,0.22669152039356744
2025-02-20,KGZ,0.6622913428873982
2025-02-21,KGZ,0.4900828798614936
2025-02-22,KGZ,0.551475831283178
2025-02-23,KGZ,0.5422491079519932
2025-02-24,KGZ,0.5352214217921595
2025-02-25,KGZ,0.5649174457681031
2025-02-26,KGZ,0.5781943258705693
2025-02-27,KGZ,0.516775354273932
2025-02-28,KGZ,0.5560356989397984
2025-03-01,KGZ,0.8510945154065681
2025-03-02,KGZ,0.5116684112520278
2025-03-03,KGZ,0.510555676088295
2025-03-04,KGZ,0.4729619178438275
2025-03-05,KGZ,0.4917905150981393
2025-03-06,KGZ,0.7014472734097895
2025-03-07,KGZ,0.6154452523252134
2025-03-08,KGZ,0.15528298443170224
2025-03-09,KGZ,0.10247874380800283
2025-03-10,KGZ,0.11401944191494054
2025-03-11,KGZ,0.19094774266477252
2025-03-12,KGZ,0.14479398498831797
2025-03-13,KGZ,0.21242545348322223
2025-03-14,KGZ,0.11933752152596622
2025-03-15,KGZ,0.6202410413067821
2025-03-16,KGZ,0.5095751117610762
2025-03-17,KGZ,0.5657761910097291
2025-03-18,KGZ,0.50966289490499
2025-03-19,KGZ,0.5194231953142443
2025-03-20,KGZ,0.38769098574435235
2025-03-21,KGZ,0.39500732115249976
2025-03-22,KGZ,0.3744625239344253
2025-03-23,KGZ,0.387752381332695
2025-03-24,KGZ,0.36306880578213596
2025-03-25,KGZ,0.7927005563010255
2025-03-26,KGZ,0.45472964142010497
2025-03-27,KGZ,0.12839873424380885
2025-03-28,KGZ,0.0926719431583151
2024-07-01,ARM,0.6689682758511531
2024-07-02,ARM,0.6009875463283175
2024-07-03,ARM,0.6057369773920582
2024-07-04,ARM,0.5512604342534284
2024-07-05,ARM,0.6088183026730498
2024-07-06,ARM,0.5347625493346277
2024-07-07,ARM,0.592860940084802
2024-07-08,ARM,0.5890295367588806
2024-07-09,ARM,0.6271284427501312
2024-07-10,ARM,0.5735668272527907
2024-07-11,ARM,0.5959528035048125
2024-07-12,ARM,0.5150948954026587
2024-07-13,ARM,0.5174274769314815
2024-07-14,ARM,0.6054450054797251
2024-07-15,ARM,0.6400134043161793
2024-07-16,ARM,0.5920059981818219
2024-07-17,ARM,0.4937925035708368
2024-07-18,ARM,0.49906609475619373
2024-07-19,ARM,0.6304310913672553
2024-07-20,ARM,0.7536492771841746
2024-07-21,ARM,0.6181013918864549
2024-07-22,ARM,0.8435406346477202
2024-07-23,ARM,0.7476503764509805
2024-07-24,ARM,0.7732080693969309
2024-07-25,ARM,0.6407718010480762
2024-07-26,ARM,0.6573279846920167
2024-07-27,ARM,0.5671608863791481
2024-07-28,ARM,0.6234983281229594
2024-07-29,ARM,0.7287588725298588
2024-07-30,ARM,0.6470785054226967
2024-07-31,ARM,0.28982285129377716
2024-08-01,ARM,0.5034080606143667
2024-08-02,ARM,0.3051556214512461
2024-08-03,ARM,0.29522008573587266
2024-08-04,ARM,0.2893686649971304
2024-08-05,ARM,0.29959953847846643
2024-08-06,ARM,0.27356610814401133
2024-08-07,ARM,0.5509063166072747
2024-08-08,ARM,0.5969151760089139
2024-08-09,ARM,0.5753644278977605
2024-08-10,ARM,0.7445699589075642
2024-08-11,ARM,0.726962283196551
2024-08-12,ARM,0.6210135146297305
2024-08-13,ARM,0.5255937639832405
2024-08-14,ARM,0.5957282045372766
2024-08-15,ARM,0.6581390882015303
2024-08-16,ARM,0.5451873951592595
2024-08-17,ARM,0.5872639201965966
2024-08-18,ARM,0.6254805623417096
2024-08-19,ARM,0.5981345192974813
2024-08-20,ARM,0.6361236518503389
2024-08-21,ARM,0.6130849395597078
2024-08-22,ARM,0.5433353107964565
2024-08-23,ARM,0.5566411963406936
2024-08-24,ARM,0.5015529407645345
2024-08-25,ARM,0.7793397942813238
2024-08-26,ARM,0.5534160877451789
2024-08-27,ARM,0.5275056527791508
2024-08-28,ARM,0.5453088847034411
2024-08-29,ARM,0.5708018988933161
2024-08-30,ARM,0.5089527803522875
2024-08-31,ARM,0.6074983812117731
2024-09-01,ARM,0.6125856698708687
2024-09-02,ARM,0.6266230448315695
2024-09-03,ARM,0.5307005992816184
2024-09-04,ARM,0.4927733415435476
2024-09-05,ARM,0.6046095868903911
2024-09-06,ARM,0.5243863619839376
2024-09-07,ARM,0.6416201196591597
2024-09-08,ARM,0.7617490152835416
2024-09-09,ARM,0.7836701042814626
2024-09-10,ARM,0.5218772634536349
2024-09-11,ARM,0.6044896452045386
2024-09-12,ARM,0.5345495664380798
2024-09-13,ARM,0.509872333564029
2024-09-14,ARM,0.5326644279460608
2024-09-15,ARM,0.625828137679178
2024-09-16,ARM,0.6854388797550695
2024-09-17,ARM,0.6154164169074453
2024-09-18,ARM,0.58173658033342
2024-09-19,ARM,0.5125415457522009
2024-09-20,ARM,0.4929063340125335
2024-09-21,ARM,0.7823758304657314
2024-09-22,ARM,0.7128779118528684
2024-09-23,ARM,0.5837531302412033
2024-09-24,ARM,0.6062940732538991
2024-09-25,ARM,0.5997358577572242
2024-09-26,ARM,0.5976473398336268
2024-09-27,ARM,0.5777099257100947
2024-09-28,ARM,0.6618887964818434
2024-09-29,ARM,0.6338559371090343
2024-09-30,ARM,0.5860463235973571
2024-10-01,ARM,0.5160830008232415
2024-10-02,ARM,0.5964258458533314
2024-10-03,ARM,0.6401155408388366
2024-10-04,ARM,0.547700680713124
2024-10-05,ARM,0.5419080375544695
2024-10-06,ARM,0.512156804651573
2024-10-07,ARM,0.49524872162052525
2024-10-08,ARM,0.5525643025873689
2024-10-09,ARM,0.39874544861169964
2024-10-10,ARM,0.6813728750189785
2024-10-11,ARM,0.4712682768472769
2024-10-12,ARM,0.5513992195623368
2024-10-13,ARM,0.7820255277388969
2024-10-14,ARM,0.4343995270059982
2024-10-15,ARM,0.532014212682525
2024-10-16,ARM,0.571696035447362
2024-10-17,ARM,0.5532340395574006
2024-10-18,ARM,0.6993332156044078
2024-10-19,ARM,0.5938832185914333
2024-10-20,ARM,0.5956508709133275
2024-10-21,ARM,0.62992844323766
2024-10-22,ARM,0.5080947554034773
2024-10-23,ARM,0.5725924924544573
2024-10-24,ARM,0.5898153572766476
2024-10-25,ARM,0.5445524795247786
2024-10-26,ARM,0.7235062534951214
2024-10-27,ARM,0.7200472168624105
2024-10-28,ARM,0.5156354418269808
2024-10-29,ARM,0.5891287592335673
2024-10-30,ARM,0.5907579022089532
2024-10-31,ARM,0.5506771424980048
2024-11-01,ARM,0.4700812173403046
2024-11-02,ARM,0.624069241339366
2024-11-03,ARM,0.6402708800920215
2024-11-04,ARM,0.6347594357854254
2024-11-05,ARM,0.692057429586811
2024-11-06,ARM,0.5506885333782479
2024-11-07,ARM,0.48271165409267663
2024-11-08,ARM,0.6415961752880912
2024-11-09,ARM,0.6436042122954437
2024-11-10,ARM,0.6281943015802526
2024-11-11,ARM,0.5726467411711115
2024-11-12,ARM,0.5472180139939143
2024-11-13,ARM,0.47526111717208275
2024-11-14,ARM,0.4646981404836238
2024-11-15,ARM,0.6459164287232021
2024-11-16,ARM,0.4958739963409398
2024-11-17,ARM,0.6569959275551788
2024-11-18,ARM,0.7570953757228621
2024-11-19,ARM,0.4671204738919562
2024-11-20,ARM,0.5961264135875858
2024-11-21,ARM,0.5111594400700756
2024-11-22,ARM,0.489203253434138
2024-11-23,ARM,0.5918914381940176
2024-11-24,ARM,0.6065076201241594
2024-11-25,ARM,0.6122566108030874
2024-11-26,ARM,0.6185251019519654
2024-11-27,ARM,0.6445926978294452
2024-11-28,ARM,0.7811622310257076
2024-11-29,ARM,0.5969018448427744
2024-11-30,ARM,0.4953145565770732
2024-12-01,ARM,0.5990319649381876
2024-12-02,ARM,0.7119662278409552
2024-12-03,ARM,0.5309034970103655
2024-12-04,ARM,0.506425958672069
2024-12-05,ARM,0.5510273271846267
2024-12-06,ARM,0.6444038160880888
2024-12-07,ARM,0.613851905320256
2024-12-08,ARM,0.6328417704771184
2024-12-09,ARM,0.6561179097737545
2024-12-10,ARM,0.5423394906711996
2024-12-11,ARM,0.6565844495579295
2024-12-12,ARM,0.6007499591992108
2024-12-13,ARM,0.6694573001741054
2024-12-14,ARM,0.5911143161435313
2024-12-15,ARM,0.6284737291266991
2024-12-16,ARM,0.605225994805192
2024-12-17,ARM,0.6747667267981655
2024-12-18,ARM,0.6193509718020508
2024-12-19,ARM,0.5788876582680529
2024-12-20,ARM,0.4015630327566192
2024-12-21,ARM,0.5397460689079462
2024-12-22,ARM,0.6585438353931966
2024-12-23,ARM,0.6152982091799891
2024-12-24,ARM,0.4960441789093515
2024-12-25,ARM,0.5629485546194987
2024-12-26,ARM,0.5080674814274813
2024-12-27,ARM,0.5295428328174182
2024-12-28,ARM,0.7007742652870711
2024-12-29,ARM,0.5595781677270484
2024-12-30,ARM,0.6427978293764608
2024-12-31,ARM,0.6660531579481206
2025-01-01,ARM,0.4695842000995877
2025-01-02,ARM,0.5235190901333915
2025-01-03,ARM,0.545491531741041
2025-01-04,ARM,0.593862861489446
2025-01-05,ARM,0.5005393589312567
2025-01-06,ARM,0.5679342241481677
2025-01-07,ARM,0.5348644685612906
2025-01-08,ARM,0.5993756666432714
2025-01-09,ARM,0.6493158262417923
2025-01-10,ARM,0.6254484776372352
2025-01-11,ARM,0.5955379769901747
2025-01-12,ARM,0.5270249696451764
2025-01-13,ARM,0.5850900503783936
2025-01-14,ARM,0.7549553998860348
2025-01-15,ARM,0.6023189209235723
2025-01-16,ARM,0.3934465073095726
2025-01-17,ARM,0.5058403366534714
2025-01-18,ARM,0.580100531240875
2025-01-19,ARM,0.5943653569551643
2025-01-20,ARM,0.5745556737935789
2025-01-21,ARM,0.5346301457323868
2025-01-22,ARM,0.5418783242509057
2025-01-23,ARM,0.6314961915573524
2025-01-24,ARM,0.5048600649334282
2025-01-25,ARM,0.4613406247243254
2025-01-26,ARM,0.8182882576661921
2025-01-27,ARM,0.5705987401044046
2025-01-28,ARM,0.4789019666069803
2025-01-29,ARM,0.48905845579471563
2025-01-30,ARM,0.47629360808206594
2025-01-31,ARM,0.5414387372084849
2025-02-01,ARM,0.5894746195607666
2025-02-02,ARM,0.5842087556207983
2025-02-03,ARM,0.6079904427871601
2025-02-04,ARM,0.5782358957235904
2025-02-05,ARM,0.6254528661121974
2025-02-06,ARM,0.6029091634213576
2025-02-07,ARM,0.6111662657063586
2025-02-08,ARM,0.6256362324193946
2025-02-09,ARM,0.5826577216692301
2025-02-10,ARM,0.5125278359311539
2025-02-11,ARM,0.5809846099554584
2025-02-12,ARM,0.6358831192263015
2025-02-13,ARM,0.5397409562456678
2025-02-14,ARM,0.5215395490061997
2025-02-15,ARM,0.57492267494179
2025-02-16,ARM,0.59512151316395
2025-02-17,ARM,0.6091376694477065
2025-02-18,ARM,0.5693038776713101
2025-02-19,ARM,0.5922061616074681
2025-02-20,ARM,0.59395682803641
2025-02-21,ARM,0.5044749505276177
2025-02-22,ARM,0.617231865575048
2025-02-23,ARM,0.5547615893689635
2025-02-24,ARM,0.5842274957480776
2025-02-25,ARM,0.6190218233351255
2025-02-26,ARM,0.6579329991439877
2025-02-27,ARM,0.523137338263528
2025-02-28,ARM,0.47481165244514295
2025-03-01,ARM,0.5529824153685152
2025-03-02,ARM,0.5551064640418892
2025-03-03,ARM,0.5739657777307975
2025-03-04,ARM,0.5889920928437397
2025-03-05,ARM,0.49781419876790717
2025-03-06,ARM,0.5421224743761547
2025-03-07,ARM,0.4867957087717552
2025-03-08,ARM,0.5598132063488737
2025-03-09,ARM,0.6664506096617734
2025-03-10,ARM,0.5548253630508382
2025-03-11,ARM,0.5947481215769671
2025-03-12,ARM,0.3815217823375446
2025-03-13,ARM,0.3916068262170283
2025-03-14,ARM,0.38493675850203357
2025-03-15,ARM,0.6151016157971018
2025-03-16,ARM,0.8657150827352315
2025-03-17,ARM,0.7957537862220982
2025-03-18,ARM,0.8046023201877015
2025-03-19,ARM,0.630263046386015
2025-03-20,ARM,0.6506551849927198
2025-03-21,ARM,0.6789401695339494
2025-03-22,ARM,0.6124995229266011
2025-03-23,ARM,0.3867146136158158
2025-03-24,ARM,0.3804656973488943
2025-03-25,ARM,0.37113365900461637
2025-03-26,ARM,0.3871832279104352
2025-03-27,ARM,0.440597556190106
2025-03-28,ARM,0.29477922018922653
2024-07-01,AZE,0.5032675235285764
2024-07-02,AZE,0.1445894420450984
2024-07-03,AZE,0.17212678691642763
2024-07-04,AZE,0.11393784467380744
2024-07-05,AZE,0.5039567008062006
2024-07-06,AZE,0.6288026674309496
2024-07-07,AZE,0.6839242891640573
2024-07-08,AZE,0.561154100454447
2024-07-09,AZE,0.6067941625977994
2024-07-10,AZE,0.689490032137902
2024-07-11,AZE,0.5551862790678211
2024-07-12,AZE,0.7231986737776078
2024-07-13,AZE,0.6674180788923648
2024-07-14,AZE,0.66820712048427
2024-07-15,AZE,0.6843487214502164
2024-07-16,AZE,0.43967335211956143
2024-07-17,AZE,0.5311213936515272
2024-07-18,AZE,0.43248252278280525
2024-07-19,AZE,0.557046808315975
2024-07-20,AZE,0.6179355590375895
2024-07-21,AZE,0.6797534470681746
2024-07-22,AZE,0.6293290798374153
2024-07-23,AZE,0.558961708685272
2024-07-24,AZE,0.5930346644637016
2024-07-25,AZE,0.6347926766997243
2024-07-26,AZE,0.42489115844826436
2024-07-27,AZE,0.5667703357276299
2024-07-28,AZE,0.6165611454441406
2024-07-29,AZE,0.5593556319838467
2024-07-30,AZE,0.415668570340775
2024-07-31,AZE,0.44173870008479654
2024-08-01,AZE,0.41730130691824047
2024-08-02,AZE,0.4756420350817238
2024-08-03,AZE,0.6030017428198414
2024-08-04,AZE,0.5854158981140982
2024-08-05,AZE,0.6501136793853521
2024-08-06,AZE,0.5686185091679655
2024-08-07,AZE,0.5757121168456873
2024-08-08,AZE,0.5638258453988645
2024-08-09,AZE,0.5753864584497987
2024-08-10,AZE,0.5899527967897726
2024-08-11,AZE,0.7877814214810658
2024-08-12,AZE,0.5176882980260852
2024-08-13,AZE,0.553558825459821
2024-08-14,AZE,0.5044127062903742
2024-08-15,AZE,0.6356636956150226
2024-08-16,AZE,0.4449540126153721
2024-08-17,AZE,0.810474561385196
2024-08-18,AZE,0.5815120167905908
2024-08-19,AZE,0.7784553840623781
2024-08-20,AZE,0.6690678568527875
2024-08-21,AZE,0.6766835744036732
2024-08-22,AZE,0.4870510584002945
2024-08-23,AZE,0.5397643925094289
2024-08-24,AZE,0.5997231479130284
2024-08-25,AZE,0.650618278994134
2024-08-26,AZE,0.5479693847034444
2024-08-27,AZE,0.46621671572134943
2024-08-28,AZE,0.5075797604816106
2024-08-29,AZE,0.5267173986190038
2024-08-30,AZE,0.5534830233220798
2024-08-31,AZE,0.5759887013792483
2024-09-01,AZE,0.6247741934937567
2024-09-02,AZE,0.568794392671516
2024-09-03,AZE,0.6242362046785417
2024-09-04,AZE,0.5527920194718925
2024-09-05,AZE,0.5501011498263779
2024-09-06,AZE,0.59680831839086
2024-09-07,AZE,0.5900399441061472
2024-09-08,AZE,0.6759277634839087
2024-09-09,AZE,0.6554354928499158
2024-09-10,AZE,0.5982127843322406
2024-09-11,AZE,0.6599002041714848
2024-09-12,AZE,0.6228367088392591
2024-09-13,AZE,0.6136071960955375
2024-09-14,AZE,0.5055455290309742
2024-09-15,AZE,0.44573999042456897
2024-09-16,AZE,0.5756654316518157
2024-09-17,AZE,0.5245586469018154
2024-09-18,AZE,0.5187303768917777
2024-09-19,AZE,0.6997421610978538
2024-09-20,AZE,0.5254949139049998
2024-09-21,AZE,0.6186270465031224
2024-09-22,AZE,0.7413579964687301
2024-09-23,AZE,0.7101243419115255
2024-09-24,AZE,0.6291785280231517
2024-09-25,AZE,0.5614934767854283
2024-09-26,AZE,0.6725948180023092
2024-09-27,AZE,0.6073919781615801
2024-09-28,AZE,0.5800835597406909
2024-09-29,AZE,0.6460079236134274
2024-09-30,AZE,0.6504544866788982
2024-10-01,AZE,0.7769365883435265
2024-10-02,AZE,0.6384208149168668
2024-10-03,AZE,0.4815821176048292
2024-10-04,AZE,0.4438163165328818
2024-10-05,AZE,0.5476177167579409
2024-10-06,AZE,0.47113119718313673
2024-10-07,AZE,0.6657991349910704
2024-10-08,AZE,0.5270422926618676
2024-10-09,AZE,0.49573704652945566
2024-10-10,AZE,0.5385176112018146
2024-10-11,AZE,0.5562885193311748
2024-10-12,AZE,0.6220033926453326
2024-10-13,AZE,0.6133240080849058
2024-10-14,AZE,0.6450410809698128
2024-10-15,AZE,0.6254925376768364
2024-10-16,AZE,0.5927731417925031
2024-10-17,AZE,0.6201615397378257
2024-10-18,AZE,0.5595234595638143
2024-10-19,AZE,0.7153150632467662
2024-10-20,AZE,0.6450796124153262
2024-10-21,AZE,0.6950747013175251
2024-10-22,AZE,0.5959944944080625
2024-10-23,AZE,0.6738109802596738
2024-10-24,AZE,0.6195519703739175
2024-10-25,AZE,0.5745962790430063
2024-10-26,AZE,0.7081524124553542
2024-10-27,AZE,0.47464079929235836
2024-10-28,AZE,0.8345605275935075
2024-10-29,AZE,0.5489384971349744
2024-10-30,AZE,0.6304036196576472
2024-10-31,AZE,0.6691675956647404
2024-11-01,AZE,0.6609173628280712
2024-11-02,AZE,0.7111876947750521
2024-11-03,AZE,0.6953908332841363
2024-11-04,AZE,0.7356865644488302
2024-11-05,AZE,0.645100033018023
2024-11-06,AZE,0.6666826206944682
2024-11-07,AZE,0.7582851687504236
2024-11-08,AZE,0.6686241296429408
2024-11-09,AZE,0.6280645543047386
2024-11-10,AZE,0.7073893189089724
2024-11-11,AZE,0.780143576558986
2024-11-12,AZE,0.7731843580401204
2024-11-13,AZE,0.6895325756042546
2024-11-14,AZE,0.6479083464151398
2024-11-15,AZE,0.6128955800959816
2024-11-16,AZE,0.5918773694715753
2024-11-17,AZE,0.5130192350175774
2024-11-18,AZE,0.7642259534889331
2024-11-19,AZE,0.5966386756983155
2024-11-20,AZE,0.4103804084251391
2024-11-21,AZE,0.6110405612438443
2024-11-22,AZE,0.5627848323935756
2024-11-23,AZE,0.5627224886835643
2024-11-24,AZE,0.44491520717612987
2024-11-25,AZE,0.5684541367531161
2024-11-26,AZE,0.6325551848220142
2024-11-27,AZE,0.5419107177385747
2024-11-28,AZE,0.5966114276360819
2024-11-29,AZE,0.6408148732942458
2024-11-30,AZE,0.7083330294766904
2024-12-01,AZE,0.662920182977598
2024-12-02,AZE,0.6200784526861381
2024-12-03,AZE,0.6078979968582846
2024-12-04,AZE,0.5851952092844322
2024-12-05,AZE,0.6879201596071505
2024-12-06,AZE,0.7042797976890482
2024-12-07,AZE,0.6035588637623239
2024-12-08,AZE,0.6935317711096582
2024-12-09,AZE,0.8358999075731295
2024-12-10,AZE,0.6945619748082094
2024-12-11,AZE,0.6066482286045874
2024-12-12,AZE,0.6510195293224461
2024-12-13,AZE,0.5318473909501582
2024-12-14,AZE,0.6436706819903754
2024-12-15,AZE,0.8013590089457046
2024-12-16,AZE,0.7097952334091197
2024-12-17,AZE,0.6347365181333481
2024-12-18,AZE,0.6362508528686173
2024-12-19,AZE,0.7714228416744978
2024-12-20,AZE,0.5533972692233937
2024-12-21,AZE,0.6479203081275212
2024-12-22,AZE,0.7768155330230454
2024-12-23,AZE,0.7030686291323571
2024-12-24,AZE,0.7001611609023275
2024-12-25,AZE,0.8698092614717592
2024-12-26,AZE,0.8729360656229008
2024-12-27,AZE,0.8513384482563848
2024-12-28,AZE,0.8346900002239017
2024-12-29,AZE,0.706386688989115
2024-12-30,AZE,0.5249524488213225
2024-12-31,AZE,0.6390078885280449
2025-01-01,AZE,0.6946142920783404
2025-01-02,AZE,0.6780159262858393
2025-01-03,AZE,0.4939488122037889
2025-01-04,AZE,0.6782419900032118
2025-01-05,AZE,0.6339438237762002
2025-01-06,AZE,0.7789374424952819
2025-01-07,AZE,0.5043321164264462
2025-01-08,AZE,0.6121288976844688
2025-01-09,AZE,0.6199895351438727
2025-01-10,AZE,0.7254993661364645
2025-01-11,AZE,0.6098314828879783
2025-01-12,AZE,0.36790914829829474
2025-01-13,AZE,0.6722563479404361
2025-01-14,AZE,0.5035490938559063
2025-01-15,AZE,0.43291138759802955
2025-01-16,AZE,0.5068017120157583
2025-01-17,AZE,0.64626074617783
2025-01-18,AZE,0.5659648582791236
2025-01-19,AZE,0.6739904865663227
2025-01-20,AZE,0.6645981341673322
2025-01-21,AZE,0.7256296975179223
2025-01-22,AZE,0.6593176440442915
2025-01-23,AZE,0.5581697829205745
2025-01-24,AZE,0.5823054179034916
2025-01-25,AZE,0.7078891525300386
2025-01-26,AZE,0.5885320963724745
2025-01-27,AZE,0.6228407875506183
2025-01-28,AZE,0.5375482184453027
2025-01-29,AZE,0.6065655272447543
2025-01-30,AZE,0.5754696534449865
2025-01-31,AZE,0.5714079103883913
2025-02-01,AZE,0.7024244322384728
2025-02-02,AZE,0.6528174717630735
2025-02-03,AZE,0.5920890463275562
2025-02-04,AZE,0.48205693583150233
2025-02-05,AZE,0.6432453336721607
2025-02-06,AZE,0.762896882062065
2025-02-07,AZE,0.04697921306693882
2025-02-08,AZE,0.04486823939091833
2025-02-09,AZE,0.06637325824612107
2025-02-10,AZE,0.053243043298572566
2025-02-11,AZE,0.03857277210450353
2025-02-12,AZE,0.0551039404242153
2025-02-13,AZE,0.04468316535539865
2025-02-14,AZE,0.6043662888676192
2025-02-15,AZE,0.5538935445967775
2025-02-16,AZE,0.5773634462720523
2025-02-17,AZE,0.595181880625562
2025-02-18,AZE,0.6952010053538484
2025-02-19,AZE,0.5996325345495085
2025-02-20,AZE,0.6810919659418557
2025-02-21,AZE,0.4719756803377153
2025-02-22,AZE,0.7896242241499595
2025-02-23,AZE,0.801102803589684
2025-02-24,AZE,0.5727767686987388
2025-02-25,AZE,0.6508277350724103
2025-02-26,AZE,0.6899700009325367
2025-02-27,AZE,0.6303335851697911
2025-02-28,AZE,0.6331721145722259
2025-03-01,AZE,0.629938857344145
2025-03-02,AZE,0.670950627536829
2025-03-03,AZE,0.7175271263530677
2025-03-04,AZE,0.6231357361690057
2025-03-05,AZE,0.6375451534667763
2025-03-06,AZE,0.6071206409013596
2025-03-07,AZE,0.6442621795195141
2025-03-08,AZE,0.6648442592440603
2025-03-09,AZE,0.6005190313898384
2025-03-10,AZE,0.5751235245151529
2025-03-11,AZE,0.5588664077016132
2025-03-12,AZE,0.4212672464130412
2025-03-13,AZE,0.44020315269041915
2025-03-14,AZE,0.5038849708056548
2025-03-15,AZE,0.487210693357779
2025-03-16,AZE,0.4978750777704087
2025-03-17,AZE,0.5054103790709464
2025-03-18,AZE,0.446934158369965
2025-03-19,AZE,0.5831624345571471
2025-03-20,AZE,0.5616748262720029
2025-03-21,AZE,0.5309333090777474
2025-03-22,AZE,0.4686554136503886
2025-03-23,AZE,0.45432039994577683
2025-03-24,AZE,0.49615394416601355
2025-03-25,AZE,0.5048176765697547
2025-03-26,AZE,0.48952968531326346
2025-03-27,AZE,0.445359570732551
2025-03-28,AZE,0.43086153973351476
2024-07-01,HTI,0.8079998728230467
2024-07-02,HTI,0.41614846476369766
2024-07-03,HTI,0.5652395947858666
2024-07-04,HTI,0.8203746969152512
2024-07-05,HTI,0.5984871184178813
2024-07-06,HTI,0.8377194019264155
2024-07-07,HTI,0.04983105568521669
2024-07-08,HTI,0.04713134472601711
2024-07-09,HTI,0.03636919727973747
2024-07-10,HTI,0.04698158662673997
2024-07-11,HTI,0.05779561714682269
2024-07-12,HTI,0.031353454381270254
2024-07-13,HTI,0.04732090837234431
2024-07-14,HTI,0.6477369412781477
2024-07-15,HTI,0.9204324257167302
2024-07-16,HTI,0.7351748835386892
2024-07-17,HTI,0.79950300427926
2024-07-18,HTI,0.3036442807741447
2024-07-19,HTI,0.568932430027607
2024-07-20,HTI,0.4194215787888961
2024-07-21,HTI,0.8331859875778671
2024-07-22,HTI,0.05774787563499513
2024-07-23,HTI,0.054815529994314986
2024-07-24,HTI,0.12502550604402626
2024-07-25,HTI,0.07946955339390209
2024-07-26,HTI,0.03203421306439798
2024-07-27,HTI,0.04678618443814283
2024-07-28,HTI,0.3285411227379881
2024-07-29,HTI,0.3913232054162739
2024-07-30,HTI,0.11162660734806124
2024-07-31,HTI,0.161295871391628
2024-08-01,HTI,0.323569923219129
2024-08-02,HTI,0.1087355901518681
2024-08-03,HTI,0.06848736605655714
2024-08-04,HTI,0.046596467023471644
2024-08-05,HTI,0.04458801287650991
2024-08-06,HTI,0.19772150812790074
2024-08-07,HTI,0.08745308920207295
2024-08-08,HTI,0.12921948513980272
2024-08-09,HTI,0.10429756577063491
2024-08-10,HTI,0.2077760867789969
2024-08-11,HTI,0.8008746928979408
2024-08-12,HTI,0.37825698673965463
2024-08-13,HTI,0.24121703244935133
2024-08-14,HTI,0.21532045752902718
2024-08-15,HTI,0.8156701215837938
2024-08-16,HTI,0.26071819362886445
2024-08-17,HTI,0.14081813125390943
2024-08-18,HTI,0.09938245001271179
2024-08-19,HTI,0.29448261576791157
2024-08-20,HTI,0.06653218420195958
2024-08-21,HTI,0.06083551231313113
2024-08-22,HTI,0.030487526176342147
2024-08-23,HTI,0.03828486697748171
2024-08-24,HTI,0.14789140021895264
2024-08-25,HTI,0.3572175765381408
2024-08-26,HTI,0.03392639361823811
2024-08-27,HTI,0.3450377507882429
2024-08-28,HTI,0.07768228701146096
2024-08-29,HTI,0.4651759256692908
2024-08-30,HTI,0.4356588174084891
2024-08-31,HTI,0.5873023540298908
2024-09-01,HTI,0.4881355754015856
2024-09-02,HTI,0.24048923191165972
2024-09-03,HTI,0.2590474424968854
2024-09-04,HTI,0.05339634061873091
2024-09-05,HTI,0.13578685874084853
2024-09-06,HTI,0.1649993456708902
2024-09-07,HTI,0.10840103743750489
2024-09-08,HTI,0.09227601866493149
2024-09-09,HTI,0.15592463386331498
2024-09-10,HTI,0.12606489456256495
2024-09-11,HTI,0.1715632360950525
2024-09-12,HTI,0.5258800501220096
2024-09-13,HTI,0.4471633718207379
2024-09-14,HTI,0.18579481542349602
2024-09-15,HTI,0.12896066762049554
2024-09-16,HTI,0.0710644219618474
2024-09-17,HTI,0.09011660347897874
2024-09-18,HTI,0.10033847581264259
2024-09-19,HTI,0.09663559442873422
2024-09-20,HTI,0.07923764588144863
2024-09-21,HTI,0.4752275512703572
2024-09-22,HTI,0.5802216928527874
2024-09-23,HTI,0.46484892696416175
2024-09-24,HTI,0.19820560726579178
2024-09-25,HTI,0.23100325734722743
2024-09-26,HTI,0.5351932146416984
2024-09-27,HTI,0.42352407698391703
2024-09-28,HTI,0.16154473493559984
2024-09-29,HTI,0.27245297088635
2024-09-30,HTI,0.21100997405184185
2024-10-01,HTI,0.09838608182312981
2024-10-02,HTI,0.04736662022517126
2024-10-03,HTI,0.8557359673359237
2024-10-04,HTI,0.1457328697023682
2024-10-05,HTI,0.1053450889423292
2024-10-06,HTI,0.15491155356242842
2024-10-07,HTI,0.18297662093937037
2024-10-08,HTI,0.6495564031466459
2024-10-09,HTI,0.25134896071337276
2024-10-10,HTI,0.02017784076381333
2024-10-11,HTI,0.012411142573844194
2024-10-12,HTI,0.02813812805792373
2024-10-13,HTI,0.01395664568075166
2024-10-14,HTI,0.04186393359837763
2024-10-15,HTI,0.013641113796918984
2024-10-16,HTI,0.01197695286547272
2024-10-17,HTI,0.12558590829114277
2024-10-18,HTI,0.03103704244597419
2024-10-19,HTI,0.06457666233006379
2024-10-20,HTI,0.08461079168571108
2024-10-21,HTI,0.12744820871956067
2024-10-22,HTI,0.3196731199696543
2024-10-23,HTI,0.061024602501762754
2024-10-24,HTI,0.612305053426808
2024-10-25,HTI,0.2706618755456064
2024-10-26,HTI,0.191194602841007
2024-10-27,HTI,0.08158751484167144
2024-10-28,HTI,0.08454333306629822
2024-10-29,HTI,0.1603735699833779
2024-10-30,HTI,0.04540548450032912
2024-10-31,HTI,0.042075561029104924
2024-11-01,HTI,0.026674293075354478
2024-11-02,HTI,0.05177878891066659
2024-11-03,HTI,0.035982409404916114
2024-11-04,HTI,0.09569746766544102
2024-11-05,HTI,0.08960972877164314
2024-11-06,HTI,0.4635897153474482
2024-11-07,HTI,0.45502694549742523
2024-11-08,HTI,0.5073696498848789
2024-11-09,HTI,0.22902295930168026
2024-11-10,HTI,0.24013815975804795
2024-11-11,HTI,0.8442463076501421
2024-11-12,HTI,0.9448869765643269
2024-11-13,HTI,0.8292066027662722
2024-11-14,HTI,0.8853812198173742
2024-11-15,HTI,0.8392022472577191
2024-11-16,HTI,0.8215307426220811
2024-11-17,HTI,0.8217619169005701
2024-11-18,HTI,0.601063694990096
2024-11-19,HTI,0.7816918619894914
2024-11-20,HTI,0.18645274587830118
2024-11-21,HTI,0.24761652107783153
2024-11-22,HTI,0.24736932304582443
2024-11-23,HTI,0.22212041080989528
2024-11-24,HTI,0.19948671305938392
2024-11-25,HTI,0.185010233350899
2024-11-26,HTI,0.06983699693649907
2024-11-27,HTI,0.032711807041954324
2024-11-28,HTI,0.029619000068700278
2024-11-29,HTI,0.06002041657406409
2024-11-30,HTI,0.35059185940966825
2024-12-01,HTI,0.08155583932062331
2024-12-02,HTI,0.24840522027287049
2024-12-03,HTI,0.1199301474503274
2024-12-04,HTI,0.2910430085244653
2024-12-05,HTI,0.2515243062853703
2024-12-06,HTI,0.9307107410475008
2024-12-07,HTI,0.7941394837269556
2024-12-08,HTI,0.8280791122064473
2024-12-09,HTI,0.6556177784630475
2024-12-10,HTI,0.8127138983205087
2024-12-11,HTI,0.49648487627951177
2024-12-12,HTI,0.2997636179227104
2024-12-13,HTI,0.04705980780013392
2024-12-14,HTI,0.05715951083086807
2024-12-15,HTI,0.1714669083067055
2024-12-16,HTI,0.025453985074003926
2024-12-17,HTI,0.02713355434621107
2024-12-18,HTI,0.02525132775061755
2024-12-19,HTI,0.020098478892373848
2024-12-20,HTI,0.01592993051866419
2024-12-21,HTI,0.41914911175051245
2024-12-22,HTI,0.027897166106945696
2024-12-23,HTI,0.012490549770036474
2024-12-24,HTI,0.1031156307232519
2024-12-25,HTI,0.1792130234994392
2024-12-26,HTI,0.2116209027252019
2024-12-27,HTI,0.2196088433745996
2024-12-28,HTI,0.00906509284120521
2024-12-29,HTI,0.03221326641126422
2024-12-30,HTI,0.012551325228741793
2024-12-31,HTI,0.0574798135394995
2025-01-01,HTI,0.04362870087679433
2025-01-02,HTI,0.041608167538658376
2025-01-03,HTI,0.04559882902433384
2025-01-04,HTI,0.7770855316562102
2025-01-05,HTI,0.22736665357758978
2025-01-06,HTI,0.7614166322194722
2025-01-07,HTI,0.41102783078818456
2025-01-08,HTI,0.09164552838821396
2025-01-09,HTI,0.36919275404600727
2025-01-10,HTI,0.27782655728161265
2025-01-11,HTI,0.3214081873546208
2025-01-12,HTI,0.1459418343095402
2025-01-13,HTI,0.23423546401744774
2025-01-14,HTI,0.2239047753071534
2025-01-15,HTI,0.24729865922721966
2025-01-16,HTI,0.11532145917864099
2025-01-17,HTI,0.23359229233270928
2025-01-18,HTI,0.5129123855577181
2025-01-19,HTI,0.22710832331693365
2025-01-20,HTI,0.09375146920471385
2025-01-21,HTI,0.13979240852475197
2025-01-22,HTI,0.05519129791701848
2025-01-23,HTI,0.20198882538910504
2025-01-24,HTI,0.233728011599213
2025-01-25,HTI,0.11846184442057324
2025-01-26,HTI,0.11162485565280578
2025-01-27,HTI,0.8373539988218772
2025-01-28,HTI,0.8709946366315726
2025-01-29,HTI,0.6189241843498295
2025-01-30,HTI,0.43524527945152935
2025-01-31,HTI,0.6795198299336305
2025-02-01,HTI,0.6144485287497216
2025-02-02,HTI,0.8326857503366932
2025-02-03,HTI,0.026345788576732514
2025-02-04,HTI,0.45790250124336385
2025-02-05,HTI,0.11451173398390452
2025-02-06,HTI,0.0494888289768606
2025-02-07,HTI,0.05626616054165958
2025-02-08,HTI,0.08032228275890223
2025-02-09,HTI,0.2331919659374516
2025-02-10,HTI,0.5814303142506806
2025-02-11,HTI,0.47945587367233167
2025-02-12,HTI,0.47103713117861684
2025-02-13,HTI,0.474482978753905
2025-02-14,HTI,0.7023455976110089
2025-02-15,HTI,0.43588602893026385
2025-02-16,HTI,0.7896138430611016
2025-02-17,HTI,0.3032380388926952
2025-02-18,HTI,0.4035712615551429
2025-02-19,HTI,0.17798409502704418
2025-02-20,HTI,0.6293714044278114
2025-02-21,HTI,0.2919051759120505
2025-02-22,HTI,0.1591603720164476
2025-02-23,HTI,0.18603443464763542
2025-02-24,HTI,0.710600077372851
2025-02-25,HTI,0.16764137164724807
2025-02-26,HTI,0.10461959538833891
2025-02-27,HTI,0.1077357933055813
2025-02-28,HTI,0.20516577860661245
2025-03-01,HTI,0.0988232617363736
2025-03-02,HTI,0.8262511888373922
2025-03-03,HTI,0.07318471672865473
2025-03-04,HTI,0.04635292737929796
2025-03-05,HTI,0.07033821747397158
2025-03-06,HTI,0.04090728761767333
2025-03-07,HTI,0.7168987573131642
2025-03-08,HTI,0.21879015335235652
2025-03-09,HTI,0.2871957965064463
2025-03-10,HTI,0.08478455798749027
2025-03-11,HTI,0.08677408284094588
2025-03-12,HTI,0.6236108220411399
2025-03-13,HTI,0.3666339075246531
2025-03-14,HTI,0.10627419832684153
2025-03-15,HTI,0.33309485491792956
2025-03-16,HTI,0.5337483310636186
2025-03-17,HTI,0.11587999533105867
2025-03-18,HTI,0.36363798320833296
2025-03-19,HTI,0.756795518648836
2025-03-20,HTI,0.1802165386153906
2025-03-21,HTI,0.07323989236118733
2025-03-22,HTI,0.2965993624324548
2025-03-23,HTI,0.7295726980456394
2025-03-24,HTI,0.5822115948673514
2025-03-25,HTI,0.36029001472464406
2025-03-26,HTI,0.5337879961327097
2025-03-27,HTI,0.13787124036435855
2025-03-28,HTI,0.12282723137670216
2024-07-01,COL,0.1702444324943681
2024-07-02,COL,0.06819529726044835
2024-07-03,COL,0.0697987420388804
2024-07-04,COL,0.11732761820860767
2024-07-05,COL,0.15054031197636858
2024-07-06,COL,0.06304547792462784
2024-07-07,COL,0.3266552036279131
2024-07-08,COL,0.21777376042989507
2024-07-09,COL,0.10297362983642376
2024-07-10,COL,0.13932377797963694
2024-07-11,COL,0.10986042090195774
2024-07-12,COL,0.1023434217626867
2024-07-13,COL,0.22220586475564133
2024-07-14,COL,0.22960531225014916
2024-07-15,COL,0.1806906193901627
2024-07-16,COL,0.2936159361012057
2024-07-17,COL,0.3482386001551004
2024-07-18,COL,0.30423110303789225
2024-07-19,COL,0.38824405762469166
2024-07-20,COL,0.19798914148508692
2024-07-21,COL,0.6799198461923737
2024-07-22,COL,0.48885237896577494
2024-07-23,COL,0.08646665847488973
2024-07-24,COL,0.1596348425426156
2024-07-25,COL,0.08675377786314048
2024-07-26,COL,0.07598806554683993
2024-07-27,COL,0.11032288109275265
2024-07-28,COL,0.07327301301555855
2024-07-29,COL,0.1092314671317077
2024-07-30,COL,0.08866188310021143
2024-07-31,COL,0.06009949047187684
2024-08-01,COL,0.0855792311446728
2024-08-02,COL,0.06618646291098954
2024-08-03,COL,0.08406516586544006
2024-08-04,COL,0.3000011124768461
2024-08-05,COL,0.22059385879642576
2024-08-06,COL,0.20543734537395694
2024-08-07,COL,0.30245670076877973
2024-08-08,COL,0.289818251104356
2024-08-09,COL,0.22060699451814036
2024-08-10,COL,0.220416615799623
2024-08-11,COL,0.3213592621001449
2024-08-12,COL,0.7938636519514396
2024-08-13,COL,0.5701362217053416
2024-08-14,COL,0.26107116399230706
2024-08-15,COL,0.34293228281240257
2024-08-16,COL,0.3463082746151791
2024-08-17,COL,0.29561828431040366
2024-08-18,COL,0.3939271727705295
2024-08-19,COL,0.049549189940294946
2024-08-20,COL,0.09687487131316987
2024-08-21,COL,0.09203227927608909
2024-08-22,COL,0.11456860566776562
2024-08-23,COL,0.050787069352313204
2024-08-24,COL,0.029724060042640058
2024-08-25,COL,0.07218328980984122
2024-08-26,COL,0.15288534010325802
2024-08-27,COL,0.2327517413856883
2024-08-28,COL,0.14588413311581228
2024-08-29,COL,0.4253221297887284
2024-08-30,COL,0.22543267663108282
2024-08-31,COL,0.12051608883042443
2024-09-01,COL,0.09659654086401313
2024-09-02,COL,0.031213379607337687
2024-09-03,COL,0.03687517980834605
2024-09-04,COL,0.03277917985030693
2024-09-05,COL,0.08087897814160588
2024-09-06,COL,0.02586792731956685
2024-09-07,COL,0.03132459233279125
2024-09-08,COL,0.5739717807919428
2024-09-09,COL,0.0499103683459364
2024-09-10,COL,0.323634160603132
2024-09-11,COL,0.06330613929648869
2024-09-12,COL,0.3083092884015339
2024-09-13,COL,0.03956384533589048
2024-09-14,COL,0.09575341476901054
2024-09-15,COL,0.07970548295974283
2024-09-16,COL,0.025842370535974046
2024-09-17,COL,0.0751661146200509
2024-09-18,COL,0.2450388478370571
2024-09-19,COL,0.03215731769313789
2024-09-20,COL,0.11697808250913308
2024-09-21,COL,0.0190673200433758
2024-09-22,COL,0.08938294937718182
2024-09-23,COL,0.36831217106685177
2024-09-24,COL,0.352216996784418
2024-09-25,COL,0.1862381356699346
2024-09-26,COL,0.11631306612651639
2024-09-27,COL,0.09048427163854747
2024-09-28,COL,0.16331289617895645
2024-09-29,COL,0.5715769161936223
2024-09-30,COL,0.29551388870875755
2024-10-01,COL,0.41874482415370456
2024-10-02,COL,0.35353289729872095
2024-10-03,COL,0.40835886492934703
2024-10-04,COL,0.48509439416859956
2024-10-05,COL,0.5003111515032008
2024-10-06,COL,0.06611880236639202
2024-10-07,COL,0.02842540436274295
2024-10-08,COL,0.051559087224180164
2024-10-09,COL,0.04894609095509658
2024-10-10,COL,0.02876422332242049
2024-10-11,COL,0.15776098895440377
2024-10-12,COL,0.026487453345455245
2024-10-13,COL,0.17756479812033749
2024-10-14,COL,0.11230775552026613
2024-10-15,COL,0.07913332818477183
2024-10-16,COL,0.05500703997864829
2024-10-17,COL,0.06849107187841087
2024-10-18,COL,0.07035627924346712
2024-10-19,COL,0.04022916850416602
2024-10-20,COL,0.030758921333795226
2024-10-21,COL,0.09118632791524331
2024-10-22,COL,0.07055635581794541
2024-10-23,COL,0.07404750431645037
2024-10-24,COL,0.030579568053290887
2024-10-25,COL,0.12779494079870227
2024-10-26,COL,0.1554014735339378
2024-10-27,COL,0.204232239453482
2024-10-28,COL,0.09288384167275134
2024-10-29,COL,0.06805948425004837
2024-10-30,COL,0.1270441480264429
2024-10-31,COL,0.10370578167630766
2024-11-01,COL,0.643559511515064
2024-11-02,COL,0.18463563928716445
2024-11-03,COL,0.051341672216785164
2024-11-04,COL,0.05551743161775161
2024-11-05,COL,0.038078934016812865
2024-11-06,COL,0.038586633873282414
2024-11-07,COL,0.3110056648454398
2024-11-08,COL,0.12673193597533433
2024-11-09,COL,0.05447046963529298
2024-11-10,COL,0.14606627657091495
2024-11-11,COL,0.04616235901312217
2024-11-12,COL,0.04465320972229009
2024-11-13,COL,0.06626706120369437
2024-11-14,COL,0.12621482842806353
2024-11-15,COL,0.406246053977444
2024-11-16,COL,0.23792018693378175
2024-11-17,COL,0.04457229546523288
2024-11-18,COL,0.041583756327958264
2024-11-19,COL,0.05290444394799539
2024-11-20,COL,0.22032043970548246
2024-11-21,COL,0.117586377462218
2024-11-22,COL,0.1451113298015437
2024-11-23,COL,0.024836922872384076
2024-11-24,COL,0.04309222666375921
2024-11-25,COL,0.044375790093539765
2024-11-26,COL,0.10607206321107161
2024-11-27,COL,0.06813219826674369
2024-11-28,COL,0.037398393511993776
2024-11-29,COL,0.03585415545730605
2024-11-30,COL,0.5719365465267894
2024-12-01,COL,0.09762483776693627
2024-12-02,COL,0.05978214569041673
2024-12-03,COL,0.12095322093050999
2024-12-04,COL,0.49793766716841836
2024-12-05,COL,0.2793656039400234
2024-12-06,COL,0.098162468672455
2024-12-07,COL,0.03691358805096164
2024-12-08,COL,0.04242899201502224
2024-12-09,COL,0.03525750069864188
2024-12-10,COL,0.03111603030538424
2024-12-11,COL,0.025690587521192278
2024-12-12,COL,0.033261222640561944
2024-12-13,COL,0.04459662282181297
2024-12-14,COL,0.07260710652619186
2024-12-15,COL,0.15301039511806228
2024-12-16,COL,0.08209070045600499
2024-12-17,COL,0.28605126988467305
2024-12-18,COL,0.13224699372132773
2024-12-19,COL,0.08539819892526661
2024-12-20,COL,0.07936851680143359
2024-12-21,COL,0.12885294494850352
2024-12-22,COL,0.08180413111536669
2024-12-23,COL,0.10967764426836092
2024-12-24,COL,0.049632496648262144
2024-12-25,COL,0.03881002387023911
2024-12-26,COL,0.03500233020907866
2024-12-27,COL,0.048334000531284185
2024-12-28,COL,0.02343160780892278
2024-12-29,COL,0.024543615113006945
2024-12-30,COL,0.024025643282959547
2024-12-31,COL,0.054151357618831
2025-01-01,COL,0.08258349960695192
2025-01-02,COL,0.16108176559266604
2025-01-03,COL,0.09308936791239603
2025-01-04,COL,0.10260881484042517
2025-01-05,COL,0.11247920398713177
2025-01-06,COL,0.1386998646472079
2025-01-07,COL,0.1663613749861536
2025-01-08,COL,0.13062156574495443
2025-01-09,COL,0.20712105884753898
2025-01-10,COL,0.1276479400304933
2025-01-11,COL,0.23127863830788864
2025-01-12,COL,0.12889536831485243
2025-01-13,COL,0.16025516077451846
2025-01-14,COL,0.14733623971601795
2025-01-15,COL,0.29778467686169496
2025-01-16,COL,0.9031359353394105
2025-01-17,COL,0.4190297693381207
2025-01-18,COL,0.820477012437192
2025-01-19,COL,0.8507261709498146
2025-01-20,COL,0.127225205675419
2025-01-21,COL,0.1876327945828087
2025-01-22,COL,0.17143875345614168
2025-01-23,COL,0.02764066708672498
2025-01-24,COL,0.029053285542862756
2025-01-25,COL,0.18273228743239808
2025-01-26,COL,0.03986760818631366
2025-01-27,COL,0.1813230213570532
2025-01-28,COL,0.10916973577531155
2025-01-29,COL,0.16909416629540622
2025-01-30,COL,0.2644104973614574
2025-01-31,COL,0.03110183481862319
2025-02-01,COL,0.041127520136409954
2025-02-02,COL,0.04539717554956758
2025-02-03,COL,0.43678583362795953
2025-02-04,COL,0.07614218557644413
2025-02-05,COL,0.3106546949270356
2025-02-06,COL,0.03812515759671207
2025-02-07,COL,0.06766222775884208
2025-02-08,COL,0.08998944572681308
2025-02-09,COL,0.04446048519192045
2025-02-10,COL,0.300806411077865
2025-02-11,COL,0.24874270553204694
2025-02-12,COL,0.07372538716310516
2025-02-13,COL,0.10601539042168585
2025-02-14,COL,0.1026758112118367
2025-02-15,COL,0.5196806011632908
2025-02-16,COL,0.557954352781913
2025-02-17,COL,0.0999866007197755
2025-02-18,COL,0.1228935202516064
2025-02-19,COL,0.30570140495476456
2025-02-20,COL,0.6486176188089667
2025-02-21,COL,0.6191784273877321
2025-02-22,COL,0.6329916342336375
2025-02-23,COL,0.16800033633245212
2025-02-24,COL,0.20900597797936968
2025-02-25,COL,0.24976332832328416
2025-02-26,COL,0.07658289076542332
2025-02-27,COL,0.1274443877382245
2025-02-28,COL,0.06047323468971423
2025-03-01,COL,0.31501008797660685
2025-03-02,COL,0.08691489558345139
2025-03-03,COL,0.31601825024506286
2025-03-04,COL,0.07182085014489605
2025-03-05,COL,0.09754344468397601
2025-03-06,COL,0.07895598937285635
2025-03-07,COL,0.08093063132848054
2025-03-08,COL,0.24606621103527235
2025-03-09,COL,0.6185095464451646
2025-03-10,COL,0.09957876402041606
2025-03-11,COL,0.21115663832895976
2025-03-12,COL,0.06641817844938631
2025-03-13,COL,0.03794152205819519
2025-03-14,COL,0.028799124004459376
2025-03-15,COL,0.38258266753938075
2025-03-16,COL,0.07512107211908874
2025-03-17,COL,0.04670734672907226
2025-03-18,COL,0.057641795731668125
2025-03-19,COL,0.09129703746292125
2025-03-20,COL,0.053681288381473194
2025-03-21,COL,0.06562897404190904
2025-03-22,COL,0.07298729501472023
2025-03-23,COL,0.6057956360614147
2025-03-24,COL,0.0740394361124349
2025-03-25,COL,0.09943784375561628
2025-03-26,COL,0.44855967837673083
2025-03-27,COL,0.09675973121608121
2025-03-28,COL,0.0745879818418559
2024-07-01,MEX,0.018027353517689356
2024-07-02,MEX,0.01569792327601782
2024-07-03,MEX,0.015989384522016856
2024-07-04,MEX,0.018669467284225947
2024-07-05,MEX,0.01701541406772175
2024-07-06,MEX,0.019841159222833603
2024-07-07,MEX,0.06382693101447039
2024-07-08,MEX,0.02166218015427551
2024-07-09,MEX,0.02919600057219915
2024-07-10,MEX,0.0345558661487099
2024-07-11,MEX,0.122691719690525
2024-07-12,MEX,0.027899107922040114
2024-07-13,MEX,0.028935814076946724
2024-07-14,MEX,0.03325676617590695
2024-07-15,MEX,0.2397195722759769
2024-07-16,MEX,0.047107335770451286
2024-07-17,MEX,0.024289741795615258
2024-07-18,MEX,0.23058857920480788
2024-07-19,MEX,0.03456920314794351
2024-07-20,MEX,0.09424376119516119
2024-07-21,MEX,0.0562900980671049
2024-07-22,MEX,0.051142219589580325
2024-07-23,MEX,0.03245503456435399
2024-07-24,MEX,0.041900886370834556
2024-07-25,MEX,0.13119335864244774
2024-07-26,MEX,0.13764113796797128
2024-07-27,MEX,0.041831837916187706
2024-07-28,MEX,0.0471335581932249
2024-07-29,MEX,0.030346841966510895
2024-07-30,MEX,0.03768321045277924
2024-07-31,MEX,0.032968687060992166
2024-08-01,MEX,0.03544877605207736
2024-08-02,MEX,0.03489597350763868
2024-08-03,MEX,0.0216443253906039
2024-08-04,MEX,0.023024619535571247
2024-08-05,MEX,0.0737565229452668
2024-08-06,MEX,0.02868677335330769
2024-08-07,MEX,0.046025526922311696
2024-08-08,MEX,0.0950101242774171
2024-08-09,MEX,0.04024991195227825
2024-08-10,MEX,0.06313290931808208
2024-08-11,MEX,0.07676630845781932
2024-08-12,MEX,0.03614566593885802
2024-08-13,MEX,0.023011340954195686
2024-08-14,MEX,0.06473886656951355
2024-08-15,MEX,0.03355173135933985
2024-08-16,MEX,0.02554646693439462
2024-08-17,MEX,0.019533969366969182
2024-08-18,MEX,0.02263949607751826
2024-08-19,MEX,0.043910826411140975
2024-08-20,MEX,0.023356848312334224
2024-08-21,MEX,0.030319983139865888
2024-08-22,MEX,0.03421514053202543
2024-08-23,MEX,0.04757420713661293
2024-08-24,MEX,0.02633920929119369
2024-08-25,MEX,0.023067974048186266
2024-08-26,MEX,0.069752292005425
2024-08-27,MEX,0.0686733550744533
2024-08-28,MEX,0.03276062158201053
2024-08-29,MEX,0.05026155756605705
2024-08-30,MEX,0.036305881126870526
2024-08-31,MEX,0.41129129288156946
2024-09-01,MEX,0.07044136260815409
2024-09-02,MEX,0.028395278125339592
2024-09-03,MEX,0.026301653667130585
2024-09-04,MEX,0.022002392452530037
2024-09-05,MEX,0.04706732433041355
2024-09-06,MEX,0.05769836953212369
2024-09-07,MEX,0.016499468986062287
2024-09-08,MEX,0.024397590565151474
2024-09-09,MEX,0.05537783656544013
2024-09-10,MEX,0.02925030168526351
2024-09-11,MEX,0.12441101385202458
2024-09-12,MEX,0.03304570822601551
2024-09-13,MEX,0.03602320686061423
2024-09-14,MEX,0.03449529880259982
2024-09-15,MEX,0.11112351152860304
2024-09-16,MEX,0.42365601074021964
2024-09-17,MEX,0.029284755344901204
2024-09-18,MEX,0.03687250433953684
2024-09-19,MEX,0.06724404636297095
2024-09-20,MEX,0.031546493184568807
2024-09-21,MEX,0.07445427912401544
2024-09-22,MEX,0.0282946157788348
2024-09-23,MEX,0.04107020170386155
2024-09-24,MEX,0.024484045346026866
2024-09-25,MEX,0.026000571502481105
2024-09-26,MEX,0.02772145188678441
2024-09-27,MEX,0.02448597801939917
2024-09-28,MEX,0.019264947748051316
2024-09-29,MEX,0.09573765940144498
2024-09-30,MEX,0.06055679943909267
2024-10-01,MEX,0.27423463167479734
2024-10-02,MEX,0.2523736163997691
2024-10-03,MEX,0.3423677234529078
2024-10-04,MEX,0.02475190257225387
2024-10-05,MEX,0.04271474969742455
2024-10-06,MEX,0.03187167764207283
2024-10-07,MEX,0.07960734887674373
2024-10-08,MEX,0.025914152608248916
2024-10-09,MEX,0.02635969804929151
2024-10-10,MEX,0.41099505752991194
2024-10-11,MEX,0.030280519054000875
2024-10-12,MEX,0.023519953682533852
2024-10-13,MEX,0.07388145671460232
2024-10-14,MEX,0.04160997801354209
2024-10-15,MEX,0.07883067105615987
2024-10-16,MEX,0.02635735161802068
2024-10-17,MEX,0.4627944397662965
2024-10-18,MEX,0.10750645032440764
2024-10-19,MEX,0.1402035196954845
2024-10-20,MEX,0.04947852515907762
2024-10-21,MEX,0.3182044400972797
2024-10-22,MEX,0.17987467044589808
2024-10-23,MEX,0.12320636001813177
2024-10-24,MEX,0.17966456787598187
2024-10-25,MEX,0.19622429491566154
2024-10-26,MEX,0.0967793219613175
2024-10-27,MEX,0.08047019545290714
2024-10-28,MEX,0.058767566678909124
2024-10-29,MEX,0.24434949150669125
2024-10-30,MEX,0.028948724058793663
2024-10-31,MEX,0.09726884626822781
2024-11-01,MEX,0.01807126073748073
2024-11-02,MEX,0.03518334164575269
2024-11-03,MEX,0.020629041175038734
2024-11-04,MEX,0.06954210395608294
2024-11-05,MEX,0.03310225404975931
2024-11-06,MEX,0.04236908721101837
2024-11-07,MEX,0.467011223393151
2024-11-08,MEX,0.04638945987496594
2024-11-09,MEX,0.17369883166849914
2024-11-10,MEX,0.08696023917997586
2024-11-11,MEX,0.1079133406045053
2024-11-12,MEX,0.05377759032502987
2024-11-13,MEX,0.04810096893564738
2024-11-14,MEX,0.11149993719318234
2024-11-15,MEX,0.035759425280833174
2024-11-16,MEX,0.3440022688803661
2024-11-17,MEX,0.03207960489638435
2024-11-18,MEX,0.019380508347823525
2024-11-19,MEX,0.023972418800112312
2024-11-20,MEX,0.03284966626383945
2024-11-21,MEX,0.024561116344815944
2024-11-22,MEX,0.061695725071843725
2024-11-23,MEX,0.03157907567047303
2024-11-24,MEX,0.026528534087371283
2024-11-25,MEX,0.03264342583203209
2024-11-26,MEX,0.03255261021988032
2024-11-27,MEX,0.04809998992879505
2024-11-28,MEX,0.034572335481764124
2024-11-29,MEX,0.1149829912701116
2024-11-30,MEX,0.08974521624743788
2024-12-01,MEX,0.04276444857066521
2024-12-02,MEX,0.029428156149178663
2024-12-03,MEX,0.2225718672726741
2024-12-04,MEX,0.03346945001614965
2024-12-05,MEX,0.0494619464522074
2024-12-06,MEX,0.02268460706783474
2024-12-07,MEX,0.041068705318724315
2024-12-08,MEX,0.08718139706047266
2024-12-09,MEX,0.042130605333411834
2024-12-10,MEX,0.10029313481418879
2024-12-11,MEX,0.06806133141664622
2024-12-12,MEX,0.062233750297288414
2024-12-13,MEX,0.039307782004900885
2024-12-14,MEX,0.026700661902789476
2024-12-15,MEX,0.02466630104006955
2024-12-16,MEX,0.3631290771477185
2024-12-17,MEX,0.02770710238503957
2024-12-18,MEX,0.0832240712927898
2024-12-19,MEX,0.028857543522460845
2024-12-20,MEX,0.03450532696693434
2024-12-21,MEX,0.03488262683857811
2024-12-22,MEX,0.024720190703511856
2024-12-23,MEX,0.02755541174735323
2024-12-24,MEX,0.04895249572266484
2024-12-25,MEX,0.07351017464724822
2024-12-26,MEX,0.03548580408542086
2024-12-27,MEX,0.5330348520234229
2024-12-28,MEX,0.08129652714078686
2024-12-29,MEX,0.059680908302097525
2024-12-30,MEX,0.05890947048154172
2024-12-31,MEX,0.1179238108686728
2025-01-01,MEX,0.043151605016930654
2025-01-02,MEX,0.13732645073050975
2025-01-03,MEX,0.031928624157585496
2025-01-04,MEX,0.06152267577711948
2025-01-05,MEX,0.0341075927068939
2025-01-06,MEX,0.436274006102762
2025-01-07,MEX,0.0396875177340911
2025-01-08,MEX,0.037482377318072274
2025-01-09,MEX,0.04616528391579019
2025-01-10,MEX,0.06729700245665826
2025-01-11,MEX,0.02608543955297953
2025-01-12,MEX,0.03416210325283953
2025-01-13,MEX,0.032290492959071375
2025-01-14,MEX,0.21788274037226144
2025-01-15,MEX,0.020746228927449907
2025-01-16,MEX,0.024237789825339428
2025-01-17,MEX,0.02743703814801621
2025-01-18,MEX,0.021966783929096123
2025-01-19,MEX,0.022146753023377083
2025-01-20,MEX,0.1750907764224347
2025-01-21,MEX,0.06726848711912824
2025-01-22,MEX,0.02038796481730178
2025-01-23,MEX,0.21676538955907554
2025-01-24,MEX,0.08705680846600361
2025-01-25,MEX,0.032864201785612585
2025-01-26,MEX,0.028537634614340345
2025-01-27,MEX,0.08393501825648607
2025-01-28,MEX,0.16076937954439133
2025-01-29,MEX,0.042717913821847385
2025-01-30,MEX,0.05399045316402138
2025-01-31,MEX,0.27390020923690456
2025-02-01,MEX,0.11509925578574798
2025-02-02,MEX,0.03840719787135357
2025-02-03,MEX,0.11116183787850296
2025-02-04,MEX,0.16543427048536244
2025-02-05,MEX,0.18734230867792548
2025-02-06,MEX,0.03553335343814737
2025-02-07,MEX,0.03259455069314332
2025-02-08,MEX,0.5273507105269166
2025-02-09,MEX,0.10336394516271463
2025-02-10,MEX,0.02266755668956636
2025-02-11,MEX,0.031128264879878385
2025-02-12,MEX,0.022007137048434103
2025-02-13,MEX,0.3009074943808034
2025-02-14,MEX,0.03615177998559735
2025-02-15,MEX,0.02341598171831625
2025-02-16,MEX,0.3732570364110906
2025-02-17,MEX,0.02648872211294291
2025-02-18,MEX,0.0875190507259306
2025-02-19,MEX,0.08143299532786924
2025-02-20,MEX,0.391096624119957
2025-02-21,MEX,0.06345686479374839
2025-02-22,MEX,0.27669996884330983
2025-02-23,MEX,0.12159672568188626
2025-02-24,MEX,0.03478123520361946
2025-02-25,MEX,0.024513148016554947
2025-02-26,MEX,0.04946872946019292
2025-02-27,MEX,0.03157189040785609
2025-02-28,MEX,0.0437888927070587
2025-03-01,MEX,0.43570299347809976
2025-03-02,MEX,0.04300664062989465
2025-03-03,MEX,0.02557170837957717
2025-03-04,MEX,0.09884562915214465
2025-03-05,MEX,0.04390231793864614
2025-03-06,MEX,0.03452610747484915
2025-03-07,MEX,0.08617170108369676
2025-03-08,MEX,0.019431430684376444
2025-03-09,MEX,0.10022930191865476
2025-03-10,MEX,0.02201602353316898
2025-03-11,MEX,0.02827650801595506
2025-03-12,MEX,0.027864650399963508
2025-03-13,MEX,0.04260036653830568
2025-03-14,MEX,0.02550421268366084
2025-03-15,MEX,0.07078159754138386
2025-03-16,MEX,0.2583339046073281
2025-03-17,MEX,0.02116627639165865
2025-03-18,MEX,0.026020752696368152
2025-03-19,MEX,0.0308047015198003
2025-03-20,MEX,0.038038921949987814
2025-03-21,MEX,0.0520146045792779
2025-03-22,MEX,0.027193142391803562
2025-03-23,MEX,0.07052681300455062
2025-03-24,MEX,0.022748925874788713
2025-03-25,MEX,0.03244707862698006
2025-03-26,MEX,0.03421859992222773
2025-03-27,MEX,0.08862497508002191
2025-03-28,MEX,0.022682027495495603
2024-07-01,VEN,0.23844970269834706
2024-07-02,VEN,0.4674793506697884
2024-07-03,VEN,0.27490742584390304
2024-07-04,VEN,0.28968808111920313
2024-07-05,VEN,0.3673254574795206
2024-07-06,VEN,0.3070058205087443
2024-07-07,VEN,0.20023042508377595
2024-07-08,VEN,0.3072308587155874
2024-07-09,VEN,0.33257762283925174
2024-07-10,VEN,0.35771061883672856
2024-07-11,VEN,0.3417501167703996
2024-07-12,VEN,0.28419134439804034
2024-07-13,VEN,0.3150674597357999
2024-07-14,VEN,0.3293254410399746
2024-07-15,VEN,0.7338841075734099
2024-07-16,VEN,0.5781831066182824
2024-07-17,VEN,0.2965105630400146
2024-07-18,VEN,0.25894696618791735
2024-07-19,VEN,0.314443499989724
2024-07-20,VEN,0.5478144931315495
2024-07-21,VEN,0.33812647342604196
2024-07-22,VEN,0.2341800487032709
2024-07-23,VEN,0.3741297047842148
2024-07-24,VEN,0.25936932483556246
2024-07-25,VEN,0.2101559167849367
2024-07-26,VEN,0.17627431214727463
2024-07-27,VEN,0.31135540584428334
2024-07-28,VEN,0.34698186085193333
2024-07-29,VEN,0.7089167039781816
2024-07-30,VEN,0.7644963798218266
2024-07-31,VEN,0.6514525922651129
2024-08-01,VEN,0.642596508534617
2024-08-02,VEN,0.4991827515685887
2024-08-03,VEN,0.49209770060656394
2024-08-04,VEN,0.500154354059935
2024-08-05,VEN,0.4713859991081208
2024-08-06,VEN,0.47455927521021785
2024-08-07,VEN,0.6180634157806397
2024-08-08,VEN,0.46715241025750565
2024-08-09,VEN,0.6114249383166842
2024-08-10,VEN,0.41004928581405214
2024-08-11,VEN,0.5036043759587848
2024-08-12,VEN,0.3801988993438656
2024-08-13,VEN,0.5644132848414272
2024-08-14,VEN,0.1060630447996028
2024-08-15,VEN,0.13922006294436928
2024-08-16,VEN,0.1058763469049783
2024-08-17,VEN,0.057137261591277015
2024-08-18,VEN,0.07931948788948982
2024-08-19,VEN,0.08918938897039991
2024-08-20,VEN,0.07717464374696385
2024-08-21,VEN,0.339500460316496
2024-08-22,VEN,0.1961556009134696
2024-08-23,VEN,0.5391038636902086
2024-08-24,VEN,0.3927988014566874
2024-08-25,VEN,0.4221634202723743
2024-08-26,VEN,0.5943732092153402
2024-08-27,VEN,0.4985647540434223
2024-08-28,VEN,0.3307997329439155
2024-08-29,VEN,0.5141977282212454
2024-08-30,VEN,0.2892266782402476
2024-08-31,VEN,0.3563845034294226
2024-09-01,VEN,0.2848391094429516
2024-09-02,VEN,0.3369526005426239
2024-09-03,VEN,0.4136331884981559
2024-09-04,VEN,0.22156580158781575
2024-09-05,VEN,0.20621162104051338
2024-09-06,VEN,0.24523280259487923
2024-09-07,VEN,0.11891792884120744
2024-09-08,VEN,0.09485038243580017
2024-09-09,VEN,0.22564562147529338
2024-09-10,VEN,0.17985985987540234
2024-09-11,VEN,0.3293654768875429
2024-09-12,VEN,0.23649395860170966
2024-09-13,VEN,0.13887958977413398
2024-09-14,VEN,0.21785024178231452
2024-09-15,VEN,0.3020697814897766
2024-09-16,VEN,0.1636234855172843
2024-09-17,VEN,0.13287237862170495
2024-09-18,VEN,0.21979818559905606
2024-09-19,VEN,0.3251771222470822
2024-09-20,VEN,0.31471314442048703
2024-09-21,VEN,0.24774699461170385
2024-09-22,VEN,0.32638931958312833
2024-09-23,VEN,0.39158889547292575
2024-09-24,VEN,0.5164081958827947
2024-09-25,VEN,0.320838604833823
2024-09-26,VEN,0.4685788593738292
2024-09-27,VEN,0.38612935708076535
2024-09-28,VEN,0.3053708099113141
2024-09-29,VEN,0.34430836160450085
2024-09-30,VEN,0.18020082161128217
2024-10-01,VEN,0.41764870122994735
2024-10-02,VEN,0.1607215116590979
2024-10-03,VEN,0.22486814116625342
2024-10-04,VEN,0.15188843270963157
2024-10-05,VEN,0.252292866895985
2024-10-06,VEN,0.2060239678164663
2024-10-07,VEN,0.2345078132919795
2024-10-08,VEN,0.24072753696085905
2024-10-09,VEN,0.28033132390138027
2024-10-10,VEN,0.26748421355298263
2024-10-11,VEN,0.21076910656548037
2024-10-12,VEN,0.1920230032287297
2024-10-13,VEN,0.1488575753489509
2024-10-14,VEN,0.1775327817370273
2024-10-15,VEN,0.19676969444257653
2024-10-16,VEN,0.36231943998582733
2024-10-17,VEN,0.4301725944778188
2024-10-18,VEN,0.3960523217827669
2024-10-19,VEN,0.4172572173425229
2024-10-20,VEN,0.2862944067046308
2024-10-21,VEN,0.3053304952208151
2024-10-22,VEN,0.3094960324257024
2024-10-23,VEN,0.4084624950226056
2024-10-24,VEN,0.3797172766265122
2024-10-25,VEN,0.3053039610742389
2024-10-26,VEN,0.575589099189177
2024-10-27,VEN,0.23521088342131663
2024-10-28,VEN,0.4022449075184674
2024-10-29,VEN,0.33924051052504267
2024-10-30,VEN,0.4584742705481691
2024-10-31,VEN,0.36770274448665846
2024-11-01,VEN,0.2955599428724748
2024-11-02,VEN,0.36047115382220846
2024-11-03,VEN,0.34634473131872145
2024-11-04,VEN,0.3513697309592702
2024-11-05,VEN,0.2644442380042148
2024-11-06,VEN,0.3764559051039814
2024-11-07,VEN,0.31170984480102404
2024-11-08,VEN,0.32465257007926124
2024-11-09,VEN,0.452053580478308
2024-11-10,VEN,0.48380376137430653
2024-11-11,VEN,0.27973954467485873
2024-11-12,VEN,0.20568885762910524
2024-11-13,VEN,0.2629294567102908
2024-11-14,VEN,0.3014092880536537
2024-11-15,VEN,0.2766379762915191
2024-11-16,VEN,0.46528991274547965
2024-11-17,VEN,0.3868120297595231
2024-11-18,VEN,0.1607350552746701
2024-11-19,VEN,0.1745834154324638
2024-11-20,VEN,0.13253453767484757
2024-11-21,VEN,0.17094790591532488
2024-11-22,VEN,0.12673984160198398
2024-11-23,VEN,0.13147828578590479
2024-11-24,VEN,0.2546162071825707
2024-11-25,VEN,0.2768078972586784
2024-11-26,VEN,0.23680293862637078
2024-11-27,VEN,0.26892436046883356
2024-11-28,VEN,0.3150153376937195
2024-11-29,VEN,0.4790158022234901
2024-11-30,VEN,0.46110729725327304
2024-12-01,VEN,0.3540749448314653
2024-12-02,VEN,0.5015377434125723
2024-12-03,VEN,0.414023503296011
2024-12-04,VEN,0.3394538260530707
2024-12-05,VEN,0.491133719841006
2024-12-06,VEN,0.48288076195028823
2024-12-07,VEN,0.4017364115024944
2024-12-08,VEN,0.34103179497843905
2024-12-09,VEN,0.3618345941384764
2024-12-10,VEN,0.2522991723676407
2024-12-11,VEN,0.2772646170274822
2024-12-12,VEN,0.2336418230848667
2024-12-13,VEN,0.5670950573815369
2024-12-14,VEN,0.39874761070254877
2024-12-15,VEN,0.4457542365076205
2024-12-16,VEN,0.48361539799783815
2024-12-17,VEN,0.3214541622023739
2024-12-18,VEN,0.4051067136468152
2024-12-19,VEN,0.268459438796541
2024-12-20,VEN,0.3494462741990387
2024-12-21,VEN,0.3656550797769361
2024-12-22,VEN,0.34420143335198905
2024-12-23,VEN,0.3223080929184646
2024-12-24,VEN,0.32054934065768464
2024-12-25,VEN,0.4605517040264846
2024-12-26,VEN,0.3282637864050613
2024-12-27,VEN,0.6469692941062388
2024-12-28,VEN,0.33609856783860276
2024-12-29,VEN,0.34775918877755607
2024-12-30,VEN,0.34129096690388044
2024-12-31,VEN,0.28987151329060984
2025-01-01,VEN,0.4340015159551693
2025-01-02,VEN,0.30875899317092903
2025-01-03,VEN,0.23166743046598778
2025-01-04,VEN,0.2856024323835055
2025-01-05,VEN,0.27626458390390085
2025-01-06,VEN,0.34364065180362113
2025-01-07,VEN,0.37699326130588573
2025-01-08,VEN,0.3221452225981345
2025-01-09,VEN,0.37197338679802294
2025-01-10,VEN,0.6294320310719289
2025-01-11,VEN,0.6310901026863152
2025-01-12,VEN,0.38241073996209524
2025-01-13,VEN,0.3394563185990452
2025-01-14,VEN,0.31526075353824756
2025-01-15,VEN,0.3186099201999407
2025-01-16,VEN,0.28569403718057296
2025-01-17,VEN,0.24790593032468033
2025-01-18,VEN,0.35239122642190057
2025-01-19,VEN,0.3017195434738764
2025-01-20,VEN,0.3429265405557196
2025-01-21,VEN,0.4947312325027819
2025-01-22,VEN,0.32224330790862754
2025-01-23,VEN,0.25255619884726377
2025-01-24,VEN,0.26368706621337584
2025-01-25,VEN,0.17415800989126404
2025-01-26,VEN,0.17663923299156017
2025-01-27,VEN,0.13818514661245812
2025-01-28,VEN,0.11131341593848605
2025-01-29,VEN,0.17851330094765605
2025-01-30,VEN,0.11977414863139973
2025-01-31,VEN,0.1438861824292059
2025-02-01,VEN,0.29221839230936425
2025-02-02,VEN,0.18270294139555496
2025-02-03,VEN,0.4115371596153828
2025-02-04,VEN,0.6186760709860428
2025-02-05,VEN,0.4085033759785307
2025-02-06,VEN,0.4319199734481296
2025-02-07,VEN,0.41419331593321396
2025-02-08,VEN,0.4099039530003567
2025-02-09,VEN,0.34388370030961607
2025-02-10,VEN,0.6974313554884122
2025-02-11,VEN,0.35994321083470504
2025-02-12,VEN,0.3126590396737543
2025-02-13,VEN,0.2691256986014598
2025-02-14,VEN,0.2632685236240181
2025-02-15,VEN,0.213862502354916
2025-02-16,VEN,0.2940557177769976
2025-02-17,VEN,0.07515241515630863
2025-02-18,VEN,0.06633574695903544
2025-02-19,VEN,0.1146260477558208
2025-02-20,VEN,0.12025291702870754
2025-02-21,VEN,0.13367493945397455
2025-02-22,VEN,0.1065771301708417
2025-02-23,VEN,0.10977231487272603
2025-02-24,VEN,0.24385119615918188
2025-02-25,VEN,0.31719413581997025
2025-02-26,VEN,0.3196872693325917
2025-02-27,VEN,0.39670126842631337
2025-02-28,VEN,0.24071297141968728
2025-03-01,VEN,0.3050966602466621
2025-03-02,VEN,0.42675575392320814
2025-03-03,VEN,0.2794273737580152
2025-03-04,VEN,0.3353618871146073
2025-03-05,VEN,0.33755184736857813
2025-03-06,VEN,0.3700017367933834
2025-03-07,VEN,0.1496064091262437
2025-03-08,VEN,0.44764336290931195
2025-03-09,VEN,0.21238012098382775
2025-03-10,VEN,0.21902196262720527
2025-03-11,VEN,0.21911616174001436
2025-03-12,VEN,0.5521170639738344
2025-03-13,VEN,0.5541095219301064
2025-03-14,VEN,0.2817748117874979
2025-03-15,VEN,0.28136648283300286
2025-03-16,VEN,0.3169362094676431
2025-03-17,VEN,0.3055397354057625
2025-03-18,VEN,0.25815742383388846
2025-03-19,VEN,0.08589930169063281
2025-03-20,VEN,0.054118839467637674
2025-03-21,VEN,0.051725655533736356
2025-03-22,VEN,0.06426450732026656
2025-03-23,VEN,0.04612340869661205
2025-03-24,VEN,0.06562132691846784
2025-03-25,VEN,0.05795765284191409
2025-03-26,VEN,0.10500997584143038
2025-03-27,VEN,0.23664370803650012
2025-03-28,VEN,0.2347703874277359
2024-07-01,ECU,0.08188336641768074
2024-07-02,ECU,0.11169832868588886
2024-07-03,ECU,0.17099486226787072
2024-07-04,ECU,0.07841105073019673
2024-07-05,ECU,0.03310161897882936
2024-07-06,ECU,0.1270698132931578
2024-07-07,ECU,0.08768323432999782
2024-07-08,ECU,0.06829150918770427
2024-07-09,ECU,0.10370621498517421
2024-07-10,ECU,0.10958503628295964
2024-07-11,ECU,0.10024073499667718
2024-07-12,ECU,0.1270105952689434
2024-07-13,ECU,0.14587533077842202
2024-07-14,ECU,0.14397258873598562
2024-07-15,ECU,0.14697494812696096
2024-07-16,ECU,0.11443545739152586
2024-07-17,ECU,0.046163019830188536
2024-07-18,ECU,0.15560999209786947
2024-07-19,ECU,0.06623748736943481
2024-07-20,ECU,0.13762995156062888
2024-07-21,ECU,0.12101273366795164
2024-07-22,ECU,0.2357260242213216
2024-07-23,ECU,0.06305847874746424
2024-07-24,ECU,0.14800712887296788
2024-07-25,ECU,0.14612467382629413
2024-07-26,ECU,0.12296406589521554
2024-07-27,ECU,0.2987313233661927
2024-07-28,ECU,0.14670384701986924
2024-07-29,ECU,0.1784370844335794
2024-07-30,ECU,0.1807267221718906
2024-07-31,ECU,0.1550203785202401
2024-08-01,ECU,0.119314229856606
2024-08-02,ECU,0.0603002279888464
2024-08-03,ECU,0.1528510030095585
2024-08-04,ECU,0.254332860851384
2024-08-05,ECU,0.10967563524731452
2024-08-06,ECU,0.16489444316637072
2024-08-07,ECU,0.13293850541888766
2024-08-08,ECU,0.12397372179518716
2024-08-09,ECU,0.09175808623638777
2024-08-10,ECU,0.14207079480731816
2024-08-11,ECU,0.1348496305959463
2024-08-12,ECU,0.14776156205341837
2024-08-13,ECU,0.15466705168844422
2024-08-14,ECU,0.12333831071774438
2024-08-15,ECU,0.12554769074458694
2024-08-16,ECU,0.1487384633924365
2024-08-17,ECU,0.10605643178119024
2024-08-18,ECU,0.23416922332545784
2024-08-19,ECU,0.07672223813389929
2024-08-20,ECU,0.08763893104404265
2024-08-21,ECU,0.10980574646218141
2024-08-22,ECU,0.08502998167314314
2024-08-23,ECU,0.12723336171303165
2024-08-24,ECU,0.2632398671370933
2024-08-25,ECU,0.08823964079566324
2024-08-26,ECU,0.11760665833560764
2024-08-27,ECU,0.053154311501679395
2024-08-28,ECU,0.09862684125250885
2024-08-29,ECU,0.10698950951043285
2024-08-30,ECU,0.06939119326533406
2024-08-31,ECU,0.2246017348960652
2024-09-01,ECU,0.08325888921172998
2024-09-02,ECU,0.21248051262148668
2024-09-03,ECU,0.10372524954012088
2024-09-04,ECU,0.11062490889862814
2024-09-05,ECU,0.17081611742325703
2024-09-06,ECU,0.3239909411246127
2024-09-07,ECU,0.19445882300228826
2024-09-08,ECU,0.2192720399719196
2024-09-09,ECU,0.17189675261725618
2024-09-10,ECU,0.11612063781423752
2024-09-11,ECU,0.12414151319205959
2024-09-12,ECU,0.1552534408004231
2024-09-13,ECU,0.10553486182056124
2024-09-14,ECU,0.08891250113844738
2024-09-15,ECU,0.16651973533519615
2024-09-16,ECU,0.09530040991628808
2024-09-17,ECU,0.11041383481578063
2024-09-18,ECU,0.12216958234279576
2024-09-19,ECU,0.11877030817020473
2024-09-20,ECU,0.13479056005203457
2024-09-21,ECU,0.11054970399015593
2024-09-22,ECU,0.09965910785167603
2024-09-23,ECU,0.11728026643661699
2024-09-24,ECU,0.1166339245679726
2024-09-25,ECU,0.10904168739957676
2024-09-26,ECU,0.13518151650484075
2024-09-27,ECU,0.19286708636603717
2024-09-28,ECU,0.08575244624229413
2024-09-29,ECU,0.18838070891636327
2024-09-30,ECU,0.09705688731284536
2024-10-01,ECU,0.08360365184672562
2024-10-02,ECU,0.1475738568537143
2024-10-03,ECU,0.14664777784089725
2024-10-04,ECU,0.0819896871467547
2024-10-05,ECU,0.2608715184094157
2024-10-06,ECU,0.08594834800754235
2024-10-07,ECU,0.13092425367662913
2024-10-08,ECU,0.09972726771793579
2024-10-09,ECU,0.23364261832345254
2024-10-10,ECU,0.2316251439652698
2024-10-11,ECU,0.10879914490292748
2024-10-12,ECU,0.1384804119775589
2024-10-13,ECU,0.11563823657362848
2024-10-14,ECU,0.1189374679839556
2024-10-15,ECU,0.14041571363477914
2024-10-16,ECU,0.10506574820124003
2024-10-17,ECU,0.12855198017775077
2024-10-18,ECU,0.19161633257106295
2024-10-19,ECU,0.10351444489827845
2024-10-20,ECU,0.08720693652943098
2024-10-21,ECU,0.06719478084144326
2024-10-22,ECU,0.11853865530198675
2024-10-23,ECU,0.06616903459332107
2024-10-24,ECU,0.10357504404093638
2024-10-25,ECU,0.07859315044724104
2024-10-26,ECU,0.13729902916832207
2024-10-27,ECU,0.10988849148173571
2024-10-28,ECU,0.10909560021171452
2024-10-29,ECU,0.10772145803141744
2024-10-30,ECU,0.17526712885887383
2024-10-31,ECU,0.10877707009493583
2024-11-01,ECU,0.15474059645365768
2024-11-02,ECU,0.17088176514179415
2024-11-03,ECU,0.12018794684898014
2024-11-04,ECU,0.16735039819280872
2024-11-05,ECU,0.08114659761329115
2024-11-06,ECU,0.15544362983384033
2024-11-07,ECU,0.15516356151597324
2024-11-08,ECU,0.15009998171319178
2024-11-09,ECU,0.10541712051026031
2024-11-10,ECU,0.09477770388087872
2024-11-11,ECU,0.07449027273451245
2024-11-12,ECU,0.13685569411096749
2024-11-13,ECU,0.2514784003658578
2024-11-14,ECU,0.12777374237450315
2024-11-15,ECU,0.07131050892708282
2024-11-16,ECU,0.09142173737808101
2024-11-17,ECU,0.10624390104577955
2024-11-18,ECU,0.10310587099598396
2024-11-19,ECU,0.09490600782030563
2024-11-20,ECU,0.035789166281726924
2024-11-21,ECU,0.14151838073080614
2024-11-22,ECU,0.0719978520157586
2024-11-23,ECU,0.12083657575162926
2024-11-24,ECU,0.11674306261263631
2024-11-25,ECU,0.10468019239667549
2024-11-26,ECU,0.1554268635841377
2024-11-27,ECU,0.1733172671702315
2024-11-28,ECU,0.19517231769359145
2024-11-29,ECU,0.16031119245297382
2024-11-30,ECU,0.30617260375947003
2024-12-01,ECU,0.42413956226414895
2024-12-02,ECU,0.13497060649776665
2024-12-03,ECU,0.19814005829053477
2024-12-04,ECU,0.2118225618522451
2024-12-05,ECU,0.3225766603041053
2024-12-06,ECU,0.12304140253371007
2024-12-07,ECU,0.11710978686134574
2024-12-08,ECU,0.09798574552332177
2024-12-09,ECU,0.07480397939890439
2024-12-10,ECU,0.08764896066373444
2024-12-11,ECU,0.1007043836137978
2024-12-12,ECU,0.07156172929899599
2024-12-13,ECU,0.10742132810765506
2024-12-14,ECU,0.05251819720326597
2024-12-15,ECU,0.1234393015371301
2024-12-16,ECU,0.08446112330829475
2024-12-17,ECU,0.06087987794814921
2024-12-18,ECU,0.13537745888977928
2024-12-19,ECU,0.15812733189574585
2024-12-20,ECU,0.1484858715920187
2024-12-21,ECU,0.17283433919034877
2024-12-22,ECU,0.13193370959239287
2024-12-23,ECU,0.1124364769165727
2024-12-24,ECU,0.13176018812266047
2024-12-25,ECU,0.11821807652676761
2024-12-26,ECU,0.20787489261192463
2024-12-27,ECU,0.09128356101260919
2024-12-28,ECU,0.24880393513623136
2024-12-29,ECU,0.20088215342577045
2024-12-30,ECU,0.13765146775104997
2024-12-31,ECU,0.11011037007977087
2025-01-01,ECU,0.32479632939268366
2025-01-02,ECU,0.143095392467856
2025-01-03,ECU,0.17662435146226696
2025-01-04,ECU,0.14412161328865783
2025-01-05,ECU,0.1124731921959178
2025-01-06,ECU,0.15656932362820872
2025-01-07,ECU,0.10355486793383578
2025-01-08,ECU,0.11376262263469879
2025-01-09,ECU,0.3279636408497509
2025-01-10,ECU,0.28643076860766026
2025-01-11,ECU,0.26052734196736327
2025-01-12,ECU,0.229724663420573
2025-01-13,ECU,0.13815436138140852
2025-01-14,ECU,0.2711155804841119
2025-01-15,ECU,0.14311216292516532
2025-01-16,ECU,0.2816513548964437
2025-01-17,ECU,0.12309722089674863
2025-01-18,ECU,0.40339438743894485
2025-01-19,ECU,0.10708071227303806
2025-01-20,ECU,0.2311805460075999
2025-01-21,ECU,0.09782005483646784
2025-01-22,ECU,0.08366009257495256
2025-01-23,ECU,0.12608477559679068
2025-01-24,ECU,0.215794374013632
2025-01-25,ECU,0.1101078777784775
2025-01-26,ECU,0.14161191949020543
2025-01-27,ECU,0.07167711189515137
2025-01-28,ECU,0.1291902771946541
2025-01-29,ECU,0.1445513008114745
2025-01-30,ECU,0.24522257237210984
2025-01-31,ECU,0.08503054869888864
2025-02-01,ECU,0.13524376529434884
2025-02-02,ECU,0.11676375850310455
2025-02-03,ECU,0.11898962717814171
2025-02-04,ECU,0.05576598890972787
2025-02-05,ECU,0.14471313476632405
2025-02-06,ECU,0.22429792497272363
2025-02-07,ECU,0.156227245934088
2025-02-08,ECU,0.11884470340434715
2025-02-09,ECU,0.07728268863756065
2025-02-10,ECU,0.1005346325253457
2025-02-11,ECU,0.10160127189765818
2025-02-12,ECU,0.08825825485649448
2025-02-13,ECU,0.12722435095061993
2025-02-14,ECU,0.1414769669185058
2025-02-15,ECU,0.23146561684933564
2025-02-16,ECU,0.19856745594424782
2025-02-17,ECU,0.23970207723641807
2025-02-18,ECU,0.23832121291166578
2025-02-19,ECU,0.18985577884771002
2025-02-20,ECU,0.1401195346306246
2025-02-21,ECU,0.1295897551775572
2025-02-22,ECU,0.13159342952928527
2025-02-23,ECU,0.0838653148187974
2025-02-24,ECU,0.09008587058683813
2025-02-25,ECU,0.18703886852654839
2025-02-26,ECU,0.1173593155679622
2025-02-27,ECU,0.09271662662082651
2025-02-28,ECU,0.25422840574021055
2025-03-01,ECU,0.11987799766530254
2025-03-02,ECU,0.10733002314864058
2025-03-03,ECU,0.2434461232865901
2025-03-04,ECU,0.28623356471194034
2025-03-05,ECU,0.14333082256994029
2025-03-06,ECU,0.457238574821993
2025-03-07,ECU,0.13170963321087237
2025-03-08,ECU,0.0995535404820553
2025-03-09,ECU,0.26876557201807155
2025-03-10,ECU,0.23216749309186424
2025-03-11,ECU,0.1505294129767647
2025-03-12,ECU,0.15719964667348438
2025-03-13,ECU,0.10710259072298661
2025-03-14,ECU,0.049119528436496904
2025-03-15,ECU,0.07273931107938568
2025-03-16,ECU,0.2967922360559912
2025-03-17,ECU,0.07002807389989428
2025-03-18,ECU,0.11449481464207395
2025-03-19,ECU,0.07163451379409895
2025-03-20,ECU,0.18039251637130918
2025-03-21,ECU,0.2411964591904982
2025-03-22,ECU,0.22907099680100074
2025-03-23,ECU,0.12047660871531345
2025-03-24,ECU,0.1206172173779061
2025-03-25,ECU,0.11325350679944297
2025-03-26,ECU,0.13315453142224776
2025-03-27,ECU,0.13277510483667365
2025-03-28,ECU,0.05463576762838574
2024-07-01,HND,0.12215248127556794
2024-07-02,HND,0.04396684912860445
2024-07-03,HND,0.06797136118783167
2024-07-04,HND,0.04075275199176844
2024-07-05,HND,0.07273976540051617
2024-07-06,HND,0.03410001588755779
2024-07-07,HND,0.049032077719600345
2024-07-08,HND,0.0732315805901434
2024-07-09,HND,0.09196070906792546
2024-07-10,HND,0.07592901610267846
2024-07-11,HND,0.2314808300014509
2024-07-12,HND,0.09387643148923967
2024-07-13,HND,0.18660184052319664
2024-07-14,HND,0.30331018965941814
2024-07-15,HND,0.12351984215859392
2024-07-16,HND,0.2295006308616245
2024-07-17,HND,0.2380022187853871
2024-07-18,HND,0.08667654224959091
2024-07-19,HND,0.16248672093785274
2024-07-20,HND,0.12074624660383014
2024-07-21,HND,0.14649314578764344
2024-07-22,HND,0.18529692229420958
2024-07-23,HND,0.15448660931440708
2024-07-24,HND,0.06772384190106852
2024-07-25,HND,0.13412816672817426
2024-07-26,HND,0.1019384825923995
2024-07-27,HND,0.11405857798634883
2024-07-28,HND,0.11633693360772306
2024-07-29,HND,0.12480648290475078
2024-07-30,HND,0.12254169601921015
2024-07-31,HND,0.1026828112697528
2024-08-01,HND,0.18656077640415497
2024-08-02,HND,0.09171148837493531
2024-08-03,HND,0.11281652205444331
2024-08-04,HND,0.1274444595469172
2024-08-05,HND,0.1274444595469172
2024-08-06,HND,0.2652755473005364
2024-08-07,HND,0.16041449863425983
2024-08-08,HND,0.3624569577329141
2024-08-09,HND,0.22735973950841462
2024-08-10,HND,0.26459825597668957
2024-08-11,HND,0.18218290692895928
2024-08-12,HND,0.7455267169077382
2024-08-13,HND,0.11299777840399036
2024-08-14,HND,0.07567184755337668
2024-08-15,HND,0.11888931279423652
2024-08-16,HND,0.12229641746390474
2024-08-17,HND,0.33184612124210205
2024-08-18,HND,0.08097596024474138
2024-08-19,HND,0.084376569997915
2024-08-20,HND,0.10941581941411303
2024-08-21,HND,0.13444691819011806
2024-08-22,HND,0.10111834550295677
2024-08-23,HND,0.15413595012774087
2024-08-24,HND,0.06089095993703738
2024-08-25,HND,0.06057792860736798
2024-08-26,HND,0.0643964469458459
2024-08-27,HND,0.07237215435702644
2024-08-28,HND,0.07856558321268237
2024-08-29,HND,0.1082012217898258
2024-08-30,HND,0.10470742909946285
2024-08-31,HND,0.08773195188182695
2024-09-01,HND,0.16001091324592823
2024-09-02,HND,0.09153826868269974
2024-09-03,HND,0.09883921178764335
2024-09-04,HND,0.10639789631756498
2024-09-05,HND,0.053765405324118984
2024-09-06,HND,0.06766144834760814
2024-09-07,HND,0.06756788404471739
2024-09-08,HND,0.19640736449288082
2024-09-09,HND,0.2389360586159727
2024-09-10,HND,0.08661728390499679
2024-09-11,HND,0.1216983498844854
2024-09-12,HND,0.14096150726748521
2024-09-13,HND,0.1890106173681629
2024-09-14,HND,0.32116159566598657
2024-09-15,HND,0.7040362307618195
2024-09-16,HND,0.11720885180811577
2024-09-17,HND,0.25663984322398903
2024-09-18,HND,0.11439046131090502
2024-09-19,HND,0.10351800932829705
2024-09-20,HND,0.13889909429305555
2024-09-21,HND,0.07801053760805125
2024-09-22,HND,0.1015396399687299
2024-09-23,HND,0.1060383745849139
2024-09-24,HND,0.1828623134575085
2024-09-25,HND,0.14765635548984604
2024-09-26,HND,0.056729560118416414
2024-09-27,HND,0.06330132854295142
2024-09-28,HND,0.06235081108682922
2024-09-29,HND,0.08084554827998937
2024-09-30,HND,0.0795716949499391
2024-10-01,HND,0.2755595341328754
2024-10-02,HND,0.138108121751457
2024-10-03,HND,0.15036141393779343
2024-10-04,HND,0.1928590093241669
2024-10-05,HND,0.13930220723106973
2024-10-06,HND,0.1268330643993547
2024-10-07,HND,0.08821679104440455
2024-10-08,HND,0.10437645238175566
2024-10-09,HND,0.21256518706733846
2024-10-10,HND,0.2317046401540739
2024-10-11,HND,0.09556025102617206
2024-10-12,HND,0.11468408677749235
2024-10-13,HND,0.11082957365593978
2024-10-14,HND,0.30012353882043663
2024-10-15,HND,0.12398910595969313
2024-10-16,HND,0.10037873806524368
2024-10-17,HND,0.15123814409246922
2024-10-18,HND,0.08895035247449695
2024-10-19,HND,0.09035675610456496
2024-10-20,HND,0.12880765873058111
2024-10-21,HND,0.08818251521762012
2024-10-22,HND,0.07932133664227949
2024-10-23,HND,0.07671974806421013
2024-10-24,HND,0.1026149307116694
2024-10-25,HND,0.1316725179319823
2024-10-26,HND,0.12620397259201444
2024-10-27,HND,0.08637520245331216
2024-10-28,HND,0.12022527705071948
2024-10-29,HND,0.11115210872758025
2024-10-30,HND,0.15027735367705702
2024-10-31,HND,0.19084153401314485
2024-11-01,HND,0.1147767563090088
2024-11-02,HND,0.18197372157672229
2024-11-03,HND,0.11194595295792713
2024-11-04,HND,0.18523609310035927
2024-11-05,HND,0.098381769448537
2024-11-06,HND,0.10439868348159856
2024-11-07,HND,0.14028200828161183
2024-11-08,HND,0.08876429001608555
2024-11-09,HND,0.1030393407762566
2024-11-10,HND,0.11021541373311378
2024-11-11,HND,0.09102325660386203
2024-11-12,HND,0.17584438043261647
2024-11-13,HND,0.13878382696785463
2024-11-14,HND,0.12286068906915287
2024-11-15,HND,0.09983064827325687
2024-11-16,HND,0.07451911382645308
2024-11-17,HND,0.11354917051033715
2024-11-18,HND,0.18030461858829688
2024-11-19,HND,0.06360640283980107
2024-11-20,HND,0.19822687072428752
2024-11-21,HND,0.2164682945435669
2024-11-22,HND,0.09929744936512769
2024-11-23,HND,0.06370371609062175
2024-11-24,HND,0.06402823031064858
2024-11-25,HND,0.07191424672559737
2024-11-26,HND,0.07097231698974286
2024-11-27,HND,0.09905616299668606
2024-11-28,HND,0.12144098857473296
2024-11-29,HND,0.09896339610251847
2024-11-30,HND,0.12234664387861865
2024-12-01,HND,0.0964184218386047
2024-12-02,HND,0.10418560005342882
2024-12-03,HND,0.1188363116714929
2024-12-04,HND,0.09789529007424144
2024-12-05,HND,0.1907615604446366
2024-12-06,HND,0.1240243795271737
2024-12-07,HND,0.11059565768852382
2024-12-08,HND,0.101373970022442
2024-12-09,HND,0.13539010209070745
2024-12-10,HND,0.11568989474358476
2024-12-11,HND,0.11750528313892702
2024-12-12,HND,0.07632217081093107
2024-12-13,HND,0.12531224810933259
2024-12-14,HND,0.09774925921973945
2024-12-15,HND,0.07087513628698713
2024-12-16,HND,0.07331760011581323
2024-12-17,HND,0.11584319266312539
2024-12-18,HND,0.11286902924012729
2024-12-19,HND,0.08002872377548109
2024-12-20,HND,0.12163723242938566
2024-12-21,HND,0.09828024854660841
2024-12-22,HND,0.33828469137945066
2024-12-23,HND,0.09222087571360961
2024-12-24,HND,0.2581449253127175
2024-12-25,HND,0.1179098557308608
2024-12-26,HND,0.16151719738554485
2024-12-27,HND,0.09439128442247563
2024-12-28,HND,0.09377360894943394
2024-12-29,HND,0.3110733075253858
2024-12-30,HND,0.10594224060022961
2024-12-31,HND,0.06595921894370459
2025-01-01,HND,0.07961126252894425
2025-01-02,HND,0.07222617447067353
2025-01-03,HND,0.06590968013557309
2025-01-04,HND,0.07972662390913655
2025-01-05,HND,0.11743126874932527
2025-01-06,HND,0.25912104947225295
2025-01-07,HND,0.15160097106654324
2025-01-08,HND,0.10243786581633359
2025-01-09,HND,0.10927449335877988
2025-01-10,HND,0.07319371011013616
2025-01-11,HND,0.3488632834640722
2025-01-12,HND,0.07277879982020861
2025-01-13,HND,0.05950221653425103
2025-01-14,HND,0.07220576095497357
2025-01-15,HND,0.06923556562723462
2025-01-16,HND,0.08372766884902876
2025-01-17,HND,0.06486912104949911
2025-01-18,HND,0.07305896349623252
2025-01-19,HND,0.12202751466445447
2025-01-20,HND,0.11345181024145853
2025-01-21,HND,0.11190635998577787
2025-01-22,HND,0.25479783994820643
2025-01-23,HND,0.1595411194347632
2025-01-24,HND,0.13537439496097223
2025-01-25,HND,0.1181830188757949
2025-01-26,HND,0.3938639547566278
2025-01-27,HND,0.25915693087363617
2025-01-28,HND,0.08525444564019574
2025-01-29,HND,0.08136441359539433
2025-01-30,HND,0.29880521949592886
2025-01-31,HND,0.05584962239601183
2025-02-01,HND,0.16142246634602234
2025-02-02,HND,0.10177381729965805
2025-02-03,HND,0.10372767644605249
2025-02-04,HND,0.09576910736858904
2025-02-05,HND,0.35256734158123426
2025-02-06,HND,0.05549031438244618
2025-02-07,HND,0.07990820187956119
2025-02-08,HND,0.07662317666368178
2025-02-09,HND,0.07372422770685041
2025-02-10,HND,0.06554544029571394
2025-02-11,HND,0.05784763734169672
2025-02-12,HND,0.07949429902242444
2025-02-13,HND,0.063441552238805
2025-02-14,HND,0.21116450566554276
2025-02-15,HND,0.0605635923783467
2025-02-16,HND,0.08207216189778027
2025-02-17,HND,0.08124883598339115
2025-02-18,HND,0.09769773643523727
2025-02-19,HND,0.05851050440267301
2025-02-20,HND,0.37945852072779956
2025-02-21,HND,0.17677087619576798
2025-02-22,HND,0.051082979108021107
2025-02-23,HND,0.4276546084068876
2025-02-24,HND,0.2609379205515909
2025-02-25,HND,0.07953030797237338
2025-02-26,HND,0.048440164765177395
2025-02-27,HND,0.378435653772281
2025-02-28,HND,0.14552304097121382
2025-03-01,HND,0.19096360191750059
2025-03-02,HND,0.07678316744797789
2025-03-03,HND,0.2270506555438546
2025-03-04,HND,0.30361181302762247
2025-03-05,HND,0.07295972457675892
2025-03-06,HND,0.19936668189090892
2025-03-07,HND,0.07388155656062088
2025-03-08,HND,0.08173845275387225
2025-03-09,HND,0.06704918906526984
2025-03-10,HND,0.07065950288290382
2025-03-11,HND,0.06038265849012209
2025-03-12,HND,0.05177687709612195
2025-03-13,HND,0.07270857038122852
2025-03-14,HND,0.04403952894453964
2025-03-15,HND,0.07416178816808054
2025-03-16,HND,0.0672950185707475
2025-03-17,HND,0.08843321830280867
2025-03-18,HND,0.348694973266698
2025-03-19,HND,0.5824948579150547
2025-03-20,HND,0.4891579025480019
2025-03-21,HND,0.33850624989240113
2025-03-22,HND,0.11482720032050599
2025-03-23,HND,0.1206522434613545
2025-03-24,HND,0.11996589410162682
2025-03-25,HND,0.13313001776140618
2025-03-26,HND,0.07488803231086315
2025-03-27,HND,0.215772012783274
2025-03-28,HND,0.0778919830171797
2024-07-01,GTM,0.10064720211578324
2024-07-02,GTM,0.13030838224330865
2024-07-03,GTM,0.1857606582232854
2024-07-04,GTM,0.1664779428069683
2024-07-05,GTM,0.1141650449679947
2024-07-06,GTM,0.28032176661006575
2024-07-07,GTM,0.381557526044241
2024-07-08,GTM,0.3054190823668264
2024-07-09,GTM,0.2095179606929239
2024-07-10,GTM,0.11576283766923474
2024-07-11,GTM,0.12618194106658204
2024-07-12,GTM,0.13092846289887008
2024-07-13,GTM,0.18766846933715367
2024-07-14,GTM,0.18070297563018592
2024-07-15,GTM,0.2748769728235503
2024-07-16,GTM,0.21348204115952948
2024-07-17,GTM,0.6367239959354725
2024-07-18,GTM,0.31387459635215437
2024-07-19,GTM,0.2155920007331067
2024-07-20,GTM,0.4218654342771211
2024-07-21,GTM,0.7954927281869595
2024-07-22,GTM,0.2742389887721257
2024-07-23,GTM,0.406590057400477
2024-07-24,GTM,0.20612563833247063
2024-07-25,GTM,0.24782171487219815
2024-07-26,GTM,0.27775953278501847
2024-07-27,GTM,0.22702192679382827
2024-07-28,GTM,0.10767796398735315
2024-07-29,GTM,0.09887429403324342
2024-07-30,GTM,0.08457689811047085
2024-07-31,GTM,0.12561955356773855
2024-08-01,GTM,0.10798735844283262
2024-08-02,GTM,0.10897160016382146
2024-08-03,GTM,0.12207259483249687
2024-08-04,GTM,0.3767158434965453
2024-08-05,GTM,0.3626565433280603
2024-08-06,GTM,0.30302163591210285
2024-08-07,GTM,0.27896056219066084
2024-08-08,GTM,0.3116299082215152
2024-08-09,GTM,0.31927799764703
2024-08-10,GTM,0.36869636940299977
2024-08-11,GTM,0.423918469255993
2024-08-12,GTM,0.3564821092168338
2024-08-13,GTM,0.31263629304514773
2024-08-14,GTM,0.3688840063187216
2024-08-15,GTM,0.48477694168042146
2024-08-16,GTM,0.41020722941415594
2024-08-17,GTM,0.49477774280089365
2024-08-18,GTM,0.48829200465384515
2024-08-19,GTM,0.5746172173949818
2024-08-20,GTM,0.7403821353991673
2024-08-21,GTM,0.4320693996185216
2024-08-22,GTM,0.8194687977367241
2024-08-23,GTM,0.3832844947500539
2024-08-24,GTM,0.8870020621457952
2024-08-25,GTM,0.3212289413958345
2024-08-26,GTM,0.793150834424174
2024-08-27,GTM,0.3061923775740244
2024-08-28,GTM,0.30887901799505235
2024-08-29,GTM,0.13568876587434525
2024-08-30,GTM,0.16268582571807086
2024-08-31,GTM,0.048349726336127684
2024-09-01,GTM,0.06526369993624823
2024-09-02,GTM,0.04801941990603503
2024-09-03,GTM,0.05189155838735135
2024-09-04,GTM,0.058544978713768805
2024-09-05,GTM,0.05299155355456287
2024-09-06,GTM,0.05737336204484696
2024-09-07,GTM,0.23825830697130695
2024-09-08,GTM,0.29095273712314706
2024-09-09,GTM,0.4497927097552642
2024-09-10,GTM,0.2782850890837246
2024-09-11,GTM,0.22468611412744097
2024-09-12,GTM,0.3234231584350573
2024-09-13,GTM,0.18418132234697535
2024-09-14,GTM,0.16331507285268995
2024-09-15,GTM,0.3247291740959007
2024-09-16,GTM,0.15603230177355298
2024-09-17,GTM,0.156741797864717
2024-09-18,GTM,0.23570106231988916
2024-09-19,GTM,0.12547817701237446
2024-09-20,GTM,0.1578357520499356
2024-09-21,GTM,0.8994510823739389
2024-09-22,GTM,0.6278712027645912
2024-09-23,GTM,0.3638532915085025
2024-09-24,GTM,0.3761103385140551
2024-09-25,GTM,0.7121619804581772
2024-09-26,GTM,0.30892532440669385
2024-09-27,GTM,0.3232028676387088
2024-09-28,GTM,0.04116753683888834
2024-09-29,GTM,0.04506449319477113
2024-09-30,GTM,0.040951309678536676
2024-10-01,GTM,0.03878651522572637
2024-10-02,GTM,0.0454631410857786
2024-10-03,GTM,0.1589907072677582
2024-10-04,GTM,0.050978634799007966
2024-10-05,GTM,0.09459128641867283
2024-10-06,GTM,0.5191572321362076
2024-10-07,GTM,0.08196736602571683
2024-10-08,GTM,0.13206037393609607
2024-10-09,GTM,0.19844176756290005
2024-10-10,GTM,0.06040608830354361
2024-10-11,GTM,0.3723226169247232
2024-10-12,GTM,0.09803620701779803
2024-10-13,GTM,0.05198434256959658
2024-10-14,GTM,0.05579246652021539
2024-10-15,GTM,0.07096692713276591
2024-10-16,GTM,0.08500580778838623
2024-10-17,GTM,0.06496750382249186
2024-10-18,GTM,0.07533289050749929
2024-10-19,GTM,0.09480818635885646
2024-10-20,GTM,0.062372414983733256
2024-10-21,GTM,0.07980774111867166
2024-10-22,GTM,0.058428431668044775
2024-10-23,GTM,0.05620674504008974
2024-10-24,GTM,0.04843421126989051
2024-10-25,GTM,0.15814177331462442
2024-10-26,GTM,0.054733192491338234
2024-10-27,GTM,0.09244737631439343
2024-10-28,GTM,0.07092982706676408
2024-10-29,GTM,0.06617835772929484
2024-10-30,GTM,0.11225003010451015
2024-10-31,GTM,0.38128387458313007
2024-11-01,GTM,0.24549287140454032
2024-11-02,GTM,0.45227514279570824
2024-11-03,GTM,0.21802685500288252
2024-11-04,GTM,0.4568957039655204
2024-11-05,GTM,0.18271514379075982
2024-11-06,GTM,0.4155183971817548
2024-11-07,GTM,0.34225903485667053
2024-11-08,GTM,0.24143756361722174
2024-11-09,GTM,0.25149145744573476
2024-11-10,GTM,0.32952145967853047
2024-11-11,GTM,0.13657884031911957
2024-11-12,GTM,0.11408975425747729
2024-11-13,GTM,0.2037394416589214
2024-11-14,GTM,0.5853783585565859
2024-11-15,GTM,0.15336523468903945
2024-11-16,GTM,0.1062784672676862
2024-11-17,GTM,0.10566748398038987
2024-11-18,GTM,0.2707436730828979
2024-11-19,GTM,0.17597921998191676
2024-11-20,GTM,0.17087111258879772
2024-11-21,GTM,0.08698856012244768
2024-11-22,GTM,0.15076535536867308
2024-11-23,GTM,0.07755111501905232
2024-11-24,GTM,0.12059468019176618
2024-11-25,GTM,0.05974360999308446
2024-11-26,GTM,0.07162655367391174
2024-11-27,GTM,0.07271979701090008
2024-11-28,GTM,0.37448403243982675
2024-11-29,GTM,0.27519346501145026
2024-11-30,GTM,0.42715777993485554
2024-12-01,GTM,0.17400027783391409
2024-12-02,GTM,0.1466735801205277
2024-12-03,GTM,0.15014431524645427
2024-12-04,GTM,0.16183456956794534
2024-12-05,GTM,0.12663176549763816
2024-12-06,GTM,0.1189587183985726
2024-12-07,GTM,0.1138789578486386
2024-12-08,GTM,0.3623720249342695
2024-12-09,GTM,0.4131184697718054
2024-12-10,GTM,0.4932814737004942
2024-12-11,GTM,0.37438725023056263
2024-12-12,GTM,0.22277734824488535
2024-12-13,GTM,0.3286499595140564
2024-12-14,GTM,0.280837556053999
2024-12-15,GTM,0.3090741995467996
2024-12-16,GTM,0.33420448133413466
2024-12-17,GTM,0.4001395039733312
2024-12-18,GTM,0.387885593378552
2024-12-19,GTM,0.35230058430876826
2024-12-20,GTM,0.2550384650210581
2024-12-21,GTM,0.2932384579180455
2024-12-22,GTM,0.2163499482323191
2024-12-23,GTM,0.566189075218876
2024-12-24,GTM,0.2899810039105906
2024-12-25,GTM,0.25474413743258967
2024-12-26,GTM,0.1078680329084285
2024-12-27,GTM,0.1563102175304096
2024-12-28,GTM,0.1463315896084943
2024-12-29,GTM,0.17422213690816774
2024-12-30,GTM,0.16525526795802184
2024-12-31,GTM,0.1842246752122567
2025-01-01,GTM,0.25848358370468155
2025-01-02,GTM,0.2491367802502394
2025-01-03,GTM,0.22784667416902912
2025-01-04,GTM,0.410311113062567
2025-01-05,GTM,0.4580701281734777
2025-01-06,GTM,0.2970849924684931
2025-01-07,GTM,0.3521357683394864
2025-01-08,GTM,0.3533931849307884
2025-01-09,GTM,0.8226467483178775
2025-01-10,GTM,0.4922053679230571
2025-01-11,GTM,0.22077125086631008
2025-01-12,GTM,0.543508300822277
2025-01-13,GTM,0.7192553234417021
2025-01-14,GTM,0.12291374275916078
2025-01-15,GTM,0.1156408829788642
2025-01-16,GTM,0.22034845401368894
2025-01-17,GTM,0.11404462181607916
2025-01-18,GTM,0.35078920645811906
2025-01-19,GTM,0.1475237687009436
2025-01-20,GTM,0.17624596182483193
2025-01-21,GTM,0.5696750782451597
2025-01-22,GTM,0.27111521121700655
2025-01-23,GTM,0.6815526907992598
2025-01-24,GTM,0.562201403273186
2025-01-25,GTM,0.31696547113653134
2025-01-26,GTM,0.190325023157334
2025-01-27,GTM,0.4619433252512281
2025-01-28,GTM,0.8135799331534408
2025-01-29,GTM,0.5268063004718185
2025-01-30,GTM,0.4002615292808323
2025-01-31,GTM,0.25951281614265514
2025-02-01,GTM,0.19480843251630073
2025-02-02,GTM,0.13651620042916565
2025-02-03,GTM,0.18907280645423805
2025-02-04,GTM,0.10407594454431005
2025-02-05,GTM,0.05770475723007864
2025-02-06,GTM,0.09242486111074087
2025-02-07,GTM,0.07556043958377853
2025-02-08,GTM,0.24131054924790402
2025-02-09,GTM,0.14500967413327845
2025-02-10,GTM,0.32421530460348563
2025-02-11,GTM,0.33043171800892246
2025-02-12,GTM,0.7095856516032849
2025-02-13,GTM,0.5417435493131006
2025-02-14,GTM,0.5403893733492044
2025-02-15,GTM,0.3297001601633603
2025-02-16,GTM,0.28995768483494727
2025-02-17,GTM,0.3946297118308021
2025-02-18,GTM,0.36163245555069184
2025-02-19,GTM,0.11290572286821239
2025-02-20,GTM,0.08356207972472791
2025-02-21,GTM,0.08473203937201534
2025-02-22,GTM,0.04821841926035298
2025-02-23,GTM,0.04348126583328369
2025-02-24,GTM,0.057390401285513426
2025-02-25,GTM,0.0916713125655019
2025-02-26,GTM,0.5941872975298762
2025-02-27,GTM,0.7575041337458773
2025-02-28,GTM,0.6393631594309945
2025-03-01,GTM,0.5678117433968125
2025-03-02,GTM,0.3910135793788627
2025-03-03,GTM,0.863868827370724
2025-03-04,GTM,0.7813032115885152
2025-03-05,GTM,0.4729426797174926
2025-03-06,GTM,0.21810847707050776
2025-03-07,GTM,0.09038327475113997
2025-03-08,GTM,0.48404311521923327
2025-03-09,GTM,0.08889606241080995
2025-03-10,GTM,0.04549361186167234
2025-03-11,GTM,0.04564607991150495
2025-03-12,GTM,0.05190361789667812
2025-03-13,GTM,0.05517034835273755
2025-03-14,GTM,0.055549054274635495
2025-03-15,GTM,0.03523341175744185
2025-03-16,GTM,0.03964062004685626
2025-03-17,GTM,0.06257875131835429
2025-03-18,GTM,0.038452447970781435
2025-03-19,GTM,0.04297252305131627
2025-03-20,GTM,0.10556529958244408
2025-03-21,GTM,0.0550346649846775
2025-03-22,GTM,0.10284373903762245
2025-03-23,GTM,0.12560730135862785
2025-03-24,GTM,0.11955872466856418
2025-03-25,GTM,0.18685433454979933
2025-03-26,GTM,0.15656335690719328
2025-03-27,GTM,0.1725117738839655
2025-03-28,GTM,0.224943960760431
