date,country,y_prob
2024-07-01,UKR,0.011892842203441967
2024-07-02,UKR,0.1181505511029174
2024-07-03,UKR,0.007580451470224046
2024-07-04,UKR,0.01840257324370377
2024-07-05,UKR,0.005893068370495071
2024-07-06,UKR,0.05808546550021474
2024-07-07,UKR,0.015830809805830254
2024-07-08,UKR,0.0065084890842990305
2024-07-09,UKR,0.02276236123755208
2024-07-10,UKR,0.006934243287711751
2024-07-11,UKR,0.006826098789834154
2024-07-12,UKR,0.010095745643734628
2024-07-13,UKR,0.049673374531969815
2024-07-14,UKR,0.010378107826978686
2024-07-15,UKR,0.02592331867547839
2024-07-16,UKR,0.00697708604105605
2024-07-17,UKR,0.08252465330635385
2024-07-18,UKR,0.009070388790915908
2024-07-19,UKR,0.006527121175244819
2024-07-20,UKR,0.017674068703086795
2024-07-21,UKR,0.018100065178271264
2024-07-22,UKR,0.00803074066797163
2024-07-23,UKR,0.027813883968360147
2024-07-24,UKR,0.014091474148906906
2024-07-25,UKR,0.007668379003958527
2024-07-26,UKR,0.010727039081686086
2024-07-27,UKR,0.0074198645603187315
2024-07-28,UKR,0.006274096387854006
2024-07-29,UKR,0.09604160516977471
2024-07-30,UKR,0.00605264091320811
2024-07-31,UKR,0.011536249252951963
2024-08-01,UKR,0.015335073844327992
2024-08-02,UKR,0.056125489967255485
2024-08-03,UKR,0.010681385891963614
2024-08-04,UKR,0.006806546068743671
2024-08-05,UKR,0.012034264991952086
2024-08-06,UKR,0.006927703893693978
2024-08-07,UKR,0.01465170970626267
2024-08-08,UKR,0.008207454548035443
2024-08-09,UKR,0.007632807596057729
2024-08-10,UKR,0.010766175417382133
2024-08-11,UKR,0.010650088543650306
2024-08-12,UKR,0.00856441327552854
2024-08-13,UKR,0.020517583642926124
2024-08-14,UKR,0.013573934648569104
2024-08-15,UKR,0.018943591807471627
2024-08-16,UKR,0.02379066748361555
2024-08-17,UKR,0.0265013355367652
2024-08-18,UKR,0.03373863050343097
2024-08-19,UKR,0.008100336497888543
2024-08-20,UKR,0.009464929063240646
2024-08-21,UKR,0.01749711338394913
2024-08-22,UKR,0.010386142147672636
2024-08-23,UKR,0.006780123149463069
2024-08-24,UKR,0.014333688690772575
2024-08-25,UKR,0.05084575137517765
2024-08-26,UKR,0.0397178218230357
2024-08-27,UKR,0.011000366297056025
2024-08-28,UKR,0.010026850656939475
2024-08-29,UKR,0.009702808348157736
2024-08-30,UKR,0.02740120760366561
2024-08-31,UKR,0.02814118784554969
2024-09-01,UKR,0.01275979665643699
2024-09-02,UKR,0.03789756769232072
2024-09-03,UKR,0.009192282499739524
2024-09-04,UKR,0.011293841630016949
2024-09-05,UKR,0.04338486292991467
2024-09-06,UKR,0.038088462273361386
2024-09-07,UKR,0.009948515986591008
2024-09-08,UKR,0.009912098056108307
2024-09-09,UKR,0.031670710369657226
2024-09-10,UKR,0.015505711293410968
2024-09-11,UKR,0.007718779081112308
2024-09-12,UKR,0.020590281267188964
2024-09-13,UKR,0.008255802030172303
2024-09-14,UKR,0.03417270229053474
2024-09-15,UKR,0.007809346871866827
2024-09-16,UKR,0.00675271125209989
2024-09-17,UKR,0.010444019784389115
2024-09-18,UKR,0.027235270889461757
2024-09-19,UKR,0.020292704881348884
2024-09-20,UKR,0.03120888715617324
2024-09-21,UKR,0.03687930240688347
2024-09-22,UKR,0.030662882958948416
2024-09-23,UKR,0.11716730107825227
2024-09-24,UKR,0.022688880113059504
2024-09-25,UKR,0.051523176869010985
2024-09-26,UKR,0.04936737830797784
2024-09-27,UKR,0.00864528362341721
2024-09-28,UKR,0.01658045873608884
2024-09-29,UKR,0.011165866822778458
2024-09-30,UKR,0.02360989830710116
2024-10-01,UKR,0.005400006003539513
2024-10-02,UKR,0.010447848028970908
2024-10-03,UKR,0.0821814008050273
2024-10-04,UKR,0.009097441581306692
2024-10-05,UKR,0.009449690472015767
2024-10-06,UKR,0.021323866417169508
2024-10-07,UKR,0.11385971732084883
2024-10-08,UKR,0.029052078950811275
2024-10-09,UKR,0.005743995840871736
2024-10-10,UKR,0.017068444661935783
2024-10-11,UKR,0.03241395118691788
2024-10-12,UKR,0.023080732388668264
2024-10-13,UKR,0.02001216874147861
2024-10-14,UKR,0.05555017189946168
2024-10-15,UKR,0.00634369504478547
2024-10-16,UKR,0.007108410632868342
2024-10-17,UKR,0.04064253805772479
2024-10-18,UKR,0.034308881835125274
2024-10-19,UKR,0.0065926202521408754
2024-10-20,UKR,0.06543478125377118
2024-10-21,UKR,0.027779723664898028
2024-10-22,UKR,0.017695140297171834
2024-10-23,UKR,0.00791738700453258
2024-10-24,UKR,0.0067368505169617034
2024-10-25,UKR,0.11752249467885409
2024-10-26,UKR,0.00730438144252781
2024-10-27,UKR,0.008931503788021393
2024-10-28,UKR,0.06414117059773373
2024-10-29,UKR,0.030201506267658853
2024-10-30,UKR,0.006989102535909718
2024-10-31,UKR,0.0762329868624119
2024-11-01,UKR,0.04443282733234192
2024-11-02,UKR,0.005982309259184964
2024-11-03,UKR,0.017790861989033468
2024-11-04,UKR,0.12230138947308053
2024-11-05,UKR,0.026228037887758227
2024-11-06,UKR,0.00803319851249344
2024-11-07,UKR,0.049638816271218196
2024-11-08,UKR,0.032640977933176996
2024-11-09,UKR,0.007414021858400379
2024-11-10,UKR,0.005972830025653033
2024-11-11,UKR,0.10335670789716073
2024-11-12,UKR,0.02305513919677951
2024-11-13,UKR,0.0073585876703300985
2024-11-14,UKR,0.05649556425457679
2024-11-15,UKR,0.07424318568018694
2024-11-16,UKR,0.005757479660662511
2024-11-17,UKR,0.037231844226756586
2024-11-18,UKR,0.05420376384776615
2024-11-19,UKR,0.048270917761480625
2024-11-20,UKR,0.015295477460913486
2024-11-21,UKR,0.020596993374505306
2024-11-22,UKR,0.07415864935193452
2024-11-23,UKR,0.0070333047972727086
2024-11-24,UKR,0.03180859000824609
2024-11-25,UKR,0.10725112567548366
2024-11-26,UKR,0.06680997589569897
2024-11-27,UKR,0.008166375750094004
2024-11-28,UKR,0.14681586223156726
2024-11-29,UKR,0.13357940166402418
2024-11-30,UKR,0.00953666074320934
2024-12-01,UKR,0.00654202608101102
2024-12-02,UKR,0.12999904189386327
2024-12-03,UKR,0.07224663191450224
2024-12-04,UKR,0.008230172127992054
2024-12-05,UKR,0.09205333941918144
2024-12-06,UKR,0.0627103547305715
2024-12-07,UKR,0.007269219938879215
2024-12-08,UKR,0.021609251660712373
2024-12-09,UKR,0.0740786405670522
2024-12-10,UKR,0.024160247659900574
2024-12-11,UKR,0.009545024286609496
2024-12-12,UKR,0.07878961320632638
2024-12-13,UKR,0.037817798657801126
2024-12-14,UKR,0.009651010847317898
2024-12-15,UKR,0.06831091914868707
2024-12-16,UKR,0.08008411834815762
2024-12-17,UKR,0.06316195185377335
2024-12-18,UKR,0.011968150716159719
2024-12-19,UKR,0.12467270279773342
2024-12-20,UKR,0.07535959027605971
2024-12-21,UKR,0.02368989118068473
2024-12-22,UKR,0.04471875169575888
2024-12-23,UKR,0.11887610001369596
2024-12-24,UKR,0.04651064211728691
2024-12-25,UKR,0.021943476164825903
2024-12-26,UKR,0.09883662233068356
2024-12-27,UKR,0.12299427761855122
2024-12-28,UKR,0.01749805975813377
2024-12-29,UKR,0.13512117558933634
2024-12-30,UKR,0.13226028444366722
2024-12-31,UKR,0.021585406255144365
2025-01-01,UKR,0.027406366128236735
2025-01-02,UKR,0.050835627718846206
2025-01-03,UKR,0.055528531923405865
2025-01-04,UKR,0.021956540510223565
2025-01-05,UKR,0.02896756473528273
2025-01-06,UKR,0.10394198783506269
2025-01-07,UKR,0.04469902071518831
2025-01-08,UKR,0.010372721041698514
2025-01-09,UKR,0.14232679579640836
2025-01-10,UKR,0.04167793091357665
2025-01-11,UKR,0.03660142357862367
2025-01-12,UKR,0.06295916701720218
2025-01-13,UKR,0.06334013558472013
2025-01-14,UKR,0.01851224836316858
2025-01-15,UKR,0.016752163404274118
2025-01-16,UKR,0.05923409006432405
2025-01-17,UKR,0.1431001858835901
2025-01-18,UKR,0.02172441998943436
2025-01-19,UKR,0.027619470365047423
2025-01-20,UKR,0.06293720266442542
2025-01-21,UKR,0.022902696232078114
2025-01-22,UKR,0.010464632591436094
2025-01-23,UKR,0.06322793400185307
2025-01-24,UKR,0.10218170444596637
2025-01-25,UKR,0.024255926944018107
2025-01-26,UKR,0.008704502794117467
2025-01-27,UKR,0.024040412694271235
2025-01-28,UKR,0.05468945927283433
2025-01-29,UKR,0.01649427580834215
2025-01-30,UKR,0.0707279233966542
2025-01-31,UKR,0.013790884960047675
2025-02-01,UKR,0.007825776249437212
2025-02-02,UKR,0.08485448489588088
2025-02-03,UKR,0.04034242898717098
2025-02-04,UKR,0.018951643800988387
2025-02-05,UKR,0.009201813052651976
2025-02-06,UKR,0.011944446895592655
2025-02-07,UKR,0.09596849689740045
2025-02-08,UKR,0.015429906395551148
2025-02-09,UKR,0.018660330404431307
2025-02-10,UKR,0.033950019622063
2025-02-11,UKR,0.022240827484538928
2025-02-12,UKR,0.007304810474224021
2025-02-13,UKR,0.016002544106058742
2025-02-14,UKR,0.05968671143249455
2025-02-15,UKR,0.007574545314947152
2025-02-16,UKR,0.008317487084238689
2025-02-17,UKR,0.07687772590034776
2025-02-18,UKR,0.0314408227514371
2025-02-19,UKR,0.01880678330595546
2025-02-20,UKR,0.023264405312624907
2025-02-21,UKR,0.036236064882490183
2025-02-22,UKR,0.011871169082720264
2025-02-23,UKR,0.017253122520588183
2025-02-24,UKR,0.03997555084488241
2025-02-25,UKR,0.016728110214177222
2025-02-26,UKR,0.012407915773534828
2025-02-27,UKR,0.01121941191829116
2025-02-28,UKR,0.022930945323817998
2025-03-01,UKR,0.007663642110808271
2025-03-02,UKR,0.007811399870880649
2025-03-03,UKR,0.026475434917109533
2025-03-04,UKR,0.031466900227671075
2025-03-05,UKR,0.01943386461374151
2025-03-06,UKR,0.02363766733905565
2025-03-07,UKR,0.019912773520137806
2025-03-08,UKR,0.012208890342918971
2025-03-09,UKR,0.007517793562671284
2025-03-10,UKR,0.046783814899284674
2025-03-11,UKR,0.017665178251016267
2025-03-12,UKR,0.015437218281013632
2025-03-13,UKR,0.027378566117172855
2025-03-14,UKR,0.01659287940874467
2025-03-15,UKR,0.006902480289544015
2025-03-16,UKR,0.01645868462685166
2025-03-17,UKR,0.014085518980999802
2025-03-18,UKR,0.023858416719826744
2025-03-19,UKR,0.016766231532648296
2025-03-20,UKR,0.021155791769212152
2025-03-21,UKR,0.0144382975663361
2025-03-22,UKR,0.005696032079628513
2025-03-23,UKR,0.013947499417031377
2025-03-24,UKR,0.010249818568467512
2025-03-25,UKR,0.05470253936961632
2025-03-26,UKR,0.015398349758517118
2025-03-27,UKR,0.06170133874542028
2025-03-28,UKR,0.08438674382288984
2024-07-01,RUS,0.007248225698816788
2024-07-02,RUS,0.00794294421167816
2024-07-03,RUS,0.007073144723978848
2024-07-04,RUS,0.006284264163965405
2024-07-05,RUS,0.006962558977654865
2024-07-06,RUS,0.007078586730501325
2024-07-07,RUS,0.01043176670999863
2024-07-08,RUS,0.02342201674474285
2024-07-09,RUS,0.02431650493367412
2024-07-10,RUS,0.022672475895407544
2024-07-11,RUS,0.014881388145622834
2024-07-12,RUS,0.0088867227164301
2024-07-13,RUS,0.1130970209405194
2024-07-14,RUS,0.08737173621350103
2024-07-15,RUS,0.021923115173808037
2024-07-16,RUS,0.05680887350190467
2024-07-17,RUS,0.02540997426892538
2024-07-18,RUS,0.00875507879477833
2024-07-19,RUS,0.013722952908458654
2024-07-20,RUS,0.019295728062740214
2024-07-21,RUS,0.016974984972282295
2024-07-22,RUS,0.05114211378737891
2024-07-23,RUS,0.025213802666791615
2024-07-24,RUS,0.018815319015200546
2024-07-25,RUS,0.014869465980928642
2024-07-26,RUS,0.012302472445283806
2024-07-27,RUS,0.07692315961499677
2024-07-28,RUS,0.024966277118785168
2024-07-29,RUS,0.023511159367001926
2024-07-30,RUS,0.03285836633948048
2024-07-31,RUS,0.03962412415169334
2024-08-01,RUS,0.13104986155418263
2024-08-02,RUS,0.02133841094251001
2024-08-03,RUS,0.024773149877306982
2024-08-04,RUS,0.013397326918245862
2024-08-05,RUS,0.010501220020490368
2024-08-06,RUS,0.06684927366038458
2024-08-07,RUS,0.16142124334468158
2024-08-08,RUS,0.12015085956264089
2024-08-09,RUS,0.010300740995245208
2024-08-10,RUS,0.1270460838831962
2024-08-11,RUS,0.06036978888913879
2024-08-12,RUS,0.18201720083558004
2024-08-13,RUS,0.017729528080897193
2024-08-14,RUS,0.008703464582931919
2024-08-15,RUS,0.025616161913754692
2024-08-16,RUS,0.010264368316713622
2024-08-17,RUS,0.0046215193891952075
2024-08-18,RUS,0.004960623284674829
2024-08-19,RUS,0.006801605561905666
2024-08-20,RUS,0.007359343877046892
2024-08-21,RUS,0.012041999374778211
2024-08-22,RUS,0.004973689181213359
2024-08-23,RUS,0.007475177662398491
2024-08-24,RUS,0.005442627352188986
2024-08-25,RUS,0.005840031200308499
2024-08-26,RUS,0.005226761539495668
2024-08-27,RUS,0.005065888386558936
2024-08-28,RUS,0.005201267463301139
2024-08-29,RUS,0.0050074762451172644
2024-08-30,RUS,0.005010823025599358
2024-08-31,RUS,0.005128704819962563
2024-09-01,RUS,0.004814079684016255
2024-09-02,RUS,0.004878141916420747
2024-09-03,RUS,0.005125903534264571
2024-09-04,RUS,0.004939076284096426
2024-09-05,RUS,0.006324199441265769
2024-09-06,RUS,0.006335532956125162
2024-09-07,RUS,0.007435242814855664
2024-09-08,RUS,0.005562787251309433
2024-09-09,RUS,0.01076459921461306
2024-09-10,RUS,0.01426788413775591
2024-09-11,RUS,0.007659806500391759
2024-09-12,RUS,0.09735067091597355
2024-09-13,RUS,0.04545505241761451
2024-09-14,RUS,0.01783370917503808
2024-09-15,RUS,0.06316517292514819
2024-09-16,RUS,0.010540442716823119
2024-09-17,RUS,0.007302772640766244
2024-09-18,RUS,0.006306154346050797
2024-09-19,RUS,0.005056297607261056
2024-09-20,RUS,0.004992259801088804
2024-09-21,RUS,0.0051596817485527816
2024-09-22,RUS,0.004774417805828295
2024-09-23,RUS,0.004805883542993118
2024-09-24,RUS,0.004755979801381035
2024-09-25,RUS,0.004975138114626706
2024-09-26,RUS,0.007616879738540777
2024-09-27,RUS,0.007031497012855072
2024-09-28,RUS,0.011848884640836244
2024-09-29,RUS,0.008171598087697147
2024-09-30,RUS,0.011822608082837676
2024-10-01,RUS,0.007390250224186094
2024-10-02,RUS,0.008723536499018405
2024-10-03,RUS,0.007200762466946798
2024-10-04,RUS,0.006717423308189311
2024-10-05,RUS,0.007672672924204294
2024-10-06,RUS,0.008922657071417775
2024-10-07,RUS,0.007314324895421406
2024-10-08,RUS,0.006977513492886116
2024-10-09,RUS,0.008827961225787639
2024-10-10,RUS,0.029586848105948433
2024-10-11,RUS,0.017408227235841144
2024-10-12,RUS,0.015450033141408926
2024-10-13,RUS,0.006938297444106869
2024-10-14,RUS,0.0076685442756393276
2024-10-15,RUS,0.028636790390342785
2024-10-16,RUS,0.007484568404146026
2024-10-17,RUS,0.008237140430406359
2024-10-18,RUS,0.047285509486306464
2024-10-19,RUS,0.009143220624054023
2024-10-20,RUS,0.007593364871910935
2024-10-21,RUS,0.007184552347357229
2024-10-22,RUS,0.007546662769552156
2024-10-23,RUS,0.006761921971340626
2024-10-24,RUS,0.007261852109692258
2024-10-25,RUS,0.005022442572330622
2024-10-26,RUS,0.004858113420512645
2024-10-27,RUS,0.00459194691373153
2024-10-28,RUS,0.0049697152526025894
2024-10-29,RUS,0.004931884693695819
2024-10-30,RUS,0.005170584889593104
2024-10-31,RUS,0.005144596729795322
2024-11-01,RUS,0.007435365380419035
2024-11-02,RUS,0.007497769357658975
2024-11-03,RUS,0.007657571317244737
2024-11-04,RUS,0.01012098327349179
2024-11-05,RUS,0.007439652471628454
2024-11-06,RUS,0.006958550281869136
2024-11-07,RUS,0.008330009321708073
2024-11-08,RUS,0.008784514023246348
2024-11-09,RUS,0.020276400397690988
2024-11-10,RUS,0.01129159441021489
2024-11-11,RUS,0.07940336825387291
2024-11-12,RUS,0.022370573384794937
2024-11-13,RUS,0.00681694662585346
2024-11-14,RUS,0.012314228838354807
2024-11-15,RUS,0.016717330229034107
2024-11-16,RUS,0.005313097371334947
2024-11-17,RUS,0.007786152695985664
2024-11-18,RUS,0.005387910231306014
2024-11-19,RUS,0.0047242401767068195
2024-11-20,RUS,0.004753532812770977
2024-11-21,RUS,0.005741555720031566
2024-11-22,RUS,0.0048475216853466185
2024-11-23,RUS,0.004973279417651972
2024-11-24,RUS,0.0045619236696455
2024-11-25,RUS,0.004571547578821558
2024-11-26,RUS,0.004858090290353256
2024-11-27,RUS,0.004706251561897001
2024-11-28,RUS,0.006684203298176377
2024-11-29,RUS,0.005995063722095765
2024-11-30,RUS,0.00665840972747227
2024-12-01,RUS,0.0064086568823639774
2024-12-02,RUS,0.00738831349949688
2024-12-03,RUS,0.0067662256989350755
2024-12-04,RUS,0.012700763966539685
2024-12-05,RUS,0.09436639588780511
2024-12-06,RUS,0.02445171055484737
2024-12-07,RUS,0.015021150573928426
2024-12-08,RUS,0.009863467763277517
2024-12-09,RUS,0.00890358371087726
2024-12-10,RUS,0.010368869673017997
2024-12-11,RUS,0.025128382004570064
2024-12-12,RUS,0.007697981080039246
2024-12-13,RUS,0.008946283868425806
2024-12-14,RUS,0.012843360836172633
2024-12-15,RUS,0.015248497151455627
2024-12-16,RUS,0.016536247031691105
2024-12-17,RUS,0.018935808285916792
2024-12-18,RUS,0.01641876417857697
2024-12-19,RUS,0.02239303790735903
2024-12-20,RUS,0.013818345159704998
2024-12-21,RUS,0.009186818487762247
2024-12-22,RUS,0.010110582233993031
2024-12-23,RUS,0.008937532303765238
2024-12-24,RUS,0.008901939878530994
2024-12-25,RUS,0.043362915239104745
2024-12-26,RUS,0.010561304683547138
2024-12-27,RUS,0.008055478908777223
2024-12-28,RUS,0.010647197812583768
2024-12-29,RUS,0.009255280971894785
2024-12-30,RUS,0.017934479436263345
2024-12-31,RUS,0.017048821613023426
2025-01-01,RUS,0.005593215208628351
2025-01-02,RUS,0.005533315580721479
2025-01-03,RUS,0.005237606370453675
2025-01-04,RUS,0.006210684270420554
2025-01-05,RUS,0.005865228800334715
2025-01-06,RUS,0.005841695552165006
2025-01-07,RUS,0.005795061038450182
2025-01-08,RUS,0.008588564002819987
2025-01-09,RUS,0.016915013685363706
2025-01-10,RUS,0.015329610758786368
2025-01-11,RUS,0.009062711320944874
2025-01-12,RUS,0.008133449371974662
2025-01-13,RUS,0.01426728558515199
2025-01-14,RUS,0.014586374142965533
2025-01-15,RUS,0.017111837459018786
2025-01-16,RUS,0.048436092480295796
2025-01-17,RUS,0.010290854906253926
2025-01-18,RUS,0.01660751357590899
2025-01-19,RUS,0.02484137379506029
2025-01-20,RUS,0.030324072382018247
2025-01-21,RUS,0.029151838312420235
2025-01-22,RUS,0.011575076724560368
2025-01-23,RUS,0.017268066287653153
2025-01-24,RUS,0.014770017260085812
2025-01-25,RUS,0.01844608903531407
2025-01-26,RUS,0.017117617105372754
2025-01-27,RUS,0.011624572275024817
2025-01-28,RUS,0.010533611852547605
2025-01-29,RUS,0.019159013600104097
2025-01-30,RUS,0.010653879548603567
2025-01-31,RUS,0.01325633995776125
2025-02-01,RUS,0.09572406943266067
2025-02-02,RUS,0.043755240742370416
2025-02-03,RUS,0.020285894691510688
2025-02-04,RUS,0.0734167492988713
2025-02-05,RUS,0.025379686474477203
2025-02-06,RUS,0.009926945646577694
2025-02-07,RUS,0.008774993968203236
2025-02-08,RUS,0.009239259518197014
2025-02-09,RUS,0.008845177041734535
2025-02-10,RUS,0.008050721251814762
2025-02-11,RUS,0.011358737786870163
2025-02-12,RUS,0.009682355752863723
2025-02-13,RUS,0.011231645711697442
2025-02-14,RUS,0.009046651748466071
2025-02-15,RUS,0.04181661244143991
2025-02-16,RUS,0.012551728114401667
2025-02-17,RUS,0.011018076900557778
2025-02-18,RUS,0.012223925631568822
2025-02-19,RUS,0.011644334208264691
2025-02-20,RUS,0.0091682914613764
2025-02-21,RUS,0.009452891830712653
2025-02-22,RUS,0.006738766341228963
2025-02-23,RUS,0.006965197296163934
2025-02-24,RUS,0.0076853332380742235
2025-02-25,RUS,0.006774100983669573
2025-02-26,RUS,0.006989759102056971
2025-02-27,RUS,0.0074428751168259
2025-02-28,RUS,0.007531388063402689
2025-03-01,RUS,0.019859144281694472
2025-03-02,RUS,0.00635576572979589
2025-03-03,RUS,0.006325989016552262
2025-03-04,RUS,0.0061737493634947726
2025-03-05,RUS,0.006274837995739812
2025-03-06,RUS,0.007080820449850896
2025-03-07,RUS,0.005938585197401508
2025-03-08,RUS,0.009884067321008268
2025-03-09,RUS,0.006663617325124828
2025-03-10,RUS,0.009913021658542133
2025-03-11,RUS,0.009468635965111334
2025-03-12,RUS,0.01205858795876443
2025-03-13,RUS,0.01321562902585432
2025-03-14,RUS,0.018739067460417133
2025-03-15,RUS,0.016883830902495633
2025-03-16,RUS,0.008064158762548672
2025-03-17,RUS,0.007947905720837553
2025-03-18,RUS,0.012182670827957662
2025-03-19,RUS,0.008372349841580551
2025-03-20,RUS,0.006556507041200821
2025-03-21,RUS,0.00788712648931856
2025-03-22,RUS,0.006547586393962488
2025-03-23,RUS,0.006028905108161917
2025-03-24,RUS,0.0059838316018545785
2025-03-25,RUS,0.006075017724767197
2025-03-26,RUS,0.007065983402562368
2025-03-27,RUS,0.006847268901614476
2025-03-28,RUS,0.0054700136591170345
2024-07-01,PSE,0.023250647008639647
2024-07-02,PSE,0.03862454363298346
2024-07-03,PSE,0.03409780290857623
2024-07-04,PSE,0.011062962863355223
2024-07-05,PSE,0.03246972349223211
2024-07-06,PSE,0.025803915382488416
2024-07-07,PSE,0.013603505689840123
2024-07-08,PSE,0.013603505689840123
2024-07-09,PSE,0.03926385184424241
2024-07-10,PSE,0.01508495367403756
2024-07-11,PSE,0.022058547129098386
2024-07-12,PSE,0.007665743535347439
2024-07-13,PSE,0.03758679077525002
2024-07-14,PSE,0.01598037498326547
2024-07-15,PSE,0.01533465211513946
2024-07-16,PSE,0.013505362073379082
2024-07-17,PSE,0.012939251169741695
2024-07-18,PSE,0.00813357848950117
2024-07-19,PSE,0.012258226358363412
2024-07-20,PSE,0.014337180654115591
2024-07-21,PSE,0.01065485787857084
2024-07-22,PSE,0.01065485787857084
2024-07-23,PSE,0.006831566154978299
2024-07-24,PSE,0.014694090402820211
2024-07-25,PSE,0.007184372166728613
2024-07-26,PSE,0.008550742517702601
2024-07-27,PSE,0.011186740090303359
2024-07-28,PSE,0.026528467085240134
2024-07-29,PSE,0.018252707403139008
2024-07-30,PSE,0.02985996779449074
2024-07-31,PSE,0.018159736523739575
2024-08-01,PSE,0.009515963227291448
2024-08-02,PSE,0.024519328646214453
2024-08-03,PSE,0.02443442932327491
2024-08-04,PSE,0.024234501550183127
2024-08-05,PSE,0.024234501550183127
2024-08-06,PSE,0.010598815063298966
2024-08-07,PSE,0.007906245667898205
2024-08-08,PSE,0.018479587892874922
2024-08-09,PSE,0.007100218089741403
2024-08-10,PSE,0.03355584155601877
2024-08-11,PSE,0.02242036440912904
2024-08-12,PSE,0.04814515337407352
2024-08-13,PSE,0.008411651456181007
2024-08-14,PSE,0.00946123510125642
2024-08-15,PSE,0.007535429945166419
2024-08-16,PSE,0.013888464567091672
2024-08-17,PSE,0.010371262971274576
2024-08-18,PSE,0.0076967618499770175
2024-08-19,PSE,0.011391038353205051
2024-08-20,PSE,0.02200397398816126
2024-08-21,PSE,0.020981722970186717
2024-08-22,PSE,0.012546243917270687
2024-08-23,PSE,0.007947065434420935
2024-08-24,PSE,0.00845766455181693
2024-08-25,PSE,0.012963973777475286
2024-08-26,PSE,0.018557226769684167
2024-08-27,PSE,0.011248826463750708
2024-08-28,PSE,0.015299018249966526
2024-08-29,PSE,0.011112745605588982
2024-08-30,PSE,0.0060968001339665985
2024-08-31,PSE,0.010420968445932849
2024-09-01,PSE,0.007039472751522449
2024-09-02,PSE,0.010083130956189044
2024-09-03,PSE,0.007975989567681929
2024-09-04,PSE,0.00852651398823927
2024-09-05,PSE,0.009358506335645935
2024-09-06,PSE,0.015335619440944425
2024-09-07,PSE,0.007172330598956786
2024-09-08,PSE,0.00715516116382838
2024-09-09,PSE,0.0077432473526261505
2024-09-10,PSE,0.013949405582465758
2024-09-11,PSE,0.020178552444787338
2024-09-12,PSE,0.007695562114279527
2024-09-13,PSE,0.008295171194092416
2024-09-14,PSE,0.04117626012743513
2024-09-15,PSE,0.009097162765099141
2024-09-16,PSE,0.009483698164560404
2024-09-17,PSE,0.015841560205048646
2024-09-18,PSE,0.00857800428410257
2024-09-19,PSE,0.009410270460888409
2024-09-20,PSE,0.01329423200879499
2024-09-21,PSE,0.006707494322126829
2024-09-22,PSE,0.0068155192478959944
2024-09-23,PSE,0.006699782586836758
2024-09-24,PSE,0.0068115331395213145
2024-09-25,PSE,0.0074852364969331345
2024-09-26,PSE,0.006357815852188383
2024-09-27,PSE,0.006476575356719475
2024-09-28,PSE,0.011124507045106036
2024-09-29,PSE,0.010783392102924364
2024-09-30,PSE,0.013261110663359452
2024-10-01,PSE,0.02616981553377221
2024-10-02,PSE,0.019297168052293038
2024-10-03,PSE,0.009920216648389081
2024-10-04,PSE,0.008729458351354387
2024-10-05,PSE,0.008559464245973489
2024-10-06,PSE,0.0329811914323383
2024-10-07,PSE,0.04540568645045525
2024-10-08,PSE,0.010599031109441118
2024-10-09,PSE,0.038719606851901324
2024-10-10,PSE,0.018085058706504984
2024-10-11,PSE,0.014424426398926625
2024-10-12,PSE,0.019026983997092003
2024-10-13,PSE,0.015472087202611192
2024-10-14,PSE,0.01604857749216173
2024-10-15,PSE,0.021829892849452963
2024-10-16,PSE,0.007054141708932603
2024-10-17,PSE,0.007153070172807448
2024-10-18,PSE,0.012484052528100559
2024-10-19,PSE,0.01383508807610835
2024-10-20,PSE,0.007302473252399252
2024-10-21,PSE,0.015617820334062806
2024-10-22,PSE,0.012304458551451685
2024-10-23,PSE,0.008627712014018867
2024-10-24,PSE,0.024048208372809358
2024-10-25,PSE,0.020776295004843476
2024-10-26,PSE,0.01808099036723189
2024-10-27,PSE,0.011287923751832263
2024-10-28,PSE,0.0060647503094932755
2024-10-29,PSE,0.024513770522512912
2024-10-30,PSE,0.006450755222961744
2024-10-31,PSE,0.010522214136438635
2024-11-01,PSE,0.02650491658862212
2024-11-02,PSE,0.006153927507700659
2024-11-03,PSE,0.01693284600415562
2024-11-04,PSE,0.018686583085246886
2024-11-05,PSE,0.015529366639486368
2024-11-06,PSE,0.014968328976995382
2024-11-07,PSE,0.017243822693104864
2024-11-08,PSE,0.00969149458512605
2024-11-09,PSE,0.017447094406235878
2024-11-10,PSE,0.00949737101274098
2024-11-11,PSE,0.009258828111045435
2024-11-12,PSE,0.01678161635881267
2024-11-13,PSE,0.013160537723899263
2024-11-14,PSE,0.006000924391612569
2024-11-15,PSE,0.009243154511548186
2024-11-16,PSE,0.010354103946788908
2024-11-17,PSE,0.015872134975180825
2024-11-18,PSE,0.009916569622668587
2024-11-19,PSE,0.010858156096862139
2024-11-20,PSE,0.02379267177815477
2024-11-21,PSE,0.02980844263754222
2024-11-22,PSE,0.012635270431795178
2024-11-23,PSE,0.008079379278463502
2024-11-24,PSE,0.009078443607226205
2024-11-25,PSE,0.007907517813649036
2024-11-26,PSE,0.01722959249429595
2024-11-27,PSE,0.009062128245369349
2024-11-28,PSE,0.022301111812320296
2024-11-29,PSE,0.012875452257827517
2024-11-30,PSE,0.020278382657094918
2024-12-01,PSE,0.007340820009611195
2024-12-02,PSE,0.006445529673102486
2024-12-03,PSE,0.011516672608961337
2024-12-04,PSE,0.00875719087078769
2024-12-05,PSE,0.010433393454284798
2024-12-06,PSE,0.012515885307518598
2024-12-07,PSE,0.0067309814030163725
2024-12-08,PSE,0.007251925004746955
2024-12-09,PSE,0.007280770888345911
2024-12-10,PSE,0.0066804378634080465
2024-12-11,PSE,0.009326970403542164
2024-12-12,PSE,0.015533050541302428
2024-12-13,PSE,0.006810556943768107
2024-12-14,PSE,0.00834998147100783
2024-12-15,PSE,0.03504332764207764
2024-12-16,PSE,0.007139672250319063
2024-12-17,PSE,0.013778056899067257
2024-12-18,PSE,0.00787719481736892
2024-12-19,PSE,0.008601160575064363
2024-12-20,PSE,0.006570332959154819
2024-12-21,PSE,0.0070126333288690135
2024-12-22,PSE,0.011227627670121372
2024-12-23,PSE,0.008234212231891342
2024-12-24,PSE,0.006763447961527873
2024-12-25,PSE,0.008025750583634993
2024-12-26,PSE,0.024601215391177208
2024-12-27,PSE,0.013973808878244919
2024-12-28,PSE,0.009915350305279272
2024-12-29,PSE,0.012243321264716217
2024-12-30,PSE,0.01069297109605932
2024-12-31,PSE,0.011091213281769177
2025-01-01,PSE,0.00808889039526324
2025-01-02,PSE,0.02285840016398416
2025-01-03,PSE,0.007802315745277943
2025-01-04,PSE,0.010172639995666583
2025-01-05,PSE,0.007092537606475662
2025-01-06,PSE,0.006732568046975271
2025-01-07,PSE,0.012137599864214737
2025-01-08,PSE,0.010792202204955945
2025-01-09,PSE,0.011493719055685463
2025-01-10,PSE,0.01268486094281658
2025-01-11,PSE,0.01033877861777492
2025-01-12,PSE,0.013642751507705464
2025-01-13,PSE,0.012710978744893742
2025-01-14,PSE,0.018270588371563753
2025-01-15,PSE,0.046331729853375116
2025-01-16,PSE,0.012537538293532264
2025-01-17,PSE,0.010820770183707376
2025-01-18,PSE,0.01932972564219057
2025-01-19,PSE,0.043252837640336404
2025-01-20,PSE,0.015455719520423466
2025-01-21,PSE,0.019883987846176465
2025-01-22,PSE,0.013591751328184637
2025-01-23,PSE,0.019959708031732207
2025-01-24,PSE,0.008347840754796465
2025-01-25,PSE,0.013346761523487216
2025-01-26,PSE,0.009749303245355922
2025-01-27,PSE,0.006031758744957298
2025-01-28,PSE,0.01185108073062389
2025-01-29,PSE,0.015242389332837272
2025-01-30,PSE,0.017228190083977225
2025-01-31,PSE,0.008149081952184164
2025-02-01,PSE,0.022149439563845266
2025-02-02,PSE,0.006641460472011414
2025-02-03,PSE,0.01345503909294051
2025-02-04,PSE,0.0158887405045088
2025-02-05,PSE,0.015535345425853822
2025-02-06,PSE,0.015191556907051734
2025-02-07,PSE,0.01404080864963888
2025-02-08,PSE,0.041513935558683095
2025-02-09,PSE,0.037663727179817925
2025-02-10,PSE,0.054494900520946916
2025-02-11,PSE,0.027777835679189063
2025-02-12,PSE,0.016312131015342176
2025-02-13,PSE,0.05730580840979393
2025-02-14,PSE,0.018668946213108266
2025-02-15,PSE,0.024117641772210416
2025-02-16,PSE,0.02554760878179661
2025-02-17,PSE,0.023680746324895127
2025-02-18,PSE,0.022100293624805353
2025-02-19,PSE,0.009539543370147039
2025-02-20,PSE,0.009873487012892455
2025-02-21,PSE,0.008226612449519216
2025-02-22,PSE,0.021319491613981088
2025-02-23,PSE,0.021143853423859854
2025-02-24,PSE,0.021452461723608582
2025-02-25,PSE,0.007152862867239283
2025-02-26,PSE,0.009403864181134423
2025-02-27,PSE,0.01688220701518467
2025-02-28,PSE,0.026854698735325366
2025-03-01,PSE,0.0061184862231643935
2025-03-02,PSE,0.006403880901254705
2025-03-03,PSE,0.006434740129678748
2025-03-04,PSE,0.004955942350501776
2025-03-05,PSE,0.004749014482412961
2025-03-06,PSE,0.005657082198937986
2025-03-07,PSE,0.0045737229317122565
2025-03-08,PSE,0.01521680881928485
2025-03-09,PSE,0.008929358143367518
2025-03-10,PSE,0.00989071825948199
2025-03-11,PSE,0.01296822823149977
2025-03-12,PSE,0.07594965729926019
2025-03-13,PSE,0.054844566316591466
2025-03-14,PSE,0.0183966104843526
2025-03-15,PSE,0.017439150508763577
2025-03-16,PSE,0.022142046043789526
2025-03-17,PSE,0.007156470860834269
2025-03-18,PSE,0.17322007852844812
2025-03-19,PSE,0.009136633160189698
2025-03-20,PSE,0.014848273586691243
2025-03-21,PSE,0.008570240747355936
2025-03-22,PSE,0.008889159890034602
2025-03-23,PSE,0.023955214183048357
2025-03-24,PSE,0.008867606815456603
2025-03-25,PSE,0.0052643562847855775
2025-03-26,PSE,0.00539501571739092
2025-03-27,PSE,0.006916009714847051
2025-03-28,PSE,0.006980186801595299
2024-07-01,ISR,0.050292779329512274
2024-07-02,ISR,0.04845149239638261
2024-07-03,ISR,0.09405385999666542
2024-07-04,ISR,0.1562688094841566
2024-07-05,ISR,0.14796939526616978
2024-07-06,ISR,0.03534997450625542
2024-07-07,ISR,0.11893984624543083
2024-07-08,ISR,0.04968452529127702
2024-07-09,ISR,0.04593915064224927
2024-07-10,ISR,0.00873846183388088
2024-07-11,ISR,0.009213205068696936
2024-07-12,ISR,0.006689865612941105
2024-07-13,ISR,0.016231728800351435
2024-07-14,ISR,0.009350496950225762
2024-07-15,ISR,0.006369211633788024
2024-07-16,ISR,0.009507839002371852
2024-07-17,ISR,0.01857342042031579
2024-07-18,ISR,0.008323855588094436
2024-07-19,ISR,0.02830612314313004
2024-07-20,ISR,0.010362648443094752
2024-07-21,ISR,0.006133324424187478
2024-07-22,ISR,0.006020090661561173
2024-07-23,ISR,0.007562860084489389
2024-07-24,ISR,0.016561201746230762
2024-07-25,ISR,0.009129374677324565
2024-07-26,ISR,0.0072248022113827436
2024-07-27,ISR,0.009650041841879809
2024-07-28,ISR,0.02574878317875999
2024-07-29,ISR,0.012377446851662135
2024-07-30,ISR,0.035771737734779034
2024-07-31,ISR,0.02598121425330677
2024-08-01,ISR,0.011805802839455029
2024-08-02,ISR,0.02454284762372337
2024-08-03,ISR,0.0099676187225055
2024-08-04,ISR,0.011234881498940686
2024-08-05,ISR,0.045775428639915884
2024-08-06,ISR,0.042563304868750367
2024-08-07,ISR,0.010176914650954444
2024-08-08,ISR,0.0251587659179503
2024-08-09,ISR,0.009671021378522339
2024-08-10,ISR,0.025317593266461814
2024-08-11,ISR,0.005166855947591844
2024-08-12,ISR,0.005042429971022395
2024-08-13,ISR,0.004874854775784332
2024-08-14,ISR,0.004777707209511384
2024-08-15,ISR,0.005107441537138297
2024-08-16,ISR,0.005151518015264809
2024-08-17,ISR,0.004517108764668497
2024-08-18,ISR,0.00922365817505486
2024-08-19,ISR,0.01090740321038604
2024-08-20,ISR,0.05238910059105791
2024-08-21,ISR,0.020276601484042516
2024-08-22,ISR,0.017323373907515666
2024-08-23,ISR,0.04075471322768317
2024-08-24,ISR,0.05291939246548569
2024-08-25,ISR,0.09169805690943968
2024-08-26,ISR,0.036342264213979875
2024-08-27,ISR,0.017720316520703012
2024-08-28,ISR,0.016658283639328402
2024-08-29,ISR,0.011379434872527
2024-08-30,ISR,0.010298451160766244
2024-08-31,ISR,0.014529497470757342
2024-09-01,ISR,0.025191882153751635
2024-09-02,ISR,0.05913454188644801
2024-09-03,ISR,0.025831367895205817
2024-09-04,ISR,0.011697004090224682
2024-09-05,ISR,0.010802645489175181
2024-09-06,ISR,0.011304389766168292
2024-09-07,ISR,0.014097816153491706
2024-09-08,ISR,0.025971527026187706
2024-09-09,ISR,0.03550818157355574
2024-09-10,ISR,0.08071175544230026
2024-09-11,ISR,0.03313575368546127
2024-09-12,ISR,0.03022076515351163
2024-09-13,ISR,0.028494421575467305
2024-09-14,ISR,0.041285902159416014
2024-09-15,ISR,0.03562083957716541
2024-09-16,ISR,0.08556145562442831
2024-09-17,ISR,0.09848487902579815
2024-09-18,ISR,0.07581136401661132
2024-09-19,ISR,0.09992106006012455
2024-09-20,ISR,0.04889059742032592
2024-09-21,ISR,0.04356696247895391
2024-09-22,ISR,0.12797046177027627
2024-09-23,ISR,0.1577626802822228
2024-09-24,ISR,0.12918264670225751
2024-09-25,ISR,0.03154626349034073
2024-09-26,ISR,0.007106204267829193
2024-09-27,ISR,0.010478636597540558
2024-09-28,ISR,0.007734819780896096
2024-09-29,ISR,0.012720406550311586
2024-09-30,ISR,0.011395992379193046
2024-10-01,ISR,0.12398720889203768
2024-10-02,ISR,0.007928882630088462
2024-10-03,ISR,0.017826604051512613
2024-10-04,ISR,0.01018922325300007
2024-10-05,ISR,0.012454568835854937
2024-10-06,ISR,0.008413019076423774
2024-10-07,ISR,0.070504072481935
2024-10-08,ISR,0.004627753981554948
2024-10-09,ISR,0.005379265844926498
2024-10-10,ISR,0.004760753499706291
2024-10-11,ISR,0.00482314509244563
2024-10-12,ISR,0.004722260349445816
2024-10-13,ISR,0.005293029681592373
2024-10-14,ISR,0.004774471783438975
2024-10-15,ISR,0.008232457211872676
2024-10-16,ISR,0.008044067875039109
2024-10-17,ISR,0.007914646480408483
2024-10-18,ISR,0.01309010034805801
2024-10-19,ISR,0.007503827422923353
2024-10-20,ISR,0.0059820519427516705
2024-10-21,ISR,0.005831707908994262
2024-10-22,ISR,0.012445454538462537
2024-10-23,ISR,0.0052173833925968595
2024-10-24,ISR,0.0060873998973002596
2024-10-25,ISR,0.00607298368788427
2024-10-26,ISR,0.006036431255847594
2024-10-27,ISR,0.0060051192695307785
2024-10-28,ISR,0.007509176654357242
2024-10-29,ISR,0.008485836040068254
2024-10-30,ISR,0.005860331254723567
2024-10-31,ISR,0.005505156245996125
2024-11-01,ISR,0.010970126644228822
2024-11-02,ISR,0.01284524162554995
2024-11-03,ISR,0.007420156792550431
2024-11-04,ISR,0.011032923418610403
2024-11-05,ISR,0.006831666101701657
2024-11-06,ISR,0.009689691648509538
2024-11-07,ISR,0.00797281289750379
2024-11-08,ISR,0.0069586034562503585
2024-11-09,ISR,0.00718933303765098
2024-11-10,ISR,0.005607703935687877
2024-11-11,ISR,0.00771980191968912
2024-11-12,ISR,0.006066838689020802
2024-11-13,ISR,0.0055656601341986175
2024-11-14,ISR,0.04620527988186283
2024-11-15,ISR,0.0973353440206388
2024-11-16,ISR,0.06961001461738972
2024-11-17,ISR,0.10014807128159164
2024-11-18,ISR,0.02024386679392173
2024-11-19,ISR,0.011846832484776611
2024-11-20,ISR,0.014160672912804134
2024-11-21,ISR,0.06039434306133213
2024-11-22,ISR,0.05123455748084635
2024-11-23,ISR,0.00818385294603945
2024-11-24,ISR,0.09817138395228846
2024-11-25,ISR,0.05386986014187651
2024-11-26,ISR,0.049492553253070726
2024-11-27,ISR,0.06272232251856272
2024-11-28,ISR,0.031796417313862596
2024-11-29,ISR,0.02394035558555315
2024-11-30,ISR,0.028892474800048785
2024-12-01,ISR,0.013452681711648677
2024-12-02,ISR,0.04970771427613584
2024-12-03,ISR,0.05731743306799978
2024-12-04,ISR,0.022241285827761456
2024-12-05,ISR,0.11760502488403322
2024-12-06,ISR,0.06491960734028773
2024-12-07,ISR,0.08335479258468419
2024-12-08,ISR,0.07027669313656125
2024-12-09,ISR,0.10159352202212692
2024-12-10,ISR,0.09761164971390852
2024-12-11,ISR,0.04465768820431128
2024-12-12,ISR,0.08436092563289904
2024-12-13,ISR,0.0568901807441056
2024-12-14,ISR,0.04736808939484266
2024-12-15,ISR,0.06005515304156731
2024-12-16,ISR,0.07287074598053613
2024-12-17,ISR,0.1014412641084079
2024-12-18,ISR,0.1021509715419579
2024-12-19,ISR,0.05619112356988501
2024-12-20,ISR,0.02342733387779511
2024-12-21,ISR,0.052522092693889876
2024-12-22,ISR,0.06885073080284415
2024-12-23,ISR,0.05126609304833479
2024-12-24,ISR,0.039237601234156295
2024-12-25,ISR,0.022571183634124654
2024-12-26,ISR,0.02679052360125915
2024-12-27,ISR,0.032450324009374774
2024-12-28,ISR,0.027019480928701316
2024-12-29,ISR,0.01630841479426475
2024-12-30,ISR,0.026962989297434146
2024-12-31,ISR,0.018540468821692052
2025-01-01,ISR,0.018009497798367007
2025-01-02,ISR,0.012970759226620257
2025-01-03,ISR,0.006321099436754591
2025-01-04,ISR,0.00918048641357619
2025-01-05,ISR,0.007258626259604723
2025-01-06,ISR,0.008117712347241113
2025-01-07,ISR,0.008177679275843758
2025-01-08,ISR,0.007047651467599307
2025-01-09,ISR,0.008092977147108608
2025-01-10,ISR,0.01901569498523584
2025-01-11,ISR,0.014793997675644566
2025-01-12,ISR,0.022912874107810226
2025-01-13,ISR,0.03361826099752383
2025-01-14,ISR,0.018642956181325974
2025-01-15,ISR,0.03286703883711912
2025-01-16,ISR,0.046952987441180295
2025-01-17,ISR,0.05298785326636245
2025-01-18,ISR,0.11327057044499222
2025-01-19,ISR,0.10795144684613169
2025-01-20,ISR,0.14463673944767194
2025-01-21,ISR,0.058072164555637795
2025-01-22,ISR,0.023282650265834308
2025-01-23,ISR,0.022870382010875503
2025-01-24,ISR,0.0300696677680147
2025-01-25,ISR,0.04243255385911441
2025-01-26,ISR,0.0072118292553010836
2025-01-27,ISR,0.00667817741858248
2025-01-28,ISR,0.0062763413569268236
2025-01-29,ISR,0.0060439577892505425
2025-01-30,ISR,0.015206792887204916
2025-01-31,ISR,0.006343268631353074
2025-02-01,ISR,0.01901266841512013
2025-02-02,ISR,0.011007239696405728
2025-02-03,ISR,0.010301445934784083
2025-02-04,ISR,0.0657234433234495
2025-02-05,ISR,0.12573301236818976
2025-02-06,ISR,0.14412679084024035
2025-02-07,ISR,0.0893767705894486
2025-02-08,ISR,0.1710937227360224
2025-02-09,ISR,0.06521213536437996
2025-02-10,ISR,0.0818958492250539
2025-02-11,ISR,0.11346564751929933
2025-02-12,ISR,0.08228214565712658
2025-02-13,ISR,0.08002564255935132
2025-02-14,ISR,0.07637269394637307
2025-02-15,ISR,0.1795993284905193
2025-02-16,ISR,0.07068013277139525
2025-02-17,ISR,0.08353367589973322
2025-02-18,ISR,0.11308406420262426
2025-02-19,ISR,0.07494516738277834
2025-02-20,ISR,0.1049203832546859
2025-02-21,ISR,0.09601536958671086
2025-02-22,ISR,0.16343877336731946
2025-02-23,ISR,0.12980905907139345
2025-02-24,ISR,0.07229771369215464
2025-02-25,ISR,0.09221327881857723
2025-02-26,ISR,0.09408025859516836
2025-02-27,ISR,0.056304908752278865
2025-02-28,ISR,0.04915383319072025
2025-03-01,ISR,0.020746153220757676
2025-03-02,ISR,0.05228063691290215
2025-03-03,ISR,0.04612382848559277
2025-03-04,ISR,0.04563141871267572
2025-03-05,ISR,0.07458426649052616
2025-03-06,ISR,0.007956258111478135
2025-03-07,ISR,0.006323472025010875
2025-03-08,ISR,0.006726886911796942
2025-03-09,ISR,0.006569337467209569
2025-03-10,ISR,0.005255601669754254
2025-03-11,ISR,0.005238808635982063
2025-03-12,ISR,0.005724337338146876
2025-03-13,ISR,0.006698995669795715
2025-03-14,ISR,0.005869483769053589
2025-03-15,ISR,0.0063399293008566705
2025-03-16,ISR,0.005859348366082229
2025-03-17,ISR,0.06533195260365346
2025-03-18,ISR,0.14375735532277123
2025-03-19,ISR,0.086272100949353
2025-03-20,ISR,0.07291963555608263
2025-03-21,ISR,0.0057198917532294904
2025-03-22,ISR,0.005728973136082895
2025-03-23,ISR,0.0058166320533250115
2025-03-24,ISR,0.006040625786922734
2025-03-25,ISR,0.005875770975465081
2025-03-26,ISR,0.0061377676754676815
2025-03-27,ISR,0.006082758374341061
2025-03-28,ISR,0.020301188902498036
2024-07-01,SYR,0.0669340432240818
2024-07-02,SYR,0.07434105448646051
2024-07-03,SYR,0.13203268339899743
2024-07-04,SYR,0.036912178386435714
2024-07-05,SYR,0.05605529042852322
2024-07-06,SYR,0.027978227730514733
2024-07-07,SYR,0.03380373955514559
2024-07-08,SYR,0.015007492820926213
2024-07-09,SYR,0.03380965589360252
2024-07-10,SYR,0.012440032890995293
2024-07-11,SYR,0.009855852592668675
2024-07-12,SYR,0.01050547064058038
2024-07-13,SYR,0.017819767980457275
2024-07-14,SYR,0.023465155729039785
2024-07-15,SYR,0.009457662928278966
2024-07-16,SYR,0.018912814364029164
2024-07-17,SYR,0.053137147689868096
2024-07-18,SYR,0.010639948369253329
2024-07-19,SYR,0.010213268151140119
2024-07-20,SYR,0.014370672813492599
2024-07-21,SYR,0.01148963723361465
2024-07-22,SYR,0.012832214500636253
2024-07-23,SYR,0.018095832604669414
2024-07-24,SYR,0.012914991121635843
2024-07-25,SYR,0.008204391024378286
2024-07-26,SYR,0.013527193693017794
2024-07-27,SYR,0.026151731693227345
2024-07-28,SYR,0.02361185795914691
2024-07-29,SYR,0.013940428013704141
2024-07-30,SYR,0.01563429964601523
2024-07-31,SYR,0.01489381191816068
2024-08-01,SYR,0.012996043673114946
2024-08-02,SYR,0.009334723789977649
2024-08-03,SYR,0.015229639633218231
2024-08-04,SYR,0.021845444479183136
2024-08-05,SYR,0.00992148473633908
2024-08-06,SYR,0.007185795968120702
2024-08-07,SYR,0.03130986988534028
2024-08-08,SYR,0.021940432763140626
2024-08-09,SYR,0.013234093703970736
2024-08-10,SYR,0.029130754535923713
2024-08-11,SYR,0.0812869835144585
2024-08-12,SYR,0.012630350612892123
2024-08-13,SYR,0.023442816134011932
2024-08-14,SYR,0.01650434625596635
2024-08-15,SYR,0.008778851730355598
2024-08-16,SYR,0.007660631950469538
2024-08-17,SYR,0.006163599287920743
2024-08-18,SYR,0.006813993122101854
2024-08-19,SYR,0.007048650653180613
2024-08-20,SYR,0.006228001964119143
2024-08-21,SYR,0.010951687083933542
2024-08-22,SYR,0.006098370465984036
2024-08-23,SYR,0.006868326342723419
2024-08-24,SYR,0.03308201171971705
2024-08-25,SYR,0.031068010265743955
2024-08-26,SYR,0.014311628478372905
2024-08-27,SYR,0.010876790564052915
2024-08-28,SYR,0.01119961153173923
2024-08-29,SYR,0.013690147774176844
2024-08-30,SYR,0.014276414993841878
2024-08-31,SYR,0.017947385946503424
2024-09-01,SYR,0.018244099724193656
2024-09-02,SYR,0.014834910677022113
2024-09-03,SYR,0.014231828752574541
2024-09-04,SYR,0.008716832512493609
2024-09-05,SYR,0.012238313300984873
2024-09-06,SYR,0.013836276282250926
2024-09-07,SYR,0.016415106935844106
2024-09-08,SYR,0.06214761843359765
2024-09-09,SYR,0.044380732091453635
2024-09-10,SYR,0.04226921666922657
2024-09-11,SYR,0.008208499453474231
2024-09-12,SYR,0.011144568974658382
2024-09-13,SYR,0.013613242313636581
2024-09-14,SYR,0.06903526822570981
2024-09-15,SYR,0.012393767838240328
2024-09-16,SYR,0.012883139410570524
2024-09-17,SYR,0.010732670916530084
2024-09-18,SYR,0.017330120278096307
2024-09-19,SYR,0.008899135187503184
2024-09-20,SYR,0.009368922521278147
2024-09-21,SYR,0.012213475043198167
2024-09-22,SYR,0.009638947770144336
2024-09-23,SYR,0.006140003426791693
2024-09-24,SYR,0.007060572906400522
2024-09-25,SYR,0.00647584123985363
2024-09-26,SYR,0.006663951948772728
2024-09-27,SYR,0.005600009850132186
2024-09-28,SYR,0.0053683188399740196
2024-09-29,SYR,0.008163765318635562
2024-09-30,SYR,0.006809397361626581
2024-10-01,SYR,0.009750773821547489
2024-10-02,SYR,0.007582183400861565
2024-10-03,SYR,0.007937718163925819
2024-10-04,SYR,0.0070730592142611935
2024-10-05,SYR,0.018166065078158267
2024-10-06,SYR,0.006152296872247542
2024-10-07,SYR,0.006058255291440505
2024-10-08,SYR,0.006655188274071242
2024-10-09,SYR,0.009420991235801705
2024-10-10,SYR,0.007189296973571222
2024-10-11,SYR,0.008167898960243461
2024-10-12,SYR,0.00778575935917549
2024-10-13,SYR,0.015355795534578214
2024-10-14,SYR,0.08380792727059572
2024-10-15,SYR,0.01790957352793559
2024-10-16,SYR,0.08819407633043476
2024-10-17,SYR,0.04359348887521544
2024-10-18,SYR,0.010765230127982256
2024-10-19,SYR,0.011032689212782183
2024-10-20,SYR,0.01564518333823353
2024-10-21,SYR,0.01432086707593223
2024-10-22,SYR,0.018515498050715385
2024-10-23,SYR,0.010965307466743252
2024-10-24,SYR,0.012603147528498096
2024-10-25,SYR,0.01964537470171104
2024-10-26,SYR,0.14842342576580178
2024-10-27,SYR,0.009738634757175846
2024-10-28,SYR,0.011371631927901374
2024-10-29,SYR,0.006732480929129645
2024-10-30,SYR,0.0073784986238156275
2024-10-31,SYR,0.0071872393314002005
2024-11-01,SYR,0.008667922246687316
2024-11-02,SYR,0.035718655828407865
2024-11-03,SYR,0.007204746187042784
2024-11-04,SYR,0.006893662110287426
2024-11-05,SYR,0.008080354507281387
2024-11-06,SYR,0.006884647472440664
2024-11-07,SYR,0.012296798158442502
2024-11-08,SYR,0.008485915011988008
2024-11-09,SYR,0.012149642911184578
2024-11-10,SYR,0.014217593930279647
2024-11-11,SYR,0.009904136855967883
2024-11-12,SYR,0.008804869861139535
2024-11-13,SYR,0.00966217003595173
2024-11-14,SYR,0.01772918767906213
2024-11-15,SYR,0.009277230251031113
2024-11-16,SYR,0.010314008872141438
2024-11-17,SYR,0.010759811352239655
2024-11-18,SYR,0.01721164897297274
2024-11-19,SYR,0.008601838417875197
2024-11-20,SYR,0.20295409914812965
2024-11-21,SYR,0.007899360613424965
2024-11-22,SYR,0.008718496886662194
2024-11-23,SYR,0.02207548542540771
2024-11-24,SYR,0.009493844271035409
2024-11-25,SYR,0.026787943547070113
2024-11-26,SYR,0.008691344962830945
2024-11-27,SYR,0.01578222176682618
2024-11-28,SYR,0.011492627963090585
2024-11-29,SYR,0.014545365970961921
2024-11-30,SYR,0.01755771618289314
2024-12-01,SYR,0.005330919778638587
2024-12-02,SYR,0.010308515496400375
2024-12-03,SYR,0.005439446709164259
2024-12-04,SYR,0.040829728186037195
2024-12-05,SYR,0.0060315004479194675
2024-12-06,SYR,0.041354675078250164
2024-12-07,SYR,0.009292680189027762
2024-12-08,SYR,0.016485691408209543
2024-12-09,SYR,0.01611213738151019
2024-12-10,SYR,0.0173870937050911
2024-12-11,SYR,0.013642560396502586
2024-12-12,SYR,0.015494413584024798
2024-12-13,SYR,0.015132924938638926
2024-12-14,SYR,0.01749664650674013
2024-12-15,SYR,0.005576289217231638
2024-12-16,SYR,0.016993287345342282
2024-12-17,SYR,0.008037464617598513
2024-12-18,SYR,0.005857920641033606
2024-12-19,SYR,0.00942299057789096
2024-12-20,SYR,0.00993886553491111
2024-12-21,SYR,0.006109068830252263
2024-12-22,SYR,0.006233311753963151
2024-12-23,SYR,0.005373881131922
2024-12-24,SYR,0.07474216369597902
2024-12-25,SYR,0.010648835995422582
2024-12-26,SYR,0.08078086136023747
2024-12-27,SYR,0.011514335946468383
2024-12-28,SYR,0.06921700852820051
2024-12-29,SYR,0.009812508516563068
2024-12-30,SYR,0.007213424138695194
2024-12-31,SYR,0.009149792939560534
2025-01-01,SYR,0.009203024535075982
2025-01-02,SYR,0.016983534864089884
2025-01-03,SYR,0.02938430440612307
2025-01-04,SYR,0.10661875468279935
2025-01-05,SYR,0.016515612632410616
2025-01-06,SYR,0.011903034745897958
2025-01-07,SYR,0.013780874024848799
2025-01-08,SYR,0.018633392606950155
2025-01-09,SYR,0.02597180994469601
2025-01-10,SYR,0.02170386481117716
2025-01-11,SYR,0.022256630458090027
2025-01-12,SYR,0.011448074060914526
2025-01-13,SYR,0.008641057613067247
2025-01-14,SYR,0.008184978324652412
2025-01-15,SYR,0.014845783492717184
2025-01-16,SYR,0.009261737911569364
2025-01-17,SYR,0.013657837107694519
2025-01-18,SYR,0.01590926413798561
2025-01-19,SYR,0.012758522298068155
2025-01-20,SYR,0.011371930410309117
2025-01-21,SYR,0.01033538943453507
2025-01-22,SYR,0.009524662927369832
2025-01-23,SYR,0.10895614914662832
2025-01-24,SYR,0.010791658865232399
2025-01-25,SYR,0.021323813268531853
2025-01-26,SYR,0.008456333312525075
2025-01-27,SYR,0.010227042626919756
2025-01-28,SYR,0.008339577302457482
2025-01-29,SYR,0.04929126783710115
2025-01-30,SYR,0.010834545283199165
2025-01-31,SYR,0.00859743780591124
2025-02-01,SYR,0.008882815417615705
2025-02-02,SYR,0.008339252886193563
2025-02-03,SYR,0.0072912741989643775
2025-02-04,SYR,0.007487110232907271
2025-02-05,SYR,0.00998029358285081
2025-02-06,SYR,0.01234761651255263
2025-02-07,SYR,0.012171460504589523
2025-02-08,SYR,0.018833644758913186
2025-02-09,SYR,0.011194327240931369
2025-02-10,SYR,0.007345276212271859
2025-02-11,SYR,0.007613372313708109
2025-02-12,SYR,0.007593847710910131
2025-02-13,SYR,0.00693312488861637
2025-02-14,SYR,0.007705409850626095
2025-02-15,SYR,0.009102318556458499
2025-02-16,SYR,0.007710487530906369
2025-02-17,SYR,0.012138566157296627
2025-02-18,SYR,0.009416826111794039
2025-02-19,SYR,0.008765164634890693
2025-02-20,SYR,0.00983106404734624
2025-02-21,SYR,0.01202846400566106
2025-02-22,SYR,0.0095004855807736
2025-02-23,SYR,0.009886009982603455
2025-02-24,SYR,0.01059342757360726
2025-02-25,SYR,0.012288484068798847
2025-02-26,SYR,0.011415992804063172
2025-02-27,SYR,0.008828005536989588
2025-02-28,SYR,0.007409369262591698
2025-03-01,SYR,0.009687561081520992
2025-03-02,SYR,0.011286915145260383
2025-03-03,SYR,0.01167061901774166
2025-03-04,SYR,0.007986495276198078
2025-03-05,SYR,0.012706596986350007
2025-03-06,SYR,0.16990944846157996
2025-03-07,SYR,0.18468840298311454
2025-03-08,SYR,0.1781907880900454
2025-03-09,SYR,0.11741798653755661
2025-03-10,SYR,0.09521194902246743
2025-03-11,SYR,0.09142949423118994
2025-03-12,SYR,0.10313498287608738
2025-03-13,SYR,0.05394471696146275
2025-03-14,SYR,0.007430883141222885
2025-03-15,SYR,0.005892481856134531
2025-03-16,SYR,0.006214097703846354
2025-03-17,SYR,0.005096294314969799
2025-03-18,SYR,0.004433696031105495
2025-03-19,SYR,0.004343772465754098
2025-03-20,SYR,0.005559123519120884
2025-03-21,SYR,0.004251269956360824
2025-03-22,SYR,0.004388090313170725
2025-03-23,SYR,0.004522399750650001
2025-03-24,SYR,0.008101862542122138
2025-03-25,SYR,0.005650262062958306
2025-03-26,SYR,0.0058630263922105335
2025-03-27,SYR,0.006539096140640779
2025-03-28,SYR,0.005451920980035674
2024-07-01,YEM,0.050335115419982646
2024-07-02,YEM,0.03454563130596721
2024-07-03,YEM,0.055431981798779194
2024-07-04,YEM,0.012270652311548388
2024-07-05,YEM,0.018545301377091615
2024-07-06,YEM,0.016876098582240685
2024-07-07,YEM,0.03635446182182216
2024-07-08,YEM,0.009900757690512272
2024-07-09,YEM,0.011544643279369864
2024-07-10,YEM,0.013682079711740248
2024-07-11,YEM,0.008656916494360149
2024-07-12,YEM,0.006439531827978037
2024-07-13,YEM,0.006666208604654095
2024-07-14,YEM,0.00910037031229636
2024-07-15,YEM,0.012138612941320924
2024-07-16,YEM,0.007846701410961414
2024-07-17,YEM,0.00759168490339172
2024-07-18,YEM,0.014439100503127413
2024-07-19,YEM,0.012200079869893016
2024-07-20,YEM,0.007457636602195505
2024-07-21,YEM,0.008347750101634214
2024-07-22,YEM,0.008820316820398178
2024-07-23,YEM,0.007122778023140496
2024-07-24,YEM,0.006951227860048558
2024-07-25,YEM,0.007952555950661437
2024-07-26,YEM,0.007835077869526108
2024-07-27,YEM,0.0076093640681755195
2024-07-28,YEM,0.008068682822337404
2024-07-29,YEM,0.00864499829299712
2024-07-30,YEM,0.008275743979753522
2024-07-31,YEM,0.008584217849694214
2024-08-01,YEM,0.011684649661370368
2024-08-02,YEM,0.007923536007743712
2024-08-03,YEM,0.007685775163319322
2024-08-04,YEM,0.01209851604043721
2024-08-05,YEM,0.009736421562249057
2024-08-06,YEM,0.011762175747491067
2024-08-07,YEM,0.019591584826216344
2024-08-08,YEM,0.014666267527744999
2024-08-09,YEM,0.02131377413963282
2024-08-10,YEM,0.012829330282940582
2024-08-11,YEM,0.021552944563522938
2024-08-12,YEM,0.02228180287706341
2024-08-13,YEM,0.015497055467190685
2024-08-14,YEM,0.006994010614226405
2024-08-15,YEM,0.0062631570662102015
2024-08-16,YEM,0.00611730684543993
2024-08-17,YEM,0.004665039174672311
2024-08-18,YEM,0.005155769783143736
2024-08-19,YEM,0.0056674432674091325
2024-08-20,YEM,0.0050040360019786186
2024-08-21,YEM,0.006305128697622964
2024-08-22,YEM,0.006322421760204093
2024-08-23,YEM,0.004510004889855924
2024-08-24,YEM,0.0048391581139648225
2024-08-25,YEM,0.005377958695287628
2024-08-26,YEM,0.005394383776006269
2024-08-27,YEM,0.006179110270506921
2024-08-28,YEM,0.00621342070242461
2024-08-29,YEM,0.005941919933168994
2024-08-30,YEM,0.01968612969806094
2024-08-31,YEM,0.014154752821541924
2024-09-01,YEM,0.02281537019155857
2024-09-02,YEM,0.018956129433556648
2024-09-03,YEM,0.041204340111762064
2024-09-04,YEM,0.01920136355492531
2024-09-05,YEM,0.02230495918495477
2024-09-06,YEM,0.020775991014831553
2024-09-07,YEM,0.08263528055812148
2024-09-08,YEM,0.039006116375972885
2024-09-09,YEM,0.06709502660465351
2024-09-10,YEM,0.0242453353349732
2024-09-11,YEM,0.01612350798375516
2024-09-12,YEM,0.03347280036643601
2024-09-13,YEM,0.012163974591616293
2024-09-14,YEM,0.04949993648360243
2024-09-15,YEM,0.01141953404318297
2024-09-16,YEM,0.005691762516525203
2024-09-17,YEM,0.0061933413543032965
2024-09-18,YEM,0.0080343034704955
2024-09-19,YEM,0.006468365086447441
2024-09-20,YEM,0.005404356806181105
2024-09-21,YEM,0.0056908003102407595
2024-09-22,YEM,0.006417438430028886
2024-09-23,YEM,0.03176179054813771
2024-09-24,YEM,0.01864640478579874
2024-09-25,YEM,0.06336140418042661
2024-09-26,YEM,0.09914183754467266
2024-09-27,YEM,0.0072520478804882545
2024-09-28,YEM,0.013411259080970798
2024-09-29,YEM,0.014564712873588896
2024-09-30,YEM,0.022029166929788367
2024-10-01,YEM,0.013903287129028549
2024-10-02,YEM,0.020043870361466022
2024-10-03,YEM,0.012926950399310529
2024-10-04,YEM,0.019747703916702355
2024-10-05,YEM,0.009600721014153239
2024-10-06,YEM,0.00956808218548348
2024-10-07,YEM,0.007937219814108505
2024-10-08,YEM,0.008875160641155254
2024-10-09,YEM,0.011986365807325313
2024-10-10,YEM,0.013200811629525676
2024-10-11,YEM,0.020589319281643557
2024-10-12,YEM,0.02501313441239245
2024-10-13,YEM,0.019779584641139714
2024-10-14,YEM,0.03619477022196718
2024-10-15,YEM,0.022726830080939987
2024-10-16,YEM,0.014118862382965829
2024-10-17,YEM,0.013719724238795396
2024-10-18,YEM,0.019073950649821165
2024-10-19,YEM,0.010177517815209036
2024-10-20,YEM,0.013471481451512812
2024-10-21,YEM,0.01547326051118074
2024-10-22,YEM,0.012884381442186945
2024-10-23,YEM,0.009973638959659477
2024-10-24,YEM,0.008233362589885109
2024-10-25,YEM,0.007878718646022157
2024-10-26,YEM,0.009883235328028974
2024-10-27,YEM,0.007777224580685563
2024-10-28,YEM,0.011054791227414852
2024-10-29,YEM,0.006905201408282777
2024-10-30,YEM,0.007580735895206765
2024-10-31,YEM,0.013454121952197404
2024-11-01,YEM,0.0077434356948709055
2024-11-02,YEM,0.008405689426105766
2024-11-03,YEM,0.010147691766471565
2024-11-04,YEM,0.012892305223331457
2024-11-05,YEM,0.01135687729198934
2024-11-06,YEM,0.013333304378892508
2024-11-07,YEM,0.0186143768032067
2024-11-08,YEM,0.015749819854588044
2024-11-09,YEM,0.017002631702156396
2024-11-10,YEM,0.013077466889349158
2024-11-11,YEM,0.02135954202556058
2024-11-12,YEM,0.007309305565964334
2024-11-13,YEM,0.0066166133291522405
2024-11-14,YEM,0.0182494901699647
2024-11-15,YEM,0.013942166533490659
2024-11-16,YEM,0.027996655406928483
2024-11-17,YEM,0.020115198995684664
2024-11-18,YEM,0.018218903577835774
2024-11-19,YEM,0.017921664562671656
2024-11-20,YEM,0.03333182137004447
2024-11-21,YEM,0.012515974381275871
2024-11-22,YEM,0.009266352541134336
2024-11-23,YEM,0.01031509044018831
2024-11-24,YEM,0.027057480906794735
2024-11-25,YEM,0.0074884691831277874
2024-11-26,YEM,0.010778106890130692
2024-11-27,YEM,0.009238112008118908
2024-11-28,YEM,0.010963834320898194
2024-11-29,YEM,0.009271083738006192
2024-11-30,YEM,0.008956081584632078
2024-12-01,YEM,0.010192469191274115
2024-12-02,YEM,0.007674969612453957
2024-12-03,YEM,0.010083414448555447
2024-12-04,YEM,0.013795724180782619
2024-12-05,YEM,0.024515365907464434
2024-12-06,YEM,0.04363535612636186
2024-12-07,YEM,0.032909985056668714
2024-12-08,YEM,0.019493719935277504
2024-12-09,YEM,0.02116974457339701
2024-12-10,YEM,0.022273809164345834
2024-12-11,YEM,0.023440971003415134
2024-12-12,YEM,0.06210918855994931
2024-12-13,YEM,0.009332681393061235
2024-12-14,YEM,0.0076895784641474235
2024-12-15,YEM,0.008671664573543786
2024-12-16,YEM,0.007650316577575983
2024-12-17,YEM,0.00964748649581639
2024-12-18,YEM,0.009664482145349275
2024-12-19,YEM,0.01488288524808719
2024-12-20,YEM,0.01183962200704158
2024-12-21,YEM,0.008917108780163939
2024-12-22,YEM,0.011785719496978722
2024-12-23,YEM,0.00840337642939312
2024-12-24,YEM,0.010099328007904923
2024-12-25,YEM,0.009725862687097289
2024-12-26,YEM,0.008937567843868009
2024-12-27,YEM,0.011724292132786288
2024-12-28,YEM,0.009906454193361251
2024-12-29,YEM,0.010107929493252179
2024-12-30,YEM,0.009724086296326219
2024-12-31,YEM,0.008543903204317155
2025-01-01,YEM,0.006785523635950113
2025-01-02,YEM,0.008112307201108709
2025-01-03,YEM,0.006824246443475786
2025-01-04,YEM,0.008965458586514794
2025-01-05,YEM,0.010069546907728762
2025-01-06,YEM,0.008628920364839213
2025-01-07,YEM,0.01164554666923659
2025-01-08,YEM,0.007035545640541239
2025-01-09,YEM,0.00899164332631211
2025-01-10,YEM,0.052333541916614185
2025-01-11,YEM,0.010661601210582473
2025-01-12,YEM,0.017276082275549103
2025-01-13,YEM,0.011073927357517185
2025-01-14,YEM,0.012188346114669374
2025-01-15,YEM,0.02160332545227714
2025-01-16,YEM,0.010102235581308485
2025-01-17,YEM,0.007450547007713478
2025-01-18,YEM,0.007100300007289772
2025-01-19,YEM,0.005893915882427001
2025-01-20,YEM,0.00708570775095201
2025-01-21,YEM,0.006022069811292871
2025-01-22,YEM,0.0052256404941969275
2025-01-23,YEM,0.006051632862633182
2025-01-24,YEM,0.005666934036410358
2025-01-25,YEM,0.013260644651091742
2025-01-26,YEM,0.013203546658016792
2025-01-27,YEM,0.011996003312208781
2025-01-28,YEM,0.013676111454095793
2025-01-29,YEM,0.015572847137239661
2025-01-30,YEM,0.028206866007339505
2025-01-31,YEM,0.04187837461030995
2025-02-01,YEM,0.034985846298572355
2025-02-02,YEM,0.03089060005866123
2025-02-03,YEM,0.010140654254887244
2025-02-04,YEM,0.027649577307696138
2025-02-05,YEM,0.028113818615511713
2025-02-06,YEM,0.021822822955009404
2025-02-07,YEM,0.01295375312539854
2025-02-08,YEM,0.015512198501238597
2025-02-09,YEM,0.012850547172593062
2025-02-10,YEM,0.02072663798036777
2025-02-11,YEM,0.013172203932653082
2025-02-12,YEM,0.012030163502269358
2025-02-13,YEM,0.011608330783987568
2025-02-14,YEM,0.010010906979360832
2025-02-15,YEM,0.011574558553640046
2025-02-16,YEM,0.023085350005455103
2025-02-17,YEM,0.014105275262834173
2025-02-18,YEM,0.012007470239156237
2025-02-19,YEM,0.012746588550547416
2025-02-20,YEM,0.031873206099865256
2025-02-21,YEM,0.02393494757949941
2025-02-22,YEM,0.021488521907384615
2025-02-23,YEM,0.020657030847687767
2025-02-24,YEM,0.01966592589476814
2025-02-25,YEM,0.028697178237259147
2025-02-26,YEM,0.012028842064397239
2025-02-27,YEM,0.010562772918421004
2025-02-28,YEM,0.015811820737623192
2025-03-01,YEM,0.01363967969616926
2025-03-02,YEM,0.02522156787928342
2025-03-03,YEM,0.01994785628213797
2025-03-04,YEM,0.015011088474052319
2025-03-05,YEM,0.015524965843290274
2025-03-06,YEM,0.015080592224419053
2025-03-07,YEM,0.01635157932395849
2025-03-08,YEM,0.022610113758144434
2025-03-09,YEM,0.038097207429180366
2025-03-10,YEM,0.03541920471682933
2025-03-11,YEM,0.05153554671179285
2025-03-12,YEM,0.037860421971322805
2025-03-13,YEM,0.041672484069337
2025-03-14,YEM,0.017791366457026794
2025-03-15,YEM,0.04759804002185395
2025-03-16,YEM,0.15182710532985358
2025-03-17,YEM,0.041995429873599284
2025-03-18,YEM,0.015267713301772684
2025-03-19,YEM,0.01735655161091583
2025-03-20,YEM,0.010525993084231458
2025-03-21,YEM,0.014369036695970889
2025-03-22,YEM,0.008134199771797404
2025-03-23,YEM,0.008400641194065507
2025-03-24,YEM,0.014192491814890792
2025-03-25,YEM,0.010846931705514588
2025-03-26,YEM,0.013383943963151899
2025-03-27,YEM,0.013869917748974654
2025-03-28,YEM,0.03231194461664093
2024-07-01,IRQ,0.0085342661900799
2024-07-02,IRQ,0.007390504925114909
2024-07-03,IRQ,0.04366382759326613
2024-07-04,IRQ,0.010052346221448877
2024-07-05,IRQ,0.012742883667764698
2024-07-06,IRQ,0.12745684565604737
2024-07-07,IRQ,0.018354283125812804
2024-07-08,IRQ,0.015856228836274612
2024-07-09,IRQ,0.01794690389928016
2024-07-10,IRQ,0.05715724817165282
2024-07-11,IRQ,0.03614266903604034
2024-07-12,IRQ,0.11671099524325784
2024-07-13,IRQ,0.15000203609011598
2024-07-14,IRQ,0.04196326965951044
2024-07-15,IRQ,0.027986716992819963
2024-07-16,IRQ,0.02889941915207505
2024-07-17,IRQ,0.021889498248585465
2024-07-18,IRQ,0.024549297442992342
2024-07-19,IRQ,0.008627858769138104
2024-07-20,IRQ,0.010579732830195265
2024-07-21,IRQ,0.009202439292143436
2024-07-22,IRQ,0.007114863690154126
2024-07-23,IRQ,0.008782155089655026
2024-07-24,IRQ,0.00892074104785908
2024-07-25,IRQ,0.006290842416061492
2024-07-26,IRQ,0.02334444478182656
2024-07-27,IRQ,0.04404969770728763
2024-07-28,IRQ,0.035830154430405756
2024-07-29,IRQ,0.1356610999839903
2024-07-30,IRQ,0.06503486837392249
2024-07-31,IRQ,0.0823089032100283
2024-08-01,IRQ,0.08752588890492016
2024-08-02,IRQ,0.029948642981667828
2024-08-03,IRQ,0.03863546627523345
2024-08-04,IRQ,0.13983996276207603
2024-08-05,IRQ,0.07011639678055714
2024-08-06,IRQ,0.09116992596576834
2024-08-07,IRQ,0.008516868822105391
2024-08-08,IRQ,0.019701563977653252
2024-08-09,IRQ,0.019699198041303698
2024-08-10,IRQ,0.022218757864096203
2024-08-11,IRQ,0.027905791890640998
2024-08-12,IRQ,0.021105141110692907
2024-08-13,IRQ,0.01765694387252089
2024-08-14,IRQ,0.1239506229005584
2024-08-15,IRQ,0.1411966291585066
2024-08-16,IRQ,0.027244823840797183
2024-08-17,IRQ,0.016365844462914062
2024-08-18,IRQ,0.013636083788867593
2024-08-19,IRQ,0.013426639873436898
2024-08-20,IRQ,0.02807764489242018
2024-08-21,IRQ,0.052996241124420224
2024-08-22,IRQ,0.010829320265912767
2024-08-23,IRQ,0.02425564763251743
2024-08-24,IRQ,0.030209403464975623
2024-08-25,IRQ,0.05596670087948757
2024-08-26,IRQ,0.03901841588431567
2024-08-27,IRQ,0.13102382255915226
2024-08-28,IRQ,0.021116893319658197
2024-08-29,IRQ,0.13017500881263747
2024-08-30,IRQ,0.016146483824373444
2024-08-31,IRQ,0.021438618563095185
2024-09-01,IRQ,0.015201542867009485
2024-09-02,IRQ,0.17035923613998435
2024-09-03,IRQ,0.017019192841644236
2024-09-04,IRQ,0.010268982446453877
2024-09-05,IRQ,0.006135456191062209
2024-09-06,IRQ,0.005542812129429915
2024-09-07,IRQ,0.007480155792043875
2024-09-08,IRQ,0.006313964414398565
2024-09-09,IRQ,0.005344242021920416
2024-09-10,IRQ,0.017544111446951748
2024-09-11,IRQ,0.005642709275311525
2024-09-12,IRQ,0.017192905866102996
2024-09-13,IRQ,0.022963701046142537
2024-09-14,IRQ,0.01660235093206999
2024-09-15,IRQ,0.043953913855145355
2024-09-16,IRQ,0.033511345111211434
2024-09-17,IRQ,0.04347724864501202
2024-09-18,IRQ,0.10587678936524599
2024-09-19,IRQ,0.08178666785821836
2024-09-20,IRQ,0.08849134993026918
2024-09-21,IRQ,0.019091392305668392
2024-09-22,IRQ,0.04893722643381162
2024-09-23,IRQ,0.03419857661225286
2024-09-24,IRQ,0.043567990912180166
2024-09-25,IRQ,0.03980927821626143
2024-09-26,IRQ,0.02079990385535454
2024-09-27,IRQ,0.12755631147582494
2024-09-28,IRQ,0.022106375144306356
2024-09-29,IRQ,0.04061811647054355
2024-09-30,IRQ,0.025286742854729455
2024-10-01,IRQ,0.0626497342008513
2024-10-02,IRQ,0.012431543310023914
2024-10-03,IRQ,0.055688810757938335
2024-10-04,IRQ,0.016076997352809996
2024-10-05,IRQ,0.014743695458149192
2024-10-06,IRQ,0.012670578005840014
2024-10-07,IRQ,0.013592444761537354
2024-10-08,IRQ,0.0238164342571816
2024-10-09,IRQ,0.010818929041829276
2024-10-10,IRQ,0.01637190013541209
2024-10-11,IRQ,0.010068760032251139
2024-10-12,IRQ,0.009416941215450308
2024-10-13,IRQ,0.010824627546014019
2024-10-14,IRQ,0.01652028315655454
2024-10-15,IRQ,0.019975402833859214
2024-10-16,IRQ,0.034328139281965056
2024-10-17,IRQ,0.017209649083155334
2024-10-18,IRQ,0.012380821499424096
2024-10-19,IRQ,0.017395687963402295
2024-10-20,IRQ,0.020853449540572437
2024-10-21,IRQ,0.02885301372290702
2024-10-22,IRQ,0.02542192239140106
2024-10-23,IRQ,0.03809581697542897
2024-10-24,IRQ,0.14618844231733433
2024-10-25,IRQ,0.016602279730869657
2024-10-26,IRQ,0.01065204965428608
2024-10-27,IRQ,0.018396074513951893
2024-10-28,IRQ,0.011774542082539063
2024-10-29,IRQ,0.019910657304829528
2024-10-30,IRQ,0.011544109467447368
2024-10-31,IRQ,0.00669747577219452
2024-11-01,IRQ,0.005759278320423995
2024-11-02,IRQ,0.0059356040241621555
2024-11-03,IRQ,0.006005652517554813
2024-11-04,IRQ,0.005673093207158305
2024-11-05,IRQ,0.006095109168555273
2024-11-06,IRQ,0.00561193075492929
2024-11-07,IRQ,0.010230859017800248
2024-11-08,IRQ,0.010402590403614475
2024-11-09,IRQ,0.013544336022592524
2024-11-10,IRQ,0.011794056385981223
2024-11-11,IRQ,0.03286009558875829
2024-11-12,IRQ,0.023068155512595917
2024-11-13,IRQ,0.03646413374418694
2024-11-14,IRQ,0.07922529185408751
2024-11-15,IRQ,0.039660834085350455
2024-11-16,IRQ,0.017081868399384723
2024-11-17,IRQ,0.018671302034655012
2024-11-18,IRQ,0.030355250612966136
2024-11-19,IRQ,0.04108157863961787
2024-11-20,IRQ,0.023159313563415027
2024-11-21,IRQ,0.03624691163614441
2024-11-22,IRQ,0.020411710717132634
2024-11-23,IRQ,0.030711729785984423
2024-11-24,IRQ,0.05800083917971293
2024-11-25,IRQ,0.031284750059682384
2024-11-26,IRQ,0.03483583730443199
2024-11-27,IRQ,0.046380962193289035
2024-11-28,IRQ,0.03702739469012695
2024-11-29,IRQ,0.024225668805441216
2024-11-30,IRQ,0.028050198224791746
2024-12-01,IRQ,0.027712916002294925
2024-12-02,IRQ,0.015740055301294603
2024-12-03,IRQ,0.11164707160259812
2024-12-04,IRQ,0.01893510811825693
2024-12-05,IRQ,0.023091502286774944
2024-12-06,IRQ,0.014607434342204186
2024-12-07,IRQ,0.015087940199516175
2024-12-08,IRQ,0.016095865907606297
2024-12-09,IRQ,0.01892711038273468
2024-12-10,IRQ,0.01137872498718163
2024-12-11,IRQ,0.013471724289062417
2024-12-12,IRQ,0.013174545391106992
2024-12-13,IRQ,0.028074730520948804
2024-12-14,IRQ,0.020113412894667733
2024-12-15,IRQ,0.020324149407648925
2024-12-16,IRQ,0.014137042749162708
2024-12-17,IRQ,0.04640040964596564
2024-12-18,IRQ,0.01615730964814233
2024-12-19,IRQ,0.015428766338775905
2024-12-20,IRQ,0.038506737505514886
2024-12-21,IRQ,0.010062931529854787
2024-12-22,IRQ,0.015010245440257532
2024-12-23,IRQ,0.029790422677543827
2024-12-24,IRQ,0.10431325712382217
2024-12-25,IRQ,0.17300171423505215
2024-12-26,IRQ,0.03458175103046567
2024-12-27,IRQ,0.16583194382734046
2024-12-28,IRQ,0.07907163531654997
2024-12-29,IRQ,0.06017672116083445
2024-12-30,IRQ,0.13150302708842618
2024-12-31,IRQ,0.051351529295933715
2025-01-01,IRQ,0.012698180820787981
2025-01-02,IRQ,0.02006842564719017
2025-01-03,IRQ,0.009204467296782556
2025-01-04,IRQ,0.020143420708024013
2025-01-05,IRQ,0.021044656488804745
2025-01-06,IRQ,0.008884956305195278
2025-01-07,IRQ,0.00931236021038137
2025-01-08,IRQ,0.018718397648496303
2025-01-09,IRQ,0.007936663526396003
2025-01-10,IRQ,0.007632540355002864
2025-01-11,IRQ,0.006972519777107321
2025-01-12,IRQ,0.00973758117662627
2025-01-13,IRQ,0.021259093206449208
2025-01-14,IRQ,0.007353299409460667
2025-01-15,IRQ,0.014915736867949295
2025-01-16,IRQ,0.009857643279548037
2025-01-17,IRQ,0.0075970060929741205
2025-01-18,IRQ,0.0067600086633951995
2025-01-19,IRQ,0.007908775802507166
2025-01-20,IRQ,0.011716818871247345
2025-01-21,IRQ,0.021988241479729727
2025-01-22,IRQ,0.01657482308690779
2025-01-23,IRQ,0.022446964017512304
2025-01-24,IRQ,0.018971739232361992
2025-01-25,IRQ,0.06943026042764237
2025-01-26,IRQ,0.01680919006202326
2025-01-27,IRQ,0.03947530841137486
2025-01-28,IRQ,0.014088135651086083
2025-01-29,IRQ,0.017171098974918687
2025-01-30,IRQ,0.027317080161982372
2025-01-31,IRQ,0.01650180846164219
2025-02-01,IRQ,0.028623581915809194
2025-02-02,IRQ,0.048744693574491134
2025-02-03,IRQ,0.07795374876882877
2025-02-04,IRQ,0.01603430488154868
2025-02-05,IRQ,0.017030903781157253
2025-02-06,IRQ,0.014350653767265029
2025-02-07,IRQ,0.01863522736996045
2025-02-08,IRQ,0.008012448422266883
2025-02-09,IRQ,0.011197107542104397
2025-02-10,IRQ,0.04867255842863882
2025-02-11,IRQ,0.00935634542964758
2025-02-12,IRQ,0.00867736184614936
2025-02-13,IRQ,0.006783673513009444
2025-02-14,IRQ,0.01557053054463937
2025-02-15,IRQ,0.027586112606793507
2025-02-16,IRQ,0.03185978377539457
2025-02-17,IRQ,0.020869269214637477
2025-02-18,IRQ,0.015480897154996382
2025-02-19,IRQ,0.040180055157452564
2025-02-20,IRQ,0.1412575828591168
2025-02-21,IRQ,0.016956551891208597
2025-02-22,IRQ,0.010223719179391761
2025-02-23,IRQ,0.027413350035838717
2025-02-24,IRQ,0.019234643495778928
2025-02-25,IRQ,0.010416041754273379
2025-02-26,IRQ,0.015179645157677833
2025-02-27,IRQ,0.09204270608065261
2025-02-28,IRQ,0.03593454462898806
2025-03-01,IRQ,0.010969550508870152
2025-03-02,IRQ,0.07262536253973377
2025-03-03,IRQ,0.016815707854621383
2025-03-04,IRQ,0.06305074907267758
2025-03-05,IRQ,0.02328460999100958
2025-03-06,IRQ,0.049605958828410894
2025-03-07,IRQ,0.05113505406776475
2025-03-08,IRQ,0.04125548950977807
2025-03-09,IRQ,0.020380498709016804
2025-03-10,IRQ,0.03241692295536073
2025-03-11,IRQ,0.06395169085760878
2025-03-12,IRQ,0.093895224873104
2025-03-13,IRQ,0.024125733781561656
2025-03-14,IRQ,0.02084051713272052
2025-03-15,IRQ,0.10070093108099161
2025-03-16,IRQ,0.026674503047653446
2025-03-17,IRQ,0.1562930918652039
2025-03-18,IRQ,0.069921013622202
2025-03-19,IRQ,0.06952171989997943
2025-03-20,IRQ,0.07124398376467589
2025-03-21,IRQ,0.018326550274177927
2025-03-22,IRQ,0.07513709812447796
2025-03-23,IRQ,0.09997579606933954
2025-03-24,IRQ,0.025434837030249624
2025-03-25,IRQ,0.02316135064354892
2025-03-26,IRQ,0.029309740748962414
2025-03-27,IRQ,0.07814778729164752
2025-03-28,IRQ,0.04047449800087467
2024-07-01,LBN,0.006945156067751685
2024-07-02,LBN,0.00884625218769794
2024-07-03,LBN,0.011201898820618438
2024-07-04,LBN,0.01465665958075022
2024-07-05,LBN,0.013636622992952315
2024-07-06,LBN,0.00660721131165658
2024-07-07,LBN,0.005673489745615223
2024-07-08,LBN,0.005331237309183331
2024-07-09,LBN,0.006684671473162048
2024-07-10,LBN,0.005316254069149393
2024-07-11,LBN,0.005393472164474526
2024-07-12,LBN,0.00605450556778141
2024-07-13,LBN,0.016603174589270235
2024-07-14,LBN,0.022204564911236423
2024-07-15,LBN,0.009933710787519352
2024-07-16,LBN,0.006305041107663951
2024-07-17,LBN,0.014965120324049197
2024-07-18,LBN,0.007982239210259798
2024-07-19,LBN,0.008134833596437031
2024-07-20,LBN,0.017274384810472516
2024-07-21,LBN,0.006992353842019808
2024-07-22,LBN,0.006169766649212164
2024-07-23,LBN,0.005421501268173774
2024-07-24,LBN,0.005310351043736185
2024-07-25,LBN,0.005268665387919787
2024-07-26,LBN,0.005417838956237352
2024-07-27,LBN,0.0065426098141336785
2024-07-28,LBN,0.010480660813362876
2024-07-29,LBN,0.007623359297388977
2024-07-30,LBN,0.014286734595803883
2024-07-31,LBN,0.010538308411543193
2024-08-01,LBN,0.010242959103739003
2024-08-02,LBN,0.008653857638495457
2024-08-03,LBN,0.005309539054976699
2024-08-04,LBN,0.007673643545532631
2024-08-05,LBN,0.006567780690059387
2024-08-06,LBN,0.005208783735792736
2024-08-07,LBN,0.0054217674144543095
2024-08-08,LBN,0.0053168278989090215
2024-08-09,LBN,0.005397053816413243
2024-08-10,LBN,0.005129199996415155
2024-08-11,LBN,0.005582244807991117
2024-08-12,LBN,0.005552686489681669
2024-08-13,LBN,0.005346460878738522
2024-08-14,LBN,0.00587295112155152
2024-08-15,LBN,0.006300321942949404
2024-08-16,LBN,0.00583112647882939
2024-08-17,LBN,0.0056154039813211395
2024-08-18,LBN,0.005484863910408004
2024-08-19,LBN,0.005789805001388965
2024-08-20,LBN,0.006628179635097733
2024-08-21,LBN,0.0063081868027098
2024-08-22,LBN,0.005496796462887494
2024-08-23,LBN,0.005530743243221818
2024-08-24,LBN,0.0054082595648625355
2024-08-25,LBN,0.04793989682121708
2024-08-26,LBN,0.013742888177699943
2024-08-27,LBN,0.005386524542537645
2024-08-28,LBN,0.005555290367818242
2024-08-29,LBN,0.00669042753008683
2024-08-30,LBN,0.005116483071033961
2024-08-31,LBN,0.010983233107758884
2024-09-01,LBN,0.006757889623442855
2024-09-02,LBN,0.006135118816214284
2024-09-03,LBN,0.00963214092390551
2024-09-04,LBN,0.008354582530400965
2024-09-05,LBN,0.0063820867796428715
2024-09-06,LBN,0.006835575816200248
2024-09-07,LBN,0.007718981181161567
2024-09-08,LBN,0.01122429429970218
2024-09-09,LBN,0.009257357177069258
2024-09-10,LBN,0.0075688960412948775
2024-09-11,LBN,0.014037279752461404
2024-09-12,LBN,0.011448054920668116
2024-09-13,LBN,0.011226794702585011
2024-09-14,LBN,0.008807344495489597
2024-09-15,LBN,0.05560058672645207
2024-09-16,LBN,0.010126161180904378
2024-09-17,LBN,0.15634232205722506
2024-09-18,LBN,0.10821089556327013
2024-09-19,LBN,0.02209523707957547
2024-09-20,LBN,0.06358362119240632
2024-09-21,LBN,0.04442839956302356
2024-09-22,LBN,0.016238632835689278
2024-09-23,LBN,0.14045852376805923
2024-09-24,LBN,0.10939935808197473
2024-09-25,LBN,0.014687411107300884
2024-09-26,LBN,0.01349463456153142
2024-09-27,LBN,0.004299636053552166
2024-09-28,LBN,0.00482396900559582
2024-09-29,LBN,0.004926333098835869
2024-09-30,LBN,0.005619656704305958
2024-10-01,LBN,0.0050290525836842286
2024-10-02,LBN,0.0055454773623662456
2024-10-03,LBN,0.005247560324743341
2024-10-04,LBN,0.005016713258955251
2024-10-05,LBN,0.005411698481144167
2024-10-06,LBN,0.004985893800430547
2024-10-07,LBN,0.004328819852529017
2024-10-08,LBN,0.004117581774152961
2024-10-09,LBN,0.005282228118410858
2024-10-10,LBN,0.005178089090855692
2024-10-11,LBN,0.004880638014094994
2024-10-12,LBN,0.004394416979773864
2024-10-13,LBN,0.0076491822962506
2024-10-14,LBN,0.0058290871416117095
2024-10-15,LBN,0.006075165803875244
2024-10-16,LBN,0.004559201084839985
2024-10-17,LBN,0.006295708045885567
2024-10-18,LBN,0.00575445562319503
2024-10-19,LBN,0.005123864734662161
2024-10-20,LBN,0.004987233393827161
2024-10-21,LBN,0.008242832316542012
2024-10-22,LBN,0.004746443010965164
2024-10-23,LBN,0.004779195541554818
2024-10-24,LBN,0.005015429994669972
2024-10-25,LBN,0.0049509407990485825
2024-10-26,LBN,0.0055737116863570696
2024-10-27,LBN,0.005719567049185095
2024-10-28,LBN,0.005922484680971513
2024-10-29,LBN,0.004504353039812273
2024-10-30,LBN,0.005235069727042079
2024-10-31,LBN,0.0048755067266217375
2024-11-01,LBN,0.007153437595782994
2024-11-02,LBN,0.005955352321338542
2024-11-03,LBN,0.004545232215407228
2024-11-04,LBN,0.0044838615676173295
2024-11-05,LBN,0.005051713455136801
2024-11-06,LBN,0.006178583000673325
2024-11-07,LBN,0.004791468607273623
2024-11-08,LBN,0.0060113404959160465
2024-11-09,LBN,0.007722411042992265
2024-11-10,LBN,0.004786686768702394
2024-11-11,LBN,0.0047695452344297465
2024-11-12,LBN,0.005443988084351247
2024-11-13,LBN,0.004735742968773242
2024-11-14,LBN,0.007272776832846114
2024-11-15,LBN,0.00701446172478713
2024-11-16,LBN,0.00461420413185929
2024-11-17,LBN,0.00743041631894018
2024-11-18,LBN,0.004633924387025052
2024-11-19,LBN,0.005383118624414861
2024-11-20,LBN,0.007377435365336397
2024-11-21,LBN,0.007973419565969139
2024-11-22,LBN,0.0068589977585702
2024-11-23,LBN,0.005971797288627274
2024-11-24,LBN,0.006233631387817792
2024-11-25,LBN,0.0048090157848658275
2024-11-26,LBN,0.011669443546374426
2024-11-27,LBN,0.010671071949107273
2024-11-28,LBN,0.00557295884242604
2024-11-29,LBN,0.006932333705546766
2024-11-30,LBN,0.007969584681237018
2024-12-01,LBN,0.006476693429649383
2024-12-02,LBN,0.005260452539734247
2024-12-03,LBN,0.005310371225331284
2024-12-04,LBN,0.005556538387308356
2024-12-05,LBN,0.00537845033164517
2024-12-06,LBN,0.004752616521784968
2024-12-07,LBN,0.006329507229544428
2024-12-08,LBN,0.013647376604703871
2024-12-09,LBN,0.006523692108115734
2024-12-10,LBN,0.0072379221061949104
2024-12-11,LBN,0.007914556282624233
2024-12-12,LBN,0.011997230087514946
2024-12-13,LBN,0.008168930173616515
2024-12-14,LBN,0.011264968157094032
2024-12-15,LBN,0.008433149285806737
2024-12-16,LBN,0.013464933132660357
2024-12-17,LBN,0.010992253469702585
2024-12-18,LBN,0.01667088381381941
2024-12-19,LBN,0.015140291784029968
2024-12-20,LBN,0.007483230661400024
2024-12-21,LBN,0.007716044661100964
2024-12-22,LBN,0.011133561540202853
2024-12-23,LBN,0.03260837837101564
2024-12-24,LBN,0.01250723287502328
2024-12-25,LBN,0.025120505172177173
2024-12-26,LBN,0.10845804550606661
2024-12-27,LBN,0.019246892701294926
2024-12-28,LBN,0.08958370600943967
2024-12-29,LBN,0.08230826677126135
2024-12-30,LBN,0.02435630684404967
2024-12-31,LBN,0.027813349338271415
2025-01-01,LBN,0.013307717566618738
2025-01-02,LBN,0.01466053730560596
2025-01-03,LBN,0.04667317522034994
2025-01-04,LBN,0.02801148660613101
2025-01-05,LBN,0.02472357963363457
2025-01-06,LBN,0.10812188537272274
2025-01-07,LBN,0.10210416404373591
2025-01-08,LBN,0.10866180595341449
2025-01-09,LBN,0.19068118616476434
2025-01-10,LBN,0.0721730880516203
2025-01-11,LBN,0.009325479115927212
2025-01-12,LBN,0.009834147766439802
2025-01-13,LBN,0.01350772126251852
2025-01-14,LBN,0.007810731378624093
2025-01-15,LBN,0.0071555120254765256
2025-01-16,LBN,0.006317609688536839
2025-01-17,LBN,0.0071781636496078775
2025-01-18,LBN,0.005389560028381246
2025-01-19,LBN,0.010209684000394069
2025-01-20,LBN,0.005368854449986705
2025-01-21,LBN,0.00558963754919541
2025-01-22,LBN,0.004893955156689176
2025-01-23,LBN,0.005117978662129822
2025-01-24,LBN,0.1634953215125241
2025-01-25,LBN,0.09297210824684689
2025-01-26,LBN,0.21543777503122283
2025-01-27,LBN,0.20240679514055426
2025-01-28,LBN,0.1526264597025515
2025-01-29,LBN,0.12284554973157534
2025-01-30,LBN,0.032080013191595355
2025-01-31,LBN,0.08901519080543184
2025-02-01,LBN,0.11778848258283299
2025-02-02,LBN,0.01531665225672045
2025-02-03,LBN,0.007816071325840158
2025-02-04,LBN,0.009221016044852579
2025-02-05,LBN,0.006742411937996219
2025-02-06,LBN,0.0075690205012771015
2025-02-07,LBN,0.006469821525690428
2025-02-08,LBN,0.006333188802620606
2025-02-09,LBN,0.030996516655367054
2025-02-10,LBN,0.00984197930636283
2025-02-11,LBN,0.01455971021459523
2025-02-12,LBN,0.03480878081715034
2025-02-13,LBN,0.03056421923022149
2025-02-14,LBN,0.01538621062848216
2025-02-15,LBN,0.008446626273547456
2025-02-16,LBN,0.010736338510425299
2025-02-17,LBN,0.00892063248523563
2025-02-18,LBN,0.008720348878182843
2025-02-19,LBN,0.010071238474854659
2025-02-20,LBN,0.006768028069039203
2025-02-21,LBN,0.006086911086670674
2025-02-22,LBN,0.010204593604889844
2025-02-23,LBN,0.019181009900496933
2025-02-24,LBN,0.008843870905746329
2025-02-25,LBN,0.01649576760341079
2025-02-26,LBN,0.0204651158465276
2025-02-27,LBN,0.016558337384555356
2025-02-28,LBN,0.010018564621689166
2025-03-01,LBN,0.03105346132907678
2025-03-02,LBN,0.09668722141067301
2025-03-03,LBN,0.14068384181860222
2025-03-04,LBN,0.02848573939153418
2025-03-05,LBN,0.012297679564295378
2025-03-06,LBN,0.02253826602167231
2025-03-07,LBN,0.04424770573827849
2025-03-08,LBN,0.015062230257573105
2025-03-09,LBN,0.01236606577443942
2025-03-10,LBN,0.012559296698399072
2025-03-11,LBN,0.015191911702671363
2025-03-12,LBN,0.02661892402679879
2025-03-13,LBN,0.03408126828204726
2025-03-14,LBN,0.021451094737709033
2025-03-15,LBN,0.015047538479875226
2025-03-16,LBN,0.019335001450986627
2025-03-17,LBN,0.07444173746094333
2025-03-18,LBN,0.1340258940596666
2025-03-19,LBN,0.084342194362496
2025-03-20,LBN,0.014576080046409904
2025-03-21,LBN,0.019142087083333315
2025-03-22,LBN,0.10286225963170689
2025-03-23,LBN,0.008210441244694559
2025-03-24,LBN,0.007180195558916632
2025-03-25,LBN,0.006678511326277937
2025-03-26,LBN,0.007691266452805762
2025-03-27,LBN,0.006520402272365547
2025-03-28,LBN,0.014315155677765774
2024-07-01,IRN,0.01898808358493927
2024-07-02,IRN,0.027872374928755727
2024-07-03,IRN,0.022101646413623298
2024-07-04,IRN,0.018164848132619874
2024-07-05,IRN,0.10794877648304443
2024-07-06,IRN,0.06912306415017255
2024-07-07,IRN,0.06071092971602653
2024-07-08,IRN,0.015282116942896643
2024-07-09,IRN,0.02966637260871113
2024-07-10,IRN,0.013136777711204922
2024-07-11,IRN,0.012250783652290376
2024-07-12,IRN,0.009130307917158879
2024-07-13,IRN,0.07853470581949683
2024-07-14,IRN,0.07335696201048467
2024-07-15,IRN,0.069173082741348
2024-07-16,IRN,0.011073537595550284
2024-07-17,IRN,0.0472180873170858
2024-07-18,IRN,0.08158367692332927
2024-07-19,IRN,0.007650726896069304
2024-07-20,IRN,0.008479482196432636
2024-07-21,IRN,0.009029158988850823
2024-07-22,IRN,0.01766732782708777
2024-07-23,IRN,0.12051126463129463
2024-07-24,IRN,0.010818746802067361
2024-07-25,IRN,0.008309926300229543
2024-07-26,IRN,0.007852741694941805
2024-07-27,IRN,0.008521522722067633
2024-07-28,IRN,0.008960566942850112
2024-07-29,IRN,0.0086651917871058
2024-07-30,IRN,0.009211870015411707
2024-07-31,IRN,0.19056357654985664
2024-08-01,IRN,0.09260584775139047
2024-08-02,IRN,0.10861210076083538
2024-08-03,IRN,0.13405901663917819
2024-08-04,IRN,0.050234217230877655
2024-08-05,IRN,0.1536496375760544
2024-08-06,IRN,0.12827099110265539
2024-08-07,IRN,0.013417625605903335
2024-08-08,IRN,0.00711453737654799
2024-08-09,IRN,0.009523080913078907
2024-08-10,IRN,0.009295139382957809
2024-08-11,IRN,0.00994161252839729
2024-08-12,IRN,0.007544450614240664
2024-08-13,IRN,0.007611444869910231
2024-08-14,IRN,0.01597231249206871
2024-08-15,IRN,0.01262396619765785
2024-08-16,IRN,0.11037003313242173
2024-08-17,IRN,0.01015792540733928
2024-08-18,IRN,0.009329975164006408
2024-08-19,IRN,0.03492140263245709
2024-08-20,IRN,0.04525145610630745
2024-08-21,IRN,0.08991665727724844
2024-08-22,IRN,0.09936191340664359
2024-08-23,IRN,0.10569357081015238
2024-08-24,IRN,0.016447852874519806
2024-08-25,IRN,0.02278096584560734
2024-08-26,IRN,0.021987502239296717
2024-08-27,IRN,0.02319991548664667
2024-08-28,IRN,0.10663553506755266
2024-08-29,IRN,0.023052483863112434
2024-08-30,IRN,0.028828394240191336
2024-08-31,IRN,0.023597900998020647
2024-09-01,IRN,0.02145829898661065
2024-09-02,IRN,0.10346177241846692
2024-09-03,IRN,0.03164323822966035
2024-09-04,IRN,0.015126506695644608
2024-09-05,IRN,0.01541750254603625
2024-09-06,IRN,0.08005567497268712
2024-09-07,IRN,0.14596647603523744
2024-09-08,IRN,0.08713597255981592
2024-09-09,IRN,0.02802666069988048
2024-09-10,IRN,0.024329186729058396
2024-09-11,IRN,0.025831723057336033
2024-09-12,IRN,0.15757323143410532
2024-09-13,IRN,0.03895651522133492
2024-09-14,IRN,0.014608784935959275
2024-09-15,IRN,0.03402621464826198
2024-09-16,IRN,0.029750777922724132
2024-09-17,IRN,0.014739554034323832
2024-09-18,IRN,0.013968413833050669
2024-09-19,IRN,0.0206720261818548
2024-09-20,IRN,0.00879122837055227
2024-09-21,IRN,0.007853347837391972
2024-09-22,IRN,0.009110793964464837
2024-09-23,IRN,0.0068396537856328715
2024-09-24,IRN,0.00739540700326065
2024-09-25,IRN,0.006717118292395876
2024-09-26,IRN,0.00950733392533687
2024-09-27,IRN,0.09833919959991554
2024-09-28,IRN,0.008124901420006195
2024-09-29,IRN,0.1629041574534973
2024-09-30,IRN,0.03043111763986761
2024-10-01,IRN,0.20061896570839077
2024-10-02,IRN,0.06536469487170028
2024-10-03,IRN,0.14624385276584678
2024-10-04,IRN,0.0081141775388865
2024-10-05,IRN,0.005920239658696433
2024-10-06,IRN,0.007005307428934396
2024-10-07,IRN,0.010081846444090171
2024-10-08,IRN,0.004924419068687256
2024-10-09,IRN,0.00599604780690701
2024-10-10,IRN,0.005470257759877804
2024-10-11,IRN,0.006444311642485693
2024-10-12,IRN,0.005351783100834375
2024-10-13,IRN,0.046274149692355014
2024-10-14,IRN,0.04224028599386081
2024-10-15,IRN,0.009035732921258578
2024-10-16,IRN,0.00916806244716079
2024-10-17,IRN,0.00927479351919934
2024-10-18,IRN,0.10008640411088476
2024-10-19,IRN,0.00828430989304861
2024-10-20,IRN,0.006042322907726766
2024-10-21,IRN,0.0065221226950731214
2024-10-22,IRN,0.010001424821951729
2024-10-23,IRN,0.006780557388707417
2024-10-24,IRN,0.006746926342217806
2024-10-25,IRN,0.007641502084548357
2024-10-26,IRN,0.1860089980137555
2024-10-27,IRN,0.18510133152151034
2024-10-28,IRN,0.19914197472396625
2024-10-29,IRN,0.029797868659142072
2024-10-30,IRN,0.165924712929676
2024-10-31,IRN,0.17611852694937186
2024-11-01,IRN,0.17493397258503063
2024-11-02,IRN,0.01048931593429462
2024-11-03,IRN,0.006223737550725176
2024-11-04,IRN,0.006165048830189761
2024-11-05,IRN,0.01264783548229856
2024-11-06,IRN,0.006870170144209536
2024-11-07,IRN,0.007462793968452871
2024-11-08,IRN,0.009015004256602453
2024-11-09,IRN,0.02570545112064748
2024-11-10,IRN,0.03601779470756654
2024-11-11,IRN,0.013783119877518152
2024-11-12,IRN,0.005501447471685717
2024-11-13,IRN,0.0057332203225659755
2024-11-14,IRN,0.007238377359965204
2024-11-15,IRN,0.005990741465074772
2024-11-16,IRN,0.005528331879398813
2024-11-17,IRN,0.005326343078733426
2024-11-18,IRN,0.006045515366875331
2024-11-19,IRN,0.02218522263722175
2024-11-20,IRN,0.008758066517062324
2024-11-21,IRN,0.005836160882486652
2024-11-22,IRN,0.010093702084135348
2024-11-23,IRN,0.007513085230500923
2024-11-24,IRN,0.008443971796450726
2024-11-25,IRN,0.008505370726172901
2024-11-26,IRN,0.00821587373249472
2024-11-27,IRN,0.008826543858073905
2024-11-28,IRN,0.02407730588151132
2024-11-29,IRN,0.015899499779051255
2024-11-30,IRN,0.022687409465231876
2024-12-01,IRN,0.021083165879514816
2024-12-02,IRN,0.0514080711635852
2024-12-03,IRN,0.051675614764142924
2024-12-04,IRN,0.20590687259813234
2024-12-05,IRN,0.10742056046631127
2024-12-06,IRN,0.14089896999327992
2024-12-07,IRN,0.13574555656115483
2024-12-08,IRN,0.13302046703074863
2024-12-09,IRN,0.1351262739822698
2024-12-10,IRN,0.1163795107617954
2024-12-11,IRN,0.03432159219273298
2024-12-12,IRN,0.010411657482080389
2024-12-13,IRN,0.010498829686195867
2024-12-14,IRN,0.010440627367410582
2024-12-15,IRN,0.010355331414120511
2024-12-16,IRN,0.009231062138370244
2024-12-17,IRN,0.01006101986575484
2024-12-18,IRN,0.03525755417592139
2024-12-19,IRN,0.08553371629993499
2024-12-20,IRN,0.032775243370738026
2024-12-21,IRN,0.02630675938128399
2024-12-22,IRN,0.03616862900647424
2024-12-23,IRN,0.035764388405591985
2024-12-24,IRN,0.028622118915094058
2024-12-25,IRN,0.12371139284321774
2024-12-26,IRN,0.009439285244566272
2024-12-27,IRN,0.00816693674219084
2024-12-28,IRN,0.014323179750664102
2024-12-29,IRN,0.007345613169293886
2024-12-30,IRN,0.006842434826799736
2024-12-31,IRN,0.012954452957340878
2025-01-01,IRN,0.0067898824201627385
2025-01-02,IRN,0.011349804562531231
2025-01-03,IRN,0.08859750649908842
2025-01-04,IRN,0.012286769527854326
2025-01-05,IRN,0.012537270636038439
2025-01-06,IRN,0.07765333947356153
2025-01-07,IRN,0.006161021288061922
2025-01-08,IRN,0.009520346000069724
2025-01-09,IRN,0.006571567168513136
2025-01-10,IRN,0.006053233345957591
2025-01-11,IRN,0.005465399036280833
2025-01-12,IRN,0.01171574521693001
2025-01-13,IRN,0.014514997186534621
2025-01-14,IRN,0.06478838516820133
2025-01-15,IRN,0.07612430033182623
2025-01-16,IRN,0.07335851017468749
2025-01-17,IRN,0.13446037608363595
2025-01-18,IRN,0.21165460943499068
2025-01-19,IRN,0.19995441894094845
2025-01-20,IRN,0.07907607976470306
2025-01-21,IRN,0.07565358534649998
2025-01-22,IRN,0.08201596347990854
2025-01-23,IRN,0.07160715340188897
2025-01-24,IRN,0.06747145898318842
2025-01-25,IRN,0.09008534151800854
2025-01-26,IRN,0.027196267443423672
2025-01-27,IRN,0.015105010320017482
2025-01-28,IRN,0.00661579617805828
2025-01-29,IRN,0.007281477893403753
2025-01-30,IRN,0.013498940687380324
2025-01-31,IRN,0.008965223278277541
2025-02-01,IRN,0.014700239462165702
2025-02-02,IRN,0.013448398216922277
2025-02-03,IRN,0.01406184190880453
2025-02-04,IRN,0.015483662983029847
2025-02-05,IRN,0.018283978278956812
2025-02-06,IRN,0.016395150197813308
2025-02-07,IRN,0.01689295397667805
2025-02-08,IRN,0.03824482774063841
2025-02-09,IRN,0.09222007914964599
2025-02-10,IRN,0.08960897467688332
2025-02-11,IRN,0.08586037381429354
2025-02-12,IRN,0.08983449633224967
2025-02-13,IRN,0.2110104702465561
2025-02-14,IRN,0.21266368948631684
2025-02-15,IRN,0.14303606273090583
2025-02-16,IRN,0.13225261757295284
2025-02-17,IRN,0.13167300495821052
2025-02-18,IRN,0.12957549023818
2025-02-19,IRN,0.18811247577535936
2025-02-20,IRN,0.09203818191513881
2025-02-21,IRN,0.0721541222407377
2025-02-22,IRN,0.17227873738901944
2025-02-23,IRN,0.19943943193742503
2025-02-24,IRN,0.0917659301347107
2025-02-25,IRN,0.1751231231782711
2025-02-26,IRN,0.10473178998573839
2025-02-27,IRN,0.21074537686191003
2025-02-28,IRN,0.14606158175529374
2025-03-01,IRN,0.20019213346866274
2025-03-02,IRN,0.01732796213815211
2025-03-03,IRN,0.01152738466338367
2025-03-04,IRN,0.00547724577781287
2025-03-05,IRN,0.005932091902832954
2025-03-06,IRN,0.006189567596084511
2025-03-07,IRN,0.018811943931411217
2025-03-08,IRN,0.0069031947543640735
2025-03-09,IRN,0.006741159434830828
2025-03-10,IRN,0.00714890249545188
2025-03-11,IRN,0.007210956752508493
2025-03-12,IRN,0.007193233265394204
2025-03-13,IRN,0.007605000971156325
2025-03-14,IRN,0.028039850268526473
2025-03-15,IRN,0.028398112742299624
2025-03-16,IRN,0.019513447385963945
2025-03-17,IRN,0.016009730968428754
2025-03-18,IRN,0.014950258199843072
2025-03-19,IRN,0.013645654674311175
2025-03-20,IRN,0.015088147561243933
2025-03-21,IRN,0.015032503081185039
2025-03-22,IRN,0.008498481525240773
2025-03-23,IRN,0.008252708839358752
2025-03-24,IRN,0.008718299497724699
2025-03-25,IRN,0.008110798267941532
2025-03-26,IRN,0.010478146176056961
2025-03-27,IRN,0.03496327955432852
2025-03-28,IRN,0.02374114883600686
2024-07-01,TUR,0.004999598840015257
2024-07-02,TUR,0.005165937440371622
2024-07-03,TUR,0.005011434334820614
2024-07-04,TUR,0.04463067920069897
2024-07-05,TUR,0.05161834382237335
2024-07-06,TUR,0.0542528591775179
2024-07-07,TUR,0.1122361416385101
2024-07-08,TUR,0.06103461890101662
2024-07-09,TUR,0.062336169483857735
2024-07-10,TUR,0.054276395631601235
2024-07-11,TUR,0.06651621151391365
2024-07-12,TUR,0.06697855541293499
2024-07-13,TUR,0.17042828251793643
2024-07-14,TUR,0.17596739724290633
2024-07-15,TUR,0.12614125112273272
2024-07-16,TUR,0.1355532593427673
2024-07-17,TUR,0.07819318860884773
2024-07-18,TUR,0.07088803750583673
2024-07-19,TUR,0.06303183391841471
2024-07-20,TUR,0.0886842863038714
2024-07-21,TUR,0.03009526517134288
2024-07-22,TUR,0.036910974551706756
2024-07-23,TUR,0.04633367715683774
2024-07-24,TUR,0.15305852359066002
2024-07-25,TUR,0.18415627747171198
2024-07-26,TUR,0.033888843236918216
2024-07-27,TUR,0.1691279812393487
2024-07-28,TUR,0.06890770603302021
2024-07-29,TUR,0.15981488157100393
2024-07-30,TUR,0.06404092825131695
2024-07-31,TUR,0.1739933697023689
2024-08-01,TUR,0.04343538297240455
2024-08-02,TUR,0.006145477835772331
2024-08-03,TUR,0.005923842402859909
2024-08-04,TUR,0.009135847864784214
2024-08-05,TUR,0.005596342049244121
2024-08-06,TUR,0.005798660867275447
2024-08-07,TUR,0.00563206298850373
2024-08-08,TUR,0.010745985288169387
2024-08-09,TUR,0.006685536458815341
2024-08-10,TUR,0.009199306171425736
2024-08-11,TUR,0.009497568725673625
2024-08-12,TUR,0.17226745876622238
2024-08-13,TUR,0.022422863363743793
2024-08-14,TUR,0.14701857124139694
2024-08-15,TUR,0.035036374281798496
2024-08-16,TUR,0.03382123630430044
2024-08-17,TUR,0.024905055247664457
2024-08-18,TUR,0.19761188959883647
2024-08-19,TUR,0.019819529033843382
2024-08-20,TUR,0.013802884698719832
2024-08-21,TUR,0.008134315466181489
2024-08-22,TUR,0.01356356920933654
2024-08-23,TUR,0.019581333487869893
2024-08-24,TUR,0.027109973658192604
2024-08-25,TUR,0.01480779577236177
2024-08-26,TUR,0.1163703905021149
2024-08-27,TUR,0.09471418936324748
2024-08-28,TUR,0.10903714874940357
2024-08-29,TUR,0.16938922009978477
2024-08-30,TUR,0.2176181462383289
2024-08-31,TUR,0.1378178460370495
2024-09-01,TUR,0.16289632167753704
2024-09-02,TUR,0.12687246586595394
2024-09-03,TUR,0.11062891151451378
2024-09-04,TUR,0.07997975670154864
2024-09-05,TUR,0.13358510356403552
2024-09-06,TUR,0.014557619747740145
2024-09-07,TUR,0.014576152163807345
2024-09-08,TUR,0.013976007327419543
2024-09-09,TUR,0.012036509986958202
2024-09-10,TUR,0.012626834317955913
2024-09-11,TUR,0.04014435245685394
2024-09-12,TUR,0.039179494984610944
2024-09-13,TUR,0.08700485672762956
2024-09-14,TUR,0.14885946843016473
2024-09-15,TUR,0.2177175083883172
2024-09-16,TUR,0.12955588785663794
2024-09-17,TUR,0.09990104954101353
2024-09-18,TUR,0.08219309432793645
2024-09-19,TUR,0.020274725807116107
2024-09-20,TUR,0.026176499020696405
2024-09-21,TUR,0.11038737859446307
2024-09-22,TUR,0.023653604610405707
2024-09-23,TUR,0.009384020060726233
2024-09-24,TUR,0.027453923933664005
2024-09-25,TUR,0.012013404728122628
2024-09-26,TUR,0.020658425492972834
2024-09-27,TUR,0.01223346417037092
2024-09-28,TUR,0.02904833370033212
2024-09-29,TUR,0.030823974188800618
2024-09-30,TUR,0.07949516428300524
2024-10-01,TUR,0.0555958069990588
2024-10-02,TUR,0.026686967144547036
2024-10-03,TUR,0.02117211723279642
2024-10-04,TUR,0.0293922682399133
2024-10-05,TUR,0.01962087954142659
2024-10-06,TUR,0.02432976140088959
2024-10-07,TUR,0.023563889215106455
2024-10-08,TUR,0.08279525291868571
2024-10-09,TUR,0.18896282282931606
2024-10-10,TUR,0.11338646863491764
2024-10-11,TUR,0.13090813380645647
2024-10-12,TUR,0.11406657681007919
2024-10-13,TUR,0.11589469452840108
2024-10-14,TUR,0.09950686670221578
2024-10-15,TUR,0.0971715758668469
2024-10-16,TUR,0.2098377127998089
2024-10-17,TUR,0.1035593913010936
2024-10-18,TUR,0.20146940220467008
2024-10-19,TUR,0.09852299252738395
2024-10-20,TUR,0.08759306747042452
2024-10-21,TUR,0.10228680625015268
2024-10-22,TUR,0.1302518655137929
2024-10-23,TUR,0.2230851299971267
2024-10-24,TUR,0.2107814415611663
2024-10-25,TUR,0.1768645568513392
2024-10-26,TUR,0.19221408377515767
2024-10-27,TUR,0.09876332328275833
2024-10-28,TUR,0.11135259017082387
2024-10-29,TUR,0.17369973281987583
2024-10-30,TUR,0.005596785740646442
2024-10-31,TUR,0.005208736097901661
2024-11-01,TUR,0.005102749900566861
2024-11-02,TUR,0.004988527881130809
2024-11-03,TUR,0.005063904853287853
2024-11-04,TUR,0.005202306205901382
2024-11-05,TUR,0.004905084387879067
2024-11-06,TUR,0.1153024824388498
2024-11-07,TUR,0.09645908135893982
2024-11-08,TUR,0.0970178946170062
2024-11-09,TUR,0.08882138026599445
2024-11-10,TUR,0.09199998677674506
2024-11-11,TUR,0.09502222419313061
2024-11-12,TUR,0.065797088613611
2024-11-13,TUR,0.08966999976779987
2024-11-14,TUR,0.11285040380758768
2024-11-15,TUR,0.08117163076498765
2024-11-16,TUR,0.060574103462925494
2024-11-17,TUR,0.05990360042491263
2024-11-18,TUR,0.07975147730014963
2024-11-19,TUR,0.07454146276549742
2024-11-20,TUR,0.09206488344021646
2024-11-21,TUR,0.10349953067547497
2024-11-22,TUR,0.08080154394736626
2024-11-23,TUR,0.0893809734400615
2024-11-24,TUR,0.1346090514458693
2024-11-25,TUR,0.11922530891566376
2024-11-26,TUR,0.13668423325574516
2024-11-27,TUR,0.11952957842323231
2024-11-28,TUR,0.12913013411715935
2024-11-29,TUR,0.10117764656972716
2024-11-30,TUR,0.09177517251627737
2024-12-01,TUR,0.06407984266915287
2024-12-02,TUR,0.0736102209813409
2024-12-03,TUR,0.07594480357570428
2024-12-04,TUR,0.048882847789651865
2024-12-05,TUR,0.0461660717810399
2024-12-06,TUR,0.044315144408283866
2024-12-07,TUR,0.05203455096165443
2024-12-08,TUR,0.04396153296702946
2024-12-09,TUR,0.06315331157912504
2024-12-10,TUR,0.06030805862520906
2024-12-11,TUR,0.05986294825754281
2024-12-12,TUR,0.052622894801632326
2024-12-13,TUR,0.04554855415792611
2024-12-14,TUR,0.04642236656720918
2024-12-15,TUR,0.04672041149167698
2024-12-16,TUR,0.04370553679656602
2024-12-17,TUR,0.09807497722781165
2024-12-18,TUR,0.08629220800026353
2024-12-19,TUR,0.07880801494706348
2024-12-20,TUR,0.07203939787053956
2024-12-21,TUR,0.064084023401845
2024-12-22,TUR,0.07499733764709747
2024-12-23,TUR,0.12296254467340366
2024-12-24,TUR,0.12273592371312189
2024-12-25,TUR,0.14801092136077265
2024-12-26,TUR,0.12041341844999513
2024-12-27,TUR,0.15643928396704687
2024-12-28,TUR,0.12684342905160104
2024-12-29,TUR,0.09983607578076605
2024-12-30,TUR,0.09667937911873668
2024-12-31,TUR,0.12174302602273664
2025-01-01,TUR,0.06552358043729915
2025-01-02,TUR,0.05380782180969597
2025-01-03,TUR,0.04808907109171948
2025-01-04,TUR,0.0527416763251302
2025-01-05,TUR,0.04750856732759667
2025-01-06,TUR,0.06283993035793146
2025-01-07,TUR,0.05765183235254917
2025-01-08,TUR,0.05810289438486645
2025-01-09,TUR,0.06691243873275957
2025-01-10,TUR,0.09749687442387725
2025-01-11,TUR,0.04890678427583645
2025-01-12,TUR,0.03663996859672658
2025-01-13,TUR,0.0829538680361964
2025-01-14,TUR,0.0881775794148895
2025-01-15,TUR,0.10972347426462119
2025-01-16,TUR,0.10057693765073653
2025-01-17,TUR,0.045930423603198746
2025-01-18,TUR,0.05517138664099187
2025-01-19,TUR,0.0640879897628402
2025-01-20,TUR,0.07566053319012583
2025-01-21,TUR,0.05951058080173027
2025-01-22,TUR,0.04985009446926314
2025-01-23,TUR,0.036976934362952636
2025-01-24,TUR,0.033991725446428055
2025-01-25,TUR,0.04269247950879408
2025-01-26,TUR,0.0335908225555075
2025-01-27,TUR,0.025621978135002013
2025-01-28,TUR,0.02499627147005677
2025-01-29,TUR,0.035545526992625566
2025-01-30,TUR,0.060069886390123055
2025-01-31,TUR,0.05382993121101344
2025-02-01,TUR,0.0825228034516712
2025-02-02,TUR,0.14753012929276285
2025-02-03,TUR,0.0851217444057376
2025-02-04,TUR,0.09753812858716626
2025-02-05,TUR,0.09874084501313683
2025-02-06,TUR,0.08463273364193648
2025-02-07,TUR,0.08724828728167318
2025-02-08,TUR,0.0810979289822495
2025-02-09,TUR,0.05186114763710605
2025-02-10,TUR,0.044411138494022125
2025-02-11,TUR,0.04764742759172228
2025-02-12,TUR,0.06734630788708872
2025-02-13,TUR,0.039417622873146874
2025-02-14,TUR,0.056578518566068964
2025-02-15,TUR,0.042133873233278524
2025-02-16,TUR,0.08555905416140708
2025-02-17,TUR,0.06838811592944188
2025-02-18,TUR,0.10300285113249154
2025-02-19,TUR,0.0719792607600868
2025-02-20,TUR,0.06920651029508262
2025-02-21,TUR,0.07339291844598117
2025-02-22,TUR,0.07243835901905117
2025-02-23,TUR,0.15869366499056392
2025-02-24,TUR,0.1042558313909739
2025-02-25,TUR,0.04574631296394978
2025-02-26,TUR,0.039546127090440544
2025-02-27,TUR,0.04671437251346343
2025-02-28,TUR,0.053766235739538676
2025-03-01,TUR,0.04540208347575891
2025-03-02,TUR,0.041300192783533085
2025-03-03,TUR,0.04363428570020085
2025-03-04,TUR,0.03927801413799051
2025-03-05,TUR,0.04527033418067796
2025-03-06,TUR,0.0536595027126483
2025-03-07,TUR,0.07637868397701678
2025-03-08,TUR,0.06928011617068384
2025-03-09,TUR,0.05704317988668438
2025-03-10,TUR,0.04623384912330645
2025-03-11,TUR,0.03804509128666617
2025-03-12,TUR,0.06387949873271724
2025-03-13,TUR,0.03413184358285739
2025-03-14,TUR,0.05016437296423247
2025-03-15,TUR,0.07174352966940563
2025-03-16,TUR,0.06720383205653158
2025-03-17,TUR,0.05988026305581593
2025-03-18,TUR,0.05015950604323267
2025-03-19,TUR,0.11623388226870197
2025-03-20,TUR,0.18811850853683665
2025-03-21,TUR,0.14262571920527248
2025-03-22,TUR,0.10731564332418071
2025-03-23,TUR,0.13461386045838494
2025-03-24,TUR,0.06759886667598437
2025-03-25,TUR,0.05838771216614871
2025-03-26,TUR,0.05125473603946206
2025-03-27,TUR,0.07976462867729847
2025-03-28,TUR,0.05048545852085462
2024-07-01,SAU,0.016523900457994463
2024-07-02,SAU,0.02173940331480002
2024-07-03,SAU,0.019546361268615742
2024-07-04,SAU,0.024200550235147795
2024-07-05,SAU,0.020975989965787343
2024-07-06,SAU,0.03977330774099653
2024-07-07,SAU,0.033274316796193006
2024-07-08,SAU,0.021780104225759732
2024-07-09,SAU,0.023739449790863593
2024-07-10,SAU,0.021218413609034356
2024-07-11,SAU,0.025819382644584735
2024-07-12,SAU,0.027350477415777424
2024-07-13,SAU,0.024559696465478776
2024-07-14,SAU,0.08571558558251485
2024-07-15,SAU,0.0493829266973907
2024-07-16,SAU,0.02418149311844171
2024-07-17,SAU,0.023357992997352178
2024-07-18,SAU,0.017390198649656574
2024-07-19,SAU,0.026437659013731733
2024-07-20,SAU,0.07571801573586096
2024-07-21,SAU,0.057399024578373405
2024-07-22,SAU,0.06312859901772573
2024-07-23,SAU,0.06264300442650585
2024-07-24,SAU,0.04106331209747507
2024-07-25,SAU,0.07341403382356308
2024-07-26,SAU,0.08326043236760061
2024-07-27,SAU,0.06461023376910069
2024-07-28,SAU,0.1367167039860138
2024-07-29,SAU,0.10881590692457863
2024-07-30,SAU,0.0644317677479474
2024-07-31,SAU,0.04148105321692933
2024-08-01,SAU,0.033385981231480295
2024-08-02,SAU,0.07275444393805404
2024-08-03,SAU,0.06334405230265176
2024-08-04,SAU,0.05323284425137719
2024-08-05,SAU,0.05381733489432419
2024-08-06,SAU,0.03846084726428606
2024-08-07,SAU,0.038501799089356206
2024-08-08,SAU,0.04213411907238546
2024-08-09,SAU,0.06156420195116834
2024-08-10,SAU,0.09597470936630463
2024-08-11,SAU,0.09932196263308976
2024-08-12,SAU,0.056724961993882675
2024-08-13,SAU,0.0379345963223503
2024-08-14,SAU,0.038249995518299135
2024-08-15,SAU,0.05824360091066914
2024-08-16,SAU,0.06688237851511533
2024-08-17,SAU,0.052643167981148625
2024-08-18,SAU,0.1117366732247516
2024-08-19,SAU,0.05632359392591157
2024-08-20,SAU,0.05487656355535499
2024-08-21,SAU,0.0860907152071072
2024-08-22,SAU,0.05867412291189132
2024-08-23,SAU,0.036083163441870465
2024-08-24,SAU,0.055717439093024616
2024-08-25,SAU,0.10782120584531674
2024-08-26,SAU,0.09419654914433624
2024-08-27,SAU,0.043111275726434785
2024-08-28,SAU,0.04465305884712332
2024-08-29,SAU,0.06240800411275319
2024-08-30,SAU,0.09091736006717023
2024-08-31,SAU,0.049249417908175705
2024-09-01,SAU,0.05862001327190127
2024-09-02,SAU,0.06485621933840063
2024-09-03,SAU,0.05583765922252427
2024-09-04,SAU,0.06314552318987436
2024-09-05,SAU,0.04556826044700657
2024-09-06,SAU,0.054109541057150656
2024-09-07,SAU,0.04285895097677152
2024-09-08,SAU,0.05213773496595409
2024-09-09,SAU,0.05437824450934611
2024-09-10,SAU,0.0471218506605172
2024-09-11,SAU,0.03245713238020748
2024-09-12,SAU,0.07219834569270552
2024-09-13,SAU,0.028046449339519226
2024-09-14,SAU,0.026808501269146683
2024-09-15,SAU,0.029183604545357525
2024-09-16,SAU,0.053267370697994705
2024-09-17,SAU,0.022283744969883054
2024-09-18,SAU,0.018429113780365172
2024-09-19,SAU,0.037614466185074955
2024-09-20,SAU,0.03806245903177028
2024-09-21,SAU,0.04784295559375529
2024-09-22,SAU,0.06954521335302818
2024-09-23,SAU,0.057418432662683906
2024-09-24,SAU,0.039061938249105116
2024-09-25,SAU,0.02721010746634609
2024-09-26,SAU,0.06055321401087615
2024-09-27,SAU,0.036854424194801706
2024-09-28,SAU,0.039188161003330946
2024-09-29,SAU,0.04267839514831564
2024-09-30,SAU,0.08088947176250612
2024-10-01,SAU,0.06502192844123167
2024-10-02,SAU,0.06764419809792098
2024-10-03,SAU,0.07830875256649587
2024-10-04,SAU,0.03925841201850963
2024-10-05,SAU,0.04477273649116571
2024-10-06,SAU,0.04054236438132267
2024-10-07,SAU,0.04020350800943154
2024-10-08,SAU,0.02413457693632851
2024-10-09,SAU,0.0312507887526546
2024-10-10,SAU,0.047756104734926995
2024-10-11,SAU,0.05456508570165608
2024-10-12,SAU,0.04692966409222494
2024-10-13,SAU,0.05839509860157056
2024-10-14,SAU,0.06006216889582528
2024-10-15,SAU,0.06414877606010713
2024-10-16,SAU,0.047603114053917935
2024-10-17,SAU,0.057511227265158386
2024-10-18,SAU,0.04482600712899913
2024-10-19,SAU,0.05401423463008402
2024-10-20,SAU,0.047912807913151875
2024-10-21,SAU,0.05134879459678733
2024-10-22,SAU,0.05883444825644916
2024-10-23,SAU,0.053921705396216525
2024-10-24,SAU,0.05273525959349767
2024-10-25,SAU,0.0560807314689831
2024-10-26,SAU,0.11985743667765525
2024-10-27,SAU,0.10017547420150058
2024-10-28,SAU,0.09081069178895056
2024-10-29,SAU,0.0535613966379353
2024-10-30,SAU,0.048560513254777046
2024-10-31,SAU,0.058618198003288595
2024-11-01,SAU,0.045969717822342715
2024-11-02,SAU,0.11979755222703907
2024-11-03,SAU,0.08468041686054163
2024-11-04,SAU,0.038406332325942025
2024-11-05,SAU,0.03370365284711424
2024-11-06,SAU,0.03349778178098184
2024-11-07,SAU,0.02417306203814104
2024-11-08,SAU,0.036249803846835155
2024-11-09,SAU,0.036511778746893195
2024-11-10,SAU,0.040876568350314404
2024-11-11,SAU,0.07734967892907382
2024-11-12,SAU,0.02297018206169064
2024-11-13,SAU,0.02082495333870268
2024-11-14,SAU,0.03355948463770771
2024-11-15,SAU,0.019168970318169533
2024-11-16,SAU,0.015923090963040717
2024-11-17,SAU,0.01682388727883989
2024-11-18,SAU,0.019962033689204985
2024-11-19,SAU,0.030115501790552574
2024-11-20,SAU,0.047267340157707664
2024-11-21,SAU,0.0230743255526672
2024-11-22,SAU,0.018897255745155765
2024-11-23,SAU,0.02884398847552413
2024-11-24,SAU,0.0650345154795567
2024-11-25,SAU,0.030592610191194892
2024-11-26,SAU,0.03455999380099768
2024-11-27,SAU,0.023846308752137786
2024-11-28,SAU,0.030322725157553933
2024-11-29,SAU,0.030681177144565742
2024-11-30,SAU,0.03466438954868348
2024-12-01,SAU,0.030996788346740505
2024-12-02,SAU,0.06587187844689929
2024-12-03,SAU,0.025863066745137723
2024-12-04,SAU,0.03571232954753624
2024-12-05,SAU,0.047326543565899874
2024-12-06,SAU,0.05770924970327429
2024-12-07,SAU,0.021043135126987404
2024-12-08,SAU,0.022762634417293953
2024-12-09,SAU,0.020519332325386712
2024-12-10,SAU,0.025757248552015163
2024-12-11,SAU,0.03519330741700626
2024-12-12,SAU,0.031308464523018366
2024-12-13,SAU,0.039247218872369836
2024-12-14,SAU,0.03029325763673851
2024-12-15,SAU,0.18935560259391718
2024-12-16,SAU,0.03747107670938035
2024-12-17,SAU,0.05311066735267116
2024-12-18,SAU,0.03573351122652503
2024-12-19,SAU,0.027626855028314055
2024-12-20,SAU,0.06495425727316492
2024-12-21,SAU,0.2112519133406262
2024-12-22,SAU,0.024239535735295005
2024-12-23,SAU,0.03239326767555291
2024-12-24,SAU,0.05199178762334063
2024-12-25,SAU,0.024316049395171017
2024-12-26,SAU,0.03807011343726982
2024-12-27,SAU,0.025981707783809146
2024-12-28,SAU,0.02607141181862476
2024-12-29,SAU,0.051938316341069664
2024-12-30,SAU,0.05989004255647017
2024-12-31,SAU,0.053545873547851626
2025-01-01,SAU,0.11644466892741981
2025-01-02,SAU,0.0544848268981447
2025-01-03,SAU,0.04048115823023768
2025-01-04,SAU,0.06453485483352558
2025-01-05,SAU,0.07199097405475427
2025-01-06,SAU,0.08306543629930115
2025-01-07,SAU,0.06183340922909893
2025-01-08,SAU,0.06721660001627958
2025-01-09,SAU,0.08028514864012208
2025-01-10,SAU,0.09447357856334261
2025-01-11,SAU,0.059038477327785346
2025-01-12,SAU,0.03993983417305876
2025-01-13,SAU,0.034041400690103765
2025-01-14,SAU,0.01601195991134517
2025-01-15,SAU,0.027039338060200455
2025-01-16,SAU,0.019824567999908577
2025-01-17,SAU,0.02893818541075996
2025-01-18,SAU,0.02964608008143153
2025-01-19,SAU,0.038352067312849694
2025-01-20,SAU,0.035921618428375844
2025-01-21,SAU,0.025362690019194226
2025-01-22,SAU,0.03829197216070426
2025-01-23,SAU,0.031193646335732315
2025-01-24,SAU,0.021872466799923485
2025-01-25,SAU,0.020086142969800963
2025-01-26,SAU,0.028442794809503246
2025-01-27,SAU,0.02305851354985342
2025-01-28,SAU,0.019044729222840586
2025-01-29,SAU,0.020148886111315743
2025-01-30,SAU,0.0264315291762092
2025-01-31,SAU,0.018395430163074204
2025-02-01,SAU,0.030686811211310575
2025-02-02,SAU,0.03542764686087873
2025-02-03,SAU,0.02986574474897576
2025-02-04,SAU,0.024841683939687456
2025-02-05,SAU,0.038044607286559035
2025-02-06,SAU,0.02792636887000547
2025-02-07,SAU,0.026826210228080585
2025-02-08,SAU,0.02433028121767608
2025-02-09,SAU,0.04050547813371695
2025-02-10,SAU,0.04554003692277592
2025-02-11,SAU,0.02325722092852943
2025-02-12,SAU,0.02987530735091436
2025-02-13,SAU,0.03351103173849803
2025-02-14,SAU,0.05379208963807104
2025-02-15,SAU,0.0267974096346368
2025-02-16,SAU,0.030253478442335332
2025-02-17,SAU,0.02903484246400097
2025-02-18,SAU,0.04513466659134779
2025-02-19,SAU,0.04713982810622273
2025-02-20,SAU,0.017162385322405008
2025-02-21,SAU,0.013880793483638602
2025-02-22,SAU,0.02047701428720948
2025-02-23,SAU,0.026802062518571958
2025-02-24,SAU,0.026687415173642575
2025-02-25,SAU,0.023938181794869888
2025-02-26,SAU,0.030659335526483342
2025-02-27,SAU,0.025900454181951693
2025-02-28,SAU,0.038795093087614516
2025-03-01,SAU,0.047971204844815735
2025-03-02,SAU,0.03228491726384313
2025-03-03,SAU,0.07299663891964578
2025-03-04,SAU,0.022895729429471684
2025-03-05,SAU,0.029283202081106772
2025-03-06,SAU,0.07423404142230215
2025-03-07,SAU,0.0698355194197699
2025-03-08,SAU,0.05239234142424629
2025-03-09,SAU,0.04429330051670841
2025-03-10,SAU,0.06030704794836947
2025-03-11,SAU,0.05412049829569097
2025-03-12,SAU,0.0897564024393894
2025-03-13,SAU,0.0516269548887569
2025-03-14,SAU,0.030575319761554327
2025-03-15,SAU,0.03816965232014095
2025-03-16,SAU,0.051373994967140166
2025-03-17,SAU,0.046633941181768536
2025-03-18,SAU,0.029947763802043368
2025-03-19,SAU,0.027665857785696225
2025-03-20,SAU,0.03623445861261275
2025-03-21,SAU,0.028164371455408902
2025-03-22,SAU,0.10798071985257959
2025-03-23,SAU,0.02620291432976136
2025-03-24,SAU,0.020116095444519037
2025-03-25,SAU,0.022222372417090713
2025-03-26,SAU,0.031411779391930614
2025-03-27,SAU,0.021035498263981153
2025-03-28,SAU,0.017414349779783657
2024-07-01,LBY,0.008503105086848052
2024-07-02,LBY,0.008871192955031686
2024-07-03,LBY,0.00720806401935066
2024-07-04,LBY,0.009549558434838009
2024-07-05,LBY,0.008461796785002479
2024-07-06,LBY,0.10381961171189283
2024-07-07,LBY,0.11271899755197606
2024-07-08,LBY,0.1876357596067979
2024-07-09,LBY,0.18072383560409291
2024-07-10,LBY,0.20549875958705383
2024-07-11,LBY,0.18287839482966195
2024-07-12,LBY,0.10940280971328739
2024-07-13,LBY,0.12520446280798184
2024-07-14,LBY,0.11566363009256642
2024-07-15,LBY,0.15990814515428328
2024-07-16,LBY,0.15829491420263855
2024-07-17,LBY,0.06156368789256153
2024-07-18,LBY,0.1480548688627008
2024-07-19,LBY,0.07371537594618083
2024-07-20,LBY,0.1707744043889727
2024-07-21,LBY,0.2013594285495992
2024-07-22,LBY,0.10397294027185171
2024-07-23,LBY,0.08728038016245782
2024-07-24,LBY,0.07986644888804856
2024-07-25,LBY,0.1243542692782582
2024-07-26,LBY,0.026052107438152068
2024-07-27,LBY,0.04358651037179357
2024-07-28,LBY,0.018604496301379034
2024-07-29,LBY,0.022834473848711286
2024-07-30,LBY,0.010675839573358136
2024-07-31,LBY,0.011104133986414282
2024-08-01,LBY,0.011038338968450023
2024-08-02,LBY,0.012763996696411461
2024-08-03,LBY,0.012161448644629366
2024-08-04,LBY,0.06315890634506262
2024-08-05,LBY,0.06423510257443153
2024-08-06,LBY,0.117834578424371
2024-08-07,LBY,0.09872332890496475
2024-08-08,LBY,0.11517753198952609
2024-08-09,LBY,0.2244419081026868
2024-08-10,LBY,0.18767488973115995
2024-08-11,LBY,0.13459953854022522
2024-08-12,LBY,0.18103808781892275
2024-08-13,LBY,0.05813290267293291
2024-08-14,LBY,0.060061092290219456
2024-08-15,LBY,0.0681824723263016
2024-08-16,LBY,0.006751203704759001
2024-08-17,LBY,0.005649077812685741
2024-08-18,LBY,0.11137178876257925
2024-08-19,LBY,0.039614037574846925
2024-08-20,LBY,0.006052252879509131
2024-08-21,LBY,0.0062611054608690125
2024-08-22,LBY,0.006234963606367331
2024-08-23,LBY,0.13150998573496073
2024-08-24,LBY,0.13797891886207783
2024-08-25,LBY,0.03621198698040202
2024-08-26,LBY,0.018267898780377323
2024-08-27,LBY,0.028149280307223665
2024-08-28,LBY,0.01798862849007291
2024-08-29,LBY,0.03329973736664229
2024-08-30,LBY,0.01704846867097024
2024-08-31,LBY,0.07822022362325533
2024-09-01,LBY,0.13523621428975438
2024-09-02,LBY,0.16161573571593343
2024-09-03,LBY,0.14867128651344177
2024-09-04,LBY,0.2135598035698734
2024-09-05,LBY,0.14839723523911438
2024-09-06,LBY,0.21273819743138875
2024-09-07,LBY,0.11501845873885685
2024-09-08,LBY,0.05724634447544367
2024-09-09,LBY,0.037906350632945195
2024-09-10,LBY,0.038962868737780605
2024-09-11,LBY,0.03600236952059386
2024-09-12,LBY,0.15870648902029913
2024-09-13,LBY,0.03550849695718167
2024-09-14,LBY,0.03485633982376255
2024-09-15,LBY,0.02492120033072604
2024-09-16,LBY,0.025284632136616865
2024-09-17,LBY,0.025605934659471485
2024-09-18,LBY,0.07218939816088339
2024-09-19,LBY,0.03620307481009861
2024-09-20,LBY,0.03230430861518446
2024-09-21,LBY,0.02955931178288982
2024-09-22,LBY,0.0521364469317137
2024-09-23,LBY,0.031687522829850594
2024-09-24,LBY,0.02332323200405472
2024-09-25,LBY,0.01851518327477452
2024-09-26,LBY,0.16625196399422837
2024-09-27,LBY,0.1992229121948549
2024-09-28,LBY,0.19669427562104624
2024-09-29,LBY,0.1558751206059582
2024-09-30,LBY,0.11867752972566421
2024-10-01,LBY,0.19971000075392084
2024-10-02,LBY,0.1453453125459671
2024-10-03,LBY,0.08873441293991395
2024-10-04,LBY,0.051194547886443086
2024-10-05,LBY,0.026827969781803244
2024-10-06,LBY,0.1098091906298869
2024-10-07,LBY,0.03697755751553189
2024-10-08,LBY,0.008556132601430429
2024-10-09,LBY,0.0088748924590965
2024-10-10,LBY,0.00978389528444875
2024-10-11,LBY,0.01171226561319747
2024-10-12,LBY,0.010226269427740435
2024-10-13,LBY,0.008910602079398179
2024-10-14,LBY,0.014203581896582686
2024-10-15,LBY,0.10940362433885917
2024-10-16,LBY,0.10094793459781062
2024-10-17,LBY,0.1228154142763374
2024-10-18,LBY,0.11041374575661377
2024-10-19,LBY,0.13027973897374406
2024-10-20,LBY,0.13839245543426879
2024-10-21,LBY,0.1865663830416218
2024-10-22,LBY,0.16091613621102036
2024-10-23,LBY,0.18109113469019955
2024-10-24,LBY,0.20913683917174855
2024-10-25,LBY,0.20030968664812873
2024-10-26,LBY,0.15592346374849747
2024-10-27,LBY,0.168521766317034
2024-10-28,LBY,0.21102896127801835
2024-10-29,LBY,0.07273909824722061
2024-10-30,LBY,0.08183620277143232
2024-10-31,LBY,0.07398149603989813
2024-11-01,LBY,0.058510418091729244
2024-11-02,LBY,0.08806093105551568
2024-11-03,LBY,0.09699853298047822
2024-11-04,LBY,0.16666308284291811
2024-11-05,LBY,0.08961477762444625
2024-11-06,LBY,0.13109060743918144
2024-11-07,LBY,0.0381379426039758
2024-11-08,LBY,0.12635078807318045
2024-11-09,LBY,0.07390279582127551
2024-11-10,LBY,0.06692080206340695
2024-11-11,LBY,0.026629101620875867
2024-11-12,LBY,0.020699098723418637
2024-11-13,LBY,0.030346896970140733
2024-11-14,LBY,0.03176029109052917
2024-11-15,LBY,0.11368665656358452
2024-11-16,LBY,0.024927688483688225
2024-11-17,LBY,0.01956782943040883
2024-11-18,LBY,0.036506464731469436
2024-11-19,LBY,0.06379678393898518
2024-11-20,LBY,0.07022579277162717
2024-11-21,LBY,0.17904652068919602
2024-11-22,LBY,0.19925662899659505
2024-11-23,LBY,0.1826207283485721
2024-11-24,LBY,0.18102962976274545
2024-11-25,LBY,0.190130641200422
2024-11-26,LBY,0.19447402595992158
2024-11-27,LBY,0.1844897766554079
2024-11-28,LBY,0.08460411765715621
2024-11-29,LBY,0.01937803749961278
2024-11-30,LBY,0.019749518473842535
2024-12-01,LBY,0.02256718316746609
2024-12-02,LBY,0.01788479761389221
2024-12-03,LBY,0.009250276899175442
2024-12-04,LBY,0.014745881081819115
2024-12-05,LBY,0.014539643881607235
2024-12-06,LBY,0.01740598502145049
2024-12-07,LBY,0.014593805315898793
2024-12-08,LBY,0.015513021578684656
2024-12-09,LBY,0.015979751477104242
2024-12-10,LBY,0.01875899149564895
2024-12-11,LBY,0.05689777206200209
2024-12-12,LBY,0.06294113615174415
2024-12-13,LBY,0.050570673615923205
2024-12-14,LBY,0.09582772757732602
2024-12-15,LBY,0.07025100605698494
2024-12-16,LBY,0.14896851343334586
2024-12-17,LBY,0.0901025610432969
2024-12-18,LBY,0.08429852400984988
2024-12-19,LBY,0.05739197252056945
2024-12-20,LBY,0.1317971581222796
2024-12-21,LBY,0.055419804772735046
2024-12-22,LBY,0.16155239970182717
2024-12-23,LBY,0.0597977991950102
2024-12-24,LBY,0.10053048028481022
2024-12-25,LBY,0.07483961578783371
2024-12-26,LBY,0.06589437278223394
2024-12-27,LBY,0.0698653677703646
2024-12-28,LBY,0.13546684290832828
2024-12-29,LBY,0.0726485727289301
2024-12-30,LBY,0.06635016305601082
2024-12-31,LBY,0.07186914592384167
2025-01-01,LBY,0.07044060971969981
2025-01-02,LBY,0.16195097197309638
2025-01-03,LBY,0.049105490998705065
2025-01-04,LBY,0.06959645548701499
2025-01-05,LBY,0.20676439111221906
2025-01-06,LBY,0.21001302875190736
2025-01-07,LBY,0.1803671379245546
2025-01-08,LBY,0.14145946769487566
2025-01-09,LBY,0.17866691911791271
2025-01-10,LBY,0.14766570789492536
2025-01-11,LBY,0.21398417711494833
2025-01-12,LBY,0.17878378552298763
2025-01-13,LBY,0.13265702099655752
2025-01-14,LBY,0.16895824615797791
2025-01-15,LBY,0.12101934672968033
2025-01-16,LBY,0.09220423000524339
2025-01-17,LBY,0.17402533959060607
2025-01-18,LBY,0.0061410697034059315
2025-01-19,LBY,0.0065049092961937775
2025-01-20,LBY,0.006299713950136546
2025-01-21,LBY,0.006988951222975893
2025-01-22,LBY,0.04740595945623019
2025-01-23,LBY,0.006110097194013213
2025-01-24,LBY,0.006212072543247967
2025-01-25,LBY,0.03943063225318447
2025-01-26,LBY,0.07905231161372919
2025-01-27,LBY,0.03911806009503172
2025-01-28,LBY,0.05892097732546626
2025-01-29,LBY,0.011026537662330319
2025-01-30,LBY,0.13304676647203698
2025-01-31,LBY,0.0394852023510866
2025-02-01,LBY,0.01939845634127808
2025-02-02,LBY,0.009577273228811356
2025-02-03,LBY,0.010388843780030252
2025-02-04,LBY,0.014114008512982636
2025-02-05,LBY,0.09253950478806297
2025-02-06,LBY,0.11749757668505387
2025-02-07,LBY,0.02844996971027115
2025-02-08,LBY,0.03623375242131452
2025-02-09,LBY,0.18487054317807583
2025-02-10,LBY,0.056034926458071545
2025-02-11,LBY,0.03923991847114208
2025-02-12,LBY,0.22676393123946145
2025-02-13,LBY,0.18832493773092618
2025-02-14,LBY,0.18265045072166292
2025-02-15,LBY,0.15970631337518962
2025-02-16,LBY,0.050638140354265726
2025-02-17,LBY,0.09905342243467596
2025-02-18,LBY,0.06147174664895902
2025-02-19,LBY,0.0045068208209885895
2025-02-20,LBY,0.0046236816852864545
2025-02-21,LBY,0.004718650563209069
2025-02-22,LBY,0.00494219848389255
2025-02-23,LBY,0.004764797536149259
2025-02-24,LBY,0.004593191783726547
2025-02-25,LBY,0.0047095023968175284
2025-02-26,LBY,0.08582122691643045
2025-02-27,LBY,0.1883954148605056
2025-02-28,LBY,0.09432775215038011
2025-03-01,LBY,0.10121652114643391
2025-03-02,LBY,0.03857721610316043
2025-03-03,LBY,0.0912349892766019
2025-03-04,LBY,0.047784686145735465
2025-03-05,LBY,0.12017094304257686
2025-03-06,LBY,0.1825107876408211
2025-03-07,LBY,0.05938972688470394
2025-03-08,LBY,0.2024688296544944
2025-03-09,LBY,0.05467790581496929
2025-03-10,LBY,0.13211772194393312
2025-03-11,LBY,0.0489949610208357
2025-03-12,LBY,0.05754682758414959
2025-03-13,LBY,0.21003608750786024
2025-03-14,LBY,0.1703816901208716
2025-03-15,LBY,0.027740821608667435
2025-03-16,LBY,0.05790302030659411
2025-03-17,LBY,0.029378785211421815
2025-03-18,LBY,0.06898069071106211
2025-03-19,LBY,0.07044700296911421
2025-03-20,LBY,0.03927363339908245
2025-03-21,LBY,0.012123315628414991
2025-03-22,LBY,0.12210134415719781
2025-03-23,LBY,0.14167897418280137
2025-03-24,LBY,0.04189964648711966
2025-03-25,LBY,0.10275686739385646
2025-03-26,LBY,0.06693160682448933
2025-03-27,LBY,0.17589414690176344
2025-03-28,LBY,0.09764991425032178
2024-07-01,EGY,0.1372712705152407
2024-07-02,EGY,0.10222260324721771
2024-07-03,EGY,0.08018744045543828
2024-07-04,EGY,0.06808961180365167
2024-07-05,EGY,0.06916238151631834
2024-07-06,EGY,0.06085077321696995
2024-07-07,EGY,0.046246688116819826
2024-07-08,EGY,0.02015669513789203
2024-07-09,EGY,0.02209847972344629
2024-07-10,EGY,0.02096632090940659
2024-07-11,EGY,0.021046726756925337
2024-07-12,EGY,0.021033278803374265
2024-07-13,EGY,0.020555198956386137
2024-07-14,EGY,0.02100117512472368
2024-07-15,EGY,0.053479989134216116
2024-07-16,EGY,0.08052678728087834
2024-07-17,EGY,0.07544234397416524
2024-07-18,EGY,0.046390851254324766
2024-07-19,EGY,0.0526588532277922
2024-07-20,EGY,0.06993455413667
2024-07-21,EGY,0.07518479240557518
2024-07-22,EGY,0.19001631146461276
2024-07-23,EGY,0.035580911174236354
2024-07-24,EGY,0.031867193580598585
2024-07-25,EGY,0.0332029024528876
2024-07-26,EGY,0.027100988080011566
2024-07-27,EGY,0.03384534937719002
2024-07-28,EGY,0.031314012238380325
2024-07-29,EGY,0.0322072206602635
2024-07-30,EGY,0.0310540596600251
2024-07-31,EGY,0.03407058646912037
2024-08-01,EGY,0.030298205570044798
2024-08-02,EGY,0.03201362635952301
2024-08-03,EGY,0.023677793848139575
2024-08-04,EGY,0.03199168349077601
2024-08-05,EGY,0.10221949124800916
2024-08-06,EGY,0.0994372085613381
2024-08-07,EGY,0.06676993746190502
2024-08-08,EGY,0.09852889217640534
2024-08-09,EGY,0.0807719711899594
2024-08-10,EGY,0.08650074583436779
2024-08-11,EGY,0.08609375603049638
2024-08-12,EGY,0.2068850751299678
2024-08-13,EGY,0.09911689095858559
2024-08-14,EGY,0.08003946192189688
2024-08-15,EGY,0.09145681866189495
2024-08-16,EGY,0.09287059068996767
2024-08-17,EGY,0.07066657970658966
2024-08-18,EGY,0.08414953866405873
2024-08-19,EGY,0.019078686977123352
2024-08-20,EGY,0.01924868703083696
2024-08-21,EGY,0.02118219157034764
2024-08-22,EGY,0.015824353575521657
2024-08-23,EGY,0.016873180029585984
2024-08-24,EGY,0.026411965483086955
2024-08-25,EGY,0.022282658555220578
2024-08-26,EGY,0.07539057208821291
2024-08-27,EGY,0.10243610616542442
2024-08-28,EGY,0.07651233538515073
2024-08-29,EGY,0.07176178519030166
2024-08-30,EGY,0.08669565602831224
2024-08-31,EGY,0.07790481877158223
2024-09-01,EGY,0.0795811267898821
2024-09-02,EGY,0.08797533981557511
2024-09-03,EGY,0.09008252081985936
2024-09-04,EGY,0.06538794339465774
2024-09-05,EGY,0.16731151336700179
2024-09-06,EGY,0.10496297685558938
2024-09-07,EGY,0.06057932437341019
2024-09-08,EGY,0.06946205963776773
2024-09-09,EGY,0.07492780966044958
2024-09-10,EGY,0.06822002583289122
2024-09-11,EGY,0.0558096968121421
2024-09-12,EGY,0.02731242468085079
2024-09-13,EGY,0.02725178697594417
2024-09-14,EGY,0.03180135509952252
2024-09-15,EGY,0.03086116258428569
2024-09-16,EGY,0.03210101504474598
2024-09-17,EGY,0.02303351488537169
2024-09-18,EGY,0.020111688806906954
2024-09-19,EGY,0.07040328483688897
2024-09-20,EGY,0.069313932699809
2024-09-21,EGY,0.07155114436366564
2024-09-22,EGY,0.06564705571129933
2024-09-23,EGY,0.0642491328529873
2024-09-24,EGY,0.06651825055534802
2024-09-25,EGY,0.12008992040560203
2024-09-26,EGY,0.07232593724927507
2024-09-27,EGY,0.06932601012675323
2024-09-28,EGY,0.0689642456725592
2024-09-29,EGY,0.07772421289054747
2024-09-30,EGY,0.07776075732569505
2024-10-01,EGY,0.07741360297436987
2024-10-02,EGY,0.027519085954352988
2024-10-03,EGY,0.027664764610133882
2024-10-04,EGY,0.023977748356683915
2024-10-05,EGY,0.026883004417335005
2024-10-06,EGY,0.02281041295238368
2024-10-07,EGY,0.023573696772345467
2024-10-08,EGY,0.13722584417400677
2024-10-09,EGY,0.02904059855267183
2024-10-10,EGY,0.09103972484551813
2024-10-11,EGY,0.0900234014438601
2024-10-12,EGY,0.0857666018845808
2024-10-13,EGY,0.0878811874507913
2024-10-14,EGY,0.09604944488225804
2024-10-15,EGY,0.023404714067578984
2024-10-16,EGY,0.020643571629352375
2024-10-17,EGY,0.021438822430705873
2024-10-18,EGY,0.02113843280744277
2024-10-19,EGY,0.02537907846230224
2024-10-20,EGY,0.02147492427268431
2024-10-21,EGY,0.021967085317743305
2024-10-22,EGY,0.09559860803375803
2024-10-23,EGY,0.09871844917333304
2024-10-24,EGY,0.09428928222364559
2024-10-25,EGY,0.13017071931452195
2024-10-26,EGY,0.0988648816759544
2024-10-27,EGY,0.12365935538721703
2024-10-28,EGY,0.0984354110646642
2024-10-29,EGY,0.10213283735609922
2024-10-30,EGY,0.11104191847049527
2024-10-31,EGY,0.11283560476144452
2024-11-01,EGY,0.08576414585900244
2024-11-02,EGY,0.08242972371375198
2024-11-03,EGY,0.08895038226208596
2024-11-04,EGY,0.08597204285129857
2024-11-05,EGY,0.08809739709224142
2024-11-06,EGY,0.08122598099122794
2024-11-07,EGY,0.053972985013421425
2024-11-08,EGY,0.07530172431958011
2024-11-09,EGY,0.06160782959547516
2024-11-10,EGY,0.07206239458312079
2024-11-11,EGY,0.0627604817414677
2024-11-12,EGY,0.043921448382393126
2024-11-13,EGY,0.04788309197214453
2024-11-14,EGY,0.04992591379079041
2024-11-15,EGY,0.04493733863171162
2024-11-16,EGY,0.028040843333349913
2024-11-17,EGY,0.03482382196508004
2024-11-18,EGY,0.02986399158374707
2024-11-19,EGY,0.03411678877941752
2024-11-20,EGY,0.04038332417318655
2024-11-21,EGY,0.033500048176887766
2024-11-22,EGY,0.03398417977682734
2024-11-23,EGY,0.04761173742928763
2024-11-24,EGY,0.053948121538761266
2024-11-25,EGY,0.04534665617494017
2024-11-26,EGY,0.045015066178233115
2024-11-27,EGY,0.0468899650666729
2024-11-28,EGY,0.05397022218496521
2024-11-29,EGY,0.0473441167682378
2024-11-30,EGY,0.046302114409884146
2024-12-01,EGY,0.04512542733779233
2024-12-02,EGY,0.04483756304080232
2024-12-03,EGY,0.04285775903454105
2024-12-04,EGY,0.05635276742413676
2024-12-05,EGY,0.0512407408116639
2024-12-06,EGY,0.05874228299806748
2024-12-07,EGY,0.03713679270390185
2024-12-08,EGY,0.04688861674208519
2024-12-09,EGY,0.03764282966701996
2024-12-10,EGY,0.050702102239779404
2024-12-11,EGY,0.2036337112528341
2024-12-12,EGY,0.08505194344722884
2024-12-13,EGY,0.045297240816276056
2024-12-14,EGY,0.04798377166255486
2024-12-15,EGY,0.05796646478812548
2024-12-16,EGY,0.05796646478812548
2024-12-17,EGY,0.06412690120011315
2024-12-18,EGY,0.012847391602908405
2024-12-19,EGY,0.013014209490122284
2024-12-20,EGY,0.013629180428234517
2024-12-21,EGY,0.09554391019032869
2024-12-22,EGY,0.033496513606356644
2024-12-23,EGY,0.019866708620521912
2024-12-24,EGY,0.01888370998443586
2024-12-25,EGY,0.06796489318607626
2024-12-26,EGY,0.048171198304023215
2024-12-27,EGY,0.05965849713208444
2024-12-28,EGY,0.014005839788188293
2024-12-29,EGY,0.007754788985933051
2024-12-30,EGY,0.007720633684066671
2024-12-31,EGY,0.03691924507917493
2025-01-01,EGY,0.008597291880257393
2025-01-02,EGY,0.008334947705963764
2025-01-03,EGY,0.008520342978628376
2025-01-04,EGY,0.01484265489766439
2025-01-05,EGY,0.0703411755094016
2025-01-06,EGY,0.08105016877332605
2025-01-07,EGY,0.013279133699896244
2025-01-08,EGY,0.015521866734474359
2025-01-09,EGY,0.015272210941315796
2025-01-10,EGY,0.016032957850989363
2025-01-11,EGY,0.010403405447517165
2025-01-12,EGY,0.012939822775999258
2025-01-13,EGY,0.013035569698007796
2025-01-14,EGY,0.057097955252730134
2025-01-15,EGY,0.07071665173932211
2025-01-16,EGY,0.05277657508099543
2025-01-17,EGY,0.048688531710418925
2025-01-18,EGY,0.054257777539514496
2025-01-19,EGY,0.10018787591353938
2025-01-20,EGY,0.06188131415071231
2025-01-21,EGY,0.07469068529920783
2025-01-22,EGY,0.06680934561807807
2025-01-23,EGY,0.078675753313093
2025-01-24,EGY,0.07536537426666681
2025-01-25,EGY,0.0702635237251673
2025-01-26,EGY,0.05619494061576822
2025-01-27,EGY,0.08857539400756491
2025-01-28,EGY,0.054944640565999986
2025-01-29,EGY,0.06197355676102719
2025-01-30,EGY,0.05296793505995887
2025-01-31,EGY,0.06334480008729515
2025-02-01,EGY,0.08941210282127854
2025-02-02,EGY,0.09363551888403307
2025-02-03,EGY,0.0967890448632449
2025-02-04,EGY,0.10216725678674639
2025-02-05,EGY,0.11924252039682566
2025-02-06,EGY,0.10235385221895589
2025-02-07,EGY,0.09003875931788635
2025-02-08,EGY,0.054519919808451306
2025-02-09,EGY,0.05946192873509225
2025-02-10,EGY,0.057906558837389974
2025-02-11,EGY,0.0460300900816243
2025-02-12,EGY,0.06153771185962299
2025-02-13,EGY,0.05417971099924654
2025-02-14,EGY,0.06633737679938279
2025-02-15,EGY,0.215643124380911
2025-02-16,EGY,0.107131555044035
2025-02-17,EGY,0.19214338365348188
2025-02-18,EGY,0.2117148903221301
2025-02-19,EGY,0.13594634955080645
2025-02-20,EGY,0.047596091266423717
2025-02-21,EGY,0.09991652484065834
2025-02-22,EGY,0.005156077827576107
2025-02-23,EGY,0.005304037094325381
2025-02-24,EGY,0.005451896993009952
2025-02-25,EGY,0.006103511347390027
2025-02-26,EGY,0.005169651637669304
2025-02-27,EGY,0.005409682787892927
2025-02-28,EGY,0.005395349704444536
2025-03-01,EGY,0.04633041678605064
2025-03-02,EGY,0.15462862697024132
2025-03-03,EGY,0.063802310097912
2025-03-04,EGY,0.07554120057645425
2025-03-05,EGY,0.09351847880049934
2025-03-06,EGY,0.08317982012393861
2025-03-07,EGY,0.1944371189061372
2025-03-08,EGY,0.00595288204185639
2025-03-09,EGY,0.005920194363691765
2025-03-10,EGY,0.015381810132154622
2025-03-11,EGY,0.03750576264930294
2025-03-12,EGY,0.007297133994865957
2025-03-13,EGY,0.013879209289399995
2025-03-14,EGY,0.007383402181865178
2025-03-15,EGY,0.17838985459726403
2025-03-16,EGY,0.15366285756373144
2025-03-17,EGY,0.07765158032471522
2025-03-18,EGY,0.07999557373608246
2025-03-19,EGY,0.07622518485090483
2025-03-20,EGY,0.07495570746433619
2025-03-21,EGY,0.06374716774626216
2025-03-22,EGY,0.08634210085648177
2025-03-23,EGY,0.17995715231156864
2025-03-24,EGY,0.08051377614342523
2025-03-25,EGY,0.07523357726095693
2025-03-26,EGY,0.09331290815620585
2025-03-27,EGY,0.10024499344105177
2025-03-28,EGY,0.09391667167769693
2024-07-01,DZA,0.014175046483463375
2024-07-02,DZA,0.012245420056330789
2024-07-03,DZA,0.012605474225012183
2024-07-04,DZA,0.007395479665650864
2024-07-05,DZA,0.009271325390924673
2024-07-06,DZA,0.008026031936176858
2024-07-07,DZA,0.01110416009636549
2024-07-08,DZA,0.05387656593445404
2024-07-09,DZA,0.05185427448039882
2024-07-10,DZA,0.054193690283879443
2024-07-11,DZA,0.04433172832042962
2024-07-12,DZA,0.03896229204442946
2024-07-13,DZA,0.03714723386824976
2024-07-14,DZA,0.005636625610367594
2024-07-15,DZA,0.005526321796607173
2024-07-16,DZA,0.006104675371158461
2024-07-17,DZA,0.0052462806496210755
2024-07-18,DZA,0.005101904873763546
2024-07-19,DZA,0.005396835385987771
2024-07-20,DZA,0.0056245473555365175
2024-07-21,DZA,0.06731037176891887
2024-07-22,DZA,0.06289845156114653
2024-07-23,DZA,0.07051478559131362
2024-07-24,DZA,0.07194592598399363
2024-07-25,DZA,0.06968983080997042
2024-07-26,DZA,0.05420719305364429
2024-07-27,DZA,0.21365592507594436
2024-07-28,DZA,0.14251150712170937
2024-07-29,DZA,0.09440876234294378
2024-07-30,DZA,0.11089354799115789
2024-07-31,DZA,0.06169158099983038
2024-08-01,DZA,0.04510917077434369
2024-08-02,DZA,0.04380338754226412
2024-08-03,DZA,0.004828622843998841
2024-08-04,DZA,0.0048082140182330564
2024-08-05,DZA,0.0050130749077019355
2024-08-06,DZA,0.005174174365645745
2024-08-07,DZA,0.005193892869181165
2024-08-08,DZA,0.005451678150133171
2024-08-09,DZA,0.005660538866128496
2024-08-10,DZA,0.08113666549121223
2024-08-11,DZA,0.10913955168931545
2024-08-12,DZA,0.059370807627872536
2024-08-13,DZA,0.03407139344901454
2024-08-14,DZA,0.03998511427505709
2024-08-15,DZA,0.042810127432090436
2024-08-16,DZA,0.03474436831688617
2024-08-17,DZA,0.05221710090063957
2024-08-18,DZA,0.1772011287640499
2024-08-19,DZA,0.08876985861274127
2024-08-20,DZA,0.04949808001018456
2024-08-21,DZA,0.053993334089877616
2024-08-22,DZA,0.059641690744791066
2024-08-23,DZA,0.06683147235262438
2024-08-24,DZA,0.04833597974944488
2024-08-25,DZA,0.014787531004198565
2024-08-26,DZA,0.015336925051078965
2024-08-27,DZA,0.015007574754054823
2024-08-28,DZA,0.016785476807198878
2024-08-29,DZA,0.013693391344439643
2024-08-30,DZA,0.013758871443200468
2024-08-31,DZA,0.016401596652915122
2024-09-01,DZA,0.11068358084444532
2024-09-02,DZA,0.07419233727319452
2024-09-03,DZA,0.0636171429532603
2024-09-04,DZA,0.04383257177559691
2024-09-05,DZA,0.05886706463995519
2024-09-06,DZA,0.04372108087327795
2024-09-07,DZA,0.05409064186890091
2024-09-08,DZA,0.05142269768335014
2024-09-09,DZA,0.05453876011344487
2024-09-10,DZA,0.0468046895361182
2024-09-11,DZA,0.05652048076211963
2024-09-12,DZA,0.07675348595265254
2024-09-13,DZA,0.05716753112200239
2024-09-14,DZA,0.0853656535405312
2024-09-15,DZA,0.22494395725123467
2024-09-16,DZA,0.08852843728591099
2024-09-17,DZA,0.05132436269685305
2024-09-18,DZA,0.05002943768045076
2024-09-19,DZA,0.22530154960397594
2024-09-20,DZA,0.07897578868400147
2024-09-21,DZA,0.06805767680907586
2024-09-22,DZA,0.0062970404537015905
2024-09-23,DZA,0.006310781826742054
2024-09-24,DZA,0.006101325161702151
2024-09-25,DZA,0.00614922642598881
2024-09-26,DZA,0.005833820394283385
2024-09-27,DZA,0.005771865672877645
2024-09-28,DZA,0.005831867837306292
2024-09-29,DZA,0.00728712981891595
2024-09-30,DZA,0.007394042132026021
2024-10-01,DZA,0.007122284483751709
2024-10-02,DZA,0.006632063967883535
2024-10-03,DZA,0.05603712142034917
2024-10-04,DZA,0.056777993652259384
2024-10-05,DZA,0.05233032817063365
2024-10-06,DZA,0.0800238735575681
2024-10-07,DZA,0.08039271396437135
2024-10-08,DZA,0.05208390798826991
2024-10-09,DZA,0.06906510876381848
2024-10-10,DZA,0.10574849817609026
2024-10-11,DZA,0.22028389800758402
2024-10-12,DZA,0.11090984437615853
2024-10-13,DZA,0.11688796993854375
2024-10-14,DZA,0.09267788206499566
2024-10-15,DZA,0.10592378480881376
2024-10-16,DZA,0.1018308753171438
2024-10-17,DZA,0.09839529790629528
2024-10-18,DZA,0.014684480840389612
2024-10-19,DZA,0.013822652190892803
2024-10-20,DZA,0.012472276468280504
2024-10-21,DZA,0.013354253825572768
2024-10-22,DZA,0.008701128519936943
2024-10-23,DZA,0.008554623479513516
2024-10-24,DZA,0.008699802029564753
2024-10-25,DZA,0.10578662907627107
2024-10-26,DZA,0.04786365553632917
2024-10-27,DZA,0.06098970013103977
2024-10-28,DZA,0.046226662978814954
2024-10-29,DZA,0.05361215769620563
2024-10-30,DZA,0.04741387427602177
2024-10-31,DZA,0.06915098767265256
2024-11-01,DZA,0.14912495278464574
2024-11-02,DZA,0.15239235281547922
2024-11-03,DZA,0.07144821877833812
2024-11-04,DZA,0.055365362639002866
2024-11-05,DZA,0.047065700972706515
2024-11-06,DZA,0.041232174788819624
2024-11-07,DZA,0.03546772426395719
2024-11-08,DZA,0.04829364485582358
2024-11-09,DZA,0.06558303956260868
2024-11-10,DZA,0.07056280024658838
2024-11-11,DZA,0.05868419594610918
2024-11-12,DZA,0.032725992494214325
2024-11-13,DZA,0.031177145596915503
2024-11-14,DZA,0.044133301438493304
2024-11-15,DZA,0.04060215203928161
2024-11-16,DZA,0.03636225128770411
2024-11-17,DZA,0.041368778139832356
2024-11-18,DZA,0.041368778139832356
2024-11-19,DZA,0.032735415441579346
2024-11-20,DZA,0.04722656624731879
2024-11-21,DZA,0.13255071582868813
2024-11-22,DZA,0.03551192770768393
2024-11-23,DZA,0.03757084466266032
2024-11-24,DZA,0.035657554014435565
2024-11-25,DZA,0.04475495771339542
2024-11-26,DZA,0.05295504228533717
2024-11-27,DZA,0.04948942007865384
2024-11-28,DZA,0.004592776911892808
2024-11-29,DZA,0.004551270433481919
2024-11-30,DZA,0.004547529949671136
2024-12-01,DZA,0.0044914598757624935
2024-12-02,DZA,0.004542689797396871
2024-12-03,DZA,0.0045651226654849905
2024-12-04,DZA,0.004671174153637698
2024-12-05,DZA,0.040246541133790475
2024-12-06,DZA,0.034073227799507624
2024-12-07,DZA,0.03713993767305075
2024-12-08,DZA,0.04219205697451028
2024-12-09,DZA,0.03520773140748925
2024-12-10,DZA,0.03578094533600749
2024-12-11,DZA,0.026663816969609868
2024-12-12,DZA,0.040616168233317027
2024-12-13,DZA,0.1926429241837412
2024-12-14,DZA,0.04772250705149681
2024-12-15,DZA,0.07941924375236001
2024-12-16,DZA,0.09480088641803244
2024-12-17,DZA,0.06050594193957085
2024-12-18,DZA,0.05112032250093946
2024-12-19,DZA,0.04795622990826843
2024-12-20,DZA,0.027828676933131305
2024-12-21,DZA,0.04171093216760191
2024-12-22,DZA,0.03844867812208194
2024-12-23,DZA,0.04625621120426583
2024-12-24,DZA,0.04202669407816006
2024-12-25,DZA,0.050350353191847
2024-12-26,DZA,0.04789320672243827
2024-12-27,DZA,0.09172155519593037
2024-12-28,DZA,0.04667402302562889
2024-12-29,DZA,0.062363100167334144
2024-12-30,DZA,0.07156182402491451
2024-12-31,DZA,0.04587927073690196
2025-01-01,DZA,0.06199314320860826
2025-01-02,DZA,0.07107133126416416
2025-01-03,DZA,0.11936077267157419
2025-01-04,DZA,0.09941681654692554
2025-01-05,DZA,0.06889757061190727
2025-01-06,DZA,0.060496930954065824
2025-01-07,DZA,0.051792621840693234
2025-01-08,DZA,0.05572965552009551
2025-01-09,DZA,0.04200624821218345
2025-01-10,DZA,0.05397882674565345
2025-01-11,DZA,0.034048210410841814
2025-01-12,DZA,0.03935406167515346
2025-01-13,DZA,0.037305325157584446
2025-01-14,DZA,0.20475677464867145
2025-01-15,DZA,0.03605653046539013
2025-01-16,DZA,0.0409371971057652
2025-01-17,DZA,0.04581130105859749
2025-01-18,DZA,0.03160078446063555
2025-01-19,DZA,0.036137211912229725
2025-01-20,DZA,0.02465702154263796
2025-01-21,DZA,0.01611637735364716
2025-01-22,DZA,0.014061730649178735
2025-01-23,DZA,0.015433990098513194
2025-01-24,DZA,0.013710826106612811
2025-01-25,DZA,0.016357935476057305
2025-01-26,DZA,0.01430714106996596
2025-01-27,DZA,0.015554181209628712
2025-01-28,DZA,0.03943869630745063
2025-01-29,DZA,0.040317917688202316
2025-01-30,DZA,0.045141436141561554
2025-01-31,DZA,0.03617538360245176
2025-02-01,DZA,0.06405364817017034
2025-02-02,DZA,0.07604639392474206
2025-02-03,DZA,0.07484699853247924
2025-02-04,DZA,0.21190716278824617
2025-02-05,DZA,0.07445142424115052
2025-02-06,DZA,0.05749411930291298
2025-02-07,DZA,0.11845936841225035
2025-02-08,DZA,0.07464352293460343
2025-02-09,DZA,0.07652474458013402
2025-02-10,DZA,0.06562902968348802
2025-02-11,DZA,0.025203527377310235
2025-02-12,DZA,0.0325799745077593
2025-02-13,DZA,0.03720225592623261
2025-02-14,DZA,0.03674782347070386
2025-02-15,DZA,0.12421484631017883
2025-02-16,DZA,0.034154954457019396
2025-02-17,DZA,0.02535668282518013
2025-02-18,DZA,0.0634267093860576
2025-02-19,DZA,0.062355936833375133
2025-02-20,DZA,0.17636203989302088
2025-02-21,DZA,0.15795584139437932
2025-02-22,DZA,0.14589364445498276
2025-02-23,DZA,0.2211746318490524
2025-02-24,DZA,0.07377004805092133
2025-02-25,DZA,0.048060120777490084
2025-02-26,DZA,0.1793139695603757
2025-02-27,DZA,0.11122963697393179
2025-02-28,DZA,0.008381593785984354
2025-03-01,DZA,0.008491441301006977
2025-03-02,DZA,0.009124759711406387
2025-03-03,DZA,0.009299868664579554
2025-03-04,DZA,0.008474171582502028
2025-03-05,DZA,0.006789283820142273
2025-03-06,DZA,0.009954175845058012
2025-03-07,DZA,0.008049083258790233
2025-03-08,DZA,0.009085244486027532
2025-03-09,DZA,0.009883226993182696
2025-03-10,DZA,0.00809953531123983
2025-03-11,DZA,0.00996173463895901
2025-03-12,DZA,0.09497700891789498
2025-03-13,DZA,0.08811484892334998
2025-03-14,DZA,0.08119495520939835
2025-03-15,DZA,0.08056105902383931
2025-03-16,DZA,0.08845940322755168
2025-03-17,DZA,0.09753294791267979
2025-03-18,DZA,0.08797671317492696
2025-03-19,DZA,0.08387159294380625
2025-03-20,DZA,0.07960596361616477
2025-03-21,DZA,0.1914938179862559
2025-03-22,DZA,0.08450060886055487
2025-03-23,DZA,0.0804948859442241
2025-03-24,DZA,0.07512464331434922
2025-03-25,DZA,0.06589880001435866
2025-03-26,DZA,0.08863846153912609
2025-03-27,DZA,0.08776417145030863
2025-03-28,DZA,0.007988976022763578
2024-07-01,TUN,0.03196248188137514
2024-07-02,TUN,0.026339078902502738
2024-07-03,TUN,0.007475739345567265
2024-07-04,TUN,0.006892207046656029
2024-07-05,TUN,0.007549197866107225
2024-07-06,TUN,0.006497309418913396
2024-07-07,TUN,0.008367750096711797
2024-07-08,TUN,0.007927126929233166
2024-07-09,TUN,0.007126115265445073
2024-07-10,TUN,0.04036633459526497
2024-07-11,TUN,0.04295588656751482
2024-07-12,TUN,0.03787224325372837
2024-07-13,TUN,0.05271614561564577
2024-07-14,TUN,0.0629037404857077
2024-07-15,TUN,0.06703205390616393
2024-07-16,TUN,0.04208832129544346
2024-07-17,TUN,0.03248437827172308
2024-07-18,TUN,0.027875663057211474
2024-07-19,TUN,0.03546680589685082
2024-07-20,TUN,0.053835695434859616
2024-07-21,TUN,0.0715219559021602
2024-07-22,TUN,0.06974302982214173
2024-07-23,TUN,0.21754176314486057
2024-07-24,TUN,0.06533434323927433
2024-07-25,TUN,0.06760447201413268
2024-07-26,TUN,0.04973516124360602
2024-07-27,TUN,0.05108675582604575
2024-07-28,TUN,0.0615328852960024
2024-07-29,TUN,0.06461327321010336
2024-07-30,TUN,0.0341307736574562
2024-07-31,TUN,0.03284787333221515
2024-08-01,TUN,0.02961299653802767
2024-08-02,TUN,0.02219121025731221
2024-08-03,TUN,0.01918840308329431
2024-08-04,TUN,0.2014463780495025
2024-08-05,TUN,0.026475149109713308
2024-08-06,TUN,0.06561526729867778
2024-08-07,TUN,0.03177750351742344
2024-08-08,TUN,0.043199187462120786
2024-08-09,TUN,0.029757947191463005
2024-08-10,TUN,0.04631426826031349
2024-08-11,TUN,0.00791632616879948
2024-08-12,TUN,0.007609886383310164
2024-08-13,TUN,0.0080840097540401
2024-08-14,TUN,0.007574581539822223
2024-08-15,TUN,0.007650518642079237
2024-08-16,TUN,0.00846679645426366
2024-08-17,TUN,0.007083453903408542
2024-08-18,TUN,0.0676562618020986
2024-08-19,TUN,0.061675422386665214
2024-08-20,TUN,0.05632575165963903
2024-08-21,TUN,0.05484889682060761
2024-08-22,TUN,0.0600211271179617
2024-08-23,TUN,0.05306946001340248
2024-08-24,TUN,0.07743479402761538
2024-08-25,TUN,0.10543119782589275
2024-08-26,TUN,0.06926387990006169
2024-08-27,TUN,0.06226228052376549
2024-08-28,TUN,0.07170451921849552
2024-08-29,TUN,0.04966532308004414
2024-08-30,TUN,0.05466745314961131
2024-08-31,TUN,0.06158935752061488
2024-09-01,TUN,0.0603353953299646
2024-09-02,TUN,0.08037392928209179
2024-09-03,TUN,0.06252110733989646
2024-09-04,TUN,0.04367916925225589
2024-09-05,TUN,0.06286492432041582
2024-09-06,TUN,0.061701170209114704
2024-09-07,TUN,0.12476613700528855
2024-09-08,TUN,0.06281474478787444
2024-09-09,TUN,0.05569231264328823
2024-09-10,TUN,0.03162285364862155
2024-09-11,TUN,0.0454871304018303
2024-09-12,TUN,0.04621243962628713
2024-09-13,TUN,0.03410191275381078
2024-09-14,TUN,0.062415507591343775
2024-09-15,TUN,0.06328362283701192
2024-09-16,TUN,0.061469254047674844
2024-09-17,TUN,0.04149574007050578
2024-09-18,TUN,0.03841445983513475
2024-09-19,TUN,0.04017581780235138
2024-09-20,TUN,0.041896543989613094
2024-09-21,TUN,0.06462524842732419
2024-09-22,TUN,0.0777067072026526
2024-09-23,TUN,0.07421327205524998
2024-09-24,TUN,0.04795039509399759
2024-09-25,TUN,0.05893085894621145
2024-09-26,TUN,0.05654725621471998
2024-09-27,TUN,0.06096674073191027
2024-09-28,TUN,0.06509619999644872
2024-09-29,TUN,0.05554537122576109
2024-09-30,TUN,0.04942522022785888
2024-10-01,TUN,0.07169282607606828
2024-10-02,TUN,0.03262924436620617
2024-10-03,TUN,0.052028298776283524
2024-10-04,TUN,0.03869602191611362
2024-10-05,TUN,0.02927876239099857
2024-10-06,TUN,0.035345730908873156
2024-10-07,TUN,0.03537447010300936
2024-10-08,TUN,0.02093112407722392
2024-10-09,TUN,0.023596519693811185
2024-10-10,TUN,0.031741295424017546
2024-10-11,TUN,0.03627140031745538
2024-10-12,TUN,0.022646997650728903
2024-10-13,TUN,0.02972744995982213
2024-10-14,TUN,0.03894770834341833
2024-10-15,TUN,0.13770576565574083
2024-10-16,TUN,0.03620566580655132
2024-10-17,TUN,0.0370968076845747
2024-10-18,TUN,0.03145161947834222
2024-10-19,TUN,0.03487699291535742
2024-10-20,TUN,0.046447108341122555
2024-10-21,TUN,0.039763782559369645
2024-10-22,TUN,0.02237018792392661
2024-10-23,TUN,0.0240639244422942
2024-10-24,TUN,0.022712881527718085
2024-10-25,TUN,0.023211321198272947
2024-10-26,TUN,0.021097344071412706
2024-10-27,TUN,0.02986238842736681
2024-10-28,TUN,0.027067075332724268
2024-10-29,TUN,0.04866352970880233
2024-10-30,TUN,0.05700936780721297
2024-10-31,TUN,0.059998591947040394
2024-11-01,TUN,0.045864817924541196
2024-11-02,TUN,0.058347581214268356
2024-11-03,TUN,0.05389665327900397
2024-11-04,TUN,0.06239774982671113
2024-11-05,TUN,0.06163134058157195
2024-11-06,TUN,0.059959078404100405
2024-11-07,TUN,0.05945102196322998
2024-11-08,TUN,0.06188170187237224
2024-11-09,TUN,0.0970867726121853
2024-11-10,TUN,0.09356608569725128
2024-11-11,TUN,0.08183874469122206
2024-11-12,TUN,0.07345547180188011
2024-11-13,TUN,0.05857504736563992
2024-11-14,TUN,0.07217099051815162
2024-11-15,TUN,0.04752003576748879
2024-11-16,TUN,0.04460767720355986
2024-11-17,TUN,0.06143514960038122
2024-11-18,TUN,0.05088125819479712
2024-11-19,TUN,0.05038380335867112
2024-11-20,TUN,0.049829628570383436
2024-11-21,TUN,0.029735810738401876
2024-11-22,TUN,0.028735268011426528
2024-11-23,TUN,0.038491184313885325
2024-11-24,TUN,0.14912326469581594
2024-11-25,TUN,0.051307840575994315
2024-11-26,TUN,0.046611433429526145
2024-11-27,TUN,0.04412567303103823
2024-11-28,TUN,0.04845041256375969
2024-11-29,TUN,0.04897391002876319
2024-11-30,TUN,0.050565484338454605
2024-12-01,TUN,0.05508727923763366
2024-12-02,TUN,0.059402916110859044
2024-12-03,TUN,0.03998167729303479
2024-12-04,TUN,0.049443672053840475
2024-12-05,TUN,0.055676165393208916
2024-12-06,TUN,0.06451327008762898
2024-12-07,TUN,0.137615056650225
2024-12-08,TUN,0.09679112732363586
2024-12-09,TUN,0.047705085460908216
2024-12-10,TUN,0.042631939869774906
2024-12-11,TUN,0.05257787371562814
2024-12-12,TUN,0.039847219748880155
2024-12-13,TUN,0.0513974293289534
2024-12-14,TUN,0.05551459496740294
2024-12-15,TUN,0.04294717527974442
2024-12-16,TUN,0.037865996336792905
2024-12-17,TUN,0.036691520906546565
2024-12-18,TUN,0.035824076357459766
2024-12-19,TUN,0.042760275208453484
2024-12-20,TUN,0.03435292222861431
2024-12-21,TUN,0.035819233655936894
2024-12-22,TUN,0.0464678715305609
2024-12-23,TUN,0.04675593817726461
2024-12-24,TUN,0.0441206473997543
2024-12-25,TUN,0.057839434336672525
2024-12-26,TUN,0.07143366627109185
2024-12-27,TUN,0.06375747182036813
2024-12-28,TUN,0.22554964995260635
2024-12-29,TUN,0.20118031627883995
2024-12-30,TUN,0.07738318459287827
2024-12-31,TUN,0.049680857072737984
2025-01-01,TUN,0.049686970012035155
2025-01-02,TUN,0.07813291482984555
2025-01-03,TUN,0.013841784369863698
2025-01-04,TUN,0.031400539462979396
2025-01-05,TUN,0.037100536267530196
2025-01-06,TUN,0.035093013189980225
2025-01-07,TUN,0.032718528121159295
2025-01-08,TUN,0.030636828210282196
2025-01-09,TUN,0.03285423408541569
2025-01-10,TUN,0.03286925153097015
2025-01-11,TUN,0.05534595509639887
2025-01-12,TUN,0.06672633254486017
2025-01-13,TUN,0.07121908965487969
2025-01-14,TUN,0.0418611845847555
2025-01-15,TUN,0.0684197497222145
2025-01-16,TUN,0.060450447119825466
2025-01-17,TUN,0.059996592427302174
2025-01-18,TUN,0.07843635504853322
2025-01-19,TUN,0.09369499845369031
2025-01-20,TUN,0.09643388858352878
2025-01-21,TUN,0.09066500901867082
2025-01-22,TUN,0.0879668778928971
2025-01-23,TUN,0.06453573074097925
2025-01-24,TUN,0.07164644841836323
2025-01-25,TUN,0.06740941120356239
2025-01-26,TUN,0.0528241634557218
2025-01-27,TUN,0.06160536966764823
2025-01-28,TUN,0.056185631853733604
2025-01-29,TUN,0.048229098196364215
2025-01-30,TUN,0.047996140298727154
2025-01-31,TUN,0.05154099234525721
2025-02-01,TUN,0.05730104468358094
2025-02-02,TUN,0.05870445599008287
2025-02-03,TUN,0.043286765504226825
2025-02-04,TUN,0.03260119824462693
2025-02-05,TUN,0.07085858519821496
2025-02-06,TUN,0.04632347485151766
2025-02-07,TUN,0.033433054988999206
2025-02-08,TUN,0.034062052313849234
2025-02-09,TUN,0.19192539402489345
2025-02-10,TUN,0.04888360528335949
2025-02-11,TUN,0.03438055073185671
2025-02-12,TUN,0.027812432339296478
2025-02-13,TUN,0.03323604494464172
2025-02-14,TUN,0.031227582283935226
2025-02-15,TUN,0.03097211975819379
2025-02-16,TUN,0.14728946854826674
2025-02-17,TUN,0.006258504049941381
2025-02-18,TUN,0.0072548451526768054
2025-02-19,TUN,0.006182256236582314
2025-02-20,TUN,0.006579263110481352
2025-02-21,TUN,0.006299325062174097
2025-02-22,TUN,0.006538879144013571
2025-02-23,TUN,0.02414539274257689
2025-02-24,TUN,0.02312607237251435
2025-02-25,TUN,0.023412478459476884
2025-02-26,TUN,0.024504572806590918
2025-02-27,TUN,0.026869816411216062
2025-02-28,TUN,0.024430440281529287
2025-03-01,TUN,0.029595791317656994
2025-03-02,TUN,0.09657477181283465
2025-03-03,TUN,0.08602588390865651
2025-03-04,TUN,0.06864398039887047
2025-03-05,TUN,0.08226987803962234
2025-03-06,TUN,0.08635094683161151
2025-03-07,TUN,0.06609682418635007
2025-03-08,TUN,0.0756850208562754
2025-03-09,TUN,0.08045299775441467
2025-03-10,TUN,0.07894198398382689
2025-03-11,TUN,0.06537757685771256
2025-03-12,TUN,0.06886959963623088
2025-03-13,TUN,0.06464771495187377
2025-03-14,TUN,0.06903454708847426
2025-03-15,TUN,0.06627000296675953
2025-03-16,TUN,0.0819787923263878
2025-03-17,TUN,0.08238386363869564
2025-03-18,TUN,0.06671200018424127
2025-03-19,TUN,0.06157126349166216
2025-03-20,TUN,0.06348122168351192
2025-03-21,TUN,0.060905287206624366
2025-03-22,TUN,0.055527024925990806
2025-03-23,TUN,0.050890306867550576
2025-03-24,TUN,0.05066453143097006
2025-03-25,TUN,0.037260378907717655
2025-03-26,TUN,0.03687756466847861
2025-03-27,TUN,0.03939134189357649
2025-03-28,TUN,0.02929243261560085
2024-07-01,MLI,0.1275229499499215
2024-07-02,MLI,0.014637374227706664
2024-07-03,MLI,0.12088444400175109
2024-07-04,MLI,0.035338429058541766
2024-07-05,MLI,0.020761466798455003
2024-07-06,MLI,0.011276157121787748
2024-07-07,MLI,0.008245260303117353
2024-07-08,MLI,0.006784142695266747
2024-07-09,MLI,0.027197968271995023
2024-07-10,MLI,0.004211252504519992
2024-07-11,MLI,0.004327300640048872
2024-07-12,MLI,0.005790118671066087
2024-07-13,MLI,0.0042959330712592685
2024-07-14,MLI,0.004349773455060075
2024-07-15,MLI,0.004429234145004744
2024-07-16,MLI,0.004536417293200796
2024-07-17,MLI,0.012685414825727525
2024-07-18,MLI,0.01667696363959448
2024-07-19,MLI,0.03889428121014202
2024-07-20,MLI,0.024993984466539804
2024-07-21,MLI,0.15945873647505285
2024-07-22,MLI,0.053031849359227
2024-07-23,MLI,0.041824129591333886
2024-07-24,MLI,0.030272887409240914
2024-07-25,MLI,0.1718882642222394
2024-07-26,MLI,0.21191707469240684
2024-07-27,MLI,0.20263600379337676
2024-07-28,MLI,0.11039760152126353
2024-07-29,MLI,0.009401884136559622
2024-07-30,MLI,0.10569621285397263
2024-07-31,MLI,0.011093810077764183
2024-08-01,MLI,0.004944888922250448
2024-08-02,MLI,0.004520753012148094
2024-08-03,MLI,0.005142861063439197
2024-08-04,MLI,0.004314764541092147
2024-08-05,MLI,0.004908887569405154
2024-08-06,MLI,0.004213989536517769
2024-08-07,MLI,0.004277735272869133
2024-08-08,MLI,0.004588410914731445
2024-08-09,MLI,0.00436320863340148
2024-08-10,MLI,0.004405344951581676
2024-08-11,MLI,0.004482604236304108
2024-08-12,MLI,0.004741360935931785
2024-08-13,MLI,0.034017725241294025
2024-08-14,MLI,0.027100431478606322
2024-08-15,MLI,0.13343611947595613
2024-08-16,MLI,0.028198700966317183
2024-08-17,MLI,0.00816735210144672
2024-08-18,MLI,0.06051074010073922
2024-08-19,MLI,0.05099065732058864
2024-08-20,MLI,0.036846008859853355
2024-08-21,MLI,0.18631218435795976
2024-08-22,MLI,0.037153066756920365
2024-08-23,MLI,0.01845791158445179
2024-08-24,MLI,0.01239102565845239
2024-08-25,MLI,0.1356461318167661
2024-08-26,MLI,0.015946654658862275
2024-08-27,MLI,0.018867491781623558
2024-08-28,MLI,0.022034217217449747
2024-08-29,MLI,0.030352268303268273
2024-08-30,MLI,0.01510654148453769
2024-08-31,MLI,0.07975944849890519
2024-09-01,MLI,0.011062254564448383
2024-09-02,MLI,0.007492920537076555
2024-09-03,MLI,0.0073857513642339775
2024-09-04,MLI,0.012943058917578222
2024-09-05,MLI,0.011170761798876704
2024-09-06,MLI,0.006404115084997531
2024-09-07,MLI,0.0072966166877621455
2024-09-08,MLI,0.010772482822357692
2024-09-09,MLI,0.010708440506086611
2024-09-10,MLI,0.011239867390746013
2024-09-11,MLI,0.056198952045699684
2024-09-12,MLI,0.012266374457932388
2024-09-13,MLI,0.052174058916349964
2024-09-14,MLI,0.10616137022246214
2024-09-15,MLI,0.069017168021833
2024-09-16,MLI,0.16422323441734954
2024-09-17,MLI,0.228770564327571
2024-09-18,MLI,0.12652807253411624
2024-09-19,MLI,0.0822304983608075
2024-09-20,MLI,0.1833159069387505
2024-09-21,MLI,0.0085686093192345
2024-09-22,MLI,0.12411231961527676
2024-09-23,MLI,0.00776429583387689
2024-09-24,MLI,0.004181676407475222
2024-09-25,MLI,0.004399911878576069
2024-09-26,MLI,0.0041634177005425935
2024-09-27,MLI,0.004402032324177896
2024-09-28,MLI,0.00411439818431944
2024-09-29,MLI,0.004561182658668024
2024-09-30,MLI,0.0041266468547433485
2024-10-01,MLI,0.005916286752092034
2024-10-02,MLI,0.009663957501295726
2024-10-03,MLI,0.006596600972184203
2024-10-04,MLI,0.0468350575640708
2024-10-05,MLI,0.011234019572703945
2024-10-06,MLI,0.0991850165126345
2024-10-07,MLI,0.032094021087064446
2024-10-08,MLI,0.03422562415952913
2024-10-09,MLI,0.05467592569059173
2024-10-10,MLI,0.05917476037220915
2024-10-11,MLI,0.03304125769420917
2024-10-12,MLI,0.026406181629359177
2024-10-13,MLI,0.011080081075981804
2024-10-14,MLI,0.02384153905927897
2024-10-15,MLI,0.04564232681425787
2024-10-16,MLI,0.010068267158590345
2024-10-17,MLI,0.006518263654953056
2024-10-18,MLI,0.006786293883556462
2024-10-19,MLI,0.007129324326821057
2024-10-20,MLI,0.012811630828711696
2024-10-21,MLI,0.18939465624128618
2024-10-22,MLI,0.03097782115097546
2024-10-23,MLI,0.030177632583989696
2024-10-24,MLI,0.17202642299741555
2024-10-25,MLI,0.13098367703578687
2024-10-26,MLI,0.017555532100600946
2024-10-27,MLI,0.019577858388420535
2024-10-28,MLI,0.10118452917036118
2024-10-29,MLI,0.018280731093488465
2024-10-30,MLI,0.011529600536977507
2024-10-31,MLI,0.00660959445083584
2024-11-01,MLI,0.007408051210657448
2024-11-02,MLI,0.009398159617199649
2024-11-03,MLI,0.006138909060282203
2024-11-04,MLI,0.007552897351935795
2024-11-05,MLI,0.02033419436376292
2024-11-06,MLI,0.012906962973293126
2024-11-07,MLI,0.041392169834696284
2024-11-08,MLI,0.019031134619579892
2024-11-09,MLI,0.014178697827879715
2024-11-10,MLI,0.021065841776159472
2024-11-11,MLI,0.1173620944609634
2024-11-12,MLI,0.017652103892860753
2024-11-13,MLI,0.016602546017690945
2024-11-14,MLI,0.014080125074666985
2024-11-15,MLI,0.023879887569299717
2024-11-16,MLI,0.06083730138431671
2024-11-17,MLI,0.009122510252424752
2024-11-18,MLI,0.005822658369541184
2024-11-19,MLI,0.07656655328604785
2024-11-20,MLI,0.01577951912985092
2024-11-21,MLI,0.02694564489786443
2024-11-22,MLI,0.007996416906464937
2024-11-23,MLI,0.007072234890497656
2024-11-24,MLI,0.008803664475305523
2024-11-25,MLI,0.12245669255034551
2024-11-26,MLI,0.03427910973690909
2024-11-27,MLI,0.016643801788227483
2024-11-28,MLI,0.009520505782777655
2024-11-29,MLI,0.01240303697357888
2024-11-30,MLI,0.014791163894095157
2024-12-01,MLI,0.11577000060272445
2024-12-02,MLI,0.13129752276402062
2024-12-03,MLI,0.013982043531555048
2024-12-04,MLI,0.024017980682336737
2024-12-05,MLI,0.017487532075392227
2024-12-06,MLI,0.01862452133440639
2024-12-07,MLI,0.027861154875627937
2024-12-08,MLI,0.026252605173943375
2024-12-09,MLI,0.019081551362359974
2024-12-10,MLI,0.015258168051037562
2024-12-11,MLI,0.04360232655280476
2024-12-12,MLI,0.018460428456486374
2024-12-13,MLI,0.022794902468895876
2024-12-14,MLI,0.01542120919114609
2024-12-15,MLI,0.15553183221826905
2024-12-16,MLI,0.10371201021098177
2024-12-17,MLI,0.09091850217772833
2024-12-18,MLI,0.0510903893105216
2024-12-19,MLI,0.027837650324651245
2024-12-20,MLI,0.058367285881824486
2024-12-21,MLI,0.10192172247568584
2024-12-22,MLI,0.01126470738505933
2024-12-23,MLI,0.018680967391580542
2024-12-24,MLI,0.09148747471394285
2024-12-25,MLI,0.0200300975054543
2024-12-26,MLI,0.150584999692419
2024-12-27,MLI,0.019958037032629317
2024-12-28,MLI,0.05642118246905627
2024-12-29,MLI,0.016716568287888433
2024-12-30,MLI,0.015398958288327628
2024-12-31,MLI,0.010247407169085164
2025-01-01,MLI,0.014030214260240145
2025-01-02,MLI,0.019445231743827642
2025-01-03,MLI,0.01548824508286174
2025-01-04,MLI,0.010614735914761482
2025-01-05,MLI,0.01317648303362021
2025-01-06,MLI,0.09799038791995766
2025-01-07,MLI,0.01196297553896547
2025-01-08,MLI,0.060674164392921025
2025-01-09,MLI,0.016794886728003576
2025-01-10,MLI,0.018045803127197772
2025-01-11,MLI,0.04446748671380585
2025-01-12,MLI,0.14230869441285593
2025-01-13,MLI,0.008555970062854521
2025-01-14,MLI,0.017329107888892657
2025-01-15,MLI,0.008315458332908691
2025-01-16,MLI,0.009566031412934377
2025-01-17,MLI,0.007728673495619353
2025-01-18,MLI,0.007421645154536573
2025-01-19,MLI,0.00833158408094977
2025-01-20,MLI,0.01826189581935447
2025-01-21,MLI,0.007670604392823914
2025-01-22,MLI,0.007979136904149201
2025-01-23,MLI,0.008856759187558669
2025-01-24,MLI,0.02274326068752507
2025-01-25,MLI,0.00845112107157871
2025-01-26,MLI,0.025408119513739443
2025-01-27,MLI,0.0592370810811492
2025-01-28,MLI,0.11615377416153017
2025-01-29,MLI,0.0890959217519843
2025-01-30,MLI,0.04130073452426683
2025-01-31,MLI,0.01518476844237575
2025-02-01,MLI,0.05383297535468659
2025-02-02,MLI,0.028714909328134468
2025-02-03,MLI,0.02107113366592397
2025-02-04,MLI,0.006187864693331602
2025-02-05,MLI,0.005418847432504093
2025-02-06,MLI,0.007614375975915619
2025-02-07,MLI,0.10494426919096378
2025-02-08,MLI,0.008291990976921682
2025-02-09,MLI,0.008604774770154564
2025-02-10,MLI,0.058382026330734735
2025-02-11,MLI,0.09484345600391185
2025-02-12,MLI,0.17022425894343413
2025-02-13,MLI,0.03348477043328178
2025-02-14,MLI,0.004415267257635291
2025-02-15,MLI,0.004494577670702816
2025-02-16,MLI,0.014035499135779993
2025-02-17,MLI,0.017837243764621057
2025-02-18,MLI,0.005980465681241987
2025-02-19,MLI,0.007478019888081263
2025-02-20,MLI,0.00820190927830645
2025-02-21,MLI,0.07346644429609418
2025-02-22,MLI,0.013038730445800938
2025-02-23,MLI,0.028897319815505515
2025-02-24,MLI,0.004995638784833878
2025-02-25,MLI,0.005661387618185175
2025-02-26,MLI,0.006101531946471726
2025-02-27,MLI,0.005007412797978461
2025-02-28,MLI,0.006352013920877036
2025-03-01,MLI,0.005056379293988239
2025-03-02,MLI,0.005045810595659403
2025-03-03,MLI,0.007374473323146293
2025-03-04,MLI,0.05629407751127142
2025-03-05,MLI,0.008011840561989598
2025-03-06,MLI,0.02926175436433225
2025-03-07,MLI,0.012757580881394885
2025-03-08,MLI,0.01510398870219015
2025-03-09,MLI,0.02597895907565807
2025-03-10,MLI,0.07370576808236316
2025-03-11,MLI,0.02497501053924171
2025-03-12,MLI,0.06387812288995429
2025-03-13,MLI,0.08489365337355759
2025-03-14,MLI,0.07046420474297405
2025-03-15,MLI,0.04876789317990785
2025-03-16,MLI,0.08777623352862705
2025-03-17,MLI,0.04694018921335954
2025-03-18,MLI,0.21411367812521986
2025-03-19,MLI,0.14061999394536065
2025-03-20,MLI,0.13756873369405015
2025-03-21,MLI,0.04012965839033
2025-03-22,MLI,0.030546168017429723
2025-03-23,MLI,0.02381553583783088
2025-03-24,MLI,0.05779074689079221
2025-03-25,MLI,0.009388587529743996
2025-03-26,MLI,0.023909112668104006
2025-03-27,MLI,0.11133608542552596
2025-03-28,MLI,0.016347045089526776
2024-07-01,BFA,0.058794211335938144
2024-07-02,BFA,0.015936488542443852
2024-07-03,BFA,0.006618439764496603
2024-07-04,BFA,0.008094884881380961
2024-07-05,BFA,0.0060824174084609444
2024-07-06,BFA,0.005726074131158704
2024-07-07,BFA,0.004364457621182776
2024-07-08,BFA,0.004748424596326652
2024-07-09,BFA,0.004152431309978667
2024-07-10,BFA,0.004185683100141005
2024-07-11,BFA,0.004268480534587474
2024-07-12,BFA,0.004849960421038677
2024-07-13,BFA,0.004464647760596295
2024-07-14,BFA,0.06121381854352593
2024-07-15,BFA,0.10053901477238808
2024-07-16,BFA,0.06531130683984843
2024-07-17,BFA,0.013922857709683056
2024-07-18,BFA,0.023110876070887677
2024-07-19,BFA,0.11528271485555215
2024-07-20,BFA,0.010104156915265472
2024-07-21,BFA,0.01581616582560367
2024-07-22,BFA,0.007439655791121783
2024-07-23,BFA,0.03802346995052706
2024-07-24,BFA,0.006888199376860208
2024-07-25,BFA,0.05414863924048617
2024-07-26,BFA,0.00845869795150117
2024-07-27,BFA,0.005957690133101306
2024-07-28,BFA,0.008789962868673321
2024-07-29,BFA,0.010670081755492892
2024-07-30,BFA,0.015368720095200244
2024-07-31,BFA,0.10162372666949178
2024-08-01,BFA,0.007516933057180099
2024-08-02,BFA,0.005527831869702098
2024-08-03,BFA,0.005647376038934398
2024-08-04,BFA,0.03308152291459718
2024-08-05,BFA,0.009340390417880212
2024-08-06,BFA,0.010141757513064596
2024-08-07,BFA,0.00759559439439792
2024-08-08,BFA,0.05498355787906299
2024-08-09,BFA,0.12439823716938603
2024-08-10,BFA,0.016556117082840268
2024-08-11,BFA,0.01177228520568456
2024-08-12,BFA,0.0108664145060843
2024-08-13,BFA,0.009284185656905801
2024-08-14,BFA,0.010037429000236851
2024-08-15,BFA,0.00481400892803359
2024-08-16,BFA,0.004317223301606048
2024-08-17,BFA,0.004241782536502525
2024-08-18,BFA,0.004704909900738351
2024-08-19,BFA,0.00472281397877449
2024-08-20,BFA,0.004404196059966219
2024-08-21,BFA,0.004813038500039104
2024-08-22,BFA,0.004112539149307227
2024-08-23,BFA,0.028578603813421043
2024-08-24,BFA,0.19365789231981437
2024-08-25,BFA,0.03415418620651464
2024-08-26,BFA,0.0218381845090215
2024-08-27,BFA,0.009684275928539854
2024-08-28,BFA,0.006571977707779438
2024-08-29,BFA,0.007744431125897703
2024-08-30,BFA,0.11152474868062046
2024-08-31,BFA,0.004326855693313723
2024-09-01,BFA,0.004204930898762919
2024-09-02,BFA,0.004188814639798765
2024-09-03,BFA,0.004122682768264619
2024-09-04,BFA,0.004111490997974178
2024-09-05,BFA,0.0041131001291724424
2024-09-06,BFA,0.004150774911585318
2024-09-07,BFA,0.006995267528690722
2024-09-08,BFA,0.026116640960355895
2024-09-09,BFA,0.062490196782344534
2024-09-10,BFA,0.021628685004368913
2024-09-11,BFA,0.011844407893667022
2024-09-12,BFA,0.06635054109141433
2024-09-13,BFA,0.15145622704694764
2024-09-14,BFA,0.15401334400999112
2024-09-15,BFA,0.07673274749770954
2024-09-16,BFA,0.0201311048973727
2024-09-17,BFA,0.07807974252215714
2024-09-18,BFA,0.02191765385074985
2024-09-19,BFA,0.02565400112823352
2024-09-20,BFA,0.010825963155699636
2024-09-21,BFA,0.010827945313716029
2024-09-22,BFA,0.014857995678656127
2024-09-23,BFA,0.01563667289613663
2024-09-24,BFA,0.01520063409225366
2024-09-25,BFA,0.06679161932056644
2024-09-26,BFA,0.012861745572810045
2024-09-27,BFA,0.1377825820484737
2024-09-28,BFA,0.15962905463287336
2024-09-29,BFA,0.12055025004880837
2024-09-30,BFA,0.1571989728883725
2024-10-01,BFA,0.06465266474235652
2024-10-02,BFA,0.14264803973729312
2024-10-03,BFA,0.02076839973636273
2024-10-04,BFA,0.022566182231004844
2024-10-05,BFA,0.09881823225188863
2024-10-06,BFA,0.05002389230725158
2024-10-07,BFA,0.0077457001228792175
2024-10-08,BFA,0.03745936240326061
2024-10-09,BFA,0.005868140354722727
2024-10-10,BFA,0.03612618079366663
2024-10-11,BFA,0.007003584326359654
2024-10-12,BFA,0.008073909869795812
2024-10-13,BFA,0.009238087166363979
2024-10-14,BFA,0.006722790629751717
2024-10-15,BFA,0.02021958138755114
2024-10-16,BFA,0.006687798667325559
2024-10-17,BFA,0.03789141765806257
2024-10-18,BFA,0.030535435192996993
2024-10-19,BFA,0.04356578679453171
2024-10-20,BFA,0.006280462748664839
2024-10-21,BFA,0.01570509721606486
2024-10-22,BFA,0.03536862037469968
2024-10-23,BFA,0.012829090294885328
2024-10-24,BFA,0.017151885769485835
2024-10-25,BFA,0.023819193163677203
2024-10-26,BFA,0.013303649872744457
2024-10-27,BFA,0.01121048442720368
2024-10-28,BFA,0.03585695389241504
2024-10-29,BFA,0.05908005175694351
2024-10-30,BFA,0.02850716430651318
2024-10-31,BFA,0.06499862906221754
2024-11-01,BFA,0.07424655281666329
2024-11-02,BFA,0.06634160628689273
2024-11-03,BFA,0.07136432647247448
2024-11-04,BFA,0.042856086355733077
2024-11-05,BFA,0.09566354443471156
2024-11-06,BFA,0.08367731296533457
2024-11-07,BFA,0.03869498701948343
2024-11-08,BFA,0.017519133812570344
2024-11-09,BFA,0.006990557684763158
2024-11-10,BFA,0.006460783455359452
2024-11-11,BFA,0.005118537527455715
2024-11-12,BFA,0.004884688904866094
2024-11-13,BFA,0.004435818804142641
2024-11-14,BFA,0.00493115326799266
2024-11-15,BFA,0.004731829215505234
2024-11-16,BFA,0.0049368502029435565
2024-11-17,BFA,0.0060524424916871215
2024-11-18,BFA,0.005330359465117424
2024-11-19,BFA,0.007722079269180276
2024-11-20,BFA,0.01823842005595609
2024-11-21,BFA,0.11433818591747766
2024-11-22,BFA,0.017278653078889608
2024-11-23,BFA,0.0769252527846304
2024-11-24,BFA,0.11298415218011552
2024-11-25,BFA,0.05821352923179634
2024-11-26,BFA,0.0288498702864667
2024-11-27,BFA,0.02823931510152136
2024-11-28,BFA,0.02236453012601231
2024-11-29,BFA,0.00886846496326187
2024-11-30,BFA,0.03832619972746231
2024-12-01,BFA,0.0399855042378891
2024-12-02,BFA,0.016542733570723864
2024-12-03,BFA,0.022709544264748742
2024-12-04,BFA,0.016756619246070654
2024-12-05,BFA,0.045271303963484034
2024-12-06,BFA,0.01040966445866839
2024-12-07,BFA,0.011963294004466789
2024-12-08,BFA,0.007445925994990463
2024-12-09,BFA,0.008069723149522739
2024-12-10,BFA,0.04097124158806232
2024-12-11,BFA,0.0069606473578919794
2024-12-12,BFA,0.011222671657013572
2024-12-13,BFA,0.03137063578557146
2024-12-14,BFA,0.006741716228564947
2024-12-15,BFA,0.05369865981426998
2024-12-16,BFA,0.017547195751183374
2024-12-17,BFA,0.027037082999485852
2024-12-18,BFA,0.01823312077555525
2024-12-19,BFA,0.0069604577882758645
2024-12-20,BFA,0.006587548634832046
2024-12-21,BFA,0.020269824764279135
2024-12-22,BFA,0.008346234292121005
2024-12-23,BFA,0.03146373358492606
2024-12-24,BFA,0.037897490508386325
2024-12-25,BFA,0.043561987382986916
2024-12-26,BFA,0.017456912067827245
2024-12-27,BFA,0.02622492181034992
2024-12-28,BFA,0.03119135533292471
2024-12-29,BFA,0.09613297484505143
2024-12-30,BFA,0.03328591565501565
2024-12-31,BFA,0.022032156216990968
2025-01-01,BFA,0.012064790201921258
2025-01-02,BFA,0.040355989552780684
2025-01-03,BFA,0.1391464960136225
2025-01-04,BFA,0.08895576252336164
2025-01-05,BFA,0.05966831247324783
2025-01-06,BFA,0.015908354109740386
2025-01-07,BFA,0.12753373829547865
2025-01-08,BFA,0.12353772893883197
2025-01-09,BFA,0.15451787208368362
2025-01-10,BFA,0.01968665012084402
2025-01-11,BFA,0.02528133394075147
2025-01-12,BFA,0.009190477541866145
2025-01-13,BFA,0.016571679207147416
2025-01-14,BFA,0.013333673987656195
2025-01-15,BFA,0.009835969047440418
2025-01-16,BFA,0.01109028775065028
2025-01-17,BFA,0.02342364976610608
2025-01-18,BFA,0.015528157762009193
2025-01-19,BFA,0.011952376648247245
2025-01-20,BFA,0.011461634104701706
2025-01-21,BFA,0.02195529580688281
2025-01-22,BFA,0.05135477009493946
2025-01-23,BFA,0.040932826074538284
2025-01-24,BFA,0.01773276585511728
2025-01-25,BFA,0.008638455083457314
2025-01-26,BFA,0.01724212749823094
2025-01-27,BFA,0.031387223807715206
2025-01-28,BFA,0.1201099510789675
2025-01-29,BFA,0.006751586390744109
2025-01-30,BFA,0.009633850673261299
2025-01-31,BFA,0.005651949110755435
2025-02-01,BFA,0.004790583870427468
2025-02-02,BFA,0.006447836334773176
2025-02-03,BFA,0.008151594754975013
2025-02-04,BFA,0.008695818461649045
2025-02-05,BFA,0.007945469970009014
2025-02-06,BFA,0.02564172633697054
2025-02-07,BFA,0.007863135103330523
2025-02-08,BFA,0.026411957861554005
2025-02-09,BFA,0.014499117877868738
2025-02-10,BFA,0.14355247525177758
2025-02-11,BFA,0.028552939588126106
2025-02-12,BFA,0.05567039188495258
2025-02-13,BFA,0.03701386695033031
2025-02-14,BFA,0.0820303172516257
2025-02-15,BFA,0.04904838608031592
2025-02-16,BFA,0.035338713640871655
2025-02-17,BFA,0.005018315897109175
2025-02-18,BFA,0.005569198132097858
2025-02-19,BFA,0.005525431022013097
2025-02-20,BFA,0.005943426189243763
2025-02-21,BFA,0.005367375651022652
2025-02-22,BFA,0.005086968547963295
2025-02-23,BFA,0.006110125113530978
2025-02-24,BFA,0.009753096119342579
2025-02-25,BFA,0.009911724393183835
2025-02-26,BFA,0.008461311504327159
2025-02-27,BFA,0.006673589628733996
2025-02-28,BFA,0.01587077654012011
2025-03-01,BFA,0.006843016460921518
2025-03-02,BFA,0.00870414674423367
2025-03-03,BFA,0.006913353194449086
2025-03-04,BFA,0.02854229818077834
2025-03-05,BFA,0.06902808684975305
2025-03-06,BFA,0.09050253803255763
2025-03-07,BFA,0.029593755587675498
2025-03-08,BFA,0.0934124651698776
2025-03-09,BFA,0.08428152498243158
2025-03-10,BFA,0.219701266940827
2025-03-11,BFA,0.0906261557716437
2025-03-12,BFA,0.07893549985359413
2025-03-13,BFA,0.031175322062221882
2025-03-14,BFA,0.1321176201013982
2025-03-15,BFA,0.010586549521702517
2025-03-16,BFA,0.00835669597383701
2025-03-17,BFA,0.004614499043427654
2025-03-18,BFA,0.004825004820232278
2025-03-19,BFA,0.011920226383430044
2025-03-20,BFA,0.004903147352588095
2025-03-21,BFA,0.0053896871535228895
2025-03-22,BFA,0.004725039615266803
2025-03-23,BFA,0.004955468173500339
2025-03-24,BFA,0.009104913847712741
2025-03-25,BFA,0.006077090106414251
2025-03-26,BFA,0.0061443480860244384
2025-03-27,BFA,0.005296371669479141
2025-03-28,BFA,0.01476127138372364
2024-07-01,NER,0.19366397902788626
2024-07-02,NER,0.005313319937786727
2024-07-03,NER,0.006225211969599821
2024-07-04,NER,0.006157855271928436
2024-07-05,NER,0.020330810272512937
2024-07-06,NER,0.0062330626925872065
2024-07-07,NER,0.005251114259680377
2024-07-08,NER,0.0060554596798152675
2024-07-09,NER,0.007704177788394586
2024-07-10,NER,0.012443964759585483
2024-07-11,NER,0.0175618536056939
2024-07-12,NER,0.07421233215671724
2024-07-13,NER,0.015359552247640199
2024-07-14,NER,0.007691756818595287
2024-07-15,NER,0.17241823169150605
2024-07-16,NER,0.0679864813591391
2024-07-17,NER,0.13904507214779543
2024-07-18,NER,0.014154858369433407
2024-07-19,NER,0.019328276476232423
2024-07-20,NER,0.0335742808919264
2024-07-21,NER,0.01956132877422806
2024-07-22,NER,0.13027467071047175
2024-07-23,NER,0.09966082629510889
2024-07-24,NER,0.01707913752569171
2024-07-25,NER,0.1778272572999128
2024-07-26,NER,0.056115295150824945
2024-07-27,NER,0.11907432293831119
2024-07-28,NER,0.023817182780964997
2024-07-29,NER,0.006476765599588529
2024-07-30,NER,0.009632417327738955
2024-07-31,NER,0.010428115295844925
2024-08-01,NER,0.006605521525305831
2024-08-02,NER,0.007259901065842864
2024-08-03,NER,0.00560698298610983
2024-08-04,NER,0.005573961131299149
2024-08-05,NER,0.09072193146079445
2024-08-06,NER,0.012164078778639566
2024-08-07,NER,0.0078608630264882
2024-08-08,NER,0.0077614064406302365
2024-08-09,NER,0.023051143093286357
2024-08-10,NER,0.026375390435832962
2024-08-11,NER,0.02613322834699577
2024-08-12,NER,0.15114959482708412
2024-08-13,NER,0.20145083082535553
2024-08-14,NER,0.06761278832915524
2024-08-15,NER,0.1869159152776499
2024-08-16,NER,0.04020798794394632
2024-08-17,NER,0.021340760270063115
2024-08-18,NER,0.00992586389879114
2024-08-19,NER,0.1267049649791918
2024-08-20,NER,0.004898585700794711
2024-08-21,NER,0.007676413650013095
2024-08-22,NER,0.11812358765690184
2024-08-23,NER,0.10417897923154418
2024-08-24,NER,0.008069029951845028
2024-08-25,NER,0.0053984405216056216
2024-08-26,NER,0.21681666602744903
2024-08-27,NER,0.10133893837700421
2024-08-28,NER,0.12007234327904251
2024-08-29,NER,0.005665728397885935
2024-08-30,NER,0.008412859498689555
2024-08-31,NER,0.005469969238488112
2024-09-01,NER,0.00708535625839823
2024-09-02,NER,0.004160481181155939
2024-09-03,NER,0.007165840521143933
2024-09-04,NER,0.0044293692066746685
2024-09-05,NER,0.0043560496834393015
2024-09-06,NER,0.004327429077698122
2024-09-07,NER,0.00414942790469795
2024-09-08,NER,0.0042594653927362
2024-09-09,NER,0.0798967621677958
2024-09-10,NER,0.012356724982658211
2024-09-11,NER,0.05321062988713391
2024-09-12,NER,0.011202705847486552
2024-09-13,NER,0.10182024841071408
2024-09-14,NER,0.047942133041606196
2024-09-15,NER,0.1055062855531237
2024-09-16,NER,0.1608831150369294
2024-09-17,NER,0.20753923185266016
2024-09-18,NER,0.2148813879193534
2024-09-19,NER,0.20485665167101244
2024-09-20,NER,0.1322887091947514
2024-09-21,NER,0.22715684252161492
2024-09-22,NER,0.14407587846345907
2024-09-23,NER,0.11613664949225276
2024-09-24,NER,0.18228224067210377
2024-09-25,NER,0.005707695387546168
2024-09-26,NER,0.005590515716416468
2024-09-27,NER,0.0064817123273888
2024-09-28,NER,0.004962753440458207
2024-09-29,NER,0.0042695096796660885
2024-09-30,NER,0.0044276702710926595
2024-10-01,NER,0.004909622260807714
2024-10-02,NER,0.004382652882955949
2024-10-03,NER,0.004476255484167061
2024-10-04,NER,0.00511047864831162
2024-10-05,NER,0.010411370494127657
2024-10-06,NER,0.011250057112631382
2024-10-07,NER,0.01982231476135764
2024-10-08,NER,0.10219271527357965
2024-10-09,NER,0.05741891361388011
2024-10-10,NER,0.1252581761887333
2024-10-11,NER,0.161764588921656
2024-10-12,NER,0.17074180456883867
2024-10-13,NER,0.07387123987400594
2024-10-14,NER,0.16779527803050273
2024-10-15,NER,0.20233105676023136
2024-10-16,NER,0.14337864049283328
2024-10-17,NER,0.10590734575999151
2024-10-18,NER,0.08200497002819508
2024-10-19,NER,0.1882742825059137
2024-10-20,NER,0.08844555372654955
2024-10-21,NER,0.1145800922201571
2024-10-22,NER,0.08270802699744101
2024-10-23,NER,0.05436872111668299
2024-10-24,NER,0.0375106076709705
2024-10-25,NER,0.05051318636248592
2024-10-26,NER,0.048156747087193884
2024-10-27,NER,0.021608672460728954
2024-10-28,NER,0.020445981795187168
2024-10-29,NER,0.012571380607223518
2024-10-30,NER,0.021748094842754865
2024-10-31,NER,0.09602508231024423
2024-11-01,NER,0.02705611039721503
2024-11-02,NER,0.060985201414524244
2024-11-03,NER,0.17590295173284443
2024-11-04,NER,0.1753629072911408
2024-11-05,NER,0.19388524135236748
2024-11-06,NER,0.06513028635631099
2024-11-07,NER,0.02892046240515141
2024-11-08,NER,0.031778457114625444
2024-11-09,NER,0.12497440607805164
2024-11-10,NER,0.033441313632204546
2024-11-11,NER,0.09757132737808925
2024-11-12,NER,0.02475264780653619
2024-11-13,NER,0.13123968690684
2024-11-14,NER,0.04961177724102393
2024-11-15,NER,0.15808431711242527
2024-11-16,NER,0.04007154639237289
2024-11-17,NER,0.06376779490494955
2024-11-18,NER,0.19950073390356743
2024-11-19,NER,0.2075056154493365
2024-11-20,NER,0.1367254735659233
2024-11-21,NER,0.01936774728462404
2024-11-22,NER,0.14379373562594347
2024-11-23,NER,0.021897401856166895
2024-11-24,NER,0.015116753530040267
2024-11-25,NER,0.07410705244764032
2024-11-26,NER,0.008410347993325374
2024-11-27,NER,0.008268526676913007
2024-11-28,NER,0.013882254806469645
2024-11-29,NER,0.006807930103384731
2024-11-30,NER,0.006379232528207308
2024-12-01,NER,0.006392691651168281
2024-12-02,NER,0.031080483386467427
2024-12-03,NER,0.030533090701418363
2024-12-04,NER,0.01371140959707251
2024-12-05,NER,0.21247945225464607
2024-12-06,NER,0.19568686823690612
2024-12-07,NER,0.1598857669958203
2024-12-08,NER,0.19146630089701486
2024-12-09,NER,0.19360991317477025
2024-12-10,NER,0.23050841426892887
2024-12-11,NER,0.16084846349703796
2024-12-12,NER,0.026295732668907574
2024-12-13,NER,0.12642720287186235
2024-12-14,NER,0.012057012136235248
2024-12-15,NER,0.011854635193306044
2024-12-16,NER,0.007999857955960124
2024-12-17,NER,0.0043999950764859914
2024-12-18,NER,0.0041616522234481715
2024-12-19,NER,0.004217505370735945
2024-12-20,NER,0.004517247710596383
2024-12-21,NER,0.0044876022400943275
2024-12-22,NER,0.004286206564954159
2024-12-23,NER,0.004665187093378605
2024-12-24,NER,0.011093731880259606
2024-12-25,NER,0.010552076778504334
2024-12-26,NER,0.009409683080397928
2024-12-27,NER,0.016404899338925995
2024-12-28,NER,0.01700406881614635
2024-12-29,NER,0.015365704563291378
2024-12-30,NER,0.007131019900052654
2024-12-31,NER,0.008988886744129005
2025-01-01,NER,0.006513964215020225
2025-01-02,NER,0.019627815425095656
2025-01-03,NER,0.05584273829245155
2025-01-04,NER,0.08110014181092608
2025-01-05,NER,0.07399742151174746
2025-01-06,NER,0.1612854792888613
2025-01-07,NER,0.16079313353595098
2025-01-08,NER,0.15711810261413273
2025-01-09,NER,0.1270017512980152
2025-01-10,NER,0.17501671854659656
2025-01-11,NER,0.2113876088587674
2025-01-12,NER,0.14856499896421144
2025-01-13,NER,0.17630136872831856
2025-01-14,NER,0.05527914867536642
2025-01-15,NER,0.04569694583259218
2025-01-16,NER,0.0593955137382418
2025-01-17,NER,0.1187469995894408
2025-01-18,NER,0.19536739181117038
2025-01-19,NER,0.0405985808686925
2025-01-20,NER,0.194086748521139
2025-01-21,NER,0.13143499986148605
2025-01-22,NER,0.05107117274519371
2025-01-23,NER,0.12083856258588813
2025-01-24,NER,0.11847571094274185
2025-01-25,NER,0.11376500413034761
2025-01-26,NER,0.1308617656921403
2025-01-27,NER,0.11066416549945005
2025-01-28,NER,0.050526611274235814
2025-01-29,NER,0.09274221245016229
2025-01-30,NER,0.04163199826692259
2025-01-31,NER,0.017254950380075053
2025-02-01,NER,0.1659546530874093
2025-02-02,NER,0.0458025119725512
2025-02-03,NER,0.19965359223065532
2025-02-04,NER,0.2117365222258093
2025-02-05,NER,0.11469892867905683
2025-02-06,NER,0.05652512577403783
2025-02-07,NER,0.15597938831857927
2025-02-08,NER,0.048564804837263456
2025-02-09,NER,0.028452344966338486
2025-02-10,NER,0.014647219425829028
2025-02-11,NER,0.041067322460584234
2025-02-12,NER,0.025128906380732594
2025-02-13,NER,0.0060359905528784355
2025-02-14,NER,0.04404001668112275
2025-02-15,NER,0.007610740278903127
2025-02-16,NER,0.007247429775514511
2025-02-17,NER,0.10378553286848176
2025-02-18,NER,0.05663350756527161
2025-02-19,NER,0.1370224474939185
2025-02-20,NER,0.07392283805515532
2025-02-21,NER,0.07427969916222718
2025-02-22,NER,0.21103624515864297
2025-02-23,NER,0.11571903813809767
2025-02-24,NER,0.19864375827977837
2025-02-25,NER,0.17587092226947432
2025-02-26,NER,0.02743201010054377
2025-02-27,NER,0.03918627247173666
2025-02-28,NER,0.20120808408731425
2025-03-01,NER,0.00960543252439704
2025-03-02,NER,0.026196468349556478
2025-03-03,NER,0.009007455678431885
2025-03-04,NER,0.005773200515524496
2025-03-05,NER,0.0055173307334879795
2025-03-06,NER,0.007291321505739745
2025-03-07,NER,0.0051197197203224085
2025-03-08,NER,0.004966222531779291
2025-03-09,NER,0.0050478231678548115
2025-03-10,NER,0.012932652745859408
2025-03-11,NER,0.07415649801178945
2025-03-12,NER,0.011350577205728261
2025-03-13,NER,0.06498993999927566
2025-03-14,NER,0.0299221424004921
2025-03-15,NER,0.22364652817769645
2025-03-16,NER,0.1993150322283111
2025-03-17,NER,0.21320810870307497
2025-03-18,NER,0.20357906669424844
2025-03-19,NER,0.20934787824400303
2025-03-20,NER,0.08557970282690731
2025-03-21,NER,0.22987751949009613
2025-03-22,NER,0.01214427514954529
2025-03-23,NER,0.007467766498879688
2025-03-24,NER,0.04854802798091934
2025-03-25,NER,0.01606050689208732
2025-03-26,NER,0.011048215803255677
2025-03-27,NER,0.0308566778107102
2025-03-28,NER,0.00593067559306453
2024-07-01,NGA,0.0278036387450567
2024-07-02,NGA,0.0094827569409889
2024-07-03,NGA,0.011932858560752612
2024-07-04,NGA,0.014832122512330148
2024-07-05,NGA,0.02845391425075774
2024-07-06,NGA,0.10479933222219334
2024-07-07,NGA,0.14379621000459403
2024-07-08,NGA,0.026405440099292448
2024-07-09,NGA,0.018525236115675258
2024-07-10,NGA,0.014979482181675795
2024-07-11,NGA,0.01391066976434078
2024-07-12,NGA,0.009970983603671104
2024-07-13,NGA,0.025803620977745773
2024-07-14,NGA,0.017732301634080006
2024-07-15,NGA,0.02972529717532568
2024-07-16,NGA,0.026264221364735035
2024-07-17,NGA,0.008981074520226688
2024-07-18,NGA,0.017070030234620656
2024-07-19,NGA,0.11001586124334915
2024-07-20,NGA,0.0574873701517064
2024-07-21,NGA,0.06970021196914716
2024-07-22,NGA,0.03726067343197885
2024-07-23,NGA,0.042503556193399
2024-07-24,NGA,0.18698218691228594
2024-07-25,NGA,0.17818198372270042
2024-07-26,NGA,0.1278605559689052
2024-07-27,NGA,0.010287862891486357
2024-07-28,NGA,0.010866759874157068
2024-07-29,NGA,0.010048454702193134
2024-07-30,NGA,0.0406449771414033
2024-07-31,NGA,0.004578968185307295
2024-08-01,NGA,0.02522780872831039
2024-08-02,NGA,0.0053069014011515505
2024-08-03,NGA,0.004676265942971802
2024-08-04,NGA,0.004680951519802475
2024-08-05,NGA,0.005177265422452091
2024-08-06,NGA,0.004636724672240864
2024-08-07,NGA,0.015570929517608467
2024-08-08,NGA,0.006287010211009231
2024-08-09,NGA,0.004351014705950246
2024-08-10,NGA,0.004440534858592482
2024-08-11,NGA,0.009876886209291875
2024-08-12,NGA,0.004659084770612722
2024-08-13,NGA,0.005591393925790829
2024-08-14,NGA,0.0049096141557632466
2024-08-15,NGA,0.008591560335657264
2024-08-16,NGA,0.03255607992866471
2024-08-17,NGA,0.0064454630092164065
2024-08-18,NGA,0.008260236142309306
2024-08-19,NGA,0.006240036901945474
2024-08-20,NGA,0.008253363694434974
2024-08-21,NGA,0.04431070510265607
2024-08-22,NGA,0.009047633723785165
2024-08-23,NGA,0.005900052830385058
2024-08-24,NGA,0.12460876034500994
2024-08-25,NGA,0.06602018801963093
2024-08-26,NGA,0.03329572249271117
2024-08-27,NGA,0.07119448111430339
2024-08-28,NGA,0.011651132605516992
2024-08-29,NGA,0.008839003100257327
2024-08-30,NGA,0.010013593984444439
2024-08-31,NGA,0.0046888073489768775
2024-09-01,NGA,0.005117593953512342
2024-09-02,NGA,0.004776912917583628
2024-09-03,NGA,0.004442617713346218
2024-09-04,NGA,0.004255983755189857
2024-09-05,NGA,0.00491716576573323
2024-09-06,NGA,0.004625885951772735
2024-09-07,NGA,0.00833421254413613
2024-09-08,NGA,0.005769951095247237
2024-09-09,NGA,0.007375210775336097
2024-09-10,NGA,0.0056703183410834876
2024-09-11,NGA,0.014525984826946893
2024-09-12,NGA,0.08587855298645049
2024-09-13,NGA,0.02431842828613209
2024-09-14,NGA,0.011336083095649725
2024-09-15,NGA,0.05853113733621065
2024-09-16,NGA,0.0665714527660244
2024-09-17,NGA,0.11151244759111173
2024-09-18,NGA,0.014846653500452663
2024-09-19,NGA,0.009048326143416394
2024-09-20,NGA,0.008775363030868824
2024-09-21,NGA,0.055772397409010174
2024-09-22,NGA,0.008891902493094237
2024-09-23,NGA,0.011084464598326849
2024-09-24,NGA,0.007225771234844072
2024-09-25,NGA,0.006637109765144589
2024-09-26,NGA,0.019624938642763178
2024-09-27,NGA,0.01654729191499847
2024-09-28,NGA,0.01550163545442021
2024-09-29,NGA,0.03911251026908021
2024-09-30,NGA,0.06774892167190097
2024-10-01,NGA,0.01663277843482259
2024-10-02,NGA,0.01166034100097404
2024-10-03,NGA,0.007542871826465954
2024-10-04,NGA,0.007758751448304186
2024-10-05,NGA,0.008103899020495567
2024-10-06,NGA,0.0077395154011807975
2024-10-07,NGA,0.00836333861368225
2024-10-08,NGA,0.006126574050194066
2024-10-09,NGA,0.007845618761472542
2024-10-10,NGA,0.007878058228939186
2024-10-11,NGA,0.007512540942979515
2024-10-12,NGA,0.016822889788071466
2024-10-13,NGA,0.008604988412900106
2024-10-14,NGA,0.01045113194278077
2024-10-15,NGA,0.008250127497984067
2024-10-16,NGA,0.01070018188625394
2024-10-17,NGA,0.025649209204401974
2024-10-18,NGA,0.007565550326026774
2024-10-19,NGA,0.022718824236433083
2024-10-20,NGA,0.008262611608438901
2024-10-21,NGA,0.006057482991455813
2024-10-22,NGA,0.012720375834092053
2024-10-23,NGA,0.034006560117225665
2024-10-24,NGA,0.01366273903905535
2024-10-25,NGA,0.0209275898129346
2024-10-26,NGA,0.011457280877703502
2024-10-27,NGA,0.013869341456206594
2024-10-28,NGA,0.010041541546338024
2024-10-29,NGA,0.007687632166187694
2024-10-30,NGA,0.007032422666745854
2024-10-31,NGA,0.014896856856737481
2024-11-01,NGA,0.007723225464360976
2024-11-02,NGA,0.010870379042565487
2024-11-03,NGA,0.07470532015417161
2024-11-04,NGA,0.09367121709374744
2024-11-05,NGA,0.07202406476202626
2024-11-06,NGA,0.14720947086209624
2024-11-07,NGA,0.08812349512122944
2024-11-08,NGA,0.0975304771618476
2024-11-09,NGA,0.018741937549462843
2024-11-10,NGA,0.025806056407379364
2024-11-11,NGA,0.010879114034553399
2024-11-12,NGA,0.006507664732402967
2024-11-13,NGA,0.0045342683948757945
2024-11-14,NGA,0.004373768157165626
2024-11-15,NGA,0.004791540898305376
2024-11-16,NGA,0.004494766136715794
2024-11-17,NGA,0.004633761046413782
2024-11-18,NGA,0.0074990091355563735
2024-11-19,NGA,0.005819913356446744
2024-11-20,NGA,0.009613025737346806
2024-11-21,NGA,0.015964404990101048
2024-11-22,NGA,0.007847920548929743
2024-11-23,NGA,0.0074716081310031044
2024-11-24,NGA,0.014364682352344463
2024-11-25,NGA,0.004760810648488558
2024-11-26,NGA,0.007391629781961216
2024-11-27,NGA,0.004577538943550864
2024-11-28,NGA,0.004509377605892451
2024-11-29,NGA,0.0048371323412931865
2024-11-30,NGA,0.004927322252264017
2024-12-01,NGA,0.005794325106253225
2024-12-02,NGA,0.010593796585047227
2024-12-03,NGA,0.029075740728335447
2024-12-04,NGA,0.011870932972378023
2024-12-05,NGA,0.02407020740910263
2024-12-06,NGA,0.08836056236656903
2024-12-07,NGA,0.07635081482653568
2024-12-08,NGA,0.08972094514879424
2024-12-09,NGA,0.051759973482548655
2024-12-10,NGA,0.039180253948855326
2024-12-11,NGA,0.010265950495601901
2024-12-12,NGA,0.022088276131762917
2024-12-13,NGA,0.01209309806383213
2024-12-14,NGA,0.006927651754271093
2024-12-15,NGA,0.06108999481775458
2024-12-16,NGA,0.054668349412973355
2024-12-17,NGA,0.018204521814606616
2024-12-18,NGA,0.01526543857770269
2024-12-19,NGA,0.12751429732586617
2024-12-20,NGA,0.03269480228632759
2024-12-21,NGA,0.02027530933753712
2024-12-22,NGA,0.009170067569515612
2024-12-23,NGA,0.06755076847782632
2024-12-24,NGA,0.06111976501586252
2024-12-25,NGA,0.04938784582989794
2024-12-26,NGA,0.018560638514965318
2024-12-27,NGA,0.012802991440216599
2024-12-28,NGA,0.007050680487295732
2024-12-29,NGA,0.026060042435090403
2024-12-30,NGA,0.07165853934321288
2024-12-31,NGA,0.004445660208978397
2025-01-01,NGA,0.005904687878392415
2025-01-02,NGA,0.007204023550537395
2025-01-03,NGA,0.005818179832526549
2025-01-04,NGA,0.007355642716439045
2025-01-05,NGA,0.005776779697405012
2025-01-06,NGA,0.004923941828246371
2025-01-07,NGA,0.08622354633778245
2025-01-08,NGA,0.16344965193666053
2025-01-09,NGA,0.14650979858018826
2025-01-10,NGA,0.07871808957634534
2025-01-11,NGA,0.006270305290587584
2025-01-12,NGA,0.021717196956863114
2025-01-13,NGA,0.022392692193822967
2025-01-14,NGA,0.00494427822441409
2025-01-15,NGA,0.007760321556573773
2025-01-16,NGA,0.008219275289761296
2025-01-17,NGA,0.005289967341240122
2025-01-18,NGA,0.018741385837231353
2025-01-19,NGA,0.005017228373636475
2025-01-20,NGA,0.005303370847904055
2025-01-21,NGA,0.022500214362898237
2025-01-22,NGA,0.016976460095951988
2025-01-23,NGA,0.022734647140347276
2025-01-24,NGA,0.005345892033388381
2025-01-25,NGA,0.005331461992044878
2025-01-26,NGA,0.013561147089576583
2025-01-27,NGA,0.011829884802531202
2025-01-28,NGA,0.02975816899980953
2025-01-29,NGA,0.009977958661049412
2025-01-30,NGA,0.0046507283603272115
2025-01-31,NGA,0.004946782396041541
2025-02-01,NGA,0.004939828526915963
2025-02-02,NGA,0.006350576549127849
2025-02-03,NGA,0.004757915528765377
2025-02-04,NGA,0.005864380116853197
2025-02-05,NGA,0.004846097565143064
2025-02-06,NGA,0.02220367859810109
2025-02-07,NGA,0.14696357541557284
2025-02-08,NGA,0.013717145642108738
2025-02-09,NGA,0.024012957589906552
2025-02-10,NGA,0.04423767593092506
2025-02-11,NGA,0.010995005833285628
2025-02-12,NGA,0.02684902811439754
2025-02-13,NGA,0.011661182722425705
2025-02-14,NGA,0.009160529694821996
2025-02-15,NGA,0.0156425269247751
2025-02-16,NGA,0.006447784085078905
2025-02-17,NGA,0.0063240440369128174
2025-02-18,NGA,0.006711678847085369
2025-02-19,NGA,0.005468970538553374
2025-02-20,NGA,0.006234179613207759
2025-02-21,NGA,0.011692911521821187
2025-02-22,NGA,0.01665287964462027
2025-02-23,NGA,0.03250318932601859
2025-02-24,NGA,0.009290313982999197
2025-02-25,NGA,0.009011689690305691
2025-02-26,NGA,0.01652680315773357
2025-02-27,NGA,0.006757369195602634
2025-02-28,NGA,0.0067385383728079794
2025-03-01,NGA,0.00891116622771879
2025-03-02,NGA,0.006660442002239205
2025-03-03,NGA,0.009315649127159348
2025-03-04,NGA,0.006716977900974795
2025-03-05,NGA,0.009543148693248755
2025-03-06,NGA,0.011296589032535836
2025-03-07,NGA,0.006533474984469209
2025-03-08,NGA,0.021825521542806977
2025-03-09,NGA,0.01269990371337616
2025-03-10,NGA,0.12316369436229269
2025-03-11,NGA,0.033275087993323786
2025-03-12,NGA,0.007631398354449303
2025-03-13,NGA,0.010825019700463743
2025-03-14,NGA,0.007512253173157207
2025-03-15,NGA,0.010052565406639881
2025-03-16,NGA,0.0853178112407297
2025-03-17,NGA,0.07259175341108057
2025-03-18,NGA,0.010924071951528547
2025-03-19,NGA,0.006597456447300256
2025-03-20,NGA,0.007257579669229514
2025-03-21,NGA,0.011817938717819092
2025-03-22,NGA,0.045260342690194466
2025-03-23,NGA,0.007818672578779834
2025-03-24,NGA,0.006043784058974969
2025-03-25,NGA,0.005483131433271601
2025-03-26,NGA,0.004865493874778315
2025-03-27,NGA,0.0057064697662098235
2025-03-28,NGA,0.004546485135006939
2024-07-01,CMR,0.10010589368789963
2024-07-02,CMR,0.0848748034349649
2024-07-03,CMR,0.03610192156338366
2024-07-04,CMR,0.03856481382135817
2024-07-05,CMR,0.007035899067258904
2024-07-06,CMR,0.08597485299212435
2024-07-07,CMR,0.004771006361567529
2024-07-08,CMR,0.004261851183723094
2024-07-09,CMR,0.0042130259203559586
2024-07-10,CMR,0.004227386099238097
2024-07-11,CMR,0.004273270586025022
2024-07-12,CMR,0.004071951073558513
2024-07-13,CMR,0.004357860775626728
2024-07-14,CMR,0.007865068551843307
2024-07-15,CMR,0.038828124372393996
2024-07-16,CMR,0.007643309672363266
2024-07-17,CMR,0.022652164736338517
2024-07-18,CMR,0.015964875158160332
2024-07-19,CMR,0.132072975521871
2024-07-20,CMR,0.1304376556343775
2024-07-21,CMR,0.19605000640383416
2024-07-22,CMR,0.10163572193298302
2024-07-23,CMR,0.041109827740619484
2024-07-24,CMR,0.1511529764346072
2024-07-25,CMR,0.12215222604364918
2024-07-26,CMR,0.03929130662607189
2024-07-27,CMR,0.1493821507350389
2024-07-28,CMR,0.03615280692893445
2024-07-29,CMR,0.06353074505705185
2024-07-30,CMR,0.048171122919231806
2024-07-31,CMR,0.013346677980362277
2024-08-01,CMR,0.010801539198895427
2024-08-02,CMR,0.011700986002861057
2024-08-03,CMR,0.0633394426187865
2024-08-04,CMR,0.011367690340592377
2024-08-05,CMR,0.010818738198659512
2024-08-06,CMR,0.02516070060571364
2024-08-07,CMR,0.006617780421557708
2024-08-08,CMR,0.01173324405513849
2024-08-09,CMR,0.01839185258914541
2024-08-10,CMR,0.03520614219030224
2024-08-11,CMR,0.026211139072175847
2024-08-12,CMR,0.04686652312196399
2024-08-13,CMR,0.08900373175687643
2024-08-14,CMR,0.055276618331269685
2024-08-15,CMR,0.027397036898616178
2024-08-16,CMR,0.021019858985886944
2024-08-17,CMR,0.007576234700899918
2024-08-18,CMR,0.008220829566130282
2024-08-19,CMR,0.006132877409242138
2024-08-20,CMR,0.010640336751260814
2024-08-21,CMR,0.008271556825945924
2024-08-22,CMR,0.029459622333958463
2024-08-23,CMR,0.03327394744040554
2024-08-24,CMR,0.014451919846337856
2024-08-25,CMR,0.04841308279473814
2024-08-26,CMR,0.029309531381792403
2024-08-27,CMR,0.046423202967286005
2024-08-28,CMR,0.19817092844536172
2024-08-29,CMR,0.02691229504660754
2024-08-30,CMR,0.020443713197065578
2024-08-31,CMR,0.12529193147620962
2024-09-01,CMR,0.05179071012210487
2024-09-02,CMR,0.10841302466706122
2024-09-03,CMR,0.00754910898039394
2024-09-04,CMR,0.0999122221018961
2024-09-05,CMR,0.006947201160781156
2024-09-06,CMR,0.015853435772778028
2024-09-07,CMR,0.027495439544359374
2024-09-08,CMR,0.008226106494497913
2024-09-09,CMR,0.008842734524358506
2024-09-10,CMR,0.007214864405080524
2024-09-11,CMR,0.008018119558607482
2024-09-12,CMR,0.007742871048017073
2024-09-13,CMR,0.007193984583099965
2024-09-14,CMR,0.021853131424247926
2024-09-15,CMR,0.023279022141307802
2024-09-16,CMR,0.11593211977263532
2024-09-17,CMR,0.04603460975369085
2024-09-18,CMR,0.02616248781297563
2024-09-19,CMR,0.17240615867051656
2024-09-20,CMR,0.030110890599384807
2024-09-21,CMR,0.07084755987323375
2024-09-22,CMR,0.060475015365361845
2024-09-23,CMR,0.10481433179110165
2024-09-24,CMR,0.12074702555648593
2024-09-25,CMR,0.07623435803188841
2024-09-26,CMR,0.06308783080825041
2024-09-27,CMR,0.08459820044876498
2024-09-28,CMR,0.05175031349058279
2024-09-29,CMR,0.08608849953045589
2024-09-30,CMR,0.03949615751448002
2024-10-01,CMR,0.10033714896672878
2024-10-02,CMR,0.016933683879103607
2024-10-03,CMR,0.04300961158237655
2024-10-04,CMR,0.048935698582063404
2024-10-05,CMR,0.054998613116483276
2024-10-06,CMR,0.045660597656396316
2024-10-07,CMR,0.015672167731488145
2024-10-08,CMR,0.06001996523366789
2024-10-09,CMR,0.020436193831056344
2024-10-10,CMR,0.009031235540633814
2024-10-11,CMR,0.05045862499209014
2024-10-12,CMR,0.1411572803169371
2024-10-13,CMR,0.017974296276854908
2024-10-14,CMR,0.008108413809237389
2024-10-15,CMR,0.010924702781325641
2024-10-16,CMR,0.013344954961163634
2024-10-17,CMR,0.006785779490107736
2024-10-18,CMR,0.009357432047699787
2024-10-19,CMR,0.021636664552737325
2024-10-20,CMR,0.006511015273952765
2024-10-21,CMR,0.008711629836601537
2024-10-22,CMR,0.009786614974565998
2024-10-23,CMR,0.03034090301236646
2024-10-24,CMR,0.09847287208371086
2024-10-25,CMR,0.038668131517221274
2024-10-26,CMR,0.03006723002406808
2024-10-27,CMR,0.046615266480090865
2024-10-28,CMR,0.0939817148237637
2024-10-29,CMR,0.021146584478993747
2024-10-30,CMR,0.10304384298280958
2024-10-31,CMR,0.017731092506533475
2024-11-01,CMR,0.012320537934433691
2024-11-02,CMR,0.08922220222270986
2024-11-03,CMR,0.008522588018218523
2024-11-04,CMR,0.019654603982348858
2024-11-05,CMR,0.02029691324105517
2024-11-06,CMR,0.040605292267648876
2024-11-07,CMR,0.11899164837122017
2024-11-08,CMR,0.14380732068414442
2024-11-09,CMR,0.1049020451217514
2024-11-10,CMR,0.15378487439547428
2024-11-11,CMR,0.03443399510973927
2024-11-12,CMR,0.13668260461488968
2024-11-13,CMR,0.03325386565390465
2024-11-14,CMR,0.04602829040898299
2024-11-15,CMR,0.010302962260024738
2024-11-16,CMR,0.006365339498955917
2024-11-17,CMR,0.006024139212745434
2024-11-18,CMR,0.011716361432868909
2024-11-19,CMR,0.008835365270493086
2024-11-20,CMR,0.005867151655446768
2024-11-21,CMR,0.00565980556566108
2024-11-22,CMR,0.0166049653172102
2024-11-23,CMR,0.009437303210207906
2024-11-24,CMR,0.016573838477379907
2024-11-25,CMR,0.006247391131338976
2024-11-26,CMR,0.006193725851025676
2024-11-27,CMR,0.07032821028580202
2024-11-28,CMR,0.07345433580396545
2024-11-29,CMR,0.012557111128775158
2024-11-30,CMR,0.006801939163810435
2024-12-01,CMR,0.011441277729365004
2024-12-02,CMR,0.03126219537012735
2024-12-03,CMR,0.07837310459948747
2024-12-04,CMR,0.02199404089180388
2024-12-05,CMR,0.050186104692074365
2024-12-06,CMR,0.018457377334457854
2024-12-07,CMR,0.021369720634203043
2024-12-08,CMR,0.023824542201543755
2024-12-09,CMR,0.008142442473576712
2024-12-10,CMR,0.007954622072019609
2024-12-11,CMR,0.030650194528597723
2024-12-12,CMR,0.11993739858982234
2024-12-13,CMR,0.016898575744092603
2024-12-14,CMR,0.018279020239358883
2024-12-15,CMR,0.04093614513188869
2024-12-16,CMR,0.018311461176164473
2024-12-17,CMR,0.0594732546276404
2024-12-18,CMR,0.16325463146308405
2024-12-19,CMR,0.020989918975306065
2024-12-20,CMR,0.024087290380606023
2024-12-21,CMR,0.03301415939448996
2024-12-22,CMR,0.03127189716941544
2024-12-23,CMR,0.0263146061345957
2024-12-24,CMR,0.021118717312786094
2024-12-25,CMR,0.005513694459260528
2024-12-26,CMR,0.0054848368894637525
2024-12-27,CMR,0.006679944970352515
2024-12-28,CMR,0.005622943909249187
2024-12-29,CMR,0.0089277502334107
2024-12-30,CMR,0.005340726440025609
2024-12-31,CMR,0.005870852421584333
2025-01-01,CMR,0.16892332517863437
2025-01-02,CMR,0.15576264822961616
2025-01-03,CMR,0.20178196280472738
2025-01-04,CMR,0.14521964740765705
2025-01-05,CMR,0.08345310954804606
2025-01-06,CMR,0.07356927214664592
2025-01-07,CMR,0.11233205523241947
2025-01-08,CMR,0.09633192410017093
2025-01-09,CMR,0.012862691741188915
2025-01-10,CMR,0.026246749888629357
2025-01-11,CMR,0.011690678894511428
2025-01-12,CMR,0.03298687665537538
2025-01-13,CMR,0.029180365226538618
2025-01-14,CMR,0.023452948904633064
2025-01-15,CMR,0.007845480981231062
2025-01-16,CMR,0.018255659147048946
2025-01-17,CMR,0.042625435335379686
2025-01-18,CMR,0.02717860174416758
2025-01-19,CMR,0.009913046448372034
2025-01-20,CMR,0.006382819984130591
2025-01-21,CMR,0.00927692213773421
2025-01-22,CMR,0.009524431341575481
2025-01-23,CMR,0.023034480751620682
2025-01-24,CMR,0.007285546789147415
2025-01-25,CMR,0.025738286061429666
2025-01-26,CMR,0.0058802267898672095
2025-01-27,CMR,0.00599078174407056
2025-01-28,CMR,0.020185765747782317
2025-01-29,CMR,0.09485032569480174
2025-01-30,CMR,0.051722957447995
2025-01-31,CMR,0.0229586163687042
2025-02-01,CMR,0.060906147685639976
2025-02-02,CMR,0.11552746425359263
2025-02-03,CMR,0.10378413734411876
2025-02-04,CMR,0.032144896552497526
2025-02-05,CMR,0.034895225551712185
2025-02-06,CMR,0.023711468549148174
2025-02-07,CMR,0.15876491284274852
2025-02-08,CMR,0.07915585774406239
2025-02-09,CMR,0.1338121086519036
2025-02-10,CMR,0.09116629589988459
2025-02-11,CMR,0.14643977077881445
2025-02-12,CMR,0.020405818592726662
2025-02-13,CMR,0.018117308508295557
2025-02-14,CMR,0.01248620421900765
2025-02-15,CMR,0.008591271042526352
2025-02-16,CMR,0.006382899275889544
2025-02-17,CMR,0.008432747759335621
2025-02-18,CMR,0.01065090946162708
2025-02-19,CMR,0.09796664463807074
2025-02-20,CMR,0.007876299093480298
2025-02-21,CMR,0.018891773393880776
2025-02-22,CMR,0.03137921180142332
2025-02-23,CMR,0.15362721486593892
2025-02-24,CMR,0.051147056470471124
2025-02-25,CMR,0.080035360924757
2025-02-26,CMR,0.01094476324385039
2025-02-27,CMR,0.013399003504653784
2025-02-28,CMR,0.010831145831971247
2025-03-01,CMR,0.02939021523146377
2025-03-02,CMR,0.027735081358567337
2025-03-03,CMR,0.044678467968403225
2025-03-04,CMR,0.0776850943637334
2025-03-05,CMR,0.11151281870490581
2025-03-06,CMR,0.016443420971157374
2025-03-07,CMR,0.010118984731122188
2025-03-08,CMR,0.030893886898356027
2025-03-09,CMR,0.018880827326536398
2025-03-10,CMR,0.16494202952706885
2025-03-11,CMR,0.012617364522689193
2025-03-12,CMR,0.0249066332227608
2025-03-13,CMR,0.010723711461543889
2025-03-14,CMR,0.017528475947707924
2025-03-15,CMR,0.05278112838804689
2025-03-16,CMR,0.03451514424903486
2025-03-17,CMR,0.027720940716831927
2025-03-18,CMR,0.018607002358434998
2025-03-19,CMR,0.020083730788218537
2025-03-20,CMR,0.012160999333070032
2025-03-21,CMR,0.015628606870507374
2025-03-22,CMR,0.008307733804118443
2025-03-23,CMR,0.01259380449117739
2025-03-24,CMR,0.015015604686760678
2025-03-25,CMR,0.013340305755236936
2025-03-26,CMR,0.046606689490020024
2025-03-27,CMR,0.00766585649100782
2025-03-28,CMR,0.010150296574801557
2024-07-01,TCD,0.10279315071358727
2024-07-02,TCD,0.22630490475371629
2024-07-03,TCD,0.19655296673812223
2024-07-04,TCD,0.05394995286170557
2024-07-05,TCD,0.07016150477014545
2024-07-06,TCD,0.05444071718112333
2024-07-07,TCD,0.004795698757359557
2024-07-08,TCD,0.03685914708658313
2024-07-09,TCD,0.0040997053821259
2024-07-10,TCD,0.004350952325811922
2024-07-11,TCD,0.004092067886414423
2024-07-12,TCD,0.004035597052140408
2024-07-13,TCD,0.004069023177303906
2024-07-14,TCD,0.004127089836489769
2024-07-15,TCD,0.006211087804441348
2024-07-16,TCD,0.08809409475978937
2024-07-17,TCD,0.013275080073103263
2024-07-18,TCD,0.009935601895323026
2024-07-19,TCD,0.013715837752540237
2024-07-20,TCD,0.032878704383937904
2024-07-21,TCD,0.04256451475765769
2024-07-22,TCD,0.017367847818008972
2024-07-23,TCD,0.035875584013973776
2024-07-24,TCD,0.1341299722795854
2024-07-25,TCD,0.13360680383016543
2024-07-26,TCD,0.12420246252232045
2024-07-27,TCD,0.19315270452654895
2024-07-28,TCD,0.10415751226884801
2024-07-29,TCD,0.1724342841313651
2024-07-30,TCD,0.11030222238826017
2024-07-31,TCD,0.11970553069754727
2024-08-01,TCD,0.11934760231597413
2024-08-02,TCD,0.09992839378893027
2024-08-03,TCD,0.0974145185872439
2024-08-04,TCD,0.14005887112703086
2024-08-05,TCD,0.16801509628724176
2024-08-06,TCD,0.16923785290413004
2024-08-07,TCD,0.08501270189068459
2024-08-08,TCD,0.10658545278285013
2024-08-09,TCD,0.11424700059582875
2024-08-10,TCD,0.21885108314584367
2024-08-11,TCD,0.2098051285351091
2024-08-12,TCD,0.006667328021964705
2024-08-13,TCD,0.00622424461324436
2024-08-14,TCD,0.0060793685434538565
2024-08-15,TCD,0.0061432153193998066
2024-08-16,TCD,0.006147412208391592
2024-08-17,TCD,0.048528320810750175
2024-08-18,TCD,0.005613999392007223
2024-08-19,TCD,0.10143318830949724
2024-08-20,TCD,0.08122304589135998
2024-08-21,TCD,0.06600930350242684
2024-08-22,TCD,0.06871850034695595
2024-08-23,TCD,0.05518736734679874
2024-08-24,TCD,0.11050926597126458
2024-08-25,TCD,0.07525094891124218
2024-08-26,TCD,0.1000578100530089
2024-08-27,TCD,0.09380527919036959
2024-08-28,TCD,0.13765400132804106
2024-08-29,TCD,0.20862923012040355
2024-08-30,TCD,0.12367013226240249
2024-08-31,TCD,0.16525008031093838
2024-09-01,TCD,0.14095823316243858
2024-09-02,TCD,0.17628207189763873
2024-09-03,TCD,0.21820844010268686
2024-09-04,TCD,0.05654408061271239
2024-09-05,TCD,0.06814005307863953
2024-09-06,TCD,0.07362595961464076
2024-09-07,TCD,0.17235159074486642
2024-09-08,TCD,0.09805645256863127
2024-09-09,TCD,0.14153434672993292
2024-09-10,TCD,0.061642084338419466
2024-09-11,TCD,0.043590033025828916
2024-09-12,TCD,0.038917146936395704
2024-09-13,TCD,0.04380991916884648
2024-09-14,TCD,0.15451571339489753
2024-09-15,TCD,0.1256882053478412
2024-09-16,TCD,0.013950831469024318
2024-09-17,TCD,0.01038042178522821
2024-09-18,TCD,0.012650129538937733
2024-09-19,TCD,0.011006575849233011
2024-09-20,TCD,0.010820934303986098
2024-09-21,TCD,0.016527268025638628
2024-09-22,TCD,0.013845534227283279
2024-09-23,TCD,0.013898790190704518
2024-09-24,TCD,0.08984063983724325
2024-09-25,TCD,0.04744372677162377
2024-09-26,TCD,0.04177516292963545
2024-09-27,TCD,0.04513403382344107
2024-09-28,TCD,0.03384875191386551
2024-09-29,TCD,0.0978900725432786
2024-09-30,TCD,0.10293656981225136
2024-10-01,TCD,0.10970076544935577
2024-10-02,TCD,0.011679175808508815
2024-10-03,TCD,0.011486440664787673
2024-10-04,TCD,0.010386495667752715
2024-10-05,TCD,0.01223516410521396
2024-10-06,TCD,0.009281690900579245
2024-10-07,TCD,0.009547359500135766
2024-10-08,TCD,0.008044045479639765
2024-10-09,TCD,0.20386486773690052
2024-10-10,TCD,0.1096298635488238
2024-10-11,TCD,0.07941006719476096
2024-10-12,TCD,0.08554543756358154
2024-10-13,TCD,0.10225776468550886
2024-10-14,TCD,0.11228494214537055
2024-10-15,TCD,0.2181935049376611
2024-10-16,TCD,0.11573402461939973
2024-10-17,TCD,0.11872268244272492
2024-10-18,TCD,0.12136805399913683
2024-10-19,TCD,0.19605689926726666
2024-10-20,TCD,0.2176794102056274
2024-10-21,TCD,0.15445182145070888
2024-10-22,TCD,0.1708630164811462
2024-10-23,TCD,0.18799367844716428
2024-10-24,TCD,0.10427746643206051
2024-10-25,TCD,0.08751787234550906
2024-10-26,TCD,0.0938028558357705
2024-10-27,TCD,0.20746343754016927
2024-10-28,TCD,0.08530804410810973
2024-10-29,TCD,0.018338796828427064
2024-10-30,TCD,0.010382299244973874
2024-10-31,TCD,0.009164979885390362
2024-11-01,TCD,0.008176472306002467
2024-11-02,TCD,0.009165349270639127
2024-11-03,TCD,0.0046236965671271535
2024-11-04,TCD,0.004594221140075068
2024-11-05,TCD,0.005459011332341387
2024-11-06,TCD,0.004688108259726021
2024-11-07,TCD,0.004697948141444426
2024-11-08,TCD,0.0048536671456715415
2024-11-09,TCD,0.006504382068822299
2024-11-10,TCD,0.10430188701835634
2024-11-11,TCD,0.08164357049449954
2024-11-12,TCD,0.02219350226080191
2024-11-13,TCD,0.034411074926572326
2024-11-14,TCD,0.09742473426666287
2024-11-15,TCD,0.03247798532499589
2024-11-16,TCD,0.004051468942563661
2024-11-17,TCD,0.004043257718454417
2024-11-18,TCD,0.004022638879760423
2024-11-19,TCD,0.004130027158734288
2024-11-20,TCD,0.004132046627336821
2024-11-21,TCD,0.004081627781683245
2024-11-22,TCD,0.004061583600890817
2024-11-23,TCD,0.06025364323831085
2024-11-24,TCD,0.06097467664694515
2024-11-25,TCD,0.08150186716313906
2024-11-26,TCD,0.07319466928182725
2024-11-27,TCD,0.10110344494640133
2024-11-28,TCD,0.10269707424069453
2024-11-29,TCD,0.20921932665734905
2024-11-30,TCD,0.21353669360149213
2024-12-01,TCD,0.14177050650045137
2024-12-02,TCD,0.13570970435596186
2024-12-03,TCD,0.15937975260565684
2024-12-04,TCD,0.1596260377061566
2024-12-05,TCD,0.11897384385010039
2024-12-06,TCD,0.06331634624234893
2024-12-07,TCD,0.05255793174064656
2024-12-08,TCD,0.19626019340672188
2024-12-09,TCD,0.06627934105231068
2024-12-10,TCD,0.19262156348519585
2024-12-11,TCD,0.0859214526712466
2024-12-12,TCD,0.04385766581761014
2024-12-13,TCD,0.0834995406940942
2024-12-14,TCD,0.10696738146510598
2024-12-15,TCD,0.0567552110987255
2024-12-16,TCD,0.006671947479014123
2024-12-17,TCD,0.006257707390603706
2024-12-18,TCD,0.00626403164012876
2024-12-19,TCD,0.0060904321163227654
2024-12-20,TCD,0.006778633580573569
2024-12-21,TCD,0.006064754249956545
2024-12-22,TCD,0.01052268960447612
2024-12-23,TCD,0.00765969037358737
2024-12-24,TCD,0.08588100555975509
2024-12-25,TCD,0.015753104002352095
2024-12-26,TCD,0.012738995475172162
2024-12-27,TCD,0.010825671426824212
2024-12-28,TCD,0.017561978624467435
2024-12-29,TCD,0.015836306815112923
2024-12-30,TCD,0.01122506183405884
2024-12-31,TCD,0.01179430093649605
2025-01-01,TCD,0.12436095450555797
2025-01-02,TCD,0.10636218692171337
2025-01-03,TCD,0.12182436518696299
2025-01-04,TCD,0.15037374402324558
2025-01-05,TCD,0.11070243150789959
2025-01-06,TCD,0.11344913149427988
2025-01-07,TCD,0.16973803537307905
2025-01-08,TCD,0.22091012177026287
2025-01-09,TCD,0.21568468581685257
2025-01-10,TCD,0.2214499520080861
2025-01-11,TCD,0.18203317928580937
2025-01-12,TCD,0.17562309613627688
2025-01-13,TCD,0.1459072193489317
2025-01-14,TCD,0.11150517358504981
2025-01-15,TCD,0.017283917360818277
2025-01-16,TCD,0.004796944882588212
2025-01-17,TCD,0.005170238451645558
2025-01-18,TCD,0.005324001604465978
2025-01-19,TCD,0.074013729346744
2025-01-20,TCD,0.006516485231479719
2025-01-21,TCD,0.00546635947012064
2025-01-22,TCD,0.03685907695389502
2025-01-23,TCD,0.07575004086891714
2025-01-24,TCD,0.03785761583466471
2025-01-25,TCD,0.04935281555207073
2025-01-26,TCD,0.09244203000167979
2025-01-27,TCD,0.026450426899276153
2025-01-28,TCD,0.18711365013095965
2025-01-29,TCD,0.06512162240578596
2025-01-30,TCD,0.2022028890505853
2025-01-31,TCD,0.03252397491410768
2025-02-01,TCD,0.09195249760812738
2025-02-02,TCD,0.13237918819971242
2025-02-03,TCD,0.1200720467630214
2025-02-04,TCD,0.05572187915350887
2025-02-05,TCD,0.015849061614259693
2025-02-06,TCD,0.016024674047512778
2025-02-07,TCD,0.16028576122293547
2025-02-08,TCD,0.020190023852047056
2025-02-09,TCD,0.013102773508368814
2025-02-10,TCD,0.012641906618339612
2025-02-11,TCD,0.12931155472204017
2025-02-12,TCD,0.09365631335034359
2025-02-13,TCD,0.10717650865823704
2025-02-14,TCD,0.009262461802154856
2025-02-15,TCD,0.021870727580013148
2025-02-16,TCD,0.16098318875268972
2025-02-17,TCD,0.009218805634653394
2025-02-18,TCD,0.008198271234333497
2025-02-19,TCD,0.007906146475101657
2025-02-20,TCD,0.008013401470016553
2025-02-21,TCD,0.12282439136900719
2025-02-22,TCD,0.2036742527193256
2025-02-23,TCD,0.2054365328609125
2025-02-24,TCD,0.1289283333502766
2025-02-25,TCD,0.09007757613829576
2025-02-26,TCD,0.1175980934319047
2025-02-27,TCD,0.10539465755802511
2025-02-28,TCD,0.10657887978214169
2025-03-01,TCD,0.014873565096779406
2025-03-02,TCD,0.016474394018678725
2025-03-03,TCD,0.02564871042479123
2025-03-04,TCD,0.015171714053040476
2025-03-05,TCD,0.012360283326706367
2025-03-06,TCD,0.06679629702784963
2025-03-07,TCD,0.015361255735962337
2025-03-08,TCD,0.12236888761586016
2025-03-09,TCD,0.08334565226504805
2025-03-10,TCD,0.11477233731416864
2025-03-11,TCD,0.08354661741282088
2025-03-12,TCD,0.10356970590217043
2025-03-13,TCD,0.007503141887472939
2025-03-14,TCD,0.007626492293650734
2025-03-15,TCD,0.062278544637334184
2025-03-16,TCD,0.01837200141437188
2025-03-17,TCD,0.006481354986750148
2025-03-18,TCD,0.005891708524479481
2025-03-19,TCD,0.007695217928590904
2025-03-20,TCD,0.10896046719567988
2025-03-21,TCD,0.1901528728917322
2025-03-22,TCD,0.07651386015582867
2025-03-23,TCD,0.05470609098199697
2025-03-24,TCD,0.0600878829727363
2025-03-25,TCD,0.07085825341848825
2025-03-26,TCD,0.07225184233510012
2025-03-27,TCD,0.06840332837222184
2025-03-28,TCD,0.044592531537751716
2024-07-01,GIN,0.04976702602765581
2024-07-02,GIN,0.04184640819745867
2024-07-03,GIN,0.046461181611245655
2024-07-04,GIN,0.020870425174144554
2024-07-05,GIN,0.027940349615742762
2024-07-06,GIN,0.025866538694228888
2024-07-07,GIN,0.028964365198597415
2024-07-08,GIN,0.03269143071257864
2024-07-09,GIN,0.054958949371302426
2024-07-10,GIN,0.04917017693486148
2024-07-11,GIN,0.0339419803868354
2024-07-12,GIN,0.051094044650432706
2024-07-13,GIN,0.03238028233224167
2024-07-14,GIN,0.03335196974137023
2024-07-15,GIN,0.05197021607788677
2024-07-16,GIN,0.012097188078045766
2024-07-17,GIN,0.01259666625747935
2024-07-18,GIN,0.009313069643684271
2024-07-19,GIN,0.011508012452593955
2024-07-20,GIN,0.010557972002061359
2024-07-21,GIN,0.013320334041483292
2024-07-22,GIN,0.012855262771702496
2024-07-23,GIN,0.05634313198388301
2024-07-24,GIN,0.04637122628252171
2024-07-25,GIN,0.05601371285459906
2024-07-26,GIN,0.05373214357795088
2024-07-27,GIN,0.0406351253354029
2024-07-28,GIN,0.04998766871759795
2024-07-29,GIN,0.04872077336479098
2024-07-30,GIN,0.18213963958420804
2024-07-31,GIN,0.03849311047057936
2024-08-01,GIN,0.15914864603065934
2024-08-02,GIN,0.05174376328439171
2024-08-03,GIN,0.029306026297393695
2024-08-04,GIN,0.02868000455111387
2024-08-05,GIN,0.03192027088056452
2024-08-06,GIN,0.03060068835257041
2024-08-07,GIN,0.022876421010334137
2024-08-08,GIN,0.032996058928999726
2024-08-09,GIN,0.1488790602921944
2024-08-10,GIN,0.051742125818572425
2024-08-11,GIN,0.04308979106910201
2024-08-12,GIN,0.04925486900816974
2024-08-13,GIN,0.04241986897284764
2024-08-14,GIN,0.043865551491455275
2024-08-15,GIN,0.05615836127929277
2024-08-16,GIN,0.045549213226086474
2024-08-17,GIN,0.1634685637682359
2024-08-18,GIN,0.18312961155936613
2024-08-19,GIN,0.05040446834993916
2024-08-20,GIN,0.049181031648197954
2024-08-21,GIN,0.1818690955111647
2024-08-22,GIN,0.03665706054633065
2024-08-23,GIN,0.03377795849034035
2024-08-24,GIN,0.018479812642810466
2024-08-25,GIN,0.10003064000872099
2024-08-26,GIN,0.01572320659464422
2024-08-27,GIN,0.013652330858840215
2024-08-28,GIN,0.015315348463108168
2024-08-29,GIN,0.015118446818484612
2024-08-30,GIN,0.014227200319780517
2024-08-31,GIN,0.05336034224857347
2024-09-01,GIN,0.007150788032625932
2024-09-02,GIN,0.0074383507182589955
2024-09-03,GIN,0.009039908993851776
2024-09-04,GIN,0.00608439933098058
2024-09-05,GIN,0.02474715727204557
2024-09-06,GIN,0.008378385662548038
2024-09-07,GIN,0.011728066228633286
2024-09-08,GIN,0.08349202723007089
2024-09-09,GIN,0.05373370293344428
2024-09-10,GIN,0.048010551739853434
2024-09-11,GIN,0.05288696605621895
2024-09-12,GIN,0.20230396610456358
2024-09-13,GIN,0.05428510384578061
2024-09-14,GIN,0.04054253743338252
2024-09-15,GIN,0.06293193687436505
2024-09-16,GIN,0.06593311091216937
2024-09-17,GIN,0.050362537093573224
2024-09-18,GIN,0.052450575644842005
2024-09-19,GIN,0.1265307322767458
2024-09-20,GIN,0.05195552267268297
2024-09-21,GIN,0.027007027648629615
2024-09-22,GIN,0.02817645253759381
2024-09-23,GIN,0.026507937323938087
2024-09-24,GIN,0.024723701958708693
2024-09-25,GIN,0.13513873833253545
2024-09-26,GIN,0.07009114733731307
2024-09-27,GIN,0.06128157293736103
2024-09-28,GIN,0.06176579950103516
2024-09-29,GIN,0.059715869403701535
2024-09-30,GIN,0.06309946148383333
2024-10-01,GIN,0.031175277903186135
2024-10-02,GIN,0.006304954259836985
2024-10-03,GIN,0.006118368457321177
2024-10-04,GIN,0.00612034263724428
2024-10-05,GIN,0.00578311101893529
2024-10-06,GIN,0.006035154051252197
2024-10-07,GIN,0.006429120305499671
2024-10-08,GIN,0.005901574313597665
2024-10-09,GIN,0.06147264227496699
2024-10-10,GIN,0.07147615625656559
2024-10-11,GIN,0.07836708031816637
2024-10-12,GIN,0.0615865567130355
2024-10-13,GIN,0.12403796872399032
2024-10-14,GIN,0.12354890148989252
2024-10-15,GIN,0.0661790494583275
2024-10-16,GIN,0.07082314320154104
2024-10-17,GIN,0.19065245775847453
2024-10-18,GIN,0.14203719910842974
2024-10-19,GIN,0.12279051852862742
2024-10-20,GIN,0.14750934371771843
2024-10-21,GIN,0.061198841023084656
2024-10-22,GIN,0.11112906302157737
2024-10-23,GIN,0.022351920197703348
2024-10-24,GIN,0.02324866312566891
2024-10-25,GIN,0.041703797981824685
2024-10-26,GIN,0.016654774360672
2024-10-27,GIN,0.021545801645238463
2024-10-28,GIN,0.022937708888488534
2024-10-29,GIN,0.028357086600038453
2024-10-30,GIN,0.03256059250238991
2024-10-31,GIN,0.03323654945776357
2024-11-01,GIN,0.020090120284947888
2024-11-02,GIN,0.02327739299164153
2024-11-03,GIN,0.03846756925144662
2024-11-04,GIN,0.023585893240064097
2024-11-05,GIN,0.08480408702586816
2024-11-06,GIN,0.08971583527337361
2024-11-07,GIN,0.11566640321662074
2024-11-08,GIN,0.07050835406660404
2024-11-09,GIN,0.09172141230563517
2024-11-10,GIN,0.09252677636708727
2024-11-11,GIN,0.12206027305255353
2024-11-12,GIN,0.06727810299936768
2024-11-13,GIN,0.10359086328025716
2024-11-14,GIN,0.08184113604143178
2024-11-15,GIN,0.0856985668500708
2024-11-16,GIN,0.06513716138425027
2024-11-17,GIN,0.08468691230152613
2024-11-18,GIN,0.07125349420666681
2024-11-19,GIN,0.20937605574565474
2024-11-20,GIN,0.1411953791407078
2024-11-21,GIN,0.07513752752742524
2024-11-22,GIN,0.06710279737703509
2024-11-23,GIN,0.04660181625530588
2024-11-24,GIN,0.06760859726449056
2024-11-25,GIN,0.0638748169773626
2024-11-26,GIN,0.01303591746862474
2024-11-27,GIN,0.008493921988113863
2024-11-28,GIN,0.008512196452817916
2024-11-29,GIN,0.006415788585990419
2024-11-30,GIN,0.007015575889585572
2024-12-01,GIN,0.0076037792613853385
2024-12-02,GIN,0.011602190993032259
2024-12-03,GIN,0.09928691516602768
2024-12-04,GIN,0.061468269076085005
2024-12-05,GIN,0.06383963011746983
2024-12-06,GIN,0.0842212098139038
2024-12-07,GIN,0.08062326096933614
2024-12-08,GIN,0.0720856684684011
2024-12-09,GIN,0.045428677423546726
2024-12-10,GIN,0.18281663173489004
2024-12-11,GIN,0.21662214537909782
2024-12-12,GIN,0.16600188217798004
2024-12-13,GIN,0.014451002411789149
2024-12-14,GIN,0.01391151452922232
2024-12-15,GIN,0.019071712630249666
2024-12-16,GIN,0.034211004007128704
2024-12-17,GIN,0.050633768426393624
2024-12-18,GIN,0.04751373043233993
2024-12-19,GIN,0.019981933060605736
2024-12-20,GIN,0.02616717507952996
2024-12-21,GIN,0.018801187191498977
2024-12-22,GIN,0.02397874487615235
2024-12-23,GIN,0.04932496882157654
2024-12-24,GIN,0.02073674787369187
2024-12-25,GIN,0.09608584194348263
2024-12-26,GIN,0.07068863749817769
2024-12-27,GIN,0.10632947437136135
2024-12-28,GIN,0.07400281667544976
2024-12-29,GIN,0.07488462995331466
2024-12-30,GIN,0.11122966272865199
2024-12-31,GIN,0.22278600506822616
2025-01-01,GIN,0.21429961631257213
2025-01-02,GIN,0.11941504163471921
2025-01-03,GIN,0.060884408500335795
2025-01-04,GIN,0.08480669184508502
2025-01-05,GIN,0.08617211135200765
2025-01-06,GIN,0.22322549407877798
2025-01-07,GIN,0.18737679744584648
2025-01-08,GIN,0.02484187028987492
2025-01-09,GIN,0.0187414823369991
2025-01-10,GIN,0.03702028365815959
2025-01-11,GIN,0.010025462326575323
2025-01-12,GIN,0.03622503770961321
2025-01-13,GIN,0.10793704850732247
2025-01-14,GIN,0.03922898059704688
2025-01-15,GIN,0.08029954247753726
2025-01-16,GIN,0.043599715390115444
2025-01-17,GIN,0.021124989466620236
2025-01-18,GIN,0.20337177344992996
2025-01-19,GIN,0.21886236080899288
2025-01-20,GIN,0.033167493927028835
2025-01-21,GIN,0.036690513033357054
2025-01-22,GIN,0.21814992512883008
2025-01-23,GIN,0.03424056232574188
2025-01-24,GIN,0.061591036765791175
2025-01-25,GIN,0.009040146563087374
2025-01-26,GIN,0.02423494799868308
2025-01-27,GIN,0.007994241092410757
2025-01-28,GIN,0.007400106060009139
2025-01-29,GIN,0.015013447817258592
2025-01-30,GIN,0.010709260270344492
2025-01-31,GIN,0.010032144765143997
2025-02-01,GIN,0.030990056188074745
2025-02-02,GIN,0.03527384042422946
2025-02-03,GIN,0.041633885640035034
2025-02-04,GIN,0.0368811656010451
2025-02-05,GIN,0.17208221579654587
2025-02-06,GIN,0.07781042911067935
2025-02-07,GIN,0.06621540946764551
2025-02-08,GIN,0.07595085375926923
2025-02-09,GIN,0.07494452703641061
2025-02-10,GIN,0.09982251270664201
2025-02-11,GIN,0.07615101505142846
2025-02-12,GIN,0.0625665085058853
2025-02-13,GIN,0.17014933081444703
2025-02-14,GIN,0.1388185677402369
2025-02-15,GIN,0.08022953663724584
2025-02-16,GIN,0.05981466392361038
2025-02-17,GIN,0.0454072451046516
2025-02-18,GIN,0.055713565136180476
2025-02-19,GIN,0.04557328472635886
2025-02-20,GIN,0.20485087935326018
2025-02-21,GIN,0.044723896821078746
2025-02-22,GIN,0.037266024822764594
2025-02-23,GIN,0.048966271400050956
2025-02-24,GIN,0.04120020221376662
2025-02-25,GIN,0.026584906955154204
2025-02-26,GIN,0.028774595562270026
2025-02-27,GIN,0.011231322312726602
2025-02-28,GIN,0.010029838026822382
2025-03-01,GIN,0.011792000756173603
2025-03-02,GIN,0.01355231788161719
2025-03-03,GIN,0.013705288537374351
2025-03-04,GIN,0.01034924200368749
2025-03-05,GIN,0.011195721563211898
2025-03-06,GIN,0.0328847695890709
2025-03-07,GIN,0.02126625773979994
2025-03-08,GIN,0.027893655273127347
2025-03-09,GIN,0.026941959033017136
2025-03-10,GIN,0.024558250242685674
2025-03-11,GIN,0.02446845107945264
2025-03-12,GIN,0.02507615502408026
2025-03-13,GIN,0.022363610930166016
2025-03-14,GIN,0.029299668866161147
2025-03-15,GIN,0.04077587247262423
2025-03-16,GIN,0.037241727064225474
2025-03-17,GIN,0.03458312349188094
2025-03-18,GIN,0.0326540921116888
2025-03-19,GIN,0.03251295214439251
2025-03-20,GIN,0.042331183328838944
2025-03-21,GIN,0.04370766161874681
2025-03-22,GIN,0.054060226597915685
2025-03-23,GIN,0.0398150015090499
2025-03-24,GIN,0.03856428988664003
2025-03-25,GIN,0.038775294356148286
2025-03-26,GIN,0.04119019040631726
2025-03-27,GIN,0.03678429410676308
2025-03-28,GIN,0.028885093076191908
2024-07-01,GNB,0.01255534447392628
2024-07-02,GNB,0.011838337196092797
2024-07-03,GNB,0.00944621924691324
2024-07-04,GNB,0.00984236579034867
2024-07-05,GNB,0.00929192654706206
2024-07-06,GNB,0.00892940605086012
2024-07-07,GNB,0.009871765650972156
2024-07-08,GNB,0.008824658088564277
2024-07-09,GNB,0.009070416983070087
2024-07-10,GNB,0.008469310096408436
2024-07-11,GNB,0.009632745141144792
2024-07-12,GNB,0.008505346844558812
2024-07-13,GNB,0.008137493313181216
2024-07-14,GNB,0.007725757893700026
2024-07-15,GNB,0.008534556275318543
2024-07-16,GNB,0.009353145724390612
2024-07-17,GNB,0.00815924979040401
2024-07-18,GNB,0.0067979383938512996
2024-07-19,GNB,0.007731936172994707
2024-07-20,GNB,0.010209318283196085
2024-07-21,GNB,0.02431610431819541
2024-07-22,GNB,0.012510548647961242
2024-07-23,GNB,0.02208776857780307
2024-07-24,GNB,0.1326070122576196
2024-07-25,GNB,0.027914642181981583
2024-07-26,GNB,0.014428371602939017
2024-07-27,GNB,0.018738301811136275
2024-07-28,GNB,0.008947210975971643
2024-07-29,GNB,0.008819470097096674
2024-07-30,GNB,0.008019595056801481
2024-07-31,GNB,0.00969789966050537
2024-08-01,GNB,0.011584394907316295
2024-08-02,GNB,0.012056467796600946
2024-08-03,GNB,0.008407748661137566
2024-08-04,GNB,0.009397178455493834
2024-08-05,GNB,0.00918791692530145
2024-08-06,GNB,0.009397777894238768
2024-08-07,GNB,0.010397870342427215
2024-08-08,GNB,0.011591583348491422
2024-08-09,GNB,0.017348251431864373
2024-08-10,GNB,0.020832420859587246
2024-08-11,GNB,0.018107758180644255
2024-08-12,GNB,0.013970453044875363
2024-08-13,GNB,0.009934135771754081
2024-08-14,GNB,0.008620683915883868
2024-08-15,GNB,0.011348330399849326
2024-08-16,GNB,0.010510473549400162
2024-08-17,GNB,0.011617986469032246
2024-08-18,GNB,0.014064836116108353
2024-08-19,GNB,0.013964786800760918
2024-08-20,GNB,0.010281945884091252
2024-08-21,GNB,0.010258351532616295
2024-08-22,GNB,0.009631513157669998
2024-08-23,GNB,0.01059380746104371
2024-08-24,GNB,0.01023643796022019
2024-08-25,GNB,0.011263423531611085
2024-08-26,GNB,0.013261233219813538
2024-08-27,GNB,0.00956929142007245
2024-08-28,GNB,0.01081542645581923
2024-08-29,GNB,0.010870640285451772
2024-08-30,GNB,0.012322701153578685
2024-08-31,GNB,0.01221476008440105
2024-09-01,GNB,0.013726216186067572
2024-09-02,GNB,0.012516039879047071
2024-09-03,GNB,0.014626744663498429
2024-09-04,GNB,0.007939154815754114
2024-09-05,GNB,0.008900212827963504
2024-09-06,GNB,0.007695911875540957
2024-09-07,GNB,0.010689033700529824
2024-09-08,GNB,0.013320877139751518
2024-09-09,GNB,0.06882956392677567
2024-09-10,GNB,0.01346827515143027
2024-09-11,GNB,0.011972928158136262
2024-09-12,GNB,0.015483542780245668
2024-09-13,GNB,0.009812284605895064
2024-09-14,GNB,0.01346212067547889
2024-09-15,GNB,0.17862410195577091
2024-09-16,GNB,0.049044897680699015
2024-09-17,GNB,0.012151467304317133
2024-09-18,GNB,0.009203788502394923
2024-09-19,GNB,0.011831998026865447
2024-09-20,GNB,0.01177940551965351
2024-09-21,GNB,0.009610359639564142
2024-09-22,GNB,0.007087204479319103
2024-09-23,GNB,0.007438874382922202
2024-09-24,GNB,0.007855157216474527
2024-09-25,GNB,0.008149297205600134
2024-09-26,GNB,0.007909861398606634
2024-09-27,GNB,0.007626722353281683
2024-09-28,GNB,0.008793106675983323
2024-09-29,GNB,0.015774934727420677
2024-09-30,GNB,0.013612609554139371
2024-10-01,GNB,0.016151920559287145
2024-10-02,GNB,0.010782394133860116
2024-10-03,GNB,0.010871146882680349
2024-10-04,GNB,0.009222754198115768
2024-10-05,GNB,0.010152585085597066
2024-10-06,GNB,0.01303813858797658
2024-10-07,GNB,0.011798818641376059
2024-10-08,GNB,0.009675580687821065
2024-10-09,GNB,0.009739360971559955
2024-10-10,GNB,0.015218289763515537
2024-10-11,GNB,0.022771319739228683
2024-10-12,GNB,0.019699830557508582
2024-10-13,GNB,0.0210960834575362
2024-10-14,GNB,0.024791250264089532
2024-10-15,GNB,0.016061082456189316
2024-10-16,GNB,0.012919250115253376
2024-10-17,GNB,0.015515508743322848
2024-10-18,GNB,0.011404815443265824
2024-10-19,GNB,0.014892077191985303
2024-10-20,GNB,0.014290557785275696
2024-10-21,GNB,0.017523514577327804
2024-10-22,GNB,0.012415956782104075
2024-10-23,GNB,0.011956865439677774
2024-10-24,GNB,0.009963073200576981
2024-10-25,GNB,0.013310915690505097
2024-10-26,GNB,0.010829849765959593
2024-10-27,GNB,0.012287875410242392
2024-10-28,GNB,0.012558948499160233
2024-10-29,GNB,0.009685129792401614
2024-10-30,GNB,0.012047007384766942
2024-10-31,GNB,0.014378645945884068
2024-11-01,GNB,0.01005402562229449
2024-11-02,GNB,0.012507250670469811
2024-11-03,GNB,0.011309716360082128
2024-11-04,GNB,0.01243579119044134
2024-11-05,GNB,0.011250684668719988
2024-11-06,GNB,0.014545060100920456
2024-11-07,GNB,0.01616069751343703
2024-11-08,GNB,0.015397276641139681
2024-11-09,GNB,0.012564008596215807
2024-11-10,GNB,0.012444602663886835
2024-11-11,GNB,0.011671099809400124
2024-11-12,GNB,0.00832626884707748
2024-11-13,GNB,0.01101438960193114
2024-11-14,GNB,0.011688117139097391
2024-11-15,GNB,0.00961323559011486
2024-11-16,GNB,0.007632421014524761
2024-11-17,GNB,0.008015773041151272
2024-11-18,GNB,0.008868723487165298
2024-11-19,GNB,0.008221663589651955
2024-11-20,GNB,0.00918295530248806
2024-11-21,GNB,0.021800813035776478
2024-11-22,GNB,0.008268391218816331
2024-11-23,GNB,0.21205224325269517
2024-11-24,GNB,0.008156111442854604
2024-11-25,GNB,0.008062051004215379
2024-11-26,GNB,0.008150230171297295
2024-11-27,GNB,0.00886894961352253
2024-11-28,GNB,0.010454528841188714
2024-11-29,GNB,0.009290247688813754
2024-11-30,GNB,0.0065059481143892985
2024-12-01,GNB,0.005986652171335088
2024-12-02,GNB,0.005814912047148602
2024-12-03,GNB,0.005839069879951876
2024-12-04,GNB,0.006104714985298187
2024-12-05,GNB,0.006570153722380926
2024-12-06,GNB,0.006491051068527767
2024-12-07,GNB,0.008180251899994283
2024-12-08,GNB,0.008960376708421204
2024-12-09,GNB,0.009703230689045708
2024-12-10,GNB,0.011288449326578872
2024-12-11,GNB,0.014101258528298475
2024-12-12,GNB,0.011564492420352672
2024-12-13,GNB,0.011196625967718388
2024-12-14,GNB,0.011986025004487838
2024-12-15,GNB,0.010478938519497329
2024-12-16,GNB,0.011441514220970719
2024-12-17,GNB,0.01581612113263105
2024-12-18,GNB,0.011862785525324904
2024-12-19,GNB,0.00993073997225069
2024-12-20,GNB,0.008855630933266384
2024-12-21,GNB,0.007896475433569429
2024-12-22,GNB,0.007882011284120666
2024-12-23,GNB,0.007547906057868429
2024-12-24,GNB,0.008434666677325888
2024-12-25,GNB,0.011292738291752624
2024-12-26,GNB,0.010459886864781385
2024-12-27,GNB,0.012281722603034766
2024-12-28,GNB,0.010919501749757626
2024-12-29,GNB,0.012575249809873736
2024-12-30,GNB,0.008722519442372715
2024-12-31,GNB,0.008366614146068473
2025-01-01,GNB,0.008911712365005044
2025-01-02,GNB,0.010398729711099175
2025-01-03,GNB,0.007908012471754771
2025-01-04,GNB,0.00758881110272502
2025-01-05,GNB,0.009271826087956453
2025-01-06,GNB,0.009002634104927432
2025-01-07,GNB,0.007647975249246253
2025-01-08,GNB,0.008650258851696617
2025-01-09,GNB,0.005978671137195432
2025-01-10,GNB,0.005802668898451075
2025-01-11,GNB,0.005603457256308971
2025-01-12,GNB,0.005771549654758016
2025-01-13,GNB,0.0059367488096475785
2025-01-14,GNB,0.006571652994123801
2025-01-15,GNB,0.007370514358019218
2025-01-16,GNB,0.006580379861292435
2025-01-17,GNB,0.007463662728976802
2025-01-18,GNB,0.007999798630820183
2025-01-19,GNB,0.008422428741423205
2025-01-20,GNB,0.008802062684712446
2025-01-21,GNB,0.009866952845240862
2025-01-22,GNB,0.007076854058214594
2025-01-23,GNB,0.00858399392282387
2025-01-24,GNB,0.0075118450833086894
2025-01-25,GNB,0.0070131925261262985
2025-01-26,GNB,0.007538548599576958
2025-01-27,GNB,0.007886140224343958
2025-01-28,GNB,0.007742786114117248
2025-01-29,GNB,0.009007458774996703
2025-01-30,GNB,0.006632456450651274
2025-01-31,GNB,0.0063770664262521115
2025-02-01,GNB,0.007274147491660358
2025-02-02,GNB,0.007863452226417258
2025-02-03,GNB,0.007943037828174276
2025-02-04,GNB,0.008147217532973313
2025-02-05,GNB,0.009325121911570493
2025-02-06,GNB,0.00800189526154404
2025-02-07,GNB,0.00841836955040373
2025-02-08,GNB,0.00792563685842016
2025-02-09,GNB,0.007766433326527775
2025-02-10,GNB,0.007766433326527775
2025-02-11,GNB,0.006985281243298094
2025-02-12,GNB,0.006984886787186336
2025-02-13,GNB,0.007384794125305311
2025-02-14,GNB,0.008378153277651715
2025-02-15,GNB,0.0073824902083493085
2025-02-16,GNB,0.006832519308165019
2025-02-17,GNB,0.006873442920242975
2025-02-18,GNB,0.007313139658250287
2025-02-19,GNB,0.006419341246535236
2025-02-20,GNB,0.006694053752686615
2025-02-21,GNB,0.006667677824692163
2025-02-22,GNB,0.007617215922311624
2025-02-23,GNB,0.009749015672074333
2025-02-24,GNB,0.009214051394555826
2025-02-25,GNB,0.008160039350465094
2025-02-26,GNB,0.00867044912373203
2025-02-27,GNB,0.009661925676311542
2025-02-28,GNB,0.009256273062990462
2025-03-01,GNB,0.011089092811793483
2025-03-02,GNB,0.0116760218948458
2025-03-03,GNB,0.010629858854458924
2025-03-04,GNB,0.010599257257995268
2025-03-05,GNB,0.012548086016146303
2025-03-06,GNB,0.010791637682556466
2025-03-07,GNB,0.009367958732162887
2025-03-08,GNB,0.008988352558650629
2025-03-09,GNB,0.00789342653111981
2025-03-10,GNB,0.007966974671843393
2025-03-11,GNB,0.0080900911277811
2025-03-12,GNB,0.009491969243374145
2025-03-13,GNB,0.006508339197292377
2025-03-14,GNB,0.007160817208274608
2025-03-15,GNB,0.007591841986044885
2025-03-16,GNB,0.00882297885514881
2025-03-17,GNB,0.009524420052472463
2025-03-18,GNB,0.009353621962278715
2025-03-19,GNB,0.009170725904193792
2025-03-20,GNB,0.008527238287411794
2025-03-21,GNB,0.008087118252941262
2025-03-22,GNB,0.008733544927772277
2025-03-23,GNB,0.007958967261694974
2025-03-24,GNB,0.008116702524784395
2025-03-25,GNB,0.007554949809203528
2025-03-26,GNB,0.009126733483969212
2025-03-27,GNB,0.008502447730128444
2025-03-28,GNB,0.008073052105365745
2024-07-01,SEN,0.028698198885807092
2024-07-02,SEN,0.021310149755082018
2024-07-03,SEN,0.01799447770623989
2024-07-04,SEN,0.01981590324924689
2024-07-05,SEN,0.022544123012396174
2024-07-06,SEN,0.03143629323242215
2024-07-07,SEN,0.02424722132858458
2024-07-08,SEN,0.021856812026651105
2024-07-09,SEN,0.01930992393927182
2024-07-10,SEN,0.02093951281135346
2024-07-11,SEN,0.03684258892103397
2024-07-12,SEN,0.022638654284894345
2024-07-13,SEN,0.025866298239612562
2024-07-14,SEN,0.01936239936351816
2024-07-15,SEN,0.022750239360680054
2024-07-16,SEN,0.024777108713208453
2024-07-17,SEN,0.020796993670882825
2024-07-18,SEN,0.015504060043268599
2024-07-19,SEN,0.02123400935259801
2024-07-20,SEN,0.03143427893229379
2024-07-21,SEN,0.0617309893969027
2024-07-22,SEN,0.06262152731966174
2024-07-23,SEN,0.05169973566981808
2024-07-24,SEN,0.032235284873241184
2024-07-25,SEN,0.02741898212849075
2024-07-26,SEN,0.040950258932132055
2024-07-27,SEN,0.05523970581181143
2024-07-28,SEN,0.036752575062357205
2024-07-29,SEN,0.04714700232718719
2024-07-30,SEN,0.03499765600140235
2024-07-31,SEN,0.034377661434666
2024-08-01,SEN,0.03405973640977634
2024-08-02,SEN,0.05192037135268006
2024-08-03,SEN,0.03679356153319078
2024-08-04,SEN,0.04102466053699239
2024-08-05,SEN,0.1864417174174682
2024-08-06,SEN,0.04916221183447959
2024-08-07,SEN,0.026606678281024164
2024-08-08,SEN,0.0363247357642471
2024-08-09,SEN,0.0319786768000653
2024-08-10,SEN,0.04218143663653132
2024-08-11,SEN,0.044305315051859646
2024-08-12,SEN,0.04019188023479991
2024-08-13,SEN,0.03974598579700743
2024-08-14,SEN,0.03602255063004233
2024-08-15,SEN,0.05271169513424557
2024-08-16,SEN,0.035158228769948015
2024-08-17,SEN,0.0340066145580651
2024-08-18,SEN,0.055996273365637
2024-08-19,SEN,0.04671397583810282
2024-08-20,SEN,0.03394045592364723
2024-08-21,SEN,0.05040871027862782
2024-08-22,SEN,0.03763073857164586
2024-08-23,SEN,0.09167946621532558
2024-08-24,SEN,0.03840051280475015
2024-08-25,SEN,0.029061827303365796
2024-08-26,SEN,0.05139831505412727
2024-08-27,SEN,0.032130530787306245
2024-08-28,SEN,0.036258261078088445
2024-08-29,SEN,0.03321663710513594
2024-08-30,SEN,0.03385386961861463
2024-08-31,SEN,0.04515834635857689
2024-09-01,SEN,0.12292808337177338
2024-09-02,SEN,0.0418417203594851
2024-09-03,SEN,0.03904987057247572
2024-09-04,SEN,0.019226342845330764
2024-09-05,SEN,0.0354909183070544
2024-09-06,SEN,0.03180719877227544
2024-09-07,SEN,0.021871653755030324
2024-09-08,SEN,0.01857406863756374
2024-09-09,SEN,0.025726160859417434
2024-09-10,SEN,0.026963930027409367
2024-09-11,SEN,0.02310248122835404
2024-09-12,SEN,0.027970637637132863
2024-09-13,SEN,0.02162311653970145
2024-09-14,SEN,0.029881385637836634
2024-09-15,SEN,0.030600303424685144
2024-09-16,SEN,0.029725674748206983
2024-09-17,SEN,0.01851889435582111
2024-09-18,SEN,0.020351485674438223
2024-09-19,SEN,0.028184848019776707
2024-09-20,SEN,0.026878739710244806
2024-09-21,SEN,0.012377361285006775
2024-09-22,SEN,0.018266625171489102
2024-09-23,SEN,0.02605942750854886
2024-09-24,SEN,0.034837673280259794
2024-09-25,SEN,0.033977469167202325
2024-09-26,SEN,0.026435090250246793
2024-09-27,SEN,0.023455734832861733
2024-09-28,SEN,0.038369778082928636
2024-09-29,SEN,0.04065108116841225
2024-09-30,SEN,0.021403359671667906
2024-10-01,SEN,0.032643735691008154
2024-10-02,SEN,0.022029725593798892
2024-10-03,SEN,0.017740845574752126
2024-10-04,SEN,0.02021953635223973
2024-10-05,SEN,0.018021296904070408
2024-10-06,SEN,0.01796294924045063
2024-10-07,SEN,0.023230073219842783
2024-10-08,SEN,0.01583920309557531
2024-10-09,SEN,0.01924800725506592
2024-10-10,SEN,0.02596166891237262
2024-10-11,SEN,0.0368498379297594
2024-10-12,SEN,0.038172498166408
2024-10-13,SEN,0.046816263473939565
2024-10-14,SEN,0.05309221459982688
2024-10-15,SEN,0.03372208988150742
2024-10-16,SEN,0.0376075170556599
2024-10-17,SEN,0.04400170149319183
2024-10-18,SEN,0.02700991136691106
2024-10-19,SEN,0.04104034505427735
2024-10-20,SEN,0.032086988186163894
2024-10-21,SEN,0.031765253956792534
2024-10-22,SEN,0.03533668215755597
2024-10-23,SEN,0.02963343038863963
2024-10-24,SEN,0.028555872757767976
2024-10-25,SEN,0.036066179325621915
2024-10-26,SEN,0.022203904662715233
2024-10-27,SEN,0.02598499374028089
2024-10-28,SEN,0.029634302721093166
2024-10-29,SEN,0.03178405693519995
2024-10-30,SEN,0.03795858692302151
2024-10-31,SEN,0.09576626998850835
2024-11-01,SEN,0.03706234468404137
2024-11-02,SEN,0.04168225490969147
2024-11-03,SEN,0.04674176322610426
2024-11-04,SEN,0.04953282983190788
2024-11-05,SEN,0.03399259022533544
2024-11-06,SEN,0.03273815142002178
2024-11-07,SEN,0.03254330573460504
2024-11-08,SEN,0.04160928488018722
2024-11-09,SEN,0.05131525909547863
2024-11-10,SEN,0.05454726351115866
2024-11-11,SEN,0.19008625119030095
2024-11-12,SEN,0.016836736049749324
2024-11-13,SEN,0.016731829030998017
2024-11-14,SEN,0.022010690451866148
2024-11-15,SEN,0.015838656770930062
2024-11-16,SEN,0.011399188265841837
2024-11-17,SEN,0.012284096459154764
2024-11-18,SEN,0.008204142222253753
2024-11-19,SEN,0.009669368932371946
2024-11-20,SEN,0.010143239406016443
2024-11-21,SEN,0.009889850708307387
2024-11-22,SEN,0.008998299727707522
2024-11-23,SEN,0.011972476632016156
2024-11-24,SEN,0.01464428300691991
2024-11-25,SEN,0.02943236172470417
2024-11-26,SEN,0.033410436169929676
2024-11-27,SEN,0.04694895799650951
2024-11-28,SEN,0.04311955436420532
2024-11-29,SEN,0.03880758020032863
2024-11-30,SEN,0.04899478820721557
2024-12-01,SEN,0.04843957377918015
2024-12-02,SEN,0.04423189152552605
2024-12-03,SEN,0.029700173138851732
2024-12-04,SEN,0.03375662646237031
2024-12-05,SEN,0.033422541182355485
2024-12-06,SEN,0.03494927851540187
2024-12-07,SEN,0.029280935568846686
2024-12-08,SEN,0.028245359888998147
2024-12-09,SEN,0.030301150677867504
2024-12-10,SEN,0.027995801416219192
2024-12-11,SEN,0.03163916413621427
2024-12-12,SEN,0.020736823149901332
2024-12-13,SEN,0.026107717469553482
2024-12-14,SEN,0.02344878080320361
2024-12-15,SEN,0.02124246328023293
2024-12-16,SEN,0.020370160522392745
2024-12-17,SEN,0.029508683823636757
2024-12-18,SEN,0.012837571917513864
2024-12-19,SEN,0.016328699294606636
2024-12-20,SEN,0.01564437371284749
2024-12-21,SEN,0.014891613966556425
2024-12-22,SEN,0.025716831119767046
2024-12-23,SEN,0.02685583350142023
2024-12-24,SEN,0.025259706112735057
2024-12-25,SEN,0.022406597669288604
2024-12-26,SEN,0.025844708244129783
2024-12-27,SEN,0.023804840122506606
2024-12-28,SEN,0.021553177197277586
2024-12-29,SEN,0.025120873919327682
2024-12-30,SEN,0.02574884593144666
2024-12-31,SEN,0.02483034501831839
2025-01-01,SEN,0.02014418193677653
2025-01-02,SEN,0.01960594196772769
2025-01-03,SEN,0.01610633040168676
2025-01-04,SEN,0.018880125614449402
2025-01-05,SEN,0.021517038077697448
2025-01-06,SEN,0.023656219954084463
2025-01-07,SEN,0.01846241005590282
2025-01-08,SEN,0.016677146547862457
2025-01-09,SEN,0.018476846502614976
2025-01-10,SEN,0.019955593199470843
2025-01-11,SEN,0.009893238395089602
2025-01-12,SEN,0.012317878977632063
2025-01-13,SEN,0.013586170123210941
2025-01-14,SEN,0.008876065802896821
2025-01-15,SEN,0.017166622624332797
2025-01-16,SEN,0.012686618289099566
2025-01-17,SEN,0.012289890621672881
2025-01-18,SEN,0.012326223453384596
2025-01-19,SEN,0.012817084187659
2025-01-20,SEN,0.014419432961487738
2025-01-21,SEN,0.014790782453164683
2025-01-22,SEN,0.01354034916292203
2025-01-23,SEN,0.013660384905787819
2025-01-24,SEN,0.015464193353045866
2025-01-25,SEN,0.016425330937692592
2025-01-26,SEN,0.016041958617383948
2025-01-27,SEN,0.01636077364329473
2025-01-28,SEN,0.015463155609049619
2025-01-29,SEN,0.01483849697999497
2025-01-30,SEN,0.015169820278611697
2025-01-31,SEN,0.014148851200291938
2025-02-01,SEN,0.022118159774320263
2025-02-02,SEN,0.027878430778797016
2025-02-03,SEN,0.0269100770375362
2025-02-04,SEN,0.019200923209864267
2025-02-05,SEN,0.0267687071474849
2025-02-06,SEN,0.022311200663477932
2025-02-07,SEN,0.020837951433690317
2025-02-08,SEN,0.013556861440383794
2025-02-09,SEN,0.013745277680344956
2025-02-10,SEN,0.014064918661932607
2025-02-11,SEN,0.011786561212581148
2025-02-12,SEN,0.01521601829013972
2025-02-13,SEN,0.011735788791677117
2025-02-14,SEN,0.013326820375935874
2025-02-15,SEN,0.01034645830144334
2025-02-16,SEN,0.010219960175612969
2025-02-17,SEN,0.00920757011714944
2025-02-18,SEN,0.010154109366757088
2025-02-19,SEN,0.008341571575669077
2025-02-20,SEN,0.010723331943825055
2025-02-21,SEN,0.011655404127731084
2025-02-22,SEN,0.019481235968161877
2025-02-23,SEN,0.0217814332012988
2025-02-24,SEN,0.023033790190988734
2025-02-25,SEN,0.02227715359454344
2025-02-26,SEN,0.021994237062635858
2025-02-27,SEN,0.018452379976028683
2025-02-28,SEN,0.013347880581087419
2025-03-01,SEN,0.017637368267415927
2025-03-02,SEN,0.020163948697646643
2025-03-03,SEN,0.019664642357118126
2025-03-04,SEN,0.019874812286269656
2025-03-05,SEN,0.025629915407473496
2025-03-06,SEN,0.02715928055330614
2025-03-07,SEN,0.020774627085027433
2025-03-08,SEN,0.020618488040299556
2025-03-09,SEN,0.022097365620649064
2025-03-10,SEN,0.021712336075688
2025-03-11,SEN,0.018959015021500106
2025-03-12,SEN,0.021538080848846217
2025-03-13,SEN,0.0165837002078802
2025-03-14,SEN,0.01971401338801716
2025-03-15,SEN,0.020546076989585098
2025-03-16,SEN,0.01934290917337477
2025-03-17,SEN,0.020562520473129283
2025-03-18,SEN,0.01918459614667449
2025-03-19,SEN,0.01681228938087837
2025-03-20,SEN,0.016461786448584537
2025-03-21,SEN,0.016608086957448077
2025-03-22,SEN,0.013489683692433327
2025-03-23,SEN,0.015829940393751442
2025-03-24,SEN,0.015710393522569147
2025-03-25,SEN,0.017130811638578637
2025-03-26,SEN,0.01782070779804317
2025-03-27,SEN,0.021081658022069516
2025-03-28,SEN,0.015867402133350875
2024-07-01,CIV,0.05084795774421411
2024-07-02,CIV,0.038547478726021996
2024-07-03,CIV,0.0537288618767932
2024-07-04,CIV,0.0072647673678422715
2024-07-05,CIV,0.005986742350437929
2024-07-06,CIV,0.0058033754852780325
2024-07-07,CIV,0.006528199125230489
2024-07-08,CIV,0.007315855608229636
2024-07-09,CIV,0.010335487645697571
2024-07-10,CIV,0.029849162636742758
2024-07-11,CIV,0.03741556050503904
2024-07-12,CIV,0.10131535290438205
2024-07-13,CIV,0.17972708886048838
2024-07-14,CIV,0.16290402222100295
2024-07-15,CIV,0.04564717659601055
2024-07-16,CIV,0.09991472519737438
2024-07-17,CIV,0.03172065313674698
2024-07-18,CIV,0.024624343456721962
2024-07-19,CIV,0.03255777914357705
2024-07-20,CIV,0.008352596120489823
2024-07-21,CIV,0.011143147733816224
2024-07-22,CIV,0.008840082008801582
2024-07-23,CIV,0.01879999739083834
2024-07-24,CIV,0.011343717773805993
2024-07-25,CIV,0.01226161989927286
2024-07-26,CIV,0.010234651420294592
2024-07-27,CIV,0.12702275334534902
2024-07-28,CIV,0.10707969197388179
2024-07-29,CIV,0.10856790588889839
2024-07-30,CIV,0.0976899812314463
2024-07-31,CIV,0.11524239641762472
2024-08-01,CIV,0.1028755279021855
2024-08-02,CIV,0.11609765115316488
2024-08-03,CIV,0.0779518055053759
2024-08-04,CIV,0.07797394666735687
2024-08-05,CIV,0.0911418082350176
2024-08-06,CIV,0.08280620796603264
2024-08-07,CIV,0.20347968313439077
2024-08-08,CIV,0.07716410750775846
2024-08-09,CIV,0.08221765249483431
2024-08-10,CIV,0.1083836139471149
2024-08-11,CIV,0.08498832636640384
2024-08-12,CIV,0.0904894320760555
2024-08-13,CIV,0.1266561599651618
2024-08-14,CIV,0.07380928563272621
2024-08-15,CIV,0.1316032712195949
2024-08-16,CIV,0.058714085469004515
2024-08-17,CIV,0.056018047434204854
2024-08-18,CIV,0.06515408559026976
2024-08-19,CIV,0.06423467272364046
2024-08-20,CIV,0.04593988252596599
2024-08-21,CIV,0.045375366684066824
2024-08-22,CIV,0.05845570887958291
2024-08-23,CIV,0.028348371322052313
2024-08-24,CIV,0.16892385514244274
2024-08-25,CIV,0.040447127255238705
2024-08-26,CIV,0.047945152532650546
2024-08-27,CIV,0.03714905757345122
2024-08-28,CIV,0.025743494790496153
2024-08-29,CIV,0.021612294951070407
2024-08-30,CIV,0.02334419823449624
2024-08-31,CIV,0.0416784997661277
2024-09-01,CIV,0.1510802370621432
2024-09-02,CIV,0.045625841069589286
2024-09-03,CIV,0.034303253665763915
2024-09-04,CIV,0.023815683030124803
2024-09-05,CIV,0.059857648984069596
2024-09-06,CIV,0.05405285218223332
2024-09-07,CIV,0.07478400441596723
2024-09-08,CIV,0.05302235900466654
2024-09-09,CIV,0.08131728624853583
2024-09-10,CIV,0.04852193359120401
2024-09-11,CIV,0.11662132609377256
2024-09-12,CIV,0.05277605173992907
2024-09-13,CIV,0.06992652755632546
2024-09-14,CIV,0.06530461116557566
2024-09-15,CIV,0.13271468593475838
2024-09-16,CIV,0.04913940221582142
2024-09-17,CIV,0.06235796952728804
2024-09-18,CIV,0.03355099600469202
2024-09-19,CIV,0.2120465371158245
2024-09-20,CIV,0.12206689614263988
2024-09-21,CIV,0.05811780695802783
2024-09-22,CIV,0.058767477248583715
2024-09-23,CIV,0.042285727089793
2024-09-24,CIV,0.04965961986710424
2024-09-25,CIV,0.07900612787077255
2024-09-26,CIV,0.008678895396801303
2024-09-27,CIV,0.01554725371779279
2024-09-28,CIV,0.006839444214418937
2024-09-29,CIV,0.010274594288965034
2024-09-30,CIV,0.007696808885037814
2024-10-01,CIV,0.008511750139115525
2024-10-02,CIV,0.011780322864640754
2024-10-03,CIV,0.10050726897484474
2024-10-04,CIV,0.051424343657281074
2024-10-05,CIV,0.2157190935058597
2024-10-06,CIV,0.05478239630426582
2024-10-07,CIV,0.019125859716477418
2024-10-08,CIV,0.008559197314529825
2024-10-09,CIV,0.0075495801256202115
2024-10-10,CIV,0.009701976888928507
2024-10-11,CIV,0.014114670009784305
2024-10-12,CIV,0.010040524728298958
2024-10-13,CIV,0.05973725561612574
2024-10-14,CIV,0.06927098015272802
2024-10-15,CIV,0.0856723153776837
2024-10-16,CIV,0.05665549290450336
2024-10-17,CIV,0.06661365792234272
2024-10-18,CIV,0.14549805819492576
2024-10-19,CIV,0.12315945220123276
2024-10-20,CIV,0.10432908218745691
2024-10-21,CIV,0.07568227993215383
2024-10-22,CIV,0.09089325713702434
2024-10-23,CIV,0.19991226774108586
2024-10-24,CIV,0.0838441494398999
2024-10-25,CIV,0.1005693258587992
2024-10-26,CIV,0.04042459671559028
2024-10-27,CIV,0.03998597107314207
2024-10-28,CIV,0.22041580525740678
2024-10-29,CIV,0.11955029307675774
2024-10-30,CIV,0.05992132667844185
2024-10-31,CIV,0.07369611769634855
2024-11-01,CIV,0.07294332731738168
2024-11-02,CIV,0.21810812842422456
2024-11-03,CIV,0.21657420935187274
2024-11-04,CIV,0.0854177119352975
2024-11-05,CIV,0.04776945899452969
2024-11-06,CIV,0.03513971497593606
2024-11-07,CIV,0.03342780020931743
2024-11-08,CIV,0.050397151223605025
2024-11-09,CIV,0.1261957498005943
2024-11-10,CIV,0.10888991972304198
2024-11-11,CIV,0.02036489187276829
2024-11-12,CIV,0.015728191594926225
2024-11-13,CIV,0.017122826467617716
2024-11-14,CIV,0.01016128935443767
2024-11-15,CIV,0.0085512308392484
2024-11-16,CIV,0.04958634409287198
2024-11-17,CIV,0.0534035495627421
2024-11-18,CIV,0.06420648297830896
2024-11-19,CIV,0.03854409072874713
2024-11-20,CIV,0.04488878283867159
2024-11-21,CIV,0.04632504138085754
2024-11-22,CIV,0.040826994968512
2024-11-23,CIV,0.19818218763820178
2024-11-24,CIV,0.08834938450432733
2024-11-25,CIV,0.0666890525263684
2024-11-26,CIV,0.08694901958516117
2024-11-27,CIV,0.08794071295315159
2024-11-28,CIV,0.09037103879140523
2024-11-29,CIV,0.06467526782226407
2024-11-30,CIV,0.09527889172915853
2024-12-01,CIV,0.052584516116203205
2024-12-02,CIV,0.0845017799613777
2024-12-03,CIV,0.04135278630336567
2024-12-04,CIV,0.056947150516312675
2024-12-05,CIV,0.045930169291432364
2024-12-06,CIV,0.04884001897597242
2024-12-07,CIV,0.08056683847068713
2024-12-08,CIV,0.048529689404917246
2024-12-09,CIV,0.0068526203247428336
2024-12-10,CIV,0.006417787273231703
2024-12-11,CIV,0.00650583652724315
2024-12-12,CIV,0.016171656344539154
2024-12-13,CIV,0.006075272303480171
2024-12-14,CIV,0.00611102760543046
2024-12-15,CIV,0.006518225751672037
2024-12-16,CIV,0.040650665496455206
2024-12-17,CIV,0.1333702105214531
2024-12-18,CIV,0.07342772661090421
2024-12-19,CIV,0.048450388119142984
2024-12-20,CIV,0.04809815333573469
2024-12-21,CIV,0.054034440873548216
2024-12-22,CIV,0.061763099671524976
2024-12-23,CIV,0.04860771375030287
2024-12-24,CIV,0.06004556975102161
2024-12-25,CIV,0.19758934998259922
2024-12-26,CIV,0.05819963273319572
2024-12-27,CIV,0.1688257738932693
2024-12-28,CIV,0.059036249012507855
2024-12-29,CIV,0.07575769415731015
2024-12-30,CIV,0.15891762251430622
2024-12-31,CIV,0.1346166326870589
2025-01-01,CIV,0.043645130695648064
2025-01-02,CIV,0.02581904793198564
2025-01-03,CIV,0.04291633441095745
2025-01-04,CIV,0.0492884323429006
2025-01-05,CIV,0.17452934192461336
2025-01-06,CIV,0.04651946792529925
2025-01-07,CIV,0.028753181023440277
2025-01-08,CIV,0.007609471821407745
2025-01-09,CIV,0.007663788683406665
2025-01-10,CIV,0.007695917601610176
2025-01-11,CIV,0.006787009063258517
2025-01-12,CIV,0.006178684981924441
2025-01-13,CIV,0.04394145005285283
2025-01-14,CIV,0.024602460125380216
2025-01-15,CIV,0.05275843863206327
2025-01-16,CIV,0.02029829935207725
2025-01-17,CIV,0.040041670420421165
2025-01-18,CIV,0.05074836139260928
2025-01-19,CIV,0.042886921011968095
2025-01-20,CIV,0.047167024211663806
2025-01-21,CIV,0.16652724320325832
2025-01-22,CIV,0.06871463313879893
2025-01-23,CIV,0.03701837729463726
2025-01-24,CIV,0.03669219736805745
2025-01-25,CIV,0.027945305832865853
2025-01-26,CIV,0.030672208922129164
2025-01-27,CIV,0.057439259689882415
2025-01-28,CIV,0.030144406137461728
2025-01-29,CIV,0.041993393907876285
2025-01-30,CIV,0.03455903852765845
2025-01-31,CIV,0.02641500023499676
2025-02-01,CIV,0.03423868365744018
2025-02-02,CIV,0.056406703547495385
2025-02-03,CIV,0.05929671532645725
2025-02-04,CIV,0.07181506531718597
2025-02-05,CIV,0.10548697284888763
2025-02-06,CIV,0.0658623276692207
2025-02-07,CIV,0.05744902008525715
2025-02-08,CIV,0.04521294544798915
2025-02-09,CIV,0.048077998694692044
2025-02-10,CIV,0.034312000646963575
2025-02-11,CIV,0.03159584913893644
2025-02-12,CIV,0.031313692915235385
2025-02-13,CIV,0.03180345217394103
2025-02-14,CIV,0.04501738222848541
2025-02-15,CIV,0.02281918229053318
2025-02-16,CIV,0.14197000924972494
2025-02-17,CIV,0.040453632936594715
2025-02-18,CIV,0.034579061737837154
2025-02-19,CIV,0.026826732152747713
2025-02-20,CIV,0.07282740076049217
2025-02-21,CIV,0.05294829131535343
2025-02-22,CIV,0.05727265766787393
2025-02-23,CIV,0.00653727093525212
2025-02-24,CIV,0.007075999866936687
2025-02-25,CIV,0.006796752940630594
2025-02-26,CIV,0.008987140330228901
2025-02-27,CIV,0.006877379840233802
2025-02-28,CIV,0.006179690533807271
2025-03-01,CIV,0.006846363624061542
2025-03-02,CIV,0.03833389027348891
2025-03-03,CIV,0.0468581740740364
2025-03-04,CIV,0.036927582877835034
2025-03-05,CIV,0.0679532041697241
2025-03-06,CIV,0.04419501728904403
2025-03-07,CIV,0.030172714251781908
2025-03-08,CIV,0.02696508268424039
2025-03-09,CIV,0.01782028704898345
2025-03-10,CIV,0.020523819484619243
2025-03-11,CIV,0.020983895805828805
2025-03-12,CIV,0.05722690196241643
2025-03-13,CIV,0.020791355183356404
2025-03-14,CIV,0.055946994771036956
2025-03-15,CIV,0.1740007876124827
2025-03-16,CIV,0.0318870626078384
2025-03-17,CIV,0.03246619476164747
2025-03-18,CIV,0.028519829718192037
2025-03-19,CIV,0.04123904939781009
2025-03-20,CIV,0.045335539611589426
2025-03-21,CIV,0.03474726736572423
2025-03-22,CIV,0.0060115711541119865
2025-03-23,CIV,0.006038362788452192
2025-03-24,CIV,0.00617554564901719
2025-03-25,CIV,0.006305579966153302
2025-03-26,CIV,0.006672309222020117
2025-03-27,CIV,0.006540546057526592
2025-03-28,CIV,0.006407440623177148
2024-07-01,SLE,0.0335542357467406
2024-07-02,SLE,0.01290048472607639
2024-07-03,SLE,0.02346948678244343
2024-07-04,SLE,0.012495729452062329
2024-07-05,SLE,0.014886029420427745
2024-07-06,SLE,0.014850673644665281
2024-07-07,SLE,0.08891566365735878
2024-07-08,SLE,0.035016121356551064
2024-07-09,SLE,0.019385251693981212
2024-07-10,SLE,0.016621985755748178
2024-07-11,SLE,0.01849506224662768
2024-07-12,SLE,0.016025908594073705
2024-07-13,SLE,0.026541228243633253
2024-07-14,SLE,0.016732708769107353
2024-07-15,SLE,0.0663299956292024
2024-07-16,SLE,0.0178434670064454
2024-07-17,SLE,0.016972096085815402
2024-07-18,SLE,0.011192892364079101
2024-07-19,SLE,0.014662206500716042
2024-07-20,SLE,0.02192040662407322
2024-07-21,SLE,0.01830724187078319
2024-07-22,SLE,0.020719882627304023
2024-07-23,SLE,0.037510997825876934
2024-07-24,SLE,0.025905420281611365
2024-07-25,SLE,0.22312413281256838
2024-07-26,SLE,0.016055321668565298
2024-07-27,SLE,0.02175896603488536
2024-07-28,SLE,0.018759571040325752
2024-07-29,SLE,0.018880185661451505
2024-07-30,SLE,0.021076573433400414
2024-07-31,SLE,0.014629057892270899
2024-08-01,SLE,0.019760866227154866
2024-08-02,SLE,0.017919903934593005
2024-08-03,SLE,0.05015249007483114
2024-08-04,SLE,0.019366019682090552
2024-08-05,SLE,0.024033008759315317
2024-08-06,SLE,0.03908702372155567
2024-08-07,SLE,0.01265329730094885
2024-08-08,SLE,0.012752798714343221
2024-08-09,SLE,0.011873610515473075
2024-08-10,SLE,0.08269292199121828
2024-08-11,SLE,0.045736706259602695
2024-08-12,SLE,0.015060396351123741
2024-08-13,SLE,0.016136353978132505
2024-08-14,SLE,0.022583049696322965
2024-08-15,SLE,0.026961105322540858
2024-08-16,SLE,0.020597384267310566
2024-08-17,SLE,0.018238449158905365
2024-08-18,SLE,0.04672066707103511
2024-08-19,SLE,0.01301583758354424
2024-08-20,SLE,0.012324380120824135
2024-08-21,SLE,0.015333112092359465
2024-08-22,SLE,0.013943256949675326
2024-08-23,SLE,0.011328847881530687
2024-08-24,SLE,0.011919518417013877
2024-08-25,SLE,0.020078875008274884
2024-08-26,SLE,0.012584558798787875
2024-08-27,SLE,0.014041975223168206
2024-08-28,SLE,0.023462524626081473
2024-08-29,SLE,0.018459908927731156
2024-08-30,SLE,0.016406063220422925
2024-08-31,SLE,0.021670077545089223
2024-09-01,SLE,0.025614273509450346
2024-09-02,SLE,0.025879304655765416
2024-09-03,SLE,0.03137455725154941
2024-09-04,SLE,0.010486018447016968
2024-09-05,SLE,0.017581776213610643
2024-09-06,SLE,0.020445519371488537
2024-09-07,SLE,0.014068192546336258
2024-09-08,SLE,0.018933393993618968
2024-09-09,SLE,0.01834079061728291
2024-09-10,SLE,0.025406725929663563
2024-09-11,SLE,0.01324397013251614
2024-09-12,SLE,0.017451821971574813
2024-09-13,SLE,0.017685464173501784
2024-09-14,SLE,0.017551916299398954
2024-09-15,SLE,0.02033423957738641
2024-09-16,SLE,0.016367921912254065
2024-09-17,SLE,0.013947709941254296
2024-09-18,SLE,0.011490637389827502
2024-09-19,SLE,0.017448356758500535
2024-09-20,SLE,0.013597244659751094
2024-09-21,SLE,0.07034360900157641
2024-09-22,SLE,0.019134126013215035
2024-09-23,SLE,0.016975424787120254
2024-09-24,SLE,0.01938228078314405
2024-09-25,SLE,0.035244505990111766
2024-09-26,SLE,0.019758715862729648
2024-09-27,SLE,0.017885304130321796
2024-09-28,SLE,0.022175552625137443
2024-09-29,SLE,0.09045944474997189
2024-09-30,SLE,0.016618727959292184
2024-10-01,SLE,0.016552456980200917
2024-10-02,SLE,0.010585982454547803
2024-10-03,SLE,0.014918079261608085
2024-10-04,SLE,0.010267967853040294
2024-10-05,SLE,0.023887814122704774
2024-10-06,SLE,0.016809153285153304
2024-10-07,SLE,0.016055769285021827
2024-10-08,SLE,0.009847552149830173
2024-10-09,SLE,0.013323587775770628
2024-10-10,SLE,0.03490228892298658
2024-10-11,SLE,0.019182581500616122
2024-10-12,SLE,0.026040588958444803
2024-10-13,SLE,0.02355937143779428
2024-10-14,SLE,0.02566668452100513
2024-10-15,SLE,0.0329940467615514
2024-10-16,SLE,0.02672475223977125
2024-10-17,SLE,0.03161648056468475
2024-10-18,SLE,0.02764645944420436
2024-10-19,SLE,0.026185628588408765
2024-10-20,SLE,0.02712681568234991
2024-10-21,SLE,0.047115439851324686
2024-10-22,SLE,0.017550102155134775
2024-10-23,SLE,0.015446146691324183
2024-10-24,SLE,0.015153975098866653
2024-10-25,SLE,0.0159994812495296
2024-10-26,SLE,0.014049050843666871
2024-10-27,SLE,0.012838353343568192
2024-10-28,SLE,0.014205805011769376
2024-10-29,SLE,0.03815156628887264
2024-10-30,SLE,0.021372643085979113
2024-10-31,SLE,0.019521337876234935
2024-11-01,SLE,0.011241548658378578
2024-11-02,SLE,0.022021895558754296
2024-11-03,SLE,0.019438941485546257
2024-11-04,SLE,0.027863997275651645
2024-11-05,SLE,0.012360564375328875
2024-11-06,SLE,0.01657689300370547
2024-11-07,SLE,0.015803151150042757
2024-11-08,SLE,0.0219500611463263
2024-11-09,SLE,0.025380964557888495
2024-11-10,SLE,0.024421334004808486
2024-11-11,SLE,0.07593567117533738
2024-11-12,SLE,0.015478870705521692
2024-11-13,SLE,0.019262719769612444
2024-11-14,SLE,0.023331392052136916
2024-11-15,SLE,0.019679745549871806
2024-11-16,SLE,0.012082711232232268
2024-11-17,SLE,0.011822505659372512
2024-11-18,SLE,0.015079098906020038
2024-11-19,SLE,0.011289469194938302
2024-11-20,SLE,0.011625753154951146
2024-11-21,SLE,0.010638202488151708
2024-11-22,SLE,0.00956912938342532
2024-11-23,SLE,0.013077967844654858
2024-11-24,SLE,0.014693265594194801
2024-11-25,SLE,0.01435360778223628
2024-11-26,SLE,0.015246732939137541
2024-11-27,SLE,0.025079022497701463
2024-11-28,SLE,0.017753863682186483
2024-11-29,SLE,0.01480539937121249
2024-11-30,SLE,0.21593472129317395
2024-12-01,SLE,0.017923447615331087
2024-12-02,SLE,0.0257686512206278
2024-12-03,SLE,0.02336387186170099
2024-12-04,SLE,0.005392449250870422
2024-12-05,SLE,0.005674017837529103
2024-12-06,SLE,0.005345645441528987
2024-12-07,SLE,0.006092587553716095
2024-12-08,SLE,0.006471578965443163
2024-12-09,SLE,0.006146701667482929
2024-12-10,SLE,0.005762463162770891
2024-12-11,SLE,0.01808676638068582
2024-12-12,SLE,0.011853002382207828
2024-12-13,SLE,0.02462281416284029
2024-12-14,SLE,0.08526849354761613
2024-12-15,SLE,0.028375726028163843
2024-12-16,SLE,0.039415709102224236
2024-12-17,SLE,0.040139207497641785
2024-12-18,SLE,0.039641517405490864
2024-12-19,SLE,0.1284836172957064
2024-12-20,SLE,0.03881791504524343
2024-12-21,SLE,0.03940050252408685
2024-12-22,SLE,0.04397689963938489
2024-12-23,SLE,0.04435227485318351
2024-12-24,SLE,0.05397001333805455
2024-12-25,SLE,0.06218110177875394
2024-12-26,SLE,0.07114326566042772
2024-12-27,SLE,0.07500497329462753
2024-12-28,SLE,0.05522645802176918
2024-12-29,SLE,0.06414148334042079
2024-12-30,SLE,0.04908225618684193
2024-12-31,SLE,0.05627240754853785
2025-01-01,SLE,0.05042051638483825
2025-01-02,SLE,0.036406836024717115
2025-01-03,SLE,0.025731376787665912
2025-01-04,SLE,0.021669703048648573
2025-01-05,SLE,0.024516165809952466
2025-01-06,SLE,0.03681006135551299
2025-01-07,SLE,0.015976250555476256
2025-01-08,SLE,0.017777974202279966
2025-01-09,SLE,0.02014723742267205
2025-01-10,SLE,0.020463013993939183
2025-01-11,SLE,0.1968028532146426
2025-01-12,SLE,0.053547188447652626
2025-01-13,SLE,0.0153453906971018
2025-01-14,SLE,0.009276047718810396
2025-01-15,SLE,0.01660396291316353
2025-01-16,SLE,0.011133351014458824
2025-01-17,SLE,0.011707979345479782
2025-01-18,SLE,0.013158897398238474
2025-01-19,SLE,0.012651816660357206
2025-01-20,SLE,0.04184991727449067
2025-01-21,SLE,0.01680068259725047
2025-01-22,SLE,0.014951023070628499
2025-01-23,SLE,0.01617033069011365
2025-01-24,SLE,0.0178590564904609
2025-01-25,SLE,0.01353380974259276
2025-01-26,SLE,0.014524563560845286
2025-01-27,SLE,0.013543004211190295
2025-01-28,SLE,0.013093360808664082
2025-01-29,SLE,0.014039961795329927
2025-01-30,SLE,0.01648157128722484
2025-01-31,SLE,0.015346693959854248
2025-02-01,SLE,0.10600585794262277
2025-02-02,SLE,0.020454263348113535
2025-02-03,SLE,0.018427051000709134
2025-02-04,SLE,0.02246765311409445
2025-02-05,SLE,0.03109664404602674
2025-02-06,SLE,0.018663143452563747
2025-02-07,SLE,0.015915069414525293
2025-02-08,SLE,0.012956712588867561
2025-02-09,SLE,0.012228521282729544
2025-02-10,SLE,0.21912519435454578
2025-02-11,SLE,0.008441833718846365
2025-02-12,SLE,0.011656361000000474
2025-02-13,SLE,0.009263317806246134
2025-02-14,SLE,0.01143724484452812
2025-02-15,SLE,0.00843736360115763
2025-02-16,SLE,0.007313062837504406
2025-02-17,SLE,0.004793846067197201
2025-02-18,SLE,0.005130181934105696
2025-02-19,SLE,0.00505273299408431
2025-02-20,SLE,0.005151612568271956
2025-02-21,SLE,0.004984233228538639
2025-02-22,SLE,0.005236864230840291
2025-02-23,SLE,0.006235554546148574
2025-02-24,SLE,0.014461836893258164
2025-02-25,SLE,0.014773212393008432
2025-02-26,SLE,0.013994828242069431
2025-02-27,SLE,0.01661713760159629
2025-02-28,SLE,0.016479600705890784
2025-03-01,SLE,0.022667116220696233
2025-03-02,SLE,0.02180311662886166
2025-03-03,SLE,0.03189857093192652
2025-03-04,SLE,0.022557403065962427
2025-03-05,SLE,0.025896703619182834
2025-03-06,SLE,0.020593396631047242
2025-03-07,SLE,0.012269522685649927
2025-03-08,SLE,0.015096003269286559
2025-03-09,SLE,0.01502190410817597
2025-03-10,SLE,0.018253149470734767
2025-03-11,SLE,0.01731658269743541
2025-03-12,SLE,0.030656549819639015
2025-03-13,SLE,0.02120922338181807
2025-03-14,SLE,0.032375610870504
2025-03-15,SLE,0.05107281829889053
2025-03-16,SLE,0.042074534510908
2025-03-17,SLE,0.04462301052618838
2025-03-18,SLE,0.03553529105028825
2025-03-19,SLE,0.015216038248291531
2025-03-20,SLE,0.016708921089020595
2025-03-21,SLE,0.011527562018606587
2025-03-22,SLE,0.013147106945070009
2025-03-23,SLE,0.013438676714627833
2025-03-24,SLE,0.014110616008602618
2025-03-25,SLE,0.013473668625258072
2025-03-26,SLE,0.01609609846933109
2025-03-27,SLE,0.015350397645781763
2025-03-28,SLE,0.01149452558365164
2024-07-01,TGO,0.007194166696859617
2024-07-02,TGO,0.006540269171333881
2024-07-03,TGO,0.0059252601203920365
2024-07-04,TGO,0.006646471325527774
2024-07-05,TGO,0.00656705091147021
2024-07-06,TGO,0.006774951537025356
2024-07-07,TGO,0.008248492086337681
2024-07-08,TGO,0.00738642908084496
2024-07-09,TGO,0.04031962333276233
2024-07-10,TGO,0.03715261827115222
2024-07-11,TGO,0.0493164968645858
2024-07-12,TGO,0.032321069637075234
2024-07-13,TGO,0.03944281719195103
2024-07-14,TGO,0.05352440965276012
2024-07-15,TGO,0.053535393055547206
2024-07-16,TGO,0.0706538884948632
2024-07-17,TGO,0.05962217190713646
2024-07-18,TGO,0.03588263625136629
2024-07-19,TGO,0.21296549320827682
2024-07-20,TGO,0.23044389907419616
2024-07-21,TGO,0.17036788631684427
2024-07-22,TGO,0.10139121120540491
2024-07-23,TGO,0.1042163916311991
2024-07-24,TGO,0.10552385434182344
2024-07-25,TGO,0.09515701829104059
2024-07-26,TGO,0.21527008906497846
2024-07-27,TGO,0.004455176245459733
2024-07-28,TGO,0.004637146039166697
2024-07-29,TGO,0.00436080257879812
2024-07-30,TGO,0.004382277540016253
2024-07-31,TGO,0.004359698074852684
2024-08-01,TGO,0.004198159575349749
2024-08-02,TGO,0.004342908904654824
2024-08-03,TGO,0.011034102837767538
2024-08-04,TGO,0.011018968595911066
2024-08-05,TGO,0.011423006883671231
2024-08-06,TGO,0.17408243680424634
2024-08-07,TGO,0.14506896242531805
2024-08-08,TGO,0.009764789041398684
2024-08-09,TGO,0.024120629980135807
2024-08-10,TGO,0.05533777048407449
2024-08-11,TGO,0.040819903949899886
2024-08-12,TGO,0.05268305305231137
2024-08-13,TGO,0.011181647159402064
2024-08-14,TGO,0.011382336267563057
2024-08-15,TGO,0.20858865198687743
2024-08-16,TGO,0.08698925513478173
2024-08-17,TGO,0.012600210465173225
2024-08-18,TGO,0.011856002537808889
2024-08-19,TGO,0.025410700186041937
2024-08-20,TGO,0.03241836809492735
2024-08-21,TGO,0.04648554626008284
2024-08-22,TGO,0.04024276679109514
2024-08-23,TGO,0.04464332452805293
2024-08-24,TGO,0.04582597793249294
2024-08-25,TGO,0.1183900771094374
2024-08-26,TGO,0.0314555902119252
2024-08-27,TGO,0.03738137805937566
2024-08-28,TGO,0.05110246251536162
2024-08-29,TGO,0.051838731291592166
2024-08-30,TGO,0.05667248193206623
2024-08-31,TGO,0.07205833425786497
2024-09-01,TGO,0.06397906272333209
2024-09-02,TGO,0.06844735971607069
2024-09-03,TGO,0.06255845284757519
2024-09-04,TGO,0.10247093690144317
2024-09-05,TGO,0.0407990848686124
2024-09-06,TGO,0.031841881955780485
2024-09-07,TGO,0.028665293561333627
2024-09-08,TGO,0.031528123878512115
2024-09-09,TGO,0.04203181131641325
2024-09-10,TGO,0.0437131708890721
2024-09-11,TGO,0.035226321764956735
2024-09-12,TGO,0.01986307652581756
2024-09-13,TGO,0.01551792295476143
2024-09-14,TGO,0.023649070990465326
2024-09-15,TGO,0.018168296940264703
2024-09-16,TGO,0.027145159058732334
2024-09-17,TGO,0.021133943577544084
2024-09-18,TGO,0.016142803119386262
2024-09-19,TGO,0.023382428519037782
2024-09-20,TGO,0.017948665270555986
2024-09-21,TGO,0.013985271364111262
2024-09-22,TGO,0.01724557764460469
2024-09-23,TGO,0.21498303741872823
2024-09-24,TGO,0.019295293126262388
2024-09-25,TGO,0.020425431685850193
2024-09-26,TGO,0.02090339004129921
2024-09-27,TGO,0.020915626642588437
2024-09-28,TGO,0.02748863099451607
2024-09-29,TGO,0.01783502896591838
2024-09-30,TGO,0.009741659582159147
2024-10-01,TGO,0.009499250138827759
2024-10-02,TGO,0.20010896793591332
2024-10-03,TGO,0.03439522859000183
2024-10-04,TGO,0.0265211537161901
2024-10-05,TGO,0.011313232857947234
2024-10-06,TGO,0.008737209736033213
2024-10-07,TGO,0.01375973940790428
2024-10-08,TGO,0.010975193176296572
2024-10-09,TGO,0.00471413795605935
2024-10-10,TGO,0.004751445659278925
2024-10-11,TGO,0.0047182848412096684
2024-10-12,TGO,0.004756583090615437
2024-10-13,TGO,0.00532162620750816
2024-10-14,TGO,0.004917670930270124
2024-10-15,TGO,0.0046061147406926675
2024-10-16,TGO,0.07780406836245221
2024-10-17,TGO,0.02540106894186989
2024-10-18,TGO,0.06277494545236426
2024-10-19,TGO,0.2029509747966246
2024-10-20,TGO,0.19077012363457943
2024-10-21,TGO,0.03801509726745144
2024-10-22,TGO,0.029719514905291636
2024-10-23,TGO,0.049814145702218586
2024-10-24,TGO,0.0482293189305518
2024-10-25,TGO,0.16396749483033357
2024-10-26,TGO,0.017965004589124412
2024-10-27,TGO,0.02569872492038382
2024-10-28,TGO,0.0422323445666941
2024-10-29,TGO,0.01643267413211544
2024-10-30,TGO,0.01798501762724988
2024-10-31,TGO,0.021463229081923385
2024-11-01,TGO,0.009244686214404003
2024-11-02,TGO,0.038236746464162474
2024-11-03,TGO,0.007722862522656723
2024-11-04,TGO,0.007855248202810187
2024-11-05,TGO,0.007573857847178491
2024-11-06,TGO,0.007546560980772916
2024-11-07,TGO,0.006878818320340393
2024-11-08,TGO,0.04355152447524251
2024-11-09,TGO,0.21792690514380625
2024-11-10,TGO,0.05971070517377301
2024-11-11,TGO,0.038763684969556705
2024-11-12,TGO,0.013896457669655823
2024-11-13,TGO,0.019956299168740345
2024-11-14,TGO,0.1917372064183993
2024-11-15,TGO,0.1654740243371548
2024-11-16,TGO,0.005692934775652333
2024-11-17,TGO,0.00562461166171907
2024-11-18,TGO,0.00561715093804259
2024-11-19,TGO,0.11272207297824778
2024-11-20,TGO,0.062048336887714335
2024-11-21,TGO,0.005937853674535102
2024-11-22,TGO,0.005854183474174665
2024-11-23,TGO,0.029820196065097247
2024-11-24,TGO,0.0973037375558738
2024-11-25,TGO,0.02870652842885797
2024-11-26,TGO,0.02127888890573926
2024-11-27,TGO,0.019541185229861542
2024-11-28,TGO,0.0180599390774173
2024-11-29,TGO,0.05879330436774803
2024-11-30,TGO,0.03853580429063444
2024-12-01,TGO,0.018797308066707735
2024-12-02,TGO,0.016285785828710327
2024-12-03,TGO,0.026360451440156932
2024-12-04,TGO,0.05664828675627444
2024-12-05,TGO,0.06389590471163897
2024-12-06,TGO,0.058236631497914124
2024-12-07,TGO,0.055491920231378486
2024-12-08,TGO,0.05586065241828885
2024-12-09,TGO,0.06537468347490409
2024-12-10,TGO,0.074627017924969
2024-12-11,TGO,0.06208232798141299
2024-12-12,TGO,0.04059581085409268
2024-12-13,TGO,0.05112995659175708
2024-12-14,TGO,0.052797452707132
2024-12-15,TGO,0.08839195313630122
2024-12-16,TGO,0.03817766327993106
2024-12-17,TGO,0.032558185452033074
2024-12-18,TGO,0.02915723314382199
2024-12-19,TGO,0.03143263036783294
2024-12-20,TGO,0.04317553808426053
2024-12-21,TGO,0.023494554927383983
2024-12-22,TGO,0.03495991200067829
2024-12-23,TGO,0.03460994725422985
2024-12-24,TGO,0.034654448706175484
2024-12-25,TGO,0.0409890586524086
2024-12-26,TGO,0.015518299251790204
2024-12-27,TGO,0.017560070648803362
2024-12-28,TGO,0.014353059734530748
2024-12-29,TGO,0.01647611734110504
2024-12-30,TGO,0.01604710004523057
2024-12-31,TGO,0.01545394550741234
2025-01-01,TGO,0.02667448436160871
2025-01-02,TGO,0.17383289344373676
2025-01-03,TGO,0.014233315164460431
2025-01-04,TGO,0.08542253024735039
2025-01-05,TGO,0.03149932788806322
2025-01-06,TGO,0.02036237220709945
2025-01-07,TGO,0.02533364620574884
2025-01-08,TGO,0.016645300477074937
2025-01-09,TGO,0.018481203425701732
2025-01-10,TGO,0.016769310283452406
2025-01-11,TGO,0.00785279602439961
2025-01-12,TGO,0.14697764131355395
2025-01-13,TGO,0.011730116030749896
2025-01-14,TGO,0.026594847574311745
2025-01-15,TGO,0.02076806654430615
2025-01-16,TGO,0.012181827382533593
2025-01-17,TGO,0.012524024453563595
2025-01-18,TGO,0.010887192948923633
2025-01-19,TGO,0.11933650523975066
2025-01-20,TGO,0.009564168399409467
2025-01-21,TGO,0.010599152860232042
2025-01-22,TGO,0.009873999969300927
2025-01-23,TGO,0.008296896521422063
2025-01-24,TGO,0.007915782311566042
2025-01-25,TGO,0.007550517840554078
2025-01-26,TGO,0.005336895730336191
2025-01-27,TGO,0.005412493210047474
2025-01-28,TGO,0.005420070630756668
2025-01-29,TGO,0.006027997323871204
2025-01-30,TGO,0.0059611516851351964
2025-01-31,TGO,0.005886148807575002
2025-02-01,TGO,0.008143054033133914
2025-02-02,TGO,0.020861350205225494
2025-02-03,TGO,0.024754537109899704
2025-02-04,TGO,0.02647745197747896
2025-02-05,TGO,0.04008298334774213
2025-02-06,TGO,0.03133113404300881
2025-02-07,TGO,0.021777411573719034
2025-02-08,TGO,0.02962629873049348
2025-02-09,TGO,0.04505113047118591
2025-02-10,TGO,0.03981317832217345
2025-02-11,TGO,0.028232091599774054
2025-02-12,TGO,0.03964799755311833
2025-02-13,TGO,0.03267130433582099
2025-02-14,TGO,0.04369684825859113
2025-02-15,TGO,0.03240053604250443
2025-02-16,TGO,0.02003039952638386
2025-02-17,TGO,0.014011389970082283
2025-02-18,TGO,0.013318073922916061
2025-02-19,TGO,0.01003481522555005
2025-02-20,TGO,0.012031321311281134
2025-02-21,TGO,0.011103473422003594
2025-02-22,TGO,0.014981413194612346
2025-02-23,TGO,0.02065592537743196
2025-02-24,TGO,0.020555517121798386
2025-02-25,TGO,0.01134636327510585
2025-02-26,TGO,0.01161783787728351
2025-02-27,TGO,0.01057415166485696
2025-02-28,TGO,0.009762593934685827
2025-03-01,TGO,0.011838562830719278
2025-03-02,TGO,0.017505217500621645
2025-03-03,TGO,0.016357530611185025
2025-03-04,TGO,0.014553552422188568
2025-03-05,TGO,0.020061128322980137
2025-03-06,TGO,0.02342886995286558
2025-03-07,TGO,0.02159236992459217
2025-03-08,TGO,0.015982778106552357
2025-03-09,TGO,0.015958638386009773
2025-03-10,TGO,0.014028951964578294
2025-03-11,TGO,0.010035966357359889
2025-03-12,TGO,0.014900746328504957
2025-03-13,TGO,0.011078326649849013
2025-03-14,TGO,0.01150107732365164
2025-03-15,TGO,0.01647716617990096
2025-03-16,TGO,0.01451424265985203
2025-03-17,TGO,0.014471248962748167
2025-03-18,TGO,0.015052651807863048
2025-03-19,TGO,0.012416037976888436
2025-03-20,TGO,0.011854506005805348
2025-03-21,TGO,0.010217898645985742
2025-03-22,TGO,0.009118509317084274
2025-03-23,TGO,0.010974491463861983
2025-03-24,TGO,0.012015217515161002
2025-03-25,TGO,0.014177644914785322
2025-03-26,TGO,0.015018244108519355
2025-03-27,TGO,0.014780590726212753
2025-03-28,TGO,0.011714467250962701
2024-07-01,COD,0.010584616498137474
2024-07-02,COD,0.00909099976509386
2024-07-03,COD,0.08757938152944694
2024-07-04,COD,0.014882974298110859
2024-07-05,COD,0.006931669811380366
2024-07-06,COD,0.007146951865586492
2024-07-07,COD,0.005452556805495742
2024-07-08,COD,0.006224987177501017
2024-07-09,COD,0.005446608054777635
2024-07-10,COD,0.00676371024039371
2024-07-11,COD,0.09649004393893952
2024-07-12,COD,0.010800040545271086
2024-07-13,COD,0.16785598698510354
2024-07-14,COD,0.11090934765014283
2024-07-15,COD,0.15979103670473888
2024-07-16,COD,0.14074258880491838
2024-07-17,COD,0.1387977317843167
2024-07-18,COD,0.01874321860552018
2024-07-19,COD,0.12772086380089293
2024-07-20,COD,0.006693924696494058
2024-07-21,COD,0.004881258357668048
2024-07-22,COD,0.004811898343807156
2024-07-23,COD,0.00739214347912735
2024-07-24,COD,0.004499702686789005
2024-07-25,COD,0.005323727424166595
2024-07-26,COD,0.005060929419161507
2024-07-27,COD,0.015297503644889427
2024-07-28,COD,0.016902026751924596
2024-07-29,COD,0.007883924573585324
2024-07-30,COD,0.007722625994210317
2024-07-31,COD,0.004595758425561579
2024-08-01,COD,0.004532082392331283
2024-08-02,COD,0.004973273509926232
2024-08-03,COD,0.004615421357234179
2024-08-04,COD,0.0043574488406056475
2024-08-05,COD,0.004237425631263243
2024-08-06,COD,0.004504293808674526
2024-08-07,COD,0.006603079826779956
2024-08-08,COD,0.007444886552428176
2024-08-09,COD,0.01631079628683691
2024-08-10,COD,0.08365601100969607
2024-08-11,COD,0.014280760844427805
2024-08-12,COD,0.023012075715564424
2024-08-13,COD,0.05430817072934836
2024-08-14,COD,0.10212069806746117
2024-08-15,COD,0.14873855901248
2024-08-16,COD,0.08863491874582
2024-08-17,COD,0.010213638947062552
2024-08-18,COD,0.012781640599824385
2024-08-19,COD,0.020985013769499246
2024-08-20,COD,0.05616082334472117
2024-08-21,COD,0.007056471787875744
2024-08-22,COD,0.006082978664909377
2024-08-23,COD,0.011557692448674727
2024-08-24,COD,0.0178978196170618
2024-08-25,COD,0.00840945391833026
2024-08-26,COD,0.008547738794756754
2024-08-27,COD,0.013324623126414525
2024-08-28,COD,0.0832101016144127
2024-08-29,COD,0.02297554056750043
2024-08-30,COD,0.08511804519570093
2024-08-31,COD,0.03267420892706739
2024-09-01,COD,0.03260030314615978
2024-09-02,COD,0.015940009742907366
2024-09-03,COD,0.0261275844701686
2024-09-04,COD,0.0133738629765127
2024-09-05,COD,0.009812754291429426
2024-09-06,COD,0.008626422890404674
2024-09-07,COD,0.006493839898927568
2024-09-08,COD,0.033311815116311615
2024-09-09,COD,0.013763887854874894
2024-09-10,COD,0.02014439844112466
2024-09-11,COD,0.05003750405721454
2024-09-12,COD,0.05185877084507088
2024-09-13,COD,0.06305398766974336
2024-09-14,COD,0.012251134179420769
2024-09-15,COD,0.010876674705386793
2024-09-16,COD,0.1144035709730159
2024-09-17,COD,0.010038190079137067
2024-09-18,COD,0.016272966528332846
2024-09-19,COD,0.08269604599578918
2024-09-20,COD,0.0171301987824366
2024-09-21,COD,0.023317039626312
2024-09-22,COD,0.08961194252966974
2024-09-23,COD,0.11082721563526068
2024-09-24,COD,0.06414538691678649
2024-09-25,COD,0.07430442349168191
2024-09-26,COD,0.038948826321596394
2024-09-27,COD,0.014374639916784794
2024-09-28,COD,0.008040665615131684
2024-09-29,COD,0.012151457962121302
2024-09-30,COD,0.005846820517596232
2024-10-01,COD,0.005978594701821933
2024-10-02,COD,0.005249621853586644
2024-10-03,COD,0.005807615851340381
2024-10-04,COD,0.005233756833150826
2024-10-05,COD,0.009018445346460431
2024-10-06,COD,0.005284578463718713
2024-10-07,COD,0.007820910978127198
2024-10-08,COD,0.10238320812047298
2024-10-09,COD,0.02031235518092148
2024-10-10,COD,0.017266473997553974
2024-10-11,COD,0.029661076809807237
2024-10-12,COD,0.008234159775669726
2024-10-13,COD,0.013845457873745875
2024-10-14,COD,0.055308000552226615
2024-10-15,COD,0.013205912389312615
2024-10-16,COD,0.007232965714171327
2024-10-17,COD,0.005632413374832127
2024-10-18,COD,0.043844117765242385
2024-10-19,COD,0.009446820286401187
2024-10-20,COD,0.014148026344143217
2024-10-21,COD,0.005440277017209191
2024-10-22,COD,0.0142940707101587
2024-10-23,COD,0.13865255614383004
2024-10-24,COD,0.0656897202474131
2024-10-25,COD,0.02294734424520572
2024-10-26,COD,0.028174696659023387
2024-10-27,COD,0.007588386237524327
2024-10-28,COD,0.017474861705356712
2024-10-29,COD,0.013084295567850256
2024-10-30,COD,0.015922934470644655
2024-10-31,COD,0.005118671743607464
2024-11-01,COD,0.006613315927779975
2024-11-02,COD,0.004416819632042241
2024-11-03,COD,0.004803716780470854
2024-11-04,COD,0.004809626579438007
2024-11-05,COD,0.00581886222235523
2024-11-06,COD,0.00748541201991245
2024-11-07,COD,0.017231821637817057
2024-11-08,COD,0.009441095683748298
2024-11-09,COD,0.055018223705185006
2024-11-10,COD,0.03134258218064157
2024-11-11,COD,0.02508409936045678
2024-11-12,COD,0.02167050728973403
2024-11-13,COD,0.06030090777304835
2024-11-14,COD,0.06623446876450195
2024-11-15,COD,0.13948641628640276
2024-11-16,COD,0.01205867943993801
2024-11-17,COD,0.008006074230442908
2024-11-18,COD,0.012591064437501746
2024-11-19,COD,0.006798411146414884
2024-11-20,COD,0.009067892614484022
2024-11-21,COD,0.007702918319158277
2024-11-22,COD,0.018210727122842538
2024-11-23,COD,0.012148360779560814
2024-11-24,COD,0.012344107674053154
2024-11-25,COD,0.012500115470572441
2024-11-26,COD,0.008859689011050782
2024-11-27,COD,0.010085098296797722
2024-11-28,COD,0.01134427286129549
2024-11-29,COD,0.01725098231609952
2024-11-30,COD,0.009836074028091132
2024-12-01,COD,0.05240281369381154
2024-12-02,COD,0.010826387361637527
2024-12-03,COD,0.011547978903839035
2024-12-04,COD,0.04473606862815083
2024-12-05,COD,0.03956054497985462
2024-12-06,COD,0.07148269092191352
2024-12-07,COD,0.10264081571222526
2024-12-08,COD,0.04279744671150819
2024-12-09,COD,0.04941721706225321
2024-12-10,COD,0.005996364757586307
2024-12-11,COD,0.031708765538406236
2024-12-12,COD,0.00617222354341667
2024-12-13,COD,0.013409365629667089
2024-12-14,COD,0.014020432633502462
2024-12-15,COD,0.07262071112004688
2024-12-16,COD,0.020676756878605523
2024-12-17,COD,0.050139671679320326
2024-12-18,COD,0.06856301497968142
2024-12-19,COD,0.011675389926415305
2024-12-20,COD,0.011045342792021295
2024-12-21,COD,0.0658650589171224
2024-12-22,COD,0.012221017766423653
2024-12-23,COD,0.0164229808481926
2024-12-24,COD,0.03829843489173891
2024-12-25,COD,0.14618952180859351
2024-12-26,COD,0.08814146535837389
2024-12-27,COD,0.020334661737624757
2024-12-28,COD,0.006742742188236174
2024-12-29,COD,0.013348059854589119
2024-12-30,COD,0.006775070712788314
2024-12-31,COD,0.06750322501519262
2025-01-01,COD,0.0047442562516608585
2025-01-02,COD,0.0044012355412534334
2025-01-03,COD,0.004184344261505646
2025-01-04,COD,0.004247777481136598
2025-01-05,COD,0.004237174006140383
2025-01-06,COD,0.0042293901764388995
2025-01-07,COD,0.004312655548064367
2025-01-08,COD,0.009315037312973269
2025-01-09,COD,0.060553483446278075
2025-01-10,COD,0.06405986846635829
2025-01-11,COD,0.012941313642518043
2025-01-12,COD,0.12615593915809092
2025-01-13,COD,0.06423619452552191
2025-01-14,COD,0.010079371249963581
2025-01-15,COD,0.1630405460972465
2025-01-16,COD,0.017596715502294163
2025-01-17,COD,0.03574796198795234
2025-01-18,COD,0.018228964493428892
2025-01-19,COD,0.1211125071805687
2025-01-20,COD,0.09322024657939101
2025-01-21,COD,0.08841562097666256
2025-01-22,COD,0.008307580967215022
2025-01-23,COD,0.007344220101586857
2025-01-24,COD,0.004826425391209655
2025-01-25,COD,0.007980510838632587
2025-01-26,COD,0.005285536075770897
2025-01-27,COD,0.016132787156801005
2025-01-28,COD,0.014834875861570219
2025-01-29,COD,0.12096087441705325
2025-01-30,COD,0.03369294806484794
2025-01-31,COD,0.03217360174248947
2025-02-01,COD,0.004999772811163225
2025-02-02,COD,0.005460116343865341
2025-02-03,COD,0.0045229793260537655
2025-02-04,COD,0.004699588353496164
2025-02-05,COD,0.004499526367727639
2025-02-06,COD,0.007094912562929682
2025-02-07,COD,0.007856315599613212
2025-02-08,COD,0.004884013464303293
2025-02-09,COD,0.008159288567681123
2025-02-10,COD,0.009737625818789331
2025-02-11,COD,0.007542440489017466
2025-02-12,COD,0.06645957673640358
2025-02-13,COD,0.1390703043680419
2025-02-14,COD,0.020925473187019726
2025-02-15,COD,0.04048862337066651
2025-02-16,COD,0.03981259666591849
2025-02-17,COD,0.00476039357349156
2025-02-18,COD,0.004844036272076248
2025-02-19,COD,0.0047952739914443685
2025-02-20,COD,0.004960963085216342
2025-02-21,COD,0.0043296805111846665
2025-02-22,COD,0.006937951431369001
2025-02-23,COD,0.005047212905684954
2025-02-24,COD,0.004469993516003581
2025-02-25,COD,0.007972304420290021
2025-02-26,COD,0.005828290993615057
2025-02-27,COD,0.00793522326470819
2025-02-28,COD,0.006932199485369874
2025-03-01,COD,0.0071042830169707576
2025-03-02,COD,0.008202702300040696
2025-03-03,COD,0.03748527992998532
2025-03-04,COD,0.009159023607762154
2025-03-05,COD,0.015430429009853404
2025-03-06,COD,0.005125242402828722
2025-03-07,COD,0.01286565602678907
2025-03-08,COD,0.008505338503038124
2025-03-09,COD,0.010402840786565863
2025-03-10,COD,0.023669597792718697
2025-03-11,COD,0.011952479422127548
2025-03-12,COD,0.005559599690574167
2025-03-13,COD,0.0063744252561025085
2025-03-14,COD,0.005712835600411308
2025-03-15,COD,0.004966393595055708
2025-03-16,COD,0.005959962666350628
2025-03-17,COD,0.00828017719798146
2025-03-18,COD,0.0090403137900136
2025-03-19,COD,0.023571817772362027
2025-03-20,COD,0.012644343898944447
2025-03-21,COD,0.013911940214100235
2025-03-22,COD,0.011608151194513285
2025-03-23,COD,0.03681577191481347
2025-03-24,COD,0.008796098375263182
2025-03-25,COD,0.005526160564499451
2025-03-26,COD,0.00803965590238597
2025-03-27,COD,0.005770144701335872
2025-03-28,COD,0.00609379786593068
2024-07-01,CAF,0.009101645763388727
2024-07-02,CAF,0.21905872570934737
2024-07-03,CAF,0.011770405228165227
2024-07-04,CAF,0.015423616943006747
2024-07-05,CAF,0.013631608315286892
2024-07-06,CAF,0.16999301590934385
2024-07-07,CAF,0.015879350140405733
2024-07-08,CAF,0.011628670339166357
2024-07-09,CAF,0.006666256598484442
2024-07-10,CAF,0.006428337947800055
2024-07-11,CAF,0.0064009919675105855
2024-07-12,CAF,0.006568202128185448
2024-07-13,CAF,0.011141412075458188
2024-07-14,CAF,0.011319213303703586
2024-07-15,CAF,0.005790762053447046
2024-07-16,CAF,0.01410835852108638
2024-07-17,CAF,0.08448105499251753
2024-07-18,CAF,0.01584676854169601
2024-07-19,CAF,0.01704647579135409
2024-07-20,CAF,0.13404125052195184
2024-07-21,CAF,0.03817808537237328
2024-07-22,CAF,0.034471168291189826
2024-07-23,CAF,0.05354076646957444
2024-07-24,CAF,0.01921259673141738
2024-07-25,CAF,0.025238785314985402
2024-07-26,CAF,0.01582550693459537
2024-07-27,CAF,0.019267854983533637
2024-07-28,CAF,0.02584539185196008
2024-07-29,CAF,0.023510604277850594
2024-07-30,CAF,0.01882884490309192
2024-07-31,CAF,0.21994348638940756
2024-08-01,CAF,0.03317488562402758
2024-08-02,CAF,0.0616339075939787
2024-08-03,CAF,0.13518632854931972
2024-08-04,CAF,0.046141442222457384
2024-08-05,CAF,0.054763162345158815
2024-08-06,CAF,0.056399574069900905
2024-08-07,CAF,0.10039576727292363
2024-08-08,CAF,0.03155945495000121
2024-08-09,CAF,0.015035098743185612
2024-08-10,CAF,0.018742479401710147
2024-08-11,CAF,0.010261119422143384
2024-08-12,CAF,0.03439196727199208
2024-08-13,CAF,0.12681852180727232
2024-08-14,CAF,0.0413168925084382
2024-08-15,CAF,0.020365013162460366
2024-08-16,CAF,0.18503511064705389
2024-08-17,CAF,0.025428664855814253
2024-08-18,CAF,0.016186985135166993
2024-08-19,CAF,0.09058355924369903
2024-08-20,CAF,0.008109816434769638
2024-08-21,CAF,0.02178006458250651
2024-08-22,CAF,0.008195053235913134
2024-08-23,CAF,0.015514055078586863
2024-08-24,CAF,0.006812818369751493
2024-08-25,CAF,0.006841349903589251
2024-08-26,CAF,0.007543799383998108
2024-08-27,CAF,0.010077857485806734
2024-08-28,CAF,0.010636997805275012
2024-08-29,CAF,0.1607014141513141
2024-08-30,CAF,0.03496534760436624
2024-08-31,CAF,0.030997720961143397
2024-09-01,CAF,0.02224857649872986
2024-09-02,CAF,0.03694802028833948
2024-09-03,CAF,0.10467369513084329
2024-09-04,CAF,0.08001135717041533
2024-09-05,CAF,0.01604573947558163
2024-09-06,CAF,0.01585286312422929
2024-09-07,CAF,0.01328614638412306
2024-09-08,CAF,0.011886830036060286
2024-09-09,CAF,0.02038262747006842
2024-09-10,CAF,0.08580259889298439
2024-09-11,CAF,0.010682223633651707
2024-09-12,CAF,0.16654087231403064
2024-09-13,CAF,0.03625302659959738
2024-09-14,CAF,0.09420027819444925
2024-09-15,CAF,0.07477210884556651
2024-09-16,CAF,0.06003686249359803
2024-09-17,CAF,0.031682464336361085
2024-09-18,CAF,0.016078374031270055
2024-09-19,CAF,0.015012685842662481
2024-09-20,CAF,0.018347461054000785
2024-09-21,CAF,0.17047677728858784
2024-09-22,CAF,0.018501205245691838
2024-09-23,CAF,0.03786527082751878
2024-09-24,CAF,0.01763069914599217
2024-09-25,CAF,0.017192000210636937
2024-09-26,CAF,0.1024107485536697
2024-09-27,CAF,0.09159975986905013
2024-09-28,CAF,0.007158075665517886
2024-09-29,CAF,0.007855331732519807
2024-09-30,CAF,0.006544631471043389
2024-10-01,CAF,0.026528115734058104
2024-10-02,CAF,0.007830992252530204
2024-10-03,CAF,0.045874112529431695
2024-10-04,CAF,0.012285499418632056
2024-10-05,CAF,0.08018847001356232
2024-10-06,CAF,0.2239689337156794
2024-10-07,CAF,0.13278184089412703
2024-10-08,CAF,0.10886386352167395
2024-10-09,CAF,0.08601903785305183
2024-10-10,CAF,0.034601395926373506
2024-10-11,CAF,0.07660669446067199
2024-10-12,CAF,0.0408833440120722
2024-10-13,CAF,0.021516770744159513
2024-10-14,CAF,0.009091837104648332
2024-10-15,CAF,0.024301030211956565
2024-10-16,CAF,0.006921862687008466
2024-10-17,CAF,0.009865800402714602
2024-10-18,CAF,0.005615541085211813
2024-10-19,CAF,0.006034540339111145
2024-10-20,CAF,0.02774671297290676
2024-10-21,CAF,0.0249874065574639
2024-10-22,CAF,0.015367514227955561
2024-10-23,CAF,0.028416694777011465
2024-10-24,CAF,0.01841065188573983
2024-10-25,CAF,0.02038208365321589
2024-10-26,CAF,0.01578808296207015
2024-10-27,CAF,0.011407393225770883
2024-10-28,CAF,0.031051842327953376
2024-10-29,CAF,0.03519113830669995
2024-10-30,CAF,0.04405208365735218
2024-10-31,CAF,0.125926484658691
2024-11-01,CAF,0.04488299939998746
2024-11-02,CAF,0.05792997677338235
2024-11-03,CAF,0.06188617564544699
2024-11-04,CAF,0.09830128010529725
2024-11-05,CAF,0.07441920660441646
2024-11-06,CAF,0.17887769028638523
2024-11-07,CAF,0.07164807648278973
2024-11-08,CAF,0.06362442979187147
2024-11-09,CAF,0.1133737515699423
2024-11-10,CAF,0.0842095326902352
2024-11-11,CAF,0.048451049153038446
2024-11-12,CAF,0.08886809092222434
2024-11-13,CAF,0.026083622400666306
2024-11-14,CAF,0.04958611640392597
2024-11-15,CAF,0.03431494453357372
2024-11-16,CAF,0.025981834651538166
2024-11-17,CAF,0.029185257698575967
2024-11-18,CAF,0.0432285317764369
2024-11-19,CAF,0.024763304088826182
2024-11-20,CAF,0.028219787495455607
2024-11-21,CAF,0.023510570549250123
2024-11-22,CAF,0.015805849665757564
2024-11-23,CAF,0.017098954845949622
2024-11-24,CAF,0.0396804109802266
2024-11-25,CAF,0.21473273508862492
2024-11-26,CAF,0.03566036472636089
2024-11-27,CAF,0.03961565698496332
2024-11-28,CAF,0.0392840511203098
2024-11-29,CAF,0.04421325863741976
2024-11-30,CAF,0.05799660413221716
2024-12-01,CAF,0.04224661403081598
2024-12-02,CAF,0.007406222890863581
2024-12-03,CAF,0.007416352755025448
2024-12-04,CAF,0.04211282367246514
2024-12-05,CAF,0.01878360160580698
2024-12-06,CAF,0.007757295261625602
2024-12-07,CAF,0.008628676084962282
2024-12-08,CAF,0.026548046832755898
2024-12-09,CAF,0.1444941970252924
2024-12-10,CAF,0.16722391274866374
2024-12-11,CAF,0.08426265415990153
2024-12-12,CAF,0.03607305058188915
2024-12-13,CAF,0.024936424436285073
2024-12-14,CAF,0.031288220563187856
2024-12-15,CAF,0.03084333223646981
2024-12-16,CAF,0.019388225201675085
2024-12-17,CAF,0.018122801131177757
2024-12-18,CAF,0.01906302605033531
2024-12-19,CAF,0.03607856810896174
2024-12-20,CAF,0.0406504278734032
2024-12-21,CAF,0.01852791730028227
2024-12-22,CAF,0.1017164991974503
2024-12-23,CAF,0.2004100553372588
2024-12-24,CAF,0.20745963870622042
2024-12-25,CAF,0.19329650458515987
2024-12-26,CAF,0.10922772476218287
2024-12-27,CAF,0.1653794604736335
2024-12-28,CAF,0.1977891961996612
2024-12-29,CAF,0.05365770082067606
2024-12-30,CAF,0.01014023149381535
2024-12-31,CAF,0.009927781817030112
2025-01-01,CAF,0.02965359474243032
2025-01-02,CAF,0.006130782251180868
2025-01-03,CAF,0.006769973043957366
2025-01-04,CAF,0.007499199581913727
2025-01-05,CAF,0.011458868243350954
2025-01-06,CAF,0.01558795930521012
2025-01-07,CAF,0.012770298606836242
2025-01-08,CAF,0.21610799069723727
2025-01-09,CAF,0.021738240059371694
2025-01-10,CAF,0.141331595278275
2025-01-11,CAF,0.07507031491311683
2025-01-12,CAF,0.02997525274708768
2025-01-13,CAF,0.030307621575147742
2025-01-14,CAF,0.017728909931465277
2025-01-15,CAF,0.1670195003310951
2025-01-16,CAF,0.0394838957132815
2025-01-17,CAF,0.041703681184591314
2025-01-18,CAF,0.10450151726633455
2025-01-19,CAF,0.011978405074937493
2025-01-20,CAF,0.053821196229362864
2025-01-21,CAF,0.2223737308490509
2025-01-22,CAF,0.03551118560585378
2025-01-23,CAF,0.021289198216355717
2025-01-24,CAF,0.014615107612337612
2025-01-25,CAF,0.01005817829650965
2025-01-26,CAF,0.010997354124874426
2025-01-27,CAF,0.010750292296974231
2025-01-28,CAF,0.03737457569775571
2025-01-29,CAF,0.009268180533704847
2025-01-30,CAF,0.012095461815207209
2025-01-31,CAF,0.008523552638487171
2025-02-01,CAF,0.0064581823301355125
2025-02-02,CAF,0.009840695528053197
2025-02-03,CAF,0.1709560451871663
2025-02-04,CAF,0.015606996146652613
2025-02-05,CAF,0.044106959617135746
2025-02-06,CAF,0.01542879464087705
2025-02-07,CAF,0.01524258942915734
2025-02-08,CAF,0.01886660404203364
2025-02-09,CAF,0.00888708913516061
2025-02-10,CAF,0.006677174854298125
2025-02-11,CAF,0.009097491622317721
2025-02-12,CAF,0.016407751784857583
2025-02-13,CAF,0.0070946402515198815
2025-02-14,CAF,0.048623122710303855
2025-02-15,CAF,0.22061041235855613
2025-02-16,CAF,0.2206990951292863
2025-02-17,CAF,0.10480924028404526
2025-02-18,CAF,0.0901556874619811
2025-02-19,CAF,0.21040752776460406
2025-02-20,CAF,0.13603325402645353
2025-02-21,CAF,0.2150803814231821
2025-02-22,CAF,0.0046701847970836265
2025-02-23,CAF,0.004341774334353665
2025-02-24,CAF,0.004484768983493255
2025-02-25,CAF,0.004590804365613238
2025-02-26,CAF,0.005573932979839669
2025-02-27,CAF,0.00439706298774133
2025-02-28,CAF,0.006421761283035789
2025-03-01,CAF,0.005420801346221461
2025-03-02,CAF,0.0078038884248624926
2025-03-03,CAF,0.009308318561088545
2025-03-04,CAF,0.007753341742498403
2025-03-05,CAF,0.013064722107975886
2025-03-06,CAF,0.007900213900812417
2025-03-07,CAF,0.006018280418984969
2025-03-08,CAF,0.008806909864532477
2025-03-09,CAF,0.0069719334525229475
2025-03-10,CAF,0.009821439704479953
2025-03-11,CAF,0.011972819322252892
2025-03-12,CAF,0.01541331591231187
2025-03-13,CAF,0.00801454379112636
2025-03-14,CAF,0.011495377744601826
2025-03-15,CAF,0.10557786077184042
2025-03-16,CAF,0.019722455028113595
2025-03-17,CAF,0.02125956877417564
2025-03-18,CAF,0.14622847152422752
2025-03-19,CAF,0.022947915685355195
2025-03-20,CAF,0.01465748920191714
2025-03-21,CAF,0.014630132314976108
2025-03-22,CAF,0.017844286623645293
2025-03-23,CAF,0.009546206147147289
2025-03-24,CAF,0.011751902907913836
2025-03-25,CAF,0.007850866051756352
2025-03-26,CAF,0.008772405467710052
2025-03-27,CAF,0.008311140373163934
2025-03-28,CAF,0.008010393911955837
2024-07-01,SDN,0.06486614018936057
2024-07-02,SDN,0.009884224402226052
2024-07-03,SDN,0.02444948416518849
2024-07-04,SDN,0.009635723320907829
2024-07-05,SDN,0.0237402585779819
2024-07-06,SDN,0.013996041643065659
2024-07-07,SDN,0.012902275480471377
2024-07-08,SDN,0.007556826261679073
2024-07-09,SDN,0.006254769848501264
2024-07-10,SDN,0.010018766396206568
2024-07-11,SDN,0.04034601288711834
2024-07-12,SDN,0.11651839864282838
2024-07-13,SDN,0.0492362020872198
2024-07-14,SDN,0.11511487087571853
2024-07-15,SDN,0.03582478488435373
2024-07-16,SDN,0.04552259803025583
2024-07-17,SDN,0.05238500512861728
2024-07-18,SDN,0.09999367979491859
2024-07-19,SDN,0.04476956121738016
2024-07-20,SDN,0.0832573801222791
2024-07-21,SDN,0.03264687660789413
2024-07-22,SDN,0.010368842202595291
2024-07-23,SDN,0.005923110534215511
2024-07-24,SDN,0.009712526691425602
2024-07-25,SDN,0.006304276762291922
2024-07-26,SDN,0.023328713819338365
2024-07-27,SDN,0.007775767642968949
2024-07-28,SDN,0.02971504209912801
2024-07-29,SDN,0.02060631423789534
2024-07-30,SDN,0.017829569292449363
2024-07-31,SDN,0.04447347025492603
2024-08-01,SDN,0.021735509152291166
2024-08-02,SDN,0.01346388751600568
2024-08-03,SDN,0.09503037370478785
2024-08-04,SDN,0.010158516295366704
2024-08-05,SDN,0.009738649083328095
2024-08-06,SDN,0.009752351105819708
2024-08-07,SDN,0.009195532613537522
2024-08-08,SDN,0.009761057555537854
2024-08-09,SDN,0.027160995020478227
2024-08-10,SDN,0.11693280299992165
2024-08-11,SDN,0.1582512218201012
2024-08-12,SDN,0.009998734013205047
2024-08-13,SDN,0.09442846702105977
2024-08-14,SDN,0.027932124131635906
2024-08-15,SDN,0.025746366290156922
2024-08-16,SDN,0.1778219210626566
2024-08-17,SDN,0.005250507494217692
2024-08-18,SDN,0.005049571512551748
2024-08-19,SDN,0.0053457426594660075
2024-08-20,SDN,0.007884900691590951
2024-08-21,SDN,0.007796894400862161
2024-08-22,SDN,0.008509950055183492
2024-08-23,SDN,0.006185609893821769
2024-08-24,SDN,0.005684552884942487
2024-08-25,SDN,0.016184279468844903
2024-08-26,SDN,0.04954587709733564
2024-08-27,SDN,0.026517586121550207
2024-08-28,SDN,0.018391741147306823
2024-08-29,SDN,0.022574552250586532
2024-08-30,SDN,0.09371480402255145
2024-08-31,SDN,0.11476179247617446
2024-09-01,SDN,0.03667718825766562
2024-09-02,SDN,0.11997123750959746
2024-09-03,SDN,0.09220543147793477
2024-09-04,SDN,0.03480572500739744
2024-09-05,SDN,0.061351908237735724
2024-09-06,SDN,0.0963687726491428
2024-09-07,SDN,0.05612523102851704
2024-09-08,SDN,0.1825887700016502
2024-09-09,SDN,0.11375351726141367
2024-09-10,SDN,0.040266823499790605
2024-09-11,SDN,0.0776422055737671
2024-09-12,SDN,0.16857699421963662
2024-09-13,SDN,0.07733045900950712
2024-09-14,SDN,0.1864812708903625
2024-09-15,SDN,0.02224378012932074
2024-09-16,SDN,0.10443863693260078
2024-09-17,SDN,0.01678856654517532
2024-09-18,SDN,0.025274779975520252
2024-09-19,SDN,0.04167011727384299
2024-09-20,SDN,0.03268934015103131
2024-09-21,SDN,0.044848890435547545
2024-09-22,SDN,0.00767656449836101
2024-09-23,SDN,0.04505134495147432
2024-09-24,SDN,0.010712120118156225
2024-09-25,SDN,0.03387517538686959
2024-09-26,SDN,0.03052703911083644
2024-09-27,SDN,0.03446524586180297
2024-09-28,SDN,0.028857329661432268
2024-09-29,SDN,0.029263662401254067
2024-09-30,SDN,0.02717338165653812
2024-10-01,SDN,0.031213525702864245
2024-10-02,SDN,0.009303048435478484
2024-10-03,SDN,0.010215625624048272
2024-10-04,SDN,0.018905557661402474
2024-10-05,SDN,0.11429202130752893
2024-10-06,SDN,0.008462495224175309
2024-10-07,SDN,0.035863216248712596
2024-10-08,SDN,0.015053076467176482
2024-10-09,SDN,0.008237819647685603
2024-10-10,SDN,0.009749491541612547
2024-10-11,SDN,0.006387783287536734
2024-10-12,SDN,0.02755141394968326
2024-10-13,SDN,0.02842168494998003
2024-10-14,SDN,0.02726168994269096
2024-10-15,SDN,0.084293420977616
2024-10-16,SDN,0.01614074777653482
2024-10-17,SDN,0.08187562610117491
2024-10-18,SDN,0.010747837201225052
2024-10-19,SDN,0.030732397952942987
2024-10-20,SDN,0.14688542697106255
2024-10-21,SDN,0.15805228136077243
2024-10-22,SDN,0.13328797381807733
2024-10-23,SDN,0.09300328985614521
2024-10-24,SDN,0.12429412892445683
2024-10-25,SDN,0.1408658955374545
2024-10-26,SDN,0.1337982047803993
2024-10-27,SDN,0.024769051543110272
2024-10-28,SDN,0.010865045728497356
2024-10-29,SDN,0.010132241631950763
2024-10-30,SDN,0.015055928345056577
2024-10-31,SDN,0.012069115188661737
2024-11-01,SDN,0.005245368814985605
2024-11-02,SDN,0.013616429493364049
2024-11-03,SDN,0.0053948034067704325
2024-11-04,SDN,0.006764271454851309
2024-11-05,SDN,0.0068427868026896
2024-11-06,SDN,0.01634654557020661
2024-11-07,SDN,0.007099415039725164
2024-11-08,SDN,0.02025304131402339
2024-11-09,SDN,0.023896854910514274
2024-11-10,SDN,0.033546081974821416
2024-11-11,SDN,0.033546081974821416
2024-11-12,SDN,0.009065816268049648
2024-11-13,SDN,0.009157151417497088
2024-11-14,SDN,0.18192588880597166
2024-11-15,SDN,0.18127409554659812
2024-11-16,SDN,0.04483199724616157
2024-11-17,SDN,0.04363944927628809
2024-11-18,SDN,0.014928185547775053
2024-11-19,SDN,0.015512103107068704
2024-11-20,SDN,0.062494776654326824
2024-11-21,SDN,0.01610268409113493
2024-11-22,SDN,0.028025630560619776
2024-11-23,SDN,0.00820349192431494
2024-11-24,SDN,0.009958621040580559
2024-11-25,SDN,0.009891519430116914
2024-11-26,SDN,0.006993700208227906
2024-11-27,SDN,0.006708274879421803
2024-11-28,SDN,0.009109240841789937
2024-11-29,SDN,0.006060483339722381
2024-11-30,SDN,0.006469328846813725
2024-12-01,SDN,0.18389521516941235
2024-12-02,SDN,0.11956316530320273
2024-12-03,SDN,0.19372301866812838
2024-12-04,SDN,0.16167387300751085
2024-12-05,SDN,0.1937872274996265
2024-12-06,SDN,0.2080960296477775
2024-12-07,SDN,0.20090604567592382
2024-12-08,SDN,0.19514615414293812
2024-12-09,SDN,0.1921762678567833
2024-12-10,SDN,0.18968437723765075
2024-12-11,SDN,0.18598444557094887
2024-12-12,SDN,0.05872782334369953
2024-12-13,SDN,0.06703660537494567
2024-12-14,SDN,0.020599440771968226
2024-12-15,SDN,0.022897862603093896
2024-12-16,SDN,0.022760767587473522
2024-12-17,SDN,0.00619608261046974
2024-12-18,SDN,0.008996532596695106
2024-12-19,SDN,0.00679037571836816
2024-12-20,SDN,0.0056473205547587614
2024-12-21,SDN,0.045067023562042834
2024-12-22,SDN,0.06426975763980057
2024-12-23,SDN,0.014529639200248686
2024-12-24,SDN,0.011389131003651048
2024-12-25,SDN,0.01170461258398515
2024-12-26,SDN,0.07882872106623721
2024-12-27,SDN,0.014924403677319877
2024-12-28,SDN,0.04560930838477223
2024-12-29,SDN,0.008569101044630408
2024-12-30,SDN,0.006947695018121445
2024-12-31,SDN,0.008369883280374546
2025-01-01,SDN,0.04077102087620225
2025-01-02,SDN,0.00819056950372632
2025-01-03,SDN,0.008023158746113855
2025-01-04,SDN,0.007017647324779524
2025-01-05,SDN,0.14785736861226106
2025-01-06,SDN,0.07017220000836115
2025-01-07,SDN,0.06988993629817467
2025-01-08,SDN,0.15340376043594867
2025-01-09,SDN,0.07596443266234991
2025-01-10,SDN,0.18282209623483328
2025-01-11,SDN,0.13413063634077824
2025-01-12,SDN,0.13998428498950893
2025-01-13,SDN,0.14554212908110162
2025-01-14,SDN,0.12429070238394792
2025-01-15,SDN,0.018225775718531585
2025-01-16,SDN,0.10021138722359117
2025-01-17,SDN,0.023855583958643185
2025-01-18,SDN,0.12589806360626266
2025-01-19,SDN,0.06320570518228169
2025-01-20,SDN,0.01597216804717338
2025-01-21,SDN,0.006630237045246131
2025-01-22,SDN,0.03526148206147465
2025-01-23,SDN,0.04487868981177333
2025-01-24,SDN,0.05575859969408757
2025-01-25,SDN,0.009772569318412187
2025-01-26,SDN,0.03343497848784726
2025-01-27,SDN,0.006474279340729875
2025-01-28,SDN,0.009230941594769785
2025-01-29,SDN,0.0095312089221027
2025-01-30,SDN,0.022537811505613722
2025-01-31,SDN,0.006295070649355468
2025-02-01,SDN,0.03948963155450311
2025-02-02,SDN,0.03651914296349745
2025-02-03,SDN,0.036280844001549545
2025-02-04,SDN,0.033932282688807235
2025-02-05,SDN,0.013802215992109462
2025-02-06,SDN,0.009125667784747505
2025-02-07,SDN,0.08920954796437768
2025-02-08,SDN,0.02464144832535072
2025-02-09,SDN,0.02559956902267158
2025-02-10,SDN,0.032827192310067387
2025-02-11,SDN,0.07503011657821204
2025-02-12,SDN,0.07827337672466711
2025-02-13,SDN,0.10126037013520874
2025-02-14,SDN,0.016531694851518078
2025-02-15,SDN,0.1516284762769933
2025-02-16,SDN,0.18307566428724523
2025-02-17,SDN,0.21302244377502447
2025-02-18,SDN,0.17027355554470272
2025-02-19,SDN,0.1639618658155437
2025-02-20,SDN,0.17959949827437655
2025-02-21,SDN,0.15618943429726595
2025-02-22,SDN,0.02014457553311946
2025-02-23,SDN,0.04771639450583625
2025-02-24,SDN,0.021747776685759064
2025-02-25,SDN,0.08041868929137182
2025-02-26,SDN,0.010818246059165247
2025-02-27,SDN,0.08421716087836738
2025-02-28,SDN,0.020828065473908735
2025-03-01,SDN,0.018987873855710737
2025-03-02,SDN,0.008866609178472588
2025-03-03,SDN,0.08044731567415507
2025-03-04,SDN,0.12227099105880784
2025-03-05,SDN,0.07025263217620954
2025-03-06,SDN,0.14820006068251637
2025-03-07,SDN,0.044892116173981526
2025-03-08,SDN,0.16597520840825136
2025-03-09,SDN,0.07873377732070388
2025-03-10,SDN,0.14028318591383854
2025-03-11,SDN,0.06539271320497261
2025-03-12,SDN,0.14835161646250516
2025-03-13,SDN,0.13396481906476068
2025-03-14,SDN,0.19531928090954057
2025-03-15,SDN,0.01641494447787946
2025-03-16,SDN,0.07889143656596903
2025-03-17,SDN,0.01048123139890638
2025-03-18,SDN,0.018699928917234404
2025-03-19,SDN,0.019801701843392496
2025-03-20,SDN,0.06529395173975286
2025-03-21,SDN,0.09180408529522029
2025-03-22,SDN,0.1941955603965037
2025-03-23,SDN,0.17897357638139452
2025-03-24,SDN,0.1104945127499902
2025-03-25,SDN,0.035958773945613934
2025-03-26,SDN,0.07265510379754077
2025-03-27,SDN,0.007254214613070037
2025-03-28,SDN,0.040819665664731726
2024-07-01,SSD,0.00740779058997036
2024-07-02,SSD,0.006634825600538564
2024-07-03,SSD,0.011236723298496518
2024-07-04,SSD,0.006738248450372747
2024-07-05,SSD,0.011929192979698066
2024-07-06,SSD,0.010406696790555474
2024-07-07,SSD,0.010002097390857462
2024-07-08,SSD,0.02732719825220075
2024-07-09,SSD,0.01980511497413901
2024-07-10,SSD,0.04229160564761004
2024-07-11,SSD,0.05685906649178425
2024-07-12,SSD,0.07914814793761855
2024-07-13,SSD,0.05167316372536914
2024-07-14,SSD,0.08046999432818731
2024-07-15,SSD,0.19985865185078766
2024-07-16,SSD,0.08510460578742342
2024-07-17,SSD,0.039336108866696765
2024-07-18,SSD,0.15343130195315602
2024-07-19,SSD,0.12728813574816394
2024-07-20,SSD,0.2000876600446727
2024-07-21,SSD,0.041507583143183965
2024-07-22,SSD,0.006213510818586686
2024-07-23,SSD,0.0075307528432501025
2024-07-24,SSD,0.00598878793459422
2024-07-25,SSD,0.0060411620468257595
2024-07-26,SSD,0.005540416849174687
2024-07-27,SSD,0.007846883062698809
2024-07-28,SSD,0.006043959924920562
2024-07-29,SSD,0.006442505663562047
2024-07-30,SSD,0.006116333476644496
2024-07-31,SSD,0.006826971857238781
2024-08-01,SSD,0.005920968285356175
2024-08-02,SSD,0.008481510826295174
2024-08-03,SSD,0.01839105139964075
2024-08-04,SSD,0.011179622440646447
2024-08-05,SSD,0.01465744034073351
2024-08-06,SSD,0.023485493617928895
2024-08-07,SSD,0.011961894888395132
2024-08-08,SSD,0.0071415804828821846
2024-08-09,SSD,0.05338025801325197
2024-08-10,SSD,0.08343450333939574
2024-08-11,SSD,0.11232380495624028
2024-08-12,SSD,0.05593783193231762
2024-08-13,SSD,0.02185457089894544
2024-08-14,SSD,0.02953057481023404
2024-08-15,SSD,0.04810757076392251
2024-08-16,SSD,0.2053706137376758
2024-08-17,SSD,0.010493501937407768
2024-08-18,SSD,0.01406117738175631
2024-08-19,SSD,0.029397625157125386
2024-08-20,SSD,0.00951387917190431
2024-08-21,SSD,0.008604526786194179
2024-08-22,SSD,0.0072634982030248315
2024-08-23,SSD,0.004943274586212859
2024-08-24,SSD,0.005154894779345498
2024-08-25,SSD,0.009040223741765724
2024-08-26,SSD,0.005248847175841699
2024-08-27,SSD,0.0054608392317966005
2024-08-28,SSD,0.00567775877079036
2024-08-29,SSD,0.006671033686859236
2024-08-30,SSD,0.023710745630761018
2024-08-31,SSD,0.046502977836194705
2024-09-01,SSD,0.03452530738858774
2024-09-02,SSD,0.08433041760312997
2024-09-03,SSD,0.02579610274857668
2024-09-04,SSD,0.02401157384380644
2024-09-05,SSD,0.01579680848679096
2024-09-06,SSD,0.01902199095551537
2024-09-07,SSD,0.01967297114928934
2024-09-08,SSD,0.14683650685565494
2024-09-09,SSD,0.05740569915102636
2024-09-10,SSD,0.03323814808122071
2024-09-11,SSD,0.029721376020946648
2024-09-12,SSD,0.050494539769815924
2024-09-13,SSD,0.07896582098749447
2024-09-14,SSD,0.18363228655645042
2024-09-15,SSD,0.10170934360106512
2024-09-16,SSD,0.04868503698891165
2024-09-17,SSD,0.028140568843900603
2024-09-18,SSD,0.0712632898047721
2024-09-19,SSD,0.04680124799761032
2024-09-20,SSD,0.04157067412941064
2024-09-21,SSD,0.03739580796251681
2024-09-22,SSD,0.011260139033058787
2024-09-23,SSD,0.01114557005672706
2024-09-24,SSD,0.010198423374885935
2024-09-25,SSD,0.008384756203997276
2024-09-26,SSD,0.012460325448047902
2024-09-27,SSD,0.04755128614450681
2024-09-28,SSD,0.0315650726373318
2024-09-29,SSD,0.064049480736181
2024-09-30,SSD,0.04563787083902399
2024-10-01,SSD,0.12374830525592402
2024-10-02,SSD,0.02696782869932548
2024-10-03,SSD,0.13650763121639403
2024-10-04,SSD,0.014153563938014204
2024-10-05,SSD,0.01642433921369245
2024-10-06,SSD,0.014388265257581285
2024-10-07,SSD,0.012150824595816727
2024-10-08,SSD,0.005541599838831677
2024-10-09,SSD,0.046509529719681995
2024-10-10,SSD,0.005860730353001319
2024-10-11,SSD,0.005402689535819393
2024-10-12,SSD,0.032965429121514025
2024-10-13,SSD,0.0065852580554766615
2024-10-14,SSD,0.006873436591649644
2024-10-15,SSD,0.013036574769366418
2024-10-16,SSD,0.008532212437098568
2024-10-17,SSD,0.007525967193846737
2024-10-18,SSD,0.0058459409289342325
2024-10-19,SSD,0.006092024746306129
2024-10-20,SSD,0.005589205716874163
2024-10-21,SSD,0.0056151802301373675
2024-10-22,SSD,0.007071235070630441
2024-10-23,SSD,0.013081925700318202
2024-10-24,SSD,0.007666241606124467
2024-10-25,SSD,0.010782346860466831
2024-10-26,SSD,0.01442552781966211
2024-10-27,SSD,0.009740436675538255
2024-10-28,SSD,0.011184449525100079
2024-10-29,SSD,0.03218952754380249
2024-10-30,SSD,0.09501315236661993
2024-10-31,SSD,0.05041538313920518
2024-11-01,SSD,0.056441103684852584
2024-11-02,SSD,0.03160996859897425
2024-11-03,SSD,0.035240335693008516
2024-11-04,SSD,0.02712357855518356
2024-11-05,SSD,0.01901735950024105
2024-11-06,SSD,0.17261294838692734
2024-11-07,SSD,0.022420588113449748
2024-11-08,SSD,0.040122597373241115
2024-11-09,SSD,0.012650061371593165
2024-11-10,SSD,0.044444575412774814
2024-11-11,SSD,0.016156654852799487
2024-11-12,SSD,0.023930086113635937
2024-11-13,SSD,0.005856509632844396
2024-11-14,SSD,0.005968179347284306
2024-11-15,SSD,0.009333918621992
2024-11-16,SSD,0.006325770199516825
2024-11-17,SSD,0.006008243917985098
2024-11-18,SSD,0.0068686779775672105
2024-11-19,SSD,0.007191101424031072
2024-11-20,SSD,0.045376285224593554
2024-11-21,SSD,0.03390750200965671
2024-11-22,SSD,0.013899890916008486
2024-11-23,SSD,0.035010992294590426
2024-11-24,SSD,0.02183147864315456
2024-11-25,SSD,0.014490419764450146
2024-11-26,SSD,0.016724921094021187
2024-11-27,SSD,0.03180716689336023
2024-11-28,SSD,0.015678927383418813
2024-11-29,SSD,0.03660511000729964
2024-11-30,SSD,0.10142936131494086
2024-12-01,SSD,0.03378087264361671
2024-12-02,SSD,0.05777215915408383
2024-12-03,SSD,0.05264600571114025
2024-12-04,SSD,0.05927827670677877
2024-12-05,SSD,0.0908436666775989
2024-12-06,SSD,0.09117011138636617
2024-12-07,SSD,0.1503360288477094
2024-12-08,SSD,0.06773782856096262
2024-12-09,SSD,0.07022562473881841
2024-12-10,SSD,0.07602299560533216
2024-12-11,SSD,0.04794271249325349
2024-12-12,SSD,0.017695625258048235
2024-12-13,SSD,0.057560532469075984
2024-12-14,SSD,0.04440906598500517
2024-12-15,SSD,0.012610716381301833
2024-12-16,SSD,0.011796297743429909
2024-12-17,SSD,0.012547739632182234
2024-12-18,SSD,0.013043841011183652
2024-12-19,SSD,0.04294146680033343
2024-12-20,SSD,0.007810134384842973
2024-12-21,SSD,0.009578920397944937
2024-12-22,SSD,0.008914220089905424
2024-12-23,SSD,0.00811486468044977
2024-12-24,SSD,0.008998984088040519
2024-12-25,SSD,0.009316789895999057
2024-12-26,SSD,0.009632103291289681
2024-12-27,SSD,0.008359839980187952
2024-12-28,SSD,0.00960325047321566
2024-12-29,SSD,0.019486211788880013
2024-12-30,SSD,0.017209122893793546
2024-12-31,SSD,0.015070980976211049
2025-01-01,SSD,0.01861247170227445
2025-01-02,SSD,0.06175797337172764
2025-01-03,SSD,0.07061214880786018
2025-01-04,SSD,0.04245044323667619
2025-01-05,SSD,0.11767075947072353
2025-01-06,SSD,0.06553751389516295
2025-01-07,SSD,0.02731285964853263
2025-01-08,SSD,0.041322043035650964
2025-01-09,SSD,0.025998053342125394
2025-01-10,SSD,0.04169339767242565
2025-01-11,SSD,0.07758843678245318
2025-01-12,SSD,0.12292645345527604
2025-01-13,SSD,0.020340857999586424
2025-01-14,SSD,0.021984077437654462
2025-01-15,SSD,0.031439450031167264
2025-01-16,SSD,0.024624761551244396
2025-01-17,SSD,0.17153590460297316
2025-01-18,SSD,0.013492086998007033
2025-01-19,SSD,0.015299966543895366
2025-01-20,SSD,0.007903988902500377
2025-01-21,SSD,0.00819135411907664
2025-01-22,SSD,0.005741514058106488
2025-01-23,SSD,0.010194156763297015
2025-01-24,SSD,0.006131080411113229
2025-01-25,SSD,0.0062704794839633675
2025-01-26,SSD,0.01711890348206061
2025-01-27,SSD,0.014224851843858442
2025-01-28,SSD,0.00816123311834947
2025-01-29,SSD,0.009847011085161552
2025-01-30,SSD,0.008872215503482926
2025-01-31,SSD,0.196570742076817
2025-02-01,SSD,0.1348960536213015
2025-02-02,SSD,0.059990196567405084
2025-02-03,SSD,0.023153634182922943
2025-02-04,SSD,0.01317088487276885
2025-02-05,SSD,0.024972990943962377
2025-02-06,SSD,0.022097306518057167
2025-02-07,SSD,0.007560313631786513
2025-02-08,SSD,0.006659743935231135
2025-02-09,SSD,0.00839990245126966
2025-02-10,SSD,0.008348831944400385
2025-02-11,SSD,0.00633916778347777
2025-02-12,SSD,0.008793971190414076
2025-02-13,SSD,0.006937140068901227
2025-02-14,SSD,0.16252788981035277
2025-02-15,SSD,0.06188159580726419
2025-02-16,SSD,0.17635854642973825
2025-02-17,SSD,0.11299367628728779
2025-02-18,SSD,0.08809677617396101
2025-02-19,SSD,0.07123704797995589
2025-02-20,SSD,0.16798128527304082
2025-02-21,SSD,0.012155980838524885
2025-02-22,SSD,0.038671335031514514
2025-02-23,SSD,0.008767822037993598
2025-02-24,SSD,0.006789018965344748
2025-02-25,SSD,0.02326375559389991
2025-02-26,SSD,0.005749114796116275
2025-02-27,SSD,0.0068522646703817235
2025-02-28,SSD,0.008294575528446006
2025-03-01,SSD,0.009259837436540066
2025-03-02,SSD,0.03185365989440476
2025-03-03,SSD,0.1434143870972254
2025-03-04,SSD,0.20458796199510013
2025-03-05,SSD,0.057507216573794546
2025-03-06,SSD,0.047062815156518605
2025-03-07,SSD,0.1814932553422611
2025-03-08,SSD,0.03611288942738859
2025-03-09,SSD,0.08799849334756366
2025-03-10,SSD,0.011977617825511174
2025-03-11,SSD,0.004471525449332235
2025-03-12,SSD,0.004309147515723631
2025-03-13,SSD,0.004802477283714331
2025-03-14,SSD,0.004377416797794299
2025-03-15,SSD,0.004406007391006511
2025-03-16,SSD,0.005017803462917639
2025-03-17,SSD,0.008931682098161432
2025-03-18,SSD,0.008431886888145005
2025-03-19,SSD,0.07311345035259431
2025-03-20,SSD,0.006932682149366677
2025-03-21,SSD,0.14568448034772022
2025-03-22,SSD,0.03908184529080923
2025-03-23,SSD,0.01761891581317151
2025-03-24,SSD,0.029964744970416585
2025-03-25,SSD,0.09456777455868422
2025-03-26,SSD,0.026018047858947117
2025-03-27,SSD,0.048004498621869826
2025-03-28,SSD,0.024633989829831393
2024-07-01,ETH,0.021377666492422145
2024-07-02,ETH,0.010248372356242085
2024-07-03,ETH,0.04467435196744244
2024-07-04,ETH,0.01692865037583605
2024-07-05,ETH,0.06324367411596994
2024-07-06,ETH,0.04014283405076599
2024-07-07,ETH,0.024599737510333612
2024-07-08,ETH,0.028285177771352192
2024-07-09,ETH,0.15222778873451742
2024-07-10,ETH,0.08180413945134482
2024-07-11,ETH,0.0954571708659854
2024-07-12,ETH,0.13734794419469734
2024-07-13,ETH,0.04578779393861402
2024-07-14,ETH,0.08105659998777016
2024-07-15,ETH,0.10973142315995281
2024-07-16,ETH,0.00477385034419678
2024-07-17,ETH,0.0055797791287567336
2024-07-18,ETH,0.004429270215284873
2024-07-19,ETH,0.004128358937402652
2024-07-20,ETH,0.004764956539391498
2024-07-21,ETH,0.006333630522608102
2024-07-22,ETH,0.004850708093432419
2024-07-23,ETH,0.01624914058107861
2024-07-24,ETH,0.012500672723703005
2024-07-25,ETH,0.008854313388207531
2024-07-26,ETH,0.036212874248475815
2024-07-27,ETH,0.008300094588639787
2024-07-28,ETH,0.02274513709940282
2024-07-29,ETH,0.016060031026465617
2024-07-30,ETH,0.010564965182109726
2024-07-31,ETH,0.016649911162358273
2024-08-01,ETH,0.010048613520381411
2024-08-02,ETH,0.007008876627096393
2024-08-03,ETH,0.03837055208148626
2024-08-04,ETH,0.014144316548473389
2024-08-05,ETH,0.006375464602243765
2024-08-06,ETH,0.006648158274471038
2024-08-07,ETH,0.05083797388707958
2024-08-08,ETH,0.005402657207875886
2024-08-09,ETH,0.16886746533084188
2024-08-10,ETH,0.032421267687755335
2024-08-11,ETH,0.07215406561231166
2024-08-12,ETH,0.054287925734889296
2024-08-13,ETH,0.0772702881217637
2024-08-14,ETH,0.02506392240907175
2024-08-15,ETH,0.10768585044297299
2024-08-16,ETH,0.020703556750628464
2024-08-17,ETH,0.012700893037249422
2024-08-18,ETH,0.03746511499277501
2024-08-19,ETH,0.019522375174307494
2024-08-20,ETH,0.018292224579662213
2024-08-21,ETH,0.01047628003288364
2024-08-22,ETH,0.010678951952622766
2024-08-23,ETH,0.014588490337887125
2024-08-24,ETH,0.010718517911106942
2024-08-25,ETH,0.010248968721709512
2024-08-26,ETH,0.011476036367601208
2024-08-27,ETH,0.010504491612358186
2024-08-28,ETH,0.028906064329670716
2024-08-29,ETH,0.007152744319939522
2024-08-30,ETH,0.009480712621656251
2024-08-31,ETH,0.007969823125140364
2024-09-01,ETH,0.04818674151772264
2024-09-02,ETH,0.054845528466708156
2024-09-03,ETH,0.00996675607703922
2024-09-04,ETH,0.008288843463300239
2024-09-05,ETH,0.0055670829666559975
2024-09-06,ETH,0.005752588586515102
2024-09-07,ETH,0.03323655800749318
2024-09-08,ETH,0.006227172069235238
2024-09-09,ETH,0.008619629900463324
2024-09-10,ETH,0.022406504630312563
2024-09-11,ETH,0.012727066245994774
2024-09-12,ETH,0.027333994079722184
2024-09-13,ETH,0.01970319014489134
2024-09-14,ETH,0.013909981987926258
2024-09-15,ETH,0.01717831634733033
2024-09-16,ETH,0.16081512396522915
2024-09-17,ETH,0.11744001680434918
2024-09-18,ETH,0.09505538056225303
2024-09-19,ETH,0.056217898179158586
2024-09-20,ETH,0.08681945033036938
2024-09-21,ETH,0.1747460080848247
2024-09-22,ETH,0.06040840165719113
2024-09-23,ETH,0.017541155814086214
2024-09-24,ETH,0.046571280964566114
2024-09-25,ETH,0.06819221641210908
2024-09-26,ETH,0.01805079481347609
2024-09-27,ETH,0.005681733039779791
2024-09-28,ETH,0.010706460611831047
2024-09-29,ETH,0.016618531192638317
2024-09-30,ETH,0.038409758420491796
2024-10-01,ETH,0.037452844703103595
2024-10-02,ETH,0.009821895812886589
2024-10-03,ETH,0.0471574680616477
2024-10-04,ETH,0.0967196789879707
2024-10-05,ETH,0.04211460649812716
2024-10-06,ETH,0.11418767584886597
2024-10-07,ETH,0.05501552954693393
2024-10-08,ETH,0.08362515553309852
2024-10-09,ETH,0.02113450244487813
2024-10-10,ETH,0.02470022280631985
2024-10-11,ETH,0.048236720098122486
2024-10-12,ETH,0.07133851184137885
2024-10-13,ETH,0.051790350040176895
2024-10-14,ETH,0.06831375188333672
2024-10-15,ETH,0.02485588410308066
2024-10-16,ETH,0.006407823540478621
2024-10-17,ETH,0.034457876843919946
2024-10-18,ETH,0.015654464581961514
2024-10-19,ETH,0.004413457493933127
2024-10-20,ETH,0.005857486462126281
2024-10-21,ETH,0.004266490722494313
2024-10-22,ETH,0.005592383769033222
2024-10-23,ETH,0.007918467846828469
2024-10-24,ETH,0.005767802060978405
2024-10-25,ETH,0.004527586710133136
2024-10-26,ETH,0.008444575416966868
2024-10-27,ETH,0.08590503689714277
2024-10-28,ETH,0.0139728523270708
2024-10-29,ETH,0.010064206537769828
2024-10-30,ETH,0.04265026956800182
2024-10-31,ETH,0.11175196923566454
2024-11-01,ETH,0.13779061353987676
2024-11-02,ETH,0.09790753123089513
2024-11-03,ETH,0.04731349318654879
2024-11-04,ETH,0.05397415180134148
2024-11-05,ETH,0.07859035536222299
2024-11-06,ETH,0.032626311580823304
2024-11-07,ETH,0.019446550959482257
2024-11-08,ETH,0.008039314819463204
2024-11-09,ETH,0.007395006491586496
2024-11-10,ETH,0.006469382026147351
2024-11-11,ETH,0.017823616689025747
2024-11-12,ETH,0.0059309147319239666
2024-11-13,ETH,0.01468077524010506
2024-11-14,ETH,0.007738781825204832
2024-11-15,ETH,0.005876959992746328
2024-11-16,ETH,0.004961284871590114
2024-11-17,ETH,0.008593981408010222
2024-11-18,ETH,0.008144045436220044
2024-11-19,ETH,0.05190007824441794
2024-11-20,ETH,0.016179947125323228
2024-11-21,ETH,0.028560461773107688
2024-11-22,ETH,0.014102147761568032
2024-11-23,ETH,0.008066659914539615
2024-11-24,ETH,0.03046990092932879
2024-11-25,ETH,0.07092346226732855
2024-11-26,ETH,0.009901884385459603
2024-11-27,ETH,0.10935537758982379
2024-11-28,ETH,0.0939377148614544
2024-11-29,ETH,0.041409186737278544
2024-11-30,ETH,0.045154485415306436
2024-12-01,ETH,0.056411508637408986
2024-12-02,ETH,0.04878366926834373
2024-12-03,ETH,0.011466143156449194
2024-12-04,ETH,0.024691906027522914
2024-12-05,ETH,0.006783445916646867
2024-12-06,ETH,0.010653147180188302
2024-12-07,ETH,0.0058820126442108295
2024-12-08,ETH,0.0072668730922458335
2024-12-09,ETH,0.009793005841670342
2024-12-10,ETH,0.005892156064032955
2024-12-11,ETH,0.0044291506946497385
2024-12-12,ETH,0.010298673500724212
2024-12-13,ETH,0.005689403538820417
2024-12-14,ETH,0.006673590448864387
2024-12-15,ETH,0.010569108296697483
2024-12-16,ETH,0.006271829830862916
2024-12-17,ETH,0.0067233342803517315
2024-12-18,ETH,0.014449504772917808
2024-12-19,ETH,0.011436799397726587
2024-12-20,ETH,0.01073066350434421
2024-12-21,ETH,0.005484541412431575
2024-12-22,ETH,0.007188264577214172
2024-12-23,ETH,0.028231736614351622
2024-12-24,ETH,0.08556401045791025
2024-12-25,ETH,0.10429217378483743
2024-12-26,ETH,0.05233545771131612
2024-12-27,ETH,0.038236892438771
2024-12-28,ETH,0.03130941616635151
2024-12-29,ETH,0.019686921727502766
2024-12-30,ETH,0.08300575381811365
2024-12-31,ETH,0.0227227211236705
2025-01-01,ETH,0.015002514137922508
2025-01-02,ETH,0.0062574610695315825
2025-01-03,ETH,0.00937611432552861
2025-01-04,ETH,0.012337905174697213
2025-01-05,ETH,0.015869516134307877
2025-01-06,ETH,0.007068910492379731
2025-01-07,ETH,0.005809568694955547
2025-01-08,ETH,0.04384666360991421
2025-01-09,ETH,0.06232135096492993
2025-01-10,ETH,0.02514023218388658
2025-01-11,ETH,0.017929016135315317
2025-01-12,ETH,0.02093768758104644
2025-01-13,ETH,0.022542731915975424
2025-01-14,ETH,0.011952300470780452
2025-01-15,ETH,0.018139710898411973
2025-01-16,ETH,0.01161735249288103
2025-01-17,ETH,0.08479061330783114
2025-01-18,ETH,0.06688181305281243
2025-01-19,ETH,0.10152277846579791
2025-01-20,ETH,0.15669165928102524
2025-01-21,ETH,0.0995741592067004
2025-01-22,ETH,0.08823166171663373
2025-01-23,ETH,0.05278149975897951
2025-01-24,ETH,0.017410620961909783
2025-01-25,ETH,0.04502194454735858
2025-01-26,ETH,0.011250162751923316
2025-01-27,ETH,0.008471640475308583
2025-01-28,ETH,0.008007310548664109
2025-01-29,ETH,0.04433816174296622
2025-01-30,ETH,0.02459806255284222
2025-01-31,ETH,0.01909293004305049
2025-02-01,ETH,0.012394010893274502
2025-02-02,ETH,0.034144212916441326
2025-02-03,ETH,0.012903890527237345
2025-02-04,ETH,0.009275497846652409
2025-02-05,ETH,0.008844434926858937
2025-02-06,ETH,0.07052392559022544
2025-02-07,ETH,0.007261390929127025
2025-02-08,ETH,0.024410304831387883
2025-02-09,ETH,0.0074078182595136
2025-02-10,ETH,0.029862116583815407
2025-02-11,ETH,0.007088004292573501
2025-02-12,ETH,0.03843620298744592
2025-02-13,ETH,0.036673043829165114
2025-02-14,ETH,0.011531183592669938
2025-02-15,ETH,0.05940096916785694
2025-02-16,ETH,0.008138233413886347
2025-02-17,ETH,0.01944374672158315
2025-02-18,ETH,0.09112326809005795
2025-02-19,ETH,0.04533866240052146
2025-02-20,ETH,0.05536308288767509
2025-02-21,ETH,0.03676972350913134
2025-02-22,ETH,0.03827234267839545
2025-02-23,ETH,0.018119506466474793
2025-02-24,ETH,0.018068336465173845
2025-02-25,ETH,0.016114881052625263
2025-02-26,ETH,0.005679686785554612
2025-02-27,ETH,0.005850294764644786
2025-02-28,ETH,0.0054148261427672435
2025-03-01,ETH,0.013582945746852053
2025-03-02,ETH,0.005996435775916835
2025-03-03,ETH,0.006066026382562325
2025-03-04,ETH,0.007543944338606769
2025-03-05,ETH,0.029354742269280112
2025-03-06,ETH,0.09582542125557048
2025-03-07,ETH,0.041615786291637286
2025-03-08,ETH,0.011253489927613793
2025-03-09,ETH,0.02757629032539762
2025-03-10,ETH,0.010698757066671116
2025-03-11,ETH,0.08649188105183894
2025-03-12,ETH,0.09419639611124349
2025-03-13,ETH,0.011281352146928464
2025-03-14,ETH,0.009576837841769572
2025-03-15,ETH,0.0078279706838589
2025-03-16,ETH,0.05553014023304761
2025-03-17,ETH,0.009577001150173358
2025-03-18,ETH,0.010897264268621254
2025-03-19,ETH,0.15153857060203668
2025-03-20,ETH,0.05896092595814785
2025-03-21,ETH,0.050056896792155796
2025-03-22,ETH,0.06414832098381053
2025-03-23,ETH,0.026972905715018855
2025-03-24,ETH,0.01937103774072309
2025-03-25,ETH,0.12497000456205391
2025-03-26,ETH,0.044298668071684776
2025-03-27,ETH,0.015147771451162821
2025-03-28,ETH,0.03152889696836586
2024-07-01,SOM,0.034735155616879954
2024-07-02,SOM,0.03013441678083879
2024-07-03,SOM,0.03477060580751658
2024-07-04,SOM,0.010741176424823246
2024-07-05,SOM,0.07113233356059345
2024-07-06,SOM,0.008860015589210278
2024-07-07,SOM,0.01439963833432502
2024-07-08,SOM,0.01282345160969423
2024-07-09,SOM,0.02632904230434029
2024-07-10,SOM,0.10086168564464973
2024-07-11,SOM,0.07551840416234663
2024-07-12,SOM,0.026178719120316236
2024-07-13,SOM,0.1695809049724978
2024-07-14,SOM,0.026024995050992043
2024-07-15,SOM,0.16086663781160354
2024-07-16,SOM,0.1843146283440752
2024-07-17,SOM,0.009311137896492048
2024-07-18,SOM,0.007948577015008567
2024-07-19,SOM,0.11641000856448898
2024-07-20,SOM,0.008822847210386127
2024-07-21,SOM,0.008677290157369214
2024-07-22,SOM,0.04540253334520962
2024-07-23,SOM,0.004597916306885296
2024-07-24,SOM,0.00787168398187655
2024-07-25,SOM,0.006404312098458905
2024-07-26,SOM,0.004399234141967684
2024-07-27,SOM,0.004964824875749255
2024-07-28,SOM,0.0047138144002097345
2024-07-29,SOM,0.004407116449966269
2024-07-30,SOM,0.00431620692470958
2024-07-31,SOM,0.004367413192324943
2024-08-01,SOM,0.004562693278724818
2024-08-02,SOM,0.015922592951064473
2024-08-03,SOM,0.0068171045147871305
2024-08-04,SOM,0.00433632585525169
2024-08-05,SOM,0.024170123822753426
2024-08-06,SOM,0.010872543132544998
2024-08-07,SOM,0.012994829664366915
2024-08-08,SOM,0.05512968020248441
2024-08-09,SOM,0.005172723129321613
2024-08-10,SOM,0.00798683770750395
2024-08-11,SOM,0.007591730286862924
2024-08-12,SOM,0.006238989290157362
2024-08-13,SOM,0.1481775948721771
2024-08-14,SOM,0.01140437363558069
2024-08-15,SOM,0.007583160580874316
2024-08-16,SOM,0.05905200763148568
2024-08-17,SOM,0.07317276824480065
2024-08-18,SOM,0.047355462449497884
2024-08-19,SOM,0.09917262613917785
2024-08-20,SOM,0.02172458385433935
2024-08-21,SOM,0.006812606891855366
2024-08-22,SOM,0.00614548303286128
2024-08-23,SOM,0.0069625965332140065
2024-08-24,SOM,0.006995366762063516
2024-08-25,SOM,0.007459196994150042
2024-08-26,SOM,0.007160303182922738
2024-08-27,SOM,0.02061349507434071
2024-08-28,SOM,0.03437624773957882
2024-08-29,SOM,0.036862586076875085
2024-08-30,SOM,0.023474242132287555
2024-08-31,SOM,0.04163073022714816
2024-09-01,SOM,0.030895402669013736
2024-09-02,SOM,0.01978116649766188
2024-09-03,SOM,0.17951857073694516
2024-09-04,SOM,0.02706695434090301
2024-09-05,SOM,0.052865913445046105
2024-09-06,SOM,0.09812177054616085
2024-09-07,SOM,0.09671410307657494
2024-09-08,SOM,0.03637227296129913
2024-09-09,SOM,0.023496158983348583
2024-09-10,SOM,0.06292976017812366
2024-09-11,SOM,0.03321122961358656
2024-09-12,SOM,0.013782552964955792
2024-09-13,SOM,0.015509099234327877
2024-09-14,SOM,0.01693823602241361
2024-09-15,SOM,0.016640568523243193
2024-09-16,SOM,0.04975660260459262
2024-09-17,SOM,0.03937620551418551
2024-09-18,SOM,0.17231987350641492
2024-09-19,SOM,0.035013198224382
2024-09-20,SOM,0.036356920534039674
2024-09-21,SOM,0.02798210934305866
2024-09-22,SOM,0.022577445132193844
2024-09-23,SOM,0.025744722214708818
2024-09-24,SOM,0.1773739520048651
2024-09-25,SOM,0.049169443634837585
2024-09-26,SOM,0.012519486543125145
2024-09-27,SOM,0.010338883265377715
2024-09-28,SOM,0.012491235207328377
2024-09-29,SOM,0.018420290353166956
2024-09-30,SOM,0.009230255849184322
2024-10-01,SOM,0.008740835829561524
2024-10-02,SOM,0.11998268062205723
2024-10-03,SOM,0.01853669362916995
2024-10-04,SOM,0.1757745459736046
2024-10-05,SOM,0.09891622353245405
2024-10-06,SOM,0.11424206234447197
2024-10-07,SOM,0.0472868554293678
2024-10-08,SOM,0.16654867386825237
2024-10-09,SOM,0.024634451548355547
2024-10-10,SOM,0.027803523133081563
2024-10-11,SOM,0.013900770036469199
2024-10-12,SOM,0.015570925643404947
2024-10-13,SOM,0.007569912616920233
2024-10-14,SOM,0.013256462688534585
2024-10-15,SOM,0.027453564661004175
2024-10-16,SOM,0.013104865360124226
2024-10-17,SOM,0.010107481639666311
2024-10-18,SOM,0.005880469130055022
2024-10-19,SOM,0.04962449892644443
2024-10-20,SOM,0.044242305151846614
2024-10-21,SOM,0.0071261731733033165
2024-10-22,SOM,0.01759882016140753
2024-10-23,SOM,0.011256240806659362
2024-10-24,SOM,0.06266402272098065
2024-10-25,SOM,0.02378679020786469
2024-10-26,SOM,0.02171154706732626
2024-10-27,SOM,0.0074669168135137725
2024-10-28,SOM,0.00801161058490073
2024-10-29,SOM,0.0056805683091206245
2024-10-30,SOM,0.0065306263918028995
2024-10-31,SOM,0.007784341421037185
2024-11-01,SOM,0.03554036549794643
2024-11-02,SOM,0.09077289510918853
2024-11-03,SOM,0.007722721908006327
2024-11-04,SOM,0.00813429422951563
2024-11-05,SOM,0.006254168332195415
2024-11-06,SOM,0.07101992600064962
2024-11-07,SOM,0.009125855965874497
2024-11-08,SOM,0.021278199097779216
2024-11-09,SOM,0.00839834797732648
2024-11-10,SOM,0.034189243875586174
2024-11-11,SOM,0.03187627418219489
2024-11-12,SOM,0.007832589403978938
2024-11-13,SOM,0.008219500274194508
2024-11-14,SOM,0.006123646295850659
2024-11-15,SOM,0.006910489812913953
2024-11-16,SOM,0.005896068224583777
2024-11-17,SOM,0.0055812152755248135
2024-11-18,SOM,0.0061308178129225056
2024-11-19,SOM,0.005412089462956035
2024-11-20,SOM,0.006963286544850077
2024-11-21,SOM,0.007333801271398075
2024-11-22,SOM,0.007043159061653458
2024-11-23,SOM,0.0072725469993295665
2024-11-24,SOM,0.008628793464035268
2024-11-25,SOM,0.018882026166832048
2024-11-26,SOM,0.014927504233424638
2024-11-27,SOM,0.0846425608654293
2024-11-28,SOM,0.022735314146741615
2024-11-29,SOM,0.02738858955463691
2024-11-30,SOM,0.02552258773032612
2024-12-01,SOM,0.037208850204083745
2024-12-02,SOM,0.03387950155135557
2024-12-03,SOM,0.18515424737463243
2024-12-04,SOM,0.017350835146335095
2024-12-05,SOM,0.060580343119292786
2024-12-06,SOM,0.17332166927640907
2024-12-07,SOM,0.02631417651806655
2024-12-08,SOM,0.02542816334537477
2024-12-09,SOM,0.02517190819635508
2024-12-10,SOM,0.007553509150245036
2024-12-11,SOM,0.019348784822262467
2024-12-12,SOM,0.008944121243946114
2024-12-13,SOM,0.0056195734303099865
2024-12-14,SOM,0.006765112419020124
2024-12-15,SOM,0.007196338697359389
2024-12-16,SOM,0.00941234908045928
2024-12-17,SOM,0.01049433340676874
2024-12-18,SOM,0.006569721204051707
2024-12-19,SOM,0.009674050578628815
2024-12-20,SOM,0.06448389896833878
2024-12-21,SOM,0.01592194972257446
2024-12-22,SOM,0.006268171850970832
2024-12-23,SOM,0.006963666969344511
2024-12-24,SOM,0.007771649358218803
2024-12-25,SOM,0.006364852921235733
2024-12-26,SOM,0.00882748145817262
2024-12-27,SOM,0.006968175924445059
2024-12-28,SOM,0.008047388256886001
2024-12-29,SOM,0.014637437703752238
2024-12-30,SOM,0.016053579916324844
2024-12-31,SOM,0.1442269614206244
2025-01-01,SOM,0.08493338077779325
2025-01-02,SOM,0.013927544932975672
2025-01-03,SOM,0.05506099991929613
2025-01-04,SOM,0.01796295887297044
2025-01-05,SOM,0.05955950987767423
2025-01-06,SOM,0.016434722618271967
2025-01-07,SOM,0.006594209092753686
2025-01-08,SOM,0.015383150331227122
2025-01-09,SOM,0.00616920776152783
2025-01-10,SOM,0.005961589340775199
2025-01-11,SOM,0.021898259037214287
2025-01-12,SOM,0.006949795395414503
2025-01-13,SOM,0.04431513554772781
2025-01-14,SOM,0.010844301422132122
2025-01-15,SOM,0.026268619729313856
2025-01-16,SOM,0.07297027840821839
2025-01-17,SOM,0.045630961828348984
2025-01-18,SOM,0.0553015007745831
2025-01-19,SOM,0.01341016777543631
2025-01-20,SOM,0.009064740613084536
2025-01-21,SOM,0.005394018030251363
2025-01-22,SOM,0.005265914709192133
2025-01-23,SOM,0.005039621892792841
2025-01-24,SOM,0.0049489542397201935
2025-01-25,SOM,0.007885508159384085
2025-01-26,SOM,0.004926412364216174
2025-01-27,SOM,0.00643409860692907
2025-01-28,SOM,0.1286288636314652
2025-01-29,SOM,0.020020821801054346
2025-01-30,SOM,0.16108605810092486
2025-01-31,SOM,0.03009915183744238
2025-02-01,SOM,0.17626469873738643
2025-02-02,SOM,0.11412407702260759
2025-02-03,SOM,0.007902333196602825
2025-02-04,SOM,0.13481686284804506
2025-02-05,SOM,0.029096355807736264
2025-02-06,SOM,0.012829494791292077
2025-02-07,SOM,0.05661561198592407
2025-02-08,SOM,0.007685563050416248
2025-02-09,SOM,0.010638489874956457
2025-02-10,SOM,0.05102760740390776
2025-02-11,SOM,0.02907545608625694
2025-02-12,SOM,0.00727251365683273
2025-02-13,SOM,0.0046130212688987055
2025-02-14,SOM,0.004729086791042971
2025-02-15,SOM,0.004480762765255029
2025-02-16,SOM,0.012707536432654676
2025-02-17,SOM,0.005091581057459823
2025-02-18,SOM,0.004790434723160016
2025-02-19,SOM,0.005836686856055381
2025-02-20,SOM,0.07687804405271315
2025-02-21,SOM,0.013456977883365643
2025-02-22,SOM,0.01099482588965844
2025-02-23,SOM,0.008076234845633141
2025-02-24,SOM,0.004784074194620791
2025-02-25,SOM,0.1851986578677992
2025-02-26,SOM,0.010329677393206449
2025-02-27,SOM,0.021757601518891407
2025-02-28,SOM,0.014301952952974161
2025-03-01,SOM,0.028883090969913275
2025-03-02,SOM,0.006315110980525578
2025-03-03,SOM,0.006501495284643163
2025-03-04,SOM,0.005639992159347824
2025-03-05,SOM,0.026025788995344284
2025-03-06,SOM,0.004748071184676258
2025-03-07,SOM,0.07112363501052035
2025-03-08,SOM,0.035139421664881515
2025-03-09,SOM,0.004680756513511662
2025-03-10,SOM,0.018070709754907745
2025-03-11,SOM,0.12195133708794216
2025-03-12,SOM,0.006403861400771782
2025-03-13,SOM,0.05888365134399862
2025-03-14,SOM,0.005558518454300217
2025-03-15,SOM,0.07031653306684305
2025-03-16,SOM,0.02173457978552706
2025-03-17,SOM,0.0406021121037112
2025-03-18,SOM,0.09703648723775915
2025-03-19,SOM,0.018879539609713985
2025-03-20,SOM,0.03547571086026071
2025-03-21,SOM,0.037723983321629045
2025-03-22,SOM,0.023247836762938227
2025-03-23,SOM,0.010437548292613601
2025-03-24,SOM,0.00442496794210306
2025-03-25,SOM,0.004527169163723236
2025-03-26,SOM,0.005742093467571233
2025-03-27,SOM,0.004994818114160708
2025-03-28,SOM,0.005032757624158089
2024-07-01,KEN,0.008440987615535052
2024-07-02,KEN,0.016415610719516856
2024-07-03,KEN,0.00899725529219821
2024-07-04,KEN,0.021495975424110077
2024-07-05,KEN,0.013917029660458482
2024-07-06,KEN,0.015245250043197966
2024-07-07,KEN,0.005750467723306898
2024-07-08,KEN,0.008671114739013124
2024-07-09,KEN,0.00876739969715923
2024-07-10,KEN,0.00846378065925345
2024-07-11,KEN,0.06886073802566588
2024-07-12,KEN,0.012727982147330627
2024-07-13,KEN,0.009791481654139863
2024-07-14,KEN,0.015316819479719844
2024-07-15,KEN,0.09130274409621753
2024-07-16,KEN,0.08165010969408563
2024-07-17,KEN,0.012812579239493138
2024-07-18,KEN,0.005345461970847353
2024-07-19,KEN,0.007701251528904763
2024-07-20,KEN,0.02273912092950718
2024-07-21,KEN,0.006428820917519692
2024-07-22,KEN,0.05178029007349405
2024-07-23,KEN,0.010735508887113917
2024-07-24,KEN,0.045024688700289715
2024-07-25,KEN,0.028578704904231606
2024-07-26,KEN,0.0675611282467715
2024-07-27,KEN,0.02702144349053612
2024-07-28,KEN,0.07566969914290317
2024-07-29,KEN,0.010362782494324287
2024-07-30,KEN,0.031754747444745574
2024-07-31,KEN,0.01276336511638371
2024-08-01,KEN,0.04688165477879516
2024-08-02,KEN,0.010057561453446455
2024-08-03,KEN,0.052723393941090615
2024-08-04,KEN,0.008940185945035081
2024-08-05,KEN,0.030841991439716963
2024-08-06,KEN,0.022725688681508174
2024-08-07,KEN,0.04072960341195825
2024-08-08,KEN,0.10441197668625503
2024-08-09,KEN,0.09582847391202924
2024-08-10,KEN,0.023010174267115484
2024-08-11,KEN,0.02151018056288914
2024-08-12,KEN,0.15857414746082443
2024-08-13,KEN,0.10395265761578668
2024-08-14,KEN,0.011160544935593441
2024-08-15,KEN,0.15164321569447078
2024-08-16,KEN,0.0218412131297954
2024-08-17,KEN,0.1359206140813354
2024-08-18,KEN,0.032484569152889185
2024-08-19,KEN,0.03936369758452126
2024-08-20,KEN,0.03432692623841041
2024-08-21,KEN,0.006482140810211339
2024-08-22,KEN,0.01676579552053241
2024-08-23,KEN,0.010711427297303375
2024-08-24,KEN,0.0078003471947651155
2024-08-25,KEN,0.03998349659314723
2024-08-26,KEN,0.006929228303030196
2024-08-27,KEN,0.0072448330929361145
2024-08-28,KEN,0.02892564274109162
2024-08-29,KEN,0.009164796743537847
2024-08-30,KEN,0.03105064909807833
2024-08-31,KEN,0.008770804239374031
2024-09-01,KEN,0.007768309951095565
2024-09-02,KEN,0.040341922817596375
2024-09-03,KEN,0.10123811091593292
2024-09-04,KEN,0.01877582428829733
2024-09-05,KEN,0.04879275961328091
2024-09-06,KEN,0.029347397422276024
2024-09-07,KEN,0.09038838624932294
2024-09-08,KEN,0.025177104934868383
2024-09-09,KEN,0.012788547190660039
2024-09-10,KEN,0.010964100420546654
2024-09-11,KEN,0.021516671210191032
2024-09-12,KEN,0.1506499272003078
2024-09-13,KEN,0.09877900911578807
2024-09-14,KEN,0.09970487091503095
2024-09-15,KEN,0.01913911370316864
2024-09-16,KEN,0.025943937935065994
2024-09-17,KEN,0.20074099893899847
2024-09-18,KEN,0.1621514654693745
2024-09-19,KEN,0.20698767133938623
2024-09-20,KEN,0.20029338584469172
2024-09-21,KEN,0.08190840617270656
2024-09-22,KEN,0.21053110537946249
2024-09-23,KEN,0.1728632200579526
2024-09-24,KEN,0.05043387405884616
2024-09-25,KEN,0.012917547767758665
2024-09-26,KEN,0.0075456890855072
2024-09-27,KEN,0.027076905327746512
2024-09-28,KEN,0.007438529258070578
2024-09-29,KEN,0.006413290871673446
2024-09-30,KEN,0.005608591045312989
2024-10-01,KEN,0.006931309670756103
2024-10-02,KEN,0.009906107563682227
2024-10-03,KEN,0.007693321358766594
2024-10-04,KEN,0.07224472833717814
2024-10-05,KEN,0.020913259977498887
2024-10-06,KEN,0.030719350833267916
2024-10-07,KEN,0.05608989632889482
2024-10-08,KEN,0.1637967992060518
2024-10-09,KEN,0.19757434478740457
2024-10-10,KEN,0.15245017137100472
2024-10-11,KEN,0.07719403308320334
2024-10-12,KEN,0.019397217197633165
2024-10-13,KEN,0.010217536990099967
2024-10-14,KEN,0.028481895767121377
2024-10-15,KEN,0.013375951277578494
2024-10-16,KEN,0.17144986404257467
2024-10-17,KEN,0.019164190475233715
2024-10-18,KEN,0.017509891007056137
2024-10-19,KEN,0.10343839773387721
2024-10-20,KEN,0.006023987552243586
2024-10-21,KEN,0.005975700467969402
2024-10-22,KEN,0.0067453794156240796
2024-10-23,KEN,0.033506151962501646
2024-10-24,KEN,0.01339424489963744
2024-10-25,KEN,0.02575890740538064
2024-10-26,KEN,0.0067966387647851925
2024-10-27,KEN,0.006161097086364354
2024-10-28,KEN,0.048784698251256524
2024-10-29,KEN,0.0070303213693268555
2024-10-30,KEN,0.009083921662990982
2024-10-31,KEN,0.009431626102037332
2024-11-01,KEN,0.00658138988225951
2024-11-02,KEN,0.19666967093048857
2024-11-03,KEN,0.08665400056540226
2024-11-04,KEN,0.009632675397990608
2024-11-05,KEN,0.06486898315618486
2024-11-06,KEN,0.00722591570561907
2024-11-07,KEN,0.008366386546367717
2024-11-08,KEN,0.007555131508606168
2024-11-09,KEN,0.007233119958695559
2024-11-10,KEN,0.07086876844197525
2024-11-11,KEN,0.029367634258250223
2024-11-12,KEN,0.010458362864323886
2024-11-13,KEN,0.18323934608082124
2024-11-14,KEN,0.19106090545995524
2024-11-15,KEN,0.19420692792297126
2024-11-16,KEN,0.13553485089588302
2024-11-17,KEN,0.0569941426536471
2024-11-18,KEN,0.023762482710076454
2024-11-19,KEN,0.16628667282973833
2024-11-20,KEN,0.04577266599155143
2024-11-21,KEN,0.17132654408789447
2024-11-22,KEN,0.02661039338360381
2024-11-23,KEN,0.02496852314033212
2024-11-24,KEN,0.19438964916351245
2024-11-25,KEN,0.0959708857774689
2024-11-26,KEN,0.05820427337985965
2024-11-27,KEN,0.06006706524739858
2024-11-28,KEN,0.03899097234364001
2024-11-29,KEN,0.006965243508563691
2024-11-30,KEN,0.010923850208430036
2024-12-01,KEN,0.005802250617161311
2024-12-02,KEN,0.006053711036111672
2024-12-03,KEN,0.0059732054685657275
2024-12-04,KEN,0.006596905904242402
2024-12-05,KEN,0.1358824055041952
2024-12-06,KEN,0.08310556869154787
2024-12-07,KEN,0.123118756868085
2024-12-08,KEN,0.12532171881634452
2024-12-09,KEN,0.1796722813083717
2024-12-10,KEN,0.10681115428445749
2024-12-11,KEN,0.17222094754765271
2024-12-12,KEN,0.20987238084372878
2024-12-13,KEN,0.1693760851152495
2024-12-14,KEN,0.21403302524880818
2024-12-15,KEN,0.18169373936076882
2024-12-16,KEN,0.1919395227135104
2024-12-17,KEN,0.20524509829525447
2024-12-18,KEN,0.12597556079832267
2024-12-19,KEN,0.11654247515528747
2024-12-20,KEN,0.055018668233624245
2024-12-21,KEN,0.06292195583227284
2024-12-22,KEN,0.13091017436154145
2024-12-23,KEN,0.012085507338032618
2024-12-24,KEN,0.0640148185024174
2024-12-25,KEN,0.05694937626540312
2024-12-26,KEN,0.01183389225243095
2024-12-27,KEN,0.013795173632882494
2024-12-28,KEN,0.07261817228308898
2024-12-29,KEN,0.06030613733038654
2024-12-30,KEN,0.022756269675165208
2024-12-31,KEN,0.0064300899185259055
2025-01-01,KEN,0.009690805502097133
2025-01-02,KEN,0.018542414979858993
2025-01-03,KEN,0.010147110497314102
2025-01-04,KEN,0.00505704871036195
2025-01-05,KEN,0.012517888396799397
2025-01-06,KEN,0.007316490752101839
2025-01-07,KEN,0.009233529780456037
2025-01-08,KEN,0.0428483904569934
2025-01-09,KEN,0.015711653844739465
2025-01-10,KEN,0.00884220085919569
2025-01-11,KEN,0.07376392137784973
2025-01-12,KEN,0.1308947594535039
2025-01-13,KEN,0.015623480731645158
2025-01-14,KEN,0.022798827843347656
2025-01-15,KEN,0.05668837615221342
2025-01-16,KEN,0.10362502220767701
2025-01-17,KEN,0.09478704685355856
2025-01-18,KEN,0.04864021880713848
2025-01-19,KEN,0.011540326554220257
2025-01-20,KEN,0.01040639538983767
2025-01-21,KEN,0.013676535764162768
2025-01-22,KEN,0.01966998463774031
2025-01-23,KEN,0.008411708996779396
2025-01-24,KEN,0.010788865629427134
2025-01-25,KEN,0.01717792612183405
2025-01-26,KEN,0.006955424675957281
2025-01-27,KEN,0.03687577167294655
2025-01-28,KEN,0.012865349305510523
2025-01-29,KEN,0.009787315655289957
2025-01-30,KEN,0.006832092282407077
2025-01-31,KEN,0.007848575229096166
2025-02-01,KEN,0.0386783622262429
2025-02-02,KEN,0.011030997443139966
2025-02-03,KEN,0.17349360565790464
2025-02-04,KEN,0.010566606943507436
2025-02-05,KEN,0.04039292360920904
2025-02-06,KEN,0.03511454927478305
2025-02-07,KEN,0.033263445034343087
2025-02-08,KEN,0.013420734305878725
2025-02-09,KEN,0.017779582328482944
2025-02-10,KEN,0.04073473675846465
2025-02-11,KEN,0.012788819866289358
2025-02-12,KEN,0.02178115655098176
2025-02-13,KEN,0.0443644984673142
2025-02-14,KEN,0.021594625757956253
2025-02-15,KEN,0.046809212394992146
2025-02-16,KEN,0.015724286187153214
2025-02-17,KEN,0.018782284333629776
2025-02-18,KEN,0.015320161812898329
2025-02-19,KEN,0.02742829214267333
2025-02-20,KEN,0.046092755199342736
2025-02-21,KEN,0.0152560749433302
2025-02-22,KEN,0.23097118887866183
2025-02-23,KEN,0.1117263629895148
2025-02-24,KEN,0.2223070906962632
2025-02-25,KEN,0.20564675049700518
2025-02-26,KEN,0.1748959386438612
2025-02-27,KEN,0.03964849835887872
2025-02-28,KEN,0.0677520795735148
2025-03-01,KEN,0.004191965853843963
2025-03-02,KEN,0.00468478248945034
2025-03-03,KEN,0.005202197003635779
2025-03-04,KEN,0.004959722944319993
2025-03-05,KEN,0.0046077314747613495
2025-03-06,KEN,0.005272318910201037
2025-03-07,KEN,0.00440392243753968
2025-03-08,KEN,0.019804857393254383
2025-03-09,KEN,0.04732300888710864
2025-03-10,KEN,0.018100308216371905
2025-03-11,KEN,0.10103152928489467
2025-03-12,KEN,0.07486884653872733
2025-03-13,KEN,0.04866112511502814
2025-03-14,KEN,0.01721620002464518
2025-03-15,KEN,0.06680815402847182
2025-03-16,KEN,0.0466058456570694
2025-03-17,KEN,0.16456975023903028
2025-03-18,KEN,0.07522988052434731
2025-03-19,KEN,0.0762524467820287
2025-03-20,KEN,0.06514693100673644
2025-03-21,KEN,0.013876392280541928
2025-03-22,KEN,0.13752742506017845
2025-03-23,KEN,0.2017359708747271
2025-03-24,KEN,0.13289700226894827
2025-03-25,KEN,0.11980522768413084
2025-03-26,KEN,0.08681989875019624
2025-03-27,KEN,0.10521760530998682
2025-03-28,KEN,0.06547192674686055
2024-07-01,UGA,0.0961744184590364
2024-07-02,UGA,0.11788707999213822
2024-07-03,UGA,0.09290253131299728
2024-07-04,UGA,0.22277032808175454
2024-07-05,UGA,0.21004298962267276
2024-07-06,UGA,0.007672463352078279
2024-07-07,UGA,0.005364774305966942
2024-07-08,UGA,0.005577212783630553
2024-07-09,UGA,0.005461817944811179
2024-07-10,UGA,0.005448647246974184
2024-07-11,UGA,0.005142032377201421
2024-07-12,UGA,0.004676914052832475
2024-07-13,UGA,0.004913227418148754
2024-07-14,UGA,0.0049027992558953425
2024-07-15,UGA,0.005324018158202592
2024-07-16,UGA,0.0050055493259300405
2024-07-17,UGA,0.004603780055880616
2024-07-18,UGA,0.012899588611248118
2024-07-19,UGA,0.01321827734557935
2024-07-20,UGA,0.03982716116793028
2024-07-21,UGA,0.17129472738139784
2024-07-22,UGA,0.06995662209770928
2024-07-23,UGA,0.11912145146849666
2024-07-24,UGA,0.1747860008188472
2024-07-25,UGA,0.11520782607354427
2024-07-26,UGA,0.14547937127578037
2024-07-27,UGA,0.14993357015860573
2024-07-28,UGA,0.005109884467779427
2024-07-29,UGA,0.005293505179483715
2024-07-30,UGA,0.005295247892376859
2024-07-31,UGA,0.005155502945307961
2024-08-01,UGA,0.005034679362626837
2024-08-02,UGA,0.005129781472102671
2024-08-03,UGA,0.004827204423932692
2024-08-04,UGA,0.07064890166883374
2024-08-05,UGA,0.059620179655091775
2024-08-06,UGA,0.02392688651074089
2024-08-07,UGA,0.058402755887032996
2024-08-08,UGA,0.08911270536307385
2024-08-09,UGA,0.0752775797209084
2024-08-10,UGA,0.07178627847402197
2024-08-11,UGA,0.08440904322485106
2024-08-12,UGA,0.029139226619702138
2024-08-13,UGA,0.10999861705919066
2024-08-14,UGA,0.027383660520621304
2024-08-15,UGA,0.020109213406430466
2024-08-16,UGA,0.03128684089937011
2024-08-17,UGA,0.17638303244533843
2024-08-18,UGA,0.1331269176428324
2024-08-19,UGA,0.07605154951690818
2024-08-20,UGA,0.0862665205404635
2024-08-21,UGA,0.10884453867310409
2024-08-22,UGA,0.08784445839175084
2024-08-23,UGA,0.10474887391827244
2024-08-24,UGA,0.04573357594200446
2024-08-25,UGA,0.07023557241022622
2024-08-26,UGA,0.04806504681045779
2024-08-27,UGA,0.02004620750895861
2024-08-28,UGA,0.14229405826804856
2024-08-29,UGA,0.08265270585444659
2024-08-30,UGA,0.019962229607832116
2024-08-31,UGA,0.10397797309006575
2024-09-01,UGA,0.11209684135202634
2024-09-02,UGA,0.12312616171992785
2024-09-03,UGA,0.20510221852605678
2024-09-04,UGA,0.008790227578882499
2024-09-05,UGA,0.12886116251970667
2024-09-06,UGA,0.008294067079949374
2024-09-07,UGA,0.12279393657459514
2024-09-08,UGA,0.011575512565943892
2024-09-09,UGA,0.00725048476961664
2024-09-10,UGA,0.006605262414544243
2024-09-11,UGA,0.05736535710819209
2024-09-12,UGA,0.02492220800176881
2024-09-13,UGA,0.022720089489975993
2024-09-14,UGA,0.03371654965156005
2024-09-15,UGA,0.02149741440797015
2024-09-16,UGA,0.05580326784385326
2024-09-17,UGA,0.03220935226029137
2024-09-18,UGA,0.020973506795549185
2024-09-19,UGA,0.02455831225066598
2024-09-20,UGA,0.03260401425129344
2024-09-21,UGA,0.02480179003076976
2024-09-22,UGA,0.027170424727159963
2024-09-23,UGA,0.01960517081307283
2024-09-24,UGA,0.026216396854016458
2024-09-25,UGA,0.19408161296526438
2024-09-26,UGA,0.052461382673522586
2024-09-27,UGA,0.025418810197608048
2024-09-28,UGA,0.11082428795061015
2024-09-29,UGA,0.16875531390767606
2024-09-30,UGA,0.18514051343200202
2024-10-01,UGA,0.10649169661709242
2024-10-02,UGA,0.0131158393306957
2024-10-03,UGA,0.04966939314164399
2024-10-04,UGA,0.014210976899931707
2024-10-05,UGA,0.011712985851663762
2024-10-06,UGA,0.009103076481488694
2024-10-07,UGA,0.026569438730436865
2024-10-08,UGA,0.008771841180139012
2024-10-09,UGA,0.023431788046846386
2024-10-10,UGA,0.02161696391043108
2024-10-11,UGA,0.01334824956381101
2024-10-12,UGA,0.015354636905051709
2024-10-13,UGA,0.026411237331652685
2024-10-14,UGA,0.007786427833682105
2024-10-15,UGA,0.007549492494355003
2024-10-16,UGA,0.007765144036687769
2024-10-17,UGA,0.010731995843073404
2024-10-18,UGA,0.03551207531610578
2024-10-19,UGA,0.019237026492831016
2024-10-20,UGA,0.0054327159847464435
2024-10-21,UGA,0.006842267197717991
2024-10-22,UGA,0.007803464655699648
2024-10-23,UGA,0.00679695193168887
2024-10-24,UGA,0.006894395533579463
2024-10-25,UGA,0.007997133007208697
2024-10-26,UGA,0.009031527466842057
2024-10-27,UGA,0.01047461085015298
2024-10-28,UGA,0.007612803836983615
2024-10-29,UGA,0.022872800952425963
2024-10-30,UGA,0.01597578856924247
2024-10-31,UGA,0.01583117678327724
2024-11-01,UGA,0.006885547654037328
2024-11-02,UGA,0.01097916275484311
2024-11-03,UGA,0.17532431537265836
2024-11-04,UGA,0.12786550580314063
2024-11-05,UGA,0.005172984621746439
2024-11-06,UGA,0.005322581439693799
2024-11-07,UGA,0.005133301665429233
2024-11-08,UGA,0.005821365790072391
2024-11-09,UGA,0.0055218347082490885
2024-11-10,UGA,0.005264632610711904
2024-11-11,UGA,0.00512132596654172
2024-11-12,UGA,0.08037672731077625
2024-11-13,UGA,0.06282920375800326
2024-11-14,UGA,0.08082394535204275
2024-11-15,UGA,0.09532045956457721
2024-11-16,UGA,0.06543372689534396
2024-11-17,UGA,0.07614450030677873
2024-11-18,UGA,0.08853567892933563
2024-11-19,UGA,0.11671601819375423
2024-11-20,UGA,0.1696849599983189
2024-11-21,UGA,0.09995742061248605
2024-11-22,UGA,0.09046774674287404
2024-11-23,UGA,0.09071897803103758
2024-11-24,UGA,0.16181787834869985
2024-11-25,UGA,0.1291623357321807
2024-11-26,UGA,0.08268135987816153
2024-11-27,UGA,0.10895179771747979
2024-11-28,UGA,0.20835447026316048
2024-11-29,UGA,0.13987728007501843
2024-11-30,UGA,0.16426418991619254
2024-12-01,UGA,0.026224017523158737
2024-12-02,UGA,0.06436191506692779
2024-12-03,UGA,0.0270855795716985
2024-12-04,UGA,0.01690084750996755
2024-12-05,UGA,0.007814898426466627
2024-12-06,UGA,0.007298809406968126
2024-12-07,UGA,0.006657289594280057
2024-12-08,UGA,0.07327924076036973
2024-12-09,UGA,0.01916831673826334
2024-12-10,UGA,0.02874723757498224
2024-12-11,UGA,0.014337680612928205
2024-12-12,UGA,0.021560708001119325
2024-12-13,UGA,0.009830781123920862
2024-12-14,UGA,0.008870487181727352
2024-12-15,UGA,0.010948860209179295
2024-12-16,UGA,0.02209433489429392
2024-12-17,UGA,0.02143734396188628
2024-12-18,UGA,0.02001588340427765
2024-12-19,UGA,0.019874220661865862
2024-12-20,UGA,0.012914377117411504
2024-12-21,UGA,0.040931798027803015
2024-12-22,UGA,0.019821919927642418
2024-12-23,UGA,0.02059527267058139
2024-12-24,UGA,0.03349413152080171
2024-12-25,UGA,0.03385420545829929
2024-12-26,UGA,0.06775594051549644
2024-12-27,UGA,0.13606749291411716
2024-12-28,UGA,0.11256266932690133
2024-12-29,UGA,0.12088737821743525
2024-12-30,UGA,0.10349380262763973
2024-12-31,UGA,0.013661102945686619
2025-01-01,UGA,0.06015400310679542
2025-01-02,UGA,0.011919429523208068
2025-01-03,UGA,0.011969477860177187
2025-01-04,UGA,0.02084158992823463
2025-01-05,UGA,0.04359486119277775
2025-01-06,UGA,0.02031561428080363
2025-01-07,UGA,0.1214148612052228
2025-01-08,UGA,0.026498062560225587
2025-01-09,UGA,0.020563521676836116
2025-01-10,UGA,0.04291071401132594
2025-01-11,UGA,0.013355837901806172
2025-01-12,UGA,0.014494829454047115
2025-01-13,UGA,0.03069169494090881
2025-01-14,UGA,0.009382707639098013
2025-01-15,UGA,0.07921191590414138
2025-01-16,UGA,0.008536460549705409
2025-01-17,UGA,0.00729693843038289
2025-01-18,UGA,0.1227522543183242
2025-01-19,UGA,0.009968601246360254
2025-01-20,UGA,0.04407937791998826
2025-01-21,UGA,0.01256000907003469
2025-01-22,UGA,0.03221913604106184
2025-01-23,UGA,0.12730197406462934
2025-01-24,UGA,0.06463089392157427
2025-01-25,UGA,0.0867492326067043
2025-01-26,UGA,0.1275774653286654
2025-01-27,UGA,0.008545858794122587
2025-01-28,UGA,0.0198582906147267
2025-01-29,UGA,0.01938538201004538
2025-01-30,UGA,0.007883949146590075
2025-01-31,UGA,0.007678349748715327
2025-02-01,UGA,0.01108086319639138
2025-02-02,UGA,0.009472571738552383
2025-02-03,UGA,0.022175102821027564
2025-02-04,UGA,0.014956359901263315
2025-02-05,UGA,0.016895248597439058
2025-02-06,UGA,0.011924067350498323
2025-02-07,UGA,0.017878257672756945
2025-02-08,UGA,0.01495741931758323
2025-02-09,UGA,0.20121094304348164
2025-02-10,UGA,0.17745755770192193
2025-02-11,UGA,0.09621925222043229
2025-02-12,UGA,0.18346438921434946
2025-02-13,UGA,0.17824863771829963
2025-02-14,UGA,0.1718283639545799
2025-02-15,UGA,0.17122527024338766
2025-02-16,UGA,0.19833525597419152
2025-02-17,UGA,0.10863125164090172
2025-02-18,UGA,0.18792765758080865
2025-02-19,UGA,0.05322343671343716
2025-02-20,UGA,0.037347705523160156
2025-02-21,UGA,0.155768812071114
2025-02-22,UGA,0.08267426251811684
2025-02-23,UGA,0.07156559679777162
2025-02-24,UGA,0.01449668651697857
2025-02-25,UGA,0.035066485803588024
2025-02-26,UGA,0.15210988466180567
2025-02-27,UGA,0.06047961821853632
2025-02-28,UGA,0.17554719489575782
2025-03-01,UGA,0.15715772899004082
2025-03-02,UGA,0.015653841826188272
2025-03-03,UGA,0.03626372987214289
2025-03-04,UGA,0.019024958537412484
2025-03-05,UGA,0.015540704906551212
2025-03-06,UGA,0.007226942377745533
2025-03-07,UGA,0.006920550537606608
2025-03-08,UGA,0.005975470639288843
2025-03-09,UGA,0.013089194946965097
2025-03-10,UGA,0.01645971686402564
2025-03-11,UGA,0.007670724508100358
2025-03-12,UGA,0.009171235899701253
2025-03-13,UGA,0.007610582030606899
2025-03-14,UGA,0.16732374128831498
2025-03-15,UGA,0.15262204116017805
2025-03-16,UGA,0.1697825316902968
2025-03-17,UGA,0.08066856195272644
2025-03-18,UGA,0.1454617873770153
2025-03-19,UGA,0.0273211032767005
2025-03-20,UGA,0.0221132140385943
2025-03-21,UGA,0.046890904660293935
2025-03-22,UGA,0.13701858547430684
2025-03-23,UGA,0.037367989465340576
2025-03-24,UGA,0.05417369416007873
2025-03-25,UGA,0.0773331457946559
2025-03-26,UGA,0.11568124946118405
2025-03-27,UGA,0.03943290904775643
2025-03-28,UGA,0.04168841417230922
2024-07-01,ERI,0.011086257911655843
2024-07-02,ERI,0.008140764101878212
2024-07-03,ERI,0.008594041375197212
2024-07-04,ERI,0.010759276806735298
2024-07-05,ERI,0.011362422020136964
2024-07-06,ERI,0.007283928780409425
2024-07-07,ERI,0.008008579800093223
2024-07-08,ERI,0.00811311282307114
2024-07-09,ERI,0.008711700401206467
2024-07-10,ERI,0.01019338548176703
2024-07-11,ERI,0.007959614838810993
2024-07-12,ERI,0.015156920871530304
2024-07-13,ERI,0.008684779734798432
2024-07-14,ERI,0.008706191308003354
2024-07-15,ERI,0.01026181586823759
2024-07-16,ERI,0.009862224022668706
2024-07-17,ERI,0.009785085747542699
2024-07-18,ERI,0.007789886280667133
2024-07-19,ERI,0.008064971212878405
2024-07-20,ERI,0.018968439429402708
2024-07-21,ERI,0.012090466916240153
2024-07-22,ERI,0.012585890453916372
2024-07-23,ERI,0.011654877520063308
2024-07-24,ERI,0.011764708065798981
2024-07-25,ERI,0.011500775114597293
2024-07-26,ERI,0.010802921096626523
2024-07-27,ERI,0.010036836200350252
2024-07-28,ERI,0.009528797382023637
2024-07-29,ERI,0.009282209457099051
2024-07-30,ERI,0.00961258899792052
2024-07-31,ERI,0.009261953534469118
2024-08-01,ERI,0.008539713267818815
2024-08-02,ERI,0.009676569566886447
2024-08-03,ERI,0.010239078426728972
2024-08-04,ERI,0.1501510576097421
2024-08-05,ERI,0.00902144145169897
2024-08-06,ERI,0.010523249416444926
2024-08-07,ERI,0.009542327116461009
2024-08-08,ERI,0.010242083304142538
2024-08-09,ERI,0.008925356181701686
2024-08-10,ERI,0.010537447095323402
2024-08-11,ERI,0.010582632786815897
2024-08-12,ERI,0.00927969355534359
2024-08-13,ERI,0.009081568564633607
2024-08-14,ERI,0.008925251899325463
2024-08-15,ERI,0.195400602386007
2024-08-16,ERI,0.010179235788190202
2024-08-17,ERI,0.014173229685687105
2024-08-18,ERI,0.009496269054637338
2024-08-19,ERI,0.21532669465218351
2024-08-20,ERI,0.007683917586527672
2024-08-21,ERI,0.007420980676439871
2024-08-22,ERI,0.006707072768428045
2024-08-23,ERI,0.005653828934589589
2024-08-24,ERI,0.006553440055057087
2024-08-25,ERI,0.008720641108240714
2024-08-26,ERI,0.011414441893787153
2024-08-27,ERI,0.009417661164790392
2024-08-28,ERI,0.012072704221184581
2024-08-29,ERI,0.013617394197469141
2024-08-30,ERI,0.011321171829996033
2024-08-31,ERI,0.012607338574929565
2024-09-01,ERI,0.014275569010332816
2024-09-02,ERI,0.020940499433688163
2024-09-03,ERI,0.018942054648702432
2024-09-04,ERI,0.011931784130885857
2024-09-05,ERI,0.01512290261391606
2024-09-06,ERI,0.019328709075456158
2024-09-07,ERI,0.017834420475249926
2024-09-08,ERI,0.02254616241275541
2024-09-09,ERI,0.0249414098302944
2024-09-10,ERI,0.019159406723035975
2024-09-11,ERI,0.0207328966585746
2024-09-12,ERI,0.02032243815453704
2024-09-13,ERI,0.015002123467220749
2024-09-14,ERI,0.017715402846099904
2024-09-15,ERI,0.018243573051522594
2024-09-16,ERI,0.014832574568001263
2024-09-17,ERI,0.016041380364774493
2024-09-18,ERI,0.013251122070078884
2024-09-19,ERI,0.014462696525465729
2024-09-20,ERI,0.017724648547957668
2024-09-21,ERI,0.010143279210836026
2024-09-22,ERI,0.013045873409509747
2024-09-23,ERI,0.01361058712360112
2024-09-24,ERI,0.014341296400336724
2024-09-25,ERI,0.010823746278849269
2024-09-26,ERI,0.008800879656741348
2024-09-27,ERI,0.008930179807478485
2024-09-28,ERI,0.009331388555080892
2024-09-29,ERI,0.00926323149290794
2024-09-30,ERI,0.008456083600602389
2024-10-01,ERI,0.007954789054601197
2024-10-02,ERI,0.008264850810614418
2024-10-03,ERI,0.008374081404417465
2024-10-04,ERI,0.005961790794802252
2024-10-05,ERI,0.007459115412367623
2024-10-06,ERI,0.007112413709128994
2024-10-07,ERI,0.008176044870562824
2024-10-08,ERI,0.006999548221169022
2024-10-09,ERI,0.007580201391075948
2024-10-10,ERI,0.007686167146457956
2024-10-11,ERI,0.007564531979569811
2024-10-12,ERI,0.009090235575207302
2024-10-13,ERI,0.010771630771077158
2024-10-14,ERI,0.010961214322610829
2024-10-15,ERI,0.010948301258695316
2024-10-16,ERI,0.009128024714929612
2024-10-17,ERI,0.007489487683903553
2024-10-18,ERI,0.008497364902701353
2024-10-19,ERI,0.009730239161293631
2024-10-20,ERI,0.008525422876158975
2024-10-21,ERI,0.008541808172558476
2024-10-22,ERI,0.008247589896043222
2024-10-23,ERI,0.0075492299959915585
2024-10-24,ERI,0.00882618210311754
2024-10-25,ERI,0.008725466872788135
2024-10-26,ERI,0.006847435492091407
2024-10-27,ERI,0.007392517948914896
2024-10-28,ERI,0.0067243260415939645
2024-10-29,ERI,0.006189060987071083
2024-10-30,ERI,0.008026782284293661
2024-10-31,ERI,0.0075015063476837965
2024-11-01,ERI,0.006371426784466402
2024-11-02,ERI,0.008189803531265433
2024-11-03,ERI,0.007764111826499917
2024-11-04,ERI,0.007849370694602292
2024-11-05,ERI,0.006527634058824354
2024-11-06,ERI,0.006039463647053808
2024-11-07,ERI,0.005727076425903502
2024-11-08,ERI,0.005766269501112463
2024-11-09,ERI,0.005900913872762941
2024-11-10,ERI,0.00688263351177738
2024-11-11,ERI,0.00807294193648238
2024-11-12,ERI,0.0068137464400902445
2024-11-13,ERI,0.006599049470348368
2024-11-14,ERI,0.007417638389581697
2024-11-15,ERI,0.0065706906151853815
2024-11-16,ERI,0.006225541208339672
2024-11-17,ERI,0.0067309142574213734
2024-11-18,ERI,0.006297827422681069
2024-11-19,ERI,0.0064734321793141845
2024-11-20,ERI,0.007026464823758065
2024-11-21,ERI,0.007479222715659817
2024-11-22,ERI,0.007586494574927045
2024-11-23,ERI,0.006694869220634813
2024-11-24,ERI,0.007654141398595952
2024-11-25,ERI,0.007621082813100385
2024-11-26,ERI,0.0066076622521759765
2024-11-27,ERI,0.0073044343720863525
2024-11-28,ERI,0.007364177242546835
2024-11-29,ERI,0.006820275979640478
2024-11-30,ERI,0.007684146082460925
2024-12-01,ERI,0.007002006742444258
2024-12-02,ERI,0.006748757067843569
2024-12-03,ERI,0.007684990640302807
2024-12-04,ERI,0.006657176142551151
2024-12-05,ERI,0.007234442417894419
2024-12-06,ERI,0.0071167512810966
2024-12-07,ERI,0.006528804515868755
2024-12-08,ERI,0.006262009569497515
2024-12-09,ERI,0.0066060409396779575
2024-12-10,ERI,0.007596940734531015
2024-12-11,ERI,0.008405927234807913
2024-12-12,ERI,0.006892258553032049
2024-12-13,ERI,0.0066074162075144644
2024-12-14,ERI,0.0062002733713355275
2024-12-15,ERI,0.006582561478647124
2024-12-16,ERI,0.006729020132759776
2024-12-17,ERI,0.006167401322751536
2024-12-18,ERI,0.007013139759444364
2024-12-19,ERI,0.007545577071068182
2024-12-20,ERI,0.006862671778133721
2024-12-21,ERI,0.0063049560389756105
2024-12-22,ERI,0.008128240984988114
2024-12-23,ERI,0.008864341668238787
2024-12-24,ERI,0.008688214812687419
2024-12-25,ERI,0.008514759706253367
2024-12-26,ERI,0.008780057722062577
2024-12-27,ERI,0.008816770426326932
2024-12-28,ERI,0.007657120301135086
2024-12-29,ERI,0.007955549235945148
2024-12-30,ERI,0.007629422891478386
2024-12-31,ERI,0.008328587844554931
2025-01-01,ERI,0.00842774991994017
2025-01-02,ERI,0.007579751773077444
2025-01-03,ERI,0.007171761035939963
2025-01-04,ERI,0.007128379606520953
2025-01-05,ERI,0.00813312145319168
2025-01-06,ERI,0.00842705184773424
2025-01-07,ERI,0.007291834195695257
2025-01-08,ERI,0.00924926614956255
2025-01-09,ERI,0.008378115566874289
2025-01-10,ERI,0.008203068909814343
2025-01-11,ERI,0.007194107085223777
2025-01-12,ERI,0.0072067734908950855
2025-01-13,ERI,0.0077062769687195635
2025-01-14,ERI,0.006407761160510612
2025-01-15,ERI,0.008063953602983356
2025-01-16,ERI,0.0065016861392574775
2025-01-17,ERI,0.006642555339968667
2025-01-18,ERI,0.006731580872095545
2025-01-19,ERI,0.006749385245531863
2025-01-20,ERI,0.007343287434755083
2025-01-21,ERI,0.00759019187322924
2025-01-22,ERI,0.008143324697302013
2025-01-23,ERI,0.008119990537612889
2025-01-24,ERI,0.008772649428330524
2025-01-25,ERI,0.008415078573596111
2025-01-26,ERI,0.007418012818871589
2025-01-27,ERI,0.007656858627227822
2025-01-28,ERI,0.006567756584352821
2025-01-29,ERI,0.0071598843271504595
2025-01-30,ERI,0.007108038130183523
2025-01-31,ERI,0.0069051910248748285
2025-02-01,ERI,0.00897412984152161
2025-02-02,ERI,0.00997373035942495
2025-02-03,ERI,0.009259261793706374
2025-02-04,ERI,0.008942477732869996
2025-02-05,ERI,0.00802737340310598
2025-02-06,ERI,0.007670087807767738
2025-02-07,ERI,0.007827744428421428
2025-02-08,ERI,0.007457254421589896
2025-02-09,ERI,0.007410384845978269
2025-02-10,ERI,0.007679287759797612
2025-02-11,ERI,0.006205218203245772
2025-02-12,ERI,0.006914219987192236
2025-02-13,ERI,0.0066883047838564086
2025-02-14,ERI,0.0069552623400788265
2025-02-15,ERI,0.00633036267756528
2025-02-16,ERI,0.00592757665397567
2025-02-17,ERI,0.005476529376207929
2025-02-18,ERI,0.005992759733943796
2025-02-19,ERI,0.0056664384991012605
2025-02-20,ERI,0.006371355427749653
2025-02-21,ERI,0.006227666132257868
2025-02-22,ERI,0.007779415189681244
2025-02-23,ERI,0.00794829853117477
2025-02-24,ERI,0.00807168928543397
2025-02-25,ERI,0.008671723497205432
2025-02-26,ERI,0.007655291392569203
2025-02-27,ERI,0.007490824743030103
2025-02-28,ERI,0.008777390796441022
2025-03-01,ERI,0.007931656022054817
2025-03-02,ERI,0.008382122738501838
2025-03-03,ERI,0.00847759560706525
2025-03-04,ERI,0.007544542704203195
2025-03-05,ERI,0.009711093426929232
2025-03-06,ERI,0.0120493367498054
2025-03-07,ERI,0.009130886307927
2025-03-08,ERI,0.010648953051249778
2025-03-09,ERI,0.010213641381577362
2025-03-10,ERI,0.008735090337072184
2025-03-11,ERI,0.009230851322875397
2025-03-12,ERI,0.009329376633844135
2025-03-13,ERI,0.00825635450600563
2025-03-14,ERI,0.008796331420482134
2025-03-15,ERI,0.007547230709520055
2025-03-16,ERI,0.00847595566168732
2025-03-17,ERI,0.007888867692977891
2025-03-18,ERI,0.008038240136644545
2025-03-19,ERI,0.007106256235437426
2025-03-20,ERI,0.007035369527675354
2025-03-21,ERI,0.007084738648907252
2025-03-22,ERI,0.007248976968407957
2025-03-23,ERI,0.00720802843119362
2025-03-24,ERI,0.007096100411339279
2025-03-25,ERI,0.007787399796407251
2025-03-26,ERI,0.007989374870771565
2025-03-27,ERI,0.006692662531718191
2025-03-28,ERI,0.006151252359974437
2024-07-01,MOZ,0.042030009375056236
2024-07-02,MOZ,0.0680096925177871
2024-07-03,MOZ,0.06746668449318209
2024-07-04,MOZ,0.027411417341282968
2024-07-05,MOZ,0.022939107834366552
2024-07-06,MOZ,0.16853612512196436
2024-07-07,MOZ,0.08837544151123676
2024-07-08,MOZ,0.0698699779810117
2024-07-09,MOZ,0.048873371574559094
2024-07-10,MOZ,0.097281103537934
2024-07-11,MOZ,0.09412747386109903
2024-07-12,MOZ,0.0759114582607956
2024-07-13,MOZ,0.16221498659308756
2024-07-14,MOZ,0.16458824675369602
2024-07-15,MOZ,0.09112684435267238
2024-07-16,MOZ,0.07630345953252413
2024-07-17,MOZ,0.051974213004032585
2024-07-18,MOZ,0.028862762253762
2024-07-19,MOZ,0.033576728456384895
2024-07-20,MOZ,0.09591272167983775
2024-07-21,MOZ,0.06338118370329442
2024-07-22,MOZ,0.04341577786298813
2024-07-23,MOZ,0.06862988262994328
2024-07-24,MOZ,0.08947431764187674
2024-07-25,MOZ,0.16486598101424144
2024-07-26,MOZ,0.16881586767993526
2024-07-27,MOZ,0.1853696165706081
2024-07-28,MOZ,0.1858230963370616
2024-07-29,MOZ,0.21592178643189794
2024-07-30,MOZ,0.21377865896812906
2024-07-31,MOZ,0.21556838895524255
2024-08-01,MOZ,0.1989979575999367
2024-08-02,MOZ,0.165839058371008
2024-08-03,MOZ,0.19054183419439844
2024-08-04,MOZ,0.18492508055379497
2024-08-05,MOZ,0.03235349694935236
2024-08-06,MOZ,0.04328378809784817
2024-08-07,MOZ,0.2003247944200883
2024-08-08,MOZ,0.201801544813936
2024-08-09,MOZ,0.19993197535511842
2024-08-10,MOZ,0.13036218679423034
2024-08-11,MOZ,0.15492895824541456
2024-08-12,MOZ,0.18416755548712746
2024-08-13,MOZ,0.17138416303836215
2024-08-14,MOZ,0.12439183780924452
2024-08-15,MOZ,0.026308729371375645
2024-08-16,MOZ,0.1961303934756678
2024-08-17,MOZ,0.09443927290279086
2024-08-18,MOZ,0.020860013311391572
2024-08-19,MOZ,0.03460439095869432
2024-08-20,MOZ,0.02012889639717682
2024-08-21,MOZ,0.022561583296347984
2024-08-22,MOZ,0.20963154266600975
2024-08-23,MOZ,0.12261784548665097
2024-08-24,MOZ,0.16802217238159617
2024-08-25,MOZ,0.1414504934774846
2024-08-26,MOZ,0.15089476858480766
2024-08-27,MOZ,0.1406217501508965
2024-08-28,MOZ,0.18615190441171364
2024-08-29,MOZ,0.17163322693669286
2024-08-30,MOZ,0.15427952743432904
2024-08-31,MOZ,0.20663001525526933
2024-09-01,MOZ,0.2086704169098346
2024-09-02,MOZ,0.20751609191419934
2024-09-03,MOZ,0.18171377192915736
2024-09-04,MOZ,0.1871330159070485
2024-09-05,MOZ,0.18492638383902318
2024-09-06,MOZ,0.1556487198520015
2024-09-07,MOZ,0.028331325893310732
2024-09-08,MOZ,0.03725962642410434
2024-09-09,MOZ,0.05291262374496079
2024-09-10,MOZ,0.04888585767250572
2024-09-11,MOZ,0.20607188350729913
2024-09-12,MOZ,0.01234886103461617
2024-09-13,MOZ,0.013582292528748997
2024-09-14,MOZ,0.01262624881145965
2024-09-15,MOZ,0.020558448284703358
2024-09-16,MOZ,0.011072643328965607
2024-09-17,MOZ,0.012625512332982175
2024-09-18,MOZ,0.012861792025470395
2024-09-19,MOZ,0.10905437922152096
2024-09-20,MOZ,0.053034301064586974
2024-09-21,MOZ,0.04315905833608233
2024-09-22,MOZ,0.04659141645354037
2024-09-23,MOZ,0.0552670482563676
2024-09-24,MOZ,0.04262476438193247
2024-09-25,MOZ,0.04648243028879087
2024-09-26,MOZ,0.037695483803814864
2024-09-27,MOZ,0.01816714299273734
2024-09-28,MOZ,0.023291352023935064
2024-09-29,MOZ,0.012290042254237236
2024-09-30,MOZ,0.015573565308127094
2024-10-01,MOZ,0.2124744030409994
2024-10-02,MOZ,0.01148070674651051
2024-10-03,MOZ,0.009479671183185424
2024-10-04,MOZ,0.01295576415571274
2024-10-05,MOZ,0.011032150456214557
2024-10-06,MOZ,0.012386911777636315
2024-10-07,MOZ,0.00848003289532393
2024-10-08,MOZ,0.007762409573037587
2024-10-09,MOZ,0.09162773833372956
2024-10-10,MOZ,0.1769254847729378
2024-10-11,MOZ,0.1525799080863409
2024-10-12,MOZ,0.1875863110492936
2024-10-13,MOZ,0.15498266058036594
2024-10-14,MOZ,0.21063303891724708
2024-10-15,MOZ,0.20057639268266703
2024-10-16,MOZ,0.10805903460700589
2024-10-17,MOZ,0.1287111385479378
2024-10-18,MOZ,0.1471588012672309
2024-10-19,MOZ,0.20738488882176656
2024-10-20,MOZ,0.10586441395892197
2024-10-21,MOZ,0.16686226190981282
2024-10-22,MOZ,0.1290427489227069
2024-10-23,MOZ,0.13437618127340129
2024-10-24,MOZ,0.16532601236185399
2024-10-25,MOZ,0.050913545620674225
2024-10-26,MOZ,0.12095149024005009
2024-10-27,MOZ,0.08293157730830598
2024-10-28,MOZ,0.08709269452158039
2024-10-29,MOZ,0.20248162365974828
2024-10-30,MOZ,0.0853352276764578
2024-10-31,MOZ,0.018237470122348633
2024-11-01,MOZ,0.0214576032387731
2024-11-02,MOZ,0.023153733231687963
2024-11-03,MOZ,0.015812681088253497
2024-11-04,MOZ,0.024149293888498853
2024-11-05,MOZ,0.012778535222266685
2024-11-06,MOZ,0.12092474255104024
2024-11-07,MOZ,0.14254827169940368
2024-11-08,MOZ,0.022473665942738953
2024-11-09,MOZ,0.05194861192676414
2024-11-10,MOZ,0.04665399609131935
2024-11-11,MOZ,0.035129007561234084
2024-11-12,MOZ,0.04479136918582992
2024-11-13,MOZ,0.10693914422667795
2024-11-14,MOZ,0.04890296173380026
2024-11-15,MOZ,0.06473224187256174
2024-11-16,MOZ,0.013525197170987557
2024-11-17,MOZ,0.11901352766758304
2024-11-18,MOZ,0.10272170243721396
2024-11-19,MOZ,0.023091396370548495
2024-11-20,MOZ,0.007529095772584062
2024-11-21,MOZ,0.011249597986313215
2024-11-22,MOZ,0.011389109365760756
2024-11-23,MOZ,0.01092987634047596
2024-11-24,MOZ,0.006676795177236004
2024-11-25,MOZ,0.06475966302523883
2024-11-26,MOZ,0.0061286114467820245
2024-11-27,MOZ,0.012030669569834337
2024-11-28,MOZ,0.008803183785885882
2024-11-29,MOZ,0.009963894723333429
2024-11-30,MOZ,0.008872659414171168
2024-12-01,MOZ,0.10348916199559907
2024-12-02,MOZ,0.08407331121123526
2024-12-03,MOZ,0.06541308800675677
2024-12-04,MOZ,0.07832772331295042
2024-12-05,MOZ,0.08511986954182132
2024-12-06,MOZ,0.1359059258551193
2024-12-07,MOZ,0.13519269984524757
2024-12-08,MOZ,0.11121846284717603
2024-12-09,MOZ,0.16623873000967815
2024-12-10,MOZ,0.07555687101866002
2024-12-11,MOZ,0.18322138340929486
2024-12-12,MOZ,0.13592592270988174
2024-12-13,MOZ,0.16663653901851438
2024-12-14,MOZ,0.17534233157761556
2024-12-15,MOZ,0.17687575592020452
2024-12-16,MOZ,0.18243826070355526
2024-12-17,MOZ,0.1601972432078048
2024-12-18,MOZ,0.1067839494335524
2024-12-19,MOZ,0.04091492374810749
2024-12-20,MOZ,0.13685050883817915
2024-12-21,MOZ,0.02365253230044578
2024-12-22,MOZ,0.07357268624143058
2024-12-23,MOZ,0.1270756276883621
2024-12-24,MOZ,0.05340572086052153
2024-12-25,MOZ,0.13434827952340878
2024-12-26,MOZ,0.16834833563107063
2024-12-27,MOZ,0.07527452940995603
2024-12-28,MOZ,0.14327781453421404
2024-12-29,MOZ,0.02571808588535692
2024-12-30,MOZ,0.05253752190591352
2024-12-31,MOZ,0.02420454015639323
2025-01-01,MOZ,0.01446528277272554
2025-01-02,MOZ,0.01065837210883856
2025-01-03,MOZ,0.008048078606758706
2025-01-04,MOZ,0.012106098883473464
2025-01-05,MOZ,0.014322953079467595
2025-01-06,MOZ,0.012473689368727451
2025-01-07,MOZ,0.013539636175332756
2025-01-08,MOZ,0.12890624215002086
2025-01-09,MOZ,0.1643827054900639
2025-01-10,MOZ,0.07627005124243923
2025-01-11,MOZ,0.03514224131622445
2025-01-12,MOZ,0.010234411041865427
2025-01-13,MOZ,0.1724272460856258
2025-01-14,MOZ,0.029675104744898102
2025-01-15,MOZ,0.03807979601474949
2025-01-16,MOZ,0.051181895698320365
2025-01-17,MOZ,0.02206286704814143
2025-01-18,MOZ,0.025117901816198083
2025-01-19,MOZ,0.018719145445803543
2025-01-20,MOZ,0.03578663841600342
2025-01-21,MOZ,0.02680694383886919
2025-01-22,MOZ,0.02318316549573935
2025-01-23,MOZ,0.12226291391021793
2025-01-24,MOZ,0.050151526243118964
2025-01-25,MOZ,0.04820715856571919
2025-01-26,MOZ,0.10850840460633988
2025-01-27,MOZ,0.03908012715798964
2025-01-28,MOZ,0.01809667910536723
2025-01-29,MOZ,0.030346395314165543
2025-01-30,MOZ,0.04853786874688168
2025-01-31,MOZ,0.02809157411793137
2025-02-01,MOZ,0.03258794055870502
2025-02-02,MOZ,0.029355415212239805
2025-02-03,MOZ,0.020892514614131504
2025-02-04,MOZ,0.018701964397802348
2025-02-05,MOZ,0.06190262739551486
2025-02-06,MOZ,0.03292614336919328
2025-02-07,MOZ,0.03666959333333966
2025-02-08,MOZ,0.03624152999458405
2025-02-09,MOZ,0.06611710810618386
2025-02-10,MOZ,0.07509955583620596
2025-02-11,MOZ,0.050977087213358425
2025-02-12,MOZ,0.019744024799885233
2025-02-13,MOZ,0.010952100371203645
2025-02-14,MOZ,0.010579995519136038
2025-02-15,MOZ,0.0117300006307215
2025-02-16,MOZ,0.01084078720705808
2025-02-17,MOZ,0.019765308888955016
2025-02-18,MOZ,0.014310150126548052
2025-02-19,MOZ,0.02271578426067392
2025-02-20,MOZ,0.03142284485595803
2025-02-21,MOZ,0.02452429473720258
2025-02-22,MOZ,0.018309158637327003
2025-02-23,MOZ,0.021034988370801956
2025-02-24,MOZ,0.024649687656415394
2025-02-25,MOZ,0.026449284506447276
2025-02-26,MOZ,0.0336841490981869
2025-02-27,MOZ,0.05916883422894175
2025-02-28,MOZ,0.04622615218595863
2025-03-01,MOZ,0.05940846332705005
2025-03-02,MOZ,0.043740641171801826
2025-03-03,MOZ,0.07345254144593487
2025-03-04,MOZ,0.06831546113632293
2025-03-05,MOZ,0.06807308463737166
2025-03-06,MOZ,0.14703948071559444
2025-03-07,MOZ,0.1469187657692333
2025-03-08,MOZ,0.16164279368339093
2025-03-09,MOZ,0.13546832995167712
2025-03-10,MOZ,0.12866122853071837
2025-03-11,MOZ,0.11021314963866914
2025-03-12,MOZ,0.07947939886397201
2025-03-13,MOZ,0.08414287078812406
2025-03-14,MOZ,0.19518999758340175
2025-03-15,MOZ,0.19088431704076878
2025-03-16,MOZ,0.060658780012166576
2025-03-17,MOZ,0.05862762911999858
2025-03-18,MOZ,0.04581817364723866
2025-03-19,MOZ,0.08238732242421762
2025-03-20,MOZ,0.027796161604375504
2025-03-21,MOZ,0.00827108359726115
2025-03-22,MOZ,0.009667284751956311
2025-03-23,MOZ,0.011854947933603444
2025-03-24,MOZ,0.011587686810529333
2025-03-25,MOZ,0.01322464540256367
2025-03-26,MOZ,0.014340087492261695
2025-03-27,MOZ,0.011020977316866541
2025-03-28,MOZ,0.11334718675050867
2024-07-01,ZWE,0.04178941378021391
2024-07-02,ZWE,0.06283111113095324
2024-07-03,ZWE,0.04483625288370698
2024-07-04,ZWE,0.07661320054737285
2024-07-05,ZWE,0.058977961763023265
2024-07-06,ZWE,0.06817743986775479
2024-07-07,ZWE,0.0823645889968664
2024-07-08,ZWE,0.05327942569189377
2024-07-09,ZWE,0.05939150152397029
2024-07-10,ZWE,0.0405694862693918
2024-07-11,ZWE,0.04062433297582565
2024-07-12,ZWE,0.045293673587445
2024-07-13,ZWE,0.0588374504752402
2024-07-14,ZWE,0.1426801426816108
2024-07-15,ZWE,0.07379138154620268
2024-07-16,ZWE,0.056675544850389184
2024-07-17,ZWE,0.061839959353321775
2024-07-18,ZWE,0.07044315912796685
2024-07-19,ZWE,0.03783067191495437
2024-07-20,ZWE,0.06642151104549956
2024-07-21,ZWE,0.018725900701267548
2024-07-22,ZWE,0.018883535602824457
2024-07-23,ZWE,0.017987432754948563
2024-07-24,ZWE,0.015287603138003392
2024-07-25,ZWE,0.022439685946956868
2024-07-26,ZWE,0.014365620179070228
2024-07-27,ZWE,0.016426124059882776
2024-07-28,ZWE,0.01679096768125006
2024-07-29,ZWE,0.017270588658012273
2024-07-30,ZWE,0.01591599067472826
2024-07-31,ZWE,0.10813079611420924
2024-08-01,ZWE,0.11431057941634289
2024-08-02,ZWE,0.11894470580297468
2024-08-03,ZWE,0.07893123928741948
2024-08-04,ZWE,0.11026332071697019
2024-08-05,ZWE,0.10201662207153636
2024-08-06,ZWE,0.1098265781393874
2024-08-07,ZWE,0.018934634507216764
2024-08-08,ZWE,0.1979285452823261
2024-08-09,ZWE,0.021543735514365
2024-08-10,ZWE,0.02161549443127638
2024-08-11,ZWE,0.02094132448704662
2024-08-12,ZWE,0.021126982021588324
2024-08-13,ZWE,0.015383910822696445
2024-08-14,ZWE,0.09712137880006347
2024-08-15,ZWE,0.007074704421252957
2024-08-16,ZWE,0.00783644843682749
2024-08-17,ZWE,0.007996388736982331
2024-08-18,ZWE,0.0076714770145827485
2024-08-19,ZWE,0.007973506350824524
2024-08-20,ZWE,0.007775604835767401
2024-08-21,ZWE,0.00889005247586019
2024-08-22,ZWE,0.13884302720727928
2024-08-23,ZWE,0.10683774074498521
2024-08-24,ZWE,0.10165172530722821
2024-08-25,ZWE,0.12491990170508453
2024-08-26,ZWE,0.09357257441327366
2024-08-27,ZWE,0.12200420914168882
2024-08-28,ZWE,0.09765868593243032
2024-08-29,ZWE,0.09664266577763182
2024-08-30,ZWE,0.0963518350496805
2024-08-31,ZWE,0.10938830736499386
2024-09-01,ZWE,0.138792501769506
2024-09-02,ZWE,0.10623151214476571
2024-09-03,ZWE,0.11014053000413745
2024-09-04,ZWE,0.07994871690100791
2024-09-05,ZWE,0.10092681768852466
2024-09-06,ZWE,0.06696642681952501
2024-09-07,ZWE,0.07911767120876861
2024-09-08,ZWE,0.10433080344016152
2024-09-09,ZWE,0.07568185312613278
2024-09-10,ZWE,0.07349285888511807
2024-09-11,ZWE,0.11059330276091929
2024-09-12,ZWE,0.1104480241166172
2024-09-13,ZWE,0.10159624769343377
2024-09-14,ZWE,0.08497802346881207
2024-09-15,ZWE,0.09202240006144682
2024-09-16,ZWE,0.07979953855229523
2024-09-17,ZWE,0.09129022113389378
2024-09-18,ZWE,0.08253764610636649
2024-09-19,ZWE,0.08044776123012176
2024-09-20,ZWE,0.07926295061078882
2024-09-21,ZWE,0.07810794537137532
2024-09-22,ZWE,0.07647944903654932
2024-09-23,ZWE,0.09583864911853983
2024-09-24,ZWE,0.08220823307376149
2024-09-25,ZWE,0.08276173649157148
2024-09-26,ZWE,0.06580243309346341
2024-09-27,ZWE,0.15763701431015303
2024-09-28,ZWE,0.13771282198411489
2024-09-29,ZWE,0.08550357633308363
2024-09-30,ZWE,0.12107236234060821
2024-10-01,ZWE,0.09793050882823712
2024-10-02,ZWE,0.07978707081654762
2024-10-03,ZWE,0.07837476526736575
2024-10-04,ZWE,0.06948329573042754
2024-10-05,ZWE,0.05508801041088881
2024-10-06,ZWE,0.10539614475509781
2024-10-07,ZWE,0.06973043831623446
2024-10-08,ZWE,0.03896845671572065
2024-10-09,ZWE,0.10632315826989443
2024-10-10,ZWE,0.08092631751805597
2024-10-11,ZWE,0.07685771874784234
2024-10-12,ZWE,0.1042149833655553
2024-10-13,ZWE,0.09889073212100026
2024-10-14,ZWE,0.08087847863473611
2024-10-15,ZWE,0.08032960750109297
2024-10-16,ZWE,0.1185669057113802
2024-10-17,ZWE,0.06738226450282526
2024-10-18,ZWE,0.08715272733374889
2024-10-19,ZWE,0.1195610298454567
2024-10-20,ZWE,0.10984174957722492
2024-10-21,ZWE,0.125592537011803
2024-10-22,ZWE,0.06832563684183633
2024-10-23,ZWE,0.12293866722165624
2024-10-24,ZWE,0.09359590285998841
2024-10-25,ZWE,0.11855007045678881
2024-10-26,ZWE,0.09175487854141695
2024-10-27,ZWE,0.07494740228524954
2024-10-28,ZWE,0.10328515854944051
2024-10-29,ZWE,0.10263816895647335
2024-10-30,ZWE,0.08213115601164109
2024-10-31,ZWE,0.09250034488130798
2024-11-01,ZWE,0.07427155101043416
2024-11-02,ZWE,0.08538436656530615
2024-11-03,ZWE,0.09280110511914909
2024-11-04,ZWE,0.121177601770347
2024-11-05,ZWE,0.11940121566252906
2024-11-06,ZWE,0.11087255950634792
2024-11-07,ZWE,0.09611324959303988
2024-11-08,ZWE,0.08922905792209838
2024-11-09,ZWE,0.08034144302216362
2024-11-10,ZWE,0.08769258834866955
2024-11-11,ZWE,0.12696396122085837
2024-11-12,ZWE,0.12232117738488808
2024-11-13,ZWE,0.09731616790453533
2024-11-14,ZWE,0.08673399644439023
2024-11-15,ZWE,0.04952630081002497
2024-11-16,ZWE,0.038307235067322865
2024-11-17,ZWE,0.058042489480940596
2024-11-18,ZWE,0.015373434004979264
2024-11-19,ZWE,0.013651692836172832
2024-11-20,ZWE,0.024921799944300604
2024-11-21,ZWE,0.020101217753620414
2024-11-22,ZWE,0.01516769165280264
2024-11-23,ZWE,0.018231226979049463
2024-11-24,ZWE,0.02101097175055478
2024-11-25,ZWE,0.10536501387053604
2024-11-26,ZWE,0.08440328271765343
2024-11-27,ZWE,0.0950020852554766
2024-11-28,ZWE,0.10679288755849763
2024-11-29,ZWE,0.08890306453145487
2024-11-30,ZWE,0.09078844410213202
2024-12-01,ZWE,0.09364609572589444
2024-12-02,ZWE,0.10479096734038468
2024-12-03,ZWE,0.08138435633273257
2024-12-04,ZWE,0.12231500612369384
2024-12-05,ZWE,0.08968344795906871
2024-12-06,ZWE,0.09883760062955543
2024-12-07,ZWE,0.11344187664563705
2024-12-08,ZWE,0.08428900304800668
2024-12-09,ZWE,0.08920357014433099
2024-12-10,ZWE,0.11107639284915789
2024-12-11,ZWE,0.10629103247820479
2024-12-12,ZWE,0.06680427467447808
2024-12-13,ZWE,0.09697297065819963
2024-12-14,ZWE,0.0851236557919371
2024-12-15,ZWE,0.09158170549026776
2024-12-16,ZWE,0.08040643040116428
2024-12-17,ZWE,0.07923120843595871
2024-12-18,ZWE,0.06421805242476603
2024-12-19,ZWE,0.05758433669491026
2024-12-20,ZWE,0.01512223687822134
2024-12-21,ZWE,0.024857757042003745
2024-12-22,ZWE,0.02142235887038451
2024-12-23,ZWE,0.017511243580827125
2024-12-24,ZWE,0.016854901187113705
2024-12-25,ZWE,0.016233321967101755
2024-12-26,ZWE,0.02163683239458842
2024-12-27,ZWE,0.08504102908879765
2024-12-28,ZWE,0.08631656538630784
2024-12-29,ZWE,0.07732560096138648
2024-12-30,ZWE,0.0971178934522974
2024-12-31,ZWE,0.08737228858586243
2025-01-01,ZWE,0.20908896148393918
2025-01-02,ZWE,0.06971306501041823
2025-01-03,ZWE,0.07427618243417734
2025-01-04,ZWE,0.09500185828352276
2025-01-05,ZWE,0.1664979033256332
2025-01-06,ZWE,0.08879017581597924
2025-01-07,ZWE,0.08605548367386606
2025-01-08,ZWE,0.08672867346240787
2025-01-09,ZWE,0.08264737967345186
2025-01-10,ZWE,0.09224964632087043
2025-01-11,ZWE,0.06905583717394578
2025-01-12,ZWE,0.06960706653328454
2025-01-13,ZWE,0.07703194922373444
2025-01-14,ZWE,0.05056696560773346
2025-01-15,ZWE,0.07579840162858979
2025-01-16,ZWE,0.07350125714093797
2025-01-17,ZWE,0.08161204503631338
2025-01-18,ZWE,0.07376080780890545
2025-01-19,ZWE,0.04074456071398993
2025-01-20,ZWE,0.05778809691326497
2025-01-21,ZWE,0.046712724886704374
2025-01-22,ZWE,0.04752137136203297
2025-01-23,ZWE,0.06344015511871028
2025-01-24,ZWE,0.04538236702347334
2025-01-25,ZWE,0.06537339984623783
2025-01-26,ZWE,0.043497457733993015
2025-01-27,ZWE,0.04890095542682028
2025-01-28,ZWE,0.058509766244830064
2025-01-29,ZWE,0.03221972017462073
2025-01-30,ZWE,0.04513671536276168
2025-01-31,ZWE,0.03879558206626856
2025-02-01,ZWE,0.09065973373993229
2025-02-02,ZWE,0.09944759183358252
2025-02-03,ZWE,0.06469216078033502
2025-02-04,ZWE,0.05109213700349709
2025-02-05,ZWE,0.07421182921645723
2025-02-06,ZWE,0.09658978626607712
2025-02-07,ZWE,0.09777962254187034
2025-02-08,ZWE,0.06562551289216627
2025-02-09,ZWE,0.10192981628481029
2025-02-10,ZWE,0.07575834020795241
2025-02-11,ZWE,0.06773709876904058
2025-02-12,ZWE,0.051602147813516026
2025-02-13,ZWE,0.07082002263741391
2025-02-14,ZWE,0.05804490910849977
2025-02-15,ZWE,0.15739135422764902
2025-02-16,ZWE,0.09153550749530966
2025-02-17,ZWE,0.05871313738479067
2025-02-18,ZWE,0.048762772219642
2025-02-19,ZWE,0.032584817826442104
2025-02-20,ZWE,0.04256298014737259
2025-02-21,ZWE,0.04105232290106734
2025-02-22,ZWE,0.07711326592581787
2025-02-23,ZWE,0.06957836770440237
2025-02-24,ZWE,0.08245591066835928
2025-02-25,ZWE,0.08385668294970458
2025-02-26,ZWE,0.0634958124205255
2025-02-27,ZWE,0.06974104022202016
2025-02-28,ZWE,0.07355789241897548
2025-03-01,ZWE,0.0765822757565036
2025-03-02,ZWE,0.09280843899436914
2025-03-03,ZWE,0.0811696938057715
2025-03-04,ZWE,0.05863620548863835
2025-03-05,ZWE,0.04965097560894329
2025-03-06,ZWE,0.08520770321282982
2025-03-07,ZWE,0.061882549358565186
2025-03-08,ZWE,0.08255954295083139
2025-03-09,ZWE,0.07991726748081221
2025-03-10,ZWE,0.0812250941328399
2025-03-11,ZWE,0.06204995530218905
2025-03-12,ZWE,0.06562884066094059
2025-03-13,ZWE,0.07993653262374407
2025-03-14,ZWE,0.0897096331177183
2025-03-15,ZWE,0.06507269223167787
2025-03-16,ZWE,0.0957091233002757
2025-03-17,ZWE,0.09134394410173424
2025-03-18,ZWE,0.08950297675121206
2025-03-19,ZWE,0.060925607345664844
2025-03-20,ZWE,0.07283291091167425
2025-03-21,ZWE,0.0805612083514045
2025-03-22,ZWE,0.051898633540145754
2025-03-23,ZWE,0.060928180426877226
2025-03-24,ZWE,0.04547647497364814
2025-03-25,ZWE,0.05335875697779135
2025-03-26,ZWE,0.04306577233960064
2025-03-27,ZWE,0.0686702504055039
2025-03-28,ZWE,0.0401889963134489
2024-07-01,MDG,0.02077239794559565
2024-07-02,MDG,0.055263982744956884
2024-07-03,MDG,0.013753241585598899
2024-07-04,MDG,0.009934606284933825
2024-07-05,MDG,0.01253164707125314
2024-07-06,MDG,0.01709416815683912
2024-07-07,MDG,0.012006661832832935
2024-07-08,MDG,0.011506020008132991
2024-07-09,MDG,0.0076903639159044855
2024-07-10,MDG,0.0143057656812559
2024-07-11,MDG,0.009012907433654193
2024-07-12,MDG,0.006816113327335534
2024-07-13,MDG,0.007399829355065965
2024-07-14,MDG,0.010653684706709752
2024-07-15,MDG,0.015447224198618985
2024-07-16,MDG,0.013933632433355218
2024-07-17,MDG,0.012276625947416334
2024-07-18,MDG,0.03763589797357052
2024-07-19,MDG,0.06460246311550834
2024-07-20,MDG,0.0772089383181085
2024-07-21,MDG,0.057635561248334424
2024-07-22,MDG,0.09656206365241196
2024-07-23,MDG,0.06733256925882379
2024-07-24,MDG,0.06791584941686801
2024-07-25,MDG,0.08359626821083592
2024-07-26,MDG,0.045347136866685255
2024-07-27,MDG,0.03623882543148194
2024-07-28,MDG,0.03903336256082924
2024-07-29,MDG,0.03150720065717084
2024-07-30,MDG,0.03338670101363444
2024-07-31,MDG,0.03538675097952009
2024-08-01,MDG,0.03450437203161591
2024-08-02,MDG,0.0874884656179066
2024-08-03,MDG,0.03884502555969432
2024-08-04,MDG,0.08268472510175741
2024-08-05,MDG,0.08117636979440927
2024-08-06,MDG,0.10656909093476999
2024-08-07,MDG,0.14966740821603103
2024-08-08,MDG,0.041161368358166146
2024-08-09,MDG,0.03651575479664458
2024-08-10,MDG,0.021653314612465776
2024-08-11,MDG,0.022194338894789837
2024-08-12,MDG,0.014728617914297963
2024-08-13,MDG,0.03150242818449771
2024-08-14,MDG,0.00920687487154844
2024-08-15,MDG,0.06706737887174404
2024-08-16,MDG,0.042122107145171325
2024-08-17,MDG,0.027479931016002705
2024-08-18,MDG,0.02728435958428049
2024-08-19,MDG,0.02269747160381378
2024-08-20,MDG,0.03299455037239215
2024-08-21,MDG,0.02784196726722627
2024-08-22,MDG,0.01105893746256598
2024-08-23,MDG,0.008603575195373019
2024-08-24,MDG,0.03259483258406655
2024-08-25,MDG,0.008410853514199906
2024-08-26,MDG,0.00752837546188797
2024-08-27,MDG,0.00875252799294313
2024-08-28,MDG,0.006752515946279339
2024-08-29,MDG,0.008384401594588581
2024-08-30,MDG,0.02367871692215647
2024-08-31,MDG,0.016763261402260286
2024-09-01,MDG,0.037121569938782316
2024-09-02,MDG,0.01181864411990775
2024-09-03,MDG,0.008100811571980443
2024-09-04,MDG,0.037210484804601804
2024-09-05,MDG,0.010443345264323192
2024-09-06,MDG,0.012794156644865407
2024-09-07,MDG,0.010935381299636731
2024-09-08,MDG,0.007749564685719308
2024-09-09,MDG,0.015260517464607706
2024-09-10,MDG,0.015356553071129457
2024-09-11,MDG,0.05478537137303156
2024-09-12,MDG,0.10947178914249353
2024-09-13,MDG,0.008730952791349377
2024-09-14,MDG,0.02285858665361588
2024-09-15,MDG,0.049352951296623204
2024-09-16,MDG,0.006027708612994264
2024-09-17,MDG,0.008902912860995114
2024-09-18,MDG,0.038018183282996415
2024-09-19,MDG,0.013233947248887318
2024-09-20,MDG,0.006320226658336716
2024-09-21,MDG,0.0055507986733728905
2024-09-22,MDG,0.005950505301428189
2024-09-23,MDG,0.008480325088841457
2024-09-24,MDG,0.007148046289282261
2024-09-25,MDG,0.008584125543009073
2024-09-26,MDG,0.008842938607407948
2024-09-27,MDG,0.0074183549350167995
2024-09-28,MDG,0.009594404336612143
2024-09-29,MDG,0.013539534200919192
2024-09-30,MDG,0.013201220347563878
2024-10-01,MDG,0.011886592857518098
2024-10-02,MDG,0.032862021306821296
2024-10-03,MDG,0.019125954763826662
2024-10-04,MDG,0.014312820382874717
2024-10-05,MDG,0.03582483829281208
2024-10-06,MDG,0.050694896589645766
2024-10-07,MDG,0.02079051046183162
2024-10-08,MDG,0.01514946039454645
2024-10-09,MDG,0.060782196146931186
2024-10-10,MDG,0.023207744857593755
2024-10-11,MDG,0.019867218981418095
2024-10-12,MDG,0.07683351754569523
2024-10-13,MDG,0.09088407320592001
2024-10-14,MDG,0.033003972711269175
2024-10-15,MDG,0.1170593768933485
2024-10-16,MDG,0.06560262023839829
2024-10-17,MDG,0.030465402554074403
2024-10-18,MDG,0.023453609662744217
2024-10-19,MDG,0.0360923712860538
2024-10-20,MDG,0.006104041655363285
2024-10-21,MDG,0.006051804549164529
2024-10-22,MDG,0.010542006449297555
2024-10-23,MDG,0.006306945151250685
2024-10-24,MDG,0.005920265850228242
2024-10-25,MDG,0.006702606493206184
2024-10-26,MDG,0.006587661480379495
2024-10-27,MDG,0.024434653698346916
2024-10-28,MDG,0.024056442924252082
2024-10-29,MDG,0.026023369020725134
2024-10-30,MDG,0.03447755137025415
2024-10-31,MDG,0.024707712421422556
2024-11-01,MDG,0.025992850713700638
2024-11-02,MDG,0.03870439175231373
2024-11-03,MDG,0.07879824555460457
2024-11-04,MDG,0.10918990302585452
2024-11-05,MDG,0.04083269195420256
2024-11-06,MDG,0.05406359714017032
2024-11-07,MDG,0.03811400729727589
2024-11-08,MDG,0.055721476060555955
2024-11-09,MDG,0.04926562838563122
2024-11-10,MDG,0.12192754021182359
2024-11-11,MDG,0.0122065089092029
2024-11-12,MDG,0.009368666095630276
2024-11-13,MDG,0.00964769784706449
2024-11-14,MDG,0.04653932358523277
2024-11-15,MDG,0.010924740601019316
2024-11-16,MDG,0.009681944544600855
2024-11-17,MDG,0.01930903660144577
2024-11-18,MDG,0.06958362241300828
2024-11-19,MDG,0.027138708781861802
2024-11-20,MDG,0.03601882617977152
2024-11-21,MDG,0.0051847036709418955
2024-11-22,MDG,0.005430232857041587
2024-11-23,MDG,0.00592680322315585
2024-11-24,MDG,0.005987332536158037
2024-11-25,MDG,0.005846784180949557
2024-11-26,MDG,0.006037740818371047
2024-11-27,MDG,0.005523540368013404
2024-11-28,MDG,0.052041176730495735
2024-11-29,MDG,0.03241407645151237
2024-11-30,MDG,0.07755996879574066
2024-12-01,MDG,0.17494323968214018
2024-12-02,MDG,0.030715633649076767
2024-12-03,MDG,0.035388930023566724
2024-12-04,MDG,0.05784548529631426
2024-12-05,MDG,0.06318382362828798
2024-12-06,MDG,0.05353191628968328
2024-12-07,MDG,0.05336533960886673
2024-12-08,MDG,0.07863414913659172
2024-12-09,MDG,0.027895286051144906
2024-12-10,MDG,0.06974412535158402
2024-12-11,MDG,0.04074269767536809
2024-12-12,MDG,0.03868588945667612
2024-12-13,MDG,0.028673314656652193
2024-12-14,MDG,0.04801783290596016
2024-12-15,MDG,0.061740075822097354
2024-12-16,MDG,0.05672364249643
2024-12-17,MDG,0.04107134572714932
2024-12-18,MDG,0.04258151126546209
2024-12-19,MDG,0.02574684221048389
2024-12-20,MDG,0.029377316848213594
2024-12-21,MDG,0.04278731609509411
2024-12-22,MDG,0.011832938162056971
2024-12-23,MDG,0.014387810426246437
2024-12-24,MDG,0.018996873248752783
2024-12-25,MDG,0.0108861267736552
2024-12-26,MDG,0.022355768051016297
2024-12-27,MDG,0.13158885901420891
2024-12-28,MDG,0.018610689889337725
2024-12-29,MDG,0.009630166716616633
2024-12-30,MDG,0.08489578435740386
2024-12-31,MDG,0.0658058786439705
2025-01-01,MDG,0.15724839240499333
2025-01-02,MDG,0.09556972706831739
2025-01-03,MDG,0.078592695957763
2025-01-04,MDG,0.07973995845844631
2025-01-05,MDG,0.055037943056843515
2025-01-06,MDG,0.11192154675494018
2025-01-07,MDG,0.19556638818806488
2025-01-08,MDG,0.10424825830578356
2025-01-09,MDG,0.17517926927628252
2025-01-10,MDG,0.10605754497000475
2025-01-11,MDG,0.09064132717707928
2025-01-12,MDG,0.049431299583764444
2025-01-13,MDG,0.053678494088271494
2025-01-14,MDG,0.022282167877583338
2025-01-15,MDG,0.026186440983588043
2025-01-16,MDG,0.03567528596822274
2025-01-17,MDG,0.011186560997615521
2025-01-18,MDG,0.017558779165473316
2025-01-19,MDG,0.044413676183588206
2025-01-20,MDG,0.022461139471561045
2025-01-21,MDG,0.08809559784178261
2025-01-22,MDG,0.036567781219155944
2025-01-23,MDG,0.014732337570203124
2025-01-24,MDG,0.009341374436517317
2025-01-25,MDG,0.008120831099911074
2025-01-26,MDG,0.013153325159378101
2025-01-27,MDG,0.008554610409616076
2025-01-28,MDG,0.00652204071642972
2025-01-29,MDG,0.007876220559332946
2025-01-30,MDG,0.007738767551723465
2025-01-31,MDG,0.00719888851116961
2025-02-01,MDG,0.00776346782272575
2025-02-02,MDG,0.012119602512195394
2025-02-03,MDG,0.014248655408492893
2025-02-04,MDG,0.04083146001983249
2025-02-05,MDG,0.02037023264106961
2025-02-06,MDG,0.02367161442299234
2025-02-07,MDG,0.017452851574275802
2025-02-08,MDG,0.04170744931998181
2025-02-09,MDG,0.02732830016132359
2025-02-10,MDG,0.015228313957487678
2025-02-11,MDG,0.05238847581213362
2025-02-12,MDG,0.09492909683570488
2025-02-13,MDG,0.07328125035698181
2025-02-14,MDG,0.04356471854164428
2025-02-15,MDG,0.012666290712359776
2025-02-16,MDG,0.012088256088170888
2025-02-17,MDG,0.019361425849922544
2025-02-18,MDG,0.01092023700268866
2025-02-19,MDG,0.07400136382115724
2025-02-20,MDG,0.014225713965968759
2025-02-21,MDG,0.0254598571801022
2025-02-22,MDG,0.08534392544847212
2025-02-23,MDG,0.06681608460942426
2025-02-24,MDG,0.08674188164736774
2025-02-25,MDG,0.10397499724008909
2025-02-26,MDG,0.060249619934620705
2025-02-27,MDG,0.062393814783048944
2025-02-28,MDG,0.017074600693186972
2025-03-01,MDG,0.08467119353243659
2025-03-02,MDG,0.06714424941056231
2025-03-03,MDG,0.07595997967559587
2025-03-04,MDG,0.02116978835102539
2025-03-05,MDG,0.02405534943509644
2025-03-06,MDG,0.03736580988522596
2025-03-07,MDG,0.04046710364392489
2025-03-08,MDG,0.14362214610989096
2025-03-09,MDG,0.04583097150367263
2025-03-10,MDG,0.018598896268272696
2025-03-11,MDG,0.01265775703642715
2025-03-12,MDG,0.013125036788607844
2025-03-13,MDG,0.013752231670132693
2025-03-14,MDG,0.012164022907637144
2025-03-15,MDG,0.029067661529385593
2025-03-16,MDG,0.02062195893758446
2025-03-17,MDG,0.012753657433341283
2025-03-18,MDG,0.061874015093826625
2025-03-19,MDG,0.06350472643655683
2025-03-20,MDG,0.03917795356818793
2025-03-21,MDG,0.03500564803471597
2025-03-22,MDG,0.024772033164964204
2025-03-23,MDG,0.029331737598532262
2025-03-24,MDG,0.02994502898579934
2025-03-25,MDG,0.027134799278562813
2025-03-26,MDG,0.0379372049342272
2025-03-27,MDG,0.03098297560429577
2025-03-28,MDG,0.0314298213647972
2024-07-01,AFG,0.013585639811268849
2024-07-02,AFG,0.01074396118237897
2024-07-03,AFG,0.00953448090278195
2024-07-04,AFG,0.008887711369886935
2024-07-05,AFG,0.01030308193831153
2024-07-06,AFG,0.009286103682521897
2024-07-07,AFG,0.008604636983710473
2024-07-08,AFG,0.012647619149175265
2024-07-09,AFG,0.02500830118100187
2024-07-10,AFG,0.015404229339061768
2024-07-11,AFG,0.01105813884305521
2024-07-12,AFG,0.010792259144326029
2024-07-13,AFG,0.01141548429081082
2024-07-14,AFG,0.00701476032270285
2024-07-15,AFG,0.007852897376251236
2024-07-16,AFG,0.008385311765153418
2024-07-17,AFG,0.017159833151630617
2024-07-18,AFG,0.010076220090182005
2024-07-19,AFG,0.00857361507305517
2024-07-20,AFG,0.009764675505191136
2024-07-21,AFG,0.015669068833354068
2024-07-22,AFG,0.0146117953039393
2024-07-23,AFG,0.013429285323779294
2024-07-24,AFG,0.009427264543414783
2024-07-25,AFG,0.01208455168761579
2024-07-26,AFG,0.013185132762107386
2024-07-27,AFG,0.019033507716925524
2024-07-28,AFG,0.03001149511723263
2024-07-29,AFG,0.0346811570769196
2024-07-30,AFG,0.023845906323667617
2024-07-31,AFG,0.01876657831167437
2024-08-01,AFG,0.019125635459777707
2024-08-02,AFG,0.01807830555589692
2024-08-03,AFG,0.008989926226472093
2024-08-04,AFG,0.012996617015248516
2024-08-05,AFG,0.0214146523401863
2024-08-06,AFG,0.0180095176646474
2024-08-07,AFG,0.01682495414939369
2024-08-08,AFG,0.01177535374179895
2024-08-09,AFG,0.013914285216788601
2024-08-10,AFG,0.019821838629662036
2024-08-11,AFG,0.0278328301002083
2024-08-12,AFG,0.042827952260912114
2024-08-13,AFG,0.03922826643633062
2024-08-14,AFG,0.07885776015747067
2024-08-15,AFG,0.08201481176580751
2024-08-16,AFG,0.05189379383534666
2024-08-17,AFG,0.018236962002807344
2024-08-18,AFG,0.024519640748390283
2024-08-19,AFG,0.015212258671313263
2024-08-20,AFG,0.008364479823434802
2024-08-21,AFG,0.00782812829014414
2024-08-22,AFG,0.007687345187407509
2024-08-23,AFG,0.007338061517886895
2024-08-24,AFG,0.014320271080599236
2024-08-25,AFG,0.011105056592607269
2024-08-26,AFG,0.01549560791777289
2024-08-27,AFG,0.03677756301427568
2024-08-28,AFG,0.04599858387234076
2024-08-29,AFG,0.02349768594171094
2024-08-30,AFG,0.021965214659462846
2024-08-31,AFG,0.03291189999772056
2024-09-01,AFG,0.0375495256040813
2024-09-02,AFG,0.023589711341520683
2024-09-03,AFG,0.016700760484914385
2024-09-04,AFG,0.015126040389690447
2024-09-05,AFG,0.02867788135155661
2024-09-06,AFG,0.02286454556915375
2024-09-07,AFG,0.01681377980618694
2024-09-08,AFG,0.015150153658932578
2024-09-09,AFG,0.006159339355669478
2024-09-10,AFG,0.005781626658296597
2024-09-11,AFG,0.005631301684803262
2024-09-12,AFG,0.006381349943930311
2024-09-13,AFG,0.006560033547352447
2024-09-14,AFG,0.006833787514535909
2024-09-15,AFG,0.008094969726942066
2024-09-16,AFG,0.02431067845083412
2024-09-17,AFG,0.026285267652597494
2024-09-18,AFG,0.020466743860814814
2024-09-19,AFG,0.006304424116921807
2024-09-20,AFG,0.008045192377515576
2024-09-21,AFG,0.006804148078870769
2024-09-22,AFG,0.007494330089495506
2024-09-23,AFG,0.007219840564920122
2024-09-24,AFG,0.007462396212396064
2024-09-25,AFG,0.007157682342872199
2024-09-26,AFG,0.014719848781652268
2024-09-27,AFG,0.012316480407212501
2024-09-28,AFG,0.012539498538551859
2024-09-29,AFG,0.007706317704138155
2024-09-30,AFG,0.010552115019480194
2024-10-01,AFG,0.011336098942521562
2024-10-02,AFG,0.010994977327219338
2024-10-03,AFG,0.026019401349463813
2024-10-04,AFG,0.021504796490776405
2024-10-05,AFG,0.018346228221608977
2024-10-06,AFG,0.016783008126541966
2024-10-07,AFG,0.013600872834239401
2024-10-08,AFG,0.010644115885475359
2024-10-09,AFG,0.010708886105850616
2024-10-10,AFG,0.019595694672349662
2024-10-11,AFG,0.010513428298003247
2024-10-12,AFG,0.007798610658543789
2024-10-13,AFG,0.00950105180557463
2024-10-14,AFG,0.019511058609464005
2024-10-15,AFG,0.013632932406962638
2024-10-16,AFG,0.010184192178186863
2024-10-17,AFG,0.01000757519709966
2024-10-18,AFG,0.01678356631860061
2024-10-19,AFG,0.023160099765945893
2024-10-20,AFG,0.02164104129629877
2024-10-21,AFG,0.022320792385937437
2024-10-22,AFG,0.04609924392312672
2024-10-23,AFG,0.034888474940942646
2024-10-24,AFG,0.015975518943359853
2024-10-25,AFG,0.018021459535375622
2024-10-26,AFG,0.011609420582194076
2024-10-27,AFG,0.011027036814100286
2024-10-28,AFG,0.009858362733621133
2024-10-29,AFG,0.006562097303664789
2024-10-30,AFG,0.009260643574360678
2024-10-31,AFG,0.011887821658742826
2024-11-01,AFG,0.012034617048385488
2024-11-02,AFG,0.01985089860702386
2024-11-03,AFG,0.01758251985455798
2024-11-04,AFG,0.022590434922491496
2024-11-05,AFG,0.03640838195201573
2024-11-06,AFG,0.049055958735069335
2024-11-07,AFG,0.0340919690127748
2024-11-08,AFG,0.030808017227245
2024-11-09,AFG,0.03090316434368812
2024-11-10,AFG,0.029590208144106567
2024-11-11,AFG,0.042071653107389785
2024-11-12,AFG,0.011311015962040972
2024-11-13,AFG,0.03317086377072116
2024-11-14,AFG,0.013844602192353492
2024-11-15,AFG,0.011048726250140691
2024-11-16,AFG,0.016499676705010204
2024-11-17,AFG,0.025176945959400558
2024-11-18,AFG,0.017482404219466233
2024-11-19,AFG,0.017042960980693522
2024-11-20,AFG,0.018443679922324867
2024-11-21,AFG,0.0187980221485164
2024-11-22,AFG,0.01536712766165831
2024-11-23,AFG,0.03170963571196544
2024-11-24,AFG,0.02892680837578532
2024-11-25,AFG,0.028762515659045758
2024-11-26,AFG,0.025646321849808532
2024-11-27,AFG,0.03403209244810413
2024-11-28,AFG,0.011216533385543088
2024-11-29,AFG,0.009547193896160941
2024-11-30,AFG,0.01285232324440363
2024-12-01,AFG,0.012994376580083037
2024-12-02,AFG,0.016986669430369587
2024-12-03,AFG,0.018183356619066608
2024-12-04,AFG,0.01406906175519364
2024-12-05,AFG,0.06922305534539423
2024-12-06,AFG,0.06812599213605497
2024-12-07,AFG,0.08774518898351945
2024-12-08,AFG,0.056864973126359485
2024-12-09,AFG,0.07220131327732549
2024-12-10,AFG,0.040685266157672845
2024-12-11,AFG,0.057617949824915644
2024-12-12,AFG,0.039686135677164745
2024-12-13,AFG,0.03557649448547296
2024-12-14,AFG,0.03388334219682672
2024-12-15,AFG,0.024522606625868144
2024-12-16,AFG,0.01889063429601673
2024-12-17,AFG,0.035066576464199466
2024-12-18,AFG,0.011703180580564932
2024-12-19,AFG,0.008884432975931101
2024-12-20,AFG,0.009091687380351834
2024-12-21,AFG,0.009895212727259045
2024-12-22,AFG,0.054682024430802535
2024-12-23,AFG,0.01637867915347766
2024-12-24,AFG,0.040114855850204446
2024-12-25,AFG,0.09579664094792542
2024-12-26,AFG,0.04920240761112036
2024-12-27,AFG,0.058238793106382206
2024-12-28,AFG,0.06024060552136971
2024-12-29,AFG,0.04331590146415891
2024-12-30,AFG,0.034875545994278556
2024-12-31,AFG,0.005755852193634679
2025-01-01,AFG,0.005668221526613548
2025-01-02,AFG,0.0058269359198201715
2025-01-03,AFG,0.0053986812138279985
2025-01-04,AFG,0.005233260979948203
2025-01-05,AFG,0.005218704642877606
2025-01-06,AFG,0.005195792355799246
2025-01-07,AFG,0.013186423423217531
2025-01-08,AFG,0.006146547285491474
2025-01-09,AFG,0.007643291104503181
2025-01-10,AFG,0.007070762967646492
2025-01-11,AFG,0.01659577322978663
2025-01-12,AFG,0.02419150106531973
2025-01-13,AFG,0.02353404048426134
2025-01-14,AFG,0.02605521498958441
2025-01-15,AFG,0.02777821571355046
2025-01-16,AFG,0.034933323593175296
2025-01-17,AFG,0.02770192207647367
2025-01-18,AFG,0.035710217551747594
2025-01-19,AFG,0.04205267450906454
2025-01-20,AFG,0.04211606255368806
2025-01-21,AFG,0.06334422757854374
2025-01-22,AFG,0.07358990202131006
2025-01-23,AFG,0.04076385711290245
2025-01-24,AFG,0.03414492854241174
2025-01-25,AFG,0.02750238297872304
2025-01-26,AFG,0.031122802639290462
2025-01-27,AFG,0.03431095011178309
2025-01-28,AFG,0.02177407802090965
2025-01-29,AFG,0.024109343865628654
2025-01-30,AFG,0.027096719942230216
2025-01-31,AFG,0.022037433323071513
2025-02-01,AFG,0.027222494045558997
2025-02-02,AFG,0.017723287522295596
2025-02-03,AFG,0.012573130039202511
2025-02-04,AFG,0.011853730800894665
2025-02-05,AFG,0.01205368610565806
2025-02-06,AFG,0.010663094850738138
2025-02-07,AFG,0.010444282345033218
2025-02-08,AFG,0.009603011515590629
2025-02-09,AFG,0.014308723224840706
2025-02-10,AFG,0.01414688886292223
2025-02-11,AFG,0.015846792206967917
2025-02-12,AFG,0.01937950565152156
2025-02-13,AFG,0.012074015332564043
2025-02-14,AFG,0.017927612355404996
2025-02-15,AFG,0.01681155886858764
2025-02-16,AFG,0.013773720345265387
2025-02-17,AFG,0.017781834318305087
2025-02-18,AFG,0.006071899488792166
2025-02-19,AFG,0.005961852913547283
2025-02-20,AFG,0.006574284640246945
2025-02-21,AFG,0.00619809704920885
2025-02-22,AFG,0.005568266698833975
2025-02-23,AFG,0.006153407968100449
2025-02-24,AFG,0.005397767790041961
2025-02-25,AFG,0.008404887758553914
2025-02-26,AFG,0.008025769978620523
2025-02-27,AFG,0.0080954810626047
2025-02-28,AFG,0.00923570181129578
2025-03-01,AFG,0.010586979101719648
2025-03-02,AFG,0.02712628609448749
2025-03-03,AFG,0.018924970780192132
2025-03-04,AFG,0.020808354800938123
2025-03-05,AFG,0.02968363077127937
2025-03-06,AFG,0.023997173932535715
2025-03-07,AFG,0.02200149948903114
2025-03-08,AFG,0.019140829224823762
2025-03-09,AFG,0.024197325607528145
2025-03-10,AFG,0.0220737174302287
2025-03-11,AFG,0.02615356047394488
2025-03-12,AFG,0.02539531327144892
2025-03-13,AFG,0.027769233982269905
2025-03-14,AFG,0.03183172212991427
2025-03-15,AFG,0.033549355038533485
2025-03-16,AFG,0.024527132461507232
2025-03-17,AFG,0.03778623497654839
2025-03-18,AFG,0.032869507266855884
2025-03-19,AFG,0.024589219458097226
2025-03-20,AFG,0.03738587682679805
2025-03-21,AFG,0.029749295235349953
2025-03-22,AFG,0.0689388059080006
2025-03-23,AFG,0.02277684237579034
2025-03-24,AFG,0.014983358146177909
2025-03-25,AFG,0.01613603117483047
2025-03-26,AFG,0.01735639461482934
2025-03-27,AFG,0.014019453370044382
2025-03-28,AFG,0.010494663801279357
2024-07-01,PAK,0.016058974598044364
2024-07-02,PAK,0.014126479847851708
2024-07-03,PAK,0.012131870760615258
2024-07-04,PAK,0.010815945962696444
2024-07-05,PAK,0.026597805520225996
2024-07-06,PAK,0.11005751072908915
2024-07-07,PAK,0.023781784737245786
2024-07-08,PAK,0.02073108217094364
2024-07-09,PAK,0.008613602372525233
2024-07-10,PAK,0.019678149611077403
2024-07-11,PAK,0.015186932825961117
2024-07-12,PAK,0.009596162099776297
2024-07-13,PAK,0.0056834456908007565
2024-07-14,PAK,0.02630872075643346
2024-07-15,PAK,0.15530522191972124
2024-07-16,PAK,0.02899308731746317
2024-07-17,PAK,0.006187073145724328
2024-07-18,PAK,0.006368453100407152
2024-07-19,PAK,0.023046684395564798
2024-07-20,PAK,0.011485755059359401
2024-07-21,PAK,0.010787773289536453
2024-07-22,PAK,0.004867068606259047
2024-07-23,PAK,0.004752026808697516
2024-07-24,PAK,0.013863715660013208
2024-07-25,PAK,0.007465177129125422
2024-07-26,PAK,0.0053687073666283105
2024-07-27,PAK,0.0180064111187963
2024-07-28,PAK,0.03538413444338265
2024-07-29,PAK,0.06737143621805773
2024-07-30,PAK,0.03963579962492002
2024-07-31,PAK,0.018130130984193915
2024-08-01,PAK,0.011828201871341072
2024-08-02,PAK,0.008108973036311072
2024-08-03,PAK,0.01101201416913558
2024-08-04,PAK,0.007667867906784895
2024-08-05,PAK,0.014851937649323198
2024-08-06,PAK,0.007628511536331166
2024-08-07,PAK,0.0067708794783987655
2024-08-08,PAK,0.005658858083742024
2024-08-09,PAK,0.01541556469230301
2024-08-10,PAK,0.017013189987639732
2024-08-11,PAK,0.06916092338526948
2024-08-12,PAK,0.15033045604087814
2024-08-13,PAK,0.15145632701781941
2024-08-14,PAK,0.1863717094931357
2024-08-15,PAK,0.1866139555918481
2024-08-16,PAK,0.0656228615326868
2024-08-17,PAK,0.0060620974012364
2024-08-18,PAK,0.008298254550702584
2024-08-19,PAK,0.08409296314210997
2024-08-20,PAK,0.010055836160853407
2024-08-21,PAK,0.006593278027998461
2024-08-22,PAK,0.010993415472700545
2024-08-23,PAK,0.1503915733542406
2024-08-24,PAK,0.014633253412337868
2024-08-25,PAK,0.0465609603886877
2024-08-26,PAK,0.15571695843180158
2024-08-27,PAK,0.10592883391249093
2024-08-28,PAK,0.021022496836112996
2024-08-29,PAK,0.05692410336633158
2024-08-30,PAK,0.0092791598383877
2024-08-31,PAK,0.006572622083848325
2024-09-01,PAK,0.006459786225350165
2024-09-02,PAK,0.007869900595421177
2024-09-03,PAK,0.006247886947360717
2024-09-04,PAK,0.005489797081180124
2024-09-05,PAK,0.005114001293500795
2024-09-06,PAK,0.006901226236917052
2024-09-07,PAK,0.01104366286516558
2024-09-08,PAK,0.007349611390101844
2024-09-09,PAK,0.10968516723521697
2024-09-10,PAK,0.022035551403999747
2024-09-11,PAK,0.1355100816122119
2024-09-12,PAK,0.045822563546871566
2024-09-13,PAK,0.049956782989761195
2024-09-14,PAK,0.10973143004387803
2024-09-15,PAK,0.04031786186730244
2024-09-16,PAK,0.04740275899549544
2024-09-17,PAK,0.02231133776834232
2024-09-18,PAK,0.07047286021787595
2024-09-19,PAK,0.05449157865330824
2024-09-20,PAK,0.07837539469614563
2024-09-21,PAK,0.01950922468766603
2024-09-22,PAK,0.043121929424706
2024-09-23,PAK,0.11492890950855462
2024-09-24,PAK,0.1734734268874164
2024-09-25,PAK,0.17173646290865188
2024-09-26,PAK,0.012649238759130144
2024-09-27,PAK,0.02018056830623834
2024-09-28,PAK,0.049194241931143856
2024-09-29,PAK,0.03578904094180429
2024-09-30,PAK,0.008852254115434539
2024-10-01,PAK,0.008488887078187034
2024-10-02,PAK,0.013775123809698952
2024-10-03,PAK,0.010661952321021413
2024-10-04,PAK,0.011697743577352386
2024-10-05,PAK,0.1616386454835333
2024-10-06,PAK,0.05398548471930505
2024-10-07,PAK,0.12119774836674332
2024-10-08,PAK,0.033633431533761304
2024-10-09,PAK,0.11153941220178501
2024-10-10,PAK,0.12266752208059667
2024-10-11,PAK,0.18192570275135989
2024-10-12,PAK,0.10967644614953391
2024-10-13,PAK,0.045660102757237434
2024-10-14,PAK,0.03211659173681376
2024-10-15,PAK,0.01922132191301492
2024-10-16,PAK,0.027648585265610533
2024-10-17,PAK,0.007636349430415603
2024-10-18,PAK,0.005560842786892205
2024-10-19,PAK,0.010052937305420988
2024-10-20,PAK,0.007551497583966589
2024-10-21,PAK,0.0060290229085355725
2024-10-22,PAK,0.009324190367120328
2024-10-23,PAK,0.01837175192424356
2024-10-24,PAK,0.0649077054737089
2024-10-25,PAK,0.1074048316014523
2024-10-26,PAK,0.12718051088698687
2024-10-27,PAK,0.03103175818793234
2024-10-28,PAK,0.07110296562249854
2024-10-29,PAK,0.05537307902371591
2024-10-30,PAK,0.03100345543388433
2024-10-31,PAK,0.01542605288998184
2024-11-01,PAK,0.03973072574743842
2024-11-02,PAK,0.027809651403160905
2024-11-03,PAK,0.029143190285641447
2024-11-04,PAK,0.012708388196122028
2024-11-05,PAK,0.009793397232734792
2024-11-06,PAK,0.03456192453951776
2024-11-07,PAK,0.030559752050522162
2024-11-08,PAK,0.015830949387201393
2024-11-09,PAK,0.1666961186590151
2024-11-10,PAK,0.026794588539934182
2024-11-11,PAK,0.017287669808091592
2024-11-12,PAK,0.013470659881294882
2024-11-13,PAK,0.03546972430936028
2024-11-14,PAK,0.04389780005541577
2024-11-15,PAK,0.045378492721403416
2024-11-16,PAK,0.019148358796843047
2024-11-17,PAK,0.01577933018085747
2024-11-18,PAK,0.06907673334675854
2024-11-19,PAK,0.08858134910421295
2024-11-20,PAK,0.008182722125665759
2024-11-21,PAK,0.08353130992773034
2024-11-22,PAK,0.020246777791445094
2024-11-23,PAK,0.06950377979356297
2024-11-24,PAK,0.06296518415789183
2024-11-25,PAK,0.01147483645775937
2024-11-26,PAK,0.015305186839776799
2024-11-27,PAK,0.040777858235108044
2024-11-28,PAK,0.006603012650720828
2024-11-29,PAK,0.004625676889184917
2024-11-30,PAK,0.004642262633066862
2024-12-01,PAK,0.007637058097423228
2024-12-02,PAK,0.004430595636190579
2024-12-03,PAK,0.005269737452049788
2024-12-04,PAK,0.005868645885937938
2024-12-05,PAK,0.019167132320890182
2024-12-06,PAK,0.03341505002604867
2024-12-07,PAK,0.1272691916135138
2024-12-08,PAK,0.03270797387390039
2024-12-09,PAK,0.012050191393425589
2024-12-10,PAK,0.1397536780764428
2024-12-11,PAK,0.02906895873656897
2024-12-12,PAK,0.08871189082368519
2024-12-13,PAK,0.09497632678096081
2024-12-14,PAK,0.02383903906853916
2024-12-15,PAK,0.014335710536431607
2024-12-16,PAK,0.02047455999098709
2024-12-17,PAK,0.009353655256788645
2024-12-18,PAK,0.05163651423122071
2024-12-19,PAK,0.008699984222031982
2024-12-20,PAK,0.1178996188745478
2024-12-21,PAK,0.04228663594462601
2024-12-22,PAK,0.021978308893827934
2024-12-23,PAK,0.03497875208924028
2024-12-24,PAK,0.04055179323886448
2024-12-25,PAK,0.1285673019162408
2024-12-26,PAK,0.048483583740961456
2024-12-27,PAK,0.01089165777872589
2024-12-28,PAK,0.035878593662784064
2024-12-29,PAK,0.02188646842112013
2024-12-30,PAK,0.025252042087642042
2024-12-31,PAK,0.015127522791817645
2025-01-01,PAK,0.01605357795975711
2025-01-02,PAK,0.009115869408203636
2025-01-03,PAK,0.017513338919452948
2025-01-04,PAK,0.011827604888818946
2025-01-05,PAK,0.011189386610234843
2025-01-06,PAK,0.012293461710218567
2025-01-07,PAK,0.012962024297979678
2025-01-08,PAK,0.08526951636274718
2025-01-09,PAK,0.02005284245642265
2025-01-10,PAK,0.03960415952174499
2025-01-11,PAK,0.13828838462500148
2025-01-12,PAK,0.1381792944947274
2025-01-13,PAK,0.147959708954157
2025-01-14,PAK,0.0296601731699487
2025-01-15,PAK,0.029973225545890707
2025-01-16,PAK,0.08700119047728512
2025-01-17,PAK,0.05840422544810624
2025-01-18,PAK,0.04812469225685039
2025-01-19,PAK,0.0064422091535753035
2025-01-20,PAK,0.008036057744641965
2025-01-21,PAK,0.018391000112268855
2025-01-22,PAK,0.0061878409809633566
2025-01-23,PAK,0.011204588915832193
2025-01-24,PAK,0.008154686544276325
2025-01-25,PAK,0.015035869102391693
2025-01-26,PAK,0.026347682566911734
2025-01-27,PAK,0.03088631089806722
2025-01-28,PAK,0.014275977722285954
2025-01-29,PAK,0.04010904050172938
2025-01-30,PAK,0.07593610181921678
2025-01-31,PAK,0.1591229196951479
2025-02-01,PAK,0.049458727971635544
2025-02-02,PAK,0.059439966856195084
2025-02-03,PAK,0.01927505705856963
2025-02-04,PAK,0.018663949976703374
2025-02-05,PAK,0.05475619139442641
2025-02-06,PAK,0.006296124843504417
2025-02-07,PAK,0.030175211160412156
2025-02-08,PAK,0.016069107289450008
2025-02-09,PAK,0.019606010221704946
2025-02-10,PAK,0.04525120607411766
2025-02-11,PAK,0.009024789309459928
2025-02-12,PAK,0.020196317553989453
2025-02-13,PAK,0.04271599744374798
2025-02-14,PAK,0.04885357992639474
2025-02-15,PAK,0.1182731893614332
2025-02-16,PAK,0.01129459441870118
2025-02-17,PAK,0.09513565858870897
2025-02-18,PAK,0.12286532884148592
2025-02-19,PAK,0.02929777421052923
2025-02-20,PAK,0.010342176090612479
2025-02-21,PAK,0.011604939430447153
2025-02-22,PAK,0.014365275495749561
2025-02-23,PAK,0.14775219683089835
2025-02-24,PAK,0.051890208568604525
2025-02-25,PAK,0.00964885686075284
2025-02-26,PAK,0.018141406634737137
2025-02-27,PAK,0.007781127834341257
2025-02-28,PAK,0.014548312064512623
2025-03-01,PAK,0.013231715631130781
2025-03-02,PAK,0.008849599469327491
2025-03-03,PAK,0.03401484407980695
2025-03-04,PAK,0.14797840354437258
2025-03-05,PAK,0.06264193935514721
2025-03-06,PAK,0.02979196448979532
2025-03-07,PAK,0.015371855917608784
2025-03-08,PAK,0.006497873273047452
2025-03-09,PAK,0.04263336819033207
2025-03-10,PAK,0.007405050127072161
2025-03-11,PAK,0.10337927872859748
2025-03-12,PAK,0.04796593891560894
2025-03-13,PAK,0.016942318748020265
2025-03-14,PAK,0.01785562890516711
2025-03-15,PAK,0.07411995067817423
2025-03-16,PAK,0.04269640588590748
2025-03-17,PAK,0.03793469280564298
2025-03-18,PAK,0.01481424705804313
2025-03-19,PAK,0.013250575764419984
2025-03-20,PAK,0.0094510268657797
2025-03-21,PAK,0.021435003488691443
2025-03-22,PAK,0.013032740553073387
2025-03-23,PAK,0.05520014078267877
2025-03-24,PAK,0.005053410931443547
2025-03-25,PAK,0.011740045267992967
2025-03-26,PAK,0.030939514411553855
2025-03-27,PAK,0.12695861994282304
2025-03-28,PAK,0.03839593110185947
2024-07-01,IND,0.025518220735223952
2024-07-02,IND,0.062359351708905296
2024-07-03,IND,0.018034187271429067
2024-07-04,IND,0.009248643304478544
2024-07-05,IND,0.029888232920029907
2024-07-06,IND,0.055540282712978305
2024-07-07,IND,0.016170633400313814
2024-07-08,IND,0.06283103417999888
2024-07-09,IND,0.00913570439146442
2024-07-10,IND,0.014367988364067868
2024-07-11,IND,0.0077570255027620445
2024-07-12,IND,0.0060130919391589875
2024-07-13,IND,0.007960565557329172
2024-07-14,IND,0.02949781084875858
2024-07-15,IND,0.008578195572088566
2024-07-16,IND,0.00679801651333921
2024-07-17,IND,0.01006638314671496
2024-07-18,IND,0.009032127003250592
2024-07-19,IND,0.007167007365109669
2024-07-20,IND,0.017200487946681487
2024-07-21,IND,0.008412758845527822
2024-07-22,IND,0.00829255427769041
2024-07-23,IND,0.011906054437774434
2024-07-24,IND,0.006753452261728062
2024-07-25,IND,0.005165290905884483
2024-07-26,IND,0.005410147566564595
2024-07-27,IND,0.005294046656359336
2024-07-28,IND,0.00883776761653345
2024-07-29,IND,0.009088223252187852
2024-07-30,IND,0.00906023603066176
2024-07-31,IND,0.015128253905609844
2024-08-01,IND,0.053963991269727334
2024-08-02,IND,0.06527037361094053
2024-08-03,IND,0.019138297909277135
2024-08-04,IND,0.051809757708273674
2024-08-05,IND,0.018402559750456567
2024-08-06,IND,0.010548702677274422
2024-08-07,IND,0.019824474862614207
2024-08-08,IND,0.01918406129129543
2024-08-09,IND,0.011344474683526702
2024-08-10,IND,0.03870437187438144
2024-08-11,IND,0.017692381181709325
2024-08-12,IND,0.0527582287277809
2024-08-13,IND,0.08691985425807593
2024-08-14,IND,0.0707173731897573
2024-08-15,IND,0.1206878980116511
2024-08-16,IND,0.024604925184572225
2024-08-17,IND,0.020395301697294383
2024-08-18,IND,0.018619214670653406
2024-08-19,IND,0.009640590326901127
2024-08-20,IND,0.01352940211639041
2024-08-21,IND,0.008396782523641452
2024-08-22,IND,0.008201737288195945
2024-08-23,IND,0.007557656660457729
2024-08-24,IND,0.030080990820781132
2024-08-25,IND,0.037898066644171766
2024-08-26,IND,0.06667783779161836
2024-08-27,IND,0.04192536429843464
2024-08-28,IND,0.041345091850687285
2024-08-29,IND,0.1416182132156631
2024-08-30,IND,0.09747610199945375
2024-08-31,IND,0.024015038004103664
2024-09-01,IND,0.1130893991063551
2024-09-02,IND,0.09073804089068065
2024-09-03,IND,0.1880757753404246
2024-09-04,IND,0.12929039647968774
2024-09-05,IND,0.060033012534652104
2024-09-06,IND,0.015429566189081804
2024-09-07,IND,0.08923295744714003
2024-09-08,IND,0.019077308739180628
2024-09-09,IND,0.018700028173898486
2024-09-10,IND,0.007940154976235606
2024-09-11,IND,0.009308221506918207
2024-09-12,IND,0.007992484440236647
2024-09-13,IND,0.0102490739545957
2024-09-14,IND,0.011334033749913468
2024-09-15,IND,0.007876361831267229
2024-09-16,IND,0.006607077027683103
2024-09-17,IND,0.009374496827485151
2024-09-18,IND,0.00704578696282502
2024-09-19,IND,0.014747806911608206
2024-09-20,IND,0.010252405805757064
2024-09-21,IND,0.014116088139235624
2024-09-22,IND,0.03223682465954062
2024-09-23,IND,0.030060412251910435
2024-09-24,IND,0.015400291891845629
2024-09-25,IND,0.046671503543003826
2024-09-26,IND,0.04259018565790652
2024-09-27,IND,0.07534649483447677
2024-09-28,IND,0.08821374374686931
2024-09-29,IND,0.06669055804140836
2024-09-30,IND,0.03156021438749845
2024-10-01,IND,0.11981412770700536
2024-10-02,IND,0.10601993739735127
2024-10-03,IND,0.01726859570424948
2024-10-04,IND,0.2244537381579862
2024-10-05,IND,0.10791475026180682
2024-10-06,IND,0.04748427707868544
2024-10-07,IND,0.04594498830647659
2024-10-08,IND,0.04091517080396207
2024-10-09,IND,0.0175633365579791
2024-10-10,IND,0.01812122425931218
2024-10-11,IND,0.005094879127728734
2024-10-12,IND,0.008459219618409381
2024-10-13,IND,0.005482888650468496
2024-10-14,IND,0.0046902775643567155
2024-10-15,IND,0.004514902168577249
2024-10-16,IND,0.0045170062855661615
2024-10-17,IND,0.004458050904399663
2024-10-18,IND,0.023308548310853345
2024-10-19,IND,0.04521165321333275
2024-10-20,IND,0.07694877426378746
2024-10-21,IND,0.05079239724598417
2024-10-22,IND,0.021457860673742828
2024-10-23,IND,0.01670088928027988
2024-10-24,IND,0.0876743637562119
2024-10-25,IND,0.09587033233826425
2024-10-26,IND,0.021995530632790274
2024-10-27,IND,0.009308049579094214
2024-10-28,IND,0.007962112255772256
2024-10-29,IND,0.008280600256012462
2024-10-30,IND,0.010440143871110159
2024-10-31,IND,0.01217808245604633
2024-11-01,IND,0.006126820057544985
2024-11-02,IND,0.013070009022631498
2024-11-03,IND,0.012061292743295513
2024-11-04,IND,0.028151861085190136
2024-11-05,IND,0.018364496155580633
2024-11-06,IND,0.012916772311725623
2024-11-07,IND,0.024696639202702937
2024-11-08,IND,0.0987412148215836
2024-11-09,IND,0.060589204043213586
2024-11-10,IND,0.07961940770276116
2024-11-11,IND,0.10858616944663912
2024-11-12,IND,0.08880736859123763
2024-11-13,IND,0.055317763358741126
2024-11-14,IND,0.03339209984756014
2024-11-15,IND,0.0443372510469513
2024-11-16,IND,0.020911491259306872
2024-11-17,IND,0.011970550366109344
2024-11-18,IND,0.006466616406703011
2024-11-19,IND,0.006975183313728913
2024-11-20,IND,0.006443201665037825
2024-11-21,IND,0.00918872687132958
2024-11-22,IND,0.012204304729110953
2024-11-23,IND,0.006923440517224088
2024-11-24,IND,0.008212657454627334
2024-11-25,IND,0.01597050743510974
2024-11-26,IND,0.015556809503857608
2024-11-27,IND,0.016683619658738984
2024-11-28,IND,0.011864035484572315
2024-11-29,IND,0.011916786257435537
2024-11-30,IND,0.009985210387987173
2024-12-01,IND,0.05277578426757493
2024-12-02,IND,0.011056000724002674
2024-12-03,IND,0.008623372515694921
2024-12-04,IND,0.02134084495676242
2024-12-05,IND,0.010847235979350285
2024-12-06,IND,0.04138759265900439
2024-12-07,IND,0.025771443353526876
2024-12-08,IND,0.01185301398082963
2024-12-09,IND,0.024246063032697055
2024-12-10,IND,0.012774117427731544
2024-12-11,IND,0.0180500954248872
2024-12-12,IND,0.060540203266014676
2024-12-13,IND,0.018370653895933096
2024-12-14,IND,0.01475918470872478
2024-12-15,IND,0.0718746187807331
2024-12-16,IND,0.04131609293764852
2024-12-17,IND,0.05276146746970062
2024-12-18,IND,0.03676467844061749
2024-12-19,IND,0.013877119277929876
2024-12-20,IND,0.014381651033603718
2024-12-21,IND,0.014524833603742422
2024-12-22,IND,0.009548861904247016
2024-12-23,IND,0.018060628081417677
2024-12-24,IND,0.007683010489271917
2024-12-25,IND,0.010032146128719806
2024-12-26,IND,0.017595459812551614
2024-12-27,IND,0.01714099759577231
2024-12-28,IND,0.0161015623461535
2024-12-29,IND,0.01309983355458863
2024-12-30,IND,0.015040662287534211
2024-12-31,IND,0.009604523734143444
2025-01-01,IND,0.009988079516645385
2025-01-02,IND,0.01439924325695749
2025-01-03,IND,0.02552063300181285
2025-01-04,IND,0.07627842297791897
2025-01-05,IND,0.017527351374599563
2025-01-06,IND,0.11148038444535485
2025-01-07,IND,0.08501384417259776
2025-01-08,IND,0.05316759113702281
2025-01-09,IND,0.09509141820489903
2025-01-10,IND,0.11554103782470172
2025-01-11,IND,0.029027250370723706
2025-01-12,IND,0.027931901370035192
2025-01-13,IND,0.011091082038685406
2025-01-14,IND,0.00922773468310513
2025-01-15,IND,0.009991607756866841
2025-01-16,IND,0.009189666658182428
2025-01-17,IND,0.0776220921595733
2025-01-18,IND,0.019103275801802592
2025-01-19,IND,0.0067734694677010696
2025-01-20,IND,0.16762137469284324
2025-01-21,IND,0.05497351566848961
2025-01-22,IND,0.024036917740555223
2025-01-23,IND,0.006339807673877148
2025-01-24,IND,0.006493851071493977
2025-01-25,IND,0.0060897279045456654
2025-01-26,IND,0.007940807267264463
2025-01-27,IND,0.005937044139506135
2025-01-28,IND,0.004705057643443552
2025-01-29,IND,0.005771010146992142
2025-01-30,IND,0.005814997453074285
2025-01-31,IND,0.0057844989815244875
2025-02-01,IND,0.04706010474294396
2025-02-02,IND,0.010816678160236131
2025-02-03,IND,0.0392621782250154
2025-02-04,IND,0.06115872280555168
2025-02-05,IND,0.04209938507352646
2025-02-06,IND,0.030926648315791457
2025-02-07,IND,0.020080759677871395
2025-02-08,IND,0.011484320387916854
2025-02-09,IND,0.1326700419319115
2025-02-10,IND,0.015647634549589454
2025-02-11,IND,0.013011434079902427
2025-02-12,IND,0.007522524694085504
2025-02-13,IND,0.012331336674994173
2025-02-14,IND,0.014039868852353794
2025-02-15,IND,0.010862170372230027
2025-02-16,IND,0.005107506111089841
2025-02-17,IND,0.004427618413533068
2025-02-18,IND,0.004489922460029608
2025-02-19,IND,0.0060993255535476765
2025-02-20,IND,0.004321746631381541
2025-02-21,IND,0.005604904607956184
2025-02-22,IND,0.004337454845047949
2025-02-23,IND,0.01608113995981085
2025-02-24,IND,0.019562224919308115
2025-02-25,IND,0.02360120947058438
2025-02-26,IND,0.010938977811374142
2025-02-27,IND,0.013218810853861849
2025-02-28,IND,0.009472335833581903
2025-03-01,IND,0.023526622202437817
2025-03-02,IND,0.051793264790965875
2025-03-03,IND,0.0270391976590055
2025-03-04,IND,0.04740948960284401
2025-03-05,IND,0.07372939692677295
2025-03-06,IND,0.03970742467961376
2025-03-07,IND,0.0642436233249392
2025-03-08,IND,0.09785898584490613
2025-03-09,IND,0.07531056869301406
2025-03-10,IND,0.03416062582758549
2025-03-11,IND,0.025966583307849726
2025-03-12,IND,0.049696896609102384
2025-03-13,IND,0.02159109475179755
2025-03-14,IND,0.10709260716482885
2025-03-15,IND,0.02723059989207807
2025-03-16,IND,0.01800470586462511
2025-03-17,IND,0.062277622049191274
2025-03-18,IND,0.01589385965793676
2025-03-19,IND,0.010924364172234746
2025-03-20,IND,0.21894898464810444
2025-03-21,IND,0.028895461305746956
2025-03-22,IND,0.0358225152435523
2025-03-23,IND,0.061248882343291094
2025-03-24,IND,0.0436966493191309
2025-03-25,IND,0.1016256771847622
2025-03-26,IND,0.015996274234665278
2025-03-27,IND,0.005624464556688436
2025-03-28,IND,0.004450663087797798
2024-07-01,BGD,0.008995502016521183
2024-07-02,BGD,0.0689927306483684
2024-07-03,BGD,0.009677788796507105
2024-07-04,BGD,0.006493474372461903
2024-07-05,BGD,0.006599872906461282
2024-07-06,BGD,0.008111054235367576
2024-07-07,BGD,0.01460487368836296
2024-07-08,BGD,0.007924194690696643
2024-07-09,BGD,0.007797143770059328
2024-07-10,BGD,0.0070413678000779195
2024-07-11,BGD,0.031978948593339905
2024-07-12,BGD,0.018958077959369275
2024-07-13,BGD,0.014570731714037426
2024-07-14,BGD,0.027590986793649946
2024-07-15,BGD,0.00910221271117296
2024-07-16,BGD,0.015663231923791116
2024-07-17,BGD,0.007790244852470145
2024-07-18,BGD,0.005976742885716751
2024-07-19,BGD,0.06830799443052869
2024-07-20,BGD,0.007465891813601059
2024-07-21,BGD,0.019048253053014212
2024-07-22,BGD,0.08342616807824836
2024-07-23,BGD,0.08211437653813995
2024-07-24,BGD,0.10619371278639919
2024-07-25,BGD,0.07301660765210023
2024-07-26,BGD,0.0653292581333094
2024-07-27,BGD,0.07143463266077676
2024-07-28,BGD,0.054234241474004345
2024-07-29,BGD,0.11846865949973995
2024-07-30,BGD,0.0806922142038599
2024-07-31,BGD,0.02146133569512672
2024-08-01,BGD,0.010837653095961698
2024-08-02,BGD,0.009516567146623247
2024-08-03,BGD,0.0050800465726225374
2024-08-04,BGD,0.013448063383560784
2024-08-05,BGD,0.06568983552301566
2024-08-06,BGD,0.030504057468582604
2024-08-07,BGD,0.00833013910910038
2024-08-08,BGD,0.008329954134792298
2024-08-09,BGD,0.011261960298930996
2024-08-10,BGD,0.009321547964133526
2024-08-11,BGD,0.009426860011480328
2024-08-12,BGD,0.00573487135287245
2024-08-13,BGD,0.005419070594341151
2024-08-14,BGD,0.004976739649700459
2024-08-15,BGD,0.005636919931648865
2024-08-16,BGD,0.005260742030429799
2024-08-17,BGD,0.005593890657949953
2024-08-18,BGD,0.004829739642575773
2024-08-19,BGD,0.009301075197449351
2024-08-20,BGD,0.008168179738835131
2024-08-21,BGD,0.010250267413715836
2024-08-22,BGD,0.007282626170491104
2024-08-23,BGD,0.016533232768967614
2024-08-24,BGD,0.02762886281081343
2024-08-25,BGD,0.03846300458106256
2024-08-26,BGD,0.03650321785182554
2024-08-27,BGD,0.05506267086784497
2024-08-28,BGD,0.11397960674466169
2024-08-29,BGD,0.18527430212066892
2024-08-30,BGD,0.07039056580195364
2024-08-31,BGD,0.0819703145621679
2024-09-01,BGD,0.06008147423270447
2024-09-02,BGD,0.015492366836578607
2024-09-03,BGD,0.0483364846040947
2024-09-04,BGD,0.051691816540099085
2024-09-05,BGD,0.00833451900422646
2024-09-06,BGD,0.005438705476213121
2024-09-07,BGD,0.005306255143284959
2024-09-08,BGD,0.005319799734929601
2024-09-09,BGD,0.005402493541171574
2024-09-10,BGD,0.0060440007363529655
2024-09-11,BGD,0.006355564908677516
2024-09-12,BGD,0.024212136507330288
2024-09-13,BGD,0.009084642965809867
2024-09-14,BGD,0.017083196152715353
2024-09-15,BGD,0.023097543648614906
2024-09-16,BGD,0.04020457361731889
2024-09-17,BGD,0.007696074403711618
2024-09-18,BGD,0.006844271991162248
2024-09-19,BGD,0.007757464136059561
2024-09-20,BGD,0.006755409276461699
2024-09-21,BGD,0.006864595821555598
2024-09-22,BGD,0.022164113829411754
2024-09-23,BGD,0.009486546516658772
2024-09-24,BGD,0.007244784900837121
2024-09-25,BGD,0.021340160539749894
2024-09-26,BGD,0.06208175641589653
2024-09-27,BGD,0.019209901820748127
2024-09-28,BGD,0.015497189141727999
2024-09-29,BGD,0.010117611881077213
2024-09-30,BGD,0.03255281593845188
2024-10-01,BGD,0.13896988516369463
2024-10-02,BGD,0.07534863280838786
2024-10-03,BGD,0.01932368833000169
2024-10-04,BGD,0.014209785831190803
2024-10-05,BGD,0.015144292240157127
2024-10-06,BGD,0.061627546807746875
2024-10-07,BGD,0.033361194794648046
2024-10-08,BGD,0.02970173202482988
2024-10-09,BGD,0.008132594540282562
2024-10-10,BGD,0.014818938010153423
2024-10-11,BGD,0.044107093524644245
2024-10-12,BGD,0.028411462154032962
2024-10-13,BGD,0.014466706069654549
2024-10-14,BGD,0.05183958092554737
2024-10-15,BGD,0.024868734884782993
2024-10-16,BGD,0.032114264055753614
2024-10-17,BGD,0.07820582650319335
2024-10-18,BGD,0.027621534832190434
2024-10-19,BGD,0.008159078507286694
2024-10-20,BGD,0.015093173993420453
2024-10-21,BGD,0.04771831329113368
2024-10-22,BGD,0.024222459922286787
2024-10-23,BGD,0.010533881374685663
2024-10-24,BGD,0.018612042316726807
2024-10-25,BGD,0.014606504021288151
2024-10-26,BGD,0.021928586424748892
2024-10-27,BGD,0.015347609187856184
2024-10-28,BGD,0.005483319068182231
2024-10-29,BGD,0.005437932589224405
2024-10-30,BGD,0.02661312598134123
2024-10-31,BGD,0.00550109467007622
2024-11-01,BGD,0.005368044853950538
2024-11-02,BGD,0.01649801901890178
2024-11-03,BGD,0.005902469171518347
2024-11-04,BGD,0.013393583740318044
2024-11-05,BGD,0.11535384780746574
2024-11-06,BGD,0.00736791506577495
2024-11-07,BGD,0.007149898935439684
2024-11-08,BGD,0.0291464393183633
2024-11-09,BGD,0.005595762458938147
2024-11-10,BGD,0.03552069955925112
2024-11-11,BGD,0.006066514016369551
2024-11-12,BGD,0.005263339331856154
2024-11-13,BGD,0.006345065799294302
2024-11-14,BGD,0.0067271895401994925
2024-11-15,BGD,0.006999333243391503
2024-11-16,BGD,0.006605612506127055
2024-11-17,BGD,0.0068496936874904045
2024-11-18,BGD,0.00876954172062164
2024-11-19,BGD,0.005685909596644619
2024-11-20,BGD,0.006875803330924952
2024-11-21,BGD,0.006739425301218793
2024-11-22,BGD,0.00616973433760126
2024-11-23,BGD,0.005918364816883845
2024-11-24,BGD,0.08662336588916109
2024-11-25,BGD,0.012697410014670408
2024-11-26,BGD,0.04277050181347666
2024-11-27,BGD,0.024869290578898723
2024-11-28,BGD,0.019853353202801148
2024-11-29,BGD,0.017076669303371223
2024-11-30,BGD,0.018443447966856187
2024-12-01,BGD,0.005504969869060985
2024-12-02,BGD,0.005604397577610448
2024-12-03,BGD,0.005707405127199736
2024-12-04,BGD,0.00561365159794963
2024-12-05,BGD,0.006164582608389567
2024-12-06,BGD,0.006044797459464236
2024-12-07,BGD,0.00625772092270158
2024-12-08,BGD,0.06476546489490921
2024-12-09,BGD,0.20035172558478692
2024-12-10,BGD,0.19675485862113115
2024-12-11,BGD,0.11409348086065794
2024-12-12,BGD,0.1505912221789673
2024-12-13,BGD,0.20163894026639714
2024-12-14,BGD,0.13673002819188365
2024-12-15,BGD,0.11611624596192478
2024-12-16,BGD,0.11196154987190443
2024-12-17,BGD,0.12188276422543805
2024-12-18,BGD,0.17360522058525954
2024-12-19,BGD,0.08388355566383157
2024-12-20,BGD,0.01692126545724835
2024-12-21,BGD,0.09093491756352641
2024-12-22,BGD,0.038659178479446235
2024-12-23,BGD,0.03900898675762664
2024-12-24,BGD,0.016071997696945447
2024-12-25,BGD,0.022156104703990327
2024-12-26,BGD,0.01615213407444168
2024-12-27,BGD,0.025238131100118237
2024-12-28,BGD,0.03456691313703141
2024-12-29,BGD,0.015343693190374654
2024-12-30,BGD,0.013603831191351366
2024-12-31,BGD,0.04425560768557421
2025-01-01,BGD,0.007338346026503005
2025-01-02,BGD,0.06875935272804604
2025-01-03,BGD,0.02108708276021489
2025-01-04,BGD,0.00650178856044418
2025-01-05,BGD,0.009415092776268197
2025-01-06,BGD,0.007230064882586758
2025-01-07,BGD,0.010497531492011339
2025-01-08,BGD,0.00711097671996605
2025-01-09,BGD,0.012053993177362745
2025-01-10,BGD,0.008504353378872172
2025-01-11,BGD,0.006338393930961672
2025-01-12,BGD,0.0073349438476355945
2025-01-13,BGD,0.006593829457441893
2025-01-14,BGD,0.008681217808699838
2025-01-15,BGD,0.008589998183130138
2025-01-16,BGD,0.1264911868826775
2025-01-17,BGD,0.01849734369403763
2025-01-18,BGD,0.019207557187411073
2025-01-19,BGD,0.03121221451575003
2025-01-20,BGD,0.032681825485073285
2025-01-21,BGD,0.015402730862063535
2025-01-22,BGD,0.01547044944358539
2025-01-23,BGD,0.017509380178132396
2025-01-24,BGD,0.022774021616437552
2025-01-25,BGD,0.020466766978323267
2025-01-26,BGD,0.009396782266325485
2025-01-27,BGD,0.006856674288312149
2025-01-28,BGD,0.013011370773493004
2025-01-29,BGD,0.008108422041757147
2025-01-30,BGD,0.011279287287784824
2025-01-31,BGD,0.024676110283832233
2025-02-01,BGD,0.01127568294405573
2025-02-02,BGD,0.010369331430586678
2025-02-03,BGD,0.0086199917349803
2025-02-04,BGD,0.015019906213728975
2025-02-05,BGD,0.01592392666751146
2025-02-06,BGD,0.011268485238714534
2025-02-07,BGD,0.1123923514665002
2025-02-08,BGD,0.015033543813991537
2025-02-09,BGD,0.012157995460150598
2025-02-10,BGD,0.009549248058434353
2025-02-11,BGD,0.05113742700711389
2025-02-12,BGD,0.020963443759724035
2025-02-13,BGD,0.00938921267090338
2025-02-14,BGD,0.016580632279070785
2025-02-15,BGD,0.009340178924023182
2025-02-16,BGD,0.01101134521920812
2025-02-17,BGD,0.017230637865199717
2025-02-18,BGD,0.011976179790599466
2025-02-19,BGD,0.0072466979449966225
2025-02-20,BGD,0.0075275896892799
2025-02-21,BGD,0.06565156305423875
2025-02-22,BGD,0.01191229022505015
2025-02-23,BGD,0.010582640666900714
2025-02-24,BGD,0.016461528986000586
2025-02-25,BGD,0.07207270669269107
2025-02-26,BGD,0.016081189119097127
2025-02-27,BGD,0.021431322452994863
2025-02-28,BGD,0.007539406038368504
2025-03-01,BGD,0.007215873494962789
2025-03-02,BGD,0.008564979066652722
2025-03-03,BGD,0.049585763917771156
2025-03-04,BGD,0.005357772615241435
2025-03-05,BGD,0.005624233412730984
2025-03-06,BGD,0.006699525154886714
2025-03-07,BGD,0.016556222038830493
2025-03-08,BGD,0.045637292752358165
2025-03-09,BGD,0.030365298470571404
2025-03-10,BGD,0.010044206115684467
2025-03-11,BGD,0.011708053320771725
2025-03-12,BGD,0.017884572684446032
2025-03-13,BGD,0.013724085968718597
2025-03-14,BGD,0.020964445422872735
2025-03-15,BGD,0.006745225552756076
2025-03-16,BGD,0.02570537353457426
2025-03-17,BGD,0.1104492400722442
2025-03-18,BGD,0.016089931525340717
2025-03-19,BGD,0.12032722060162687
2025-03-20,BGD,0.01515008007050036
2025-03-21,BGD,0.12538451114663793
2025-03-22,BGD,0.07213675115134942
2025-03-23,BGD,0.03510077310547572
2025-03-24,BGD,0.017286882932815942
2025-03-25,BGD,0.009127921937560369
2025-03-26,BGD,0.01023720833024859
2025-03-27,BGD,0.007902290416952139
2025-03-28,BGD,0.006444084902217904
2024-07-01,MMR,0.0043359383184280965
2024-07-02,MMR,0.004460588092248954
2024-07-03,MMR,0.004670187543235341
2024-07-04,MMR,0.004974463083146535
2024-07-05,MMR,0.005812208777923986
2024-07-06,MMR,0.010162817646895137
2024-07-07,MMR,0.009140909343751998
2024-07-08,MMR,0.004854140326714623
2024-07-09,MMR,0.004365452897293946
2024-07-10,MMR,0.004274589956920189
2024-07-11,MMR,0.00471746604251237
2024-07-12,MMR,0.004344066134945408
2024-07-13,MMR,0.004250447410460039
2024-07-14,MMR,0.004381224078443752
2024-07-15,MMR,0.010760701467740589
2024-07-16,MMR,0.004818853046690079
2024-07-17,MMR,0.004622511097471096
2024-07-18,MMR,0.004592939438241915
2024-07-19,MMR,0.005662844599764922
2024-07-20,MMR,0.009493514922031328
2024-07-21,MMR,0.006916714990387853
2024-07-22,MMR,0.01075873413710038
2024-07-23,MMR,0.007599884692683014
2024-07-24,MMR,0.0061116822057857585
2024-07-25,MMR,0.007535457193374462
2024-07-26,MMR,0.010028744377951265
2024-07-27,MMR,0.004485017841974072
2024-07-28,MMR,0.008503211050436709
2024-07-29,MMR,0.007389422685285064
2024-07-30,MMR,0.01168576400055903
2024-07-31,MMR,0.009317803658312602
2024-08-01,MMR,0.008712702878336961
2024-08-02,MMR,0.004978164294571402
2024-08-03,MMR,0.005519014106393874
2024-08-04,MMR,0.004740531373142188
2024-08-05,MMR,0.05107287921827033
2024-08-06,MMR,0.00794986752276024
2024-08-07,MMR,0.004719856369700175
2024-08-08,MMR,0.004404879579295185
2024-08-09,MMR,0.00801005353703361
2024-08-10,MMR,0.047972750938607
2024-08-11,MMR,0.014888746600325782
2024-08-12,MMR,0.006229768815539718
2024-08-13,MMR,0.004628473665313955
2024-08-14,MMR,0.004388568934040901
2024-08-15,MMR,0.005804462240663839
2024-08-16,MMR,0.005356839022953136
2024-08-17,MMR,0.004548566964422526
2024-08-18,MMR,0.004344232643455296
2024-08-19,MMR,0.04358563800111534
2024-08-20,MMR,0.014255235680076035
2024-08-21,MMR,0.007598824410237121
2024-08-22,MMR,0.007517639021856134
2024-08-23,MMR,0.004860414924020688
2024-08-24,MMR,0.013411864036600695
2024-08-25,MMR,0.0051031366423087325
2024-08-26,MMR,0.004515937420882282
2024-08-27,MMR,0.0046298772159240114
2024-08-28,MMR,0.0044540439755088495
2024-08-29,MMR,0.007794131041416299
2024-08-30,MMR,0.004355273428934141
2024-08-31,MMR,0.0043109455374883325
2024-09-01,MMR,0.0043264782383612855
2024-09-02,MMR,0.004527468036761359
2024-09-03,MMR,0.004430380254265388
2024-09-04,MMR,0.005548425169027584
2024-09-05,MMR,0.05815863169598613
2024-09-06,MMR,0.015619959638520963
2024-09-07,MMR,0.007782018063368864
2024-09-08,MMR,0.005559865856475986
2024-09-09,MMR,0.009028344935140441
2024-09-10,MMR,0.005153951634108784
2024-09-11,MMR,0.004725404962901365
2024-09-12,MMR,0.004265909385137786
2024-09-13,MMR,0.0042037661695334795
2024-09-14,MMR,0.0043448247851538765
2024-09-15,MMR,0.004470820061130717
2024-09-16,MMR,0.005053776553659719
2024-09-17,MMR,0.0052304036316450486
2024-09-18,MMR,0.004277682020046196
2024-09-19,MMR,0.004608302286630041
2024-09-20,MMR,0.004878281908255099
2024-09-21,MMR,0.004697799082502442
2024-09-22,MMR,0.004832211405202187
2024-09-23,MMR,0.00900370691687241
2024-09-24,MMR,0.008963205800555643
2024-09-25,MMR,0.007912252848073092
2024-09-26,MMR,0.05388310211183735
2024-09-27,MMR,0.007583362616843177
2024-09-28,MMR,0.012602811213038833
2024-09-29,MMR,0.040743518203272835
2024-09-30,MMR,0.06067243292415962
2024-10-01,MMR,0.011158999128486483
2024-10-02,MMR,0.011753290320525129
2024-10-03,MMR,0.0050120646565837475
2024-10-04,MMR,0.004892112832801865
2024-10-05,MMR,0.005085458193423792
2024-10-06,MMR,0.006186183256698807
2024-10-07,MMR,0.004675799397718223
2024-10-08,MMR,0.006943990132212975
2024-10-09,MMR,0.006087082638995052
2024-10-10,MMR,0.006298302540638946
2024-10-11,MMR,0.00924404401739988
2024-10-12,MMR,0.006645459565961415
2024-10-13,MMR,0.0064537086956332305
2024-10-14,MMR,0.013713824024025545
2024-10-15,MMR,0.004601898172514497
2024-10-16,MMR,0.00441863235084506
2024-10-17,MMR,0.004383403895958233
2024-10-18,MMR,0.004203247208285635
2024-10-19,MMR,0.004313456508852619
2024-10-20,MMR,0.00440056719025459
2024-10-21,MMR,0.004333624674898888
2024-10-22,MMR,0.007457996405973695
2024-10-23,MMR,0.006981453745897161
2024-10-24,MMR,0.007018799213145017
2024-10-25,MMR,0.01481414595687263
2024-10-26,MMR,0.01819369231472999
2024-10-27,MMR,0.012681202781853812
2024-10-28,MMR,0.04452156726564957
2024-10-29,MMR,0.044065063305241695
2024-10-30,MMR,0.009561811049566757
2024-10-31,MMR,0.009325468535928022
2024-11-01,MMR,0.015471394885449751
2024-11-02,MMR,0.023443961177682486
2024-11-03,MMR,0.013223409335735988
2024-11-04,MMR,0.006174446410137994
2024-11-05,MMR,0.005942888549630247
2024-11-06,MMR,0.005914347067817346
2024-11-07,MMR,0.0070150638737112815
2024-11-08,MMR,0.007020652767219291
2024-11-09,MMR,0.007991887912202417
2024-11-10,MMR,0.007125600962687312
2024-11-11,MMR,0.009175289107063216
2024-11-12,MMR,0.011258733378885914
2024-11-13,MMR,0.006305004704623228
2024-11-14,MMR,0.005802095043704422
2024-11-15,MMR,0.005817526615769068
2024-11-16,MMR,0.005573896576654877
2024-11-17,MMR,0.007617067838614751
2024-11-18,MMR,0.005487586737468794
2024-11-19,MMR,0.0251611079773762
2024-11-20,MMR,0.013397183960713058
2024-11-21,MMR,0.015304790618949397
2024-11-22,MMR,0.022516978242551573
2024-11-23,MMR,0.006629607889628348
2024-11-24,MMR,0.011766756045549052
2024-11-25,MMR,0.02129462522541507
2024-11-26,MMR,0.023848192214062126
2024-11-27,MMR,0.0424876934454353
2024-11-28,MMR,0.009014124587360228
2024-11-29,MMR,0.0072264868345924315
2024-11-30,MMR,0.061657559740263844
2024-12-01,MMR,0.0060348570911362065
2024-12-02,MMR,0.005996865085451612
2024-12-03,MMR,0.01281334884062889
2024-12-04,MMR,0.005182879887945857
2024-12-05,MMR,0.005977174794138255
2024-12-06,MMR,0.005546119141528903
2024-12-07,MMR,0.0058954984867743716
2024-12-08,MMR,0.045805428220957276
2024-12-09,MMR,0.00559356855562875
2024-12-10,MMR,0.005482748931384532
2024-12-11,MMR,0.005434601864983299
2024-12-12,MMR,0.00642898760908509
2024-12-13,MMR,0.0075391667630381465
2024-12-14,MMR,0.007933658499025937
2024-12-15,MMR,0.01547562596579546
2024-12-16,MMR,0.005949318435126418
2024-12-17,MMR,0.010280184126262462
2024-12-18,MMR,0.00675952986430869
2024-12-19,MMR,0.006741944716443022
2024-12-20,MMR,0.007121945741959134
2024-12-21,MMR,0.008746096049725392
2024-12-22,MMR,0.01874415839678404
2024-12-23,MMR,0.009634767218540233
2024-12-24,MMR,0.008041962119987334
2024-12-25,MMR,0.015154083706620244
2024-12-26,MMR,0.011180009891400203
2024-12-27,MMR,0.0301478881597881
2024-12-28,MMR,0.04203484008252125
2024-12-29,MMR,0.008577881629606345
2024-12-30,MMR,0.015271470342217052
2024-12-31,MMR,0.01587009740630723
2025-01-01,MMR,0.014475924764995474
2025-01-02,MMR,0.00721997158828185
2025-01-03,MMR,0.006658519676100965
2025-01-04,MMR,0.004537014548964645
2025-01-05,MMR,0.0071819453274830376
2025-01-06,MMR,0.004449531716370255
2025-01-07,MMR,0.0050232600029173685
2025-01-08,MMR,0.0044755042974098155
2025-01-09,MMR,0.007508069114728729
2025-01-10,MMR,0.0049829171547225385
2025-01-11,MMR,0.0049350676145680904
2025-01-12,MMR,0.007248109534835803
2025-01-13,MMR,0.0047802431416033315
2025-01-14,MMR,0.004576733165977701
2025-01-15,MMR,0.005333018114907412
2025-01-16,MMR,0.005229323103985587
2025-01-17,MMR,0.010923882953947814
2025-01-18,MMR,0.008304206536453702
2025-01-19,MMR,0.006458181817052945
2025-01-20,MMR,0.006028522530792234
2025-01-21,MMR,0.00742693535332402
2025-01-22,MMR,0.008193928580632302
2025-01-23,MMR,0.011317978319629919
2025-01-24,MMR,0.0044025314624325605
2025-01-25,MMR,0.0044790540755270235
2025-01-26,MMR,0.004490016352804832
2025-01-27,MMR,0.004535448352746598
2025-01-28,MMR,0.004885958149671638
2025-01-29,MMR,0.004289732757603303
2025-01-30,MMR,0.004426057481905372
2025-01-31,MMR,0.007022216981328075
2025-02-01,MMR,0.007489152721111978
2025-02-02,MMR,0.044105627483741985
2025-02-03,MMR,0.010831066280115181
2025-02-04,MMR,0.007497231118678403
2025-02-05,MMR,0.006084369379339779
2025-02-06,MMR,0.005980716423978151
2025-02-07,MMR,0.004511654651528942
2025-02-08,MMR,0.00468480933713404
2025-02-09,MMR,0.004235818024016052
2025-02-10,MMR,0.004229631373978143
2025-02-11,MMR,0.004213905128697956
2025-02-12,MMR,0.004632177772298704
2025-02-13,MMR,0.0047515067219216335
2025-02-14,MMR,0.004188961318902946
2025-02-15,MMR,0.004387673572409941
2025-02-16,MMR,0.008693115940080945
2025-02-17,MMR,0.007866149496616105
2025-02-18,MMR,0.0069155908996342205
2025-02-19,MMR,0.013090670149474588
2025-02-20,MMR,0.011931203575765832
2025-02-21,MMR,0.007373851219650589
2025-02-22,MMR,0.0073346669496730625
2025-02-23,MMR,0.010286574287924215
2025-02-24,MMR,0.006693785099966309
2025-02-25,MMR,0.012688399110589456
2025-02-26,MMR,0.009218020877173794
2025-02-27,MMR,0.014736269392106536
2025-02-28,MMR,0.006354811612116617
2025-03-01,MMR,0.01041341984475058
2025-03-02,MMR,0.0058770348352116366
2025-03-03,MMR,0.006849258111333968
2025-03-04,MMR,0.009441387348129479
2025-03-05,MMR,0.007745834017900658
2025-03-06,MMR,0.00834923540541877
2025-03-07,MMR,0.008984610247390808
2025-03-08,MMR,0.0054311736434918614
2025-03-09,MMR,0.010220820192900128
2025-03-10,MMR,0.011604466935272843
2025-03-11,MMR,0.006738581345199589
2025-03-12,MMR,0.0056788406269651795
2025-03-13,MMR,0.005952770714607202
2025-03-14,MMR,0.05518154759966812
2025-03-15,MMR,0.011627329442615705
2025-03-16,MMR,0.011111453742001119
2025-03-17,MMR,0.005270379859126606
2025-03-18,MMR,0.005496961206811503
2025-03-19,MMR,0.008212210524989227
2025-03-20,MMR,0.0054808000038581
2025-03-21,MMR,0.004401113885600941
2025-03-22,MMR,0.004370038046553579
2025-03-23,MMR,0.004830522950731837
2025-03-24,MMR,0.004533952139977707
2025-03-25,MMR,0.00439405544281073
2025-03-26,MMR,0.004382518558563813
2025-03-27,MMR,0.00437323806916464
2025-03-28,MMR,0.016716635697788477
2024-07-01,PHL,0.034167986310712745
2024-07-02,PHL,0.02158079143528147
2024-07-03,PHL,0.006645370841253557
2024-07-04,PHL,0.008734389493896913
2024-07-05,PHL,0.006433909386253271
2024-07-06,PHL,0.005862744446654894
2024-07-07,PHL,0.0065505425917251345
2024-07-08,PHL,0.011141234829004244
2024-07-09,PHL,0.008244760916361116
2024-07-10,PHL,0.02866538330192616
2024-07-11,PHL,0.05249656931773233
2024-07-12,PHL,0.017004373497617662
2024-07-13,PHL,0.021514875195230636
2024-07-14,PHL,0.02524995826571603
2024-07-15,PHL,0.04315686359569374
2024-07-16,PHL,0.020473342623374288
2024-07-17,PHL,0.008214737052589556
2024-07-18,PHL,0.00573924582374134
2024-07-19,PHL,0.006246335744895155
2024-07-20,PHL,0.006265459887739046
2024-07-21,PHL,0.006945297216637067
2024-07-22,PHL,0.008375454208847579
2024-07-23,PHL,0.008850000549000208
2024-07-24,PHL,0.012829725461362724
2024-07-25,PHL,0.0336408865169074
2024-07-26,PHL,0.017351826701014955
2024-07-27,PHL,0.01617836245548773
2024-07-28,PHL,0.03255994307388765
2024-07-29,PHL,0.021595407601959486
2024-07-30,PHL,0.03620215476430178
2024-07-31,PHL,0.02009718661657746
2024-08-01,PHL,0.019710135963068122
2024-08-02,PHL,0.06624361702083759
2024-08-03,PHL,0.06015185469645544
2024-08-04,PHL,0.024815523410012048
2024-08-05,PHL,0.041142866206434425
2024-08-06,PHL,0.02233255344527391
2024-08-07,PHL,0.025694092788123565
2024-08-08,PHL,0.03871775794920829
2024-08-09,PHL,0.01734078396237335
2024-08-10,PHL,0.01720103836144025
2024-08-11,PHL,0.02537609896130741
2024-08-12,PHL,0.027398999860544036
2024-08-13,PHL,0.013436536216998723
2024-08-14,PHL,0.01521297525970146
2024-08-15,PHL,0.00835917486285248
2024-08-16,PHL,0.007551597641422831
2024-08-17,PHL,0.006215041303958555
2024-08-18,PHL,0.006686991557173581
2024-08-19,PHL,0.014931305608709481
2024-08-20,PHL,0.006713042523095363
2024-08-21,PHL,0.008541115725682613
2024-08-22,PHL,0.023444962618617324
2024-08-23,PHL,0.009137292215387924
2024-08-24,PHL,0.011743181303108231
2024-08-25,PHL,0.012487885753269758
2024-08-26,PHL,0.017456115454146815
2024-08-27,PHL,0.010599724342361665
2024-08-28,PHL,0.012888525517707318
2024-08-29,PHL,0.021608312725659988
2024-08-30,PHL,0.016750133494422496
2024-08-31,PHL,0.020756683012828053
2024-09-01,PHL,0.01765163945352752
2024-09-02,PHL,0.017460219948985663
2024-09-03,PHL,0.01773012145156067
2024-09-04,PHL,0.01987671645892916
2024-09-05,PHL,0.0195453261145441
2024-09-06,PHL,0.036830159093323364
2024-09-07,PHL,0.01663346560362519
2024-09-08,PHL,0.019014065414339917
2024-09-09,PHL,0.01714251538299113
2024-09-10,PHL,0.01593173734149179
2024-09-11,PHL,0.02742072726225165
2024-09-12,PHL,0.011796117383100373
2024-09-13,PHL,0.011485694739631966
2024-09-14,PHL,0.01020355597137273
2024-09-15,PHL,0.02230747609006978
2024-09-16,PHL,0.011904108615399575
2024-09-17,PHL,0.02119970632096377
2024-09-18,PHL,0.009907973559036314
2024-09-19,PHL,0.008298823207145862
2024-09-20,PHL,0.011350475354973046
2024-09-21,PHL,0.008354269281819874
2024-09-22,PHL,0.015514906301084819
2024-09-23,PHL,0.012388973558912407
2024-09-24,PHL,0.009378620402669067
2024-09-25,PHL,0.022585382807632805
2024-09-26,PHL,0.032964756473435795
2024-09-27,PHL,0.028635618406397965
2024-09-28,PHL,0.031988298065740994
2024-09-29,PHL,0.04388146557634503
2024-09-30,PHL,0.04317415194045564
2024-10-01,PHL,0.023521111526715568
2024-10-02,PHL,0.016395812139860397
2024-10-03,PHL,0.014282438167640191
2024-10-04,PHL,0.01434494363336664
2024-10-05,PHL,0.06032758519678647
2024-10-06,PHL,0.01428685860146656
2024-10-07,PHL,0.02265268421759055
2024-10-08,PHL,0.012446621768093122
2024-10-09,PHL,0.018101070308935825
2024-10-10,PHL,0.02214357308451822
2024-10-11,PHL,0.02097251831225336
2024-10-12,PHL,0.024822400817829566
2024-10-13,PHL,0.017931363397445006
2024-10-14,PHL,0.016685855843752553
2024-10-15,PHL,0.01770538903402748
2024-10-16,PHL,0.01340159255242335
2024-10-17,PHL,0.029451257881838035
2024-10-18,PHL,0.0773395381814236
2024-10-19,PHL,0.060042756976493104
2024-10-20,PHL,0.042177081336931065
2024-10-21,PHL,0.03685219663354704
2024-10-22,PHL,0.052655225271779786
2024-10-23,PHL,0.0653473207573799
2024-10-24,PHL,0.047253158466244095
2024-10-25,PHL,0.008089943780777096
2024-10-26,PHL,0.011207764621291343
2024-10-27,PHL,0.008629372932968908
2024-10-28,PHL,0.009935662462613484
2024-10-29,PHL,0.008965821447843853
2024-10-30,PHL,0.1352724289336055
2024-10-31,PHL,0.005685619502038407
2024-11-01,PHL,0.009987594532945879
2024-11-02,PHL,0.011386005772783647
2024-11-03,PHL,0.009054385258091265
2024-11-04,PHL,0.006959254883654136
2024-11-05,PHL,0.009517132029727607
2024-11-06,PHL,0.0053148542551322
2024-11-07,PHL,0.006082852551600713
2024-11-08,PHL,0.007362776613618817
2024-11-09,PHL,0.006563572449089729
2024-11-10,PHL,0.007132907248832852
2024-11-11,PHL,0.006510633845930482
2024-11-12,PHL,0.006187966852700053
2024-11-13,PHL,0.016007124752190065
2024-11-14,PHL,0.01883356819713565
2024-11-15,PHL,0.020487690498598426
2024-11-16,PHL,0.01261259899672165
2024-11-17,PHL,0.016282130780526267
2024-11-18,PHL,0.017650455200557188
2024-11-19,PHL,0.02543802618461123
2024-11-20,PHL,0.037342607387927114
2024-11-21,PHL,0.11924861912397726
2024-11-22,PHL,0.05438899614151896
2024-11-23,PHL,0.0346269653453406
2024-11-24,PHL,0.025151853706164427
2024-11-25,PHL,0.028689089570274003
2024-11-26,PHL,0.033157241173108594
2024-11-27,PHL,0.03417369725864046
2024-11-28,PHL,0.010009499212236062
2024-11-29,PHL,0.007046986695200554
2024-11-30,PHL,0.007420565449073913
2024-12-01,PHL,0.006783203834113302
2024-12-02,PHL,0.00979863913246841
2024-12-03,PHL,0.007300957866225629
2024-12-04,PHL,0.007523878438478757
2024-12-05,PHL,0.010427289721301044
2024-12-06,PHL,0.1242929281845538
2024-12-07,PHL,0.09101922533312284
2024-12-08,PHL,0.06496708841004965
2024-12-09,PHL,0.021993602201378068
2024-12-10,PHL,0.009171306530740298
2024-12-11,PHL,0.00917337785389688
2024-12-12,PHL,0.008034437101859436
2024-12-13,PHL,0.009463123560751402
2024-12-14,PHL,0.007062444718412113
2024-12-15,PHL,0.006727660486024219
2024-12-16,PHL,0.025624936660796935
2024-12-17,PHL,0.02499408353642398
2024-12-18,PHL,0.025212361189444924
2024-12-19,PHL,0.015634245667978528
2024-12-20,PHL,0.012770612605465408
2024-12-21,PHL,0.019162417987992994
2024-12-22,PHL,0.016285329203834308
2024-12-23,PHL,0.016540565918242392
2024-12-24,PHL,0.01735763958739952
2024-12-25,PHL,0.025260444559399763
2024-12-26,PHL,0.035983319615123556
2024-12-27,PHL,0.045063504438328995
2024-12-28,PHL,0.030609363607855912
2024-12-29,PHL,0.020189056205257797
2024-12-30,PHL,0.011761952545506259
2024-12-31,PHL,0.00954426002011097
2025-01-01,PHL,0.009460759268010094
2025-01-02,PHL,0.011511517938340144
2025-01-03,PHL,0.010622505140415319
2025-01-04,PHL,0.01173917260849513
2025-01-05,PHL,0.011596766212439422
2025-01-06,PHL,0.022438900142856336
2025-01-07,PHL,0.027801137941361735
2025-01-08,PHL,0.014836943900687363
2025-01-09,PHL,0.0234027951415997
2025-01-10,PHL,0.022095909712393703
2025-01-11,PHL,0.012842945479318723
2025-01-12,PHL,0.009525203294593618
2025-01-13,PHL,0.01166724714463205
2025-01-14,PHL,0.009291039598219681
2025-01-15,PHL,0.010737945772515405
2025-01-16,PHL,0.015734334714418482
2025-01-17,PHL,0.010592842026131675
2025-01-18,PHL,0.016000536754567824
2025-01-19,PHL,0.014682861053622057
2025-01-20,PHL,0.011008867669386338
2025-01-21,PHL,0.01809969244501275
2025-01-22,PHL,0.03893100237567288
2025-01-23,PHL,0.01830587207865094
2025-01-24,PHL,0.047920336684864596
2025-01-25,PHL,0.010395761446889216
2025-01-26,PHL,0.03014489546817392
2025-01-27,PHL,0.014458137631576192
2025-01-28,PHL,0.01129309522788394
2025-01-29,PHL,0.008686618481848866
2025-01-30,PHL,0.0063597927727388395
2025-01-31,PHL,0.007674878556673002
2025-02-01,PHL,0.00813346328206534
2025-02-02,PHL,0.008799635310467707
2025-02-03,PHL,0.009079944952176549
2025-02-04,PHL,0.009221736197279605
2025-02-05,PHL,0.02614163473735191
2025-02-06,PHL,0.025436145052554662
2025-02-07,PHL,0.03084775023259731
2025-02-08,PHL,0.0196396828119961
2025-02-09,PHL,0.007943922408402818
2025-02-10,PHL,0.011938389937546558
2025-02-11,PHL,0.00907473836046305
2025-02-12,PHL,0.009916192632345621
2025-02-13,PHL,0.009833115921944174
2025-02-14,PHL,0.008744859671384648
2025-02-15,PHL,0.014622128154395774
2025-02-16,PHL,0.020645375987106022
2025-02-17,PHL,0.014744553835723985
2025-02-18,PHL,0.012720178302656732
2025-02-19,PHL,0.010031195403101715
2025-02-20,PHL,0.015179319601566961
2025-02-21,PHL,0.030566815922004196
2025-02-22,PHL,0.020254614730936114
2025-02-23,PHL,0.017885529009316576
2025-02-24,PHL,0.017776233746612673
2025-02-25,PHL,0.019566908697192537
2025-02-26,PHL,0.02363315229928524
2025-02-27,PHL,0.01774830627777561
2025-02-28,PHL,0.01572828593756066
2025-03-01,PHL,0.06518259407736714
2025-03-02,PHL,0.03130414712413411
2025-03-03,PHL,0.14074962772148603
2025-03-04,PHL,0.025525327388665246
2025-03-05,PHL,0.031861936883696276
2025-03-06,PHL,0.020741422513522987
2025-03-07,PHL,0.01730506704988498
2025-03-08,PHL,0.023282255949883417
2025-03-09,PHL,0.0178257132158575
2025-03-10,PHL,0.017716204088761785
2025-03-11,PHL,0.1658299520308246
2025-03-12,PHL,0.022620255259692808
2025-03-13,PHL,0.01636521376782803
2025-03-14,PHL,0.011860411548265842
2025-03-15,PHL,0.025867182732562378
2025-03-16,PHL,0.01914042070437021
2025-03-17,PHL,0.015152907808834297
2025-03-18,PHL,0.014839616021080127
2025-03-19,PHL,0.014348266179941272
2025-03-20,PHL,0.018287105473565723
2025-03-21,PHL,0.018571736656290236
2025-03-22,PHL,0.02957477326192787
2025-03-23,PHL,0.009734667014151011
2025-03-24,PHL,0.008874528046200663
2025-03-25,PHL,0.010414573967305073
2025-03-26,PHL,0.01116358628987436
2025-03-27,PHL,0.010385017099913676
2025-03-28,PHL,0.008184971374977463
2024-07-01,THA,0.10064755154375626
2024-07-02,THA,0.032504156124198026
2024-07-03,THA,0.016221701224615255
2024-07-04,THA,0.04330611058735698
2024-07-05,THA,0.0413728835601202
2024-07-06,THA,0.017010536469024815
2024-07-07,THA,0.011557328278743891
2024-07-08,THA,0.011253701528944792
2024-07-09,THA,0.01463162584299062
2024-07-10,THA,0.014795841722470148
2024-07-11,THA,0.03797000604586442
2024-07-12,THA,0.08878307298968584
2024-07-13,THA,0.021276784238001358
2024-07-14,THA,0.07480908042954758
2024-07-15,THA,0.08266897394276344
2024-07-16,THA,0.10807108885890483
2024-07-17,THA,0.08739220461411765
2024-07-18,THA,0.09419357214633929
2024-07-19,THA,0.011783322528966585
2024-07-20,THA,0.04798018478617933
2024-07-21,THA,0.023277148037333537
2024-07-22,THA,0.04170846956959297
2024-07-23,THA,0.03553342708157246
2024-07-24,THA,0.038696417348753315
2024-07-25,THA,0.04597337727088463
2024-07-26,THA,0.157009531417501
2024-07-27,THA,0.15633514975190735
2024-07-28,THA,0.21066462240619488
2024-07-29,THA,0.1205812250175975
2024-07-30,THA,0.113561989045621
2024-07-31,THA,0.12676185831331616
2024-08-01,THA,0.200217745459266
2024-08-02,THA,0.1337172344407719
2024-08-03,THA,0.1223440609918116
2024-08-04,THA,0.010416577824470192
2024-08-05,THA,0.009245462667109444
2024-08-06,THA,0.009648045026459407
2024-08-07,THA,0.009482686381262385
2024-08-08,THA,0.010921272647988544
2024-08-09,THA,0.005961288891297485
2024-08-10,THA,0.006267313359403754
2024-08-11,THA,0.005609335882860043
2024-08-12,THA,0.006276480987400463
2024-08-13,THA,0.005682441480468594
2024-08-14,THA,0.008861896746895298
2024-08-15,THA,0.02751074807360867
2024-08-16,THA,0.01990157319802075
2024-08-17,THA,0.014341746663456322
2024-08-18,THA,0.03292330330230884
2024-08-19,THA,0.03197860940397588
2024-08-20,THA,0.01953362601307884
2024-08-21,THA,0.025875136921244157
2024-08-22,THA,0.19126054908510876
2024-08-23,THA,0.12044085786892021
2024-08-24,THA,0.1667828014326581
2024-08-25,THA,0.15784584663538379
2024-08-26,THA,0.1699641582977313
2024-08-27,THA,0.13643774038778372
2024-08-28,THA,0.1526683593386145
2024-08-29,THA,0.14136909777537082
2024-08-30,THA,0.1765765292392586
2024-08-31,THA,0.13403171853346654
2024-09-01,THA,0.12698045731506297
2024-09-02,THA,0.14426876098731078
2024-09-03,THA,0.1403667400669648
2024-09-04,THA,0.12057006683686333
2024-09-05,THA,0.13452087087389822
2024-09-06,THA,0.15239214213260366
2024-09-07,THA,0.1570311663852201
2024-09-08,THA,0.1522118964527531
2024-09-09,THA,0.17505287009618214
2024-09-10,THA,0.15121834301275705
2024-09-11,THA,0.13561493392495344
2024-09-12,THA,0.14521151508424704
2024-09-13,THA,0.14806906583558826
2024-09-14,THA,0.16278952112754888
2024-09-15,THA,0.1266506736893588
2024-09-16,THA,0.14345655808358398
2024-09-17,THA,0.1662532982177667
2024-09-18,THA,0.11784944368368196
2024-09-19,THA,0.11648457392802405
2024-09-20,THA,0.12472790910782264
2024-09-21,THA,0.18649940545091437
2024-09-22,THA,0.10684105610878929
2024-09-23,THA,0.09970028738085726
2024-09-24,THA,0.09072676073539783
2024-09-25,THA,0.11803278636030483
2024-09-26,THA,0.11525127232249108
2024-09-27,THA,0.0944385408408338
2024-09-28,THA,0.0814164069155746
2024-09-29,THA,0.09432535535890087
2024-09-30,THA,0.08609857369989761
2024-10-01,THA,0.12771470679188998
2024-10-02,THA,0.1030089227013252
2024-10-03,THA,0.09004057485201437
2024-10-04,THA,0.05908878666587834
2024-10-05,THA,0.14418937727103145
2024-10-06,THA,0.06211633858917233
2024-10-07,THA,0.0641897186758864
2024-10-08,THA,0.06390944511350807
2024-10-09,THA,0.17742473349074828
2024-10-10,THA,0.12046035042130993
2024-10-11,THA,0.11834317685510753
2024-10-12,THA,0.12588696439600758
2024-10-13,THA,0.12989330289175274
2024-10-14,THA,0.1418122978480505
2024-10-15,THA,0.16603597820570867
2024-10-16,THA,0.016740070800640446
2024-10-17,THA,0.02100513766314961
2024-10-18,THA,0.16956470123743972
2024-10-19,THA,0.1082809800409442
2024-10-20,THA,0.0388615671082636
2024-10-21,THA,0.021780625440771126
2024-10-22,THA,0.033037731649935884
2024-10-23,THA,0.1577721121618093
2024-10-24,THA,0.10257298992567239
2024-10-25,THA,0.13606548944788432
2024-10-26,THA,0.08947688306363098
2024-10-27,THA,0.10783892682065367
2024-10-28,THA,0.08837750186087531
2024-10-29,THA,0.1675423524952027
2024-10-30,THA,0.10951190121831192
2024-10-31,THA,0.11291205902092682
2024-11-01,THA,0.10321198419326284
2024-11-02,THA,0.09641321101846587
2024-11-03,THA,0.08431505151936118
2024-11-04,THA,0.14726284105097728
2024-11-05,THA,0.022599033239163048
2024-11-06,THA,0.02036670443204866
2024-11-07,THA,0.039343953600211284
2024-11-08,THA,0.04730469429614247
2024-11-09,THA,0.05451860432818996
2024-11-10,THA,0.04908000218054328
2024-11-11,THA,0.06851255645223804
2024-11-12,THA,0.19028274832423528
2024-11-13,THA,0.1984277273197425
2024-11-14,THA,0.024899792390293
2024-11-15,THA,0.023323284313425275
2024-11-16,THA,0.02578906262483245
2024-11-17,THA,0.014464884382435506
2024-11-18,THA,0.012692182930696388
2024-11-19,THA,0.015834956316696198
2024-11-20,THA,0.05337788510683088
2024-11-21,THA,0.1280293828454129
2024-11-22,THA,0.08609765733597445
2024-11-23,THA,0.09857924536938725
2024-11-24,THA,0.19029980971809318
2024-11-25,THA,0.14896347790162562
2024-11-26,THA,0.11228235174527464
2024-11-27,THA,0.10743117685812881
2024-11-28,THA,0.12202751316958826
2024-11-29,THA,0.11558925023988921
2024-11-30,THA,0.13266980112322294
2024-12-01,THA,0.01903137547080343
2024-12-02,THA,0.010123319941391385
2024-12-03,THA,0.009083140450340279
2024-12-04,THA,0.010366862130033764
2024-12-05,THA,0.010604079281464734
2024-12-06,THA,0.010177193005776398
2024-12-07,THA,0.011193558765816453
2024-12-08,THA,0.13574114534571916
2024-12-09,THA,0.13222316493808384
2024-12-10,THA,0.13024596680802
2024-12-11,THA,0.1870595071169737
2024-12-12,THA,0.18619087813968974
2024-12-13,THA,0.17278972462582776
2024-12-14,THA,0.12997007452652332
2024-12-15,THA,0.12029405686255874
2024-12-16,THA,0.19039461934232763
2024-12-17,THA,0.1312021268323719
2024-12-18,THA,0.020436367338209267
2024-12-19,THA,0.03386802467894413
2024-12-20,THA,0.029790079144291874
2024-12-21,THA,0.015553080872748258
2024-12-22,THA,0.008800580256377215
2024-12-23,THA,0.012244194188656507
2024-12-24,THA,0.015815192718059198
2024-12-25,THA,0.01967142077274838
2024-12-26,THA,0.045394512590019385
2024-12-27,THA,0.020511523306856873
2024-12-28,THA,0.01800753309851339
2024-12-29,THA,0.18519790340585518
2024-12-30,THA,0.15753240054873852
2024-12-31,THA,0.14316598441683004
2025-01-01,THA,0.0315323200832507
2025-01-02,THA,0.056542163074227936
2025-01-03,THA,0.02851746133112146
2025-01-04,THA,0.028948634457043397
2025-01-05,THA,0.018852289265554052
2025-01-06,THA,0.0190743902928324
2025-01-07,THA,0.015143375522700002
2025-01-08,THA,0.013906152639063816
2025-01-09,THA,0.012191955865614407
2025-01-10,THA,0.01323522653294055
2025-01-11,THA,0.009395533320679552
2025-01-12,THA,0.008614978797844028
2025-01-13,THA,0.014282064004132934
2025-01-14,THA,0.10029919122615968
2025-01-15,THA,0.012367209535642089
2025-01-16,THA,0.010318851435760253
2025-01-17,THA,0.009563592929735163
2025-01-18,THA,0.010884634645612274
2025-01-19,THA,0.010659521645965694
2025-01-20,THA,0.0682496735851453
2025-01-21,THA,0.00807875816262788
2025-01-22,THA,0.020913915792390148
2025-01-23,THA,0.049559558722903456
2025-01-24,THA,0.008339886654202539
2025-01-25,THA,0.008767869752224653
2025-01-26,THA,0.008294090200601944
2025-01-27,THA,0.04796998747226867
2025-01-28,THA,0.07284821032170094
2025-01-29,THA,0.08918081370445444
2025-01-30,THA,0.06997899483249123
2025-01-31,THA,0.015893254224075202
2025-02-01,THA,0.023474062331996448
2025-02-02,THA,0.014072076594535169
2025-02-03,THA,0.0052412587223984244
2025-02-04,THA,0.010527841841603248
2025-02-05,THA,0.005897563563905199
2025-02-06,THA,0.007028187122176493
2025-02-07,THA,0.006448069816621285
2025-02-08,THA,0.011622225339041784
2025-02-09,THA,0.021008711448693002
2025-02-10,THA,0.16812993255750436
2025-02-11,THA,0.07654615669105053
2025-02-12,THA,0.09274467979276914
2025-02-13,THA,0.08482650855008855
2025-02-14,THA,0.022969202052974504
2025-02-15,THA,0.013934228431021742
2025-02-16,THA,0.10822429067510253
2025-02-17,THA,0.02318839420715958
2025-02-18,THA,0.02120980175938204
2025-02-19,THA,0.016234329295155878
2025-02-20,THA,0.1095311567960799
2025-02-21,THA,0.12759189828926706
2025-02-22,THA,0.12046959481070225
2025-02-23,THA,0.10369145140151356
2025-02-24,THA,0.1605536692012833
2025-02-25,THA,0.12097239398564767
2025-02-26,THA,0.1502038221030704
2025-02-27,THA,0.01650018270749323
2025-02-28,THA,0.03315970991893092
2025-03-01,THA,0.02182777416319083
2025-03-02,THA,0.025484501073893523
2025-03-03,THA,0.012402106738367754
2025-03-04,THA,0.013007795544376899
2025-03-05,THA,0.008492258669256743
2025-03-06,THA,0.10792677217556954
2025-03-07,THA,0.10507732933974093
2025-03-08,THA,0.20649760683829907
2025-03-09,THA,0.0989541515553589
2025-03-10,THA,0.18387790164386392
2025-03-11,THA,0.15308566668955925
2025-03-12,THA,0.17268940216152612
2025-03-13,THA,0.11698236479424086
2025-03-14,THA,0.12407434098976824
2025-03-15,THA,0.005427957018297328
2025-03-16,THA,0.006394089182304263
2025-03-17,THA,0.0053394833464520414
2025-03-18,THA,0.005326193471448885
2025-03-19,THA,0.005693525356425235
2025-03-20,THA,0.006297091761551426
2025-03-21,THA,0.0053103997046851665
2025-03-22,THA,0.03296895018272008
2025-03-23,THA,0.026871238533370607
2025-03-24,THA,0.15707919604636122
2025-03-25,THA,0.11044501532905238
2025-03-26,THA,0.11575106478655368
2025-03-27,THA,0.0475360279870946
2025-03-28,THA,0.20965881054039556
2024-07-01,IDN,0.18310503837241507
2024-07-02,IDN,0.12656940019460144
2024-07-03,IDN,0.0792424148663496
2024-07-04,IDN,0.005515474679125127
2024-07-05,IDN,0.005612655682381179
2024-07-06,IDN,0.00499152292993547
2024-07-07,IDN,0.007863120973134609
2024-07-08,IDN,0.007372517408958396
2024-07-09,IDN,0.005324234314860342
2024-07-10,IDN,0.00632032508750067
2024-07-11,IDN,0.03373154340833407
2024-07-12,IDN,0.017464633982444088
2024-07-13,IDN,0.11423232189220538
2024-07-14,IDN,0.05719275375693712
2024-07-15,IDN,0.08223178099347922
2024-07-16,IDN,0.11736854617878803
2024-07-17,IDN,0.09029635859803682
2024-07-18,IDN,0.026691505542550766
2024-07-19,IDN,0.01989085603999652
2024-07-20,IDN,0.030681003680659062
2024-07-21,IDN,0.043502749310091966
2024-07-22,IDN,0.08258903960209647
2024-07-23,IDN,0.005993193389676484
2024-07-24,IDN,0.005572150223860068
2024-07-25,IDN,0.005885356604922998
2024-07-26,IDN,0.010039334507104144
2024-07-27,IDN,0.008224234054344977
2024-07-28,IDN,0.005902272370397935
2024-07-29,IDN,0.007145314059603433
2024-07-30,IDN,0.08595703321523242
2024-07-31,IDN,0.14075406266990226
2024-08-01,IDN,0.09259755324920213
2024-08-02,IDN,0.13391062902574685
2024-08-03,IDN,0.06367051855653463
2024-08-04,IDN,0.024337492128318046
2024-08-05,IDN,0.11715251426509256
2024-08-06,IDN,0.20669076874925774
2024-08-07,IDN,0.018643505337056485
2024-08-08,IDN,0.014007247257582846
2024-08-09,IDN,0.19992639955565766
2024-08-10,IDN,0.030609583955552185
2024-08-11,IDN,0.01877432748746937
2024-08-12,IDN,0.013288171175583001
2024-08-13,IDN,0.012768691623878914
2024-08-14,IDN,0.030041841301058882
2024-08-15,IDN,0.18257588177070658
2024-08-16,IDN,0.17611763252872228
2024-08-17,IDN,0.1279311656772114
2024-08-18,IDN,0.047828474093285105
2024-08-19,IDN,0.0891534252673621
2024-08-20,IDN,0.0668775216357676
2024-08-21,IDN,0.031288691268680016
2024-08-22,IDN,0.11648571577517043
2024-08-23,IDN,0.029363012294471948
2024-08-24,IDN,0.0312550434306268
2024-08-25,IDN,0.028333869094848526
2024-08-26,IDN,0.009055833505605298
2024-08-27,IDN,0.009548870992072413
2024-08-28,IDN,0.008921106570908067
2024-08-29,IDN,0.018113491913072273
2024-08-30,IDN,0.10554178344719131
2024-08-31,IDN,0.0537988770094999
2024-09-01,IDN,0.1519011528199188
2024-09-02,IDN,0.1836532039047505
2024-09-03,IDN,0.13568777748438193
2024-09-04,IDN,0.1592637800778769
2024-09-05,IDN,0.06003141724169771
2024-09-06,IDN,0.08737302325906308
2024-09-07,IDN,0.10140018332659957
2024-09-08,IDN,0.09715042017447824
2024-09-09,IDN,0.08849340127496928
2024-09-10,IDN,0.16353232701064854
2024-09-11,IDN,0.07111239960986071
2024-09-12,IDN,0.04975467060741378
2024-09-13,IDN,0.07694552179109054
2024-09-14,IDN,0.08183056374934539
2024-09-15,IDN,0.013975363175733202
2024-09-16,IDN,0.18859474921943803
2024-09-17,IDN,0.05499583474724335
2024-09-18,IDN,0.07196799104219974
2024-09-19,IDN,0.017189905354015034
2024-09-20,IDN,0.012258210765495946
2024-09-21,IDN,0.06249873965249149
2024-09-22,IDN,0.011257766571871304
2024-09-23,IDN,0.01088889894721584
2024-09-24,IDN,0.012548890848711166
2024-09-25,IDN,0.015983071184019315
2024-09-26,IDN,0.022044083480883138
2024-09-27,IDN,0.0202874625828322
2024-09-28,IDN,0.014897059328895748
2024-09-29,IDN,0.02362859018961594
2024-09-30,IDN,0.019983217955095337
2024-10-01,IDN,0.015283600884759255
2024-10-02,IDN,0.02496275342691137
2024-10-03,IDN,0.023522752271956243
2024-10-04,IDN,0.020174463579784613
2024-10-05,IDN,0.13323662701790304
2024-10-06,IDN,0.1405595044444749
2024-10-07,IDN,0.21302381409520868
2024-10-08,IDN,0.1409452803151232
2024-10-09,IDN,0.12677203829095418
2024-10-10,IDN,0.1622988060640181
2024-10-11,IDN,0.15115554123165367
2024-10-12,IDN,0.16969166582643883
2024-10-13,IDN,0.16275305233395626
2024-10-14,IDN,0.06264973686292605
2024-10-15,IDN,0.10773129688188837
2024-10-16,IDN,0.029133747966990673
2024-10-17,IDN,0.02625632071432812
2024-10-18,IDN,0.026424909382726302
2024-10-19,IDN,0.1719726837275392
2024-10-20,IDN,0.022591594576278056
2024-10-21,IDN,0.07338585379262808
2024-10-22,IDN,0.021121926740594574
2024-10-23,IDN,0.0152976863556862
2024-10-24,IDN,0.1514828997721176
2024-10-25,IDN,0.022348406480482613
2024-10-26,IDN,0.062048954727356206
2024-10-27,IDN,0.1042846766948455
2024-10-28,IDN,0.024201733331116422
2024-10-29,IDN,0.03800136485061818
2024-10-30,IDN,0.02158605670259244
2024-10-31,IDN,0.012515657969207138
2024-11-01,IDN,0.01105347231341985
2024-11-02,IDN,0.09162310816359048
2024-11-03,IDN,0.010463555489966078
2024-11-04,IDN,0.07728747913299827
2024-11-05,IDN,0.014513290186028127
2024-11-06,IDN,0.013704022306083469
2024-11-07,IDN,0.01697392741623869
2024-11-08,IDN,0.14316903037198492
2024-11-09,IDN,0.03835267679434915
2024-11-10,IDN,0.06928971819446025
2024-11-11,IDN,0.07402267861200774
2024-11-12,IDN,0.015368291613840691
2024-11-13,IDN,0.024180816780777124
2024-11-14,IDN,0.017494553572034485
2024-11-15,IDN,0.014173765179234037
2024-11-16,IDN,0.013799694761599583
2024-11-17,IDN,0.012392447652444941
2024-11-18,IDN,0.014659378301878433
2024-11-19,IDN,0.022170875203683018
2024-11-20,IDN,0.020885109430692217
2024-11-21,IDN,0.04592173821287499
2024-11-22,IDN,0.02049218336650449
2024-11-23,IDN,0.12189611129205888
2024-11-24,IDN,0.12091168646825524
2024-11-25,IDN,0.1830871287385512
2024-11-26,IDN,0.06822520390548842
2024-11-27,IDN,0.10287423274992799
2024-11-28,IDN,0.017242735086987374
2024-11-29,IDN,0.017028781398608934
2024-11-30,IDN,0.06494482078831307
2024-12-01,IDN,0.011697231253509919
2024-12-02,IDN,0.04233656471606395
2024-12-03,IDN,0.007130411984201758
2024-12-04,IDN,0.013792780071510889
2024-12-05,IDN,0.009653202406562483
2024-12-06,IDN,0.006346996454453444
2024-12-07,IDN,0.12997571171393008
2024-12-08,IDN,0.009072337535917088
2024-12-09,IDN,0.11334669943655405
2024-12-10,IDN,0.05264948565362486
2024-12-11,IDN,0.039160232594725466
2024-12-12,IDN,0.006816678128185223
2024-12-13,IDN,0.007397482520151326
2024-12-14,IDN,0.010360422595108736
2024-12-15,IDN,0.007495212022033331
2024-12-16,IDN,0.01019295591066498
2024-12-17,IDN,0.008711673882683572
2024-12-18,IDN,0.014800351048814204
2024-12-19,IDN,0.007758960357557769
2024-12-20,IDN,0.013292426463828265
2024-12-21,IDN,0.014620160531240956
2024-12-22,IDN,0.00866923964000564
2024-12-23,IDN,0.008385816798313505
2024-12-24,IDN,0.03650416106915564
2024-12-25,IDN,0.07011737326991224
2024-12-26,IDN,0.11168962235643211
2024-12-27,IDN,0.11400089950210661
2024-12-28,IDN,0.08162814368961162
2024-12-29,IDN,0.12937347311195535
2024-12-30,IDN,0.10019901863194061
2024-12-31,IDN,0.07276460673792559
2025-01-01,IDN,0.057769579840045
2025-01-02,IDN,0.04447491341605783
2025-01-03,IDN,0.037539300730563586
2025-01-04,IDN,0.036510234394879534
2025-01-05,IDN,0.03328736445016996
2025-01-06,IDN,0.031701816707596024
2025-01-07,IDN,0.0408759809003318
2025-01-08,IDN,0.17748118822895487
2025-01-09,IDN,0.12940561206939216
2025-01-10,IDN,0.1121577011971493
2025-01-11,IDN,0.08536453610518285
2025-01-12,IDN,0.07812603163702311
2025-01-13,IDN,0.1871134057362382
2025-01-14,IDN,0.08359207471326478
2025-01-15,IDN,0.01230113189048017
2025-01-16,IDN,0.009090032743101939
2025-01-17,IDN,0.031813298499416
2025-01-18,IDN,0.0075706130905123644
2025-01-19,IDN,0.006748101052987587
2025-01-20,IDN,0.005127537511953407
2025-01-21,IDN,0.004898358871902146
2025-01-22,IDN,0.00550126394959253
2025-01-23,IDN,0.005732366802425065
2025-01-24,IDN,0.0980528728374864
2025-01-25,IDN,0.006768495588445071
2025-01-26,IDN,0.0049113579752422774
2025-01-27,IDN,0.013499400145499389
2025-01-28,IDN,0.014134116333044853
2025-01-29,IDN,0.17609725326106523
2025-01-30,IDN,0.14332173540421075
2025-01-31,IDN,0.016959967393354813
2025-02-01,IDN,0.1387448341986862
2025-02-02,IDN,0.05078791986852801
2025-02-03,IDN,0.053893846233314356
2025-02-04,IDN,0.08200133908009644
2025-02-05,IDN,0.12320206731313847
2025-02-06,IDN,0.029330414398254342
2025-02-07,IDN,0.06067265727110005
2025-02-08,IDN,0.11737922582972174
2025-02-09,IDN,0.014715714351719283
2025-02-10,IDN,0.021681395253101584
2025-02-11,IDN,0.01762790689351917
2025-02-12,IDN,0.033283281099455414
2025-02-13,IDN,0.062185915358657966
2025-02-14,IDN,0.19154629520019198
2025-02-15,IDN,0.12945179815971167
2025-02-16,IDN,0.18558618136712374
2025-02-17,IDN,0.07267401487587734
2025-02-18,IDN,0.08685769080279146
2025-02-19,IDN,0.183896286993835
2025-02-20,IDN,0.09392359276252285
2025-02-21,IDN,0.12417804200413804
2025-02-22,IDN,0.184052243019994
2025-02-23,IDN,0.08563574211319326
2025-02-24,IDN,0.03585426577109071
2025-02-25,IDN,0.01799602652480431
2025-02-26,IDN,0.02359153531137381
2025-02-27,IDN,0.12178778530964976
2025-02-28,IDN,0.07236413771011867
2025-03-01,IDN,0.10261109097079173
2025-03-02,IDN,0.10866730547888112
2025-03-03,IDN,0.18003128588650555
2025-03-04,IDN,0.11558375854453555
2025-03-05,IDN,0.1071344201737678
2025-03-06,IDN,0.013988430864452605
2025-03-07,IDN,0.014347396690930329
2025-03-08,IDN,0.012441219040508005
2025-03-09,IDN,0.011409120995951037
2025-03-10,IDN,0.011079946080565324
2025-03-11,IDN,0.00816206614356416
2025-03-12,IDN,0.00838524391333647
2025-03-13,IDN,0.037620014579644034
2025-03-14,IDN,0.03200590081621945
2025-03-15,IDN,0.05763344722994642
2025-03-16,IDN,0.021497488728238253
2025-03-17,IDN,0.026761439129185834
2025-03-18,IDN,0.13391233740312813
2025-03-19,IDN,0.04437015583905376
2025-03-20,IDN,0.08073836624983277
2025-03-21,IDN,0.19222639706962466
2025-03-22,IDN,0.11047956106182323
2025-03-23,IDN,0.115105214538856
2025-03-24,IDN,0.13660497598400037
2025-03-25,IDN,0.14387949615025386
2025-03-26,IDN,0.04879579797264166
2025-03-27,IDN,0.14337578247213312
2025-03-28,IDN,0.14837931132914597
2024-07-01,TJK,0.009831365638259128
2024-07-02,TJK,0.010307441902337233
2024-07-03,TJK,0.009308109881274278
2024-07-04,TJK,0.010653329169485415
2024-07-05,TJK,0.011889767771572796
2024-07-06,TJK,0.010311024718745603
2024-07-07,TJK,0.010841820241406477
2024-07-08,TJK,0.009679788556787822
2024-07-09,TJK,0.009825714415084957
2024-07-10,TJK,0.009195768534466112
2024-07-11,TJK,0.009551097005238852
2024-07-12,TJK,0.007571964094953742
2024-07-13,TJK,0.008498238985513747
2024-07-14,TJK,0.009772672432976484
2024-07-15,TJK,0.009677535180943895
2024-07-16,TJK,0.00953398427086883
2024-07-17,TJK,0.008355776206206596
2024-07-18,TJK,0.008176024882688534
2024-07-19,TJK,0.010498236581365299
2024-07-20,TJK,0.014517513752918265
2024-07-21,TJK,0.022468132507899644
2024-07-22,TJK,0.021487809885229348
2024-07-23,TJK,0.02959654428394316
2024-07-24,TJK,0.028309817073416833
2024-07-25,TJK,0.027303151186892825
2024-07-26,TJK,0.02381030352944061
2024-07-27,TJK,0.02028428897634087
2024-07-28,TJK,0.02452335947348432
2024-07-29,TJK,0.021853213866659706
2024-07-30,TJK,0.027086509007700415
2024-07-31,TJK,0.023669207607151514
2024-08-01,TJK,0.022314855058196546
2024-08-02,TJK,0.022137933753628252
2024-08-03,TJK,0.015924415015638026
2024-08-04,TJK,0.02843278588921108
2024-08-05,TJK,0.025379681326818983
2024-08-06,TJK,0.014975021630892928
2024-08-07,TJK,0.019606797207583574
2024-08-08,TJK,0.021380947182789975
2024-08-09,TJK,0.015215046796020646
2024-08-10,TJK,0.01849862866040788
2024-08-11,TJK,0.015400160371369001
2024-08-12,TJK,0.013213014076193583
2024-08-13,TJK,0.01109351604434162
2024-08-14,TJK,0.011827484180801977
2024-08-15,TJK,0.017486140154368588
2024-08-16,TJK,0.017971787732899445
2024-08-17,TJK,0.01153292966976519
2024-08-18,TJK,0.014422628524615901
2024-08-19,TJK,0.015933323141037826
2024-08-20,TJK,0.010735907641265531
2024-08-21,TJK,0.010521008086503057
2024-08-22,TJK,0.00890284723198293
2024-08-23,TJK,0.008857469282842994
2024-08-24,TJK,0.010233033640851779
2024-08-25,TJK,0.012221149662798463
2024-08-26,TJK,0.011991217898055791
2024-08-27,TJK,0.011460383987949041
2024-08-28,TJK,0.013448678943432745
2024-08-29,TJK,0.012476209333362062
2024-08-30,TJK,0.014263700461359828
2024-08-31,TJK,0.009399256836899602
2024-09-01,TJK,0.012506677284688652
2024-09-02,TJK,0.013728093177278947
2024-09-03,TJK,0.016818084087932422
2024-09-04,TJK,0.008249335881241918
2024-09-05,TJK,0.009065725371812066
2024-09-06,TJK,0.007991835692663325
2024-09-07,TJK,0.00672713341738846
2024-09-08,TJK,0.008175198715842732
2024-09-09,TJK,0.008706757720782504
2024-09-10,TJK,0.011224096749276725
2024-09-11,TJK,0.009489655556118642
2024-09-12,TJK,0.013166253836857525
2024-09-13,TJK,0.011430031722868583
2024-09-14,TJK,0.012950710985819298
2024-09-15,TJK,0.016426808672182762
2024-09-16,TJK,0.015866129657465127
2024-09-17,TJK,0.013781026407810777
2024-09-18,TJK,0.010750500681519917
2024-09-19,TJK,0.009678888568508263
2024-09-20,TJK,0.010828135009194948
2024-09-21,TJK,0.011044665995975643
2024-09-22,TJK,0.013394032346246842
2024-09-23,TJK,0.010220278238415158
2024-09-24,TJK,0.009825334965734622
2024-09-25,TJK,0.01139265336277717
2024-09-26,TJK,0.009863890019093897
2024-09-27,TJK,0.008062415677178896
2024-09-28,TJK,0.009299614200282235
2024-09-29,TJK,0.010988831323499454
2024-09-30,TJK,0.010810122025938998
2024-10-01,TJK,0.010902963068222681
2024-10-02,TJK,0.009979935862715885
2024-10-03,TJK,0.01219320565963446
2024-10-04,TJK,0.008038223481862672
2024-10-05,TJK,0.010754279849799615
2024-10-06,TJK,0.012714957433995191
2024-10-07,TJK,0.011551727259295616
2024-10-08,TJK,0.008077730288678735
2024-10-09,TJK,0.009738537031141936
2024-10-10,TJK,0.01481899662867713
2024-10-11,TJK,0.015300774088895921
2024-10-12,TJK,0.011318022104089798
2024-10-13,TJK,0.013524006577154978
2024-10-14,TJK,0.01387161347875998
2024-10-15,TJK,0.012907123060863761
2024-10-16,TJK,0.00871997910627058
2024-10-17,TJK,0.010539879691927127
2024-10-18,TJK,0.010611727309682146
2024-10-19,TJK,0.009707624328523689
2024-10-20,TJK,0.010360161998487367
2024-10-21,TJK,0.012003587045414108
2024-10-22,TJK,0.013292161442149624
2024-10-23,TJK,0.012479520758443188
2024-10-24,TJK,0.010868817397895324
2024-10-25,TJK,0.011646047187134814
2024-10-26,TJK,0.010758858321335094
2024-10-27,TJK,0.013246625810249402
2024-10-28,TJK,0.012087052045314522
2024-10-29,TJK,0.012393359689524621
2024-10-30,TJK,0.016977096711246677
2024-10-31,TJK,0.018840049054833108
2024-11-01,TJK,0.01240132969191704
2024-11-02,TJK,0.014927318593415024
2024-11-03,TJK,0.013922521414870406
2024-11-04,TJK,0.01774678926601211
2024-11-05,TJK,0.01294031192955262
2024-11-06,TJK,0.014433508071434564
2024-11-07,TJK,0.010797316295691554
2024-11-08,TJK,0.014569472164275725
2024-11-09,TJK,0.014632922567498501
2024-11-10,TJK,0.012838428500832947
2024-11-11,TJK,0.011675482664131676
2024-11-12,TJK,0.007559880663264182
2024-11-13,TJK,0.01093187722336206
2024-11-14,TJK,0.013297219665946346
2024-11-15,TJK,0.012095281023652014
2024-11-16,TJK,0.010376014940651697
2024-11-17,TJK,0.009671765958410378
2024-11-18,TJK,0.009387372619271611
2024-11-19,TJK,0.010848152499912035
2024-11-20,TJK,0.011673634261395532
2024-11-21,TJK,0.0089742336176817
2024-11-22,TJK,0.009277142997877736
2024-11-23,TJK,0.011408961487444177
2024-11-24,TJK,0.015583916762964788
2024-11-25,TJK,0.0165566148586559
2024-11-26,TJK,0.013757839643433533
2024-11-27,TJK,0.01669493808111328
2024-11-28,TJK,0.0198435839797215
2024-11-29,TJK,0.013800272443255115
2024-11-30,TJK,0.017121328317318985
2024-12-01,TJK,0.013640380054877454
2024-12-02,TJK,0.013683042479868845
2024-12-03,TJK,0.013854836032686205
2024-12-04,TJK,0.014393638018730125
2024-12-05,TJK,0.013708795622061185
2024-12-06,TJK,0.014553863685005691
2024-12-07,TJK,0.013036470598531101
2024-12-08,TJK,0.012476485967773959
2024-12-09,TJK,0.01134501135487519
2024-12-10,TJK,0.014508632839540547
2024-12-11,TJK,0.01499300340351686
2024-12-12,TJK,0.012900242403075309
2024-12-13,TJK,0.012700622179656227
2024-12-14,TJK,0.00941359051042025
2024-12-15,TJK,0.009770442575845827
2024-12-16,TJK,0.008881271931355206
2024-12-17,TJK,0.011052328735653379
2024-12-18,TJK,0.00862092963449026
2024-12-19,TJK,0.010249916491347096
2024-12-20,TJK,0.009236703424112352
2024-12-21,TJK,0.009378744627472832
2024-12-22,TJK,0.010663465797829558
2024-12-23,TJK,0.010985012835421085
2024-12-24,TJK,0.009838293472932538
2024-12-25,TJK,0.013441972160450963
2024-12-26,TJK,0.012759636520058902
2024-12-27,TJK,0.015555388445717744
2024-12-28,TJK,0.012224324800622105
2024-12-29,TJK,0.011382477164306263
2024-12-30,TJK,0.012205749347860359
2024-12-31,TJK,0.009499528008054939
2025-01-01,TJK,0.01024986494427353
2025-01-02,TJK,0.00906872957671359
2025-01-03,TJK,0.00843240730532343
2025-01-04,TJK,0.008598472609045848
2025-01-05,TJK,0.00960243085410692
2025-01-06,TJK,0.01044553388990308
2025-01-07,TJK,0.010191684862044994
2025-01-08,TJK,0.01049567518321905
2025-01-09,TJK,0.013248693232020334
2025-01-10,TJK,0.01121663454457231
2025-01-11,TJK,0.009102113805939298
2025-01-12,TJK,0.009732181427192472
2025-01-13,TJK,0.011692873789519222
2025-01-14,TJK,0.009154444696965781
2025-01-15,TJK,0.015824076669952978
2025-01-16,TJK,0.009961478652919395
2025-01-17,TJK,0.008171150166513957
2025-01-18,TJK,0.009131675119666392
2025-01-19,TJK,0.008416454795458923
2025-01-20,TJK,0.008771732870747543
2025-01-21,TJK,0.008498302818175528
2025-01-22,TJK,0.00867439619420324
2025-01-23,TJK,0.009263426126470272
2025-01-24,TJK,0.00766402096514963
2025-01-25,TJK,0.009982023398105831
2025-01-26,TJK,0.008146381262543025
2025-01-27,TJK,0.00851639148448542
2025-01-28,TJK,0.00729011631151485
2025-01-29,TJK,0.008537660331357187
2025-01-30,TJK,0.007576799470142417
2025-01-31,TJK,0.008129237915013897
2025-02-01,TJK,0.010909072402928413
2025-02-02,TJK,0.009968253281165337
2025-02-03,TJK,0.009871058432732942
2025-02-04,TJK,0.008876881590206593
2025-02-05,TJK,0.010874964829731316
2025-02-06,TJK,0.011545580671365664
2025-02-07,TJK,0.013200928343457175
2025-02-08,TJK,0.011818447279492827
2025-02-09,TJK,0.011394821957139568
2025-02-10,TJK,0.011340382430132101
2025-02-11,TJK,0.010368221727076554
2025-02-12,TJK,0.013451717005332748
2025-02-13,TJK,0.010947259826166096
2025-02-14,TJK,0.015618828015083849
2025-02-15,TJK,0.010556177884063038
2025-02-16,TJK,0.008691752774196131
2025-02-17,TJK,0.008764604017786509
2025-02-18,TJK,0.008616216930744673
2025-02-19,TJK,0.007606898711883306
2025-02-20,TJK,0.008773998389982017
2025-02-21,TJK,0.007490984128948835
2025-02-22,TJK,0.009576738833094654
2025-02-23,TJK,0.012074620110098007
2025-02-24,TJK,0.013103203962707193
2025-02-25,TJK,0.013729554959197048
2025-02-26,TJK,0.011116791184014513
2025-02-27,TJK,0.011457674757426393
2025-02-28,TJK,0.01207083833807211
2025-03-01,TJK,0.013045302208268343
2025-03-02,TJK,0.016300936957932326
2025-03-03,TJK,0.018022021194770196
2025-03-04,TJK,0.01810519255039623
2025-03-05,TJK,0.02617850618333026
2025-03-06,TJK,0.0314447965239665
2025-03-07,TJK,0.019884732183456728
2025-03-08,TJK,0.014934750412875598
2025-03-09,TJK,0.01278776279559099
2025-03-10,TJK,0.013588774716556128
2025-03-11,TJK,0.009564041302250836
2025-03-12,TJK,0.016839242955645952
2025-03-13,TJK,0.014112572462215608
2025-03-14,TJK,0.015254676241273992
2025-03-15,TJK,0.0164082707708397
2025-03-16,TJK,0.014548978105310684
2025-03-17,TJK,0.014998799273861456
2025-03-18,TJK,0.013898190507379662
2025-03-19,TJK,0.01087999573556837
2025-03-20,TJK,0.013819076264301977
2025-03-21,TJK,0.012050247139839971
2025-03-22,TJK,0.009535414318986024
2025-03-23,TJK,0.01102802039620443
2025-03-24,TJK,0.011435205945820473
2025-03-25,TJK,0.010392726028600146
2025-03-26,TJK,0.010042778855075499
2025-03-27,TJK,0.010114139408390215
2025-03-28,TJK,0.008486904464089883
2024-07-01,KGZ,0.015028060506634168
2024-07-02,KGZ,0.011985973709191012
2024-07-03,KGZ,0.008474496462944629
2024-07-04,KGZ,0.010042178195287138
2024-07-05,KGZ,0.01075682244668496
2024-07-06,KGZ,0.009033578465588365
2024-07-07,KGZ,0.09785644362827277
2024-07-08,KGZ,0.07066089324534555
2024-07-09,KGZ,0.18522350840757862
2024-07-10,KGZ,0.05287439584236944
2024-07-11,KGZ,0.10961171979285267
2024-07-12,KGZ,0.060868113779082564
2024-07-13,KGZ,0.14303756730044148
2024-07-14,KGZ,0.05223779392237773
2024-07-15,KGZ,0.06800198353745035
2024-07-16,KGZ,0.07075355355768304
2024-07-17,KGZ,0.042255644967702705
2024-07-18,KGZ,0.03553036609912817
2024-07-19,KGZ,0.031118785176442936
2024-07-20,KGZ,0.07240656050783956
2024-07-21,KGZ,0.10699584258789431
2024-07-22,KGZ,0.08519056341179997
2024-07-23,KGZ,0.08177877385351624
2024-07-24,KGZ,0.06752124857923178
2024-07-25,KGZ,0.07915464907536954
2024-07-26,KGZ,0.0736506784454384
2024-07-27,KGZ,0.20664996119035692
2024-07-28,KGZ,0.08337375608662133
2024-07-29,KGZ,0.07465088638562294
2024-07-30,KGZ,0.06850262450399158
2024-07-31,KGZ,0.06448666763481674
2024-08-01,KGZ,0.0702293469264296
2024-08-02,KGZ,0.04590150595854481
2024-08-03,KGZ,0.06435525807958933
2024-08-04,KGZ,0.17638958219552142
2024-08-05,KGZ,0.06302095647966226
2024-08-06,KGZ,0.0764042739800236
2024-08-07,KGZ,0.040807941121135796
2024-08-08,KGZ,0.05152107628500678
2024-08-09,KGZ,0.09708002098790915
2024-08-10,KGZ,0.20815433825011045
2024-08-11,KGZ,0.14141145348695613
2024-08-12,KGZ,0.13082244782220737
2024-08-13,KGZ,0.029395889334064628
2024-08-14,KGZ,0.055331667306619835
2024-08-15,KGZ,0.0936241624702418
2024-08-16,KGZ,0.009406030314031876
2024-08-17,KGZ,0.011049420175856516
2024-08-18,KGZ,0.009767547877757559
2024-08-19,KGZ,0.006908060919158619
2024-08-20,KGZ,0.006963904419928966
2024-08-21,KGZ,0.006099513391823672
2024-08-22,KGZ,0.004948138562045484
2024-08-23,KGZ,0.029376775654950046
2024-08-24,KGZ,0.044325596115844204
2024-08-25,KGZ,0.1699204766674306
2024-08-26,KGZ,0.08860599583559996
2024-08-27,KGZ,0.052797255270674956
2024-08-28,KGZ,0.040422921897802735
2024-08-29,KGZ,0.05292987303048173
2024-08-30,KGZ,0.06176735743878719
2024-08-31,KGZ,0.2217459252829371
2024-09-01,KGZ,0.143270141354539
2024-09-02,KGZ,0.07226896957947132
2024-09-03,KGZ,0.08530436480401639
2024-09-04,KGZ,0.049452126409073316
2024-09-05,KGZ,0.13476854078289568
2024-09-06,KGZ,0.05675560473852146
2024-09-07,KGZ,0.18262693760404997
2024-09-08,KGZ,0.14492950290513934
2024-09-09,KGZ,0.14584157410212048
2024-09-10,KGZ,0.09264613576723767
2024-09-11,KGZ,0.07265941154327657
2024-09-12,KGZ,0.13885965146495413
2024-09-13,KGZ,0.05952531330888311
2024-09-14,KGZ,0.05864783685044578
2024-09-15,KGZ,0.21929143583248645
2024-09-16,KGZ,0.18598899604666896
2024-09-17,KGZ,0.05960995172243562
2024-09-18,KGZ,0.19714166550378237
2024-09-19,KGZ,0.06102174407089729
2024-09-20,KGZ,0.052746794975606644
2024-09-21,KGZ,0.1463234529576442
2024-09-22,KGZ,0.011736736582950187
2024-09-23,KGZ,0.01014406468634641
2024-09-24,KGZ,0.010627745901621235
2024-09-25,KGZ,0.011791509020797439
2024-09-26,KGZ,0.011170644786864617
2024-09-27,KGZ,0.009563314500479767
2024-09-28,KGZ,0.010371873702852127
2024-09-29,KGZ,0.014040485502227983
2024-09-30,KGZ,0.04807483738484293
2024-10-01,KGZ,0.011138168809895642
2024-10-02,KGZ,0.05382723265093282
2024-10-03,KGZ,0.012449118466525888
2024-10-04,KGZ,0.008200414767945644
2024-10-05,KGZ,0.013899714104784359
2024-10-06,KGZ,0.01208965409851884
2024-10-07,KGZ,0.012300514755582758
2024-10-08,KGZ,0.007491339119850062
2024-10-09,KGZ,0.008683430593919848
2024-10-10,KGZ,0.06867982251381557
2024-10-11,KGZ,0.08010700672874248
2024-10-12,KGZ,0.18461020263169858
2024-10-13,KGZ,0.12906626479483335
2024-10-14,KGZ,0.06768814106590808
2024-10-15,KGZ,0.10777462933486201
2024-10-16,KGZ,0.20527907565572356
2024-10-17,KGZ,0.07084059880659598
2024-10-18,KGZ,0.0934356595323751
2024-10-19,KGZ,0.05712109602779829
2024-10-20,KGZ,0.06153671393650772
2024-10-21,KGZ,0.07536772528226493
2024-10-22,KGZ,0.0917457670804892
2024-10-23,KGZ,0.015184325560288328
2024-10-24,KGZ,0.009670814593540878
2024-10-25,KGZ,0.01346430695841325
2024-10-26,KGZ,0.02810290535021719
2024-10-27,KGZ,0.012334462604117438
2024-10-28,KGZ,0.022482307558434486
2024-10-29,KGZ,0.01721958066504704
2024-10-30,KGZ,0.06853208910479068
2024-10-31,KGZ,0.07830541032811762
2024-11-01,KGZ,0.10964812811942154
2024-11-02,KGZ,0.0692433664829422
2024-11-03,KGZ,0.06544175105466463
2024-11-04,KGZ,0.2057675681933421
2024-11-05,KGZ,0.17627218889175222
2024-11-06,KGZ,0.07818803633964488
2024-11-07,KGZ,0.10027324557669609
2024-11-08,KGZ,0.013878861363544697
2024-11-09,KGZ,0.014096830099729216
2024-11-10,KGZ,0.020263041580413647
2024-11-11,KGZ,0.010916123196201886
2024-11-12,KGZ,0.007425267072253253
2024-11-13,KGZ,0.007632147300549224
2024-11-14,KGZ,0.007374420600824262
2024-11-15,KGZ,0.008214619683298566
2024-11-16,KGZ,0.04896987607380505
2024-11-17,KGZ,0.05286170432137745
2024-11-18,KGZ,0.15754067112207543
2024-11-19,KGZ,0.039074078310028015
2024-11-20,KGZ,0.059660308602572674
2024-11-21,KGZ,0.047830654487451656
2024-11-22,KGZ,0.01082246306561898
2024-11-23,KGZ,0.015038366224935457
2024-11-24,KGZ,0.06470447264428981
2024-11-25,KGZ,0.03125966158293984
2024-11-26,KGZ,0.011279321829642778
2024-11-27,KGZ,0.02421414486046935
2024-11-28,KGZ,0.013379676655340752
2024-11-29,KGZ,0.052136127348770024
2024-11-30,KGZ,0.044057387451556
2024-12-01,KGZ,0.03906891645055041
2024-12-02,KGZ,0.06665337255200912
2024-12-03,KGZ,0.04126513968260181
2024-12-04,KGZ,0.048390634744456616
2024-12-05,KGZ,0.1221648987973227
2024-12-06,KGZ,0.0456529293202414
2024-12-07,KGZ,0.05731055180715025
2024-12-08,KGZ,0.08570656979985948
2024-12-09,KGZ,0.05929187732975851
2024-12-10,KGZ,0.07168855382534399
2024-12-11,KGZ,0.06253923153455707
2024-12-12,KGZ,0.043050829641367624
2024-12-13,KGZ,0.054219996204480946
2024-12-14,KGZ,0.04891570032196183
2024-12-15,KGZ,0.06582223378806665
2024-12-16,KGZ,0.12216004876754498
2024-12-17,KGZ,0.058971432509895116
2024-12-18,KGZ,0.048614063047013
2024-12-19,KGZ,0.03764327262557058
2024-12-20,KGZ,0.18409663103771712
2024-12-21,KGZ,0.13175337757531413
2024-12-22,KGZ,0.05400129139592199
2024-12-23,KGZ,0.20381321056082977
2024-12-24,KGZ,0.17031579563352114
2024-12-25,KGZ,0.07484419768580335
2024-12-26,KGZ,0.07312474332658338
2024-12-27,KGZ,0.01587647515871454
2024-12-28,KGZ,0.0827790362691504
2024-12-29,KGZ,0.06446951851087404
2024-12-30,KGZ,0.017321592443338737
2024-12-31,KGZ,0.1571382164478354
2025-01-01,KGZ,0.01699607285340284
2025-01-02,KGZ,0.013535332720831777
2025-01-03,KGZ,0.011168435015702612
2025-01-04,KGZ,0.01545614424937821
2025-01-05,KGZ,0.16495043648211025
2025-01-06,KGZ,0.09317438824244863
2025-01-07,KGZ,0.07824248109761471
2025-01-08,KGZ,0.10694494413816857
2025-01-09,KGZ,0.21678360858431428
2025-01-10,KGZ,0.09184243770321815
2025-01-11,KGZ,0.05269165817813238
2025-01-12,KGZ,0.017091390415026875
2025-01-13,KGZ,0.01649793628935439
2025-01-14,KGZ,0.020411981095019516
2025-01-15,KGZ,0.19436197449437945
2025-01-16,KGZ,0.05951684306011818
2025-01-17,KGZ,0.012196440935743727
2025-01-18,KGZ,0.01793748798269558
2025-01-19,KGZ,0.17895627043083198
2025-01-20,KGZ,0.016776047709701966
2025-01-21,KGZ,0.027638522791569628
2025-01-22,KGZ,0.02938660643503253
2025-01-23,KGZ,0.0814776622172585
2025-01-24,KGZ,0.027216510783178365
2025-01-25,KGZ,0.018984077351701892
2025-01-26,KGZ,0.09943973854917515
2025-01-27,KGZ,0.013201463594102576
2025-01-28,KGZ,0.010213121198247072
2025-01-29,KGZ,0.014934243496030883
2025-01-30,KGZ,0.014955645728403478
2025-01-31,KGZ,0.09257897295468076
2025-02-01,KGZ,0.13178420566742946
2025-02-02,KGZ,0.14757075896838015
2025-02-03,KGZ,0.024544772397882532
2025-02-04,KGZ,0.022318948198720625
2025-02-05,KGZ,0.15780612436056482
2025-02-06,KGZ,0.15157844840302664
2025-02-07,KGZ,0.036326935319136174
2025-02-08,KGZ,0.0476461581590049
2025-02-09,KGZ,0.02908040702427097
2025-02-10,KGZ,0.015844909881016334
2025-02-11,KGZ,0.013071478774935995
2025-02-12,KGZ,0.013438501293839797
2025-02-13,KGZ,0.02844690759629668
2025-02-14,KGZ,0.07761700081985576
2025-02-15,KGZ,0.028226069351629635
2025-02-16,KGZ,0.11549936531247101
2025-02-17,KGZ,0.03677705037730973
2025-02-18,KGZ,0.012731921863543324
2025-02-19,KGZ,0.01791576848296098
2025-02-20,KGZ,0.11942652025948065
2025-02-21,KGZ,0.0439113851652705
2025-02-22,KGZ,0.06738106815132337
2025-02-23,KGZ,0.10114203854931109
2025-02-24,KGZ,0.0692522929549889
2025-02-25,KGZ,0.0973855809570495
2025-02-26,KGZ,0.08089240808984363
2025-02-27,KGZ,0.0640496137018357
2025-02-28,KGZ,0.0876107009577482
2025-03-01,KGZ,0.2069463521458762
2025-03-02,KGZ,0.08543630428770964
2025-03-03,KGZ,0.08234757963463937
2025-03-04,KGZ,0.06719652417433566
2025-03-05,KGZ,0.08561067486470499
2025-03-06,KGZ,0.14040026025216945
2025-03-07,KGZ,0.07733874478992578
2025-03-08,KGZ,0.01188287607368111
2025-03-09,KGZ,0.008759111273210198
2025-03-10,KGZ,0.009379142277230187
2025-03-11,KGZ,0.0141795024683999
2025-03-12,KGZ,0.010752683267755516
2025-03-13,KGZ,0.026911480875030556
2025-03-14,KGZ,0.009989340818620995
2025-03-15,KGZ,0.10632166902558493
2025-03-16,KGZ,0.05274054887916134
2025-03-17,KGZ,0.07752109963994515
2025-03-18,KGZ,0.07525478771195762
2025-03-19,KGZ,0.06620772177335478
2025-03-20,KGZ,0.0233650932579772
2025-03-21,KGZ,0.021758895739430396
2025-03-22,KGZ,0.01984353385407129
2025-03-23,KGZ,0.03173782496041261
2025-03-24,KGZ,0.021121533247959325
2025-03-25,KGZ,0.14409511462088037
2025-03-26,KGZ,0.07868333183054982
2025-03-27,KGZ,0.007898473010994824
2025-03-28,KGZ,0.007475900025422849
2024-07-01,ARM,0.12282187884631406
2024-07-02,ARM,0.05997663696257906
2024-07-03,ARM,0.061709349141592984
2024-07-04,ARM,0.0649767798626331
2024-07-05,ARM,0.095539988749037
2024-07-06,ARM,0.04744341282446779
2024-07-07,ARM,0.10014287624199666
2024-07-08,ARM,0.10329053178219333
2024-07-09,ARM,0.09054426310031378
2024-07-10,ARM,0.08683221440527587
2024-07-11,ARM,0.1062999405106444
2024-07-12,ARM,0.06701416587253256
2024-07-13,ARM,0.04452573315074767
2024-07-14,ARM,0.07615698882802778
2024-07-15,ARM,0.08170755968403569
2024-07-16,ARM,0.04816785219654445
2024-07-17,ARM,0.0366757006196693
2024-07-18,ARM,0.02627778164188722
2024-07-19,ARM,0.049152087406000744
2024-07-20,ARM,0.13354950654626102
2024-07-21,ARM,0.10692642701811299
2024-07-22,ARM,0.20395735207698049
2024-07-23,ARM,0.1416365275006064
2024-07-24,ARM,0.15190465705208198
2024-07-25,ARM,0.1010857578883726
2024-07-26,ARM,0.08951829623636694
2024-07-27,ARM,0.1054268405425716
2024-07-28,ARM,0.10077900939499009
2024-07-29,ARM,0.1405313499593289
2024-07-30,ARM,0.10739271079300634
2024-07-31,ARM,0.02278655542433501
2024-08-01,ARM,0.06090108477793339
2024-08-02,ARM,0.02139081273571926
2024-08-03,ARM,0.014566989775121383
2024-08-04,ARM,0.02126271796402389
2024-08-05,ARM,0.02486256167965535
2024-08-06,ARM,0.01909453086123822
2024-08-07,ARM,0.08854733872057746
2024-08-08,ARM,0.08239793675221975
2024-08-09,ARM,0.07627446969295357
2024-08-10,ARM,0.149008711278609
2024-08-11,ARM,0.15452033556829953
2024-08-12,ARM,0.10769016481415036
2024-08-13,ARM,0.06438344317438624
2024-08-14,ARM,0.0816395729791324
2024-08-15,ARM,0.11698640781442639
2024-08-16,ARM,0.07882512889603566
2024-08-17,ARM,0.06947726679344954
2024-08-18,ARM,0.09066040576107973
2024-08-19,ARM,0.09509866844865211
2024-08-20,ARM,0.08523299598937881
2024-08-21,ARM,0.06925723546365264
2024-08-22,ARM,0.06304781678909209
2024-08-23,ARM,0.09013232807906116
2024-08-24,ARM,0.07453553235061912
2024-08-25,ARM,0.1863404880448672
2024-08-26,ARM,0.11249047210713237
2024-08-27,ARM,0.06495724765547704
2024-08-28,ARM,0.09359985795227826
2024-08-29,ARM,0.09314676900699047
2024-08-30,ARM,0.06357041399831824
2024-08-31,ARM,0.10370475460798619
2024-09-01,ARM,0.10619760470762425
2024-09-02,ARM,0.10803582660396686
2024-09-03,ARM,0.06639314367542022
2024-09-04,ARM,0.04300972876157922
2024-09-05,ARM,0.10033534128170268
2024-09-06,ARM,0.06323018536626568
2024-09-07,ARM,0.1049521771671233
2024-09-08,ARM,0.16630759471008558
2024-09-09,ARM,0.1801888771857415
2024-09-10,ARM,0.11451956482162227
2024-09-11,ARM,0.08745119953905267
2024-09-12,ARM,0.0518210790710871
2024-09-13,ARM,0.059722001000084075
2024-09-14,ARM,0.06604231888088988
2024-09-15,ARM,0.10353766752988974
2024-09-16,ARM,0.12646080306143603
2024-09-17,ARM,0.10946145056608897
2024-09-18,ARM,0.060572922300735334
2024-09-19,ARM,0.06207291681477017
2024-09-20,ARM,0.058427514695512245
2024-09-21,ARM,0.18673186228167493
2024-09-22,ARM,0.1409155698853196
2024-09-23,ARM,0.11415369975086874
2024-09-24,ARM,0.11214603773726421
2024-09-25,ARM,0.09713852920591518
2024-09-26,ARM,0.07670156850583018
2024-09-27,ARM,0.09345703628872239
2024-09-28,ARM,0.12276818710441278
2024-09-29,ARM,0.112719382689434
2024-09-30,ARM,0.10085835211695382
2024-10-01,ARM,0.036770977807533745
2024-10-02,ARM,0.08376593863699316
2024-10-03,ARM,0.09665659605155098
2024-10-04,ARM,0.07091681688538218
2024-10-05,ARM,0.07809985502505803
2024-10-06,ARM,0.10176938784198813
2024-10-07,ARM,0.07404427128643667
2024-10-08,ARM,0.0798906677827403
2024-10-09,ARM,0.055432606594552424
2024-10-10,ARM,0.13686995488631126
2024-10-11,ARM,0.052596597454371556
2024-10-12,ARM,0.08453219840402695
2024-10-13,ARM,0.19657853213401846
2024-10-14,ARM,0.047922578927735965
2024-10-15,ARM,0.06831225813335949
2024-10-16,ARM,0.08656536230801003
2024-10-17,ARM,0.08941225321697537
2024-10-18,ARM,0.14357358154238747
2024-10-19,ARM,0.1034078719391181
2024-10-20,ARM,0.09560496468083196
2024-10-21,ARM,0.09065503875904095
2024-10-22,ARM,0.05410733543457413
2024-10-23,ARM,0.0944868851491406
2024-10-24,ARM,0.07470591206201475
2024-10-25,ARM,0.06896645150850506
2024-10-26,ARM,0.14043723910106257
2024-10-27,ARM,0.14427671276991508
2024-10-28,ARM,0.07109760149238342
2024-10-29,ARM,0.09262576739624433
2024-10-30,ARM,0.08148834339400765
2024-10-31,ARM,0.0859195597750591
2024-11-01,ARM,0.041077343541433636
2024-11-02,ARM,0.0967715877933459
2024-11-03,ARM,0.09944639149810394
2024-11-04,ARM,0.10854018264488512
2024-11-05,ARM,0.13633625930234872
2024-11-06,ARM,0.0752386382046046
2024-11-07,ARM,0.07789379454372865
2024-11-08,ARM,0.12398019157489745
2024-11-09,ARM,0.12294871914095364
2024-11-10,ARM,0.12142342880980718
2024-11-11,ARM,0.11407340427566852
2024-11-12,ARM,0.06468748866216723
2024-11-13,ARM,0.03767526176175735
2024-11-14,ARM,0.047289912681004506
2024-11-15,ARM,0.1146930621031875
2024-11-16,ARM,0.03979096431028222
2024-11-17,ARM,0.10667608305142506
2024-11-18,ARM,0.15763830686953567
2024-11-19,ARM,0.058472376505010006
2024-11-20,ARM,0.08211370460852385
2024-11-21,ARM,0.04435780813538613
2024-11-22,ARM,0.04219688733880067
2024-11-23,ARM,0.07034406238578757
2024-11-24,ARM,0.10135390673215453
2024-11-25,ARM,0.10615555914238903
2024-11-26,ARM,0.09435668721465545
2024-11-27,ARM,0.09969670922921473
2024-11-28,ARM,0.1646130186661692
2024-11-29,ARM,0.07734518817489183
2024-11-30,ARM,0.06150382357816492
2024-12-01,ARM,0.08742650147894478
2024-12-02,ARM,0.11761799906584454
2024-12-03,ARM,0.05938847803718302
2024-12-04,ARM,0.05549855178312157
2024-12-05,ARM,0.05765360580538154
2024-12-06,ARM,0.09032450007926707
2024-12-07,ARM,0.09549933340355746
2024-12-08,ARM,0.07480180798244035
2024-12-09,ARM,0.09054703810965531
2024-12-10,ARM,0.053107301095921315
2024-12-11,ARM,0.11432487787855249
2024-12-12,ARM,0.08386650139425814
2024-12-13,ARM,0.09914005721342718
2024-12-14,ARM,0.07602242896080222
2024-12-15,ARM,0.11492787439825394
2024-12-16,ARM,0.10260075791985201
2024-12-17,ARM,0.11431445039373685
2024-12-18,ARM,0.09304622920727158
2024-12-19,ARM,0.08012663687642971
2024-12-20,ARM,0.04187076281093548
2024-12-21,ARM,0.08516682011699828
2024-12-22,ARM,0.10038193421680372
2024-12-23,ARM,0.08579523880574658
2024-12-24,ARM,0.06797327627325132
2024-12-25,ARM,0.08608009914324988
2024-12-26,ARM,0.059286525061577285
2024-12-27,ARM,0.06217318896116305
2024-12-28,ARM,0.1040292246375511
2024-12-29,ARM,0.06473902123621982
2024-12-30,ARM,0.09695711406067735
2024-12-31,ARM,0.09696143454702204
2025-01-01,ARM,0.05711105339759042
2025-01-02,ARM,0.08345376408549189
2025-01-03,ARM,0.07066333730632295
2025-01-04,ARM,0.09322625163592789
2025-01-05,ARM,0.04940613945091057
2025-01-06,ARM,0.07999772765831858
2025-01-07,ARM,0.07814181341754352
2025-01-08,ARM,0.08904894279702068
2025-01-09,ARM,0.12609545838958056
2025-01-10,ARM,0.11911194545246064
2025-01-11,ARM,0.055513900232105055
2025-01-12,ARM,0.05724984269805959
2025-01-13,ARM,0.07771467014635416
2025-01-14,ARM,0.1502699211689899
2025-01-15,ARM,0.10044182546457359
2025-01-16,ARM,0.03460777451943787
2025-01-17,ARM,0.05864910852001874
2025-01-18,ARM,0.06633247673476121
2025-01-19,ARM,0.08200592090447797
2025-01-20,ARM,0.07793881176758745
2025-01-21,ARM,0.07973920964436083
2025-01-22,ARM,0.0523647074281073
2025-01-23,ARM,0.08120326646493459
2025-01-24,ARM,0.04281697765100002
2025-01-25,ARM,0.040021822243463345
2025-01-26,ARM,0.19528025630181928
2025-01-27,ARM,0.07102957521061397
2025-01-28,ARM,0.0413385348458044
2025-01-29,ARM,0.03467753091977929
2025-01-30,ARM,0.044069847690362866
2025-01-31,ARM,0.07382036480373716
2025-02-01,ARM,0.08630751975577115
2025-02-02,ARM,0.10086352660391766
2025-02-03,ARM,0.11438892633246214
2025-02-04,ARM,0.07949707075170696
2025-02-05,ARM,0.11909841614546553
2025-02-06,ARM,0.1088997917505895
2025-02-07,ARM,0.09437200895197043
2025-02-08,ARM,0.08180464489298397
2025-02-09,ARM,0.07144532298541649
2025-02-10,ARM,0.05775473921447064
2025-02-11,ARM,0.0763619499484778
2025-02-12,ARM,0.09779452787764838
2025-02-13,ARM,0.05585932399951439
2025-02-14,ARM,0.06741730934920333
2025-02-15,ARM,0.08173525145369558
2025-02-16,ARM,0.08485428342978783
2025-02-17,ARM,0.07699875815553492
2025-02-18,ARM,0.08614239511133497
2025-02-19,ARM,0.0646687494811359
2025-02-20,ARM,0.07674830503324932
2025-02-21,ARM,0.051317985069825246
2025-02-22,ARM,0.116754880234272
2025-02-23,ARM,0.095209682668735
2025-02-24,ARM,0.10489448719246912
2025-02-25,ARM,0.10548468523870956
2025-02-26,ARM,0.11160234144128876
2025-02-27,ARM,0.07589975306696371
2025-02-28,ARM,0.0494342709107734
2025-03-01,ARM,0.08701261850588382
2025-03-02,ARM,0.11106758304122472
2025-03-03,ARM,0.11713787622968486
2025-03-04,ARM,0.08708981438695003
2025-03-05,ARM,0.06238260462913955
2025-03-06,ARM,0.0782080928856992
2025-03-07,ARM,0.056423579000646526
2025-03-08,ARM,0.1063368888492378
2025-03-09,ARM,0.12575420966750508
2025-03-10,ARM,0.1081530204519684
2025-03-11,ARM,0.04794022125157512
2025-03-12,ARM,0.025916793690945735
2025-03-13,ARM,0.02881479451665479
2025-03-14,ARM,0.03644715348021108
2025-03-15,ARM,0.06325535386093424
2025-03-16,ARM,0.20120204375326234
2025-03-17,ARM,0.18085809933922775
2025-03-18,ARM,0.18459104574941884
2025-03-19,ARM,0.12186902450484015
2025-03-20,ARM,0.1269748364047271
2025-03-21,ARM,0.1300776015312983
2025-03-22,ARM,0.11532910703411861
2025-03-23,ARM,0.056760879520976554
2025-03-24,ARM,0.054848552274710895
2025-03-25,ARM,0.03482958897166641
2025-03-26,ARM,0.02489486980984039
2025-03-27,ARM,0.022420081028003188
2025-03-28,ARM,0.020360428267514982
2024-07-01,AZE,0.07096446391988437
2024-07-02,AZE,0.011448528177255245
2024-07-03,AZE,0.017098968012010017
2024-07-04,AZE,0.00928165201207066
2024-07-05,AZE,0.07046282885822439
2024-07-06,AZE,0.07827832096680166
2024-07-07,AZE,0.09369495138639568
2024-07-08,AZE,0.090123938483582
2024-07-09,AZE,0.09042567897355751
2024-07-10,AZE,0.1322099135385737
2024-07-11,AZE,0.08958647081146252
2024-07-12,AZE,0.1454901846554573
2024-07-13,AZE,0.10512498191319683
2024-07-14,AZE,0.11654470369966817
2024-07-15,AZE,0.13642473155035567
2024-07-16,AZE,0.04554790958256653
2024-07-17,AZE,0.048705101876331765
2024-07-18,AZE,0.04872496091408315
2024-07-19,AZE,0.07548870815034621
2024-07-20,AZE,0.10514424878572044
2024-07-21,AZE,0.13093424600368825
2024-07-22,AZE,0.1189611770764121
2024-07-23,AZE,0.11895306233882665
2024-07-24,AZE,0.10301967079170854
2024-07-25,AZE,0.12329513077775092
2024-07-26,AZE,0.03774219746057358
2024-07-27,AZE,0.0657034892694877
2024-07-28,AZE,0.07330855051077523
2024-07-29,AZE,0.05122267797582013
2024-07-30,AZE,0.03303115884033147
2024-07-31,AZE,0.023406703119199707
2024-08-01,AZE,0.033802560560343045
2024-08-02,AZE,0.030443391979858965
2024-08-03,AZE,0.07906367173418094
2024-08-04,AZE,0.10202995543198999
2024-08-05,AZE,0.10968614506048738
2024-08-06,AZE,0.08824302476450947
2024-08-07,AZE,0.11098265125825997
2024-08-08,AZE,0.08807728215256411
2024-08-09,AZE,0.07117226783132141
2024-08-10,AZE,0.06935574912557821
2024-08-11,AZE,0.1656288500457395
2024-08-12,AZE,0.05087341594007107
2024-08-13,AZE,0.05589358094277746
2024-08-14,AZE,0.048973976472424074
2024-08-15,AZE,0.07643021818024517
2024-08-16,AZE,0.04210874687030268
2024-08-17,AZE,0.18950365495206306
2024-08-18,AZE,0.0750635916528521
2024-08-19,AZE,0.16544353565664535
2024-08-20,AZE,0.12357115853603992
2024-08-21,AZE,0.11088417496139913
2024-08-22,AZE,0.03669061106828028
2024-08-23,AZE,0.04235694171683854
2024-08-24,AZE,0.06225592159767976
2024-08-25,AZE,0.09031338190247704
2024-08-26,AZE,0.0540381478181103
2024-08-27,AZE,0.048774568625253034
2024-08-28,AZE,0.038769741700224486
2024-08-29,AZE,0.05229358049863033
2024-08-30,AZE,0.05877819084903948
2024-08-31,AZE,0.05206198463264633
2024-09-01,AZE,0.07357857975722795
2024-09-02,AZE,0.07225895984458375
2024-09-03,AZE,0.06047977486539356
2024-09-04,AZE,0.039276564035869654
2024-09-05,AZE,0.044293978840960674
2024-09-06,AZE,0.05244774547970796
2024-09-07,AZE,0.05993802768934668
2024-09-08,AZE,0.09436623056517837
2024-09-09,AZE,0.0781563701131167
2024-09-10,AZE,0.0648807956922547
2024-09-11,AZE,0.053397675703033734
2024-09-12,AZE,0.042293102475156844
2024-09-13,AZE,0.043356562299341914
2024-09-14,AZE,0.03119116167618788
2024-09-15,AZE,0.02424697204414675
2024-09-16,AZE,0.034511531853911565
2024-09-17,AZE,0.03702442474754315
2024-09-18,AZE,0.03289997691267454
2024-09-19,AZE,0.0875181256326985
2024-09-20,AZE,0.04186786631165085
2024-09-21,AZE,0.04521098514144155
2024-09-22,AZE,0.12529112491370875
2024-09-23,AZE,0.09125504618267623
2024-09-24,AZE,0.05073732325072539
2024-09-25,AZE,0.03725077337874519
2024-09-26,AZE,0.0653212959109537
2024-09-27,AZE,0.06211754897497868
2024-09-28,AZE,0.0663971016086535
2024-09-29,AZE,0.08171202454621844
2024-09-30,AZE,0.08041777768100557
2024-10-01,AZE,0.12377646192726421
2024-10-02,AZE,0.06623387711164673
2024-10-03,AZE,0.023792544838279497
2024-10-04,AZE,0.0193847275798659
2024-10-05,AZE,0.020976099759768833
2024-10-06,AZE,0.02220800707330004
2024-10-07,AZE,0.05006175544637178
2024-10-08,AZE,0.021929283258339163
2024-10-09,AZE,0.017263680329709152
2024-10-10,AZE,0.026885833267157922
2024-10-11,AZE,0.03568037424437547
2024-10-12,AZE,0.10054686909560474
2024-10-13,AZE,0.10675667934824423
2024-10-14,AZE,0.11157530378230691
2024-10-15,AZE,0.08516791360092787
2024-10-16,AZE,0.08260969708160705
2024-10-17,AZE,0.09364251502132886
2024-10-18,AZE,0.0946534640572634
2024-10-19,AZE,0.11956284942857469
2024-10-20,AZE,0.0942384795714989
2024-10-21,AZE,0.08025300768134197
2024-10-22,AZE,0.04594714611902133
2024-10-23,AZE,0.08068244206546873
2024-10-24,AZE,0.044815787458959463
2024-10-25,AZE,0.05964796334837636
2024-10-26,AZE,0.10299927023067768
2024-10-27,AZE,0.036433546590299196
2024-10-28,AZE,0.18436509770569853
2024-10-29,AZE,0.07755296584194372
2024-10-30,AZE,0.11058739549318543
2024-10-31,AZE,0.11167375330839041
2024-11-01,AZE,0.0993191346061125
2024-11-02,AZE,0.13132658322177307
2024-11-03,AZE,0.12462079560792035
2024-11-04,AZE,0.1541388292420062
2024-11-05,AZE,0.11146804680695162
2024-11-06,AZE,0.12531739132344447
2024-11-07,AZE,0.15805971937221153
2024-11-08,AZE,0.09229745512540508
2024-11-09,AZE,0.07590163419196905
2024-11-10,AZE,0.1143812921517042
2024-11-11,AZE,0.16294973206436036
2024-11-12,AZE,0.13740598458580286
2024-11-13,AZE,0.07254546538920452
2024-11-14,AZE,0.0917081557713923
2024-11-15,AZE,0.05360443194913565
2024-11-16,AZE,0.036040168813169494
2024-11-17,AZE,0.020552738242924144
2024-11-18,AZE,0.14559207274638053
2024-11-19,AZE,0.034703138626109305
2024-11-20,AZE,0.01788711344618666
2024-11-21,AZE,0.03044950545138484
2024-11-22,AZE,0.024803315737074463
2024-11-23,AZE,0.032034411099795435
2024-11-24,AZE,0.036577569538480306
2024-11-25,AZE,0.05894545224933315
2024-11-26,AZE,0.07766164569932757
2024-11-27,AZE,0.048745184652840355
2024-11-28,AZE,0.05288888905872979
2024-11-29,AZE,0.07737898956924413
2024-11-30,AZE,0.10360916459300828
2024-12-01,AZE,0.08368350218263937
2024-12-02,AZE,0.07595673011459984
2024-12-03,AZE,0.070075808647917
2024-12-04,AZE,0.06342424741409984
2024-12-05,AZE,0.08686620640106527
2024-12-06,AZE,0.11538722024672357
2024-12-07,AZE,0.07022059216916135
2024-12-08,AZE,0.09704267018731146
2024-12-09,AZE,0.17890701931238506
2024-12-10,AZE,0.0863855238548915
2024-12-11,AZE,0.08297802266588541
2024-12-12,AZE,0.09234427241792711
2024-12-13,AZE,0.051257988818604494
2024-12-14,AZE,0.10058215502138079
2024-12-15,AZE,0.17856131568046035
2024-12-16,AZE,0.11643271187424736
2024-12-17,AZE,0.10119982766079151
2024-12-18,AZE,0.09179009831607768
2024-12-19,AZE,0.18048133734455105
2024-12-20,AZE,0.07523963614639119
2024-12-21,AZE,0.09844527193380949
2024-12-22,AZE,0.16320450712210172
2024-12-23,AZE,0.1221953983019291
2024-12-24,AZE,0.14823672443720065
2024-12-25,AZE,0.21426222668180106
2024-12-26,AZE,0.21232008179444692
2024-12-27,AZE,0.18917361155217455
2024-12-28,AZE,0.16199144226038756
2024-12-29,AZE,0.07546861839161871
2024-12-30,AZE,0.022386193513416832
2024-12-31,AZE,0.04199729804173208
2025-01-01,AZE,0.08573009674258837
2025-01-02,AZE,0.07082461487410581
2025-01-03,AZE,0.04102301476233859
2025-01-04,AZE,0.08717040429049282
2025-01-05,AZE,0.06789710600502151
2025-01-06,AZE,0.15554796974417323
2025-01-07,AZE,0.03994415055732768
2025-01-08,AZE,0.06949212142821153
2025-01-09,AZE,0.08030790510859281
2025-01-10,AZE,0.12741917702289862
2025-01-11,AZE,0.06251139636938294
2025-01-12,AZE,0.03315162378514681
2025-01-13,AZE,0.07714292645271066
2025-01-14,AZE,0.026033227791603823
2025-01-15,AZE,0.04650811904088368
2025-01-16,AZE,0.03974421960374343
2025-01-17,AZE,0.06596268873931214
2025-01-18,AZE,0.05619037037141647
2025-01-19,AZE,0.10025900185499081
2025-01-20,AZE,0.12119481536780309
2025-01-21,AZE,0.16994315571130073
2025-01-22,AZE,0.10253535775693885
2025-01-23,AZE,0.08893476478553677
2025-01-24,AZE,0.08381287001058499
2025-01-25,AZE,0.1374789196947426
2025-01-26,AZE,0.09368361843403727
2025-01-27,AZE,0.11243052158529936
2025-01-28,AZE,0.07656168050137538
2025-01-29,AZE,0.11840586778873236
2025-01-30,AZE,0.11059637299192
2025-01-31,AZE,0.11116327118637691
2025-02-01,AZE,0.11334474423775812
2025-02-02,AZE,0.10783044408266639
2025-02-03,AZE,0.08145137570458844
2025-02-04,AZE,0.06440771896165418
2025-02-05,AZE,0.12366609505088881
2025-02-06,AZE,0.14877287345871276
2025-02-07,AZE,0.004937173590111686
2025-02-08,AZE,0.005330793450302044
2025-02-09,AZE,0.006452823639336422
2025-02-10,AZE,0.005478377770316685
2025-02-11,AZE,0.004687154269880507
2025-02-12,AZE,0.004772067089892846
2025-02-13,AZE,0.004557529920623366
2025-02-14,AZE,0.08108997165878022
2025-02-15,AZE,0.057271246394014416
2025-02-16,AZE,0.06924889810741637
2025-02-17,AZE,0.0598469235928001
2025-02-18,AZE,0.11843814132475068
2025-02-19,AZE,0.03968695372715442
2025-02-20,AZE,0.11857388333576299
2025-02-21,AZE,0.05915927491789437
2025-02-22,AZE,0.16651839148417175
2025-02-23,AZE,0.1938982154072885
2025-02-24,AZE,0.07787899610476795
2025-02-25,AZE,0.09136710973527154
2025-02-26,AZE,0.09160420706562285
2025-02-27,AZE,0.07007927807765048
2025-02-28,AZE,0.06603229129838714
2025-03-01,AZE,0.09185547417361686
2025-03-02,AZE,0.12356818896880417
2025-03-03,AZE,0.14673879294224373
2025-03-04,AZE,0.08553002962826232
2025-03-05,AZE,0.10658144524425643
2025-03-06,AZE,0.07127275344234062
2025-03-07,AZE,0.10061440071546979
2025-03-08,AZE,0.11106758537187475
2025-03-09,AZE,0.07915355101281951
2025-03-10,AZE,0.07607483265236747
2025-03-11,AZE,0.0775723459973273
2025-03-12,AZE,0.04690577978465214
2025-03-13,AZE,0.035745654131964705
2025-03-14,AZE,0.03903639659680361
2025-03-15,AZE,0.03895682493904341
2025-03-16,AZE,0.04164660885546148
2025-03-17,AZE,0.043769723876224874
2025-03-18,AZE,0.04687488021759332
2025-03-19,AZE,0.08628795015630353
2025-03-20,AZE,0.08680326824795064
2025-03-21,AZE,0.08836298228746002
2025-03-22,AZE,0.06558647623801969
2025-03-23,AZE,0.067009919111959
2025-03-24,AZE,0.06198612259467739
2025-03-25,AZE,0.06290543990379162
2025-03-26,AZE,0.07085957558096052
2025-03-27,AZE,0.057177391090466635
2025-03-28,AZE,0.05370584418951969
2024-07-01,HTI,0.1738234378105555
2024-07-02,HTI,0.08343494130460112
2024-07-03,HTI,0.1020195854740734
2024-07-04,HTI,0.177144646786471
2024-07-05,HTI,0.11677828342930008
2024-07-06,HTI,0.19328400413882
2024-07-07,HTI,0.005081324877149901
2024-07-08,HTI,0.004783623148195633
2024-07-09,HTI,0.004901149864520156
2024-07-10,HTI,0.0058739167953818245
2024-07-11,HTI,0.005628595481595973
2024-07-12,HTI,0.004511120145789923
2024-07-13,HTI,0.00465853598555357
2024-07-14,HTI,0.1320990847488297
2024-07-15,HTI,0.22110360140049437
2024-07-16,HTI,0.13216458354886487
2024-07-17,HTI,0.16653699381822942
2024-07-18,HTI,0.03856382436638834
2024-07-19,HTI,0.0906812753214865
2024-07-20,HTI,0.04313201546658894
2024-07-21,HTI,0.19636233343043383
2024-07-22,HTI,0.005641186887065089
2024-07-23,HTI,0.006455937501550766
2024-07-24,HTI,0.009275555811512466
2024-07-25,HTI,0.00818228985191123
2024-07-26,HTI,0.0047077326697812704
2024-07-27,HTI,0.004666771750248609
2024-07-28,HTI,0.026441330356670782
2024-07-29,HTI,0.028962825966273406
2024-07-30,HTI,0.007530416345954551
2024-07-31,HTI,0.008531142186813423
2024-08-01,HTI,0.0243859335528221
2024-08-02,HTI,0.00853567624285125
2024-08-03,HTI,0.006043472186569532
2024-08-04,HTI,0.004817880778014614
2024-08-05,HTI,0.0048363652736888715
2024-08-06,HTI,0.014532041960316636
2024-08-07,HTI,0.007212133062443263
2024-08-08,HTI,0.009224731249184229
2024-08-09,HTI,0.00736490787363708
2024-08-10,HTI,0.01928499988428138
2024-08-11,HTI,0.15974224438610377
2024-08-12,HTI,0.03438597707584121
2024-08-13,HTI,0.029984423592809714
2024-08-14,HTI,0.0376938122617595
2024-08-15,HTI,0.2098078998344369
2024-08-16,HTI,0.04511287025183469
2024-08-17,HTI,0.014269965993775415
2024-08-18,HTI,0.017636077282619216
2024-08-19,HTI,0.05494163654726968
2024-08-20,HTI,0.005975249457634942
2024-08-21,HTI,0.006298883886104569
2024-08-22,HTI,0.004821027291103983
2024-08-23,HTI,0.004848574698914942
2024-08-24,HTI,0.01050134711790846
2024-08-25,HTI,0.026552831749328393
2024-08-26,HTI,0.004884949270172803
2024-08-27,HTI,0.03144525463526035
2024-08-28,HTI,0.00922413774980835
2024-08-29,HTI,0.06687136460809019
2024-08-30,HTI,0.06935949833837782
2024-08-31,HTI,0.12218736595090354
2024-09-01,HTI,0.08276555332572218
2024-09-02,HTI,0.027032201527859238
2024-09-03,HTI,0.023812344795017277
2024-09-04,HTI,0.009258524229529684
2024-09-05,HTI,0.021686747751982288
2024-09-06,HTI,0.020274210291141768
2024-09-07,HTI,0.014888444709329256
2024-09-08,HTI,0.008610543932310836
2024-09-09,HTI,0.02202057384973759
2024-09-10,HTI,0.013869831078365535
2024-09-11,HTI,0.016906805874138193
2024-09-12,HTI,0.0856746608027974
2024-09-13,HTI,0.05214196942689331
2024-09-14,HTI,0.024434420800094434
2024-09-15,HTI,0.013736510647742613
2024-09-16,HTI,0.006341625547284833
2024-09-17,HTI,0.007309257287329817
2024-09-18,HTI,0.007627144318161246
2024-09-19,HTI,0.008489590117841811
2024-09-20,HTI,0.006953741878314477
2024-09-21,HTI,0.06804005797651441
2024-09-22,HTI,0.11054182242015637
2024-09-23,HTI,0.07113620012009263
2024-09-24,HTI,0.013277850480087441
2024-09-25,HTI,0.024441464790916176
2024-09-26,HTI,0.07338957134290185
2024-09-27,HTI,0.07287806847486392
2024-09-28,HTI,0.007878149292150654
2024-09-29,HTI,0.032653269079183256
2024-09-30,HTI,0.021634567662484585
2024-10-01,HTI,0.006591378382005308
2024-10-02,HTI,0.005260193744182118
2024-10-03,HTI,0.22262839785329233
2024-10-04,HTI,0.010271834359234802
2024-10-05,HTI,0.007275923326855038
2024-10-06,HTI,0.008362162959264141
2024-10-07,HTI,0.01560657135253071
2024-10-08,HTI,0.13193650998088613
2024-10-09,HTI,0.014423897223580399
2024-10-10,HTI,0.004409803046552929
2024-10-11,HTI,0.004151457608156126
2024-10-12,HTI,0.00492855618257671
2024-10-13,HTI,0.004231672076794882
2024-10-14,HTI,0.005196310027131958
2024-10-15,HTI,0.00413564944467795
2024-10-16,HTI,0.004159134161591476
2024-10-17,HTI,0.03620255491900406
2024-10-18,HTI,0.008550079622210818
2024-10-19,HTI,0.013047025663527516
2024-10-20,HTI,0.019574330329684086
2024-10-21,HTI,0.033560095567840974
2024-10-22,HTI,0.08663882206530679
2024-10-23,HTI,0.015088961147838432
2024-10-24,HTI,0.13377532735689757
2024-10-25,HTI,0.05770904986424337
2024-10-26,HTI,0.03909915229006666
2024-10-27,HTI,0.02312829811167387
2024-10-28,HTI,0.010074168621608072
2024-10-29,HTI,0.015023627685846535
2024-10-30,HTI,0.005703913008129612
2024-10-31,HTI,0.007021561566780893
2024-11-01,HTI,0.005123554278145707
2024-11-02,HTI,0.009118652154558399
2024-11-03,HTI,0.006928785794402175
2024-11-04,HTI,0.02445516479750946
2024-11-05,HTI,0.013910825283751435
2024-11-06,HTI,0.1108318826579074
2024-11-07,HTI,0.0598949513913096
2024-11-08,HTI,0.12396210941916151
2024-11-09,HTI,0.019468380156342006
2024-11-10,HTI,0.018747429747240474
2024-11-11,HTI,0.20698344751393025
2024-11-12,HTI,0.23038737861172093
2024-11-13,HTI,0.19693274164352306
2024-11-14,HTI,0.21225984257077518
2024-11-15,HTI,0.19388739269809807
2024-11-16,HTI,0.18107224595162674
2024-11-17,HTI,0.19442971818667526
2024-11-18,HTI,0.13229324201515943
2024-11-19,HTI,0.18602862462878741
2024-11-20,HTI,0.012881254643596244
2024-11-21,HTI,0.015682861893155566
2024-11-22,HTI,0.011694212908800863
2024-11-23,HTI,0.008768117326423385
2024-11-24,HTI,0.008301441523580892
2024-11-25,HTI,0.008220882561168086
2024-11-26,HTI,0.005865194260066162
2024-11-27,HTI,0.005702594922764393
2024-11-28,HTI,0.005764289319942072
2024-11-29,HTI,0.006282689783493659
2024-11-30,HTI,0.029413841441894354
2024-12-01,HTI,0.0071888290929549535
2024-12-02,HTI,0.014602381195637436
2024-12-03,HTI,0.012585554905932104
2024-12-04,HTI,0.03732434707633775
2024-12-05,HTI,0.060971607995019814
2024-12-06,HTI,0.2271834495809961
2024-12-07,HTI,0.2202506479637733
2024-12-08,HTI,0.2227011155806765
2024-12-09,HTI,0.2056628182690634
2024-12-10,HTI,0.2211756609733844
2024-12-11,HTI,0.16147164841205056
2024-12-12,HTI,0.06746837173272932
2024-12-13,HTI,0.006618647203216466
2024-12-14,HTI,0.00613577430340552
2024-12-15,HTI,0.0094527168900453
2024-12-16,HTI,0.004777956023626581
2024-12-17,HTI,0.004916919171249234
2024-12-18,HTI,0.004666334250335386
2024-12-19,HTI,0.004707631743465739
2024-12-20,HTI,0.0045023575712509895
2024-12-21,HTI,0.016991068909704542
2024-12-22,HTI,0.005292502964278859
2024-12-23,HTI,0.0046277851199738275
2024-12-24,HTI,0.030648872583935793
2024-12-25,HTI,0.040836739537602265
2024-12-26,HTI,0.04596080017182969
2024-12-27,HTI,0.057028502738421576
2024-12-28,HTI,0.00436000218559992
2024-12-29,HTI,0.005551081072425633
2024-12-30,HTI,0.004572387418398308
2024-12-31,HTI,0.007233381916854135
2025-01-01,HTI,0.006160075254225574
2025-01-02,HTI,0.006973632930105376
2025-01-03,HTI,0.006006919379293482
2025-01-04,HTI,0.18495777363478907
2025-01-05,HTI,0.059191492459206435
2025-01-06,HTI,0.21796384402275024
2025-01-07,HTI,0.17106659945453168
2025-01-08,HTI,0.02057970571486137
2025-01-09,HTI,0.15441475684572237
2025-01-10,HTI,0.09885381337966012
2025-01-11,HTI,0.07023060095560436
2025-01-12,HTI,0.021392699999707096
2025-01-13,HTI,0.03650953610631421
2025-01-14,HTI,0.027015550211628075
2025-01-15,HTI,0.04020804255220669
2025-01-16,HTI,0.011457391232722864
2025-01-17,HTI,0.02505688096782887
2025-01-18,HTI,0.07432735655760915
2025-01-19,HTI,0.01823517253455788
2025-01-20,HTI,0.010899351670303339
2025-01-21,HTI,0.03144893437359276
2025-01-22,HTI,0.007353484350383777
2025-01-23,HTI,0.03344914880516537
2025-01-24,HTI,0.040654361688203175
2025-01-25,HTI,0.006739369174395014
2025-01-26,HTI,0.007100961645675529
2025-01-27,HTI,0.20639515318890625
2025-01-28,HTI,0.21272232190174745
2025-01-29,HTI,0.1214809484903617
2025-01-30,HTI,0.09712693197008897
2025-01-31,HTI,0.18015575006653664
2025-02-01,HTI,0.12853324120461365
2025-02-02,HTI,0.1910766076412287
2025-02-03,HTI,0.0065795204510571996
2025-02-04,HTI,0.055989657269147265
2025-02-05,HTI,0.013460904458498601
2025-02-06,HTI,0.006992121386668657
2025-02-07,HTI,0.0054965900529214025
2025-02-08,HTI,0.005852038252236193
2025-02-09,HTI,0.016913867343906465
2025-02-10,HTI,0.13209672301128472
2025-02-11,HTI,0.0617271134974528
2025-02-12,HTI,0.0786303941938457
2025-02-13,HTI,0.10507362998843446
2025-02-14,HTI,0.18602566268404333
2025-02-15,HTI,0.0668801775328188
2025-02-16,HTI,0.19813554339380196
2025-02-17,HTI,0.021160370961169083
2025-02-18,HTI,0.030564157622407138
2025-02-19,HTI,0.012550691033324294
2025-02-20,HTI,0.1564232045993748
2025-02-21,HTI,0.01880844358278979
2025-02-22,HTI,0.01356166707785178
2025-02-23,HTI,0.015075425365688056
2025-02-24,HTI,0.12332188316938304
2025-02-25,HTI,0.012906978239854507
2025-02-26,HTI,0.008396354375114311
2025-02-27,HTI,0.007891486229381408
2025-02-28,HTI,0.013150227255419587
2025-03-01,HTI,0.008108416226679809
2025-03-02,HTI,0.21411099663645325
2025-03-03,HTI,0.0132532570788144
2025-03-04,HTI,0.008203622822972465
2025-03-05,HTI,0.012616184616478102
2025-03-06,HTI,0.006876195962525839
2025-03-07,HTI,0.17171868113815159
2025-03-08,HTI,0.016949178187735118
2025-03-09,HTI,0.010026289212353122
2025-03-10,HTI,0.00657071090131128
2025-03-11,HTI,0.009652443838073146
2025-03-12,HTI,0.11060096818845269
2025-03-13,HTI,0.034866446268186926
2025-03-14,HTI,0.015200665163195749
2025-03-15,HTI,0.02973327390825663
2025-03-16,HTI,0.17297528734139694
2025-03-17,HTI,0.01363827924547657
2025-03-18,HTI,0.08879965865500612
2025-03-19,HTI,0.21051190825306343
2025-03-20,HTI,0.04238013641102714
2025-03-21,HTI,0.014948843776268405
2025-03-22,HTI,0.09384357270312017
2025-03-23,HTI,0.20008677333029548
2025-03-24,HTI,0.17534144239770502
2025-03-25,HTI,0.06931942851401163
2025-03-26,HTI,0.1510713734413771
2025-03-27,HTI,0.018425919358003678
2025-03-28,HTI,0.019027547230138303
2024-07-01,COL,0.015499332002126014
2024-07-02,COL,0.0075161182230257
2024-07-03,COL,0.007051914880468921
2024-07-04,COL,0.00863077221598871
2024-07-05,COL,0.011573397431834677
2024-07-06,COL,0.006876861743719963
2024-07-07,COL,0.01737640501112872
2024-07-08,COL,0.016306524014644108
2024-07-09,COL,0.007455615457266535
2024-07-10,COL,0.008810960956315719
2024-07-11,COL,0.012448361510982114
2024-07-12,COL,0.008811781624181485
2024-07-13,COL,0.01431315248384585
2024-07-14,COL,0.01709337317488933
2024-07-15,COL,0.011941773845347881
2024-07-16,COL,0.021366090611340986
2024-07-17,COL,0.029121757233086642
2024-07-18,COL,0.024368474673501665
2024-07-19,COL,0.03199876037674511
2024-07-20,COL,0.025140274916814233
2024-07-21,COL,0.11234057729775743
2024-07-22,COL,0.05028669604264188
2024-07-23,COL,0.008168072203318982
2024-07-24,COL,0.012294740220052206
2024-07-25,COL,0.009316392370918105
2024-07-26,COL,0.007037877340497739
2024-07-27,COL,0.007554214382445781
2024-07-28,COL,0.006573219042954418
2024-07-29,COL,0.0077456329642288
2024-07-30,COL,0.006938901918413705
2024-07-31,COL,0.006174250382868118
2024-08-01,COL,0.006837260225633786
2024-08-02,COL,0.007656593587043969
2024-08-03,COL,0.008096944721574788
2024-08-04,COL,0.012375108410513784
2024-08-05,COL,0.011425186616502245
2024-08-06,COL,0.014455512758815363
2024-08-07,COL,0.0233310740586194
2024-08-08,COL,0.014349225769355944
2024-08-09,COL,0.012552021649198539
2024-08-10,COL,0.0115517742940301
2024-08-11,COL,0.014483294798739624
2024-08-12,COL,0.17906389589357516
2024-08-13,COL,0.06138777493519957
2024-08-14,COL,0.01210568769185453
2024-08-15,COL,0.02774398360495576
2024-08-16,COL,0.02958963680679473
2024-08-17,COL,0.011576173826143281
2024-08-18,COL,0.01269351352443303
2024-08-19,COL,0.006546351686092943
2024-08-20,COL,0.009007458755853537
2024-08-21,COL,0.010584154756347984
2024-08-22,COL,0.01178394079449259
2024-08-23,COL,0.00567561319761729
2024-08-24,COL,0.006072806402816989
2024-08-25,COL,0.0080175599424928
2024-08-26,COL,0.015216535490470995
2024-08-27,COL,0.020925521105196444
2024-08-28,COL,0.01102826904917927
2024-08-29,COL,0.02806910865717288
2024-08-30,COL,0.007269245056238621
2024-08-31,COL,0.005995741464774692
2024-09-01,COL,0.006861404763978604
2024-09-02,COL,0.004899653197118437
2024-09-03,COL,0.005130056359561423
2024-09-04,COL,0.005370048274294457
2024-09-05,COL,0.007223484684934483
2024-09-06,COL,0.00509656468424162
2024-09-07,COL,0.005135790097889575
2024-09-08,COL,0.07968732948268636
2024-09-09,COL,0.006004960211532772
2024-09-10,COL,0.019183581565229087
2024-09-11,COL,0.006981649800231629
2024-09-12,COL,0.021834559091946558
2024-09-13,COL,0.007012610687098218
2024-09-14,COL,0.016327532942626396
2024-09-15,COL,0.009133917899646763
2024-09-16,COL,0.005820965830006531
2024-09-17,COL,0.007976698158653083
2024-09-18,COL,0.021166085831905053
2024-09-19,COL,0.006516903513349361
2024-09-20,COL,0.010274491491493466
2024-09-21,COL,0.005171907304057288
2024-09-22,COL,0.00835857205976874
2024-09-23,COL,0.04613666701559143
2024-09-24,COL,0.029682523949424937
2024-09-25,COL,0.020583150834620992
2024-09-26,COL,0.01193448363688268
2024-09-27,COL,0.007841893954163678
2024-09-28,COL,0.010987303520042502
2024-09-29,COL,0.09837651433270878
2024-09-30,COL,0.0209213853114042
2024-10-01,COL,0.04622186834452146
2024-10-02,COL,0.020372767939593632
2024-10-03,COL,0.03593414302291346
2024-10-04,COL,0.03837256397930227
2024-10-05,COL,0.040007398961200855
2024-10-06,COL,0.009145353009654784
2024-10-07,COL,0.004982580294506977
2024-10-08,COL,0.007561184186496296
2024-10-09,COL,0.006176089899066728
2024-10-10,COL,0.004813159077731269
2024-10-11,COL,0.010925548628767061
2024-10-12,COL,0.005975938995447534
2024-10-13,COL,0.014813040683405262
2024-10-14,COL,0.010433903161969378
2024-10-15,COL,0.007243241815594919
2024-10-16,COL,0.006141217189048132
2024-10-17,COL,0.006479899477289606
2024-10-18,COL,0.006725894828653141
2024-10-19,COL,0.006101980961165919
2024-10-20,COL,0.005313765145043832
2024-10-21,COL,0.008099080353904787
2024-10-22,COL,0.007459673031664255
2024-10-23,COL,0.008006071019859291
2024-10-24,COL,0.0054566558744610985
2024-10-25,COL,0.014303908516969784
2024-10-26,COL,0.016871971105303092
2024-10-27,COL,0.0172259708533406
2024-10-28,COL,0.008150842572997455
2024-10-29,COL,0.00849727461512898
2024-10-30,COL,0.011595858360996235
2024-10-31,COL,0.009527996480580605
2024-11-01,COL,0.1253968077264631
2024-11-02,COL,0.01263790487011167
2024-11-03,COL,0.00661657817674767
2024-11-04,COL,0.0072823541545855965
2024-11-05,COL,0.00581923334309896
2024-11-06,COL,0.00557265613080353
2024-11-07,COL,0.01824907917340927
2024-11-08,COL,0.011297089606303812
2024-11-09,COL,0.005509284649214592
2024-11-10,COL,0.008281331191462647
2024-11-11,COL,0.005261296400536116
2024-11-12,COL,0.005245206719960822
2024-11-13,COL,0.005320713248455483
2024-11-14,COL,0.006898871645818417
2024-11-15,COL,0.019454382934949315
2024-11-16,COL,0.014468001686510362
2024-11-17,COL,0.005218428658427192
2024-11-18,COL,0.005360146029856017
2024-11-19,COL,0.005629876203354739
2024-11-20,COL,0.02058080086187953
2024-11-21,COL,0.00923326382363562
2024-11-22,COL,0.010054644875532004
2024-11-23,COL,0.005536291226230522
2024-11-24,COL,0.005620831505051877
2024-11-25,COL,0.00613117036942461
2024-11-26,COL,0.010617255589609855
2024-11-27,COL,0.006645457668654283
2024-11-28,COL,0.0062472193219692005
2024-11-29,COL,0.0050863218602368605
2024-11-30,COL,0.04271370872007152
2024-12-01,COL,0.009046723049095309
2024-12-02,COL,0.006463253963305749
2024-12-03,COL,0.010233507553371705
2024-12-04,COL,0.045247197336935295
2024-12-05,COL,0.02329798033757485
2024-12-06,COL,0.008829990453791613
2024-12-07,COL,0.00601932334647006
2024-12-08,COL,0.006280990235678127
2024-12-09,COL,0.0059227215605542555
2024-12-10,COL,0.005516923770058745
2024-12-11,COL,0.005638676484536224
2024-12-12,COL,0.006534874433818658
2024-12-13,COL,0.005610561109202861
2024-12-14,COL,0.007051964558678387
2024-12-15,COL,0.019204067628852038
2024-12-16,COL,0.009350274272169227
2024-12-17,COL,0.027834187769193743
2024-12-18,COL,0.012137772453625227
2024-12-19,COL,0.008808094587687132
2024-12-20,COL,0.007926077182477318
2024-12-21,COL,0.011710973698019923
2024-12-22,COL,0.0077932653664596835
2024-12-23,COL,0.009556374244382111
2024-12-24,COL,0.006678033369903671
2024-12-25,COL,0.005490480146494313
2024-12-26,COL,0.0053526113049515555
2024-12-27,COL,0.006947351549490182
2024-12-28,COL,0.005247096370819993
2024-12-29,COL,0.005209641547885657
2024-12-30,COL,0.005142585205909242
2024-12-31,COL,0.00550029290389266
2025-01-01,COL,0.009467220350726129
2025-01-02,COL,0.022634356876252492
2025-01-03,COL,0.007869500873047813
2025-01-04,COL,0.01164787658907449
2025-01-05,COL,0.007793876868214508
2025-01-06,COL,0.0158207022815667
2025-01-07,COL,0.010009829277159394
2025-01-08,COL,0.00933022964861115
2025-01-09,COL,0.015984811925177506
2025-01-10,COL,0.010042569686969779
2025-01-11,COL,0.01836760620573757
2025-01-12,COL,0.011686292070801284
2025-01-13,COL,0.019399843546428246
2025-01-14,COL,0.015058821240075277
2025-01-15,COL,0.025618240357750625
2025-01-16,COL,0.19176026971854818
2025-01-17,COL,0.0487563940547407
2025-01-18,COL,0.15772045856808817
2025-01-19,COL,0.16386272891760129
2025-01-20,COL,0.00998200348607925
2025-01-21,COL,0.014045447433469608
2025-01-22,COL,0.00928959187101767
2025-01-23,COL,0.005167270150739046
2025-01-24,COL,0.004883832489308458
2025-01-25,COL,0.014499285598241539
2025-01-26,COL,0.005624719670146002
2025-01-27,COL,0.008910953005182347
2025-01-28,COL,0.006866116528382047
2025-01-29,COL,0.007573594100510135
2025-01-30,COL,0.012944435784220278
2025-01-31,COL,0.0067423136949366575
2025-02-01,COL,0.0070626560144782455
2025-02-02,COL,0.00703848758729252
2025-02-03,COL,0.02704269365659859
2025-02-04,COL,0.010845785102297374
2025-02-05,COL,0.017346509944729565
2025-02-06,COL,0.00787610545238842
2025-02-07,COL,0.009576819793109074
2025-02-08,COL,0.011400659004423934
2025-02-09,COL,0.00918711137296403
2025-02-10,COL,0.02544763244522254
2025-02-11,COL,0.024816950140001355
2025-02-12,COL,0.009575231306476582
2025-02-13,COL,0.02328023746774393
2025-02-14,COL,0.012492471834743682
2025-02-15,COL,0.0422777713242984
2025-02-16,COL,0.05822940570896378
2025-02-17,COL,0.012491923035413962
2025-02-18,COL,0.014423660774933887
2025-02-19,COL,0.01542412528821944
2025-02-20,COL,0.08237178514628904
2025-02-21,COL,0.10218967777179873
2025-02-22,COL,0.08462682851297489
2025-02-23,COL,0.015092680444998332
2025-02-24,COL,0.0168731727977961
2025-02-25,COL,0.017218036760022818
2025-02-26,COL,0.006071579931942962
2025-02-27,COL,0.0075077305051516365
2025-02-28,COL,0.005502937282072514
2025-03-01,COL,0.017544366636716456
2025-03-02,COL,0.008249728713688924
2025-03-03,COL,0.01843904218061041
2025-03-04,COL,0.006258414348311618
2025-03-05,COL,0.009094630652258698
2025-03-06,COL,0.00800223331665017
2025-03-07,COL,0.007135806579797682
2025-03-08,COL,0.015566342189470676
2025-03-09,COL,0.06994394564808093
2025-03-10,COL,0.008108244357416434
2025-03-11,COL,0.01665040503187079
2025-03-12,COL,0.007080592842896716
2025-03-13,COL,0.005889459567314133
2025-03-14,COL,0.006750890584477719
2025-03-15,COL,0.038775770786668655
2025-03-16,COL,0.008393457501883415
2025-03-17,COL,0.005899650830222179
2025-03-18,COL,0.00668237827182181
2025-03-19,COL,0.008795176064852925
2025-03-20,COL,0.005732597163826108
2025-03-21,COL,0.005675131654071259
2025-03-22,COL,0.00867046114253357
2025-03-23,COL,0.06857201875923005
2025-03-24,COL,0.006448907094856433
2025-03-25,COL,0.007271379767622463
2025-03-26,COL,0.06302814159764485
2025-03-27,COL,0.007192471019500596
2025-03-28,COL,0.0063160643240729
2024-07-01,MEX,0.00426455243675348
2024-07-02,MEX,0.0042533171039736235
2024-07-03,MEX,0.004643306311406901
2024-07-04,MEX,0.0042993352632096655
2024-07-05,MEX,0.0043534777573536665
2024-07-06,MEX,0.004628101658112285
2024-07-07,MEX,0.006504308374360274
2024-07-08,MEX,0.004412270729153963
2024-07-09,MEX,0.004694468225046849
2024-07-10,MEX,0.00474556996016965
2024-07-11,MEX,0.005386229229776183
2024-07-12,MEX,0.004438916354329125
2024-07-13,MEX,0.0045047191296398136
2024-07-14,MEX,0.004590014696691129
2024-07-15,MEX,0.011822056238624534
2024-07-16,MEX,0.005488076917904445
2024-07-17,MEX,0.004486856906407877
2024-07-18,MEX,0.012968894447504101
2024-07-19,MEX,0.004974111516234854
2024-07-20,MEX,0.005604315831385882
2024-07-21,MEX,0.005887079775432468
2024-07-22,MEX,0.005473954891038676
2024-07-23,MEX,0.00505378231456275
2024-07-24,MEX,0.004676081979925189
2024-07-25,MEX,0.006899584611195465
2024-07-26,MEX,0.006986174360964677
2024-07-27,MEX,0.004812860443044129
2024-07-28,MEX,0.0050037773577336405
2024-07-29,MEX,0.004583563780918943
2024-07-30,MEX,0.004778430698338047
2024-07-31,MEX,0.005023246513332433
2024-08-01,MEX,0.005285934361921475
2024-08-02,MEX,0.00553049018664046
2024-08-03,MEX,0.004764784463656935
2024-08-04,MEX,0.005023340023470094
2024-08-05,MEX,0.006276960405218694
2024-08-06,MEX,0.005140015396838049
2024-08-07,MEX,0.0047761294049130775
2024-08-08,MEX,0.00619365892362749
2024-08-09,MEX,0.004899973486712802
2024-08-10,MEX,0.0062744773283365095
2024-08-11,MEX,0.007205178341953545
2024-08-12,MEX,0.005125300271232315
2024-08-13,MEX,0.004788030615185552
2024-08-14,MEX,0.006121340213398917
2024-08-15,MEX,0.005220062072778812
2024-08-16,MEX,0.004744158675683246
2024-08-17,MEX,0.0047261921162382835
2024-08-18,MEX,0.004926460156096503
2024-08-19,MEX,0.005712099815007488
2024-08-20,MEX,0.004511531637700217
2024-08-21,MEX,0.005150794864023524
2024-08-22,MEX,0.004749376436749175
2024-08-23,MEX,0.004680221077322722
2024-08-24,MEX,0.004552996897176225
2024-08-25,MEX,0.004390714747673989
2024-08-26,MEX,0.005888868009407424
2024-08-27,MEX,0.005872517236715642
2024-08-28,MEX,0.004726633567727838
2024-08-29,MEX,0.004943909663598677
2024-08-30,MEX,0.004789646234666172
2024-08-31,MEX,0.01360833600089406
2024-09-01,MEX,0.005663926307906584
2024-09-02,MEX,0.0045532037065268436
2024-09-03,MEX,0.004281006024565856
2024-09-04,MEX,0.00440211475176762
2024-09-05,MEX,0.0052874334522493936
2024-09-06,MEX,0.004927859864569048
2024-09-07,MEX,0.004399909915698145
2024-09-08,MEX,0.0045809726713516566
2024-09-09,MEX,0.005349210712109152
2024-09-10,MEX,0.0048341332854344235
2024-09-11,MEX,0.008281103982398506
2024-09-12,MEX,0.004622265180302522
2024-09-13,MEX,0.004579567133122775
2024-09-14,MEX,0.004849637685896501
2024-09-15,MEX,0.010580041646107582
2024-09-16,MEX,0.02650016815465526
2024-09-17,MEX,0.004820222447988991
2024-09-18,MEX,0.004760035478685734
2024-09-19,MEX,0.007296650682139831
2024-09-20,MEX,0.005219475528902491
2024-09-21,MEX,0.0066422422876806966
2024-09-22,MEX,0.005143456209238583
2024-09-23,MEX,0.005458029741081188
2024-09-24,MEX,0.0052965253434621665
2024-09-25,MEX,0.005089671839240833
2024-09-26,MEX,0.005868433824132869
2024-09-27,MEX,0.005082083045819549
2024-09-28,MEX,0.004661468957898447
2024-09-29,MEX,0.008479881356539999
2024-09-30,MEX,0.006203350082534021
2024-10-01,MEX,0.017866801254369253
2024-10-02,MEX,0.009246244377736395
2024-10-03,MEX,0.013386989663427416
2024-10-04,MEX,0.005153918894623491
2024-10-05,MEX,0.005876158625473995
2024-10-06,MEX,0.005250923530644464
2024-10-07,MEX,0.006266511825520607
2024-10-08,MEX,0.0048795357666332195
2024-10-09,MEX,0.00501062952109158
2024-10-10,MEX,0.04992896070681345
2024-10-11,MEX,0.005081660517381699
2024-10-12,MEX,0.005093034386043825
2024-10-13,MEX,0.007746383221575535
2024-10-14,MEX,0.006376354897195659
2024-10-15,MEX,0.007108432767768914
2024-10-16,MEX,0.005162792891104877
2024-10-17,MEX,0.043393735601190545
2024-10-18,MEX,0.006141295073211379
2024-10-19,MEX,0.009794522007447177
2024-10-20,MEX,0.005399598210129022
2024-10-21,MEX,0.02663188378309093
2024-10-22,MEX,0.0071097097095844585
2024-10-23,MEX,0.00664783161394593
2024-10-24,MEX,0.01175869769387337
2024-10-25,MEX,0.012178975220338145
2024-10-26,MEX,0.0059256718098532985
2024-10-27,MEX,0.005922367240788523
2024-10-28,MEX,0.006523516374095601
2024-10-29,MEX,0.01960914733308451
2024-10-30,MEX,0.005025830440421244
2024-10-31,MEX,0.008982005567894203
2024-11-01,MEX,0.004457308112863433
2024-11-02,MEX,0.005340061642759573
2024-11-03,MEX,0.0046842312382774035
2024-11-04,MEX,0.007889693175583709
2024-11-05,MEX,0.004891634981120261
2024-11-06,MEX,0.00553682883878746
2024-11-07,MEX,0.0513004334297157
2024-11-08,MEX,0.005934093706277495
2024-11-09,MEX,0.009974704152617165
2024-11-10,MEX,0.006542085235178749
2024-11-11,MEX,0.00781331798406517
2024-11-12,MEX,0.005083001593572655
2024-11-13,MEX,0.005273604670890986
2024-11-14,MEX,0.005938411978089647
2024-11-15,MEX,0.004414671555501919
2024-11-16,MEX,0.01088806595732062
2024-11-17,MEX,0.004469687536017239
2024-11-18,MEX,0.00434431443415611
2024-11-19,MEX,0.00476242506228835
2024-11-20,MEX,0.004706423077308794
2024-11-21,MEX,0.004708145928902868
2024-11-22,MEX,0.0062469026279201555
2024-11-23,MEX,0.005440612360076114
2024-11-24,MEX,0.005334732328727448
2024-11-25,MEX,0.005507403428689606
2024-11-26,MEX,0.00508919039151524
2024-11-27,MEX,0.0065383605349182165
2024-11-28,MEX,0.005999468638516351
2024-11-29,MEX,0.00749111690502862
2024-11-30,MEX,0.008053169958544371
2024-12-01,MEX,0.00535187197727046
2024-12-02,MEX,0.004725774255024806
2024-12-03,MEX,0.011428532285486525
2024-12-04,MEX,0.005319072020898946
2024-12-05,MEX,0.006719185108208964
2024-12-06,MEX,0.004732871617356221
2024-12-07,MEX,0.005528594543214691
2024-12-08,MEX,0.006552780793633865
2024-12-09,MEX,0.005249123887877001
2024-12-10,MEX,0.007696470833338398
2024-12-11,MEX,0.006352067427519805
2024-12-12,MEX,0.006044058660147943
2024-12-13,MEX,0.005485935185386741
2024-12-14,MEX,0.004585036868139374
2024-12-15,MEX,0.005227516305075361
2024-12-16,MEX,0.024089758027397636
2024-12-17,MEX,0.005250428251324082
2024-12-18,MEX,0.00919374279121639
2024-12-19,MEX,0.0050920583916817235
2024-12-20,MEX,0.0050904017760171495
2024-12-21,MEX,0.0047886378653153
2024-12-22,MEX,0.004872269377336652
2024-12-23,MEX,0.004760157683523702
2024-12-24,MEX,0.0057642043517223615
2024-12-25,MEX,0.005599280177912343
2024-12-26,MEX,0.004775098159391876
2024-12-27,MEX,0.04276976067570068
2024-12-28,MEX,0.007629873654741111
2024-12-29,MEX,0.005937465053642478
2024-12-30,MEX,0.005823885790467367
2024-12-31,MEX,0.008285122080588923
2025-01-01,MEX,0.005265550260687662
2025-01-02,MEX,0.010170688436158799
2025-01-03,MEX,0.00483764162356168
2025-01-04,MEX,0.006420367776027333
2025-01-05,MEX,0.005278740371685391
2025-01-06,MEX,0.021242026857643318
2025-01-07,MEX,0.005474438784083286
2025-01-08,MEX,0.004727773007776783
2025-01-09,MEX,0.005879885972804645
2025-01-10,MEX,0.0060054225325199195
2025-01-11,MEX,0.004687968758607942
2025-01-12,MEX,0.005123780941705483
2025-01-13,MEX,0.005296523456164341
2025-01-14,MEX,0.01019996045669823
2025-01-15,MEX,0.004598496737749848
2025-01-16,MEX,0.004592110344361005
2025-01-17,MEX,0.004708017882159917
2025-01-18,MEX,0.0053204646272176324
2025-01-19,MEX,0.005360013799905335
2025-01-20,MEX,0.025543632458179037
2025-01-21,MEX,0.008831737443961712
2025-01-22,MEX,0.0053217208744435075
2025-01-23,MEX,0.019946971086742663
2025-01-24,MEX,0.007576822801316652
2025-01-25,MEX,0.005290373630060266
2025-01-26,MEX,0.004603452080828533
2025-01-27,MEX,0.006711342018227425
2025-01-28,MEX,0.011107113603466213
2025-01-29,MEX,0.005039335787432058
2025-01-30,MEX,0.005271203434630239
2025-01-31,MEX,0.013244026251833074
2025-02-01,MEX,0.007673182324170637
2025-02-02,MEX,0.0055571617890334876
2025-02-03,MEX,0.007941951033124657
2025-02-04,MEX,0.012245486570319788
2025-02-05,MEX,0.01747509898247018
2025-02-06,MEX,0.005754923180829182
2025-02-07,MEX,0.0052645486167383244
2025-02-08,MEX,0.0387746463307334
2025-02-09,MEX,0.008387964212461822
2025-02-10,MEX,0.004623347659442174
2025-02-11,MEX,0.00530881140274024
2025-02-12,MEX,0.004680384178843966
2025-02-13,MEX,0.017936502518973958
2025-02-14,MEX,0.005423943101719946
2025-02-15,MEX,0.0044986326326101915
2025-02-16,MEX,0.01707642396579021
2025-02-17,MEX,0.00479591472880765
2025-02-18,MEX,0.0057666315025779475
2025-02-19,MEX,0.005649833887292081
2025-02-20,MEX,0.019209421964333288
2025-02-21,MEX,0.005681296676797424
2025-02-22,MEX,0.026255829377158903
2025-02-23,MEX,0.013746964324104043
2025-02-24,MEX,0.0053558151155780375
2025-02-25,MEX,0.004905793663343234
2025-02-26,MEX,0.005401574294237648
2025-02-27,MEX,0.004816613010605034
2025-02-28,MEX,0.00490019245919216
2025-03-01,MEX,0.028864306027281184
2025-03-02,MEX,0.005517411825793587
2025-03-03,MEX,0.004772772749899325
2025-03-04,MEX,0.007216187378647884
2025-03-05,MEX,0.005911921953125745
2025-03-06,MEX,0.006660857684071344
2025-03-07,MEX,0.0071345677844617894
2025-03-08,MEX,0.004823678058620583
2025-03-09,MEX,0.007678761347472379
2025-03-10,MEX,0.004834980533215164
2025-03-11,MEX,0.004786244887811554
2025-03-12,MEX,0.0047117544696558995
2025-03-13,MEX,0.005460307796798494
2025-03-14,MEX,0.005225678261382981
2025-03-15,MEX,0.007821188224661676
2025-03-16,MEX,0.024794355632582303
2025-03-17,MEX,0.005147079771290048
2025-03-18,MEX,0.005089199721420583
2025-03-19,MEX,0.0063905580741444494
2025-03-20,MEX,0.005347691894822073
2025-03-21,MEX,0.005967285755155536
2025-03-22,MEX,0.004931153623018405
2025-03-23,MEX,0.006700492700903801
2025-03-24,MEX,0.004774398629543572
2025-03-25,MEX,0.005283423928338596
2025-03-26,MEX,0.005056269813190114
2025-03-27,MEX,0.006491860811369157
2025-03-28,MEX,0.004619780015329633
2024-07-01,VEN,0.015386312628465959
2024-07-02,VEN,0.02573604436300775
2024-07-03,VEN,0.014548690648975545
2024-07-04,VEN,0.01079579148528918
2024-07-05,VEN,0.017471413585878483
2024-07-06,VEN,0.02191540388055706
2024-07-07,VEN,0.02734682035368846
2024-07-08,VEN,0.032415128212475115
2024-07-09,VEN,0.036409888967328725
2024-07-10,VEN,0.03010734573505953
2024-07-11,VEN,0.025496331234169806
2024-07-12,VEN,0.023783793189519363
2024-07-13,VEN,0.03348349119874451
2024-07-14,VEN,0.022246904708138848
2024-07-15,VEN,0.13312000489387055
2024-07-16,VEN,0.04574928089462758
2024-07-17,VEN,0.009943515778630544
2024-07-18,VEN,0.007288958323339855
2024-07-19,VEN,0.009652649282210797
2024-07-20,VEN,0.08297518529463986
2024-07-21,VEN,0.011622032327509862
2024-07-22,VEN,0.007525772695328863
2024-07-23,VEN,0.012112640422152958
2024-07-24,VEN,0.007114785032303651
2024-07-25,VEN,0.00804280822362013
2024-07-26,VEN,0.006927477906496971
2024-07-27,VEN,0.011986751611361965
2024-07-28,VEN,0.011501317785546014
2024-07-29,VEN,0.1157567840589884
2024-07-30,VEN,0.1578869286657298
2024-07-31,VEN,0.09449067155734993
2024-08-01,VEN,0.040757307189836056
2024-08-02,VEN,0.0524897262775743
2024-08-03,VEN,0.03893449277354542
2024-08-04,VEN,0.021733599150237554
2024-08-05,VEN,0.018130919022506325
2024-08-06,VEN,0.05106640216962991
2024-08-07,VEN,0.06387867033182797
2024-08-08,VEN,0.024754571892041045
2024-08-09,VEN,0.09813139213241612
2024-08-10,VEN,0.019981667841472626
2024-08-11,VEN,0.028487694350536132
2024-08-12,VEN,0.015929849363353323
2024-08-13,VEN,0.08828966116224035
2024-08-14,VEN,0.007312399370284617
2024-08-15,VEN,0.008419109687843903
2024-08-16,VEN,0.007348203041214263
2024-08-17,VEN,0.006792870759247399
2024-08-18,VEN,0.006281429577313344
2024-08-19,VEN,0.0067098341985605
2024-08-20,VEN,0.006767675625156381
2024-08-21,VEN,0.011046399322161981
2024-08-22,VEN,0.008606122933777195
2024-08-23,VEN,0.044351374563924344
2024-08-24,VEN,0.016360351940204566
2024-08-25,VEN,0.016902543179247408
2024-08-26,VEN,0.0867863076648549
2024-08-27,VEN,0.021424574836010752
2024-08-28,VEN,0.01158356741195103
2024-08-29,VEN,0.02392673305159618
2024-08-30,VEN,0.008647449789880905
2024-08-31,VEN,0.014272649202522247
2024-09-01,VEN,0.009195520589868588
2024-09-02,VEN,0.011193101474793705
2024-09-03,VEN,0.017572138473266437
2024-09-04,VEN,0.007865980444603553
2024-09-05,VEN,0.008568229948636158
2024-09-06,VEN,0.009434905569253416
2024-09-07,VEN,0.007685233845574423
2024-09-08,VEN,0.010511429481806769
2024-09-09,VEN,0.010384977934345237
2024-09-10,VEN,0.008069500108681299
2024-09-11,VEN,0.012223040024004908
2024-09-12,VEN,0.009756395247455193
2024-09-13,VEN,0.008408299460570725
2024-09-14,VEN,0.013491941535719483
2024-09-15,VEN,0.013972498525211041
2024-09-16,VEN,0.011353697204349693
2024-09-17,VEN,0.00763677143563272
2024-09-18,VEN,0.007650578559141257
2024-09-19,VEN,0.009971533230522038
2024-09-20,VEN,0.009494944965653682
2024-09-21,VEN,0.010604439936388392
2024-09-22,VEN,0.018643609425491203
2024-09-23,VEN,0.02300783167783406
2024-09-24,VEN,0.02765199034489316
2024-09-25,VEN,0.014311654456211206
2024-09-26,VEN,0.018162858286386585
2024-09-27,VEN,0.019681859129165744
2024-09-28,VEN,0.014248512416596365
2024-09-29,VEN,0.014920660490369312
2024-09-30,VEN,0.007560379167350149
2024-10-01,VEN,0.012818801613959555
2024-10-02,VEN,0.006899658460060808
2024-10-03,VEN,0.01204959977320766
2024-10-04,VEN,0.009482161286638976
2024-10-05,VEN,0.010801679412390817
2024-10-06,VEN,0.007622941248236309
2024-10-07,VEN,0.012663555979229578
2024-10-08,VEN,0.0085257228616342
2024-10-09,VEN,0.012076101992430088
2024-10-10,VEN,0.009362483718599173
2024-10-11,VEN,0.007325550447139766
2024-10-12,VEN,0.008370929341661972
2024-10-13,VEN,0.007166979115937896
2024-10-14,VEN,0.007963026951232358
2024-10-15,VEN,0.009389808107226925
2024-10-16,VEN,0.03241070677068297
2024-10-17,VEN,0.01941157494229207
2024-10-18,VEN,0.018575904716935054
2024-10-19,VEN,0.025863483801427795
2024-10-20,VEN,0.018412204326680576
2024-10-21,VEN,0.02124778621729046
2024-10-22,VEN,0.018136918065398876
2024-10-23,VEN,0.027249164203997134
2024-10-24,VEN,0.03152523679702034
2024-10-25,VEN,0.03405922642272395
2024-10-26,VEN,0.06162212441019925
2024-10-27,VEN,0.027530434083635754
2024-10-28,VEN,0.034572946087976696
2024-10-29,VEN,0.023665936877251267
2024-10-30,VEN,0.02922546108500888
2024-10-31,VEN,0.014491917097496719
2024-11-01,VEN,0.012707638498580058
2024-11-02,VEN,0.013534296134324443
2024-11-03,VEN,0.013145147903644233
2024-11-04,VEN,0.014017657767471194
2024-11-05,VEN,0.009346364486859493
2024-11-06,VEN,0.013004122453607162
2024-11-07,VEN,0.012995194242354364
2024-11-08,VEN,0.01710478016093283
2024-11-09,VEN,0.03579987967660814
2024-11-10,VEN,0.06320420193127352
2024-11-11,VEN,0.021505914324088996
2024-11-12,VEN,0.012933920220488336
2024-11-13,VEN,0.014166765159944828
2024-11-14,VEN,0.0156814740435527
2024-11-15,VEN,0.013182631486056787
2024-11-16,VEN,0.03174494619269168
2024-11-17,VEN,0.014612127273470252
2024-11-18,VEN,0.006543819875701709
2024-11-19,VEN,0.006072572288816239
2024-11-20,VEN,0.007094877421184579
2024-11-21,VEN,0.007240600068541115
2024-11-22,VEN,0.007059108217945951
2024-11-23,VEN,0.007033308867604476
2024-11-24,VEN,0.013199083514748971
2024-11-25,VEN,0.015106612725322753
2024-11-26,VEN,0.013126868895095642
2024-11-27,VEN,0.015027172921731951
2024-11-28,VEN,0.01659237136991251
2024-11-29,VEN,0.04125134214207731
2024-11-30,VEN,0.019185719070602004
2024-12-01,VEN,0.014346988900626178
2024-12-02,VEN,0.028686937704763243
2024-12-03,VEN,0.025453177907720007
2024-12-04,VEN,0.015617694155297599
2024-12-05,VEN,0.058929942917615386
2024-12-06,VEN,0.026575905214663624
2024-12-07,VEN,0.02694602259716787
2024-12-08,VEN,0.022184366336881985
2024-12-09,VEN,0.022223268804514907
2024-12-10,VEN,0.013616421561469437
2024-12-11,VEN,0.016076043406897673
2024-12-12,VEN,0.016607127423736642
2024-12-13,VEN,0.062141331651056855
2024-12-14,VEN,0.02610624220424979
2024-12-15,VEN,0.03148444511324134
2024-12-16,VEN,0.05067272918607695
2024-12-17,VEN,0.013742120767271571
2024-12-18,VEN,0.01757589693544083
2024-12-19,VEN,0.01391959244834929
2024-12-20,VEN,0.010058175154746564
2024-12-21,VEN,0.011215961293936497
2024-12-22,VEN,0.01304384968971577
2024-12-23,VEN,0.013273921613041069
2024-12-24,VEN,0.011985614986652668
2024-12-25,VEN,0.022937329682545173
2024-12-26,VEN,0.017887530305800363
2024-12-27,VEN,0.09652334966744881
2024-12-28,VEN,0.02164358516782708
2024-12-29,VEN,0.017866390341415933
2024-12-30,VEN,0.018092744918169354
2024-12-31,VEN,0.017211658311349406
2025-01-01,VEN,0.026886372135398632
2025-01-02,VEN,0.015416899688533613
2025-01-03,VEN,0.009304033091735109
2025-01-04,VEN,0.01337571498478073
2025-01-05,VEN,0.012128443047901704
2025-01-06,VEN,0.018558197920848875
2025-01-07,VEN,0.01907353764038212
2025-01-08,VEN,0.012704002951154033
2025-01-09,VEN,0.01918115489161374
2025-01-10,VEN,0.12756493836400865
2025-01-11,VEN,0.08502620872441377
2025-01-12,VEN,0.02140521182188264
2025-01-13,VEN,0.024876348532279362
2025-01-14,VEN,0.010554091951236525
2025-01-15,VEN,0.017719974701194918
2025-01-16,VEN,0.019863904478450448
2025-01-17,VEN,0.011888813493975319
2025-01-18,VEN,0.015516595049990367
2025-01-19,VEN,0.01525256271072839
2025-01-20,VEN,0.016549500001727016
2025-01-21,VEN,0.04799404915993663
2025-01-22,VEN,0.017115120308152754
2025-01-23,VEN,0.015213031772580522
2025-01-24,VEN,0.012445183005033444
2025-01-25,VEN,0.012029881689503518
2025-01-26,VEN,0.0095770255440917
2025-01-27,VEN,0.008910464263205011
2025-01-28,VEN,0.006582771142191029
2025-01-29,VEN,0.007402760915278313
2025-01-30,VEN,0.007018893185041876
2025-01-31,VEN,0.007400742672460338
2025-02-01,VEN,0.010358166559628023
2025-02-02,VEN,0.0069421957436114606
2025-02-03,VEN,0.012359892346024831
2025-02-04,VEN,0.04125702772104779
2025-02-05,VEN,0.020822759528455567
2025-02-06,VEN,0.024108791782092936
2025-02-07,VEN,0.020858168042570728
2025-02-08,VEN,0.02120944818584935
2025-02-09,VEN,0.019518596872945354
2025-02-10,VEN,0.11453170937637437
2025-02-11,VEN,0.010570507200699507
2025-02-12,VEN,0.01181339723925803
2025-02-13,VEN,0.010464071606028776
2025-02-14,VEN,0.010020301385921384
2025-02-15,VEN,0.008448083861986404
2025-02-16,VEN,0.011051395327653788
2025-02-17,VEN,0.005396865129069063
2025-02-18,VEN,0.0053865770921267
2025-02-19,VEN,0.005531093129441792
2025-02-20,VEN,0.005527316825784378
2025-02-21,VEN,0.005438920929917578
2025-02-22,VEN,0.005967616227837391
2025-02-23,VEN,0.006362237923203904
2025-02-24,VEN,0.015273942389429631
2025-02-25,VEN,0.01855521827437625
2025-02-26,VEN,0.01308087975727479
2025-02-27,VEN,0.017385912475985185
2025-02-28,VEN,0.011125276316686548
2025-03-01,VEN,0.01768781576999203
2025-03-02,VEN,0.027416433911179212
2025-03-03,VEN,0.016912605034022827
2025-03-04,VEN,0.012446279807740775
2025-03-05,VEN,0.011894663761721623
2025-03-06,VEN,0.01393289139098516
2025-03-07,VEN,0.007870937699408803
2025-03-08,VEN,0.015661856988302122
2025-03-09,VEN,0.009213945629083158
2025-03-10,VEN,0.008792204539042133
2025-03-11,VEN,0.007821491008849194
2025-03-12,VEN,0.0867822331659623
2025-03-13,VEN,0.02921276174359758
2025-03-14,VEN,0.02174123060972342
2025-03-15,VEN,0.01099297746741858
2025-03-16,VEN,0.019174921532971782
2025-03-17,VEN,0.013624472660360012
2025-03-18,VEN,0.011219889735296175
2025-03-19,VEN,0.00731253584590406
2025-03-20,VEN,0.006317077342568591
2025-03-21,VEN,0.005322147879336261
2025-03-22,VEN,0.005586761915075747
2025-03-23,VEN,0.005336417815682307
2025-03-24,VEN,0.006475136427049029
2025-03-25,VEN,0.0055866534719051
2025-03-26,VEN,0.0070308187381924086
2025-03-27,VEN,0.01237987282891605
2025-03-28,VEN,0.013544857982687848
2024-07-01,ECU,0.007015409879166727
2024-07-02,ECU,0.007086200112879728
2024-07-03,ECU,0.008637523970733953
2024-07-04,ECU,0.007726108894191804
2024-07-05,ECU,0.005763787333241039
2024-07-06,ECU,0.008546027577133485
2024-07-07,ECU,0.00808720980438714
2024-07-08,ECU,0.0074947547875382345
2024-07-09,ECU,0.008770919740271093
2024-07-10,ECU,0.00866099418958182
2024-07-11,ECU,0.007444282286250947
2024-07-12,ECU,0.009594201148519917
2024-07-13,ECU,0.008033506462113305
2024-07-14,ECU,0.007621197362430053
2024-07-15,ECU,0.007756318265788841
2024-07-16,ECU,0.008651413856027197
2024-07-17,ECU,0.006524361520238086
2024-07-18,ECU,0.0075005310151481245
2024-07-19,ECU,0.007083490975502564
2024-07-20,ECU,0.007885031581841177
2024-07-21,ECU,0.007802567297760347
2024-07-22,ECU,0.010741061461017783
2024-07-23,ECU,0.006155501536579522
2024-07-24,ECU,0.0077410314625754595
2024-07-25,ECU,0.009913339711623198
2024-07-26,ECU,0.007246600330842588
2024-07-27,ECU,0.014148288702292478
2024-07-28,ECU,0.008324179352964253
2024-07-29,ECU,0.009265276361010365
2024-07-30,ECU,0.008880042525924402
2024-07-31,ECU,0.009093375686820303
2024-08-01,ECU,0.008027953473736738
2024-08-02,ECU,0.007008859511173866
2024-08-03,ECU,0.008969244356691065
2024-08-04,ECU,0.013214798168558925
2024-08-05,ECU,0.008054615383819899
2024-08-06,ECU,0.007924090271807217
2024-08-07,ECU,0.008470173055328397
2024-08-08,ECU,0.0076989530316883
2024-08-09,ECU,0.007252132393081405
2024-08-10,ECU,0.00767216497355823
2024-08-11,ECU,0.008238317598947229
2024-08-12,ECU,0.009096582330227235
2024-08-13,ECU,0.008801112732396293
2024-08-14,ECU,0.0068339140987134705
2024-08-15,ECU,0.007141613808342171
2024-08-16,ECU,0.007725418002037743
2024-08-17,ECU,0.007372086126300176
2024-08-18,ECU,0.011542772359411601
2024-08-19,ECU,0.007180183920319279
2024-08-20,ECU,0.006849562781772744
2024-08-21,ECU,0.007517348007064578
2024-08-22,ECU,0.006970162036450443
2024-08-23,ECU,0.007040931754479093
2024-08-24,ECU,0.009783081630550205
2024-08-25,ECU,0.0063764775723781034
2024-08-26,ECU,0.007302769275998736
2024-08-27,ECU,0.007326834587358059
2024-08-28,ECU,0.006591662717654868
2024-08-29,ECU,0.006748021130349835
2024-08-30,ECU,0.008046950497818882
2024-08-31,ECU,0.011380183727834652
2024-09-01,ECU,0.007353470943417984
2024-09-02,ECU,0.011860952222301348
2024-09-03,ECU,0.007083982073437794
2024-09-04,ECU,0.0073816829033224
2024-09-05,ECU,0.007636542946288174
2024-09-06,ECU,0.010347846927811344
2024-09-07,ECU,0.009088694525630216
2024-09-08,ECU,0.010741934274513625
2024-09-09,ECU,0.010026625367751273
2024-09-10,ECU,0.008085727882010977
2024-09-11,ECU,0.009022084740348485
2024-09-12,ECU,0.010549970193502642
2024-09-13,ECU,0.008268531240564201
2024-09-14,ECU,0.00940763249402724
2024-09-15,ECU,0.009595804823867635
2024-09-16,ECU,0.00860641617492478
2024-09-17,ECU,0.006919709328828513
2024-09-18,ECU,0.0076878399049882746
2024-09-19,ECU,0.006782115072614919
2024-09-20,ECU,0.008008406805732369
2024-09-21,ECU,0.007623908828070024
2024-09-22,ECU,0.0070666137107138535
2024-09-23,ECU,0.007363714636037332
2024-09-24,ECU,0.007520546594350135
2024-09-25,ECU,0.0070722082554283035
2024-09-26,ECU,0.008725561127888968
2024-09-27,ECU,0.008958399471716496
2024-09-28,ECU,0.006497947644583206
2024-09-29,ECU,0.00944392830437058
2024-09-30,ECU,0.006673721923884907
2024-10-01,ECU,0.007020098712137025
2024-10-02,ECU,0.006312601094456204
2024-10-03,ECU,0.006812193601331434
2024-10-04,ECU,0.00769200384369055
2024-10-05,ECU,0.009393804125287345
2024-10-06,ECU,0.007062811227222585
2024-10-07,ECU,0.007841268552120884
2024-10-08,ECU,0.007722997664033306
2024-10-09,ECU,0.0106273371252587
2024-10-10,ECU,0.009500814037093316
2024-10-11,ECU,0.0069269441035718525
2024-10-12,ECU,0.00802502480844461
2024-10-13,ECU,0.008023029794551155
2024-10-14,ECU,0.007583980077180317
2024-10-15,ECU,0.008232946465048002
2024-10-16,ECU,0.009155932462359403
2024-10-17,ECU,0.009144442169950206
2024-10-18,ECU,0.0102350348160733
2024-10-19,ECU,0.00759464408590688
2024-10-20,ECU,0.007614632889814712
2024-10-21,ECU,0.008107993099818026
2024-10-22,ECU,0.009819659574345966
2024-10-23,ECU,0.010852811564890963
2024-10-24,ECU,0.010056478518045118
2024-10-25,ECU,0.009135524432387715
2024-10-26,ECU,0.012077417075178091
2024-10-27,ECU,0.008690375554302592
2024-10-28,ECU,0.0086765190478583
2024-10-29,ECU,0.006961864154872833
2024-10-30,ECU,0.009790159333333668
2024-10-31,ECU,0.008590193059491939
2024-11-01,ECU,0.009135666983402842
2024-11-02,ECU,0.010763165783945799
2024-11-03,ECU,0.007724721079643022
2024-11-04,ECU,0.009722620249389628
2024-11-05,ECU,0.006925725320429535
2024-11-06,ECU,0.008426264246716447
2024-11-07,ECU,0.006461419428529637
2024-11-08,ECU,0.008243739137439577
2024-11-09,ECU,0.00722404166819323
2024-11-10,ECU,0.006448227551614338
2024-11-11,ECU,0.005962424214710402
2024-11-12,ECU,0.006572953343977593
2024-11-13,ECU,0.008312877977771197
2024-11-14,ECU,0.006641680671615491
2024-11-15,ECU,0.005297974479668272
2024-11-16,ECU,0.006384985971881833
2024-11-17,ECU,0.00678400648504074
2024-11-18,ECU,0.006981807879483525
2024-11-19,ECU,0.006633594864088808
2024-11-20,ECU,0.005912379194052092
2024-11-21,ECU,0.007964969362743782
2024-11-22,ECU,0.007494923988418011
2024-11-23,ECU,0.007933160126080748
2024-11-24,ECU,0.008719541930277373
2024-11-25,ECU,0.007733515782301488
2024-11-26,ECU,0.007861604238377493
2024-11-27,ECU,0.009143959507467781
2024-11-28,ECU,0.009170289923742116
2024-11-29,ECU,0.008473100900398621
2024-11-30,ECU,0.015529339512916154
2024-12-01,ECU,0.06699237782656439
2024-12-02,ECU,0.008478088233627864
2024-12-03,ECU,0.008249011767035994
2024-12-04,ECU,0.009020795814854167
2024-12-05,ECU,0.01415013854352151
2024-12-06,ECU,0.006650302346285759
2024-12-07,ECU,0.007218002002417885
2024-12-08,ECU,0.0060620860678244825
2024-12-09,ECU,0.00578126202731122
2024-12-10,ECU,0.006624238061772674
2024-12-11,ECU,0.007047834242192396
2024-12-12,ECU,0.006734987570398863
2024-12-13,ECU,0.007265555431454351
2024-12-14,ECU,0.006462615631994208
2024-12-15,ECU,0.007498663194954769
2024-12-16,ECU,0.0062260520928242545
2024-12-17,ECU,0.006960675891045319
2024-12-18,ECU,0.007438574177076403
2024-12-19,ECU,0.009887989458706538
2024-12-20,ECU,0.006774252663180002
2024-12-21,ECU,0.006934079360948534
2024-12-22,ECU,0.008315808965272058
2024-12-23,ECU,0.007392616377570016
2024-12-24,ECU,0.007754316526772227
2024-12-25,ECU,0.007516470770792739
2024-12-26,ECU,0.010612237234570887
2024-12-27,ECU,0.008119737325838814
2024-12-28,ECU,0.010167146342294436
2024-12-29,ECU,0.008261756021078042
2024-12-30,ECU,0.00796297122957389
2024-12-31,ECU,0.00809067923653222
2025-01-01,ECU,0.012045608415329527
2025-01-02,ECU,0.008324885049414994
2025-01-03,ECU,0.009984260309913744
2025-01-04,ECU,0.007185975812666329
2025-01-05,ECU,0.007969996480643502
2025-01-06,ECU,0.00866630179450631
2025-01-07,ECU,0.006397816543428124
2025-01-08,ECU,0.006830340238710796
2025-01-09,ECU,0.014409818562614144
2025-01-10,ECU,0.009936961874092083
2025-01-11,ECU,0.010418607817270302
2025-01-12,ECU,0.012111001606141846
2025-01-13,ECU,0.007616242725420694
2025-01-14,ECU,0.01063177512999646
2025-01-15,ECU,0.007729454940290387
2025-01-16,ECU,0.010310600421116593
2025-01-17,ECU,0.0073889554193781425
2025-01-18,ECU,0.025791489572844967
2025-01-19,ECU,0.0061511844568673864
2025-01-20,ECU,0.009059247941804694
2025-01-21,ECU,0.006020750577591837
2025-01-22,ECU,0.0058949562002391254
2025-01-23,ECU,0.0067096750547751905
2025-01-24,ECU,0.007245422729171889
2025-01-25,ECU,0.006650681111184303
2025-01-26,ECU,0.007558819629318432
2025-01-27,ECU,0.0060369234521891624
2025-01-28,ECU,0.006756325604904289
2025-01-29,ECU,0.00847404595788608
2025-01-30,ECU,0.011186311198701346
2025-01-31,ECU,0.008035234950010111
2025-02-01,ECU,0.008554330596931652
2025-02-02,ECU,0.008786262185179123
2025-02-03,ECU,0.00892701895486782
2025-02-04,ECU,0.008435114116386694
2025-02-05,ECU,0.010417255534398635
2025-02-06,ECU,0.009881545654820438
2025-02-07,ECU,0.008876345357685823
2025-02-08,ECU,0.0087043348984331
2025-02-09,ECU,0.006988400624088197
2025-02-10,ECU,0.006439497090660122
2025-02-11,ECU,0.007067411006710613
2025-02-12,ECU,0.006909837811634878
2025-02-13,ECU,0.007824602755919188
2025-02-14,ECU,0.008502755715089384
2025-02-15,ECU,0.01174623857490442
2025-02-16,ECU,0.010939403714157168
2025-02-17,ECU,0.01145541650577149
2025-02-18,ECU,0.011302094265156942
2025-02-19,ECU,0.009377475245449495
2025-02-20,ECU,0.008691726021196151
2025-02-21,ECU,0.008780039186740939
2025-02-22,ECU,0.010661718621014938
2025-02-23,ECU,0.009034632118886375
2025-02-24,ECU,0.008254740136979622
2025-02-25,ECU,0.013039484856087726
2025-02-26,ECU,0.007288684005179244
2025-02-27,ECU,0.00785743170639345
2025-02-28,ECU,0.0173126265905212
2025-03-01,ECU,0.006304298186544117
2025-03-02,ECU,0.006835575755728642
2025-03-03,ECU,0.011129798251050059
2025-03-04,ECU,0.013854690415911145
2025-03-05,ECU,0.009638321110795291
2025-03-06,ECU,0.06510963432639315
2025-03-07,ECU,0.007549237658488053
2025-03-08,ECU,0.008102156559193269
2025-03-09,ECU,0.017512174814324894
2025-03-10,ECU,0.01191265979811261
2025-03-11,ECU,0.008587091803261067
2025-03-12,ECU,0.010592396846868074
2025-03-13,ECU,0.008925486139380233
2025-03-14,ECU,0.008695700804351154
2025-03-15,ECU,0.008555054609275282
2025-03-16,ECU,0.0829583906465578
2025-03-17,ECU,0.016071968831415057
2025-03-18,ECU,0.01797063018504168
2025-03-19,ECU,0.015825115986686795
2025-03-20,ECU,0.019386922970461514
2025-03-21,ECU,0.036683372588377096
2025-03-22,ECU,0.037921184597931985
2025-03-23,ECU,0.024277954204852976
2025-03-24,ECU,0.024418091361125886
2025-03-25,ECU,0.021397427909073775
2025-03-26,ECU,0.019513893225982362
2025-03-27,ECU,0.01642692650686997
2025-03-28,ECU,0.009006910792315677
2024-07-01,HND,0.00756585339097006
2024-07-02,HND,0.005095513065734013
2024-07-03,HND,0.005872209062690403
2024-07-04,HND,0.005171578910172684
2024-07-05,HND,0.007701485427655332
2024-07-06,HND,0.005582535475818708
2024-07-07,HND,0.005806136780791118
2024-07-08,HND,0.007166046378497941
2024-07-09,HND,0.00873003119362642
2024-07-10,HND,0.008593349978418674
2024-07-11,HND,0.015467906616807
2024-07-12,HND,0.009350896685085172
2024-07-13,HND,0.011223616498791267
2024-07-14,HND,0.013000799974779516
2024-07-15,HND,0.007732436740712268
2024-07-16,HND,0.01444279814227466
2024-07-17,HND,0.012879139404482615
2024-07-18,HND,0.0069219195003815
2024-07-19,HND,0.007724512605933195
2024-07-20,HND,0.010115668558685861
2024-07-21,HND,0.009176629025872213
2024-07-22,HND,0.00868122947007655
2024-07-23,HND,0.009949563089730266
2024-07-24,HND,0.005614906055107576
2024-07-25,HND,0.006552798053408098
2024-07-26,HND,0.005547027583078606
2024-07-27,HND,0.0060695374581304406
2024-07-28,HND,0.0077971224068561825
2024-07-29,HND,0.009230898538254068
2024-07-30,HND,0.009521511028034911
2024-07-31,HND,0.009568492726518543
2024-08-01,HND,0.01287601318997309
2024-08-02,HND,0.008388089341929613
2024-08-03,HND,0.008291458230874786
2024-08-04,HND,0.007828657980451539
2024-08-05,HND,0.007455401863230028
2024-08-06,HND,0.012845435724806608
2024-08-07,HND,0.008274307672233066
2024-08-08,HND,0.03522150560877867
2024-08-09,HND,0.01074766007117645
2024-08-10,HND,0.01331078344109147
2024-08-11,HND,0.014626714204050246
2024-08-12,HND,0.17321667715754352
2024-08-13,HND,0.0073598782120390316
2024-08-14,HND,0.006701805223238544
2024-08-15,HND,0.00675959155221848
2024-08-16,HND,0.007519668943986148
2024-08-17,HND,0.033024067842500546
2024-08-18,HND,0.00831081161061417
2024-08-19,HND,0.007592861759560411
2024-08-20,HND,0.007804903669363967
2024-08-21,HND,0.007746809767213494
2024-08-22,HND,0.009795848032875375
2024-08-23,HND,0.010707591835056813
2024-08-24,HND,0.0064030357284712005
2024-08-25,HND,0.005470062677076033
2024-08-26,HND,0.006975631445178303
2024-08-27,HND,0.007083996795358704
2024-08-28,HND,0.006544226790534162
2024-08-29,HND,0.008320646215285025
2024-08-30,HND,0.008740132604038263
2024-08-31,HND,0.010797955689926668
2024-09-01,HND,0.012638560601078135
2024-09-02,HND,0.008572746962877572
2024-09-03,HND,0.009164324814987366
2024-09-04,HND,0.006434618573642487
2024-09-05,HND,0.005842534901925761
2024-09-06,HND,0.005183338629080824
2024-09-07,HND,0.005364966346508961
2024-09-08,HND,0.007704066378360976
2024-09-09,HND,0.009123719759984779
2024-09-10,HND,0.00746920468413548
2024-09-11,HND,0.009281854906942805
2024-09-12,HND,0.020112959041936468
2024-09-13,HND,0.023135244366721628
2024-09-14,HND,0.06385264923216416
2024-09-15,HND,0.18126107892946855
2024-09-16,HND,0.011947581832321091
2024-09-17,HND,0.04285385119815456
2024-09-18,HND,0.009402968203419397
2024-09-19,HND,0.0094730467894139
2024-09-20,HND,0.012331199213610644
2024-09-21,HND,0.006529326391974806
2024-09-22,HND,0.008271839837984078
2024-09-23,HND,0.007874399647334154
2024-09-24,HND,0.021327463633218403
2024-09-25,HND,0.01926828884619445
2024-09-26,HND,0.006819828467196353
2024-09-27,HND,0.007923017463617158
2024-09-28,HND,0.007330795773797342
2024-09-29,HND,0.01200025315025748
2024-09-30,HND,0.007647064875939919
2024-10-01,HND,0.053012602437964476
2024-10-02,HND,0.013334005724313237
2024-10-03,HND,0.018109858678637056
2024-10-04,HND,0.02265630360460341
2024-10-05,HND,0.015170202719004329
2024-10-06,HND,0.012444984659446049
2024-10-07,HND,0.01397449426340176
2024-10-08,HND,0.014937815081036188
2024-10-09,HND,0.029007974675568073
2024-10-10,HND,0.021479998398751733
2024-10-11,HND,0.007940820364749246
2024-10-12,HND,0.010743904355784224
2024-10-13,HND,0.011119212345646575
2024-10-14,HND,0.016850362295617816
2024-10-15,HND,0.00865774876181129
2024-10-16,HND,0.00761514888154374
2024-10-17,HND,0.010775704384919644
2024-10-18,HND,0.007810912628920265
2024-10-19,HND,0.007706134652185005
2024-10-20,HND,0.012029715128970494
2024-10-21,HND,0.00725968985493729
2024-10-22,HND,0.00797264369515522
2024-10-23,HND,0.007607097283033521
2024-10-24,HND,0.008514508343568426
2024-10-25,HND,0.0068174619421240736
2024-10-26,HND,0.007257734831369739
2024-10-27,HND,0.005508256611207356
2024-10-28,HND,0.006985416846963439
2024-10-29,HND,0.008553277356966905
2024-10-30,HND,0.010772662078888658
2024-10-31,HND,0.012246303197842753
2024-11-01,HND,0.008276040631013082
2024-11-02,HND,0.010625208626240548
2024-11-03,HND,0.010726198468971698
2024-11-04,HND,0.010577153746200413
2024-11-05,HND,0.0092270477123581
2024-11-06,HND,0.008436058296024621
2024-11-07,HND,0.009012919091515203
2024-11-08,HND,0.009155695158698485
2024-11-09,HND,0.008542363406979584
2024-11-10,HND,0.010733331157833361
2024-11-11,HND,0.008764841782306751
2024-11-12,HND,0.01246660621498588
2024-11-13,HND,0.007832510295109753
2024-11-14,HND,0.007875926707488006
2024-11-15,HND,0.007493918818514795
2024-11-16,HND,0.007480247742297042
2024-11-17,HND,0.007639682086258348
2024-11-18,HND,0.02042201846000048
2024-11-19,HND,0.006683346769002691
2024-11-20,HND,0.024856315907815302
2024-11-21,HND,0.012625887879361844
2024-11-22,HND,0.007042890783237563
2024-11-23,HND,0.007548025488701675
2024-11-24,HND,0.008928668817270852
2024-11-25,HND,0.009418114536563235
2024-11-26,HND,0.0071651392113079035
2024-11-27,HND,0.008147770788714348
2024-11-28,HND,0.00892294301098032
2024-11-29,HND,0.010815601135339735
2024-11-30,HND,0.010166224796691535
2024-12-01,HND,0.010678329312351886
2024-12-02,HND,0.009540312597097934
2024-12-03,HND,0.008619573272114269
2024-12-04,HND,0.008840509219269268
2024-12-05,HND,0.010864729238384755
2024-12-06,HND,0.00908165761366778
2024-12-07,HND,0.009101543366755843
2024-12-08,HND,0.007536362464700956
2024-12-09,HND,0.007235478899471892
2024-12-10,HND,0.007755649623326902
2024-12-11,HND,0.010216186237780329
2024-12-12,HND,0.007601483128119603
2024-12-13,HND,0.009506588653847422
2024-12-14,HND,0.010875587965202847
2024-12-15,HND,0.008529738448695262
2024-12-16,HND,0.008806600684445765
2024-12-17,HND,0.009626013605453312
2024-12-18,HND,0.00968936395568586
2024-12-19,HND,0.008620564481313514
2024-12-20,HND,0.007928276471410901
2024-12-21,HND,0.007035323556744565
2024-12-22,HND,0.018895766726987378
2024-12-23,HND,0.008787677054269447
2024-12-24,HND,0.016390688989142796
2024-12-25,HND,0.009973163325756127
2024-12-26,HND,0.008023466673930042
2024-12-27,HND,0.00941616793873227
2024-12-28,HND,0.011905294761539705
2024-12-29,HND,0.03042625170949677
2024-12-30,HND,0.011280547241065085
2024-12-31,HND,0.008295892777168768
2025-01-01,HND,0.009256273196778256
2025-01-02,HND,0.009648776821900297
2025-01-03,HND,0.007244334590032102
2025-01-04,HND,0.008933915504691739
2025-01-05,HND,0.006470564068909598
2025-01-06,HND,0.012223597247008432
2025-01-07,HND,0.010247345582532813
2025-01-08,HND,0.0091346387580546
2025-01-09,HND,0.008035301882149154
2025-01-10,HND,0.007000759507025959
2025-01-11,HND,0.02985856146605963
2025-01-12,HND,0.006907435765721321
2025-01-13,HND,0.005145165022115033
2025-01-14,HND,0.00503115073658368
2025-01-15,HND,0.0049315804719898375
2025-01-16,HND,0.005638680719985193
2025-01-17,HND,0.005655396924006047
2025-01-18,HND,0.005538952158200824
2025-01-19,HND,0.005821668347541042
2025-01-20,HND,0.007098416220959419
2025-01-21,HND,0.007151938279078009
2025-01-22,HND,0.01181493688983285
2025-01-23,HND,0.008707078223601021
2025-01-24,HND,0.008207197971964158
2025-01-25,HND,0.007393181540814215
2025-01-26,HND,0.027310622393990316
2025-01-27,HND,0.014043986474120309
2025-01-28,HND,0.005604322376716246
2025-01-29,HND,0.005884438721825655
2025-01-30,HND,0.009446699192472322
2025-01-31,HND,0.005654702654836855
2025-02-01,HND,0.007641634544052785
2025-02-02,HND,0.007088540695412573
2025-02-03,HND,0.008034097344314154
2025-02-04,HND,0.006817682940523287
2025-02-05,HND,0.023498029612643564
2025-02-06,HND,0.005536764548413452
2025-02-07,HND,0.0052110629084184444
2025-02-08,HND,0.00563593505273028
2025-02-09,HND,0.006278122736937502
2025-02-10,HND,0.005974086672313717
2025-02-11,HND,0.006533464742233864
2025-02-12,HND,0.005381631890403939
2025-02-13,HND,0.00631734068975359
2025-02-14,HND,0.021584331499068233
2025-02-15,HND,0.006803769496966618
2025-02-16,HND,0.006515020284750272
2025-02-17,HND,0.007934926511079797
2025-02-18,HND,0.007175163425712644
2025-02-19,HND,0.006865192036027255
2025-02-20,HND,0.06130203203345231
2025-02-21,HND,0.015526862541595
2025-02-22,HND,0.005467253475490993
2025-02-23,HND,0.050797722976770966
2025-02-24,HND,0.02419547903762075
2025-02-25,HND,0.006197547844570497
2025-02-26,HND,0.005268076421437047
2025-02-27,HND,0.038333215088309835
2025-02-28,HND,0.016022074668958382
2025-03-01,HND,0.02453335387289163
2025-03-02,HND,0.006036424401390173
2025-03-03,HND,0.023053978314234544
2025-03-04,HND,0.034165725835343656
2025-03-05,HND,0.005941385040802112
2025-03-06,HND,0.01419967893179606
2025-03-07,HND,0.005863424249332067
2025-03-08,HND,0.0055068787181987095
2025-03-09,HND,0.0054969155597824615
2025-03-10,HND,0.0048414753904667835
2025-03-11,HND,0.004960140506465605
2025-03-12,HND,0.004976508833787554
2025-03-13,HND,0.004939578601483618
2025-03-14,HND,0.0047473690337219016
2025-03-15,HND,0.0049747265655161995
2025-03-16,HND,0.005194385090340917
2025-03-17,HND,0.00747728763929265
2025-03-18,HND,0.013074967084436345
2025-03-19,HND,0.05161030425167581
2025-03-20,HND,0.04197782305589145
2025-03-21,HND,0.02476100638154788
2025-03-22,HND,0.012123174566749727
2025-03-23,HND,0.010208710745770724
2025-03-24,HND,0.011095681797342515
2025-03-25,HND,0.012450446983605206
2025-03-26,HND,0.007221416179326142
2025-03-27,HND,0.02402402954473129
2025-03-28,HND,0.008017538953352143
2024-07-01,GTM,0.005986155415497825
2024-07-02,GTM,0.006652673155042734
2024-07-03,GTM,0.010137647300943005
2024-07-04,GTM,0.009610793490559044
2024-07-05,GTM,0.006640359806463372
2024-07-06,GTM,0.011572493221000303
2024-07-07,GTM,0.014783739899622008
2024-07-08,GTM,0.010449156966912003
2024-07-09,GTM,0.009741433106944968
2024-07-10,GTM,0.007710141382500812
2024-07-11,GTM,0.008769131435329163
2024-07-12,GTM,0.00877709691186856
2024-07-13,GTM,0.007293455282547183
2024-07-14,GTM,0.007135484982144441
2024-07-15,GTM,0.007380168483681046
2024-07-16,GTM,0.010141562780638913
2024-07-17,GTM,0.08016595371510739
2024-07-18,GTM,0.012930081727987056
2024-07-19,GTM,0.008693351726376508
2024-07-20,GTM,0.014168553330829795
2024-07-21,GTM,0.12262608282954704
2024-07-22,GTM,0.013158190105293103
2024-07-23,GTM,0.024967543650988234
2024-07-24,GTM,0.010881270917715619
2024-07-25,GTM,0.01323337304295564
2024-07-26,GTM,0.012022988298489364
2024-07-27,GTM,0.013168837292782926
2024-07-28,GTM,0.008027780824819194
2024-07-29,GTM,0.007613503634822056
2024-07-30,GTM,0.007164009223529007
2024-07-31,GTM,0.007482332633594567
2024-08-01,GTM,0.0077025950689009704
2024-08-02,GTM,0.0077412166491019315
2024-08-03,GTM,0.007047077923964353
2024-08-04,GTM,0.032336056235218694
2024-08-05,GTM,0.02945208838326107
2024-08-06,GTM,0.02301423144491654
2024-08-07,GTM,0.0219632056696294
2024-08-08,GTM,0.01933351391352064
2024-08-09,GTM,0.019257253573218062
2024-08-10,GTM,0.029730864432137283
2024-08-11,GTM,0.03387962608376305
2024-08-12,GTM,0.030564705792121862
2024-08-13,GTM,0.02040326344958798
2024-08-14,GTM,0.03190186716585632
2024-08-15,GTM,0.05937299113673409
2024-08-16,GTM,0.045426147232906125
2024-08-17,GTM,0.03893935683825549
2024-08-18,GTM,0.052675050266086654
2024-08-19,GTM,0.06152622743817991
2024-08-20,GTM,0.1234794781652108
2024-08-21,GTM,0.02522094838596318
2024-08-22,GTM,0.17992277395384174
2024-08-23,GTM,0.023985146644960684
2024-08-24,GTM,0.21440548855247454
2024-08-25,GTM,0.019794695296647128
2024-08-26,GTM,0.1763114151942164
2024-08-27,GTM,0.017067482479736183
2024-08-28,GTM,0.014618948226012694
2024-08-29,GTM,0.008338841860817044
2024-08-30,GTM,0.006599032742818138
2024-08-31,GTM,0.005205578952667584
2024-09-01,GTM,0.005798624481374537
2024-09-02,GTM,0.005553763422096257
2024-09-03,GTM,0.007360987195116134
2024-09-04,GTM,0.005584926667610919
2024-09-05,GTM,0.005764483139301126
2024-09-06,GTM,0.006096995088274209
2024-09-07,GTM,0.019454689847816314
2024-09-08,GTM,0.02874874645501379
2024-09-09,GTM,0.042572599031735985
2024-09-10,GTM,0.0180305710529794
2024-09-11,GTM,0.019798496927266308
2024-09-12,GTM,0.027527412563138728
2024-09-13,GTM,0.011745471140963836
2024-09-14,GTM,0.012203974243096353
2024-09-15,GTM,0.026930732933410372
2024-09-16,GTM,0.01056040926817613
2024-09-17,GTM,0.009338442199344103
2024-09-18,GTM,0.009109584879169803
2024-09-19,GTM,0.007875978596244575
2024-09-20,GTM,0.009210781075191648
2024-09-21,GTM,0.20537825252500352
2024-09-22,GTM,0.07484044462325
2024-09-23,GTM,0.01784286220880398
2024-09-24,GTM,0.012564692361677772
2024-09-25,GTM,0.1640728343768546
2024-09-26,GTM,0.022600022476646584
2024-09-27,GTM,0.022430427257029786
2024-09-28,GTM,0.005315200883796674
2024-09-29,GTM,0.005614169225472836
2024-09-30,GTM,0.005487242280608585
2024-10-01,GTM,0.00526813029091401
2024-10-02,GTM,0.004959752563966249
2024-10-03,GTM,0.011553910455103867
2024-10-04,GTM,0.005380946011413965
2024-10-05,GTM,0.007432085568642639
2024-10-06,GTM,0.12103388612190123
2024-10-07,GTM,0.00717997387146097
2024-10-08,GTM,0.007284886065536778
2024-10-09,GTM,0.013320559175487056
2024-10-10,GTM,0.0073588053799101445
2024-10-11,GTM,0.045985140779565795
2024-10-12,GTM,0.011459043938072726
2024-10-13,GTM,0.005636229905258408
2024-10-14,GTM,0.00634865141378951
2024-10-15,GTM,0.006259019481888542
2024-10-16,GTM,0.006408744390947038
2024-10-17,GTM,0.0061047412447963875
2024-10-18,GTM,0.00594759749929613
2024-10-19,GTM,0.010335150273790542
2024-10-20,GTM,0.007152887254790291
2024-10-21,GTM,0.0066005391987400495
2024-10-22,GTM,0.006619038287024772
2024-10-23,GTM,0.006694180491787731
2024-10-24,GTM,0.005751437441521106
2024-10-25,GTM,0.01282695451654227
2024-10-26,GTM,0.006085713498816181
2024-10-27,GTM,0.007974298379340349
2024-10-28,GTM,0.005450850266265684
2024-10-29,GTM,0.005897912702199792
2024-10-30,GTM,0.007331079083411919
2024-10-31,GTM,0.04838445076843361
2024-11-01,GTM,0.014101227111160986
2024-11-02,GTM,0.030795214405302508
2024-11-03,GTM,0.015223732884998873
2024-11-04,GTM,0.02389534650536967
2024-11-05,GTM,0.011488091773639573
2024-11-06,GTM,0.04771959527630293
2024-11-07,GTM,0.013293145670341944
2024-11-08,GTM,0.018190483285073843
2024-11-09,GTM,0.012814403105954773
2024-11-10,GTM,0.015938552837183723
2024-11-11,GTM,0.007973690221874295
2024-11-12,GTM,0.007677173966084047
2024-11-13,GTM,0.00657259256998418
2024-11-14,GTM,0.11387129093573402
2024-11-15,GTM,0.008724162943058262
2024-11-16,GTM,0.007051307297924701
2024-11-17,GTM,0.006949524717726789
2024-11-18,GTM,0.014557264153355579
2024-11-19,GTM,0.009695678488787215
2024-11-20,GTM,0.009747957780683814
2024-11-21,GTM,0.005727440571002864
2024-11-22,GTM,0.009466579389769943
2024-11-23,GTM,0.006745559612478102
2024-11-24,GTM,0.018330797243249597
2024-11-25,GTM,0.00748444599160811
2024-11-26,GTM,0.007557216137662931
2024-11-27,GTM,0.008817808159196926
2024-11-28,GTM,0.061683426487503475
2024-11-29,GTM,0.023986123822934746
2024-11-30,GTM,0.025761613975161666
2024-12-01,GTM,0.010877516389941095
2024-12-02,GTM,0.010194743591506149
2024-12-03,GTM,0.009204324220694442
2024-12-04,GTM,0.012268776792692629
2024-12-05,GTM,0.011114542048878833
2024-12-06,GTM,0.010879796620676946
2024-12-07,GTM,0.010833318676922879
2024-12-08,GTM,0.0257517462567441
2024-12-09,GTM,0.039219648915296654
2024-12-10,GTM,0.03947080375633109
2024-12-11,GTM,0.01777931317686246
2024-12-12,GTM,0.016817554269133467
2024-12-13,GTM,0.01559211604113779
2024-12-14,GTM,0.01455142800705797
2024-12-15,GTM,0.013241326517442576
2024-12-16,GTM,0.01345136347529451
2024-12-17,GTM,0.02303308471770753
2024-12-18,GTM,0.023261722640560003
2024-12-19,GTM,0.019723065853462538
2024-12-20,GTM,0.014803464912251504
2024-12-21,GTM,0.01369081183914546
2024-12-22,GTM,0.015007229023532796
2024-12-23,GTM,0.05228310259892093
2024-12-24,GTM,0.015429608147303174
2024-12-25,GTM,0.014835145770366567
2024-12-26,GTM,0.008224997341042907
2024-12-27,GTM,0.011324330708903265
2024-12-28,GTM,0.010426085234235825
2024-12-29,GTM,0.009069733554793685
2024-12-30,GTM,0.008152426401249404
2024-12-31,GTM,0.006498919530031982
2025-01-01,GTM,0.009976562187373288
2025-01-02,GTM,0.008502702224233924
2025-01-03,GTM,0.00826098150046771
2025-01-04,GTM,0.04421279531654523
2025-01-05,GTM,0.09876250223748467
2025-01-06,GTM,0.014081819856843161
2025-01-07,GTM,0.017987076524349947
2025-01-08,GTM,0.023085039296701314
2025-01-09,GTM,0.1894364098810627
2025-01-10,GTM,0.04068591222754578
2025-01-11,GTM,0.012914028092620345
2025-01-12,GTM,0.06132283654615068
2025-01-13,GTM,0.09265250359958876
2025-01-14,GTM,0.006871534336903767
2025-01-15,GTM,0.007057900934604848
2025-01-16,GTM,0.014289512079634449
2025-01-17,GTM,0.007173424867903226
2025-01-18,GTM,0.0220234826377686
2025-01-19,GTM,0.006963069708461942
2025-01-20,GTM,0.007829041493500104
2025-01-21,GTM,0.027003649916736844
2025-01-22,GTM,0.00791962927659231
2025-01-23,GTM,0.060313777539466464
2025-01-24,GTM,0.032272323380249796
2025-01-25,GTM,0.015249949427586158
2025-01-26,GTM,0.009357512811725777
2025-01-27,GTM,0.03370226055334969
2025-01-28,GTM,0.14733069441852303
2025-01-29,GTM,0.034646813017866464
2025-01-30,GTM,0.025563092859300994
2025-01-31,GTM,0.018637058929054703
2025-02-01,GTM,0.01153458819806734
2025-02-02,GTM,0.010775040618671815
2025-02-03,GTM,0.015366123804121749
2025-02-04,GTM,0.010546265087844616
2025-02-05,GTM,0.00838631523627285
2025-02-06,GTM,0.015949198139518388
2025-02-07,GTM,0.0077955189778216374
2025-02-08,GTM,0.017632232857328973
2025-02-09,GTM,0.008957769558391632
2025-02-10,GTM,0.02922856061208285
2025-02-11,GTM,0.035042158480717525
2025-02-12,GTM,0.13578826698902208
2025-02-13,GTM,0.044866929019059046
2025-02-14,GTM,0.05820451447891345
2025-02-15,GTM,0.022715589061462094
2025-02-16,GTM,0.01742515045751174
2025-02-17,GTM,0.03804569430323162
2025-02-18,GTM,0.03160909311764675
2025-02-19,GTM,0.007875530314533613
2025-02-20,GTM,0.0068143722770441515
2025-02-21,GTM,0.007398481104059324
2025-02-22,GTM,0.006882904837754133
2025-02-23,GTM,0.006935751759386406
2025-02-24,GTM,0.007105083749798262
2025-02-25,GTM,0.007750071428393255
2025-02-26,GTM,0.11935695393742841
2025-02-27,GTM,0.1646983365371055
2025-02-28,GTM,0.13504721856028087
2025-03-01,GTM,0.04732353361393661
2025-03-02,GTM,0.030137852076052407
2025-03-03,GTM,0.19752279235479162
2025-03-04,GTM,0.1544307598388779
2025-03-05,GTM,0.04215228058193222
2025-03-06,GTM,0.015889049163713257
2025-03-07,GTM,0.007676074558804351
2025-03-08,GTM,0.08488909521952481
2025-03-09,GTM,0.009983123690962346
2025-03-10,GTM,0.005734942707292925
2025-03-11,GTM,0.005732195341715669
2025-03-12,GTM,0.0066083556438792206
2025-03-13,GTM,0.007608605548539522
2025-03-14,GTM,0.006820867920012106
2025-03-15,GTM,0.006279291552679761
2025-03-16,GTM,0.006613755360552356
2025-03-17,GTM,0.010955033458201001
2025-03-18,GTM,0.007278621603418815
2025-03-19,GTM,0.0069367341268331256
2025-03-20,GTM,0.019295849521240045
2025-03-21,GTM,0.006882485791856862
2025-03-22,GTM,0.009926856802767038
2025-03-23,GTM,0.01941167115431358
2025-03-24,GTM,0.011661451073849591
2025-03-25,GTM,0.016202737125806995
2025-03-26,GTM,0.012547270487188523
2025-03-27,GTM,0.021242775108134333
2025-03-28,GTM,0.014958690889786746
