date,country,y_prob
2024-07-01,UKR,0.013169281435901166
2024-07-02,UKR,0.13734994859334285
2024-07-03,UKR,0.00971753477872879
2024-07-04,UKR,0.01511321452747178
2024-07-05,UKR,0.0061671831720452475
2024-07-06,UKR,0.0947583678439563
2024-07-07,UKR,0.047033595285931526
2024-07-08,UKR,0.010953001045557008
2024-07-09,UKR,0.03744812839993617
2024-07-10,UKR,0.010142451213903345
2024-07-11,UKR,0.00910148101321955
2024-07-12,UKR,0.012771437501200411
2024-07-13,UKR,0.10073022342635116
2024-07-14,UKR,0.022062424467462323
2024-07-15,UKR,0.06956506418482948
2024-07-16,UKR,0.007882748568799192
2024-07-17,UKR,0.10396888890126488
2024-07-18,UKR,0.012766206228961673
2024-07-19,UKR,0.006373329733124143
2024-07-20,UKR,0.016286239186368488
2024-07-21,UKR,0.025262141227896433
2024-07-22,UKR,0.012888879548491753
2024-07-23,UKR,0.037343748975172106
2024-07-24,UKR,0.014937590897154482
2024-07-25,UKR,0.01053203162013775
2024-07-26,UKR,0.013205998060375028
2024-07-27,UKR,0.010187694073180093
2024-07-28,UKR,0.00616716751350709
2024-07-29,UKR,0.11889286476192182
2024-07-30,UKR,0.005647118967066464
2024-07-31,UKR,0.01877053389250796
2024-08-01,UKR,0.026427749209264963
2024-08-02,UKR,0.0615340615416918
2024-08-03,UKR,0.013327803556898474
2024-08-04,UKR,0.006907523517500048
2024-08-05,UKR,0.022517016838847808
2024-08-06,UKR,0.0065728554979820565
2024-08-07,UKR,0.017401335328773054
2024-08-08,UKR,0.007787266667405535
2024-08-09,UKR,0.008079034028534427
2024-08-10,UKR,0.0066660604539076984
2024-08-11,UKR,0.011199156812964411
2024-08-12,UKR,0.006676126283192422
2024-08-13,UKR,0.027672213981628505
2024-08-14,UKR,0.025383207673339805
2024-08-15,UKR,0.022240813167511652
2024-08-16,UKR,0.030398677022598488
2024-08-17,UKR,0.04980336942615178
2024-08-18,UKR,0.04627598167865354
2024-08-19,UKR,0.007973488002618727
2024-08-20,UKR,0.01842590413733384
2024-08-21,UKR,0.02456848274894217
2024-08-22,UKR,0.013726853211292188
2024-08-23,UKR,0.005124150224927661
2024-08-24,UKR,0.020499402001625915
2024-08-25,UKR,0.06340322511057635
2024-08-26,UKR,0.046026521773458444
2024-08-27,UKR,0.006770952925541441
2024-08-28,UKR,0.007127262650302469
2024-08-29,UKR,0.005651961305766138
2024-08-30,UKR,0.03871479809856263
2024-08-31,UKR,0.03259229879472642
2024-09-01,UKR,0.01355390544457614
2024-09-02,UKR,0.0401539994133613
2024-09-03,UKR,0.012041410838907017
2024-09-04,UKR,0.023303788193191132
2024-09-05,UKR,0.04012368117044748
2024-09-06,UKR,0.032241466883426946
2024-09-07,UKR,0.008864784041195763
2024-09-08,UKR,0.009577605687986905
2024-09-09,UKR,0.04136463055499698
2024-09-10,UKR,0.017940077547659073
2024-09-11,UKR,0.0063099002553364935
2024-09-12,UKR,0.02665729088536313
2024-09-13,UKR,0.007078565876157139
2024-09-14,UKR,0.03501617993221564
2024-09-15,UKR,0.007841548091022978
2024-09-16,UKR,0.007793207564942563
2024-09-17,UKR,0.010007103091577972
2024-09-18,UKR,0.04065707073630636
2024-09-19,UKR,0.015837512382984805
2024-09-20,UKR,0.034172864873866594
2024-09-21,UKR,0.0406522695639016
2024-09-22,UKR,0.03555858817592073
2024-09-23,UKR,0.11322947395189575
2024-09-24,UKR,0.01842454832436145
2024-09-25,UKR,0.05455525284167361
2024-09-26,UKR,0.057957764487301486
2024-09-27,UKR,0.0080669878552193
2024-09-28,UKR,0.02118777522480704
2024-09-29,UKR,0.014528370174836899
2024-09-30,UKR,0.05137681478110364
2024-10-01,UKR,0.004991392015281575
2024-10-02,UKR,0.015600268168490155
2024-10-03,UKR,0.09516751563351372
2024-10-04,UKR,0.013200095951208527
2024-10-05,UKR,0.012150347279078851
2024-10-06,UKR,0.03394259635399688
2024-10-07,UKR,0.12208580791395568
2024-10-08,UKR,0.0498103920517774
2024-10-09,UKR,0.005393652123568377
2024-10-10,UKR,0.015426050281772316
2024-10-11,UKR,0.029635005119759812
2024-10-12,UKR,0.03001996094548831
2024-10-13,UKR,0.04427104970322298
2024-10-14,UKR,0.08473839845745591
2024-10-15,UKR,0.00643812146038494
2024-10-16,UKR,0.00974279138624095
2024-10-17,UKR,0.059672399608622056
2024-10-18,UKR,0.05888390346081963
2024-10-19,UKR,0.008634545245190731
2024-10-20,UKR,0.10358085237857907
2024-10-21,UKR,0.05725060723948819
2024-10-22,UKR,0.026492958536948743
2024-10-23,UKR,0.006856909311347692
2024-10-24,UKR,0.005027887530312076
2024-10-25,UKR,0.1272870942652186
2024-10-26,UKR,0.005992172441804119
2024-10-27,UKR,0.013379407015477147
2024-10-28,UKR,0.07496741967367115
2024-10-29,UKR,0.0644815479120727
2024-10-30,UKR,0.009274787739335065
2024-10-31,UKR,0.09540536327938427
2024-11-01,UKR,0.0635271897572859
2024-11-02,UKR,0.0064986909070522784
2024-11-03,UKR,0.02718869654164253
2024-11-04,UKR,0.141425662630762
2024-11-05,UKR,0.04611860344585665
2024-11-06,UKR,0.009854613026542097
2024-11-07,UKR,0.07145447734414123
2024-11-08,UKR,0.03825328509664407
2024-11-09,UKR,0.011663633994156639
2024-11-10,UKR,0.0062364526143926504
2024-11-11,UKR,0.11451838914285974
2024-11-12,UKR,0.02747161224684936
2024-11-13,UKR,0.007723062385082646
2024-11-14,UKR,0.07639219121878564
2024-11-15,UKR,0.06838630300071263
2024-11-16,UKR,0.006188493371119757
2024-11-17,UKR,0.06916264149112927
2024-11-18,UKR,0.05581398948134665
2024-11-19,UKR,0.058459826334019464
2024-11-20,UKR,0.01930175380840149
2024-11-21,UKR,0.022349257676005978
2024-11-22,UKR,0.09318895820880761
2024-11-23,UKR,0.005467881792443745
2024-11-24,UKR,0.036194807695105545
2024-11-25,UKR,0.11814930648311588
2024-11-26,UKR,0.10095100548771065
2024-11-27,UKR,0.009590879114356514
2024-11-28,UKR,0.13824584740957224
2024-11-29,UKR,0.13208360645291312
2024-11-30,UKR,0.008859900748405253
2024-12-01,UKR,0.006253891185078416
2024-12-02,UKR,0.1259942708648839
2024-12-03,UKR,0.08267818150458793
2024-12-04,UKR,0.007931520222031314
2024-12-05,UKR,0.11026022671719989
2024-12-06,UKR,0.09434131869156231
2024-12-07,UKR,0.006768249253369802
2024-12-08,UKR,0.04369087067552659
2024-12-09,UKR,0.09005985206582827
2024-12-10,UKR,0.05299567341176628
2024-12-11,UKR,0.009447464782307093
2024-12-12,UKR,0.09083884697111942
2024-12-13,UKR,0.03474365399468389
2024-12-14,UKR,0.01301310233843464
2024-12-15,UKR,0.08665487042538456
2024-12-16,UKR,0.08588623253328795
2024-12-17,UKR,0.04753317401419691
2024-12-18,UKR,0.00947216348450242
2024-12-19,UKR,0.09538334632831243
2024-12-20,UKR,0.06996836659350336
2024-12-21,UKR,0.03759288117451096
2024-12-22,UKR,0.078903163077312
2024-12-23,UKR,0.13806496519338324
2024-12-24,UKR,0.051866204221850995
2024-12-25,UKR,0.03146465085081025
2024-12-26,UKR,0.10308377901203238
2024-12-27,UKR,0.13640757674346693
2024-12-28,UKR,0.015628337066804138
2024-12-29,UKR,0.13935542684254476
2024-12-30,UKR,0.14150750961094521
2024-12-31,UKR,0.022034304898638665
2025-01-01,UKR,0.04103395564802405
2025-01-02,UKR,0.08100803683738189
2025-01-03,UKR,0.06284178589819997
2025-01-04,UKR,0.02302600586613678
2025-01-05,UKR,0.030850312991966652
2025-01-06,UKR,0.11515849238342273
2025-01-07,UKR,0.062385163765703314
2025-01-08,UKR,0.006602582990047655
2025-01-09,UKR,0.1247221280518896
2025-01-10,UKR,0.05079670797192496
2025-01-11,UKR,0.024316952535372135
2025-01-12,UKR,0.07057381846944395
2025-01-13,UKR,0.0716185914405849
2025-01-14,UKR,0.024926382001380313
2025-01-15,UKR,0.0207159548028753
2025-01-16,UKR,0.08997893018843389
2025-01-17,UKR,0.14274941633225735
2025-01-18,UKR,0.028432559637854186
2025-01-19,UKR,0.06189750114407463
2025-01-20,UKR,0.08220231454654224
2025-01-21,UKR,0.03377187171264871
2025-01-22,UKR,0.013476517752884443
2025-01-23,UKR,0.07158139623675822
2025-01-24,UKR,0.11695157778274849
2025-01-25,UKR,0.024961291084211756
2025-01-26,UKR,0.007765657928078048
2025-01-27,UKR,0.028855862445825175
2025-01-28,UKR,0.05024649332376145
2025-01-29,UKR,0.021155559211560614
2025-01-30,UKR,0.07299173556849703
2025-01-31,UKR,0.023261093235681145
2025-02-01,UKR,0.009144958256884597
2025-02-02,UKR,0.10747719354710161
2025-02-03,UKR,0.06412514039959565
2025-02-04,UKR,0.02186299059802935
2025-02-05,UKR,0.01546448379543354
2025-02-06,UKR,0.010935727969251203
2025-02-07,UKR,0.10970600963281557
2025-02-08,UKR,0.023180235801929423
2025-02-09,UKR,0.023153468474924395
2025-02-10,UKR,0.0675344297158541
2025-02-11,UKR,0.015493607648131166
2025-02-12,UKR,0.00831103396800899
2025-02-13,UKR,0.03299170863058001
2025-02-14,UKR,0.0953589025867544
2025-02-15,UKR,0.006345427134569803
2025-02-16,UKR,0.010824477395096269
2025-02-17,UKR,0.12023707487070891
2025-02-18,UKR,0.06746175942926005
2025-02-19,UKR,0.01804478232943424
2025-02-20,UKR,0.04787155003587389
2025-02-21,UKR,0.08132664357132248
2025-02-22,UKR,0.014908865306125256
2025-02-23,UKR,0.060232389247859106
2025-02-24,UKR,0.11853635791845789
2025-02-25,UKR,0.05268405330962058
2025-02-26,UKR,0.02926213863389756
2025-02-27,UKR,0.02467733413302602
2025-02-28,UKR,0.038718007475540536
2025-03-01,UKR,0.01351452387554059
2025-03-02,UKR,0.011906863418505782
2025-03-03,UKR,0.06922641845757517
2025-03-04,UKR,0.06157928970289628
2025-03-05,UKR,0.06752531865705473
2025-03-06,UKR,0.0760974144700342
2025-03-07,UKR,0.05358685992590646
2025-03-08,UKR,0.019500670200986187
2025-03-09,UKR,0.014075027105530023
2025-03-10,UKR,0.10889815301554723
2025-03-11,UKR,0.03033297753096191
2025-03-12,UKR,0.027240667387805534
2025-03-13,UKR,0.05171478270699438
2025-03-14,UKR,0.038056889680874
2025-03-15,UKR,0.006701431807821579
2025-03-16,UKR,0.04564677060379095
2025-03-17,UKR,0.027497230388174913
2025-03-18,UKR,0.04546713025668716
2025-03-19,UKR,0.020844722666857277
2025-03-20,UKR,0.0543219208132511
2025-03-21,UKR,0.036433352461911234
2025-03-22,UKR,0.0054399839689713465
2025-03-23,UKR,0.023995131638785645
2025-03-24,UKR,0.017094570858609378
2025-03-25,UKR,0.09012473958104254
2025-03-26,UKR,0.04242974507084859
2025-03-27,UKR,0.10311895393999489
2025-03-28,UKR,0.12630628162000823
2024-07-01,RUS,0.007292347548602129
2024-07-02,RUS,0.008122740026391354
2024-07-03,RUS,0.006561349728691174
2024-07-04,RUS,0.005968601007935883
2024-07-05,RUS,0.007395735680827978
2024-07-06,RUS,0.0062050062041371
2024-07-07,RUS,0.008721816676940343
2024-07-08,RUS,0.019251644427729964
2024-07-09,RUS,0.017281441014638497
2024-07-10,RUS,0.016967026861639554
2024-07-11,RUS,0.018212579968966403
2024-07-12,RUS,0.007802397494677462
2024-07-13,RUS,0.11540137992658656
2024-07-14,RUS,0.10517738238254337
2024-07-15,RUS,0.022985741592817435
2024-07-16,RUS,0.09501608077925318
2024-07-17,RUS,0.013888041198707542
2024-07-18,RUS,0.007220247362193941
2024-07-19,RUS,0.012705947690650306
2024-07-20,RUS,0.02141054171981022
2024-07-21,RUS,0.019122642167287457
2024-07-22,RUS,0.03629335252079537
2024-07-23,RUS,0.0224215724373146
2024-07-24,RUS,0.02655339188160544
2024-07-25,RUS,0.016872626305956297
2024-07-26,RUS,0.011869849654074192
2024-07-27,RUS,0.07449899824398754
2024-07-28,RUS,0.021301403226684074
2024-07-29,RUS,0.01837363856110125
2024-07-30,RUS,0.024019053005687692
2024-07-31,RUS,0.02405074764341153
2024-08-01,RUS,0.12492309723019142
2024-08-02,RUS,0.028202825476503518
2024-08-03,RUS,0.0647334875947325
2024-08-04,RUS,0.02973341481079092
2024-08-05,RUS,0.013663785188274602
2024-08-06,RUS,0.10291652929420118
2024-08-07,RUS,0.1556184959645329
2024-08-08,RUS,0.13868398714634966
2024-08-09,RUS,0.011600270515090477
2024-08-10,RUS,0.16940028111867225
2024-08-11,RUS,0.11447416218784562
2024-08-12,RUS,0.18176136128572715
2024-08-13,RUS,0.030484132731006613
2024-08-14,RUS,0.009339329242575255
2024-08-15,RUS,0.030701668689922097
2024-08-16,RUS,0.014547298123615139
2024-08-17,RUS,0.004559734610205221
2024-08-18,RUS,0.004292036894486874
2024-08-19,RUS,0.0055992036055296564
2024-08-20,RUS,0.0069781096599286305
2024-08-21,RUS,0.010529233250733579
2024-08-22,RUS,0.004624177537457479
2024-08-23,RUS,0.007280803251276285
2024-08-24,RUS,0.005283934630429729
2024-08-25,RUS,0.0054886341591918915
2024-08-26,RUS,0.004716078244774291
2024-08-27,RUS,0.00490005946639377
2024-08-28,RUS,0.004845403456225543
2024-08-29,RUS,0.00437261364375892
2024-08-30,RUS,0.0045739965281807685
2024-08-31,RUS,0.0046414352436360265
2024-09-01,RUS,0.0043895047158371515
2024-09-02,RUS,0.0043752193630020204
2024-09-03,RUS,0.004347656623495157
2024-09-04,RUS,0.004600848502946782
2024-09-05,RUS,0.005860658470910871
2024-09-06,RUS,0.005154540939705758
2024-09-07,RUS,0.005863187737925834
2024-09-08,RUS,0.004976128090735505
2024-09-09,RUS,0.009798484737017136
2024-09-10,RUS,0.01059451991493085
2024-09-11,RUS,0.006531554413695397
2024-09-12,RUS,0.07795564609850329
2024-09-13,RUS,0.028369934149026728
2024-09-14,RUS,0.020311964427134968
2024-09-15,RUS,0.05127673906851287
2024-09-16,RUS,0.009846679364398843
2024-09-17,RUS,0.00623400142778479
2024-09-18,RUS,0.00612822809386143
2024-09-19,RUS,0.004567885532187003
2024-09-20,RUS,0.0045885432447421515
2024-09-21,RUS,0.004895867966770497
2024-09-22,RUS,0.004543813652901346
2024-09-23,RUS,0.004588499207369773
2024-09-24,RUS,0.004339177313857424
2024-09-25,RUS,0.004400825831515741
2024-09-26,RUS,0.005688196107470969
2024-09-27,RUS,0.005993942210202325
2024-09-28,RUS,0.009405623577256385
2024-09-29,RUS,0.006206581526631041
2024-09-30,RUS,0.009459871972188573
2024-10-01,RUS,0.006021656863160332
2024-10-02,RUS,0.006672128887052002
2024-10-03,RUS,0.006738123284635513
2024-10-04,RUS,0.006899604836334989
2024-10-05,RUS,0.006620149694238766
2024-10-06,RUS,0.007827112468065812
2024-10-07,RUS,0.006282886749591633
2024-10-08,RUS,0.0065164058094331
2024-10-09,RUS,0.007251880294366125
2024-10-10,RUS,0.01992250417670858
2024-10-11,RUS,0.015966347076632224
2024-10-12,RUS,0.014558719189850449
2024-10-13,RUS,0.007995966704245313
2024-10-14,RUS,0.008838083820097434
2024-10-15,RUS,0.02146479378497073
2024-10-16,RUS,0.006849923933138633
2024-10-17,RUS,0.0065968489665938585
2024-10-18,RUS,0.044368923622842296
2024-10-19,RUS,0.011542522969478582
2024-10-20,RUS,0.010002901347609089
2024-10-21,RUS,0.008459265313448415
2024-10-22,RUS,0.008199556184614591
2024-10-23,RUS,0.008524715008398187
2024-10-24,RUS,0.0065678439896947145
2024-10-25,RUS,0.0045726539050933495
2024-10-26,RUS,0.004637068510174706
2024-10-27,RUS,0.004388826387394905
2024-10-28,RUS,0.004647644123449688
2024-10-29,RUS,0.004533016917094167
2024-10-30,RUS,0.004650669623637437
2024-10-31,RUS,0.004504880509301469
2024-11-01,RUS,0.006094920019841745
2024-11-02,RUS,0.006497206208961443
2024-11-03,RUS,0.006630715076844725
2024-11-04,RUS,0.008367872706178996
2024-11-05,RUS,0.0064433824354058625
2024-11-06,RUS,0.006720067211983502
2024-11-07,RUS,0.00817713058066796
2024-11-08,RUS,0.0070481486617172085
2024-11-09,RUS,0.016691991097897926
2024-11-10,RUS,0.010864970564512034
2024-11-11,RUS,0.0564920141958159
2024-11-12,RUS,0.015268687068080097
2024-11-13,RUS,0.005643085634139551
2024-11-14,RUS,0.009465184260026136
2024-11-15,RUS,0.01451817957362601
2024-11-16,RUS,0.0044308456215349165
2024-11-17,RUS,0.007043257027220663
2024-11-18,RUS,0.0051303589885921775
2024-11-19,RUS,0.005266945408113718
2024-11-20,RUS,0.004585157129921017
2024-11-21,RUS,0.005280779105266116
2024-11-22,RUS,0.0047541618973679645
2024-11-23,RUS,0.004520285158722145
2024-11-24,RUS,0.0043391390886079375
2024-11-25,RUS,0.0044239880123800365
2024-11-26,RUS,0.004734431072654037
2024-11-27,RUS,0.004146771764654561
2024-11-28,RUS,0.005624939729118757
2024-11-29,RUS,0.005468503276694096
2024-11-30,RUS,0.0059874042039286535
2024-12-01,RUS,0.005373376867188301
2024-12-02,RUS,0.006192443984382018
2024-12-03,RUS,0.0058777364239987525
2024-12-04,RUS,0.00863947012256341
2024-12-05,RUS,0.046792058793569895
2024-12-06,RUS,0.013131529050204094
2024-12-07,RUS,0.01111416650933237
2024-12-08,RUS,0.008301735963192078
2024-12-09,RUS,0.0071275574474760975
2024-12-10,RUS,0.010050208781155213
2024-12-11,RUS,0.024763189115424737
2024-12-12,RUS,0.007441462694716801
2024-12-13,RUS,0.008081080798337983
2024-12-14,RUS,0.01055673382316241
2024-12-15,RUS,0.015158470732889007
2024-12-16,RUS,0.014919630564937779
2024-12-17,RUS,0.012088172818047768
2024-12-18,RUS,0.008761182805806898
2024-12-19,RUS,0.01066252318580299
2024-12-20,RUS,0.008588221276205822
2024-12-21,RUS,0.008233824259785137
2024-12-22,RUS,0.007698070251858259
2024-12-23,RUS,0.007287803633983557
2024-12-24,RUS,0.006984699096599782
2024-12-25,RUS,0.031311428004010974
2024-12-26,RUS,0.006709015535526978
2024-12-27,RUS,0.0062907470561242495
2024-12-28,RUS,0.00885259346359045
2024-12-29,RUS,0.008081286244874591
2024-12-30,RUS,0.009293097771512599
2024-12-31,RUS,0.009589972057552057
2025-01-01,RUS,0.004895255072955294
2025-01-02,RUS,0.00497698485176377
2025-01-03,RUS,0.004703261632258979
2025-01-04,RUS,0.005805803355042787
2025-01-05,RUS,0.005177053936364076
2025-01-06,RUS,0.004976360044756847
2025-01-07,RUS,0.004902078167448107
2025-01-08,RUS,0.006596853710222109
2025-01-09,RUS,0.009393770150190238
2025-01-10,RUS,0.009512341208576122
2025-01-11,RUS,0.00636983157934408
2025-01-12,RUS,0.006055271350095408
2025-01-13,RUS,0.006756134056899354
2025-01-14,RUS,0.00838162836665236
2025-01-15,RUS,0.00826011829364264
2025-01-16,RUS,0.021843579885708033
2025-01-17,RUS,0.006278672473447504
2025-01-18,RUS,0.009146284491500355
2025-01-19,RUS,0.012864896438440906
2025-01-20,RUS,0.014483492721989764
2025-01-21,RUS,0.012211251943754976
2025-01-22,RUS,0.010840354480727905
2025-01-23,RUS,0.009755042274425583
2025-01-24,RUS,0.009156557993837548
2025-01-25,RUS,0.008916523309450463
2025-01-26,RUS,0.008644709573891263
2025-01-27,RUS,0.007527356189930339
2025-01-28,RUS,0.0061563997709846875
2025-01-29,RUS,0.00994597459270348
2025-01-30,RUS,0.007558223910042621
2025-01-31,RUS,0.009700533796344613
2025-02-01,RUS,0.0440353603968978
2025-02-02,RUS,0.038870110505494326
2025-02-03,RUS,0.017075337867541368
2025-02-04,RUS,0.04666988606611518
2025-02-05,RUS,0.016321814220219593
2025-02-06,RUS,0.0070575952468016154
2025-02-07,RUS,0.00656258711287984
2025-02-08,RUS,0.007608957506409682
2025-02-09,RUS,0.006514134219779584
2025-02-10,RUS,0.0059231201848296096
2025-02-11,RUS,0.006496799809007373
2025-02-12,RUS,0.007426646469017322
2025-02-13,RUS,0.007569436201166565
2025-02-14,RUS,0.006681655375534541
2025-02-15,RUS,0.023312810579102897
2025-02-16,RUS,0.008250500343621165
2025-02-17,RUS,0.007167795868787846
2025-02-18,RUS,0.008926044777640495
2025-02-19,RUS,0.006993314478852772
2025-02-20,RUS,0.007504510499816024
2025-02-21,RUS,0.008065676565138059
2025-02-22,RUS,0.00559523527958849
2025-02-23,RUS,0.00629905799719441
2025-02-24,RUS,0.007270758612079255
2025-02-25,RUS,0.005432747244131251
2025-02-26,RUS,0.005616194579677885
2025-02-27,RUS,0.005703774343862328
2025-02-28,RUS,0.006767549208994238
2025-03-01,RUS,0.01533653582287456
2025-03-02,RUS,0.004924694021165873
2025-03-03,RUS,0.004948228170188222
2025-03-04,RUS,0.004646525213974388
2025-03-05,RUS,0.004551338049078842
2025-03-06,RUS,0.0056815802376794155
2025-03-07,RUS,0.00482455476661408
2025-03-08,RUS,0.007602590663288338
2025-03-09,RUS,0.005457821394022905
2025-03-10,RUS,0.0074616771198207045
2025-03-11,RUS,0.007111189419052778
2025-03-12,RUS,0.008784956263610012
2025-03-13,RUS,0.012563028751823612
2025-03-14,RUS,0.014477365260409747
2025-03-15,RUS,0.015274821623239499
2025-03-16,RUS,0.006151257603924964
2025-03-17,RUS,0.006621073161861408
2025-03-18,RUS,0.01191721688764725
2025-03-19,RUS,0.006087909434745109
2025-03-20,RUS,0.005708531267494605
2025-03-21,RUS,0.008252586111164029
2025-03-22,RUS,0.006373462218416634
2025-03-23,RUS,0.005828524502615011
2025-03-24,RUS,0.005823655541498512
2025-03-25,RUS,0.006726117202681555
2025-03-26,RUS,0.006603599155742061
2025-03-27,RUS,0.0065563359407402825
2025-03-28,RUS,0.005245355245055935
2024-07-01,PSE,0.018809042673140396
2024-07-02,PSE,0.04506158951236606
2024-07-03,PSE,0.038020461488868736
2024-07-04,PSE,0.013051324782628897
2024-07-05,PSE,0.03533511251341257
2024-07-06,PSE,0.030029365394931087
2024-07-07,PSE,0.010563297090996689
2024-07-08,PSE,0.010563297090996689
2024-07-09,PSE,0.043473202535876394
2024-07-10,PSE,0.007599414275095656
2024-07-11,PSE,0.0170163137197131
2024-07-12,PSE,0.008629482159360507
2024-07-13,PSE,0.04361275058342788
2024-07-14,PSE,0.013653367186383446
2024-07-15,PSE,0.013342994172640893
2024-07-16,PSE,0.011992531459042591
2024-07-17,PSE,0.01175474308136152
2024-07-18,PSE,0.009897012072108335
2024-07-19,PSE,0.010894054341631172
2024-07-20,PSE,0.008798409798515672
2024-07-21,PSE,0.007135064943696656
2024-07-22,PSE,0.007135064943696656
2024-07-23,PSE,0.0058294797422633665
2024-07-24,PSE,0.007245425930751683
2024-07-25,PSE,0.0056234910973807966
2024-07-26,PSE,0.005813915238015777
2024-07-27,PSE,0.009058973023503303
2024-07-28,PSE,0.020272688720318066
2024-07-29,PSE,0.011344320847271393
2024-07-30,PSE,0.018671401442880486
2024-07-31,PSE,0.015048946321754478
2024-08-01,PSE,0.013454677833535171
2024-08-02,PSE,0.015810027037460275
2024-08-03,PSE,0.013252358493003963
2024-08-04,PSE,0.01562781210664627
2024-08-05,PSE,0.01609469097110319
2024-08-06,PSE,0.012170414439216355
2024-08-07,PSE,0.009820227477943188
2024-08-08,PSE,0.011576724368454555
2024-08-09,PSE,0.00988746213936783
2024-08-10,PSE,0.049497505185758135
2024-08-11,PSE,0.015868963876067198
2024-08-12,PSE,0.07925682314916477
2024-08-13,PSE,0.0101744303148672
2024-08-14,PSE,0.012487224101337641
2024-08-15,PSE,0.009337331368851287
2024-08-16,PSE,0.012836499290672126
2024-08-17,PSE,0.007123016138481471
2024-08-18,PSE,0.006506852071359865
2024-08-19,PSE,0.008103286928115454
2024-08-20,PSE,0.021665712572815053
2024-08-21,PSE,0.01808992981566378
2024-08-22,PSE,0.008778718760015037
2024-08-23,PSE,0.006216650578494391
2024-08-24,PSE,0.006193605638393704
2024-08-25,PSE,0.007057602029148288
2024-08-26,PSE,0.010559986819165616
2024-08-27,PSE,0.009322959402343798
2024-08-28,PSE,0.00874226734851832
2024-08-29,PSE,0.006753249013820058
2024-08-30,PSE,0.006515627508521132
2024-08-31,PSE,0.007733797929679063
2024-09-01,PSE,0.007352523034492426
2024-09-02,PSE,0.008234812931425398
2024-09-03,PSE,0.007174385150856751
2024-09-04,PSE,0.009585991611870123
2024-09-05,PSE,0.011380059123301962
2024-09-06,PSE,0.019425924579164602
2024-09-07,PSE,0.011519420148573493
2024-09-08,PSE,0.01479669838893888
2024-09-09,PSE,0.014490454685867456
2024-09-10,PSE,0.01937002807477267
2024-09-11,PSE,0.024259758843968526
2024-09-12,PSE,0.019869007253313108
2024-09-13,PSE,0.017145696968969892
2024-09-14,PSE,0.07561188420410694
2024-09-15,PSE,0.016352930942235923
2024-09-16,PSE,0.018020445250539748
2024-09-17,PSE,0.022399008021386942
2024-09-18,PSE,0.012968713656620511
2024-09-19,PSE,0.014894459998620576
2024-09-20,PSE,0.019512771643832843
2024-09-21,PSE,0.00509619522439048
2024-09-22,PSE,0.005876132619691984
2024-09-23,PSE,0.005868914514746314
2024-09-24,PSE,0.005405198030326627
2024-09-25,PSE,0.005767287594214456
2024-09-26,PSE,0.005680000829541769
2024-09-27,PSE,0.005408279013405582
2024-09-28,PSE,0.011606030367458277
2024-09-29,PSE,0.014829785393859377
2024-09-30,PSE,0.016253424802744297
2024-10-01,PSE,0.02398085967914847
2024-10-02,PSE,0.020138854116734592
2024-10-03,PSE,0.015678579579925963
2024-10-04,PSE,0.013223225528015851
2024-10-05,PSE,0.015975480288381888
2024-10-06,PSE,0.047806732640607405
2024-10-07,PSE,0.06684628379449366
2024-10-08,PSE,0.015473194423873763
2024-10-09,PSE,0.035317497909246987
2024-10-10,PSE,0.015778426066904792
2024-10-11,PSE,0.01355957749903259
2024-10-12,PSE,0.015332380427581747
2024-10-13,PSE,0.01088026398597257
2024-10-14,PSE,0.01176969833736239
2024-10-15,PSE,0.011552899775471226
2024-10-16,PSE,0.007039933309724766
2024-10-17,PSE,0.006826893265779886
2024-10-18,PSE,0.008493861429538539
2024-10-19,PSE,0.009807557748911948
2024-10-20,PSE,0.00772215410678078
2024-10-21,PSE,0.011468836489409539
2024-10-22,PSE,0.009280605091945993
2024-10-23,PSE,0.006625552017099468
2024-10-24,PSE,0.0221084132000687
2024-10-25,PSE,0.024447475377287062
2024-10-26,PSE,0.020232340770756946
2024-10-27,PSE,0.009830454186163871
2024-10-28,PSE,0.0071742205962080745
2024-10-29,PSE,0.02711228659714837
2024-10-30,PSE,0.006096772037252004
2024-10-31,PSE,0.00896884793005514
2024-11-01,PSE,0.06870144642914636
2024-11-02,PSE,0.005640254126775512
2024-11-03,PSE,0.012457427657344275
2024-11-04,PSE,0.01227448408633139
2024-11-05,PSE,0.011062237895817109
2024-11-06,PSE,0.011700908859483414
2024-11-07,PSE,0.007542326493239178
2024-11-08,PSE,0.006186127976720462
2024-11-09,PSE,0.009477273091291784
2024-11-10,PSE,0.006175888129835865
2024-11-11,PSE,0.006594329635837788
2024-11-12,PSE,0.0086719005389231
2024-11-13,PSE,0.008217436343293583
2024-11-14,PSE,0.005197267498148675
2024-11-15,PSE,0.0071612564720437005
2024-11-16,PSE,0.006934039880945992
2024-11-17,PSE,0.01415104316982155
2024-11-18,PSE,0.0070525390917333865
2024-11-19,PSE,0.009159506253859858
2024-11-20,PSE,0.02208256943379106
2024-11-21,PSE,0.012961797547605637
2024-11-22,PSE,0.00950515306441088
2024-11-23,PSE,0.00837307319829866
2024-11-24,PSE,0.008829090180942212
2024-11-25,PSE,0.008344561122082723
2024-11-26,PSE,0.011027060730479786
2024-11-27,PSE,0.006937870132942613
2024-11-28,PSE,0.011737724141410527
2024-11-29,PSE,0.008299604551156307
2024-11-30,PSE,0.013437196986626357
2024-12-01,PSE,0.006585180267079432
2024-12-02,PSE,0.0058725184547007234
2024-12-03,PSE,0.009729499147210356
2024-12-04,PSE,0.009440295099234256
2024-12-05,PSE,0.00893948361115134
2024-12-06,PSE,0.009735828657362116
2024-12-07,PSE,0.006319530277408641
2024-12-08,PSE,0.007166705559302219
2024-12-09,PSE,0.00719516690997345
2024-12-10,PSE,0.006905366180454141
2024-12-11,PSE,0.007439713443782708
2024-12-12,PSE,0.011498765390120146
2024-12-13,PSE,0.005906218163070465
2024-12-14,PSE,0.011338315860001474
2024-12-15,PSE,0.028790734954219965
2024-12-16,PSE,0.008131723552482244
2024-12-17,PSE,0.011552707015467449
2024-12-18,PSE,0.009566164822123321
2024-12-19,PSE,0.006594615443413881
2024-12-20,PSE,0.005560613444069024
2024-12-21,PSE,0.00727282769704137
2024-12-22,PSE,0.010017308842345193
2024-12-23,PSE,0.010937183569460177
2024-12-24,PSE,0.007013152036678052
2024-12-25,PSE,0.00794984970289115
2024-12-26,PSE,0.017753386121626667
2024-12-27,PSE,0.007947665652926266
2024-12-28,PSE,0.00861270422742308
2024-12-29,PSE,0.012460598661043034
2024-12-30,PSE,0.009568017938721465
2024-12-31,PSE,0.01376792092433667
2025-01-01,PSE,0.01416574117964381
2025-01-02,PSE,0.012415637882525124
2025-01-03,PSE,0.008178047573746353
2025-01-04,PSE,0.01027595017755915
2025-01-05,PSE,0.008006085475665142
2025-01-06,PSE,0.007636081685633838
2025-01-07,PSE,0.00879822697583395
2025-01-08,PSE,0.007768598269174538
2025-01-09,PSE,0.012760387702494498
2025-01-10,PSE,0.014030239181307027
2025-01-11,PSE,0.014109629241924621
2025-01-12,PSE,0.013563044355542708
2025-01-13,PSE,0.014886230419644906
2025-01-14,PSE,0.018390089425569845
2025-01-15,PSE,0.04408442100350374
2025-01-16,PSE,0.015287352915112417
2025-01-17,PSE,0.011433731495017346
2025-01-18,PSE,0.0169564091063403
2025-01-19,PSE,0.0351861168849686
2025-01-20,PSE,0.02521241665162332
2025-01-21,PSE,0.016714778180753856
2025-01-22,PSE,0.01230157131162725
2025-01-23,PSE,0.012198009887123886
2025-01-24,PSE,0.006968949351453875
2025-01-25,PSE,0.014238405777580227
2025-01-26,PSE,0.008198331271937762
2025-01-27,PSE,0.005165964914152928
2025-01-28,PSE,0.011894518351733876
2025-01-29,PSE,0.019893363584656477
2025-01-30,PSE,0.02738301654524975
2025-01-31,PSE,0.0138926468099878
2025-02-01,PSE,0.03634885388967155
2025-02-02,PSE,0.0069281814763671274
2025-02-03,PSE,0.021408921542307262
2025-02-04,PSE,0.01942660267317692
2025-02-05,PSE,0.025798813923433667
2025-02-06,PSE,0.021205166436378934
2025-02-07,PSE,0.024031438345888192
2025-02-08,PSE,0.0345693815759909
2025-02-09,PSE,0.03632051082465998
2025-02-10,PSE,0.039515930970676245
2025-02-11,PSE,0.0248801285428115
2025-02-12,PSE,0.027124137545102796
2025-02-13,PSE,0.0724965340192421
2025-02-14,PSE,0.03448405496421138
2025-02-15,PSE,0.04620998317310088
2025-02-16,PSE,0.035974010196233225
2025-02-17,PSE,0.038619884115461085
2025-02-18,PSE,0.04473457894071036
2025-02-19,PSE,0.011525760895256719
2025-02-20,PSE,0.010794606028352518
2025-02-21,PSE,0.009454448701475389
2025-02-22,PSE,0.0195905495496705
2025-02-23,PSE,0.016643097127295805
2025-02-24,PSE,0.016889490132464574
2025-02-25,PSE,0.007196564774677031
2025-02-26,PSE,0.012569935836597984
2025-02-27,PSE,0.032555141868902134
2025-02-28,PSE,0.029718087868985995
2025-03-01,PSE,0.009922307921777977
2025-03-02,PSE,0.009166679059845893
2025-03-03,PSE,0.009836948656716075
2025-03-04,PSE,0.00504661821847759
2025-03-05,PSE,0.00516354644439383
2025-03-06,PSE,0.007530210467546036
2025-03-07,PSE,0.005144077009628267
2025-03-08,PSE,0.019378762428520734
2025-03-09,PSE,0.012483769803273832
2025-03-10,PSE,0.015117019234729148
2025-03-11,PSE,0.02641776855756877
2025-03-12,PSE,0.08677532991726572
2025-03-13,PSE,0.05351561067438801
2025-03-14,PSE,0.027674489385982298
2025-03-15,PSE,0.024980362206038935
2025-03-16,PSE,0.03007667697592794
2025-03-17,PSE,0.008471888080886144
2025-03-18,PSE,0.14894892393150996
2025-03-19,PSE,0.019036476105173727
2025-03-20,PSE,0.02737602520361109
2025-03-21,PSE,0.014469839467283157
2025-03-22,PSE,0.013202693428488895
2025-03-23,PSE,0.021033967459984752
2025-03-24,PSE,0.010953116424513038
2025-03-25,PSE,0.005852659723217215
2025-03-26,PSE,0.005867538230692188
2025-03-27,PSE,0.007512285294202555
2025-03-28,PSE,0.007818836701846212
2024-07-01,ISR,0.06187621490431337
2024-07-02,ISR,0.050967080249371285
2024-07-03,ISR,0.1008382392416437
2024-07-04,ISR,0.15761027147626985
2024-07-05,ISR,0.1623934341751655
2024-07-06,ISR,0.057328996121089236
2024-07-07,ISR,0.14549741998562177
2024-07-08,ISR,0.08896619422853644
2024-07-09,ISR,0.06687814797098182
2024-07-10,ISR,0.007876416813864244
2024-07-11,ISR,0.007522543940294379
2024-07-12,ISR,0.006221489389720898
2024-07-13,ISR,0.01946139974250756
2024-07-14,ISR,0.009325920321373233
2024-07-15,ISR,0.007062486940016907
2024-07-16,ISR,0.008011740195980324
2024-07-17,ISR,0.020084036122685403
2024-07-18,ISR,0.008234201903459618
2024-07-19,ISR,0.039866974543929526
2024-07-20,ISR,0.012305564707013368
2024-07-21,ISR,0.007249872863506574
2024-07-22,ISR,0.0071900390181826946
2024-07-23,ISR,0.007613462118599302
2024-07-24,ISR,0.02560070755877308
2024-07-25,ISR,0.009174745230498728
2024-07-26,ISR,0.007318297243443152
2024-07-27,ISR,0.006874648413421349
2024-07-28,ISR,0.019763250024985687
2024-07-29,ISR,0.010619622360456353
2024-07-30,ISR,0.03908068756793011
2024-07-31,ISR,0.030207660025225777
2024-08-01,ISR,0.014117561339383928
2024-08-02,ISR,0.034688330812898856
2024-08-03,ISR,0.010071434286653403
2024-08-04,ISR,0.015519711470108735
2024-08-05,ISR,0.058833607075120614
2024-08-06,ISR,0.044973769645503266
2024-08-07,ISR,0.01391526502442131
2024-08-08,ISR,0.04224416040865516
2024-08-09,ISR,0.010952609642552366
2024-08-10,ISR,0.03350866165474851
2024-08-11,ISR,0.00484322964759147
2024-08-12,ISR,0.00485416720607091
2024-08-13,ISR,0.004669778423689214
2024-08-14,ISR,0.0047965195002101415
2024-08-15,ISR,0.005306037443907529
2024-08-16,ISR,0.005004995717702479
2024-08-17,ISR,0.0043026939399407145
2024-08-18,ISR,0.011985648071721635
2024-08-19,ISR,0.012624077931708517
2024-08-20,ISR,0.06647782516331288
2024-08-21,ISR,0.0266645525547359
2024-08-22,ISR,0.023126293127006477
2024-08-23,ISR,0.030429781290383495
2024-08-24,ISR,0.03713451728916891
2024-08-25,ISR,0.08813677574640072
2024-08-26,ISR,0.047835532960598406
2024-08-27,ISR,0.01766726093715498
2024-08-28,ISR,0.0129425644222362
2024-08-29,ISR,0.009775832810542352
2024-08-30,ISR,0.008696979541882711
2024-08-31,ISR,0.01080363555816619
2024-09-01,ISR,0.02722137774575166
2024-09-02,ISR,0.05943635049458676
2024-09-03,ISR,0.025623885831835527
2024-09-04,ISR,0.014834097268529687
2024-09-05,ISR,0.009461563332538695
2024-09-06,ISR,0.011631901151792053
2024-09-07,ISR,0.019008507500377136
2024-09-08,ISR,0.04269740425098082
2024-09-09,ISR,0.04481113652263205
2024-09-10,ISR,0.060366208078599756
2024-09-11,ISR,0.026892009110662893
2024-09-12,ISR,0.03380386204277662
2024-09-13,ISR,0.03181106246849543
2024-09-14,ISR,0.045361679864820315
2024-09-15,ISR,0.03419802761804434
2024-09-16,ISR,0.08864679641857272
2024-09-17,ISR,0.08431479316731108
2024-09-18,ISR,0.08224471406547701
2024-09-19,ISR,0.13892772926715197
2024-09-20,ISR,0.05261383969636532
2024-09-21,ISR,0.05444635945111134
2024-09-22,ISR,0.14445881609648412
2024-09-23,ISR,0.16556534071745616
2024-09-24,ISR,0.14364817164658966
2024-09-25,ISR,0.034485738424581504
2024-09-26,ISR,0.008167433864565253
2024-09-27,ISR,0.007487992119967095
2024-09-28,ISR,0.00689830250551361
2024-09-29,ISR,0.012166834027950725
2024-09-30,ISR,0.013073997365285276
2024-10-01,ISR,0.10870771131196835
2024-10-02,ISR,0.005816636275107316
2024-10-03,ISR,0.016212925346091436
2024-10-04,ISR,0.011159336737967011
2024-10-05,ISR,0.011587798117746082
2024-10-06,ISR,0.007280674262521035
2024-10-07,ISR,0.08505059635942636
2024-10-08,ISR,0.0040402378048938
2024-10-09,ISR,0.004262568101964849
2024-10-10,ISR,0.004368863232898732
2024-10-11,ISR,0.004048913364435087
2024-10-12,ISR,0.00420786042215593
2024-10-13,ISR,0.004852250035270915
2024-10-14,ISR,0.004368762848215391
2024-10-15,ISR,0.007357170391847063
2024-10-16,ISR,0.00545294628988161
2024-10-17,ISR,0.006484135024139297
2024-10-18,ISR,0.010757721807566746
2024-10-19,ISR,0.0067045244289289496
2024-10-20,ISR,0.005438876888908116
2024-10-21,ISR,0.0055034961547992724
2024-10-22,ISR,0.01319212823263866
2024-10-23,ISR,0.00447509603101259
2024-10-24,ISR,0.005188586195351939
2024-10-25,ISR,0.005782198557450537
2024-10-26,ISR,0.007069115321733936
2024-10-27,ISR,0.005969433240815458
2024-10-28,ISR,0.008335192928745884
2024-10-29,ISR,0.008638736567752745
2024-10-30,ISR,0.005866313271109091
2024-10-31,ISR,0.0053652817095942214
2024-11-01,ISR,0.014184150132720931
2024-11-02,ISR,0.019057861817643247
2024-11-03,ISR,0.0071445961017073106
2024-11-04,ISR,0.017717339019326876
2024-11-05,ISR,0.007069737647912216
2024-11-06,ISR,0.01648537409648538
2024-11-07,ISR,0.007733765518977426
2024-11-08,ISR,0.005509048858517864
2024-11-09,ISR,0.005678350416737978
2024-11-10,ISR,0.004535767586678735
2024-11-11,ISR,0.006429726205037681
2024-11-12,ISR,0.004755779731411648
2024-11-13,ISR,0.004630207834554119
2024-11-14,ISR,0.03752436036101572
2024-11-15,ISR,0.07461182517460278
2024-11-16,ISR,0.04875868290195104
2024-11-17,ISR,0.08790667986931283
2024-11-18,ISR,0.017869850120227283
2024-11-19,ISR,0.010222708029476989
2024-11-20,ISR,0.010506193117938498
2024-11-21,ISR,0.048296653762259646
2024-11-22,ISR,0.04273050041090543
2024-11-23,ISR,0.009953559727577974
2024-11-24,ISR,0.11356726112489013
2024-11-25,ISR,0.06576523285413063
2024-11-26,ISR,0.059493588483739326
2024-11-27,ISR,0.10401639438242989
2024-11-28,ISR,0.04178904362788097
2024-11-29,ISR,0.03894436425817436
2024-11-30,ISR,0.040626127244284264
2024-12-01,ISR,0.015051480096181688
2024-12-02,ISR,0.05362748816126386
2024-12-03,ISR,0.038251345013953164
2024-12-04,ISR,0.019274423033844308
2024-12-05,ISR,0.10008658683952434
2024-12-06,ISR,0.05205481900876094
2024-12-07,ISR,0.07954583176068002
2024-12-08,ISR,0.0597328054719679
2024-12-09,ISR,0.06175965873879372
2024-12-10,ISR,0.13477338829108473
2024-12-11,ISR,0.027996328531722202
2024-12-12,ISR,0.06059985917161349
2024-12-13,ISR,0.037415923030129174
2024-12-14,ISR,0.036250384418046025
2024-12-15,ISR,0.03624852251784292
2024-12-16,ISR,0.05493818617207557
2024-12-17,ISR,0.06348792469134627
2024-12-18,ISR,0.07598818037778249
2024-12-19,ISR,0.05194489289456603
2024-12-20,ISR,0.03198693173225195
2024-12-21,ISR,0.027526014777156313
2024-12-22,ISR,0.04555836116448664
2024-12-23,ISR,0.05016249487487056
2024-12-24,ISR,0.04134367376990306
2024-12-25,ISR,0.028125048154719414
2024-12-26,ISR,0.021954681525561612
2024-12-27,ISR,0.021214369005613715
2024-12-28,ISR,0.024703934149309603
2024-12-29,ISR,0.01908649159998198
2024-12-30,ISR,0.0299806918591945
2024-12-31,ISR,0.02530939104288762
2025-01-01,ISR,0.01834852143713055
2025-01-02,ISR,0.0166338748034846
2025-01-03,ISR,0.005987682898531211
2025-01-04,ISR,0.00817414385927049
2025-01-05,ISR,0.007162103432312039
2025-01-06,ISR,0.00719625746425491
2025-01-07,ISR,0.007932182079341056
2025-01-08,ISR,0.0067367574889182665
2025-01-09,ISR,0.007146087698047774
2025-01-10,ISR,0.023004461373748484
2025-01-11,ISR,0.01649884224624485
2025-01-12,ISR,0.023696799456590808
2025-01-13,ISR,0.046434945938718844
2025-01-14,ISR,0.02183017498154838
2025-01-15,ISR,0.0519277329953751
2025-01-16,ISR,0.05190703787796562
2025-01-17,ISR,0.033843683411221834
2025-01-18,ISR,0.12235487938250474
2025-01-19,ISR,0.14313190139144463
2025-01-20,ISR,0.16323964604992125
2025-01-21,ISR,0.0740581467897938
2025-01-22,ISR,0.03540451293172663
2025-01-23,ISR,0.02802953822231045
2025-01-24,ISR,0.04574778354802604
2025-01-25,ISR,0.05872725601336684
2025-01-26,ISR,0.0070081781941566
2025-01-27,ISR,0.006677680035365262
2025-01-28,ISR,0.005538788387296688
2025-01-29,ISR,0.005507566640302862
2025-01-30,ISR,0.016487078442927655
2025-01-31,ISR,0.005894906574944465
2025-02-01,ISR,0.027698344887973774
2025-02-02,ISR,0.01228549807471051
2025-02-03,ISR,0.011291731024368187
2025-02-04,ISR,0.08063936348230749
2025-02-05,ISR,0.12688900461817776
2025-02-06,ISR,0.15510969827835694
2025-02-07,ISR,0.1168201262049763
2025-02-08,ISR,0.17454975832127775
2025-02-09,ISR,0.11250472966563473
2025-02-10,ISR,0.11678529498696505
2025-02-11,ISR,0.1347085212467602
2025-02-12,ISR,0.10202392847615385
2025-02-13,ISR,0.09270094047045599
2025-02-14,ISR,0.10791806502224001
2025-02-15,ISR,0.1632313997198878
2025-02-16,ISR,0.1159183531863251
2025-02-17,ISR,0.1153778234405715
2025-02-18,ISR,0.12842500475913227
2025-02-19,ISR,0.09473303960261006
2025-02-20,ISR,0.10863938341429448
2025-02-21,ISR,0.10813055612599357
2025-02-22,ISR,0.14877426276030717
2025-02-23,ISR,0.1282672133053309
2025-02-24,ISR,0.07500817762510345
2025-02-25,ISR,0.07003300996771333
2025-02-26,ISR,0.08016738606010519
2025-02-27,ISR,0.03555788131435879
2025-02-28,ISR,0.036801728045010404
2025-03-01,ISR,0.01998414543065351
2025-03-02,ISR,0.04378881522261139
2025-03-03,ISR,0.040074299206479834
2025-03-04,ISR,0.0318605232429503
2025-03-05,ISR,0.03212157078997117
2025-03-06,ISR,0.0057820706860147765
2025-03-07,ISR,0.005175601116293046
2025-03-08,ISR,0.005173206663231074
2025-03-09,ISR,0.004948986870937635
2025-03-10,ISR,0.004400184896372946
2025-03-11,ISR,0.004584906897810035
2025-03-12,ISR,0.004597243264437215
2025-03-13,ISR,0.005260465262695601
2025-03-14,ISR,0.005226824154450578
2025-03-15,ISR,0.005304673877781529
2025-03-16,ISR,0.0054059284819017945
2025-03-17,ISR,0.09356710060460253
2025-03-18,ISR,0.15695082951635334
2025-03-19,ISR,0.1008012392336047
2025-03-20,ISR,0.11076520604364819
2025-03-21,ISR,0.0053041788957178945
2025-03-22,ISR,0.004983266277239134
2025-03-23,ISR,0.004972966598269637
2025-03-24,ISR,0.005078351948340015
2025-03-25,ISR,0.004945518094666361
2025-03-26,ISR,0.005337965120781954
2025-03-27,ISR,0.0052493395306264035
2025-03-28,ISR,0.023391351441131553
2024-07-01,SYR,0.0832256787015774
2024-07-02,SYR,0.10633462786348286
2024-07-03,SYR,0.1412084997125145
2024-07-04,SYR,0.06581061209130959
2024-07-05,SYR,0.08421128519461588
2024-07-06,SYR,0.0512500258491893
2024-07-07,SYR,0.06036107033790597
2024-07-08,SYR,0.026687233753085612
2024-07-09,SYR,0.047273460791550634
2024-07-10,SYR,0.011533063819811272
2024-07-11,SYR,0.014272415277161788
2024-07-12,SYR,0.01079888661605345
2024-07-13,SYR,0.027363042014684005
2024-07-14,SYR,0.04078456647008105
2024-07-15,SYR,0.026409397558887954
2024-07-16,SYR,0.027282052943486422
2024-07-17,SYR,0.07409242633320262
2024-07-18,SYR,0.01386471626522993
2024-07-19,SYR,0.010644820620522185
2024-07-20,SYR,0.017598072989747266
2024-07-21,SYR,0.01673362633981507
2024-07-22,SYR,0.02315630688873743
2024-07-23,SYR,0.01814219449521079
2024-07-24,SYR,0.019617754907883946
2024-07-25,SYR,0.013068224633369905
2024-07-26,SYR,0.022323683538408922
2024-07-27,SYR,0.027539950329370812
2024-07-28,SYR,0.03133102903452759
2024-07-29,SYR,0.017264990661381072
2024-07-30,SYR,0.0207576632075709
2024-07-31,SYR,0.02084830230506157
2024-08-01,SYR,0.019383987038633078
2024-08-02,SYR,0.012658404521514809
2024-08-03,SYR,0.02034038136262803
2024-08-04,SYR,0.02432725711837636
2024-08-05,SYR,0.013071995898582734
2024-08-06,SYR,0.006479557851561285
2024-08-07,SYR,0.03480393722477941
2024-08-08,SYR,0.047913970869062884
2024-08-09,SYR,0.022193216300463257
2024-08-10,SYR,0.047852558778606835
2024-08-11,SYR,0.08367802289596575
2024-08-12,SYR,0.01778603950633698
2024-08-13,SYR,0.025323943072609167
2024-08-14,SYR,0.02481008626654466
2024-08-15,SYR,0.013215435580533058
2024-08-16,SYR,0.011684606350045295
2024-08-17,SYR,0.0071261372559257505
2024-08-18,SYR,0.006922625870317653
2024-08-19,SYR,0.006466451786632687
2024-08-20,SYR,0.006048909528112736
2024-08-21,SYR,0.008994079591655655
2024-08-22,SYR,0.0058446721042715545
2024-08-23,SYR,0.007196457643190123
2024-08-24,SYR,0.026644430886085865
2024-08-25,SYR,0.04677470856963679
2024-08-26,SYR,0.018438918838638928
2024-08-27,SYR,0.010221404347201027
2024-08-28,SYR,0.015090088598615712
2024-08-29,SYR,0.010722426806871318
2024-08-30,SYR,0.0135230585873316
2024-08-31,SYR,0.01811054043841394
2024-09-01,SYR,0.021766969607589767
2024-09-02,SYR,0.01523591637885168
2024-09-03,SYR,0.015632379433160162
2024-09-04,SYR,0.01046249279865785
2024-09-05,SYR,0.012374310926934275
2024-09-06,SYR,0.012884588882016147
2024-09-07,SYR,0.012681362588939753
2024-09-08,SYR,0.0598459404720999
2024-09-09,SYR,0.047431042336560425
2024-09-10,SYR,0.06792364949530262
2024-09-11,SYR,0.010705230406490008
2024-09-12,SYR,0.0118638707402665
2024-09-13,SYR,0.014010314552368746
2024-09-14,SYR,0.08976977019581438
2024-09-15,SYR,0.008536000680050183
2024-09-16,SYR,0.008686772563222575
2024-09-17,SYR,0.009722776649388034
2024-09-18,SYR,0.013825658471456044
2024-09-19,SYR,0.0078107908870543976
2024-09-20,SYR,0.01050526231238805
2024-09-21,SYR,0.011816395099875235
2024-09-22,SYR,0.009969553638031288
2024-09-23,SYR,0.0065256664255519
2024-09-24,SYR,0.00561775722325478
2024-09-25,SYR,0.005637901538687528
2024-09-26,SYR,0.006316604474113204
2024-09-27,SYR,0.0056670414552345135
2024-09-28,SYR,0.005537451744191622
2024-09-29,SYR,0.008824381936304722
2024-09-30,SYR,0.006996479758418487
2024-10-01,SYR,0.0076576094512996
2024-10-02,SYR,0.006029264671950471
2024-10-03,SYR,0.006992531333569077
2024-10-04,SYR,0.005592241325831905
2024-10-05,SYR,0.037549411228291585
2024-10-06,SYR,0.00784847305565484
2024-10-07,SYR,0.0071396445796492215
2024-10-08,SYR,0.006158183793820706
2024-10-09,SYR,0.010135320360895858
2024-10-10,SYR,0.007829907919564807
2024-10-11,SYR,0.010912721152818534
2024-10-12,SYR,0.012364795782191452
2024-10-13,SYR,0.015319840425683406
2024-10-14,SYR,0.08886528144498215
2024-10-15,SYR,0.01753355083871916
2024-10-16,SYR,0.08892876724023806
2024-10-17,SYR,0.06002920811421271
2024-10-18,SYR,0.012939862073919376
2024-10-19,SYR,0.010235986170852586
2024-10-20,SYR,0.016690931687822198
2024-10-21,SYR,0.016824840031381044
2024-10-22,SYR,0.017261343914801486
2024-10-23,SYR,0.012556756772394158
2024-10-24,SYR,0.014676236664681534
2024-10-25,SYR,0.021690751133763585
2024-10-26,SYR,0.16590227772847202
2024-10-27,SYR,0.008000289369017222
2024-10-28,SYR,0.011408854394375714
2024-10-29,SYR,0.007865289954826831
2024-10-30,SYR,0.00925199577517161
2024-10-31,SYR,0.006664523895726364
2024-11-01,SYR,0.00901694977502072
2024-11-02,SYR,0.06483567085091012
2024-11-03,SYR,0.009696009894667488
2024-11-04,SYR,0.007839464965856885
2024-11-05,SYR,0.008591317418122026
2024-11-06,SYR,0.009837619557002839
2024-11-07,SYR,0.017756705609627048
2024-11-08,SYR,0.008355496976146893
2024-11-09,SYR,0.012934430070548324
2024-11-10,SYR,0.014654084033773693
2024-11-11,SYR,0.010360963122840697
2024-11-12,SYR,0.012734116564221146
2024-11-13,SYR,0.0133454785246915
2024-11-14,SYR,0.016785633189873937
2024-11-15,SYR,0.01387852234981916
2024-11-16,SYR,0.012361716766818657
2024-11-17,SYR,0.013266724827370261
2024-11-18,SYR,0.026768423637173685
2024-11-19,SYR,0.016343239433251028
2024-11-20,SYR,0.1778489586395096
2024-11-21,SYR,0.0068113923378595705
2024-11-22,SYR,0.008283961070795725
2024-11-23,SYR,0.04947882317188711
2024-11-24,SYR,0.009654288793666319
2024-11-25,SYR,0.039803480764724876
2024-11-26,SYR,0.01624407047379016
2024-11-27,SYR,0.00961121486446575
2024-11-28,SYR,0.008554322129864103
2024-11-29,SYR,0.01014637117638331
2024-11-30,SYR,0.011053894999200009
2024-12-01,SYR,0.005002472045554647
2024-12-02,SYR,0.009789722121417913
2024-12-03,SYR,0.0062806554837532835
2024-12-04,SYR,0.058573998771754766
2024-12-05,SYR,0.006347025907254123
2024-12-06,SYR,0.06222041631571817
2024-12-07,SYR,0.013328768337210736
2024-12-08,SYR,0.021368562744523485
2024-12-09,SYR,0.02374170409009292
2024-12-10,SYR,0.028038427013980127
2024-12-11,SYR,0.013435424040201325
2024-12-12,SYR,0.022653972582743046
2024-12-13,SYR,0.010341191473548712
2024-12-14,SYR,0.023759028739821348
2024-12-15,SYR,0.005712539976853628
2024-12-16,SYR,0.017420267443257677
2024-12-17,SYR,0.007992207813397321
2024-12-18,SYR,0.004898463454378471
2024-12-19,SYR,0.006940527173623997
2024-12-20,SYR,0.007522371917178777
2024-12-21,SYR,0.006073476849948915
2024-12-22,SYR,0.006476513284914636
2024-12-23,SYR,0.005328089775987813
2024-12-24,SYR,0.08321451710493585
2024-12-25,SYR,0.01009483987309709
2024-12-26,SYR,0.0714283709536784
2024-12-27,SYR,0.007416099492448276
2024-12-28,SYR,0.06280908762825038
2024-12-29,SYR,0.008801660067305716
2024-12-30,SYR,0.007193692684543709
2024-12-31,SYR,0.008664836822528452
2025-01-01,SYR,0.008441876941786818
2025-01-02,SYR,0.01107299230386134
2025-01-03,SYR,0.06207348295188477
2025-01-04,SYR,0.13709181534240764
2025-01-05,SYR,0.018914018632696664
2025-01-06,SYR,0.013902235318969594
2025-01-07,SYR,0.012261672654595279
2025-01-08,SYR,0.017000873530833
2025-01-09,SYR,0.01857918824538886
2025-01-10,SYR,0.022064657190282777
2025-01-11,SYR,0.020900793721085553
2025-01-12,SYR,0.012315686395962946
2025-01-13,SYR,0.009398545523497058
2025-01-14,SYR,0.006927050000799489
2025-01-15,SYR,0.01109441951012679
2025-01-16,SYR,0.009596306428603789
2025-01-17,SYR,0.011482044374904892
2025-01-18,SYR,0.009723748302518466
2025-01-19,SYR,0.010614496088988377
2025-01-20,SYR,0.01042959314399716
2025-01-21,SYR,0.008503298224222775
2025-01-22,SYR,0.008105397239832385
2025-01-23,SYR,0.1049301085724752
2025-01-24,SYR,0.008808817396115947
2025-01-25,SYR,0.017004085722194195
2025-01-26,SYR,0.006401080349400326
2025-01-27,SYR,0.007750234093757173
2025-01-28,SYR,0.005891264199498728
2025-01-29,SYR,0.07034609325064795
2025-01-30,SYR,0.006961916895244309
2025-01-31,SYR,0.007437847107022407
2025-02-01,SYR,0.006971059143276874
2025-02-02,SYR,0.007720287518023974
2025-02-03,SYR,0.008723928186407784
2025-02-04,SYR,0.006956204653547235
2025-02-05,SYR,0.00859929308013671
2025-02-06,SYR,0.01160158518769705
2025-02-07,SYR,0.010049894952407585
2025-02-08,SYR,0.018665329892564843
2025-02-09,SYR,0.01079278904266947
2025-02-10,SYR,0.0065041513043886355
2025-02-11,SYR,0.007611709377954964
2025-02-12,SYR,0.007052856312589228
2025-02-13,SYR,0.0069413626688550915
2025-02-14,SYR,0.007390627855928887
2025-02-15,SYR,0.006586825218847556
2025-02-16,SYR,0.006873455077621257
2025-02-17,SYR,0.012256530759582308
2025-02-18,SYR,0.00867418423121862
2025-02-19,SYR,0.00950785980074862
2025-02-20,SYR,0.009645856617479237
2025-02-21,SYR,0.010366559497077257
2025-02-22,SYR,0.00901882743538928
2025-02-23,SYR,0.0098842819794796
2025-02-24,SYR,0.012742776616718103
2025-02-25,SYR,0.012872730158550791
2025-02-26,SYR,0.011861868577259314
2025-02-27,SYR,0.010644324402235669
2025-02-28,SYR,0.009999077743981346
2025-03-01,SYR,0.010373723783080777
2025-03-02,SYR,0.014739551912315876
2025-03-03,SYR,0.014241617608263113
2025-03-04,SYR,0.009500249885567543
2025-03-05,SYR,0.015119680194181582
2025-03-06,SYR,0.16765451849618462
2025-03-07,SYR,0.1905099241165622
2025-03-08,SYR,0.18252562045019782
2025-03-09,SYR,0.1679022719335681
2025-03-10,SYR,0.16481735493907582
2025-03-11,SYR,0.1563382631211032
2025-03-12,SYR,0.1537614500077631
2025-03-13,SYR,0.09607367708769897
2025-03-14,SYR,0.013727007306767614
2025-03-15,SYR,0.0072486379233503645
2025-03-16,SYR,0.008428154414168483
2025-03-17,SYR,0.004802422727082764
2025-03-18,SYR,0.004309393617554539
2025-03-19,SYR,0.003962119674899749
2025-03-20,SYR,0.007413122643076171
2025-03-21,SYR,0.004110454358453554
2025-03-22,SYR,0.004108422027451645
2025-03-23,SYR,0.004420205124904737
2025-03-24,SYR,0.008460063693781524
2025-03-25,SYR,0.005149963771516072
2025-03-26,SYR,0.006003862592812484
2025-03-27,SYR,0.006428077126901024
2025-03-28,SYR,0.005219477764019823
2024-07-01,YEM,0.0379328658774534
2024-07-02,YEM,0.01565974277747478
2024-07-03,YEM,0.0339694251109712
2024-07-04,YEM,0.0062473056268723594
2024-07-05,YEM,0.009061344010573676
2024-07-06,YEM,0.009206461545773936
2024-07-07,YEM,0.029864878006137987
2024-07-08,YEM,0.007237296310720171
2024-07-09,YEM,0.01005192881841623
2024-07-10,YEM,0.008268600805867865
2024-07-11,YEM,0.006412912319362131
2024-07-12,YEM,0.00610007987466664
2024-07-13,YEM,0.005987924901675617
2024-07-14,YEM,0.0079188681645843
2024-07-15,YEM,0.010091720795223812
2024-07-16,YEM,0.006215903025144752
2024-07-17,YEM,0.006652734396847341
2024-07-18,YEM,0.008729933285126806
2024-07-19,YEM,0.00890539805090124
2024-07-20,YEM,0.006891524017416644
2024-07-21,YEM,0.007327843907728676
2024-07-22,YEM,0.006745968701687542
2024-07-23,YEM,0.0067774273287397315
2024-07-24,YEM,0.0063429547499599635
2024-07-25,YEM,0.006428912806287601
2024-07-26,YEM,0.005514082149165417
2024-07-27,YEM,0.006220917934018915
2024-07-28,YEM,0.007815927771703994
2024-07-29,YEM,0.009046904243501045
2024-07-30,YEM,0.00805221065717548
2024-07-31,YEM,0.006253711226417812
2024-08-01,YEM,0.010151798764039308
2024-08-02,YEM,0.007348865400683621
2024-08-03,YEM,0.008789787871443022
2024-08-04,YEM,0.013353939250769931
2024-08-05,YEM,0.010397243378665237
2024-08-06,YEM,0.011319578382083514
2024-08-07,YEM,0.021521786282086897
2024-08-08,YEM,0.01888150043392378
2024-08-09,YEM,0.015853039136748237
2024-08-10,YEM,0.009568153461259426
2024-08-11,YEM,0.01601402434589684
2024-08-12,YEM,0.016090848556759685
2024-08-13,YEM,0.012724625378792358
2024-08-14,YEM,0.007408798648335439
2024-08-15,YEM,0.005602699690744628
2024-08-16,YEM,0.005717332385909993
2024-08-17,YEM,0.005316157901174216
2024-08-18,YEM,0.005199493340823206
2024-08-19,YEM,0.00581139554252917
2024-08-20,YEM,0.005228939214316907
2024-08-21,YEM,0.005613515060354925
2024-08-22,YEM,0.006524484559022745
2024-08-23,YEM,0.004192927159411284
2024-08-24,YEM,0.0047120644534046985
2024-08-25,YEM,0.005421814089926777
2024-08-26,YEM,0.006359980813691089
2024-08-27,YEM,0.0061831120372147315
2024-08-28,YEM,0.007659848074835988
2024-08-29,YEM,0.005578921997819062
2024-08-30,YEM,0.019194664928784824
2024-08-31,YEM,0.011999628329427586
2024-09-01,YEM,0.01821868563573314
2024-09-02,YEM,0.013753976886456519
2024-09-03,YEM,0.03553482457905325
2024-09-04,YEM,0.017473598875603746
2024-09-05,YEM,0.020202022337365764
2024-09-06,YEM,0.020208081091386648
2024-09-07,YEM,0.04806764736691355
2024-09-08,YEM,0.023260204633458993
2024-09-09,YEM,0.048055378856831796
2024-09-10,YEM,0.01918016788461395
2024-09-11,YEM,0.013020907063101269
2024-09-12,YEM,0.022363564388579782
2024-09-13,YEM,0.01408693786893355
2024-09-14,YEM,0.03686601312515278
2024-09-15,YEM,0.008209222746793816
2024-09-16,YEM,0.0045283543142955905
2024-09-17,YEM,0.005989936173327948
2024-09-18,YEM,0.008297311839264328
2024-09-19,YEM,0.005946579946585798
2024-09-20,YEM,0.004859841126633677
2024-09-21,YEM,0.005424357527298872
2024-09-22,YEM,0.005944688919043462
2024-09-23,YEM,0.0331077488122356
2024-09-24,YEM,0.011781355371703092
2024-09-25,YEM,0.06956616564907928
2024-09-26,YEM,0.09186306896818928
2024-09-27,YEM,0.006266237543478997
2024-09-28,YEM,0.014445046042410897
2024-09-29,YEM,0.0222258591775158
2024-09-30,YEM,0.02680696006790566
2024-10-01,YEM,0.015106930931470513
2024-10-02,YEM,0.028908222541041438
2024-10-03,YEM,0.014754491849630354
2024-10-04,YEM,0.028278060822017538
2024-10-05,YEM,0.0111792143147769
2024-10-06,YEM,0.010343429336267342
2024-10-07,YEM,0.006423891432790155
2024-10-08,YEM,0.007105448188237723
2024-10-09,YEM,0.0076850565661734085
2024-10-10,YEM,0.013364253204901921
2024-10-11,YEM,0.014263594694973404
2024-10-12,YEM,0.02728903322097103
2024-10-13,YEM,0.021111787648791645
2024-10-14,YEM,0.025225013807984645
2024-10-15,YEM,0.026691539334708806
2024-10-16,YEM,0.010891690407020743
2024-10-17,YEM,0.013482061603845363
2024-10-18,YEM,0.03725989359817039
2024-10-19,YEM,0.014450438217848253
2024-10-20,YEM,0.021052806334795997
2024-10-21,YEM,0.023116478042162568
2024-10-22,YEM,0.017974877257372353
2024-10-23,YEM,0.012303557161321602
2024-10-24,YEM,0.006614142653526703
2024-10-25,YEM,0.00655316989683159
2024-10-26,YEM,0.009746585959239135
2024-10-27,YEM,0.007300643452500855
2024-10-28,YEM,0.013557629387684818
2024-10-29,YEM,0.006615587739819726
2024-10-30,YEM,0.008830877678276599
2024-10-31,YEM,0.013543731867749318
2024-11-01,YEM,0.005799951105773319
2024-11-02,YEM,0.007041517305055745
2024-11-03,YEM,0.008116477594700232
2024-11-04,YEM,0.008224290995526443
2024-11-05,YEM,0.008428028615471149
2024-11-06,YEM,0.010744267276627592
2024-11-07,YEM,0.025593784324934428
2024-11-08,YEM,0.0121968935151892
2024-11-09,YEM,0.011489219843988291
2024-11-10,YEM,0.01126920639577602
2024-11-11,YEM,0.015656719855800645
2024-11-12,YEM,0.008175893073814276
2024-11-13,YEM,0.007038142996302451
2024-11-14,YEM,0.034380941902535815
2024-11-15,YEM,0.014472836136927542
2024-11-16,YEM,0.01646714965004557
2024-11-17,YEM,0.013747670740038895
2024-11-18,YEM,0.015510315429943715
2024-11-19,YEM,0.02508847956615064
2024-11-20,YEM,0.017806265095286062
2024-11-21,YEM,0.008646832388869055
2024-11-22,YEM,0.00790270506125927
2024-11-23,YEM,0.00856681212644006
2024-11-24,YEM,0.019369827141870924
2024-11-25,YEM,0.00754882628766433
2024-11-26,YEM,0.009068066664017953
2024-11-27,YEM,0.00739158893641237
2024-11-28,YEM,0.00932749366357068
2024-11-29,YEM,0.007083332946103151
2024-11-30,YEM,0.009374714851105673
2024-12-01,YEM,0.00856118564701776
2024-12-02,YEM,0.007934757489681464
2024-12-03,YEM,0.010366329566452602
2024-12-04,YEM,0.013466685804053597
2024-12-05,YEM,0.01915163491435107
2024-12-06,YEM,0.03317535022241788
2024-12-07,YEM,0.019371622903904692
2024-12-08,YEM,0.014355145662300263
2024-12-09,YEM,0.013388918035399426
2024-12-10,YEM,0.02859695939125562
2024-12-11,YEM,0.021515495708535143
2024-12-12,YEM,0.06756255104246071
2024-12-13,YEM,0.01305883238833882
2024-12-14,YEM,0.007221545208890288
2024-12-15,YEM,0.007867548705194127
2024-12-16,YEM,0.007823065915536116
2024-12-17,YEM,0.012650129388520075
2024-12-18,YEM,0.010244899369372767
2024-12-19,YEM,0.017470369196476078
2024-12-20,YEM,0.014517618453918848
2024-12-21,YEM,0.014645048574474505
2024-12-22,YEM,0.012775508308481722
2024-12-23,YEM,0.007344250608266314
2024-12-24,YEM,0.008466947950674132
2024-12-25,YEM,0.006808881431743518
2024-12-26,YEM,0.005529264612629656
2024-12-27,YEM,0.008710835321916008
2024-12-28,YEM,0.007573795793688379
2024-12-29,YEM,0.009546059765795459
2024-12-30,YEM,0.008337269934607166
2024-12-31,YEM,0.007237149699309851
2025-01-01,YEM,0.006248420235773146
2025-01-02,YEM,0.007635720070928536
2025-01-03,YEM,0.006249977564145954
2025-01-04,YEM,0.007058228914599201
2025-01-05,YEM,0.010622289998490535
2025-01-06,YEM,0.009257428821272637
2025-01-07,YEM,0.013749674270614059
2025-01-08,YEM,0.00833095002996648
2025-01-09,YEM,0.013020451402531334
2025-01-10,YEM,0.040545517119671165
2025-01-11,YEM,0.00840049004749747
2025-01-12,YEM,0.011154436011273208
2025-01-13,YEM,0.007163668287070952
2025-01-14,YEM,0.007303286205183795
2025-01-15,YEM,0.018125910797752474
2025-01-16,YEM,0.007695862108339944
2025-01-17,YEM,0.006743598150975618
2025-01-18,YEM,0.010240751956176505
2025-01-19,YEM,0.006752427336493722
2025-01-20,YEM,0.008954597237365613
2025-01-21,YEM,0.007901370199813957
2025-01-22,YEM,0.006290288962523953
2025-01-23,YEM,0.006538816560597241
2025-01-24,YEM,0.006356346716009068
2025-01-25,YEM,0.011218832364489532
2025-01-26,YEM,0.010136175475222511
2025-01-27,YEM,0.00876264306152021
2025-01-28,YEM,0.008007423532310265
2025-01-29,YEM,0.010924908272617854
2025-01-30,YEM,0.01986464983727071
2025-01-31,YEM,0.024042540240649134
2025-02-01,YEM,0.029524285694268144
2025-02-02,YEM,0.028791044646093406
2025-02-03,YEM,0.010628526169481619
2025-02-04,YEM,0.024020092197256992
2025-02-05,YEM,0.02619840724231605
2025-02-06,YEM,0.023185485096970736
2025-02-07,YEM,0.013741584986870621
2025-02-08,YEM,0.011990673133925992
2025-02-09,YEM,0.010035096472372116
2025-02-10,YEM,0.019203814039729688
2025-02-11,YEM,0.015544481769009029
2025-02-12,YEM,0.009852104973461905
2025-02-13,YEM,0.010116848277141294
2025-02-14,YEM,0.01045253159282364
2025-02-15,YEM,0.014718449747328236
2025-02-16,YEM,0.019076338509780272
2025-02-17,YEM,0.011907857839556116
2025-02-18,YEM,0.010814897002169423
2025-02-19,YEM,0.011510608613482843
2025-02-20,YEM,0.022453101558271123
2025-02-21,YEM,0.02628793336472693
2025-02-22,YEM,0.015276011882619267
2025-02-23,YEM,0.018389914418761498
2025-02-24,YEM,0.017853147779160417
2025-02-25,YEM,0.03204824690976946
2025-02-26,YEM,0.007976121901273817
2025-02-27,YEM,0.008507890082167352
2025-02-28,YEM,0.01128185112342295
2025-03-01,YEM,0.01000380942957083
2025-03-02,YEM,0.022021792265646423
2025-03-03,YEM,0.016420075941511618
2025-03-04,YEM,0.013491447208380197
2025-03-05,YEM,0.01579152149706143
2025-03-06,YEM,0.013580161635564147
2025-03-07,YEM,0.024934119921826203
2025-03-08,YEM,0.02217047209270286
2025-03-09,YEM,0.046094020100995586
2025-03-10,YEM,0.03261388602129933
2025-03-11,YEM,0.08200901370226792
2025-03-12,YEM,0.04787043207685225
2025-03-13,YEM,0.05382109588832627
2025-03-14,YEM,0.016599626751215346
2025-03-15,YEM,0.05467569762609449
2025-03-16,YEM,0.12547600567928954
2025-03-17,YEM,0.04854687143780521
2025-03-18,YEM,0.015340336260778102
2025-03-19,YEM,0.011625230908437902
2025-03-20,YEM,0.009441206268672097
2025-03-21,YEM,0.022130995742518797
2025-03-22,YEM,0.006727041628466342
2025-03-23,YEM,0.006856124228613027
2025-03-24,YEM,0.009818295941914254
2025-03-25,YEM,0.009519075046261434
2025-03-26,YEM,0.010816185954268769
2025-03-27,YEM,0.014406471294016822
2025-03-28,YEM,0.06874935606205874
2024-07-01,IRQ,0.007688415908393124
2024-07-02,IRQ,0.007050319547554934
2024-07-03,IRQ,0.04555621331452313
2024-07-04,IRQ,0.009889551603873966
2024-07-05,IRQ,0.010618920524500676
2024-07-06,IRQ,0.1014449376699224
2024-07-07,IRQ,0.02140797773024397
2024-07-08,IRQ,0.018727412325766364
2024-07-09,IRQ,0.01892796332267003
2024-07-10,IRQ,0.08324566483871677
2024-07-11,IRQ,0.03841148927038426
2024-07-12,IRQ,0.10772907445510697
2024-07-13,IRQ,0.12558188038136503
2024-07-14,IRQ,0.03661854412970324
2024-07-15,IRQ,0.02453747222696261
2024-07-16,IRQ,0.034109360446586336
2024-07-17,IRQ,0.016978918169284485
2024-07-18,IRQ,0.030787210515315543
2024-07-19,IRQ,0.008390611018549456
2024-07-20,IRQ,0.008538293909895772
2024-07-21,IRQ,0.010076816607071283
2024-07-22,IRQ,0.0074348126136180364
2024-07-23,IRQ,0.007143262357691607
2024-07-24,IRQ,0.010873448217309779
2024-07-25,IRQ,0.007165694716275466
2024-07-26,IRQ,0.035205492810453466
2024-07-27,IRQ,0.0702243083237552
2024-07-28,IRQ,0.040388227377788355
2024-07-29,IRQ,0.12776734575696194
2024-07-30,IRQ,0.07476403722153864
2024-07-31,IRQ,0.07355833551532902
2024-08-01,IRQ,0.07011668260910107
2024-08-02,IRQ,0.044641671764588185
2024-08-03,IRQ,0.04246068401118908
2024-08-04,IRQ,0.13844253503894677
2024-08-05,IRQ,0.10108556837490446
2024-08-06,IRQ,0.10117109461594723
2024-08-07,IRQ,0.01539298602452439
2024-08-08,IRQ,0.04118979310034671
2024-08-09,IRQ,0.03285964714858096
2024-08-10,IRQ,0.031028294098765518
2024-08-11,IRQ,0.03612921170353324
2024-08-12,IRQ,0.02670648011135148
2024-08-13,IRQ,0.02609184796098659
2024-08-14,IRQ,0.10543929543288905
2024-08-15,IRQ,0.11643637982031323
2024-08-16,IRQ,0.04548745912834627
2024-08-17,IRQ,0.014342144321646098
2024-08-18,IRQ,0.021285895517433606
2024-08-19,IRQ,0.020317036542947003
2024-08-20,IRQ,0.02370044119462156
2024-08-21,IRQ,0.07174651640182267
2024-08-22,IRQ,0.012410218617144822
2024-08-23,IRQ,0.03212696094741071
2024-08-24,IRQ,0.025168982615022588
2024-08-25,IRQ,0.04107770102633938
2024-08-26,IRQ,0.03235170092285743
2024-08-27,IRQ,0.12379249184296619
2024-08-28,IRQ,0.01829288628131789
2024-08-29,IRQ,0.09470693985295517
2024-08-30,IRQ,0.020778315449485302
2024-08-31,IRQ,0.017660597686390903
2024-09-01,IRQ,0.013591871052381964
2024-09-02,IRQ,0.1380006236681814
2024-09-03,IRQ,0.011009755360064663
2024-09-04,IRQ,0.017599083167237954
2024-09-05,IRQ,0.005470154552114359
2024-09-06,IRQ,0.005476839496742392
2024-09-07,IRQ,0.005946834971985605
2024-09-08,IRQ,0.0055151401462869695
2024-09-09,IRQ,0.0050222718127707336
2024-09-10,IRQ,0.028066256326507968
2024-09-11,IRQ,0.005196436367947374
2024-09-12,IRQ,0.019146567595627276
2024-09-13,IRQ,0.03297015939050729
2024-09-14,IRQ,0.03113840228393228
2024-09-15,IRQ,0.043603923497240654
2024-09-16,IRQ,0.03278460016151428
2024-09-17,IRQ,0.05892383371340662
2024-09-18,IRQ,0.11369189968120218
2024-09-19,IRQ,0.07465914671544453
2024-09-20,IRQ,0.10017287319457024
2024-09-21,IRQ,0.031514308076007545
2024-09-22,IRQ,0.06565420798774486
2024-09-23,IRQ,0.05002626782792598
2024-09-24,IRQ,0.0444919332207973
2024-09-25,IRQ,0.032442718391820696
2024-09-26,IRQ,0.014223703456117471
2024-09-27,IRQ,0.089905955162059
2024-09-28,IRQ,0.019373723314812994
2024-09-29,IRQ,0.021427559092465097
2024-09-30,IRQ,0.015990267461147185
2024-10-01,IRQ,0.028231385378265486
2024-10-02,IRQ,0.011263770312343834
2024-10-03,IRQ,0.050728102108610444
2024-10-04,IRQ,0.050762183835715874
2024-10-05,IRQ,0.02239941880416422
2024-10-06,IRQ,0.018583667100839557
2024-10-07,IRQ,0.02488484192210698
2024-10-08,IRQ,0.06813390955659693
2024-10-09,IRQ,0.014671731478991208
2024-10-10,IRQ,0.025766027158445153
2024-10-11,IRQ,0.014177087933335511
2024-10-12,IRQ,0.010914000384296374
2024-10-13,IRQ,0.018733262549572718
2024-10-14,IRQ,0.019419036804995196
2024-10-15,IRQ,0.025817511582080788
2024-10-16,IRQ,0.03910837761475655
2024-10-17,IRQ,0.02111439913017959
2024-10-18,IRQ,0.01270248775114237
2024-10-19,IRQ,0.01297258316989348
2024-10-20,IRQ,0.020443178358294373
2024-10-21,IRQ,0.029450281753218975
2024-10-22,IRQ,0.02891980112530942
2024-10-23,IRQ,0.037054796364644364
2024-10-24,IRQ,0.10294043889539006
2024-10-25,IRQ,0.0150101770639103
2024-10-26,IRQ,0.012602401683649624
2024-10-27,IRQ,0.030236085394957483
2024-10-28,IRQ,0.019937271071344166
2024-10-29,IRQ,0.018604634853047475
2024-10-30,IRQ,0.008946246992032588
2024-10-31,IRQ,0.00588922401687375
2024-11-01,IRQ,0.005250009227490971
2024-11-02,IRQ,0.005476384942152971
2024-11-03,IRQ,0.005999305296619455
2024-11-04,IRQ,0.005621309941345411
2024-11-05,IRQ,0.005666891862235089
2024-11-06,IRQ,0.006275964917090139
2024-11-07,IRQ,0.009182168381741188
2024-11-08,IRQ,0.009528099829269405
2024-11-09,IRQ,0.010764688870279133
2024-11-10,IRQ,0.009623926525177887
2024-11-11,IRQ,0.04879528430528491
2024-11-12,IRQ,0.03767935187049496
2024-11-13,IRQ,0.06042266136051618
2024-11-14,IRQ,0.09389663594976302
2024-11-15,IRQ,0.04532088567413087
2024-11-16,IRQ,0.013131509903262902
2024-11-17,IRQ,0.015090610817698994
2024-11-18,IRQ,0.01965123521962448
2024-11-19,IRQ,0.04253232869126374
2024-11-20,IRQ,0.024728545315663
2024-11-21,IRQ,0.030186020905578415
2024-11-22,IRQ,0.02072556175438851
2024-11-23,IRQ,0.033724399524836794
2024-11-24,IRQ,0.04832773908172466
2024-11-25,IRQ,0.027436132086030438
2024-11-26,IRQ,0.019208532309028817
2024-11-27,IRQ,0.0373068199515429
2024-11-28,IRQ,0.02685611876920726
2024-11-29,IRQ,0.022832326069355723
2024-11-30,IRQ,0.022997140221222734
2024-12-01,IRQ,0.02426101545441218
2024-12-02,IRQ,0.019959291569259657
2024-12-03,IRQ,0.10661694101560988
2024-12-04,IRQ,0.01955206297612526
2024-12-05,IRQ,0.02300975353789163
2024-12-06,IRQ,0.012951462379767305
2024-12-07,IRQ,0.013835253323504111
2024-12-08,IRQ,0.013553694063182473
2024-12-09,IRQ,0.014892355993898756
2024-12-10,IRQ,0.014476371092957577
2024-12-11,IRQ,0.01361156346798195
2024-12-12,IRQ,0.014391492376051172
2024-12-13,IRQ,0.03950350855653078
2024-12-14,IRQ,0.02365347352021312
2024-12-15,IRQ,0.022136744499855452
2024-12-16,IRQ,0.019357459632203224
2024-12-17,IRQ,0.05503699372771614
2024-12-18,IRQ,0.024044373045548906
2024-12-19,IRQ,0.02604675319230935
2024-12-20,IRQ,0.05868353350627099
2024-12-21,IRQ,0.014308652355191602
2024-12-22,IRQ,0.02151258665530649
2024-12-23,IRQ,0.02871824478570185
2024-12-24,IRQ,0.13145580604439025
2024-12-25,IRQ,0.16437275488076022
2024-12-26,IRQ,0.03446479938599394
2024-12-27,IRQ,0.1549665733079031
2024-12-28,IRQ,0.10250877758262458
2024-12-29,IRQ,0.0887222490073891
2024-12-30,IRQ,0.12802836481165927
2024-12-31,IRQ,0.07404772321155685
2025-01-01,IRQ,0.02398414786968366
2025-01-02,IRQ,0.03083136728408862
2025-01-03,IRQ,0.01918625625736347
2025-01-04,IRQ,0.019793363834328913
2025-01-05,IRQ,0.030050619348813087
2025-01-06,IRQ,0.010635032415250963
2025-01-07,IRQ,0.008243777096847512
2025-01-08,IRQ,0.022227518911987522
2025-01-09,IRQ,0.008315811333045224
2025-01-10,IRQ,0.008600785795906484
2025-01-11,IRQ,0.010552222396964581
2025-01-12,IRQ,0.009547145883691061
2025-01-13,IRQ,0.025252359392560923
2025-01-14,IRQ,0.008771740859125916
2025-01-15,IRQ,0.015816870411418618
2025-01-16,IRQ,0.010660913352286213
2025-01-17,IRQ,0.007557401407409817
2025-01-18,IRQ,0.009068219516928527
2025-01-19,IRQ,0.009748697551276653
2025-01-20,IRQ,0.01593195292983727
2025-01-21,IRQ,0.02256991424836973
2025-01-22,IRQ,0.015551083144961163
2025-01-23,IRQ,0.020301421118078665
2025-01-24,IRQ,0.02994601443218225
2025-01-25,IRQ,0.07615253310736345
2025-01-26,IRQ,0.02392201069694219
2025-01-27,IRQ,0.04014829006424546
2025-01-28,IRQ,0.016229232902761053
2025-01-29,IRQ,0.02611969872722275
2025-01-30,IRQ,0.02666559934438308
2025-01-31,IRQ,0.018378338869094662
2025-02-01,IRQ,0.030986059305385942
2025-02-02,IRQ,0.07646903601872569
2025-02-03,IRQ,0.08634649638925371
2025-02-04,IRQ,0.02074684059456136
2025-02-05,IRQ,0.02146585695047679
2025-02-06,IRQ,0.020288706802654665
2025-02-07,IRQ,0.018174463045296498
2025-02-08,IRQ,0.008942747560003647
2025-02-09,IRQ,0.009511473839460334
2025-02-10,IRQ,0.049114869882972395
2025-02-11,IRQ,0.009413911845446096
2025-02-12,IRQ,0.008108197348679624
2025-02-13,IRQ,0.007158537117802296
2025-02-14,IRQ,0.019928608563777213
2025-02-15,IRQ,0.0376341545009718
2025-02-16,IRQ,0.04105091484181693
2025-02-17,IRQ,0.026543356849796643
2025-02-18,IRQ,0.0176480277072524
2025-02-19,IRQ,0.06492217748973364
2025-02-20,IRQ,0.13481711749624722
2025-02-21,IRQ,0.025653172157036726
2025-02-22,IRQ,0.01967481220933543
2025-02-23,IRQ,0.04427075366601756
2025-02-24,IRQ,0.030957475948460243
2025-02-25,IRQ,0.017986102443754946
2025-02-26,IRQ,0.027575439076974382
2025-02-27,IRQ,0.128901531010446
2025-02-28,IRQ,0.0731736688770433
2025-03-01,IRQ,0.014935760397634132
2025-03-02,IRQ,0.10122955324147442
2025-03-03,IRQ,0.021731982669835795
2025-03-04,IRQ,0.09159851162617719
2025-03-05,IRQ,0.03067163384773974
2025-03-06,IRQ,0.07681702971743189
2025-03-07,IRQ,0.06050445020384965
2025-03-08,IRQ,0.04737601966088265
2025-03-09,IRQ,0.027587956680524175
2025-03-10,IRQ,0.03551807882197495
2025-03-11,IRQ,0.07474105177406586
2025-03-12,IRQ,0.1149461387011915
2025-03-13,IRQ,0.029796363415189837
2025-03-14,IRQ,0.0215202870663457
2025-03-15,IRQ,0.12173341910462009
2025-03-16,IRQ,0.030963077653757623
2025-03-17,IRQ,0.13710930735705074
2025-03-18,IRQ,0.09196579106367347
2025-03-19,IRQ,0.09316779677180596
2025-03-20,IRQ,0.08457697893308444
2025-03-21,IRQ,0.02769535713160496
2025-03-22,IRQ,0.07820869167675785
2025-03-23,IRQ,0.11577392747988531
2025-03-24,IRQ,0.03695034228581508
2025-03-25,IRQ,0.02826040442635294
2025-03-26,IRQ,0.052097865100880617
2025-03-27,IRQ,0.10753543364313957
2025-03-28,IRQ,0.05038756752676979
2024-07-01,LBN,0.006369164196368171
2024-07-02,LBN,0.008290877666851314
2024-07-03,LBN,0.010382995816005897
2024-07-04,LBN,0.012368525186246869
2024-07-05,LBN,0.014319339176907956
2024-07-06,LBN,0.006624262391031791
2024-07-07,LBN,0.005289902162796478
2024-07-08,LBN,0.0050056488123610705
2024-07-09,LBN,0.00604584227394123
2024-07-10,LBN,0.00519948490821377
2024-07-11,LBN,0.006229395982296173
2024-07-12,LBN,0.005859281018358269
2024-07-13,LBN,0.017876637374583802
2024-07-14,LBN,0.024597406332739352
2024-07-15,LBN,0.011065308792906788
2024-07-16,LBN,0.007334765694317508
2024-07-17,LBN,0.016938194203927077
2024-07-18,LBN,0.007939888638740986
2024-07-19,LBN,0.009354769278263994
2024-07-20,LBN,0.015660700406201575
2024-07-21,LBN,0.007539325310522313
2024-07-22,LBN,0.006719213191760909
2024-07-23,LBN,0.00660568826144206
2024-07-24,LBN,0.005461035246805042
2024-07-25,LBN,0.006673940510056352
2024-07-26,LBN,0.006355782740902447
2024-07-27,LBN,0.007842377131246171
2024-07-28,LBN,0.010078371314807747
2024-07-29,LBN,0.007184943012165132
2024-07-30,LBN,0.013329632832719132
2024-07-31,LBN,0.011536399547779559
2024-08-01,LBN,0.009725289323002597
2024-08-02,LBN,0.010220982029214698
2024-08-03,LBN,0.005606690156462713
2024-08-04,LBN,0.01097928207691031
2024-08-05,LBN,0.008956832635264072
2024-08-06,LBN,0.005649577235974584
2024-08-07,LBN,0.006186005472622244
2024-08-08,LBN,0.005914715398788134
2024-08-09,LBN,0.00566218435458058
2024-08-10,LBN,0.005280728088766074
2024-08-11,LBN,0.00519029037182817
2024-08-12,LBN,0.005031436283092854
2024-08-13,LBN,0.004753173916906945
2024-08-14,LBN,0.004636336730955539
2024-08-15,LBN,0.0051893696308050455
2024-08-16,LBN,0.005092089586217999
2024-08-17,LBN,0.005283906959855181
2024-08-18,LBN,0.005049345482571481
2024-08-19,LBN,0.0053381989974559075
2024-08-20,LBN,0.00860052872736195
2024-08-21,LBN,0.006395574872628343
2024-08-22,LBN,0.005691463033500192
2024-08-23,LBN,0.00637925347709236
2024-08-24,LBN,0.005144431611905005
2024-08-25,LBN,0.055155012957608454
2024-08-26,LBN,0.013979467126401085
2024-08-27,LBN,0.0046856769493332714
2024-08-28,LBN,0.004891682964596762
2024-08-29,LBN,0.004972596300249741
2024-08-30,LBN,0.004351605530766124
2024-08-31,LBN,0.009658639635432656
2024-09-01,LBN,0.007167802320092205
2024-09-02,LBN,0.006832146146655987
2024-09-03,LBN,0.01159878141565473
2024-09-04,LBN,0.007172561467531062
2024-09-05,LBN,0.006085792496184408
2024-09-06,LBN,0.008640529188243751
2024-09-07,LBN,0.006695085291697307
2024-09-08,LBN,0.013122077175014185
2024-09-09,LBN,0.013942072880322884
2024-09-10,LBN,0.007849187140932799
2024-09-11,LBN,0.012091357432708855
2024-09-12,LBN,0.00766336710306969
2024-09-13,LBN,0.008461602142093568
2024-09-14,LBN,0.007251022921761786
2024-09-15,LBN,0.05186901869702561
2024-09-16,LBN,0.007624584272849057
2024-09-17,LBN,0.15264688345623353
2024-09-18,LBN,0.12218687496043124
2024-09-19,LBN,0.023979434410485518
2024-09-20,LBN,0.05828306294539033
2024-09-21,LBN,0.04776373372192665
2024-09-22,LBN,0.012462144850863652
2024-09-23,LBN,0.17052746744821162
2024-09-24,LBN,0.16292844333911946
2024-09-25,LBN,0.01504111357833454
2024-09-26,LBN,0.016580289449252706
2024-09-27,LBN,0.003976556369975409
2024-09-28,LBN,0.004283616181639443
2024-09-29,LBN,0.004260884239170611
2024-09-30,LBN,0.004616932433915921
2024-10-01,LBN,0.004940070166600628
2024-10-02,LBN,0.005562650931586827
2024-10-03,LBN,0.0049623868150545335
2024-10-04,LBN,0.005201632287729254
2024-10-05,LBN,0.0056935754123094715
2024-10-06,LBN,0.0054873149890044964
2024-10-07,LBN,0.003991512546194028
2024-10-08,LBN,0.0036859898006998885
2024-10-09,LBN,0.004749738659031608
2024-10-10,LBN,0.004680243916613218
2024-10-11,LBN,0.004486570434311947
2024-10-12,LBN,0.004111013630024429
2024-10-13,LBN,0.008096635768061092
2024-10-14,LBN,0.006538918344199049
2024-10-15,LBN,0.005853135802430465
2024-10-16,LBN,0.003923473255501971
2024-10-17,LBN,0.0075138384231927865
2024-10-18,LBN,0.006412970411654194
2024-10-19,LBN,0.0044119647123410785
2024-10-20,LBN,0.004607810043565479
2024-10-21,LBN,0.009199857824096352
2024-10-22,LBN,0.004123786638637384
2024-10-23,LBN,0.004284760506597243
2024-10-24,LBN,0.004141546643872643
2024-10-25,LBN,0.004183280328378049
2024-10-26,LBN,0.00606184322630653
2024-10-27,LBN,0.006920267180969624
2024-10-28,LBN,0.008686880715357862
2024-10-29,LBN,0.0041825259521968555
2024-10-30,LBN,0.005860194252755775
2024-10-31,LBN,0.004566174818139288
2024-11-01,LBN,0.010934784203702749
2024-11-02,LBN,0.007097189287234459
2024-11-03,LBN,0.00418019316878495
2024-11-04,LBN,0.0042637658966783705
2024-11-05,LBN,0.004787974026351771
2024-11-06,LBN,0.006968836500322714
2024-11-07,LBN,0.0042317493175042095
2024-11-08,LBN,0.006017117938945125
2024-11-09,LBN,0.011338096925438725
2024-11-10,LBN,0.0047822910934259425
2024-11-11,LBN,0.005053099565977495
2024-11-12,LBN,0.005915609300355274
2024-11-13,LBN,0.004454216749238356
2024-11-14,LBN,0.007660239032682229
2024-11-15,LBN,0.006991185578184849
2024-11-16,LBN,0.004021754866355065
2024-11-17,LBN,0.008084436888103265
2024-11-18,LBN,0.004478551168346888
2024-11-19,LBN,0.00645741478164222
2024-11-20,LBN,0.00905163072736591
2024-11-21,LBN,0.007683074468194308
2024-11-22,LBN,0.009505778115228427
2024-11-23,LBN,0.010116144421618208
2024-11-24,LBN,0.009304193499915285
2024-11-25,LBN,0.004448480943342179
2024-11-26,LBN,0.022166957952890167
2024-11-27,LBN,0.012707496541477807
2024-11-28,LBN,0.0046778493960930555
2024-11-29,LBN,0.006230996843343862
2024-11-30,LBN,0.00768483969659359
2024-12-01,LBN,0.0056746089077163555
2024-12-02,LBN,0.004105485944959813
2024-12-03,LBN,0.004401447183752316
2024-12-04,LBN,0.004261187125016644
2024-12-05,LBN,0.003996129439079485
2024-12-06,LBN,0.0039164448467298805
2024-12-07,LBN,0.0046330622027647
2024-12-08,LBN,0.015801472236564203
2024-12-09,LBN,0.005130658072977037
2024-12-10,LBN,0.008403476522546796
2024-12-11,LBN,0.0078612595052828
2024-12-12,LBN,0.010295960994341975
2024-12-13,LBN,0.007836677445788908
2024-12-14,LBN,0.01430447519247409
2024-12-15,LBN,0.009459733944880911
2024-12-16,LBN,0.01788474166657153
2024-12-17,LBN,0.012786161653492837
2024-12-18,LBN,0.01576445481592126
2024-12-19,LBN,0.016362380247982908
2024-12-20,LBN,0.007684164314910355
2024-12-21,LBN,0.011211998803948778
2024-12-22,LBN,0.018835632156669353
2024-12-23,LBN,0.03588996501422538
2024-12-24,LBN,0.012943231364984304
2024-12-25,LBN,0.024239298782096606
2024-12-26,LBN,0.13973265139411725
2024-12-27,LBN,0.02646748541176404
2024-12-28,LBN,0.09709824529800488
2024-12-29,LBN,0.08549589063854565
2024-12-30,LBN,0.03158583368918086
2024-12-31,LBN,0.027272002545404538
2025-01-01,LBN,0.015583565557246657
2025-01-02,LBN,0.01474696182502148
2025-01-03,LBN,0.07937452248359199
2025-01-04,LBN,0.03665561549013052
2025-01-05,LBN,0.03490852883638227
2025-01-06,LBN,0.11412710345355088
2025-01-07,LBN,0.10905219136269181
2025-01-08,LBN,0.06857102923876861
2025-01-09,LBN,0.17237029694966535
2025-01-10,LBN,0.057528633146804516
2025-01-11,LBN,0.006168134068124441
2025-01-12,LBN,0.00818242807025472
2025-01-13,LBN,0.012346780460675392
2025-01-14,LBN,0.006446449029989026
2025-01-15,LBN,0.006287478840365243
2025-01-16,LBN,0.0057595506092157685
2025-01-17,LBN,0.006751309116227204
2025-01-18,LBN,0.0050446832709280815
2025-01-19,LBN,0.01490534344908908
2025-01-20,LBN,0.005494992217984492
2025-01-21,LBN,0.005692348514857031
2025-01-22,LBN,0.0051897980886085006
2025-01-23,LBN,0.005262436955005262
2025-01-24,LBN,0.13506081700629502
2025-01-25,LBN,0.11216703124454865
2025-01-26,LBN,0.19605772059870455
2025-01-27,LBN,0.18653273669828022
2025-01-28,LBN,0.17611733184404982
2025-01-29,LBN,0.13909116518636166
2025-01-30,LBN,0.03675991826916874
2025-01-31,LBN,0.10612542232726828
2025-02-01,LBN,0.13389926368225913
2025-02-02,LBN,0.05103455586321085
2025-02-03,LBN,0.012328257497508021
2025-02-04,LBN,0.011162250709374722
2025-02-05,LBN,0.005476464462993393
2025-02-06,LBN,0.006416343080666557
2025-02-07,LBN,0.006282319901105492
2025-02-08,LBN,0.005818846320046879
2025-02-09,LBN,0.04945631984884309
2025-02-10,LBN,0.010517162320701321
2025-02-11,LBN,0.011262979160100757
2025-02-12,LBN,0.07106470700644725
2025-02-13,LBN,0.03827835870543201
2025-02-14,LBN,0.03477225975363765
2025-02-15,LBN,0.00963936748039677
2025-02-16,LBN,0.011045663263354495
2025-02-17,LBN,0.008944258367228251
2025-02-18,LBN,0.009157058360044022
2025-02-19,LBN,0.017648632347718494
2025-02-20,LBN,0.006818711529124933
2025-02-21,LBN,0.0060782405443438004
2025-02-22,LBN,0.010282895755418998
2025-02-23,LBN,0.024951313314902003
2025-02-24,LBN,0.009316357863610604
2025-02-25,LBN,0.020649645295968206
2025-02-26,LBN,0.018020085949624454
2025-02-27,LBN,0.012285136669163003
2025-02-28,LBN,0.009939108009719604
2025-03-01,LBN,0.034507280593053205
2025-03-02,LBN,0.10684952682952127
2025-03-03,LBN,0.15165349398563166
2025-03-04,LBN,0.03259267434299259
2025-03-05,LBN,0.01134103843078324
2025-03-06,LBN,0.024158662355128407
2025-03-07,LBN,0.05480401882638717
2025-03-08,LBN,0.02498691364504374
2025-03-09,LBN,0.018081859672927587
2025-03-10,LBN,0.016988802428052525
2025-03-11,LBN,0.023791370366631696
2025-03-12,LBN,0.021579764667040646
2025-03-13,LBN,0.0328700704458382
2025-03-14,LBN,0.016252640346321852
2025-03-15,LBN,0.012592862446020798
2025-03-16,LBN,0.022438209401062444
2025-03-17,LBN,0.05461772313450536
2025-03-18,LBN,0.1455509741564091
2025-03-19,LBN,0.06893980234879332
2025-03-20,LBN,0.01569551936894267
2025-03-21,LBN,0.026474039361384198
2025-03-22,LBN,0.11422193777418635
2025-03-23,LBN,0.00651573515366828
2025-03-24,LBN,0.007261469448295549
2025-03-25,LBN,0.005413659423922041
2025-03-26,LBN,0.006581037225421937
2025-03-27,LBN,0.005449196553400436
2025-03-28,LBN,0.016975982908875416
2024-07-01,IRN,0.01706848584624546
2024-07-02,IRN,0.01739328133448165
2024-07-03,IRN,0.017867206989228092
2024-07-04,IRN,0.012604352539604922
2024-07-05,IRN,0.07469406514510316
2024-07-06,IRN,0.06222344476454065
2024-07-07,IRN,0.07893510366839775
2024-07-08,IRN,0.01301190003515511
2024-07-09,IRN,0.032431218590818725
2024-07-10,IRN,0.01300786794804307
2024-07-11,IRN,0.011867477039425504
2024-07-12,IRN,0.0076738876274280105
2024-07-13,IRN,0.08963788090185433
2024-07-14,IRN,0.06211128036169739
2024-07-15,IRN,0.06451225143574903
2024-07-16,IRN,0.009582905929168247
2024-07-17,IRN,0.06516694713111378
2024-07-18,IRN,0.10692291346173521
2024-07-19,IRN,0.00817243616117692
2024-07-20,IRN,0.010958935276725541
2024-07-21,IRN,0.01219275852883265
2024-07-22,IRN,0.0374536862003377
2024-07-23,IRN,0.12179350511601438
2024-07-24,IRN,0.008448505827847551
2024-07-25,IRN,0.006965887617932845
2024-07-26,IRN,0.005995005726694303
2024-07-27,IRN,0.006954960453095347
2024-07-28,IRN,0.007019071646402606
2024-07-29,IRN,0.007168715534882393
2024-07-30,IRN,0.006925810690280277
2024-07-31,IRN,0.16623562714739706
2024-08-01,IRN,0.08132294146115425
2024-08-02,IRN,0.09957050255727935
2024-08-03,IRN,0.13926438435969168
2024-08-04,IRN,0.07569392219960289
2024-08-05,IRN,0.17749017816828222
2024-08-06,IRN,0.11976301052930073
2024-08-07,IRN,0.013064971878648255
2024-08-08,IRN,0.008398830021358005
2024-08-09,IRN,0.006581085867028304
2024-08-10,IRN,0.006617259430949991
2024-08-11,IRN,0.006731592566009967
2024-08-12,IRN,0.0059670581612591925
2024-08-13,IRN,0.005549362926814694
2024-08-14,IRN,0.012888433526594873
2024-08-15,IRN,0.013915875235161414
2024-08-16,IRN,0.12497681485297339
2024-08-17,IRN,0.010275697225766559
2024-08-18,IRN,0.012623076651550835
2024-08-19,IRN,0.07628551732445871
2024-08-20,IRN,0.08771963230877208
2024-08-21,IRN,0.10641792121870186
2024-08-22,IRN,0.1117191317656053
2024-08-23,IRN,0.12305659608423186
2024-08-24,IRN,0.01656568789076785
2024-08-25,IRN,0.022355977102435327
2024-08-26,IRN,0.01963704022910946
2024-08-27,IRN,0.016751610110948653
2024-08-28,IRN,0.11872385198834651
2024-08-29,IRN,0.02239017002944694
2024-08-30,IRN,0.03975827236285289
2024-08-31,IRN,0.019788332944537416
2024-09-01,IRN,0.017470938302217413
2024-09-02,IRN,0.09986767032850902
2024-09-03,IRN,0.03556513241498836
2024-09-04,IRN,0.01651037991055891
2024-09-05,IRN,0.019121218224676828
2024-09-06,IRN,0.09790367076309503
2024-09-07,IRN,0.14750232831783203
2024-09-08,IRN,0.08811202858823944
2024-09-09,IRN,0.05437072419326726
2024-09-10,IRN,0.02607469990615377
2024-09-11,IRN,0.020856797617518602
2024-09-12,IRN,0.13751933324523283
2024-09-13,IRN,0.04776588808295511
2024-09-14,IRN,0.016726470617926942
2024-09-15,IRN,0.041122087477482125
2024-09-16,IRN,0.025568866383907606
2024-09-17,IRN,0.01641832526775749
2024-09-18,IRN,0.017099472099696113
2024-09-19,IRN,0.014046862339354775
2024-09-20,IRN,0.007235368404534001
2024-09-21,IRN,0.006024413922628906
2024-09-22,IRN,0.007237368211111721
2024-09-23,IRN,0.005420811714183618
2024-09-24,IRN,0.0059743335070829755
2024-09-25,IRN,0.006182919051710399
2024-09-26,IRN,0.008665393612264287
2024-09-27,IRN,0.08503075879128538
2024-09-28,IRN,0.006790697980002099
2024-09-29,IRN,0.1624782153997873
2024-09-30,IRN,0.025769190768250166
2024-10-01,IRN,0.17696721187477932
2024-10-02,IRN,0.05985243644061629
2024-10-03,IRN,0.12554464006735375
2024-10-04,IRN,0.006339423296685117
2024-10-05,IRN,0.005357908441621693
2024-10-06,IRN,0.0054895998598450055
2024-10-07,IRN,0.011285408866940547
2024-10-08,IRN,0.004684222808837952
2024-10-09,IRN,0.0052441701532803305
2024-10-10,IRN,0.005114644108315354
2024-10-11,IRN,0.005720383989549625
2024-10-12,IRN,0.005005745165867996
2024-10-13,IRN,0.062491752467058764
2024-10-14,IRN,0.055579794818957244
2024-10-15,IRN,0.007178501210816177
2024-10-16,IRN,0.0071817076645048425
2024-10-17,IRN,0.007607471310466416
2024-10-18,IRN,0.10907283961530642
2024-10-19,IRN,0.009022595307982632
2024-10-20,IRN,0.005237021637708832
2024-10-21,IRN,0.005799317876294172
2024-10-22,IRN,0.00626261334571633
2024-10-23,IRN,0.005086570065739045
2024-10-24,IRN,0.0052298899322075635
2024-10-25,IRN,0.004901820100841812
2024-10-26,IRN,0.16865357989207333
2024-10-27,IRN,0.16791808896108346
2024-10-28,IRN,0.1829147933679686
2024-10-29,IRN,0.02511877457577326
2024-10-30,IRN,0.14605364346665867
2024-10-31,IRN,0.14854808738177147
2024-11-01,IRN,0.143557376416526
2024-11-02,IRN,0.008892696926790615
2024-11-03,IRN,0.0058441771373962375
2024-11-04,IRN,0.005857610471276568
2024-11-05,IRN,0.016172166319516214
2024-11-06,IRN,0.007355547047307492
2024-11-07,IRN,0.005774154288210768
2024-11-08,IRN,0.012796694563536585
2024-11-09,IRN,0.018561098045893728
2024-11-10,IRN,0.030958815787507307
2024-11-11,IRN,0.01047770110111794
2024-11-12,IRN,0.005036027513380627
2024-11-13,IRN,0.005159744311719054
2024-11-14,IRN,0.0068092355736475195
2024-11-15,IRN,0.005477249298521182
2024-11-16,IRN,0.005948508700758698
2024-11-17,IRN,0.005519919899184319
2024-11-18,IRN,0.006527982093928597
2024-11-19,IRN,0.01378704320121115
2024-11-20,IRN,0.007169968976262565
2024-11-21,IRN,0.005516910362169606
2024-11-22,IRN,0.011411893711862658
2024-11-23,IRN,0.0065365758153925575
2024-11-24,IRN,0.009280515622056784
2024-11-25,IRN,0.007856355966291686
2024-11-26,IRN,0.009555817681072472
2024-11-27,IRN,0.009338396199765474
2024-11-28,IRN,0.02678737256205228
2024-11-29,IRN,0.018157037657394882
2024-11-30,IRN,0.019622594534093585
2024-12-01,IRN,0.01785726909250731
2024-12-02,IRN,0.05635741834682372
2024-12-03,IRN,0.0421325834120098
2024-12-04,IRN,0.1888861780062188
2024-12-05,IRN,0.10274642522755213
2024-12-06,IRN,0.12086952817656967
2024-12-07,IRN,0.11882481152696063
2024-12-08,IRN,0.12242483486055998
2024-12-09,IRN,0.12249900590941486
2024-12-10,IRN,0.11464980786704362
2024-12-11,IRN,0.05430341326513417
2024-12-12,IRN,0.007594422247972843
2024-12-13,IRN,0.008956890416021792
2024-12-14,IRN,0.007219903358657249
2024-12-15,IRN,0.007249039058020575
2024-12-16,IRN,0.007337214633535611
2024-12-17,IRN,0.008008649818858479
2024-12-18,IRN,0.02570709891593488
2024-12-19,IRN,0.10538186290503394
2024-12-20,IRN,0.039337870464242676
2024-12-21,IRN,0.02899346425670097
2024-12-22,IRN,0.04469171530153492
2024-12-23,IRN,0.04387212682373266
2024-12-24,IRN,0.024889513627187897
2024-12-25,IRN,0.12324681471111479
2024-12-26,IRN,0.00822698046648734
2024-12-27,IRN,0.007499757573186076
2024-12-28,IRN,0.013210190536069498
2024-12-29,IRN,0.006346168848982204
2024-12-30,IRN,0.006296605871237919
2024-12-31,IRN,0.012226003614010876
2025-01-01,IRN,0.005605236827686793
2025-01-02,IRN,0.010610798206530369
2025-01-03,IRN,0.05754013301351132
2025-01-04,IRN,0.01021616206445627
2025-01-05,IRN,0.011289060808421255
2025-01-06,IRN,0.08454694487643019
2025-01-07,IRN,0.0053629487817239835
2025-01-08,IRN,0.007133587564771009
2025-01-09,IRN,0.005090796575729075
2025-01-10,IRN,0.004851353595965199
2025-01-11,IRN,0.004366695800402772
2025-01-12,IRN,0.008351268685530789
2025-01-13,IRN,0.01216529648659113
2025-01-14,IRN,0.05151039673892999
2025-01-15,IRN,0.05295699155208699
2025-01-16,IRN,0.04724835403039868
2025-01-17,IRN,0.12984617988476352
2025-01-18,IRN,0.1911043478581468
2025-01-19,IRN,0.1815696382141404
2025-01-20,IRN,0.07441565407313244
2025-01-21,IRN,0.08261981055367039
2025-01-22,IRN,0.09229736987798667
2025-01-23,IRN,0.06881163336184706
2025-01-24,IRN,0.07278180473529064
2025-01-25,IRN,0.1166620121514887
2025-01-26,IRN,0.03832968396250559
2025-01-27,IRN,0.014475104196385742
2025-01-28,IRN,0.005928062456447306
2025-01-29,IRN,0.00606178074238104
2025-01-30,IRN,0.012013689162378032
2025-01-31,IRN,0.007625193767736019
2025-02-01,IRN,0.017239467918938597
2025-02-02,IRN,0.016230282400502526
2025-02-03,IRN,0.017255308661021897
2025-02-04,IRN,0.015083106826391567
2025-02-05,IRN,0.017570505497273185
2025-02-06,IRN,0.020952080200203744
2025-02-07,IRN,0.01915450845383311
2025-02-08,IRN,0.039712305777358646
2025-02-09,IRN,0.07521185037850964
2025-02-10,IRN,0.08204430436013359
2025-02-11,IRN,0.07553490234755064
2025-02-12,IRN,0.07718351195525297
2025-02-13,IRN,0.18829429349033008
2025-02-14,IRN,0.19070382140815145
2025-02-15,IRN,0.13156856808656153
2025-02-16,IRN,0.11249525734063542
2025-02-17,IRN,0.11171413315354688
2025-02-18,IRN,0.11337940776933529
2025-02-19,IRN,0.1682622501895798
2025-02-20,IRN,0.07910831885912256
2025-02-21,IRN,0.07379583313104632
2025-02-22,IRN,0.1645734495003101
2025-02-23,IRN,0.18007021995865147
2025-02-24,IRN,0.07173240871964788
2025-02-25,IRN,0.16312458308836741
2025-02-26,IRN,0.121532761289124
2025-02-27,IRN,0.18892418309967637
2025-02-28,IRN,0.1569641822385263
2025-03-01,IRN,0.18370592294879748
2025-03-02,IRN,0.02294583417431057
2025-03-03,IRN,0.010897056534359989
2025-03-04,IRN,0.005371309591337026
2025-03-05,IRN,0.005888507182933466
2025-03-06,IRN,0.0060323592417610115
2025-03-07,IRN,0.02090951375453399
2025-03-08,IRN,0.007534077034049253
2025-03-09,IRN,0.007457814681079981
2025-03-10,IRN,0.009202552814454949
2025-03-11,IRN,0.00895134981282826
2025-03-12,IRN,0.007350814642682062
2025-03-13,IRN,0.006652862374051365
2025-03-14,IRN,0.017759054860982306
2025-03-15,IRN,0.02182388164024954
2025-03-16,IRN,0.015358984919196475
2025-03-17,IRN,0.01422766527158735
2025-03-18,IRN,0.014126889578859327
2025-03-19,IRN,0.013390063709056986
2025-03-20,IRN,0.016915661034671403
2025-03-21,IRN,0.014997703970210139
2025-03-22,IRN,0.007855559715611048
2025-03-23,IRN,0.009116992786615432
2025-03-24,IRN,0.007988699262452008
2025-03-25,IRN,0.007939525469639873
2025-03-26,IRN,0.00959538895888945
2025-03-27,IRN,0.046155600970306764
2025-03-28,IRN,0.017036097190151044
2024-07-01,TUR,0.004745588165232222
2024-07-02,TUR,0.005124797682302572
2024-07-03,TUR,0.0050339001191583785
2024-07-04,TUR,0.05730309294934364
2024-07-05,TUR,0.06005080672410455
2024-07-06,TUR,0.0719199173222743
2024-07-07,TUR,0.13519291882429318
2024-07-08,TUR,0.07434387506113657
2024-07-09,TUR,0.07575383327685166
2024-07-10,TUR,0.06692921828856353
2024-07-11,TUR,0.09351407973413992
2024-07-12,TUR,0.08318879368552606
2024-07-13,TUR,0.16572015735487178
2024-07-14,TUR,0.17004496201583616
2024-07-15,TUR,0.12006101954934235
2024-07-16,TUR,0.1468761478320098
2024-07-17,TUR,0.10215919522726541
2024-07-18,TUR,0.07335287828047055
2024-07-19,TUR,0.06997886241451451
2024-07-20,TUR,0.10381172843166392
2024-07-21,TUR,0.043254207356488224
2024-07-22,TUR,0.045212004658345704
2024-07-23,TUR,0.05511217340237647
2024-07-24,TUR,0.1528772077712131
2024-07-25,TUR,0.1764037713270453
2024-07-26,TUR,0.052593008046484487
2024-07-27,TUR,0.15499370832071888
2024-07-28,TUR,0.08410579166501839
2024-07-29,TUR,0.16551276092604517
2024-07-30,TUR,0.07896354741441908
2024-07-31,TUR,0.1638317767611711
2024-08-01,TUR,0.028978803857906563
2024-08-02,TUR,0.005395194107269732
2024-08-03,TUR,0.004829969188945757
2024-08-04,TUR,0.009783953189397537
2024-08-05,TUR,0.004902683287879611
2024-08-06,TUR,0.004815061898927766
2024-08-07,TUR,0.0053573972716458584
2024-08-08,TUR,0.014166665651401218
2024-08-09,TUR,0.006883603373772405
2024-08-10,TUR,0.00994445709413875
2024-08-11,TUR,0.009794006708242342
2024-08-12,TUR,0.14646630289697896
2024-08-13,TUR,0.02744415868457574
2024-08-14,TUR,0.1606506788689359
2024-08-15,TUR,0.04225399431123144
2024-08-16,TUR,0.04674453188830806
2024-08-17,TUR,0.03873709217325684
2024-08-18,TUR,0.17478041689761226
2024-08-19,TUR,0.019817992954588994
2024-08-20,TUR,0.01557772981943265
2024-08-21,TUR,0.012782204186777757
2024-08-22,TUR,0.015880612907171975
2024-08-23,TUR,0.025598483304762304
2024-08-24,TUR,0.04699193206339246
2024-08-25,TUR,0.015295160055092284
2024-08-26,TUR,0.10076166521525846
2024-08-27,TUR,0.0875418278113725
2024-08-28,TUR,0.09250482369421915
2024-08-29,TUR,0.15404811579377206
2024-08-30,TUR,0.1888520329104493
2024-08-31,TUR,0.13536467705466318
2024-09-01,TUR,0.14827115292483908
2024-09-02,TUR,0.11972556444568039
2024-09-03,TUR,0.11407874120897704
2024-09-04,TUR,0.08959704736652341
2024-09-05,TUR,0.14325128091234188
2024-09-06,TUR,0.016521469772638728
2024-09-07,TUR,0.010944868735736605
2024-09-08,TUR,0.011613569491206835
2024-09-09,TUR,0.011120904073848938
2024-09-10,TUR,0.011192834584218223
2024-09-11,TUR,0.044418888804241885
2024-09-12,TUR,0.042225055783591446
2024-09-13,TUR,0.08262627363949197
2024-09-14,TUR,0.1234258986764375
2024-09-15,TUR,0.19291466868479504
2024-09-16,TUR,0.12380702606016238
2024-09-17,TUR,0.10187706521836079
2024-09-18,TUR,0.09506061785123075
2024-09-19,TUR,0.022730714516749476
2024-09-20,TUR,0.026915273773480044
2024-09-21,TUR,0.11797213316003212
2024-09-22,TUR,0.028534848141854356
2024-09-23,TUR,0.00892937125325251
2024-09-24,TUR,0.027447688325649797
2024-09-25,TUR,0.009340358760653589
2024-09-26,TUR,0.012525556896375259
2024-09-27,TUR,0.011014097526282778
2024-09-28,TUR,0.022616823863086923
2024-09-29,TUR,0.03161213772038016
2024-09-30,TUR,0.08233872790017274
2024-10-01,TUR,0.05658250942658696
2024-10-02,TUR,0.030020000919676444
2024-10-03,TUR,0.020752269692330884
2024-10-04,TUR,0.022953884950827452
2024-10-05,TUR,0.016866757355982996
2024-10-06,TUR,0.018381983622611005
2024-10-07,TUR,0.01730370215836882
2024-10-08,TUR,0.06772013130631725
2024-10-09,TUR,0.17639380742327507
2024-10-10,TUR,0.09393010276168313
2024-10-11,TUR,0.14592026416276588
2024-10-12,TUR,0.119040422422013
2024-10-13,TUR,0.12782421485916992
2024-10-14,TUR,0.09788620922388408
2024-10-15,TUR,0.1100737490225642
2024-10-16,TUR,0.19104614960520142
2024-10-17,TUR,0.11221184710048615
2024-10-18,TUR,0.18545794775051982
2024-10-19,TUR,0.11075346663091516
2024-10-20,TUR,0.09430996759157395
2024-10-21,TUR,0.10571676958447201
2024-10-22,TUR,0.12584118516045273
2024-10-23,TUR,0.19632179354328108
2024-10-24,TUR,0.18772028057794335
2024-10-25,TUR,0.16404755185205705
2024-10-26,TUR,0.1817808673359917
2024-10-27,TUR,0.10839132955723497
2024-10-28,TUR,0.13903953991003742
2024-10-29,TUR,0.1668461187401408
2024-10-30,TUR,0.004718072271073868
2024-10-31,TUR,0.004237454304784427
2024-11-01,TUR,0.004189960834465054
2024-11-02,TUR,0.004373466326738559
2024-11-03,TUR,0.004350672116501047
2024-11-04,TUR,0.0044116436497607684
2024-11-05,TUR,0.004337788813866295
2024-11-06,TUR,0.12754463699137875
2024-11-07,TUR,0.10735353875812893
2024-11-08,TUR,0.09800680501108752
2024-11-09,TUR,0.09385383492913357
2024-11-10,TUR,0.0914970328003532
2024-11-11,TUR,0.09360844622080332
2024-11-12,TUR,0.06624402201330927
2024-11-13,TUR,0.09716090131268221
2024-11-14,TUR,0.10515287828486487
2024-11-15,TUR,0.0906427505911332
2024-11-16,TUR,0.06296385107094045
2024-11-17,TUR,0.06253037628153543
2024-11-18,TUR,0.07395016689160834
2024-11-19,TUR,0.09109894102441365
2024-11-20,TUR,0.09170372110610651
2024-11-21,TUR,0.11612665438684278
2024-11-22,TUR,0.09898885606070569
2024-11-23,TUR,0.11909695221853328
2024-11-24,TUR,0.13810081583437883
2024-11-25,TUR,0.12233622974710065
2024-11-26,TUR,0.13089384759575717
2024-11-27,TUR,0.12726139057914487
2024-11-28,TUR,0.12650946846729047
2024-11-29,TUR,0.13231280068777024
2024-11-30,TUR,0.11259781912676306
2024-12-01,TUR,0.07901628133305484
2024-12-02,TUR,0.10537772441340015
2024-12-03,TUR,0.1199860475127123
2024-12-04,TUR,0.07874593808926261
2024-12-05,TUR,0.07863720464719541
2024-12-06,TUR,0.06029024629249835
2024-12-07,TUR,0.07949294224688704
2024-12-08,TUR,0.07830996482133018
2024-12-09,TUR,0.08508838996431722
2024-12-10,TUR,0.07747792373794234
2024-12-11,TUR,0.0691395743983884
2024-12-12,TUR,0.05598444508371508
2024-12-13,TUR,0.05704341299135019
2024-12-14,TUR,0.07142376892996628
2024-12-15,TUR,0.07571496956377217
2024-12-16,TUR,0.06631222254383393
2024-12-17,TUR,0.12181293662853811
2024-12-18,TUR,0.10969826416796068
2024-12-19,TUR,0.09752615298855856
2024-12-20,TUR,0.08613842098911081
2024-12-21,TUR,0.10380807043659547
2024-12-22,TUR,0.09416296076340856
2024-12-23,TUR,0.1263522318995791
2024-12-24,TUR,0.13256746820176876
2024-12-25,TUR,0.13427220219020533
2024-12-26,TUR,0.13019030977110038
2024-12-27,TUR,0.16021556161353848
2024-12-28,TUR,0.1280272811810301
2024-12-29,TUR,0.10889733272226079
2024-12-30,TUR,0.12043060165702997
2024-12-31,TUR,0.14551486258547283
2025-01-01,TUR,0.0722342273281984
2025-01-02,TUR,0.06540118756481281
2025-01-03,TUR,0.05694319959230005
2025-01-04,TUR,0.058487461360233195
2025-01-05,TUR,0.05750832451837202
2025-01-06,TUR,0.07811591008164434
2025-01-07,TUR,0.07499879714773178
2025-01-08,TUR,0.07437459901113466
2025-01-09,TUR,0.07701360082425379
2025-01-10,TUR,0.0972289219578674
2025-01-11,TUR,0.056277331376171996
2025-01-12,TUR,0.050888613625144324
2025-01-13,TUR,0.1018037541550481
2025-01-14,TUR,0.12967248663121222
2025-01-15,TUR,0.12018135214796653
2025-01-16,TUR,0.12240617669974896
2025-01-17,TUR,0.08093003163639226
2025-01-18,TUR,0.08200034249402838
2025-01-19,TUR,0.09460679292609692
2025-01-20,TUR,0.11752488362915964
2025-01-21,TUR,0.09580023802725282
2025-01-22,TUR,0.08374347197867472
2025-01-23,TUR,0.07046962525841778
2025-01-24,TUR,0.059632196990100944
2025-01-25,TUR,0.06438576078629374
2025-01-26,TUR,0.057103990936372896
2025-01-27,TUR,0.05156591250484419
2025-01-28,TUR,0.046346443289442936
2025-01-29,TUR,0.061646339884005884
2025-01-30,TUR,0.08998026041164174
2025-01-31,TUR,0.09879619492487876
2025-02-01,TUR,0.09991828752295695
2025-02-02,TUR,0.15415334731692384
2025-02-03,TUR,0.09707858238400668
2025-02-04,TUR,0.12333578749995866
2025-02-05,TUR,0.11704419297990346
2025-02-06,TUR,0.11653953294861102
2025-02-07,TUR,0.11045860980723662
2025-02-08,TUR,0.11516673247199019
2025-02-09,TUR,0.08107530611455563
2025-02-10,TUR,0.07327309004247895
2025-02-11,TUR,0.08977461868498544
2025-02-12,TUR,0.09899250841148935
2025-02-13,TUR,0.07011701566258896
2025-02-14,TUR,0.08428315116473144
2025-02-15,TUR,0.06594144841134815
2025-02-16,TUR,0.11036090299439882
2025-02-17,TUR,0.0926768179895086
2025-02-18,TUR,0.12724078157538016
2025-02-19,TUR,0.11023892772055148
2025-02-20,TUR,0.09961604613677726
2025-02-21,TUR,0.09381627458263617
2025-02-22,TUR,0.06549914918719324
2025-02-23,TUR,0.16532185619631343
2025-02-24,TUR,0.11084272868222471
2025-02-25,TUR,0.0646703270392193
2025-02-26,TUR,0.05924125714635861
2025-02-27,TUR,0.06825315431459954
2025-02-28,TUR,0.071521386680066
2025-03-01,TUR,0.060872745474656056
2025-03-02,TUR,0.06128931085383028
2025-03-03,TUR,0.06305683696675157
2025-03-04,TUR,0.07325639735827601
2025-03-05,TUR,0.06955856936139594
2025-03-06,TUR,0.07022170515853265
2025-03-07,TUR,0.09127671131581815
2025-03-08,TUR,0.08310581551317024
2025-03-09,TUR,0.07381268428317156
2025-03-10,TUR,0.05344722574265656
2025-03-11,TUR,0.07254075619544405
2025-03-12,TUR,0.09100312767023976
2025-03-13,TUR,0.06400960192811138
2025-03-14,TUR,0.07214641483147831
2025-03-15,TUR,0.09098085117309994
2025-03-16,TUR,0.09511449503539524
2025-03-17,TUR,0.09041805988663218
2025-03-18,TUR,0.0785710698195822
2025-03-19,TUR,0.14763452892229129
2025-03-20,TUR,0.17762039967601181
2025-03-21,TUR,0.14737352706152745
2025-03-22,TUR,0.13682318068095756
2025-03-23,TUR,0.15202175357530345
2025-03-24,TUR,0.09969146000783893
2025-03-25,TUR,0.0804571565657118
2025-03-26,TUR,0.09026831310947778
2025-03-27,TUR,0.08500079205798386
2025-03-28,TUR,0.037388285492169916
2024-07-01,SAU,0.024097511941629086
2024-07-02,SAU,0.03156638087467457
2024-07-03,SAU,0.025070961526615716
2024-07-04,SAU,0.02490350534017538
2024-07-05,SAU,0.019070785676107236
2024-07-06,SAU,0.05303559223844714
2024-07-07,SAU,0.03530330183080591
2024-07-08,SAU,0.021783986431770548
2024-07-09,SAU,0.021641919105805787
2024-07-10,SAU,0.018251888086362113
2024-07-11,SAU,0.020091775444170863
2024-07-12,SAU,0.025321975496740597
2024-07-13,SAU,0.022504351305996227
2024-07-14,SAU,0.08218619528770299
2024-07-15,SAU,0.047288440908384265
2024-07-16,SAU,0.036246910537251265
2024-07-17,SAU,0.029593147296751974
2024-07-18,SAU,0.02446456242809946
2024-07-19,SAU,0.028191873432881452
2024-07-20,SAU,0.07263354295757746
2024-07-21,SAU,0.037393882167660535
2024-07-22,SAU,0.04856806160045581
2024-07-23,SAU,0.04781669235350761
2024-07-24,SAU,0.03863516721555248
2024-07-25,SAU,0.059582591637177225
2024-07-26,SAU,0.0667773845201519
2024-07-27,SAU,0.037407186130137944
2024-07-28,SAU,0.11408456472021775
2024-07-29,SAU,0.08425510010188147
2024-07-30,SAU,0.03752578096168259
2024-07-31,SAU,0.02036806260353492
2024-08-01,SAU,0.032752641198362444
2024-08-02,SAU,0.035161993471453955
2024-08-03,SAU,0.06279861010651559
2024-08-04,SAU,0.049638016061468115
2024-08-05,SAU,0.04969685424305796
2024-08-06,SAU,0.021779374847984437
2024-08-07,SAU,0.046427457629420854
2024-08-08,SAU,0.049516287471968914
2024-08-09,SAU,0.057133596301694685
2024-08-10,SAU,0.07983474713815931
2024-08-11,SAU,0.10046638954255237
2024-08-12,SAU,0.060649396077738844
2024-08-13,SAU,0.05639631382628751
2024-08-14,SAU,0.0366263887050608
2024-08-15,SAU,0.05657758569360547
2024-08-16,SAU,0.05555335702099027
2024-08-17,SAU,0.05229397129233785
2024-08-18,SAU,0.10469661301988752
2024-08-19,SAU,0.060281944775642804
2024-08-20,SAU,0.05779475808737254
2024-08-21,SAU,0.0861965525930791
2024-08-22,SAU,0.05720578411872275
2024-08-23,SAU,0.03092081201602189
2024-08-24,SAU,0.03593045949759314
2024-08-25,SAU,0.061601655503475204
2024-08-26,SAU,0.06245652492515798
2024-08-27,SAU,0.03599598696581058
2024-08-28,SAU,0.0322119902649726
2024-08-29,SAU,0.040238480017940344
2024-08-30,SAU,0.07074475839654772
2024-08-31,SAU,0.03649676305873228
2024-09-01,SAU,0.03871812235116927
2024-09-02,SAU,0.03882410022609094
2024-09-03,SAU,0.02808385501161255
2024-09-04,SAU,0.06128513252410313
2024-09-05,SAU,0.039218830117776
2024-09-06,SAU,0.04242930292538296
2024-09-07,SAU,0.03775644544185252
2024-09-08,SAU,0.04627656174886101
2024-09-09,SAU,0.0482127298955024
2024-09-10,SAU,0.02992015371467433
2024-09-11,SAU,0.02421182336037309
2024-09-12,SAU,0.06403769705622818
2024-09-13,SAU,0.026775891698746633
2024-09-14,SAU,0.02849597473943879
2024-09-15,SAU,0.03520637464028779
2024-09-16,SAU,0.058153257462192354
2024-09-17,SAU,0.023396194457796872
2024-09-18,SAU,0.024037542709868128
2024-09-19,SAU,0.03125467523966354
2024-09-20,SAU,0.02653454717444553
2024-09-21,SAU,0.04531705879665061
2024-09-22,SAU,0.0648133240614259
2024-09-23,SAU,0.053005645857475435
2024-09-24,SAU,0.031693112773197654
2024-09-25,SAU,0.015630869484988614
2024-09-26,SAU,0.05489967838386556
2024-09-27,SAU,0.026567596675244793
2024-09-28,SAU,0.022691713923310083
2024-09-29,SAU,0.028619352496519115
2024-09-30,SAU,0.07039898868508691
2024-10-01,SAU,0.04755196147806871
2024-10-02,SAU,0.05828959827997864
2024-10-03,SAU,0.06822581608025505
2024-10-04,SAU,0.03982155730184732
2024-10-05,SAU,0.05177091345388376
2024-10-06,SAU,0.03606229027639636
2024-10-07,SAU,0.037254805816906766
2024-10-08,SAU,0.031554574673314975
2024-10-09,SAU,0.0339635709640749
2024-10-10,SAU,0.03279626259398807
2024-10-11,SAU,0.040474683352230915
2024-10-12,SAU,0.031556944394659475
2024-10-13,SAU,0.032668736863049136
2024-10-14,SAU,0.032832728346410364
2024-10-15,SAU,0.0413845365853167
2024-10-16,SAU,0.03350140002557539
2024-10-17,SAU,0.03992689784605116
2024-10-18,SAU,0.035861146287879814
2024-10-19,SAU,0.03419464649561698
2024-10-20,SAU,0.031224142054685683
2024-10-21,SAU,0.03332572705830459
2024-10-22,SAU,0.031851019429964454
2024-10-23,SAU,0.03607394412214667
2024-10-24,SAU,0.028893495303961694
2024-10-25,SAU,0.035449960794018624
2024-10-26,SAU,0.11513841026104578
2024-10-27,SAU,0.09023770228146588
2024-10-28,SAU,0.09004363016374073
2024-10-29,SAU,0.04303332072521107
2024-10-30,SAU,0.03438955794774202
2024-10-31,SAU,0.040695262542166044
2024-11-01,SAU,0.046941374147738586
2024-11-02,SAU,0.1079189959944747
2024-11-03,SAU,0.07038456663667915
2024-11-04,SAU,0.03238595256488449
2024-11-05,SAU,0.030310376553119626
2024-11-06,SAU,0.03452241432170008
2024-11-07,SAU,0.014382723435322885
2024-11-08,SAU,0.030318119065117475
2024-11-09,SAU,0.031276045855136464
2024-11-10,SAU,0.03842079259294796
2024-11-11,SAU,0.07632463013430373
2024-11-12,SAU,0.02405048368509614
2024-11-13,SAU,0.022832391210672234
2024-11-14,SAU,0.030502548057914334
2024-11-15,SAU,0.024570249142383437
2024-11-16,SAU,0.022281065791424883
2024-11-17,SAU,0.028348650012610423
2024-11-18,SAU,0.025283720346845465
2024-11-19,SAU,0.024014488499921608
2024-11-20,SAU,0.05001807313173472
2024-11-21,SAU,0.020231313810115288
2024-11-22,SAU,0.017957283505573313
2024-11-23,SAU,0.018420899877204022
2024-11-24,SAU,0.05010525345980808
2024-11-25,SAU,0.018656235032583277
2024-11-26,SAU,0.02421686991803396
2024-11-27,SAU,0.026001790255985542
2024-11-28,SAU,0.027606066821863624
2024-11-29,SAU,0.03148183111387627
2024-11-30,SAU,0.03077694817309578
2024-12-01,SAU,0.03165504951360663
2024-12-02,SAU,0.07043069060226134
2024-12-03,SAU,0.02260870099367381
2024-12-04,SAU,0.03693478582191516
2024-12-05,SAU,0.06106655277674955
2024-12-06,SAU,0.06456759426207485
2024-12-07,SAU,0.02684414150620455
2024-12-08,SAU,0.02808249698904876
2024-12-09,SAU,0.021259756863038815
2024-12-10,SAU,0.025337909127562994
2024-12-11,SAU,0.03186063240417466
2024-12-12,SAU,0.02852186153615366
2024-12-13,SAU,0.02752726566870483
2024-12-14,SAU,0.024433679226213763
2024-12-15,SAU,0.17640892039025974
2024-12-16,SAU,0.032177360270852745
2024-12-17,SAU,0.0363509570440752
2024-12-18,SAU,0.03284781640677076
2024-12-19,SAU,0.02006940521671002
2024-12-20,SAU,0.03457025315365867
2024-12-21,SAU,0.1864490261478385
2024-12-22,SAU,0.02781279417431899
2024-12-23,SAU,0.03846329835738042
2024-12-24,SAU,0.07471582007552859
2024-12-25,SAU,0.029802754774594018
2024-12-26,SAU,0.05454533398449297
2024-12-27,SAU,0.03010895227404719
2024-12-28,SAU,0.034200265373314956
2024-12-29,SAU,0.062254219735940225
2024-12-30,SAU,0.07389024316290346
2024-12-31,SAU,0.056764406954175096
2025-01-01,SAU,0.12047514889978345
2025-01-02,SAU,0.06309777535396013
2025-01-03,SAU,0.04586363688972791
2025-01-04,SAU,0.053019588389956934
2025-01-05,SAU,0.05304033935478285
2025-01-06,SAU,0.06962085133908005
2025-01-07,SAU,0.044619058492163396
2025-01-08,SAU,0.0499312549536876
2025-01-09,SAU,0.0497356613845819
2025-01-10,SAU,0.0747989811018814
2025-01-11,SAU,0.057343202272921265
2025-01-12,SAU,0.04824736470629075
2025-01-13,SAU,0.04325226821189157
2025-01-14,SAU,0.02013686137276143
2025-01-15,SAU,0.024808945597510713
2025-01-16,SAU,0.0179756021538054
2025-01-17,SAU,0.029300822269667265
2025-01-18,SAU,0.027993505153114114
2025-01-19,SAU,0.03829857876775105
2025-01-20,SAU,0.03103851219510888
2025-01-21,SAU,0.01847061024971715
2025-01-22,SAU,0.03871182432923627
2025-01-23,SAU,0.021679261908564538
2025-01-24,SAU,0.018535625771968822
2025-01-25,SAU,0.021812936900183898
2025-01-26,SAU,0.03323452615294327
2025-01-27,SAU,0.027202210741163385
2025-01-28,SAU,0.019354822615515695
2025-01-29,SAU,0.025166836999829252
2025-01-30,SAU,0.02317344402631856
2025-01-31,SAU,0.019062054638688406
2025-02-01,SAU,0.020897984982084124
2025-02-02,SAU,0.02155427676496344
2025-02-03,SAU,0.019847983168692972
2025-02-04,SAU,0.018089968211137338
2025-02-05,SAU,0.02413931978544745
2025-02-06,SAU,0.02279742639129098
2025-02-07,SAU,0.01742036737078119
2025-02-08,SAU,0.022873288115706797
2025-02-09,SAU,0.03656384975391234
2025-02-10,SAU,0.04915989908888768
2025-02-11,SAU,0.02441964896326892
2025-02-12,SAU,0.025870409384956602
2025-02-13,SAU,0.028088083314701317
2025-02-14,SAU,0.07143366841535612
2025-02-15,SAU,0.02282821429724995
2025-02-16,SAU,0.038939167256045716
2025-02-17,SAU,0.034441019834135576
2025-02-18,SAU,0.06568007795492047
2025-02-19,SAU,0.07116590529628894
2025-02-20,SAU,0.024239541750637892
2025-02-21,SAU,0.0226688873489379
2025-02-22,SAU,0.020301668842874005
2025-02-23,SAU,0.024938688788786825
2025-02-24,SAU,0.024938688788786825
2025-02-25,SAU,0.02655496279889704
2025-02-26,SAU,0.031921172779572196
2025-02-27,SAU,0.03635882052773741
2025-02-28,SAU,0.03738060897489284
2025-03-01,SAU,0.03435799974839118
2025-03-02,SAU,0.025592062345070346
2025-03-03,SAU,0.06291228256939917
2025-03-04,SAU,0.027911679317040576
2025-03-05,SAU,0.026172371219946377
2025-03-06,SAU,0.05706618450216784
2025-03-07,SAU,0.06378092768600228
2025-03-08,SAU,0.04990290714761774
2025-03-09,SAU,0.04453794780339035
2025-03-10,SAU,0.05646707529104162
2025-03-11,SAU,0.050582862324641986
2025-03-12,SAU,0.0665812822762473
2025-03-13,SAU,0.04359155323270444
2025-03-14,SAU,0.029747876665365904
2025-03-15,SAU,0.03218755428651814
2025-03-16,SAU,0.04918015635765645
2025-03-17,SAU,0.04000716457143751
2025-03-18,SAU,0.037577191880288976
2025-03-19,SAU,0.03798138260814771
2025-03-20,SAU,0.036213388219191345
2025-03-21,SAU,0.031137245487517878
2025-03-22,SAU,0.0943034050565463
2025-03-23,SAU,0.023123703318633535
2025-03-24,SAU,0.021707158732799582
2025-03-25,SAU,0.023933144713836507
2025-03-26,SAU,0.02563425417553317
2025-03-27,SAU,0.022783549134206285
2025-03-28,SAU,0.021959737246155592
2024-07-01,LBY,0.006459849698321018
2024-07-02,LBY,0.006510780869922345
2024-07-03,LBY,0.0065984229134111935
2024-07-04,LBY,0.009639541446962755
2024-07-05,LBY,0.006521115401351443
2024-07-06,LBY,0.10146749292410852
2024-07-07,LBY,0.0992638974360527
2024-07-08,LBY,0.16997804082230675
2024-07-09,LBY,0.1722493392579644
2024-07-10,LBY,0.1881780275927276
2024-07-11,LBY,0.1808840745156854
2024-07-12,LBY,0.12317834443126092
2024-07-13,LBY,0.13704084300881397
2024-07-14,LBY,0.12133538651238739
2024-07-15,LBY,0.16362539577923374
2024-07-16,LBY,0.1627173212438345
2024-07-17,LBY,0.0771412720679376
2024-07-18,LBY,0.14011924994543828
2024-07-19,LBY,0.0760707059469044
2024-07-20,LBY,0.16916180932115368
2024-07-21,LBY,0.19005484348857765
2024-07-22,LBY,0.11144819966412033
2024-07-23,LBY,0.08397880498226051
2024-07-24,LBY,0.09609901811381902
2024-07-25,LBY,0.10965079874933419
2024-07-26,LBY,0.02509643053382411
2024-07-27,LBY,0.04087004949057412
2024-07-28,LBY,0.019160411865812285
2024-07-29,LBY,0.028479869881865176
2024-07-30,LBY,0.01697143409156623
2024-07-31,LBY,0.013693761761842832
2024-08-01,LBY,0.010981825948004748
2024-08-02,LBY,0.011964251815281502
2024-08-03,LBY,0.011562272948591938
2024-08-04,LBY,0.07804792251505802
2024-08-05,LBY,0.08235367691013049
2024-08-06,LBY,0.11548652642768235
2024-08-07,LBY,0.09897132615683772
2024-08-08,LBY,0.13590458003106032
2024-08-09,LBY,0.19554645733365666
2024-08-10,LBY,0.170879855010347
2024-08-11,LBY,0.12753980186191752
2024-08-12,LBY,0.16256958742810826
2024-08-13,LBY,0.06902640017791985
2024-08-14,LBY,0.06885580635974618
2024-08-15,LBY,0.07242353935294465
2024-08-16,LBY,0.0070716472775686715
2024-08-17,LBY,0.005361418092175465
2024-08-18,LBY,0.08629460332527407
2024-08-19,LBY,0.029191158069608
2024-08-20,LBY,0.006912285797926883
2024-08-21,LBY,0.00592833784515832
2024-08-22,LBY,0.005873258523579536
2024-08-23,LBY,0.1260117701202677
2024-08-24,LBY,0.14702332267173426
2024-08-25,LBY,0.025465029169767443
2024-08-26,LBY,0.0154813516462675
2024-08-27,LBY,0.019164952568429282
2024-08-28,LBY,0.014099251858737219
2024-08-29,LBY,0.0253336298866092
2024-08-30,LBY,0.009397416984141852
2024-08-31,LBY,0.05733859937842543
2024-09-01,LBY,0.12894092784175562
2024-09-02,LBY,0.15283960281024794
2024-09-03,LBY,0.14656936990795508
2024-09-04,LBY,0.18867884374598526
2024-09-05,LBY,0.14875050685428132
2024-09-06,LBY,0.1892860034469412
2024-09-07,LBY,0.12370119543792563
2024-09-08,LBY,0.053068571073493456
2024-09-09,LBY,0.03489993284315324
2024-09-10,LBY,0.03747843368596433
2024-09-11,LBY,0.0318925882523445
2024-09-12,LBY,0.13620632301967356
2024-09-13,LBY,0.027543716107200546
2024-09-14,LBY,0.025337494171306738
2024-09-15,LBY,0.019833111772068177
2024-09-16,LBY,0.022476519681683124
2024-09-17,LBY,0.02290510817831068
2024-09-18,LBY,0.06956603110131715
2024-09-19,LBY,0.03988076442108811
2024-09-20,LBY,0.03867622980055577
2024-09-21,LBY,0.03341429448404
2024-09-22,LBY,0.0469899859910614
2024-09-23,LBY,0.03556492180930964
2024-09-24,LBY,0.026554501112711404
2024-09-25,LBY,0.02130390257227133
2024-09-26,LBY,0.15480515717099358
2024-09-27,LBY,0.18305402503989984
2024-09-28,LBY,0.18013397670333803
2024-09-29,LBY,0.15527057824959534
2024-09-30,LBY,0.12809983530150545
2024-10-01,LBY,0.1795876504113608
2024-10-02,LBY,0.14534076976316287
2024-10-03,LBY,0.1074502134591276
2024-10-04,LBY,0.06361857228615388
2024-10-05,LBY,0.04229050565387151
2024-10-06,LBY,0.13132363230815663
2024-10-07,LBY,0.046303126473923366
2024-10-08,LBY,0.010388121955333255
2024-10-09,LBY,0.008577294078640258
2024-10-10,LBY,0.012339128769280245
2024-10-11,LBY,0.015960419033952903
2024-10-12,LBY,0.013314339432442559
2024-10-13,LBY,0.008425033779483395
2024-10-14,LBY,0.01337132252283742
2024-10-15,LBY,0.12639555144597295
2024-10-16,LBY,0.09972248755329366
2024-10-17,LBY,0.13842319762628538
2024-10-18,LBY,0.11758673580604409
2024-10-19,LBY,0.11962592330941295
2024-10-20,LBY,0.13080014044543195
2024-10-21,LBY,0.17592079650865922
2024-10-22,LBY,0.1609619457983855
2024-10-23,LBY,0.17183150335109668
2024-10-24,LBY,0.18990176364988282
2024-10-25,LBY,0.18228046734357833
2024-10-26,LBY,0.12878605154666023
2024-10-27,LBY,0.15600965173202253
2024-10-28,LBY,0.1874113867761937
2024-10-29,LBY,0.07884083443037297
2024-10-30,LBY,0.07031074928533766
2024-10-31,LBY,0.07525029442094114
2024-11-01,LBY,0.0802725798533573
2024-11-02,LBY,0.10036978771407858
2024-11-03,LBY,0.1119972183318387
2024-11-04,LBY,0.17436432828235598
2024-11-05,LBY,0.10168841780646388
2024-11-06,LBY,0.12559085753860696
2024-11-07,LBY,0.04010154674965473
2024-11-08,LBY,0.12674936723414928
2024-11-09,LBY,0.07463817620521153
2024-11-10,LBY,0.07617982531344313
2024-11-11,LBY,0.028376528218772443
2024-11-12,LBY,0.024341446332132463
2024-11-13,LBY,0.040798069561379165
2024-11-14,LBY,0.040764622581186356
2024-11-15,LBY,0.11586629700646425
2024-11-16,LBY,0.020310282265397866
2024-11-17,LBY,0.016635704022750903
2024-11-18,LBY,0.026995855022084327
2024-11-19,LBY,0.05562283172588513
2024-11-20,LBY,0.06134748964631925
2024-11-21,LBY,0.16348065884935803
2024-11-22,LBY,0.18429386749265322
2024-11-23,LBY,0.17268389565145353
2024-11-24,LBY,0.16959548186901013
2024-11-25,LBY,0.17927248947788962
2024-11-26,LBY,0.18825379347984414
2024-11-27,LBY,0.17279206799622704
2024-11-28,LBY,0.07974798014530883
2024-11-29,LBY,0.02544106197039884
2024-11-30,LBY,0.013070287256563845
2024-12-01,LBY,0.020946265633590262
2024-12-02,LBY,0.01628988077786479
2024-12-03,LBY,0.009664396293741013
2024-12-04,LBY,0.012249386214467086
2024-12-05,LBY,0.011062753332670325
2024-12-06,LBY,0.021726932845617417
2024-12-07,LBY,0.015595343766735414
2024-12-08,LBY,0.014881851774215719
2024-12-09,LBY,0.016288722194298232
2024-12-10,LBY,0.026174078620645785
2024-12-11,LBY,0.055440647173441535
2024-12-12,LBY,0.05959080345375487
2024-12-13,LBY,0.055742122452409094
2024-12-14,LBY,0.10225500671993784
2024-12-15,LBY,0.07264192609754902
2024-12-16,LBY,0.14441621580232541
2024-12-17,LBY,0.10014535415700605
2024-12-18,LBY,0.10043293180471831
2024-12-19,LBY,0.057050518529052026
2024-12-20,LBY,0.1299838032095413
2024-12-21,LBY,0.07313784897273085
2024-12-22,LBY,0.15527111871938748
2024-12-23,LBY,0.07608885593236937
2024-12-24,LBY,0.11033803763874292
2024-12-25,LBY,0.07114010306503851
2024-12-26,LBY,0.07631387708979859
2024-12-27,LBY,0.0800001358416125
2024-12-28,LBY,0.13296499777848733
2024-12-29,LBY,0.07803129413660084
2024-12-30,LBY,0.07230936869301036
2024-12-31,LBY,0.07413717520561601
2025-01-01,LBY,0.06540483522607028
2025-01-02,LBY,0.15476357716145075
2025-01-03,LBY,0.03692418030563399
2025-01-04,LBY,0.05799354300722366
2025-01-05,LBY,0.18802536590941776
2025-01-06,LBY,0.18971777460235273
2025-01-07,LBY,0.16953745822622474
2025-01-08,LBY,0.13396998471202354
2025-01-09,LBY,0.16195325331670038
2025-01-10,LBY,0.15059870363779942
2025-01-11,LBY,0.1904404461663754
2025-01-12,LBY,0.17409203248025873
2025-01-13,LBY,0.13901128812041208
2025-01-14,LBY,0.16327170127997445
2025-01-15,LBY,0.1036625125638694
2025-01-16,LBY,0.10536262486441408
2025-01-17,LBY,0.16271725412758326
2025-01-18,LBY,0.005503638898241251
2025-01-19,LBY,0.007013895823846067
2025-01-20,LBY,0.006934704013793084
2025-01-21,LBY,0.007052405048950036
2025-01-22,LBY,0.07318176685625938
2025-01-23,LBY,0.007394121838729664
2025-01-24,LBY,0.007831480612594817
2025-01-25,LBY,0.035116060359944724
2025-01-26,LBY,0.07554218665039579
2025-01-27,LBY,0.03960185804207928
2025-01-28,LBY,0.06350406735412603
2025-01-29,LBY,0.011120593091375655
2025-01-30,LBY,0.14759246786770994
2025-01-31,LBY,0.047774144441888905
2025-02-01,LBY,0.02514840062645309
2025-02-02,LBY,0.011846164607088143
2025-02-03,LBY,0.012558851299168245
2025-02-04,LBY,0.012270134884197254
2025-02-05,LBY,0.0893527975084824
2025-02-06,LBY,0.10982728114739873
2025-02-07,LBY,0.04030036277744123
2025-02-08,LBY,0.04963949097294779
2025-02-09,LBY,0.17591966082403082
2025-02-10,LBY,0.06710758753275628
2025-02-11,LBY,0.04594914870683212
2025-02-12,LBY,0.2016156103929653
2025-02-13,LBY,0.17869283999942676
2025-02-14,LBY,0.16489310547583527
2025-02-15,LBY,0.1412652080063501
2025-02-16,LBY,0.046031468135802264
2025-02-17,LBY,0.09584402432780212
2025-02-18,LBY,0.0753333142677074
2025-02-19,LBY,0.00402335475447076
2025-02-20,LBY,0.0041260349350795075
2025-02-21,LBY,0.004455757574890043
2025-02-22,LBY,0.005623632763565593
2025-02-23,LBY,0.004713569844869978
2025-02-24,LBY,0.004462414940153538
2025-02-25,LBY,0.004532530563409143
2025-02-26,LBY,0.10140003196441304
2025-02-27,LBY,0.1771301380259068
2025-02-28,LBY,0.12398898531246633
2025-03-01,LBY,0.12069523629108388
2025-03-02,LBY,0.061958242751865455
2025-03-03,LBY,0.12390371619152629
2025-03-04,LBY,0.0700487528628752
2025-03-05,LBY,0.12293613813222479
2025-03-06,LBY,0.1726255891541599
2025-03-07,LBY,0.09093384940479592
2025-03-08,LBY,0.18864279303833914
2025-03-09,LBY,0.09094178808656588
2025-03-10,LBY,0.13845640586283983
2025-03-11,LBY,0.07513985909775434
2025-03-12,LBY,0.06289637215622478
2025-03-13,LBY,0.19075904956194356
2025-03-14,LBY,0.1547638381133493
2025-03-15,LBY,0.021451106582721535
2025-03-16,LBY,0.03640507371680337
2025-03-17,LBY,0.02037995835657409
2025-03-18,LBY,0.057488244996596514
2025-03-19,LBY,0.0426955178310586
2025-03-20,LBY,0.030167155925003717
2025-03-21,LBY,0.011218957763189489
2025-03-22,LBY,0.116525199864265
2025-03-23,LBY,0.13279604924412935
2025-03-24,LBY,0.03543117709814646
2025-03-25,LBY,0.0865948327501982
2025-03-26,LBY,0.043018952191081414
2025-03-27,LBY,0.15190344892244229
2025-03-28,LBY,0.07284385562723508
2024-07-01,EGY,0.1221546120891949
2024-07-02,EGY,0.10185422740148731
2024-07-03,EGY,0.0855870988075701
2024-07-04,EGY,0.07512940083325491
2024-07-05,EGY,0.07861808868675607
2024-07-06,EGY,0.08746838005472682
2024-07-07,EGY,0.059922821069510405
2024-07-08,EGY,0.021958805196710743
2024-07-09,EGY,0.022330872745009528
2024-07-10,EGY,0.021952035017952468
2024-07-11,EGY,0.020317566792810795
2024-07-12,EGY,0.021901768829678446
2024-07-13,EGY,0.023107087894293624
2024-07-14,EGY,0.02443054748697747
2024-07-15,EGY,0.06059826019905793
2024-07-16,EGY,0.08032465197152454
2024-07-17,EGY,0.06842845273827201
2024-07-18,EGY,0.04238775220660969
2024-07-19,EGY,0.043874935578678595
2024-07-20,EGY,0.08459231237540084
2024-07-21,EGY,0.08392125038031531
2024-07-22,EGY,0.1710511484321867
2024-07-23,EGY,0.042872796117353444
2024-07-24,EGY,0.042886066546885926
2024-07-25,EGY,0.04034985714562379
2024-07-26,EGY,0.037916563777838565
2024-07-27,EGY,0.047420929325975955
2024-07-28,EGY,0.04670775771129887
2024-07-29,EGY,0.054808156370824104
2024-07-30,EGY,0.05329093489911269
2024-07-31,EGY,0.05629559319382408
2024-08-01,EGY,0.04500544856909638
2024-08-02,EGY,0.051568641133001886
2024-08-03,EGY,0.046183548522093214
2024-08-04,EGY,0.04843394332880071
2024-08-05,EGY,0.09252252873676456
2024-08-06,EGY,0.07467241216955117
2024-08-07,EGY,0.07846771525951798
2024-08-08,EGY,0.10945002976576203
2024-08-09,EGY,0.09183568147243039
2024-08-10,EGY,0.0782162809178692
2024-08-11,EGY,0.09251412331446371
2024-08-12,EGY,0.18815963764321253
2024-08-13,EGY,0.10121525607756131
2024-08-14,EGY,0.07816568340029144
2024-08-15,EGY,0.07539312231922504
2024-08-16,EGY,0.07833761823842021
2024-08-17,EGY,0.06888408332104783
2024-08-18,EGY,0.07290360158822122
2024-08-19,EGY,0.01832474026226212
2024-08-20,EGY,0.015899203284280985
2024-08-21,EGY,0.015564087250068283
2024-08-22,EGY,0.013318240419271031
2024-08-23,EGY,0.014309400048557247
2024-08-24,EGY,0.01671492116567235
2024-08-25,EGY,0.01434883474018852
2024-08-26,EGY,0.07323639415986434
2024-08-27,EGY,0.08090437996892608
2024-08-28,EGY,0.07939574706565646
2024-08-29,EGY,0.07574761609502827
2024-08-30,EGY,0.0725888777797739
2024-08-31,EGY,0.08335619675360015
2024-09-01,EGY,0.0883827602511696
2024-09-02,EGY,0.08968365812993276
2024-09-03,EGY,0.08996629846135631
2024-09-04,EGY,0.0690434589390371
2024-09-05,EGY,0.16522100397479314
2024-09-06,EGY,0.10374237219269215
2024-09-07,EGY,0.06901557538746499
2024-09-08,EGY,0.07806656969588431
2024-09-09,EGY,0.08673455399335708
2024-09-10,EGY,0.07857294373767629
2024-09-11,EGY,0.07962854161017535
2024-09-12,EGY,0.04204892326701501
2024-09-13,EGY,0.04201232519556614
2024-09-14,EGY,0.0451411100774035
2024-09-15,EGY,0.0446316042898557
2024-09-16,EGY,0.04445341810043674
2024-09-17,EGY,0.04664577724216931
2024-09-18,EGY,0.02959662955353848
2024-09-19,EGY,0.07677224070656588
2024-09-20,EGY,0.07520579270667342
2024-09-21,EGY,0.08172903093264032
2024-09-22,EGY,0.08249739362659823
2024-09-23,EGY,0.08079540367731286
2024-09-24,EGY,0.06815407165268157
2024-09-25,EGY,0.12033938963613422
2024-09-26,EGY,0.08590504672482262
2024-09-27,EGY,0.06834589134745736
2024-09-28,EGY,0.06489812298413676
2024-09-29,EGY,0.07431139585271877
2024-09-30,EGY,0.0727781334298802
2024-10-01,EGY,0.08165650655294047
2024-10-02,EGY,0.039888598101489085
2024-10-03,EGY,0.04957059147818012
2024-10-04,EGY,0.05854946387785781
2024-10-05,EGY,0.05068289411967955
2024-10-06,EGY,0.046771446410748554
2024-10-07,EGY,0.04486211459084872
2024-10-08,EGY,0.15508470072501065
2024-10-09,EGY,0.04411934074781697
2024-10-10,EGY,0.0921963863868346
2024-10-11,EGY,0.09793097787392843
2024-10-12,EGY,0.08601942235998378
2024-10-13,EGY,0.08138216125536808
2024-10-14,EGY,0.08183459093571427
2024-10-15,EGY,0.025257168654280692
2024-10-16,EGY,0.022875418523982304
2024-10-17,EGY,0.026527935300442524
2024-10-18,EGY,0.023832234635826583
2024-10-19,EGY,0.020842609644406658
2024-10-20,EGY,0.020650692421188662
2024-10-21,EGY,0.019750099613139678
2024-10-22,EGY,0.08911522906875793
2024-10-23,EGY,0.09119163907071448
2024-10-24,EGY,0.08680710985187652
2024-10-25,EGY,0.11842556185977583
2024-10-26,EGY,0.08865380824028289
2024-10-27,EGY,0.11690695093872605
2024-10-28,EGY,0.08845333996780129
2024-10-29,EGY,0.08207316733397767
2024-10-30,EGY,0.09302851307110209
2024-10-31,EGY,0.09212620570311324
2024-11-01,EGY,0.1001310897940906
2024-11-02,EGY,0.09386498380713248
2024-11-03,EGY,0.09060120798615723
2024-11-04,EGY,0.08948136870934457
2024-11-05,EGY,0.0933225345253663
2024-11-06,EGY,0.0956462894990035
2024-11-07,EGY,0.062159227705537536
2024-11-08,EGY,0.09170894561499482
2024-11-09,EGY,0.0766131882163826
2024-11-10,EGY,0.0839365237195611
2024-11-11,EGY,0.07076658193749202
2024-11-12,EGY,0.051401216817601056
2024-11-13,EGY,0.061110600885630924
2024-11-14,EGY,0.04822961456706184
2024-11-15,EGY,0.047395511234639136
2024-11-16,EGY,0.03784607103108962
2024-11-17,EGY,0.042878578850997225
2024-11-18,EGY,0.03987101687825304
2024-11-19,EGY,0.057696590284364066
2024-11-20,EGY,0.052001867164340854
2024-11-21,EGY,0.040882820410579446
2024-11-22,EGY,0.05032031719130431
2024-11-23,EGY,0.05025830455182364
2024-11-24,EGY,0.04700239165293259
2024-11-25,EGY,0.03940016380563063
2024-11-26,EGY,0.052666707396312525
2024-11-27,EGY,0.049005256286575836
2024-11-28,EGY,0.050836002858921814
2024-11-29,EGY,0.05128456260098973
2024-11-30,EGY,0.043055527768043445
2024-12-01,EGY,0.045121598940341665
2024-12-02,EGY,0.0492863096846868
2024-12-03,EGY,0.04866304107010277
2024-12-04,EGY,0.05579141694699263
2024-12-05,EGY,0.053035483563263
2024-12-06,EGY,0.05657365950749621
2024-12-07,EGY,0.050858560291676035
2024-12-08,EGY,0.059104224343688255
2024-12-09,EGY,0.057074631116859315
2024-12-10,EGY,0.039326358920554035
2024-12-11,EGY,0.18025349242027108
2024-12-12,EGY,0.08754268622115449
2024-12-13,EGY,0.04874533041115694
2024-12-14,EGY,0.05422422403613047
2024-12-15,EGY,0.05421369255410532
2024-12-16,EGY,0.05421369255410532
2024-12-17,EGY,0.05467011640896138
2024-12-18,EGY,0.013640614115693476
2024-12-19,EGY,0.011643815167930975
2024-12-20,EGY,0.009814105799433186
2024-12-21,EGY,0.0935592981541445
2024-12-22,EGY,0.019301996058758535
2024-12-23,EGY,0.01738132451506517
2024-12-24,EGY,0.016535128863780085
2024-12-25,EGY,0.06470662404171369
2024-12-26,EGY,0.0732459474049632
2024-12-27,EGY,0.062200220416480885
2024-12-28,EGY,0.017129333219477277
2024-12-29,EGY,0.011199143689970516
2024-12-30,EGY,0.011788891649236563
2024-12-31,EGY,0.06272985640031087
2025-01-01,EGY,0.009893338928668277
2025-01-02,EGY,0.009091410725196812
2025-01-03,EGY,0.008777164601730635
2025-01-04,EGY,0.014290782252799552
2025-01-05,EGY,0.05354261492646033
2025-01-06,EGY,0.061265151727170265
2025-01-07,EGY,0.01356781920705349
2025-01-08,EGY,0.016155015835319038
2025-01-09,EGY,0.018950781420244905
2025-01-10,EGY,0.015802111863164815
2025-01-11,EGY,0.011586851286648742
2025-01-12,EGY,0.013931816604219124
2025-01-13,EGY,0.013931816604219124
2025-01-14,EGY,0.0674441163360479
2025-01-15,EGY,0.06453447275717326
2025-01-16,EGY,0.061564383919681845
2025-01-17,EGY,0.06644819076832896
2025-01-18,EGY,0.05082289993702398
2025-01-19,EGY,0.08500989488435104
2025-01-20,EGY,0.04922443384610003
2025-01-21,EGY,0.05507877265226893
2025-01-22,EGY,0.049129072839352465
2025-01-23,EGY,0.05795492833791205
2025-01-24,EGY,0.06492515165009695
2025-01-25,EGY,0.06587500538031861
2025-01-26,EGY,0.06378189753620728
2025-01-27,EGY,0.08272073968059436
2025-01-28,EGY,0.05842728652189725
2025-01-29,EGY,0.06760814868540573
2025-01-30,EGY,0.07692752038149413
2025-01-31,EGY,0.059911150448031636
2025-02-01,EGY,0.08478616022649624
2025-02-02,EGY,0.07853744016085888
2025-02-03,EGY,0.08386054730285479
2025-02-04,EGY,0.07482991309781901
2025-02-05,EGY,0.08084028174801362
2025-02-06,EGY,0.06637795600035597
2025-02-07,EGY,0.06340741612849547
2025-02-08,EGY,0.06325143260358146
2025-02-09,EGY,0.06642436534183133
2025-02-10,EGY,0.06642436534183133
2025-02-11,EGY,0.06095298043054257
2025-02-12,EGY,0.06603034878718486
2025-02-13,EGY,0.06770383353916665
2025-02-14,EGY,0.07095005036829674
2025-02-15,EGY,0.19093319706346196
2025-02-16,EGY,0.11979524437179512
2025-02-17,EGY,0.17907358070664095
2025-02-18,EGY,0.19214436734203227
2025-02-19,EGY,0.1454614078278269
2025-02-20,EGY,0.06424736605682069
2025-02-21,EGY,0.07765143714558131
2025-02-22,EGY,0.005186253760984711
2025-02-23,EGY,0.005323542242198612
2025-02-24,EGY,0.005835133481920043
2025-02-25,EGY,0.006378151228074883
2025-02-26,EGY,0.005792034773120683
2025-02-27,EGY,0.006172111989875943
2025-02-28,EGY,0.005388475078666665
2025-03-01,EGY,0.06131790484695664
2025-03-02,EGY,0.13513499612090887
2025-03-03,EGY,0.06458966983605591
2025-03-04,EGY,0.08165494046000965
2025-03-05,EGY,0.08018287319466375
2025-03-06,EGY,0.08209711617040563
2025-03-07,EGY,0.18174745427994057
2025-03-08,EGY,0.006490115837421505
2025-03-09,EGY,0.006289128995335073
2025-03-10,EGY,0.020095925070733798
2025-03-11,EGY,0.0490334913848826
2025-03-12,EGY,0.008494553765847082
2025-03-13,EGY,0.014202415696476189
2025-03-14,EGY,0.006385429091247891
2025-03-15,EGY,0.17058372616107262
2025-03-16,EGY,0.15142435237033275
2025-03-17,EGY,0.09000415334789233
2025-03-18,EGY,0.0891801695561372
2025-03-19,EGY,0.07861212084245746
2025-03-20,EGY,0.07802110668495817
2025-03-21,EGY,0.07894431561601893
2025-03-22,EGY,0.09446457109002233
2025-03-23,EGY,0.16377465892902004
2025-03-24,EGY,0.08046789452596274
2025-03-25,EGY,0.08957130499323616
2025-03-26,EGY,0.1009729866901517
2025-03-27,EGY,0.08414134248752628
2025-03-28,EGY,0.08801845580078921
2024-07-01,DZA,0.009589924677324063
2024-07-02,DZA,0.008899112392023801
2024-07-03,DZA,0.009891889862847537
2024-07-04,DZA,0.006630174211704242
2024-07-05,DZA,0.007256786811451461
2024-07-06,DZA,0.007022504193456916
2024-07-07,DZA,0.011882139100112902
2024-07-08,DZA,0.041682540822193
2024-07-09,DZA,0.04368711172225449
2024-07-10,DZA,0.04555341211514724
2024-07-11,DZA,0.03908475326951388
2024-07-12,DZA,0.03055990959380127
2024-07-13,DZA,0.03772735003861211
2024-07-14,DZA,0.005100118760363406
2024-07-15,DZA,0.005139385874688674
2024-07-16,DZA,0.005476111618430474
2024-07-17,DZA,0.004882353259857931
2024-07-18,DZA,0.0047980004601619495
2024-07-19,DZA,0.004706585960721383
2024-07-20,DZA,0.005367245228214024
2024-07-21,DZA,0.06193400620503637
2024-07-22,DZA,0.07903588997415935
2024-07-23,DZA,0.07780523758507858
2024-07-24,DZA,0.08370613149237136
2024-07-25,DZA,0.08167246874875078
2024-07-26,DZA,0.07315652529224564
2024-07-27,DZA,0.1917994995113023
2024-07-28,DZA,0.12951876416221134
2024-07-29,DZA,0.09137014365130972
2024-07-30,DZA,0.09181624109114116
2024-07-31,DZA,0.04866601902089311
2024-08-01,DZA,0.047979018232286966
2024-08-02,DZA,0.04371166324183605
2024-08-03,DZA,0.005473135132645208
2024-08-04,DZA,0.004934037671702679
2024-08-05,DZA,0.0050187670730369146
2024-08-06,DZA,0.004671655598809553
2024-08-07,DZA,0.004914052572285557
2024-08-08,DZA,0.005233278830813808
2024-08-09,DZA,0.005041072354278201
2024-08-10,DZA,0.061585329626474714
2024-08-11,DZA,0.08124659115480574
2024-08-12,DZA,0.05397472937406016
2024-08-13,DZA,0.038359704334969796
2024-08-14,DZA,0.043035370435528464
2024-08-15,DZA,0.04799396819425709
2024-08-16,DZA,0.04389137619877589
2024-08-17,DZA,0.05901995258607443
2024-08-18,DZA,0.16275590204860446
2024-08-19,DZA,0.10884035298650024
2024-08-20,DZA,0.07726581469004924
2024-08-21,DZA,0.06894195390990804
2024-08-22,DZA,0.0638878754961181
2024-08-23,DZA,0.05430726847918722
2024-08-24,DZA,0.05408257029335844
2024-08-25,DZA,0.010656546387165787
2024-08-26,DZA,0.010686940113261968
2024-08-27,DZA,0.009585402884760123
2024-08-28,DZA,0.01023826460392877
2024-08-29,DZA,0.012417879337495764
2024-08-30,DZA,0.012813188543049784
2024-08-31,DZA,0.01151130533450477
2024-09-01,DZA,0.08087160757926581
2024-09-02,DZA,0.0709645432270441
2024-09-03,DZA,0.06453850082967084
2024-09-04,DZA,0.049931509665798034
2024-09-05,DZA,0.05642538719072694
2024-09-06,DZA,0.05154652088340221
2024-09-07,DZA,0.0663152891355217
2024-09-08,DZA,0.059318735075427
2024-09-09,DZA,0.06897558217739601
2024-09-10,DZA,0.056414259118828074
2024-09-11,DZA,0.06794271185928431
2024-09-12,DZA,0.07605517153509052
2024-09-13,DZA,0.058033481914555575
2024-09-14,DZA,0.08467426132131195
2024-09-15,DZA,0.198372267972068
2024-09-16,DZA,0.10189371639213045
2024-09-17,DZA,0.0549866681153507
2024-09-18,DZA,0.06175819586102961
2024-09-19,DZA,0.19839558334272478
2024-09-20,DZA,0.08780101178395684
2024-09-21,DZA,0.0736766277412262
2024-09-22,DZA,0.006274834187196329
2024-09-23,DZA,0.006065184457043009
2024-09-24,DZA,0.005582374497794887
2024-09-25,DZA,0.006267145494536397
2024-09-26,DZA,0.005850058253533611
2024-09-27,DZA,0.005637578274848993
2024-09-28,DZA,0.005886121507447824
2024-09-29,DZA,0.007600157054100205
2024-09-30,DZA,0.006902730793388733
2024-10-01,DZA,0.00677393138977295
2024-10-02,DZA,0.006321280281713888
2024-10-03,DZA,0.06340424333415746
2024-10-04,DZA,0.054339235306042524
2024-10-05,DZA,0.04962470686736363
2024-10-06,DZA,0.06750438530714876
2024-10-07,DZA,0.06750438530714876
2024-10-08,DZA,0.05055686781099203
2024-10-09,DZA,0.05543990220175693
2024-10-10,DZA,0.0733578855744002
2024-10-11,DZA,0.1935309722398336
2024-10-12,DZA,0.09308308317270005
2024-10-13,DZA,0.09647501369027281
2024-10-14,DZA,0.08226882080348015
2024-10-15,DZA,0.09590937449268497
2024-10-16,DZA,0.093560520626874
2024-10-17,DZA,0.08901982311521782
2024-10-18,DZA,0.011461569001708171
2024-10-19,DZA,0.011377539623341586
2024-10-20,DZA,0.010193052984203546
2024-10-21,DZA,0.009847232183074857
2024-10-22,DZA,0.007518221715433652
2024-10-23,DZA,0.0075705943482602045
2024-10-24,DZA,0.007150234607397605
2024-10-25,DZA,0.0936060139142563
2024-10-26,DZA,0.04502342756443639
2024-10-27,DZA,0.06782619375390735
2024-10-28,DZA,0.05014506050727386
2024-10-29,DZA,0.05932535077708422
2024-10-30,DZA,0.05574858160078112
2024-10-31,DZA,0.05902109967524911
2024-11-01,DZA,0.1471585910780301
2024-11-02,DZA,0.14698621582422525
2024-11-03,DZA,0.07967698560165407
2024-11-04,DZA,0.07245595030476853
2024-11-05,DZA,0.05589812297458569
2024-11-06,DZA,0.06292016346210065
2024-11-07,DZA,0.0496176062055576
2024-11-08,DZA,0.07071447196371229
2024-11-09,DZA,0.07655091861881369
2024-11-10,DZA,0.07719197015625795
2024-11-11,DZA,0.07068589657328687
2024-11-12,DZA,0.04517597516743757
2024-11-13,DZA,0.04489254566304775
2024-11-14,DZA,0.04137490966088049
2024-11-15,DZA,0.048649360870929574
2024-11-16,DZA,0.035500634480974846
2024-11-17,DZA,0.04546492631274612
2024-11-18,DZA,0.05033455446398692
2024-11-19,DZA,0.027472179702174374
2024-11-20,DZA,0.049307427409812046
2024-11-21,DZA,0.14707154758189017
2024-11-22,DZA,0.05060769240231727
2024-11-23,DZA,0.05136492845910239
2024-11-24,DZA,0.03297499097686385
2024-11-25,DZA,0.0409146927136205
2024-11-26,DZA,0.040748884464137373
2024-11-27,DZA,0.052131593640975624
2024-11-28,DZA,0.0043518208264174815
2024-11-29,DZA,0.004183829103610609
2024-11-30,DZA,0.004210892258801027
2024-12-01,DZA,0.004201215734123657
2024-12-02,DZA,0.004107628699247026
2024-12-03,DZA,0.004074801557786594
2024-12-04,DZA,0.0041199906582527505
2024-12-05,DZA,0.027502664657020958
2024-12-06,DZA,0.025961256018987813
2024-12-07,DZA,0.03308904236266986
2024-12-08,DZA,0.043649168555174644
2024-12-09,DZA,0.03212964941336567
2024-12-10,DZA,0.03200409304310098
2024-12-11,DZA,0.03520874144248235
2024-12-12,DZA,0.061607045354993714
2024-12-13,DZA,0.18257009216579265
2024-12-14,DZA,0.07536175605668549
2024-12-15,DZA,0.09252587875286405
2024-12-16,DZA,0.10420281192179288
2024-12-17,DZA,0.07213081163219896
2024-12-18,DZA,0.06776226566735173
2024-12-19,DZA,0.04970209108482223
2024-12-20,DZA,0.03197158576397973
2024-12-21,DZA,0.0505752069235602
2024-12-22,DZA,0.05432103926258393
2024-12-23,DZA,0.04532513386127668
2024-12-24,DZA,0.03822620654024064
2024-12-25,DZA,0.05076603736239884
2024-12-26,DZA,0.059093476332052884
2024-12-27,DZA,0.09123669553396069
2024-12-28,DZA,0.04620934350649649
2024-12-29,DZA,0.061983685831988475
2024-12-30,DZA,0.0630665983599108
2024-12-31,DZA,0.04272863647585168
2025-01-01,DZA,0.046795486911747786
2025-01-02,DZA,0.05181520965766961
2025-01-03,DZA,0.09316685189221546
2025-01-04,DZA,0.08624566795292556
2025-01-05,DZA,0.06085026910303328
2025-01-06,DZA,0.0631001607566621
2025-01-07,DZA,0.05564729092583867
2025-01-08,DZA,0.050677971142625775
2025-01-09,DZA,0.039291227530855524
2025-01-10,DZA,0.05621063175581617
2025-01-11,DZA,0.032035920642934826
2025-01-12,DZA,0.06199732853091288
2025-01-13,DZA,0.049350095445749524
2025-01-14,DZA,0.18554346719591933
2025-01-15,DZA,0.03721717028967381
2025-01-16,DZA,0.03452442547723798
2025-01-17,DZA,0.05244214752358012
2025-01-18,DZA,0.043404802817346856
2025-01-19,DZA,0.0477281230629558
2025-01-20,DZA,0.02823674880613446
2025-01-21,DZA,0.017130517336469354
2025-01-22,DZA,0.020684298984874876
2025-01-23,DZA,0.01427034643779334
2025-01-24,DZA,0.01675370712000908
2025-01-25,DZA,0.01699055331368279
2025-01-26,DZA,0.015541316759829315
2025-01-27,DZA,0.018686185634877218
2025-01-28,DZA,0.03482090918305366
2025-01-29,DZA,0.04073452106299441
2025-01-30,DZA,0.04015363825853752
2025-01-31,DZA,0.03115681458963297
2025-02-01,DZA,0.055839648046563564
2025-02-02,DZA,0.06733621928302755
2025-02-03,DZA,0.0593902351075023
2025-02-04,DZA,0.18644612848538497
2025-02-05,DZA,0.061044671958219006
2025-02-06,DZA,0.05701958541994678
2025-02-07,DZA,0.11001459363392031
2025-02-08,DZA,0.06533338629283433
2025-02-09,DZA,0.08288509763670215
2025-02-10,DZA,0.062078396690377666
2025-02-11,DZA,0.03269237085754056
2025-02-12,DZA,0.028296372986728335
2025-02-13,DZA,0.0367948573493037
2025-02-14,DZA,0.035625517582104214
2025-02-15,DZA,0.10826907476279456
2025-02-16,DZA,0.03416088690467749
2025-02-17,DZA,0.02602262538954892
2025-02-18,DZA,0.046782729514400136
2025-02-19,DZA,0.05291342878580636
2025-02-20,DZA,0.1576331520939561
2025-02-21,DZA,0.13149954000436306
2025-02-22,DZA,0.12685499670745853
2025-02-23,DZA,0.19550470807180845
2025-02-24,DZA,0.06103346842168151
2025-02-25,DZA,0.03942289313566022
2025-02-26,DZA,0.17062775308288805
2025-02-27,DZA,0.11798892128025962
2025-02-28,DZA,0.008445378015672191
2025-03-01,DZA,0.008985793258367127
2025-03-02,DZA,0.008966593279537713
2025-03-03,DZA,0.00960012495778449
2025-03-04,DZA,0.009221496302114746
2025-03-05,DZA,0.006672363731373584
2025-03-06,DZA,0.009621905198759169
2025-03-07,DZA,0.008730625444684644
2025-03-08,DZA,0.010680808947678455
2025-03-09,DZA,0.012844460187886857
2025-03-10,DZA,0.009390682569094283
2025-03-11,DZA,0.010958513420289799
2025-03-12,DZA,0.06987159843443681
2025-03-13,DZA,0.0645839713031728
2025-03-14,DZA,0.07315137095730356
2025-03-15,DZA,0.06717261615354041
2025-03-16,DZA,0.08116828061920744
2025-03-17,DZA,0.08414116696562472
2025-03-18,DZA,0.08227037467105025
2025-03-19,DZA,0.07461103548925589
2025-03-20,DZA,0.07819426422302185
2025-03-21,DZA,0.1729610846203245
2025-03-22,DZA,0.07405599971617907
2025-03-23,DZA,0.06844401936520386
2025-03-24,DZA,0.05810865877907191
2025-03-25,DZA,0.0656808996722354
2025-03-26,DZA,0.07472635438229792
2025-03-27,DZA,0.07682483635576977
2025-03-28,DZA,0.007546261254643492
2024-07-01,TUN,0.03465078646754392
2024-07-02,TUN,0.03578957334462233
2024-07-03,TUN,0.006169513128530143
2024-07-04,TUN,0.005716407363015887
2024-07-05,TUN,0.006056130726850638
2024-07-06,TUN,0.005936358596629249
2024-07-07,TUN,0.00795064372492513
2024-07-08,TUN,0.007728670601679452
2024-07-09,TUN,0.006240190620675356
2024-07-10,TUN,0.05526730811960916
2024-07-11,TUN,0.0523845313547437
2024-07-12,TUN,0.04887277060862944
2024-07-13,TUN,0.06150718561902842
2024-07-14,TUN,0.06065717507527069
2024-07-15,TUN,0.0681067424092067
2024-07-16,TUN,0.05990408406947277
2024-07-17,TUN,0.05272844750173525
2024-07-18,TUN,0.04473755452542929
2024-07-19,TUN,0.05198691038934023
2024-07-20,TUN,0.055510584582929894
2024-07-21,TUN,0.06390942119121874
2024-07-22,TUN,0.06517627579743385
2024-07-23,TUN,0.19260823825796772
2024-07-24,TUN,0.06527559765151181
2024-07-25,TUN,0.06337198305644912
2024-07-26,TUN,0.05778279209172812
2024-07-27,TUN,0.058175709011065
2024-07-28,TUN,0.07175727874374505
2024-07-29,TUN,0.0750697600675731
2024-07-30,TUN,0.04931840759854076
2024-07-31,TUN,0.04568124421297012
2024-08-01,TUN,0.04527689481251244
2024-08-02,TUN,0.026507627201878815
2024-08-03,TUN,0.023752787565098927
2024-08-04,TUN,0.18713948732943597
2024-08-05,TUN,0.03277782345212529
2024-08-06,TUN,0.04661400907556358
2024-08-07,TUN,0.031994580501432314
2024-08-08,TUN,0.0491615005343229
2024-08-09,TUN,0.03913127626466998
2024-08-10,TUN,0.04379520120355074
2024-08-11,TUN,0.007462605330760888
2024-08-12,TUN,0.006840070029052838
2024-08-13,TUN,0.007058032597815863
2024-08-14,TUN,0.00634929158764403
2024-08-15,TUN,0.006958411506323105
2024-08-16,TUN,0.006299234045462347
2024-08-17,TUN,0.0059153803091616525
2024-08-18,TUN,0.07600928001049521
2024-08-19,TUN,0.06849096671752795
2024-08-20,TUN,0.06145041848304865
2024-08-21,TUN,0.05976845774262403
2024-08-22,TUN,0.06403718209158382
2024-08-23,TUN,0.050405096142871114
2024-08-24,TUN,0.07095519997506572
2024-08-25,TUN,0.09266545374051857
2024-08-26,TUN,0.06518099271705508
2024-08-27,TUN,0.06046886776176335
2024-08-28,TUN,0.07152787065913198
2024-08-29,TUN,0.06602669737867083
2024-08-30,TUN,0.0632394010242504
2024-08-31,TUN,0.07151297789106736
2024-09-01,TUN,0.06759002723795271
2024-09-02,TUN,0.078898397490727
2024-09-03,TUN,0.05851441414686266
2024-09-04,TUN,0.04400297521280352
2024-09-05,TUN,0.053711666128262364
2024-09-06,TUN,0.05931621422899832
2024-09-07,TUN,0.1014305372106469
2024-09-08,TUN,0.06260660407521228
2024-09-09,TUN,0.051030506692762205
2024-09-10,TUN,0.027035252891247814
2024-09-11,TUN,0.048781734807872366
2024-09-12,TUN,0.04364170443390774
2024-09-13,TUN,0.03180277975494469
2024-09-14,TUN,0.04898150998236056
2024-09-15,TUN,0.057490696172896046
2024-09-16,TUN,0.04588873333480187
2024-09-17,TUN,0.035745473414282754
2024-09-18,TUN,0.0400178487275938
2024-09-19,TUN,0.04211285851343727
2024-09-20,TUN,0.04050727865016808
2024-09-21,TUN,0.04629036048478867
2024-09-22,TUN,0.0650135779720086
2024-09-23,TUN,0.062207815822242024
2024-09-24,TUN,0.043921624596320326
2024-09-25,TUN,0.05564142890411133
2024-09-26,TUN,0.04171951516398388
2024-09-27,TUN,0.05168670267374238
2024-09-28,TUN,0.053880034975753305
2024-09-29,TUN,0.04220636774345649
2024-09-30,TUN,0.04152450053125682
2024-10-01,TUN,0.0545404259379726
2024-10-02,TUN,0.02760513640712474
2024-10-03,TUN,0.0569761549511456
2024-10-04,TUN,0.0330167460825841
2024-10-05,TUN,0.04001352742583133
2024-10-06,TUN,0.036649379161359796
2024-10-07,TUN,0.041490655749413984
2024-10-08,TUN,0.02868190717934391
2024-10-09,TUN,0.030307652496535983
2024-10-10,TUN,0.03835292228227035
2024-10-11,TUN,0.04064304174441203
2024-10-12,TUN,0.02833975897204102
2024-10-13,TUN,0.030509587815798867
2024-10-14,TUN,0.044541309974472185
2024-10-15,TUN,0.14243385360810148
2024-10-16,TUN,0.045249287286161545
2024-10-17,TUN,0.04446530824898636
2024-10-18,TUN,0.035243971789137137
2024-10-19,TUN,0.04274232887737218
2024-10-20,TUN,0.04417701969361205
2024-10-21,TUN,0.04003794733137003
2024-10-22,TUN,0.023284811187939274
2024-10-23,TUN,0.028034207576566352
2024-10-24,TUN,0.024972699097682873
2024-10-25,TUN,0.0285918872516498
2024-10-26,TUN,0.028095293050286855
2024-10-27,TUN,0.03530537076157786
2024-10-28,TUN,0.03661883090590055
2024-10-29,TUN,0.047397306002172686
2024-10-30,TUN,0.06102972617084143
2024-10-31,TUN,0.04873807951702512
2024-11-01,TUN,0.049372957142394994
2024-11-02,TUN,0.07048879959013596
2024-11-03,TUN,0.06316846356238609
2024-11-04,TUN,0.06943926001519299
2024-11-05,TUN,0.06632369330477404
2024-11-06,TUN,0.08465642101078384
2024-11-07,TUN,0.0429334446549456
2024-11-08,TUN,0.07184416999452979
2024-11-09,TUN,0.0877590142448422
2024-11-10,TUN,0.07999563074152342
2024-11-11,TUN,0.05819680659055514
2024-11-12,TUN,0.054879969676532574
2024-11-13,TUN,0.038582311230403225
2024-11-14,TUN,0.05737794403848752
2024-11-15,TUN,0.04478661545722146
2024-11-16,TUN,0.03780876107220625
2024-11-17,TUN,0.05008596048832283
2024-11-18,TUN,0.034638577698400966
2024-11-19,TUN,0.043406243178024335
2024-11-20,TUN,0.04262556497643457
2024-11-21,TUN,0.022093476338127103
2024-11-22,TUN,0.02961409308704077
2024-11-23,TUN,0.031119334383411388
2024-11-24,TUN,0.12979261474345616
2024-11-25,TUN,0.04039893346451374
2024-11-26,TUN,0.057921088298823156
2024-11-27,TUN,0.054812688789830075
2024-11-28,TUN,0.06467822853425809
2024-11-29,TUN,0.056354369144051814
2024-11-30,TUN,0.05045197551811951
2024-12-01,TUN,0.047341798844656224
2024-12-02,TUN,0.04981842900955277
2024-12-03,TUN,0.0398492017497699
2024-12-04,TUN,0.04449653468603097
2024-12-05,TUN,0.04777149744383879
2024-12-06,TUN,0.056600957008610606
2024-12-07,TUN,0.13912756110147192
2024-12-08,TUN,0.09731673405519424
2024-12-09,TUN,0.050274829428865894
2024-12-10,TUN,0.04047067786594378
2024-12-11,TUN,0.05222186252259568
2024-12-12,TUN,0.03472500362272297
2024-12-13,TUN,0.05591690975641252
2024-12-14,TUN,0.05770779490669948
2024-12-15,TUN,0.042082073901892905
2024-12-16,TUN,0.03819826731796814
2024-12-17,TUN,0.03003860306226364
2024-12-18,TUN,0.046260693005592074
2024-12-19,TUN,0.030860754235071543
2024-12-20,TUN,0.03126060738959277
2024-12-21,TUN,0.04359224458831652
2024-12-22,TUN,0.05282092138936245
2024-12-23,TUN,0.056473115329681384
2024-12-24,TUN,0.05215779094868472
2024-12-25,TUN,0.05190522281381273
2024-12-26,TUN,0.0762494985226201
2024-12-27,TUN,0.05399765748092451
2024-12-28,TUN,0.19606949654727193
2024-12-29,TUN,0.17736637651344664
2024-12-30,TUN,0.07315080575684521
2024-12-31,TUN,0.06358014604713715
2025-01-01,TUN,0.05304749319558231
2025-01-02,TUN,0.09343415310790688
2025-01-03,TUN,0.020148759819906388
2025-01-04,TUN,0.04004709303268393
2025-01-05,TUN,0.054381452171862604
2025-01-06,TUN,0.050113289859645006
2025-01-07,TUN,0.050249584906783315
2025-01-08,TUN,0.038888829951901786
2025-01-09,TUN,0.037067649654738716
2025-01-10,TUN,0.045972688560934435
2025-01-11,TUN,0.0646451452608176
2025-01-12,TUN,0.06306125269742269
2025-01-13,TUN,0.05787544028129208
2025-01-14,TUN,0.047554078140017955
2025-01-15,TUN,0.058354080545175886
2025-01-16,TUN,0.04695677796275643
2025-01-17,TUN,0.055085085489235415
2025-01-18,TUN,0.07877384903050397
2025-01-19,TUN,0.06378579011954336
2025-01-20,TUN,0.06304198133647984
2025-01-21,TUN,0.07457216860367076
2025-01-22,TUN,0.0678611869201436
2025-01-23,TUN,0.05674692320617978
2025-01-24,TUN,0.055117641542913466
2025-01-25,TUN,0.07330390298906786
2025-01-26,TUN,0.05878876564940164
2025-01-27,TUN,0.05818987375584604
2025-01-28,TUN,0.06264741680462708
2025-01-29,TUN,0.06574675511311508
2025-01-30,TUN,0.05715968981965388
2025-01-31,TUN,0.06225705731518695
2025-02-01,TUN,0.06005595487290404
2025-02-02,TUN,0.06038067466397726
2025-02-03,TUN,0.04714061576876661
2025-02-04,TUN,0.0375344415039352
2025-02-05,TUN,0.06751182193937212
2025-02-06,TUN,0.05667305699898053
2025-02-07,TUN,0.049190024927185244
2025-02-08,TUN,0.05910370425428913
2025-02-09,TUN,0.18043950990262994
2025-02-10,TUN,0.07350029156548685
2025-02-11,TUN,0.05071048470338594
2025-02-12,TUN,0.04474561223912209
2025-02-13,TUN,0.04988725822060092
2025-02-14,TUN,0.0515839482560686
2025-02-15,TUN,0.03953321900447379
2025-02-16,TUN,0.15923099859842357
2025-02-17,TUN,0.006183404101203732
2025-02-18,TUN,0.006421551633403353
2025-02-19,TUN,0.005662071473658659
2025-02-20,TUN,0.006666826802643676
2025-02-21,TUN,0.006614533031671591
2025-02-22,TUN,0.007108735340537593
2025-02-23,TUN,0.04128591387546065
2025-02-24,TUN,0.04139010234580799
2025-02-25,TUN,0.039978479480809355
2025-02-26,TUN,0.032435330709313745
2025-02-27,TUN,0.03235893322488065
2025-02-28,TUN,0.041629706500602215
2025-03-01,TUN,0.04348440318684483
2025-03-02,TUN,0.0831256693811662
2025-03-03,TUN,0.07883440907054605
2025-03-04,TUN,0.0829144209866248
2025-03-05,TUN,0.07349857112627199
2025-03-06,TUN,0.08027883994045615
2025-03-07,TUN,0.06388724434464244
2025-03-08,TUN,0.06006450119012011
2025-03-09,TUN,0.05358234256389123
2025-03-10,TUN,0.050569660915705805
2025-03-11,TUN,0.05194040274282469
2025-03-12,TUN,0.051397113398499894
2025-03-13,TUN,0.044540392842866885
2025-03-14,TUN,0.0696074385858806
2025-03-15,TUN,0.06605061198589611
2025-03-16,TUN,0.07591482159598333
2025-03-17,TUN,0.07395252939080847
2025-03-18,TUN,0.04528323575917572
2025-03-19,TUN,0.04657800197562886
2025-03-20,TUN,0.06473664774089057
2025-03-21,TUN,0.06345945786521699
2025-03-22,TUN,0.049015994343004486
2025-03-23,TUN,0.048130914532366995
2025-03-24,TUN,0.045980387343599216
2025-03-25,TUN,0.03670651106987145
2025-03-26,TUN,0.0409608809291605
2025-03-27,TUN,0.03545866535141786
2025-03-28,TUN,0.027300902985910952
2024-07-01,MLI,0.13541619938077673
2024-07-02,MLI,0.01966286925492376
2024-07-03,MLI,0.14056385693453655
2024-07-04,MLI,0.039335944077442966
2024-07-05,MLI,0.017377990882249197
2024-07-06,MLI,0.007441020670299492
2024-07-07,MLI,0.00812744676153062
2024-07-08,MLI,0.0052332802057482
2024-07-09,MLI,0.031046252755463036
2024-07-10,MLI,0.003875586429582496
2024-07-11,MLI,0.004080057252961002
2024-07-12,MLI,0.006260310810059998
2024-07-13,MLI,0.004069613330629587
2024-07-14,MLI,0.004013312679453997
2024-07-15,MLI,0.004098116260928136
2024-07-16,MLI,0.004243798460660997
2024-07-17,MLI,0.016071080802522262
2024-07-18,MLI,0.022221231229523793
2024-07-19,MLI,0.03942085756234864
2024-07-20,MLI,0.024125271567399634
2024-07-21,MLI,0.1593388574383215
2024-07-22,MLI,0.06232040466808561
2024-07-23,MLI,0.0314548413854784
2024-07-24,MLI,0.015872907850411552
2024-07-25,MLI,0.14036988944931422
2024-07-26,MLI,0.19357101806803223
2024-07-27,MLI,0.18383200080058515
2024-07-28,MLI,0.11618521072032417
2024-07-29,MLI,0.007484401910831121
2024-07-30,MLI,0.11893289666868231
2024-07-31,MLI,0.015483100435292125
2024-08-01,MLI,0.004263021314269929
2024-08-02,MLI,0.004032692932076836
2024-08-03,MLI,0.005119197016612487
2024-08-04,MLI,0.003909662398879229
2024-08-05,MLI,0.004933923741344978
2024-08-06,MLI,0.003799638388093765
2024-08-07,MLI,0.003980868415504034
2024-08-08,MLI,0.004273667577786492
2024-08-09,MLI,0.003924634746441375
2024-08-10,MLI,0.003840885276887559
2024-08-11,MLI,0.003873512371413738
2024-08-12,MLI,0.0041040962343839625
2024-08-13,MLI,0.04024592860322096
2024-08-14,MLI,0.022397045575622263
2024-08-15,MLI,0.13434167344671274
2024-08-16,MLI,0.02438644850638369
2024-08-17,MLI,0.011134451262005839
2024-08-18,MLI,0.05983539651796997
2024-08-19,MLI,0.06793973634528319
2024-08-20,MLI,0.046442948652066655
2024-08-21,MLI,0.17363038847632625
2024-08-22,MLI,0.035224192949640985
2024-08-23,MLI,0.017944016805483628
2024-08-24,MLI,0.01038594002936764
2024-08-25,MLI,0.15711099857695135
2024-08-26,MLI,0.013875915034548802
2024-08-27,MLI,0.016480222628061866
2024-08-28,MLI,0.016961972939102045
2024-08-29,MLI,0.02693842167320087
2024-08-30,MLI,0.015752808655290253
2024-08-31,MLI,0.08457091087860849
2024-09-01,MLI,0.010570810971838613
2024-09-02,MLI,0.0082427160445027
2024-09-03,MLI,0.0065696671284449825
2024-09-04,MLI,0.008605045314924084
2024-09-05,MLI,0.008849225750887
2024-09-06,MLI,0.005817715028575325
2024-09-07,MLI,0.007336690302307776
2024-09-08,MLI,0.014070636525145274
2024-09-09,MLI,0.013851498021565737
2024-09-10,MLI,0.011369302768024456
2024-09-11,MLI,0.06396152743377759
2024-09-12,MLI,0.017165713233768084
2024-09-13,MLI,0.07305119923684517
2024-09-14,MLI,0.11648653338487804
2024-09-15,MLI,0.07584234153442478
2024-09-16,MLI,0.15796009573154757
2024-09-17,MLI,0.20130841292229315
2024-09-18,MLI,0.12806997262800432
2024-09-19,MLI,0.05870140035086016
2024-09-20,MLI,0.18038574772983074
2024-09-21,MLI,0.008435965675955835
2024-09-22,MLI,0.12848128390505983
2024-09-23,MLI,0.008299280490808032
2024-09-24,MLI,0.0036582934185731275
2024-09-25,MLI,0.003989326665401349
2024-09-26,MLI,0.0037037201121399455
2024-09-27,MLI,0.003919933010381041
2024-09-28,MLI,0.0037161728341603443
2024-09-29,MLI,0.004551718645722103
2024-09-30,MLI,0.0037724955767980736
2024-10-01,MLI,0.006823675957090652
2024-10-02,MLI,0.009145350584443645
2024-10-03,MLI,0.0074426079580614665
2024-10-04,MLI,0.054050378386401116
2024-10-05,MLI,0.01881818181593289
2024-10-06,MLI,0.10801194402256648
2024-10-07,MLI,0.025180498520266874
2024-10-08,MLI,0.04130417885371316
2024-10-09,MLI,0.06002168817694426
2024-10-10,MLI,0.0861856681796163
2024-10-11,MLI,0.059551991215054514
2024-10-12,MLI,0.036479101002611675
2024-10-13,MLI,0.012493026936790826
2024-10-14,MLI,0.04085084430635782
2024-10-15,MLI,0.03813939597128098
2024-10-16,MLI,0.011331355825634845
2024-10-17,MLI,0.006980131201110517
2024-10-18,MLI,0.0067894789346341486
2024-10-19,MLI,0.007606406778277102
2024-10-20,MLI,0.018363116055113652
2024-10-21,MLI,0.17673021780271425
2024-10-22,MLI,0.032927199956482876
2024-10-23,MLI,0.03865237424191265
2024-10-24,MLI,0.17239340987810584
2024-10-25,MLI,0.13562110850020295
2024-10-26,MLI,0.027009752759175932
2024-10-27,MLI,0.03261547769951275
2024-10-28,MLI,0.10859634365140476
2024-10-29,MLI,0.032932421698451286
2024-10-30,MLI,0.013510726604076337
2024-10-31,MLI,0.006921730794508808
2024-11-01,MLI,0.008683373758906413
2024-11-02,MLI,0.012948181468386014
2024-11-03,MLI,0.005757435028289755
2024-11-04,MLI,0.008850686697009199
2024-11-05,MLI,0.0303682192193801
2024-11-06,MLI,0.018284447440721486
2024-11-07,MLI,0.045903730739157295
2024-11-08,MLI,0.030409015082954315
2024-11-09,MLI,0.017878005197932055
2024-11-10,MLI,0.02375711877531049
2024-11-11,MLI,0.11817626581262408
2024-11-12,MLI,0.02499389098271724
2024-11-13,MLI,0.023418701351234323
2024-11-14,MLI,0.03669214698137216
2024-11-15,MLI,0.03655388964883714
2024-11-16,MLI,0.11110280166451585
2024-11-17,MLI,0.013763621673939377
2024-11-18,MLI,0.006333547836858029
2024-11-19,MLI,0.0824665675534206
2024-11-20,MLI,0.019677721128870992
2024-11-21,MLI,0.048530862756983185
2024-11-22,MLI,0.008213294430517512
2024-11-23,MLI,0.009641114315347084
2024-11-24,MLI,0.017584153479496423
2024-11-25,MLI,0.1502994889633775
2024-11-26,MLI,0.049556464033758935
2024-11-27,MLI,0.026330544038237962
2024-11-28,MLI,0.014198141351075205
2024-11-29,MLI,0.019927500455289703
2024-11-30,MLI,0.01887298125902966
2024-12-01,MLI,0.1318510298554828
2024-12-02,MLI,0.1427285712002879
2024-12-03,MLI,0.021898241500238846
2024-12-04,MLI,0.025113510538221816
2024-12-05,MLI,0.01679863786431786
2024-12-06,MLI,0.014616090221905072
2024-12-07,MLI,0.030983385093616148
2024-12-08,MLI,0.03861273794977709
2024-12-09,MLI,0.01866376167750636
2024-12-10,MLI,0.022916891698110432
2024-12-11,MLI,0.06140220347115296
2024-12-12,MLI,0.016769591322907434
2024-12-13,MLI,0.02238623063775678
2024-12-14,MLI,0.02193880072869638
2024-12-15,MLI,0.1551863237402994
2024-12-16,MLI,0.10606202905563314
2024-12-17,MLI,0.11256157909409609
2024-12-18,MLI,0.05847751496834191
2024-12-19,MLI,0.03456546247190517
2024-12-20,MLI,0.06673116406121278
2024-12-21,MLI,0.11280873602433096
2024-12-22,MLI,0.012958452123862945
2024-12-23,MLI,0.020111906311464593
2024-12-24,MLI,0.09099854059340662
2024-12-25,MLI,0.027662891083625345
2024-12-26,MLI,0.1309499527976309
2024-12-27,MLI,0.017534301795173908
2024-12-28,MLI,0.08320676066561127
2024-12-29,MLI,0.01744141422266198
2024-12-30,MLI,0.01682971606965126
2024-12-31,MLI,0.018094423856245816
2025-01-01,MLI,0.013391568168549915
2025-01-02,MLI,0.03554430163591622
2025-01-03,MLI,0.024547771099950988
2025-01-04,MLI,0.011383717888892279
2025-01-05,MLI,0.01670696302367029
2025-01-06,MLI,0.10261224373774908
2025-01-07,MLI,0.012245227401430766
2025-01-08,MLI,0.04143965409614178
2025-01-09,MLI,0.014785831181178155
2025-01-10,MLI,0.013041174823639872
2025-01-11,MLI,0.06112651326063239
2025-01-12,MLI,0.1509046857187182
2025-01-13,MLI,0.008710021200149175
2025-01-14,MLI,0.03400357360419992
2025-01-15,MLI,0.01091954465628326
2025-01-16,MLI,0.012107268808338251
2025-01-17,MLI,0.007181028770588038
2025-01-18,MLI,0.007740890719307502
2025-01-19,MLI,0.009258690706737786
2025-01-20,MLI,0.02253781349382201
2025-01-21,MLI,0.007625531877385639
2025-01-22,MLI,0.009853808271808125
2025-01-23,MLI,0.006335804256048267
2025-01-24,MLI,0.030796042944807343
2025-01-25,MLI,0.009729663234979829
2025-01-26,MLI,0.031102153595323215
2025-01-27,MLI,0.06681615180317577
2025-01-28,MLI,0.1355539946366187
2025-01-29,MLI,0.10728455698286067
2025-01-30,MLI,0.04860147990966222
2025-01-31,MLI,0.017564230997341772
2025-02-01,MLI,0.0917208741449401
2025-02-02,MLI,0.028898951168722577
2025-02-03,MLI,0.02484764338662572
2025-02-04,MLI,0.004968399800565898
2025-02-05,MLI,0.005065146904464126
2025-02-06,MLI,0.008230427161331504
2025-02-07,MLI,0.12764912758912186
2025-02-08,MLI,0.007558451662444598
2025-02-09,MLI,0.01034626566722118
2025-02-10,MLI,0.11066022803453614
2025-02-11,MLI,0.12332280049935254
2025-02-12,MLI,0.1825831291161898
2025-02-13,MLI,0.021244314186316244
2025-02-14,MLI,0.004467886117553971
2025-02-15,MLI,0.004731975725702132
2025-02-16,MLI,0.014905458610783531
2025-02-17,MLI,0.029144598684857644
2025-02-18,MLI,0.006452773501111774
2025-02-19,MLI,0.008266149884503794
2025-02-20,MLI,0.008328100254349042
2025-02-21,MLI,0.11174826025525066
2025-02-22,MLI,0.01737820264642436
2025-02-23,MLI,0.05521208509928278
2025-02-24,MLI,0.005006783153796361
2025-02-25,MLI,0.006019237906164862
2025-02-26,MLI,0.0057124785879005486
2025-02-27,MLI,0.004634740965622248
2025-02-28,MLI,0.006510715242396757
2025-03-01,MLI,0.005554620557965766
2025-03-02,MLI,0.004857166404073598
2025-03-03,MLI,0.00877696557730653
2025-03-04,MLI,0.08739888678338781
2025-03-05,MLI,0.009364106289433044
2025-03-06,MLI,0.037462904916262516
2025-03-07,MLI,0.028170449221174388
2025-03-08,MLI,0.026589506242351988
2025-03-09,MLI,0.05132358464948329
2025-03-10,MLI,0.09428634937848776
2025-03-11,MLI,0.04636374020431739
2025-03-12,MLI,0.06724179148863736
2025-03-13,MLI,0.10024918625680085
2025-03-14,MLI,0.0651391584818534
2025-03-15,MLI,0.0593914105465382
2025-03-16,MLI,0.10600032713702644
2025-03-17,MLI,0.05009657663928265
2025-03-18,MLI,0.19278666836144337
2025-03-19,MLI,0.14163395735848713
2025-03-20,MLI,0.15565569896927486
2025-03-21,MLI,0.032806119761577865
2025-03-22,MLI,0.04398123735489031
2025-03-23,MLI,0.027665611579695177
2025-03-24,MLI,0.06765472452433262
2025-03-25,MLI,0.01246542435733022
2025-03-26,MLI,0.02281132414718026
2025-03-27,MLI,0.14577957523462962
2025-03-28,MLI,0.019627308106339968
2024-07-01,BFA,0.05679700747973766
2024-07-02,BFA,0.015381239324531554
2024-07-03,BFA,0.006287680356069502
2024-07-04,BFA,0.00732368020822956
2024-07-05,BFA,0.0048725277107973565
2024-07-06,BFA,0.004729483488621783
2024-07-07,BFA,0.004131984958084233
2024-07-08,BFA,0.004275143878304894
2024-07-09,BFA,0.003928007543385416
2024-07-10,BFA,0.004031647965586992
2024-07-11,BFA,0.004098132249910219
2024-07-12,BFA,0.004721195057257398
2024-07-13,BFA,0.004110873630098227
2024-07-14,BFA,0.07497593978894218
2024-07-15,BFA,0.11072428932361619
2024-07-16,BFA,0.0736271370420933
2024-07-17,BFA,0.016750819018099137
2024-07-18,BFA,0.014839902583855613
2024-07-19,BFA,0.11209606450718505
2024-07-20,BFA,0.013709852732985993
2024-07-21,BFA,0.020576467184267675
2024-07-22,BFA,0.007218967859732338
2024-07-23,BFA,0.041593467810577725
2024-07-24,BFA,0.008999906332821286
2024-07-25,BFA,0.07004145502593796
2024-07-26,BFA,0.008649247013085937
2024-07-27,BFA,0.005552547499003708
2024-07-28,BFA,0.007441288492583774
2024-07-29,BFA,0.009284516047005741
2024-07-30,BFA,0.0129982740489529
2024-07-31,BFA,0.05076393512760131
2024-08-01,BFA,0.0069910001876175845
2024-08-02,BFA,0.0051912914866068804
2024-08-03,BFA,0.005134224505747849
2024-08-04,BFA,0.020361861397907362
2024-08-05,BFA,0.01179332100776858
2024-08-06,BFA,0.012940638932695005
2024-08-07,BFA,0.008599135180644094
2024-08-08,BFA,0.08073793978677894
2024-08-09,BFA,0.10453082870773565
2024-08-10,BFA,0.015546774968593365
2024-08-11,BFA,0.008313754106429046
2024-08-12,BFA,0.007124496994846244
2024-08-13,BFA,0.008494819492716925
2024-08-14,BFA,0.013415159532929355
2024-08-15,BFA,0.005304212954163035
2024-08-16,BFA,0.003988425796551955
2024-08-17,BFA,0.0037369762896812876
2024-08-18,BFA,0.004130282322506928
2024-08-19,BFA,0.004211780913077375
2024-08-20,BFA,0.004154512696207304
2024-08-21,BFA,0.004028753815869965
2024-08-22,BFA,0.003798652531635985
2024-08-23,BFA,0.030878366482900526
2024-08-24,BFA,0.1810453661421228
2024-08-25,BFA,0.051764218831981235
2024-08-26,BFA,0.0196672984513508
2024-08-27,BFA,0.011402947325617075
2024-08-28,BFA,0.005720320939783813
2024-08-29,BFA,0.005847035460965441
2024-08-30,BFA,0.15060758737621172
2024-08-31,BFA,0.00390877693199611
2024-09-01,BFA,0.003853105471621413
2024-09-02,BFA,0.003913684276043825
2024-09-03,BFA,0.003809239954611716
2024-09-04,BFA,0.0037448949352389634
2024-09-05,BFA,0.0037870701052217584
2024-09-06,BFA,0.003755959919650809
2024-09-07,BFA,0.00879922016577864
2024-09-08,BFA,0.02924410882351985
2024-09-09,BFA,0.05771820977219829
2024-09-10,BFA,0.018501784240423376
2024-09-11,BFA,0.015901985054116826
2024-09-12,BFA,0.04086990810737426
2024-09-13,BFA,0.1426722556292421
2024-09-14,BFA,0.13847253891704314
2024-09-15,BFA,0.08307729571984204
2024-09-16,BFA,0.019815237747517127
2024-09-17,BFA,0.06242192067065629
2024-09-18,BFA,0.01705347427007872
2024-09-19,BFA,0.019305998981593516
2024-09-20,BFA,0.01059553797341408
2024-09-21,BFA,0.01063570171044739
2024-09-22,BFA,0.01633322603599363
2024-09-23,BFA,0.0173926601503206
2024-09-24,BFA,0.011189451476171928
2024-09-25,BFA,0.057789449064501716
2024-09-26,BFA,0.010518540690811325
2024-09-27,BFA,0.09646012224660856
2024-09-28,BFA,0.122013557602763
2024-09-29,BFA,0.09677524875022882
2024-09-30,BFA,0.13699432490030355
2024-10-01,BFA,0.04026886082245323
2024-10-02,BFA,0.15260337036170568
2024-10-03,BFA,0.016140720024435097
2024-10-04,BFA,0.016058427433063703
2024-10-05,BFA,0.06192396532584718
2024-10-06,BFA,0.02971348003345509
2024-10-07,BFA,0.006223098186810656
2024-10-08,BFA,0.03132045414184493
2024-10-09,BFA,0.005046935670894499
2024-10-10,BFA,0.03594061958284425
2024-10-11,BFA,0.007893236126556085
2024-10-12,BFA,0.008696561609855947
2024-10-13,BFA,0.008963519394384093
2024-10-14,BFA,0.005639925808718594
2024-10-15,BFA,0.02015762328038109
2024-10-16,BFA,0.0064639500329950125
2024-10-17,BFA,0.02697957454545739
2024-10-18,BFA,0.019436991013540305
2024-10-19,BFA,0.033705910185245214
2024-10-20,BFA,0.00526372510854772
2024-10-21,BFA,0.009640630046330055
2024-10-22,BFA,0.03067773588387095
2024-10-23,BFA,0.016074171032048837
2024-10-24,BFA,0.01771704449995711
2024-10-25,BFA,0.013537241068849284
2024-10-26,BFA,0.011765304527172284
2024-10-27,BFA,0.008072650948407636
2024-10-28,BFA,0.042618998733653476
2024-10-29,BFA,0.09832205063544852
2024-10-30,BFA,0.03576453616180179
2024-10-31,BFA,0.0834725305662367
2024-11-01,BFA,0.1064293227317522
2024-11-02,BFA,0.10048716099954912
2024-11-03,BFA,0.1058759556092006
2024-11-04,BFA,0.057710803462935376
2024-11-05,BFA,0.12093535646463129
2024-11-06,BFA,0.11370152876459924
2024-11-07,BFA,0.05827192415190964
2024-11-08,BFA,0.026493190937863145
2024-11-09,BFA,0.00875451139589619
2024-11-10,BFA,0.00856221902443274
2024-11-11,BFA,0.006831734936899701
2024-11-12,BFA,0.005740459211882498
2024-11-13,BFA,0.004148943245310681
2024-11-14,BFA,0.00540070961036925
2024-11-15,BFA,0.004750748853810347
2024-11-16,BFA,0.005250300098519026
2024-11-17,BFA,0.007861623422051364
2024-11-18,BFA,0.005598305705030911
2024-11-19,BFA,0.00901947424092816
2024-11-20,BFA,0.02843792482979936
2024-11-21,BFA,0.13899531532679837
2024-11-22,BFA,0.011090385219227063
2024-11-23,BFA,0.1353218417614446
2024-11-24,BFA,0.1471457561912089
2024-11-25,BFA,0.09485523499666723
2024-11-26,BFA,0.026078902053262805
2024-11-27,BFA,0.02177911053187751
2024-11-28,BFA,0.027227128661251373
2024-11-29,BFA,0.006943257076825452
2024-11-30,BFA,0.10355761390694487
2024-12-01,BFA,0.11083650079007333
2024-12-02,BFA,0.02303339372691526
2024-12-03,BFA,0.020575163096071776
2024-12-04,BFA,0.016574341075645472
2024-12-05,BFA,0.10392093639363571
2024-12-06,BFA,0.009201001792924634
2024-12-07,BFA,0.013861497662307338
2024-12-08,BFA,0.007336520119016717
2024-12-09,BFA,0.0064007815050642295
2024-12-10,BFA,0.09929741728446277
2024-12-11,BFA,0.0071702394848483005
2024-12-12,BFA,0.013320015113597613
2024-12-13,BFA,0.0605472765974312
2024-12-14,BFA,0.005481121237102324
2024-12-15,BFA,0.03418402696151163
2024-12-16,BFA,0.012138609320066843
2024-12-17,BFA,0.02516751385108032
2024-12-18,BFA,0.019399873109398683
2024-12-19,BFA,0.005509669221305252
2024-12-20,BFA,0.005220413950890899
2024-12-21,BFA,0.02799022572638827
2024-12-22,BFA,0.008202223846544992
2024-12-23,BFA,0.03729772950136011
2024-12-24,BFA,0.04969689232846829
2024-12-25,BFA,0.030495454967910313
2024-12-26,BFA,0.013732231725581695
2024-12-27,BFA,0.014153165064121651
2024-12-28,BFA,0.04198299504056129
2024-12-29,BFA,0.1247686647049941
2024-12-30,BFA,0.030506930590635008
2024-12-31,BFA,0.03516866942839022
2025-01-01,BFA,0.007752041064132847
2025-01-02,BFA,0.04771246847459421
2025-01-03,BFA,0.10397514757487299
2025-01-04,BFA,0.06699812008178221
2025-01-05,BFA,0.044449963108519217
2025-01-06,BFA,0.01663737858014926
2025-01-07,BFA,0.1328412984938038
2025-01-08,BFA,0.11683684360674167
2025-01-09,BFA,0.1458595511124443
2025-01-10,BFA,0.02905151796701271
2025-01-11,BFA,0.015078642912768862
2025-01-12,BFA,0.008750732248694446
2025-01-13,BFA,0.01923990806470174
2025-01-14,BFA,0.014702917176548421
2025-01-15,BFA,0.01182871882903147
2025-01-16,BFA,0.012975244767456392
2025-01-17,BFA,0.017705056963319574
2025-01-18,BFA,0.012792839391114835
2025-01-19,BFA,0.012240313894012221
2025-01-20,BFA,0.00984400068997585
2025-01-21,BFA,0.015772577710800477
2025-01-22,BFA,0.06884065466583186
2025-01-23,BFA,0.027694059849504994
2025-01-24,BFA,0.03408665481543848
2025-01-25,BFA,0.006939967551822745
2025-01-26,BFA,0.015380693331183718
2025-01-27,BFA,0.020877027786192562
2025-01-28,BFA,0.11596100341374711
2025-01-29,BFA,0.006086079683399098
2025-01-30,BFA,0.005941544275452319
2025-01-31,BFA,0.004621021156244236
2025-02-01,BFA,0.004382038423408184
2025-02-02,BFA,0.005328083008218977
2025-02-03,BFA,0.006477738968810926
2025-02-04,BFA,0.004965485398441877
2025-02-05,BFA,0.010023875668634849
2025-02-06,BFA,0.0315120105174786
2025-02-07,BFA,0.008331464894330827
2025-02-08,BFA,0.04771488650618166
2025-02-09,BFA,0.018723684150902715
2025-02-10,BFA,0.12708195078365772
2025-02-11,BFA,0.030809067309074283
2025-02-12,BFA,0.05972093648249525
2025-02-13,BFA,0.04569651286913758
2025-02-14,BFA,0.10618134863252439
2025-02-15,BFA,0.05631109704771241
2025-02-16,BFA,0.040807659837402796
2025-02-17,BFA,0.004409837435568995
2025-02-18,BFA,0.005033557579845438
2025-02-19,BFA,0.004281690571321283
2025-02-20,BFA,0.0051642325618841654
2025-02-21,BFA,0.004483936863276607
2025-02-22,BFA,0.004842697056149725
2025-02-23,BFA,0.004796513132184624
2025-02-24,BFA,0.012345187010219414
2025-02-25,BFA,0.010316652967911991
2025-02-26,BFA,0.008826187276555693
2025-02-27,BFA,0.005848195061089266
2025-02-28,BFA,0.014598228755223605
2025-03-01,BFA,0.007319120896518337
2025-03-02,BFA,0.010114016411517915
2025-03-03,BFA,0.007469976442749817
2025-03-04,BFA,0.05567439155045331
2025-03-05,BFA,0.09716353038950341
2025-03-06,BFA,0.11161508123821676
2025-03-07,BFA,0.039544226064218
2025-03-08,BFA,0.12711360295334742
2025-03-09,BFA,0.05790635791557229
2025-03-10,BFA,0.19409744695225406
2025-03-11,BFA,0.10507145951815583
2025-03-12,BFA,0.0683167264040474
2025-03-13,BFA,0.030105655055172712
2025-03-14,BFA,0.1330993118349176
2025-03-15,BFA,0.009767130742226758
2025-03-16,BFA,0.007053826046817749
2025-03-17,BFA,0.0040744006299522515
2025-03-18,BFA,0.005165733451208371
2025-03-19,BFA,0.015694432203319144
2025-03-20,BFA,0.004695949171529959
2025-03-21,BFA,0.004466402938978101
2025-03-22,BFA,0.004394439772344631
2025-03-23,BFA,0.004145028379033257
2025-03-24,BFA,0.009356478892709977
2025-03-25,BFA,0.007329889076857269
2025-03-26,BFA,0.006306416225463952
2025-03-27,BFA,0.005756304072869486
2025-03-28,BFA,0.028330481382158386
2024-07-01,NER,0.18929192172716522
2024-07-02,NER,0.004572051754411783
2024-07-03,NER,0.005039020154410234
2024-07-04,NER,0.0051585963775234766
2024-07-05,NER,0.0112085827539807
2024-07-06,NER,0.004793937633228763
2024-07-07,NER,0.004351808155403055
2024-07-08,NER,0.00480207804707554
2024-07-09,NER,0.0075094173648298885
2024-07-10,NER,0.009839695012890346
2024-07-11,NER,0.010754224830197065
2024-07-12,NER,0.03828357300888717
2024-07-13,NER,0.010636153508488433
2024-07-14,NER,0.007507474505068881
2024-07-15,NER,0.1560349826488891
2024-07-16,NER,0.05659020145976903
2024-07-17,NER,0.10872822701029193
2024-07-18,NER,0.016802098404738085
2024-07-19,NER,0.0189767410930403
2024-07-20,NER,0.02345683331256527
2024-07-21,NER,0.01900484283746944
2024-07-22,NER,0.08992506794212404
2024-07-23,NER,0.06568401752088489
2024-07-24,NER,0.012307884720609587
2024-07-25,NER,0.14448584360171357
2024-07-26,NER,0.04753808241096316
2024-07-27,NER,0.08547744452990398
2024-07-28,NER,0.02745364358606395
2024-07-29,NER,0.006377049468947164
2024-07-30,NER,0.010008875057654836
2024-07-31,NER,0.013316937699636806
2024-08-01,NER,0.00625703253636324
2024-08-02,NER,0.006466695773413795
2024-08-03,NER,0.005254961269071061
2024-08-04,NER,0.0054175432419209775
2024-08-05,NER,0.04913175944685588
2024-08-06,NER,0.01226565345248198
2024-08-07,NER,0.006540236168907709
2024-08-08,NER,0.00872216800416862
2024-08-09,NER,0.04066716116882787
2024-08-10,NER,0.03752444378783978
2024-08-11,NER,0.04273156450436759
2024-08-12,NER,0.12406438532927037
2024-08-13,NER,0.18848530101172833
2024-08-14,NER,0.07828963050136878
2024-08-15,NER,0.16299158807513656
2024-08-16,NER,0.03984055949797097
2024-08-17,NER,0.01826246619392982
2024-08-18,NER,0.015719298928057804
2024-08-19,NER,0.11115042802112324
2024-08-20,NER,0.0040877744075769225
2024-08-21,NER,0.0059920314117819
2024-08-22,NER,0.08975697064414725
2024-08-23,NER,0.06778301587912221
2024-08-24,NER,0.005777442366949066
2024-08-25,NER,0.004553413659173117
2024-08-26,NER,0.185862320482952
2024-08-27,NER,0.10760593210607766
2024-08-28,NER,0.09454817015100107
2024-08-29,NER,0.004877268936406702
2024-08-30,NER,0.007202816678076639
2024-08-31,NER,0.004689647157476087
2024-09-01,NER,0.006091984400367068
2024-09-02,NER,0.0036541026972308614
2024-09-03,NER,0.0077357636891507865
2024-09-04,NER,0.003798607666677471
2024-09-05,NER,0.0037106153390487544
2024-09-06,NER,0.0037052335731521486
2024-09-07,NER,0.003673632266529013
2024-09-08,NER,0.0037450192297276592
2024-09-09,NER,0.08345194214085609
2024-09-10,NER,0.012953805646710146
2024-09-11,NER,0.030523684113811105
2024-09-12,NER,0.012416711333953525
2024-09-13,NER,0.08801403550630632
2024-09-14,NER,0.03461922422305667
2024-09-15,NER,0.09520368797404379
2024-09-16,NER,0.12620009715836683
2024-09-17,NER,0.17547544237672025
2024-09-18,NER,0.19268063073372038
2024-09-19,NER,0.17488753576098426
2024-09-20,NER,0.11607490907548366
2024-09-21,NER,0.2010259651483078
2024-09-22,NER,0.1305684657579186
2024-09-23,NER,0.11808997818037098
2024-09-24,NER,0.15911584878983664
2024-09-25,NER,0.0046094440204306536
2024-09-26,NER,0.004250134552655008
2024-09-27,NER,0.005141165258360956
2024-09-28,NER,0.004182997213086532
2024-09-29,NER,0.0037258609961397697
2024-09-30,NER,0.003744364664793205
2024-10-01,NER,0.004229677020312265
2024-10-02,NER,0.003743122365613221
2024-10-03,NER,0.0037677171295469243
2024-10-04,NER,0.004905507290732651
2024-10-05,NER,0.016933241880829546
2024-10-06,NER,0.01428237343887795
2024-10-07,NER,0.018440295263693406
2024-10-08,NER,0.09435701387798441
2024-10-09,NER,0.0452714034130669
2024-10-10,NER,0.09843478287838917
2024-10-11,NER,0.12055286665657551
2024-10-12,NER,0.11979260836184448
2024-10-13,NER,0.05733629219013136
2024-10-14,NER,0.11665723427892544
2024-10-15,NER,0.16876793932430423
2024-10-16,NER,0.11971379517700645
2024-10-17,NER,0.09469881965332559
2024-10-18,NER,0.07433246933985427
2024-10-19,NER,0.1488491396666713
2024-10-20,NER,0.07928927453922188
2024-10-21,NER,0.09410823138748942
2024-10-22,NER,0.06421841830849082
2024-10-23,NER,0.03588831696074807
2024-10-24,NER,0.041517168113023056
2024-10-25,NER,0.045989072762234524
2024-10-26,NER,0.048992637904629564
2024-10-27,NER,0.018626389886336712
2024-10-28,NER,0.027042095011440646
2024-10-29,NER,0.012123802433039555
2024-10-30,NER,0.0284832176043805
2024-10-31,NER,0.09918631894662278
2024-11-01,NER,0.02364454845710874
2024-11-02,NER,0.0842292022884884
2024-11-03,NER,0.16450789858582904
2024-11-04,NER,0.1656750040546546
2024-11-05,NER,0.17377912368522794
2024-11-06,NER,0.07780795036976701
2024-11-07,NER,0.03843480281572978
2024-11-08,NER,0.03632883508659832
2024-11-09,NER,0.12010501559722524
2024-11-10,NER,0.03799438277953021
2024-11-11,NER,0.10037336054747655
2024-11-12,NER,0.039621666288023605
2024-11-13,NER,0.1401311833333752
2024-11-14,NER,0.05866083137987866
2024-11-15,NER,0.1450887734131693
2024-11-16,NER,0.054969973009557534
2024-11-17,NER,0.08272174691315681
2024-11-18,NER,0.1887863666828432
2024-11-19,NER,0.18761347791033964
2024-11-20,NER,0.1495591909842029
2024-11-21,NER,0.03266682090715384
2024-11-22,NER,0.15806527821776575
2024-11-23,NER,0.029425131755937237
2024-11-24,NER,0.016391854558914135
2024-11-25,NER,0.07785731967830507
2024-11-26,NER,0.008185433590099064
2024-11-27,NER,0.010778281027801147
2024-11-28,NER,0.018203601814429628
2024-11-29,NER,0.009267538088890014
2024-11-30,NER,0.00847676227632068
2024-12-01,NER,0.008684842757689751
2024-12-02,NER,0.037040745801759166
2024-12-03,NER,0.04020822435752435
2024-12-04,NER,0.017546705742169797
2024-12-05,NER,0.19557673339748563
2024-12-06,NER,0.18771529473834841
2024-12-07,NER,0.14102741052319284
2024-12-08,NER,0.18530336403829373
2024-12-09,NER,0.1814301604346914
2024-12-10,NER,0.20262215547206208
2024-12-11,NER,0.14556966606747174
2024-12-12,NER,0.03446387773809625
2024-12-13,NER,0.11983732825764291
2024-12-14,NER,0.014487992778216703
2024-12-15,NER,0.009451548975974364
2024-12-16,NER,0.007236462982182863
2024-12-17,NER,0.003918215966059774
2024-12-18,NER,0.0036422313278092005
2024-12-19,NER,0.003665862339564846
2024-12-20,NER,0.004294027610524909
2024-12-21,NER,0.004461645104300526
2024-12-22,NER,0.004295218226434745
2024-12-23,NER,0.0044304247839993365
2024-12-24,NER,0.0075995887814096835
2024-12-25,NER,0.009007751654409379
2024-12-26,NER,0.006733006735660887
2024-12-27,NER,0.012145422173557305
2024-12-28,NER,0.014023776718918303
2024-12-29,NER,0.012981574180612713
2024-12-30,NER,0.006595247444552961
2024-12-31,NER,0.008700965191136716
2025-01-01,NER,0.00617577842899551
2025-01-02,NER,0.015912284862816605
2025-01-03,NER,0.059825643666121614
2025-01-04,NER,0.06325988072740037
2025-01-05,NER,0.03806711679417516
2025-01-06,NER,0.08584120124619163
2025-01-07,NER,0.10654438425933799
2025-01-08,NER,0.08968927209276067
2025-01-09,NER,0.07565860510236855
2025-01-10,NER,0.11619842195464095
2025-01-11,NER,0.18246808028692432
2025-01-12,NER,0.12409950543365494
2025-01-13,NER,0.13690566798736747
2025-01-14,NER,0.04040221825914261
2025-01-15,NER,0.027274785694524073
2025-01-16,NER,0.06298146483132107
2025-01-17,NER,0.09649752528273967
2025-01-18,NER,0.1782577712826662
2025-01-19,NER,0.03190353441805967
2025-01-20,NER,0.1800931079207934
2025-01-21,NER,0.12577051506067116
2025-01-22,NER,0.04626395215405311
2025-01-23,NER,0.12061361442614338
2025-01-24,NER,0.12510528112190353
2025-01-25,NER,0.11412325157388428
2025-01-26,NER,0.12358281867506159
2025-01-27,NER,0.12287174244585276
2025-01-28,NER,0.06063718641732565
2025-01-29,NER,0.09729447511894775
2025-01-30,NER,0.05576287488700949
2025-01-31,NER,0.028132977463025326
2025-02-01,NER,0.15123372128673307
2025-02-02,NER,0.060883515561657296
2025-02-03,NER,0.18413838300765725
2025-02-04,NER,0.19201618321440403
2025-02-05,NER,0.09746352370707065
2025-02-06,NER,0.061182072089201546
2025-02-07,NER,0.15067000617110143
2025-02-08,NER,0.06135048615802137
2025-02-09,NER,0.04625849819188112
2025-02-10,NER,0.018399472445088383
2025-02-11,NER,0.03163494665309576
2025-02-12,NER,0.030841638473996243
2025-02-13,NER,0.006913278222903128
2025-02-14,NER,0.038909058016331606
2025-02-15,NER,0.008362738382240916
2025-02-16,NER,0.007767925519519766
2025-02-17,NER,0.10464278012255963
2025-02-18,NER,0.06834986308051728
2025-02-19,NER,0.1251524231073787
2025-02-20,NER,0.06743524773138071
2025-02-21,NER,0.06199130704613495
2025-02-22,NER,0.18830934734588053
2025-02-23,NER,0.12126514508266814
2025-02-24,NER,0.18381109729897188
2025-02-25,NER,0.14748027230778502
2025-02-26,NER,0.036570081573125336
2025-02-27,NER,0.057331231204527995
2025-02-28,NER,0.18062447908129492
2025-03-01,NER,0.013685138003940004
2025-03-02,NER,0.032629591127326864
2025-03-03,NER,0.009105166114793235
2025-03-04,NER,0.00503610296158345
2025-03-05,NER,0.004615752012775538
2025-03-06,NER,0.00732657585294069
2025-03-07,NER,0.004380340816842124
2025-03-08,NER,0.00500981745513649
2025-03-09,NER,0.00499781868660371
2025-03-10,NER,0.01379896510887116
2025-03-11,NER,0.07400997541903914
2025-03-12,NER,0.0114955727162348
2025-03-13,NER,0.06668947043154323
2025-03-14,NER,0.037530372193468615
2025-03-15,NER,0.19972515570425375
2025-03-16,NER,0.180006158642922
2025-03-17,NER,0.18739156369206583
2025-03-18,NER,0.1690358283199068
2025-03-19,NER,0.17932694784569256
2025-03-20,NER,0.07188549232751572
2025-03-21,NER,0.2024210391549185
2025-03-22,NER,0.013041393102384193
2025-03-23,NER,0.00648517116978854
2025-03-24,NER,0.031333871300035836
2025-03-25,NER,0.009978503160159207
2025-03-26,NER,0.010088638905702564
2025-03-27,NER,0.01717712055519965
2025-03-28,NER,0.005287310798236841
2024-07-01,NGA,0.0216262819332869
2024-07-02,NGA,0.011529952220990677
2024-07-03,NGA,0.012254068936110073
2024-07-04,NGA,0.010978273958989128
2024-07-05,NGA,0.023472123486058545
2024-07-06,NGA,0.06165910964227625
2024-07-07,NGA,0.10796260996525249
2024-07-08,NGA,0.01900114530003484
2024-07-09,NGA,0.019489559904882384
2024-07-10,NGA,0.014372316633547256
2024-07-11,NGA,0.016594692395715028
2024-07-12,NGA,0.00940194880810529
2024-07-13,NGA,0.029169607937118508
2024-07-14,NGA,0.02363001468913562
2024-07-15,NGA,0.020214697048812767
2024-07-16,NGA,0.017158275620899333
2024-07-17,NGA,0.008661378117691942
2024-07-18,NGA,0.012889205006183613
2024-07-19,NGA,0.11352426290498938
2024-07-20,NGA,0.05954558682182044
2024-07-21,NGA,0.06962893543011252
2024-07-22,NGA,0.02718891305390166
2024-07-23,NGA,0.03712786282051632
2024-07-24,NGA,0.18146317727022948
2024-07-25,NGA,0.1628829310041507
2024-07-26,NGA,0.13595097377792972
2024-07-27,NGA,0.012731954452585998
2024-07-28,NGA,0.012876701895035649
2024-07-29,NGA,0.012006987660725294
2024-07-30,NGA,0.06343880705060796
2024-07-31,NGA,0.004457402908879349
2024-08-01,NGA,0.04870231385910619
2024-08-02,NGA,0.0052395241067837136
2024-08-03,NGA,0.004378596681735226
2024-08-04,NGA,0.004420177649810676
2024-08-05,NGA,0.004971066707756695
2024-08-06,NGA,0.003999054087955173
2024-08-07,NGA,0.009896574688688896
2024-08-08,NGA,0.006975753665078217
2024-08-09,NGA,0.00395288822141382
2024-08-10,NGA,0.004101652304864194
2024-08-11,NGA,0.01571291023931417
2024-08-12,NGA,0.004545953798025187
2024-08-13,NGA,0.0062240981627248535
2024-08-14,NGA,0.004946605486200145
2024-08-15,NGA,0.008966960160802213
2024-08-16,NGA,0.06902925904725972
2024-08-17,NGA,0.005906615363484509
2024-08-18,NGA,0.008234685663508462
2024-08-19,NGA,0.006934225854175625
2024-08-20,NGA,0.01243439419474525
2024-08-21,NGA,0.04630884693120114
2024-08-22,NGA,0.014617738097194013
2024-08-23,NGA,0.005443705012889378
2024-08-24,NGA,0.12050890677415037
2024-08-25,NGA,0.043758409648961924
2024-08-26,NGA,0.03129189311050456
2024-08-27,NGA,0.06339019138621697
2024-08-28,NGA,0.008849334433690554
2024-08-29,NGA,0.00822265636786047
2024-08-30,NGA,0.012358339659792843
2024-08-31,NGA,0.004439382941392577
2024-09-01,NGA,0.00449545401918303
2024-09-02,NGA,0.0050431789152796
2024-09-03,NGA,0.004569429467117413
2024-09-04,NGA,0.004202825579443724
2024-09-05,NGA,0.0060150913065375655
2024-09-06,NGA,0.004941723740986108
2024-09-07,NGA,0.010607429780343007
2024-09-08,NGA,0.006925647314545849
2024-09-09,NGA,0.007978005233403779
2024-09-10,NGA,0.007989633689811131
2024-09-11,NGA,0.03933286624809095
2024-09-12,NGA,0.09767443332764782
2024-09-13,NGA,0.03955517556622694
2024-09-14,NGA,0.013114897760517046
2024-09-15,NGA,0.05642009434563126
2024-09-16,NGA,0.06104745953829844
2024-09-17,NGA,0.11470543518551485
2024-09-18,NGA,0.025636369420583425
2024-09-19,NGA,0.010701919542750488
2024-09-20,NGA,0.010995943859290843
2024-09-21,NGA,0.02259348657897848
2024-09-22,NGA,0.008201430890177787
2024-09-23,NGA,0.009863435931310487
2024-09-24,NGA,0.007144480979968094
2024-09-25,NGA,0.007482317028968275
2024-09-26,NGA,0.02331986507081409
2024-09-27,NGA,0.022645747078147604
2024-09-28,NGA,0.01474050545491266
2024-09-29,NGA,0.025571666718587575
2024-09-30,NGA,0.05449558870529866
2024-10-01,NGA,0.01728998247130055
2024-10-02,NGA,0.013725159141308946
2024-10-03,NGA,0.012513278550210177
2024-10-04,NGA,0.010990251543805231
2024-10-05,NGA,0.01268028058871537
2024-10-06,NGA,0.010758577638124853
2024-10-07,NGA,0.011897156037210057
2024-10-08,NGA,0.008276806381724722
2024-10-09,NGA,0.011145425204744706
2024-10-10,NGA,0.012849750816499606
2024-10-11,NGA,0.00960707918829389
2024-10-12,NGA,0.013911267013056136
2024-10-13,NGA,0.009682690639505016
2024-10-14,NGA,0.010804809195081583
2024-10-15,NGA,0.015145848129982245
2024-10-16,NGA,0.010001890341251785
2024-10-17,NGA,0.01736740041494698
2024-10-18,NGA,0.008393011233919423
2024-10-19,NGA,0.03931012877279188
2024-10-20,NGA,0.011800265081541752
2024-10-21,NGA,0.008161506933454786
2024-10-22,NGA,0.014855488604453734
2024-10-23,NGA,0.058557638850663486
2024-10-24,NGA,0.011771978063907668
2024-10-25,NGA,0.020462453795439546
2024-10-26,NGA,0.012201209748965467
2024-10-27,NGA,0.017447192210550553
2024-10-28,NGA,0.014130824829954376
2024-10-29,NGA,0.010760104528885943
2024-10-30,NGA,0.009287246381172029
2024-10-31,NGA,0.022630483245249758
2024-11-01,NGA,0.010893707046365808
2024-11-02,NGA,0.01576216275893174
2024-11-03,NGA,0.0818164022263635
2024-11-04,NGA,0.0850494696569232
2024-11-05,NGA,0.09582584392706485
2024-11-06,NGA,0.14170110847394563
2024-11-07,NGA,0.11038754407226915
2024-11-08,NGA,0.1042250749208522
2024-11-09,NGA,0.018425984810038962
2024-11-10,NGA,0.020534373769332284
2024-11-11,NGA,0.011952693931964286
2024-11-12,NGA,0.007875938925701357
2024-11-13,NGA,0.004478463494479272
2024-11-14,NGA,0.004328664887197813
2024-11-15,NGA,0.004528793111269379
2024-11-16,NGA,0.004346283833376219
2024-11-17,NGA,0.004465440970113265
2024-11-18,NGA,0.00927661185652423
2024-11-19,NGA,0.005884463288854147
2024-11-20,NGA,0.008949331022631174
2024-11-21,NGA,0.010587175531775708
2024-11-22,NGA,0.007789184773292949
2024-11-23,NGA,0.006879855511711195
2024-11-24,NGA,0.017394343461933828
2024-11-25,NGA,0.004451889655101419
2024-11-26,NGA,0.009531628355051247
2024-11-27,NGA,0.004381992166653828
2024-11-28,NGA,0.004496974263142554
2024-11-29,NGA,0.005005250226558784
2024-11-30,NGA,0.005351362417322421
2024-12-01,NGA,0.006073877133348571
2024-12-02,NGA,0.010611265822856191
2024-12-03,NGA,0.01670591710298096
2024-12-04,NGA,0.010880904043765438
2024-12-05,NGA,0.015090781768194415
2024-12-06,NGA,0.05903592609528294
2024-12-07,NGA,0.0473834266603012
2024-12-08,NGA,0.06213617135630509
2024-12-09,NGA,0.04292098253517648
2024-12-10,NGA,0.051745810190886796
2024-12-11,NGA,0.011293799684339143
2024-12-12,NGA,0.027092195203625276
2024-12-13,NGA,0.013458777120790855
2024-12-14,NGA,0.007498262585513773
2024-12-15,NGA,0.06009660659291402
2024-12-16,NGA,0.0493890080342735
2024-12-17,NGA,0.014705118573674512
2024-12-18,NGA,0.022163787551833954
2024-12-19,NGA,0.1382110496188781
2024-12-20,NGA,0.0570262866808509
2024-12-21,NGA,0.015152542767641962
2024-12-22,NGA,0.010823913369894647
2024-12-23,NGA,0.05857416938854237
2024-12-24,NGA,0.09009572670856245
2024-12-25,NGA,0.06926251431860303
2024-12-26,NGA,0.02388697085523177
2024-12-27,NGA,0.011031191351478894
2024-12-28,NGA,0.008296523874206803
2024-12-29,NGA,0.047874671235191554
2024-12-30,NGA,0.09456138593230398
2024-12-31,NGA,0.004184078955474023
2025-01-01,NGA,0.012942406868921301
2025-01-02,NGA,0.013814615180017947
2025-01-03,NGA,0.011141363159421186
2025-01-04,NGA,0.01129864858965773
2025-01-05,NGA,0.005236767775734238
2025-01-06,NGA,0.004766051055769547
2025-01-07,NGA,0.0680671216706126
2025-01-08,NGA,0.14847582721087654
2025-01-09,NGA,0.11001019706271645
2025-01-10,NGA,0.0706433873724902
2025-01-11,NGA,0.008604134145356764
2025-01-12,NGA,0.048962408152071764
2025-01-13,NGA,0.0556977072819687
2025-01-14,NGA,0.0063043560301129925
2025-01-15,NGA,0.012731001888215828
2025-01-16,NGA,0.01650268368123428
2025-01-17,NGA,0.004859885593621476
2025-01-18,NGA,0.0167011950980054
2025-01-19,NGA,0.0054245972009050285
2025-01-20,NGA,0.005181083021931112
2025-01-21,NGA,0.05495806726879556
2025-01-22,NGA,0.052894859768399326
2025-01-23,NGA,0.05822769893034549
2025-01-24,NGA,0.005816376402594004
2025-01-25,NGA,0.0055296528906581145
2025-01-26,NGA,0.012810918431664332
2025-01-27,NGA,0.010096414043511704
2025-01-28,NGA,0.04674494620244131
2025-01-29,NGA,0.011566819505107946
2025-01-30,NGA,0.0054633314284610246
2025-01-31,NGA,0.006189089479260502
2025-02-01,NGA,0.006086418093328338
2025-02-02,NGA,0.010740119242886708
2025-02-03,NGA,0.004820015982055078
2025-02-04,NGA,0.006726392280779081
2025-02-05,NGA,0.005472542480696247
2025-02-06,NGA,0.022866301518502094
2025-02-07,NGA,0.16165350832160136
2025-02-08,NGA,0.021195280223912608
2025-02-09,NGA,0.025539862954346525
2025-02-10,NGA,0.05738457489526259
2025-02-11,NGA,0.016006714383050364
2025-02-12,NGA,0.03662217936255247
2025-02-13,NGA,0.010168333844715048
2025-02-14,NGA,0.0090000275116381
2025-02-15,NGA,0.019543408326792612
2025-02-16,NGA,0.006140919459619906
2025-02-17,NGA,0.006469418762121355
2025-02-18,NGA,0.006753986034852793
2025-02-19,NGA,0.006237188565439793
2025-02-20,NGA,0.007239570971627584
2025-02-21,NGA,0.013908865952125328
2025-02-22,NGA,0.01610623031365658
2025-02-23,NGA,0.033501995703852885
2025-02-24,NGA,0.008918285260109118
2025-02-25,NGA,0.009866828845112467
2025-02-26,NGA,0.029766259521629063
2025-02-27,NGA,0.007287724656034437
2025-02-28,NGA,0.008977367597492895
2025-03-01,NGA,0.021291789822864848
2025-03-02,NGA,0.010455628752578019
2025-03-03,NGA,0.01870283950671384
2025-03-04,NGA,0.009808753300550576
2025-03-05,NGA,0.010657992287986556
2025-03-06,NGA,0.011879204716319538
2025-03-07,NGA,0.008877391743807177
2025-03-08,NGA,0.03789992585750416
2025-03-09,NGA,0.01374280267870074
2025-03-10,NGA,0.1204545101987591
2025-03-11,NGA,0.06070208758995212
2025-03-12,NGA,0.010865575819510075
2025-03-13,NGA,0.013404805499464604
2025-03-14,NGA,0.010406039932563572
2025-03-15,NGA,0.00947493607988124
2025-03-16,NGA,0.08710893330645554
2025-03-17,NGA,0.08503894802960774
2025-03-18,NGA,0.01063673466155538
2025-03-19,NGA,0.006786149241275213
2025-03-20,NGA,0.007573294703407323
2025-03-21,NGA,0.01359778477867663
2025-03-22,NGA,0.06633172313885567
2025-03-23,NGA,0.010092540555503135
2025-03-24,NGA,0.008826054079238659
2025-03-25,NGA,0.007197723778262154
2025-03-26,NGA,0.005568967293763934
2025-03-27,NGA,0.007332192919511374
2025-03-28,NGA,0.00480226381529482
2024-07-01,CMR,0.10819233239801375
2024-07-02,CMR,0.10255648536313149
2024-07-03,CMR,0.0430166718269431
2024-07-04,CMR,0.05852017815612686
2024-07-05,CMR,0.005898605431494179
2024-07-06,CMR,0.09394344990504296
2024-07-07,CMR,0.004296094921573323
2024-07-08,CMR,0.0038216970092241342
2024-07-09,CMR,0.003808025071596253
2024-07-10,CMR,0.00385593718146768
2024-07-11,CMR,0.003978321005796086
2024-07-12,CMR,0.0038945266937394874
2024-07-13,CMR,0.004003428978235197
2024-07-14,CMR,0.008071162022963988
2024-07-15,CMR,0.03750865788701332
2024-07-16,CMR,0.007287095140384628
2024-07-17,CMR,0.019786528698088262
2024-07-18,CMR,0.014206395774887259
2024-07-19,CMR,0.12711846188288578
2024-07-20,CMR,0.12835749231841476
2024-07-21,CMR,0.1844567675746996
2024-07-22,CMR,0.10924803948517005
2024-07-23,CMR,0.030258391762545023
2024-07-24,CMR,0.16453972495195968
2024-07-25,CMR,0.13261298275861969
2024-07-26,CMR,0.05100577778654125
2024-07-27,CMR,0.13674721569905388
2024-07-28,CMR,0.019643664423601295
2024-07-29,CMR,0.03989226189075474
2024-07-30,CMR,0.047418966681546125
2024-07-31,CMR,0.008853160295282558
2024-08-01,CMR,0.007923026680367507
2024-08-02,CMR,0.007132458042415989
2024-08-03,CMR,0.07087361673671101
2024-08-04,CMR,0.011636474351673396
2024-08-05,CMR,0.010798709448348645
2024-08-06,CMR,0.02167718660107688
2024-08-07,CMR,0.005941394617430497
2024-08-08,CMR,0.009698924019226075
2024-08-09,CMR,0.012525664352747568
2024-08-10,CMR,0.04449519848980893
2024-08-11,CMR,0.027658650992370866
2024-08-12,CMR,0.047913076062771655
2024-08-13,CMR,0.0662576319169795
2024-08-14,CMR,0.08677834732930942
2024-08-15,CMR,0.019609344234122732
2024-08-16,CMR,0.024908314911302902
2024-08-17,CMR,0.005950680145370078
2024-08-18,CMR,0.009224674601321614
2024-08-19,CMR,0.005357686627601128
2024-08-20,CMR,0.00780627042914577
2024-08-21,CMR,0.005726267765905403
2024-08-22,CMR,0.03443043695644524
2024-08-23,CMR,0.03946689639532932
2024-08-24,CMR,0.01458025377954652
2024-08-25,CMR,0.053780426555558376
2024-08-26,CMR,0.020216629845618946
2024-08-27,CMR,0.03358737412704625
2024-08-28,CMR,0.1831206555958732
2024-08-29,CMR,0.03394087388152547
2024-08-30,CMR,0.019443012276346615
2024-08-31,CMR,0.12178222077132514
2024-09-01,CMR,0.0522067426280429
2024-09-02,CMR,0.11082073807201605
2024-09-03,CMR,0.007493767583062105
2024-09-04,CMR,0.1109181048017476
2024-09-05,CMR,0.006286009825350154
2024-09-06,CMR,0.01332171428221686
2024-09-07,CMR,0.012742392139647271
2024-09-08,CMR,0.006932835373331357
2024-09-09,CMR,0.007268603767828788
2024-09-10,CMR,0.0061742206518374445
2024-09-11,CMR,0.006898843628151807
2024-09-12,CMR,0.006616440408969175
2024-09-13,CMR,0.006257316593731176
2024-09-14,CMR,0.01704949038628883
2024-09-15,CMR,0.01933501166981689
2024-09-16,CMR,0.10818629304951924
2024-09-17,CMR,0.044532342022385187
2024-09-18,CMR,0.04772044814736791
2024-09-19,CMR,0.1493243506460377
2024-09-20,CMR,0.04266929673254653
2024-09-21,CMR,0.08278924395501903
2024-09-22,CMR,0.06373140546170246
2024-09-23,CMR,0.09317433386802895
2024-09-24,CMR,0.12859122129751094
2024-09-25,CMR,0.10294658800814475
2024-09-26,CMR,0.046870835652867524
2024-09-27,CMR,0.0384482474349982
2024-09-28,CMR,0.04030310435918288
2024-09-29,CMR,0.09070802677743675
2024-09-30,CMR,0.04077719070718857
2024-10-01,CMR,0.12971321008549508
2024-10-02,CMR,0.01955973674615638
2024-10-03,CMR,0.041153074557946395
2024-10-04,CMR,0.03450084094505152
2024-10-05,CMR,0.03234646768474272
2024-10-06,CMR,0.02681890745916366
2024-10-07,CMR,0.011003592420412852
2024-10-08,CMR,0.04890378096303685
2024-10-09,CMR,0.01840911348001158
2024-10-10,CMR,0.009299286265402504
2024-10-11,CMR,0.045096626875262516
2024-10-12,CMR,0.1207919585258004
2024-10-13,CMR,0.012560243901759116
2024-10-14,CMR,0.006144397658950724
2024-10-15,CMR,0.012776868162873795
2024-10-16,CMR,0.013857709400613035
2024-10-17,CMR,0.006056483971014785
2024-10-18,CMR,0.007905808955866142
2024-10-19,CMR,0.021625551954832532
2024-10-20,CMR,0.005449201594973881
2024-10-21,CMR,0.0065325373495177036
2024-10-22,CMR,0.008667933272694339
2024-10-23,CMR,0.013183795917674549
2024-10-24,CMR,0.08163571548824324
2024-10-25,CMR,0.02500727450702118
2024-10-26,CMR,0.021813418062213277
2024-10-27,CMR,0.023882693207859768
2024-10-28,CMR,0.08368055402817799
2024-10-29,CMR,0.01695852539193791
2024-10-30,CMR,0.11341188848891787
2024-10-31,CMR,0.014053219811204354
2024-11-01,CMR,0.009096468777825484
2024-11-02,CMR,0.08595739733732968
2024-11-03,CMR,0.008424721221370822
2024-11-04,CMR,0.01866579293232183
2024-11-05,CMR,0.019226339555280844
2024-11-06,CMR,0.06583878287029514
2024-11-07,CMR,0.1264511449250421
2024-11-08,CMR,0.15492515175348381
2024-11-09,CMR,0.10655934047568069
2024-11-10,CMR,0.16508338585236393
2024-11-11,CMR,0.040760901413745575
2024-11-12,CMR,0.1755932521955306
2024-11-13,CMR,0.07627110713966676
2024-11-14,CMR,0.0914252360583859
2024-11-15,CMR,0.011444595812988336
2024-11-16,CMR,0.006372173263480026
2024-11-17,CMR,0.006345705180638873
2024-11-18,CMR,0.012694772627700775
2024-11-19,CMR,0.01115618370117498
2024-11-20,CMR,0.005247339036984163
2024-11-21,CMR,0.005332110593794008
2024-11-22,CMR,0.014322101357482433
2024-11-23,CMR,0.012005725686889946
2024-11-24,CMR,0.017683150411009388
2024-11-25,CMR,0.006153990192472955
2024-11-26,CMR,0.005884543733168826
2024-11-27,CMR,0.07964610485210977
2024-11-28,CMR,0.09785464818545003
2024-11-29,CMR,0.01428419463663882
2024-11-30,CMR,0.008440901649976032
2024-12-01,CMR,0.015742383379436547
2024-12-02,CMR,0.04408791621858381
2024-12-03,CMR,0.09503356055444065
2024-12-04,CMR,0.028069345770023728
2024-12-05,CMR,0.04762523388574194
2024-12-06,CMR,0.02017900141150358
2024-12-07,CMR,0.025626628565699403
2024-12-08,CMR,0.02367319352020509
2024-12-09,CMR,0.01057954394862179
2024-12-10,CMR,0.013732157294256376
2024-12-11,CMR,0.02869078410907237
2024-12-12,CMR,0.12718996900415783
2024-12-13,CMR,0.020853568255906726
2024-12-14,CMR,0.01748667230742578
2024-12-15,CMR,0.021802429501253724
2024-12-16,CMR,0.014594216100669865
2024-12-17,CMR,0.04213899283095505
2024-12-18,CMR,0.1690728172141343
2024-12-19,CMR,0.017886875360015576
2024-12-20,CMR,0.04021010213989895
2024-12-21,CMR,0.08922218905456798
2024-12-22,CMR,0.06076954142950364
2024-12-23,CMR,0.05157552702062055
2024-12-24,CMR,0.03464551908876923
2024-12-25,CMR,0.006928167890373292
2024-12-26,CMR,0.006078871085111985
2024-12-27,CMR,0.006345063417857008
2024-12-28,CMR,0.006627001383231151
2024-12-29,CMR,0.009391428719723248
2024-12-30,CMR,0.005883931027985095
2024-12-31,CMR,0.006980508252672505
2025-01-01,CMR,0.1679657740856937
2025-01-02,CMR,0.1457558715771907
2025-01-03,CMR,0.18879172787802181
2025-01-04,CMR,0.13820331735004884
2025-01-05,CMR,0.08550839329546206
2025-01-06,CMR,0.07531436728537699
2025-01-07,CMR,0.11657421969123735
2025-01-08,CMR,0.09537340108707458
2025-01-09,CMR,0.014798882376337695
2025-01-10,CMR,0.03339544903140336
2025-01-11,CMR,0.014918831103935793
2025-01-12,CMR,0.04712529754923595
2025-01-13,CMR,0.044442514516707526
2025-01-14,CMR,0.026688937010419182
2025-01-15,CMR,0.008452439996385981
2025-01-16,CMR,0.02470564950635174
2025-01-17,CMR,0.047675110800032124
2025-01-18,CMR,0.020966387258262328
2025-01-19,CMR,0.009558005030514577
2025-01-20,CMR,0.006117200483917489
2025-01-21,CMR,0.0064721493299728355
2025-01-22,CMR,0.008232827054421209
2025-01-23,CMR,0.02151904074032276
2025-01-24,CMR,0.006604999865324416
2025-01-25,CMR,0.019464319714501126
2025-01-26,CMR,0.005869301151529507
2025-01-27,CMR,0.006148851548679415
2025-01-28,CMR,0.012949652941532018
2025-01-29,CMR,0.08227340928387081
2025-01-30,CMR,0.04391908050800516
2025-01-31,CMR,0.02981385372132968
2025-02-01,CMR,0.07055881300065041
2025-02-02,CMR,0.1018063661663068
2025-02-03,CMR,0.0913093376199179
2025-02-04,CMR,0.025595519992787828
2025-02-05,CMR,0.022279232488359682
2025-02-06,CMR,0.01976099474042529
2025-02-07,CMR,0.1661455682154469
2025-02-08,CMR,0.03165808699164518
2025-02-09,CMR,0.10370135684920048
2025-02-10,CMR,0.044152584353001505
2025-02-11,CMR,0.12106126525669536
2025-02-12,CMR,0.018272708449250583
2025-02-13,CMR,0.01887484804600365
2025-02-14,CMR,0.00843043258525135
2025-02-15,CMR,0.008731318766322643
2025-02-16,CMR,0.006542547626295106
2025-02-17,CMR,0.01014123519802772
2025-02-18,CMR,0.008861560433254192
2025-02-19,CMR,0.08792518101585042
2025-02-20,CMR,0.007839315888668411
2025-02-21,CMR,0.03220817911171314
2025-02-22,CMR,0.046243676045832134
2025-02-23,CMR,0.13124976949282616
2025-02-24,CMR,0.05987873388764459
2025-02-25,CMR,0.06971202992893916
2025-02-26,CMR,0.009244815539677431
2025-02-27,CMR,0.009453363411270036
2025-02-28,CMR,0.013441331335447004
2025-03-01,CMR,0.03940541578634308
2025-03-02,CMR,0.04997945316090136
2025-03-03,CMR,0.027941980918421466
2025-03-04,CMR,0.04224883979146218
2025-03-05,CMR,0.11024948029310883
2025-03-06,CMR,0.02166011038442372
2025-03-07,CMR,0.012747599143276401
2025-03-08,CMR,0.056204841136347654
2025-03-09,CMR,0.020648646326945717
2025-03-10,CMR,0.1491602566415388
2025-03-11,CMR,0.016395445689430462
2025-03-12,CMR,0.026807924289030952
2025-03-13,CMR,0.01600601833850067
2025-03-14,CMR,0.01571081772459049
2025-03-15,CMR,0.06313035811361487
2025-03-16,CMR,0.036159623000489756
2025-03-17,CMR,0.0219532918672061
2025-03-18,CMR,0.016977742062550802
2025-03-19,CMR,0.014723051272522584
2025-03-20,CMR,0.019531981010102874
2025-03-21,CMR,0.01851732401658783
2025-03-22,CMR,0.008877745879075674
2025-03-23,CMR,0.012672004850400168
2025-03-24,CMR,0.008004846915553223
2025-03-25,CMR,0.013660011251273429
2025-03-26,CMR,0.05642059899139368
2025-03-27,CMR,0.007471696066130794
2025-03-28,CMR,0.013198213403204087
2024-07-01,TCD,0.08252378542189531
2024-07-02,TCD,0.1983540369639731
2024-07-03,TCD,0.18135054011753998
2024-07-04,TCD,0.06611589833506432
2024-07-05,TCD,0.08317627614488085
2024-07-06,TCD,0.08442607060750437
2024-07-07,TCD,0.004373319136364191
2024-07-08,TCD,0.02019618499432608
2024-07-09,TCD,0.0037175876093582133
2024-07-10,TCD,0.0038563035739445743
2024-07-11,TCD,0.0036708100245428235
2024-07-12,TCD,0.0036022212068189665
2024-07-13,TCD,0.003567780994446766
2024-07-14,TCD,0.003600621837781754
2024-07-15,TCD,0.006256172445949554
2024-07-16,TCD,0.09251309198552908
2024-07-17,TCD,0.01599919979717615
2024-07-18,TCD,0.012474405703398474
2024-07-19,TCD,0.013572790310757294
2024-07-20,TCD,0.024055729032795854
2024-07-21,TCD,0.03772259783020599
2024-07-22,TCD,0.015514656173861986
2024-07-23,TCD,0.022335307519533956
2024-07-24,TCD,0.10913643121424134
2024-07-25,TCD,0.10007058372073796
2024-07-26,TCD,0.09558072892897798
2024-07-27,TCD,0.18160928420841463
2024-07-28,TCD,0.09278353793573678
2024-07-29,TCD,0.15519750761126175
2024-07-30,TCD,0.10409186637275301
2024-07-31,TCD,0.10185346328231916
2024-08-01,TCD,0.0972277242209791
2024-08-02,TCD,0.0931937034905315
2024-08-03,TCD,0.09004024966649464
2024-08-04,TCD,0.13231331130043544
2024-08-05,TCD,0.16739330272075006
2024-08-06,TCD,0.17175305728278573
2024-08-07,TCD,0.09026998252864252
2024-08-08,TCD,0.09926609871536071
2024-08-09,TCD,0.109795814896376
2024-08-10,TCD,0.19366973736873186
2024-08-11,TCD,0.18681413299820268
2024-08-12,TCD,0.005456118940975657
2024-08-13,TCD,0.004962241036805287
2024-08-14,TCD,0.005046615883210401
2024-08-15,TCD,0.006537344116164173
2024-08-16,TCD,0.005467491363859681
2024-08-17,TCD,0.04799493814994971
2024-08-18,TCD,0.00504950158141122
2024-08-19,TCD,0.09250739698642489
2024-08-20,TCD,0.09060543998278288
2024-08-21,TCD,0.06342615605578604
2024-08-22,TCD,0.07235721625311586
2024-08-23,TCD,0.0637837701013944
2024-08-24,TCD,0.09262019511371489
2024-08-25,TCD,0.08724872696297374
2024-08-26,TCD,0.09998168572218498
2024-08-27,TCD,0.09630378682882455
2024-08-28,TCD,0.11952110893364734
2024-08-29,TCD,0.18666120945709147
2024-08-30,TCD,0.11469710846835235
2024-08-31,TCD,0.14470721671070993
2024-09-01,TCD,0.11968259256679908
2024-09-02,TCD,0.14986506272112216
2024-09-03,TCD,0.1909214895602985
2024-09-04,TCD,0.06889208066900054
2024-09-05,TCD,0.0815179364131971
2024-09-06,TCD,0.08055836280309399
2024-09-07,TCD,0.16959872715324717
2024-09-08,TCD,0.11434409703832277
2024-09-09,TCD,0.1399519178989382
2024-09-10,TCD,0.08624561895478698
2024-09-11,TCD,0.05361704651477381
2024-09-12,TCD,0.055208767043281246
2024-09-13,TCD,0.053956406811837714
2024-09-14,TCD,0.14168620349852337
2024-09-15,TCD,0.1234809182555091
2024-09-16,TCD,0.016614755541109468
2024-09-17,TCD,0.011072494759947598
2024-09-18,TCD,0.01802444212551673
2024-09-19,TCD,0.012446686854526899
2024-09-20,TCD,0.010020773166627897
2024-09-21,TCD,0.01641402337384017
2024-09-22,TCD,0.013649046636001487
2024-09-23,TCD,0.014051856098816191
2024-09-24,TCD,0.09544963702590506
2024-09-25,TCD,0.04499500209773351
2024-09-26,TCD,0.04077618420038818
2024-09-27,TCD,0.04741848587483061
2024-09-28,TCD,0.046444026607300376
2024-09-29,TCD,0.08112006830356343
2024-09-30,TCD,0.08018224669751327
2024-10-01,TCD,0.10297068877471781
2024-10-02,TCD,0.011987382203546676
2024-10-03,TCD,0.013171804379418697
2024-10-04,TCD,0.014373615453886886
2024-10-05,TCD,0.013039387796044797
2024-10-06,TCD,0.010041487949567754
2024-10-07,TCD,0.01124951936069628
2024-10-08,TCD,0.010873670304539989
2024-10-09,TCD,0.17921056932057905
2024-10-10,TCD,0.07888993004841617
2024-10-11,TCD,0.07005120236448817
2024-10-12,TCD,0.05684921808242868
2024-10-13,TCD,0.07560776130947723
2024-10-14,TCD,0.0860533243721755
2024-10-15,TCD,0.192578302825704
2024-10-16,TCD,0.11378223353079406
2024-10-17,TCD,0.10611048101167743
2024-10-18,TCD,0.10943525095203327
2024-10-19,TCD,0.17215590843101403
2024-10-20,TCD,0.19363850145970496
2024-10-21,TCD,0.1266720623982172
2024-10-22,TCD,0.15284348120931196
2024-10-23,TCD,0.17303572257355573
2024-10-24,TCD,0.1080315188779728
2024-10-25,TCD,0.11112805702015045
2024-10-26,TCD,0.09370301309128576
2024-10-27,TCD,0.18666603527195252
2024-10-28,TCD,0.11108998908024413
2024-10-29,TCD,0.013754308118919388
2024-10-30,TCD,0.007487778408345673
2024-10-31,TCD,0.007853130646637396
2024-11-01,TCD,0.007076300116521409
2024-11-02,TCD,0.0074684642569259494
2024-11-03,TCD,0.00383351954101096
2024-11-04,TCD,0.003811866190214841
2024-11-05,TCD,0.004054078041784215
2024-11-06,TCD,0.0038902273216498157
2024-11-07,TCD,0.004065302082339607
2024-11-08,TCD,0.003933977995531485
2024-11-09,TCD,0.005628665126742272
2024-11-10,TCD,0.0954013630071339
2024-11-11,TCD,0.06829585250681885
2024-11-12,TCD,0.036062435207637814
2024-11-13,TCD,0.04090298341393455
2024-11-14,TCD,0.07475761511230905
2024-11-15,TCD,0.035552406991525266
2024-11-16,TCD,0.003677796539088478
2024-11-17,TCD,0.0037142994565569154
2024-11-18,TCD,0.0036707307647099036
2024-11-19,TCD,0.003805715617881968
2024-11-20,TCD,0.003721239406649115
2024-11-21,TCD,0.0037399236246642865
2024-11-22,TCD,0.0036314554979449782
2024-11-23,TCD,0.05754138207563207
2024-11-24,TCD,0.053241403638239045
2024-11-25,TCD,0.05365420105732974
2024-11-26,TCD,0.046042783217578015
2024-11-27,TCD,0.048929521288365065
2024-11-28,TCD,0.06968687900450116
2024-11-29,TCD,0.17269968675530042
2024-11-30,TCD,0.19038277111468005
2024-12-01,TCD,0.10404448575349684
2024-12-02,TCD,0.10124715364515548
2024-12-03,TCD,0.11953249771094086
2024-12-04,TCD,0.12124778926228051
2024-12-05,TCD,0.07606444353615918
2024-12-06,TCD,0.05615005866603067
2024-12-07,TCD,0.05138726100828746
2024-12-08,TCD,0.18383857897215194
2024-12-09,TCD,0.06859554249276525
2024-12-10,TCD,0.17907225874965682
2024-12-11,TCD,0.085374526684536
2024-12-12,TCD,0.03737693331192482
2024-12-13,TCD,0.06756349833937232
2024-12-14,TCD,0.08268776418389281
2024-12-15,TCD,0.027068114372772935
2024-12-16,TCD,0.006416512962861831
2024-12-17,TCD,0.006281648554758234
2024-12-18,TCD,0.0062319087078154456
2024-12-19,TCD,0.006931678159976714
2024-12-20,TCD,0.007946934553138975
2024-12-21,TCD,0.005499031221490359
2024-12-22,TCD,0.008856996466789224
2024-12-23,TCD,0.007371811406208829
2024-12-24,TCD,0.10077655248340653
2024-12-25,TCD,0.01047103653259591
2024-12-26,TCD,0.011544855121729949
2024-12-27,TCD,0.012359476190373388
2024-12-28,TCD,0.013889467377376369
2024-12-29,TCD,0.013866033181052222
2024-12-30,TCD,0.011739076721856645
2024-12-31,TCD,0.008863149677476215
2025-01-01,TCD,0.09171564915670861
2025-01-02,TCD,0.0877136986883665
2025-01-03,TCD,0.09736550945510838
2025-01-04,TCD,0.1293633234083031
2025-01-05,TCD,0.09140396683719064
2025-01-06,TCD,0.08165743906821193
2025-01-07,TCD,0.16225480545840226
2025-01-08,TCD,0.19567520233422944
2025-01-09,TCD,0.19232500290202045
2025-01-10,TCD,0.19519713416622464
2025-01-11,TCD,0.17407019218436215
2025-01-12,TCD,0.16598617982534192
2025-01-13,TCD,0.13297225278790223
2025-01-14,TCD,0.10805382737778503
2025-01-15,TCD,0.010093677445249446
2025-01-16,TCD,0.00445636905992972
2025-01-17,TCD,0.004545113231674777
2025-01-18,TCD,0.005276665827408476
2025-01-19,TCD,0.07813945831319045
2025-01-20,TCD,0.005443376080697618
2025-01-21,TCD,0.005101282216520877
2025-01-22,TCD,0.055959980836536395
2025-01-23,TCD,0.0917649474278121
2025-01-24,TCD,0.05727059973102996
2025-01-25,TCD,0.06345893872078642
2025-01-26,TCD,0.10672518022224768
2025-01-27,TCD,0.054093400029866165
2025-01-28,TCD,0.18135888267623881
2025-01-29,TCD,0.07415256415958885
2025-01-30,TCD,0.17803367848582136
2025-01-31,TCD,0.0321390365681008
2025-02-01,TCD,0.0821129455353417
2025-02-02,TCD,0.1166488177735718
2025-02-03,TCD,0.10903904632579059
2025-02-04,TCD,0.03636173974773514
2025-02-05,TCD,0.013167516784722975
2025-02-06,TCD,0.015063147145854269
2025-02-07,TCD,0.14349135713211897
2025-02-08,TCD,0.019497037924402535
2025-02-09,TCD,0.012869398359999762
2025-02-10,TCD,0.013415922253946038
2025-02-11,TCD,0.12308811182999917
2025-02-12,TCD,0.08960636211550821
2025-02-13,TCD,0.09961103375976861
2025-02-14,TCD,0.010184228183878215
2025-02-15,TCD,0.020421516835301527
2025-02-16,TCD,0.14136826499108024
2025-02-17,TCD,0.009733522162476995
2025-02-18,TCD,0.008513504609136071
2025-02-19,TCD,0.009449925982523859
2025-02-20,TCD,0.009500862947433839
2025-02-21,TCD,0.11287555261024285
2025-02-22,TCD,0.18487576456714433
2025-02-23,TCD,0.18858709379613012
2025-02-24,TCD,0.11431158371162274
2025-02-25,TCD,0.09565140883720262
2025-02-26,TCD,0.106876809412835
2025-02-27,TCD,0.10371222556690245
2025-02-28,TCD,0.09486103980318288
2025-03-01,TCD,0.01890452922584948
2025-03-02,TCD,0.026050195950485248
2025-03-03,TCD,0.03373094075505133
2025-03-04,TCD,0.018768076147555747
2025-03-05,TCD,0.014900229437032573
2025-03-06,TCD,0.0743258000783575
2025-03-07,TCD,0.021464780998730337
2025-03-08,TCD,0.1301149573613218
2025-03-09,TCD,0.08031309430434616
2025-03-10,TCD,0.1218751873123677
2025-03-11,TCD,0.09355200641634898
2025-03-12,TCD,0.07672683858367307
2025-03-13,TCD,0.006665359760217069
2025-03-14,TCD,0.006687191457480436
2025-03-15,TCD,0.07079514228820073
2025-03-16,TCD,0.017438561002501827
2025-03-17,TCD,0.006492041335273284
2025-03-18,TCD,0.00547676509969146
2025-03-19,TCD,0.006103252911106472
2025-03-20,TCD,0.0713284450301871
2025-03-21,TCD,0.16418791797902213
2025-03-22,TCD,0.059426729049348606
2025-03-23,TCD,0.04892816224322522
2025-03-24,TCD,0.050982174619968845
2025-03-25,TCD,0.05784485426017606
2025-03-26,TCD,0.05901824005800091
2025-03-27,TCD,0.07376047645660073
2025-03-28,TCD,0.048544191770345996
2024-07-01,GIN,0.05058108879820105
2024-07-02,GIN,0.04922662251676187
2024-07-03,GIN,0.04744354000202478
2024-07-04,GIN,0.02481383633056169
2024-07-05,GIN,0.036806478201177106
2024-07-06,GIN,0.03450484380458882
2024-07-07,GIN,0.036357605914816876
2024-07-08,GIN,0.039304429460839056
2024-07-09,GIN,0.04967877040084443
2024-07-10,GIN,0.04682681189574069
2024-07-11,GIN,0.03636042833284479
2024-07-12,GIN,0.05878621761184684
2024-07-13,GIN,0.037734976292670065
2024-07-14,GIN,0.03913767999061948
2024-07-15,GIN,0.05200415599579333
2024-07-16,GIN,0.00962689028736112
2024-07-17,GIN,0.009067784651003042
2024-07-18,GIN,0.00898140380650887
2024-07-19,GIN,0.00969808878680761
2024-07-20,GIN,0.008493790287789071
2024-07-21,GIN,0.009884297820230058
2024-07-22,GIN,0.01093848814465769
2024-07-23,GIN,0.05862294766979276
2024-07-24,GIN,0.04904900183648959
2024-07-25,GIN,0.052931575658861064
2024-07-26,GIN,0.05786025126761293
2024-07-27,GIN,0.04794362411829737
2024-07-28,GIN,0.06176572786315399
2024-07-29,GIN,0.06323646221209757
2024-07-30,GIN,0.175162690333065
2024-07-31,GIN,0.06649007943637972
2024-08-01,GIN,0.1299513907223209
2024-08-02,GIN,0.04491658180330128
2024-08-03,GIN,0.03588584400736022
2024-08-04,GIN,0.03303635239989726
2024-08-05,GIN,0.05129246740931363
2024-08-06,GIN,0.02477505297289684
2024-08-07,GIN,0.0239617813764113
2024-08-08,GIN,0.03670819574176263
2024-08-09,GIN,0.15643315097453517
2024-08-10,GIN,0.047656356652611816
2024-08-11,GIN,0.0431484152404009
2024-08-12,GIN,0.05826041033335034
2024-08-13,GIN,0.03927498086790423
2024-08-14,GIN,0.04495336181857151
2024-08-15,GIN,0.04998853638526351
2024-08-16,GIN,0.04685972453494481
2024-08-17,GIN,0.15794187851477032
2024-08-18,GIN,0.16950819340210044
2024-08-19,GIN,0.05692814262963136
2024-08-20,GIN,0.04910766222285217
2024-08-21,GIN,0.16527756017002493
2024-08-22,GIN,0.042207445454461236
2024-08-23,GIN,0.031072489991491294
2024-08-24,GIN,0.014365971836498403
2024-08-25,GIN,0.1533664731259483
2024-08-26,GIN,0.01673498462731864
2024-08-27,GIN,0.015896190335011762
2024-08-28,GIN,0.017057830540492473
2024-08-29,GIN,0.01790636434972107
2024-08-30,GIN,0.018262892330869116
2024-08-31,GIN,0.05786551489826193
2024-09-01,GIN,0.007194369385456477
2024-09-02,GIN,0.0070666796077897874
2024-09-03,GIN,0.00836789352841785
2024-09-04,GIN,0.005564933311532716
2024-09-05,GIN,0.026053792556034558
2024-09-06,GIN,0.006959124928965774
2024-09-07,GIN,0.01874938890141247
2024-09-08,GIN,0.07446464483368777
2024-09-09,GIN,0.054578790316667326
2024-09-10,GIN,0.03850172600471813
2024-09-11,GIN,0.07026250730493667
2024-09-12,GIN,0.18815625531460908
2024-09-13,GIN,0.06162845865279652
2024-09-14,GIN,0.060554251491691066
2024-09-15,GIN,0.06541246422411198
2024-09-16,GIN,0.0709304217745988
2024-09-17,GIN,0.05341314627904952
2024-09-18,GIN,0.06671489449288807
2024-09-19,GIN,0.13101188941036165
2024-09-20,GIN,0.03608685075979228
2024-09-21,GIN,0.025190888959579653
2024-09-22,GIN,0.025502802335873365
2024-09-23,GIN,0.029235559654572935
2024-09-24,GIN,0.02524658108085905
2024-09-25,GIN,0.13347967171770908
2024-09-26,GIN,0.09012449747764666
2024-09-27,GIN,0.07188570224221398
2024-09-28,GIN,0.07353238465460323
2024-09-29,GIN,0.07066725501750147
2024-09-30,GIN,0.0714507279397965
2024-10-01,GIN,0.047993885790445126
2024-10-02,GIN,0.00612127301411172
2024-10-03,GIN,0.006311464459275341
2024-10-04,GIN,0.007396844385995666
2024-10-05,GIN,0.00659059470499299
2024-10-06,GIN,0.0061891941363399604
2024-10-07,GIN,0.006367911083780763
2024-10-08,GIN,0.00633063520306052
2024-10-09,GIN,0.08170386977480182
2024-10-10,GIN,0.08251024440365175
2024-10-11,GIN,0.08161573410332143
2024-10-12,GIN,0.06423129373985738
2024-10-13,GIN,0.12551790588374123
2024-10-14,GIN,0.12551790588374123
2024-10-15,GIN,0.08571528357751515
2024-10-16,GIN,0.09125318508568511
2024-10-17,GIN,0.17726024267487567
2024-10-18,GIN,0.1463554560383702
2024-10-19,GIN,0.12211250927066633
2024-10-20,GIN,0.14954870135989073
2024-10-21,GIN,0.09103653355430029
2024-10-22,GIN,0.1255899519975474
2024-10-23,GIN,0.018900143728878424
2024-10-24,GIN,0.02545642346620654
2024-10-25,GIN,0.043199423471002085
2024-10-26,GIN,0.021642786754142385
2024-10-27,GIN,0.023667713553573447
2024-10-28,GIN,0.027257275791043097
2024-10-29,GIN,0.02308083328448391
2024-10-30,GIN,0.023475959313526598
2024-10-31,GIN,0.0294732896372721
2024-11-01,GIN,0.021575141040963777
2024-11-02,GIN,0.02413232656837894
2024-11-03,GIN,0.039096397968113934
2024-11-04,GIN,0.022150904997288206
2024-11-05,GIN,0.0682483979550946
2024-11-06,GIN,0.07449643635855437
2024-11-07,GIN,0.10953510671547008
2024-11-08,GIN,0.065498100387636
2024-11-09,GIN,0.06824771745113965
2024-11-10,GIN,0.06806889910757256
2024-11-11,GIN,0.10384858403010609
2024-11-12,GIN,0.06068451138384685
2024-11-13,GIN,0.11621068130327131
2024-11-14,GIN,0.0805280899878912
2024-11-15,GIN,0.08512117961941384
2024-11-16,GIN,0.05185149272915162
2024-11-17,GIN,0.05614406157926293
2024-11-18,GIN,0.05060856478971099
2024-11-19,GIN,0.1850988549488739
2024-11-20,GIN,0.09868859783052067
2024-11-21,GIN,0.05150866311420675
2024-11-22,GIN,0.05262557724590671
2024-11-23,GIN,0.05847379789859033
2024-11-24,GIN,0.07013641149855328
2024-11-25,GIN,0.05276085009687222
2024-11-26,GIN,0.012829115885974336
2024-11-27,GIN,0.006642617997500305
2024-11-28,GIN,0.0059063149781979725
2024-11-29,GIN,0.005368541628160285
2024-11-30,GIN,0.005193500399606805
2024-12-01,GIN,0.006101213944893418
2024-12-02,GIN,0.009492240096976063
2024-12-03,GIN,0.09153737720103514
2024-12-04,GIN,0.052549467336885314
2024-12-05,GIN,0.04891762606246472
2024-12-06,GIN,0.05882440679279216
2024-12-07,GIN,0.06508617852692354
2024-12-08,GIN,0.06265480478352445
2024-12-09,GIN,0.040858187436960285
2024-12-10,GIN,0.17632698328776703
2024-12-11,GIN,0.19336173137452448
2024-12-12,GIN,0.16365347203352995
2024-12-13,GIN,0.01791702049889405
2024-12-14,GIN,0.017719263972233626
2024-12-15,GIN,0.02016807165978173
2024-12-16,GIN,0.03247533484710009
2024-12-17,GIN,0.04574963400589643
2024-12-18,GIN,0.059390777199916166
2024-12-19,GIN,0.029585072681368733
2024-12-20,GIN,0.03417632907471635
2024-12-21,GIN,0.022398036331202676
2024-12-22,GIN,0.03443672062630277
2024-12-23,GIN,0.059722893782505636
2024-12-24,GIN,0.030653001443489335
2024-12-25,GIN,0.08464396689551452
2024-12-26,GIN,0.057013245895999515
2024-12-27,GIN,0.08587435511324923
2024-12-28,GIN,0.05164727528731128
2024-12-29,GIN,0.05203825864830692
2024-12-30,GIN,0.1015939951132321
2024-12-31,GIN,0.19712583213740048
2025-01-01,GIN,0.19063113777184668
2025-01-02,GIN,0.1143462266413339
2025-01-03,GIN,0.0626789647490018
2025-01-04,GIN,0.07983879854515466
2025-01-05,GIN,0.05174244115041131
2025-01-06,GIN,0.19553305163848816
2025-01-07,GIN,0.18223506578875048
2025-01-08,GIN,0.02902904611588459
2025-01-09,GIN,0.023551729391100198
2025-01-10,GIN,0.03915233455506687
2025-01-11,GIN,0.011467845168759502
2025-01-12,GIN,0.04737696431974235
2025-01-13,GIN,0.1292757076334368
2025-01-14,GIN,0.03776325217487878
2025-01-15,GIN,0.05420491412814932
2025-01-16,GIN,0.054372830691897335
2025-01-17,GIN,0.03429828412030221
2025-01-18,GIN,0.19041682874922433
2025-01-19,GIN,0.1971777687955855
2025-01-20,GIN,0.041057711842797315
2025-01-21,GIN,0.05522004766149267
2025-01-22,GIN,0.19650834516573792
2025-01-23,GIN,0.05010841065313576
2025-01-24,GIN,0.07628389735600587
2025-01-25,GIN,0.006913061749841215
2025-01-26,GIN,0.03981585954631243
2025-01-27,GIN,0.008305107743636294
2025-01-28,GIN,0.006840317249656836
2025-01-29,GIN,0.014486947614787297
2025-01-30,GIN,0.009334319092695487
2025-01-31,GIN,0.008308036216654404
2025-02-01,GIN,0.04535455070521846
2025-02-02,GIN,0.047429771559419874
2025-02-03,GIN,0.05422420813457894
2025-02-04,GIN,0.0396706220525246
2025-02-05,GIN,0.16825612164987974
2025-02-06,GIN,0.05626389867171674
2025-02-07,GIN,0.06200456055926568
2025-02-08,GIN,0.05126004583857986
2025-02-09,GIN,0.061087246403070415
2025-02-10,GIN,0.0876420132581411
2025-02-11,GIN,0.06221348011619968
2025-02-12,GIN,0.05282395079735002
2025-02-13,GIN,0.16201596761085904
2025-02-14,GIN,0.1308949418140164
2025-02-15,GIN,0.05835275962410853
2025-02-16,GIN,0.0625853420919318
2025-02-17,GIN,0.056585135744244876
2025-02-18,GIN,0.06993133558297214
2025-02-19,GIN,0.060361840661628155
2025-02-20,GIN,0.1900826552339627
2025-02-21,GIN,0.04489828431190741
2025-02-22,GIN,0.057630398157419715
2025-02-23,GIN,0.06233814613373014
2025-02-24,GIN,0.045311369957625545
2025-02-25,GIN,0.03804364961233294
2025-02-26,GIN,0.03769152862749834
2025-02-27,GIN,0.013551282563945954
2025-02-28,GIN,0.010595589011020558
2025-03-01,GIN,0.010598159138080019
2025-03-02,GIN,0.01231948774589224
2025-03-03,GIN,0.011605029741521292
2025-03-04,GIN,0.010209227057527203
2025-03-05,GIN,0.011275283858384916
2025-03-06,GIN,0.03656548182192336
2025-03-07,GIN,0.03018774381376068
2025-03-08,GIN,0.027007310431798374
2025-03-09,GIN,0.02354847541375188
2025-03-10,GIN,0.021208085253044014
2025-03-11,GIN,0.021839867772592007
2025-03-12,GIN,0.023780147463928255
2025-03-13,GIN,0.018965663256957057
2025-03-14,GIN,0.029593132681088645
2025-03-15,GIN,0.027852509774025626
2025-03-16,GIN,0.03246940167569196
2025-03-17,GIN,0.0324063898827541
2025-03-18,GIN,0.03060965474917969
2025-03-19,GIN,0.030721459204592134
2025-03-20,GIN,0.030088281451709435
2025-03-21,GIN,0.032280804246521605
2025-03-22,GIN,0.032344529867015706
2025-03-23,GIN,0.027846019232455714
2025-03-24,GIN,0.0314481401437698
2025-03-25,GIN,0.027043087178978895
2025-03-26,GIN,0.03060588286791464
2025-03-27,GIN,0.028849859836493616
2025-03-28,GIN,0.023526175028994532
2024-07-01,GNB,0.011316817241027009
2024-07-02,GNB,0.010767056673568448
2024-07-03,GNB,0.006618912877472088
2024-07-04,GNB,0.009664318481988794
2024-07-05,GNB,0.008067954843782109
2024-07-06,GNB,0.008612687764259648
2024-07-07,GNB,0.010571595031133535
2024-07-08,GNB,0.010804394392133885
2024-07-09,GNB,0.008683016194969867
2024-07-10,GNB,0.007642801282513129
2024-07-11,GNB,0.01113172784107023
2024-07-12,GNB,0.011712158515527035
2024-07-13,GNB,0.009794863749959661
2024-07-14,GNB,0.009404622280434061
2024-07-15,GNB,0.009830184149762205
2024-07-16,GNB,0.0085162697071207
2024-07-17,GNB,0.008451926555515514
2024-07-18,GNB,0.007039904778022359
2024-07-19,GNB,0.008260644113955997
2024-07-20,GNB,0.00813852659747491
2024-07-21,GNB,0.013848890320452167
2024-07-22,GNB,0.010025574557429093
2024-07-23,GNB,0.012805851553576646
2024-07-24,GNB,0.1349082774660744
2024-07-25,GNB,0.011622802862215245
2024-07-26,GNB,0.009716943316055025
2024-07-27,GNB,0.011086177213020977
2024-07-28,GNB,0.01045172447640601
2024-07-29,GNB,0.010025720525555865
2024-07-30,GNB,0.0075248795460962775
2024-07-31,GNB,0.007026175064592276
2024-08-01,GNB,0.011745619718024994
2024-08-02,GNB,0.011113207869995555
2024-08-03,GNB,0.007269950760720024
2024-08-04,GNB,0.007010794247627917
2024-08-05,GNB,0.008805777780749566
2024-08-06,GNB,0.0075965390864835705
2024-08-07,GNB,0.008198727903065525
2024-08-08,GNB,0.010724514773134046
2024-08-09,GNB,0.008519953663299057
2024-08-10,GNB,0.009648008221464586
2024-08-11,GNB,0.01112308931901347
2024-08-12,GNB,0.010862420575451151
2024-08-13,GNB,0.008553174956444552
2024-08-14,GNB,0.008927076247397142
2024-08-15,GNB,0.01114732443712782
2024-08-16,GNB,0.010966779203739577
2024-08-17,GNB,0.009538551276561492
2024-08-18,GNB,0.01166843731617277
2024-08-19,GNB,0.012235379780506988
2024-08-20,GNB,0.01228664738570105
2024-08-21,GNB,0.012213170338954991
2024-08-22,GNB,0.007736585746689923
2024-08-23,GNB,0.010537328424723135
2024-08-24,GNB,0.009057807775976456
2024-08-25,GNB,0.010268192952124802
2024-08-26,GNB,0.010095647776018329
2024-08-27,GNB,0.00997057936698664
2024-08-28,GNB,0.00950758585257109
2024-08-29,GNB,0.008811772571375902
2024-08-30,GNB,0.009743270642661842
2024-08-31,GNB,0.014499031391699939
2024-09-01,GNB,0.019393449624605902
2024-09-02,GNB,0.013737584233002137
2024-09-03,GNB,0.013585177980267834
2024-09-04,GNB,0.0074967806409419295
2024-09-05,GNB,0.009773601150386172
2024-09-06,GNB,0.006861531583814706
2024-09-07,GNB,0.008603715811363362
2024-09-08,GNB,0.010518545637260956
2024-09-09,GNB,0.07419248891342865
2024-09-10,GNB,0.009004596302901373
2024-09-11,GNB,0.014296424083400974
2024-09-12,GNB,0.019185707673165204
2024-09-13,GNB,0.008964860102498154
2024-09-14,GNB,0.010185517559254694
2024-09-15,GNB,0.17701457246100477
2024-09-16,GNB,0.0833338592487913
2024-09-17,GNB,0.009817639097162024
2024-09-18,GNB,0.012086172080411559
2024-09-19,GNB,0.012736567702667406
2024-09-20,GNB,0.015008972682933776
2024-09-21,GNB,0.013944335379578272
2024-09-22,GNB,0.0065401565743605445
2024-09-23,GNB,0.006859657551056734
2024-09-24,GNB,0.006952589051580454
2024-09-25,GNB,0.0060559052317595815
2024-09-26,GNB,0.005360446225197088
2024-09-27,GNB,0.005390526906815964
2024-09-28,GNB,0.007235121984527837
2024-09-29,GNB,0.020051711629827742
2024-09-30,GNB,0.020953761126741178
2024-10-01,GNB,0.022393954698462025
2024-10-02,GNB,0.008343930353738474
2024-10-03,GNB,0.024263956266047184
2024-10-04,GNB,0.008361415082576526
2024-10-05,GNB,0.009479703515229929
2024-10-06,GNB,0.018197494439714183
2024-10-07,GNB,0.015114294524722887
2024-10-08,GNB,0.010190007603590952
2024-10-09,GNB,0.007960553055553298
2024-10-10,GNB,0.021275354224141955
2024-10-11,GNB,0.021293884663322892
2024-10-12,GNB,0.017361164259087958
2024-10-13,GNB,0.018193181385982124
2024-10-14,GNB,0.020790684776885237
2024-10-15,GNB,0.020522574367565497
2024-10-16,GNB,0.01995914002809803
2024-10-17,GNB,0.019644714733606967
2024-10-18,GNB,0.014031604016920848
2024-10-19,GNB,0.01489894132371959
2024-10-20,GNB,0.01641241506630647
2024-10-21,GNB,0.021742755934414795
2024-10-22,GNB,0.017898403032950823
2024-10-23,GNB,0.010773358124722198
2024-10-24,GNB,0.015216891021695584
2024-10-25,GNB,0.019425262989117818
2024-10-26,GNB,0.008941565756059514
2024-10-27,GNB,0.011253379709697113
2024-10-28,GNB,0.015404553519628758
2024-10-29,GNB,0.011324690873523963
2024-10-30,GNB,0.013264351610184041
2024-10-31,GNB,0.01500133125252662
2024-11-01,GNB,0.010722859614840768
2024-11-02,GNB,0.011613128810744729
2024-11-03,GNB,0.013739291258405612
2024-11-04,GNB,0.012329668860242999
2024-11-05,GNB,0.008782306665351408
2024-11-06,GNB,0.01001256606606703
2024-11-07,GNB,0.01268876008605304
2024-11-08,GNB,0.01041773875388046
2024-11-09,GNB,0.009458754320009838
2024-11-10,GNB,0.009915641591582147
2024-11-11,GNB,0.009171663815919726
2024-11-12,GNB,0.009052126598489602
2024-11-13,GNB,0.010648032283912222
2024-11-14,GNB,0.009819229068579379
2024-11-15,GNB,0.011970016834359372
2024-11-16,GNB,0.008435853688353237
2024-11-17,GNB,0.008069224128877856
2024-11-18,GNB,0.007942334380392687
2024-11-19,GNB,0.008014625886033527
2024-11-20,GNB,0.008684874316131814
2024-11-21,GNB,0.014955624125415267
2024-11-22,GNB,0.007359537225965773
2024-11-23,GNB,0.1847411523928681
2024-11-24,GNB,0.00739020530395729
2024-11-25,GNB,0.007676207022606904
2024-11-26,GNB,0.00930514690429023
2024-11-27,GNB,0.011633084651934949
2024-11-28,GNB,0.00841762414546018
2024-11-29,GNB,0.008690978061073202
2024-11-30,GNB,0.006353377045064034
2024-12-01,GNB,0.0061220799728724865
2024-12-02,GNB,0.005428778443553085
2024-12-03,GNB,0.006152379944224428
2024-12-04,GNB,0.005904577730018572
2024-12-05,GNB,0.006232221932328598
2024-12-06,GNB,0.005979797918161676
2024-12-07,GNB,0.011187765416563385
2024-12-08,GNB,0.010717999560615674
2024-12-09,GNB,0.013566438915974517
2024-12-10,GNB,0.016071329843606492
2024-12-11,GNB,0.01492498881229156
2024-12-12,GNB,0.009769669267265047
2024-12-13,GNB,0.01236524909510003
2024-12-14,GNB,0.01802128389721394
2024-12-15,GNB,0.015111103291962455
2024-12-16,GNB,0.011373117876809722
2024-12-17,GNB,0.015227338983675204
2024-12-18,GNB,0.009727432703453604
2024-12-19,GNB,0.012791184438263999
2024-12-20,GNB,0.007274689676764839
2024-12-21,GNB,0.006679990717122701
2024-12-22,GNB,0.009433833684185863
2024-12-23,GNB,0.007767988214426866
2024-12-24,GNB,0.008017594196893438
2024-12-25,GNB,0.008579819999582005
2024-12-26,GNB,0.010486088162937642
2024-12-27,GNB,0.012141990386177725
2024-12-28,GNB,0.011041460519526926
2024-12-29,GNB,0.011027643719737676
2024-12-30,GNB,0.007988876710606482
2024-12-31,GNB,0.00991291179376018
2025-01-01,GNB,0.007493943418949625
2025-01-02,GNB,0.008049916778161192
2025-01-03,GNB,0.008542584406976174
2025-01-04,GNB,0.007888971989675173
2025-01-05,GNB,0.009470446837085898
2025-01-06,GNB,0.01084678155077685
2025-01-07,GNB,0.008957837878545734
2025-01-08,GNB,0.010430874155569337
2025-01-09,GNB,0.007112303190131093
2025-01-10,GNB,0.0074009636100598065
2025-01-11,GNB,0.005782066749638102
2025-01-12,GNB,0.006270641652287032
2025-01-13,GNB,0.0062067615951265495
2025-01-14,GNB,0.0067511238947500765
2025-01-15,GNB,0.007814512258948626
2025-01-16,GNB,0.0068970345030293125
2025-01-17,GNB,0.006282674185579139
2025-01-18,GNB,0.0061361106555348046
2025-01-19,GNB,0.006175656020820134
2025-01-20,GNB,0.006175656020820134
2025-01-21,GNB,0.0077020538255286606
2025-01-22,GNB,0.00791016274013709
2025-01-23,GNB,0.010102082599766445
2025-01-24,GNB,0.007977610145011096
2025-01-25,GNB,0.009447429172301604
2025-01-26,GNB,0.00942138091049371
2025-01-27,GNB,0.009668420014236956
2025-01-28,GNB,0.008283477746380595
2025-01-29,GNB,0.010156453931224912
2025-01-30,GNB,0.006613466432334935
2025-01-31,GNB,0.006923093466679597
2025-02-01,GNB,0.00791384166449755
2025-02-02,GNB,0.0074938040605829394
2025-02-03,GNB,0.007561629512085547
2025-02-04,GNB,0.007339100833371721
2025-02-05,GNB,0.007933812979391414
2025-02-06,GNB,0.006980517473434026
2025-02-07,GNB,0.008342534528167562
2025-02-08,GNB,0.008967800980237138
2025-02-09,GNB,0.007906027969534124
2025-02-10,GNB,0.007906027969534124
2025-02-11,GNB,0.006965038264916863
2025-02-12,GNB,0.007726752754800545
2025-02-13,GNB,0.007562765672022907
2025-02-14,GNB,0.007881937539982658
2025-02-15,GNB,0.006602792244159545
2025-02-16,GNB,0.00680379419158909
2025-02-17,GNB,0.00680379419158909
2025-02-18,GNB,0.007348474363849715
2025-02-19,GNB,0.008361854005921486
2025-02-20,GNB,0.007230415850035289
2025-02-21,GNB,0.007490992169554715
2025-02-22,GNB,0.006515412307577019
2025-02-23,GNB,0.007827180391783905
2025-02-24,GNB,0.0071698899407079564
2025-02-25,GNB,0.007657017301833425
2025-02-26,GNB,0.006620788920274517
2025-02-27,GNB,0.007644810160252619
2025-02-28,GNB,0.0076471411617374625
2025-03-01,GNB,0.00950908285983449
2025-03-02,GNB,0.013676556823215667
2025-03-03,GNB,0.013840971817476216
2025-03-04,GNB,0.009668907288143935
2025-03-05,GNB,0.008280653698544055
2025-03-06,GNB,0.008954581114775501
2025-03-07,GNB,0.011550212288279722
2025-03-08,GNB,0.008267288154938181
2025-03-09,GNB,0.009391794254708262
2025-03-10,GNB,0.007843767073091012
2025-03-11,GNB,0.007968151407767937
2025-03-12,GNB,0.008649891775365662
2025-03-13,GNB,0.006442473898279032
2025-03-14,GNB,0.007181659455005772
2025-03-15,GNB,0.006660188126920448
2025-03-16,GNB,0.007707603227062422
2025-03-17,GNB,0.00725668212188368
2025-03-18,GNB,0.008140613132328955
2025-03-19,GNB,0.007988301063937558
2025-03-20,GNB,0.008571953916765336
2025-03-21,GNB,0.008732458976876209
2025-03-22,GNB,0.007885589288598447
2025-03-23,GNB,0.0071178930483197615
2025-03-24,GNB,0.007050619683147571
2025-03-25,GNB,0.006359619182879014
2025-03-26,GNB,0.007387203700655779
2025-03-27,GNB,0.008674758349150628
2025-03-28,GNB,0.008083873485813662
2024-07-01,SEN,0.03140824614657701
2024-07-02,SEN,0.022894857571402707
2024-07-03,SEN,0.02283914816044122
2024-07-04,SEN,0.024436233605981943
2024-07-05,SEN,0.02047050693240677
2024-07-06,SEN,0.035422127482207875
2024-07-07,SEN,0.030084301305537586
2024-07-08,SEN,0.02951800617332441
2024-07-09,SEN,0.019879683315703355
2024-07-10,SEN,0.024274160836384857
2024-07-11,SEN,0.03415361696516651
2024-07-12,SEN,0.026853567817096354
2024-07-13,SEN,0.03643388257487469
2024-07-14,SEN,0.02497554658759159
2024-07-15,SEN,0.029562201274869103
2024-07-16,SEN,0.03141093358391617
2024-07-17,SEN,0.030273021668266384
2024-07-18,SEN,0.01662802762923887
2024-07-19,SEN,0.020102555782264754
2024-07-20,SEN,0.04236211704008352
2024-07-21,SEN,0.04724995016633563
2024-07-22,SEN,0.05246666033806572
2024-07-23,SEN,0.04295966720085833
2024-07-24,SEN,0.04338152380461797
2024-07-25,SEN,0.025605103678657915
2024-07-26,SEN,0.0377675494362974
2024-07-27,SEN,0.05061555871465107
2024-07-28,SEN,0.041998877263888845
2024-07-29,SEN,0.04419766144905343
2024-07-30,SEN,0.037740382185828716
2024-07-31,SEN,0.029175951276378596
2024-08-01,SEN,0.03343017183977935
2024-08-02,SEN,0.049680664108361604
2024-08-03,SEN,0.034777218269607835
2024-08-04,SEN,0.031164498712048
2024-08-05,SEN,0.15038067385141488
2024-08-06,SEN,0.022827758017020514
2024-08-07,SEN,0.020329266543476002
2024-08-08,SEN,0.026583077423393924
2024-08-09,SEN,0.02276903604407767
2024-08-10,SEN,0.0284735919025071
2024-08-11,SEN,0.02754024223964509
2024-08-12,SEN,0.030946115511889506
2024-08-13,SEN,0.0416187916313686
2024-08-14,SEN,0.040578178839759296
2024-08-15,SEN,0.03446857833559932
2024-08-16,SEN,0.032781914148197325
2024-08-17,SEN,0.03408869664866393
2024-08-18,SEN,0.05015982327762332
2024-08-19,SEN,0.04626881491895542
2024-08-20,SEN,0.0312533280493006
2024-08-21,SEN,0.03925479815489425
2024-08-22,SEN,0.03256282626254805
2024-08-23,SEN,0.053593351068688386
2024-08-24,SEN,0.029876056817131732
2024-08-25,SEN,0.025322968947655688
2024-08-26,SEN,0.036133971220657375
2024-08-27,SEN,0.024564474489435568
2024-08-28,SEN,0.028505611629851924
2024-08-29,SEN,0.025807118262864644
2024-08-30,SEN,0.0334371709248846
2024-08-31,SEN,0.044461055027314955
2024-09-01,SEN,0.13715864379880627
2024-09-02,SEN,0.04735222951997919
2024-09-03,SEN,0.03658555580110531
2024-09-04,SEN,0.02565865979037231
2024-09-05,SEN,0.027426690326985196
2024-09-06,SEN,0.02733823794262532
2024-09-07,SEN,0.02193246311840862
2024-09-08,SEN,0.026300847802958178
2024-09-09,SEN,0.026906630852226877
2024-09-10,SEN,0.02754128797878416
2024-09-11,SEN,0.03674895194817269
2024-09-12,SEN,0.03300537143263939
2024-09-13,SEN,0.02214698601620102
2024-09-14,SEN,0.029498009433002858
2024-09-15,SEN,0.03459869759690216
2024-09-16,SEN,0.03459869759690216
2024-09-17,SEN,0.024624020514158865
2024-09-18,SEN,0.029447435881184526
2024-09-19,SEN,0.029478855047530447
2024-09-20,SEN,0.03301726712286611
2024-09-21,SEN,0.024483211156077298
2024-09-22,SEN,0.024830990526845623
2024-09-23,SEN,0.027590688842185736
2024-09-24,SEN,0.036521337434080384
2024-09-25,SEN,0.03987727632731061
2024-09-26,SEN,0.040710779569280826
2024-09-27,SEN,0.030323376710130946
2024-09-28,SEN,0.03715630657630739
2024-09-29,SEN,0.03594157470611927
2024-09-30,SEN,0.026867382981494384
2024-10-01,SEN,0.03128577827349921
2024-10-02,SEN,0.027503785234428944
2024-10-03,SEN,0.021758514075413196
2024-10-04,SEN,0.02470606282622384
2024-10-05,SEN,0.024311832212118
2024-10-06,SEN,0.02041919314300886
2024-10-07,SEN,0.02934525017960215
2024-10-08,SEN,0.01868476880491802
2024-10-09,SEN,0.018362706855824147
2024-10-10,SEN,0.022048921607732423
2024-10-11,SEN,0.023645501640517975
2024-10-12,SEN,0.024479319549650866
2024-10-13,SEN,0.03529958990056591
2024-10-14,SEN,0.03529958990056591
2024-10-15,SEN,0.031213242840018654
2024-10-16,SEN,0.041038972301027085
2024-10-17,SEN,0.04654780524118183
2024-10-18,SEN,0.03424684130949714
2024-10-19,SEN,0.03522552059114064
2024-10-20,SEN,0.02641374489593841
2024-10-21,SEN,0.02501659902041319
2024-10-22,SEN,0.03581591839931599
2024-10-23,SEN,0.027691046465720293
2024-10-24,SEN,0.030754464690611154
2024-10-25,SEN,0.029026958949193687
2024-10-26,SEN,0.02160586633476542
2024-10-27,SEN,0.028198730667496116
2024-10-28,SEN,0.031165129457458682
2024-10-29,SEN,0.029252381220358864
2024-10-30,SEN,0.0234324964624453
2024-10-31,SEN,0.06762382900186463
2024-11-01,SEN,0.02342836435914735
2024-11-02,SEN,0.042209646563083514
2024-11-03,SEN,0.04111434932098685
2024-11-04,SEN,0.044878777714298136
2024-11-05,SEN,0.031474198136607456
2024-11-06,SEN,0.03657785326693888
2024-11-07,SEN,0.04618182262503905
2024-11-08,SEN,0.04363419662333901
2024-11-09,SEN,0.04792542137659706
2024-11-10,SEN,0.03886023867726089
2024-11-11,SEN,0.16517472129920177
2024-11-12,SEN,0.044633055055966424
2024-11-13,SEN,0.042598117386130736
2024-11-14,SEN,0.032022512924420356
2024-11-15,SEN,0.03287886224820508
2024-11-16,SEN,0.01951371403430202
2024-11-17,SEN,0.01934205272056254
2024-11-18,SEN,0.01072479912079486
2024-11-19,SEN,0.00985222370501286
2024-11-20,SEN,0.008878018291977308
2024-11-21,SEN,0.00907709047179373
2024-11-22,SEN,0.008713174271971371
2024-11-23,SEN,0.016197000297752565
2024-11-24,SEN,0.015303868583509196
2024-11-25,SEN,0.04467119908187747
2024-11-26,SEN,0.0536250674444535
2024-11-27,SEN,0.04766528063858566
2024-11-28,SEN,0.05802135207967379
2024-11-29,SEN,0.04947807401783182
2024-11-30,SEN,0.040228276876354475
2024-12-01,SEN,0.04456264802878116
2024-12-02,SEN,0.04146028839164251
2024-12-03,SEN,0.042927003470650704
2024-12-04,SEN,0.039474867394634364
2024-12-05,SEN,0.04584382078643641
2024-12-06,SEN,0.04532555608321867
2024-12-07,SEN,0.03953264304946601
2024-12-08,SEN,0.036814956695705704
2024-12-09,SEN,0.03626122828679318
2024-12-10,SEN,0.03585735744122972
2024-12-11,SEN,0.04364593761509052
2024-12-12,SEN,0.035649515975193447
2024-12-13,SEN,0.04121075364956696
2024-12-14,SEN,0.03409601797421532
2024-12-15,SEN,0.0330422525595956
2024-12-16,SEN,0.03648904177054087
2024-12-17,SEN,0.03894383029416596
2024-12-18,SEN,0.02465210268920157
2024-12-19,SEN,0.030163700333835843
2024-12-20,SEN,0.02678626038679767
2024-12-21,SEN,0.02818018017140363
2024-12-22,SEN,0.02781005512164296
2024-12-23,SEN,0.026543074310618302
2024-12-24,SEN,0.026481262764859254
2024-12-25,SEN,0.03273628217112457
2024-12-26,SEN,0.03745469991358169
2024-12-27,SEN,0.039706298034769195
2024-12-28,SEN,0.034221031403787086
2024-12-29,SEN,0.03795994330768916
2024-12-30,SEN,0.040914109650577755
2024-12-31,SEN,0.03890557342592287
2025-01-01,SEN,0.026547594523559415
2025-01-02,SEN,0.02534806264201301
2025-01-03,SEN,0.02517690230164079
2025-01-04,SEN,0.033478485276183516
2025-01-05,SEN,0.028379627117524567
2025-01-06,SEN,0.027561637915728587
2025-01-07,SEN,0.027104104771908593
2025-01-08,SEN,0.024829341369808362
2025-01-09,SEN,0.0243586601396802
2025-01-10,SEN,0.023494463710304902
2025-01-11,SEN,0.015484983776132348
2025-01-12,SEN,0.018253739956277694
2025-01-13,SEN,0.017976837801955088
2025-01-14,SEN,0.016098228786421087
2025-01-15,SEN,0.021895141153701805
2025-01-16,SEN,0.027399257496353007
2025-01-17,SEN,0.02680792536145479
2025-01-18,SEN,0.028122794848925242
2025-01-19,SEN,0.028175843298254698
2025-01-20,SEN,0.030787594948287176
2025-01-21,SEN,0.03808384018775788
2025-01-22,SEN,0.03219925438011749
2025-01-23,SEN,0.01884069948198914
2025-01-24,SEN,0.019556186818491673
2025-01-25,SEN,0.02224241305571694
2025-01-26,SEN,0.02316427484212063
2025-01-27,SEN,0.025334592616203393
2025-01-28,SEN,0.016645829015263954
2025-01-29,SEN,0.03283976686004551
2025-01-30,SEN,0.031052822815511208
2025-01-31,SEN,0.025277227834145363
2025-02-01,SEN,0.03183541227819073
2025-02-02,SEN,0.031101390311006293
2025-02-03,SEN,0.02876657599795588
2025-02-04,SEN,0.03190178492411397
2025-02-05,SEN,0.03331477824176087
2025-02-06,SEN,0.038636583376038564
2025-02-07,SEN,0.03338828065599332
2025-02-08,SEN,0.034588485281553956
2025-02-09,SEN,0.03541470689886923
2025-02-10,SEN,0.03270714556974935
2025-02-11,SEN,0.03198156778654758
2025-02-12,SEN,0.0339279507009699
2025-02-13,SEN,0.024851674414465456
2025-02-14,SEN,0.03157360353229851
2025-02-15,SEN,0.018709007485725355
2025-02-16,SEN,0.019691310772888774
2025-02-17,SEN,0.01888555395971567
2025-02-18,SEN,0.02232413693754381
2025-02-19,SEN,0.020102985909065004
2025-02-20,SEN,0.021403934975610526
2025-02-21,SEN,0.019691463800278877
2025-02-22,SEN,0.0265037569533369
2025-02-23,SEN,0.023852952990913782
2025-02-24,SEN,0.02493360100183036
2025-02-25,SEN,0.025433842292218293
2025-02-26,SEN,0.02051641509481964
2025-02-27,SEN,0.01989222903503116
2025-02-28,SEN,0.02405696966023838
2025-03-01,SEN,0.03258080471716356
2025-03-02,SEN,0.031488921622650067
2025-03-03,SEN,0.03163500755031961
2025-03-04,SEN,0.022068085980065544
2025-03-05,SEN,0.022227499271435976
2025-03-06,SEN,0.021101098560322145
2025-03-07,SEN,0.02093830418551355
2025-03-08,SEN,0.024755229334165716
2025-03-09,SEN,0.02400048473352161
2025-03-10,SEN,0.02388000603730385
2025-03-11,SEN,0.026727048425667418
2025-03-12,SEN,0.029472036849098722
2025-03-13,SEN,0.027726867877215268
2025-03-14,SEN,0.036706725969245735
2025-03-15,SEN,0.035594516547750164
2025-03-16,SEN,0.03743519140452722
2025-03-17,SEN,0.03919167500096054
2025-03-18,SEN,0.03246699861802533
2025-03-19,SEN,0.028494816246089887
2025-03-20,SEN,0.042436176353771386
2025-03-21,SEN,0.03155720693995829
2025-03-22,SEN,0.025672449550007713
2025-03-23,SEN,0.032044577711007306
2025-03-24,SEN,0.028111383477019945
2025-03-25,SEN,0.030589708774343326
2025-03-26,SEN,0.03478525783684082
2025-03-27,SEN,0.030809957523888442
2025-03-28,SEN,0.025753981697134026
2024-07-01,CIV,0.04195575021254424
2024-07-02,CIV,0.03931930258624436
2024-07-03,CIV,0.05336321730977433
2024-07-04,CIV,0.008573451817489714
2024-07-05,CIV,0.006116327936970607
2024-07-06,CIV,0.006425820467980323
2024-07-07,CIV,0.006296784728260655
2024-07-08,CIV,0.006681847551962538
2024-07-09,CIV,0.008124259906897616
2024-07-10,CIV,0.020433970670072812
2024-07-11,CIV,0.03192623314457274
2024-07-12,CIV,0.08878021792481183
2024-07-13,CIV,0.17190183638771872
2024-07-14,CIV,0.15491548898229318
2024-07-15,CIV,0.04539332917749274
2024-07-16,CIV,0.07258811095534219
2024-07-17,CIV,0.019469957680811917
2024-07-18,CIV,0.0235395751910403
2024-07-19,CIV,0.0245967216240989
2024-07-20,CIV,0.0071554904836160695
2024-07-21,CIV,0.00837434824871335
2024-07-22,CIV,0.007288250525632583
2024-07-23,CIV,0.015990411451637924
2024-07-24,CIV,0.009663964786739209
2024-07-25,CIV,0.008737097860811916
2024-07-26,CIV,0.00864224989283391
2024-07-27,CIV,0.0867577306855145
2024-07-28,CIV,0.08423854365807809
2024-07-29,CIV,0.08467366501672544
2024-07-30,CIV,0.08222038287599011
2024-07-31,CIV,0.1013472043000367
2024-08-01,CIV,0.08168044385939768
2024-08-02,CIV,0.0744540226404905
2024-08-03,CIV,0.077072546011113
2024-08-04,CIV,0.0543151812152923
2024-08-05,CIV,0.07046757695398537
2024-08-06,CIV,0.07760798833681765
2024-08-07,CIV,0.17726254636794492
2024-08-08,CIV,0.0769321484858929
2024-08-09,CIV,0.054011154741645195
2024-08-10,CIV,0.07787002953460126
2024-08-11,CIV,0.07078578353432344
2024-08-12,CIV,0.06924689945105085
2024-08-13,CIV,0.11515244423680383
2024-08-14,CIV,0.04968812342727831
2024-08-15,CIV,0.12858672445648825
2024-08-16,CIV,0.07265744089876028
2024-08-17,CIV,0.0459337775632886
2024-08-18,CIV,0.04364374213024324
2024-08-19,CIV,0.0552543215958366
2024-08-20,CIV,0.044746203239962805
2024-08-21,CIV,0.052533959343805565
2024-08-22,CIV,0.05522669424032932
2024-08-23,CIV,0.02893378227520568
2024-08-24,CIV,0.16096433509180627
2024-08-25,CIV,0.0374259916247913
2024-08-26,CIV,0.05304886337648712
2024-08-27,CIV,0.04217128208263584
2024-08-28,CIV,0.03965523182539947
2024-08-29,CIV,0.028850193988943076
2024-08-30,CIV,0.023788307242606686
2024-08-31,CIV,0.03978572628342963
2024-09-01,CIV,0.12567315147648447
2024-09-02,CIV,0.04648852414401704
2024-09-03,CIV,0.032913005654963114
2024-09-04,CIV,0.025505523124448
2024-09-05,CIV,0.05852151812449981
2024-09-06,CIV,0.047294451590074775
2024-09-07,CIV,0.0695881535706327
2024-09-08,CIV,0.05984551454560448
2024-09-09,CIV,0.08970272378202554
2024-09-10,CIV,0.05255677837764709
2024-09-11,CIV,0.12409203925538657
2024-09-12,CIV,0.05147031926361666
2024-09-13,CIV,0.06799752074501798
2024-09-14,CIV,0.06328279287189258
2024-09-15,CIV,0.12451085770721669
2024-09-16,CIV,0.056879598255268234
2024-09-17,CIV,0.07614636347441067
2024-09-18,CIV,0.05067596585996545
2024-09-19,CIV,0.1929852436305006
2024-09-20,CIV,0.1266971992909769
2024-09-21,CIV,0.0805996229302842
2024-09-22,CIV,0.06113839586444369
2024-09-23,CIV,0.039840975203873724
2024-09-24,CIV,0.04367836882615355
2024-09-25,CIV,0.04584538591074048
2024-09-26,CIV,0.007117051056276776
2024-09-27,CIV,0.012792832356931126
2024-09-28,CIV,0.006666901218204764
2024-09-29,CIV,0.012665760867231946
2024-09-30,CIV,0.007916377101735159
2024-10-01,CIV,0.008720356467557191
2024-10-02,CIV,0.016726823216228637
2024-10-03,CIV,0.11520631705653561
2024-10-04,CIV,0.0528570539035451
2024-10-05,CIV,0.1896315050716969
2024-10-06,CIV,0.04240087036840457
2024-10-07,CIV,0.013988779754260286
2024-10-08,CIV,0.007612545927504395
2024-10-09,CIV,0.006327035856751513
2024-10-10,CIV,0.007968466818867004
2024-10-11,CIV,0.008819011067741063
2024-10-12,CIV,0.007655020087098329
2024-10-13,CIV,0.04572886035197878
2024-10-14,CIV,0.05680047754566152
2024-10-15,CIV,0.09776920046865763
2024-10-16,CIV,0.0508539392942022
2024-10-17,CIV,0.053050035612142776
2024-10-18,CIV,0.14905280440488103
2024-10-19,CIV,0.11268504513201523
2024-10-20,CIV,0.07901346005497754
2024-10-21,CIV,0.07196147232596485
2024-10-22,CIV,0.07485896949266704
2024-10-23,CIV,0.1827607689979553
2024-10-24,CIV,0.07663473405924195
2024-10-25,CIV,0.07447929702294352
2024-10-26,CIV,0.03473359113086529
2024-10-27,CIV,0.034553740355204546
2024-10-28,CIV,0.19402188886329325
2024-10-29,CIV,0.13916175588797625
2024-10-30,CIV,0.038695277570962014
2024-10-31,CIV,0.0470531076092474
2024-11-01,CIV,0.06371941704296262
2024-11-02,CIV,0.1940687010686471
2024-11-03,CIV,0.18963773147107213
2024-11-04,CIV,0.07162129163322967
2024-11-05,CIV,0.03726899291544632
2024-11-06,CIV,0.03398038173438768
2024-11-07,CIV,0.028357406654883826
2024-11-08,CIV,0.038454297949617466
2024-11-09,CIV,0.10292809980593867
2024-11-10,CIV,0.08973592599403066
2024-11-11,CIV,0.012622220672356927
2024-11-12,CIV,0.015155218986145575
2024-11-13,CIV,0.014951973173004774
2024-11-14,CIV,0.008600536214577731
2024-11-15,CIV,0.007319707630310211
2024-11-16,CIV,0.04701922826401835
2024-11-17,CIV,0.038267744507338816
2024-11-18,CIV,0.06967415697989238
2024-11-19,CIV,0.02339183630012449
2024-11-20,CIV,0.032699970370863925
2024-11-21,CIV,0.0413011988844343
2024-11-22,CIV,0.03182375247320387
2024-11-23,CIV,0.17076860766586435
2024-11-24,CIV,0.07013524195825632
2024-11-25,CIV,0.05550837752312121
2024-11-26,CIV,0.07552226524796919
2024-11-27,CIV,0.06916604133686091
2024-11-28,CIV,0.06752482027422654
2024-11-29,CIV,0.046773683302476755
2024-11-30,CIV,0.07242722982852486
2024-12-01,CIV,0.037279986488744636
2024-12-02,CIV,0.08363203733402245
2024-12-03,CIV,0.030373393254667126
2024-12-04,CIV,0.04439352934391268
2024-12-05,CIV,0.04081449049487805
2024-12-06,CIV,0.03290983981407525
2024-12-07,CIV,0.05820495581508388
2024-12-08,CIV,0.04762547708094259
2024-12-09,CIV,0.006838486454918813
2024-12-10,CIV,0.006076539224296021
2024-12-11,CIV,0.006111249029495467
2024-12-12,CIV,0.020205895588577896
2024-12-13,CIV,0.005755401448083685
2024-12-14,CIV,0.006085290620516067
2024-12-15,CIV,0.006489387552143332
2024-12-16,CIV,0.04839392937106676
2024-12-17,CIV,0.1376237726482082
2024-12-18,CIV,0.05756414384084295
2024-12-19,CIV,0.0684185477854874
2024-12-20,CIV,0.03471353686631939
2024-12-21,CIV,0.04933025961854789
2024-12-22,CIV,0.07219313212147166
2024-12-23,CIV,0.04076008905641676
2024-12-24,CIV,0.03990455260031617
2024-12-25,CIV,0.17048007639151572
2024-12-26,CIV,0.043659788231968276
2024-12-27,CIV,0.14070091869168538
2024-12-28,CIV,0.055580687108695924
2024-12-29,CIV,0.053891569601387204
2024-12-30,CIV,0.13071068375794415
2024-12-31,CIV,0.1242087034536621
2025-01-01,CIV,0.06087715883443267
2025-01-02,CIV,0.03250209431682484
2025-01-03,CIV,0.04779446024964526
2025-01-04,CIV,0.03909548705307139
2025-01-05,CIV,0.12920640630434277
2025-01-06,CIV,0.027172465437163576
2025-01-07,CIV,0.016801279060806126
2025-01-08,CIV,0.005982540422486423
2025-01-09,CIV,0.006451376798205274
2025-01-10,CIV,0.007370103830587394
2025-01-11,CIV,0.008130249555532933
2025-01-12,CIV,0.006472110552741956
2025-01-13,CIV,0.06601594776462015
2025-01-14,CIV,0.04108170434027696
2025-01-15,CIV,0.045705517099299924
2025-01-16,CIV,0.04096061168197542
2025-01-17,CIV,0.04679001050129638
2025-01-18,CIV,0.051594510223022985
2025-01-19,CIV,0.04670840483765817
2025-01-20,CIV,0.04528871024734085
2025-01-21,CIV,0.16082546660936137
2025-01-22,CIV,0.09074719037410965
2025-01-23,CIV,0.058810352385617264
2025-01-24,CIV,0.0396493746100535
2025-01-25,CIV,0.05412396719706841
2025-01-26,CIV,0.06037490418268905
2025-01-27,CIV,0.09090108194907967
2025-01-28,CIV,0.02633869314548391
2025-01-29,CIV,0.03366173288312336
2025-01-30,CIV,0.02780175498852029
2025-01-31,CIV,0.03547308033753926
2025-02-01,CIV,0.03150885321241533
2025-02-02,CIV,0.04939059744066893
2025-02-03,CIV,0.04593467985128126
2025-02-04,CIV,0.06142551232613812
2025-02-05,CIV,0.08778848558255022
2025-02-06,CIV,0.04509659096116638
2025-02-07,CIV,0.050907858040975806
2025-02-08,CIV,0.04693964270127896
2025-02-09,CIV,0.0454000202752159
2025-02-10,CIV,0.040432939400230815
2025-02-11,CIV,0.03932130748512563
2025-02-12,CIV,0.027900808703961125
2025-02-13,CIV,0.04441446544911929
2025-02-14,CIV,0.03850785408126918
2025-02-15,CIV,0.025559315881568807
2025-02-16,CIV,0.15044973114256915
2025-02-17,CIV,0.05235678772706076
2025-02-18,CIV,0.04820385498156007
2025-02-19,CIV,0.036950783342971735
2025-02-20,CIV,0.08569780352853441
2025-02-21,CIV,0.04697949318385068
2025-02-22,CIV,0.04864515334825092
2025-02-23,CIV,0.00639325147773243
2025-02-24,CIV,0.006646930361554959
2025-02-25,CIV,0.005873102431280797
2025-02-26,CIV,0.009031117058844693
2025-02-27,CIV,0.005793696411489984
2025-02-28,CIV,0.005046565712304303
2025-03-01,CIV,0.005339491402868829
2025-03-02,CIV,0.029882548275890885
2025-03-03,CIV,0.04156123543044233
2025-03-04,CIV,0.02885635308922335
2025-03-05,CIV,0.05173452755383312
2025-03-06,CIV,0.030699241917704775
2025-03-07,CIV,0.030501956538347388
2025-03-08,CIV,0.02679238142641345
2025-03-09,CIV,0.023501952521212285
2025-03-10,CIV,0.022513658583430952
2025-03-11,CIV,0.018330476463005185
2025-03-12,CIV,0.06007472739829363
2025-03-13,CIV,0.020059917054284462
2025-03-14,CIV,0.058552780197467014
2025-03-15,CIV,0.16175177777017782
2025-03-16,CIV,0.04789597147480445
2025-03-17,CIV,0.04781185576773073
2025-03-18,CIV,0.04558324744189454
2025-03-19,CIV,0.047013255428075926
2025-03-20,CIV,0.05230058627908367
2025-03-21,CIV,0.049434581279256574
2025-03-22,CIV,0.005841308410144337
2025-03-23,CIV,0.00570267600702204
2025-03-24,CIV,0.005857964779041955
2025-03-25,CIV,0.006144860581703538
2025-03-26,CIV,0.006100787467819824
2025-03-27,CIV,0.006154199766054469
2025-03-28,CIV,0.005806853866681528
2024-07-01,SLE,0.020609998209765328
2024-07-02,SLE,0.00929751504375984
2024-07-03,SLE,0.01675606255949527
2024-07-04,SLE,0.008612945324578103
2024-07-05,SLE,0.009564903445534626
2024-07-06,SLE,0.012591774907648727
2024-07-07,SLE,0.0880585702592569
2024-07-08,SLE,0.02693953789606816
2024-07-09,SLE,0.012576431806034918
2024-07-10,SLE,0.014099345588683494
2024-07-11,SLE,0.018103376685119216
2024-07-12,SLE,0.015568674931701287
2024-07-13,SLE,0.0246971427416673
2024-07-14,SLE,0.013848103533408802
2024-07-15,SLE,0.063813852070362
2024-07-16,SLE,0.01680471868279838
2024-07-17,SLE,0.013861209530552709
2024-07-18,SLE,0.008979288108208361
2024-07-19,SLE,0.013297920221836144
2024-07-20,SLE,0.020497830003178404
2024-07-21,SLE,0.017550307485758036
2024-07-22,SLE,0.018022681687855483
2024-07-23,SLE,0.021463685211600293
2024-07-24,SLE,0.022277136869739173
2024-07-25,SLE,0.19303164844995804
2024-07-26,SLE,0.01769435729627684
2024-07-27,SLE,0.017465947592611403
2024-07-28,SLE,0.01929579324992516
2024-07-29,SLE,0.018654860377838256
2024-07-30,SLE,0.021981607328097744
2024-07-31,SLE,0.012896803500821978
2024-08-01,SLE,0.016409218151696856
2024-08-02,SLE,0.013738797235982423
2024-08-03,SLE,0.03754037250665811
2024-08-04,SLE,0.016678998652888063
2024-08-05,SLE,0.020108953403391524
2024-08-06,SLE,0.03262796401144337
2024-08-07,SLE,0.012555189167663442
2024-08-08,SLE,0.014112305341580686
2024-08-09,SLE,0.013560047412593378
2024-08-10,SLE,0.10090479947651261
2024-08-11,SLE,0.0639179729425461
2024-08-12,SLE,0.016054468503384326
2024-08-13,SLE,0.01266286419214465
2024-08-14,SLE,0.016894575233822724
2024-08-15,SLE,0.02070301383562302
2024-08-16,SLE,0.021465460889858068
2024-08-17,SLE,0.016263821342710535
2024-08-18,SLE,0.05042820250983813
2024-08-19,SLE,0.013913583314520618
2024-08-20,SLE,0.0119327370399511
2024-08-21,SLE,0.01571931728805328
2024-08-22,SLE,0.01740267206087647
2024-08-23,SLE,0.013843081371654296
2024-08-24,SLE,0.010897484262441217
2024-08-25,SLE,0.016018242137379516
2024-08-26,SLE,0.012734637381465344
2024-08-27,SLE,0.013297396499822879
2024-08-28,SLE,0.01907426901508799
2024-08-29,SLE,0.014403512516400848
2024-08-30,SLE,0.016084840551915534
2024-08-31,SLE,0.022634224948714903
2024-09-01,SLE,0.02051875079665396
2024-09-02,SLE,0.01998378882351909
2024-09-03,SLE,0.02015780339022102
2024-09-04,SLE,0.013081767548618627
2024-09-05,SLE,0.015892070004000267
2024-09-06,SLE,0.01597874756444687
2024-09-07,SLE,0.013127125070770677
2024-09-08,SLE,0.014867687059545815
2024-09-09,SLE,0.014229863099118296
2024-09-10,SLE,0.019874430032414916
2024-09-11,SLE,0.014224533648909363
2024-09-12,SLE,0.014594370948959249
2024-09-13,SLE,0.012982379905771045
2024-09-14,SLE,0.013372857053567042
2024-09-15,SLE,0.016445452970954066
2024-09-16,SLE,0.01767019123522138
2024-09-17,SLE,0.016477398754523656
2024-09-18,SLE,0.01356531645154819
2024-09-19,SLE,0.014373544932124742
2024-09-20,SLE,0.01555562280952507
2024-09-21,SLE,0.06560297496592864
2024-09-22,SLE,0.01801928536730911
2024-09-23,SLE,0.016030698610283445
2024-09-24,SLE,0.026722312692536603
2024-09-25,SLE,0.02305437161793625
2024-09-26,SLE,0.028161500904455426
2024-09-27,SLE,0.02290142885154893
2024-09-28,SLE,0.01731681103289981
2024-09-29,SLE,0.07298427562714525
2024-09-30,SLE,0.015444585818145165
2024-10-01,SLE,0.01532142449080985
2024-10-02,SLE,0.013345026902437095
2024-10-03,SLE,0.013322189861780418
2024-10-04,SLE,0.010328313874157712
2024-10-05,SLE,0.015365478939140425
2024-10-06,SLE,0.01653333222341903
2024-10-07,SLE,0.017221796098412023
2024-10-08,SLE,0.01116844439445996
2024-10-09,SLE,0.010155923139024867
2024-10-10,SLE,0.024284398303553882
2024-10-11,SLE,0.014201431203724383
2024-10-12,SLE,0.014393082786972577
2024-10-13,SLE,0.017733150089320984
2024-10-14,SLE,0.01977943122601977
2024-10-15,SLE,0.023538405749391807
2024-10-16,SLE,0.026229674512847835
2024-10-17,SLE,0.024629844282268484
2024-10-18,SLE,0.028571169806630024
2024-10-19,SLE,0.017159450117333396
2024-10-20,SLE,0.01807473702446404
2024-10-21,SLE,0.04073986710557745
2024-10-22,SLE,0.024693385886300677
2024-10-23,SLE,0.017654772890644474
2024-10-24,SLE,0.01699912167686245
2024-10-25,SLE,0.020883122784386324
2024-10-26,SLE,0.01317507132553187
2024-10-27,SLE,0.014104094602932231
2024-10-28,SLE,0.01575966299591433
2024-10-29,SLE,0.045761920546749504
2024-10-30,SLE,0.012518999005097514
2024-10-31,SLE,0.019245037971828062
2024-11-01,SLE,0.010879147685890985
2024-11-02,SLE,0.016729384959097003
2024-11-03,SLE,0.018591332385929187
2024-11-04,SLE,0.02070475034104728
2024-11-05,SLE,0.010019768844460047
2024-11-06,SLE,0.01114954943768988
2024-11-07,SLE,0.012339808895848096
2024-11-08,SLE,0.012981804735337464
2024-11-09,SLE,0.01635508104758436
2024-11-10,SLE,0.017919899916667842
2024-11-11,SLE,0.06339837685575955
2024-11-12,SLE,0.022147579593519064
2024-11-13,SLE,0.02181365067351762
2024-11-14,SLE,0.016613182526379982
2024-11-15,SLE,0.02131045941155407
2024-11-16,SLE,0.014146483779838263
2024-11-17,SLE,0.012051228890536619
2024-11-18,SLE,0.013449898059428039
2024-11-19,SLE,0.010034082881594885
2024-11-20,SLE,0.009237954322515389
2024-11-21,SLE,0.010577896765779181
2024-11-22,SLE,0.008244414001847323
2024-11-23,SLE,0.010560033804024236
2024-11-24,SLE,0.012762944416992167
2024-11-25,SLE,0.01244382931634631
2024-11-26,SLE,0.014169138085651248
2024-11-27,SLE,0.021743990100955575
2024-11-28,SLE,0.015951549250839962
2024-11-29,SLE,0.017444719087919145
2024-11-30,SLE,0.18261324106582152
2024-12-01,SLE,0.01619565032142634
2024-12-02,SLE,0.01884531887812863
2024-12-03,SLE,0.020281834974797696
2024-12-04,SLE,0.005368022839174364
2024-12-05,SLE,0.0052367341610205
2024-12-06,SLE,0.0048997441426476985
2024-12-07,SLE,0.005119426125892658
2024-12-08,SLE,0.005667925931824519
2024-12-09,SLE,0.005709392162637583
2024-12-10,SLE,0.005783024217726549
2024-12-11,SLE,0.014501728283796327
2024-12-12,SLE,0.010619173947998464
2024-12-13,SLE,0.01696714063992216
2024-12-14,SLE,0.06833357492707537
2024-12-15,SLE,0.033793171434913886
2024-12-16,SLE,0.03563113096613732
2024-12-17,SLE,0.03862215680821093
2024-12-18,SLE,0.036476894518968676
2024-12-19,SLE,0.10263415554236005
2024-12-20,SLE,0.026598986212538287
2024-12-21,SLE,0.036401254513617504
2024-12-22,SLE,0.041535209488938886
2024-12-23,SLE,0.04499545551994558
2024-12-24,SLE,0.03818933185329689
2024-12-25,SLE,0.053681891545479525
2024-12-26,SLE,0.07340348907779787
2024-12-27,SLE,0.05867988897176613
2024-12-28,SLE,0.036335784814162816
2024-12-29,SLE,0.04514366209284832
2024-12-30,SLE,0.051989964563312334
2024-12-31,SLE,0.04998910619624221
2025-01-01,SLE,0.032049785289687466
2025-01-02,SLE,0.0348258491202021
2025-01-03,SLE,0.02200685475003735
2025-01-04,SLE,0.02308769664332284
2025-01-05,SLE,0.026631818498421743
2025-01-06,SLE,0.03538812894031821
2025-01-07,SLE,0.01903128635746626
2025-01-08,SLE,0.017851355070635892
2025-01-09,SLE,0.02386238241160599
2025-01-10,SLE,0.020504613288274035
2025-01-11,SLE,0.16829227202751926
2025-01-12,SLE,0.056506964494206745
2025-01-13,SLE,0.012549700513519713
2025-01-14,SLE,0.010486334792387211
2025-01-15,SLE,0.01682478767083057
2025-01-16,SLE,0.012199761848695725
2025-01-17,SLE,0.012415462415485246
2025-01-18,SLE,0.013221919479462123
2025-01-19,SLE,0.013512552595105766
2025-01-20,SLE,0.06626049271029244
2025-01-21,SLE,0.018069843943605945
2025-01-22,SLE,0.02137325068346309
2025-01-23,SLE,0.017984384763090798
2025-01-24,SLE,0.019712533261939495
2025-01-25,SLE,0.016784566126624403
2025-01-26,SLE,0.018060086649869
2025-01-27,SLE,0.016100807874078946
2025-01-28,SLE,0.01179684118448137
2025-01-29,SLE,0.017501170471679085
2025-01-30,SLE,0.013658612634225823
2025-01-31,SLE,0.01289092858543008
2025-02-01,SLE,0.10446109577125873
2025-02-02,SLE,0.019146466972859856
2025-02-03,SLE,0.016565982400621623
2025-02-04,SLE,0.018554737235853505
2025-02-05,SLE,0.0250284638125752
2025-02-06,SLE,0.01829724498257062
2025-02-07,SLE,0.02149870052539641
2025-02-08,SLE,0.013895818414250801
2025-02-09,SLE,0.015146952951705912
2025-02-10,SLE,0.18960278994503726
2025-02-11,SLE,0.00967307642151996
2025-02-12,SLE,0.010783667392563099
2025-02-13,SLE,0.009692727508351779
2025-02-14,SLE,0.010516085476549697
2025-02-15,SLE,0.009762310036894888
2025-02-16,SLE,0.008272388619147924
2025-02-17,SLE,0.004972981890051715
2025-02-18,SLE,0.005311309394262009
2025-02-19,SLE,0.005243263689726844
2025-02-20,SLE,0.005299089605129968
2025-02-21,SLE,0.005327807435091358
2025-02-22,SLE,0.00498016537527607
2025-02-23,SLE,0.004894599213655564
2025-02-24,SLE,0.00999965619925499
2025-02-25,SLE,0.010011143409751525
2025-02-26,SLE,0.011165106113311694
2025-02-27,SLE,0.011704752248555852
2025-02-28,SLE,0.012850608653084634
2025-03-01,SLE,0.01565176580103355
2025-03-02,SLE,0.01953458950046717
2025-03-03,SLE,0.031199741785760324
2025-03-04,SLE,0.015219733110360135
2025-03-05,SLE,0.012964564603154278
2025-03-06,SLE,0.013684545472382141
2025-03-07,SLE,0.013281086435352286
2025-03-08,SLE,0.01120323204264215
2025-03-09,SLE,0.01156483689399169
2025-03-10,SLE,0.011540339711004446
2025-03-11,SLE,0.014692135098176622
2025-03-12,SLE,0.01810986848189578
2025-03-13,SLE,0.021724820931519232
2025-03-14,SLE,0.02591715509368732
2025-03-15,SLE,0.024001210787902797
2025-03-16,SLE,0.02775170036835281
2025-03-17,SLE,0.023673542883014976
2025-03-18,SLE,0.027532292697237955
2025-03-19,SLE,0.013318028073736277
2025-03-20,SLE,0.015529945951787388
2025-03-21,SLE,0.01155834867493497
2025-03-22,SLE,0.014374116635126085
2025-03-23,SLE,0.015606167668903843
2025-03-24,SLE,0.016755150520247127
2025-03-25,SLE,0.017850675465028408
2025-03-26,SLE,0.013445255614330678
2025-03-27,SLE,0.014981183047925591
2025-03-28,SLE,0.011758925762500677
2024-07-01,TGO,0.007404096853401807
2024-07-02,TGO,0.005805434451586047
2024-07-03,TGO,0.006538941649328924
2024-07-04,TGO,0.007096517078959598
2024-07-05,TGO,0.007619845048944252
2024-07-06,TGO,0.008352849056676761
2024-07-07,TGO,0.007547920133200427
2024-07-08,TGO,0.008171124197763537
2024-07-09,TGO,0.030325277586326242
2024-07-10,TGO,0.029946036787984923
2024-07-11,TGO,0.0480353606239033
2024-07-12,TGO,0.024892850647574395
2024-07-13,TGO,0.03397041519473702
2024-07-14,TGO,0.04808618591154851
2024-07-15,TGO,0.040319290932739935
2024-07-16,TGO,0.050555753587467236
2024-07-17,TGO,0.04059108348185872
2024-07-18,TGO,0.03454583257881328
2024-07-19,TGO,0.1931219403714349
2024-07-20,TGO,0.20216481454049778
2024-07-21,TGO,0.15666295273911607
2024-07-22,TGO,0.09487283490320045
2024-07-23,TGO,0.08296158082327874
2024-07-24,TGO,0.0832249478170053
2024-07-25,TGO,0.0737827484259478
2024-07-26,TGO,0.1908086301471639
2024-07-27,TGO,0.003843431422371204
2024-07-28,TGO,0.003914726342586233
2024-07-29,TGO,0.003804377082623443
2024-07-30,TGO,0.0037538389600033093
2024-07-31,TGO,0.003871265885834527
2024-08-01,TGO,0.003908098796995242
2024-08-02,TGO,0.0038702353529467518
2024-08-03,TGO,0.009812544385720568
2024-08-04,TGO,0.012218116943891097
2024-08-05,TGO,0.013241995622549671
2024-08-06,TGO,0.17594873337671785
2024-08-07,TGO,0.15195332802166764
2024-08-08,TGO,0.013903098074937219
2024-08-09,TGO,0.02881949823063653
2024-08-10,TGO,0.052871733639657796
2024-08-11,TGO,0.05714507578223241
2024-08-12,TGO,0.05044334811952322
2024-08-13,TGO,0.00959478599425571
2024-08-14,TGO,0.009802826681963786
2024-08-15,TGO,0.18488968269242997
2024-08-16,TGO,0.08203643255281935
2024-08-17,TGO,0.007768509138799177
2024-08-18,TGO,0.00922408603403038
2024-08-19,TGO,0.027194711966221863
2024-08-20,TGO,0.03902050387266521
2024-08-21,TGO,0.0344122871772063
2024-08-22,TGO,0.027985503483263802
2024-08-23,TGO,0.022954596225308627
2024-08-24,TGO,0.02841203034061666
2024-08-25,TGO,0.11458204866080318
2024-08-26,TGO,0.02513189569014035
2024-08-27,TGO,0.028140259548958213
2024-08-28,TGO,0.0365916222847861
2024-08-29,TGO,0.04900709150229359
2024-08-30,TGO,0.05361093028427413
2024-08-31,TGO,0.07194492548327026
2024-09-01,TGO,0.0666274594285915
2024-09-02,TGO,0.06644998080126599
2024-09-03,TGO,0.06281834566978677
2024-09-04,TGO,0.09433895202596908
2024-09-05,TGO,0.03655280056563548
2024-09-06,TGO,0.024474554643020664
2024-09-07,TGO,0.0282837783811895
2024-09-08,TGO,0.02636698528715066
2024-09-09,TGO,0.03204595708922751
2024-09-10,TGO,0.03298283432446683
2024-09-11,TGO,0.03632921073534487
2024-09-12,TGO,0.017795409449711322
2024-09-13,TGO,0.012307412329396706
2024-09-14,TGO,0.020944384462421913
2024-09-15,TGO,0.021981359958618173
2024-09-16,TGO,0.02847934212789517
2024-09-17,TGO,0.028956412219090212
2024-09-18,TGO,0.018052174718186632
2024-09-19,TGO,0.019517172242267844
2024-09-20,TGO,0.027322997421414814
2024-09-21,TGO,0.018341634265648766
2024-09-22,TGO,0.01962179500382802
2024-09-23,TGO,0.19133569554327245
2024-09-24,TGO,0.021014505951933306
2024-09-25,TGO,0.023824275531799707
2024-09-26,TGO,0.024213460609878584
2024-09-27,TGO,0.019485453235219
2024-09-28,TGO,0.01953127060787899
2024-09-29,TGO,0.018910650259765405
2024-09-30,TGO,0.009121373995772371
2024-10-01,TGO,0.009533166707275848
2024-10-02,TGO,0.1904454891795762
2024-10-03,TGO,0.04121678778926156
2024-10-04,TGO,0.04236574365249199
2024-10-05,TGO,0.01119494312831601
2024-10-06,TGO,0.010839038282766483
2024-10-07,TGO,0.01771155369047933
2024-10-08,TGO,0.014549542807388278
2024-10-09,TGO,0.004389342909889559
2024-10-10,TGO,0.004542171744082771
2024-10-11,TGO,0.004537009402026026
2024-10-12,TGO,0.004573403218968262
2024-10-13,TGO,0.004994079216115479
2024-10-14,TGO,0.004547763793420736
2024-10-15,TGO,0.004534982440186472
2024-10-16,TGO,0.12170928965224674
2024-10-17,TGO,0.039028096561557264
2024-10-18,TGO,0.08766291610429564
2024-10-19,TGO,0.18505082835887668
2024-10-20,TGO,0.1759769529491126
2024-10-21,TGO,0.028197678498678855
2024-10-22,TGO,0.0389522907943889
2024-10-23,TGO,0.06397755037748197
2024-10-24,TGO,0.06620655487094991
2024-10-25,TGO,0.16814769417169048
2024-10-26,TGO,0.013611043707037649
2024-10-27,TGO,0.017512559313150558
2024-10-28,TGO,0.04743156295495115
2024-10-29,TGO,0.02316771027995393
2024-10-30,TGO,0.026729138479557775
2024-10-31,TGO,0.022661264495652228
2024-11-01,TGO,0.0072685786496938685
2024-11-02,TGO,0.050852174731677045
2024-11-03,TGO,0.0073534335763549
2024-11-04,TGO,0.00769599532381286
2024-11-05,TGO,0.0065985574175043945
2024-11-06,TGO,0.006714810110394996
2024-11-07,TGO,0.006153168725756246
2024-11-08,TGO,0.03361119718175741
2024-11-09,TGO,0.1911424041251187
2024-11-10,TGO,0.04611486096283629
2024-11-11,TGO,0.06479011192140005
2024-11-12,TGO,0.015187433859774002
2024-11-13,TGO,0.027998580725538774
2024-11-14,TGO,0.17976601789832153
2024-11-15,TGO,0.16914356414078302
2024-11-16,TGO,0.005501860814934445
2024-11-17,TGO,0.005578079095327458
2024-11-18,TGO,0.005796225700180777
2024-11-19,TGO,0.1326526634784016
2024-11-20,TGO,0.09208279086520332
2024-11-21,TGO,0.006100759078141862
2024-11-22,TGO,0.00561339443024296
2024-11-23,TGO,0.03315633399144549
2024-11-24,TGO,0.12986367285747566
2024-11-25,TGO,0.02763990392236567
2024-11-26,TGO,0.020949340832783638
2024-11-27,TGO,0.018535133940844172
2024-11-28,TGO,0.015708971474312928
2024-11-29,TGO,0.07385076806848137
2024-11-30,TGO,0.018242737024943598
2024-12-01,TGO,0.012831315734286518
2024-12-02,TGO,0.010676198656926992
2024-12-03,TGO,0.026905177413717757
2024-12-04,TGO,0.037325859159025775
2024-12-05,TGO,0.043998170186996456
2024-12-06,TGO,0.041041534714329204
2024-12-07,TGO,0.04328532201347428
2024-12-08,TGO,0.04447698856274235
2024-12-09,TGO,0.05525136977443039
2024-12-10,TGO,0.05881383298277722
2024-12-11,TGO,0.050108785797872396
2024-12-12,TGO,0.03821082152106426
2024-12-13,TGO,0.047684981456967326
2024-12-14,TGO,0.04738060473519058
2024-12-15,TGO,0.07738765944794677
2024-12-16,TGO,0.04221726913578536
2024-12-17,TGO,0.0439772707157463
2024-12-18,TGO,0.02683154423441438
2024-12-19,TGO,0.046568663254754276
2024-12-20,TGO,0.05275938750150891
2024-12-21,TGO,0.031267709268028625
2024-12-22,TGO,0.04623297639916224
2024-12-23,TGO,0.04229282867496266
2024-12-24,TGO,0.049324939598973896
2024-12-25,TGO,0.0546106386590804
2024-12-26,TGO,0.02272255160623646
2024-12-27,TGO,0.023834643080488598
2024-12-28,TGO,0.021261662770364002
2024-12-29,TGO,0.025889397042650805
2024-12-30,TGO,0.023267128188885388
2024-12-31,TGO,0.027270889926180673
2025-01-01,TGO,0.024397770194976458
2025-01-02,TGO,0.1402085785722169
2025-01-03,TGO,0.01549761735441965
2025-01-04,TGO,0.09472138043095746
2025-01-05,TGO,0.03437323636046775
2025-01-06,TGO,0.023883675849706586
2025-01-07,TGO,0.020482620247966574
2025-01-08,TGO,0.016149446739357268
2025-01-09,TGO,0.020747807331122234
2025-01-10,TGO,0.02606531590029941
2025-01-11,TGO,0.010579008967793459
2025-01-12,TGO,0.1581127724143466
2025-01-13,TGO,0.015258104433308634
2025-01-14,TGO,0.04713736558980569
2025-01-15,TGO,0.027223821709368552
2025-01-16,TGO,0.015470262498861838
2025-01-17,TGO,0.012839802540374088
2025-01-18,TGO,0.015112885396065673
2025-01-19,TGO,0.11602653640018873
2025-01-20,TGO,0.012035840747446019
2025-01-21,TGO,0.010947268411848881
2025-01-22,TGO,0.009995539272042898
2025-01-23,TGO,0.009156106963310835
2025-01-24,TGO,0.010035622520951934
2025-01-25,TGO,0.007383335046887543
2025-01-26,TGO,0.005987691712181767
2025-01-27,TGO,0.005970043562359283
2025-01-28,TGO,0.005895347597293571
2025-01-29,TGO,0.0061252211444387215
2025-01-30,TGO,0.006492728310704632
2025-01-31,TGO,0.0057159960583649016
2025-02-01,TGO,0.007668768460801702
2025-02-02,TGO,0.018545154095716977
2025-02-03,TGO,0.01896489204246108
2025-02-04,TGO,0.02084741925677482
2025-02-05,TGO,0.021462562187878745
2025-02-06,TGO,0.03200290130118207
2025-02-07,TGO,0.02990991901549687
2025-02-08,TGO,0.024764753673089824
2025-02-09,TGO,0.03641565101954127
2025-02-10,TGO,0.038910457066851346
2025-02-11,TGO,0.02740432842078042
2025-02-12,TGO,0.03307753785339655
2025-02-13,TGO,0.03223378263847871
2025-02-14,TGO,0.048060399673918563
2025-02-15,TGO,0.027470875437144465
2025-02-16,TGO,0.03340515045709368
2025-02-17,TGO,0.02032546464231097
2025-02-18,TGO,0.015163838274286095
2025-02-19,TGO,0.016335624858285873
2025-02-20,TGO,0.015926487533605496
2025-02-21,TGO,0.010567055297483526
2025-02-22,TGO,0.012607391530063423
2025-02-23,TGO,0.01899617544340549
2025-02-24,TGO,0.0232907749984516
2025-02-25,TGO,0.012006372901293189
2025-02-26,TGO,0.011547709964734056
2025-02-27,TGO,0.013100051737406937
2025-02-28,TGO,0.014491950820563204
2025-03-01,TGO,0.01812256388001777
2025-03-02,TGO,0.021221440219229
2025-03-03,TGO,0.01644764185688668
2025-03-04,TGO,0.010103671496338755
2025-03-05,TGO,0.011363163392915295
2025-03-06,TGO,0.011882717304382713
2025-03-07,TGO,0.01245384639804156
2025-03-08,TGO,0.011281693743215495
2025-03-09,TGO,0.01072596558925301
2025-03-10,TGO,0.010610580955304148
2025-03-11,TGO,0.01105115772525815
2025-03-12,TGO,0.013368431112968962
2025-03-13,TGO,0.011576537896394496
2025-03-14,TGO,0.015087699076246224
2025-03-15,TGO,0.01545777149246707
2025-03-16,TGO,0.017353162739479525
2025-03-17,TGO,0.012649798876781375
2025-03-18,TGO,0.012381042142636248
2025-03-19,TGO,0.012170001597589545
2025-03-20,TGO,0.016319532366833502
2025-03-21,TGO,0.015523495869080148
2025-03-22,TGO,0.013350249798242387
2025-03-23,TGO,0.014633318452489528
2025-03-24,TGO,0.01436524773397514
2025-03-25,TGO,0.015397694493816314
2025-03-26,TGO,0.014147084820591325
2025-03-27,TGO,0.01415687794849019
2025-03-28,TGO,0.01250042243741591
2024-07-01,COD,0.012633291281314803
2024-07-02,COD,0.010448322483506795
2024-07-03,COD,0.06498944195139753
2024-07-04,COD,0.01256232842581832
2024-07-05,COD,0.006519461585362427
2024-07-06,COD,0.005716872466191864
2024-07-07,COD,0.0053573005651737
2024-07-08,COD,0.005425311969817289
2024-07-09,COD,0.004966320213325152
2024-07-10,COD,0.006266557452258724
2024-07-11,COD,0.08448698190865912
2024-07-12,COD,0.009346212875756894
2024-07-13,COD,0.15684827802514775
2024-07-14,COD,0.09004763744339375
2024-07-15,COD,0.13813882884063197
2024-07-16,COD,0.13046230779185433
2024-07-17,COD,0.13272980776242294
2024-07-18,COD,0.017997958443441382
2024-07-19,COD,0.14970894471893656
2024-07-20,COD,0.006016952134282092
2024-07-21,COD,0.004309063472547327
2024-07-22,COD,0.00439675976183674
2024-07-23,COD,0.008017811540447678
2024-07-24,COD,0.0039669705644591975
2024-07-25,COD,0.004244715973655194
2024-07-26,COD,0.004676655733333429
2024-07-27,COD,0.015036037138601249
2024-07-28,COD,0.017736263381748402
2024-07-29,COD,0.008547210359904798
2024-07-30,COD,0.008513726988164194
2024-07-31,COD,0.0039770465186064925
2024-08-01,COD,0.00402246245537715
2024-08-02,COD,0.00423861701229249
2024-08-03,COD,0.004215919054498031
2024-08-04,COD,0.004035052933394451
2024-08-05,COD,0.004030957797502705
2024-08-06,COD,0.0042047955520322896
2024-08-07,COD,0.008194941992040357
2024-08-08,COD,0.010233707183149338
2024-08-09,COD,0.02409925406206106
2024-08-10,COD,0.10866328534021154
2024-08-11,COD,0.02312039734651572
2024-08-12,COD,0.030968741485726432
2024-08-13,COD,0.07981579749432241
2024-08-14,COD,0.10795647312726325
2024-08-15,COD,0.1447297658976987
2024-08-16,COD,0.0999636368941654
2024-08-17,COD,0.009198961056697668
2024-08-18,COD,0.012331359906518893
2024-08-19,COD,0.018207583672225774
2024-08-20,COD,0.08285728148692237
2024-08-21,COD,0.00646586952023352
2024-08-22,COD,0.005320841712753253
2024-08-23,COD,0.010135285929228976
2024-08-24,COD,0.017151257663488857
2024-08-25,COD,0.01003751197470594
2024-08-26,COD,0.008146104578933557
2024-08-27,COD,0.012907255988409503
2024-08-28,COD,0.09674641336348166
2024-08-29,COD,0.023990840554897964
2024-08-30,COD,0.06977752477372404
2024-08-31,COD,0.019697851835969803
2024-09-01,COD,0.023983764982018502
2024-09-02,COD,0.013275671013835273
2024-09-03,COD,0.022288575443382506
2024-09-04,COD,0.012155966853711198
2024-09-05,COD,0.00811529972773399
2024-09-06,COD,0.0068708986741874
2024-09-07,COD,0.005641192171155757
2024-09-08,COD,0.06288896046018122
2024-09-09,COD,0.009601690157629966
2024-09-10,COD,0.019205605703032123
2024-09-11,COD,0.04026704500624143
2024-09-12,COD,0.048785324426492305
2024-09-13,COD,0.09007103118461827
2024-09-14,COD,0.01355536757072544
2024-09-15,COD,0.010630470997927445
2024-09-16,COD,0.12198992753567732
2024-09-17,COD,0.021784996483281787
2024-09-18,COD,0.022965418183825147
2024-09-19,COD,0.11121358202053311
2024-09-20,COD,0.021941726517617614
2024-09-21,COD,0.01598638965772413
2024-09-22,COD,0.10178190879193302
2024-09-23,COD,0.11760553826663223
2024-09-24,COD,0.06355621906773481
2024-09-25,COD,0.08373070284853443
2024-09-26,COD,0.0482197095834634
2024-09-27,COD,0.007822851369602762
2024-09-28,COD,0.007772541732855963
2024-09-29,COD,0.012336821640889574
2024-09-30,COD,0.005767639589900358
2024-10-01,COD,0.005699018027068016
2024-10-02,COD,0.005325153125261106
2024-10-03,COD,0.006264689484323786
2024-10-04,COD,0.006107366622802565
2024-10-05,COD,0.008093034633481436
2024-10-06,COD,0.005407784848738896
2024-10-07,COD,0.0087437456406915
2024-10-08,COD,0.09403449300843897
2024-10-09,COD,0.017776185930681802
2024-10-10,COD,0.016943342992487686
2024-10-11,COD,0.02680436785701569
2024-10-12,COD,0.00891307290008421
2024-10-13,COD,0.013521461356058969
2024-10-14,COD,0.05320430349674228
2024-10-15,COD,0.020341889552428723
2024-10-16,COD,0.006773498348488254
2024-10-17,COD,0.005544228143934436
2024-10-18,COD,0.07044377503222678
2024-10-19,COD,0.009577741129131562
2024-10-20,COD,0.0312658784489844
2024-10-21,COD,0.0066015060760089474
2024-10-22,COD,0.01854867141449425
2024-10-23,COD,0.13467847879355205
2024-10-24,COD,0.0747913259848956
2024-10-25,COD,0.05067970627908244
2024-10-26,COD,0.05899310082485866
2024-10-27,COD,0.011216277177841719
2024-10-28,COD,0.023986255184393707
2024-10-29,COD,0.017429846529952265
2024-10-30,COD,0.011790065473144876
2024-10-31,COD,0.0049859722979228764
2024-11-01,COD,0.007330752370224931
2024-11-02,COD,0.005099071972564885
2024-11-03,COD,0.005311998136619488
2024-11-04,COD,0.005401058993916382
2024-11-05,COD,0.00626935303397318
2024-11-06,COD,0.014446919210105937
2024-11-07,COD,0.022771280176610495
2024-11-08,COD,0.011299103045996328
2024-11-09,COD,0.0496808109392515
2024-11-10,COD,0.027345225936241925
2024-11-11,COD,0.020499889242180564
2024-11-12,COD,0.013809745944732938
2024-11-13,COD,0.04656376786628807
2024-11-14,COD,0.05628493339564121
2024-11-15,COD,0.14649102983837906
2024-11-16,COD,0.01694995051623129
2024-11-17,COD,0.010450994003949042
2024-11-18,COD,0.016109793881537736
2024-11-19,COD,0.008696943551556226
2024-11-20,COD,0.010085796363780519
2024-11-21,COD,0.007633841755556561
2024-11-22,COD,0.024389324994891784
2024-11-23,COD,0.01580511399495805
2024-11-24,COD,0.016556830587957164
2024-11-25,COD,0.014941403363178387
2024-11-26,COD,0.007586771479656241
2024-11-27,COD,0.007808158963090654
2024-11-28,COD,0.009361776148529228
2024-11-29,COD,0.012362311509145262
2024-11-30,COD,0.009300092799098922
2024-12-01,COD,0.056668740470278936
2024-12-02,COD,0.007596880195608776
2024-12-03,COD,0.008784993681404165
2024-12-04,COD,0.05517901200190192
2024-12-05,COD,0.02972877183296927
2024-12-06,COD,0.04892827806048451
2024-12-07,COD,0.10215016783012287
2024-12-08,COD,0.03047150707934276
2024-12-09,COD,0.03500552545088364
2024-12-10,COD,0.006106388037930937
2024-12-11,COD,0.03519240500477981
2024-12-12,COD,0.00784829328785599
2024-12-13,COD,0.015202800632924644
2024-12-14,COD,0.012979784876020023
2024-12-15,COD,0.04402086838701583
2024-12-16,COD,0.013303076145966321
2024-12-17,COD,0.0337520536805108
2024-12-18,COD,0.047849690346962966
2024-12-19,COD,0.009240480818295009
2024-12-20,COD,0.008079315388285279
2024-12-21,COD,0.05565478315326838
2024-12-22,COD,0.00971736105011905
2024-12-23,COD,0.013271329827736938
2024-12-24,COD,0.02823337304890133
2024-12-25,COD,0.13880587475413605
2024-12-26,COD,0.08798603484398163
2024-12-27,COD,0.019091849657877392
2024-12-28,COD,0.006277737721758931
2024-12-29,COD,0.012685054873124312
2024-12-30,COD,0.006028066552950125
2024-12-31,COD,0.076151314359261
2025-01-01,COD,0.004823272044634666
2025-01-02,COD,0.004116329888649623
2025-01-03,COD,0.003889280915949423
2025-01-04,COD,0.0039561902597985135
2025-01-05,COD,0.004056578540603269
2025-01-06,COD,0.004089324985735933
2025-01-07,COD,0.003993606677371308
2025-01-08,COD,0.012877742700313879
2025-01-09,COD,0.06270617863335945
2025-01-10,COD,0.07294281496785629
2025-01-11,COD,0.014673014380263664
2025-01-12,COD,0.12671434359156597
2025-01-13,COD,0.059746055064090454
2025-01-14,COD,0.010259443088221309
2025-01-15,COD,0.1503127223773172
2025-01-16,COD,0.016167242650376744
2025-01-17,COD,0.04336051296637119
2025-01-18,COD,0.026251825356315282
2025-01-19,COD,0.12456090928065013
2025-01-20,COD,0.10960613833951072
2025-01-21,COD,0.09704765685110471
2025-01-22,COD,0.006072824278094409
2025-01-23,COD,0.005901697154385824
2025-01-24,COD,0.004310610375378663
2025-01-25,COD,0.008145167610967832
2025-01-26,COD,0.004475632340447791
2025-01-27,COD,0.014524981391678987
2025-01-28,COD,0.0155453135277428
2025-01-29,COD,0.11458766312366325
2025-01-30,COD,0.029158630147179426
2025-01-31,COD,0.0314517159429831
2025-02-01,COD,0.004035323909016929
2025-02-02,COD,0.0046007735218573575
2025-02-03,COD,0.004163240554405581
2025-02-04,COD,0.004205045565394077
2025-02-05,COD,0.004290301247272002
2025-02-06,COD,0.006028924168681712
2025-02-07,COD,0.006615864205900173
2025-02-08,COD,0.004151050164840138
2025-02-09,COD,0.006646823806653236
2025-02-10,COD,0.00725134555799255
2025-02-11,COD,0.006499625153544811
2025-02-12,COD,0.09919717667405276
2025-02-13,COD,0.14969869970016025
2025-02-14,COD,0.03602506897047351
2025-02-15,COD,0.07352957081454903
2025-02-16,COD,0.03931407423241618
2025-02-17,COD,0.004245794911267808
2025-02-18,COD,0.00416038134776167
2025-02-19,COD,0.004077756251056155
2025-02-20,COD,0.00440371768352793
2025-02-21,COD,0.004042845256629923
2025-02-22,COD,0.007812343976871456
2025-02-23,COD,0.004437186301099516
2025-02-24,COD,0.004173838406099283
2025-02-25,COD,0.005817220190978936
2025-02-26,COD,0.004915008031659813
2025-02-27,COD,0.006329423111651551
2025-02-28,COD,0.005433784112969678
2025-03-01,COD,0.007152241051835855
2025-03-02,COD,0.005490009114815075
2025-03-03,COD,0.025719795545326777
2025-03-04,COD,0.012155468079738477
2025-03-05,COD,0.021022259058758062
2025-03-06,COD,0.005561040832829458
2025-03-07,COD,0.013381104311851804
2025-03-08,COD,0.007308106030768156
2025-03-09,COD,0.009715670784239117
2025-03-10,COD,0.02374419917034349
2025-03-11,COD,0.011097091841928473
2025-03-12,COD,0.004668224423063787
2025-03-13,COD,0.005268044037727273
2025-03-14,COD,0.004942127532287985
2025-03-15,COD,0.004735731703348504
2025-03-16,COD,0.004978296047496371
2025-03-17,COD,0.005800968084482019
2025-03-18,COD,0.007429004139301924
2025-03-19,COD,0.02903694048994472
2025-03-20,COD,0.01667926066791634
2025-03-21,COD,0.01892859793081239
2025-03-22,COD,0.009492706919648307
2025-03-23,COD,0.028658410076966366
2025-03-24,COD,0.009677870098958073
2025-03-25,COD,0.004885916448559128
2025-03-26,COD,0.005352866218047218
2025-03-27,COD,0.00482762283990488
2025-03-28,COD,0.004926208682444565
2024-07-01,CAF,0.008794864517972772
2024-07-02,CAF,0.19919043406906928
2024-07-03,CAF,0.00990469611589995
2024-07-04,CAF,0.025526563295431067
2024-07-05,CAF,0.01176544663726632
2024-07-06,CAF,0.16376774845912453
2024-07-07,CAF,0.014202219796700827
2024-07-08,CAF,0.014350509959938732
2024-07-09,CAF,0.005708859489221263
2024-07-10,CAF,0.006093912797458661
2024-07-11,CAF,0.005826673593647278
2024-07-12,CAF,0.005348759230479588
2024-07-13,CAF,0.007000472040234121
2024-07-14,CAF,0.00837930131167629
2024-07-15,CAF,0.005543618323977479
2024-07-16,CAF,0.014070508756851825
2024-07-17,CAF,0.10322024176482844
2024-07-18,CAF,0.018692728979193503
2024-07-19,CAF,0.01684748276451656
2024-07-20,CAF,0.14809453597770347
2024-07-21,CAF,0.06591068810406764
2024-07-22,CAF,0.037904663043799025
2024-07-23,CAF,0.06571727749425076
2024-07-24,CAF,0.023507302963026992
2024-07-25,CAF,0.03626642799812318
2024-07-26,CAF,0.02345294939827292
2024-07-27,CAF,0.03340219587223002
2024-07-28,CAF,0.023575705398481594
2024-07-29,CAF,0.026872954754131248
2024-07-30,CAF,0.01706786991494929
2024-07-31,CAF,0.19713266195872414
2024-08-01,CAF,0.033480203699791045
2024-08-02,CAF,0.06398025726298275
2024-08-03,CAF,0.14652702663204958
2024-08-04,CAF,0.05944538987814528
2024-08-05,CAF,0.0684994429594629
2024-08-06,CAF,0.056983562973572266
2024-08-07,CAF,0.10385930183627295
2024-08-08,CAF,0.03894082130015772
2024-08-09,CAF,0.03322131835274052
2024-08-10,CAF,0.020919169891849537
2024-08-11,CAF,0.012462633248416937
2024-08-12,CAF,0.04830329722338082
2024-08-13,CAF,0.1630196659010906
2024-08-14,CAF,0.052587188873649104
2024-08-15,CAF,0.024280994442759062
2024-08-16,CAF,0.17856778135533866
2024-08-17,CAF,0.046724664687953756
2024-08-18,CAF,0.02610443109058542
2024-08-19,CAF,0.09141572782227042
2024-08-20,CAF,0.006235960962222679
2024-08-21,CAF,0.01756944737075558
2024-08-22,CAF,0.006968221016202611
2024-08-23,CAF,0.011239006312989719
2024-08-24,CAF,0.006501272909115661
2024-08-25,CAF,0.007682313833822887
2024-08-26,CAF,0.009225563461923877
2024-08-27,CAF,0.00855055888469293
2024-08-28,CAF,0.008880628260262272
2024-08-29,CAF,0.16902278398071147
2024-08-30,CAF,0.04896370728855821
2024-08-31,CAF,0.024845664059873495
2024-09-01,CAF,0.037115580740637935
2024-09-02,CAF,0.029747954766929846
2024-09-03,CAF,0.13079557425663743
2024-09-04,CAF,0.07970837421131231
2024-09-05,CAF,0.011701863982403913
2024-09-06,CAF,0.014232640093402514
2024-09-07,CAF,0.01312090007029908
2024-09-08,CAF,0.013118178119961603
2024-09-09,CAF,0.025743086896013304
2024-09-10,CAF,0.09874263300577478
2024-09-11,CAF,0.009538764685068766
2024-09-12,CAF,0.1550771207196397
2024-09-13,CAF,0.05299735341083636
2024-09-14,CAF,0.08144282648639996
2024-09-15,CAF,0.07575601090502529
2024-09-16,CAF,0.0494633081666915
2024-09-17,CAF,0.04180405532064275
2024-09-18,CAF,0.030866669104339158
2024-09-19,CAF,0.02796373764392043
2024-09-20,CAF,0.029672930533379105
2024-09-21,CAF,0.18419020333565891
2024-09-22,CAF,0.03359713005550938
2024-09-23,CAF,0.04605277891286987
2024-09-24,CAF,0.016928704536569427
2024-09-25,CAF,0.011398394799098844
2024-09-26,CAF,0.08922485156593606
2024-09-27,CAF,0.09116322582673012
2024-09-28,CAF,0.011648664645761087
2024-09-29,CAF,0.013491882523518229
2024-09-30,CAF,0.010711509017887304
2024-10-01,CAF,0.02969935964923749
2024-10-02,CAF,0.011554758638607027
2024-10-03,CAF,0.0657282002116326
2024-10-04,CAF,0.013166838218064244
2024-10-05,CAF,0.08473602181832969
2024-10-06,CAF,0.19800879152893933
2024-10-07,CAF,0.1290544060503182
2024-10-08,CAF,0.09463263970368516
2024-10-09,CAF,0.07030074987119751
2024-10-10,CAF,0.02351248867943313
2024-10-11,CAF,0.057557515675822325
2024-10-12,CAF,0.019923488451502786
2024-10-13,CAF,0.0093215136986442
2024-10-14,CAF,0.006514750262263498
2024-10-15,CAF,0.015103001647651451
2024-10-16,CAF,0.006097485957143386
2024-10-17,CAF,0.009704569770592265
2024-10-18,CAF,0.0053449810887922665
2024-10-19,CAF,0.00592028289473263
2024-10-20,CAF,0.03217470941741119
2024-10-21,CAF,0.029745268651900032
2024-10-22,CAF,0.01655550591606949
2024-10-23,CAF,0.02740379260732902
2024-10-24,CAF,0.015644700446582376
2024-10-25,CAF,0.016246169447164487
2024-10-26,CAF,0.020401812568644033
2024-10-27,CAF,0.013075849755738004
2024-10-28,CAF,0.03184961568037057
2024-10-29,CAF,0.0410454003394673
2024-10-30,CAF,0.04218603270315295
2024-10-31,CAF,0.11288316353094996
2024-11-01,CAF,0.04559792507143279
2024-11-02,CAF,0.0615665606747087
2024-11-03,CAF,0.05745023456363248
2024-11-04,CAF,0.10187072826406489
2024-11-05,CAF,0.05477337616099722
2024-11-06,CAF,0.1671161311926175
2024-11-07,CAF,0.09133356165477975
2024-11-08,CAF,0.07059473776819522
2024-11-09,CAF,0.1383677374238064
2024-11-10,CAF,0.1450463689052239
2024-11-11,CAF,0.0693563414779722
2024-11-12,CAF,0.12682460758344888
2024-11-13,CAF,0.027605565581714307
2024-11-14,CAF,0.05591021624319751
2024-11-15,CAF,0.0274214494042857
2024-11-16,CAF,0.016142673247168424
2024-11-17,CAF,0.020604560592186436
2024-11-18,CAF,0.051515727641561364
2024-11-19,CAF,0.019911339765017768
2024-11-20,CAF,0.02149191663616364
2024-11-21,CAF,0.020878157396378317
2024-11-22,CAF,0.02048808403939107
2024-11-23,CAF,0.014000824935151788
2024-11-24,CAF,0.05238146492020601
2024-11-25,CAF,0.19796061203475268
2024-11-26,CAF,0.02487221289045951
2024-11-27,CAF,0.04730052860065752
2024-11-28,CAF,0.041771037371076555
2024-11-29,CAF,0.04552546302057033
2024-11-30,CAF,0.04157053799980075
2024-12-01,CAF,0.06574994394306445
2024-12-02,CAF,0.010093835721767312
2024-12-03,CAF,0.012837642471164744
2024-12-04,CAF,0.05144094179386664
2024-12-05,CAF,0.014887573262943772
2024-12-06,CAF,0.01059284156123906
2024-12-07,CAF,0.011268378416121721
2024-12-08,CAF,0.03878107415689927
2024-12-09,CAF,0.13904785565888977
2024-12-10,CAF,0.15157126646898525
2024-12-11,CAF,0.04598575561945333
2024-12-12,CAF,0.025774818397223023
2024-12-13,CAF,0.037942159362084955
2024-12-14,CAF,0.02661437802485797
2024-12-15,CAF,0.03909319284926514
2024-12-16,CAF,0.020598002712964907
2024-12-17,CAF,0.019983502200077313
2024-12-18,CAF,0.0185348098600306
2024-12-19,CAF,0.029285981704033695
2024-12-20,CAF,0.031839144754391126
2024-12-21,CAF,0.01959369027148889
2024-12-22,CAF,0.13325745991448265
2024-12-23,CAF,0.18570466472514544
2024-12-24,CAF,0.18601326946674823
2024-12-25,CAF,0.17963302096534578
2024-12-26,CAF,0.1389995659741921
2024-12-27,CAF,0.15759021137135232
2024-12-28,CAF,0.17077588368257648
2024-12-29,CAF,0.0546088432756483
2024-12-30,CAF,0.01805109115258381
2024-12-31,CAF,0.00920756207782346
2025-01-01,CAF,0.032162469953564254
2025-01-02,CAF,0.006216407657519648
2025-01-03,CAF,0.0061686575826270275
2025-01-04,CAF,0.005931848804434689
2025-01-05,CAF,0.01188505963015749
2025-01-06,CAF,0.013793733617625469
2025-01-07,CAF,0.012202539568502261
2025-01-08,CAF,0.19389905392831938
2025-01-09,CAF,0.02991878817636366
2025-01-10,CAF,0.13467719821020896
2025-01-11,CAF,0.10481638250485867
2025-01-12,CAF,0.07271506809717677
2025-01-13,CAF,0.04886893146308324
2025-01-14,CAF,0.03342627459680364
2025-01-15,CAF,0.1644288147278294
2025-01-16,CAF,0.0634873373812799
2025-01-17,CAF,0.04830026242936731
2025-01-18,CAF,0.13272068627095934
2025-01-19,CAF,0.01136540470873733
2025-01-20,CAF,0.05913470718764826
2025-01-21,CAF,0.1956315999374861
2025-01-22,CAF,0.06424667001430204
2025-01-23,CAF,0.020147836797412923
2025-01-24,CAF,0.017431376027370656
2025-01-25,CAF,0.008141572110275453
2025-01-26,CAF,0.01013720326970823
2025-01-27,CAF,0.008658398028950551
2025-01-28,CAF,0.054777009057769624
2025-01-29,CAF,0.007968012399885073
2025-01-30,CAF,0.009221176787275359
2025-01-31,CAF,0.008777633074555362
2025-02-01,CAF,0.007358956648351363
2025-02-02,CAF,0.009962111607179278
2025-02-03,CAF,0.15898759506739504
2025-02-04,CAF,0.020407246080260188
2025-02-05,CAF,0.04335461702124245
2025-02-06,CAF,0.012097221520388259
2025-02-07,CAF,0.013241261092281914
2025-02-08,CAF,0.016666584803967623
2025-02-09,CAF,0.010429249335842562
2025-02-10,CAF,0.005900162164224297
2025-02-11,CAF,0.007790204264017941
2025-02-12,CAF,0.021031470806750847
2025-02-13,CAF,0.0067119203459299025
2025-02-14,CAF,0.040430682444034076
2025-02-15,CAF,0.19040989249261603
2025-02-16,CAF,0.19380124328250725
2025-02-17,CAF,0.10346832182902656
2025-02-18,CAF,0.0978514366842425
2025-02-19,CAF,0.19484309455594123
2025-02-20,CAF,0.13693750213492104
2025-02-21,CAF,0.18944261778460633
2025-02-22,CAF,0.004615104937759355
2025-02-23,CAF,0.0037583351283959647
2025-02-24,CAF,0.00396360733313288
2025-02-25,CAF,0.0039305557243071556
2025-02-26,CAF,0.005626225605815361
2025-02-27,CAF,0.0038359658102164263
2025-02-28,CAF,0.006192204456420408
2025-03-01,CAF,0.004445004426673838
2025-03-02,CAF,0.007924041586748745
2025-03-03,CAF,0.007198362098014661
2025-03-04,CAF,0.007885704545635315
2025-03-05,CAF,0.012741736807572117
2025-03-06,CAF,0.008056767160363722
2025-03-07,CAF,0.006885995821157072
2025-03-08,CAF,0.011990933759886527
2025-03-09,CAF,0.007764609035898445
2025-03-10,CAF,0.015704721525961925
2025-03-11,CAF,0.015930341617783325
2025-03-12,CAF,0.024266989837907073
2025-03-13,CAF,0.006972139988683642
2025-03-14,CAF,0.009903055237912654
2025-03-15,CAF,0.08304505853467513
2025-03-16,CAF,0.016572275154392982
2025-03-17,CAF,0.017834016254693687
2025-03-18,CAF,0.14960883467762637
2025-03-19,CAF,0.017015023834569525
2025-03-20,CAF,0.012870320532265257
2025-03-21,CAF,0.017456573528354433
2025-03-22,CAF,0.021150809140866138
2025-03-23,CAF,0.012512759515863782
2025-03-24,CAF,0.014804461029366275
2025-03-25,CAF,0.006256076330504354
2025-03-26,CAF,0.009765714617872137
2025-03-27,CAF,0.00801013763176203
2025-03-28,CAF,0.00783587571867861
2024-07-01,SDN,0.1246966929855654
2024-07-02,SDN,0.02164642552413642
2024-07-03,SDN,0.04946721894069735
2024-07-04,SDN,0.016230336356541735
2024-07-05,SDN,0.04210917236106525
2024-07-06,SDN,0.02121796304563938
2024-07-07,SDN,0.02204605183763659
2024-07-08,SDN,0.012687697019959568
2024-07-09,SDN,0.008569045154011242
2024-07-10,SDN,0.013611562904940125
2024-07-11,SDN,0.07858614251879709
2024-07-12,SDN,0.13407409917233487
2024-07-13,SDN,0.086096425979914
2024-07-14,SDN,0.13595981054352327
2024-07-15,SDN,0.046194424758265726
2024-07-16,SDN,0.05119447854919139
2024-07-17,SDN,0.05106277037280131
2024-07-18,SDN,0.10798405617889248
2024-07-19,SDN,0.048669702833897474
2024-07-20,SDN,0.06629698632986862
2024-07-21,SDN,0.023829674362857208
2024-07-22,SDN,0.00998669026628139
2024-07-23,SDN,0.006351398940099514
2024-07-24,SDN,0.009893829045589256
2024-07-25,SDN,0.006000395379449592
2024-07-26,SDN,0.05318683343396312
2024-07-27,SDN,0.008124653856650227
2024-07-28,SDN,0.03402954617818477
2024-07-29,SDN,0.019045119709226094
2024-07-30,SDN,0.020095358023086148
2024-07-31,SDN,0.040887110678888894
2024-08-01,SDN,0.018155487593570767
2024-08-02,SDN,0.012759305723463055
2024-08-03,SDN,0.08540660164047774
2024-08-04,SDN,0.009411591763079458
2024-08-05,SDN,0.009456920727292265
2024-08-06,SDN,0.007660602984472993
2024-08-07,SDN,0.0137516574212023
2024-08-08,SDN,0.010777299625083343
2024-08-09,SDN,0.04490729396323567
2024-08-10,SDN,0.13105761076773345
2024-08-11,SDN,0.15523614619081375
2024-08-12,SDN,0.010846504946182703
2024-08-13,SDN,0.0909013981061582
2024-08-14,SDN,0.03503732935093089
2024-08-15,SDN,0.03588759776704117
2024-08-16,SDN,0.1685986299227526
2024-08-17,SDN,0.00440600123364788
2024-08-18,SDN,0.004739646330960918
2024-08-19,SDN,0.004830158583627094
2024-08-20,SDN,0.0067166192087244475
2024-08-21,SDN,0.007939980338266596
2024-08-22,SDN,0.01003912907872304
2024-08-23,SDN,0.006188278424806553
2024-08-24,SDN,0.006304040557123629
2024-08-25,SDN,0.021869949850865506
2024-08-26,SDN,0.08848608372082098
2024-08-27,SDN,0.02932848355285135
2024-08-28,SDN,0.017848465177916908
2024-08-29,SDN,0.02052114363637604
2024-08-30,SDN,0.08005262860121373
2024-08-31,SDN,0.10557541804499233
2024-09-01,SDN,0.03237818706975262
2024-09-02,SDN,0.11123404237118514
2024-09-03,SDN,0.10725039073834627
2024-09-04,SDN,0.04881280671239028
2024-09-05,SDN,0.062280063946772365
2024-09-06,SDN,0.08322555144385684
2024-09-07,SDN,0.08078359761655861
2024-09-08,SDN,0.1721483403906449
2024-09-09,SDN,0.13644137835696774
2024-09-10,SDN,0.06867676643888794
2024-09-11,SDN,0.0760085317800103
2024-09-12,SDN,0.16454584017982832
2024-09-13,SDN,0.06469214718374594
2024-09-14,SDN,0.1694550770371604
2024-09-15,SDN,0.023156727729468158
2024-09-16,SDN,0.10608624802240019
2024-09-17,SDN,0.026309313573713095
2024-09-18,SDN,0.024936573129369484
2024-09-19,SDN,0.03761838363438645
2024-09-20,SDN,0.03549510145822426
2024-09-21,SDN,0.033611985825142375
2024-09-22,SDN,0.0069405745537682705
2024-09-23,SDN,0.03503477474192315
2024-09-24,SDN,0.008855179022136117
2024-09-25,SDN,0.02975917089141696
2024-09-26,SDN,0.02937228962910247
2024-09-27,SDN,0.032866142331372826
2024-09-28,SDN,0.02740545547683071
2024-09-29,SDN,0.029120999859931204
2024-09-30,SDN,0.032096798451280814
2024-10-01,SDN,0.03644104608531686
2024-10-02,SDN,0.009819728604050889
2024-10-03,SDN,0.011702805437472555
2024-10-04,SDN,0.030536861284457734
2024-10-05,SDN,0.14194406253915648
2024-10-06,SDN,0.008482162117039766
2024-10-07,SDN,0.04980845190422116
2024-10-08,SDN,0.028001976048111162
2024-10-09,SDN,0.010327079450894191
2024-10-10,SDN,0.00872149651323804
2024-10-11,SDN,0.006071846858437404
2024-10-12,SDN,0.04404795113952549
2024-10-13,SDN,0.0694362670702039
2024-10-14,SDN,0.061326272022871095
2024-10-15,SDN,0.09651682967746349
2024-10-16,SDN,0.03425676155341511
2024-10-17,SDN,0.09742516981104589
2024-10-18,SDN,0.011769244322285181
2024-10-19,SDN,0.029751716131083756
2024-10-20,SDN,0.16324369367545996
2024-10-21,SDN,0.1623729077466678
2024-10-22,SDN,0.14742705252576785
2024-10-23,SDN,0.13531409780578385
2024-10-24,SDN,0.10919410874747106
2024-10-25,SDN,0.12747407066357505
2024-10-26,SDN,0.13336112906989545
2024-10-27,SDN,0.02809105890786445
2024-10-28,SDN,0.011009375012941408
2024-10-29,SDN,0.01137836612065119
2024-10-30,SDN,0.01360900096396294
2024-10-31,SDN,0.012416508642812839
2024-11-01,SDN,0.005351626609634053
2024-11-02,SDN,0.012554035354921169
2024-11-03,SDN,0.005430408862801098
2024-11-04,SDN,0.007053210918832852
2024-11-05,SDN,0.00858368481677162
2024-11-06,SDN,0.019756521177801488
2024-11-07,SDN,0.00690493467050821
2024-11-08,SDN,0.0158895579161025
2024-11-09,SDN,0.01830464768798583
2024-11-10,SDN,0.03251621802944013
2024-11-11,SDN,0.03857078274329143
2024-11-12,SDN,0.009745916030784193
2024-11-13,SDN,0.009026953274795866
2024-11-14,SDN,0.1766727577495553
2024-11-15,SDN,0.17023697427311357
2024-11-16,SDN,0.047155943711881684
2024-11-17,SDN,0.05840974966765473
2024-11-18,SDN,0.02099352158601098
2024-11-19,SDN,0.03797947077024363
2024-11-20,SDN,0.07304913111979915
2024-11-21,SDN,0.02603141433941733
2024-11-22,SDN,0.06813583111595277
2024-11-23,SDN,0.010356521598372463
2024-11-24,SDN,0.018173834952442035
2024-11-25,SDN,0.016988246415363673
2024-11-26,SDN,0.00920634581607679
2024-11-27,SDN,0.006659464654866056
2024-11-28,SDN,0.012576062225602327
2024-11-29,SDN,0.007089535059774924
2024-11-30,SDN,0.007521150977888891
2024-12-01,SDN,0.17461683518817217
2024-12-02,SDN,0.1394281218549204
2024-12-03,SDN,0.1755170183195921
2024-12-04,SDN,0.1716396811601077
2024-12-05,SDN,0.17685839560085767
2024-12-06,SDN,0.17983676848662067
2024-12-07,SDN,0.17959499621695535
2024-12-08,SDN,0.17652329694677796
2024-12-09,SDN,0.17179239659280565
2024-12-10,SDN,0.1753800583630086
2024-12-11,SDN,0.17544372086847243
2024-12-12,SDN,0.05658833806195565
2024-12-13,SDN,0.04142259436662108
2024-12-14,SDN,0.020987675566477612
2024-12-15,SDN,0.021698314672909207
2024-12-16,SDN,0.018682802148611614
2024-12-17,SDN,0.0059629207101203705
2024-12-18,SDN,0.00987078313592424
2024-12-19,SDN,0.005416452704494246
2024-12-20,SDN,0.005265326584735217
2024-12-21,SDN,0.04476237026892843
2024-12-22,SDN,0.07331372971955118
2024-12-23,SDN,0.023352610083863273
2024-12-24,SDN,0.012205687770454759
2024-12-25,SDN,0.011976848739519975
2024-12-26,SDN,0.08079156296705774
2024-12-27,SDN,0.016493457270566857
2024-12-28,SDN,0.06207422626160656
2024-12-29,SDN,0.00992546556780398
2024-12-30,SDN,0.008502195777041862
2024-12-31,SDN,0.00853348092574002
2025-01-01,SDN,0.0641286938012806
2025-01-02,SDN,0.009023655371357775
2025-01-03,SDN,0.008231806397390455
2025-01-04,SDN,0.007527367994417425
2025-01-05,SDN,0.16143540898790243
2025-01-06,SDN,0.09799323039962872
2025-01-07,SDN,0.11159561772162442
2025-01-08,SDN,0.1648937619601514
2025-01-09,SDN,0.07508136315751818
2025-01-10,SDN,0.17142889925035226
2025-01-11,SDN,0.12872517082712603
2025-01-12,SDN,0.1519160929532968
2025-01-13,SDN,0.1496751857928746
2025-01-14,SDN,0.13523413897126055
2025-01-15,SDN,0.02248163339592881
2025-01-16,SDN,0.12910837673063089
2025-01-17,SDN,0.037403859560130454
2025-01-18,SDN,0.09317420560378337
2025-01-19,SDN,0.06710031758137426
2025-01-20,SDN,0.016372705431650227
2025-01-21,SDN,0.007074630464829854
2025-01-22,SDN,0.042117252028086485
2025-01-23,SDN,0.03878084250413631
2025-01-24,SDN,0.04292711347873589
2025-01-25,SDN,0.010175016475250475
2025-01-26,SDN,0.03388887502167595
2025-01-27,SDN,0.006054946106488303
2025-01-28,SDN,0.012325623551296301
2025-01-29,SDN,0.010526544771763399
2025-01-30,SDN,0.024967213457852622
2025-01-31,SDN,0.0055465646068008625
2025-02-01,SDN,0.03713063848385021
2025-02-02,SDN,0.04638749810564369
2025-02-03,SDN,0.04442489394173592
2025-02-04,SDN,0.03755112074694856
2025-02-05,SDN,0.0182643377747556
2025-02-06,SDN,0.008377367282430742
2025-02-07,SDN,0.10126953801084013
2025-02-08,SDN,0.018580156798766147
2025-02-09,SDN,0.02313070759311139
2025-02-10,SDN,0.04477798080754696
2025-02-11,SDN,0.10357160151783561
2025-02-12,SDN,0.10211833959757488
2025-02-13,SDN,0.1133986259488025
2025-02-14,SDN,0.015304978193151283
2025-02-15,SDN,0.1259912741738422
2025-02-16,SDN,0.14994435577265458
2025-02-17,SDN,0.17858159637330007
2025-02-18,SDN,0.14937743466755554
2025-02-19,SDN,0.14517191450354994
2025-02-20,SDN,0.1628775837565547
2025-02-21,SDN,0.1546735051578948
2025-02-22,SDN,0.024333145743776333
2025-02-23,SDN,0.04978673799675084
2025-02-24,SDN,0.055173290190144934
2025-02-25,SDN,0.10396601461620222
2025-02-26,SDN,0.015828131806763564
2025-02-27,SDN,0.11708823867897494
2025-02-28,SDN,0.047089014218720915
2025-03-01,SDN,0.04016434423075459
2025-03-02,SDN,0.008217570336699474
2025-03-03,SDN,0.07939318529669022
2025-03-04,SDN,0.12281228246506738
2025-03-05,SDN,0.07348347588703145
2025-03-06,SDN,0.14704329919425935
2025-03-07,SDN,0.07827555099919191
2025-03-08,SDN,0.15804510535987343
2025-03-09,SDN,0.10675889993140614
2025-03-10,SDN,0.15111259492141713
2025-03-11,SDN,0.07807157156269638
2025-03-12,SDN,0.13630907372380865
2025-03-13,SDN,0.1315298203542056
2025-03-14,SDN,0.17602798387968574
2025-03-15,SDN,0.017992299995736313
2025-03-16,SDN,0.05888209194997284
2025-03-17,SDN,0.009284793931574005
2025-03-18,SDN,0.019396751926447187
2025-03-19,SDN,0.018717577540686356
2025-03-20,SDN,0.056176626996150385
2025-03-21,SDN,0.09516035317740869
2025-03-22,SDN,0.17749353079890287
2025-03-23,SDN,0.16977934157055147
2025-03-24,SDN,0.12353409327937356
2025-03-25,SDN,0.057817836069206326
2025-03-26,SDN,0.07379690635734196
2025-03-27,SDN,0.006198605565425277
2025-03-28,SDN,0.02404403172756322
2024-07-01,SSD,0.006878160177933713
2024-07-02,SSD,0.005752161936827414
2024-07-03,SSD,0.01197627798206437
2024-07-04,SSD,0.0059174839599825885
2024-07-05,SSD,0.013915036383291784
2024-07-06,SSD,0.008413989363004344
2024-07-07,SSD,0.007962888162608242
2024-07-08,SSD,0.018910186488363907
2024-07-09,SSD,0.021586916573847537
2024-07-10,SSD,0.026903689732656996
2024-07-11,SSD,0.05560983597066204
2024-07-12,SSD,0.10153494199330594
2024-07-13,SSD,0.04770981385322096
2024-07-14,SSD,0.0657746670711476
2024-07-15,SSD,0.17537341970660864
2024-07-16,SSD,0.07703164516166361
2024-07-17,SSD,0.025606238030252755
2024-07-18,SSD,0.13539990385614795
2024-07-19,SSD,0.10741355093476664
2024-07-20,SSD,0.17934584396815312
2024-07-21,SSD,0.04805325035465781
2024-07-22,SSD,0.006723896303859742
2024-07-23,SSD,0.009704419810331318
2024-07-24,SSD,0.005378918676105617
2024-07-25,SSD,0.005464398552185462
2024-07-26,SSD,0.0064050310245336835
2024-07-27,SSD,0.010217137561006484
2024-07-28,SSD,0.007010236890366718
2024-07-29,SSD,0.007564643085044961
2024-07-30,SSD,0.00644156471333955
2024-07-31,SSD,0.007084156156775869
2024-08-01,SSD,0.0072565941125710305
2024-08-02,SSD,0.007145910877625005
2024-08-03,SSD,0.02725676030929702
2024-08-04,SSD,0.013763236228761353
2024-08-05,SSD,0.01917981271688245
2024-08-06,SSD,0.026690079226940593
2024-08-07,SSD,0.011705746927221868
2024-08-08,SSD,0.007788913543753584
2024-08-09,SSD,0.04613171098185396
2024-08-10,SSD,0.0772292052146424
2024-08-11,SSD,0.11434704176974089
2024-08-12,SSD,0.06731382429740575
2024-08-13,SSD,0.019008591391219767
2024-08-14,SSD,0.029756397338585015
2024-08-15,SSD,0.04850583664179341
2024-08-16,SSD,0.19110074868431062
2024-08-17,SSD,0.011233859553304713
2024-08-18,SSD,0.0163620796036663
2024-08-19,SSD,0.02541047506595957
2024-08-20,SSD,0.00848140244901302
2024-08-21,SSD,0.010548103157161806
2024-08-22,SSD,0.010133245159696712
2024-08-23,SSD,0.004308623935517465
2024-08-24,SSD,0.004498150261173327
2024-08-25,SSD,0.012989988060060235
2024-08-26,SSD,0.004972953737090314
2024-08-27,SSD,0.004424859685930262
2024-08-28,SSD,0.005375317957242179
2024-08-29,SSD,0.006060797140167308
2024-08-30,SSD,0.025595282269764576
2024-08-31,SSD,0.04686977999681583
2024-09-01,SSD,0.04271224994200152
2024-09-02,SSD,0.0586179401235851
2024-09-03,SSD,0.026053091562884944
2024-09-04,SSD,0.02630350802552194
2024-09-05,SSD,0.016507328743120532
2024-09-06,SSD,0.021707308035681022
2024-09-07,SSD,0.024119233115936292
2024-09-08,SSD,0.12196848537724848
2024-09-09,SSD,0.0625993040461381
2024-09-10,SSD,0.03521243735194567
2024-09-11,SSD,0.04955892164781663
2024-09-12,SSD,0.055997137229915055
2024-09-13,SSD,0.05158976730573696
2024-09-14,SSD,0.15790521896366297
2024-09-15,SSD,0.08963113345547077
2024-09-16,SSD,0.04787027478834543
2024-09-17,SSD,0.029521640627613234
2024-09-18,SSD,0.06735306877377663
2024-09-19,SSD,0.05199990995459139
2024-09-20,SSD,0.04415515183963759
2024-09-21,SSD,0.03964485554629226
2024-09-22,SSD,0.015484632664438697
2024-09-23,SSD,0.014746034259830806
2024-09-24,SSD,0.013644454882980168
2024-09-25,SSD,0.013400262633744484
2024-09-26,SSD,0.014020699463415736
2024-09-27,SSD,0.045735249171993016
2024-09-28,SSD,0.04260011288459507
2024-09-29,SSD,0.05248603678561422
2024-09-30,SSD,0.05012724249746961
2024-10-01,SSD,0.12401619775643487
2024-10-02,SSD,0.02495685150026102
2024-10-03,SSD,0.12303060542246708
2024-10-04,SSD,0.024564343732682976
2024-10-05,SSD,0.022786370968447663
2024-10-06,SSD,0.016475503900549575
2024-10-07,SSD,0.009802195599352052
2024-10-08,SSD,0.005010862544595337
2024-10-09,SSD,0.05496271666043273
2024-10-10,SSD,0.00552373749295719
2024-10-11,SSD,0.004895868458823781
2024-10-12,SSD,0.035247440192453884
2024-10-13,SSD,0.005407568435866824
2024-10-14,SSD,0.005893533176570244
2024-10-15,SSD,0.01210253736985572
2024-10-16,SSD,0.017835350556022478
2024-10-17,SSD,0.00809918822677188
2024-10-18,SSD,0.0056996965811735405
2024-10-19,SSD,0.00729289481146367
2024-10-20,SSD,0.0068406658472011245
2024-10-21,SSD,0.007152311894491492
2024-10-22,SSD,0.00579210295963988
2024-10-23,SSD,0.015950873567608288
2024-10-24,SSD,0.005733833594597603
2024-10-25,SSD,0.00732479988473726
2024-10-26,SSD,0.013753807437743449
2024-10-27,SSD,0.00863866143973003
2024-10-28,SSD,0.01172763252840077
2024-10-29,SSD,0.05142648591598184
2024-10-30,SSD,0.09724226082698792
2024-10-31,SSD,0.05286480835014912
2024-11-01,SSD,0.0641598972074418
2024-11-02,SSD,0.04797021285182163
2024-11-03,SSD,0.04153343295204563
2024-11-04,SSD,0.041196101646965445
2024-11-05,SSD,0.0160330998374271
2024-11-06,SSD,0.1568952027818634
2024-11-07,SSD,0.018878267154286938
2024-11-08,SSD,0.039890699028996286
2024-11-09,SSD,0.013222684907900444
2024-11-10,SSD,0.05594739544756702
2024-11-11,SSD,0.01523413834259445
2024-11-12,SSD,0.04058895078204879
2024-11-13,SSD,0.006640678945477496
2024-11-14,SSD,0.005984371769142112
2024-11-15,SSD,0.011157630240147537
2024-11-16,SSD,0.005729646537067876
2024-11-17,SSD,0.005082938567274763
2024-11-18,SSD,0.005221196964128464
2024-11-19,SSD,0.004909146641674532
2024-11-20,SSD,0.03302470930789455
2024-11-21,SSD,0.027766609789024576
2024-11-22,SSD,0.012190377800224637
2024-11-23,SSD,0.030575871828977377
2024-11-24,SSD,0.01290816628574977
2024-11-25,SSD,0.010637842780989972
2024-11-26,SSD,0.013846393152496384
2024-11-27,SSD,0.025035499924891406
2024-11-28,SSD,0.014347391167273108
2024-11-29,SSD,0.05208227113009174
2024-11-30,SSD,0.11294560064112492
2024-12-01,SSD,0.060820437977302924
2024-12-02,SSD,0.07325710648105746
2024-12-03,SSD,0.07041588325474739
2024-12-04,SSD,0.05899783469193171
2024-12-05,SSD,0.07234902153247441
2024-12-06,SSD,0.07769706293658624
2024-12-07,SSD,0.14352721114570569
2024-12-08,SSD,0.07975424237530856
2024-12-09,SSD,0.07272476274114752
2024-12-10,SSD,0.1169341478485112
2024-12-11,SSD,0.04808217022288035
2024-12-12,SSD,0.014958528092162018
2024-12-13,SSD,0.05500567549922728
2024-12-14,SSD,0.03488720628102791
2024-12-15,SSD,0.011652479046896234
2024-12-16,SSD,0.011521376818040859
2024-12-17,SSD,0.013924157262892034
2024-12-18,SSD,0.012114300093942378
2024-12-19,SSD,0.030774129256460805
2024-12-20,SSD,0.00949061403214833
2024-12-21,SSD,0.00807301386971578
2024-12-22,SSD,0.007496460334265128
2024-12-23,SSD,0.00872277718531626
2024-12-24,SSD,0.009244151525832233
2024-12-25,SSD,0.007796651974189657
2024-12-26,SSD,0.008313447765043934
2024-12-27,SSD,0.007146945460253865
2024-12-28,SSD,0.009430537903470666
2024-12-29,SSD,0.021129209756551585
2024-12-30,SSD,0.021024590373261248
2024-12-31,SSD,0.02159317226715369
2025-01-01,SSD,0.030921178556495347
2025-01-02,SSD,0.08398678538863438
2025-01-03,SSD,0.06994553079818923
2025-01-04,SSD,0.04266278365551474
2025-01-05,SSD,0.11069256721891416
2025-01-06,SSD,0.05449369392853885
2025-01-07,SSD,0.040125840618486196
2025-01-08,SSD,0.045121949518001754
2025-01-09,SSD,0.02580651371221775
2025-01-10,SSD,0.05708088299052073
2025-01-11,SSD,0.07528323871792884
2025-01-12,SSD,0.1162787424529413
2025-01-13,SSD,0.015331003528280459
2025-01-14,SSD,0.025958040930029135
2025-01-15,SSD,0.024668103260024738
2025-01-16,SSD,0.022489869686958024
2025-01-17,SSD,0.1430281933603651
2025-01-18,SSD,0.011049390050923083
2025-01-19,SSD,0.019052478677118376
2025-01-20,SSD,0.012058763169866508
2025-01-21,SSD,0.00989700132660754
2025-01-22,SSD,0.0059978548493609405
2025-01-23,SSD,0.011977162492295083
2025-01-24,SSD,0.007293642600138378
2025-01-25,SSD,0.005406335886288276
2025-01-26,SSD,0.018404365258290773
2025-01-27,SSD,0.020732277718716254
2025-01-28,SSD,0.010683694489765057
2025-01-29,SSD,0.010789198734562916
2025-01-30,SSD,0.010268135013143952
2025-01-31,SSD,0.17783628929436726
2025-02-01,SSD,0.1272609761534864
2025-02-02,SSD,0.05026116596340629
2025-02-03,SSD,0.025925647557918968
2025-02-04,SSD,0.015448065780097026
2025-02-05,SSD,0.047715196914710066
2025-02-06,SSD,0.031555124304278995
2025-02-07,SSD,0.006315621127753036
2025-02-08,SSD,0.00570294544585906
2025-02-09,SSD,0.0069018997579368465
2025-02-10,SSD,0.006903261090594551
2025-02-11,SSD,0.005043555016812193
2025-02-12,SSD,0.007744344894111036
2025-02-13,SSD,0.006314740620709497
2025-02-14,SSD,0.15629352618587414
2025-02-15,SSD,0.06238950496454138
2025-02-16,SSD,0.14859594724940772
2025-02-17,SSD,0.07839631108528572
2025-02-18,SSD,0.07349966694378293
2025-02-19,SSD,0.060286470208843874
2025-02-20,SSD,0.1511425598827761
2025-02-21,SSD,0.0092872915805729
2025-02-22,SSD,0.03914800312551128
2025-02-23,SSD,0.007855183033179891
2025-02-24,SSD,0.006274762673770436
2025-02-25,SSD,0.0317931005938126
2025-02-26,SSD,0.0055734581373691845
2025-02-27,SSD,0.006107476223567798
2025-02-28,SSD,0.007198784604974916
2025-03-01,SSD,0.007746623447265073
2025-03-02,SSD,0.04115867101992544
2025-03-03,SSD,0.1354951429156187
2025-03-04,SSD,0.19131226023449852
2025-03-05,SSD,0.05337078795439829
2025-03-06,SSD,0.059442229642797544
2025-03-07,SSD,0.1765216997433705
2025-03-08,SSD,0.04820161774092232
2025-03-09,SSD,0.07175253299343987
2025-03-10,SSD,0.009615847257840504
2025-03-11,SSD,0.003941647591343418
2025-03-12,SSD,0.004124984708317451
2025-03-13,SSD,0.004535533695329942
2025-03-14,SSD,0.003875200302662411
2025-03-15,SSD,0.0038999421298201702
2025-03-16,SSD,0.00511242680223397
2025-03-17,SSD,0.006909788773030955
2025-03-18,SSD,0.012321351650741571
2025-03-19,SSD,0.07643236113328034
2025-03-20,SSD,0.007464646691366483
2025-03-21,SSD,0.13327247586048105
2025-03-22,SSD,0.029820499782293605
2025-03-23,SSD,0.013099420394426834
2025-03-24,SSD,0.04094274198224131
2025-03-25,SSD,0.08994986072722644
2025-03-26,SSD,0.019180139768346552
2025-03-27,SSD,0.04930907188187204
2025-03-28,SSD,0.019105116791601824
2024-07-01,ETH,0.02247393535189727
2024-07-02,ETH,0.009234416614941801
2024-07-03,ETH,0.02252797767603777
2024-07-04,ETH,0.015941729581039073
2024-07-05,ETH,0.05833420177327214
2024-07-06,ETH,0.035110048283325285
2024-07-07,ETH,0.022190144396370945
2024-07-08,ETH,0.025393100125668214
2024-07-09,ETH,0.14544893316286528
2024-07-10,ETH,0.06915711445351924
2024-07-11,ETH,0.07221609125782909
2024-07-12,ETH,0.13503626533144217
2024-07-13,ETH,0.060523149039140106
2024-07-14,ETH,0.09609482641494142
2024-07-15,ETH,0.07563612732028219
2024-07-16,ETH,0.0041758999822918245
2024-07-17,ETH,0.005514451360387106
2024-07-18,ETH,0.003844673084204864
2024-07-19,ETH,0.0038049619001402604
2024-07-20,ETH,0.0042220739587655355
2024-07-21,ETH,0.005360623408043159
2024-07-22,ETH,0.0042525247670073376
2024-07-23,ETH,0.01902464370589562
2024-07-24,ETH,0.017552401898755406
2024-07-25,ETH,0.009777654287616367
2024-07-26,ETH,0.06315431973985372
2024-07-27,ETH,0.012353335245209722
2024-07-28,ETH,0.031245644030144726
2024-07-29,ETH,0.01925066065020855
2024-07-30,ETH,0.011652061224218921
2024-07-31,ETH,0.022444406966290804
2024-08-01,ETH,0.011800150309439912
2024-08-02,ETH,0.008729976914385816
2024-08-03,ETH,0.03254365139185529
2024-08-04,ETH,0.013440248576936636
2024-08-05,ETH,0.009036013132471994
2024-08-06,ETH,0.006561982465439381
2024-08-07,ETH,0.044150838324322504
2024-08-08,ETH,0.006313461482852136
2024-08-09,ETH,0.1635266934337302
2024-08-10,ETH,0.022758082866039194
2024-08-11,ETH,0.05898199875660144
2024-08-12,ETH,0.05275471831397547
2024-08-13,ETH,0.09918262978728472
2024-08-14,ETH,0.025322699954041232
2024-08-15,ETH,0.10305930093118014
2024-08-16,ETH,0.03980200342158594
2024-08-17,ETH,0.019461866499580975
2024-08-18,ETH,0.055930961765592216
2024-08-19,ETH,0.03200065271820605
2024-08-20,ETH,0.043350333937253675
2024-08-21,ETH,0.014246319628432843
2024-08-22,ETH,0.019440584442858122
2024-08-23,ETH,0.01560663559296332
2024-08-24,ETH,0.013700611130026113
2024-08-25,ETH,0.023783286227460232
2024-08-26,ETH,0.020086622288214215
2024-08-27,ETH,0.019389739264878584
2024-08-28,ETH,0.04951845984517495
2024-08-29,ETH,0.008953629062303901
2024-08-30,ETH,0.008192452793185421
2024-08-31,ETH,0.007415014144429646
2024-09-01,ETH,0.021974806404877794
2024-09-02,ETH,0.04340765618855427
2024-09-03,ETH,0.009058770880791104
2024-09-04,ETH,0.008328072728189577
2024-09-05,ETH,0.004891318403273462
2024-09-06,ETH,0.00492957797020084
2024-09-07,ETH,0.059413962134246996
2024-09-08,ETH,0.005398465052004794
2024-09-09,ETH,0.013290777877666192
2024-09-10,ETH,0.06728024317205296
2024-09-11,ETH,0.013041259146880323
2024-09-12,ETH,0.03162409398742364
2024-09-13,ETH,0.022604697955780226
2024-09-14,ETH,0.010858389669561546
2024-09-15,ETH,0.01551681994061966
2024-09-16,ETH,0.14996203913900177
2024-09-17,ETH,0.12196138786601426
2024-09-18,ETH,0.10795696072522343
2024-09-19,ETH,0.07763156268593864
2024-09-20,ETH,0.09235692664129587
2024-09-21,ETH,0.17582516280916088
2024-09-22,ETH,0.09309452244677797
2024-09-23,ETH,0.024399106308072273
2024-09-24,ETH,0.052044560040815174
2024-09-25,ETH,0.09674228195589364
2024-09-26,ETH,0.017111984920633344
2024-09-27,ETH,0.005771838738424686
2024-09-28,ETH,0.013126592436226993
2024-09-29,ETH,0.015515809327228559
2024-09-30,ETH,0.0418900125492485
2024-10-01,ETH,0.05602593655269215
2024-10-02,ETH,0.013600862691894484
2024-10-03,ETH,0.06103155874893628
2024-10-04,ETH,0.11439516158418805
2024-10-05,ETH,0.06568838283386588
2024-10-06,ETH,0.14826786921587676
2024-10-07,ETH,0.09195396973367373
2024-10-08,ETH,0.11213113585624782
2024-10-09,ETH,0.02668143711181698
2024-10-10,ETH,0.02560337934426337
2024-10-11,ETH,0.061694671111496735
2024-10-12,ETH,0.07817054392379166
2024-10-13,ETH,0.0714920661327907
2024-10-14,ETH,0.0848410035086007
2024-10-15,ETH,0.0530543050593206
2024-10-16,ETH,0.007033145896499941
2024-10-17,ETH,0.06649976383576359
2024-10-18,ETH,0.03969742002174171
2024-10-19,ETH,0.004450704235192709
2024-10-20,ETH,0.007631021402578458
2024-10-21,ETH,0.0040719830744941725
2024-10-22,ETH,0.005655719208824006
2024-10-23,ETH,0.008797668921400282
2024-10-24,ETH,0.005139754898319984
2024-10-25,ETH,0.004106226946757796
2024-10-26,ETH,0.00887748460118097
2024-10-27,ETH,0.13712563277741563
2024-10-28,ETH,0.019370092699427112
2024-10-29,ETH,0.012465809033727614
2024-10-30,ETH,0.04403177805623949
2024-10-31,ETH,0.1344013498104245
2024-11-01,ETH,0.1571528146825559
2024-11-02,ETH,0.07969685057571914
2024-11-03,ETH,0.04510853080675442
2024-11-04,ETH,0.07194721630894729
2024-11-05,ETH,0.08423542064612315
2024-11-06,ETH,0.029968191865701762
2024-11-07,ETH,0.020801071104352812
2024-11-08,ETH,0.008024893131550864
2024-11-09,ETH,0.006887692520626336
2024-11-10,ETH,0.005581149894246779
2024-11-11,ETH,0.024648264494340065
2024-11-12,ETH,0.005351227332474235
2024-11-13,ETH,0.02161029170592336
2024-11-14,ETH,0.008089517875727528
2024-11-15,ETH,0.005491249662824488
2024-11-16,ETH,0.004351996875044533
2024-11-17,ETH,0.012927254094900874
2024-11-18,ETH,0.013517468119854655
2024-11-19,ETH,0.07890812184472955
2024-11-20,ETH,0.013704383459405538
2024-11-21,ETH,0.020860933269009924
2024-11-22,ETH,0.013665754423258458
2024-11-23,ETH,0.00921227883451361
2024-11-24,ETH,0.02530193070039927
2024-11-25,ETH,0.07651601284906422
2024-11-26,ETH,0.010510642527050513
2024-11-27,ETH,0.1378196648378205
2024-11-28,ETH,0.12023349795664655
2024-11-29,ETH,0.03334574638894648
2024-11-30,ETH,0.02835081608162033
2024-12-01,ETH,0.09743554421329473
2024-12-02,ETH,0.08843107196687437
2024-12-03,ETH,0.01344261968678268
2024-12-04,ETH,0.027282854067272173
2024-12-05,ETH,0.006798231639573277
2024-12-06,ETH,0.012138037460797297
2024-12-07,ETH,0.005353711222181529
2024-12-08,ETH,0.007931010967532624
2024-12-09,ETH,0.017214146125739283
2024-12-10,ETH,0.005251348322588502
2024-12-11,ETH,0.004496449127750654
2024-12-12,ETH,0.009068677609447325
2024-12-13,ETH,0.006056061046527635
2024-12-14,ETH,0.008670649926605939
2024-12-15,ETH,0.009832951905193706
2024-12-16,ETH,0.0075213640222491045
2024-12-17,ETH,0.007445674237193578
2024-12-18,ETH,0.019068600061647213
2024-12-19,ETH,0.018326572129498203
2024-12-20,ETH,0.021791328732299147
2024-12-21,ETH,0.006619513072108255
2024-12-22,ETH,0.009554355830078352
2024-12-23,ETH,0.022591183408945593
2024-12-24,ETH,0.08265300554743692
2024-12-25,ETH,0.14364224496644742
2024-12-26,ETH,0.05151059103817627
2024-12-27,ETH,0.06195002907064961
2024-12-28,ETH,0.04362754405567054
2024-12-29,ETH,0.025475554691764272
2024-12-30,ETH,0.11520137218001023
2024-12-31,ETH,0.02904867549195683
2025-01-01,ETH,0.03609311180012667
2025-01-02,ETH,0.007682633662146876
2025-01-03,ETH,0.01376476809697382
2025-01-04,ETH,0.014620145553377194
2025-01-05,ETH,0.016653725145261124
2025-01-06,ETH,0.0067303158698105315
2025-01-07,ETH,0.005930908830546802
2025-01-08,ETH,0.04033634718239536
2025-01-09,ETH,0.05908185156550334
2025-01-10,ETH,0.02708635112149779
2025-01-11,ETH,0.028054629588625316
2025-01-12,ETH,0.02421067458614591
2025-01-13,ETH,0.02628781929069854
2025-01-14,ETH,0.011784271308558282
2025-01-15,ETH,0.01775295328704779
2025-01-16,ETH,0.015736127572454753
2025-01-17,ETH,0.10745091546700446
2025-01-18,ETH,0.0974484761861263
2025-01-19,ETH,0.1299783602780933
2025-01-20,ETH,0.17982399041736516
2025-01-21,ETH,0.12150335716291791
2025-01-22,ETH,0.11429163247241288
2025-01-23,ETH,0.07596858388305289
2025-01-24,ETH,0.012605137930591325
2025-01-25,ETH,0.07182958957813587
2025-01-26,ETH,0.026546844131843526
2025-01-27,ETH,0.008945308672839603
2025-01-28,ETH,0.006370546763275108
2025-01-29,ETH,0.045130056639942046
2025-01-30,ETH,0.043888586816451476
2025-01-31,ETH,0.03178758335114663
2025-02-01,ETH,0.008559063434757819
2025-02-02,ETH,0.051082220036715406
2025-02-03,ETH,0.015485880641732284
2025-02-04,ETH,0.0113412611942632
2025-02-05,ETH,0.008892599654257257
2025-02-06,ETH,0.1061879077725521
2025-02-07,ETH,0.009882160352215735
2025-02-08,ETH,0.04433389847824222
2025-02-09,ETH,0.007873524567715999
2025-02-10,ETH,0.04898428382899522
2025-02-11,ETH,0.009784235520439449
2025-02-12,ETH,0.05523325359466762
2025-02-13,ETH,0.05077926349219597
2025-02-14,ETH,0.02080551653812304
2025-02-15,ETH,0.12148901226952973
2025-02-16,ETH,0.017136845679879185
2025-02-17,ETH,0.031823693797946515
2025-02-18,ETH,0.156545963561261
2025-02-19,ETH,0.08765210549709364
2025-02-20,ETH,0.1160047464034806
2025-02-21,ETH,0.05220293734873386
2025-02-22,ETH,0.04438622107714975
2025-02-23,ETH,0.015047177346037595
2025-02-24,ETH,0.02142836382662273
2025-02-25,ETH,0.021292567967205297
2025-02-26,ETH,0.005076814358701804
2025-02-27,ETH,0.0053024130420296234
2025-02-28,ETH,0.005008476810661926
2025-03-01,ETH,0.02168482580361234
2025-03-02,ETH,0.00593283302185149
2025-03-03,ETH,0.006027470990430395
2025-03-04,ETH,0.010125775473250446
2025-03-05,ETH,0.042003417921520014
2025-03-06,ETH,0.08018690961381038
2025-03-07,ETH,0.0530349766607176
2025-03-08,ETH,0.019596328585093425
2025-03-09,ETH,0.045507216334276145
2025-03-10,ETH,0.015375006880042506
2025-03-11,ETH,0.10652980651961917
2025-03-12,ETH,0.0943743584282436
2025-03-13,ETH,0.015617379413805046
2025-03-14,ETH,0.010216205207097772
2025-03-15,ETH,0.009100373238393513
2025-03-16,ETH,0.059129610661963226
2025-03-17,ETH,0.008965645126268964
2025-03-18,ETH,0.009017716670787788
2025-03-19,ETH,0.14342327934214014
2025-03-20,ETH,0.07142263690005117
2025-03-21,ETH,0.06876223201384053
2025-03-22,ETH,0.060736497747697175
2025-03-23,ETH,0.021733489001280498
2025-03-24,ETH,0.025329459072459384
2025-03-25,ETH,0.15464155021387357
2025-03-26,ETH,0.049410298945760864
2025-03-27,ETH,0.022821720257212623
2025-03-28,ETH,0.02683654361716088
2024-07-01,SOM,0.03890750745969251
2024-07-02,SOM,0.040969140161873224
2024-07-03,SOM,0.040111686353128964
2024-07-04,SOM,0.014273440314181946
2024-07-05,SOM,0.08635131603694575
2024-07-06,SOM,0.015040331199811522
2024-07-07,SOM,0.01499653343028647
2024-07-08,SOM,0.013536959247159587
2024-07-09,SOM,0.029902946342072727
2024-07-10,SOM,0.09018462972289736
2024-07-11,SOM,0.03871212347588013
2024-07-12,SOM,0.018047046747972674
2024-07-13,SOM,0.14010476418263149
2024-07-14,SOM,0.02548055455671415
2024-07-15,SOM,0.15488636885695484
2024-07-16,SOM,0.1729124357584043
2024-07-17,SOM,0.007325733047940833
2024-07-18,SOM,0.006416030858003915
2024-07-19,SOM,0.14709602939443223
2024-07-20,SOM,0.007673847127782725
2024-07-21,SOM,0.00958846431784896
2024-07-22,SOM,0.0792156995971758
2024-07-23,SOM,0.004033078184005277
2024-07-24,SOM,0.00842657535635923
2024-07-25,SOM,0.005379159687347678
2024-07-26,SOM,0.0039990142267044195
2024-07-27,SOM,0.004289540004520406
2024-07-28,SOM,0.004471919234386592
2024-07-29,SOM,0.004211403469797957
2024-07-30,SOM,0.003936049002766489
2024-07-31,SOM,0.004280665595463563
2024-08-01,SOM,0.004243372044176879
2024-08-02,SOM,0.028447375090534688
2024-08-03,SOM,0.0069352559944774175
2024-08-04,SOM,0.003975194956547563
2024-08-05,SOM,0.02009731465425154
2024-08-06,SOM,0.012164865905663649
2024-08-07,SOM,0.017446083108199072
2024-08-08,SOM,0.06364082870853174
2024-08-09,SOM,0.0049626339204002536
2024-08-10,SOM,0.005188013290599549
2024-08-11,SOM,0.005807034672112438
2024-08-12,SOM,0.005337445049418159
2024-08-13,SOM,0.12005283238010857
2024-08-14,SOM,0.007300871168610373
2024-08-15,SOM,0.005536839130266472
2024-08-16,SOM,0.05029299508805763
2024-08-17,SOM,0.0478684816907793
2024-08-18,SOM,0.034334598340010666
2024-08-19,SOM,0.085617731454586
2024-08-20,SOM,0.03997645183811816
2024-08-21,SOM,0.007141576536891501
2024-08-22,SOM,0.007349630851045719
2024-08-23,SOM,0.006983825847457284
2024-08-24,SOM,0.0093414410417804
2024-08-25,SOM,0.010611992389176384
2024-08-26,SOM,0.00885655818978979
2024-08-27,SOM,0.023002921375656786
2024-08-28,SOM,0.034037284115283915
2024-08-29,SOM,0.032479497998709715
2024-08-30,SOM,0.03667865749238992
2024-08-31,SOM,0.03700994950933257
2024-09-01,SOM,0.033600896884139385
2024-09-02,SOM,0.0318800827592887
2024-09-03,SOM,0.16889744354625214
2024-09-04,SOM,0.02994528892990032
2024-09-05,SOM,0.05056180638670549
2024-09-06,SOM,0.08628795470118192
2024-09-07,SOM,0.1233607267395261
2024-09-08,SOM,0.04533035991799359
2024-09-09,SOM,0.03329404266985959
2024-09-10,SOM,0.08645570342623975
2024-09-11,SOM,0.05361396721853489
2024-09-12,SOM,0.016904259140646166
2024-09-13,SOM,0.02103190557645067
2024-09-14,SOM,0.019869119732495034
2024-09-15,SOM,0.017492498232448542
2024-09-16,SOM,0.04787159672363047
2024-09-17,SOM,0.03861880027696956
2024-09-18,SOM,0.14953334011240346
2024-09-19,SOM,0.03796068263875297
2024-09-20,SOM,0.04014299870610536
2024-09-21,SOM,0.03985709775865195
2024-09-22,SOM,0.03264287020198047
2024-09-23,SOM,0.034397121081525595
2024-09-24,SOM,0.15863755944045388
2024-09-25,SOM,0.06130431872281395
2024-09-26,SOM,0.011493091661797019
2024-09-27,SOM,0.010756607710512513
2024-09-28,SOM,0.011801905002826185
2024-09-29,SOM,0.022229504665413378
2024-09-30,SOM,0.010637597948190856
2024-10-01,SOM,0.008821021834574495
2024-10-02,SOM,0.12037267284305825
2024-10-03,SOM,0.02881855398791487
2024-10-04,SOM,0.16840671725205997
2024-10-05,SOM,0.11741625975221874
2024-10-06,SOM,0.11440196973224961
2024-10-07,SOM,0.0728064782273501
2024-10-08,SOM,0.1511957987014554
2024-10-09,SOM,0.032152674472360906
2024-10-10,SOM,0.037503563499722094
2024-10-11,SOM,0.013959283827380879
2024-10-12,SOM,0.01226273547512975
2024-10-13,SOM,0.007035088130361383
2024-10-14,SOM,0.01752262196743078
2024-10-15,SOM,0.03147994493181781
2024-10-16,SOM,0.021321183461346878
2024-10-17,SOM,0.014731889337493174
2024-10-18,SOM,0.006963661176194437
2024-10-19,SOM,0.10454102695203658
2024-10-20,SOM,0.0710264013718763
2024-10-21,SOM,0.010572903264493987
2024-10-22,SOM,0.01916445938753439
2024-10-23,SOM,0.01283473937894583
2024-10-24,SOM,0.09016585366791267
2024-10-25,SOM,0.03393974690555094
2024-10-26,SOM,0.03565867500207436
2024-10-27,SOM,0.005933516558360728
2024-10-28,SOM,0.0066557563724214145
2024-10-29,SOM,0.0051911456178290365
2024-10-30,SOM,0.005509460812462289
2024-10-31,SOM,0.00625431334978189
2024-11-01,SOM,0.06285367826517962
2024-11-02,SOM,0.10417846495693228
2024-11-03,SOM,0.007755590108274825
2024-11-04,SOM,0.008618052151715117
2024-11-05,SOM,0.0072236693657592235
2024-11-06,SOM,0.08935019964672947
2024-11-07,SOM,0.009180462151351144
2024-11-08,SOM,0.02252828659481186
2024-11-09,SOM,0.009096381608351916
2024-11-10,SOM,0.02948244735917616
2024-11-11,SOM,0.03613863367330924
2024-11-12,SOM,0.010133765161795582
2024-11-13,SOM,0.010549016349128814
2024-11-14,SOM,0.0057802890151257506
2024-11-15,SOM,0.010699970494676988
2024-11-16,SOM,0.006753425043030125
2024-11-17,SOM,0.005589719039665393
2024-11-18,SOM,0.005863238103901758
2024-11-19,SOM,0.0057243112059013265
2024-11-20,SOM,0.0071256613292880805
2024-11-21,SOM,0.007602859322676527
2024-11-22,SOM,0.006752352372432061
2024-11-23,SOM,0.007175592281201446
2024-11-24,SOM,0.008983792240419423
2024-11-25,SOM,0.021839782823630867
2024-11-26,SOM,0.019271487463513055
2024-11-27,SOM,0.10765625596230748
2024-11-28,SOM,0.02483372323837863
2024-11-29,SOM,0.022764473356052008
2024-11-30,SOM,0.026243724074455833
2024-12-01,SOM,0.026702466112648125
2024-12-02,SOM,0.03462522948797956
2024-12-03,SOM,0.1681542257396197
2024-12-04,SOM,0.01454846571180614
2024-12-05,SOM,0.06613364807283012
2024-12-06,SOM,0.1672974915508741
2024-12-07,SOM,0.022383726160802513
2024-12-08,SOM,0.017090429237194952
2024-12-09,SOM,0.018618915735943795
2024-12-10,SOM,0.007788047629412871
2024-12-11,SOM,0.02476603455364859
2024-12-12,SOM,0.007451979525162593
2024-12-13,SOM,0.00544052461869174
2024-12-14,SOM,0.007250323434480202
2024-12-15,SOM,0.008169935285903323
2024-12-16,SOM,0.01260728935516452
2024-12-17,SOM,0.009505531482295588
2024-12-18,SOM,0.007509008070067688
2024-12-19,SOM,0.007966644199158986
2024-12-20,SOM,0.09869876756686473
2024-12-21,SOM,0.023148598223297498
2024-12-22,SOM,0.007485883789690558
2024-12-23,SOM,0.00723973166513693
2024-12-24,SOM,0.00921257803666156
2024-12-25,SOM,0.0073516758145899435
2024-12-26,SOM,0.007362364505471084
2024-12-27,SOM,0.007370685591344337
2024-12-28,SOM,0.007374435025629651
2024-12-29,SOM,0.014448013447584902
2024-12-30,SOM,0.015204783860121255
2024-12-31,SOM,0.12621680309237962
2025-01-01,SOM,0.09931919397266799
2025-01-02,SOM,0.014713351623087062
2025-01-03,SOM,0.07076514228638876
2025-01-04,SOM,0.021006984263444318
2025-01-05,SOM,0.07119294659538698
2025-01-06,SOM,0.023232128769959
2025-01-07,SOM,0.006499421565473407
2025-01-08,SOM,0.02438178129646576
2025-01-09,SOM,0.00646320797795217
2025-01-10,SOM,0.006626590864577899
2025-01-11,SOM,0.05184791538149499
2025-01-12,SOM,0.007038956597804971
2025-01-13,SOM,0.05922126138381383
2025-01-14,SOM,0.010793372815044416
2025-01-15,SOM,0.024433072136109638
2025-01-16,SOM,0.07758756485585976
2025-01-17,SOM,0.048729050253151183
2025-01-18,SOM,0.07482807893606268
2025-01-19,SOM,0.01638137124449333
2025-01-20,SOM,0.011946900991275445
2025-01-21,SOM,0.006038728984258587
2025-01-22,SOM,0.00681735634374932
2025-01-23,SOM,0.005078387168389564
2025-01-24,SOM,0.004945203149811749
2025-01-25,SOM,0.009419048582649036
2025-01-26,SOM,0.005465937912515672
2025-01-27,SOM,0.00889585549523674
2025-01-28,SOM,0.14422200816576342
2025-01-29,SOM,0.022071641126495883
2025-01-30,SOM,0.15341969238576925
2025-01-31,SOM,0.07287418644784703
2025-02-01,SOM,0.172797272353827
2025-02-02,SOM,0.11733393372671692
2025-02-03,SOM,0.010352288154617122
2025-02-04,SOM,0.13765067783034718
2025-02-05,SOM,0.0447344511457867
2025-02-06,SOM,0.01235756526436616
2025-02-07,SOM,0.07532089575000159
2025-02-08,SOM,0.006401253339704143
2025-02-09,SOM,0.009285824880093127
2025-02-10,SOM,0.06289936955330647
2025-02-11,SOM,0.06946920888277838
2025-02-12,SOM,0.007119419777306846
2025-02-13,SOM,0.004153603102385058
2025-02-14,SOM,0.004756307186269435
2025-02-15,SOM,0.004103762463626663
2025-02-16,SOM,0.017979478749179895
2025-02-17,SOM,0.00457387647567495
2025-02-18,SOM,0.004348798219543085
2025-02-19,SOM,0.005319036970520273
2025-02-20,SOM,0.11126117541534725
2025-02-21,SOM,0.01741660724306739
2025-02-22,SOM,0.01204582621674678
2025-02-23,SOM,0.0068705089952046825
2025-02-24,SOM,0.004316729606094165
2025-02-25,SOM,0.1513002265089952
2025-02-26,SOM,0.01148253412121234
2025-02-27,SOM,0.0475430734062031
2025-02-28,SOM,0.016540713217516476
2025-03-01,SOM,0.06837171084331756
2025-03-02,SOM,0.0056280372995236565
2025-03-03,SOM,0.005664146385979315
2025-03-04,SOM,0.005315081962435618
2025-03-05,SOM,0.040972217405950986
2025-03-06,SOM,0.004256017975321057
2025-03-07,SOM,0.09457463679551599
2025-03-08,SOM,0.0761517447130878
2025-03-09,SOM,0.004420241987000926
2025-03-10,SOM,0.023240526968768906
2025-03-11,SOM,0.12335239861152081
2025-03-12,SOM,0.005628361487553169
2025-03-13,SOM,0.064415070556341
2025-03-14,SOM,0.005527363293051003
2025-03-15,SOM,0.0679031732445776
2025-03-16,SOM,0.02090895173055719
2025-03-17,SOM,0.06808309876169089
2025-03-18,SOM,0.09245833783891941
2025-03-19,SOM,0.016565202972284393
2025-03-20,SOM,0.04318869700705694
2025-03-21,SOM,0.058967814493922056
2025-03-22,SOM,0.02942561816540041
2025-03-23,SOM,0.010227389585735209
2025-03-24,SOM,0.004199662629528431
2025-03-25,SOM,0.004121739839607743
2025-03-26,SOM,0.005101438332245716
2025-03-27,SOM,0.004239676887302437
2025-03-28,SOM,0.004225405517633324
2024-07-01,KEN,0.010121839637946656
2024-07-02,KEN,0.025575878374704132
2024-07-03,KEN,0.00788532077914748
2024-07-04,KEN,0.03443450720178732
2024-07-05,KEN,0.014585519614419668
2024-07-06,KEN,0.023252247692743734
2024-07-07,KEN,0.006233875670773151
2024-07-08,KEN,0.01071688833899383
2024-07-09,KEN,0.010638193631456745
2024-07-10,KEN,0.009703115207148862
2024-07-11,KEN,0.11987502204096327
2024-07-12,KEN,0.02285538851336636
2024-07-13,KEN,0.01363242348455117
2024-07-14,KEN,0.020885606654855886
2024-07-15,KEN,0.11675568607018155
2024-07-16,KEN,0.09545243520337499
2024-07-17,KEN,0.01215792708121251
2024-07-18,KEN,0.004839130050180292
2024-07-19,KEN,0.007628418558002367
2024-07-20,KEN,0.018227946775279828
2024-07-21,KEN,0.0059414883490809985
2024-07-22,KEN,0.07400417806006812
2024-07-23,KEN,0.007981963739842642
2024-07-24,KEN,0.05826334007219701
2024-07-25,KEN,0.032967669899619155
2024-07-26,KEN,0.03704403710716021
2024-07-27,KEN,0.025897260688018384
2024-07-28,KEN,0.061130953556893144
2024-07-29,KEN,0.008567738824015268
2024-07-30,KEN,0.02388638536302379
2024-07-31,KEN,0.00962966200311889
2024-08-01,KEN,0.04490495762379501
2024-08-02,KEN,0.00820288672459823
2024-08-03,KEN,0.04322282957242435
2024-08-04,KEN,0.008291764455555881
2024-08-05,KEN,0.0366363701294059
2024-08-06,KEN,0.028032512047829694
2024-08-07,KEN,0.04587840935417928
2024-08-08,KEN,0.10931213096524972
2024-08-09,KEN,0.12007646307164899
2024-08-10,KEN,0.02351143928395336
2024-08-11,KEN,0.022570520414906214
2024-08-12,KEN,0.13282825190604675
2024-08-13,KEN,0.09629400813673113
2024-08-14,KEN,0.014832802246053234
2024-08-15,KEN,0.1514767543297057
2024-08-16,KEN,0.024993984889746496
2024-08-17,KEN,0.12809196326711236
2024-08-18,KEN,0.029822753240764284
2024-08-19,KEN,0.05335646723320046
2024-08-20,KEN,0.041380420782558804
2024-08-21,KEN,0.005999826221854146
2024-08-22,KEN,0.014450985788826759
2024-08-23,KEN,0.01073249883662379
2024-08-24,KEN,0.006624914350185369
2024-08-25,KEN,0.0355004959113956
2024-08-26,KEN,0.006609694326905292
2024-08-27,KEN,0.006341662305576271
2024-08-28,KEN,0.03305180264032716
2024-08-29,KEN,0.009157321930193108
2024-08-30,KEN,0.04011864582491014
2024-08-31,KEN,0.007248874288883887
2024-09-01,KEN,0.006868544698219218
2024-09-02,KEN,0.04470873970020671
2024-09-03,KEN,0.07654074478569167
2024-09-04,KEN,0.015329830769030871
2024-09-05,KEN,0.054196199893335364
2024-09-06,KEN,0.027849678261274644
2024-09-07,KEN,0.08107863701399837
2024-09-08,KEN,0.020297534469064595
2024-09-09,KEN,0.011233396255908933
2024-09-10,KEN,0.011508928778710105
2024-09-11,KEN,0.018735434542135058
2024-09-12,KEN,0.12339318450332176
2024-09-13,KEN,0.09438151477711261
2024-09-14,KEN,0.07648097720381594
2024-09-15,KEN,0.01897652309507321
2024-09-16,KEN,0.0201181910313954
2024-09-17,KEN,0.17860344808277412
2024-09-18,KEN,0.16059272017778942
2024-09-19,KEN,0.18039851011103478
2024-09-20,KEN,0.1787870435553253
2024-09-21,KEN,0.08989334829502295
2024-09-22,KEN,0.18511069528114138
2024-09-23,KEN,0.15313803884094254
2024-09-24,KEN,0.030310827423935302
2024-09-25,KEN,0.012145019470067313
2024-09-26,KEN,0.007030577920330848
2024-09-27,KEN,0.04113958030492518
2024-09-28,KEN,0.007106731307022862
2024-09-29,KEN,0.006418493392660426
2024-09-30,KEN,0.005910549972461534
2024-10-01,KEN,0.006437835086642625
2024-10-02,KEN,0.008554373081313425
2024-10-03,KEN,0.006599174695776151
2024-10-04,KEN,0.08855124880673261
2024-10-05,KEN,0.024842387534220595
2024-10-06,KEN,0.02469441246132595
2024-10-07,KEN,0.050840335599613255
2024-10-08,KEN,0.14701465029659397
2024-10-09,KEN,0.17267530337855996
2024-10-10,KEN,0.13270709141317016
2024-10-11,KEN,0.05867183929414579
2024-10-12,KEN,0.014480363611080085
2024-10-13,KEN,0.011174605295375251
2024-10-14,KEN,0.028878350915955496
2024-10-15,KEN,0.012407999425139137
2024-10-16,KEN,0.16660159629065197
2024-10-17,KEN,0.021442966144401873
2024-10-18,KEN,0.020231676439004843
2024-10-19,KEN,0.11285133741337186
2024-10-20,KEN,0.0062162503294273
2024-10-21,KEN,0.0061716884505789915
2024-10-22,KEN,0.006533999348213509
2024-10-23,KEN,0.0384031723706293
2024-10-24,KEN,0.013523918241140557
2024-10-25,KEN,0.023608422921175022
2024-10-26,KEN,0.006648081640880949
2024-10-27,KEN,0.00571333920056435
2024-10-28,KEN,0.03890581211731901
2024-10-29,KEN,0.00624324943453415
2024-10-30,KEN,0.009017403477333989
2024-10-31,KEN,0.008871999588492389
2024-11-01,KEN,0.005637587540748203
2024-11-02,KEN,0.17879586814355852
2024-11-03,KEN,0.09954878422582882
2024-11-04,KEN,0.007786916084088533
2024-11-05,KEN,0.05826626872193784
2024-11-06,KEN,0.00646853088751133
2024-11-07,KEN,0.007622072447493669
2024-11-08,KEN,0.00718470290516773
2024-11-09,KEN,0.006597156505215212
2024-11-10,KEN,0.07749865236804944
2024-11-11,KEN,0.02428211373763444
2024-11-12,KEN,0.01078898011136097
2024-11-13,KEN,0.1683022705495077
2024-11-14,KEN,0.17170784039778356
2024-11-15,KEN,0.17490373194425146
2024-11-16,KEN,0.1364796397086957
2024-11-17,KEN,0.06008044150516088
2024-11-18,KEN,0.030596300207164275
2024-11-19,KEN,0.1521311550274024
2024-11-20,KEN,0.04829720826462815
2024-11-21,KEN,0.17789177805576087
2024-11-22,KEN,0.036258826852968565
2024-11-23,KEN,0.0301539512094557
2024-11-24,KEN,0.17340620179827196
2024-11-25,KEN,0.09760098479642669
2024-11-26,KEN,0.04999715842941791
2024-11-27,KEN,0.06788945308959321
2024-11-28,KEN,0.040697138724933093
2024-11-29,KEN,0.006483053584602781
2024-11-30,KEN,0.010255329830268018
2024-12-01,KEN,0.005382414126883732
2024-12-02,KEN,0.005576100528642294
2024-12-03,KEN,0.005203800903771982
2024-12-04,KEN,0.005933122382409192
2024-12-05,KEN,0.11348482059716139
2024-12-06,KEN,0.05769800972088406
2024-12-07,KEN,0.11031046546381258
2024-12-08,KEN,0.11085615276676179
2024-12-09,KEN,0.1654350966683099
2024-12-10,KEN,0.10065632517859394
2024-12-11,KEN,0.15638011603782911
2024-12-12,KEN,0.18804176693236743
2024-12-13,KEN,0.15118955266317657
2024-12-14,KEN,0.190035069244489
2024-12-15,KEN,0.16867932187124998
2024-12-16,KEN,0.17188908093699176
2024-12-17,KEN,0.17563273705521398
2024-12-18,KEN,0.12201031843567324
2024-12-19,KEN,0.11203018022804909
2024-12-20,KEN,0.05587383158828281
2024-12-21,KEN,0.061068851311853634
2024-12-22,KEN,0.11854145344392662
2024-12-23,KEN,0.010113735121592377
2024-12-24,KEN,0.0772977613419562
2024-12-25,KEN,0.061161006353995115
2024-12-26,KEN,0.009540033634739103
2024-12-27,KEN,0.011871725701844837
2024-12-28,KEN,0.06768341713090947
2024-12-29,KEN,0.09324862527096939
2024-12-30,KEN,0.029697787495743977
2024-12-31,KEN,0.005637965006483891
2025-01-01,KEN,0.010308571700391459
2025-01-02,KEN,0.024429745246468702
2025-01-03,KEN,0.011256602826986553
2025-01-04,KEN,0.0049692410671202634
2025-01-05,KEN,0.012220632239526808
2025-01-06,KEN,0.008713165983712847
2025-01-07,KEN,0.012060094524628483
2025-01-08,KEN,0.045177925269742646
2025-01-09,KEN,0.01485663404760478
2025-01-10,KEN,0.01052959854472584
2025-01-11,KEN,0.08715468108116402
2025-01-12,KEN,0.12636776727904298
2025-01-13,KEN,0.016845460672811636
2025-01-14,KEN,0.03537566483068694
2025-01-15,KEN,0.06986753240631424
2025-01-16,KEN,0.09465908147644787
2025-01-17,KEN,0.0908206927672771
2025-01-18,KEN,0.06981074144183816
2025-01-19,KEN,0.01225776991293306
2025-01-20,KEN,0.010399321487341988
2025-01-21,KEN,0.021637154282605542
2025-01-22,KEN,0.02692106272063182
2025-01-23,KEN,0.0072850136043817355
2025-01-24,KEN,0.014869507638180929
2025-01-25,KEN,0.024537213456005607
2025-01-26,KEN,0.008839658319770686
2025-01-27,KEN,0.044718571409185386
2025-01-28,KEN,0.014081050800428752
2025-01-29,KEN,0.01146623264749605
2025-01-30,KEN,0.008471701217700531
2025-01-31,KEN,0.008534598534798436
2025-02-01,KEN,0.052574105896668104
2025-02-02,KEN,0.01294136919393545
2025-02-03,KEN,0.17789163480592113
2025-02-04,KEN,0.015284256538012145
2025-02-05,KEN,0.0535775356588554
2025-02-06,KEN,0.034768144504178485
2025-02-07,KEN,0.03472509366461424
2025-02-08,KEN,0.01980460805347909
2025-02-09,KEN,0.020763076238006425
2025-02-10,KEN,0.04173828055773281
2025-02-11,KEN,0.01570610745124505
2025-02-12,KEN,0.028172251997905785
2025-02-13,KEN,0.03898963541812309
2025-02-14,KEN,0.021871333230462774
2025-02-15,KEN,0.03430469115589844
2025-02-16,KEN,0.016498232239160204
2025-02-17,KEN,0.022418450938066627
2025-02-18,KEN,0.015230317671953772
2025-02-19,KEN,0.027133564616343885
2025-02-20,KEN,0.0417860097143429
2025-02-21,KEN,0.018127164896153077
2025-02-22,KEN,0.20255707020952898
2025-02-23,KEN,0.0893658951183158
2025-02-24,KEN,0.19768599369258227
2025-02-25,KEN,0.1868734728557954
2025-02-26,KEN,0.1640577260934851
2025-02-27,KEN,0.0481315398503162
2025-02-28,KEN,0.07754888778886047
2025-03-01,KEN,0.003698828432495716
2025-03-02,KEN,0.0039755247497775675
2025-03-03,KEN,0.0047545554871218434
2025-03-04,KEN,0.004183486974947249
2025-03-05,KEN,0.003973254585474606
2025-03-06,KEN,0.0049771097595187035
2025-03-07,KEN,0.0038743324745191352
2025-03-08,KEN,0.02075898833757693
2025-03-09,KEN,0.05509136107086996
2025-03-10,KEN,0.014313566750795642
2025-03-11,KEN,0.09947305515855673
2025-03-12,KEN,0.06690329713061695
2025-03-13,KEN,0.033125009358241635
2025-03-14,KEN,0.01594149575793329
2025-03-15,KEN,0.04410132364504407
2025-03-16,KEN,0.021212124534917873
2025-03-17,KEN,0.13130282950824404
2025-03-18,KEN,0.06087178038918428
2025-03-19,KEN,0.05859245444672423
2025-03-20,KEN,0.05975472366625782
2025-03-21,KEN,0.010277658338261943
2025-03-22,KEN,0.12270482258874921
2025-03-23,KEN,0.17657313783018647
2025-03-24,KEN,0.10788981371675842
2025-03-25,KEN,0.09441358751631367
2025-03-26,KEN,0.06008128154357604
2025-03-27,KEN,0.08924759337255034
2025-03-28,KEN,0.04541067596793455
2024-07-01,UGA,0.10407134611773816
2024-07-02,UGA,0.12785044785991756
2024-07-03,UGA,0.1113957014470826
2024-07-04,UGA,0.1971640304765798
2024-07-05,UGA,0.19125535984380204
2024-07-06,UGA,0.010251070838280231
2024-07-07,UGA,0.00548797069553756
2024-07-08,UGA,0.005760631410517707
2024-07-09,UGA,0.006531855427340674
2024-07-10,UGA,0.0060389355906218115
2024-07-11,UGA,0.006181938663829001
2024-07-12,UGA,0.005256906268696994
2024-07-13,UGA,0.006087445489501084
2024-07-14,UGA,0.006199603769680425
2024-07-15,UGA,0.006621647858223359
2024-07-16,UGA,0.00527862970414789
2024-07-17,UGA,0.00477354077267688
2024-07-18,UGA,0.019524931542298833
2024-07-19,UGA,0.018279593900631896
2024-07-20,UGA,0.035354832406957436
2024-07-21,UGA,0.16066656037779098
2024-07-22,UGA,0.09571645574420488
2024-07-23,UGA,0.1287819374597825
2024-07-24,UGA,0.14929622554995317
2024-07-25,UGA,0.10846598493447514
2024-07-26,UGA,0.14130381622783822
2024-07-27,UGA,0.12326268767970894
2024-07-28,UGA,0.004524354603053115
2024-07-29,UGA,0.004685754722491131
2024-07-30,UGA,0.004702906206906787
2024-07-31,UGA,0.004719859983774082
2024-08-01,UGA,0.00491734436245085
2024-08-02,UGA,0.004763755933521251
2024-08-03,UGA,0.004408129280865595
2024-08-04,UGA,0.09763357115843292
2024-08-05,UGA,0.08851461842297852
2024-08-06,UGA,0.02706402052725809
2024-08-07,UGA,0.08707410453767693
2024-08-08,UGA,0.11217047322526116
2024-08-09,UGA,0.08620724840048993
2024-08-10,UGA,0.06652298152914046
2024-08-11,UGA,0.08548199365704771
2024-08-12,UGA,0.039404391532896606
2024-08-13,UGA,0.11407527974830343
2024-08-14,UGA,0.02781510335104336
2024-08-15,UGA,0.02059612729892564
2024-08-16,UGA,0.03152302047282539
2024-08-17,UGA,0.15124024467652064
2024-08-18,UGA,0.14617916960596775
2024-08-19,UGA,0.11203714505037002
2024-08-20,UGA,0.1104345668596927
2024-08-21,UGA,0.13774520839737095
2024-08-22,UGA,0.10378769061329626
2024-08-23,UGA,0.107795620875673
2024-08-24,UGA,0.02708885855838778
2024-08-25,UGA,0.050614611904170353
2024-08-26,UGA,0.03377744865142745
2024-08-27,UGA,0.014407182590740638
2024-08-28,UGA,0.12338494826015432
2024-08-29,UGA,0.0779439787384837
2024-08-30,UGA,0.02174580321394535
2024-08-31,UGA,0.11958637707895182
2024-09-01,UGA,0.11753808104980623
2024-09-02,UGA,0.136950901646378
2024-09-03,UGA,0.1860249316996439
2024-09-04,UGA,0.007243768112048835
2024-09-05,UGA,0.09883572792558672
2024-09-06,UGA,0.008190331862845767
2024-09-07,UGA,0.09638790826157434
2024-09-08,UGA,0.01234085105222707
2024-09-09,UGA,0.007731676129031775
2024-09-10,UGA,0.006706602860501274
2024-09-11,UGA,0.046611397824080913
2024-09-12,UGA,0.01966324190421518
2024-09-13,UGA,0.021150575992230903
2024-09-14,UGA,0.02127119127352874
2024-09-15,UGA,0.01853338839769255
2024-09-16,UGA,0.05441909590318198
2024-09-17,UGA,0.030499290275018257
2024-09-18,UGA,0.023633478461650207
2024-09-19,UGA,0.02442685163498701
2024-09-20,UGA,0.03209087902354634
2024-09-21,UGA,0.021859027906373927
2024-09-22,UGA,0.026321589264543376
2024-09-23,UGA,0.02381852164571208
2024-09-24,UGA,0.02693304212856935
2024-09-25,UGA,0.17168309632299797
2024-09-26,UGA,0.03612734990237096
2024-09-27,UGA,0.021299370874955058
2024-09-28,UGA,0.0710871195014744
2024-09-29,UGA,0.14918516725087996
2024-09-30,UGA,0.16058503974700622
2024-10-01,UGA,0.0811407712770032
2024-10-02,UGA,0.010193933742113881
2024-10-03,UGA,0.06310663817913563
2024-10-04,UGA,0.01039562499877051
2024-10-05,UGA,0.009150050490384738
2024-10-06,UGA,0.00720428410713425
2024-10-07,UGA,0.02872023527904708
2024-10-08,UGA,0.010118993982903115
2024-10-09,UGA,0.022385138582105342
2024-10-10,UGA,0.019306973078079718
2024-10-11,UGA,0.013454218596554225
2024-10-12,UGA,0.014603887421192013
2024-10-13,UGA,0.028050138042410182
2024-10-14,UGA,0.010585649333551049
2024-10-15,UGA,0.010138320755049226
2024-10-16,UGA,0.008826209772893714
2024-10-17,UGA,0.0120194127055142
2024-10-18,UGA,0.05203105159629027
2024-10-19,UGA,0.021735311095953516
2024-10-20,UGA,0.005558309391868234
2024-10-21,UGA,0.007512615215862437
2024-10-22,UGA,0.007223115325111281
2024-10-23,UGA,0.006259267863085759
2024-10-24,UGA,0.006202766756766589
2024-10-25,UGA,0.007741974305406833
2024-10-26,UGA,0.010492408578840151
2024-10-27,UGA,0.015077197080796113
2024-10-28,UGA,0.007664304101039119
2024-10-29,UGA,0.029602143614310763
2024-10-30,UGA,0.022710811498725118
2024-10-31,UGA,0.021124189087801223
2024-11-01,UGA,0.006419126186554413
2024-11-02,UGA,0.014149275085625738
2024-11-03,UGA,0.162943736016199
2024-11-04,UGA,0.10874772200848759
2024-11-05,UGA,0.00463758623051363
2024-11-06,UGA,0.005084185900629028
2024-11-07,UGA,0.00515596828848716
2024-11-08,UGA,0.005096297551122552
2024-11-09,UGA,0.00538098032250468
2024-11-10,UGA,0.0053750479212825485
2024-11-11,UGA,0.005194527262625417
2024-11-12,UGA,0.07349250820555402
2024-11-13,UGA,0.08162593420580222
2024-11-14,UGA,0.08798458724478245
2024-11-15,UGA,0.10619919847714926
2024-11-16,UGA,0.0683284894982474
2024-11-17,UGA,0.07326257351792292
2024-11-18,UGA,0.08624586294538446
2024-11-19,UGA,0.13440313021345804
2024-11-20,UGA,0.16074787472664342
2024-11-21,UGA,0.11648199388562225
2024-11-22,UGA,0.1068620451459479
2024-11-23,UGA,0.0975117603067031
2024-11-24,UGA,0.15697944827060634
2024-11-25,UGA,0.1312832862577316
2024-11-26,UGA,0.07372712363136738
2024-11-27,UGA,0.11237874974662944
2024-11-28,UGA,0.18759884444738442
2024-11-29,UGA,0.13205741946371288
2024-11-30,UGA,0.15430363092542912
2024-12-01,UGA,0.019213845114829455
2024-12-02,UGA,0.07055328047909831
2024-12-03,UGA,0.028730443169141008
2024-12-04,UGA,0.012124044954757348
2024-12-05,UGA,0.00925209707057483
2024-12-06,UGA,0.009240803855237572
2024-12-07,UGA,0.00666892639517005
2024-12-08,UGA,0.09215874310507895
2024-12-09,UGA,0.01465839804856647
2024-12-10,UGA,0.025704170275865173
2024-12-11,UGA,0.013042484999718532
2024-12-12,UGA,0.02076483903166623
2024-12-13,UGA,0.009509827568817745
2024-12-14,UGA,0.010464559690841568
2024-12-15,UGA,0.010726075548336872
2024-12-16,UGA,0.02289685334669609
2024-12-17,UGA,0.014657086743793154
2024-12-18,UGA,0.017390213417124732
2024-12-19,UGA,0.022578385897965948
2024-12-20,UGA,0.012785110956459733
2024-12-21,UGA,0.045233813447187576
2024-12-22,UGA,0.015829210340275644
2024-12-23,UGA,0.018539581585604804
2024-12-24,UGA,0.037497915604965654
2024-12-25,UGA,0.03632119858495206
2024-12-26,UGA,0.08072620396946115
2024-12-27,UGA,0.12280055301545097
2024-12-28,UGA,0.10837960327469955
2024-12-29,UGA,0.11938172547874111
2024-12-30,UGA,0.11123206560605477
2024-12-31,UGA,0.018394693320940046
2025-01-01,UGA,0.07396301542444228
2025-01-02,UGA,0.012727945938166469
2025-01-03,UGA,0.012412431615520497
2025-01-04,UGA,0.01854367104431628
2025-01-05,UGA,0.05781745380746962
2025-01-06,UGA,0.020671481433812314
2025-01-07,UGA,0.1307806922518576
2025-01-08,UGA,0.02486526378344253
2025-01-09,UGA,0.02012737110417743
2025-01-10,UGA,0.04853146879053824
2025-01-11,UGA,0.014430544437011208
2025-01-12,UGA,0.011535708663063077
2025-01-13,UGA,0.03743694642937207
2025-01-14,UGA,0.01020247496496204
2025-01-15,UGA,0.07987842287883529
2025-01-16,UGA,0.00941310278174449
2025-01-17,UGA,0.006364867810240358
2025-01-18,UGA,0.13413844879303458
2025-01-19,UGA,0.007972722343872985
2025-01-20,UGA,0.033822967644630456
2025-01-21,UGA,0.009059077752964191
2025-01-22,UGA,0.024641408198163926
2025-01-23,UGA,0.12456228209314144
2025-01-24,UGA,0.06858134762213093
2025-01-25,UGA,0.10798205575170162
2025-01-26,UGA,0.15870963421592732
2025-01-27,UGA,0.011354569965745449
2025-01-28,UGA,0.028945124962974366
2025-01-29,UGA,0.01602119136620056
2025-01-30,UGA,0.007976044488211067
2025-01-31,UGA,0.008807809435404223
2025-02-01,UGA,0.01367705064050698
2025-02-02,UGA,0.008993506922571396
2025-02-03,UGA,0.017367618954806693
2025-02-04,UGA,0.010779666375245807
2025-02-05,UGA,0.01186179527134361
2025-02-06,UGA,0.009855962505373591
2025-02-07,UGA,0.024344358985841384
2025-02-08,UGA,0.010588681815682774
2025-02-09,UGA,0.1829718814209341
2025-02-10,UGA,0.1675662696509909
2025-02-11,UGA,0.10126139211018723
2025-02-12,UGA,0.16623015928426377
2025-02-13,UGA,0.16139518063625147
2025-02-14,UGA,0.15930606378075654
2025-02-15,UGA,0.15907621350651235
2025-02-16,UGA,0.17972422640733907
2025-02-17,UGA,0.10783547286026604
2025-02-18,UGA,0.15801131116866132
2025-02-19,UGA,0.033678266959563344
2025-02-20,UGA,0.0427452025127205
2025-02-21,UGA,0.1372602319152427
2025-02-22,UGA,0.08187921944805669
2025-02-23,UGA,0.06649450205998425
2025-02-24,UGA,0.010820269167396986
2025-02-25,UGA,0.03971184256750153
2025-02-26,UGA,0.13396377122768557
2025-02-27,UGA,0.0636425545697338
2025-02-28,UGA,0.15598027713938498
2025-03-01,UGA,0.1471294755177174
2025-03-02,UGA,0.017262782361844385
2025-03-03,UGA,0.0318550473041938
2025-03-04,UGA,0.017294079577747326
2025-03-05,UGA,0.01927619511423451
2025-03-06,UGA,0.006138116858871832
2025-03-07,UGA,0.007113676133485514
2025-03-08,UGA,0.006060872773590195
2025-03-09,UGA,0.012317589379601868
2025-03-10,UGA,0.013496502321950857
2025-03-11,UGA,0.007444985840749297
2025-03-12,UGA,0.007421547735458323
2025-03-13,UGA,0.006387247518379483
2025-03-14,UGA,0.15005889747631287
2025-03-15,UGA,0.12863825548824756
2025-03-16,UGA,0.15853224550996642
2025-03-17,UGA,0.0794772836295892
2025-03-18,UGA,0.14133402958307845
2025-03-19,UGA,0.018317174347587378
2025-03-20,UGA,0.020905293938251957
2025-03-21,UGA,0.05653000052829111
2025-03-22,UGA,0.13607949219975385
2025-03-23,UGA,0.02734986631992417
2025-03-24,UGA,0.04298613742632982
2025-03-25,UGA,0.05573061144964721
2025-03-26,UGA,0.09427669003082402
2025-03-27,UGA,0.03526728853522359
2025-03-28,UGA,0.032090299769616366
2024-07-01,ERI,0.0070315463575303565
2024-07-02,ERI,0.007349459563865926
2024-07-03,ERI,0.006501902335966894
2024-07-04,ERI,0.008182338406509976
2024-07-05,ERI,0.006651013060614916
2024-07-06,ERI,0.006003249570829916
2024-07-07,ERI,0.006161650266390511
2024-07-08,ERI,0.006446054261784704
2024-07-09,ERI,0.006482414415541465
2024-07-10,ERI,0.00676017464562528
2024-07-11,ERI,0.006344380138377898
2024-07-12,ERI,0.008147722312690649
2024-07-13,ERI,0.006825781634963156
2024-07-14,ERI,0.006286425659393873
2024-07-15,ERI,0.007052098554740974
2024-07-16,ERI,0.006420232658151711
2024-07-17,ERI,0.006194369334228572
2024-07-18,ERI,0.006141589791014841
2024-07-19,ERI,0.006070347666208077
2024-07-20,ERI,0.021521992615805494
2024-07-21,ERI,0.010205663563179923
2024-07-22,ERI,0.009261459420835014
2024-07-23,ERI,0.009573348944043592
2024-07-24,ERI,0.010739770796549784
2024-07-25,ERI,0.009240011337734721
2024-07-26,ERI,0.01101200420531705
2024-07-27,ERI,0.00945319392569881
2024-07-28,ERI,0.011164784440557638
2024-07-29,ERI,0.010313042448124164
2024-07-30,ERI,0.00904088298826465
2024-07-31,ERI,0.009281887891084464
2024-08-01,ERI,0.00851712949107738
2024-08-02,ERI,0.009099859606234538
2024-08-03,ERI,0.009670469687283103
2024-08-04,ERI,0.15391068401324823
2024-08-05,ERI,0.008969195080407263
2024-08-06,ERI,0.009492350455110108
2024-08-07,ERI,0.008716323903533068
2024-08-08,ERI,0.010053886961826864
2024-08-09,ERI,0.008238648696408692
2024-08-10,ERI,0.00956763714796097
2024-08-11,ERI,0.008910861010263275
2024-08-12,ERI,0.00899557485952473
2024-08-13,ERI,0.009117325377793039
2024-08-14,ERI,0.010250210391833747
2024-08-15,ERI,0.1853979071767304
2024-08-16,ERI,0.010215651631333507
2024-08-17,ERI,0.008794766661913603
2024-08-18,ERI,0.009263651562003884
2024-08-19,ERI,0.19323295634772794
2024-08-20,ERI,0.005582914293508381
2024-08-21,ERI,0.006236936163245451
2024-08-22,ERI,0.004764894134277101
2024-08-23,ERI,0.004453868543472094
2024-08-24,ERI,0.005224835602126042
2024-08-25,ERI,0.005184695335309657
2024-08-26,ERI,0.00885127435704768
2024-08-27,ERI,0.008136887816436044
2024-08-28,ERI,0.009423908899074539
2024-08-29,ERI,0.009141329714359941
2024-08-30,ERI,0.008438711749737543
2024-08-31,ERI,0.008558669447813784
2024-09-01,ERI,0.009655133722218134
2024-09-02,ERI,0.011457697145721252
2024-09-03,ERI,0.011952056339617191
2024-09-04,ERI,0.00996461651604492
2024-09-05,ERI,0.013303811308009617
2024-09-06,ERI,0.011266455104865954
2024-09-07,ERI,0.012767635759734358
2024-09-08,ERI,0.014802230775701147
2024-09-09,ERI,0.014617581303287313
2024-09-10,ERI,0.014827396226600786
2024-09-11,ERI,0.014741452361108208
2024-09-12,ERI,0.019964657816124155
2024-09-13,ERI,0.016481902704873985
2024-09-14,ERI,0.01649273213413696
2024-09-15,ERI,0.014690598704867651
2024-09-16,ERI,0.013855664002425126
2024-09-17,ERI,0.014554772331496388
2024-09-18,ERI,0.012730054275603043
2024-09-19,ERI,0.012721376484760382
2024-09-20,ERI,0.01492021427495108
2024-09-21,ERI,0.008643160069400042
2024-09-22,ERI,0.009504276853438543
2024-09-23,ERI,0.00910132809911091
2024-09-24,ERI,0.010305735447813815
2024-09-25,ERI,0.008534569012316359
2024-09-26,ERI,0.00797980795296487
2024-09-27,ERI,0.0075349789419561
2024-09-28,ERI,0.007946189544550024
2024-09-29,ERI,0.008474174173206579
2024-09-30,ERI,0.0077107709168131675
2024-10-01,ERI,0.007652267619346055
2024-10-02,ERI,0.007942051373205848
2024-10-03,ERI,0.007682852418497782
2024-10-04,ERI,0.006343326759823052
2024-10-05,ERI,0.006695777675704313
2024-10-06,ERI,0.007008574080582244
2024-10-07,ERI,0.007018939261408726
2024-10-08,ERI,0.0072680922219398305
2024-10-09,ERI,0.006235435551039835
2024-10-10,ERI,0.005951800490148381
2024-10-11,ERI,0.006820994855242719
2024-10-12,ERI,0.007025397193315861
2024-10-13,ERI,0.0072539040964208264
2024-10-14,ERI,0.007678044237442746
2024-10-15,ERI,0.009326307642261928
2024-10-16,ERI,0.009168454072807941
2024-10-17,ERI,0.008692956179623073
2024-10-18,ERI,0.008248500707055377
2024-10-19,ERI,0.007143653604511312
2024-10-20,ERI,0.0063766943890926076
2024-10-21,ERI,0.006467450518942085
2024-10-22,ERI,0.007447864176457266
2024-10-23,ERI,0.007340342359486129
2024-10-24,ERI,0.007415816833111939
2024-10-25,ERI,0.008440580517766874
2024-10-26,ERI,0.006495832048568411
2024-10-27,ERI,0.006373825004384756
2024-10-28,ERI,0.00608991176706171
2024-10-29,ERI,0.005658196188046293
2024-10-30,ERI,0.006734822059563834
2024-10-31,ERI,0.006606980571106192
2024-11-01,ERI,0.006759063683349226
2024-11-02,ERI,0.006180396846218682
2024-11-03,ERI,0.006464401789705318
2024-11-04,ERI,0.005966512369598998
2024-11-05,ERI,0.005780138506077783
2024-11-06,ERI,0.005293702927758189
2024-11-07,ERI,0.005199346625406384
2024-11-08,ERI,0.005398172258792638
2024-11-09,ERI,0.005205055083828097
2024-11-10,ERI,0.006388370141705168
2024-11-11,ERI,0.0063240768812269955
2024-11-12,ERI,0.0061157385225662515
2024-11-13,ERI,0.007071785002826071
2024-11-14,ERI,0.0069666748839507095
2024-11-15,ERI,0.006800969614577113
2024-11-16,ERI,0.006010446298325162
2024-11-17,ERI,0.00640537368940767
2024-11-18,ERI,0.00600302680208568
2024-11-19,ERI,0.005691995868265849
2024-11-20,ERI,0.006444444130264407
2024-11-21,ERI,0.0063517575987629945
2024-11-22,ERI,0.005791144562586739
2024-11-23,ERI,0.005500040314307886
2024-11-24,ERI,0.006127581702523094
2024-11-25,ERI,0.005579558810375862
2024-11-26,ERI,0.006123864375400366
2024-11-27,ERI,0.006378344274577704
2024-11-28,ERI,0.006190110813427609
2024-11-29,ERI,0.005674023865835948
2024-11-30,ERI,0.006258232922736962
2024-12-01,ERI,0.006119747639231531
2024-12-02,ERI,0.006015467040614537
2024-12-03,ERI,0.006195024995357047
2024-12-04,ERI,0.005760321915188911
2024-12-05,ERI,0.006068882727740636
2024-12-06,ERI,0.006648172773679271
2024-12-07,ERI,0.006399328275611708
2024-12-08,ERI,0.006820502268645629
2024-12-09,ERI,0.006583057638961151
2024-12-10,ERI,0.007422140056754672
2024-12-11,ERI,0.007012863045117931
2024-12-12,ERI,0.005844379267602066
2024-12-13,ERI,0.006038282449870907
2024-12-14,ERI,0.006267865856753709
2024-12-15,ERI,0.006347164964731028
2024-12-16,ERI,0.007147536650838347
2024-12-17,ERI,0.00737741958913723
2024-12-18,ERI,0.008337576642709149
2024-12-19,ERI,0.007742604742190903
2024-12-20,ERI,0.0072520334070268425
2024-12-21,ERI,0.0071550001633758535
2024-12-22,ERI,0.007501378265256359
2024-12-23,ERI,0.007273383586822994
2024-12-24,ERI,0.00711780583401075
2024-12-25,ERI,0.006518420647140545
2024-12-26,ERI,0.007462577735104094
2024-12-27,ERI,0.006591710828311189
2024-12-28,ERI,0.007702946132589018
2024-12-29,ERI,0.007204010610133107
2024-12-30,ERI,0.006536487312762241
2024-12-31,ERI,0.008124429688035551
2025-01-01,ERI,0.006043779043008712
2025-01-02,ERI,0.005925300787637004
2025-01-03,ERI,0.006523422748877748
2025-01-04,ERI,0.007632880219834898
2025-01-05,ERI,0.007023383225042716
2025-01-06,ERI,0.007419557640912005
2025-01-07,ERI,0.0066070095218819114
2025-01-08,ERI,0.008253924626737115
2025-01-09,ERI,0.007441597945226739
2025-01-10,ERI,0.0069071804965449455
2025-01-11,ERI,0.006072684893382382
2025-01-12,ERI,0.00648235778972124
2025-01-13,ERI,0.0069553418534019406
2025-01-14,ERI,0.0061315328262043
2025-01-15,ERI,0.007163126767906636
2025-01-16,ERI,0.006584600343433855
2025-01-17,ERI,0.0066374793328088
2025-01-18,ERI,0.005817486670059951
2025-01-19,ERI,0.006663425676445866
2025-01-20,ERI,0.006565450966191822
2025-01-21,ERI,0.006763589192993865
2025-01-22,ERI,0.007093921364446261
2025-01-23,ERI,0.0066805241726255234
2025-01-24,ERI,0.006248853703390338
2025-01-25,ERI,0.006848691414502393
2025-01-26,ERI,0.0066928582164163366
2025-01-27,ERI,0.006837607962910307
2025-01-28,ERI,0.005524889441648824
2025-01-29,ERI,0.006463070922676197
2025-01-30,ERI,0.007146350987901788
2025-01-31,ERI,0.0062715433943423896
2025-02-01,ERI,0.007100001063047872
2025-02-02,ERI,0.007010345668396939
2025-02-03,ERI,0.007295080075744628
2025-02-04,ERI,0.008033405546307201
2025-02-05,ERI,0.007472322052960858
2025-02-06,ERI,0.006869627750398076
2025-02-07,ERI,0.0070847178770926675
2025-02-08,ERI,0.008728377175939894
2025-02-09,ERI,0.007049862208251762
2025-02-10,ERI,0.00810413511088024
2025-02-11,ERI,0.005839048022253111
2025-02-12,ERI,0.005931924409782042
2025-02-13,ERI,0.005769626720209087
2025-02-14,ERI,0.005253021366449908
2025-02-15,ERI,0.005321903262747792
2025-02-16,ERI,0.0052919865028476796
2025-02-17,ERI,0.004313459671194703
2025-02-18,ERI,0.005052911749712969
2025-02-19,ERI,0.004843341505366301
2025-02-20,ERI,0.005235524368206343
2025-02-21,ERI,0.005527978409131709
2025-02-22,ERI,0.005778877725295954
2025-02-23,ERI,0.005923554685108866
2025-02-24,ERI,0.005417329144728578
2025-02-25,ERI,0.006013982848634997
2025-02-26,ERI,0.005798711545175685
2025-02-27,ERI,0.005732283027167783
2025-02-28,ERI,0.006590134642105901
2025-03-01,ERI,0.00695750346264235
2025-03-02,ERI,0.007484275387786949
2025-03-03,ERI,0.007782518257071314
2025-03-04,ERI,0.006943527967591161
2025-03-05,ERI,0.007503868773100719
2025-03-06,ERI,0.008006093087141584
2025-03-07,ERI,0.007604994722709305
2025-03-08,ERI,0.007028602946773283
2025-03-09,ERI,0.006808131959230868
2025-03-10,ERI,0.006495784807084379
2025-03-11,ERI,0.006394854100025283
2025-03-12,ERI,0.007778033167438187
2025-03-13,ERI,0.006746711716935563
2025-03-14,ERI,0.007048360364617961
2025-03-15,ERI,0.006471822743823351
2025-03-16,ERI,0.006509185661348302
2025-03-17,ERI,0.006107452471734493
2025-03-18,ERI,0.005752010434155353
2025-03-19,ERI,0.004889064418171745
2025-03-20,ERI,0.005107078180023388
2025-03-21,ERI,0.004997142879655108
2025-03-22,ERI,0.005750676103125895
2025-03-23,ERI,0.005707163642940031
2025-03-24,ERI,0.006414128913211677
2025-03-25,ERI,0.006860180210085354
2025-03-26,ERI,0.006202939967519721
2025-03-27,ERI,0.006731827540022587
2025-03-28,ERI,0.006434183727681354
2024-07-01,MOZ,0.030191186831369343
2024-07-02,MOZ,0.05674654665449849
2024-07-03,MOZ,0.055554535066334336
2024-07-04,MOZ,0.021964204504560787
2024-07-05,MOZ,0.026528034060894858
2024-07-06,MOZ,0.15766372003611343
2024-07-07,MOZ,0.10867300875515472
2024-07-08,MOZ,0.08265829780675817
2024-07-09,MOZ,0.06605424489955483
2024-07-10,MOZ,0.10340182198141652
2024-07-11,MOZ,0.1189541551847532
2024-07-12,MOZ,0.07898765301764678
2024-07-13,MOZ,0.1584600246620554
2024-07-14,MOZ,0.15481920101625568
2024-07-15,MOZ,0.08188315676028059
2024-07-16,MOZ,0.08322560067427053
2024-07-17,MOZ,0.04844747207658216
2024-07-18,MOZ,0.03190068414480492
2024-07-19,MOZ,0.025378107689952
2024-07-20,MOZ,0.09140872435810043
2024-07-21,MOZ,0.06924743963401116
2024-07-22,MOZ,0.05984476984405064
2024-07-23,MOZ,0.08108359791618498
2024-07-24,MOZ,0.09728064912368968
2024-07-25,MOZ,0.12297248225207486
2024-07-26,MOZ,0.14273656331705295
2024-07-27,MOZ,0.16547134521330742
2024-07-28,MOZ,0.16946628383934745
2024-07-29,MOZ,0.18986521586639607
2024-07-30,MOZ,0.18835243345604671
2024-07-31,MOZ,0.19220363431797458
2024-08-01,MOZ,0.1788920866057366
2024-08-02,MOZ,0.15097770184970002
2024-08-03,MOZ,0.1702173803127117
2024-08-04,MOZ,0.17199715954947017
2024-08-05,MOZ,0.04721767743856872
2024-08-06,MOZ,0.04342266969606218
2024-08-07,MOZ,0.18641309476635876
2024-08-08,MOZ,0.18795326344654303
2024-08-09,MOZ,0.18549126112062064
2024-08-10,MOZ,0.1555288096438083
2024-08-11,MOZ,0.16485786804503016
2024-08-12,MOZ,0.17307955035350822
2024-08-13,MOZ,0.15506880050915486
2024-08-14,MOZ,0.14358862330292813
2024-08-15,MOZ,0.024768926679017256
2024-08-16,MOZ,0.17114297297550238
2024-08-17,MOZ,0.10866916355971742
2024-08-18,MOZ,0.013878716289189219
2024-08-19,MOZ,0.019122534836984378
2024-08-20,MOZ,0.01352954043523682
2024-08-21,MOZ,0.02309210550864268
2024-08-22,MOZ,0.18485636284318263
2024-08-23,MOZ,0.12806705149521624
2024-08-24,MOZ,0.1457121458662174
2024-08-25,MOZ,0.11447211314872587
2024-08-26,MOZ,0.1342966780936663
2024-08-27,MOZ,0.11716447297300747
2024-08-28,MOZ,0.1668143748034606
2024-08-29,MOZ,0.15406042419235733
2024-08-30,MOZ,0.13703051821764078
2024-08-31,MOZ,0.18164993806046192
2024-09-01,MOZ,0.17756743509387402
2024-09-02,MOZ,0.1808025279336228
2024-09-03,MOZ,0.15420717286693025
2024-09-04,MOZ,0.1663025569828944
2024-09-05,MOZ,0.16090439995743758
2024-09-06,MOZ,0.14495479457409233
2024-09-07,MOZ,0.03116325871446376
2024-09-08,MOZ,0.03461149347085799
2024-09-09,MOZ,0.044711499801415484
2024-09-10,MOZ,0.04043702315789719
2024-09-11,MOZ,0.18277323599344417
2024-09-12,MOZ,0.016526203304416672
2024-09-13,MOZ,0.017286157520212828
2024-09-14,MOZ,0.01350162156980952
2024-09-15,MOZ,0.02379814475649036
2024-09-16,MOZ,0.015666526725531017
2024-09-17,MOZ,0.016728565819559647
2024-09-18,MOZ,0.019284084694133122
2024-09-19,MOZ,0.10125004152643276
2024-09-20,MOZ,0.04773429775165987
2024-09-21,MOZ,0.05975388907363735
2024-09-22,MOZ,0.05563903540065164
2024-09-23,MOZ,0.055503227046247904
2024-09-24,MOZ,0.04358375322116289
2024-09-25,MOZ,0.03473134751054717
2024-09-26,MOZ,0.03674431405539872
2024-09-27,MOZ,0.019016888746504607
2024-09-28,MOZ,0.023677271541034287
2024-09-29,MOZ,0.009630820645415856
2024-09-30,MOZ,0.018701328767917635
2024-10-01,MOZ,0.19108749964432137
2024-10-02,MOZ,0.00993238640981844
2024-10-03,MOZ,0.012264179446840008
2024-10-04,MOZ,0.013357910761630669
2024-10-05,MOZ,0.010258336476394658
2024-10-06,MOZ,0.009285807024963889
2024-10-07,MOZ,0.008677524579399406
2024-10-08,MOZ,0.010066010789268021
2024-10-09,MOZ,0.08489077865169767
2024-10-10,MOZ,0.15417556895742812
2024-10-11,MOZ,0.13019074057373653
2024-10-12,MOZ,0.159379990060091
2024-10-13,MOZ,0.13050175078103177
2024-10-14,MOZ,0.19122101868140898
2024-10-15,MOZ,0.18276185252629054
2024-10-16,MOZ,0.11740270849439433
2024-10-17,MOZ,0.13484717425264708
2024-10-18,MOZ,0.14695234277415828
2024-10-19,MOZ,0.183246093849866
2024-10-20,MOZ,0.11037175813585283
2024-10-21,MOZ,0.17219062879352892
2024-10-22,MOZ,0.14046756475974262
2024-10-23,MOZ,0.14566497049432517
2024-10-24,MOZ,0.1659725924022522
2024-10-25,MOZ,0.0549760749901924
2024-10-26,MOZ,0.14942067281085597
2024-10-27,MOZ,0.09660809392721835
2024-10-28,MOZ,0.10009789329267792
2024-10-29,MOZ,0.18149904562617286
2024-10-30,MOZ,0.09898443411988606
2024-10-31,MOZ,0.029520796386834164
2024-11-01,MOZ,0.03742860248845518
2024-11-02,MOZ,0.023148236673586366
2024-11-03,MOZ,0.01819729089708048
2024-11-04,MOZ,0.02856811192978464
2024-11-05,MOZ,0.015340527391249203
2024-11-06,MOZ,0.13888172563797532
2024-11-07,MOZ,0.1537620694088367
2024-11-08,MOZ,0.0343500344017493
2024-11-09,MOZ,0.09631655511243561
2024-11-10,MOZ,0.09063911032811241
2024-11-11,MOZ,0.06291716777463177
2024-11-12,MOZ,0.07570343073820836
2024-11-13,MOZ,0.1505510203064259
2024-11-14,MOZ,0.07157130693469145
2024-11-15,MOZ,0.08310980546674111
2024-11-16,MOZ,0.030586288919920712
2024-11-17,MOZ,0.14562788778001295
2024-11-18,MOZ,0.11630599139783444
2024-11-19,MOZ,0.04938160126662576
2024-11-20,MOZ,0.013563819413241618
2024-11-21,MOZ,0.016519803038660553
2024-11-22,MOZ,0.017922617847558657
2024-11-23,MOZ,0.015886468002591223
2024-11-24,MOZ,0.008163297687506467
2024-11-25,MOZ,0.09581277221018157
2024-11-26,MOZ,0.007643941065595835
2024-11-27,MOZ,0.01025250230106297
2024-11-28,MOZ,0.008226900229613697
2024-11-29,MOZ,0.008082195840114745
2024-11-30,MOZ,0.010202702863820818
2024-12-01,MOZ,0.10693552082324094
2024-12-02,MOZ,0.0968763842642532
2024-12-03,MOZ,0.07420188168816778
2024-12-04,MOZ,0.08456050865408601
2024-12-05,MOZ,0.08191364913901775
2024-12-06,MOZ,0.12851735093993163
2024-12-07,MOZ,0.1390066839844105
2024-12-08,MOZ,0.10779238384092296
2024-12-09,MOZ,0.15255029473594467
2024-12-10,MOZ,0.09554067978222323
2024-12-11,MOZ,0.16157231313627235
2024-12-12,MOZ,0.11747886743916076
2024-12-13,MOZ,0.14778164774327282
2024-12-14,MOZ,0.16540131844139905
2024-12-15,MOZ,0.15135586201108311
2024-12-16,MOZ,0.16838196639401054
2024-12-17,MOZ,0.15173128171620848
2024-12-18,MOZ,0.09515100631874539
2024-12-19,MOZ,0.05126314715160441
2024-12-20,MOZ,0.16192665772662626
2024-12-21,MOZ,0.02249738099762866
2024-12-22,MOZ,0.10443980461310902
2024-12-23,MOZ,0.14133372818770049
2024-12-24,MOZ,0.06724634513937135
2024-12-25,MOZ,0.1536220065174638
2024-12-26,MOZ,0.16638798156901857
2024-12-27,MOZ,0.10206096548846436
2024-12-28,MOZ,0.15836536729526055
2024-12-29,MOZ,0.028465732692051358
2024-12-30,MOZ,0.07830640864038478
2024-12-31,MOZ,0.03934751293079744
2025-01-01,MOZ,0.021080955026149456
2025-01-02,MOZ,0.015985556948187808
2025-01-03,MOZ,0.012122370399135848
2025-01-04,MOZ,0.01844007155863314
2025-01-05,MOZ,0.020724474660231234
2025-01-06,MOZ,0.02331316189272224
2025-01-07,MOZ,0.015589611509531299
2025-01-08,MOZ,0.1335554193771249
2025-01-09,MOZ,0.1697219612088344
2025-01-10,MOZ,0.11636176816222249
2025-01-11,MOZ,0.08500796826777937
2025-01-12,MOZ,0.010901116031063496
2025-01-13,MOZ,0.17717959814229006
2025-01-14,MOZ,0.048273261789995504
2025-01-15,MOZ,0.03282521483580433
2025-01-16,MOZ,0.06238994644513407
2025-01-17,MOZ,0.02189596667731291
2025-01-18,MOZ,0.032681377425399484
2025-01-19,MOZ,0.01782116056212007
2025-01-20,MOZ,0.050622995741293794
2025-01-21,MOZ,0.02461035072492679
2025-01-22,MOZ,0.027787147097713807
2025-01-23,MOZ,0.11169262404696643
2025-01-24,MOZ,0.030604081787659405
2025-01-25,MOZ,0.03736813611549333
2025-01-26,MOZ,0.13683381768327008
2025-01-27,MOZ,0.04841610022310699
2025-01-28,MOZ,0.017795416241454483
2025-01-29,MOZ,0.016609684676560776
2025-01-30,MOZ,0.04508337315350866
2025-01-31,MOZ,0.021088867733753364
2025-02-01,MOZ,0.0388120866848594
2025-02-02,MOZ,0.058807977743943814
2025-02-03,MOZ,0.01902633335884555
2025-02-04,MOZ,0.01953825772996332
2025-02-05,MOZ,0.07822349070291773
2025-02-06,MOZ,0.03791559559394319
2025-02-07,MOZ,0.037161454538258525
2025-02-08,MOZ,0.04505962492642266
2025-02-09,MOZ,0.06180688645660674
2025-02-10,MOZ,0.08245962039666148
2025-02-11,MOZ,0.03539422722638083
2025-02-12,MOZ,0.024463077904610466
2025-02-13,MOZ,0.010178895040266598
2025-02-14,MOZ,0.010879967752160562
2025-02-15,MOZ,0.010866556272272924
2025-02-16,MOZ,0.010597370731005489
2025-02-17,MOZ,0.01864172857134294
2025-02-18,MOZ,0.012075870064920481
2025-02-19,MOZ,0.01972062795003575
2025-02-20,MOZ,0.045168220638949604
2025-02-21,MOZ,0.03026192049194447
2025-02-22,MOZ,0.029947402243575682
2025-02-23,MOZ,0.036613778725780276
2025-02-24,MOZ,0.03008891421618246
2025-02-25,MOZ,0.036515045581988
2025-02-26,MOZ,0.03784919458179799
2025-02-27,MOZ,0.05868151914201524
2025-02-28,MOZ,0.043513981357166893
2025-03-01,MOZ,0.04503926502081474
2025-03-02,MOZ,0.034407953283911406
2025-03-03,MOZ,0.04562392675163634
2025-03-04,MOZ,0.058994642289631444
2025-03-05,MOZ,0.08611131070048887
2025-03-06,MOZ,0.14325588348439117
2025-03-07,MOZ,0.14820058131168726
2025-03-08,MOZ,0.15754677596234254
2025-03-09,MOZ,0.13085625789031793
2025-03-10,MOZ,0.11836579672887698
2025-03-11,MOZ,0.1406688152576185
2025-03-12,MOZ,0.09959342978593712
2025-03-13,MOZ,0.10786514093267152
2025-03-14,MOZ,0.1852287092422687
2025-03-15,MOZ,0.17786512969972118
2025-03-16,MOZ,0.0746375519644442
2025-03-17,MOZ,0.08449134800354262
2025-03-18,MOZ,0.06650529463559299
2025-03-19,MOZ,0.0844686541819068
2025-03-20,MOZ,0.03317435921084122
2025-03-21,MOZ,0.022305412100737516
2025-03-22,MOZ,0.012724419605404332
2025-03-23,MOZ,0.02618856831628071
2025-03-24,MOZ,0.018169858765014535
2025-03-25,MOZ,0.01694922473109073
2025-03-26,MOZ,0.01812030231886478
2025-03-27,MOZ,0.016939856766454257
2025-03-28,MOZ,0.10940096228963571
2024-07-01,ZWE,0.06824700248291736
2024-07-02,ZWE,0.09117801786878242
2024-07-03,ZWE,0.0591683065333087
2024-07-04,ZWE,0.09855238872143357
2024-07-05,ZWE,0.0816198544003079
2024-07-06,ZWE,0.08073879320026854
2024-07-07,ZWE,0.09993110190224402
2024-07-08,ZWE,0.0741621037851044
2024-07-09,ZWE,0.08661997648938674
2024-07-10,ZWE,0.06920130296855746
2024-07-11,ZWE,0.06851298842504754
2024-07-12,ZWE,0.07004337336754526
2024-07-13,ZWE,0.08287491066709606
2024-07-14,ZWE,0.14970580032220063
2024-07-15,ZWE,0.09437594038328057
2024-07-16,ZWE,0.09133646615077819
2024-07-17,ZWE,0.09455152159536366
2024-07-18,ZWE,0.10556527549120724
2024-07-19,ZWE,0.07117850035542131
2024-07-20,ZWE,0.09095125161970659
2024-07-21,ZWE,0.019404342698047666
2024-07-22,ZWE,0.019125636619158393
2024-07-23,ZWE,0.019534859763357604
2024-07-24,ZWE,0.016142864551744844
2024-07-25,ZWE,0.02134518650560982
2024-07-26,ZWE,0.015455867362347657
2024-07-27,ZWE,0.017655221659166116
2024-07-28,ZWE,0.02487830959381147
2024-07-29,ZWE,0.023743516028581515
2024-07-30,ZWE,0.0178357544338473
2024-07-31,ZWE,0.12188540726195492
2024-08-01,ZWE,0.11211010313711195
2024-08-02,ZWE,0.1185598208677396
2024-08-03,ZWE,0.08474520425157393
2024-08-04,ZWE,0.1184211519944887
2024-08-05,ZWE,0.11288867543525727
2024-08-06,ZWE,0.09792274939737393
2024-08-07,ZWE,0.018983024874083633
2024-08-08,ZWE,0.17912720762724663
2024-08-09,ZWE,0.03099925898706078
2024-08-10,ZWE,0.022852230047489288
2024-08-11,ZWE,0.022605979634715216
2024-08-12,ZWE,0.0228709364323618
2024-08-13,ZWE,0.020767796600724166
2024-08-14,ZWE,0.08558515578426801
2024-08-15,ZWE,0.006439493443453413
2024-08-16,ZWE,0.00617506179219316
2024-08-17,ZWE,0.006148127012748055
2024-08-18,ZWE,0.006639633994469579
2024-08-19,ZWE,0.0064436881112050984
2024-08-20,ZWE,0.006126945133616737
2024-08-21,ZWE,0.006610616190758514
2024-08-22,ZWE,0.1250627687856697
2024-08-23,ZWE,0.1008424379970632
2024-08-24,ZWE,0.0977163459508207
2024-08-25,ZWE,0.11575530810533523
2024-08-26,ZWE,0.09073445455477491
2024-08-27,ZWE,0.1204314633562939
2024-08-28,ZWE,0.09836603988330414
2024-08-29,ZWE,0.1134994585572776
2024-08-30,ZWE,0.10282071464179238
2024-08-31,ZWE,0.11911698767675281
2024-09-01,ZWE,0.1419816846188813
2024-09-02,ZWE,0.11315453023200538
2024-09-03,ZWE,0.11164006186450678
2024-09-04,ZWE,0.10425014088263732
2024-09-05,ZWE,0.11110456839780507
2024-09-06,ZWE,0.09395543910780638
2024-09-07,ZWE,0.07942446418279656
2024-09-08,ZWE,0.10462155876200152
2024-09-09,ZWE,0.08389339154905724
2024-09-10,ZWE,0.06350784924313391
2024-09-11,ZWE,0.10312635127969419
2024-09-12,ZWE,0.09610270450744836
2024-09-13,ZWE,0.10388532544250281
2024-09-14,ZWE,0.0841771468285434
2024-09-15,ZWE,0.08787235116329695
2024-09-16,ZWE,0.0864520483121425
2024-09-17,ZWE,0.07993297398514784
2024-09-18,ZWE,0.06809864619956826
2024-09-19,ZWE,0.07697091310472665
2024-09-20,ZWE,0.07725802917468828
2024-09-21,ZWE,0.06975511188909682
2024-09-22,ZWE,0.07177364227591092
2024-09-23,ZWE,0.08419676093127751
2024-09-24,ZWE,0.088796031384253
2024-09-25,ZWE,0.07338301083847037
2024-09-26,ZWE,0.0817572864746195
2024-09-27,ZWE,0.13031146284857817
2024-09-28,ZWE,0.12925509918766093
2024-09-29,ZWE,0.0795496944977173
2024-09-30,ZWE,0.1055087814128277
2024-10-01,ZWE,0.08607323681771335
2024-10-02,ZWE,0.07531501917676829
2024-10-03,ZWE,0.08699814082683849
2024-10-04,ZWE,0.07000846227940558
2024-10-05,ZWE,0.07372285139572937
2024-10-06,ZWE,0.10691996161860537
2024-10-07,ZWE,0.07652922586760445
2024-10-08,ZWE,0.06204850888890347
2024-10-09,ZWE,0.10480718918643735
2024-10-10,ZWE,0.08085106126899473
2024-10-11,ZWE,0.08951303253855111
2024-10-12,ZWE,0.10383689503732839
2024-10-13,ZWE,0.09558245298635107
2024-10-14,ZWE,0.08332329115684366
2024-10-15,ZWE,0.08929470545393121
2024-10-16,ZWE,0.10828738964357423
2024-10-17,ZWE,0.08107194581070341
2024-10-18,ZWE,0.08266798757273641
2024-10-19,ZWE,0.10583870440280323
2024-10-20,ZWE,0.0992100157970449
2024-10-21,ZWE,0.1118324150889778
2024-10-22,ZWE,0.07904996455178118
2024-10-23,ZWE,0.10969484980331501
2024-10-24,ZWE,0.0820269421180195
2024-10-25,ZWE,0.10248127678265141
2024-10-26,ZWE,0.09569715424402381
2024-10-27,ZWE,0.0823726011227571
2024-10-28,ZWE,0.09809365796110794
2024-10-29,ZWE,0.09715357706356846
2024-10-30,ZWE,0.084553139708068
2024-10-31,ZWE,0.0801412986544097
2024-11-01,ZWE,0.08491783577828695
2024-11-02,ZWE,0.09336088636937531
2024-11-03,ZWE,0.0922100365277205
2024-11-04,ZWE,0.1114906250409298
2024-11-05,ZWE,0.10711031280068482
2024-11-06,ZWE,0.09571019790585722
2024-11-07,ZWE,0.08254196811590157
2024-11-08,ZWE,0.08399606880450242
2024-11-09,ZWE,0.078194837695784
2024-11-10,ZWE,0.08112619420742807
2024-11-11,ZWE,0.11082079325853475
2024-11-12,ZWE,0.10480253344423329
2024-11-13,ZWE,0.0789690197392835
2024-11-14,ZWE,0.07778552734577845
2024-11-15,ZWE,0.06896660073698141
2024-11-16,ZWE,0.0527279088003891
2024-11-17,ZWE,0.06911104015500807
2024-11-18,ZWE,0.010981598445015617
2024-11-19,ZWE,0.016438612355175877
2024-11-20,ZWE,0.018296128543076044
2024-11-21,ZWE,0.014347301725866677
2024-11-22,ZWE,0.010606861674310538
2024-11-23,ZWE,0.01051881201539428
2024-11-24,ZWE,0.014810278085530197
2024-11-25,ZWE,0.0888313160519174
2024-11-26,ZWE,0.07416861559387974
2024-11-27,ZWE,0.09123773895211783
2024-11-28,ZWE,0.09777784958752081
2024-11-29,ZWE,0.08873301937647117
2024-11-30,ZWE,0.07359371023406616
2024-12-01,ZWE,0.07738705836364511
2024-12-02,ZWE,0.09171483544455308
2024-12-03,ZWE,0.07415134945984553
2024-12-04,ZWE,0.11004499741597455
2024-12-05,ZWE,0.08552000142052303
2024-12-06,ZWE,0.09184385634149332
2024-12-07,ZWE,0.10600295487863867
2024-12-08,ZWE,0.0838698521008979
2024-12-09,ZWE,0.09117965361973018
2024-12-10,ZWE,0.10033463351447144
2024-12-11,ZWE,0.10772289176024304
2024-12-12,ZWE,0.07226947586794204
2024-12-13,ZWE,0.10908096024302541
2024-12-14,ZWE,0.08780158784533508
2024-12-15,ZWE,0.09825606755767852
2024-12-16,ZWE,0.08469202854215567
2024-12-17,ZWE,0.0816164068631659
2024-12-18,ZWE,0.07684900266308217
2024-12-19,ZWE,0.056979030783386946
2024-12-20,ZWE,0.009115873355003848
2024-12-21,ZWE,0.025394175334119317
2024-12-22,ZWE,0.017076475682768506
2024-12-23,ZWE,0.016860555411014208
2024-12-24,ZWE,0.013255803410289172
2024-12-25,ZWE,0.014134439168580266
2024-12-26,ZWE,0.01642915817721602
2024-12-27,ZWE,0.08025526990981355
2024-12-28,ZWE,0.08381175095473721
2024-12-29,ZWE,0.07792097402971294
2024-12-30,ZWE,0.095576585849892
2024-12-31,ZWE,0.0869088823582954
2025-01-01,ZWE,0.1810572871808542
2025-01-02,ZWE,0.06745428021177248
2025-01-03,ZWE,0.0817560783149649
2025-01-04,ZWE,0.09462022811296383
2025-01-05,ZWE,0.15556416813666518
2025-01-06,ZWE,0.08991850056773881
2025-01-07,ZWE,0.0918557075274785
2025-01-08,ZWE,0.08854711921777962
2025-01-09,ZWE,0.07567679637706635
2025-01-10,ZWE,0.07752944913627935
2025-01-11,ZWE,0.06909969938333867
2025-01-12,ZWE,0.06913078666817754
2025-01-13,ZWE,0.07193383315083039
2025-01-14,ZWE,0.05421930028456784
2025-01-15,ZWE,0.07194333225133401
2025-01-16,ZWE,0.07237011398437415
2025-01-17,ZWE,0.09078933737702154
2025-01-18,ZWE,0.09194905471359738
2025-01-19,ZWE,0.05788567484047019
2025-01-20,ZWE,0.07819021310369557
2025-01-21,ZWE,0.0631103014683444
2025-01-22,ZWE,0.06080405419302173
2025-01-23,ZWE,0.08437469641569163
2025-01-24,ZWE,0.06342169819687953
2025-01-25,ZWE,0.08732539423115022
2025-01-26,ZWE,0.07167809628475451
2025-01-27,ZWE,0.07634350920453216
2025-01-28,ZWE,0.08602277593228659
2025-01-29,ZWE,0.05502370613931142
2025-01-30,ZWE,0.06996035860321619
2025-01-31,ZWE,0.0657655358224916
2025-02-01,ZWE,0.09617467368864245
2025-02-02,ZWE,0.10390725524973192
2025-02-03,ZWE,0.0767308656123441
2025-02-04,ZWE,0.06548887277557282
2025-02-05,ZWE,0.08054533002941294
2025-02-06,ZWE,0.09398060624281729
2025-02-07,ZWE,0.09218657302631321
2025-02-08,ZWE,0.07915371978922693
2025-02-09,ZWE,0.12794360172014724
2025-02-10,ZWE,0.09319973221572536
2025-02-11,ZWE,0.0883100393393763
2025-02-12,ZWE,0.07799606494008839
2025-02-13,ZWE,0.08347669402108042
2025-02-14,ZWE,0.08193616446598516
2025-02-15,ZWE,0.14997487030661347
2025-02-16,ZWE,0.11827743025180584
2025-02-17,ZWE,0.07567726956901204
2025-02-18,ZWE,0.06871508550062175
2025-02-19,ZWE,0.050557847270215985
2025-02-20,ZWE,0.06672733446637198
2025-02-21,ZWE,0.06670833593070088
2025-02-22,ZWE,0.0759675137724038
2025-02-23,ZWE,0.0675015170284178
2025-02-24,ZWE,0.07822739352433919
2025-02-25,ZWE,0.0962411792584358
2025-02-26,ZWE,0.08128260777067935
2025-02-27,ZWE,0.07906293762916601
2025-02-28,ZWE,0.08684993291293297
2025-03-01,ZWE,0.0675655631037342
2025-03-02,ZWE,0.09610432907465292
2025-03-03,ZWE,0.08407737746992268
2025-03-04,ZWE,0.07911554495940763
2025-03-05,ZWE,0.06372190055473025
2025-03-06,ZWE,0.08753058575204281
2025-03-07,ZWE,0.07168963531258753
2025-03-08,ZWE,0.07871896831608052
2025-03-09,ZWE,0.0810969617971386
2025-03-10,ZWE,0.08254443514018771
2025-03-11,ZWE,0.06981116075844884
2025-03-12,ZWE,0.07588008072781977
2025-03-13,ZWE,0.07021625417872424
2025-03-14,ZWE,0.07397083913123499
2025-03-15,ZWE,0.04893535623138501
2025-03-16,ZWE,0.09205600602126253
2025-03-17,ZWE,0.08000739921711009
2025-03-18,ZWE,0.06870720990940828
2025-03-19,ZWE,0.0594103363660436
2025-03-20,ZWE,0.05283231042677999
2025-03-21,ZWE,0.06084745495776674
2025-03-22,ZWE,0.05563797248264472
2025-03-23,ZWE,0.06000236734519089
2025-03-24,ZWE,0.048915975051036044
2025-03-25,ZWE,0.056341751008289
2025-03-26,ZWE,0.04483022341577093
2025-03-27,ZWE,0.06872605005161413
2025-03-28,ZWE,0.05288376857470913
2024-07-01,MDG,0.019055867485418137
2024-07-02,MDG,0.061518553703126554
2024-07-03,MDG,0.013016564392568436
2024-07-04,MDG,0.008403598471510463
2024-07-05,MDG,0.01495484747543109
2024-07-06,MDG,0.01733565778300789
2024-07-07,MDG,0.01192286717849696
2024-07-08,MDG,0.009440439397283803
2024-07-09,MDG,0.007132393551454551
2024-07-10,MDG,0.010074681500032556
2024-07-11,MDG,0.008248784131569457
2024-07-12,MDG,0.006485987403370809
2024-07-13,MDG,0.007623290400820218
2024-07-14,MDG,0.0146072056033055
2024-07-15,MDG,0.01517655215271363
2024-07-16,MDG,0.008876419720054042
2024-07-17,MDG,0.008637501246928598
2024-07-18,MDG,0.04350423579147332
2024-07-19,MDG,0.056558037043414285
2024-07-20,MDG,0.0556132574028469
2024-07-21,MDG,0.045341736085977545
2024-07-22,MDG,0.09925935157978574
2024-07-23,MDG,0.056067852728299034
2024-07-24,MDG,0.07773052784341822
2024-07-25,MDG,0.07897640228718263
2024-07-26,MDG,0.039234597998099106
2024-07-27,MDG,0.017745854378912643
2024-07-28,MDG,0.027344869702838726
2024-07-29,MDG,0.016339550454616422
2024-07-30,MDG,0.03176929341604018
2024-07-31,MDG,0.013805146980908335
2024-08-01,MDG,0.014105738047617849
2024-08-02,MDG,0.08086655406869735
2024-08-03,MDG,0.049858870898719966
2024-08-04,MDG,0.0748639454035995
2024-08-05,MDG,0.10068615453078625
2024-08-06,MDG,0.13217611543873975
2024-08-07,MDG,0.1534150326620869
2024-08-08,MDG,0.04164312104384693
2024-08-09,MDG,0.02427110641321138
2024-08-10,MDG,0.019170099919303112
2024-08-11,MDG,0.015319604138745328
2024-08-12,MDG,0.010615679549300169
2024-08-13,MDG,0.027328488526885096
2024-08-14,MDG,0.007428026275233717
2024-08-15,MDG,0.11443872800885523
2024-08-16,MDG,0.06044541299330196
2024-08-17,MDG,0.014350156162754582
2024-08-18,MDG,0.0136366917813858
2024-08-19,MDG,0.010496813592888475
2024-08-20,MDG,0.02369339975978516
2024-08-21,MDG,0.04310811085572325
2024-08-22,MDG,0.0061552771414575685
2024-08-23,MDG,0.012249695941331256
2024-08-24,MDG,0.06787129985137151
2024-08-25,MDG,0.011824418703338264
2024-08-26,MDG,0.007436193475938847
2024-08-27,MDG,0.008594533640175716
2024-08-28,MDG,0.007153127520785305
2024-08-29,MDG,0.01033232160613668
2024-08-30,MDG,0.0367309245830904
2024-08-31,MDG,0.0197351377717606
2024-09-01,MDG,0.07260487281688315
2024-09-02,MDG,0.013743667689838502
2024-09-03,MDG,0.009172540353773469
2024-09-04,MDG,0.05968702494782239
2024-09-05,MDG,0.007974071244391439
2024-09-06,MDG,0.00791283824301526
2024-09-07,MDG,0.0092090877021507
2024-09-08,MDG,0.008327592079970645
2024-09-09,MDG,0.04163344780680199
2024-09-10,MDG,0.015150596366375476
2024-09-11,MDG,0.08906646873392696
2024-09-12,MDG,0.1438364563891837
2024-09-13,MDG,0.01747443247559708
2024-09-14,MDG,0.027531882938562374
2024-09-15,MDG,0.0334033690008934
2024-09-16,MDG,0.007368470557283269
2024-09-17,MDG,0.010241566472435947
2024-09-18,MDG,0.05989522212533719
2024-09-19,MDG,0.011822343451170165
2024-09-20,MDG,0.009518125752988382
2024-09-21,MDG,0.007536812822717486
2024-09-22,MDG,0.008030496864821742
2024-09-23,MDG,0.013660202867028971
2024-09-24,MDG,0.01026877968367718
2024-09-25,MDG,0.010834594443017893
2024-09-26,MDG,0.01113638444219307
2024-09-27,MDG,0.008700690432565073
2024-09-28,MDG,0.010463974109673289
2024-09-29,MDG,0.02191223625573896
2024-09-30,MDG,0.02220049475863561
2024-10-01,MDG,0.017308050544543277
2024-10-02,MDG,0.03131900163918098
2024-10-03,MDG,0.019984217336423776
2024-10-04,MDG,0.011102884437796667
2024-10-05,MDG,0.04187306432455221
2024-10-06,MDG,0.056686473208966665
2024-10-07,MDG,0.015889832062485645
2024-10-08,MDG,0.012694232352629937
2024-10-09,MDG,0.053559385732670044
2024-10-10,MDG,0.014821364857229558
2024-10-11,MDG,0.013127896565354154
2024-10-12,MDG,0.05771531060991063
2024-10-13,MDG,0.101349416632656
2024-10-14,MDG,0.01771519801809172
2024-10-15,MDG,0.11910536828350796
2024-10-16,MDG,0.0705308596835033
2024-10-17,MDG,0.021434319648716053
2024-10-18,MDG,0.01835034304574632
2024-10-19,MDG,0.020386644406059307
2024-10-20,MDG,0.006811095152706785
2024-10-21,MDG,0.0069672698413801235
2024-10-22,MDG,0.011074695564712302
2024-10-23,MDG,0.0064374100972687896
2024-10-24,MDG,0.005601313169416661
2024-10-25,MDG,0.006733288783029863
2024-10-26,MDG,0.007536219527694558
2024-10-27,MDG,0.015949379633025913
2024-10-28,MDG,0.014669962860173243
2024-10-29,MDG,0.020621699809318182
2024-10-30,MDG,0.016633411996303873
2024-10-31,MDG,0.01302655874387479
2024-11-01,MDG,0.015488160846282717
2024-11-02,MDG,0.028437018060111313
2024-11-03,MDG,0.06987477314395796
2024-11-04,MDG,0.11018150038155064
2024-11-05,MDG,0.029665647676695408
2024-11-06,MDG,0.05844179138739292
2024-11-07,MDG,0.048536491584257185
2024-11-08,MDG,0.05847334780039467
2024-11-09,MDG,0.0378885341163243
2024-11-10,MDG,0.11404962540373131
2024-11-11,MDG,0.012279775003420035
2024-11-12,MDG,0.010125140788889167
2024-11-13,MDG,0.010424452485558832
2024-11-14,MDG,0.04997430531445036
2024-11-15,MDG,0.009067308194040257
2024-11-16,MDG,0.008191385539072005
2024-11-17,MDG,0.016586123891738056
2024-11-18,MDG,0.06783110462577091
2024-11-19,MDG,0.01754575342256166
2024-11-20,MDG,0.036637379763751816
2024-11-21,MDG,0.006157329049439774
2024-11-22,MDG,0.006034869851329044
2024-11-23,MDG,0.007315934957976181
2024-11-24,MDG,0.007029821755051629
2024-11-25,MDG,0.006312182712438289
2024-11-26,MDG,0.0071088463972867845
2024-11-27,MDG,0.006379088715384156
2024-11-28,MDG,0.054989473660421326
2024-11-29,MDG,0.04625426091225813
2024-11-30,MDG,0.09134013778269716
2024-12-01,MDG,0.17485213750971845
2024-12-02,MDG,0.04765578263571929
2024-12-03,MDG,0.046543470489788914
2024-12-04,MDG,0.06310690229382851
2024-12-05,MDG,0.05734783334733006
2024-12-06,MDG,0.052776789835933854
2024-12-07,MDG,0.05357155432925409
2024-12-08,MDG,0.0866496442035805
2024-12-09,MDG,0.02768967659913669
2024-12-10,MDG,0.07665429094230578
2024-12-11,MDG,0.05654621840435621
2024-12-12,MDG,0.05918711427067118
2024-12-13,MDG,0.05152168932883988
2024-12-14,MDG,0.05058762232997073
2024-12-15,MDG,0.06269240760766678
2024-12-16,MDG,0.03966157146203613
2024-12-17,MDG,0.027930863778316696
2024-12-18,MDG,0.04359171030873997
2024-12-19,MDG,0.026826917320852867
2024-12-20,MDG,0.03561921309716644
2024-12-21,MDG,0.07478588485568241
2024-12-22,MDG,0.008853375338803609
2024-12-23,MDG,0.013249032015906907
2024-12-24,MDG,0.016713083146379645
2024-12-25,MDG,0.009756958078408798
2024-12-26,MDG,0.025437635868780763
2024-12-27,MDG,0.13629946731795065
2024-12-28,MDG,0.013616918673361187
2024-12-29,MDG,0.009937499450604476
2024-12-30,MDG,0.10266658694054964
2024-12-31,MDG,0.05940963782195135
2025-01-01,MDG,0.13506483915919573
2025-01-02,MDG,0.09323684559747862
2025-01-03,MDG,0.09121218466974104
2025-01-04,MDG,0.07059632020844953
2025-01-05,MDG,0.054162740732039985
2025-01-06,MDG,0.09992026398681106
2025-01-07,MDG,0.18157641605691355
2025-01-08,MDG,0.07114963079988638
2025-01-09,MDG,0.16427077704743373
2025-01-10,MDG,0.09621999584217819
2025-01-11,MDG,0.10113547887422554
2025-01-12,MDG,0.06222135806941939
2025-01-13,MDG,0.06859552767744126
2025-01-14,MDG,0.027097666020758034
2025-01-15,MDG,0.017809931641020137
2025-01-16,MDG,0.02198868368055145
2025-01-17,MDG,0.010009791020210617
2025-01-18,MDG,0.011704584357454521
2025-01-19,MDG,0.033074133622964456
2025-01-20,MDG,0.012625998720935477
2025-01-21,MDG,0.11369712689105901
2025-01-22,MDG,0.03908727596765077
2025-01-23,MDG,0.02367856945486679
2025-01-24,MDG,0.008617906691293264
2025-01-25,MDG,0.009031105108729981
2025-01-26,MDG,0.023257223445748047
2025-01-27,MDG,0.011334630719131844
2025-01-28,MDG,0.007660330184366137
2025-01-29,MDG,0.00923030085839016
2025-01-30,MDG,0.008597798169250949
2025-01-31,MDG,0.006978306256885326
2025-02-01,MDG,0.010694974766510972
2025-02-02,MDG,0.015489000368825556
2025-02-03,MDG,0.018093591836937914
2025-02-04,MDG,0.026373448128856062
2025-02-05,MDG,0.015429042007233624
2025-02-06,MDG,0.016429427348436148
2025-02-07,MDG,0.018323000473562636
2025-02-08,MDG,0.033597200855052196
2025-02-09,MDG,0.026652188385809437
2025-02-10,MDG,0.014236860842516508
2025-02-11,MDG,0.06889816186499224
2025-02-12,MDG,0.10484561921209942
2025-02-13,MDG,0.07629032464086449
2025-02-14,MDG,0.04670966073176482
2025-02-15,MDG,0.00849595367962592
2025-02-16,MDG,0.013040897202094212
2025-02-17,MDG,0.028349336239835363
2025-02-18,MDG,0.008742956641256518
2025-02-19,MDG,0.1092813488076061
2025-02-20,MDG,0.014451533457105458
2025-02-21,MDG,0.022274968296221116
2025-02-22,MDG,0.10525336642030472
2025-02-23,MDG,0.07695681210617225
2025-02-24,MDG,0.07939791805908046
2025-02-25,MDG,0.11286443244457751
2025-02-26,MDG,0.05538759464678268
2025-02-27,MDG,0.07310571523252889
2025-02-28,MDG,0.014019955329270684
2025-03-01,MDG,0.0618943705170937
2025-03-02,MDG,0.059348219031814434
2025-03-03,MDG,0.07308485152219672
2025-03-04,MDG,0.015069897821748442
2025-03-05,MDG,0.01576209881138732
2025-03-06,MDG,0.025439752673087995
2025-03-07,MDG,0.05431167251588791
2025-03-08,MDG,0.13948027775295457
2025-03-09,MDG,0.06983922854051985
2025-03-10,MDG,0.02075834549789822
2025-03-11,MDG,0.009906214181927336
2025-03-12,MDG,0.009392631197081579
2025-03-13,MDG,0.011213742046056453
2025-03-14,MDG,0.007548319258538709
2025-03-15,MDG,0.022859648249556313
2025-03-16,MDG,0.020942974986827838
2025-03-17,MDG,0.011273104790452543
2025-03-18,MDG,0.053084084993947594
2025-03-19,MDG,0.05688251191246827
2025-03-20,MDG,0.04860912879255023
2025-03-21,MDG,0.04737526425610504
2025-03-22,MDG,0.02200673630074151
2025-03-23,MDG,0.024907398167753864
2025-03-24,MDG,0.025881632309493505
2025-03-25,MDG,0.027367125427617767
2025-03-26,MDG,0.020627178763246674
2025-03-27,MDG,0.015760035450059946
2025-03-28,MDG,0.014234585070367404
2024-07-01,AFG,0.014002191272191001
2024-07-02,AFG,0.012887506601049438
2024-07-03,AFG,0.013654605448756171
2024-07-04,AFG,0.014058062931104611
2024-07-05,AFG,0.014458221249685387
2024-07-06,AFG,0.01640261569884589
2024-07-07,AFG,0.01292388462863547
2024-07-08,AFG,0.011416026398502527
2024-07-09,AFG,0.022453453771536812
2024-07-10,AFG,0.016310386944416236
2024-07-11,AFG,0.013487520504191037
2024-07-12,AFG,0.01179996541307852
2024-07-13,AFG,0.013534293163519286
2024-07-14,AFG,0.006397544374080551
2024-07-15,AFG,0.008975868058610658
2024-07-16,AFG,0.01026328763381335
2024-07-17,AFG,0.022390435980224253
2024-07-18,AFG,0.008032080033879733
2024-07-19,AFG,0.008974979417246322
2024-07-20,AFG,0.009226889853515378
2024-07-21,AFG,0.01957585452632781
2024-07-22,AFG,0.01616924961280585
2024-07-23,AFG,0.01420990450031982
2024-07-24,AFG,0.009670119687199628
2024-07-25,AFG,0.01235217488096196
2024-07-26,AFG,0.01894334066727337
2024-07-27,AFG,0.024408192424797852
2024-07-28,AFG,0.03682542976863446
2024-07-29,AFG,0.04845675462149436
2024-07-30,AFG,0.019263338999425842
2024-07-31,AFG,0.0180364823586518
2024-08-01,AFG,0.025263097248078282
2024-08-02,AFG,0.01656135604811224
2024-08-03,AFG,0.01106184847341467
2024-08-04,AFG,0.01805249827296537
2024-08-05,AFG,0.0204778299003101
2024-08-06,AFG,0.03312418482169303
2024-08-07,AFG,0.029359928198361897
2024-08-08,AFG,0.015495556924779478
2024-08-09,AFG,0.0175920110889527
2024-08-10,AFG,0.021195121036558188
2024-08-11,AFG,0.035254476282184956
2024-08-12,AFG,0.03965543725396781
2024-08-13,AFG,0.024439824944746797
2024-08-14,AFG,0.08020428578784446
2024-08-15,AFG,0.0531178218167879
2024-08-16,AFG,0.050309380348448195
2024-08-17,AFG,0.015400581006796284
2024-08-18,AFG,0.018530249812720192
2024-08-19,AFG,0.014024808104262841
2024-08-20,AFG,0.00878060697904778
2024-08-21,AFG,0.007378791207909709
2024-08-22,AFG,0.006451739800886158
2024-08-23,AFG,0.0061106623275587165
2024-08-24,AFG,0.014273675303328768
2024-08-25,AFG,0.011380316906558746
2024-08-26,AFG,0.01962865497780383
2024-08-27,AFG,0.03338209204116605
2024-08-28,AFG,0.06247062760029764
2024-08-29,AFG,0.022599808708265487
2024-08-30,AFG,0.03047865352617487
2024-08-31,AFG,0.03760113963744842
2024-09-01,AFG,0.04201879526159549
2024-09-02,AFG,0.025133558131175664
2024-09-03,AFG,0.012206275889303892
2024-09-04,AFG,0.01414074328970214
2024-09-05,AFG,0.033891551354732256
2024-09-06,AFG,0.03563491501649691
2024-09-07,AFG,0.022692647341751672
2024-09-08,AFG,0.024397821476304125
2024-09-09,AFG,0.005083931023031633
2024-09-10,AFG,0.005583260358425471
2024-09-11,AFG,0.005085282353113017
2024-09-12,AFG,0.005989784426310351
2024-09-13,AFG,0.005844369428663648
2024-09-14,AFG,0.006028158068929527
2024-09-15,AFG,0.0062970737935800205
2024-09-16,AFG,0.04376795386971196
2024-09-17,AFG,0.058007610221154075
2024-09-18,AFG,0.0309562927925848
2024-09-19,AFG,0.005896921847870144
2024-09-20,AFG,0.005886313462221647
2024-09-21,AFG,0.005564427436763201
2024-09-22,AFG,0.005868666785134986
2024-09-23,AFG,0.006392858132475916
2024-09-24,AFG,0.005676556940109923
2024-09-25,AFG,0.005436815030735367
2024-09-26,AFG,0.01623413800603011
2024-09-27,AFG,0.013073534514234366
2024-09-28,AFG,0.00990996731645181
2024-09-29,AFG,0.006410452981466248
2024-09-30,AFG,0.008584841468612495
2024-10-01,AFG,0.013179284658457233
2024-10-02,AFG,0.013109728808421954
2024-10-03,AFG,0.026687741808611925
2024-10-04,AFG,0.025503269031062804
2024-10-05,AFG,0.018952894207119275
2024-10-06,AFG,0.021480421457327828
2024-10-07,AFG,0.018719061715710725
2024-10-08,AFG,0.014231817533741652
2024-10-09,AFG,0.014592275865642726
2024-10-10,AFG,0.020388007312222116
2024-10-11,AFG,0.009154129662525766
2024-10-12,AFG,0.009603672839777973
2024-10-13,AFG,0.01114172962184772
2024-10-14,AFG,0.016937433324864023
2024-10-15,AFG,0.013059613423608563
2024-10-16,AFG,0.010672164447120285
2024-10-17,AFG,0.01399968817931143
2024-10-18,AFG,0.03606968789882765
2024-10-19,AFG,0.037119688847643016
2024-10-20,AFG,0.03405025427250519
2024-10-21,AFG,0.03397242419259941
2024-10-22,AFG,0.05791213405500436
2024-10-23,AFG,0.028457459360247697
2024-10-24,AFG,0.015150005271921452
2024-10-25,AFG,0.01582084018117449
2024-10-26,AFG,0.00794532507274872
2024-10-27,AFG,0.007787277139543017
2024-10-28,AFG,0.006550163105011199
2024-10-29,AFG,0.005369148806987044
2024-10-30,AFG,0.0060749103165984334
2024-10-31,AFG,0.008613762575878963
2024-11-01,AFG,0.009616473969131498
2024-11-02,AFG,0.017160350771421046
2024-11-03,AFG,0.014827924530137435
2024-11-04,AFG,0.025411435207795284
2024-11-05,AFG,0.03151417854240394
2024-11-06,AFG,0.04236172764076705
2024-11-07,AFG,0.035237287892539444
2024-11-08,AFG,0.04341354833800647
2024-11-09,AFG,0.02939968654331553
2024-11-10,AFG,0.03321020544730562
2024-11-11,AFG,0.04212291416141061
2024-11-12,AFG,0.010998758962265756
2024-11-13,AFG,0.03515257255648219
2024-11-14,AFG,0.016137931742098897
2024-11-15,AFG,0.010020655305202223
2024-11-16,AFG,0.013530929826276902
2024-11-17,AFG,0.01958266650112978
2024-11-18,AFG,0.013685844142987107
2024-11-19,AFG,0.02846002530707776
2024-11-20,AFG,0.023970603991369698
2024-11-21,AFG,0.02716890366039216
2024-11-22,AFG,0.022381310095631858
2024-11-23,AFG,0.022771898223009214
2024-11-24,AFG,0.02093200856926406
2024-11-25,AFG,0.02369031101940868
2024-11-26,AFG,0.018689966600294764
2024-11-27,AFG,0.021148811506223157
2024-11-28,AFG,0.00839448231588974
2024-11-29,AFG,0.009314701316658363
2024-11-30,AFG,0.01308818609430262
2024-12-01,AFG,0.012775726388470281
2024-12-02,AFG,0.015346767231559205
2024-12-03,AFG,0.019758112556688127
2024-12-04,AFG,0.015585801217232713
2024-12-05,AFG,0.06953605205379997
2024-12-06,AFG,0.0710245155232663
2024-12-07,AFG,0.09309097100813463
2024-12-08,AFG,0.06967872131412627
2024-12-09,AFG,0.07159717145036253
2024-12-10,AFG,0.03351671656754513
2024-12-11,AFG,0.05065738505825364
2024-12-12,AFG,0.03737653160184007
2024-12-13,AFG,0.04319560495470367
2024-12-14,AFG,0.02572307622497686
2024-12-15,AFG,0.022194831718667773
2024-12-16,AFG,0.017325685587507675
2024-12-17,AFG,0.024558846898022582
2024-12-18,AFG,0.00954389320221038
2024-12-19,AFG,0.012684174044724834
2024-12-20,AFG,0.011145687197134262
2024-12-21,AFG,0.009790094349256704
2024-12-22,AFG,0.05125745053548588
2024-12-23,AFG,0.022009668448129675
2024-12-24,AFG,0.032461917385098106
2024-12-25,AFG,0.09416059144099986
2024-12-26,AFG,0.04262070342537409
2024-12-27,AFG,0.04376988235235592
2024-12-28,AFG,0.036879894161070494
2024-12-29,AFG,0.03674374049297496
2024-12-30,AFG,0.032585599471214866
2024-12-31,AFG,0.004899564673762055
2025-01-01,AFG,0.00474027811126977
2025-01-02,AFG,0.005303914016835194
2025-01-03,AFG,0.004483098793275209
2025-01-04,AFG,0.005195660089966235
2025-01-05,AFG,0.005500055237452362
2025-01-06,AFG,0.00534107548110534
2025-01-07,AFG,0.009071774944725008
2025-01-08,AFG,0.005512587294578225
2025-01-09,AFG,0.005571432253980968
2025-01-10,AFG,0.006458124009484006
2025-01-11,AFG,0.02167573381228406
2025-01-12,AFG,0.02960218616222236
2025-01-13,AFG,0.030976226960115497
2025-01-14,AFG,0.019634541489955328
2025-01-15,AFG,0.02718691623035137
2025-01-16,AFG,0.029179409092382917
2025-01-17,AFG,0.01898024475132311
2025-01-18,AFG,0.027952621248136095
2025-01-19,AFG,0.02431293367926024
2025-01-20,AFG,0.03032338011472483
2025-01-21,AFG,0.04421065031690345
2025-01-22,AFG,0.05983592506223502
2025-01-23,AFG,0.03584760067693738
2025-01-24,AFG,0.034360180821336524
2025-01-25,AFG,0.0196882866172326
2025-01-26,AFG,0.024006953290980324
2025-01-27,AFG,0.03067310420588323
2025-01-28,AFG,0.018201856205606742
2025-01-29,AFG,0.027107958771440458
2025-01-30,AFG,0.02184270131750213
2025-01-31,AFG,0.01993348734599251
2025-02-01,AFG,0.019748841065868647
2025-02-02,AFG,0.016126333341097376
2025-02-03,AFG,0.013778958212004902
2025-02-04,AFG,0.014583356240939507
2025-02-05,AFG,0.018366210086496287
2025-02-06,AFG,0.02148635693817162
2025-02-07,AFG,0.01849692035650781
2025-02-08,AFG,0.01699079273312159
2025-02-09,AFG,0.020182719307688668
2025-02-10,AFG,0.021460978287126585
2025-02-11,AFG,0.018980505426249024
2025-02-12,AFG,0.026391652961425174
2025-02-13,AFG,0.024001979833943605
2025-02-14,AFG,0.02177336305753658
2025-02-15,AFG,0.022124449626244574
2025-02-16,AFG,0.026697827245953216
2025-02-17,AFG,0.029643442397914735
2025-02-18,AFG,0.00716424801440393
2025-02-19,AFG,0.0055596628013490825
2025-02-20,AFG,0.00507587732472145
2025-02-21,AFG,0.005220703334176651
2025-02-22,AFG,0.004539615898203554
2025-02-23,AFG,0.0051498937184203
2025-02-24,AFG,0.005080645533261879
2025-02-25,AFG,0.00803439268927645
2025-02-26,AFG,0.007250325642844513
2025-02-27,AFG,0.007396657674491651
2025-02-28,AFG,0.00722937431945703
2025-03-01,AFG,0.01358529106350413
2025-03-02,AFG,0.03186837409027388
2025-03-03,AFG,0.03206998178596112
2025-03-04,AFG,0.02621078927691192
2025-03-05,AFG,0.034280931889522935
2025-03-06,AFG,0.030618835929194038
2025-03-07,AFG,0.029799396989452012
2025-03-08,AFG,0.03372258248837079
2025-03-09,AFG,0.03527115281439907
2025-03-10,AFG,0.03949775791361636
2025-03-11,AFG,0.0549506034698735
2025-03-12,AFG,0.05215385470686932
2025-03-13,AFG,0.039267292331954355
2025-03-14,AFG,0.04022436979688789
2025-03-15,AFG,0.038044194071430816
2025-03-16,AFG,0.04161384485059285
2025-03-17,AFG,0.05323166918232959
2025-03-18,AFG,0.05436518064341824
2025-03-19,AFG,0.039297436713288836
2025-03-20,AFG,0.06333132892668104
2025-03-21,AFG,0.03938400740305733
2025-03-22,AFG,0.08356537735307165
2025-03-23,AFG,0.02750959978846762
2025-03-24,AFG,0.017618181050807067
2025-03-25,AFG,0.01861835170977419
2025-03-26,AFG,0.028971308504694853
2025-03-27,AFG,0.02143001838478292
2025-03-28,AFG,0.013338258766533573
2024-07-01,PAK,0.01815514260480861
2024-07-02,PAK,0.01690006326245856
2024-07-03,PAK,0.01606748612424668
2024-07-04,PAK,0.014983696780421758
2024-07-05,PAK,0.02337303017602453
2024-07-06,PAK,0.10172745806940711
2024-07-07,PAK,0.03072552543973845
2024-07-08,PAK,0.01531709989719796
2024-07-09,PAK,0.008638080610395843
2024-07-10,PAK,0.013905297249172775
2024-07-11,PAK,0.0156372629172524
2024-07-12,PAK,0.010773292882484851
2024-07-13,PAK,0.006083238325048762
2024-07-14,PAK,0.02232677653228711
2024-07-15,PAK,0.15019410268469643
2024-07-16,PAK,0.036351164940314054
2024-07-17,PAK,0.005498440236738123
2024-07-18,PAK,0.005171543273203866
2024-07-19,PAK,0.014644826950115505
2024-07-20,PAK,0.00878853530336901
2024-07-21,PAK,0.009148284920371827
2024-07-22,PAK,0.004269487948069513
2024-07-23,PAK,0.004511395055785709
2024-07-24,PAK,0.014014683295671888
2024-07-25,PAK,0.006927402515057962
2024-07-26,PAK,0.004651150165348151
2024-07-27,PAK,0.019240675270317108
2024-07-28,PAK,0.027797991210301472
2024-07-29,PAK,0.06412255217995542
2024-07-30,PAK,0.033439396235651495
2024-07-31,PAK,0.020588325864328964
2024-08-01,PAK,0.01813947460168905
2024-08-02,PAK,0.006559461092277703
2024-08-03,PAK,0.015441603865442232
2024-08-04,PAK,0.00706560041079517
2024-08-05,PAK,0.014517964584119945
2024-08-06,PAK,0.006640226836371513
2024-08-07,PAK,0.005766672664259457
2024-08-08,PAK,0.0057839395155719325
2024-08-09,PAK,0.015296795569590618
2024-08-10,PAK,0.013632556915405847
2024-08-11,PAK,0.06501212679442014
2024-08-12,PAK,0.13908701805875545
2024-08-13,PAK,0.1333355723810021
2024-08-14,PAK,0.17168494654556796
2024-08-15,PAK,0.16279041997100352
2024-08-16,PAK,0.06008157013411759
2024-08-17,PAK,0.006123480545724917
2024-08-18,PAK,0.007499160698329236
2024-08-19,PAK,0.06030372152761406
2024-08-20,PAK,0.010282709822499883
2024-08-21,PAK,0.006275693087091158
2024-08-22,PAK,0.010942017169166965
2024-08-23,PAK,0.16653220543156144
2024-08-24,PAK,0.010113631687514607
2024-08-25,PAK,0.04496334729397832
2024-08-26,PAK,0.13123934971741347
2024-08-27,PAK,0.08262670817055738
2024-08-28,PAK,0.025671994512616807
2024-08-29,PAK,0.04811742497350106
2024-08-30,PAK,0.008804596358967503
2024-08-31,PAK,0.005687330908386706
2024-09-01,PAK,0.0056041127733347336
2024-09-02,PAK,0.00734029571972067
2024-09-03,PAK,0.005524458994470122
2024-09-04,PAK,0.005059525301774211
2024-09-05,PAK,0.004661447529948688
2024-09-06,PAK,0.006556277620984343
2024-09-07,PAK,0.010815467031463057
2024-09-08,PAK,0.007128356829670941
2024-09-09,PAK,0.0858084020277039
2024-09-10,PAK,0.021187926098181296
2024-09-11,PAK,0.13151181591114794
2024-09-12,PAK,0.04388272432644513
2024-09-13,PAK,0.05232917389567782
2024-09-14,PAK,0.08635082851325564
2024-09-15,PAK,0.03478865135748351
2024-09-16,PAK,0.03419941979163725
2024-09-17,PAK,0.02174724259084516
2024-09-18,PAK,0.06132108996083711
2024-09-19,PAK,0.06391662669952591
2024-09-20,PAK,0.06835786790932473
2024-09-21,PAK,0.022581037500967866
2024-09-22,PAK,0.04119508251317758
2024-09-23,PAK,0.10253717427672594
2024-09-24,PAK,0.1552011993758417
2024-09-25,PAK,0.14960944135187798
2024-09-26,PAK,0.012212781485177604
2024-09-27,PAK,0.03457294984678316
2024-09-28,PAK,0.056132857663179124
2024-09-29,PAK,0.05279601785452935
2024-09-30,PAK,0.0098818601150129
2024-10-01,PAK,0.007416308366693809
2024-10-02,PAK,0.009627969417151024
2024-10-03,PAK,0.009691996788895514
2024-10-04,PAK,0.007673571946532663
2024-10-05,PAK,0.13812720182653562
2024-10-06,PAK,0.04899669056970871
2024-10-07,PAK,0.11124186995138098
2024-10-08,PAK,0.02801476741952625
2024-10-09,PAK,0.09189667732035275
2024-10-10,PAK,0.11430357325154591
2024-10-11,PAK,0.15755414408780682
2024-10-12,PAK,0.10693601167025035
2024-10-13,PAK,0.03680579946288198
2024-10-14,PAK,0.029158126371616168
2024-10-15,PAK,0.021817835428936963
2024-10-16,PAK,0.036167412286533
2024-10-17,PAK,0.00857910133907395
2024-10-18,PAK,0.005513952916671514
2024-10-19,PAK,0.010522368934547818
2024-10-20,PAK,0.006182679219361301
2024-10-21,PAK,0.005362510694971837
2024-10-22,PAK,0.007693454453564215
2024-10-23,PAK,0.021934458083456464
2024-10-24,PAK,0.05797615399441223
2024-10-25,PAK,0.1094948331714434
2024-10-26,PAK,0.1249039083205405
2024-10-27,PAK,0.023049832052609888
2024-10-28,PAK,0.055780307444728165
2024-10-29,PAK,0.06228141071553559
2024-10-30,PAK,0.049587309556132185
2024-10-31,PAK,0.015092593866163129
2024-11-01,PAK,0.052028839335100975
2024-11-02,PAK,0.055635376868425845
2024-11-03,PAK,0.050027346140721705
2024-11-04,PAK,0.01588018988129606
2024-11-05,PAK,0.007992084122205484
2024-11-06,PAK,0.04165344265373327
2024-11-07,PAK,0.04773017041608156
2024-11-08,PAK,0.020386267350106114
2024-11-09,PAK,0.1675171583999952
2024-11-10,PAK,0.02544047638923569
2024-11-11,PAK,0.02458520102276795
2024-11-12,PAK,0.023515019529240067
2024-11-13,PAK,0.0708493358629413
2024-11-14,PAK,0.06937501662883855
2024-11-15,PAK,0.08068038125829106
2024-11-16,PAK,0.029776643861216676
2024-11-17,PAK,0.0232963995045997
2024-11-18,PAK,0.06036852077812891
2024-11-19,PAK,0.09585800516596193
2024-11-20,PAK,0.007406945412521685
2024-11-21,PAK,0.10993280757593454
2024-11-22,PAK,0.03551005612141351
2024-11-23,PAK,0.08470709449300859
2024-11-24,PAK,0.07519676471970209
2024-11-25,PAK,0.012239387110844442
2024-11-26,PAK,0.01694432019158013
2024-11-27,PAK,0.024754858327911102
2024-11-28,PAK,0.005453119848066832
2024-11-29,PAK,0.004234471370927122
2024-11-30,PAK,0.004144078241470615
2024-12-01,PAK,0.007216237627857779
2024-12-02,PAK,0.003878572331352192
2024-12-03,PAK,0.0047136420466340105
2024-12-04,PAK,0.004972990492249107
2024-12-05,PAK,0.02267271294507147
2024-12-06,PAK,0.03129153691985025
2024-12-07,PAK,0.11912800715547359
2024-12-08,PAK,0.02999872514390643
2024-12-09,PAK,0.01001944616611255
2024-12-10,PAK,0.13212063650436595
2024-12-11,PAK,0.03443457224877427
2024-12-12,PAK,0.09760409755201636
2024-12-13,PAK,0.08049272077352806
2024-12-14,PAK,0.019912731613827325
2024-12-15,PAK,0.011927939974486622
2024-12-16,PAK,0.016582089201419892
2024-12-17,PAK,0.00733915950194275
2024-12-18,PAK,0.037951790989772846
2024-12-19,PAK,0.008457077448422024
2024-12-20,PAK,0.13397737405618626
2024-12-21,PAK,0.035102668763825264
2024-12-22,PAK,0.01326291966613695
2024-12-23,PAK,0.02962697366137194
2024-12-24,PAK,0.025611156543404172
2024-12-25,PAK,0.1152671328465368
2024-12-26,PAK,0.048075898589972514
2024-12-27,PAK,0.0072114678005804015
2024-12-28,PAK,0.031223692569039906
2024-12-29,PAK,0.02022553453844876
2024-12-30,PAK,0.024832885665385617
2024-12-31,PAK,0.013117990467519972
2025-01-01,PAK,0.013412069510181207
2025-01-02,PAK,0.0077253517924032785
2025-01-03,PAK,0.014621330435952542
2025-01-04,PAK,0.014778574825896278
2025-01-05,PAK,0.014271408326714856
2025-01-06,PAK,0.013893929103984943
2025-01-07,PAK,0.013487803103678244
2025-01-08,PAK,0.0978111879404118
2025-01-09,PAK,0.015393150748274978
2025-01-10,PAK,0.04323601858919862
2025-01-11,PAK,0.1251193238994573
2025-01-12,PAK,0.10298125248730954
2025-01-13,PAK,0.11682783777090362
2025-01-14,PAK,0.03311672803769123
2025-01-15,PAK,0.020129788958953242
2025-01-16,PAK,0.08661307901553365
2025-01-17,PAK,0.053589843699643765
2025-01-18,PAK,0.05180033467545913
2025-01-19,PAK,0.005754038239239493
2025-01-20,PAK,0.006453115363280142
2025-01-21,PAK,0.014399846244516895
2025-01-22,PAK,0.005791311616754436
2025-01-23,PAK,0.010869541391418686
2025-01-24,PAK,0.007565491965468197
2025-01-25,PAK,0.01916164271149388
2025-01-26,PAK,0.032971039568918475
2025-01-27,PAK,0.03482131890667797
2025-01-28,PAK,0.01875589180100143
2025-01-29,PAK,0.045092490443925326
2025-01-30,PAK,0.099658512591219
2025-01-31,PAK,0.16679820844687748
2025-02-01,PAK,0.06880065915617682
2025-02-02,PAK,0.07847726124389119
2025-02-03,PAK,0.033671373158460895
2025-02-04,PAK,0.026759704584642195
2025-02-05,PAK,0.07457507249233229
2025-02-06,PAK,0.006220783909792443
2025-02-07,PAK,0.033691072475528924
2025-02-08,PAK,0.033409023944202684
2025-02-09,PAK,0.0279145293206745
2025-02-10,PAK,0.04892222475531189
2025-02-11,PAK,0.007803285992603211
2025-02-12,PAK,0.030472894481808767
2025-02-13,PAK,0.045589184069531455
2025-02-14,PAK,0.05547618359357136
2025-02-15,PAK,0.1307846804648892
2025-02-16,PAK,0.013645603597887723
2025-02-17,PAK,0.1261843194406283
2025-02-18,PAK,0.1384028367389721
2025-02-19,PAK,0.03902560991781678
2025-02-20,PAK,0.018306329933234843
2025-02-21,PAK,0.012225323119098347
2025-02-22,PAK,0.023949781374812875
2025-02-23,PAK,0.1690474979996895
2025-02-24,PAK,0.09753643547173668
2025-02-25,PAK,0.013188306897924787
2025-02-26,PAK,0.02092349945173631
2025-02-27,PAK,0.010614957448109228
2025-02-28,PAK,0.03178343317047914
2025-03-01,PAK,0.053485729494191274
2025-03-02,PAK,0.01445408702140839
2025-03-03,PAK,0.06196144753109553
2025-03-04,PAK,0.16970025863073768
2025-03-05,PAK,0.07949146345607337
2025-03-06,PAK,0.05968010170156849
2025-03-07,PAK,0.0267882426599338
2025-03-08,PAK,0.006432914944830412
2025-03-09,PAK,0.06509551565642811
2025-03-10,PAK,0.007026612952132564
2025-03-11,PAK,0.15247770648861517
2025-03-12,PAK,0.08213000714610207
2025-03-13,PAK,0.019524069614649427
2025-03-14,PAK,0.01990675394689372
2025-03-15,PAK,0.09848163243452163
2025-03-16,PAK,0.03502877314409145
2025-03-17,PAK,0.04025183531789397
2025-03-18,PAK,0.019204934653760764
2025-03-19,PAK,0.016384757338402514
2025-03-20,PAK,0.008787674437448538
2025-03-21,PAK,0.019353366123485972
2025-03-22,PAK,0.019321088721927143
2025-03-23,PAK,0.047901887780361134
2025-03-24,PAK,0.004736831665858306
2025-03-25,PAK,0.013964068045036523
2025-03-26,PAK,0.022254431816419264
2025-03-27,PAK,0.13006641436287486
2025-03-28,PAK,0.04636198625971333
2024-07-01,IND,0.017198356283007577
2024-07-02,IND,0.044357411753428236
2024-07-03,IND,0.01084479493971203
2024-07-04,IND,0.007292463912096671
2024-07-05,IND,0.02230650644074451
2024-07-06,IND,0.038080381979255326
2024-07-07,IND,0.01357437492110829
2024-07-08,IND,0.04148271465117525
2024-07-09,IND,0.01078481498649653
2024-07-10,IND,0.019843203247447174
2024-07-11,IND,0.007591537484582095
2024-07-12,IND,0.005867576231783519
2024-07-13,IND,0.007261606141748947
2024-07-14,IND,0.016921621122470726
2024-07-15,IND,0.007073452690579269
2024-07-16,IND,0.0056977489658589075
2024-07-17,IND,0.008056029438910326
2024-07-18,IND,0.008360078065179001
2024-07-19,IND,0.007918257091878149
2024-07-20,IND,0.012329976310632719
2024-07-21,IND,0.007015663485644889
2024-07-22,IND,0.00818097192336016
2024-07-23,IND,0.00949826637505368
2024-07-24,IND,0.006066489831625615
2024-07-25,IND,0.004552707154520025
2024-07-26,IND,0.004750709595681409
2024-07-27,IND,0.004553933550476156
2024-07-28,IND,0.007672861176566084
2024-07-29,IND,0.008879918123774781
2024-07-30,IND,0.007775892327722784
2024-07-31,IND,0.01584721498226217
2024-08-01,IND,0.05409590775864223
2024-08-02,IND,0.051168290068820094
2024-08-03,IND,0.013994637552632623
2024-08-04,IND,0.06783372967141603
2024-08-05,IND,0.01755452311537899
2024-08-06,IND,0.007689665222876271
2024-08-07,IND,0.022549476651305297
2024-08-08,IND,0.026953644298517546
2024-08-09,IND,0.009589595936233968
2024-08-10,IND,0.02822196327810715
2024-08-11,IND,0.019333495275895302
2024-08-12,IND,0.07742715262232454
2024-08-13,IND,0.09443389749354464
2024-08-14,IND,0.10333034935657348
2024-08-15,IND,0.10662830273146506
2024-08-16,IND,0.02696904337289607
2024-08-17,IND,0.014257229713163963
2024-08-18,IND,0.016761820168717103
2024-08-19,IND,0.01079554851939666
2024-08-20,IND,0.012704475866104814
2024-08-21,IND,0.006864415689103414
2024-08-22,IND,0.008515460502128229
2024-08-23,IND,0.009127210019487192
2024-08-24,IND,0.039430269796051236
2024-08-25,IND,0.0391834970463547
2024-08-26,IND,0.07414457731098777
2024-08-27,IND,0.05000149324767518
2024-08-28,IND,0.052016686364355025
2024-08-29,IND,0.1197715973927056
2024-08-30,IND,0.08852557007697533
2024-08-31,IND,0.03209129267711919
2024-09-01,IND,0.11474185121335444
2024-09-02,IND,0.07913922001017257
2024-09-03,IND,0.171343883291859
2024-09-04,IND,0.11973431637337463
2024-09-05,IND,0.08256066741142655
2024-09-06,IND,0.024260067976926095
2024-09-07,IND,0.09263492544174064
2024-09-08,IND,0.034961703768340874
2024-09-09,IND,0.03284087758277638
2024-09-10,IND,0.007301395604530729
2024-09-11,IND,0.008405257293777467
2024-09-12,IND,0.00648603630466272
2024-09-13,IND,0.007707584063287784
2024-09-14,IND,0.009584028948505817
2024-09-15,IND,0.006327456585111943
2024-09-16,IND,0.005863607978681298
2024-09-17,IND,0.008996148424321391
2024-09-18,IND,0.006265837165702939
2024-09-19,IND,0.012043193759283618
2024-09-20,IND,0.009506627750196854
2024-09-21,IND,0.013186557524383318
2024-09-22,IND,0.049635616704096705
2024-09-23,IND,0.036803994923084234
2024-09-24,IND,0.014933161560442481
2024-09-25,IND,0.063538626890445
2024-09-26,IND,0.03719790252114061
2024-09-27,IND,0.06287650796473461
2024-09-28,IND,0.10143929316332002
2024-09-29,IND,0.06129184390806707
2024-09-30,IND,0.03079936744063209
2024-10-01,IND,0.09895091473963044
2024-10-02,IND,0.08436532117791916
2024-10-03,IND,0.01165249728443276
2024-10-04,IND,0.19737270257607353
2024-10-05,IND,0.10998459485553243
2024-10-06,IND,0.04939739041222594
2024-10-07,IND,0.06946471685724306
2024-10-08,IND,0.03402261982084171
2024-10-09,IND,0.014467367361945224
2024-10-10,IND,0.019962101120927625
2024-10-11,IND,0.004244399182510307
2024-10-12,IND,0.004952477035441507
2024-10-13,IND,0.004368587558054295
2024-10-14,IND,0.00412675144708152
2024-10-15,IND,0.004082949744658366
2024-10-16,IND,0.0038822449813345878
2024-10-17,IND,0.003954005084519749
2024-10-18,IND,0.031564294880168514
2024-10-19,IND,0.04287589211489905
2024-10-20,IND,0.0847405958509973
2024-10-21,IND,0.051938264293081356
2024-10-22,IND,0.018959482645951046
2024-10-23,IND,0.023334324341798395
2024-10-24,IND,0.08939343382325131
2024-10-25,IND,0.10443959952801035
2024-10-26,IND,0.021121795355499316
2024-10-27,IND,0.008643106520798182
2024-10-28,IND,0.007354296460553656
2024-10-29,IND,0.007699546925750624
2024-10-30,IND,0.009566131587223454
2024-10-31,IND,0.010439389592971506
2024-11-01,IND,0.005717381899445879
2024-11-02,IND,0.01119545470330409
2024-11-03,IND,0.011911283530328491
2024-11-04,IND,0.0387119743575099
2024-11-05,IND,0.023311077153965333
2024-11-06,IND,0.017188014027053524
2024-11-07,IND,0.0499190706146049
2024-11-08,IND,0.08958449263049095
2024-11-09,IND,0.08691630677552119
2024-11-10,IND,0.08656279548576987
2024-11-11,IND,0.09406448541334964
2024-11-12,IND,0.09373196516360326
2024-11-13,IND,0.08644598678030152
2024-11-14,IND,0.07247475434449775
2024-11-15,IND,0.052198637488343594
2024-11-16,IND,0.02810522897539365
2024-11-17,IND,0.029636707740479024
2024-11-18,IND,0.006699117718640264
2024-11-19,IND,0.006386939151879061
2024-11-20,IND,0.006171916417322347
2024-11-21,IND,0.007726844845031302
2024-11-22,IND,0.010729260542475198
2024-11-23,IND,0.007839508305466673
2024-11-24,IND,0.006667820035737691
2024-11-25,IND,0.015726467069176325
2024-11-26,IND,0.016506361821917146
2024-11-27,IND,0.01597520960945224
2024-11-28,IND,0.011685136967668246
2024-11-29,IND,0.009186935301347905
2024-11-30,IND,0.010164128399120505
2024-12-01,IND,0.09015272438198159
2024-12-02,IND,0.01193697576912474
2024-12-03,IND,0.007727794789320498
2024-12-04,IND,0.022347798812060813
2024-12-05,IND,0.007437074156738845
2024-12-06,IND,0.05224053640179588
2024-12-07,IND,0.03555980167283462
2024-12-08,IND,0.011540508406560486
2024-12-09,IND,0.019202108003020767
2024-12-10,IND,0.01304380887787857
2024-12-11,IND,0.012373259083639824
2024-12-12,IND,0.07353611794667222
2024-12-13,IND,0.016391249602282613
2024-12-14,IND,0.014969033283876663
2024-12-15,IND,0.08404105711493473
2024-12-16,IND,0.06129330562913187
2024-12-17,IND,0.06214878400069034
2024-12-18,IND,0.03070983766232147
2024-12-19,IND,0.015481845398694502
2024-12-20,IND,0.015392415522435157
2024-12-21,IND,0.008150549279358165
2024-12-22,IND,0.007716467022921101
2024-12-23,IND,0.02188462799112028
2024-12-24,IND,0.006416928175279792
2024-12-25,IND,0.008712198301890269
2024-12-26,IND,0.015520321562332929
2024-12-27,IND,0.013259590545019209
2024-12-28,IND,0.016767241364420076
2024-12-29,IND,0.010891574013905374
2024-12-30,IND,0.015540582013356709
2024-12-31,IND,0.008944145538211476
2025-01-01,IND,0.008271661376242054
2025-01-02,IND,0.010497764787335741
2025-01-03,IND,0.020767159472359926
2025-01-04,IND,0.05539617747536686
2025-01-05,IND,0.015352694356078
2025-01-06,IND,0.10487251223206442
2025-01-07,IND,0.09329547946444125
2025-01-08,IND,0.04769417869577299
2025-01-09,IND,0.07703656137451415
2025-01-10,IND,0.09764821004759365
2025-01-11,IND,0.025893319057201557
2025-01-12,IND,0.03563110247476763
2025-01-13,IND,0.009780642705443564
2025-01-14,IND,0.008634234452491014
2025-01-15,IND,0.008117339901831363
2025-01-16,IND,0.006223052314758933
2025-01-17,IND,0.08416332429847305
2025-01-18,IND,0.016464889034894244
2025-01-19,IND,0.005149790502359094
2025-01-20,IND,0.16464174012912924
2025-01-21,IND,0.061669353518805946
2025-01-22,IND,0.032749835207598055
2025-01-23,IND,0.005390737525378225
2025-01-24,IND,0.006000037282336251
2025-01-25,IND,0.005159191935778503
2025-01-26,IND,0.00801637918707253
2025-01-27,IND,0.005304969965068184
2025-01-28,IND,0.004524115941851363
2025-01-29,IND,0.004900703844259951
2025-01-30,IND,0.005515509084602012
2025-01-31,IND,0.005278763994710888
2025-02-01,IND,0.06622367420362006
2025-02-02,IND,0.009315580671682007
2025-02-03,IND,0.03739274454972375
2025-02-04,IND,0.04770555720211054
2025-02-05,IND,0.03456902431008699
2025-02-06,IND,0.032698953343469034
2025-02-07,IND,0.024065471103483324
2025-02-08,IND,0.009150578557777492
2025-02-09,IND,0.14241744878203857
2025-02-10,IND,0.00996321424560753
2025-02-11,IND,0.008968677047716374
2025-02-12,IND,0.007486719298813546
2025-02-13,IND,0.008737242582861258
2025-02-14,IND,0.010638783130883763
2025-02-15,IND,0.010435882742762378
2025-02-16,IND,0.004419820980711192
2025-02-17,IND,0.0039734263391103496
2025-02-18,IND,0.0040660821218875915
2025-02-19,IND,0.0048106622211359085
2025-02-20,IND,0.0038231045449923905
2025-02-21,IND,0.004756119403666129
2025-02-22,IND,0.0038983987740696014
2025-02-23,IND,0.011980965298030992
2025-02-24,IND,0.015584556764237995
2025-02-25,IND,0.021044805249669434
2025-02-26,IND,0.011650770770754427
2025-02-27,IND,0.015282180708352378
2025-02-28,IND,0.009955155775816286
2025-03-01,IND,0.015013269885174183
2025-03-02,IND,0.05440707393695157
2025-03-03,IND,0.02865912281466231
2025-03-04,IND,0.03813635329498385
2025-03-05,IND,0.06528055230869688
2025-03-06,IND,0.030838900739634526
2025-03-07,IND,0.05616364249847416
2025-03-08,IND,0.07746547180770084
2025-03-09,IND,0.06770478025593521
2025-03-10,IND,0.028137315302774264
2025-03-11,IND,0.02944155242328102
2025-03-12,IND,0.03968397833053132
2025-03-13,IND,0.020394675624227813
2025-03-14,IND,0.0802839290910518
2025-03-15,IND,0.020423706234270686
2025-03-16,IND,0.015096503725931859
2025-03-17,IND,0.05323655423723537
2025-03-18,IND,0.01776410248320743
2025-03-19,IND,0.009157628671370025
2025-03-20,IND,0.1941444109007001
2025-03-21,IND,0.024739211257639424
2025-03-22,IND,0.04655040400844445
2025-03-23,IND,0.06348499956018412
2025-03-24,IND,0.05520642595233633
2025-03-25,IND,0.0958106443022805
2025-03-26,IND,0.021958551362413443
2025-03-27,IND,0.004919981610928907
2025-03-28,IND,0.004119085504734299
2024-07-01,BGD,0.010267869270919232
2024-07-02,BGD,0.07004909869508996
2024-07-03,BGD,0.010177248052344563
2024-07-04,BGD,0.006957628661448043
2024-07-05,BGD,0.006723754947163891
2024-07-06,BGD,0.007950912664622665
2024-07-07,BGD,0.01638368511882563
2024-07-08,BGD,0.008334344202566466
2024-07-09,BGD,0.008752776175670036
2024-07-10,BGD,0.007483756836164887
2024-07-11,BGD,0.03261460968476879
2024-07-12,BGD,0.015165452510445656
2024-07-13,BGD,0.013002864492389967
2024-07-14,BGD,0.023967631711487542
2024-07-15,BGD,0.008525724647303088
2024-07-16,BGD,0.01520788829774833
2024-07-17,BGD,0.006392687284264831
2024-07-18,BGD,0.00529308142493505
2024-07-19,BGD,0.06698108208502729
2024-07-20,BGD,0.0094147400898444
2024-07-21,BGD,0.017925471071414355
2024-07-22,BGD,0.10454854876067514
2024-07-23,BGD,0.10812821582548031
2024-07-24,BGD,0.12462286944492736
2024-07-25,BGD,0.1178010825977832
2024-07-26,BGD,0.0888730441823394
2024-07-27,BGD,0.08429847405242087
2024-07-28,BGD,0.0677197640713303
2024-07-29,BGD,0.09236182530741693
2024-07-30,BGD,0.1000502898199487
2024-07-31,BGD,0.017310522346555453
2024-08-01,BGD,0.011089154414170313
2024-08-02,BGD,0.0074427660429205456
2024-08-03,BGD,0.005085178916975932
2024-08-04,BGD,0.012461697489973129
2024-08-05,BGD,0.08677766244732295
2024-08-06,BGD,0.025553869253389244
2024-08-07,BGD,0.0087108252177069
2024-08-08,BGD,0.008130144329230251
2024-08-09,BGD,0.011187941733410634
2024-08-10,BGD,0.008578640714750356
2024-08-11,BGD,0.008617731257994225
2024-08-12,BGD,0.005545658230720501
2024-08-13,BGD,0.005028928217000891
2024-08-14,BGD,0.004804675976227501
2024-08-15,BGD,0.004826736037382915
2024-08-16,BGD,0.0045738315383784065
2024-08-17,BGD,0.004971609530824801
2024-08-18,BGD,0.004412598527117173
2024-08-19,BGD,0.008412220999446317
2024-08-20,BGD,0.00683767589930095
2024-08-21,BGD,0.007649458710151309
2024-08-22,BGD,0.006475262811997611
2024-08-23,BGD,0.024052327357697356
2024-08-24,BGD,0.033382244871765845
2024-08-25,BGD,0.037557398944788614
2024-08-26,BGD,0.038411222538780154
2024-08-27,BGD,0.07149641585529853
2024-08-28,BGD,0.13960480762730512
2024-08-29,BGD,0.16059659306580246
2024-08-30,BGD,0.0770733117005871
2024-08-31,BGD,0.10979092615504232
2024-09-01,BGD,0.08062930014988193
2024-09-02,BGD,0.015190654048868768
2024-09-03,BGD,0.04408343865971613
2024-09-04,BGD,0.05875739189860904
2024-09-05,BGD,0.00919289070548605
2024-09-06,BGD,0.0047020184776415015
2024-09-07,BGD,0.004628579401607992
2024-09-08,BGD,0.0049167697344362025
2024-09-09,BGD,0.004839280625457981
2024-09-10,BGD,0.005255800416768859
2024-09-11,BGD,0.005579738869185579
2024-09-12,BGD,0.03565700744664758
2024-09-13,BGD,0.0071942789989648285
2024-09-14,BGD,0.012215894469672278
2024-09-15,BGD,0.01312620145013145
2024-09-16,BGD,0.031457290083699616
2024-09-17,BGD,0.007109880416905563
2024-09-18,BGD,0.008078972313012668
2024-09-19,BGD,0.00663375285172939
2024-09-20,BGD,0.006512951679924008
2024-09-21,BGD,0.006440136006061251
2024-09-22,BGD,0.02078620958516208
2024-09-23,BGD,0.00845638349699551
2024-09-24,BGD,0.006711918786216418
2024-09-25,BGD,0.01852374546954231
2024-09-26,BGD,0.044600672240859535
2024-09-27,BGD,0.011784484909857337
2024-09-28,BGD,0.011457891815952111
2024-09-29,BGD,0.008979395495847855
2024-09-30,BGD,0.027636758574680426
2024-10-01,BGD,0.12463727222631117
2024-10-02,BGD,0.05158992888551031
2024-10-03,BGD,0.0173603489530419
2024-10-04,BGD,0.012116055281396662
2024-10-05,BGD,0.009587921543435995
2024-10-06,BGD,0.029234491836082396
2024-10-07,BGD,0.02105315523234611
2024-10-08,BGD,0.022369187995791857
2024-10-09,BGD,0.006616916345926705
2024-10-10,BGD,0.012791894968333465
2024-10-11,BGD,0.02542022103463896
2024-10-12,BGD,0.022017185629521537
2024-10-13,BGD,0.010417586351241027
2024-10-14,BGD,0.02538690428671793
2024-10-15,BGD,0.023531596545582165
2024-10-16,BGD,0.02150681197419978
2024-10-17,BGD,0.05111059526315688
2024-10-18,BGD,0.025460626548372695
2024-10-19,BGD,0.007440452964874189
2024-10-20,BGD,0.012179294630165649
2024-10-21,BGD,0.038007815050490314
2024-10-22,BGD,0.02350365760717237
2024-10-23,BGD,0.009641655087641796
2024-10-24,BGD,0.014287333105945873
2024-10-25,BGD,0.012216586315007851
2024-10-26,BGD,0.019183613722570034
2024-10-27,BGD,0.01141129616017276
2024-10-28,BGD,0.00494112780685411
2024-10-29,BGD,0.004714135835861122
2024-10-30,BGD,0.02268838858087387
2024-10-31,BGD,0.0051622999369581885
2024-11-01,BGD,0.004776108030791438
2024-11-02,BGD,0.012531191588392466
2024-11-03,BGD,0.0053270429592166164
2024-11-04,BGD,0.014285001797630143
2024-11-05,BGD,0.09093903247787392
2024-11-06,BGD,0.0061610932763243266
2024-11-07,BGD,0.006144598665026281
2024-11-08,BGD,0.022142654565322058
2024-11-09,BGD,0.005763316193900187
2024-11-10,BGD,0.02557309483903181
2024-11-11,BGD,0.005828785098172866
2024-11-12,BGD,0.005476854407379302
2024-11-13,BGD,0.009133743249917316
2024-11-14,BGD,0.008416228423594713
2024-11-15,BGD,0.008423530905613342
2024-11-16,BGD,0.007204179714413415
2024-11-17,BGD,0.00737444242954721
2024-11-18,BGD,0.008324981570017133
2024-11-19,BGD,0.006199042832218974
2024-11-20,BGD,0.006179867366393205
2024-11-21,BGD,0.005892968269468914
2024-11-22,BGD,0.005494798897953789
2024-11-23,BGD,0.00525080324881003
2024-11-24,BGD,0.06487483814321093
2024-11-25,BGD,0.0070574926662281216
2024-11-26,BGD,0.047729263357349325
2024-11-27,BGD,0.025388080589198406
2024-11-28,BGD,0.01920827235472573
2024-11-29,BGD,0.021681629681413853
2024-11-30,BGD,0.019449002342010576
2024-12-01,BGD,0.005829672009170776
2024-12-02,BGD,0.005220875504072615
2024-12-03,BGD,0.00543255760215257
2024-12-04,BGD,0.005104519017691938
2024-12-05,BGD,0.0051791566877465705
2024-12-06,BGD,0.005314166230028074
2024-12-07,BGD,0.00577010792831831
2024-12-08,BGD,0.05289409993048154
2024-12-09,BGD,0.16775565467110354
2024-12-10,BGD,0.16490214591488153
2024-12-11,BGD,0.098686245256286
2024-12-12,BGD,0.12910506679798509
2024-12-13,BGD,0.1697327904779717
2024-12-14,BGD,0.1151348430160497
2024-12-15,BGD,0.10708407166103831
2024-12-16,BGD,0.10266479878096918
2024-12-17,BGD,0.10106778100513321
2024-12-18,BGD,0.1559596966124072
2024-12-19,BGD,0.08054301020642658
2024-12-20,BGD,0.015429092116953882
2024-12-21,BGD,0.09414440946207656
2024-12-22,BGD,0.052540913418521996
2024-12-23,BGD,0.054817955660052195
2024-12-24,BGD,0.012275106505164463
2024-12-25,BGD,0.010389704051808115
2024-12-26,BGD,0.010691499318427533
2024-12-27,BGD,0.016644897211414156
2024-12-28,BGD,0.03585664436796222
2024-12-29,BGD,0.01381726168244425
2024-12-30,BGD,0.012398817979876464
2024-12-31,BGD,0.03921738177454771
2025-01-01,BGD,0.0072144082295255
2025-01-02,BGD,0.06848053496414015
2025-01-03,BGD,0.02005388642821158
2025-01-04,BGD,0.00607968565494561
2025-01-05,BGD,0.00780828999867056
2025-01-06,BGD,0.005825640414159006
2025-01-07,BGD,0.008625843687397826
2025-01-08,BGD,0.005866880006304007
2025-01-09,BGD,0.007759539445287506
2025-01-10,BGD,0.006098329052207742
2025-01-11,BGD,0.005054856546831783
2025-01-12,BGD,0.0056620517456805524
2025-01-13,BGD,0.0053857872349988055
2025-01-14,BGD,0.0071543422897175695
2025-01-15,BGD,0.006374515830904874
2025-01-16,BGD,0.10148596581437769
2025-01-17,BGD,0.010781690927438305
2025-01-18,BGD,0.017888046000476467
2025-01-19,BGD,0.03164699385326699
2025-01-20,BGD,0.03161965523410138
2025-01-21,BGD,0.011266582771202035
2025-01-22,BGD,0.010571925337709587
2025-01-23,BGD,0.009433539275688277
2025-01-24,BGD,0.01557716653816511
2025-01-25,BGD,0.021289823542973315
2025-01-26,BGD,0.008047377365531672
2025-01-27,BGD,0.006292368552039795
2025-01-28,BGD,0.013824293881269776
2025-01-29,BGD,0.007377607080379193
2025-01-30,BGD,0.010404266996195385
2025-01-31,BGD,0.020056644994384445
2025-02-01,BGD,0.011798566694685349
2025-02-02,BGD,0.009759043931150478
2025-02-03,BGD,0.008642340027981536
2025-02-04,BGD,0.013967766964550947
2025-02-05,BGD,0.015522542882739512
2025-02-06,BGD,0.009340294447215765
2025-02-07,BGD,0.09929810516210616
2025-02-08,BGD,0.017195859000468283
2025-02-09,BGD,0.010162677334654494
2025-02-10,BGD,0.00863860536078832
2025-02-11,BGD,0.061817146746523485
2025-02-12,BGD,0.022409694024759546
2025-02-13,BGD,0.008838166742358372
2025-02-14,BGD,0.012372314711908838
2025-02-15,BGD,0.009944152366427775
2025-02-16,BGD,0.01005521133953502
2025-02-17,BGD,0.013595897793413326
2025-02-18,BGD,0.010524090476445525
2025-02-19,BGD,0.007367819240337495
2025-02-20,BGD,0.0066275518014555015
2025-02-21,BGD,0.064289054117265
2025-02-22,BGD,0.00905712885977231
2025-02-23,BGD,0.008124764605357406
2025-02-24,BGD,0.017772911247087717
2025-02-25,BGD,0.06437599182391984
2025-02-26,BGD,0.020195540445158016
2025-02-27,BGD,0.022082246869613763
2025-02-28,BGD,0.006429231479147118
2025-03-01,BGD,0.006693283194237887
2025-03-02,BGD,0.006171850900642379
2025-03-03,BGD,0.037869614342173084
2025-03-04,BGD,0.004960748789019988
2025-03-05,BGD,0.0050655004918096075
2025-03-06,BGD,0.006030498381208501
2025-03-07,BGD,0.016905977140509575
2025-03-08,BGD,0.05079834420952001
2025-03-09,BGD,0.04569315772223718
2025-03-10,BGD,0.009811034232624668
2025-03-11,BGD,0.01413638749876696
2025-03-12,BGD,0.016217206114026633
2025-03-13,BGD,0.00999351096080749
2025-03-14,BGD,0.018667774986727365
2025-03-15,BGD,0.006268039020325967
2025-03-16,BGD,0.0347103246983721
2025-03-17,BGD,0.09889081020874593
2025-03-18,BGD,0.014657551323064177
2025-03-19,BGD,0.11274263479436218
2025-03-20,BGD,0.014263233358604311
2025-03-21,BGD,0.13295109957523668
2025-03-22,BGD,0.06725716097927621
2025-03-23,BGD,0.029768625546259125
2025-03-24,BGD,0.013513802908611698
2025-03-25,BGD,0.008781516565231363
2025-03-26,BGD,0.012186533775506972
2025-03-27,BGD,0.008466036974089703
2025-03-28,BGD,0.0063838661553913606
2024-07-01,MMR,0.003897169160372277
2024-07-02,MMR,0.004000505298161546
2024-07-03,MMR,0.004132439492803732
2024-07-04,MMR,0.005482301532081063
2024-07-05,MMR,0.005926651537991849
2024-07-06,MMR,0.010670027463829229
2024-07-07,MMR,0.008147225095118496
2024-07-08,MMR,0.0050092433764181805
2024-07-09,MMR,0.003964970283633831
2024-07-10,MMR,0.0037911216980908574
2024-07-11,MMR,0.004384977972948306
2024-07-12,MMR,0.00382606537583589
2024-07-13,MMR,0.0037424585230666552
2024-07-14,MMR,0.003911513298861966
2024-07-15,MMR,0.008482885565642775
2024-07-16,MMR,0.0038892816159981957
2024-07-17,MMR,0.003951006636079892
2024-07-18,MMR,0.003992525495674087
2024-07-19,MMR,0.004684627200323391
2024-07-20,MMR,0.007556683786008368
2024-07-21,MMR,0.006040825069353779
2024-07-22,MMR,0.014896041861188558
2024-07-23,MMR,0.007108233047620932
2024-07-24,MMR,0.005089148787127549
2024-07-25,MMR,0.008449863864599698
2024-07-26,MMR,0.01144373624928626
2024-07-27,MMR,0.00391340874081012
2024-07-28,MMR,0.009767332801572598
2024-07-29,MMR,0.005697289671852652
2024-07-30,MMR,0.012361171773179252
2024-07-31,MMR,0.008431948905510482
2024-08-01,MMR,0.006389443719789558
2024-08-02,MMR,0.004068152160677487
2024-08-03,MMR,0.004650250730265574
2024-08-04,MMR,0.004099399934055259
2024-08-05,MMR,0.03568898997128832
2024-08-06,MMR,0.008826795609968201
2024-08-07,MMR,0.00434623792195364
2024-08-08,MMR,0.003902612936486829
2024-08-09,MMR,0.007733284718610321
2024-08-10,MMR,0.01662371949230326
2024-08-11,MMR,0.011396555518715018
2024-08-12,MMR,0.0054104586853133945
2024-08-13,MMR,0.00416980830886215
2024-08-14,MMR,0.00387773806509796
2024-08-15,MMR,0.004846764631638275
2024-08-16,MMR,0.004203504305790803
2024-08-17,MMR,0.004085401347896757
2024-08-18,MMR,0.003997100574585131
2024-08-19,MMR,0.03442155819225287
2024-08-20,MMR,0.011853350572442323
2024-08-21,MMR,0.005694763633244825
2024-08-22,MMR,0.007064951048768945
2024-08-23,MMR,0.0046039540718991676
2024-08-24,MMR,0.01670492282794947
2024-08-25,MMR,0.004375236937184849
2024-08-26,MMR,0.004037790884717351
2024-08-27,MMR,0.004014601590831505
2024-08-28,MMR,0.0038662806655533977
2024-08-29,MMR,0.006527153068306934
2024-08-30,MMR,0.0037709486427353564
2024-08-31,MMR,0.0037766813963086773
2024-09-01,MMR,0.0038078659996851356
2024-09-02,MMR,0.003936724184057859
2024-09-03,MMR,0.0039045219968694912
2024-09-04,MMR,0.004550308087931985
2024-09-05,MMR,0.06480218136058265
2024-09-06,MMR,0.015879733959764688
2024-09-07,MMR,0.007595023953184151
2024-09-08,MMR,0.005769033291829292
2024-09-09,MMR,0.023645385498293366
2024-09-10,MMR,0.0045229803593583185
2024-09-11,MMR,0.004483256709718384
2024-09-12,MMR,0.003877927285120573
2024-09-13,MMR,0.00385069791875953
2024-09-14,MMR,0.003927236570743588
2024-09-15,MMR,0.004090857361821794
2024-09-16,MMR,0.004700736863268701
2024-09-17,MMR,0.005480451259139286
2024-09-18,MMR,0.004021041462456098
2024-09-19,MMR,0.003936988084035303
2024-09-20,MMR,0.004365140746390186
2024-09-21,MMR,0.003894296829010254
2024-09-22,MMR,0.004019313781689343
2024-09-23,MMR,0.0066060372285578475
2024-09-24,MMR,0.005631821571726065
2024-09-25,MMR,0.005468621903561234
2024-09-26,MMR,0.051390766768004824
2024-09-27,MMR,0.005361210362138946
2024-09-28,MMR,0.007604827959378447
2024-09-29,MMR,0.023505378907157322
2024-09-30,MMR,0.0733111071053017
2024-10-01,MMR,0.007025568088655056
2024-10-02,MMR,0.007125293119080829
2024-10-03,MMR,0.004146783514069256
2024-10-04,MMR,0.004028197220117386
2024-10-05,MMR,0.0046447412984314896
2024-10-06,MMR,0.005020486309885165
2024-10-07,MMR,0.004143732415541212
2024-10-08,MMR,0.007017406634971936
2024-10-09,MMR,0.004985371783458391
2024-10-10,MMR,0.0046060403227687
2024-10-11,MMR,0.006605483155715858
2024-10-12,MMR,0.0054429095690559535
2024-10-13,MMR,0.005493704873741708
2024-10-14,MMR,0.010007861633810832
2024-10-15,MMR,0.004183793826230728
2024-10-16,MMR,0.0040831477154878535
2024-10-17,MMR,0.004145932767883121
2024-10-18,MMR,0.003980324439274482
2024-10-19,MMR,0.003979849915191573
2024-10-20,MMR,0.004201139693838468
2024-10-21,MMR,0.004043294630507338
2024-10-22,MMR,0.007412376958954529
2024-10-23,MMR,0.006465045961045074
2024-10-24,MMR,0.007625951056823519
2024-10-25,MMR,0.011879673422071134
2024-10-26,MMR,0.012344864144366259
2024-10-27,MMR,0.01421758044984013
2024-10-28,MMR,0.054382712296262854
2024-10-29,MMR,0.03816848776462169
2024-10-30,MMR,0.011410045329030833
2024-10-31,MMR,0.015510909721713644
2024-11-01,MMR,0.013375985709212947
2024-11-02,MMR,0.01810369713512697
2024-11-03,MMR,0.013666024627559456
2024-11-04,MMR,0.00585847862593092
2024-11-05,MMR,0.005447721091096389
2024-11-06,MMR,0.005795558315894138
2024-11-07,MMR,0.007055994410592117
2024-11-08,MMR,0.007065746376298207
2024-11-09,MMR,0.007428350734129375
2024-11-10,MMR,0.006437295826138463
2024-11-11,MMR,0.009650418607901482
2024-11-12,MMR,0.021722994080977043
2024-11-13,MMR,0.007614084941264008
2024-11-14,MMR,0.0065244876059181315
2024-11-15,MMR,0.006667326836288767
2024-11-16,MMR,0.006839925558281172
2024-11-17,MMR,0.014281065026056671
2024-11-18,MMR,0.008092051388751914
2024-11-19,MMR,0.06286169745322792
2024-11-20,MMR,0.018488767818851188
2024-11-21,MMR,0.019991882472005357
2024-11-22,MMR,0.039352152181240864
2024-11-23,MMR,0.008157228313302907
2024-11-24,MMR,0.01423629820962634
2024-11-25,MMR,0.03565217935313829
2024-11-26,MMR,0.051189829693908145
2024-11-27,MMR,0.055688647908800654
2024-11-28,MMR,0.009362666043611608
2024-11-29,MMR,0.007805058561551094
2024-11-30,MMR,0.09871176976825008
2024-12-01,MMR,0.00690531188038183
2024-12-02,MMR,0.006488190366375064
2024-12-03,MMR,0.020617670674316354
2024-12-04,MMR,0.004711558606370812
2024-12-05,MMR,0.004755603632686963
2024-12-06,MMR,0.004945942925597778
2024-12-07,MMR,0.005042231260226276
2024-12-08,MMR,0.037293928984201814
2024-12-09,MMR,0.005263690534229348
2024-12-10,MMR,0.004834247882286727
2024-12-11,MMR,0.004973737688964811
2024-12-12,MMR,0.007394068302854044
2024-12-13,MMR,0.008162467883215467
2024-12-14,MMR,0.009147194395679192
2024-12-15,MMR,0.02472128270149519
2024-12-16,MMR,0.005370955583954951
2024-12-17,MMR,0.008621197323303634
2024-12-18,MMR,0.0061867513260102786
2024-12-19,MMR,0.00747412231044069
2024-12-20,MMR,0.00691229803110899
2024-12-21,MMR,0.008063872304252578
2024-12-22,MMR,0.012045598941092245
2024-12-23,MMR,0.007214302232572959
2024-12-24,MMR,0.007538593013534919
2024-12-25,MMR,0.014334660161329922
2024-12-26,MMR,0.008879030120126618
2024-12-27,MMR,0.03511000316778567
2024-12-28,MMR,0.04001737261722861
2024-12-29,MMR,0.0073385121787714015
2024-12-30,MMR,0.014219050078541028
2024-12-31,MMR,0.023474689476836463
2025-01-01,MMR,0.01474506312974629
2025-01-02,MMR,0.0056302180123825735
2025-01-03,MMR,0.00583329334737946
2025-01-04,MMR,0.004248605745350505
2025-01-05,MMR,0.008204075862695557
2025-01-06,MMR,0.0038975848174958474
2025-01-07,MMR,0.004693138507742387
2025-01-08,MMR,0.004004157207483621
2025-01-09,MMR,0.007584096843547716
2025-01-10,MMR,0.004602111216136899
2025-01-11,MMR,0.004555388963881856
2025-01-12,MMR,0.008821910475237553
2025-01-13,MMR,0.004500551673165794
2025-01-14,MMR,0.0046099858342205915
2025-01-15,MMR,0.004966288941527084
2025-01-16,MMR,0.004557802687687761
2025-01-17,MMR,0.013816087558766026
2025-01-18,MMR,0.008089692505367015
2025-01-19,MMR,0.006586046819405422
2025-01-20,MMR,0.005323554368997965
2025-01-21,MMR,0.00851928245227783
2025-01-22,MMR,0.010066811468385251
2025-01-23,MMR,0.01603290340809733
2025-01-24,MMR,0.004281228694339668
2025-01-25,MMR,0.004261197698839027
2025-01-26,MMR,0.0040348235129071715
2025-01-27,MMR,0.00409734014768083
2025-01-28,MMR,0.005530673389576967
2025-01-29,MMR,0.0043180121710295945
2025-01-30,MMR,0.004133827961736799
2025-01-31,MMR,0.00796292998782108
2025-02-01,MMR,0.006442514863633991
2025-02-02,MMR,0.034486966331039745
2025-02-03,MMR,0.014153072914241676
2025-02-04,MMR,0.007754698918794294
2025-02-05,MMR,0.004781515687749244
2025-02-06,MMR,0.006094034275977313
2025-02-07,MMR,0.004344275216183216
2025-02-08,MMR,0.004317448373295108
2025-02-09,MMR,0.004078866431204337
2025-02-10,MMR,0.0039003670153843996
2025-02-11,MMR,0.0038765583185094684
2025-02-12,MMR,0.004556880114565354
2025-02-13,MMR,0.004663097509730957
2025-02-14,MMR,0.003990151111411596
2025-02-15,MMR,0.00418918803223779
2025-02-16,MMR,0.0099815060042305
2025-02-17,MMR,0.009710994476012322
2025-02-18,MMR,0.007189233963048978
2025-02-19,MMR,0.0085738224467351
2025-02-20,MMR,0.010665891848957403
2025-02-21,MMR,0.006712697306188411
2025-02-22,MMR,0.006314648697261219
2025-02-23,MMR,0.008366623095592135
2025-02-24,MMR,0.0057861887965139636
2025-02-25,MMR,0.010974358214164879
2025-02-26,MMR,0.008855946748809988
2025-02-27,MMR,0.01892641363037618
2025-02-28,MMR,0.006331786961065792
2025-03-01,MMR,0.010921111132953357
2025-03-02,MMR,0.006067229877927284
2025-03-03,MMR,0.007610990797201015
2025-03-04,MMR,0.013528009564681462
2025-03-05,MMR,0.009263195834169721
2025-03-06,MMR,0.010756328988131308
2025-03-07,MMR,0.011111560312205332
2025-03-08,MMR,0.004618306086854761
2025-03-09,MMR,0.022232062730010483
2025-03-10,MMR,0.030119840765841024
2025-03-11,MMR,0.006005039468575371
2025-03-12,MMR,0.004613751015548269
2025-03-13,MMR,0.004838110817592605
2025-03-14,MMR,0.04803716036944292
2025-03-15,MMR,0.007397996204068885
2025-03-16,MMR,0.010180226033602977
2025-03-17,MMR,0.0043682513748617815
2025-03-18,MMR,0.004531666295723224
2025-03-19,MMR,0.006702519968413251
2025-03-20,MMR,0.005050797537363697
2025-03-21,MMR,0.004065100991200061
2025-03-22,MMR,0.004044044810790444
2025-03-23,MMR,0.004516711051588044
2025-03-24,MMR,0.0044033267732121765
2025-03-25,MMR,0.004171513439475973
2025-03-26,MMR,0.003891230579449431
2025-03-27,MMR,0.003873108100886289
2025-03-28,MMR,0.016260756573992778
2024-07-01,PHL,0.0197277078713675
2024-07-02,PHL,0.01585041672883436
2024-07-03,PHL,0.006536201557142273
2024-07-04,PHL,0.00786055066048364
2024-07-05,PHL,0.007166237704088737
2024-07-06,PHL,0.006705672433198497
2024-07-07,PHL,0.007513411988757622
2024-07-08,PHL,0.011205684313624235
2024-07-09,PHL,0.009264740443215588
2024-07-10,PHL,0.04836829820925067
2024-07-11,PHL,0.059675164654377694
2024-07-12,PHL,0.03457574595875165
2024-07-13,PHL,0.02961672641858403
2024-07-14,PHL,0.03428753000738753
2024-07-15,PHL,0.05192274777121192
2024-07-16,PHL,0.037784920774877766
2024-07-17,PHL,0.008575626666607961
2024-07-18,PHL,0.006639972280688234
2024-07-19,PHL,0.006517344732790161
2024-07-20,PHL,0.005878655323678645
2024-07-21,PHL,0.006340523538275114
2024-07-22,PHL,0.0073016950986975636
2024-07-23,PHL,0.008122292100508398
2024-07-24,PHL,0.011767599894063062
2024-07-25,PHL,0.04040719975156826
2024-07-26,PHL,0.016977266813419316
2024-07-27,PHL,0.015135033124554565
2024-07-28,PHL,0.02264566707461373
2024-07-29,PHL,0.022669513785650106
2024-07-30,PHL,0.028453852828870696
2024-07-31,PHL,0.015760023225628784
2024-08-01,PHL,0.023149901937876874
2024-08-02,PHL,0.04792936163253336
2024-08-03,PHL,0.037466561257685285
2024-08-04,PHL,0.02191197231656168
2024-08-05,PHL,0.034749845879463934
2024-08-06,PHL,0.0162741656557222
2024-08-07,PHL,0.016486196656161408
2024-08-08,PHL,0.03132990171875714
2024-08-09,PHL,0.018350512897504924
2024-08-10,PHL,0.01895686463750318
2024-08-11,PHL,0.024198585646052328
2024-08-12,PHL,0.030477505209326072
2024-08-13,PHL,0.02118948098771654
2024-08-14,PHL,0.02258860680578037
2024-08-15,PHL,0.008334382720380683
2024-08-16,PHL,0.00855856378859089
2024-08-17,PHL,0.006078324919622806
2024-08-18,PHL,0.0069968577210906945
2024-08-19,PHL,0.016177007287154672
2024-08-20,PHL,0.006366380911479
2024-08-21,PHL,0.01205769977765791
2024-08-22,PHL,0.027215212238283694
2024-08-23,PHL,0.013473612153698402
2024-08-24,PHL,0.015495510501257657
2024-08-25,PHL,0.01459221234458377
2024-08-26,PHL,0.018117606345792858
2024-08-27,PHL,0.014613775641515036
2024-08-28,PHL,0.015683853406953503
2024-08-29,PHL,0.0275238947936632
2024-08-30,PHL,0.020570806777733312
2024-08-31,PHL,0.025608835107092824
2024-09-01,PHL,0.02246582376057557
2024-09-02,PHL,0.02121441081162197
2024-09-03,PHL,0.018579254223117278
2024-09-04,PHL,0.019923808046718124
2024-09-05,PHL,0.01821939252905742
2024-09-06,PHL,0.03690674809044329
2024-09-07,PHL,0.014856604756390902
2024-09-08,PHL,0.01909035963488778
2024-09-09,PHL,0.01888180676815608
2024-09-10,PHL,0.01845878548446831
2024-09-11,PHL,0.0317814285764772
2024-09-12,PHL,0.013107603293037473
2024-09-13,PHL,0.0134302676354152
2024-09-14,PHL,0.011425759170561477
2024-09-15,PHL,0.01517042123355505
2024-09-16,PHL,0.011806472891286807
2024-09-17,PHL,0.022764186929598265
2024-09-18,PHL,0.012442573318632773
2024-09-19,PHL,0.008787105914380672
2024-09-20,PHL,0.01028357777798087
2024-09-21,PHL,0.009106251533520128
2024-09-22,PHL,0.012670429173016225
2024-09-23,PHL,0.013704818633551991
2024-09-24,PHL,0.011423336110957936
2024-09-25,PHL,0.02118998835959327
2024-09-26,PHL,0.02291270916110649
2024-09-27,PHL,0.01929297518819655
2024-09-28,PHL,0.031451765305439285
2024-09-29,PHL,0.04495815653955862
2024-09-30,PHL,0.032616294031051644
2024-10-01,PHL,0.02426588122846368
2024-10-02,PHL,0.017334021593815755
2024-10-03,PHL,0.012561434246026966
2024-10-04,PHL,0.014721455603878544
2024-10-05,PHL,0.06610014175440311
2024-10-06,PHL,0.01757559057953094
2024-10-07,PHL,0.027598813396722075
2024-10-08,PHL,0.01216329602248567
2024-10-09,PHL,0.012941014903688553
2024-10-10,PHL,0.022765550680812416
2024-10-11,PHL,0.024140979298116743
2024-10-12,PHL,0.01965639521922968
2024-10-13,PHL,0.016980650086714073
2024-10-14,PHL,0.015688274796863095
2024-10-15,PHL,0.017557446537399362
2024-10-16,PHL,0.011270484455607126
2024-10-17,PHL,0.030012947139071045
2024-10-18,PHL,0.08148178103318543
2024-10-19,PHL,0.06442699006453736
2024-10-20,PHL,0.04195333551413325
2024-10-21,PHL,0.03791199134675654
2024-10-22,PHL,0.04730281090153832
2024-10-23,PHL,0.0759528335725919
2024-10-24,PHL,0.034268696749030145
2024-10-25,PHL,0.006846539745177454
2024-10-26,PHL,0.00830770643163314
2024-10-27,PHL,0.007139646255475616
2024-10-28,PHL,0.007104627042254031
2024-10-29,PHL,0.006809711644647677
2024-10-30,PHL,0.13853546112172768
2024-10-31,PHL,0.005743206448418289
2024-11-01,PHL,0.008815300035783418
2024-11-02,PHL,0.00849987393594585
2024-11-03,PHL,0.007889029098585467
2024-11-04,PHL,0.006632808084417532
2024-11-05,PHL,0.007459332409295178
2024-11-06,PHL,0.0046909992677408125
2024-11-07,PHL,0.005064491473231102
2024-11-08,PHL,0.005901512697391175
2024-11-09,PHL,0.0061520865868189365
2024-11-10,PHL,0.006205132922127313
2024-11-11,PHL,0.005904883971298057
2024-11-12,PHL,0.006130251788063646
2024-11-13,PHL,0.03187542995186719
2024-11-14,PHL,0.03901587379967139
2024-11-15,PHL,0.0315240746500229
2024-11-16,PHL,0.027907018236634
2024-11-17,PHL,0.03294140044062708
2024-11-18,PHL,0.038571544064707634
2024-11-19,PHL,0.0370396976030766
2024-11-20,PHL,0.0343746229253309
2024-11-21,PHL,0.10312142009917052
2024-11-22,PHL,0.03949065865764804
2024-11-23,PHL,0.03397316242110439
2024-11-24,PHL,0.026562437375727062
2024-11-25,PHL,0.031190116056350387
2024-11-26,PHL,0.03340297504326958
2024-11-27,PHL,0.033376662711452
2024-11-28,PHL,0.007520540114150455
2024-11-29,PHL,0.00607188004723585
2024-11-30,PHL,0.006621126634610356
2024-12-01,PHL,0.00638322863701073
2024-12-02,PHL,0.010113116336451915
2024-12-03,PHL,0.006655870793688146
2024-12-04,PHL,0.007185253894634242
2024-12-05,PHL,0.007556256230190175
2024-12-06,PHL,0.08815159159127972
2024-12-07,PHL,0.08411444403903626
2024-12-08,PHL,0.06602856812705374
2024-12-09,PHL,0.01559781168633385
2024-12-10,PHL,0.009510963198344168
2024-12-11,PHL,0.008969819293079953
2024-12-12,PHL,0.007145476481624348
2024-12-13,PHL,0.008378814041206011
2024-12-14,PHL,0.007132118274401171
2024-12-15,PHL,0.006276075248226818
2024-12-16,PHL,0.025298608496121668
2024-12-17,PHL,0.024017718061216175
2024-12-18,PHL,0.0205681820362784
2024-12-19,PHL,0.012417519736613454
2024-12-20,PHL,0.010855899655773493
2024-12-21,PHL,0.020120037844590568
2024-12-22,PHL,0.014048468402067827
2024-12-23,PHL,0.015381517500811927
2024-12-24,PHL,0.015427080846905658
2024-12-25,PHL,0.02181611683635039
2024-12-26,PHL,0.018612934575998077
2024-12-27,PHL,0.03032643011977899
2024-12-28,PHL,0.02308562312589739
2024-12-29,PHL,0.021086347997268048
2024-12-30,PHL,0.01164333126465953
2024-12-31,PHL,0.010436703090505484
2025-01-01,PHL,0.010191975144844679
2025-01-02,PHL,0.011659805484480609
2025-01-03,PHL,0.011860602479792315
2025-01-04,PHL,0.01289248013837238
2025-01-05,PHL,0.017352083363198
2025-01-06,PHL,0.02646495158933325
2025-01-07,PHL,0.028831814265116065
2025-01-08,PHL,0.02289957119292825
2025-01-09,PHL,0.026228369517092166
2025-01-10,PHL,0.0250471820075299
2025-01-11,PHL,0.014293759628198986
2025-01-12,PHL,0.011955867870065919
2025-01-13,PHL,0.013023749290478226
2025-01-14,PHL,0.011134953889713108
2025-01-15,PHL,0.015047401139447294
2025-01-16,PHL,0.03705619002097193
2025-01-17,PHL,0.018458817858830828
2025-01-18,PHL,0.027178077357591052
2025-01-19,PHL,0.02225689984557135
2025-01-20,PHL,0.013201766297086191
2025-01-21,PHL,0.027600638085258103
2025-01-22,PHL,0.10064331084547941
2025-01-23,PHL,0.029475995217791543
2025-01-24,PHL,0.09011173157410833
2025-01-25,PHL,0.014917109880526755
2025-01-26,PHL,0.04890100284637868
2025-01-27,PHL,0.02117567245733605
2025-01-28,PHL,0.012998643890533153
2025-01-29,PHL,0.015518067472554136
2025-01-30,PHL,0.009874522060656683
2025-01-31,PHL,0.013805298701164032
2025-02-01,PHL,0.010208842892331736
2025-02-02,PHL,0.010847077428421342
2025-02-03,PHL,0.011031984710177611
2025-02-04,PHL,0.009854831167788687
2025-02-05,PHL,0.021578078564392783
2025-02-06,PHL,0.02322700530959627
2025-02-07,PHL,0.03722156073228084
2025-02-08,PHL,0.023887844147379204
2025-02-09,PHL,0.009770620693093866
2025-02-10,PHL,0.016037184487388993
2025-02-11,PHL,0.01635199062065297
2025-02-12,PHL,0.015717993762945415
2025-02-13,PHL,0.01201644816608741
2025-02-14,PHL,0.014162988871004463
2025-02-15,PHL,0.0190196001494579
2025-02-16,PHL,0.031146399844401054
2025-02-17,PHL,0.021637210741869105
2025-02-18,PHL,0.023234035047102815
2025-02-19,PHL,0.01488559900492457
2025-02-20,PHL,0.0239366447274729
2025-02-21,PHL,0.0379133114114723
2025-02-22,PHL,0.021186484496692738
2025-02-23,PHL,0.017157065540767385
2025-02-24,PHL,0.016098226503678148
2025-02-25,PHL,0.0177657493072232
2025-02-26,PHL,0.02447764462423996
2025-02-27,PHL,0.018066490009293085
2025-02-28,PHL,0.014910163454921516
2025-03-01,PHL,0.05095171315041646
2025-03-02,PHL,0.031210834255382656
2025-03-03,PHL,0.12349388535108856
2025-03-04,PHL,0.02142266480796803
2025-03-05,PHL,0.02307110955364835
2025-03-06,PHL,0.019447829224133687
2025-03-07,PHL,0.021166364556860433
2025-03-08,PHL,0.01723739555344633
2025-03-09,PHL,0.021934933488219715
2025-03-10,PHL,0.019787529797038475
2025-03-11,PHL,0.16783908419609997
2025-03-12,PHL,0.020891214684201555
2025-03-13,PHL,0.019818958824012394
2025-03-14,PHL,0.01361397173416978
2025-03-15,PHL,0.02054751254386402
2025-03-16,PHL,0.019742857333648892
2025-03-17,PHL,0.02076034002596496
2025-03-18,PHL,0.021523889511741282
2025-03-19,PHL,0.013943371326640861
2025-03-20,PHL,0.018013565199539634
2025-03-21,PHL,0.02048678924398474
2025-03-22,PHL,0.020337993402522844
2025-03-23,PHL,0.008613626119827206
2025-03-24,PHL,0.008569807173948766
2025-03-25,PHL,0.010137030529220183
2025-03-26,PHL,0.01142743826934235
2025-03-27,PHL,0.010170827268931452
2025-03-28,PHL,0.008363673934951351
2024-07-01,THA,0.0825330542265717
2024-07-02,THA,0.02941497302808978
2024-07-03,THA,0.011103757618704588
2024-07-04,THA,0.03771393625896407
2024-07-05,THA,0.026359505877711416
2024-07-06,THA,0.016189326582064928
2024-07-07,THA,0.008194518641478693
2024-07-08,THA,0.008107264949157743
2024-07-09,THA,0.010844395022083479
2024-07-10,THA,0.010147890614205792
2024-07-11,THA,0.038376092704261344
2024-07-12,THA,0.09447021866357384
2024-07-13,THA,0.015215316601302464
2024-07-14,THA,0.05496466146392095
2024-07-15,THA,0.05040421171597543
2024-07-16,THA,0.07731734747928577
2024-07-17,THA,0.06379064981411471
2024-07-18,THA,0.09016710825798274
2024-07-19,THA,0.008845744749494679
2024-07-20,THA,0.049707860243647616
2024-07-21,THA,0.021244837323199643
2024-07-22,THA,0.039322269789236336
2024-07-23,THA,0.02617497769231134
2024-07-24,THA,0.034767383016391935
2024-07-25,THA,0.03485934420166425
2024-07-26,THA,0.15557669831312915
2024-07-27,THA,0.15106947181054875
2024-07-28,THA,0.1908479942987287
2024-07-29,THA,0.13562096805856808
2024-07-30,THA,0.12927554078212167
2024-07-31,THA,0.13276036062093996
2024-08-01,THA,0.1812216023090244
2024-08-02,THA,0.10449640590274545
2024-08-03,THA,0.12197919644432585
2024-08-04,THA,0.009484733265303321
2024-08-05,THA,0.008467652170822832
2024-08-06,THA,0.007491106413535352
2024-08-07,THA,0.008021181711360865
2024-08-08,THA,0.00747855068414379
2024-08-09,THA,0.005001079122270604
2024-08-10,THA,0.005089350345301938
2024-08-11,THA,0.005056570142951635
2024-08-12,THA,0.005509091336306783
2024-08-13,THA,0.0050843692281909905
2024-08-14,THA,0.007429317610092224
2024-08-15,THA,0.017705004253878828
2024-08-16,THA,0.015126760161199019
2024-08-17,THA,0.013594378903086676
2024-08-18,THA,0.034391854567489395
2024-08-19,THA,0.029212231175639577
2024-08-20,THA,0.02391441064041043
2024-08-21,THA,0.03134762855793849
2024-08-22,THA,0.18184610513776203
2024-08-23,THA,0.11884238537270064
2024-08-24,THA,0.14853446073181664
2024-08-25,THA,0.12844586228070623
2024-08-26,THA,0.13857578581018656
2024-08-27,THA,0.12202216923331434
2024-08-28,THA,0.1292742764629559
2024-08-29,THA,0.12585664841219024
2024-08-30,THA,0.1551951548174114
2024-08-31,THA,0.11205122872151836
2024-09-01,THA,0.10988838642920556
2024-09-02,THA,0.12667006009616225
2024-09-03,THA,0.1253424513946765
2024-09-04,THA,0.10287075111197254
2024-09-05,THA,0.1310997691700092
2024-09-06,THA,0.14258263831088314
2024-09-07,THA,0.14186517167407367
2024-09-08,THA,0.14252653480558458
2024-09-09,THA,0.15688515070816828
2024-09-10,THA,0.13663789689969072
2024-09-11,THA,0.11755167127590145
2024-09-12,THA,0.13892279151566436
2024-09-13,THA,0.13333526459033554
2024-09-14,THA,0.1391536030858458
2024-09-15,THA,0.11800013992618424
2024-09-16,THA,0.1377095477220459
2024-09-17,THA,0.1465512638414626
2024-09-18,THA,0.12504568630790497
2024-09-19,THA,0.11484648896679843
2024-09-20,THA,0.12131777628297186
2024-09-21,THA,0.1692561449072396
2024-09-22,THA,0.1122945524710443
2024-09-23,THA,0.1037498492980547
2024-09-24,THA,0.08688498432193725
2024-09-25,THA,0.11136500097240243
2024-09-26,THA,0.11098634103325941
2024-09-27,THA,0.0802900151418972
2024-09-28,THA,0.08150328611026549
2024-09-29,THA,0.09241292774149594
2024-09-30,THA,0.08329955445155274
2024-10-01,THA,0.1398202359476221
2024-10-02,THA,0.1057629751192186
2024-10-03,THA,0.08427826854636082
2024-10-04,THA,0.07463354159232928
2024-10-05,THA,0.15259664059038783
2024-10-06,THA,0.07305934856839176
2024-10-07,THA,0.07598794155917458
2024-10-08,THA,0.07139947990009418
2024-10-09,THA,0.1709383026246498
2024-10-10,THA,0.11372332062990023
2024-10-11,THA,0.1072466225058371
2024-10-12,THA,0.1229033813781564
2024-10-13,THA,0.12480176561230547
2024-10-14,THA,0.12998205517906009
2024-10-15,THA,0.15196551924331836
2024-10-16,THA,0.02017379610746901
2024-10-17,THA,0.019408395261378997
2024-10-18,THA,0.16217760926662034
2024-10-19,THA,0.1217650616799561
2024-10-20,THA,0.0360200501930237
2024-10-21,THA,0.018970128664890368
2024-10-22,THA,0.01936965219686916
2024-10-23,THA,0.148354524800009
2024-10-24,THA,0.10045522365112708
2024-10-25,THA,0.12433272094243568
2024-10-26,THA,0.09577605644577061
2024-10-27,THA,0.10948803709425586
2024-10-28,THA,0.10110095805514076
2024-10-29,THA,0.16142555965317784
2024-10-30,THA,0.10478053269291618
2024-10-31,THA,0.10872400831973536
2024-11-01,THA,0.10689580070005857
2024-11-02,THA,0.11443290639588884
2024-11-03,THA,0.10340404875194485
2024-11-04,THA,0.15371979935088684
2024-11-05,THA,0.024831479258550167
2024-11-06,THA,0.030699375448788053
2024-11-07,THA,0.04443094867906189
2024-11-08,THA,0.03743348629542466
2024-11-09,THA,0.027373800349812318
2024-11-10,THA,0.031098668886235643
2024-11-11,THA,0.04873246826869727
2024-11-12,THA,0.1696744365138209
2024-11-13,THA,0.17579762450325004
2024-11-14,THA,0.01828447102177456
2024-11-15,THA,0.01585935317010932
2024-11-16,THA,0.016292996967327437
2024-11-17,THA,0.011288966181017154
2024-11-18,THA,0.012345228134387855
2024-11-19,THA,0.013651005881399197
2024-11-20,THA,0.038376868603541774
2024-11-21,THA,0.13468958621658703
2024-11-22,THA,0.07691475040380179
2024-11-23,THA,0.0977932399268877
2024-11-24,THA,0.1717840740757551
2024-11-25,THA,0.1441716950635789
2024-11-26,THA,0.1089056011285163
2024-11-27,THA,0.11360279494079449
2024-11-28,THA,0.12290329189220962
2024-11-29,THA,0.12367256313690764
2024-11-30,THA,0.13450356219234774
2024-12-01,THA,0.023242226531969033
2024-12-02,THA,0.010192018858236392
2024-12-03,THA,0.009569381269108444
2024-12-04,THA,0.009161352759298818
2024-12-05,THA,0.009053806652656229
2024-12-06,THA,0.009537588304499665
2024-12-07,THA,0.009636565961339081
2024-12-08,THA,0.12903945807453981
2024-12-09,THA,0.12389573898152746
2024-12-10,THA,0.12097274956894584
2024-12-11,THA,0.1712376645552319
2024-12-12,THA,0.16864296202650508
2024-12-13,THA,0.1593772022272889
2024-12-14,THA,0.12173266317092513
2024-12-15,THA,0.1139677162315599
2024-12-16,THA,0.1710499120048438
2024-12-17,THA,0.12621806973040775
2024-12-18,THA,0.017416591185039885
2024-12-19,THA,0.029624594811527728
2024-12-20,THA,0.032103351604879274
2024-12-21,THA,0.01770241952105027
2024-12-22,THA,0.008615270998269288
2024-12-23,THA,0.011306600652841997
2024-12-24,THA,0.015465021956607119
2024-12-25,THA,0.02175064470340821
2024-12-26,THA,0.049982908369147865
2024-12-27,THA,0.021283086434541673
2024-12-28,THA,0.018486782174562608
2024-12-29,THA,0.16445653426721926
2024-12-30,THA,0.15023190747181886
2024-12-31,THA,0.13325867705323682
2025-01-01,THA,0.025278238315767757
2025-01-02,THA,0.06366312221743815
2025-01-03,THA,0.01589171857722664
2025-01-04,THA,0.0185562018908455
2025-01-05,THA,0.013645287508991145
2025-01-06,THA,0.01248690561100096
2025-01-07,THA,0.012327943599341334
2025-01-08,THA,0.00983457258391078
2025-01-09,THA,0.009106291184752355
2025-01-10,THA,0.00980273333353541
2025-01-11,THA,0.006728889299326508
2025-01-12,THA,0.007205201672598999
2025-01-13,THA,0.016438596424878774
2025-01-14,THA,0.1165824279999292
2025-01-15,THA,0.00990955958398663
2025-01-16,THA,0.01182155124904603
2025-01-17,THA,0.011136737622880302
2025-01-18,THA,0.012356338513791643
2025-01-19,THA,0.011887433384206865
2025-01-20,THA,0.07178264560077943
2025-01-21,THA,0.007041796450487557
2025-01-22,THA,0.012862205541065071
2025-01-23,THA,0.03941611638614918
2025-01-24,THA,0.006474050935959241
2025-01-25,THA,0.006559519378777313
2025-01-26,THA,0.006257288521186731
2025-01-27,THA,0.049207853246147557
2025-01-28,THA,0.08235182042432714
2025-01-29,THA,0.09931944827920638
2025-01-30,THA,0.06890647386347727
2025-01-31,THA,0.015476026315869865
2025-02-01,THA,0.021906159921460507
2025-02-02,THA,0.015393175866952524
2025-02-03,THA,0.0051748832050224625
2025-02-04,THA,0.0087343697695944
2025-02-05,THA,0.005410136715920207
2025-02-06,THA,0.0060640815202757554
2025-02-07,THA,0.006392121432808525
2025-02-08,THA,0.009049119489847485
2025-02-09,THA,0.021857361902209306
2025-02-10,THA,0.16381861461733707
2025-02-11,THA,0.06570950058604988
2025-02-12,THA,0.09182442049953428
2025-02-13,THA,0.0853330647806799
2025-02-14,THA,0.01962351786034505
2025-02-15,THA,0.01687994534652749
2025-02-16,THA,0.11669990451768268
2025-02-17,THA,0.022270854336296227
2025-02-18,THA,0.02704337634771588
2025-02-19,THA,0.021509006519739516
2025-02-20,THA,0.10926843068705207
2025-02-21,THA,0.12610093921259916
2025-02-22,THA,0.11847839716148577
2025-02-23,THA,0.10311339404627627
2025-02-24,THA,0.15364511616815504
2025-02-25,THA,0.11399658607249302
2025-02-26,THA,0.1472074219447112
2025-02-27,THA,0.011179660551680655
2025-02-28,THA,0.020104596656222388
2025-03-01,THA,0.017856373651213578
2025-03-02,THA,0.02279707077518951
2025-03-03,THA,0.01117610150055552
2025-03-04,THA,0.009113648495378698
2025-03-05,THA,0.00675311845981166
2025-03-06,THA,0.1139161993561815
2025-03-07,THA,0.11154901858429041
2025-03-08,THA,0.19051237101191004
2025-03-09,THA,0.11392256813404376
2025-03-10,THA,0.17178256388021773
2025-03-11,THA,0.14478573908026707
2025-03-12,THA,0.16888903271797343
2025-03-13,THA,0.1138397765695418
2025-03-14,THA,0.12325938006596529
2025-03-15,THA,0.005179514195831625
2025-03-16,THA,0.0061040792234041625
2025-03-17,THA,0.0051008916119443075
2025-03-18,THA,0.005275533969974537
2025-03-19,THA,0.005275147488311415
2025-03-20,THA,0.006296332476936262
2025-03-21,THA,0.005345515647850708
2025-03-22,THA,0.02364450299519362
2025-03-23,THA,0.023094712105605767
2025-03-24,THA,0.14277119000610405
2025-03-25,THA,0.10386015876183068
2025-03-26,THA,0.10993821215731549
2025-03-27,THA,0.043876225877928915
2025-03-28,THA,0.18586487219248177
2024-07-01,IDN,0.15989965768244252
2024-07-02,IDN,0.12474924282110085
2024-07-03,IDN,0.0884994616269373
2024-07-04,IDN,0.00542478428189241
2024-07-05,IDN,0.005623418004902682
2024-07-06,IDN,0.005923625384897965
2024-07-07,IDN,0.014152072917575472
2024-07-08,IDN,0.011307419360881572
2024-07-09,IDN,0.005913364315203371
2024-07-10,IDN,0.008898223547978699
2024-07-11,IDN,0.06330128491577876
2024-07-12,IDN,0.019056657073076175
2024-07-13,IDN,0.13464739582213114
2024-07-14,IDN,0.08855154379567462
2024-07-15,IDN,0.10742161801675865
2024-07-16,IDN,0.12928201874137638
2024-07-17,IDN,0.10737343925225368
2024-07-18,IDN,0.0499783102406271
2024-07-19,IDN,0.029433607858200997
2024-07-20,IDN,0.03005257853657284
2024-07-21,IDN,0.051880021051958325
2024-07-22,IDN,0.08680238442086813
2024-07-23,IDN,0.005985855791487612
2024-07-24,IDN,0.006040214962745879
2024-07-25,IDN,0.005586541893880797
2024-07-26,IDN,0.01069104227010827
2024-07-27,IDN,0.007593593914670948
2024-07-28,IDN,0.006169083771488515
2024-07-29,IDN,0.008579593193080408
2024-07-30,IDN,0.09465681393462487
2024-07-31,IDN,0.13718378497119196
2024-08-01,IDN,0.10692814274597823
2024-08-02,IDN,0.13501041219441604
2024-08-03,IDN,0.08821402597790608
2024-08-04,IDN,0.03299532376692772
2024-08-05,IDN,0.12915534551479946
2024-08-06,IDN,0.18806228063830618
2024-08-07,IDN,0.02565725201448206
2024-08-08,IDN,0.02547031726290485
2024-08-09,IDN,0.18819061306204876
2024-08-10,IDN,0.05539074554051505
2024-08-11,IDN,0.018881520270273844
2024-08-12,IDN,0.013081781156373273
2024-08-13,IDN,0.016487415808894706
2024-08-14,IDN,0.04051032321160079
2024-08-15,IDN,0.17286564873601995
2024-08-16,IDN,0.1638834725365588
2024-08-17,IDN,0.09861543207415542
2024-08-18,IDN,0.05411895764702553
2024-08-19,IDN,0.09698458588876469
2024-08-20,IDN,0.061636374908030374
2024-08-21,IDN,0.03804328770856159
2024-08-22,IDN,0.11798344990053528
2024-08-23,IDN,0.021599091720445805
2024-08-24,IDN,0.0326000693348465
2024-08-25,IDN,0.041561616030813035
2024-08-26,IDN,0.012859214680161447
2024-08-27,IDN,0.009735099507070265
2024-08-28,IDN,0.010279320972946194
2024-08-29,IDN,0.026464823274099377
2024-08-30,IDN,0.09663076004026765
2024-08-31,IDN,0.06662794452684748
2024-09-01,IDN,0.146772450339026
2024-09-02,IDN,0.16379581224950227
2024-09-03,IDN,0.1293440138768947
2024-09-04,IDN,0.15295620703871274
2024-09-05,IDN,0.08561652169965461
2024-09-06,IDN,0.10179411864985533
2024-09-07,IDN,0.11380496664839744
2024-09-08,IDN,0.10158857506938958
2024-09-09,IDN,0.10115923140204501
2024-09-10,IDN,0.15194258965076274
2024-09-11,IDN,0.09512148709783698
2024-09-12,IDN,0.0626917166578664
2024-09-13,IDN,0.09144360945093859
2024-09-14,IDN,0.0837618141715334
2024-09-15,IDN,0.014109305550159417
2024-09-16,IDN,0.17139653158515103
2024-09-17,IDN,0.08234414785724464
2024-09-18,IDN,0.09932032626668666
2024-09-19,IDN,0.023319040629198304
2024-09-20,IDN,0.00965415451048939
2024-09-21,IDN,0.06827666349962318
2024-09-22,IDN,0.011835411933906517
2024-09-23,IDN,0.009881979977626963
2024-09-24,IDN,0.010304750700434509
2024-09-25,IDN,0.014040090889386783
2024-09-26,IDN,0.020252779090235044
2024-09-27,IDN,0.02546585455730322
2024-09-28,IDN,0.013286559852532418
2024-09-29,IDN,0.019751396214522824
2024-09-30,IDN,0.01795511682861508
2024-10-01,IDN,0.019566536369163348
2024-10-02,IDN,0.032795219593994854
2024-10-03,IDN,0.03750037669769389
2024-10-04,IDN,0.024825916653427028
2024-10-05,IDN,0.12330780510549728
2024-10-06,IDN,0.1256518580459953
2024-10-07,IDN,0.19008522195544256
2024-10-08,IDN,0.14596449788270985
2024-10-09,IDN,0.12234524069107562
2024-10-10,IDN,0.14930997668762044
2024-10-11,IDN,0.13992985711077915
2024-10-12,IDN,0.1513560495534145
2024-10-13,IDN,0.14917244119965964
2024-10-14,IDN,0.06413245751040837
2024-10-15,IDN,0.1080516066237688
2024-10-16,IDN,0.037793205774591505
2024-10-17,IDN,0.03831329398107637
2024-10-18,IDN,0.030080246136286626
2024-10-19,IDN,0.16770126851527614
2024-10-20,IDN,0.026843326507044712
2024-10-21,IDN,0.07912499600345814
2024-10-22,IDN,0.020601196409723733
2024-10-23,IDN,0.015775388614318465
2024-10-24,IDN,0.14660982947245715
2024-10-25,IDN,0.025526278326816476
2024-10-26,IDN,0.0780926095015242
2024-10-27,IDN,0.10980290822652573
2024-10-28,IDN,0.025924440798577437
2024-10-29,IDN,0.049066076978694445
2024-10-30,IDN,0.01629466138915294
2024-10-31,IDN,0.012418929920076533
2024-11-01,IDN,0.013700989397762963
2024-11-02,IDN,0.10243162662793205
2024-11-03,IDN,0.013051070861432628
2024-11-04,IDN,0.09711503172631185
2024-11-05,IDN,0.01997723237658873
2024-11-06,IDN,0.022016408735251822
2024-11-07,IDN,0.02175887399933239
2024-11-08,IDN,0.13472765923682606
2024-11-09,IDN,0.04076708914964207
2024-11-10,IDN,0.07791993550776637
2024-11-11,IDN,0.07784585389275726
2024-11-12,IDN,0.018131084986661473
2024-11-13,IDN,0.027636644112312522
2024-11-14,IDN,0.023645362802882954
2024-11-15,IDN,0.02434699374852957
2024-11-16,IDN,0.03183657522861207
2024-11-17,IDN,0.01637959874896967
2024-11-18,IDN,0.02902167312798061
2024-11-19,IDN,0.025919631830719745
2024-11-20,IDN,0.01828175215693275
2024-11-21,IDN,0.05414744904965574
2024-11-22,IDN,0.027345452756381436
2024-11-23,IDN,0.13945014942078693
2024-11-24,IDN,0.13625264800686204
2024-11-25,IDN,0.17180197614586865
2024-11-26,IDN,0.1027233163206947
2024-11-27,IDN,0.13190791714798406
2024-11-28,IDN,0.017859886842678696
2024-11-29,IDN,0.025431257205652792
2024-11-30,IDN,0.08941919536098684
2024-12-01,IDN,0.015544896090770236
2024-12-02,IDN,0.07549961403723209
2024-12-03,IDN,0.010014331534130318
2024-12-04,IDN,0.022886068013649768
2024-12-05,IDN,0.01641661260217087
2024-12-06,IDN,0.008224525582780452
2024-12-07,IDN,0.14173825571841595
2024-12-08,IDN,0.00885290963270417
2024-12-09,IDN,0.13704206584650674
2024-12-10,IDN,0.09629801229194675
2024-12-11,IDN,0.07858249339150498
2024-12-12,IDN,0.00893466951789683
2024-12-13,IDN,0.0100934554464669
2024-12-14,IDN,0.017261804039969877
2024-12-15,IDN,0.012010499675394127
2024-12-16,IDN,0.016142801159990595
2024-12-17,IDN,0.013942959391952212
2024-12-18,IDN,0.020804142495350567
2024-12-19,IDN,0.008791934295889757
2024-12-20,IDN,0.02032437114779135
2024-12-21,IDN,0.01459138712507279
2024-12-22,IDN,0.008918483141919812
2024-12-23,IDN,0.009081420186561393
2024-12-24,IDN,0.053217161562965694
2024-12-25,IDN,0.09926592670199531
2024-12-26,IDN,0.11681386353354314
2024-12-27,IDN,0.12190307566712816
2024-12-28,IDN,0.09746209391632751
2024-12-29,IDN,0.13525733874725995
2024-12-30,IDN,0.11585462425014187
2024-12-31,IDN,0.09757854523868874
2025-01-01,IDN,0.07577380150476759
2025-01-02,IDN,0.06445318062340502
2025-01-03,IDN,0.046041602522367796
2025-01-04,IDN,0.04594296070331198
2025-01-05,IDN,0.0356725953913165
2025-01-06,IDN,0.02757949845396402
2025-01-07,IDN,0.04628236101439076
2025-01-08,IDN,0.1661411312474481
2025-01-09,IDN,0.11598964876766034
2025-01-10,IDN,0.10614853265106199
2025-01-11,IDN,0.10486729268442567
2025-01-12,IDN,0.0927020621033598
2025-01-13,IDN,0.1718969425468113
2025-01-14,IDN,0.11579279627274089
2025-01-15,IDN,0.01389003883933014
2025-01-16,IDN,0.011005136587974848
2025-01-17,IDN,0.04243064251012245
2025-01-18,IDN,0.009942141712495963
2025-01-19,IDN,0.007942556090184169
2025-01-20,IDN,0.005720573617363488
2025-01-21,IDN,0.005183205457549378
2025-01-22,IDN,0.0069861700317864674
2025-01-23,IDN,0.006346028787692983
2025-01-24,IDN,0.14757083160551387
2025-01-25,IDN,0.009184198384657612
2025-01-26,IDN,0.004967623380593403
2025-01-27,IDN,0.02085063909975766
2025-01-28,IDN,0.01891545739100649
2025-01-29,IDN,0.18183266035977358
2025-01-30,IDN,0.16833116969434087
2025-01-31,IDN,0.028979250503962724
2025-02-01,IDN,0.15349625917906615
2025-02-02,IDN,0.08530718490458432
2025-02-03,IDN,0.08259215029870373
2025-02-04,IDN,0.09477536369960078
2025-02-05,IDN,0.13111470990364968
2025-02-06,IDN,0.03714104410315101
2025-02-07,IDN,0.08238789885453537
2025-02-08,IDN,0.13074392723831138
2025-02-09,IDN,0.02267089082971817
2025-02-10,IDN,0.041733998876500276
2025-02-11,IDN,0.03109169553608863
2025-02-12,IDN,0.0454816110137317
2025-02-13,IDN,0.08976241226569492
2025-02-14,IDN,0.18059354765885752
2025-02-15,IDN,0.13531536485131546
2025-02-16,IDN,0.17939383627059607
2025-02-17,IDN,0.10853753381166398
2025-02-18,IDN,0.12765827502013236
2025-02-19,IDN,0.17488267540493715
2025-02-20,IDN,0.12224797910535003
2025-02-21,IDN,0.14107416659549088
2025-02-22,IDN,0.17975134957143257
2025-02-23,IDN,0.11577550479575169
2025-02-24,IDN,0.0541049169055654
2025-02-25,IDN,0.024016642553505954
2025-02-26,IDN,0.034681244239219054
2025-02-27,IDN,0.1460417256064929
2025-02-28,IDN,0.10139040245546373
2025-03-01,IDN,0.13410456342491092
2025-03-02,IDN,0.11230593956315586
2025-03-03,IDN,0.16776851901281
2025-03-04,IDN,0.10841785345089594
2025-03-05,IDN,0.10956882149193428
2025-03-06,IDN,0.01819563795340455
2025-03-07,IDN,0.0249981734804217
2025-03-08,IDN,0.013579589546704249
2025-03-09,IDN,0.017883337007194248
2025-03-10,IDN,0.020042841182528606
2025-03-11,IDN,0.009102275676527114
2025-03-12,IDN,0.008814406537050744
2025-03-13,IDN,0.03785804975908799
2025-03-14,IDN,0.02889350368883218
2025-03-15,IDN,0.06370693997447124
2025-03-16,IDN,0.021863665703339627
2025-03-17,IDN,0.024341774720623082
2025-03-18,IDN,0.14374267844971475
2025-03-19,IDN,0.04476633310145299
2025-03-20,IDN,0.08638447489835151
2025-03-21,IDN,0.1848335383699852
2025-03-22,IDN,0.12582490579119684
2025-03-23,IDN,0.12219154684290932
2025-03-24,IDN,0.13785564446272872
2025-03-25,IDN,0.16127107104049482
2025-03-26,IDN,0.0556094588323124
2025-03-27,IDN,0.16337242042995043
2025-03-28,IDN,0.17097425330735783
2024-07-01,TJK,0.013547711224711954
2024-07-02,TJK,0.013531190354246853
2024-07-03,TJK,0.010324592879874592
2024-07-04,TJK,0.011004635844525351
2024-07-05,TJK,0.00909596535587863
2024-07-06,TJK,0.01248664546458133
2024-07-07,TJK,0.0117614998806019
2024-07-08,TJK,0.008622873518791523
2024-07-09,TJK,0.008446700701185332
2024-07-10,TJK,0.008291405393584812
2024-07-11,TJK,0.009122724711125569
2024-07-12,TJK,0.009670494774070571
2024-07-13,TJK,0.009073654948225962
2024-07-14,TJK,0.008606426447075077
2024-07-15,TJK,0.007955127066768333
2024-07-16,TJK,0.009196843750233672
2024-07-17,TJK,0.010716430429384928
2024-07-18,TJK,0.01176349865515945
2024-07-19,TJK,0.01196363313095285
2024-07-20,TJK,0.01679342212477423
2024-07-21,TJK,0.01666608509577716
2024-07-22,TJK,0.019288593061573146
2024-07-23,TJK,0.01997096974273774
2024-07-24,TJK,0.024635685572935107
2024-07-25,TJK,0.018764979434041405
2024-07-26,TJK,0.02623058803768252
2024-07-27,TJK,0.02566150738840738
2024-07-28,TJK,0.021985734863483868
2024-07-29,TJK,0.024246522421299557
2024-07-30,TJK,0.02380618514341577
2024-07-31,TJK,0.023261832556544654
2024-08-01,TJK,0.024747753593672372
2024-08-02,TJK,0.02279931174594618
2024-08-03,TJK,0.01348939055783867
2024-08-04,TJK,0.0134247797402215
2024-08-05,TJK,0.015099648742243964
2024-08-06,TJK,0.010349279821620053
2024-08-07,TJK,0.01079260906286385
2024-08-08,TJK,0.01160258340725616
2024-08-09,TJK,0.013611092201211867
2024-08-10,TJK,0.01950092871597116
2024-08-11,TJK,0.019300858535500245
2024-08-12,TJK,0.018618441307831204
2024-08-13,TJK,0.013969300969287567
2024-08-14,TJK,0.011894436255368731
2024-08-15,TJK,0.018394859630414748
2024-08-16,TJK,0.016933629965593576
2024-08-17,TJK,0.010794584366857114
2024-08-18,TJK,0.011283845319646707
2024-08-19,TJK,0.010878013404480665
2024-08-20,TJK,0.008230243740245093
2024-08-21,TJK,0.013399160833613588
2024-08-22,TJK,0.010594496161666574
2024-08-23,TJK,0.009082395226349788
2024-08-24,TJK,0.015062570679551357
2024-08-25,TJK,0.011937851309550789
2024-08-26,TJK,0.012172586119897551
2024-08-27,TJK,0.010387022648329962
2024-08-28,TJK,0.011051502369953857
2024-08-29,TJK,0.012887602892791937
2024-08-30,TJK,0.01562633611582787
2024-08-31,TJK,0.013764491728439226
2024-09-01,TJK,0.01606625281445855
2024-09-02,TJK,0.017210160402355807
2024-09-03,TJK,0.017928956869371904
2024-09-04,TJK,0.010547318768863188
2024-09-05,TJK,0.011380031673548119
2024-09-06,TJK,0.010527420197073423
2024-09-07,TJK,0.009958403777111761
2024-09-08,TJK,0.011759460706860996
2024-09-09,TJK,0.010088674647359984
2024-09-10,TJK,0.010624638689608034
2024-09-11,TJK,0.013862974516142575
2024-09-12,TJK,0.020844736235863907
2024-09-13,TJK,0.017583268594997335
2024-09-14,TJK,0.021660240224875636
2024-09-15,TJK,0.029170202468931598
2024-09-16,TJK,0.025109194932892716
2024-09-17,TJK,0.020539356984131917
2024-09-18,TJK,0.016427812662275974
2024-09-19,TJK,0.012537800626284512
2024-09-20,TJK,0.01743503207732151
2024-09-21,TJK,0.010282160119359762
2024-09-22,TJK,0.012111927021150753
2024-09-23,TJK,0.014677537813454605
2024-09-24,TJK,0.016911907529019495
2024-09-25,TJK,0.017660589051409367
2024-09-26,TJK,0.016408380716802225
2024-09-27,TJK,0.013087859946007852
2024-09-28,TJK,0.0167411834518339
2024-09-29,TJK,0.016168103991700246
2024-09-30,TJK,0.015200120054745693
2024-10-01,TJK,0.015858746685106187
2024-10-02,TJK,0.011717986040519658
2024-10-03,TJK,0.013523805767888962
2024-10-04,TJK,0.01050561224973013
2024-10-05,TJK,0.009535116990504236
2024-10-06,TJK,0.011138938891458124
2024-10-07,TJK,0.011976746270589724
2024-10-08,TJK,0.012073072901584197
2024-10-09,TJK,0.01061774976056988
2024-10-10,TJK,0.012637637561868257
2024-10-11,TJK,0.017042479612927045
2024-10-12,TJK,0.015400106414982807
2024-10-13,TJK,0.012578038815836736
2024-10-14,TJK,0.013324175323627367
2024-10-15,TJK,0.013618491263031676
2024-10-16,TJK,0.015057577592388682
2024-10-17,TJK,0.012372163363462857
2024-10-18,TJK,0.011832557808908918
2024-10-19,TJK,0.011603496650856282
2024-10-20,TJK,0.011515807569178775
2024-10-21,TJK,0.013221162926507206
2024-10-22,TJK,0.015183288151022588
2024-10-23,TJK,0.01740125423638292
2024-10-24,TJK,0.013560687501007897
2024-10-25,TJK,0.017190205485648556
2024-10-26,TJK,0.011469518861178396
2024-10-27,TJK,0.014721988216057464
2024-10-28,TJK,0.013927652549827354
2024-10-29,TJK,0.014118310743803137
2024-10-30,TJK,0.013102506748495927
2024-10-31,TJK,0.0238899853521272
2024-11-01,TJK,0.018169722624072716
2024-11-02,TJK,0.016821604820111778
2024-11-03,TJK,0.016959714214014182
2024-11-04,TJK,0.02165288961551055
2024-11-05,TJK,0.01833041393239462
2024-11-06,TJK,0.019581141002911973
2024-11-07,TJK,0.014203360156461849
2024-11-08,TJK,0.01675018469702292
2024-11-09,TJK,0.013739902509828629
2024-11-10,TJK,0.012551330983962121
2024-11-11,TJK,0.010079961905784002
2024-11-12,TJK,0.008989575343008762
2024-11-13,TJK,0.01305963330053895
2024-11-14,TJK,0.013977725451445613
2024-11-15,TJK,0.01915188998392048
2024-11-16,TJK,0.012888277062141927
2024-11-17,TJK,0.012524327727476565
2024-11-18,TJK,0.012440746126899497
2024-11-19,TJK,0.013008391504819842
2024-11-20,TJK,0.011040120702991225
2024-11-21,TJK,0.010527593573560527
2024-11-22,TJK,0.009645843042546082
2024-11-23,TJK,0.014213619782247515
2024-11-24,TJK,0.01827087655687557
2024-11-25,TJK,0.01491228844103861
2024-11-26,TJK,0.015010327603963942
2024-11-27,TJK,0.014469932262311315
2024-11-28,TJK,0.012616925770947208
2024-11-29,TJK,0.012468298022604532
2024-11-30,TJK,0.014128214834031235
2024-12-01,TJK,0.016469459529831625
2024-12-02,TJK,0.01833073015304022
2024-12-03,TJK,0.018643563596645155
2024-12-04,TJK,0.014503173597312376
2024-12-05,TJK,0.015379999532147587
2024-12-06,TJK,0.01579140982901425
2024-12-07,TJK,0.015205242725466875
2024-12-08,TJK,0.01584258888208066
2024-12-09,TJK,0.013508648048023094
2024-12-10,TJK,0.016848159602553564
2024-12-11,TJK,0.014516462874054689
2024-12-12,TJK,0.011924461771786077
2024-12-13,TJK,0.013103107987682699
2024-12-14,TJK,0.011463371810179424
2024-12-15,TJK,0.010831725669506976
2024-12-16,TJK,0.012207397354213324
2024-12-17,TJK,0.012553772663534999
2024-12-18,TJK,0.009919158572824226
2024-12-19,TJK,0.01049451621277403
2024-12-20,TJK,0.00742245372704213
2024-12-21,TJK,0.008847675562301394
2024-12-22,TJK,0.011839879190669136
2024-12-23,TJK,0.011614779062334267
2024-12-24,TJK,0.011439460856114693
2024-12-25,TJK,0.009001245340195465
2024-12-26,TJK,0.011796848609606368
2024-12-27,TJK,0.016025503069889542
2024-12-28,TJK,0.01392643588540613
2024-12-29,TJK,0.013390669836890882
2024-12-30,TJK,0.01526794040303866
2024-12-31,TJK,0.01489441306915685
2025-01-01,TJK,0.012254533114032849
2025-01-02,TJK,0.011677397626971479
2025-01-03,TJK,0.011752316347662809
2025-01-04,TJK,0.016387792297876447
2025-01-05,TJK,0.014708121007221023
2025-01-06,TJK,0.014656958703853999
2025-01-07,TJK,0.013127036925784477
2025-01-08,TJK,0.015375765576747098
2025-01-09,TJK,0.011331214663856847
2025-01-10,TJK,0.014710020432416033
2025-01-11,TJK,0.008663009728175745
2025-01-12,TJK,0.008602091967183964
2025-01-13,TJK,0.00888559746348299
2025-01-14,TJK,0.007438059200114901
2025-01-15,TJK,0.010884286933143231
2025-01-16,TJK,0.008149975589275093
2025-01-17,TJK,0.008575684812236
2025-01-18,TJK,0.008269064405293784
2025-01-19,TJK,0.007678110604286078
2025-01-20,TJK,0.007600138487696763
2025-01-21,TJK,0.008095771980569448
2025-01-22,TJK,0.00954269851351501
2025-01-23,TJK,0.008270231390901344
2025-01-24,TJK,0.008132319199670267
2025-01-25,TJK,0.009640320024431827
2025-01-26,TJK,0.006947430355168141
2025-01-27,TJK,0.007875454428949881
2025-01-28,TJK,0.007195477386602739
2025-01-29,TJK,0.008378890599012416
2025-01-30,TJK,0.007303650869492762
2025-01-31,TJK,0.008880557162425534
2025-02-01,TJK,0.010994202422618053
2025-02-02,TJK,0.012959943462537819
2025-02-03,TJK,0.01146456549056086
2025-02-04,TJK,0.010088632666656317
2025-02-05,TJK,0.014786161984333189
2025-02-06,TJK,0.020800879191336812
2025-02-07,TJK,0.01860397548994002
2025-02-08,TJK,0.013948969438495573
2025-02-09,TJK,0.013786513165996099
2025-02-10,TJK,0.015404659906642344
2025-02-11,TJK,0.012474415183741133
2025-02-12,TJK,0.019751097889652066
2025-02-13,TJK,0.013409031885711452
2025-02-14,TJK,0.014929851527918241
2025-02-15,TJK,0.008918826264893162
2025-02-16,TJK,0.00946504783338915
2025-02-17,TJK,0.00887052361236978
2025-02-18,TJK,0.008735742456492456
2025-02-19,TJK,0.007559117871243742
2025-02-20,TJK,0.00835032434169144
2025-02-21,TJK,0.007936435308186964
2025-02-22,TJK,0.006639765194598427
2025-02-23,TJK,0.008952888409986667
2025-02-24,TJK,0.01020810929308005
2025-02-25,TJK,0.01264949290571565
2025-02-26,TJK,0.010929552288523006
2025-02-27,TJK,0.01153608590824448
2025-02-28,TJK,0.01287112216489138
2025-03-01,TJK,0.01446070862347627
2025-03-02,TJK,0.023509149979237007
2025-03-03,TJK,0.023068889893225402
2025-03-04,TJK,0.018697361137701523
2025-03-05,TJK,0.017854206556182424
2025-03-06,TJK,0.01783637225023247
2025-03-07,TJK,0.01653026738438467
2025-03-08,TJK,0.014277418000475762
2025-03-09,TJK,0.012570346815020924
2025-03-10,TJK,0.012570346815020924
2025-03-11,TJK,0.012478444230259013
2025-03-12,TJK,0.018628819804932115
2025-03-13,TJK,0.013039953442071128
2025-03-14,TJK,0.015972751029737504
2025-03-15,TJK,0.021634949004018543
2025-03-16,TJK,0.019768903516588717
2025-03-17,TJK,0.019985258868159564
2025-03-18,TJK,0.013454285639150538
2025-03-19,TJK,0.011998818396502176
2025-03-20,TJK,0.013487426934835477
2025-03-21,TJK,0.01344694230922296
2025-03-22,TJK,0.009933506434375733
2025-03-23,TJK,0.009823552536058934
2025-03-24,TJK,0.010127501476849595
2025-03-25,TJK,0.010729370221424344
2025-03-26,TJK,0.010114667551934664
2025-03-27,TJK,0.009190054056425657
2025-03-28,TJK,0.010215094178688279
2024-07-01,KGZ,0.011411088328532302
2024-07-02,KGZ,0.008550756599824922
2024-07-03,KGZ,0.008768487172478051
2024-07-04,KGZ,0.008899407190842512
2024-07-05,KGZ,0.01066494769116283
2024-07-06,KGZ,0.012040206045066447
2024-07-07,KGZ,0.13720345755306074
2024-07-08,KGZ,0.050971633334429785
2024-07-09,KGZ,0.16292331428078088
2024-07-10,KGZ,0.0511834202791987
2024-07-11,KGZ,0.09511850964579185
2024-07-12,KGZ,0.07275283207889481
2024-07-13,KGZ,0.13035070991585507
2024-07-14,KGZ,0.04782230962594493
2024-07-15,KGZ,0.05170454673287237
2024-07-16,KGZ,0.05106495949804877
2024-07-17,KGZ,0.04394833270171933
2024-07-18,KGZ,0.04544334745801577
2024-07-19,KGZ,0.050807909378463495
2024-07-20,KGZ,0.0622773526618781
2024-07-21,KGZ,0.08450071283726543
2024-07-22,KGZ,0.0741357335885654
2024-07-23,KGZ,0.08528947580471281
2024-07-24,KGZ,0.08797219408089357
2024-07-25,KGZ,0.0575700201286849
2024-07-26,KGZ,0.0738806810856428
2024-07-27,KGZ,0.18954560074558893
2024-07-28,KGZ,0.08199594550096223
2024-07-29,KGZ,0.07633215609215824
2024-07-30,KGZ,0.08188542852429147
2024-07-31,KGZ,0.06678563766172646
2024-08-01,KGZ,0.07580084138000642
2024-08-02,KGZ,0.04357395385316737
2024-08-03,KGZ,0.06609121354880869
2024-08-04,KGZ,0.1558100165520004
2024-08-05,KGZ,0.06963290595562259
2024-08-06,KGZ,0.0630603681720786
2024-08-07,KGZ,0.03622055252100534
2024-08-08,KGZ,0.06414110630207756
2024-08-09,KGZ,0.100713127525471
2024-08-10,KGZ,0.18710161349659318
2024-08-11,KGZ,0.12834239704499684
2024-08-12,KGZ,0.1232052714971892
2024-08-13,KGZ,0.03823593375502584
2024-08-14,KGZ,0.053415896465896784
2024-08-15,KGZ,0.08391101716532123
2024-08-16,KGZ,0.007452850331823335
2024-08-17,KGZ,0.010703095886353998
2024-08-18,KGZ,0.00917022821536452
2024-08-19,KGZ,0.0057145152166977135
2024-08-20,KGZ,0.005566930982215602
2024-08-21,KGZ,0.005834114557827536
2024-08-22,KGZ,0.005193512796306536
2024-08-23,KGZ,0.049379814474198556
2024-08-24,KGZ,0.052792377206690416
2024-08-25,KGZ,0.16475266887991774
2024-08-26,KGZ,0.10844105427087562
2024-08-27,KGZ,0.06053263819056016
2024-08-28,KGZ,0.05804230556434699
2024-08-29,KGZ,0.06829477286090312
2024-08-30,KGZ,0.07959811813126012
2024-08-31,KGZ,0.19585424012439104
2024-09-01,KGZ,0.13375828305562076
2024-09-02,KGZ,0.06718720365954405
2024-09-03,KGZ,0.08575221637852184
2024-09-04,KGZ,0.06320663963688332
2024-09-05,KGZ,0.12523014651458794
2024-09-06,KGZ,0.0676469449810885
2024-09-07,KGZ,0.16002645097699977
2024-09-08,KGZ,0.13714698702940445
2024-09-09,KGZ,0.13835689139861354
2024-09-10,KGZ,0.08105613517173475
2024-09-11,KGZ,0.0697794977532343
2024-09-12,KGZ,0.12200077970752285
2024-09-13,KGZ,0.06447863416042679
2024-09-14,KGZ,0.07139457857785396
2024-09-15,KGZ,0.19575274635748416
2024-09-16,KGZ,0.17386675859536527
2024-09-17,KGZ,0.057527020251526326
2024-09-18,KGZ,0.18210383489183182
2024-09-19,KGZ,0.051808354582982705
2024-09-20,KGZ,0.050409419064019155
2024-09-21,KGZ,0.13130746618441672
2024-09-22,KGZ,0.009162992963461347
2024-09-23,KGZ,0.007807406394379449
2024-09-24,KGZ,0.009861420932967737
2024-09-25,KGZ,0.011043535799059766
2024-09-26,KGZ,0.011830705785379229
2024-09-27,KGZ,0.00847331974079526
2024-09-28,KGZ,0.009945305176138142
2024-09-29,KGZ,0.011213931515381175
2024-09-30,KGZ,0.04967652413647397
2024-10-01,KGZ,0.008458127872120141
2024-10-02,KGZ,0.05246344747455249
2024-10-03,KGZ,0.011386312682876407
2024-10-04,KGZ,0.009066327194587383
2024-10-05,KGZ,0.01571284478047151
2024-10-06,KGZ,0.012835713935665403
2024-10-07,KGZ,0.00982164823886435
2024-10-08,KGZ,0.008679748398309678
2024-10-09,KGZ,0.01015562217275154
2024-10-10,KGZ,0.05595554230603176
2024-10-11,KGZ,0.07092335969753145
2024-10-12,KGZ,0.1634670049942302
2024-10-13,KGZ,0.10603049822113152
2024-10-14,KGZ,0.04652147128339681
2024-10-15,KGZ,0.08052581471790476
2024-10-16,KGZ,0.18822497774596608
2024-10-17,KGZ,0.06420512079325537
2024-10-18,KGZ,0.07546123429531368
2024-10-19,KGZ,0.05441840528180701
2024-10-20,KGZ,0.06730424616322661
2024-10-21,KGZ,0.07095433555819218
2024-10-22,KGZ,0.06788678534562177
2024-10-23,KGZ,0.014035127201813068
2024-10-24,KGZ,0.010415592920695946
2024-10-25,KGZ,0.010257388740834351
2024-10-26,KGZ,0.023608425040610313
2024-10-27,KGZ,0.009978557473220816
2024-10-28,KGZ,0.01587069728985603
2024-10-29,KGZ,0.01446622896383267
2024-10-30,KGZ,0.053455068842146146
2024-10-31,KGZ,0.06432627292658709
2024-11-01,KGZ,0.1012156022471455
2024-11-02,KGZ,0.07355500515919515
2024-11-03,KGZ,0.0664458175668818
2024-11-04,KGZ,0.1815085723605151
2024-11-05,KGZ,0.16748982508293486
2024-11-06,KGZ,0.09444000786595164
2024-11-07,KGZ,0.11645641313617726
2024-11-08,KGZ,0.009630733116860031
2024-11-09,KGZ,0.010915661972953353
2024-11-10,KGZ,0.02127095829834731
2024-11-11,KGZ,0.009517263726653938
2024-11-12,KGZ,0.009404204284134486
2024-11-13,KGZ,0.00821046415393378
2024-11-14,KGZ,0.008251521900842383
2024-11-15,KGZ,0.01211269070808793
2024-11-16,KGZ,0.09325321546712242
2024-11-17,KGZ,0.07530147455637688
2024-11-18,KGZ,0.15355209577131035
2024-11-19,KGZ,0.037704162433477316
2024-11-20,KGZ,0.06105150283131795
2024-11-21,KGZ,0.06071056142645104
2024-11-22,KGZ,0.010633063703423576
2024-11-23,KGZ,0.013946302389775683
2024-11-24,KGZ,0.06800285752745412
2024-11-25,KGZ,0.03370955039437454
2024-11-26,KGZ,0.012390712836389092
2024-11-27,KGZ,0.027527520264435446
2024-11-28,KGZ,0.011715164707195106
2024-11-29,KGZ,0.05795367578802916
2024-11-30,KGZ,0.04944081993786264
2024-12-01,KGZ,0.04359060467106681
2024-12-02,KGZ,0.05668342034200858
2024-12-03,KGZ,0.04673740289825992
2024-12-04,KGZ,0.045527426115348366
2024-12-05,KGZ,0.10924101526661739
2024-12-06,KGZ,0.04239868547595091
2024-12-07,KGZ,0.057605915217202014
2024-12-08,KGZ,0.07031104843548082
2024-12-09,KGZ,0.061844408534764195
2024-12-10,KGZ,0.05425000165129653
2024-12-11,KGZ,0.05781967802581247
2024-12-12,KGZ,0.05155294434735553
2024-12-13,KGZ,0.0647397175432159
2024-12-14,KGZ,0.05719644896671117
2024-12-15,KGZ,0.06696346537803989
2024-12-16,KGZ,0.10708884791473262
2024-12-17,KGZ,0.06523526565984931
2024-12-18,KGZ,0.06636529658242589
2024-12-19,KGZ,0.04455836130740151
2024-12-20,KGZ,0.168977486252077
2024-12-21,KGZ,0.13141356451771813
2024-12-22,KGZ,0.048393344595223556
2024-12-23,KGZ,0.177509729114745
2024-12-24,KGZ,0.1396223054940958
2024-12-25,KGZ,0.05295757736913337
2024-12-26,KGZ,0.07302157682346969
2024-12-27,KGZ,0.017477280064897738
2024-12-28,KGZ,0.08891883525406441
2024-12-29,KGZ,0.07529388672749793
2024-12-30,KGZ,0.01735679760981901
2024-12-31,KGZ,0.15491404581383386
2025-01-01,KGZ,0.01400705657112639
2025-01-02,KGZ,0.01204642470929445
2025-01-03,KGZ,0.01107588691555129
2025-01-04,KGZ,0.011994065306831938
2025-01-05,KGZ,0.15488027527412584
2025-01-06,KGZ,0.07310365067246592
2025-01-07,KGZ,0.0656321542637665
2025-01-08,KGZ,0.08349792355854004
2025-01-09,KGZ,0.1911413886742789
2025-01-10,KGZ,0.08047623108334917
2025-01-11,KGZ,0.0584884704972828
2025-01-12,KGZ,0.01324579759795715
2025-01-13,KGZ,0.013218271384706808
2025-01-14,KGZ,0.02756138895674772
2025-01-15,KGZ,0.17474729450163423
2025-01-16,KGZ,0.06449964039476339
2025-01-17,KGZ,0.015762192183645992
2025-01-18,KGZ,0.016979064121601113
2025-01-19,KGZ,0.16666716055444347
2025-01-20,KGZ,0.018339712749214157
2025-01-21,KGZ,0.030903992887790742
2025-01-22,KGZ,0.03363206610229412
2025-01-23,KGZ,0.08725770062536717
2025-01-24,KGZ,0.037451764758823704
2025-01-25,KGZ,0.0183132431601965
2025-01-26,KGZ,0.1326245702244541
2025-01-27,KGZ,0.016239649329780642
2025-01-28,KGZ,0.01636435166539322
2025-01-29,KGZ,0.016195580025524976
2025-01-30,KGZ,0.01862600983510702
2025-01-31,KGZ,0.0822564191726425
2025-02-01,KGZ,0.13029485065089583
2025-02-02,KGZ,0.1475562703309998
2025-02-03,KGZ,0.02351123281980684
2025-02-04,KGZ,0.028996020670282275
2025-02-05,KGZ,0.13916022520165863
2025-02-06,KGZ,0.15585863060577576
2025-02-07,KGZ,0.049368164380585645
2025-02-08,KGZ,0.057569608516779634
2025-02-09,KGZ,0.03596906880197218
2025-02-10,KGZ,0.015157383563531279
2025-02-11,KGZ,0.009947256034248744
2025-02-12,KGZ,0.01459263188152773
2025-02-13,KGZ,0.03350938833640758
2025-02-14,KGZ,0.07810302636286558
2025-02-15,KGZ,0.026520566046963796
2025-02-16,KGZ,0.12092164031081304
2025-02-17,KGZ,0.041699165508307635
2025-02-18,KGZ,0.01228478471499908
2025-02-19,KGZ,0.02468641430882065
2025-02-20,KGZ,0.1267803658081083
2025-02-21,KGZ,0.049569609970813666
2025-02-22,KGZ,0.07561447478469562
2025-02-23,KGZ,0.07745407372365694
2025-02-24,KGZ,0.06949140822334741
2025-02-25,KGZ,0.09010986308828757
2025-02-26,KGZ,0.0871828780256735
2025-02-27,KGZ,0.06920514406331243
2025-02-28,KGZ,0.08061625611534215
2025-03-01,KGZ,0.18480403395382658
2025-03-02,KGZ,0.07321289965087552
2025-03-03,KGZ,0.07407376026951207
2025-03-04,KGZ,0.05516818155267453
2025-03-05,KGZ,0.06512786906473468
2025-03-06,KGZ,0.12831990994578618
2025-03-07,KGZ,0.09297745552954631
2025-03-08,KGZ,0.01033195757387695
2025-03-09,KGZ,0.007443969403110265
2025-03-10,KGZ,0.00841948628546704
2025-03-11,KGZ,0.013474462862680338
2025-03-12,KGZ,0.009573921456356322
2025-03-13,KGZ,0.020061239216149784
2025-03-14,KGZ,0.00896015230240079
2025-03-15,KGZ,0.09646428477853235
2025-03-16,KGZ,0.0506819342061831
2025-03-17,KGZ,0.07488572660639013
2025-03-18,KGZ,0.07068863033804616
2025-03-19,KGZ,0.06345587241002712
2025-03-20,KGZ,0.02964021694113692
2025-03-21,KGZ,0.03186994532057308
2025-03-22,KGZ,0.02829168754884991
2025-03-23,KGZ,0.03347174040602371
2025-03-24,KGZ,0.026107273248811617
2025-03-25,KGZ,0.14496820665617038
2025-03-26,KGZ,0.06545929841676909
2025-03-27,KGZ,0.007853858014889087
2025-03-28,KGZ,0.007924223256375654
2024-07-01,ARM,0.10014113463360155
2024-07-02,ARM,0.06874311986535853
2024-07-03,ARM,0.0736830991443297
2024-07-04,ARM,0.0619375605353309
2024-07-05,ARM,0.09111294182791119
2024-07-06,ARM,0.062282508984958136
2024-07-07,ARM,0.08665413657458694
2024-07-08,ARM,0.08392127927840347
2024-07-09,ARM,0.09229011115874228
2024-07-10,ARM,0.0731860726511967
2024-07-11,ARM,0.07414280107581502
2024-07-12,ARM,0.058205032434879136
2024-07-13,ARM,0.0629406177597154
2024-07-14,ARM,0.08777420207336205
2024-07-15,ARM,0.1002453023793681
2024-07-16,ARM,0.06993440519822203
2024-07-17,ARM,0.0479374957552491
2024-07-18,ARM,0.047430963373137944
2024-07-19,ARM,0.07228058784584847
2024-07-20,ARM,0.14738200045551886
2024-07-21,ARM,0.09362147658236755
2024-07-22,ARM,0.18214396525106574
2024-07-23,ARM,0.14403930754325778
2024-07-24,ARM,0.14955737751022805
2024-07-25,ARM,0.10501590185475412
2024-07-26,ARM,0.10460384232016016
2024-07-27,ARM,0.09375526921905557
2024-07-28,ARM,0.10480399988779733
2024-07-29,ARM,0.1443170363770639
2024-07-30,ARM,0.10658662177093796
2024-07-31,ARM,0.019032078015438745
2024-08-01,ARM,0.06209182590941449
2024-08-02,ARM,0.020708459509074115
2024-08-03,ARM,0.019073023777152403
2024-08-04,ARM,0.020462213953651033
2024-08-05,ARM,0.02399179882716462
2024-08-06,ARM,0.017927655848055526
2024-08-07,ARM,0.07275232882505812
2024-08-08,ARM,0.08704366925212818
2024-08-09,ARM,0.08903530872704772
2024-08-10,ARM,0.13993099822365543
2024-08-11,ARM,0.13942010959717402
2024-08-12,ARM,0.0972568966127871
2024-08-13,ARM,0.0624597570369324
2024-08-14,ARM,0.09569935536689603
2024-08-15,ARM,0.11105159048558648
2024-08-16,ARM,0.06415691732822437
2024-08-17,ARM,0.08623144179563554
2024-08-18,ARM,0.09610658469934559
2024-08-19,ARM,0.08958680110892442
2024-08-20,ARM,0.09454819051952988
2024-08-21,ARM,0.08024126754614361
2024-08-22,ARM,0.07079923983701823
2024-08-23,ARM,0.06397765990127781
2024-08-24,ARM,0.07532815808862753
2024-08-25,ARM,0.16912385684018316
2024-08-26,ARM,0.09060609916261038
2024-08-27,ARM,0.05901481966660415
2024-08-28,ARM,0.08314679644837303
2024-08-29,ARM,0.09065819850551311
2024-08-30,ARM,0.08203482477316094
2024-08-31,ARM,0.0956251411159773
2024-09-01,ARM,0.10131056228756448
2024-09-02,ARM,0.09638112060452564
2024-09-03,ARM,0.08056357126397978
2024-09-04,ARM,0.0637902165854763
2024-09-05,ARM,0.10004793877170048
2024-09-06,ARM,0.08105415170215952
2024-09-07,ARM,0.10799520749814019
2024-09-08,ARM,0.16006244386675783
2024-09-09,ARM,0.16933087042582376
2024-09-10,ARM,0.0824695894197355
2024-09-11,ARM,0.09626085986339751
2024-09-12,ARM,0.0745385575523066
2024-09-13,ARM,0.06423614937971808
2024-09-14,ARM,0.0770761367871141
2024-09-15,ARM,0.10446600392017137
2024-09-16,ARM,0.12260023308473042
2024-09-17,ARM,0.09305720947802808
2024-09-18,ARM,0.08316734907198615
2024-09-19,ARM,0.06762427136012512
2024-09-20,ARM,0.06721595705549469
2024-09-21,ARM,0.16659480130111956
2024-09-22,ARM,0.13192935538429781
2024-09-23,ARM,0.09132968549211938
2024-09-24,ARM,0.084839949170068
2024-09-25,ARM,0.09406773185879745
2024-09-26,ARM,0.08829604577058082
2024-09-27,ARM,0.08209381926958824
2024-09-28,ARM,0.11724341764547284
2024-09-29,ARM,0.10429355253628671
2024-09-30,ARM,0.0845111834220921
2024-10-01,ARM,0.06027348155905068
2024-10-02,ARM,0.0840985750658273
2024-10-03,ARM,0.1020296598436819
2024-10-04,ARM,0.06340512326631695
2024-10-05,ARM,0.06806126211825848
2024-10-06,ARM,0.06809837670424916
2024-10-07,ARM,0.060411416556838016
2024-10-08,ARM,0.07281305182157054
2024-10-09,ARM,0.04026563680639952
2024-10-10,ARM,0.13643019369396747
2024-10-11,ARM,0.06019296268855382
2024-10-12,ARM,0.08998416936483881
2024-10-13,ARM,0.16686611728219813
2024-10-14,ARM,0.05236774956939259
2024-10-15,ARM,0.07101545086621967
2024-10-16,ARM,0.08791153870346544
2024-10-17,ARM,0.07897670524335032
2024-10-18,ARM,0.12799086178529878
2024-10-19,ARM,0.09217980082511337
2024-10-20,ARM,0.09694987301985666
2024-10-21,ARM,0.11005657440427874
2024-10-22,ARM,0.07031613343754163
2024-10-23,ARM,0.09636994241561934
2024-10-24,ARM,0.0867014751861181
2024-10-25,ARM,0.06544996739292765
2024-10-26,ARM,0.14213814561664398
2024-10-27,ARM,0.14622697390374456
2024-10-28,ARM,0.06302207212792449
2024-10-29,ARM,0.09815125365531775
2024-10-30,ARM,0.09842783811843744
2024-10-31,ARM,0.08309706324905493
2024-11-01,ARM,0.05688907252995387
2024-11-02,ARM,0.1160814864065872
2024-11-03,ARM,0.12004483512144119
2024-11-04,ARM,0.12023237427898444
2024-11-05,ARM,0.13955435066924168
2024-11-06,ARM,0.09889335231058234
2024-11-07,ARM,0.08165765001773213
2024-11-08,ARM,0.12163880037345087
2024-11-09,ARM,0.1231507206949451
2024-11-10,ARM,0.12428574553060663
2024-11-11,ARM,0.10203005972638612
2024-11-12,ARM,0.08137679780788183
2024-11-13,ARM,0.06619216030091912
2024-11-14,ARM,0.06018444664597561
2024-11-15,ARM,0.10334399944122216
2024-11-16,ARM,0.05341652462498878
2024-11-17,ARM,0.10919249992701183
2024-11-18,ARM,0.14630383858412355
2024-11-19,ARM,0.04878754634704838
2024-11-20,ARM,0.07365157201573762
2024-11-21,ARM,0.06197810268895821
2024-11-22,ARM,0.06085208716211855
2024-11-23,ARM,0.07962544289746279
2024-11-24,ARM,0.09175643296269172
2024-11-25,ARM,0.09379640242823703
2024-11-26,ARM,0.09390901277046981
2024-11-27,ARM,0.10497293438625743
2024-11-28,ARM,0.16043051270785053
2024-11-29,ARM,0.08980769442759834
2024-11-30,ARM,0.06733038600563072
2024-12-01,ARM,0.0916735201944838
2024-12-02,ARM,0.128136653847268
2024-12-03,ARM,0.06253046216488223
2024-12-04,ARM,0.05987151355985691
2024-12-05,ARM,0.06506002581673515
2024-12-06,ARM,0.09438050203084614
2024-12-07,ARM,0.08363982221558797
2024-12-08,ARM,0.08785498713428186
2024-12-09,ARM,0.09982531915731924
2024-12-10,ARM,0.05852005609800622
2024-12-11,ARM,0.11299280307833395
2024-12-12,ARM,0.08333566546730076
2024-12-13,ARM,0.10378181389443558
2024-12-14,ARM,0.0724966891403949
2024-12-15,ARM,0.09886049140234626
2024-12-16,ARM,0.08550379949902193
2024-12-17,ARM,0.1008269442185956
2024-12-18,ARM,0.08446881095544319
2024-12-19,ARM,0.07456283961012358
2024-12-20,ARM,0.03627049020666636
2024-12-21,ARM,0.06880842437744851
2024-12-22,ARM,0.10237631942896949
2024-12-23,ARM,0.09058315675067236
2024-12-24,ARM,0.056990503099375305
2024-12-25,ARM,0.07970921341538802
2024-12-26,ARM,0.06095204897942087
2024-12-27,ARM,0.06052607006728407
2024-12-28,ARM,0.11027127068228883
2024-12-29,ARM,0.06971013384485465
2024-12-30,ARM,0.09320893652374636
2024-12-31,ARM,0.09434215939709516
2025-01-01,ARM,0.04880815377674785
2025-01-02,ARM,0.05679179900270203
2025-01-03,ARM,0.06385712424961261
2025-01-04,ARM,0.08669709527449079
2025-01-05,ARM,0.04933123581298792
2025-01-06,ARM,0.07035202824971623
2025-01-07,ARM,0.0664669622118143
2025-01-08,ARM,0.07757935816436354
2025-01-09,ARM,0.09804273274965056
2025-01-10,ARM,0.09171264894539344
2025-01-11,ARM,0.0716321199913065
2025-01-12,ARM,0.06140754924802149
2025-01-13,ARM,0.0782194625505772
2025-01-14,ARM,0.15459212218104068
2025-01-15,ARM,0.0948947505367048
2025-01-16,ARM,0.03695200500660903
2025-01-17,ARM,0.0648690036951322
2025-01-18,ARM,0.08249537559810939
2025-01-19,ARM,0.09078230848687531
2025-01-20,ARM,0.08234032810420397
2025-01-21,ARM,0.0708486677223096
2025-01-22,ARM,0.074823167678636
2025-01-23,ARM,0.09508441623902951
2025-01-24,ARM,0.06070391038275992
2025-01-25,ARM,0.043466306468402854
2025-01-26,ARM,0.17418078000950937
2025-01-27,ARM,0.07389395957297566
2025-01-28,ARM,0.04885350486372467
2025-01-29,ARM,0.05049576226436602
2025-01-30,ARM,0.04855371683355806
2025-01-31,ARM,0.06299551509719271
2025-02-01,ARM,0.08275026883021958
2025-02-02,ARM,0.08581123724473858
2025-02-03,ARM,0.10371472965162307
2025-02-04,ARM,0.07439103612076903
2025-02-05,ARM,0.10437665311912529
2025-02-06,ARM,0.09367449003764135
2025-02-07,ARM,0.09246022752465426
2025-02-08,ARM,0.08554047774059975
2025-02-09,ARM,0.07832144777272519
2025-02-10,ARM,0.060038658560998
2025-02-11,ARM,0.07808373706292904
2025-02-12,ARM,0.10041020531048321
2025-02-13,ARM,0.06824462911748244
2025-02-14,ARM,0.0648922541685431
2025-02-15,ARM,0.07968140226035346
2025-02-16,ARM,0.08711692161357668
2025-02-17,ARM,0.0865066911086843
2025-02-18,ARM,0.08212520648876274
2025-02-19,ARM,0.08569876192576543
2025-02-20,ARM,0.08578846625181247
2025-02-21,ARM,0.060642968218340525
2025-02-22,ARM,0.0990170128229373
2025-02-23,ARM,0.07645283143917328
2025-02-24,ARM,0.08211376506074951
2025-02-25,ARM,0.09808763416172676
2025-02-26,ARM,0.11045695109829713
2025-02-27,ARM,0.07187105043390465
2025-02-28,ARM,0.05487651049838727
2025-03-01,ARM,0.07087104050292058
2025-03-02,ARM,0.08405808440996436
2025-03-03,ARM,0.08705189062958579
2025-03-04,ARM,0.08372192610246754
2025-03-05,ARM,0.06654732358725338
2025-03-06,ARM,0.07256932969087826
2025-03-07,ARM,0.06781730112139561
2025-03-08,ARM,0.09000063714882507
2025-03-09,ARM,0.11916540201643762
2025-03-10,ARM,0.08672586435454302
2025-03-11,ARM,0.07075256454887989
2025-03-12,ARM,0.028629612845720298
2025-03-13,ARM,0.031410650203137075
2025-03-14,ARM,0.02925930875816772
2025-03-15,ARM,0.09357167514912705
2025-03-16,ARM,0.18692575581952986
2025-03-17,ARM,0.1695793899914055
2025-03-18,ARM,0.17237902300721314
2025-03-19,ARM,0.09584468400445134
2025-03-20,ARM,0.10898229740145231
2025-03-21,ARM,0.12186229947527988
2025-03-22,ARM,0.10582111893225724
2025-03-23,ARM,0.04697158392031663
2025-03-24,ARM,0.04470458353059556
2025-03-25,ARM,0.03388007144702472
2025-03-26,ARM,0.030634909906253043
2025-03-27,ARM,0.04798620812664875
2025-03-28,ARM,0.024051677181498046
2024-07-01,AZE,0.07824298217848578
2024-07-02,AZE,0.008649610545473047
2024-07-03,AZE,0.012207973997888118
2024-07-04,AZE,0.007455160563721611
2024-07-05,AZE,0.06734557989827296
2024-07-06,AZE,0.10520898184022343
2024-07-07,AZE,0.12262430756338517
2024-07-08,AZE,0.0882458341846454
2024-07-09,AZE,0.09783955906113045
2024-07-10,AZE,0.13042065598019117
2024-07-11,AZE,0.07654249211851141
2024-07-12,AZE,0.1470883778256968
2024-07-13,AZE,0.1328762452193487
2024-07-14,AZE,0.1332687197298758
2024-07-15,AZE,0.13638665140431408
2024-07-16,AZE,0.059650971609818304
2024-07-17,AZE,0.06574678113410035
2024-07-18,AZE,0.0622191992183095
2024-07-19,AZE,0.08289515218943963
2024-07-20,AZE,0.1075486366691753
2024-07-21,AZE,0.12366042970640317
2024-07-22,AZE,0.10258369521155344
2024-07-23,AZE,0.09218813612096897
2024-07-24,AZE,0.10201001392192938
2024-07-25,AZE,0.10763943566192058
2024-07-26,AZE,0.042424181262442254
2024-07-27,AZE,0.08165050573341523
2024-07-28,AZE,0.1110378437100977
2024-07-29,AZE,0.06878973917256193
2024-07-30,AZE,0.03697203914838551
2024-07-31,AZE,0.038166467275590976
2024-08-01,AZE,0.03707082506075562
2024-08-02,AZE,0.050597507061007095
2024-08-03,AZE,0.0978192050783632
2024-08-04,AZE,0.09687590850832348
2024-08-05,AZE,0.1213376146793166
2024-08-06,AZE,0.08416745501332938
2024-08-07,AZE,0.0822720467984553
2024-08-08,AZE,0.08393728952729483
2024-08-09,AZE,0.0754835563396953
2024-08-10,AZE,0.08396674854607701
2024-08-11,AZE,0.16719362326513523
2024-08-12,AZE,0.06295236324103837
2024-08-13,AZE,0.07218773376129763
2024-08-14,AZE,0.0687223115033347
2024-08-15,AZE,0.10121300680372258
2024-08-16,AZE,0.05225559020656014
2024-08-17,AZE,0.17337005256522148
2024-08-18,AZE,0.08743529446404594
2024-08-19,AZE,0.16219723563736643
2024-08-20,AZE,0.12899707119133222
2024-08-21,AZE,0.12283930439368193
2024-08-22,AZE,0.04947576824477441
2024-08-23,AZE,0.07763921142521875
2024-08-24,AZE,0.09371429053818862
2024-08-25,AZE,0.12648548643663451
2024-08-26,AZE,0.0696874482329325
2024-08-27,AZE,0.05576339263425807
2024-08-28,AZE,0.06040205653071097
2024-08-29,AZE,0.06686624516918774
2024-08-30,AZE,0.07255974897484031
2024-08-31,AZE,0.07258739836300308
2024-09-01,AZE,0.09227250489095258
2024-09-02,AZE,0.07652128617674468
2024-09-03,AZE,0.0838337306389475
2024-09-04,AZE,0.0680305230447085
2024-09-05,AZE,0.06895605574732758
2024-09-06,AZE,0.09558425705026975
2024-09-07,AZE,0.090097574242513
2024-09-08,AZE,0.1279842110513087
2024-09-09,AZE,0.12308010066329843
2024-09-10,AZE,0.09729135884418619
2024-09-11,AZE,0.10992270032125588
2024-09-12,AZE,0.08326851419357652
2024-09-13,AZE,0.08187391719901799
2024-09-14,AZE,0.049297700460305495
2024-09-15,AZE,0.03616146194144488
2024-09-16,AZE,0.06889218169590193
2024-09-17,AZE,0.06365421281955648
2024-09-18,AZE,0.047476877680859925
2024-09-19,AZE,0.12011833277621228
2024-09-20,AZE,0.05704131538566262
2024-09-21,AZE,0.09139852788833297
2024-09-22,AZE,0.15022700307476625
2024-09-23,AZE,0.12981153986588156
2024-09-24,AZE,0.10028646966942589
2024-09-25,AZE,0.06509909361387059
2024-09-26,AZE,0.10618886080676689
2024-09-27,AZE,0.09357981738622421
2024-09-28,AZE,0.08562423178976458
2024-09-29,AZE,0.1050895272981729
2024-09-30,AZE,0.09614217315731394
2024-10-01,AZE,0.15499708693028585
2024-10-02,AZE,0.0964141897881163
2024-10-03,AZE,0.03548313767471097
2024-10-04,AZE,0.03768380540079489
2024-10-05,AZE,0.045425547567135086
2024-10-06,AZE,0.038235793065581586
2024-10-07,AZE,0.09889425039511293
2024-10-08,AZE,0.038005271276503286
2024-10-09,AZE,0.035133670182658325
2024-10-10,AZE,0.046267818952971856
2024-10-11,AZE,0.054635279008052866
2024-10-12,AZE,0.0935828189325207
2024-10-13,AZE,0.09403348192907952
2024-10-14,AZE,0.10474272165309022
2024-10-15,AZE,0.09717497984494437
2024-10-16,AZE,0.09067955959222286
2024-10-17,AZE,0.08797478308660935
2024-10-18,AZE,0.07074966512486758
2024-10-19,AZE,0.13049311262197608
2024-10-20,AZE,0.105533823049797
2024-10-21,AZE,0.12178739401494215
2024-10-22,AZE,0.07863962242249818
2024-10-23,AZE,0.11754088146513492
2024-10-24,AZE,0.08615795879377484
2024-10-25,AZE,0.07687810805251881
2024-10-26,AZE,0.13382026130124286
2024-10-27,AZE,0.050320689443970994
2024-10-28,AZE,0.18156519537682062
2024-10-29,AZE,0.08279287084618103
2024-10-30,AZE,0.11025346601774082
2024-10-31,AZE,0.12016348021268486
2024-11-01,AZE,0.10689735143468382
2024-11-02,AZE,0.13584048457371495
2024-11-03,AZE,0.129521835462358
2024-11-04,AZE,0.13706269381050162
2024-11-05,AZE,0.11030130792789883
2024-11-06,AZE,0.123566930650791
2024-11-07,AZE,0.15135376053806124
2024-11-08,AZE,0.11863897802775807
2024-11-09,AZE,0.10153969118750684
2024-11-10,AZE,0.13570567744592132
2024-11-11,AZE,0.16358653991136982
2024-11-12,AZE,0.1551985623283437
2024-11-13,AZE,0.10343668764421708
2024-11-14,AZE,0.09723541747529188
2024-11-15,AZE,0.07748072585937914
2024-11-16,AZE,0.06888801773433592
2024-11-17,AZE,0.04340653093717256
2024-11-18,AZE,0.16406503674631723
2024-11-19,AZE,0.06398892497864493
2024-11-20,AZE,0.02573250317401055
2024-11-21,AZE,0.06507789955620628
2024-11-22,AZE,0.05283670659810444
2024-11-23,AZE,0.057364332750388894
2024-11-24,AZE,0.0479488985480111
2024-11-25,AZE,0.08446169899396179
2024-11-26,AZE,0.1024614725207193
2024-11-27,AZE,0.06568513142216524
2024-11-28,AZE,0.07145692385480208
2024-11-29,AZE,0.09046605045875189
2024-11-30,AZE,0.12015200194442634
2024-12-01,AZE,0.09998107388256364
2024-12-02,AZE,0.07973886548353747
2024-12-03,AZE,0.0947525323216024
2024-12-04,AZE,0.09126248996339485
2024-12-05,AZE,0.1225406246942245
2024-12-06,AZE,0.12505960162827565
2024-12-07,AZE,0.07371498664740025
2024-12-08,AZE,0.11205944585454079
2024-12-09,AZE,0.17725071779127732
2024-12-10,AZE,0.10919662199497464
2024-12-11,AZE,0.08341795627294493
2024-12-12,AZE,0.11053898490120476
2024-12-13,AZE,0.06055230342915048
2024-12-14,AZE,0.1045907227839836
2024-12-15,AZE,0.16880659642363596
2024-12-16,AZE,0.1292443448660059
2024-12-17,AZE,0.08186553531464656
2024-12-18,AZE,0.08540837982598518
2024-12-19,AZE,0.15333919381217243
2024-12-20,AZE,0.06855646762871057
2024-12-21,AZE,0.10439727726165413
2024-12-22,AZE,0.15676671412060222
2024-12-23,AZE,0.1265831045094157
2024-12-24,AZE,0.13549719882252656
2024-12-25,AZE,0.18637737315167782
2024-12-26,AZE,0.1869405078442789
2024-12-27,AZE,0.1798870248809845
2024-12-28,AZE,0.17134578447250995
2024-12-29,AZE,0.09830023939034199
2024-12-30,AZE,0.03326713644417527
2024-12-31,AZE,0.06443860392368546
2025-01-01,AZE,0.10719603457204496
2025-01-02,AZE,0.09204229911233588
2025-01-03,AZE,0.04752474632577226
2025-01-04,AZE,0.11472837240702358
2025-01-05,AZE,0.10590895979654806
2025-01-06,AZE,0.1617328536099837
2025-01-07,AZE,0.052897247560472344
2025-01-08,AZE,0.09043294904324731
2025-01-09,AZE,0.09545628862974007
2025-01-10,AZE,0.13350637414289457
2025-01-11,AZE,0.060259767541836685
2025-01-12,AZE,0.023683964852276255
2025-01-13,AZE,0.10165987885902349
2025-01-14,AZE,0.047182413127574194
2025-01-15,AZE,0.04140947465063487
2025-01-16,AZE,0.052773994371652935
2025-01-17,AZE,0.0931056060729387
2025-01-18,AZE,0.076373757793787
2025-01-19,AZE,0.11685491699961095
2025-01-20,AZE,0.12271432966463428
2025-01-21,AZE,0.15763955650105616
2025-01-22,AZE,0.11294599827518348
2025-01-23,AZE,0.06940406701199149
2025-01-24,AZE,0.0811786122451929
2025-01-25,AZE,0.13758546899014676
2025-01-26,AZE,0.08587309561606135
2025-01-27,AZE,0.10031309382278071
2025-01-28,AZE,0.06532287008401472
2025-01-29,AZE,0.10001399032456411
2025-01-30,AZE,0.07609129541725407
2025-01-31,AZE,0.07336764473187364
2025-02-01,AZE,0.12413742071918853
2025-02-02,AZE,0.09797663389939254
2025-02-03,AZE,0.08664504399629333
2025-02-04,AZE,0.05635066892637602
2025-02-05,AZE,0.1091126051464165
2025-02-06,AZE,0.1589193998490728
2025-02-07,AZE,0.004667239719172422
2025-02-08,AZE,0.004692694341749778
2025-02-09,AZE,0.005841434133028014
2025-02-10,AZE,0.005012324499062801
2025-02-11,AZE,0.004140566714713897
2025-02-12,AZE,0.004358347272722595
2025-02-13,AZE,0.004194063490535344
2025-02-14,AZE,0.09420193551939221
2025-02-15,AZE,0.06411744042816293
2025-02-16,AZE,0.07866384116462533
2025-02-17,AZE,0.07804664133294716
2025-02-18,AZE,0.1305792957692263
2025-02-19,AZE,0.0735917814142692
2025-02-20,AZE,0.12199020502704731
2025-02-21,AZE,0.04888380273003512
2025-02-22,AZE,0.16778428726684955
2025-02-23,AZE,0.1778774535617218
2025-02-24,AZE,0.08590217053500111
2025-02-25,AZE,0.11021066127615611
2025-02-26,AZE,0.12086205265991345
2025-02-27,AZE,0.09216602457244993
2025-02-28,AZE,0.11185285561896749
2025-03-01,AZE,0.10733130027570267
2025-03-02,AZE,0.12405492312942751
2025-03-03,AZE,0.14536518221401226
2025-03-04,AZE,0.08484059561310446
2025-03-05,AZE,0.10406079318682301
2025-03-06,AZE,0.06726629523351253
2025-03-07,AZE,0.08689516735200638
2025-03-08,AZE,0.09129322448123145
2025-03-09,AZE,0.07289046656336795
2025-03-10,AZE,0.06490428229457894
2025-03-11,AZE,0.0637873165191709
2025-03-12,AZE,0.030745438432696517
2025-03-13,AZE,0.03311567178270166
2025-03-14,AZE,0.049974438064509845
2025-03-15,AZE,0.040410267844852535
2025-03-16,AZE,0.04171012463263151
2025-03-17,AZE,0.04278063367756361
2025-03-18,AZE,0.03618247024304227
2025-03-19,AZE,0.07126600024697055
2025-03-20,AZE,0.06266967894997463
2025-03-21,AZE,0.05451697038061997
2025-03-22,AZE,0.04209865949581759
2025-03-23,AZE,0.04280839682127442
2025-03-24,AZE,0.04768525577780591
2025-03-25,AZE,0.04492928965764395
2025-03-26,AZE,0.04213584539091713
2025-03-27,AZE,0.03747260410222302
2025-03-28,AZE,0.03579244777084013
2024-07-01,HTI,0.16335412862064186
2024-07-02,HTI,0.0638755838348739
2024-07-03,HTI,0.09822416040840831
2024-07-04,HTI,0.16607767337091697
2024-07-05,HTI,0.09969195096437283
2024-07-06,HTI,0.17174192088867846
2024-07-07,HTI,0.0045468446209046935
2024-07-08,HTI,0.004464804804088583
2024-07-09,HTI,0.004383514806931109
2024-07-10,HTI,0.005004861614460105
2024-07-11,HTI,0.005376739654286798
2024-07-12,HTI,0.003958845661023834
2024-07-13,HTI,0.0042848491080272845
2024-07-14,HTI,0.11956216050053492
2024-07-15,HTI,0.19573678925498794
2024-07-16,HTI,0.1383724833245929
2024-07-17,HTI,0.15706995685107072
2024-07-18,HTI,0.026900913465167375
2024-07-19,HTI,0.09014592694046256
2024-07-20,HTI,0.04320035079151676
2024-07-21,HTI,0.1764788499440904
2024-07-22,HTI,0.005585577279766791
2024-07-23,HTI,0.005795591309436323
2024-07-24,HTI,0.009452022002278532
2024-07-25,HTI,0.00766281738334867
2024-07-26,HTI,0.004210217890216233
2024-07-27,HTI,0.004992048909609199
2024-07-28,HTI,0.0375561520463287
2024-07-29,HTI,0.040547838931545996
2024-07-30,HTI,0.009307286797676477
2024-07-31,HTI,0.01217113996758339
2024-08-01,HTI,0.02743180720894451
2024-08-02,HTI,0.008440614016573702
2024-08-03,HTI,0.005186719832121932
2024-08-04,HTI,0.004814687499690067
2024-08-05,HTI,0.004634678594529776
2024-08-06,HTI,0.01368279307680962
2024-08-07,HTI,0.007661512434057389
2024-08-08,HTI,0.00898620145645508
2024-08-09,HTI,0.008613666839495363
2024-08-10,HTI,0.018156011797320296
2024-08-11,HTI,0.15589314900276532
2024-08-12,HTI,0.031079921249200244
2024-08-13,HTI,0.019095579455544957
2024-08-14,HTI,0.02006577269923693
2024-08-15,HTI,0.18185902495184122
2024-08-16,HTI,0.02806472939493959
2024-08-17,HTI,0.009644534663553304
2024-08-18,HTI,0.009206514248398011
2024-08-19,HTI,0.028735166870821994
2024-08-20,HTI,0.0049884578740175935
2024-08-21,HTI,0.005105257565401965
2024-08-22,HTI,0.004034061095711637
2024-08-23,HTI,0.004252123747385976
2024-08-24,HTI,0.009529972385629337
2024-08-25,HTI,0.034304932076058024
2024-08-26,HTI,0.0041951521910819235
2024-08-27,HTI,0.03205749520462637
2024-08-28,HTI,0.0069514043990143316
2024-08-29,HTI,0.06227444922498897
2024-08-30,HTI,0.058184436459437446
2024-08-31,HTI,0.10311748526574754
2024-09-01,HTI,0.0877488427456948
2024-09-02,HTI,0.026605517114570102
2024-09-03,HTI,0.028666420920698692
2024-09-04,HTI,0.006488944413457834
2024-09-05,HTI,0.011667730794846587
2024-09-06,HTI,0.013056072901334547
2024-09-07,HTI,0.01031394165629616
2024-09-08,HTI,0.00741465455608688
2024-09-09,HTI,0.015223920380354028
2024-09-10,HTI,0.012311739690886624
2024-09-11,HTI,0.013638681891179503
2024-09-12,HTI,0.08060498962639386
2024-09-13,HTI,0.05214161849464902
2024-09-14,HTI,0.013292452126924904
2024-09-15,HTI,0.008564860612206389
2024-09-16,HTI,0.0052183561041675595
2024-09-17,HTI,0.006023946171953676
2024-09-18,HTI,0.006564199216416679
2024-09-19,HTI,0.006508101148536111
2024-09-20,HTI,0.00583993358968652
2024-09-21,HTI,0.04954866939444239
2024-09-22,HTI,0.08531159400626612
2024-09-23,HTI,0.05954518448224292
2024-09-24,HTI,0.011694257361642854
2024-09-25,HTI,0.0173583187598164
2024-09-26,HTI,0.0688452080304414
2024-09-27,HTI,0.048248285780054495
2024-09-28,HTI,0.008098772660855095
2024-09-29,HTI,0.018444037974768752
2024-09-30,HTI,0.01420571073512524
2024-10-01,HTI,0.0059569373747447585
2024-10-02,HTI,0.004681868864120389
2024-10-03,HTI,0.1914780627083075
2024-10-04,HTI,0.009699845810961723
2024-10-05,HTI,0.007531691501221857
2024-10-06,HTI,0.00884196119524915
2024-10-07,HTI,0.013856554495279524
2024-10-08,HTI,0.12350133796386277
2024-10-09,HTI,0.011159176678986379
2024-10-10,HTI,0.003964682541371076
2024-10-11,HTI,0.0036230077774281164
2024-10-12,HTI,0.004595986457616701
2024-10-13,HTI,0.0036520703558779537
2024-10-14,HTI,0.004605170452235113
2024-10-15,HTI,0.003638399874457533
2024-10-16,HTI,0.0036110367342301244
2024-10-17,HTI,0.019850679573950862
2024-10-18,HTI,0.006149964901649751
2024-10-19,HTI,0.009655420736115073
2024-10-20,HTI,0.01114417873033847
2024-10-21,HTI,0.019052467807438023
2024-10-22,HTI,0.05573647283341827
2024-10-23,HTI,0.011786005284419372
2024-10-24,HTI,0.12609612756371796
2024-10-25,HTI,0.04028303482043457
2024-10-26,HTI,0.02468004846836478
2024-10-27,HTI,0.0116423150156965
2024-10-28,HTI,0.0081043628888668
2024-10-29,HTI,0.01363117022511234
2024-10-30,HTI,0.005193149180582548
2024-10-31,HTI,0.005481689788669754
2024-11-01,HTI,0.004375169951908562
2024-11-02,HTI,0.0063073994269020085
2024-11-03,HTI,0.00507851655044329
2024-11-04,HTI,0.014361087183334564
2024-11-05,HTI,0.010242347433214342
2024-11-06,HTI,0.09260506814483745
2024-11-07,HTI,0.058273358809959035
2024-11-08,HTI,0.091265436695217
2024-11-09,HTI,0.017432372933779503
2024-11-10,HTI,0.02209653539338477
2024-11-11,HTI,0.1845218276335774
2024-11-12,HTI,0.20253452726926618
2024-11-13,HTI,0.17743571742782363
2024-11-14,HTI,0.1902346354978909
2024-11-15,HTI,0.17839354745855404
2024-11-16,HTI,0.16571621177465837
2024-11-17,HTI,0.1727098712226187
2024-11-18,HTI,0.12477231040999344
2024-11-19,HTI,0.16763497663849586
2024-11-20,HTI,0.01360971287180123
2024-11-21,HTI,0.01683504273968319
2024-11-22,HTI,0.01634776955889766
2024-11-23,HTI,0.012119141450076105
2024-11-24,HTI,0.011041386037920922
2024-11-25,HTI,0.011759522603571307
2024-11-26,HTI,0.0061338132516502745
2024-11-27,HTI,0.005321481220944754
2024-11-28,HTI,0.00508981646970875
2024-11-29,HTI,0.0057099325959776865
2024-11-30,HTI,0.03239087602595453
2024-12-01,HTI,0.007015383451248583
2024-12-02,HTI,0.02493617516935236
2024-12-03,HTI,0.01042524226222784
2024-12-04,HTI,0.04148847915273072
2024-12-05,HTI,0.04042470897113806
2024-12-06,HTI,0.20042961250735045
2024-12-07,HTI,0.1835953882337121
2024-12-08,HTI,0.18396060241878232
2024-12-09,HTI,0.15761721907545803
2024-12-10,HTI,0.18117690163257397
2024-12-11,HTI,0.09307823910564068
2024-12-12,HTI,0.03934915163065043
2024-12-13,HTI,0.005186588143505372
2024-12-14,HTI,0.004512548155068515
2024-12-15,HTI,0.006726373543036038
2024-12-16,HTI,0.00410057394997451
2024-12-17,HTI,0.004199923547156255
2024-12-18,HTI,0.004135742019438052
2024-12-19,HTI,0.004008135067876113
2024-12-20,HTI,0.0038779959698018803
2024-12-21,HTI,0.019494589478331596
2024-12-22,HTI,0.004646727048541447
2024-12-23,HTI,0.004001471748007643
2024-12-24,HTI,0.016044805915588278
2024-12-25,HTI,0.029573990575327343
2024-12-26,HTI,0.028887543629485857
2024-12-27,HTI,0.03460815475074416
2024-12-28,HTI,0.0036752794558125744
2024-12-29,HTI,0.004322422008912547
2024-12-30,HTI,0.003716049625707365
2024-12-31,HTI,0.005127085669996606
2025-01-01,HTI,0.004795406831491031
2025-01-02,HTI,0.004725343844740285
2025-01-03,HTI,0.004804152200275575
2025-01-04,HTI,0.16967425675739536
2025-01-05,HTI,0.030765548845155772
2025-01-06,HTI,0.17929759223477965
2025-01-07,HTI,0.082897827101281
2025-01-08,HTI,0.01177622423323268
2025-01-09,HTI,0.07841344685792878
2025-01-10,HTI,0.050108697956648816
2025-01-11,HTI,0.056953613195681256
2025-01-12,HTI,0.019075374896570033
2025-01-13,HTI,0.027371551620829365
2025-01-14,HTI,0.019818899412880737
2025-01-15,HTI,0.029174207127048726
2025-01-16,HTI,0.009241275873711019
2025-01-17,HTI,0.02287662442577788
2025-01-18,HTI,0.08118403592774608
2025-01-19,HTI,0.02232066084096772
2025-01-20,HTI,0.008867072219155458
2025-01-21,HTI,0.01793330142186462
2025-01-22,HTI,0.005821256702266545
2025-01-23,HTI,0.01809377004839146
2025-01-24,HTI,0.023769868471765012
2025-01-25,HTI,0.006668726711340934
2025-01-26,HTI,0.007118051464043043
2025-01-27,HTI,0.18077084263830392
2025-01-28,HTI,0.18519353555169488
2025-01-29,HTI,0.11969861801047837
2025-01-30,HTI,0.07477237223279128
2025-01-31,HTI,0.14919001040824895
2025-02-01,HTI,0.12283178842330869
2025-02-02,HTI,0.1826268051882539
2025-02-03,HTI,0.0052545566809291755
2025-02-04,HTI,0.06860384396542839
2025-02-05,HTI,0.00809976352858093
2025-02-06,HTI,0.00548504114503905
2025-02-07,HTI,0.005314669050081731
2025-02-08,HTI,0.006028959551135425
2025-02-09,HTI,0.015430871925340562
2025-02-10,HTI,0.12316052474307844
2025-02-11,HTI,0.07327177273648547
2025-02-12,HTI,0.07514749029967331
2025-02-13,HTI,0.08877416785488747
2025-02-14,HTI,0.157809537219164
2025-02-15,HTI,0.06910871929078534
2025-02-16,HTI,0.17812801224753644
2025-02-17,HTI,0.0331328925322813
2025-02-18,HTI,0.0507113196512384
2025-02-19,HTI,0.014299520697576605
2025-02-20,HTI,0.1394127190284774
2025-02-21,HTI,0.024434190809601547
2025-02-22,HTI,0.01298382538711749
2025-02-23,HTI,0.013463208505746194
2025-02-24,HTI,0.12089530957871683
2025-02-25,HTI,0.013451921794612538
2025-02-26,HTI,0.00843922396751651
2025-02-27,HTI,0.0076714045727546195
2025-02-28,HTI,0.01309560434580097
2025-03-01,HTI,0.0073320719868881735
2025-03-02,HTI,0.1872965086600357
2025-03-03,HTI,0.007370967083286204
2025-03-04,HTI,0.006622552118887558
2025-03-05,HTI,0.00943360314647249
2025-03-06,HTI,0.005738797781451138
2025-03-07,HTI,0.15712954812629812
2025-03-08,HTI,0.018577050725870778
2025-03-09,HTI,0.01681535851173191
2025-03-10,HTI,0.006425737128240906
2025-03-11,HTI,0.007689774967397149
2025-03-12,HTI,0.07646567055186218
2025-03-13,HTI,0.050639936009720714
2025-03-14,HTI,0.012474382915260516
2025-03-15,HTI,0.0352778628652437
2025-03-16,HTI,0.12835258695223287
2025-03-17,HTI,0.01582139025761039
2025-03-18,HTI,0.07299054779853019
2025-03-19,HTI,0.17380636425868579
2025-03-20,HTI,0.035682872067508406
2025-03-21,HTI,0.012339330593297414
2025-03-22,HTI,0.053827227678042905
2025-03-23,HTI,0.16566685724707783
2025-03-24,HTI,0.12660221108763464
2025-03-25,HTI,0.05632635848113201
2025-03-26,HTI,0.10327460563676216
2025-03-27,HTI,0.016975061743681356
2025-03-28,HTI,0.014177141734227886
2024-07-01,COL,0.012286717048882718
2024-07-02,COL,0.006774021931916876
2024-07-03,COL,0.006360301889736147
2024-07-04,COL,0.008706617124173786
2024-07-05,COL,0.009925733296549027
2024-07-06,COL,0.005728270859010678
2024-07-07,COL,0.020048894168471474
2024-07-08,COL,0.012969432537526353
2024-07-09,COL,0.007077350846345018
2024-07-10,COL,0.00786989455923205
2024-07-11,COL,0.009335984107457557
2024-07-12,COL,0.006887462946809782
2024-07-13,COL,0.014836830876211612
2024-07-14,COL,0.020159275463530812
2024-07-15,COL,0.012205695034019342
2024-07-16,COL,0.025839424618904462
2024-07-17,COL,0.040315176566806145
2024-07-18,COL,0.020004166517263767
2024-07-19,COL,0.03191633967730819
2024-07-20,COL,0.014859827529981516
2024-07-21,COL,0.1167059465440728
2024-07-22,COL,0.061815314282390676
2024-07-23,COL,0.006312850463999348
2024-07-24,COL,0.01439614913024194
2024-07-25,COL,0.006986391914098174
2024-07-26,COL,0.006178948850544066
2024-07-27,COL,0.0077729253092158
2024-07-28,COL,0.006077754442372333
2024-07-29,COL,0.00749326288485341
2024-07-30,COL,0.006262726399944397
2024-07-31,COL,0.005291233099284585
2024-08-01,COL,0.006714207119531998
2024-08-02,COL,0.006140411004785126
2024-08-03,COL,0.007169400632190707
2024-08-04,COL,0.017986889108502414
2024-08-05,COL,0.011827309148958255
2024-08-06,COL,0.011113358948975038
2024-08-07,COL,0.01797174755855465
2024-08-08,COL,0.017477808408372063
2024-08-09,COL,0.012529995846707154
2024-08-10,COL,0.014865565324792902
2024-08-11,COL,0.02164088450018228
2024-08-12,COL,0.15947921369745555
2024-08-13,COL,0.07299770621471734
2024-08-14,COL,0.01762867278394101
2024-08-15,COL,0.029399655797865666
2024-08-16,COL,0.030813709302721655
2024-08-17,COL,0.01783276223492169
2024-08-18,COL,0.026520625333773983
2024-08-19,COL,0.00456207828346051
2024-08-20,COL,0.007102718985996045
2024-08-21,COL,0.007113221917760971
2024-08-22,COL,0.0073163151271172155
2024-08-23,COL,0.004465466684554567
2024-08-24,COL,0.0044711778780262305
2024-08-25,COL,0.006238827523355373
2024-08-26,COL,0.009415954598854616
2024-08-27,COL,0.015181951843650395
2024-08-28,COL,0.007611739051339266
2024-08-29,COL,0.032047732646293924
2024-08-30,COL,0.010313342939103316
2024-08-31,COL,0.0061826598975591
2024-09-01,COL,0.006747628361287766
2024-09-02,COL,0.004473644929613561
2024-09-03,COL,0.004654189247059855
2024-09-04,COL,0.004789174670343762
2024-09-05,COL,0.006315463125764683
2024-09-06,COL,0.0042792721367398935
2024-09-07,COL,0.004278304558118976
2024-09-08,COL,0.06496103776275468
2024-09-09,COL,0.0048514483930231925
2024-09-10,COL,0.022214149821242517
2024-09-11,COL,0.006045051091079465
2024-09-12,COL,0.02596069514578525
2024-09-13,COL,0.005448325633594042
2024-09-14,COL,0.010886780033672144
2024-09-15,COL,0.0069791128342424355
2024-09-16,COL,0.004621542098282041
2024-09-17,COL,0.008372147146028505
2024-09-18,COL,0.023303323011816566
2024-09-19,COL,0.005193948404324419
2024-09-20,COL,0.01034003496554059
2024-09-21,COL,0.004469011903127523
2024-09-22,COL,0.007309824510424893
2024-09-23,COL,0.040813059058796584
2024-09-24,COL,0.02928695039294001
2024-09-25,COL,0.015228394963164351
2024-09-26,COL,0.007710207541171056
2024-09-27,COL,0.006296513174464842
2024-09-28,COL,0.010503994624816578
2024-09-29,COL,0.09367636356655501
2024-09-30,COL,0.023935631209736966
2024-10-01,COL,0.048026248495332054
2024-10-02,COL,0.0286972336614626
2024-10-03,COL,0.03791371418905273
2024-10-04,COL,0.05991427081108359
2024-10-05,COL,0.04961226729278944
2024-10-06,COL,0.007476962847259629
2024-10-07,COL,0.004316193601418852
2024-10-08,COL,0.006063582294440348
2024-10-09,COL,0.005659220493646914
2024-10-10,COL,0.004317740506573399
2024-10-11,COL,0.010787725428772259
2024-10-12,COL,0.004544325580535241
2024-10-13,COL,0.011594771428322055
2024-10-14,COL,0.00795900978717744
2024-10-15,COL,0.005860757338848863
2024-10-16,COL,0.005549039931330261
2024-10-17,COL,0.005923840875526934
2024-10-18,COL,0.005953375550694526
2024-10-19,COL,0.005027550933674984
2024-10-20,COL,0.004555625650800223
2024-10-21,COL,0.00876430148703914
2024-10-22,COL,0.007385255197674898
2024-10-23,COL,0.006929123848946161
2024-10-24,COL,0.004978158852446744
2024-10-25,COL,0.01043358877526898
2024-10-26,COL,0.012898480188016953
2024-10-27,COL,0.016694205008419442
2024-10-28,COL,0.006964850632290534
2024-10-29,COL,0.0070691890714735155
2024-10-30,COL,0.00991969795949208
2024-10-31,COL,0.007995898093360035
2024-11-01,COL,0.10549055533226073
2024-11-02,COL,0.013108895563832008
2024-11-03,COL,0.005353358547591039
2024-11-04,COL,0.005701300579620485
2024-11-05,COL,0.004722380646140382
2024-11-06,COL,0.0048840586614566275
2024-11-07,COL,0.02763475876859281
2024-11-08,COL,0.010278694031273588
2024-11-09,COL,0.005063321077112087
2024-11-10,COL,0.01013813172710393
2024-11-11,COL,0.004928986916225784
2024-11-12,COL,0.00486697029676582
2024-11-13,COL,0.005431479487782825
2024-11-14,COL,0.009887575922839578
2024-11-15,COL,0.04866886493542803
2024-11-16,COL,0.022106478557238525
2024-11-17,COL,0.004725503440082787
2024-11-18,COL,0.004662379030284159
2024-11-19,COL,0.004848120523318685
2024-11-20,COL,0.018496455250263794
2024-11-21,COL,0.007267586684173445
2024-11-22,COL,0.00998532562536513
2024-11-23,COL,0.004571752004177119
2024-11-24,COL,0.004918710473118869
2024-11-25,COL,0.005212226316688769
2024-11-26,COL,0.008296523477576026
2024-11-27,COL,0.006106811883488583
2024-11-28,COL,0.00505694820254244
2024-11-29,COL,0.004595426228828553
2024-11-30,COL,0.07745284135269764
2024-12-01,COL,0.008138766245792297
2024-12-02,COL,0.005901646632488651
2024-12-03,COL,0.008961867427263103
2024-12-04,COL,0.062496006736576196
2024-12-05,COL,0.024242547590805897
2024-12-06,COL,0.0070579639790866915
2024-12-07,COL,0.005120613694849536
2024-12-08,COL,0.005742388493872747
2024-12-09,COL,0.005001358512795812
2024-12-10,COL,0.005148931010294995
2024-12-11,COL,0.005098695810424052
2024-12-12,COL,0.0056481332321276535
2024-12-13,COL,0.005030911319334537
2024-12-14,COL,0.006073593014783303
2024-12-15,COL,0.014397879933333841
2024-12-16,COL,0.007488927731828749
2024-12-17,COL,0.03107173580409255
2024-12-18,COL,0.010484611508255878
2024-12-19,COL,0.007651414732109015
2024-12-20,COL,0.007198071426039368
2024-12-21,COL,0.009776730513649695
2024-12-22,COL,0.006313497788826391
2024-12-23,COL,0.007397055536238365
2024-12-24,COL,0.005584064788888306
2024-12-25,COL,0.004682271744901107
2024-12-26,COL,0.00462642297252602
2024-12-27,COL,0.005633441153915215
2024-12-28,COL,0.004351423137505389
2024-12-29,COL,0.004338800900438981
2024-12-30,COL,0.0043320312006677264
2024-12-31,COL,0.004913736829229884
2025-01-01,COL,0.007116471846709517
2025-01-02,COL,0.01500998288881092
2025-01-03,COL,0.007302053236462463
2025-01-04,COL,0.00987208896829247
2025-01-05,COL,0.007701468154265939
2025-01-06,COL,0.01261379153095853
2025-01-07,COL,0.011065981343906097
2025-01-08,COL,0.009299112550219394
2025-01-09,COL,0.01418171516981224
2025-01-10,COL,0.009556842645425037
2025-01-11,COL,0.018120191589665345
2025-01-12,COL,0.00934389750321563
2025-01-13,COL,0.01119455301198834
2025-01-14,COL,0.012499849293373631
2025-01-15,COL,0.026410297216764207
2025-01-16,COL,0.17819911869354926
2025-01-17,COL,0.049240930929974835
2025-01-18,COL,0.16194327385239554
2025-01-19,COL,0.16303616928246362
2025-01-20,COL,0.008566525351633306
2025-01-21,COL,0.014018914985027156
2025-01-22,COL,0.011288168193987888
2025-01-23,COL,0.004382420997291205
2025-01-24,COL,0.004311782249349786
2025-01-25,COL,0.014568209176918551
2025-01-26,COL,0.005300056360502383
2025-01-27,COL,0.011037521541988875
2025-01-28,COL,0.00686420764581638
2025-01-29,COL,0.009730960299678758
2025-01-30,COL,0.017940943029116824
2025-01-31,COL,0.005430758113689648
2025-02-01,COL,0.005386528028203448
2025-02-02,COL,0.006167855161723367
2025-02-03,COL,0.05331230474290992
2025-02-04,COL,0.009969896622571665
2025-02-05,COL,0.03569385780180552
2025-02-06,COL,0.007114174205213238
2025-02-07,COL,0.008867533038186978
2025-02-08,COL,0.010013163053872136
2025-02-09,COL,0.0074446104911398475
2025-02-10,COL,0.035772827725698564
2025-02-11,COL,0.028745205438994465
2025-02-12,COL,0.008586136732137902
2025-02-13,COL,0.01171895355073619
2025-02-14,COL,0.010513781522190131
2025-02-15,COL,0.06856016254064845
2025-02-16,COL,0.07839629346430728
2025-02-17,COL,0.008753458394614954
2025-02-18,COL,0.009492948357885762
2025-02-19,COL,0.024392151814482465
2025-02-20,COL,0.09524018653829718
2025-02-21,COL,0.09523103372305339
2025-02-22,COL,0.09921547481561221
2025-02-23,COL,0.0122909711539713
2025-02-24,COL,0.01577640785903451
2025-02-25,COL,0.016722190833021813
2025-02-26,COL,0.0057619058733123256
2025-02-27,COL,0.00825273904197844
2025-02-28,COL,0.005199658990121856
2025-03-01,COL,0.029360924313780738
2025-03-02,COL,0.008172135480240681
2025-03-03,COL,0.029636914787868625
2025-03-04,COL,0.005742473009758367
2025-03-05,COL,0.00782351223603036
2025-03-06,COL,0.006449606811382387
2025-03-07,COL,0.006429004252340028
2025-03-08,COL,0.015396354526151255
2025-03-09,COL,0.07166508042238653
2025-03-10,COL,0.008490519552808478
2025-03-11,COL,0.018566854215415002
2025-03-12,COL,0.006590780415687586
2025-03-13,COL,0.004982127310998938
2025-03-14,COL,0.005425257408752461
2025-03-15,COL,0.04637702559806575
2025-03-16,COL,0.008734474254179201
2025-03-17,COL,0.005421873112154399
2025-03-18,COL,0.006416905978639713
2025-03-19,COL,0.008314643774608745
2025-03-20,COL,0.005588294179201261
2025-03-21,COL,0.0059579470266394674
2025-03-22,COL,0.007148533624804486
2025-03-23,COL,0.1175278746297032
2025-03-24,COL,0.0064126874607901615
2025-03-25,COL,0.007207682361192045
2025-03-26,COL,0.06542781116722357
2025-03-27,COL,0.007637481941603631
2025-03-28,COL,0.00616997057749978
2024-07-01,MEX,0.003870974134301332
2024-07-02,MEX,0.003911766437394294
2024-07-03,MEX,0.0038307334217426233
2024-07-04,MEX,0.003746126239545689
2024-07-05,MEX,0.003864140830791928
2024-07-06,MEX,0.003769791320034348
2024-07-07,MEX,0.004955308596559592
2024-07-08,MEX,0.0038304632216729
2024-07-09,MEX,0.0038796306403926836
2024-07-10,MEX,0.0042123284900322565
2024-07-11,MEX,0.006253701113465908
2024-07-12,MEX,0.0040604272447316925
2024-07-13,MEX,0.0041355149161847295
2024-07-14,MEX,0.00433192851929732
2024-07-15,MEX,0.011729714967065584
2024-07-16,MEX,0.00458624132688777
2024-07-17,MEX,0.004136031157353834
2024-07-18,MEX,0.01050483829449495
2024-07-19,MEX,0.004337119447062227
2024-07-20,MEX,0.005611069758735261
2024-07-21,MEX,0.004845820422048151
2024-07-22,MEX,0.004849564164749606
2024-07-23,MEX,0.004242248657078586
2024-07-24,MEX,0.0044406076030152645
2024-07-25,MEX,0.007477382469196485
2024-07-26,MEX,0.007377738708874231
2024-07-27,MEX,0.00440894794662951
2024-07-28,MEX,0.004538778295407883
2024-07-29,MEX,0.004305533675690344
2024-07-30,MEX,0.004581340063090871
2024-07-31,MEX,0.004310909289026135
2024-08-01,MEX,0.004524357745339106
2024-08-02,MEX,0.004369562593860333
2024-08-03,MEX,0.004169314115737114
2024-08-04,MEX,0.004242776045388634
2024-08-05,MEX,0.005864659809174069
2024-08-06,MEX,0.004315990953699847
2024-08-07,MEX,0.004460676211465427
2024-08-08,MEX,0.006090363005032842
2024-08-09,MEX,0.004396521396671188
2024-08-10,MEX,0.005616935020420816
2024-08-11,MEX,0.006384865965058375
2024-08-12,MEX,0.004596022674023171
2024-08-13,MEX,0.0039582187634483994
2024-08-14,MEX,0.00583107893748124
2024-08-15,MEX,0.004222377594472265
2024-08-16,MEX,0.0043351124416867075
2024-08-17,MEX,0.003946652727623644
2024-08-18,MEX,0.00417784234277306
2024-08-19,MEX,0.005063877770982753
2024-08-20,MEX,0.004053498698086249
2024-08-21,MEX,0.004397996992991422
2024-08-22,MEX,0.0042667063222295125
2024-08-23,MEX,0.004573369087601408
2024-08-24,MEX,0.004043791063832277
2024-08-25,MEX,0.004123589863917106
2024-08-26,MEX,0.005134300309163808
2024-08-27,MEX,0.005510490215263425
2024-08-28,MEX,0.004242383987223205
2024-08-29,MEX,0.00453272682036622
2024-08-30,MEX,0.004177604354454822
2024-08-31,MEX,0.020442406623121065
2024-09-01,MEX,0.0050479285257785
2024-09-02,MEX,0.004049035233200881
2024-09-03,MEX,0.004100242040689448
2024-09-04,MEX,0.003989266378589732
2024-09-05,MEX,0.004762292870721163
2024-09-06,MEX,0.0045569672972301835
2024-09-07,MEX,0.003906706561103524
2024-09-08,MEX,0.004128210527443697
2024-09-09,MEX,0.0048860650119208985
2024-09-10,MEX,0.004229892740772021
2024-09-11,MEX,0.006800750326307364
2024-09-12,MEX,0.0040940362846287786
2024-09-13,MEX,0.0042299589174997175
2024-09-14,MEX,0.004373126167687477
2024-09-15,MEX,0.0074399297617781445
2024-09-16,MEX,0.029113216761713592
2024-09-17,MEX,0.0042182152763054455
2024-09-18,MEX,0.004277093735009872
2024-09-19,MEX,0.005412850063352076
2024-09-20,MEX,0.004240963823982376
2024-09-21,MEX,0.005067199288313921
2024-09-22,MEX,0.0041137394336007585
2024-09-23,MEX,0.004504776902270768
2024-09-24,MEX,0.004073127691115794
2024-09-25,MEX,0.004060973127023044
2024-09-26,MEX,0.004248728041225673
2024-09-27,MEX,0.004128273290859503
2024-09-28,MEX,0.004067183526945993
2024-09-29,MEX,0.00719900976123926
2024-09-30,MEX,0.00527310296732847
2024-10-01,MEX,0.014528724983101591
2024-10-02,MEX,0.012032297225660361
2024-10-03,MEX,0.018148559121108625
2024-10-04,MEX,0.004228022060499393
2024-10-05,MEX,0.00501821715971984
2024-10-06,MEX,0.004349975036976426
2024-10-07,MEX,0.0058529258873813
2024-10-08,MEX,0.004336678148485076
2024-10-09,MEX,0.004247033843507848
2024-10-10,MEX,0.03492572273988235
2024-10-11,MEX,0.004338726240488373
2024-10-12,MEX,0.004134266649346997
2024-10-13,MEX,0.006011162335192522
2024-10-14,MEX,0.004728268551754723
2024-10-15,MEX,0.005882971213099566
2024-10-16,MEX,0.004454611920809876
2024-10-17,MEX,0.04365320797309785
2024-10-18,MEX,0.006434011867577034
2024-10-19,MEX,0.007789301647616978
2024-10-20,MEX,0.004604475836183201
2024-10-21,MEX,0.02157208072465393
2024-10-22,MEX,0.009005087422040332
2024-10-23,MEX,0.006930997177984192
2024-10-24,MEX,0.008992400371563286
2024-10-25,MEX,0.01002668070581421
2024-10-26,MEX,0.005844551187037908
2024-10-27,MEX,0.0053205147055736274
2024-10-28,MEX,0.005622236447902009
2024-10-29,MEX,0.015777081844410037
2024-10-30,MEX,0.004357398074889167
2024-10-31,MEX,0.0075000738849515134
2024-11-01,MEX,0.0038498269048279294
2024-11-02,MEX,0.00442286661203226
2024-11-03,MEX,0.003957352314945727
2024-11-04,MEX,0.005699195345442387
2024-11-05,MEX,0.004155722319320841
2024-11-06,MEX,0.0044724513891206815
2024-11-07,MEX,0.032480245847166606
2024-11-08,MEX,0.004749102924439221
2024-11-09,MEX,0.009295069649382254
2024-11-10,MEX,0.005922786230499062
2024-11-11,MEX,0.007457611895764246
2024-11-12,MEX,0.005027185432061781
2024-11-13,MEX,0.0047833102954607356
2024-11-14,MEX,0.006642183405928155
2024-11-15,MEX,0.004385659375182911
2024-11-16,MEX,0.017606618139132578
2024-11-17,MEX,0.004357297552333446
2024-11-18,MEX,0.004027887883817646
2024-11-19,MEX,0.004005381364169042
2024-11-20,MEX,0.004236762476076446
2024-11-21,MEX,0.004160393634145886
2024-11-22,MEX,0.005657289047693604
2024-11-23,MEX,0.0043649827134920206
2024-11-24,MEX,0.004228194972190654
2024-11-25,MEX,0.00419215667438031
2024-11-26,MEX,0.004464907274963202
2024-11-27,MEX,0.004670983653391287
2024-11-28,MEX,0.004442283541822196
2024-11-29,MEX,0.00644240229400347
2024-11-30,MEX,0.006524656595508573
2024-12-01,MEX,0.004541285431231153
2024-12-02,MEX,0.004195772692636482
2024-12-03,MEX,0.011986305258241299
2024-12-04,MEX,0.004349717033309801
2024-12-05,MEX,0.0052519895180684305
2024-12-06,MEX,0.004059138337404259
2024-12-07,MEX,0.004376442490962519
2024-12-08,MEX,0.00557337706945516
2024-12-09,MEX,0.004279141209253854
2024-12-10,MEX,0.006671682859790597
2024-12-11,MEX,0.005123919426158414
2024-12-12,MEX,0.005001988793910631
2024-12-13,MEX,0.004276170731975099
2024-12-14,MEX,0.004231206465286624
2024-12-15,MEX,0.00422789229062501
2024-12-16,MEX,0.025261388426804185
2024-12-17,MEX,0.004464399375970544
2024-12-18,MEX,0.0073029032636173375
2024-12-19,MEX,0.00430227574966872
2024-12-20,MEX,0.004731484847007617
2024-12-21,MEX,0.004147320233178146
2024-12-22,MEX,0.004224543624273211
2024-12-23,MEX,0.004351026083166349
2024-12-24,MEX,0.005042909336643984
2024-12-25,MEX,0.005465575658974007
2024-12-26,MEX,0.004438410332668373
2024-12-27,MEX,0.04838591546804263
2024-12-28,MEX,0.006371199256841467
2024-12-29,MEX,0.005114724923157397
2024-12-30,MEX,0.00506823485554097
2024-12-31,MEX,0.007118070816450676
2025-01-01,MEX,0.004494534754510988
2025-01-02,MEX,0.008399280578146009
2025-01-03,MEX,0.004306317681949608
2025-01-04,MEX,0.006060381665845315
2025-01-05,MEX,0.004329834527975068
2025-01-06,MEX,0.027350925829652904
2025-01-07,MEX,0.00464141332259338
2025-01-08,MEX,0.004307937368448067
2025-01-09,MEX,0.004863239932088191
2025-01-10,MEX,0.005592355837464349
2025-01-11,MEX,0.004120532165858598
2025-01-12,MEX,0.004470343606305953
2025-01-13,MEX,0.004406230122338123
2025-01-14,MEX,0.010812845399256527
2025-01-15,MEX,0.004051667160242355
2025-01-16,MEX,0.004017385073080087
2025-01-17,MEX,0.004082956560254531
2025-01-18,MEX,0.004085664143524287
2025-01-19,MEX,0.004008922340164361
2025-01-20,MEX,0.010541550644381479
2025-01-21,MEX,0.005510039169821842
2025-01-22,MEX,0.003990986838015026
2025-01-23,MEX,0.011119118376899438
2025-01-24,MEX,0.006051728660599806
2025-01-25,MEX,0.004281247602861444
2025-01-26,MEX,0.004129096658667322
2025-01-27,MEX,0.006048122474598906
2025-01-28,MEX,0.00934291901539401
2025-01-29,MEX,0.004446979256881921
2025-01-30,MEX,0.004982638365740649
2025-01-31,MEX,0.01775440753706263
2025-02-01,MEX,0.007061307297189414
2025-02-02,MEX,0.0047503801726733715
2025-02-03,MEX,0.007259177693760513
2025-02-04,MEX,0.009104301275068503
2025-02-05,MEX,0.01319208918909791
2025-02-06,MEX,0.004786992004273989
2025-02-07,MEX,0.004269519949343505
2025-02-08,MEX,0.04743773383883901
2025-02-09,MEX,0.006932030661086342
2025-02-10,MEX,0.004147748891700086
2025-02-11,MEX,0.004223934141414318
2025-02-12,MEX,0.004139992647477286
2025-02-13,MEX,0.019661865274777316
2025-02-14,MEX,0.00453270699730912
2025-02-15,MEX,0.004080994523732297
2025-02-16,MEX,0.028288479038749356
2025-02-17,MEX,0.004167250527807114
2025-02-18,MEX,0.005810198209794663
2025-02-19,MEX,0.005168379991777936
2025-02-20,MEX,0.028159021078930063
2025-02-21,MEX,0.004814202748132015
2025-02-22,MEX,0.022214976821727437
2025-02-23,MEX,0.010026496168028531
2025-02-24,MEX,0.004641706853287478
2025-02-25,MEX,0.00441454452774534
2025-02-26,MEX,0.004991654190006347
2025-02-27,MEX,0.004477145311199207
2025-02-28,MEX,0.004525088028283702
2025-03-01,MEX,0.045756936473794946
2025-03-02,MEX,0.004758796247417069
2025-03-03,MEX,0.004168118730898687
2025-03-04,MEX,0.006865704265075492
2025-03-05,MEX,0.004870615021138098
2025-03-06,MEX,0.005289931761725457
2025-03-07,MEX,0.007125764105579722
2025-03-08,MEX,0.00445067154969696
2025-03-09,MEX,0.007161618039358626
2025-03-10,MEX,0.004263629776252476
2025-03-11,MEX,0.004318437270370204
2025-03-12,MEX,0.004325929086234494
2025-03-13,MEX,0.004593234865760653
2025-03-14,MEX,0.004183302057840348
2025-03-15,MEX,0.007425750146850548
2025-03-16,MEX,0.020208578687172175
2025-03-17,MEX,0.004360936530988852
2025-03-18,MEX,0.004413901570371811
2025-03-19,MEX,0.004163168635762378
2025-03-20,MEX,0.004429149474014815
2025-03-21,MEX,0.0048750164982709066
2025-03-22,MEX,0.004258381727336556
2025-03-23,MEX,0.007024401206002041
2025-03-24,MEX,0.004405508629124077
2025-03-25,MEX,0.004595488496876936
2025-03-26,MEX,0.004577790202893262
2025-03-27,MEX,0.006834874011124926
2025-03-28,MEX,0.004226313423532345
2024-07-01,VEN,0.012542843589949261
2024-07-02,VEN,0.03666740067152852
2024-07-03,VEN,0.013900870803088515
2024-07-04,VEN,0.014088925888345297
2024-07-05,VEN,0.022766531928892206
2024-07-06,VEN,0.024968407418856108
2024-07-07,VEN,0.021255720331172446
2024-07-08,VEN,0.03723909342431663
2024-07-09,VEN,0.03925642106013036
2024-07-10,VEN,0.0409641506951178
2024-07-11,VEN,0.035054360740486366
2024-07-12,VEN,0.025261563272878717
2024-07-13,VEN,0.030431959620394734
2024-07-14,VEN,0.024876409080959287
2024-07-15,VEN,0.14181024700776992
2024-07-16,VEN,0.058082373953378556
2024-07-17,VEN,0.014565623764305452
2024-07-18,VEN,0.011706947981265203
2024-07-19,VEN,0.015044957229026655
2024-07-20,VEN,0.08857639116520544
2024-07-21,VEN,0.017133384425538724
2024-07-22,VEN,0.009557737803821234
2024-07-23,VEN,0.018487096902971227
2024-07-24,VEN,0.010981886535517129
2024-07-25,VEN,0.009797358288939018
2024-07-26,VEN,0.007758308789476213
2024-07-27,VEN,0.016404544444422815
2024-07-28,VEN,0.017225292771414533
2024-07-29,VEN,0.11552224832529423
2024-07-30,VEN,0.15180699420771274
2024-07-31,VEN,0.10239311083403511
2024-08-01,VEN,0.06982793962287667
2024-08-02,VEN,0.04144582491328033
2024-08-03,VEN,0.03529588392452384
2024-08-04,VEN,0.03542967058841893
2024-08-05,VEN,0.030152252717269123
2024-08-06,VEN,0.03986322483883042
2024-08-07,VEN,0.07261037837440794
2024-08-08,VEN,0.034007440171606486
2024-08-09,VEN,0.08979172121866452
2024-08-10,VEN,0.027400058689242654
2024-08-11,VEN,0.0406765259198217
2024-08-12,VEN,0.02541023863083396
2024-08-13,VEN,0.0855651650214171
2024-08-14,VEN,0.007145074411519973
2024-08-15,VEN,0.008654727733304422
2024-08-16,VEN,0.007543595584699259
2024-08-17,VEN,0.0054773727106717926
2024-08-18,VEN,0.0060735137364230475
2024-08-19,VEN,0.006616766194585612
2024-08-20,VEN,0.005787707202798822
2024-08-21,VEN,0.018969700543928852
2024-08-22,VEN,0.010583019655153856
2024-08-23,VEN,0.05086806585099664
2024-08-24,VEN,0.027163567256950138
2024-08-25,VEN,0.027451788747344746
2024-08-26,VEN,0.0763173791371021
2024-08-27,VEN,0.03625208778249426
2024-08-28,VEN,0.017872721301915962
2024-08-29,VEN,0.040508319462197774
2024-08-30,VEN,0.014043630499061458
2024-08-31,VEN,0.019537809631410257
2024-09-01,VEN,0.013749394691281792
2024-09-02,VEN,0.017065065230582377
2024-09-03,VEN,0.024568078047982115
2024-09-04,VEN,0.011138639954948243
2024-09-05,VEN,0.010833232784169486
2024-09-06,VEN,0.010898268383648348
2024-09-07,VEN,0.0069053668470114805
2024-09-08,VEN,0.007695630143602341
2024-09-09,VEN,0.01278504770435977
2024-09-10,VEN,0.00877180884644204
2024-09-11,VEN,0.017766488122147605
2024-09-12,VEN,0.011586320043605887
2024-09-13,VEN,0.007661407901802847
2024-09-14,VEN,0.011668935640063433
2024-09-15,VEN,0.015936215401317323
2024-09-16,VEN,0.009099618897341627
2024-09-17,VEN,0.007325696248804653
2024-09-18,VEN,0.010548298542418807
2024-09-19,VEN,0.014786287151420422
2024-09-20,VEN,0.015554202930940028
2024-09-21,VEN,0.012639913447291198
2024-09-22,VEN,0.02130840877418126
2024-09-23,VEN,0.027091603851879524
2024-09-24,VEN,0.045668932065530916
2024-09-25,VEN,0.019569410214612008
2024-09-26,VEN,0.03631505680024231
2024-09-27,VEN,0.023583814859308837
2024-09-28,VEN,0.016063249441352765
2024-09-29,VEN,0.01722453652053964
2024-09-30,VEN,0.008912303612193204
2024-10-01,VEN,0.025109388002375707
2024-10-02,VEN,0.007788078322092104
2024-10-03,VEN,0.011088276391398809
2024-10-04,VEN,0.008281977493951072
2024-10-05,VEN,0.012926054446822618
2024-10-06,VEN,0.009354358504989833
2024-10-07,VEN,0.012191496691762248
2024-10-08,VEN,0.011583672863560521
2024-10-09,VEN,0.015617012571192988
2024-10-10,VEN,0.012840047269720703
2024-10-11,VEN,0.009707540852286653
2024-10-12,VEN,0.009585827246316467
2024-10-13,VEN,0.008117966027417203
2024-10-14,VEN,0.008856197878269897
2024-10-15,VEN,0.010288350443911824
2024-10-16,VEN,0.030262176554620546
2024-10-17,VEN,0.028736607385387053
2024-10-18,VEN,0.025459912648483386
2024-10-19,VEN,0.029830396287016246
2024-10-20,VEN,0.02167232472728829
2024-10-21,VEN,0.023319044410964117
2024-10-22,VEN,0.023739999587949593
2024-10-23,VEN,0.04046824696758192
2024-10-24,VEN,0.034266582447541306
2024-10-25,VEN,0.03093196966988636
2024-10-26,VEN,0.07990107788169913
2024-10-27,VEN,0.021149772339012066
2024-10-28,VEN,0.04125562048308141
2024-10-29,VEN,0.02722686922435483
2024-10-30,VEN,0.03946396972081943
2024-10-31,VEN,0.020149315794679868
2024-11-01,VEN,0.014894030630703513
2024-11-02,VEN,0.018725728228662288
2024-11-03,VEN,0.018123378325046676
2024-11-04,VEN,0.018209457031115883
2024-11-05,VEN,0.012626608271556669
2024-11-06,VEN,0.021233764546554137
2024-11-07,VEN,0.019085486546640804
2024-11-08,VEN,0.017634743921886655
2024-11-09,VEN,0.03337133624529727
2024-11-10,VEN,0.04028900397926247
2024-11-11,VEN,0.0156498220899743
2024-11-12,VEN,0.013376591829697306
2024-11-13,VEN,0.01466830751119235
2024-11-14,VEN,0.018288769100570094
2024-11-15,VEN,0.014877706290214154
2024-11-16,VEN,0.03568070486350897
2024-11-17,VEN,0.024505101027567373
2024-11-18,VEN,0.0077917887994431645
2024-11-19,VEN,0.008501139138982343
2024-11-20,VEN,0.007594754042617306
2024-11-21,VEN,0.008174526755316517
2024-11-22,VEN,0.007227161728151301
2024-11-23,VEN,0.007377704790333535
2024-11-24,VEN,0.014178324165199624
2024-11-25,VEN,0.015530324165576231
2024-11-26,VEN,0.01615392018720632
2024-11-27,VEN,0.017722968836007096
2024-11-28,VEN,0.021991756552954437
2024-11-29,VEN,0.04789638738914339
2024-11-30,VEN,0.036906698586494716
2024-12-01,VEN,0.020873261763107116
2024-12-02,VEN,0.04085493394058427
2024-12-03,VEN,0.02712910107823368
2024-12-04,VEN,0.019007677783279567
2024-12-05,VEN,0.04158322714419936
2024-12-06,VEN,0.03632943780089085
2024-12-07,VEN,0.029375448591187337
2024-12-08,VEN,0.021713132378680073
2024-12-09,VEN,0.024703006946054536
2024-12-10,VEN,0.01739234294743255
2024-12-11,VEN,0.017380317802960548
2024-12-12,VEN,0.013729643469597343
2024-12-13,VEN,0.05543734746184558
2024-12-14,VEN,0.026368285114625648
2024-12-15,VEN,0.03107192375082443
2024-12-16,VEN,0.042518138727420204
2024-12-17,VEN,0.018407272702687157
2024-12-18,VEN,0.024461717242745127
2024-12-19,VEN,0.012415156169610694
2024-12-20,VEN,0.01734629553111521
2024-12-21,VEN,0.017891663240745193
2024-12-22,VEN,0.019385117329150117
2024-12-23,VEN,0.016915918718191855
2024-12-24,VEN,0.01801672870454821
2024-12-25,VEN,0.03211108342961064
2024-12-26,VEN,0.02035810444559073
2024-12-27,VEN,0.08968251830814347
2024-12-28,VEN,0.02226468212522875
2024-12-29,VEN,0.019783220992704287
2024-12-30,VEN,0.018975402203969975
2024-12-31,VEN,0.01623345093527088
2025-01-01,VEN,0.0282072719092523
2025-01-02,VEN,0.016222607287523966
2025-01-03,VEN,0.010253267924588309
2025-01-04,VEN,0.013689561444927854
2025-01-05,VEN,0.013435271379712461
2025-01-06,VEN,0.019275166961577415
2025-01-07,VEN,0.021462885731911595
2025-01-08,VEN,0.017940847546465757
2025-01-09,VEN,0.01998938769209723
2025-01-10,VEN,0.10297846524342447
2025-01-11,VEN,0.073933887988019
2025-01-12,VEN,0.02286558338586635
2025-01-13,VEN,0.021762731300363245
2025-01-14,VEN,0.014325707508876864
2025-01-15,VEN,0.015587789641659815
2025-01-16,VEN,0.015106852266229044
2025-01-17,VEN,0.010245182022367337
2025-01-18,VEN,0.01743700510454369
2025-01-19,VEN,0.014090976929632102
2025-01-20,VEN,0.016434705938312786
2025-01-21,VEN,0.03731342621569172
2025-01-22,VEN,0.015161349910212719
2025-01-23,VEN,0.01082857927678179
2025-01-24,VEN,0.010855521097537256
2025-01-25,VEN,0.008246839635833702
2025-01-26,VEN,0.008000366468547508
2025-01-27,VEN,0.006729234820722023
2025-01-28,VEN,0.006099514654864736
2025-01-29,VEN,0.008406696051340793
2025-01-30,VEN,0.006562606983053606
2025-01-31,VEN,0.007059611737303089
2025-02-01,VEN,0.013514725403386454
2025-02-02,VEN,0.008373573297113739
2025-02-03,VEN,0.02372803840990459
2025-02-04,VEN,0.060110762901006164
2025-02-05,VEN,0.026061203933952073
2025-02-06,VEN,0.03285699869534294
2025-02-07,VEN,0.029975739883365778
2025-02-08,VEN,0.028734131274089976
2025-02-09,VEN,0.02233477336471257
2025-02-10,VEN,0.11098669589031701
2025-02-11,VEN,0.019812303436485178
2025-02-12,VEN,0.017915918738214687
2025-02-13,VEN,0.015283623376671435
2025-02-14,VEN,0.014477522906134604
2025-02-15,VEN,0.011844566307778113
2025-02-16,VEN,0.017323496399664517
2025-02-17,VEN,0.005951836232985451
2025-02-18,VEN,0.005321443733031282
2025-02-19,VEN,0.006799827572846845
2025-02-20,VEN,0.006674328852232843
2025-02-21,VEN,0.006819334469037806
2025-02-22,VEN,0.006221011355845136
2025-02-23,VEN,0.006425868547072509
2025-02-24,VEN,0.014079572417545169
2025-02-25,VEN,0.020749974160088253
2025-02-26,VEN,0.02042283808251044
2025-02-27,VEN,0.02626808625511786
2025-02-28,VEN,0.013828716665859076
2025-03-01,VEN,0.019274652276460375
2025-03-02,VEN,0.03553324633702614
2025-03-03,VEN,0.018911686784162083
2025-03-04,VEN,0.016562359647499313
2025-03-05,VEN,0.018283787918925955
2025-03-06,VEN,0.02131884013413701
2025-03-07,VEN,0.007423816972555221
2025-03-08,VEN,0.02734216274207688
2025-03-09,VEN,0.01054371774084992
2025-03-10,VEN,0.009535015867018612
2025-03-11,VEN,0.010665843469763537
2025-03-12,VEN,0.07280861617208594
2025-03-13,VEN,0.06035696045314546
2025-03-14,VEN,0.022149972306513735
2025-03-15,VEN,0.015044850563541228
2025-03-16,VEN,0.02054364637095637
2025-03-17,VEN,0.020336452999459555
2025-03-18,VEN,0.016261290655219245
2025-03-19,VEN,0.006585597291422341
2025-03-20,VEN,0.005626635699259587
2025-03-21,VEN,0.005413837217311268
2025-03-22,VEN,0.0058793067231689596
2025-03-23,VEN,0.00528932773166919
2025-03-24,VEN,0.006285655418004847
2025-03-25,VEN,0.005543998134767818
2025-03-26,VEN,0.0073822848478487775
2025-03-27,VEN,0.015376214304640909
2025-03-28,VEN,0.015656591982074954
2024-07-01,ECU,0.009225975785664819
2024-07-02,ECU,0.00955948325020552
2024-07-03,ECU,0.01432784613108216
2024-07-04,ECU,0.008026302190560337
2024-07-05,ECU,0.006051388611243116
2024-07-06,ECU,0.011565421445623236
2024-07-07,ECU,0.009448181425911046
2024-07-08,ECU,0.00867440161557258
2024-07-09,ECU,0.010970611545668635
2024-07-10,ECU,0.010819186675991911
2024-07-11,ECU,0.009599592455987056
2024-07-12,ECU,0.009983373608980502
2024-07-13,ECU,0.011611584755210234
2024-07-14,ECU,0.009890491234806294
2024-07-15,ECU,0.00961955108255201
2024-07-16,ECU,0.009981839926570694
2024-07-17,ECU,0.0075384843917161775
2024-07-18,ECU,0.0096907160643872
2024-07-19,ECU,0.007649707135495555
2024-07-20,ECU,0.009835678571488362
2024-07-21,ECU,0.008385852602674082
2024-07-22,ECU,0.013977597991333775
2024-07-23,ECU,0.006847726244441429
2024-07-24,ECU,0.010739017312904697
2024-07-25,ECU,0.012121310680897028
2024-07-26,ECU,0.009836326827027191
2024-07-27,ECU,0.019527245006257445
2024-07-28,ECU,0.010108126033367406
2024-07-29,ECU,0.014703157898591506
2024-07-30,ECU,0.013184865070935069
2024-07-31,ECU,0.012293924638406992
2024-08-01,ECU,0.010992705156490515
2024-08-02,ECU,0.0074527608444182585
2024-08-03,ECU,0.00942472052570777
2024-08-04,ECU,0.013871652811206801
2024-08-05,ECU,0.010618002741286674
2024-08-06,ECU,0.0109301604978799
2024-08-07,ECU,0.008856442722756269
2024-08-08,ECU,0.008959859803645281
2024-08-09,ECU,0.00907237389753568
2024-08-10,ECU,0.008879861210577569
2024-08-11,ECU,0.008660033308004602
2024-08-12,ECU,0.010379634167665717
2024-08-13,ECU,0.01050962391810081
2024-08-14,ECU,0.008980093805223709
2024-08-15,ECU,0.008373609408597322
2024-08-16,ECU,0.00977964719890402
2024-08-17,ECU,0.0064443302077510775
2024-08-18,ECU,0.009871664245410607
2024-08-19,ECU,0.0058365756140838785
2024-08-20,ECU,0.006390694508475684
2024-08-21,ECU,0.006563732302700654
2024-08-22,ECU,0.006173612460658285
2024-08-23,ECU,0.00791018198224841
2024-08-24,ECU,0.01034238721483074
2024-08-25,ECU,0.006564339051898147
2024-08-26,ECU,0.00762837838667384
2024-08-27,ECU,0.00708231764915599
2024-08-28,ECU,0.007193244620342343
2024-08-29,ECU,0.00758024928125442
2024-08-30,ECU,0.007741042712439039
2024-08-31,ECU,0.010280957682282663
2024-09-01,ECU,0.006893989072408119
2024-09-02,ECU,0.010847728429392788
2024-09-03,ECU,0.00764304501057365
2024-09-04,ECU,0.00770107235278719
2024-09-05,ECU,0.009784518757505268
2024-09-06,ECU,0.014884104974554922
2024-09-07,ECU,0.010558298000946995
2024-09-08,ECU,0.012766972488425192
2024-09-09,ECU,0.010148651721241717
2024-09-10,ECU,0.008371940482575
2024-09-11,ECU,0.009190681527729066
2024-09-12,ECU,0.011065929956578418
2024-09-13,ECU,0.008625975892598767
2024-09-14,ECU,0.009152594457127657
2024-09-15,ECU,0.009912947592651572
2024-09-16,ECU,0.007711814640716117
2024-09-17,ECU,0.007502830851020284
2024-09-18,ECU,0.007890353369612003
2024-09-19,ECU,0.007360413377067134
2024-09-20,ECU,0.008413820045094424
2024-09-21,ECU,0.007153075524226477
2024-09-22,ECU,0.006811395208581551
2024-09-23,ECU,0.007196345526104768
2024-09-24,ECU,0.007511606441669004
2024-09-25,ECU,0.007433982851633801
2024-09-26,ECU,0.008158495795499503
2024-09-27,ECU,0.008556480773587947
2024-09-28,ECU,0.006427868742218754
2024-09-29,ECU,0.011564666296105981
2024-09-30,ECU,0.006879413177565565
2024-10-01,ECU,0.006628754795063009
2024-10-02,ECU,0.008864787335629459
2024-10-03,ECU,0.009923284958539346
2024-10-04,ECU,0.0077711680333973744
2024-10-05,ECU,0.014072376429528008
2024-10-06,ECU,0.00823588931310676
2024-10-07,ECU,0.01239592800475061
2024-10-08,ECU,0.008380627890894287
2024-10-09,ECU,0.014305433413740326
2024-10-10,ECU,0.014316400322426731
2024-10-11,ECU,0.007943513828601662
2024-10-12,ECU,0.011201991016583493
2024-10-13,ECU,0.008817548849029253
2024-10-14,ECU,0.008626655562918358
2024-10-15,ECU,0.011308530212366007
2024-10-16,ECU,0.009418212183426544
2024-10-17,ECU,0.013952443531609597
2024-10-18,ECU,0.013577292520529699
2024-10-19,ECU,0.008982582102599685
2024-10-20,ECU,0.007666994221817153
2024-10-21,ECU,0.007679265596451508
2024-10-22,ECU,0.009980499303928376
2024-10-23,ECU,0.008522581554689377
2024-10-24,ECU,0.01112189227433394
2024-10-25,ECU,0.007991571426795869
2024-10-26,ECU,0.014100339938035632
2024-10-27,ECU,0.008449550881838174
2024-10-28,ECU,0.008506598815177157
2024-10-29,ECU,0.008221934714837661
2024-10-30,ECU,0.015095350792770345
2024-10-31,ECU,0.008947182954544636
2024-11-01,ECU,0.01101538092162879
2024-11-02,ECU,0.01357463485065339
2024-11-03,ECU,0.009139642208121048
2024-11-04,ECU,0.011460182237040777
2024-11-05,ECU,0.007288156065269541
2024-11-06,ECU,0.010439694840814875
2024-11-07,ECU,0.008585888188324828
2024-11-08,ECU,0.013000958522806796
2024-11-09,ECU,0.008412864544969043
2024-11-10,ECU,0.007346463350142541
2024-11-11,ECU,0.006367189101213685
2024-11-12,ECU,0.010413848555880732
2024-11-13,ECU,0.01659307037775092
2024-11-14,ECU,0.00885053556426156
2024-11-15,ECU,0.006214214622801027
2024-11-16,ECU,0.006311767005086402
2024-11-17,ECU,0.00748408502154947
2024-11-18,ECU,0.007486772594173906
2024-11-19,ECU,0.00868996051902263
2024-11-20,ECU,0.005998565365769178
2024-11-21,ECU,0.011012803969659982
2024-11-22,ECU,0.008208665807821152
2024-11-23,ECU,0.010510150850811972
2024-11-24,ECU,0.009839616707793873
2024-11-25,ECU,0.009277409651999073
2024-11-26,ECU,0.011667223815347794
2024-11-27,ECU,0.013554571132121905
2024-11-28,ECU,0.016108411075424094
2024-11-29,ECU,0.012783493157821683
2024-11-30,ECU,0.02861442794148999
2024-12-01,ECU,0.06236448950200563
2024-12-02,ECU,0.010971968859917936
2024-12-03,ECU,0.014796692135345882
2024-12-04,ECU,0.0165483598519355
2024-12-05,ECU,0.018726447733344753
2024-12-06,ECU,0.009953290484185516
2024-12-07,ECU,0.008934485492733122
2024-12-08,ECU,0.008430295817659098
2024-12-09,ECU,0.006904894647329601
2024-12-10,ECU,0.007737403369004945
2024-12-11,ECU,0.008468301357596915
2024-12-12,ECU,0.008416906519982024
2024-12-13,ECU,0.007786385048308635
2024-12-14,ECU,0.006382057034936524
2024-12-15,ECU,0.008248784816625476
2024-12-16,ECU,0.008429161730933872
2024-12-17,ECU,0.00878806094203159
2024-12-18,ECU,0.009571949152748283
2024-12-19,ECU,0.010763035835175351
2024-12-20,ECU,0.00962284688237758
2024-12-21,ECU,0.011478310099320996
2024-12-22,ECU,0.009543440230654938
2024-12-23,ECU,0.009474831877639703
2024-12-24,ECU,0.010869081505330794
2024-12-25,ECU,0.011123889098345822
2024-12-26,ECU,0.014575610368106257
2024-12-27,ECU,0.008902152355488293
2024-12-28,ECU,0.016462006078112282
2024-12-29,ECU,0.013475558381222396
2024-12-30,ECU,0.009363639191173435
2024-12-31,ECU,0.009213032788327621
2025-01-01,ECU,0.02311100878985536
2025-01-02,ECU,0.011031904413122098
2025-01-03,ECU,0.01246145729866711
2025-01-04,ECU,0.009183037629668832
2025-01-05,ECU,0.00857598188945279
2025-01-06,ECU,0.009933691134586996
2025-01-07,ECU,0.006770374605525201
2025-01-08,ECU,0.007152736950370974
2025-01-09,ECU,0.017320836671048463
2025-01-10,ECU,0.012722969143877647
2025-01-11,ECU,0.01275010740446029
2025-01-12,ECU,0.011516352486068053
2025-01-13,ECU,0.007993492992075189
2025-01-14,ECU,0.014203367349140218
2025-01-15,ECU,0.007823773532600903
2025-01-16,ECU,0.01054083374520142
2025-01-17,ECU,0.0063375054552369655
2025-01-18,ECU,0.024128640197825107
2025-01-19,ECU,0.006818643194341562
2025-01-20,ECU,0.009347838160390878
2025-01-21,ECU,0.005711124613968921
2025-01-22,ECU,0.005908339097333375
2025-01-23,ECU,0.006445325362619943
2025-01-24,ECU,0.008492935435916702
2025-01-25,ECU,0.006812214364317638
2025-01-26,ECU,0.007594838037124184
2025-01-27,ECU,0.005701673805850148
2025-01-28,ECU,0.0074234872488916715
2025-01-29,ECU,0.008595969996770605
2025-01-30,ECU,0.010333003732511182
2025-01-31,ECU,0.007010923362962908
2025-02-01,ECU,0.008722632905960353
2025-02-02,ECU,0.007925976734935763
2025-02-03,ECU,0.00888917864303842
2025-02-04,ECU,0.006120796258768094
2025-02-05,ECU,0.010475724220064545
2025-02-06,ECU,0.012293859824349088
2025-02-07,ECU,0.010979545461905962
2025-02-08,ECU,0.008405859677333231
2025-02-09,ECU,0.007019861408635276
2025-02-10,ECU,0.007120608763328369
2025-02-11,ECU,0.007710524637223116
2025-02-12,ECU,0.007573361809352257
2025-02-13,ECU,0.008148330709693903
2025-02-14,ECU,0.009767298640951478
2025-02-15,ECU,0.011650640422689344
2025-02-16,ECU,0.010991841085148906
2025-02-17,ECU,0.01302793388327286
2025-02-18,ECU,0.013005492517591772
2025-02-19,ECU,0.011537531605317987
2025-02-20,ECU,0.0104050888835446
2025-02-21,ECU,0.013690222360331012
2025-02-22,ECU,0.0140617516941169
2025-02-23,ECU,0.010783702318365887
2025-02-24,ECU,0.00987991445564934
2025-02-25,ECU,0.014878909082066632
2025-02-26,ECU,0.011261000572380418
2025-02-27,ECU,0.010181602442966094
2025-02-28,ECU,0.01979153755827545
2025-03-01,ECU,0.01169103184944736
2025-03-02,ECU,0.009897652910109746
2025-03-03,ECU,0.01877218203118658
2025-03-04,ECU,0.026851648132609936
2025-03-05,ECU,0.013825174341369262
2025-03-06,ECU,0.07273604226076756
2025-03-07,ECU,0.013377383299782199
2025-03-08,ECU,0.011743247261457259
2025-03-09,ECU,0.01614288642044298
2025-03-10,ECU,0.016798958964094158
2025-03-11,ECU,0.01682104407947147
2025-03-12,ECU,0.015065851355312737
2025-03-13,ECU,0.009346730190403656
2025-03-14,ECU,0.007896643965518792
2025-03-15,ECU,0.01107010220123245
2025-03-16,ECU,0.04986746579737121
2025-03-17,ECU,0.01500383920705417
2025-03-18,ECU,0.012500155879222765
2025-03-19,ECU,0.011781231089022001
2025-03-20,ECU,0.02381465837166533
2025-03-21,ECU,0.028642303810846148
2025-03-22,ECU,0.023729519440039808
2025-03-23,ECU,0.019954997033972983
2025-03-24,ECU,0.019302155764198876
2025-03-25,ECU,0.016529501352980498
2025-03-26,ECU,0.018488595532733583
2025-03-27,ECU,0.019940353913864773
2025-03-28,ECU,0.00936105279859114
2024-07-01,HND,0.008285133595789904
2024-07-02,HND,0.005362791737405608
2024-07-03,HND,0.006878585094305586
2024-07-04,HND,0.004940700968176956
2024-07-05,HND,0.006638593040938669
2024-07-06,HND,0.005157090901845609
2024-07-07,HND,0.005528560220439447
2024-07-08,HND,0.006733390431227374
2024-07-09,HND,0.00857406863621297
2024-07-10,HND,0.008243979811598134
2024-07-11,HND,0.016612022582313025
2024-07-12,HND,0.007465330972623017
2024-07-13,HND,0.011351854932560973
2024-07-14,HND,0.01852719744710849
2024-07-15,HND,0.008200430054111996
2024-07-16,HND,0.015281881428856524
2024-07-17,HND,0.016087691673406533
2024-07-18,HND,0.00624004925343935
2024-07-19,HND,0.008629304230545979
2024-07-20,HND,0.007361812032002748
2024-07-21,HND,0.008644522592060442
2024-07-22,HND,0.00981423261537265
2024-07-23,HND,0.009536457364436887
2024-07-24,HND,0.005559204825615851
2024-07-25,HND,0.0076615851519044225
2024-07-26,HND,0.0060783486352963935
2024-07-27,HND,0.006744765768286429
2024-07-28,HND,0.008302278293198937
2024-07-29,HND,0.008473218725201535
2024-07-30,HND,0.008599893797414099
2024-07-31,HND,0.008537328056540542
2024-08-01,HND,0.010700394261640588
2024-08-02,HND,0.007639199181576569
2024-08-03,HND,0.008163091148250918
2024-08-04,HND,0.008563332271274746
2024-08-05,HND,0.008292755995036198
2024-08-06,HND,0.016613263291420464
2024-08-07,HND,0.009146795345159754
2024-08-08,HND,0.04290100269453995
2024-08-09,HND,0.015136846030384853
2024-08-10,HND,0.018672328933995865
2024-08-11,HND,0.016741745955593364
2024-08-12,HND,0.16636126677002983
2024-08-13,HND,0.007058760690725906
2024-08-14,HND,0.006397347444349161
2024-08-15,HND,0.007119282234420104
2024-08-16,HND,0.007262101166552666
2024-08-17,HND,0.03587686135995964
2024-08-18,HND,0.00679120617483115
2024-08-19,HND,0.005782374487025528
2024-08-20,HND,0.006731670031505973
2024-08-21,HND,0.0071550304176787516
2024-08-22,HND,0.00697878315957398
2024-08-23,HND,0.008681870683198967
2024-08-24,HND,0.005143190520294422
2024-08-25,HND,0.005157139158162164
2024-08-26,HND,0.005781963183536198
2024-08-27,HND,0.006225850265874361
2024-08-28,HND,0.0058919752017504825
2024-08-29,HND,0.006985892603050634
2024-08-30,HND,0.006353516459855108
2024-08-31,HND,0.006599283599108161
2024-09-01,HND,0.008760788414317112
2024-09-02,HND,0.0068241706608329015
2024-09-03,HND,0.007296243849933652
2024-09-04,HND,0.006893343474708332
2024-09-05,HND,0.005242598401745944
2024-09-06,HND,0.005587892308225478
2024-09-07,HND,0.005563260878033059
2024-09-08,HND,0.011159467038725647
2024-09-09,HND,0.013062587207770277
2024-09-10,HND,0.006273322820533746
2024-09-11,HND,0.008970979431304756
2024-09-12,HND,0.009802398272390935
2024-09-13,HND,0.017737154203014898
2024-09-14,HND,0.05388147513375566
2024-09-15,HND,0.1560218342832077
2024-09-16,HND,0.008977147880461334
2024-09-17,HND,0.025579459340244234
2024-09-18,HND,0.008493265387521369
2024-09-19,HND,0.007553453946056759
2024-09-20,HND,0.009866708025900374
2024-09-21,HND,0.006051065062474106
2024-09-22,HND,0.007176351050156331
2024-09-23,HND,0.007398346265693666
2024-09-24,HND,0.018343132096571017
2024-09-25,HND,0.015484159487015524
2024-09-26,HND,0.0055214008752915485
2024-09-27,HND,0.005864605601866778
2024-09-28,HND,0.006431726638826246
2024-09-29,HND,0.009284389483622634
2024-09-30,HND,0.00738594572690307
2024-10-01,HND,0.028600769434958772
2024-10-02,HND,0.010654073388175408
2024-10-03,HND,0.011972890193093326
2024-10-04,HND,0.017104152005510527
2024-10-05,HND,0.008874718360337458
2024-10-06,HND,0.008138031695692828
2024-10-07,HND,0.008291415438456917
2024-10-08,HND,0.009478826861891049
2024-10-09,HND,0.020024208684894268
2024-10-10,HND,0.021096033505149443
2024-10-11,HND,0.008792007275947708
2024-10-12,HND,0.010052060345249867
2024-10-13,HND,0.009342409653812936
2024-10-14,HND,0.022743922485632107
2024-10-15,HND,0.009110245440727546
2024-10-16,HND,0.0080751296007955
2024-10-17,HND,0.010104242152611381
2024-10-18,HND,0.007224097373612874
2024-10-19,HND,0.008206315011169767
2024-10-20,HND,0.011864499829749221
2024-10-21,HND,0.00725334757219723
2024-10-22,HND,0.00713486869371241
2024-10-23,HND,0.006827011057514953
2024-10-24,HND,0.007169995108243404
2024-10-25,HND,0.006854567515113634
2024-10-26,HND,0.00710438772421339
2024-10-27,HND,0.005557451108541297
2024-10-28,HND,0.007055924108872827
2024-10-29,HND,0.007406393964627812
2024-10-30,HND,0.009228346732578031
2024-10-31,HND,0.010496386521831647
2024-11-01,HND,0.007025476949888639
2024-11-02,HND,0.01008833984431057
2024-11-03,HND,0.008241931471182799
2024-11-04,HND,0.010604068892006031
2024-11-05,HND,0.007094867566605837
2024-11-06,HND,0.007661139101667377
2024-11-07,HND,0.007874550541605796
2024-11-08,HND,0.0068343952305533
2024-11-09,HND,0.006988593009576782
2024-11-10,HND,0.00790660449856347
2024-11-11,HND,0.00741837951476568
2024-11-12,HND,0.012469821847531598
2024-11-13,HND,0.008396063499611283
2024-11-14,HND,0.007445409084266821
2024-11-15,HND,0.007098996490782963
2024-11-16,HND,0.0066767050437437515
2024-11-17,HND,0.00700042501794387
2024-11-18,HND,0.013335813972109535
2024-11-19,HND,0.005468529983351735
2024-11-20,HND,0.01587673022839948
2024-11-21,HND,0.016013139255904103
2024-11-22,HND,0.006772890392874363
2024-11-23,HND,0.005443829342339738
2024-11-24,HND,0.005704368028302038
2024-11-25,HND,0.006016831472724296
2024-11-26,HND,0.005931172293405115
2024-11-27,HND,0.006899639677206822
2024-11-28,HND,0.007873416204259165
2024-11-29,HND,0.0075152946047972
2024-11-30,HND,0.008391559597986327
2024-12-01,HND,0.00797014262790228
2024-12-02,HND,0.008786935634324967
2024-12-03,HND,0.008677094693506035
2024-12-04,HND,0.007492072150639388
2024-12-05,HND,0.012190858519954764
2024-12-06,HND,0.008465054954549014
2024-12-07,HND,0.007440288813652188
2024-12-08,HND,0.007304903471331057
2024-12-09,HND,0.007503645534412897
2024-12-10,HND,0.007086378339826543
2024-12-11,HND,0.008152350319859664
2024-12-12,HND,0.005862235981708069
2024-12-13,HND,0.007565897942914693
2024-12-14,HND,0.006828436375966296
2024-12-15,HND,0.006884438477741789
2024-12-16,HND,0.006499356166935528
2024-12-17,HND,0.007359025715934559
2024-12-18,HND,0.007205707142279164
2024-12-19,HND,0.0069176399106200565
2024-12-20,HND,0.007270194649172318
2024-12-21,HND,0.005860395958791531
2024-12-22,HND,0.021411830878992986
2024-12-23,HND,0.006420020165530529
2024-12-24,HND,0.01741888351755879
2024-12-25,HND,0.007469425018323947
2024-12-26,HND,0.00826150638447009
2024-12-27,HND,0.006764094242777263
2024-12-28,HND,0.0070759351197947325
2024-12-29,HND,0.0254358075403651
2024-12-30,HND,0.007334483662936749
2024-12-31,HND,0.006987279822920939
2025-01-01,HND,0.0065842677026111615
2025-01-02,HND,0.006397258595732696
2025-01-03,HND,0.005601270321303653
2025-01-04,HND,0.006551246366210511
2025-01-05,HND,0.006808829259357021
2025-01-06,HND,0.014746520922092027
2025-01-07,HND,0.008862382372035406
2025-01-08,HND,0.006883198618828532
2025-01-09,HND,0.005934229114727814
2025-01-10,HND,0.005871132995860185
2025-01-11,HND,0.027986331209474177
2025-01-12,HND,0.005626972521682087
2025-01-13,HND,0.004704436061722658
2025-01-14,HND,0.004938777484110612
2025-01-15,HND,0.004685859785079365
2025-01-16,HND,0.005407510409948391
2025-01-17,HND,0.005429264283050262
2025-01-18,HND,0.0051829282889448965
2025-01-19,HND,0.006030932142010614
2025-01-20,HND,0.007056594220350176
2025-01-21,HND,0.006614952008522705
2025-01-22,HND,0.013143003093598716
2025-01-23,HND,0.008230146505969992
2025-01-24,HND,0.0072501542007347985
2025-01-25,HND,0.007241834481374169
2025-01-26,HND,0.03203151631086659
2025-01-27,HND,0.015793740967364994
2025-01-28,HND,0.005648486067673328
2025-01-29,HND,0.006118618916352899
2025-01-30,HND,0.01851147069398546
2025-01-31,HND,0.005100911679820511
2025-02-01,HND,0.008740294053922296
2025-02-02,HND,0.006366811856713075
2025-02-03,HND,0.00774387991600921
2025-02-04,HND,0.006943661537530138
2025-02-05,HND,0.024683882760740343
2025-02-06,HND,0.005347051797495914
2025-02-07,HND,0.005825200892297315
2025-02-08,HND,0.005717217036233255
2025-02-09,HND,0.005850701396399609
2025-02-10,HND,0.0055949684983559725
2025-02-11,HND,0.005370660665137756
2025-02-12,HND,0.005318084915768832
2025-02-13,HND,0.005583911418100375
2025-02-14,HND,0.019607741574033832
2025-02-15,HND,0.005616919771538521
2025-02-16,HND,0.006418995859936852
2025-02-17,HND,0.006116459117950133
2025-02-18,HND,0.0070150140233153965
2025-02-19,HND,0.005614536988932901
2025-02-20,HND,0.06195540996054632
2025-02-21,HND,0.017057574753470004
2025-02-22,HND,0.005327870231429863
2025-02-23,HND,0.07135555071429692
2025-02-24,HND,0.031064679990938683
2025-02-25,HND,0.006146910827785308
2025-02-26,HND,0.00506976035130261
2025-02-27,HND,0.04786625913948072
2025-02-28,HND,0.012680857884857137
2025-03-01,HND,0.015747228700769052
2025-03-02,HND,0.007179931509728812
2025-03-03,HND,0.025387527415802892
2025-03-04,HND,0.03943451346753307
2025-03-05,HND,0.00633439282061123
2025-03-06,HND,0.016466862915218816
2025-03-07,HND,0.006417413641688223
2025-03-08,HND,0.0063467473704940545
2025-03-09,HND,0.005588969578371832
2025-03-10,HND,0.005567773984976002
2025-03-11,HND,0.004952992231324992
2025-03-12,HND,0.004829562603173217
2025-03-13,HND,0.005504961133568088
2025-03-14,HND,0.0046203817890444615
2025-03-15,HND,0.005708169139109054
2025-03-16,HND,0.005412355811143785
2025-03-17,HND,0.006939641099281276
2025-03-18,HND,0.020059158270475396
2025-03-19,HND,0.0705639084051071
2025-03-20,HND,0.058153387184702136
2025-03-21,HND,0.02777192121417452
2025-03-22,HND,0.008669931452607983
2025-03-23,HND,0.009778543211515615
2025-03-24,HND,0.007361994712940079
2025-03-25,HND,0.010328033670156011
2025-03-26,HND,0.006554449499789417
2025-03-27,HND,0.024702958802449024
2025-03-28,HND,0.0070166655524236
2024-07-01,GTM,0.00726332283340366
2024-07-02,GTM,0.008332585957824632
2024-07-03,GTM,0.010471004080665158
2024-07-04,GTM,0.009229518097193447
2024-07-05,GTM,0.007062830173913342
2024-07-06,GTM,0.015429510148015083
2024-07-07,GTM,0.036493604482235986
2024-07-08,GTM,0.02028490674688546
2024-07-09,GTM,0.009730747991159451
2024-07-10,GTM,0.007208641783678752
2024-07-11,GTM,0.008016127080807772
2024-07-12,GTM,0.007081317980463534
2024-07-13,GTM,0.008895675992455464
2024-07-14,GTM,0.008772671308706233
2024-07-15,GTM,0.012182530858162451
2024-07-16,GTM,0.012842602936762
2024-07-17,GTM,0.10752294296888636
2024-07-18,GTM,0.017633809533202194
2024-07-19,GTM,0.010985730650449272
2024-07-20,GTM,0.024530465044305862
2024-07-21,GTM,0.1487285822055944
2024-07-22,GTM,0.015148748801298108
2024-07-23,GTM,0.04050857127535655
2024-07-24,GTM,0.010956781059826701
2024-07-25,GTM,0.012702111602651013
2024-07-26,GTM,0.013274052485856733
2024-07-27,GTM,0.012088092494694568
2024-07-28,GTM,0.007028920282372041
2024-07-29,GTM,0.006832535279865934
2024-07-30,GTM,0.006440229451385058
2024-07-31,GTM,0.007600377819132157
2024-08-01,GTM,0.006823503597774458
2024-08-02,GTM,0.00746982898863167
2024-08-03,GTM,0.006771568534860879
2024-08-04,GTM,0.0465879858124352
2024-08-05,GTM,0.042923388694372164
2024-08-06,GTM,0.028340129128454093
2024-08-07,GTM,0.02374618403898042
2024-08-08,GTM,0.02672004014436534
2024-08-09,GTM,0.027187375887457198
2024-08-10,GTM,0.03628997158037112
2024-08-11,GTM,0.04614498305703095
2024-08-12,GTM,0.038125174394100715
2024-08-13,GTM,0.028401706510768506
2024-08-14,GTM,0.04804497997336884
2024-08-15,GTM,0.07250924581900066
2024-08-16,GTM,0.05851822636186145
2024-08-17,GTM,0.0804407578993762
2024-08-18,GTM,0.08720392536307525
2024-08-19,GTM,0.1103586108432929
2024-08-20,GTM,0.1537024473544173
2024-08-21,GTM,0.05366691707414212
2024-08-22,GTM,0.17523344903381477
2024-08-23,GTM,0.042618630434850445
2024-08-24,GTM,0.1916046920930022
2024-08-25,GTM,0.029311140768064122
2024-08-26,GTM,0.16550976974124132
2024-08-27,GTM,0.01930212982373986
2024-08-28,GTM,0.020507396153049025
2024-08-29,GTM,0.008381024741667948
2024-08-30,GTM,0.008344954172587602
2024-08-31,GTM,0.00497697377235036
2024-09-01,GTM,0.005764900836693045
2024-09-02,GTM,0.005068811994060069
2024-09-03,GTM,0.005366273469671977
2024-09-04,GTM,0.005300095022221141
2024-09-05,GTM,0.005163237707676462
2024-09-06,GTM,0.005350125266183725
2024-09-07,GTM,0.01378762390317534
2024-09-08,GTM,0.019392437597365104
2024-09-09,GTM,0.044051206824096474
2024-09-10,GTM,0.017619893929316788
2024-09-11,GTM,0.015202892477372368
2024-09-12,GTM,0.023332089915071737
2024-09-13,GTM,0.009900637180482142
2024-09-14,GTM,0.009084358845246531
2024-09-15,GTM,0.017532063989338594
2024-09-16,GTM,0.0094854860359113
2024-09-17,GTM,0.00868725437902623
2024-09-18,GTM,0.010494241150131893
2024-09-19,GTM,0.0069019077525743116
2024-09-20,GTM,0.008047824932216592
2024-09-21,GTM,0.18310452411720962
2024-09-22,GTM,0.08890763454521793
2024-09-23,GTM,0.022142454118057386
2024-09-24,GTM,0.021951924116722556
2024-09-25,GTM,0.14624072773746058
2024-09-26,GTM,0.02158273148003603
2024-09-27,GTM,0.023822073906894094
2024-09-28,GTM,0.005533770267634197
2024-09-29,GTM,0.005471784732495281
2024-09-30,GTM,0.005327047726329009
2024-10-01,GTM,0.0054632229224876394
2024-10-02,GTM,0.004997939647002695
2024-10-03,GTM,0.014387601583715466
2024-10-04,GTM,0.005014655649313311
2024-10-05,GTM,0.006589559535318349
2024-10-06,GTM,0.09283116362812342
2024-10-07,GTM,0.006300968328262391
2024-10-08,GTM,0.007251582974364836
2024-10-09,GTM,0.01323549266571506
2024-10-10,GTM,0.006085236760762787
2024-10-11,GTM,0.038864169332023635
2024-10-12,GTM,0.006003186709678959
2024-10-13,GTM,0.0048322591379199005
2024-10-14,GTM,0.004872611574626581
2024-10-15,GTM,0.00555330028868814
2024-10-16,GTM,0.00578350614204792
2024-10-17,GTM,0.005040610033069826
2024-10-18,GTM,0.005440135860098861
2024-10-19,GTM,0.007146553937385226
2024-10-20,GTM,0.005149457887451635
2024-10-21,GTM,0.00527085623327928
2024-10-22,GTM,0.0052157107257305895
2024-10-23,GTM,0.004931497917736882
2024-10-24,GTM,0.004565407032964482
2024-10-25,GTM,0.00892514744668157
2024-10-26,GTM,0.004870552568750982
2024-10-27,GTM,0.006069237334123278
2024-10-28,GTM,0.005021202659219606
2024-10-29,GTM,0.005068027022187405
2024-10-30,GTM,0.0062201381670448815
2024-10-31,GTM,0.03791408706574701
2024-11-01,GTM,0.011974866137247343
2024-11-02,GTM,0.031975040513546465
2024-11-03,GTM,0.012320165661331758
2024-11-04,GTM,0.02927065432722562
2024-11-05,GTM,0.010176849054472834
2024-11-06,GTM,0.035504699715389214
2024-11-07,GTM,0.014785505392123914
2024-11-08,GTM,0.011037714036127688
2024-11-09,GTM,0.012218948753459238
2024-11-10,GTM,0.020020406988643512
2024-11-11,GTM,0.00794386909567249
2024-11-12,GTM,0.007004520829561439
2024-11-13,GTM,0.009828771797338294
2024-11-14,GTM,0.09000460923234661
2024-11-15,GTM,0.009512946672747451
2024-11-16,GTM,0.007202694349141038
2024-11-17,GTM,0.007391869239329049
2024-11-18,GTM,0.016351480026171514
2024-11-19,GTM,0.01079208773241638
2024-11-20,GTM,0.011804071280123576
2024-11-21,GTM,0.006953130114412639
2024-11-22,GTM,0.012335742675224524
2024-11-23,GTM,0.00665344603081569
2024-11-24,GTM,0.011432289772046246
2024-11-25,GTM,0.006059229617224657
2024-11-26,GTM,0.00642161385551574
2024-11-27,GTM,0.006829922540170457
2024-11-28,GTM,0.06351428251570389
2024-11-29,GTM,0.021203783150793444
2024-11-30,GTM,0.03992086027292542
2024-12-01,GTM,0.010102066892822168
2024-12-02,GTM,0.010019140870579537
2024-12-03,GTM,0.01048181317574731
2024-12-04,GTM,0.011838467229530589
2024-12-05,GTM,0.010116184997844859
2024-12-06,GTM,0.008590193986148574
2024-12-07,GTM,0.009644600733314822
2024-12-08,GTM,0.03693658593978885
2024-12-09,GTM,0.0572298046947895
2024-12-10,GTM,0.053973140523825174
2024-12-11,GTM,0.027533325163333847
2024-12-12,GTM,0.016699121603931454
2024-12-13,GTM,0.024880236809783022
2024-12-14,GTM,0.020640007718828277
2024-12-15,GTM,0.023012605873634382
2024-12-16,GTM,0.023835228083583293
2024-12-17,GTM,0.04165186618824789
2024-12-18,GTM,0.04106545229612527
2024-12-19,GTM,0.027377337613108756
2024-12-20,GTM,0.017488722236284174
2024-12-21,GTM,0.017500424217259263
2024-12-22,GTM,0.014514973628693039
2024-12-23,GTM,0.07218976837524188
2024-12-24,GTM,0.01858382470036346
2024-12-25,GTM,0.01250407329238339
2024-12-26,GTM,0.007538309139750599
2024-12-27,GTM,0.010223106196066638
2024-12-28,GTM,0.009618233021206504
2024-12-29,GTM,0.009627821127250588
2024-12-30,GTM,0.008932534431413093
2024-12-31,GTM,0.008813492032802772
2025-01-01,GTM,0.012105616766182738
2025-01-02,GTM,0.012975090765290107
2025-01-03,GTM,0.011015813348481111
2025-01-04,GTM,0.05944124559805148
2025-01-05,GTM,0.0834084715753445
2025-01-06,GTM,0.0212090537439077
2025-01-07,GTM,0.03631223789293473
2025-01-08,GTM,0.04753353537904222
2025-01-09,GTM,0.17690902974488093
2025-01-10,GTM,0.07284851659716751
2025-01-11,GTM,0.01499667162336891
2025-01-12,GTM,0.08461642611901307
2025-01-13,GTM,0.12337708646061687
2025-01-14,GTM,0.006932470980913152
2025-01-15,GTM,0.0064511462719289555
2025-01-16,GTM,0.011939826026864057
2025-01-17,GTM,0.006262128957789383
2025-01-18,GTM,0.0258198602010951
2025-01-19,GTM,0.00719307987012119
2025-01-20,GTM,0.008048825902269895
2025-01-21,GTM,0.05469093081494152
2025-01-22,GTM,0.010260354858192676
2025-01-23,GTM,0.1012676735796437
2025-01-24,GTM,0.06292336185072385
2025-01-25,GTM,0.017447884457830024
2025-01-26,GTM,0.008849325742928932
2025-01-27,GTM,0.042957815412822536
2025-01-28,GTM,0.16112841817173026
2025-01-29,GTM,0.05161760456234776
2025-01-30,GTM,0.030658350259457973
2025-01-31,GTM,0.014149090194564829
2025-02-01,GTM,0.010666997394748188
2025-02-02,GTM,0.008446802235095032
2025-02-03,GTM,0.010598324765970347
2025-02-04,GTM,0.007720248436154002
2025-02-05,GTM,0.006043926795628148
2025-02-06,GTM,0.007404871467455862
2025-02-07,GTM,0.007223691205797162
2025-02-08,GTM,0.01941948377660294
2025-02-09,GTM,0.009081327311306158
2025-02-10,GTM,0.03513902753717322
2025-02-11,GTM,0.021362276845516566
2025-02-12,GTM,0.13279277627546984
2025-02-13,GTM,0.06509593224197074
2025-02-14,GTM,0.07594719743867892
2025-02-15,GTM,0.022438708029128597
2025-02-16,GTM,0.014421000973991826
2025-02-17,GTM,0.02544377176186365
2025-02-18,GTM,0.022806519178860795
2025-02-19,GTM,0.006373932912476971
2025-02-20,GTM,0.006218249092572869
2025-02-21,GTM,0.006091441581884539
2025-02-22,GTM,0.005030556191044568
2025-02-23,GTM,0.005335213025615092
2025-02-24,GTM,0.005738301585255585
2025-02-25,GTM,0.006276469937744316
2025-02-26,GTM,0.08458191172972536
2025-02-27,GTM,0.15442465514657092
2025-02-28,GTM,0.12109842403364565
2025-03-01,GTM,0.08200855473826717
2025-03-02,GTM,0.050717594927978726
2025-03-03,GTM,0.18478094131615128
2025-03-04,GTM,0.16017937534584153
2025-03-05,GTM,0.042647319229770456
2025-03-06,GTM,0.013262721870251687
2025-03-07,GTM,0.006435111596356506
2025-03-08,GTM,0.08165003795926037
2025-03-09,GTM,0.006657507661903448
2025-03-10,GTM,0.005187275900080526
2025-03-11,GTM,0.005246281612792057
2025-03-12,GTM,0.0062734857722974375
2025-03-13,GTM,0.0061304589590119845
2025-03-14,GTM,0.005691508650595124
2025-03-15,GTM,0.005234132448524061
2025-03-16,GTM,0.0053224326339633456
2025-03-17,GTM,0.006391106117466395
2025-03-18,GTM,0.005249195830619319
2025-03-19,GTM,0.004948925107218653
2025-03-20,GTM,0.009982237978044274
2025-03-21,GTM,0.0051548267531379656
2025-03-22,GTM,0.006834309997063668
2025-03-23,GTM,0.007917365418654189
2025-03-24,GTM,0.007460275712020129
2025-03-25,GTM,0.009946652219097608
2025-03-26,GTM,0.008915188816210614
2025-03-27,GTM,0.010635688507510276
2025-03-28,GTM,0.01268900382646493
