date,country,y_prob
2024-07-01,UKR,0.4577839
2024-07-02,UKR,0.4577839
2024-07-03,UKR,0.48237398
2024-07-04,UKR,0.48080716
2024-07-05,UKR,0.45204636
2024-07-06,UKR,0.4283529
2024-07-07,UKR,0.4201375
2024-07-08,UKR,0.40461603
2024-07-09,UKR,0.39317554
2024-07-10,UKR,0.39317554
2024-07-11,UKR,0.4122914
2024-07-12,UKR,0.40323177
2024-07-13,UKR,0.41079724
2024-07-14,UKR,0.392631
2024-07-15,UKR,0.392631
2024-07-16,UKR,0.37439775
2024-07-17,UKR,0.39800707
2024-07-18,UKR,0.44705337
2024-07-19,UKR,0.4313504
2024-07-20,UKR,0.45044768
2024-07-21,UKR,0.44841054
2024-07-22,UKR,0.44841054
2024-07-23,UKR,0.45209986
2024-07-24,UKR,0.41379875
2024-07-25,UKR,0.40089464
2024-07-26,UKR,0.4269534
2024-07-27,UKR,0.43284282
2024-07-28,UKR,0.43043494
2024-07-29,UKR,0.4343841
2024-07-30,UKR,0.4226995
2024-07-31,UKR,0.43570268
2024-08-01,UKR,0.4708733
2024-08-02,UKR,0.41725114
2024-08-03,UKR,0.38588032
2024-08-04,UKR,0.37646657
2024-08-05,UKR,0.38175106
2024-08-06,UKR,0.4258057
2024-08-07,UKR,0.36042535
2024-08-08,UKR,0.37060857
2024-08-09,UKR,0.35763627
2024-08-10,UKR,0.33480102
2024-08-11,UKR,0.35850838
2024-08-12,UKR,0.35909444
2024-08-13,UKR,0.32988724
2024-08-14,UKR,0.3197823
2024-08-15,UKR,0.357778
2024-08-16,UKR,0.31492642
2024-08-17,UKR,0.36085778
2024-08-18,UKR,0.4089105
2024-08-19,UKR,0.4089105
2024-08-20,UKR,0.38572747
2024-08-21,UKR,0.41142356
2024-08-22,UKR,0.4321768
2024-08-23,UKR,0.38572264
2024-08-24,UKR,0.39218444
2024-08-25,UKR,0.38293725
2024-08-26,UKR,0.38293725
2024-08-27,UKR,0.36703473
2024-08-28,UKR,0.39840233
2024-08-29,UKR,0.39447433
2024-08-30,UKR,0.35922712
2024-08-31,UKR,0.3276504
2024-09-01,UKR,0.32491794
2024-09-02,UKR,0.36997005
2024-09-03,UKR,0.35971412
2024-09-04,UKR,0.35470462
2024-09-05,UKR,0.3681014
2024-09-06,UKR,0.3862329
2024-09-07,UKR,0.38602212
2024-09-08,UKR,0.3821199
2024-09-09,UKR,0.3821199
2024-09-10,UKR,0.35449874
2024-09-11,UKR,0.41079333
2024-09-12,UKR,0.37478095
2024-09-13,UKR,0.38373682
2024-09-14,UKR,0.38373682
2024-09-15,UKR,0.37478095
2024-09-16,UKR,0.37478095
2024-09-17,UKR,0.35454863
2024-09-18,UKR,0.37132517
2024-09-19,UKR,0.37464684
2024-09-20,UKR,0.39302003
2024-09-21,UKR,0.41503066
2024-09-22,UKR,0.4203372
2024-09-23,UKR,0.41794643
2024-09-24,UKR,0.41805825
2024-09-25,UKR,0.3952554
2024-09-26,UKR,0.44966295
2024-09-27,UKR,0.41508412
2024-09-28,UKR,0.38033003
2024-09-29,UKR,0.374795
2024-09-30,UKR,0.374795
2024-10-01,UKR,0.36104128
2024-10-02,UKR,0.34367347
2024-10-03,UKR,0.33034265
2024-10-04,UKR,0.37450945
2024-10-05,UKR,0.3971063
2024-10-06,UKR,0.3910922
2024-10-07,UKR,0.3910922
2024-10-08,UKR,0.38981542
2024-10-09,UKR,0.4080084
2024-10-10,UKR,0.3812027
2024-10-11,UKR,0.41630033
2024-10-12,UKR,0.4182564
2024-10-13,UKR,0.4090296
2024-10-14,UKR,0.4090296
2024-10-15,UKR,0.41675434
2024-10-16,UKR,0.40524074
2024-10-17,UKR,0.3831943
2024-10-18,UKR,0.3893649
2024-10-19,UKR,0.40607253
2024-10-20,UKR,0.39693114
2024-10-21,UKR,0.39693114
2024-10-22,UKR,0.40059698
2024-10-23,UKR,0.39524522
2024-10-24,UKR,0.3893649
2024-10-25,UKR,0.40208092
2024-10-26,UKR,0.3799548
2024-10-27,UKR,0.38510805
2024-10-28,UKR,0.38510805
2024-10-29,UKR,0.4083511
2024-10-30,UKR,0.4083511
2024-10-31,UKR,0.41757336
2024-11-01,UKR,0.4083511
2024-11-02,UKR,0.40309063
2024-11-03,UKR,0.4083511
2024-11-04,UKR,0.4083511
2024-11-05,UKR,0.40334022
2024-11-06,UKR,0.40251973
2024-11-07,UKR,0.43124452
2024-11-08,UKR,0.4563401
2024-11-09,UKR,0.45564714
2024-11-10,UKR,0.43361318
2024-11-11,UKR,0.43361318
2024-11-12,UKR,0.4277655
2024-11-13,UKR,0.4277655
2024-11-14,UKR,0.4277655
2024-11-15,UKR,0.41630074
2024-11-16,UKR,0.38456738
2024-11-17,UKR,0.38456738
2024-11-18,UKR,0.39258632
2024-11-19,UKR,0.3876422
2024-11-20,UKR,0.44165146
2024-11-21,UKR,0.43848348
2024-11-22,UKR,0.4521484
2024-11-23,UKR,0.4494253
2024-11-24,UKR,0.42661384
2024-11-25,UKR,0.42661384
2024-11-26,UKR,0.4511386
2024-11-27,UKR,0.39655817
2024-11-28,UKR,0.45951128
2024-11-29,UKR,0.4646765
2024-11-30,UKR,0.45672357
2024-12-01,UKR,0.44730073
2024-12-02,UKR,0.44730073
2024-12-03,UKR,0.46972236
2024-12-04,UKR,0.45672357
2024-12-05,UKR,0.43152252
2024-12-06,UKR,0.42643225
2024-12-07,UKR,0.38071108
2024-12-08,UKR,0.39755154
2024-12-09,UKR,0.39755154
2024-12-10,UKR,0.39351466
2024-12-11,UKR,0.39351466
2024-12-12,UKR,0.36469868
2024-12-13,UKR,0.38305554
2024-12-14,UKR,0.41019124
2024-12-15,UKR,0.41019124
2024-12-16,UKR,0.42577365
2024-12-17,UKR,0.4268229
2024-12-18,UKR,0.43030688
2024-12-19,UKR,0.38816944
2024-12-20,UKR,0.4195463
2024-12-21,UKR,0.41285318
2024-12-22,UKR,0.41789946
2024-12-23,UKR,0.41789946
2024-12-24,UKR,0.39870244
2024-12-25,UKR,0.40237576
2024-12-26,UKR,0.44977024
2024-12-27,UKR,0.4508302
2024-12-28,UKR,0.48766655
2024-12-29,UKR,0.47816718
2024-12-30,UKR,0.47816718
2024-12-31,UKR,0.43676963
2025-01-01,UKR,0.43676963
2025-01-02,UKR,0.45427084
2025-01-03,UKR,0.40313298
2025-01-04,UKR,0.40960875
2025-01-05,UKR,0.3999932
2025-01-06,UKR,0.3753488
2025-01-07,UKR,0.47080687
2025-01-08,UKR,0.4115714
2025-01-09,UKR,0.4028825
2025-01-10,UKR,0.45249736
2025-01-11,UKR,0.39101416
2025-01-12,UKR,0.41573775
2025-01-13,UKR,0.41573775
2025-01-14,UKR,0.3986366
2025-01-15,UKR,0.42546338
2025-01-16,UKR,0.5080128
2025-01-17,UKR,0.5080128
2025-01-18,UKR,0.4674413
2025-01-19,UKR,0.4857493
2025-01-20,UKR,0.4857493
2025-01-21,UKR,0.4857493
2025-01-22,UKR,0.47751775
2025-01-23,UKR,0.45286202
2025-01-24,UKR,0.47995657
2025-01-25,UKR,0.5356675
2025-01-26,UKR,0.48774856
2025-01-27,UKR,0.48774856
2025-01-28,UKR,0.4542636
2025-01-29,UKR,0.46625945
2025-01-30,UKR,0.42742738
2025-01-31,UKR,0.46934664
2025-02-01,UKR,0.3733652
2025-02-02,UKR,0.37711364
2025-02-03,UKR,0.37711364
2025-02-04,UKR,0.3742365
2025-02-05,UKR,0.44048625
2025-02-06,UKR,0.46574387
2025-02-07,UKR,0.43877465
2025-02-08,UKR,0.43180484
2025-02-09,UKR,0.4371656
2025-02-10,UKR,0.4371656
2025-02-11,UKR,0.44230905
2025-02-12,UKR,0.48445296
2025-02-13,UKR,0.41561332
2025-02-14,UKR,0.44231185
2025-02-15,UKR,0.49736932
2025-02-16,UKR,0.464699
2025-02-17,UKR,0.464699
2025-02-18,UKR,0.45121187
2025-02-19,UKR,0.45057586
2025-02-20,UKR,0.43896872
2025-02-21,UKR,0.39676747
2025-02-22,UKR,0.36457586
2025-02-23,UKR,0.37342703
2025-02-24,UKR,0.37342703
2025-02-25,UKR,0.37724197
2025-02-26,UKR,0.37724197
2025-02-27,UKR,0.3615463
2025-02-28,UKR,0.29083362
2025-03-01,UKR,0.3128021
2025-03-02,UKR,0.325718
2025-03-03,UKR,0.3179989
2025-03-04,UKR,0.3324014
2025-03-05,UKR,0.35779035
2025-03-06,UKR,0.3660319
2025-03-07,UKR,0.362644
2025-03-08,UKR,0.32980752
2025-03-09,UKR,0.31695402
2025-03-10,UKR,0.31695402
2025-03-11,UKR,0.33416212
2025-03-12,UKR,0.33538607
2025-03-13,UKR,0.2945626
2025-03-14,UKR,0.34221593
2025-03-15,UKR,0.35754234
2025-03-16,UKR,0.35754234
2025-03-17,UKR,0.37011793
2025-03-18,UKR,0.36623818
2025-03-19,UKR,0.35148916
2025-03-20,UKR,0.35221684
2025-03-21,UKR,0.38409173
2025-03-22,UKR,0.39564124
2025-03-23,UKR,0.40086973
2025-03-24,UKR,0.40086973
2025-03-25,UKR,0.34380612
2025-03-26,UKR,0.36408052
2025-03-27,UKR,0.35033712
2025-03-28,UKR,0.39588928
2024-07-01,RUS,0.34552848
2024-07-02,RUS,0.34552848
2024-07-03,RUS,0.32549638
2024-07-04,RUS,0.34140423
2024-07-05,RUS,0.3382524
2024-07-06,RUS,0.34140423
2024-07-07,RUS,0.40546584
2024-07-08,RUS,0.40546584
2024-07-09,RUS,0.44965485
2024-07-10,RUS,0.44965485
2024-07-11,RUS,0.49056646
2024-07-12,RUS,0.4632526
2024-07-13,RUS,0.535576
2024-07-14,RUS,0.54774463
2024-07-15,RUS,0.45626515
2024-07-16,RUS,0.455243
2024-07-17,RUS,0.47855964
2024-07-18,RUS,0.41008496
2024-07-19,RUS,0.42441308
2024-07-20,RUS,0.44484746
2024-07-21,RUS,0.446125
2024-07-22,RUS,0.4956019
2024-07-23,RUS,0.48677063
2024-07-24,RUS,0.49515027
2024-07-25,RUS,0.47049817
2024-07-26,RUS,0.46752247
2024-07-27,RUS,0.4961741
2024-07-28,RUS,0.48677063
2024-07-29,RUS,0.483377
2024-07-30,RUS,0.41673565
2024-07-31,RUS,0.47404718
2024-08-01,RUS,0.46596006
2024-08-02,RUS,0.35673183
2024-08-03,RUS,0.30554578
2024-08-04,RUS,0.32860693
2024-08-05,RUS,0.31142992
2024-08-06,RUS,0.36172685
2024-08-07,RUS,0.3503185
2024-08-08,RUS,0.35743877
2024-08-09,RUS,0.3349907
2024-08-10,RUS,0.59932196
2024-08-11,RUS,0.45630634
2024-08-12,RUS,0.4171613
2024-08-13,RUS,0.34413263
2024-08-14,RUS,0.22141933
2024-08-15,RUS,0.23300467
2024-08-16,RUS,0.24129142
2024-08-17,RUS,0.23594059
2024-08-18,RUS,0.22582316
2024-08-19,RUS,0.24219716
2024-08-20,RUS,0.28541267
2024-08-21,RUS,0.30953407
2024-08-22,RUS,0.29916582
2024-08-23,RUS,0.28056052
2024-08-24,RUS,0.30950418
2024-08-25,RUS,0.3011481
2024-08-26,RUS,0.31698468
2024-08-27,RUS,0.30173528
2024-08-28,RUS,0.33080715
2024-08-29,RUS,0.3252811
2024-08-30,RUS,0.29751712
2024-08-31,RUS,0.27229586
2024-09-01,RUS,0.27856416
2024-09-02,RUS,0.27856416
2024-09-03,RUS,0.27856416
2024-09-04,RUS,0.2517582
2024-09-05,RUS,0.30103308
2024-09-06,RUS,0.3258442
2024-09-07,RUS,0.3190709
2024-09-08,RUS,0.31665766
2024-09-09,RUS,0.3381011
2024-09-10,RUS,0.32446122
2024-09-11,RUS,0.31607473
2024-09-12,RUS,0.31607473
2024-09-13,RUS,0.38691157
2024-09-14,RUS,0.3809813
2024-09-15,RUS,0.3304055
2024-09-16,RUS,0.3304055
2024-09-17,RUS,0.35694832
2024-09-18,RUS,0.30439726
2024-09-19,RUS,0.27606145
2024-09-20,RUS,0.24500893
2024-09-21,RUS,0.2173704
2024-09-22,RUS,0.24500893
2024-09-23,RUS,0.25372818
2024-09-24,RUS,0.22005196
2024-09-25,RUS,0.25230137
2024-09-26,RUS,0.38059682
2024-09-27,RUS,0.38801524
2024-09-28,RUS,0.34327713
2024-09-29,RUS,0.3356658
2024-09-30,RUS,0.32438827
2024-10-01,RUS,0.33288798
2024-10-02,RUS,0.32786343
2024-10-03,RUS,0.34835234
2024-10-04,RUS,0.35845122
2024-10-05,RUS,0.36726412
2024-10-06,RUS,0.3725578
2024-10-07,RUS,0.3725578
2024-10-08,RUS,0.36601835
2024-10-09,RUS,0.3725578
2024-10-10,RUS,0.35705516
2024-10-11,RUS,0.39192495
2024-10-12,RUS,0.36369088
2024-10-13,RUS,0.36369088
2024-10-14,RUS,0.36369088
2024-10-15,RUS,0.36369088
2024-10-16,RUS,0.3396588
2024-10-17,RUS,0.32449618
2024-10-18,RUS,0.32449618
2024-10-19,RUS,0.35899848
2024-10-20,RUS,0.3417998
2024-10-21,RUS,0.3417998
2024-10-22,RUS,0.3502468
2024-10-23,RUS,0.33709165
2024-10-24,RUS,0.34986693
2024-10-25,RUS,0.30610853
2024-10-26,RUS,0.21982294
2024-10-27,RUS,0.2384647
2024-10-28,RUS,0.2384647
2024-10-29,RUS,0.2787634
2024-10-30,RUS,0.2787634
2024-10-31,RUS,0.30610853
2024-11-01,RUS,0.34945533
2024-11-02,RUS,0.3546362
2024-11-03,RUS,0.3546362
2024-11-04,RUS,0.3546362
2024-11-05,RUS,0.38008058
2024-11-06,RUS,0.38519636
2024-11-07,RUS,0.35960817
2024-11-08,RUS,0.40952194
2024-11-09,RUS,0.38332537
2024-11-10,RUS,0.3723748
2024-11-11,RUS,0.3723748
2024-11-12,RUS,0.33894306
2024-11-13,RUS,0.33894306
2024-11-14,RUS,0.34450707
2024-11-15,RUS,0.33904237
2024-11-16,RUS,0.35234794
2024-11-17,RUS,0.35234794
2024-11-18,RUS,0.23567562
2024-11-19,RUS,0.24915363
2024-11-20,RUS,0.27567366
2024-11-21,RUS,0.2641317
2024-11-22,RUS,0.28110635
2024-11-23,RUS,0.27908444
2024-11-24,RUS,0.2550525
2024-11-25,RUS,0.27680174
2024-11-26,RUS,0.2784501
2024-11-27,RUS,0.2219612
2024-11-28,RUS,0.37925702
2024-11-29,RUS,0.34456113
2024-11-30,RUS,0.35657105
2024-12-01,RUS,0.31958708
2024-12-02,RUS,0.31958708
2024-12-03,RUS,0.3578491
2024-12-04,RUS,0.3127869
2024-12-05,RUS,0.37244484
2024-12-06,RUS,0.41541737
2024-12-07,RUS,0.3525382
2024-12-08,RUS,0.3525382
2024-12-09,RUS,0.3623826
2024-12-10,RUS,0.37586153
2024-12-11,RUS,0.36997136
2024-12-12,RUS,0.3393292
2024-12-13,RUS,0.3444394
2024-12-14,RUS,0.3920188
2024-12-15,RUS,0.40547368
2024-12-16,RUS,0.39518422
2024-12-17,RUS,0.3466661
2024-12-18,RUS,0.34544882
2024-12-19,RUS,0.40206274
2024-12-20,RUS,0.40003797
2024-12-21,RUS,0.3586436
2024-12-22,RUS,0.340619
2024-12-23,RUS,0.3586436
2024-12-24,RUS,0.3586436
2024-12-25,RUS,0.340619
2024-12-26,RUS,0.33004436
2024-12-27,RUS,0.3371754
2024-12-28,RUS,0.35402378
2024-12-29,RUS,0.37235716
2024-12-30,RUS,0.35402378
2024-12-31,RUS,0.35402378
2025-01-01,RUS,0.3328244
2025-01-02,RUS,0.3566681
2025-01-03,RUS,0.3928116
2025-01-04,RUS,0.32988456
2025-01-05,RUS,0.3623733
2025-01-06,RUS,0.33741236
2025-01-07,RUS,0.3111179
2025-01-08,RUS,0.36871108
2025-01-09,RUS,0.3476008
2025-01-10,RUS,0.33734402
2025-01-11,RUS,0.36691684
2025-01-12,RUS,0.39221457
2025-01-13,RUS,0.40250692
2025-01-14,RUS,0.40250692
2025-01-15,RUS,0.40250692
2025-01-16,RUS,0.39327478
2025-01-17,RUS,0.41155222
2025-01-18,RUS,0.38977084
2025-01-19,RUS,0.42871925
2025-01-20,RUS,0.42871925
2025-01-21,RUS,0.42871925
2025-01-22,RUS,0.43792188
2025-01-23,RUS,0.40809625
2025-01-24,RUS,0.41743416
2025-01-25,RUS,0.38513705
2025-01-26,RUS,0.38513705
2025-01-27,RUS,0.38513705
2025-01-28,RUS,0.3725889
2025-01-29,RUS,0.40513027
2025-01-30,RUS,0.3957599
2025-01-31,RUS,0.33040556
2025-02-01,RUS,0.3399564
2025-02-02,RUS,0.33164996
2025-02-03,RUS,0.33164996
2025-02-04,RUS,0.33164996
2025-02-05,RUS,0.33164996
2025-02-06,RUS,0.34945148
2025-02-07,RUS,0.34945148
2025-02-08,RUS,0.3478599
2025-02-09,RUS,0.3633986
2025-02-10,RUS,0.3633986
2025-02-11,RUS,0.3617789
2025-02-12,RUS,0.3617789
2025-02-13,RUS,0.3704417
2025-02-14,RUS,0.37207764
2025-02-15,RUS,0.36090925
2025-02-16,RUS,0.36090925
2025-02-17,RUS,0.37257016
2025-02-18,RUS,0.37257016
2025-02-19,RUS,0.37257016
2025-02-20,RUS,0.3778154
2025-02-21,RUS,0.36518094
2025-02-22,RUS,0.35629705
2025-02-23,RUS,0.35629705
2025-02-24,RUS,0.35629705
2025-02-25,RUS,0.35629705
2025-02-26,RUS,0.36518094
2025-02-27,RUS,0.36518094
2025-02-28,RUS,0.3660861
2025-03-01,RUS,0.355134
2025-03-02,RUS,0.36558014
2025-03-03,RUS,0.3544004
2025-03-04,RUS,0.3544004
2025-03-05,RUS,0.3544004
2025-03-06,RUS,0.3544004
2025-03-07,RUS,0.35041088
2025-03-08,RUS,0.36639553
2025-03-09,RUS,0.36639553
2025-03-10,RUS,0.3577735
2025-03-11,RUS,0.36667323
2025-03-12,RUS,0.38527095
2025-03-13,RUS,0.3577735
2025-03-14,RUS,0.3577735
2025-03-15,RUS,0.33357653
2025-03-16,RUS,0.34192586
2025-03-17,RUS,0.3599819
2025-03-18,RUS,0.34753355
2025-03-19,RUS,0.38222334
2025-03-20,RUS,0.3579619
2025-03-21,RUS,0.3579619
2025-03-22,RUS,0.3579619
2025-03-23,RUS,0.3579619
2025-03-24,RUS,0.3583688
2025-03-25,RUS,0.35802355
2025-03-26,RUS,0.355914
2025-03-27,RUS,0.3438824
2025-03-28,RUS,0.383083
2024-07-01,PSE,0.27040505
2024-07-02,PSE,0.33996496
2024-07-03,PSE,0.31361356
2024-07-04,PSE,0.30700234
2024-07-05,PSE,0.31361356
2024-07-06,PSE,0.2974422
2024-07-07,PSE,0.31714287
2024-07-08,PSE,0.31714287
2024-07-09,PSE,0.29956335
2024-07-10,PSE,0.2960372
2024-07-11,PSE,0.3253143
2024-07-12,PSE,0.30977538
2024-07-13,PSE,0.3162555
2024-07-14,PSE,0.30811837
2024-07-15,PSE,0.3045353
2024-07-16,PSE,0.29438287
2024-07-17,PSE,0.30240363
2024-07-18,PSE,0.2765225
2024-07-19,PSE,0.30559653
2024-07-20,PSE,0.30057886
2024-07-21,PSE,0.31259018
2024-07-22,PSE,0.31259018
2024-07-23,PSE,0.29022896
2024-07-24,PSE,0.2966662
2024-07-25,PSE,0.25088906
2024-07-26,PSE,0.2847861
2024-07-27,PSE,0.31410027
2024-07-28,PSE,0.32246158
2024-07-29,PSE,0.31096128
2024-07-30,PSE,0.26317713
2024-07-31,PSE,0.26613113
2024-08-01,PSE,0.27144837
2024-08-02,PSE,0.2685802
2024-08-03,PSE,0.25815642
2024-08-04,PSE,0.27131546
2024-08-05,PSE,0.27131546
2024-08-06,PSE,0.28832048
2024-08-07,PSE,0.26750177
2024-08-08,PSE,0.2612862
2024-08-09,PSE,0.28948197
2024-08-10,PSE,0.29537168
2024-08-11,PSE,0.30345502
2024-08-12,PSE,0.30345502
2024-08-13,PSE,0.3284238
2024-08-14,PSE,0.2605912
2024-08-15,PSE,0.28763172
2024-08-16,PSE,0.3051661
2024-08-17,PSE,0.3401488
2024-08-18,PSE,0.3313741
2024-08-19,PSE,0.32139048
2024-08-20,PSE,0.296101
2024-08-21,PSE,0.29080668
2024-08-22,PSE,0.28167573
2024-08-23,PSE,0.24499434
2024-08-24,PSE,0.27983698
2024-08-25,PSE,0.27488184
2024-08-26,PSE,0.29158708
2024-08-27,PSE,0.29621455
2024-08-28,PSE,0.30258125
2024-08-29,PSE,0.2838382
2024-08-30,PSE,0.29454145
2024-08-31,PSE,0.22461371
2024-09-01,PSE,0.2392976
2024-09-02,PSE,0.2392976
2024-09-03,PSE,0.2392976
2024-09-04,PSE,0.24509902
2024-09-05,PSE,0.24785346
2024-09-06,PSE,0.25924316
2024-09-07,PSE,0.25661314
2024-09-08,PSE,0.25661314
2024-09-09,PSE,0.25661314
2024-09-10,PSE,0.24164738
2024-09-11,PSE,0.24513741
2024-09-12,PSE,0.24513741
2024-09-13,PSE,0.24513741
2024-09-14,PSE,0.23270729
2024-09-15,PSE,0.23270729
2024-09-16,PSE,0.23270729
2024-09-17,PSE,0.25169
2024-09-18,PSE,0.2477765
2024-09-19,PSE,0.26346007
2024-09-20,PSE,0.26346007
2024-09-21,PSE,0.2548264
2024-09-22,PSE,0.2707956
2024-09-23,PSE,0.2707956
2024-09-24,PSE,0.25985909
2024-09-25,PSE,0.2644279
2024-09-26,PSE,0.29926637
2024-09-27,PSE,0.27602682
2024-09-28,PSE,0.24344115
2024-09-29,PSE,0.24344115
2024-09-30,PSE,0.24344115
2024-10-01,PSE,0.2285794
2024-10-02,PSE,0.24436425
2024-10-03,PSE,0.24972516
2024-10-04,PSE,0.24589628
2024-10-05,PSE,0.32272556
2024-10-06,PSE,0.30351844
2024-10-07,PSE,0.30351844
2024-10-08,PSE,0.33753482
2024-10-09,PSE,0.283196
2024-10-10,PSE,0.26288775
2024-10-11,PSE,0.30493233
2024-10-12,PSE,0.2602718
2024-10-13,PSE,0.25171185
2024-10-14,PSE,0.24173361
2024-10-15,PSE,0.24174462
2024-10-16,PSE,0.24850994
2024-10-17,PSE,0.22105321
2024-10-18,PSE,0.21307813
2024-10-19,PSE,0.28460282
2024-10-20,PSE,0.27612716
2024-10-21,PSE,0.27612716
2024-10-22,PSE,0.23699072
2024-10-23,PSE,0.23864152
2024-10-24,PSE,0.22859645
2024-10-25,PSE,0.25863016
2024-10-26,PSE,0.20984782
2024-10-27,PSE,0.22384503
2024-10-28,PSE,0.22384503
2024-10-29,PSE,0.2676549
2024-10-30,PSE,0.258076
2024-10-31,PSE,0.2676549
2024-11-01,PSE,0.25616416
2024-11-02,PSE,0.2412101
2024-11-03,PSE,0.25661987
2024-11-04,PSE,0.25661987
2024-11-05,PSE,0.26696458
2024-11-06,PSE,0.25367722
2024-11-07,PSE,0.25066596
2024-11-08,PSE,0.2892233
2024-11-09,PSE,0.27820158
2024-11-10,PSE,0.28885362
2024-11-11,PSE,0.28885362
2024-11-12,PSE,0.27772185
2024-11-13,PSE,0.30157194
2024-11-14,PSE,0.27601323
2024-11-15,PSE,0.28651652
2024-11-16,PSE,0.26199698
2024-11-17,PSE,0.26199698
2024-11-18,PSE,0.26199698
2024-11-19,PSE,0.25650403
2024-11-20,PSE,0.33310425
2024-11-21,PSE,0.30373338
2024-11-22,PSE,0.31555888
2024-11-23,PSE,0.26049578
2024-11-24,PSE,0.27598065
2024-11-25,PSE,0.2635686
2024-11-26,PSE,0.27727702
2024-11-27,PSE,0.23171258
2024-11-28,PSE,0.30115575
2024-11-29,PSE,0.30360183
2024-11-30,PSE,0.27372426
2024-12-01,PSE,0.27372426
2024-12-02,PSE,0.27372426
2024-12-03,PSE,0.29714146
2024-12-04,PSE,0.2740024
2024-12-05,PSE,0.26164722
2024-12-06,PSE,0.26807472
2024-12-07,PSE,0.24957182
2024-12-08,PSE,0.26532897
2024-12-09,PSE,0.26006052
2024-12-10,PSE,0.24286139
2024-12-11,PSE,0.24286139
2024-12-12,PSE,0.23337738
2024-12-13,PSE,0.24770145
2024-12-14,PSE,0.24891445
2024-12-15,PSE,0.24339628
2024-12-16,PSE,0.24339628
2024-12-17,PSE,0.24874291
2024-12-18,PSE,0.22828995
2024-12-19,PSE,0.22615528
2024-12-20,PSE,0.23191729
2024-12-21,PSE,0.25399336
2024-12-22,PSE,0.22406882
2024-12-23,PSE,0.22406882
2024-12-24,PSE,0.18150406
2024-12-25,PSE,0.1903591
2024-12-26,PSE,0.22406882
2024-12-27,PSE,0.2190979
2024-12-28,PSE,0.2369911
2024-12-29,PSE,0.25350323
2024-12-30,PSE,0.25350323
2024-12-31,PSE,0.23032968
2025-01-01,PSE,0.22526015
2025-01-02,PSE,0.22310007
2025-01-03,PSE,0.19490552
2025-01-04,PSE,0.22389448
2025-01-05,PSE,0.20384943
2025-01-06,PSE,0.20384943
2025-01-07,PSE,0.30109793
2025-01-08,PSE,0.25353137
2025-01-09,PSE,0.25552192
2025-01-10,PSE,0.24230403
2025-01-11,PSE,0.27291676
2025-01-12,PSE,0.25515234
2025-01-13,PSE,0.25515234
2025-01-14,PSE,0.23980229
2025-01-15,PSE,0.28108394
2025-01-16,PSE,0.2520745
2025-01-17,PSE,0.26667398
2025-01-18,PSE,0.24388687
2025-01-19,PSE,0.24398325
2025-01-20,PSE,0.27576378
2025-01-21,PSE,0.29215518
2025-01-22,PSE,0.3509394
2025-01-23,PSE,0.32925984
2025-01-24,PSE,0.347717
2025-01-25,PSE,0.32959348
2025-01-26,PSE,0.3390385
2025-01-27,PSE,0.36119643
2025-01-28,PSE,0.32424212
2025-01-29,PSE,0.3323128
2025-01-30,PSE,0.33021045
2025-01-31,PSE,0.375158
2025-02-01,PSE,0.37408984
2025-02-02,PSE,0.3814606
2025-02-03,PSE,0.34583515
2025-02-04,PSE,0.30680457
2025-02-05,PSE,0.3129628
2025-02-06,PSE,0.33890182
2025-02-07,PSE,0.35363644
2025-02-08,PSE,0.35363644
2025-02-09,PSE,0.369113
2025-02-10,PSE,0.369113
2025-02-11,PSE,0.36694476
2025-02-12,PSE,0.3847562
2025-02-13,PSE,0.36193162
2025-02-14,PSE,0.36193162
2025-02-15,PSE,0.33967263
2025-02-16,PSE,0.33967263
2025-02-17,PSE,0.3495187
2025-02-18,PSE,0.3630031
2025-02-19,PSE,0.38486302
2025-02-20,PSE,0.3391696
2025-02-21,PSE,0.35352528
2025-02-22,PSE,0.32654265
2025-02-23,PSE,0.3286495
2025-02-24,PSE,0.3195991
2025-02-25,PSE,0.23266317
2025-02-26,PSE,0.23266317
2025-02-27,PSE,0.42538908
2025-02-28,PSE,0.39193374
2025-03-01,PSE,0.26726326
2025-03-02,PSE,0.25885642
2025-03-03,PSE,0.25885642
2025-03-04,PSE,0.22375058
2025-03-05,PSE,0.23215765
2025-03-06,PSE,0.26469612
2025-03-07,PSE,0.254204
2025-03-08,PSE,0.34724852
2025-03-09,PSE,0.26823974
2025-03-10,PSE,0.26823974
2025-03-11,PSE,0.254204
2025-03-12,PSE,0.48762432
2025-03-13,PSE,0.417665
2025-03-14,PSE,0.32439497
2025-03-15,PSE,0.32439497
2025-03-16,PSE,0.32439497
2025-03-17,PSE,0.32543185
2025-03-18,PSE,0.27568024
2025-03-19,PSE,0.27657628
2025-03-20,PSE,0.28550646
2025-03-21,PSE,0.27871487
2025-03-22,PSE,0.26765332
2025-03-23,PSE,0.26586935
2025-03-24,PSE,0.26586935
2025-03-25,PSE,0.25255668
2025-03-26,PSE,0.28576717
2025-03-27,PSE,0.2760324
2025-03-28,PSE,0.30906364
2024-07-01,ISR,0.688982
2024-07-02,ISR,0.691353
2024-07-03,ISR,0.691353
2024-07-04,ISR,0.68307227
2024-07-05,ISR,0.6498055
2024-07-06,ISR,0.6795457
2024-07-07,ISR,0.67414826
2024-07-08,ISR,0.6393092
2024-07-09,ISR,0.67414826
2024-07-10,ISR,0.4531003
2024-07-11,ISR,0.42878294
2024-07-12,ISR,0.37112218
2024-07-13,ISR,0.37112218
2024-07-14,ISR,0.37112218
2024-07-15,ISR,0.37973657
2024-07-16,ISR,0.37973657
2024-07-17,ISR,0.6777741
2024-07-18,ISR,0.51173884
2024-07-19,ISR,0.51173884
2024-07-20,ISR,0.5213594
2024-07-21,ISR,0.409782
2024-07-22,ISR,0.409782
2024-07-23,ISR,0.41111684
2024-07-24,ISR,0.41111684
2024-07-25,ISR,0.45303187
2024-07-26,ISR,0.4146507
2024-07-27,ISR,0.41331246
2024-07-28,ISR,0.5371967
2024-07-29,ISR,0.5149313
2024-07-30,ISR,0.5149313
2024-07-31,ISR,0.5149313
2024-08-01,ISR,0.5149313
2024-08-02,ISR,0.53747344
2024-08-03,ISR,0.54952556
2024-08-04,ISR,0.52246475
2024-08-05,ISR,0.6417538
2024-08-06,ISR,0.5511531
2024-08-07,ISR,0.5799655
2024-08-08,ISR,0.5813087
2024-08-09,ISR,0.56899506
2024-08-10,ISR,0.5757541
2024-08-11,ISR,0.33256152
2024-08-12,ISR,0.33256152
2024-08-13,ISR,0.31789052
2024-08-14,ISR,0.31789052
2024-08-15,ISR,0.31789052
2024-08-16,ISR,0.31789052
2024-08-17,ISR,0.32406607
2024-08-18,ISR,0.5849913
2024-08-19,ISR,0.58007985
2024-08-20,ISR,0.6692776
2024-08-21,ISR,0.6692776
2024-08-22,ISR,0.6692776
2024-08-23,ISR,0.6692776
2024-08-24,ISR,0.70661277
2024-08-25,ISR,0.6194219
2024-08-26,ISR,0.5958998
2024-08-27,ISR,0.5958998
2024-08-28,ISR,0.58858955
2024-08-29,ISR,0.58858955
2024-08-30,ISR,0.5792298
2024-08-31,ISR,0.54411036
2024-09-01,ISR,0.55160886
2024-09-02,ISR,0.6047975
2024-09-03,ISR,0.6047975
2024-09-04,ISR,0.5987992
2024-09-05,ISR,0.5848164
2024-09-06,ISR,0.5649701
2024-09-07,ISR,0.5829675
2024-09-08,ISR,0.67804724
2024-09-09,ISR,0.6805426
2024-09-10,ISR,0.6110764
2024-09-11,ISR,0.60188216
2024-09-12,ISR,0.6087017
2024-09-13,ISR,0.59955806
2024-09-14,ISR,0.5864696
2024-09-15,ISR,0.5864696
2024-09-16,ISR,0.5864696
2024-09-17,ISR,0.622982
2024-09-18,ISR,0.622982
2024-09-19,ISR,0.622982
2024-09-20,ISR,0.623406
2024-09-21,ISR,0.623406
2024-09-22,ISR,0.623406
2024-09-23,ISR,0.623406
2024-09-24,ISR,0.6202298
2024-09-25,ISR,0.5240091
2024-09-26,ISR,0.4084374
2024-09-27,ISR,0.40555358
2024-09-28,ISR,0.4051184
2024-09-29,ISR,0.4051184
2024-09-30,ISR,0.36578336
2024-10-01,ISR,0.4064126
2024-10-02,ISR,0.43319133
2024-10-03,ISR,0.5405464
2024-10-04,ISR,0.5405464
2024-10-05,ISR,0.53401166
2024-10-06,ISR,0.53401166
2024-10-07,ISR,0.6138326
2024-10-08,ISR,0.2724654
2024-10-09,ISR,0.2745812
2024-10-10,ISR,0.26195365
2024-10-11,ISR,0.26195365
2024-10-12,ISR,0.26783797
2024-10-13,ISR,0.2948924
2024-10-14,ISR,0.2948924
2024-10-15,ISR,0.4156502
2024-10-16,ISR,0.3935548
2024-10-17,ISR,0.3935548
2024-10-18,ISR,0.40006444
2024-10-19,ISR,0.40006444
2024-10-20,ISR,0.34186405
2024-10-21,ISR,0.34186405
2024-10-22,ISR,0.35845357
2024-10-23,ISR,0.3432592
2024-10-24,ISR,0.35253015
2024-10-25,ISR,0.3652877
2024-10-26,ISR,0.36850816
2024-10-27,ISR,0.4044846
2024-10-28,ISR,0.4044846
2024-10-29,ISR,0.41578722
2024-10-30,ISR,0.380206
2024-10-31,ISR,0.380206
2024-11-01,ISR,0.3937271
2024-11-02,ISR,0.43565738
2024-11-03,ISR,0.36755243
2024-11-04,ISR,0.36755243
2024-11-05,ISR,0.3834697
2024-11-06,ISR,0.3834697
2024-11-07,ISR,0.33977267
2024-11-08,ISR,0.33977267
2024-11-09,ISR,0.33390123
2024-11-10,ISR,0.30015376
2024-11-11,ISR,0.30015376
2024-11-12,ISR,0.27730334
2024-11-13,ISR,0.30015376
2024-11-14,ISR,0.52801764
2024-11-15,ISR,0.52341086
2024-11-16,ISR,0.52341086
2024-11-17,ISR,0.5375635
2024-11-18,ISR,0.5375635
2024-11-19,ISR,0.36562765
2024-11-20,ISR,0.45714915
2024-11-21,ISR,0.48065367
2024-11-22,ISR,0.48408788
2024-11-23,ISR,0.46938813
2024-11-24,ISR,0.46547267
2024-11-25,ISR,0.4100026
2024-11-26,ISR,0.5780198
2024-11-27,ISR,0.5780198
2024-11-28,ISR,0.53186005
2024-11-29,ISR,0.5243292
2024-11-30,ISR,0.5248326
2024-12-01,ISR,0.5087026
2024-12-02,ISR,0.5522836
2024-12-03,ISR,0.54049826
2024-12-04,ISR,0.5359811
2024-12-05,ISR,0.6407835
2024-12-06,ISR,0.6407835
2024-12-07,ISR,0.64841735
2024-12-08,ISR,0.64841735
2024-12-09,ISR,0.6510241
2024-12-10,ISR,0.6291928
2024-12-11,ISR,0.6291928
2024-12-12,ISR,0.6324457
2024-12-13,ISR,0.62855977
2024-12-14,ISR,0.6499463
2024-12-15,ISR,0.6499463
2024-12-16,ISR,0.6541363
2024-12-17,ISR,0.6499463
2024-12-18,ISR,0.6499463
2024-12-19,ISR,0.67285466
2024-12-20,ISR,0.67285466
2024-12-21,ISR,0.6808528
2024-12-22,ISR,0.6808528
2024-12-23,ISR,0.64456254
2024-12-24,ISR,0.64456254
2024-12-25,ISR,0.5640103
2024-12-26,ISR,0.52270067
2024-12-27,ISR,0.5531313
2024-12-28,ISR,0.56600046
2024-12-29,ISR,0.54679537
2024-12-30,ISR,0.54679537
2024-12-31,ISR,0.5799603
2025-01-01,ISR,0.562009
2025-01-02,ISR,0.5880468
2025-01-03,ISR,0.49684796
2025-01-04,ISR,0.49684796
2025-01-05,ISR,0.49684796
2025-01-06,ISR,0.49684796
2025-01-07,ISR,0.49684796
2025-01-08,ISR,0.49078274
2025-01-09,ISR,0.49078274
2025-01-10,ISR,0.559972
2025-01-11,ISR,0.59765136
2025-01-12,ISR,0.59765136
2025-01-13,ISR,0.6142602
2025-01-14,ISR,0.605614
2025-01-15,ISR,0.605614
2025-01-16,ISR,0.5663414
2025-01-17,ISR,0.5853463
2025-01-18,ISR,0.5719808
2025-01-19,ISR,0.5719808
2025-01-20,ISR,0.5992659
2025-01-21,ISR,0.6090897
2025-01-22,ISR,0.60101306
2025-01-23,ISR,0.59636647
2025-01-24,ISR,0.6056046
2025-01-25,ISR,0.34872663
2025-01-26,ISR,0.34872663
2025-01-27,ISR,0.34872663
2025-01-28,ISR,0.39696556
2025-01-29,ISR,0.39696556
2025-01-30,ISR,0.39696556
2025-01-31,ISR,0.3854441
2025-02-01,ISR,0.542052
2025-02-02,ISR,0.5207901
2025-02-03,ISR,0.5207901
2025-02-04,ISR,0.7232026
2025-02-05,ISR,0.7232026
2025-02-06,ISR,0.6874226
2025-02-07,ISR,0.70535845
2025-02-08,ISR,0.71725667
2025-02-09,ISR,0.695709
2025-02-10,ISR,0.7133676
2025-02-11,ISR,0.7133676
2025-02-12,ISR,0.7177845
2025-02-13,ISR,0.7177845
2025-02-14,ISR,0.7177845
2025-02-15,ISR,0.72552276
2025-02-16,ISR,0.72552276
2025-02-17,ISR,0.72552276
2025-02-18,ISR,0.72552276
2025-02-19,ISR,0.72552276
2025-02-20,ISR,0.71847785
2025-02-21,ISR,0.6970757
2025-02-22,ISR,0.727612
2025-02-23,ISR,0.727612
2025-02-24,ISR,0.63556165
2025-02-25,ISR,0.65549386
2025-02-26,ISR,0.6683696
2025-02-27,ISR,0.48481318
2025-02-28,ISR,0.47563645
2025-03-01,ISR,0.42460594
2025-03-02,ISR,0.42460594
2025-03-03,ISR,0.42460594
2025-03-04,ISR,0.49035054
2025-03-05,ISR,0.49035054
2025-03-06,ISR,0.29682648
2025-03-07,ISR,0.28884885
2025-03-08,ISR,0.28884885
2025-03-09,ISR,0.28884885
2025-03-10,ISR,0.29787076
2025-03-11,ISR,0.30599034
2025-03-12,ISR,0.30599034
2025-03-13,ISR,0.32814738
2025-03-14,ISR,0.35136065
2025-03-15,ISR,0.35136065
2025-03-16,ISR,0.35136065
2025-03-17,ISR,0.6972311
2025-03-18,ISR,0.6972311
2025-03-19,ISR,0.6972311
2025-03-20,ISR,0.70829684
2025-03-21,ISR,0.32718843
2025-03-22,ISR,0.32718843
2025-03-23,ISR,0.32718843
2025-03-24,ISR,0.32718843
2025-03-25,ISR,0.34133005
2025-03-26,ISR,0.34133005
2025-03-27,ISR,0.35025463
2025-03-28,ISR,0.6360752
2024-07-01,SYR,0.513034
2024-07-02,SYR,0.52869844
2024-07-03,SYR,0.515845
2024-07-04,SYR,0.5278943
2024-07-05,SYR,0.53744346
2024-07-06,SYR,0.53744346
2024-07-07,SYR,0.5071917
2024-07-08,SYR,0.49149993
2024-07-09,SYR,0.49642563
2024-07-10,SYR,0.39171207
2024-07-11,SYR,0.43011877
2024-07-12,SYR,0.43011877
2024-07-13,SYR,0.4900104
2024-07-14,SYR,0.48162273
2024-07-15,SYR,0.47177443
2024-07-16,SYR,0.47686616
2024-07-17,SYR,0.53596944
2024-07-18,SYR,0.50042886
2024-07-19,SYR,0.42821348
2024-07-20,SYR,0.40818897
2024-07-21,SYR,0.40208918
2024-07-22,SYR,0.41754586
2024-07-23,SYR,0.40140584
2024-07-24,SYR,0.39139998
2024-07-25,SYR,0.39443156
2024-07-26,SYR,0.42527798
2024-07-27,SYR,0.42313188
2024-07-28,SYR,0.44178656
2024-07-29,SYR,0.45497894
2024-07-30,SYR,0.47430128
2024-07-31,SYR,0.48433816
2024-08-01,SYR,0.47718757
2024-08-02,SYR,0.48526773
2024-08-03,SYR,0.45756206
2024-08-04,SYR,0.4621126
2024-08-05,SYR,0.4452597
2024-08-06,SYR,0.4261614
2024-08-07,SYR,0.45373416
2024-08-08,SYR,0.4402001
2024-08-09,SYR,0.42894778
2024-08-10,SYR,0.44145465
2024-08-11,SYR,0.45779043
2024-08-12,SYR,0.47338545
2024-08-13,SYR,0.4530369
2024-08-14,SYR,0.409402
2024-08-15,SYR,0.409402
2024-08-16,SYR,0.36051545
2024-08-17,SYR,0.35921946
2024-08-18,SYR,0.33781472
2024-08-19,SYR,0.3335594
2024-08-20,SYR,0.34677616
2024-08-21,SYR,0.36855805
2024-08-22,SYR,0.3683252
2024-08-23,SYR,0.4235826
2024-08-24,SYR,0.42925933
2024-08-25,SYR,0.48652655
2024-08-26,SYR,0.47953022
2024-08-27,SYR,0.4515946
2024-08-28,SYR,0.47079182
2024-08-29,SYR,0.4658624
2024-08-30,SYR,0.4678018
2024-08-31,SYR,0.4643776
2024-09-01,SYR,0.4261614
2024-09-02,SYR,0.41840464
2024-09-03,SYR,0.43293485
2024-09-04,SYR,0.40371048
2024-09-05,SYR,0.40776458
2024-09-06,SYR,0.40805632
2024-09-07,SYR,0.41212395
2024-09-08,SYR,0.46851677
2024-09-09,SYR,0.47806323
2024-09-10,SYR,0.44584227
2024-09-11,SYR,0.427074
2024-09-12,SYR,0.39878893
2024-09-13,SYR,0.38265043
2024-09-14,SYR,0.40824664
2024-09-15,SYR,0.37492272
2024-09-16,SYR,0.33350125
2024-09-17,SYR,0.33935094
2024-09-18,SYR,0.38566178
2024-09-19,SYR,0.41000256
2024-09-20,SYR,0.40170738
2024-09-21,SYR,0.41000256
2024-09-22,SYR,0.43274418
2024-09-23,SYR,0.39411217
2024-09-24,SYR,0.35588577
2024-09-25,SYR,0.36278108
2024-09-26,SYR,0.41058236
2024-09-27,SYR,0.33873886
2024-09-28,SYR,0.3344778
2024-09-29,SYR,0.3397967
2024-09-30,SYR,0.36194298
2024-10-01,SYR,0.3372879
2024-10-02,SYR,0.36289594
2024-10-03,SYR,0.39256483
2024-10-04,SYR,0.36297765
2024-10-05,SYR,0.42339036
2024-10-06,SYR,0.40772662
2024-10-07,SYR,0.4206684
2024-10-08,SYR,0.43125224
2024-10-09,SYR,0.4261677
2024-10-10,SYR,0.39400554
2024-10-11,SYR,0.42385614
2024-10-12,SYR,0.45029476
2024-10-13,SYR,0.46207747
2024-10-14,SYR,0.4835184
2024-10-15,SYR,0.49605584
2024-10-16,SYR,0.49049166
2024-10-17,SYR,0.49905252
2024-10-18,SYR,0.4809257
2024-10-19,SYR,0.4600691
2024-10-20,SYR,0.4809257
2024-10-21,SYR,0.4809257
2024-10-22,SYR,0.5364525
2024-10-23,SYR,0.4506464
2024-10-24,SYR,0.44691578
2024-10-25,SYR,0.4485525
2024-10-26,SYR,0.44005916
2024-10-27,SYR,0.42080972
2024-10-28,SYR,0.42080972
2024-10-29,SYR,0.40479726
2024-10-30,SYR,0.43365335
2024-10-31,SYR,0.3935555
2024-11-01,SYR,0.36787927
2024-11-02,SYR,0.32807097
2024-11-03,SYR,0.33657175
2024-11-04,SYR,0.33232427
2024-11-05,SYR,0.3670815
2024-11-06,SYR,0.34104303
2024-11-07,SYR,0.32833275
2024-11-08,SYR,0.34000364
2024-11-09,SYR,0.36125773
2024-11-10,SYR,0.37937027
2024-11-11,SYR,0.351882
2024-11-12,SYR,0.37206173
2024-11-13,SYR,0.3596869
2024-11-14,SYR,0.41207737
2024-11-15,SYR,0.39039493
2024-11-16,SYR,0.39182997
2024-11-17,SYR,0.3734805
2024-11-18,SYR,0.38946056
2024-11-19,SYR,0.37587273
2024-11-20,SYR,0.38748735
2024-11-21,SYR,0.37054345
2024-11-22,SYR,0.36519685
2024-11-23,SYR,0.33850682
2024-11-24,SYR,0.35114536
2024-11-25,SYR,0.3562904
2024-11-26,SYR,0.3562904
2024-11-27,SYR,0.17482674
2024-11-28,SYR,0.21627463
2024-11-29,SYR,0.2255708
2024-11-30,SYR,0.20489804
2024-12-01,SYR,0.23913138
2024-12-02,SYR,0.23494679
2024-12-03,SYR,0.25317726
2024-12-04,SYR,0.28656262
2024-12-05,SYR,0.3125962
2024-12-06,SYR,0.30235273
2024-12-07,SYR,0.25231722
2024-12-08,SYR,0.2822532
2024-12-09,SYR,0.28568178
2024-12-10,SYR,0.3042006
2024-12-11,SYR,0.3520627
2024-12-12,SYR,0.33478883
2024-12-13,SYR,0.35953176
2024-12-14,SYR,0.36140123
2024-12-15,SYR,0.36140123
2024-12-16,SYR,0.36140123
2024-12-17,SYR,0.36140123
2024-12-18,SYR,0.39058748
2024-12-19,SYR,0.32139343
2024-12-20,SYR,0.3801573
2024-12-21,SYR,0.35504648
2024-12-22,SYR,0.3555886
2024-12-23,SYR,0.38588807
2024-12-24,SYR,0.43516853
2024-12-25,SYR,0.39504945
2024-12-26,SYR,0.41902703
2024-12-27,SYR,0.41902703
2024-12-28,SYR,0.45504814
2024-12-29,SYR,0.46068588
2024-12-30,SYR,0.46068588
2024-12-31,SYR,0.4618688
2025-01-01,SYR,0.4332769
2025-01-02,SYR,0.43853688
2025-01-03,SYR,0.43600515
2025-01-04,SYR,0.4285305
2025-01-05,SYR,0.45286003
2025-01-06,SYR,0.4511726
2025-01-07,SYR,0.4511726
2025-01-08,SYR,0.42918447
2025-01-09,SYR,0.42339802
2025-01-10,SYR,0.42253366
2025-01-11,SYR,0.42253366
2025-01-12,SYR,0.43601158
2025-01-13,SYR,0.44782454
2025-01-14,SYR,0.4327867
2025-01-15,SYR,0.44333464
2025-01-16,SYR,0.42093304
2025-01-17,SYR,0.43956465
2025-01-18,SYR,0.3749643
2025-01-19,SYR,0.38398576
2025-01-20,SYR,0.38398576
2025-01-21,SYR,0.38398576
2025-01-22,SYR,0.38398576
2025-01-23,SYR,0.38752377
2025-01-24,SYR,0.36751032
2025-01-25,SYR,0.36751032
2025-01-26,SYR,0.39527842
2025-01-27,SYR,0.38729623
2025-01-28,SYR,0.37688175
2025-01-29,SYR,0.37431782
2025-01-30,SYR,0.35772553
2025-01-31,SYR,0.3555883
2025-02-01,SYR,0.40540767
2025-02-02,SYR,0.37237832
2025-02-03,SYR,0.4020363
2025-02-04,SYR,0.38760224
2025-02-05,SYR,0.4020363
2025-02-06,SYR,0.40072986
2025-02-07,SYR,0.39733288
2025-02-08,SYR,0.403128
2025-02-09,SYR,0.39597005
2025-02-10,SYR,0.3425179
2025-02-11,SYR,0.35772553
2025-02-12,SYR,0.35346103
2025-02-13,SYR,0.35346103
2025-02-14,SYR,0.35346103
2025-02-15,SYR,0.35346103
2025-02-16,SYR,0.3665137
2025-02-17,SYR,0.4113095
2025-02-18,SYR,0.4047393
2025-02-19,SYR,0.39116588
2025-02-20,SYR,0.39116588
2025-02-21,SYR,0.4047393
2025-02-22,SYR,0.4074169
2025-02-23,SYR,0.3938131
2025-02-24,SYR,0.35938016
2025-02-25,SYR,0.35938016
2025-02-26,SYR,0.37476835
2025-02-27,SYR,0.37502724
2025-02-28,SYR,0.3829146
2025-03-01,SYR,0.37826905
2025-03-02,SYR,0.40802258
2025-03-03,SYR,0.4127086
2025-03-04,SYR,0.39629966
2025-03-05,SYR,0.39144593
2025-03-06,SYR,0.39144593
2025-03-07,SYR,0.37259537
2025-03-08,SYR,0.37259537
2025-03-09,SYR,0.3591199
2025-03-10,SYR,0.35775748
2025-03-11,SYR,0.36665702
2025-03-12,SYR,0.34961057
2025-03-13,SYR,0.28734842
2025-03-14,SYR,0.21625905
2025-03-15,SYR,0.2738019
2025-03-16,SYR,0.28374124
2025-03-17,SYR,0.28374124
2025-03-18,SYR,0.27880958
2025-03-19,SYR,0.27880958
2025-03-20,SYR,0.25808275
2025-03-21,SYR,0.26668504
2025-03-22,SYR,0.26176313
2025-03-23,SYR,0.2901199
2025-03-24,SYR,0.2901199
2025-03-25,SYR,0.21523103
2025-03-26,SYR,0.36996686
2025-03-27,SYR,0.2988552
2025-03-28,SYR,0.35966662
2024-07-01,YEM,0.5002321
2024-07-02,YEM,0.49163255
2024-07-03,YEM,0.5097416
2024-07-04,YEM,0.40569714
2024-07-05,YEM,0.4319148
2024-07-06,YEM,0.3969748
2024-07-07,YEM,0.43411395
2024-07-08,YEM,0.43688017
2024-07-09,YEM,0.43688017
2024-07-10,YEM,0.44130367
2024-07-11,YEM,0.40963843
2024-07-12,YEM,0.34906572
2024-07-13,YEM,0.36262554
2024-07-14,YEM,0.3772137
2024-07-15,YEM,0.37772903
2024-07-16,YEM,0.3564541
2024-07-17,YEM,0.3430009
2024-07-18,YEM,0.35938802
2024-07-19,YEM,0.3896776
2024-07-20,YEM,0.34842324
2024-07-21,YEM,0.32638085
2024-07-22,YEM,0.32275912
2024-07-23,YEM,0.32447162
2024-07-24,YEM,0.325091
2024-07-25,YEM,0.33349285
2024-07-26,YEM,0.29279992
2024-07-27,YEM,0.32430682
2024-07-28,YEM,0.32430682
2024-07-29,YEM,0.33000696
2024-07-30,YEM,0.33910477
2024-07-31,YEM,0.33910477
2024-08-01,YEM,0.34005377
2024-08-02,YEM,0.34322876
2024-08-03,YEM,0.4173404
2024-08-04,YEM,0.4163748
2024-08-05,YEM,0.41276246
2024-08-06,YEM,0.41031313
2024-08-07,YEM,0.48677698
2024-08-08,YEM,0.4917756
2024-08-09,YEM,0.46838987
2024-08-10,YEM,0.35246107
2024-08-11,YEM,0.35246107
2024-08-12,YEM,0.35246107
2024-08-13,YEM,0.43252024
2024-08-14,YEM,0.3001176
2024-08-15,YEM,0.29635864
2024-08-16,YEM,0.29294175
2024-08-17,YEM,0.29635864
2024-08-18,YEM,0.30830687
2024-08-19,YEM,0.30830687
2024-08-20,YEM,0.31647834
2024-08-21,YEM,0.34871843
2024-08-22,YEM,0.38028336
2024-08-23,YEM,0.279015
2024-08-24,YEM,0.2875167
2024-08-25,YEM,0.28677127
2024-08-26,YEM,0.2804728
2024-08-27,YEM,0.27586204
2024-08-28,YEM,0.29355794
2024-08-29,YEM,0.31851524
2024-08-30,YEM,0.38888404
2024-08-31,YEM,0.40571764
2024-09-01,YEM,0.4523873
2024-09-02,YEM,0.3789922
2024-09-03,YEM,0.5417875
2024-09-04,YEM,0.537332
2024-09-05,YEM,0.5507562
2024-09-06,YEM,0.5507562
2024-09-07,YEM,0.5455273
2024-09-08,YEM,0.54938656
2024-09-09,YEM,0.5444758
2024-09-10,YEM,0.5405805
2024-09-11,YEM,0.5364019
2024-09-12,YEM,0.51689637
2024-09-13,YEM,0.37580818
2024-09-14,YEM,0.3686643
2024-09-15,YEM,0.3532685
2024-09-16,YEM,0.26535022
2024-09-17,YEM,0.28078216
2024-09-18,YEM,0.24139307
2024-09-19,YEM,0.27695996
2024-09-20,YEM,0.25823268
2024-09-21,YEM,0.3058583
2024-09-22,YEM,0.32027847
2024-09-23,YEM,0.3596266
2024-09-24,YEM,0.3596266
2024-09-25,YEM,0.36381736
2024-09-26,YEM,0.37093043
2024-09-27,YEM,0.3718164
2024-09-28,YEM,0.42466113
2024-09-29,YEM,0.42971617
2024-09-30,YEM,0.42444444
2024-10-01,YEM,0.43018338
2024-10-02,YEM,0.41962665
2024-10-03,YEM,0.43643168
2024-10-04,YEM,0.4084856
2024-10-05,YEM,0.42470112
2024-10-06,YEM,0.38678434
2024-10-07,YEM,0.3734615
2024-10-08,YEM,0.36544764
2024-10-09,YEM,0.360647
2024-10-10,YEM,0.3909375
2024-10-11,YEM,0.38442877
2024-10-12,YEM,0.43533844
2024-10-13,YEM,0.42718735
2024-10-14,YEM,0.4329079
2024-10-15,YEM,0.43962345
2024-10-16,YEM,0.4337373
2024-10-17,YEM,0.44216725
2024-10-18,YEM,0.41837725
2024-10-19,YEM,0.4276623
2024-10-20,YEM,0.41837725
2024-10-21,YEM,0.41219842
2024-10-22,YEM,0.41141948
2024-10-23,YEM,0.3806465
2024-10-24,YEM,0.3969581
2024-10-25,YEM,0.38878936
2024-10-26,YEM,0.37433326
2024-10-27,YEM,0.37579873
2024-10-28,YEM,0.36838058
2024-10-29,YEM,0.3872651
2024-10-30,YEM,0.38756788
2024-10-31,YEM,0.3843034
2024-11-01,YEM,0.3759747
2024-11-02,YEM,0.40380082
2024-11-03,YEM,0.40117732
2024-11-04,YEM,0.40795812
2024-11-05,YEM,0.40905982
2024-11-06,YEM,0.41303992
2024-11-07,YEM,0.40352336
2024-11-08,YEM,0.40904444
2024-11-09,YEM,0.40250194
2024-11-10,YEM,0.3942937
2024-11-11,YEM,0.3942937
2024-11-12,YEM,0.37928823
2024-11-13,YEM,0.38284028
2024-11-14,YEM,0.413741
2024-11-15,YEM,0.4198982
2024-11-16,YEM,0.4606794
2024-11-17,YEM,0.470848
2024-11-18,YEM,0.44219044
2024-11-19,YEM,0.45055822
2024-11-20,YEM,0.44668812
2024-11-21,YEM,0.42052063
2024-11-22,YEM,0.40388924
2024-11-23,YEM,0.40388924
2024-11-24,YEM,0.41219842
2024-11-25,YEM,0.34454754
2024-11-26,YEM,0.3628412
2024-11-27,YEM,0.3446807
2024-11-28,YEM,0.35332373
2024-11-29,YEM,0.34029594
2024-11-30,YEM,0.33793572
2024-12-01,YEM,0.34271827
2024-12-02,YEM,0.3294773
2024-12-03,YEM,0.42733055
2024-12-04,YEM,0.41821557
2024-12-05,YEM,0.41732976
2024-12-06,YEM,0.4352378
2024-12-07,YEM,0.43447462
2024-12-08,YEM,0.3623145
2024-12-09,YEM,0.37315872
2024-12-10,YEM,0.36646825
2024-12-11,YEM,0.35253742
2024-12-12,YEM,0.34025198
2024-12-13,YEM,0.34574318
2024-12-14,YEM,0.3601659
2024-12-15,YEM,0.36421022
2024-12-16,YEM,0.37635383
2024-12-17,YEM,0.38074115
2024-12-18,YEM,0.3772294
2024-12-19,YEM,0.37671283
2024-12-20,YEM,0.37275448
2024-12-21,YEM,0.4009864
2024-12-22,YEM,0.39604226
2024-12-23,YEM,0.3911272
2024-12-24,YEM,0.38299754
2024-12-25,YEM,0.3581653
2024-12-26,YEM,0.34658283
2024-12-27,YEM,0.34604728
2024-12-28,YEM,0.36595973
2024-12-29,YEM,0.35670862
2024-12-30,YEM,0.33576906
2024-12-31,YEM,0.35854247
2025-01-01,YEM,0.36209902
2025-01-02,YEM,0.36260724
2025-01-03,YEM,0.34258208
2025-01-04,YEM,0.34846953
2025-01-05,YEM,0.35257238
2025-01-06,YEM,0.36977482
2025-01-07,YEM,0.36977482
2025-01-08,YEM,0.38898307
2025-01-09,YEM,0.3880342
2025-01-10,YEM,0.40704232
2025-01-11,YEM,0.39880443
2025-01-12,YEM,0.41389212
2025-01-13,YEM,0.41389212
2025-01-14,YEM,0.40557232
2025-01-15,YEM,0.40824196
2025-01-16,YEM,0.40557232
2025-01-17,YEM,0.40270245
2025-01-18,YEM,0.35235244
2025-01-19,YEM,0.326397
2025-01-20,YEM,0.314066
2025-01-21,YEM,0.314066
2025-01-22,YEM,0.31240916
2025-01-23,YEM,0.31562558
2025-01-24,YEM,0.37253717
2025-01-25,YEM,0.4167608
2025-01-26,YEM,0.42566508
2025-01-27,YEM,0.41160998
2025-01-28,YEM,0.4122725
2025-01-29,YEM,0.422733
2025-01-30,YEM,0.42396724
2025-01-31,YEM,0.45330986
2025-02-01,YEM,0.43446776
2025-02-02,YEM,0.43446776
2025-02-03,YEM,0.4438999
2025-02-04,YEM,0.4849918
2025-02-05,YEM,0.4944983
2025-02-06,YEM,0.4944983
2025-02-07,YEM,0.4849918
2025-02-08,YEM,0.49067178
2025-02-09,YEM,0.46644187
2025-02-10,YEM,0.4398595
2025-02-11,YEM,0.43662205
2025-02-12,YEM,0.4439008
2025-02-13,YEM,0.43453088
2025-02-14,YEM,0.4439008
2025-02-15,YEM,0.43947172
2025-02-16,YEM,0.43130243
2025-02-17,YEM,0.4080433
2025-02-18,YEM,0.4019116
2025-02-19,YEM,0.426431
2025-02-20,YEM,0.426431
2025-02-21,YEM,0.43576086
2025-02-22,YEM,0.42129642
2025-02-23,YEM,0.380116
2025-02-24,YEM,0.380116
2025-02-25,YEM,0.37602082
2025-02-26,YEM,0.36324736
2025-02-27,YEM,0.34619933
2025-02-28,YEM,0.33195817
2025-03-01,YEM,0.35994235
2025-03-02,YEM,0.36809132
2025-03-03,YEM,0.37596503
2025-03-04,YEM,0.3974897
2025-03-05,YEM,0.42557135
2025-03-06,YEM,0.412596
2025-03-07,YEM,0.4218458
2025-03-08,YEM,0.43239892
2025-03-09,YEM,0.5275382
2025-03-10,YEM,0.5581172
2025-03-11,YEM,0.50150853
2025-03-12,YEM,0.45412058
2025-03-13,YEM,0.44470748
2025-03-14,YEM,0.43289593
2025-03-15,YEM,0.44225818
2025-03-16,YEM,0.4191469
2025-03-17,YEM,0.41476563
2025-03-18,YEM,0.4121926
2025-03-19,YEM,0.41581905
2025-03-20,YEM,0.4134177
2025-03-21,YEM,0.4289636
2025-03-22,YEM,0.38393813
2025-03-23,YEM,0.35761505
2025-03-24,YEM,0.35761505
2025-03-25,YEM,0.3651151
2025-03-26,YEM,0.36384913
2025-03-27,YEM,0.35965544
2025-03-28,YEM,0.36937928
2024-07-01,IRQ,0.310588
2024-07-02,IRQ,0.310588
2024-07-03,IRQ,0.3127293
2024-07-04,IRQ,0.30932364
2024-07-05,IRQ,0.32101947
2024-07-06,IRQ,0.45262033
2024-07-07,IRQ,0.43442655
2024-07-08,IRQ,0.43956706
2024-07-09,IRQ,0.4492676
2024-07-10,IRQ,0.45977435
2024-07-11,IRQ,0.4970979
2024-07-12,IRQ,0.4970979
2024-07-13,IRQ,0.46960822
2024-07-14,IRQ,0.46960822
2024-07-15,IRQ,0.47216052
2024-07-16,IRQ,0.4976843
2024-07-17,IRQ,0.384581
2024-07-18,IRQ,0.41146904
2024-07-19,IRQ,0.3065335
2024-07-20,IRQ,0.31674412
2024-07-21,IRQ,0.31674412
2024-07-22,IRQ,0.27893516
2024-07-23,IRQ,0.25960737
2024-07-24,IRQ,0.2928026
2024-07-25,IRQ,0.30909318
2024-07-26,IRQ,0.39074215
2024-07-27,IRQ,0.37626794
2024-07-28,IRQ,0.4610358
2024-07-29,IRQ,0.4541462
2024-07-30,IRQ,0.48034605
2024-07-31,IRQ,0.49161503
2024-08-01,IRQ,0.52822864
2024-08-02,IRQ,0.5584993
2024-08-03,IRQ,0.5584993
2024-08-04,IRQ,0.4601204
2024-08-05,IRQ,0.5962809
2024-08-06,IRQ,0.40256622
2024-08-07,IRQ,0.3791357
2024-08-08,IRQ,0.38382536
2024-08-09,IRQ,0.42822415
2024-08-10,IRQ,0.43859187
2024-08-11,IRQ,0.40983734
2024-08-12,IRQ,0.45300868
2024-08-13,IRQ,0.50402063
2024-08-14,IRQ,0.47462052
2024-08-15,IRQ,0.35915542
2024-08-16,IRQ,0.41909403
2024-08-17,IRQ,0.33785638
2024-08-18,IRQ,0.3601124
2024-08-19,IRQ,0.35555798
2024-08-20,IRQ,0.29809493
2024-08-21,IRQ,0.33640438
2024-08-22,IRQ,0.33765844
2024-08-23,IRQ,0.35969397
2024-08-24,IRQ,0.41830653
2024-08-25,IRQ,0.409252
2024-08-26,IRQ,0.409252
2024-08-27,IRQ,0.52612054
2024-08-28,IRQ,0.4020423
2024-08-29,IRQ,0.37954774
2024-08-30,IRQ,0.40913585
2024-08-31,IRQ,0.3812481
2024-09-01,IRQ,0.3812481
2024-09-02,IRQ,0.3812481
2024-09-03,IRQ,0.3135103
2024-09-04,IRQ,0.3906052
2024-09-05,IRQ,0.32820478
2024-09-06,IRQ,0.2659073
2024-09-07,IRQ,0.2889507
2024-09-08,IRQ,0.24870628
2024-09-09,IRQ,0.25694993
2024-09-10,IRQ,0.25947797
2024-09-11,IRQ,0.24970216
2024-09-12,IRQ,0.37352028
2024-09-13,IRQ,0.45591262
2024-09-14,IRQ,0.4613799
2024-09-15,IRQ,0.49556714
2024-09-16,IRQ,0.4533144
2024-09-17,IRQ,0.47319043
2024-09-18,IRQ,0.50369185
2024-09-19,IRQ,0.5411892
2024-09-20,IRQ,0.56120205
2024-09-21,IRQ,0.49435982
2024-09-22,IRQ,0.46818534
2024-09-23,IRQ,0.49435982
2024-09-24,IRQ,0.49435982
2024-09-25,IRQ,0.49435982
2024-09-26,IRQ,0.3786955
2024-09-27,IRQ,0.46514195
2024-09-28,IRQ,0.45134243
2024-09-29,IRQ,0.46922982
2024-09-30,IRQ,0.46922982
2024-10-01,IRQ,0.47869143
2024-10-02,IRQ,0.48730928
2024-10-03,IRQ,0.5235826
2024-10-04,IRQ,0.52260745
2024-10-05,IRQ,0.43187097
2024-10-06,IRQ,0.46326387
2024-10-07,IRQ,0.41268992
2024-10-08,IRQ,0.44942915
2024-10-09,IRQ,0.39250758
2024-10-10,IRQ,0.38468462
2024-10-11,IRQ,0.40478253
2024-10-12,IRQ,0.37295538
2024-10-13,IRQ,0.33027017
2024-10-14,IRQ,0.34141806
2024-10-15,IRQ,0.33583212
2024-10-16,IRQ,0.31623682
2024-10-17,IRQ,0.27468875
2024-10-18,IRQ,0.29518852
2024-10-19,IRQ,0.33383578
2024-10-20,IRQ,0.42525607
2024-10-21,IRQ,0.4508296
2024-10-22,IRQ,0.45098674
2024-10-23,IRQ,0.43864116
2024-10-24,IRQ,0.47261
2024-10-25,IRQ,0.45599464
2024-10-26,IRQ,0.40324268
2024-10-27,IRQ,0.34181687
2024-10-28,IRQ,0.38397437
2024-10-29,IRQ,0.3655042
2024-10-30,IRQ,0.34493232
2024-10-31,IRQ,0.25465745
2024-11-01,IRQ,0.23500642
2024-11-02,IRQ,0.23500642
2024-11-03,IRQ,0.23500642
2024-11-04,IRQ,0.25703606
2024-11-05,IRQ,0.23759922
2024-11-06,IRQ,0.24386822
2024-11-07,IRQ,0.32357174
2024-11-08,IRQ,0.40392852
2024-11-09,IRQ,0.40899566
2024-11-10,IRQ,0.42851216
2024-11-11,IRQ,0.50660187
2024-11-12,IRQ,0.5387952
2024-11-13,IRQ,0.5338109
2024-11-14,IRQ,0.5336832
2024-11-15,IRQ,0.5918822
2024-11-16,IRQ,0.48471385
2024-11-17,IRQ,0.48471385
2024-11-18,IRQ,0.4745523
2024-11-19,IRQ,0.48662493
2024-11-20,IRQ,0.48662493
2024-11-21,IRQ,0.47423857
2024-11-22,IRQ,0.5122016
2024-11-23,IRQ,0.5013656
2024-11-24,IRQ,0.5161221
2024-11-25,IRQ,0.52059966
2024-11-26,IRQ,0.49502924
2024-11-27,IRQ,0.45037746
2024-11-28,IRQ,0.48134702
2024-11-29,IRQ,0.482024
2024-11-30,IRQ,0.49953207
2024-12-01,IRQ,0.5182023
2024-12-02,IRQ,0.5182023
2024-12-03,IRQ,0.46591005
2024-12-04,IRQ,0.38765615
2024-12-05,IRQ,0.39052826
2024-12-06,IRQ,0.39052826
2024-12-07,IRQ,0.39196348
2024-12-08,IRQ,0.41111693
2024-12-09,IRQ,0.39196348
2024-12-10,IRQ,0.38282093
2024-12-11,IRQ,0.3746006
2024-12-12,IRQ,0.3828228
2024-12-13,IRQ,0.44060954
2024-12-14,IRQ,0.47318923
2024-12-15,IRQ,0.48656994
2024-12-16,IRQ,0.3913593
2024-12-17,IRQ,0.40580973
2024-12-18,IRQ,0.38252032
2024-12-19,IRQ,0.35645247
2024-12-20,IRQ,0.39818
2024-12-21,IRQ,0.40509927
2024-12-22,IRQ,0.3708731
2024-12-23,IRQ,0.48743352
2024-12-24,IRQ,0.48743352
2024-12-25,IRQ,0.52344745
2024-12-26,IRQ,0.46470076
2024-12-27,IRQ,0.4975701
2024-12-28,IRQ,0.5201464
2024-12-29,IRQ,0.48117176
2024-12-30,IRQ,0.42531928
2024-12-31,IRQ,0.42205846
2025-01-01,IRQ,0.36010638
2025-01-02,IRQ,0.36010638
2025-01-03,IRQ,0.36010638
2025-01-04,IRQ,0.34902465
2025-01-05,IRQ,0.35001305
2025-01-06,IRQ,0.38391364
2025-01-07,IRQ,0.38391364
2025-01-08,IRQ,0.3898299
2025-01-09,IRQ,0.36821577
2025-01-10,IRQ,0.38391364
2025-01-11,IRQ,0.42194417
2025-01-12,IRQ,0.39534336
2025-01-13,IRQ,0.47989467
2025-01-14,IRQ,0.39249808
2025-01-15,IRQ,0.47013566
2025-01-16,IRQ,0.5032652
2025-01-17,IRQ,0.39697158
2025-01-18,IRQ,0.3424673
2025-01-19,IRQ,0.32964596
2025-01-20,IRQ,0.44956645
2025-01-21,IRQ,0.47507524
2025-01-22,IRQ,0.48845232
2025-01-23,IRQ,0.46233582
2025-01-24,IRQ,0.5211197
2025-01-25,IRQ,0.50962365
2025-01-26,IRQ,0.51658803
2025-01-27,IRQ,0.51658803
2025-01-28,IRQ,0.48836145
2025-01-29,IRQ,0.49490803
2025-01-30,IRQ,0.49914876
2025-01-31,IRQ,0.45471826
2025-02-01,IRQ,0.46179003
2025-02-02,IRQ,0.46179003
2025-02-03,IRQ,0.41311103
2025-02-04,IRQ,0.45471826
2025-02-05,IRQ,0.44294405
2025-02-06,IRQ,0.40981254
2025-02-07,IRQ,0.3054298
2025-02-08,IRQ,0.3235072
2025-02-09,IRQ,0.3235072
2025-02-10,IRQ,0.3724818
2025-02-11,IRQ,0.3642286
2025-02-12,IRQ,0.31865844
2025-02-13,IRQ,0.2814066
2025-02-14,IRQ,0.40287676
2025-02-15,IRQ,0.40287676
2025-02-16,IRQ,0.398654
2025-02-17,IRQ,0.398654
2025-02-18,IRQ,0.398654
2025-02-19,IRQ,0.3678625
2025-02-20,IRQ,0.41730884
2025-02-21,IRQ,0.41730884
2025-02-22,IRQ,0.3983725
2025-02-23,IRQ,0.4089414
2025-02-24,IRQ,0.4536737
2025-02-25,IRQ,0.39013514
2025-02-26,IRQ,0.47848824
2025-02-27,IRQ,0.38991103
2025-02-28,IRQ,0.37142998
2025-03-01,IRQ,0.40869537
2025-03-02,IRQ,0.39168704
2025-03-03,IRQ,0.3958846
2025-03-04,IRQ,0.37269458
2025-03-05,IRQ,0.37705663
2025-03-06,IRQ,0.45257294
2025-03-07,IRQ,0.43460616
2025-03-08,IRQ,0.51640576
2025-03-09,IRQ,0.49130544
2025-03-10,IRQ,0.48799956
2025-03-11,IRQ,0.49130544
2025-03-12,IRQ,0.5689621
2025-03-13,IRQ,0.5722035
2025-03-14,IRQ,0.5681675
2025-03-15,IRQ,0.56708145
2025-03-16,IRQ,0.56708145
2025-03-17,IRQ,0.5568967
2025-03-18,IRQ,0.5871237
2025-03-19,IRQ,0.63483053
2025-03-20,IRQ,0.502774
2025-03-21,IRQ,0.46927133
2025-03-22,IRQ,0.49213693
2025-03-23,IRQ,0.49378428
2025-03-24,IRQ,0.45696595
2025-03-25,IRQ,0.45696595
2025-03-26,IRQ,0.4503698
2025-03-27,IRQ,0.4503698
2025-03-28,IRQ,0.40575334
2024-07-01,LBN,0.40560597
2024-07-02,LBN,0.40436244
2024-07-03,LBN,0.44400248
2024-07-04,LBN,0.42323905
2024-07-05,LBN,0.4251806
2024-07-06,LBN,0.434365
2024-07-07,LBN,0.3883589
2024-07-08,LBN,0.37869683
2024-07-09,LBN,0.37607315
2024-07-10,LBN,0.37760195
2024-07-11,LBN,0.39673698
2024-07-12,LBN,0.37277395
2024-07-13,LBN,0.37277395
2024-07-14,LBN,0.41902107
2024-07-15,LBN,0.42490256
2024-07-16,LBN,0.42490256
2024-07-17,LBN,0.4102206
2024-07-18,LBN,0.42961538
2024-07-19,LBN,0.3834082
2024-07-20,LBN,0.38858056
2024-07-21,LBN,0.38858056
2024-07-22,LBN,0.3412365
2024-07-23,LBN,0.35020274
2024-07-24,LBN,0.33561713
2024-07-25,LBN,0.29987058
2024-07-26,LBN,0.3166715
2024-07-27,LBN,0.32886502
2024-07-28,LBN,0.3460221
2024-07-29,LBN,0.3466226
2024-07-30,LBN,0.36763337
2024-07-31,LBN,0.373777
2024-08-01,LBN,0.39891797
2024-08-02,LBN,0.36575332
2024-08-03,LBN,0.32511866
2024-08-04,LBN,0.34463966
2024-08-05,LBN,0.32511866
2024-08-06,LBN,0.29407278
2024-08-07,LBN,0.26851466
2024-08-08,LBN,0.275782
2024-08-09,LBN,0.30404
2024-08-10,LBN,0.31423566
2024-08-11,LBN,0.3225989
2024-08-12,LBN,0.3292956
2024-08-13,LBN,0.38186553
2024-08-14,LBN,0.2936684
2024-08-15,LBN,0.35488948
2024-08-16,LBN,0.32229465
2024-08-17,LBN,0.3862203
2024-08-18,LBN,0.34990397
2024-08-19,LBN,0.37247816
2024-08-20,LBN,0.42018414
2024-08-21,LBN,0.41510245
2024-08-22,LBN,0.41510245
2024-08-23,LBN,0.41466418
2024-08-24,LBN,0.3267977
2024-08-25,LBN,0.34373596
2024-08-26,LBN,0.34373596
2024-08-27,LBN,0.35866988
2024-08-28,LBN,0.30684176
2024-08-29,LBN,0.33494893
2024-08-30,LBN,0.32110295
2024-08-31,LBN,0.36213726
2024-09-01,LBN,0.36213726
2024-09-02,LBN,0.36991924
2024-09-03,LBN,0.41212925
2024-09-04,LBN,0.41092476
2024-09-05,LBN,0.41092476
2024-09-06,LBN,0.48138162
2024-09-07,LBN,0.504518
2024-09-08,LBN,0.5384555
2024-09-09,LBN,0.49484918
2024-09-10,LBN,0.49484918
2024-09-11,LBN,0.4961767
2024-09-12,LBN,0.4837163
2024-09-13,LBN,0.4612708
2024-09-14,LBN,0.42669773
2024-09-15,LBN,0.4029461
2024-09-16,LBN,0.4029461
2024-09-17,LBN,0.42671746
2024-09-18,LBN,0.41383895
2024-09-19,LBN,0.4178511
2024-09-20,LBN,0.41349542
2024-09-21,LBN,0.41778067
2024-09-22,LBN,0.42303184
2024-09-23,LBN,0.3429578
2024-09-24,LBN,0.2757752
2024-09-25,LBN,0.24305208
2024-09-26,LBN,0.24305208
2024-09-27,LBN,0.19123982
2024-09-28,LBN,0.19669798
2024-09-29,LBN,0.18593802
2024-09-30,LBN,0.20804144
2024-10-01,LBN,0.1885658
2024-10-02,LBN,0.18408835
2024-10-03,LBN,0.18845668
2024-10-04,LBN,0.22462119
2024-10-05,LBN,0.25106007
2024-10-06,LBN,0.23936407
2024-10-07,LBN,0.23936407
2024-10-08,LBN,0.260696
2024-10-09,LBN,0.23745896
2024-10-10,LBN,0.19501361
2024-10-11,LBN,0.23370211
2024-10-12,LBN,0.25077808
2024-10-13,LBN,0.25276566
2024-10-14,LBN,0.25276566
2024-10-15,LBN,0.27369246
2024-10-16,LBN,0.24132343
2024-10-17,LBN,0.21091963
2024-10-18,LBN,0.20744205
2024-10-19,LBN,0.259208
2024-10-20,LBN,0.23866008
2024-10-21,LBN,0.24542558
2024-10-22,LBN,0.23286785
2024-10-23,LBN,0.22895123
2024-10-24,LBN,0.22640143
2024-10-25,LBN,0.27072796
2024-10-26,LBN,0.20982124
2024-10-27,LBN,0.22786257
2024-10-28,LBN,0.24542558
2024-10-29,LBN,0.22786257
2024-10-30,LBN,0.22786257
2024-10-31,LBN,0.23929252
2024-11-01,LBN,0.23297304
2024-11-02,LBN,0.21463959
2024-11-03,LBN,0.23297304
2024-11-04,LBN,0.22644779
2024-11-05,LBN,0.27097014
2024-11-06,LBN,0.27097014
2024-11-07,LBN,0.25427094
2024-11-08,LBN,0.25590304
2024-11-09,LBN,0.23309624
2024-11-10,LBN,0.23154627
2024-11-11,LBN,0.22256137
2024-11-12,LBN,0.26441064
2024-11-13,LBN,0.28252733
2024-11-14,LBN,0.27220225
2024-11-15,LBN,0.27448946
2024-11-16,LBN,0.27580932
2024-11-17,LBN,0.27580932
2024-11-18,LBN,0.27580932
2024-11-19,LBN,0.26614842
2024-11-20,LBN,0.24830236
2024-11-21,LBN,0.24923784
2024-11-22,LBN,0.25203225
2024-11-23,LBN,0.28234652
2024-11-24,LBN,0.2678893
2024-11-25,LBN,0.25286615
2024-11-26,LBN,0.24630308
2024-11-27,LBN,0.22761375
2024-11-28,LBN,0.2516923
2024-11-29,LBN,0.23377588
2024-11-30,LBN,0.2973019
2024-12-01,LBN,0.28657857
2024-12-02,LBN,0.28657857
2024-12-03,LBN,0.32053435
2024-12-04,LBN,0.28686464
2024-12-05,LBN,0.28686464
2024-12-06,LBN,0.30635276
2024-12-07,LBN,0.27926984
2024-12-08,LBN,0.30767077
2024-12-09,LBN,0.30450782
2024-12-10,LBN,0.41622108
2024-12-11,LBN,0.43955407
2024-12-12,LBN,0.44318157
2024-12-13,LBN,0.44318157
2024-12-14,LBN,0.44071603
2024-12-15,LBN,0.44071603
2024-12-16,LBN,0.4787288
2024-12-17,LBN,0.542693
2024-12-18,LBN,0.520533
2024-12-19,LBN,0.520533
2024-12-20,LBN,0.48987535
2024-12-21,LBN,0.5109432
2024-12-22,LBN,0.53109914
2024-12-23,LBN,0.5524189
2024-12-24,LBN,0.55332816
2024-12-25,LBN,0.6022296
2024-12-26,LBN,0.5981614
2024-12-27,LBN,0.57932043
2024-12-28,LBN,0.6527478
2024-12-29,LBN,0.64510775
2024-12-30,LBN,0.5853479
2024-12-31,LBN,0.5541175
2025-01-01,LBN,0.5540683
2025-01-02,LBN,0.54215455
2025-01-03,LBN,0.5310097
2025-01-04,LBN,0.5310097
2025-01-05,LBN,0.5310097
2025-01-06,LBN,0.6354214
2025-01-07,LBN,0.6185703
2025-01-08,LBN,0.6990475
2025-01-09,LBN,0.69395024
2025-01-10,LBN,0.62815917
2025-01-11,LBN,0.3834805
2025-01-12,LBN,0.37376902
2025-01-13,LBN,0.35002792
2025-01-14,LBN,0.33572507
2025-01-15,LBN,0.33572507
2025-01-16,LBN,0.31616613
2025-01-17,LBN,0.25599545
2025-01-18,LBN,0.25599545
2025-01-19,LBN,0.25599545
2025-01-20,LBN,0.24965857
2025-01-21,LBN,0.24965857
2025-01-22,LBN,0.24965857
2025-01-23,LBN,0.24965857
2025-01-24,LBN,0.6935677
2025-01-25,LBN,0.6902071
2025-01-26,LBN,0.6902071
2025-01-27,LBN,0.6926351
2025-01-28,LBN,0.5993045
2025-01-29,LBN,0.5779941
2025-01-30,LBN,0.5779941
2025-01-31,LBN,0.6020351
2025-02-01,LBN,0.59976655
2025-02-02,LBN,0.25366873
2025-02-03,LBN,0.266043
2025-02-04,LBN,0.26858777
2025-02-05,LBN,0.27055308
2025-02-06,LBN,0.27055308
2025-02-07,LBN,0.27055308
2025-02-08,LBN,0.27055308
2025-02-09,LBN,0.44550046
2025-02-10,LBN,0.40548795
2025-02-11,LBN,0.411314
2025-02-12,LBN,0.5490916
2025-02-13,LBN,0.5353152
2025-02-14,LBN,0.4411793
2025-02-15,LBN,0.39526552
2025-02-16,LBN,0.3792456
2025-02-17,LBN,0.3792456
2025-02-18,LBN,0.37049806
2025-02-19,LBN,0.37049806
2025-02-20,LBN,0.37049806
2025-02-21,LBN,0.37343094
2025-02-22,LBN,0.43621436
2025-02-23,LBN,0.41729745
2025-02-24,LBN,0.41729745
2025-02-25,LBN,0.41729745
2025-02-26,LBN,0.43491745
2025-02-27,LBN,0.43491745
2025-02-28,LBN,0.40492
2025-03-01,LBN,0.5302047
2025-03-02,LBN,0.5732446
2025-03-03,LBN,0.5994806
2025-03-04,LBN,0.49982083
2025-03-05,LBN,0.45724413
2025-03-06,LBN,0.4550955
2025-03-07,LBN,0.4289715
2025-03-08,LBN,0.4289715
2025-03-09,LBN,0.4289715
2025-03-10,LBN,0.41098127
2025-03-11,LBN,0.4258484
2025-03-12,LBN,0.53290564
2025-03-13,LBN,0.612993
2025-03-14,LBN,0.5957647
2025-03-15,LBN,0.5641558
2025-03-16,LBN,0.4467385
2025-03-17,LBN,0.37374097
2025-03-18,LBN,0.38871565
2025-03-19,LBN,0.382554
2025-03-20,LBN,0.39394262
2025-03-21,LBN,0.39394262
2025-03-22,LBN,0.3509412
2025-03-23,LBN,0.32354507
2025-03-24,LBN,0.30463132
2025-03-25,LBN,0.3168694
2025-03-26,LBN,0.3168694
2025-03-27,LBN,0.31628942
2025-03-28,LBN,0.3168694
2024-07-01,IRN,0.5613417
2024-07-02,IRN,0.5547342
2024-07-03,IRN,0.5547342
2024-07-04,IRN,0.54519933
2024-07-05,IRN,0.73076016
2024-07-06,IRN,0.4745594
2024-07-07,IRN,0.45922896
2024-07-08,IRN,0.45922896
2024-07-09,IRN,0.45922896
2024-07-10,IRN,0.45922896
2024-07-11,IRN,0.46881017
2024-07-12,IRN,0.44907418
2024-07-13,IRN,0.72691196
2024-07-14,IRN,0.69911
2024-07-15,IRN,0.69911
2024-07-16,IRN,0.4745594
2024-07-17,IRN,0.4745594
2024-07-18,IRN,0.47620186
2024-07-19,IRN,0.47620186
2024-07-20,IRN,0.47843242
2024-07-21,IRN,0.4706217
2024-07-22,IRN,0.4542846
2024-07-23,IRN,0.7247452
2024-07-24,IRN,0.40984455
2024-07-25,IRN,0.33294716
2024-07-26,IRN,0.33294716
2024-07-27,IRN,0.33294716
2024-07-28,IRN,0.31785887
2024-07-29,IRN,0.313785
2024-07-30,IRN,0.313785
2024-07-31,IRN,0.5801565
2024-08-01,IRN,0.69308525
2024-08-02,IRN,0.6861303
2024-08-03,IRN,0.6885758
2024-08-04,IRN,0.69550073
2024-08-05,IRN,0.72898865
2024-08-06,IRN,0.71747166
2024-08-07,IRN,0.48567602
2024-08-08,IRN,0.4532269
2024-08-09,IRN,0.4532269
2024-08-10,IRN,0.46007872
2024-08-11,IRN,0.46007872
2024-08-12,IRN,0.4277716
2024-08-13,IRN,0.4131973
2024-08-14,IRN,0.58007705
2024-08-15,IRN,0.57268584
2024-08-16,IRN,0.57268584
2024-08-17,IRN,0.53923756
2024-08-18,IRN,0.53923756
2024-08-19,IRN,0.67207503
2024-08-20,IRN,0.67207503
2024-08-21,IRN,0.6839191
2024-08-22,IRN,0.6839191
2024-08-23,IRN,0.51685196
2024-08-24,IRN,0.4698081
2024-08-25,IRN,0.4698081
2024-08-26,IRN,0.47266218
2024-08-27,IRN,0.473715
2024-08-28,IRN,0.45990175
2024-08-29,IRN,0.45885283
2024-08-30,IRN,0.47206903
2024-08-31,IRN,0.48062512
2024-09-01,IRN,0.48062512
2024-09-02,IRN,0.48062512
2024-09-03,IRN,0.48062512
2024-09-04,IRN,0.52646494
2024-09-05,IRN,0.51957583
2024-09-06,IRN,0.68183935
2024-09-07,IRN,0.68662786
2024-09-08,IRN,0.68662786
2024-09-09,IRN,0.4882406
2024-09-10,IRN,0.5119769
2024-09-11,IRN,0.47903302
2024-09-12,IRN,0.48858127
2024-09-13,IRN,0.47444156
2024-09-14,IRN,0.47684187
2024-09-15,IRN,0.46100867
2024-09-16,IRN,0.48649308
2024-09-17,IRN,0.48649308
2024-09-18,IRN,0.48649308
2024-09-19,IRN,0.28621075
2024-09-20,IRN,0.2940651
2024-09-21,IRN,0.33088115
2024-09-22,IRN,0.30060947
2024-09-23,IRN,0.30911624
2024-09-24,IRN,0.30911624
2024-09-25,IRN,0.30911624
2024-09-26,IRN,0.45654568
2024-09-27,IRN,0.36374334
2024-09-28,IRN,0.33181223
2024-09-29,IRN,0.49944016
2024-09-30,IRN,0.49944016
2024-10-01,IRN,0.49944016
2024-10-02,IRN,0.49318284
2024-10-03,IRN,0.5329711
2024-10-04,IRN,0.33397064
2024-10-05,IRN,0.41813964
2024-10-06,IRN,0.30499172
2024-10-07,IRN,0.30499172
2024-10-08,IRN,0.31199408
2024-10-09,IRN,0.2591322
2024-10-10,IRN,0.2563545
2024-10-11,IRN,0.2763329
2024-10-12,IRN,0.30441198
2024-10-13,IRN,0.3109317
2024-10-14,IRN,0.29302898
2024-10-15,IRN,0.29940984
2024-10-16,IRN,0.31281313
2024-10-17,IRN,0.35635242
2024-10-18,IRN,0.35635242
2024-10-19,IRN,0.35635242
2024-10-20,IRN,0.33867347
2024-10-21,IRN,0.38287017
2024-10-22,IRN,0.34670427
2024-10-23,IRN,0.34670427
2024-10-24,IRN,0.35224447
2024-10-25,IRN,0.36726186
2024-10-26,IRN,0.35224447
2024-10-27,IRN,0.5981142
2024-10-28,IRN,0.68806285
2024-10-29,IRN,0.5766484
2024-10-30,IRN,0.59603554
2024-10-31,IRN,0.578818
2024-11-01,IRN,0.5881804
2024-11-02,IRN,0.41809183
2024-11-03,IRN,0.3960413
2024-11-04,IRN,0.37289914
2024-11-05,IRN,0.37288526
2024-11-06,IRN,0.35809717
2024-11-07,IRN,0.34494495
2024-11-08,IRN,0.30129492
2024-11-09,IRN,0.4295775
2024-11-10,IRN,0.4295775
2024-11-11,IRN,0.45626107
2024-11-12,IRN,0.41721392
2024-11-13,IRN,0.39790848
2024-11-14,IRN,0.39790848
2024-11-15,IRN,0.41721392
2024-11-16,IRN,0.409995
2024-11-17,IRN,0.40951905
2024-11-18,IRN,0.41243762
2024-11-19,IRN,0.4878383
2024-11-20,IRN,0.47821835
2024-11-21,IRN,0.42777386
2024-11-22,IRN,0.47711775
2024-11-23,IRN,0.47711775
2024-11-24,IRN,0.4815921
2024-11-25,IRN,0.4815921
2024-11-26,IRN,0.47786823
2024-11-27,IRN,0.47786823
2024-11-28,IRN,0.6024203
2024-11-29,IRN,0.5783803
2024-11-30,IRN,0.58298415
2024-12-01,IRN,0.5773533
2024-12-02,IRN,0.65171486
2024-12-03,IRN,0.64291996
2024-12-04,IRN,0.64224184
2024-12-05,IRN,0.65104437
2024-12-06,IRN,0.74056715
2024-12-07,IRN,0.7404952
2024-12-08,IRN,0.7416125
2024-12-09,IRN,0.7487946
2024-12-10,IRN,0.7431458
2024-12-11,IRN,0.52054465
2024-12-12,IRN,0.49003732
2024-12-13,IRN,0.49490055
2024-12-14,IRN,0.5045316
2024-12-15,IRN,0.5045316
2024-12-16,IRN,0.5045316
2024-12-17,IRN,0.4591687
2024-12-18,IRN,0.6277193
2024-12-19,IRN,0.58368945
2024-12-20,IRN,0.61533606
2024-12-21,IRN,0.580668
2024-12-22,IRN,0.580668
2024-12-23,IRN,0.580668
2024-12-24,IRN,0.580668
2024-12-25,IRN,0.74554634
2024-12-26,IRN,0.36667818
2024-12-27,IRN,0.24663538
2024-12-28,IRN,0.25386333
2024-12-29,IRN,0.25386333
2024-12-30,IRN,0.25386333
2024-12-31,IRN,0.24370544
2025-01-01,IRN,0.24370544
2025-01-02,IRN,0.45449412
2025-01-03,IRN,0.68893117
2025-01-04,IRN,0.46533826
2025-01-05,IRN,0.46533826
2025-01-06,IRN,0.46533826
2025-01-07,IRN,0.23931164
2025-01-08,IRN,0.23882398
2025-01-09,IRN,0.23931164
2025-01-10,IRN,0.25031272
2025-01-11,IRN,0.25168052
2025-01-12,IRN,0.25218573
2025-01-13,IRN,0.27279988
2025-01-14,IRN,0.70115775
2025-01-15,IRN,0.70115775
2025-01-16,IRN,0.70115775
2025-01-17,IRN,0.6875654
2025-01-18,IRN,0.67526823
2025-01-19,IRN,0.68178135
2025-01-20,IRN,0.69454
2025-01-21,IRN,0.69574493
2025-01-22,IRN,0.68882316
2025-01-23,IRN,0.69574493
2025-01-24,IRN,0.7138908
2025-01-25,IRN,0.43095118
2025-01-26,IRN,0.3259578
2025-01-27,IRN,0.33483848
2025-01-28,IRN,0.34867346
2025-01-29,IRN,0.34867346
2025-01-30,IRN,0.34867346
2025-01-31,IRN,0.3399761
2025-02-01,IRN,0.5939315
2025-02-02,IRN,0.5939315
2025-02-03,IRN,0.59110296
2025-02-04,IRN,0.59110296
2025-02-05,IRN,0.59110296
2025-02-06,IRN,0.533986
2025-02-07,IRN,0.533986
2025-02-08,IRN,0.577115
2025-02-09,IRN,0.7050867
2025-02-10,IRN,0.7050867
2025-02-11,IRN,0.70909226
2025-02-12,IRN,0.7051371
2025-02-13,IRN,0.7357973
2025-02-14,IRN,0.7420655
2025-02-15,IRN,0.7510354
2025-02-16,IRN,0.7510354
2025-02-17,IRN,0.7510354
2025-02-18,IRN,0.7510354
2025-02-19,IRN,0.7484355
2025-02-20,IRN,0.70873624
2025-02-21,IRN,0.71311134
2025-02-22,IRN,0.6983649
2025-02-23,IRN,0.7051654
2025-02-24,IRN,0.68757784
2025-02-25,IRN,0.6863985
2025-02-26,IRN,0.6893032
2025-02-27,IRN,0.70019186
2025-02-28,IRN,0.70019186
2025-03-01,IRN,0.5425059
2025-03-02,IRN,0.48433876
2025-03-03,IRN,0.42708713
2025-03-04,IRN,0.3293451
2025-03-05,IRN,0.3368134
2025-03-06,IRN,0.32140762
2025-03-07,IRN,0.31306347
2025-03-08,IRN,0.30781153
2025-03-09,IRN,0.30781153
2025-03-10,IRN,0.30781153
2025-03-11,IRN,0.33573374
2025-03-12,IRN,0.33573374
2025-03-13,IRN,0.36601037
2025-03-14,IRN,0.32411006
2025-03-15,IRN,0.50090474
2025-03-16,IRN,0.4936189
2025-03-17,IRN,0.4936189
2025-03-18,IRN,0.5005224
2025-03-19,IRN,0.4936189
2025-03-20,IRN,0.5005224
2025-03-21,IRN,0.5012605
2025-03-22,IRN,0.43639517
2025-03-23,IRN,0.445563
2025-03-24,IRN,0.445563
2025-03-25,IRN,0.46131292
2025-03-26,IRN,0.46131292
2025-03-27,IRN,0.46131292
2025-03-28,IRN,0.49420208
2024-07-01,TUR,0.22120185
2024-07-02,TUR,0.23966964
2024-07-03,TUR,0.24643326
2024-07-04,TUR,0.68753105
2024-07-05,TUR,0.68753105
2024-07-06,TUR,0.6909048
2024-07-07,TUR,0.6909048
2024-07-08,TUR,0.6909048
2024-07-09,TUR,0.69352144
2024-07-10,TUR,0.68860525
2024-07-11,TUR,0.70316625
2024-07-12,TUR,0.6998654
2024-07-13,TUR,0.72463006
2024-07-14,TUR,0.7005388
2024-07-15,TUR,0.7005388
2024-07-16,TUR,0.6979559
2024-07-17,TUR,0.6979559
2024-07-18,TUR,0.693955
2024-07-19,TUR,0.693955
2024-07-20,TUR,0.6998611
2024-07-21,TUR,0.5656763
2024-07-22,TUR,0.56113344
2024-07-23,TUR,0.56113344
2024-07-24,TUR,0.56113344
2024-07-25,TUR,0.5604478
2024-07-26,TUR,0.5604478
2024-07-27,TUR,0.50683856
2024-07-28,TUR,0.6299962
2024-07-29,TUR,0.6384412
2024-07-30,TUR,0.64323986
2024-07-31,TUR,0.523128
2024-08-01,TUR,0.2706035
2024-08-02,TUR,0.26750332
2024-08-03,TUR,0.24254416
2024-08-04,TUR,0.24254416
2024-08-05,TUR,0.23559391
2024-08-06,TUR,0.24105018
2024-08-07,TUR,0.24103591
2024-08-08,TUR,0.3043674
2024-08-09,TUR,0.3043674
2024-08-10,TUR,0.379011
2024-08-11,TUR,0.379011
2024-08-12,TUR,0.379011
2024-08-13,TUR,0.37530786
2024-08-14,TUR,0.692906
2024-08-15,TUR,0.56171596
2024-08-16,TUR,0.56171596
2024-08-17,TUR,0.56171596
2024-08-18,TUR,0.56625736
2024-08-19,TUR,0.37496468
2024-08-20,TUR,0.37496468
2024-08-21,TUR,0.37496468
2024-08-22,TUR,0.46045238
2024-08-23,TUR,0.46045238
2024-08-24,TUR,0.46437111
2024-08-25,TUR,0.46437111
2024-08-26,TUR,0.70901716
2024-08-27,TUR,0.71299106
2024-08-28,TUR,0.71299106
2024-08-29,TUR,0.71299106
2024-08-30,TUR,0.70975435
2024-08-31,TUR,0.7177013
2024-09-01,TUR,0.72142804
2024-09-02,TUR,0.71720433
2024-09-03,TUR,0.71720433
2024-09-04,TUR,0.71720433
2024-09-05,TUR,0.71720433
2024-09-06,TUR,0.45221645
2024-09-07,TUR,0.43816054
2024-09-08,TUR,0.44538513
2024-09-09,TUR,0.43816054
2024-09-10,TUR,0.44496998
2024-09-11,TUR,0.44108012
2024-09-12,TUR,0.44108012
2024-09-13,TUR,0.7039813
2024-09-14,TUR,0.7039813
2024-09-15,TUR,0.70781535
2024-09-16,TUR,0.70781535
2024-09-17,TUR,0.70781535
2024-09-18,TUR,0.69315904
2024-09-19,TUR,0.51981896
2024-09-20,TUR,0.5127757
2024-09-21,TUR,0.51981896
2024-09-22,TUR,0.36139125
2024-09-23,TUR,0.3662924
2024-09-24,TUR,0.35484707
2024-09-25,TUR,0.35484707
2024-09-26,TUR,0.4440257
2024-09-27,TUR,0.4440257
2024-09-28,TUR,0.36408967
2024-09-29,TUR,0.53670406
2024-09-30,TUR,0.5336488
2024-10-01,TUR,0.49135253
2024-10-02,TUR,0.48509836
2024-10-03,TUR,0.49135253
2024-10-04,TUR,0.48509836
2024-10-05,TUR,0.5220289
2024-10-06,TUR,0.53202367
2024-10-07,TUR,0.52275425
2024-10-08,TUR,0.70344496
2024-10-09,TUR,0.70344496
2024-10-10,TUR,0.70344496
2024-10-11,TUR,0.70344496
2024-10-12,TUR,0.70564765
2024-10-13,TUR,0.70564765
2024-10-14,TUR,0.7139163
2024-10-15,TUR,0.7139163
2024-10-16,TUR,0.7049238
2024-10-17,TUR,0.7023627
2024-10-18,TUR,0.7023627
2024-10-19,TUR,0.7023627
2024-10-20,TUR,0.7023627
2024-10-21,TUR,0.7049238
2024-10-22,TUR,0.6974098
2024-10-23,TUR,0.6974098
2024-10-24,TUR,0.6974098
2024-10-25,TUR,0.7011155
2024-10-26,TUR,0.7011155
2024-10-27,TUR,0.7011155
2024-10-28,TUR,0.64176977
2024-10-29,TUR,0.64176977
2024-10-30,TUR,0.21880995
2024-10-31,TUR,0.21880995
2024-11-01,TUR,0.22636552
2024-11-02,TUR,0.23296496
2024-11-03,TUR,0.23296496
2024-11-04,TUR,0.23296496
2024-11-05,TUR,0.23847446
2024-11-06,TUR,0.70217544
2024-11-07,TUR,0.7047374
2024-11-08,TUR,0.7047374
2024-11-09,TUR,0.7047374
2024-11-10,TUR,0.6943116
2024-11-11,TUR,0.6943116
2024-11-12,TUR,0.6943116
2024-11-13,TUR,0.68920034
2024-11-14,TUR,0.71112424
2024-11-15,TUR,0.71112424
2024-11-16,TUR,0.70861214
2024-11-17,TUR,0.70861214
2024-11-18,TUR,0.71241075
2024-11-19,TUR,0.71241075
2024-11-20,TUR,0.70917016
2024-11-21,TUR,0.73236614
2024-11-22,TUR,0.733067
2024-11-23,TUR,0.7310166
2024-11-24,TUR,0.7310166
2024-11-25,TUR,0.7310166
2024-11-26,TUR,0.734105
2024-11-27,TUR,0.734105
2024-11-28,TUR,0.7372847
2024-11-29,TUR,0.6666244
2024-11-30,TUR,0.65673804
2024-12-01,TUR,0.6015989
2024-12-02,TUR,0.5970128
2024-12-03,TUR,0.618766
2024-12-04,TUR,0.6142508
2024-12-05,TUR,0.55350035
2024-12-06,TUR,0.55350035
2024-12-07,TUR,0.5582749
2024-12-08,TUR,0.5495746
2024-12-09,TUR,0.55954874
2024-12-10,TUR,0.5971522
2024-12-11,TUR,0.5971522
2024-12-12,TUR,0.5992489
2024-12-13,TUR,0.59561676
2024-12-14,TUR,0.57258683
2024-12-15,TUR,0.57258683
2024-12-16,TUR,0.57258683
2024-12-17,TUR,0.6839446
2024-12-18,TUR,0.6839446
2024-12-19,TUR,0.6922118
2024-12-20,TUR,0.6839446
2024-12-21,TUR,0.6839446
2024-12-22,TUR,0.6839446
2024-12-23,TUR,0.6839446
2024-12-24,TUR,0.68779993
2024-12-25,TUR,0.68779993
2024-12-26,TUR,0.6913005
2024-12-27,TUR,0.68792635
2024-12-28,TUR,0.68779993
2024-12-29,TUR,0.68779993
2024-12-30,TUR,0.59213847
2024-12-31,TUR,0.61709
2025-01-01,TUR,0.60293585
2025-01-02,TUR,0.55827373
2025-01-03,TUR,0.580349
2025-01-04,TUR,0.580349
2025-01-05,TUR,0.580349
2025-01-06,TUR,0.5843199
2025-01-07,TUR,0.5932212
2025-01-08,TUR,0.588546
2025-01-09,TUR,0.5796148
2025-01-10,TUR,0.58457905
2025-01-11,TUR,0.5756239
2025-01-12,TUR,0.58034134
2025-01-13,TUR,0.6647598
2025-01-14,TUR,0.6647598
2025-01-15,TUR,0.6647598
2025-01-16,TUR,0.67290276
2025-01-17,TUR,0.5993909
2025-01-18,TUR,0.5792628
2025-01-19,TUR,0.5792628
2025-01-20,TUR,0.5792628
2025-01-21,TUR,0.5954011
2025-01-22,TUR,0.5899538
2025-01-23,TUR,0.5919382
2025-01-24,TUR,0.5957404
2025-01-25,TUR,0.5919382
2025-01-26,TUR,0.5919382
2025-01-27,TUR,0.5919382
2025-01-28,TUR,0.63074946
2025-01-29,TUR,0.6008493
2025-01-30,TUR,0.6694244
2025-01-31,TUR,0.66166455
2025-02-01,TUR,0.67197603
2025-02-02,TUR,0.67297333
2025-02-03,TUR,0.6710428
2025-02-04,TUR,0.6710428
2025-02-05,TUR,0.6763424
2025-02-06,TUR,0.66918904
2025-02-07,TUR,0.6763424
2025-02-08,TUR,0.68243694
2025-02-09,TUR,0.5967247
2025-02-10,TUR,0.5967247
2025-02-11,TUR,0.5967247
2025-02-12,TUR,0.5967247
2025-02-13,TUR,0.5878468
2025-02-14,TUR,0.5967247
2025-02-15,TUR,0.61697733
2025-02-16,TUR,0.670329
2025-02-17,TUR,0.670329
2025-02-18,TUR,0.670329
2025-02-19,TUR,0.670329
2025-02-20,TUR,0.6726012
2025-02-21,TUR,0.64872086
2025-02-22,TUR,0.6367874
2025-02-23,TUR,0.67129797
2025-02-24,TUR,0.67129797
2025-02-25,TUR,0.49330732
2025-02-26,TUR,0.49724802
2025-02-27,TUR,0.49724802
2025-02-28,TUR,0.49724802
2025-03-01,TUR,0.50278884
2025-03-02,TUR,0.52582484
2025-03-03,TUR,0.52582484
2025-03-04,TUR,0.5170383
2025-03-05,TUR,0.5170383
2025-03-06,TUR,0.5170383
2025-03-07,TUR,0.5426974
2025-03-08,TUR,0.5331229
2025-03-09,TUR,0.5243493
2025-03-10,TUR,0.5243493
2025-03-11,TUR,0.5266498
2025-03-12,TUR,0.5266498
2025-03-13,TUR,0.51310086
2025-03-14,TUR,0.5339464
2025-03-15,TUR,0.5243493
2025-03-16,TUR,0.5243493
2025-03-17,TUR,0.5243493
2025-03-18,TUR,0.5243493
2025-03-19,TUR,0.5243493
2025-03-20,TUR,0.5243493
2025-03-21,TUR,0.67285174
2025-03-22,TUR,0.5280938
2025-03-23,TUR,0.53027606
2025-03-24,TUR,0.52602756
2025-03-25,TUR,0.5273263
2025-03-26,TUR,0.5273263
2025-03-27,TUR,0.5417494
2025-03-28,TUR,0.5341194
2024-07-01,SAU,0.32293704
2024-07-02,SAU,0.33805326
2024-07-03,SAU,0.3392609
2024-07-04,SAU,0.35870397
2024-07-05,SAU,0.3399137
2024-07-06,SAU,0.3522645
2024-07-07,SAU,0.3472282
2024-07-08,SAU,0.3472282
2024-07-09,SAU,0.37233177
2024-07-10,SAU,0.32832566
2024-07-11,SAU,0.32152227
2024-07-12,SAU,0.33788186
2024-07-13,SAU,0.3402315
2024-07-14,SAU,0.347535
2024-07-15,SAU,0.32676306
2024-07-16,SAU,0.33550358
2024-07-17,SAU,0.2994647
2024-07-18,SAU,0.3640551
2024-07-19,SAU,0.38506812
2024-07-20,SAU,0.46453142
2024-07-21,SAU,0.44971222
2024-07-22,SAU,0.4563837
2024-07-23,SAU,0.50643927
2024-07-24,SAU,0.54019856
2024-07-25,SAU,0.45503217
2024-07-26,SAU,0.45690772
2024-07-27,SAU,0.5719977
2024-07-28,SAU,0.56342655
2024-07-29,SAU,0.57805675
2024-07-30,SAU,0.56029075
2024-07-31,SAU,0.5038978
2024-08-01,SAU,0.57262653
2024-08-02,SAU,0.55977005
2024-08-03,SAU,0.5060464
2024-08-04,SAU,0.5425508
2024-08-05,SAU,0.5425508
2024-08-06,SAU,0.46707484
2024-08-07,SAU,0.49936184
2024-08-08,SAU,0.4889639
2024-08-09,SAU,0.44444293
2024-08-10,SAU,0.6068481
2024-08-11,SAU,0.6068481
2024-08-12,SAU,0.6068481
2024-08-13,SAU,0.59177923
2024-08-14,SAU,0.620221
2024-08-15,SAU,0.5945082
2024-08-16,SAU,0.6021693
2024-08-17,SAU,0.5361985
2024-08-18,SAU,0.53670406
2024-08-19,SAU,0.53670406
2024-08-20,SAU,0.5218361
2024-08-21,SAU,0.48073187
2024-08-22,SAU,0.5239574
2024-08-23,SAU,0.48125458
2024-08-24,SAU,0.48651898
2024-08-25,SAU,0.5049449
2024-08-26,SAU,0.5049449
2024-08-27,SAU,0.57221043
2024-08-28,SAU,0.58925277
2024-08-29,SAU,0.56435084
2024-08-30,SAU,0.5629977
2024-08-31,SAU,0.5806039
2024-09-01,SAU,0.5806039
2024-09-02,SAU,0.5806039
2024-09-03,SAU,0.5806039
2024-09-04,SAU,0.4486571
2024-09-05,SAU,0.50937307
2024-09-06,SAU,0.47620445
2024-09-07,SAU,0.46810994
2024-09-08,SAU,0.5046737
2024-09-09,SAU,0.5046737
2024-09-10,SAU,0.5259029
2024-09-11,SAU,0.5950434
2024-09-12,SAU,0.5662901
2024-09-13,SAU,0.5683635
2024-09-14,SAU,0.5742885
2024-09-15,SAU,0.5747855
2024-09-16,SAU,0.5747855
2024-09-17,SAU,0.58369845
2024-09-18,SAU,0.5760633
2024-09-19,SAU,0.56668353
2024-09-20,SAU,0.575101
2024-09-21,SAU,0.5558919
2024-09-22,SAU,0.58253455
2024-09-23,SAU,0.58253455
2024-09-24,SAU,0.59688693
2024-09-25,SAU,0.5853552
2024-09-26,SAU,0.5911844
2024-09-27,SAU,0.60753685
2024-09-28,SAU,0.5154947
2024-09-29,SAU,0.5409375
2024-09-30,SAU,0.5409375
2024-10-01,SAU,0.5540069
2024-10-02,SAU,0.46211335
2024-10-03,SAU,0.47971877
2024-10-04,SAU,0.45818257
2024-10-05,SAU,0.51457214
2024-10-06,SAU,0.5439453
2024-10-07,SAU,0.5439453
2024-10-08,SAU,0.46652606
2024-10-09,SAU,0.5509366
2024-10-10,SAU,0.5564049
2024-10-11,SAU,0.5587168
2024-10-12,SAU,0.54137194
2024-10-13,SAU,0.54187673
2024-10-14,SAU,0.54187673
2024-10-15,SAU,0.5915306
2024-10-16,SAU,0.5449532
2024-10-17,SAU,0.5509464
2024-10-18,SAU,0.57271564
2024-10-19,SAU,0.572218
2024-10-20,SAU,0.5792909
2024-10-21,SAU,0.590027
2024-10-22,SAU,0.56847525
2024-10-23,SAU,0.56077945
2024-10-24,SAU,0.54466
2024-10-25,SAU,0.57009983
2024-10-26,SAU,0.57547235
2024-10-27,SAU,0.5538045
2024-10-28,SAU,0.5538045
2024-10-29,SAU,0.5646364
2024-10-30,SAU,0.56342155
2024-10-31,SAU,0.55678797
2024-11-01,SAU,0.48650235
2024-11-02,SAU,0.53486687
2024-11-03,SAU,0.53486687
2024-11-04,SAU,0.53486687
2024-11-05,SAU,0.5283915
2024-11-06,SAU,0.54002714
2024-11-07,SAU,0.5243914
2024-11-08,SAU,0.5755146
2024-11-09,SAU,0.5689292
2024-11-10,SAU,0.5689292
2024-11-11,SAU,0.5689292
2024-11-12,SAU,0.51991993
2024-11-13,SAU,0.51991993
2024-11-14,SAU,0.499099
2024-11-15,SAU,0.48899293
2024-11-16,SAU,0.33574188
2024-11-17,SAU,0.3510207
2024-11-18,SAU,0.3510207
2024-11-19,SAU,0.40353343
2024-11-20,SAU,0.41005185
2024-11-21,SAU,0.36261383
2024-11-22,SAU,0.3460781
2024-11-23,SAU,0.5140139
2024-11-24,SAU,0.5410949
2024-11-25,SAU,0.5410949
2024-11-26,SAU,0.571687
2024-11-27,SAU,0.55011237
2024-11-28,SAU,0.53323203
2024-11-29,SAU,0.533738
2024-11-30,SAU,0.45521998
2024-12-01,SAU,0.45521998
2024-12-02,SAU,0.45521998
2024-12-03,SAU,0.51981086
2024-12-04,SAU,0.5152408
2024-12-05,SAU,0.56700206
2024-12-06,SAU,0.5152408
2024-12-07,SAU,0.56700206
2024-12-08,SAU,0.56700206
2024-12-09,SAU,0.56700206
2024-12-10,SAU,0.43728018
2024-12-11,SAU,0.52569467
2024-12-12,SAU,0.52400094
2024-12-13,SAU,0.51721054
2024-12-14,SAU,0.5205525
2024-12-15,SAU,0.50213474
2024-12-16,SAU,0.5205525
2024-12-17,SAU,0.5364174
2024-12-18,SAU,0.5097636
2024-12-19,SAU,0.42065358
2024-12-20,SAU,0.41740817
2024-12-21,SAU,0.44818395
2024-12-22,SAU,0.4448153
2024-12-23,SAU,0.4448153
2024-12-24,SAU,0.4391375
2024-12-25,SAU,0.4391375
2024-12-26,SAU,0.4391375
2024-12-27,SAU,0.49196804
2024-12-28,SAU,0.47560516
2024-12-29,SAU,0.6430488
2024-12-30,SAU,0.6430488
2024-12-31,SAU,0.6430488
2025-01-01,SAU,0.6430488
2025-01-02,SAU,0.6430488
2025-01-03,SAU,0.6407018
2025-01-04,SAU,0.6407018
2025-01-05,SAU,0.6407018
2025-01-06,SAU,0.6407018
2025-01-07,SAU,0.64484966
2025-01-08,SAU,0.64484966
2025-01-09,SAU,0.64718455
2025-01-10,SAU,0.6430488
2025-01-11,SAU,0.62531924
2025-01-12,SAU,0.5341327
2025-01-13,SAU,0.5341327
2025-01-14,SAU,0.43524987
2025-01-15,SAU,0.44069675
2025-01-16,SAU,0.48462793
2025-01-17,SAU,0.48462793
2025-01-18,SAU,0.42548048
2025-01-19,SAU,0.42548048
2025-01-20,SAU,0.42548048
2025-01-21,SAU,0.36551145
2025-01-22,SAU,0.35783327
2025-01-23,SAU,0.3527375
2025-01-24,SAU,0.35190415
2025-01-25,SAU,0.32253528
2025-01-26,SAU,0.32253528
2025-01-27,SAU,0.32253528
2025-01-28,SAU,0.3329332
2025-01-29,SAU,0.35144293
2025-01-30,SAU,0.3961076
2025-01-31,SAU,0.37194678
2025-02-01,SAU,0.5338934
2025-02-02,SAU,0.5338934
2025-02-03,SAU,0.5265446
2025-02-04,SAU,0.49983495
2025-02-05,SAU,0.52424467
2025-02-06,SAU,0.51694775
2025-02-07,SAU,0.5597059
2025-02-08,SAU,0.37754562
2025-02-09,SAU,0.3937515
2025-02-10,SAU,0.37629896
2025-02-11,SAU,0.3672575
2025-02-12,SAU,0.45143706
2025-02-13,SAU,0.3905529
2025-02-14,SAU,0.38766468
2025-02-15,SAU,0.35424086
2025-02-16,SAU,0.32289797
2025-02-17,SAU,0.34546024
2025-02-18,SAU,0.34255737
2025-02-19,SAU,0.30394033
2025-02-20,SAU,0.32226303
2025-02-21,SAU,0.33401826
2025-02-22,SAU,0.4666065
2025-02-23,SAU,0.49237937
2025-02-24,SAU,0.500487
2025-02-25,SAU,0.48659867
2025-02-26,SAU,0.46304438
2025-02-27,SAU,0.47472692
2025-02-28,SAU,0.45878127
2025-03-01,SAU,0.43837604
2025-03-02,SAU,0.43837604
2025-03-03,SAU,0.43837604
2025-03-04,SAU,0.4136013
2025-03-05,SAU,0.4540558
2025-03-06,SAU,0.4690685
2025-03-07,SAU,0.4159428
2025-03-08,SAU,0.40699914
2025-03-09,SAU,0.40699914
2025-03-10,SAU,0.40699914
2025-03-11,SAU,0.46890607
2025-03-12,SAU,0.45670432
2025-03-13,SAU,0.4414824
2025-03-14,SAU,0.5769445
2025-03-15,SAU,0.52286166
2025-03-16,SAU,0.52286166
2025-03-17,SAU,0.52286166
2025-03-18,SAU,0.55852646
2025-03-19,SAU,0.52859133
2025-03-20,SAU,0.5141658
2025-03-21,SAU,0.54025877
2025-03-22,SAU,0.55375874
2025-03-23,SAU,0.53547823
2025-03-24,SAU,0.53547823
2025-03-25,SAU,0.53547823
2025-03-26,SAU,0.516752
2025-03-27,SAU,0.4950804
2025-03-28,SAU,0.5395624
2024-07-01,LBY,0.34744024
2024-07-02,LBY,0.34744024
2024-07-03,LBY,0.35752618
2024-07-04,LBY,0.31939003
2024-07-05,LBY,0.3361196
2024-07-06,LBY,0.72708595
2024-07-07,LBY,0.72708595
2024-07-08,LBY,0.72708595
2024-07-09,LBY,0.72708595
2024-07-10,LBY,0.73073524
2024-07-11,LBY,0.73073524
2024-07-12,LBY,0.73073524
2024-07-13,LBY,0.74306244
2024-07-14,LBY,0.74306244
2024-07-15,LBY,0.74306244
2024-07-16,LBY,0.7412043
2024-07-17,LBY,0.6803652
2024-07-18,LBY,0.67623943
2024-07-19,LBY,0.67623943
2024-07-20,LBY,0.67623943
2024-07-21,LBY,0.67623943
2024-07-22,LBY,0.67623943
2024-07-23,LBY,0.65265906
2024-07-24,LBY,0.67372656
2024-07-25,LBY,0.6142833
2024-07-26,LBY,0.5898412
2024-07-27,LBY,0.5942309
2024-07-28,LBY,0.50846833
2024-07-29,LBY,0.39810956
2024-07-30,LBY,0.39810956
2024-07-31,LBY,0.39810956
2024-08-01,LBY,0.39810956
2024-08-02,LBY,0.39418024
2024-08-03,LBY,0.4028211
2024-08-04,LBY,0.5780861
2024-08-05,LBY,0.6100378
2024-08-06,LBY,0.60921377
2024-08-07,LBY,0.6144222
2024-08-08,LBY,0.7360092
2024-08-09,LBY,0.7360092
2024-08-10,LBY,0.6141703
2024-08-11,LBY,0.6141703
2024-08-12,LBY,0.6141703
2024-08-13,LBY,0.6141703
2024-08-14,LBY,0.61490464
2024-08-15,LBY,0.6251748
2024-08-16,LBY,0.32393155
2024-08-17,LBY,0.32295257
2024-08-18,LBY,0.33326185
2024-08-19,LBY,0.3415734
2024-08-20,LBY,0.36538512
2024-08-21,LBY,0.38649365
2024-08-22,LBY,0.3520484
2024-08-23,LBY,0.72530144
2024-08-24,LBY,0.7519585
2024-08-25,LBY,0.5206759
2024-08-26,LBY,0.47285914
2024-08-27,LBY,0.45634884
2024-08-28,LBY,0.44952857
2024-08-29,LBY,0.45331246
2024-08-30,LBY,0.44482616
2024-08-31,LBY,0.4048777
2024-09-01,LBY,0.51343346
2024-09-02,LBY,0.7353688
2024-09-03,LBY,0.7324922
2024-09-04,LBY,0.7324922
2024-09-05,LBY,0.7324922
2024-09-06,LBY,0.7324922
2024-09-07,LBY,0.6421438
2024-09-08,LBY,0.5720774
2024-09-09,LBY,0.56686604
2024-09-10,LBY,0.556704
2024-09-11,LBY,0.554414
2024-09-12,LBY,0.554414
2024-09-13,LBY,0.5139367
2024-09-14,LBY,0.5805187
2024-09-15,LBY,0.47291857
2024-09-16,LBY,0.47291857
2024-09-17,LBY,0.47291857
2024-09-18,LBY,0.60380924
2024-09-19,LBY,0.44279912
2024-09-20,LBY,0.5199876
2024-09-21,LBY,0.52459544
2024-09-22,LBY,0.51882684
2024-09-23,LBY,0.51882684
2024-09-24,LBY,0.49325627
2024-09-25,LBY,0.48382822
2024-09-26,LBY,0.7297602
2024-09-27,LBY,0.7297602
2024-09-28,LBY,0.7297602
2024-09-29,LBY,0.61727947
2024-09-30,LBY,0.61727947
2024-10-01,LBY,0.61727947
2024-10-02,LBY,0.61572784
2024-10-03,LBY,0.62432325
2024-10-04,LBY,0.61164445
2024-10-05,LBY,0.577537
2024-10-06,LBY,0.60635525
2024-10-07,LBY,0.57092345
2024-10-08,LBY,0.4088473
2024-10-09,LBY,0.4088473
2024-10-10,LBY,0.4323817
2024-10-11,LBY,0.3877723
2024-10-12,LBY,0.40485135
2024-10-13,LBY,0.38637403
2024-10-14,LBY,0.44092667
2024-10-15,LBY,0.7268575
2024-10-16,LBY,0.7268575
2024-10-17,LBY,0.747962
2024-10-18,LBY,0.7501225
2024-10-19,LBY,0.7462582
2024-10-20,LBY,0.7462582
2024-10-21,LBY,0.7462582
2024-10-22,LBY,0.75918114
2024-10-23,LBY,0.75918114
2024-10-24,LBY,0.75918114
2024-10-25,LBY,0.7570737
2024-10-26,LBY,0.7621745
2024-10-27,LBY,0.7621745
2024-10-28,LBY,0.60437816
2024-10-29,LBY,0.59289247
2024-10-30,LBY,0.59289247
2024-10-31,LBY,0.58388567
2024-11-01,LBY,0.5830889
2024-11-02,LBY,0.5830889
2024-11-03,LBY,0.57417184
2024-11-04,LBY,0.5803018
2024-11-05,LBY,0.5644036
2024-11-06,LBY,0.5695523
2024-11-07,LBY,0.48948067
2024-11-08,LBY,0.48948067
2024-11-09,LBY,0.47034052
2024-11-10,LBY,0.4603533
2024-11-11,LBY,0.45193073
2024-11-12,LBY,0.44985837
2024-11-13,LBY,0.42894104
2024-11-14,LBY,0.46224207
2024-11-15,LBY,0.4488109
2024-11-16,LBY,0.4488109
2024-11-17,LBY,0.4488109
2024-11-18,LBY,0.50189835
2024-11-19,LBY,0.50189835
2024-11-20,LBY,0.51337916
2024-11-21,LBY,0.51337916
2024-11-22,LBY,0.7120638
2024-11-23,LBY,0.71247107
2024-11-24,LBY,0.7109726
2024-11-25,LBY,0.7287356
2024-11-26,LBY,0.5362509
2024-11-27,LBY,0.5362509
2024-11-28,LBY,0.48607558
2024-11-29,LBY,0.43975776
2024-11-30,LBY,0.44442126
2024-12-01,LBY,0.44442126
2024-12-02,LBY,0.44442126
2024-12-03,LBY,0.36776352
2024-12-04,LBY,0.37399414
2024-12-05,LBY,0.37399414
2024-12-06,LBY,0.43138236
2024-12-07,LBY,0.43138236
2024-12-08,LBY,0.42885688
2024-12-09,LBY,0.43138236
2024-12-10,LBY,0.46835148
2024-12-11,LBY,0.6081008
2024-12-12,LBY,0.64598477
2024-12-13,LBY,0.6081008
2024-12-14,LBY,0.6056649
2024-12-15,LBY,0.63822484
2024-12-16,LBY,0.63822484
2024-12-17,LBY,0.63822484
2024-12-18,LBY,0.6405789
2024-12-19,LBY,0.6405789
2024-12-20,LBY,0.76185036
2024-12-21,LBY,0.6405789
2024-12-22,LBY,0.6405789
2024-12-23,LBY,0.6405789
2024-12-24,LBY,0.6405789
2024-12-25,LBY,0.6405789
2024-12-26,LBY,0.6405789
2024-12-27,LBY,0.6432119
2024-12-28,LBY,0.74014455
2024-12-29,LBY,0.612031
2024-12-30,LBY,0.612031
2024-12-31,LBY,0.61216354
2025-01-01,LBY,0.6078398
2025-01-02,LBY,0.56006116
2025-01-03,LBY,0.52259344
2025-01-04,LBY,0.51828545
2025-01-05,LBY,0.7546789
2025-01-06,LBY,0.7546789
2025-01-07,LBY,0.73847324
2025-01-08,LBY,0.74268657
2025-01-09,LBY,0.7189812
2025-01-10,LBY,0.7189812
2025-01-11,LBY,0.7196544
2025-01-12,LBY,0.7169214
2025-01-13,LBY,0.7169214
2025-01-14,LBY,0.7169214
2025-01-15,LBY,0.71244955
2025-01-16,LBY,0.7169214
2025-01-17,LBY,0.7169214
2025-01-18,LBY,0.30058607
2025-01-19,LBY,0.3250831
2025-01-20,LBY,0.31824836
2025-01-21,LBY,0.31249306
2025-01-22,LBY,0.3078009
2025-01-23,LBY,0.32881734
2025-01-24,LBY,0.32881734
2025-01-25,LBY,0.61795324
2025-01-26,LBY,0.6231172
2025-01-27,LBY,0.6274444
2025-01-28,LBY,0.6496731
2025-01-29,LBY,0.41400167
2025-01-30,LBY,0.4095285
2025-01-31,LBY,0.4959186
2025-02-01,LBY,0.48484993
2025-02-02,LBY,0.4218684
2025-02-03,LBY,0.4218684
2025-02-04,LBY,0.41780055
2025-02-05,LBY,0.64678377
2025-02-06,LBY,0.6311403
2025-02-07,LBY,0.6009064
2025-02-08,LBY,0.6009064
2025-02-09,LBY,0.6311403
2025-02-10,LBY,0.64069724
2025-02-11,LBY,0.6415572
2025-02-12,LBY,0.6400419
2025-02-13,LBY,0.6445611
2025-02-14,LBY,0.656344
2025-02-15,LBY,0.66001916
2025-02-16,LBY,0.6643484
2025-02-17,LBY,0.583376
2025-02-18,LBY,0.583376
2025-02-19,LBY,0.20108534
2025-02-20,LBY,0.20378377
2025-02-21,LBY,0.19693622
2025-02-22,LBY,0.18596132
2025-02-23,LBY,0.18462208
2025-02-24,LBY,0.17523833
2025-02-25,LBY,0.17523833
2025-02-26,LBY,0.6017533
2025-02-27,LBY,0.69659704
2025-02-28,LBY,0.69659704
2025-03-01,LBY,0.61516756
2025-03-02,LBY,0.61516756
2025-03-03,LBY,0.61953026
2025-03-04,LBY,0.6143475
2025-03-05,LBY,0.6566719
2025-03-06,LBY,0.6469945
2025-03-07,LBY,0.6419696
2025-03-08,LBY,0.6726508
2025-03-09,LBY,0.66206306
2025-03-10,LBY,0.654897
2025-03-11,LBY,0.654897
2025-03-12,LBY,0.65905887
2025-03-13,LBY,0.6707972
2025-03-14,LBY,0.6707972
2025-03-15,LBY,0.6007231
2025-03-16,LBY,0.6131043
2025-03-17,LBY,0.61522716
2025-03-18,LBY,0.6007231
2025-03-19,LBY,0.6007231
2025-03-20,LBY,0.6131043
2025-03-21,LBY,0.4161162
2025-03-22,LBY,0.54017967
2025-03-23,LBY,0.5675652
2025-03-24,LBY,0.5675652
2025-03-25,LBY,0.5463905
2025-03-26,LBY,0.5438587
2025-03-27,LBY,0.57592934
2025-03-28,LBY,0.54802155
2024-07-01,EGY,0.7312851
2024-07-02,EGY,0.72815454
2024-07-03,EGY,0.63234913
2024-07-04,EGY,0.63234913
2024-07-05,EGY,0.63234913
2024-07-06,EGY,0.63234913
2024-07-07,EGY,0.6223933
2024-07-08,EGY,0.43255457
2024-07-09,EGY,0.4671972
2024-07-10,EGY,0.43255457
2024-07-11,EGY,0.43255457
2024-07-12,EGY,0.41728273
2024-07-13,EGY,0.41728273
2024-07-14,EGY,0.422891
2024-07-15,EGY,0.61307067
2024-07-16,EGY,0.6097702
2024-07-17,EGY,0.5869127
2024-07-18,EGY,0.61106676
2024-07-19,EGY,0.62040776
2024-07-20,EGY,0.6538825
2024-07-21,EGY,0.64865404
2024-07-22,EGY,0.64866537
2024-07-23,EGY,0.44740197
2024-07-24,EGY,0.44740197
2024-07-25,EGY,0.44740197
2024-07-26,EGY,0.44740197
2024-07-27,EGY,0.44740197
2024-07-28,EGY,0.44740197
2024-07-29,EGY,0.47030064
2024-07-30,EGY,0.46153885
2024-07-31,EGY,0.46666387
2024-08-01,EGY,0.46153885
2024-08-02,EGY,0.46153885
2024-08-03,EGY,0.4721839
2024-08-04,EGY,0.4721839
2024-08-05,EGY,0.6570542
2024-08-06,EGY,0.6605381
2024-08-07,EGY,0.62654066
2024-08-08,EGY,0.65224856
2024-08-09,EGY,0.64346087
2024-08-10,EGY,0.64346087
2024-08-11,EGY,0.6126055
2024-08-12,EGY,0.6126055
2024-08-13,EGY,0.61647904
2024-08-14,EGY,0.61647904
2024-08-15,EGY,0.6472036
2024-08-16,EGY,0.61647904
2024-08-17,EGY,0.6567044
2024-08-18,EGY,0.6567044
2024-08-19,EGY,0.34857866
2024-08-20,EGY,0.33961898
2024-08-21,EGY,0.33330503
2024-08-22,EGY,0.29577398
2024-08-23,EGY,0.3016353
2024-08-24,EGY,0.29898804
2024-08-25,EGY,0.29898804
2024-08-26,EGY,0.6259486
2024-08-27,EGY,0.6203706
2024-08-28,EGY,0.59123784
2024-08-29,EGY,0.63815415
2024-08-30,EGY,0.63338244
2024-08-31,EGY,0.63815415
2024-09-01,EGY,0.63815415
2024-09-02,EGY,0.643453
2024-09-03,EGY,0.643453
2024-09-04,EGY,0.643453
2024-09-05,EGY,0.643453
2024-09-06,EGY,0.643453
2024-09-07,EGY,0.6396893
2024-09-08,EGY,0.6396893
2024-09-09,EGY,0.6396893
2024-09-10,EGY,0.643453
2024-09-11,EGY,0.58677137
2024-09-12,EGY,0.44719332
2024-09-13,EGY,0.42393216
2024-09-14,EGY,0.44719332
2024-09-15,EGY,0.44719332
2024-09-16,EGY,0.45419493
2024-09-17,EGY,0.4549752
2024-09-18,EGY,0.46935624
2024-09-19,EGY,0.6351502
2024-09-20,EGY,0.6178847
2024-09-21,EGY,0.6178847
2024-09-22,EGY,0.6178847
2024-09-23,EGY,0.6178847
2024-09-24,EGY,0.6258436
2024-09-25,EGY,0.63192505
2024-09-26,EGY,0.6258436
2024-09-27,EGY,0.62811
2024-09-28,EGY,0.6178847
2024-09-29,EGY,0.6178847
2024-09-30,EGY,0.6178847
2024-10-01,EGY,0.63412386
2024-10-02,EGY,0.45799834
2024-10-03,EGY,0.48096734
2024-10-04,EGY,0.48096734
2024-10-05,EGY,0.47160226
2024-10-06,EGY,0.47160226
2024-10-07,EGY,0.49026817
2024-10-08,EGY,0.48027632
2024-10-09,EGY,0.49074268
2024-10-10,EGY,0.6633311
2024-10-11,EGY,0.6587139
2024-10-12,EGY,0.6550741
2024-10-13,EGY,0.6550741
2024-10-14,EGY,0.6550741
2024-10-15,EGY,0.4032507
2024-10-16,EGY,0.39798144
2024-10-17,EGY,0.38446367
2024-10-18,EGY,0.38446367
2024-10-19,EGY,0.38403273
2024-10-20,EGY,0.38403273
2024-10-21,EGY,0.38403273
2024-10-22,EGY,0.6782509
2024-10-23,EGY,0.6782509
2024-10-24,EGY,0.6782509
2024-10-25,EGY,0.6782509
2024-10-26,EGY,0.6782509
2024-10-27,EGY,0.6782509
2024-10-28,EGY,0.6782509
2024-10-29,EGY,0.6746688
2024-10-30,EGY,0.6695957
2024-10-31,EGY,0.6732066
2024-11-01,EGY,0.6813869
2024-11-02,EGY,0.64115584
2024-11-03,EGY,0.6464351
2024-11-04,EGY,0.6464351
2024-11-05,EGY,0.6464351
2024-11-06,EGY,0.6464351
2024-11-07,EGY,0.6053416
2024-11-08,EGY,0.6464351
2024-11-09,EGY,0.66309625
2024-11-10,EGY,0.66309625
2024-11-11,EGY,0.66309625
2024-11-12,EGY,0.58848876
2024-11-13,EGY,0.6175971
2024-11-14,EGY,0.47953805
2024-11-15,EGY,0.44500804
2024-11-16,EGY,0.29381007
2024-11-17,EGY,0.3379494
2024-11-18,EGY,0.3379494
2024-11-19,EGY,0.3528706
2024-11-20,EGY,0.39205977
2024-11-21,EGY,0.341955
2024-11-22,EGY,0.31050494
2024-11-23,EGY,0.48291647
2024-11-24,EGY,0.51007867
2024-11-25,EGY,0.51007867
2024-11-26,EGY,0.5274052
2024-11-27,EGY,0.5343003
2024-11-28,EGY,0.5429314
2024-11-29,EGY,0.5434358
2024-11-30,EGY,0.4800559
2024-12-01,EGY,0.45261064
2024-12-02,EGY,0.45261064
2024-12-03,EGY,0.5297173
2024-12-04,EGY,0.5076408
2024-12-05,EGY,0.5595198
2024-12-06,EGY,0.48921376
2024-12-07,EGY,0.5595198
2024-12-08,EGY,0.5595198
2024-12-09,EGY,0.54127985
2024-12-10,EGY,0.4031221
2024-12-11,EGY,0.4933749
2024-12-12,EGY,0.46534863
2024-12-13,EGY,0.46981722
2024-12-14,EGY,0.4697827
2024-12-15,EGY,0.5223434
2024-12-16,EGY,0.5223434
2024-12-17,EGY,0.51368517
2024-12-18,EGY,0.32108894
2024-12-19,EGY,0.28406113
2024-12-20,EGY,0.31582788
2024-12-21,EGY,0.33553728
2024-12-22,EGY,0.33553728
2024-12-23,EGY,0.33553728
2024-12-24,EGY,0.33553728
2024-12-25,EGY,0.5365622
2024-12-26,EGY,0.5365622
2024-12-27,EGY,0.5987633
2024-12-28,EGY,0.39787856
2024-12-29,EGY,0.31708884
2024-12-30,EGY,0.31708884
2024-12-31,EGY,0.3155374
2025-01-01,EGY,0.3155374
2025-01-02,EGY,0.3155374
2025-01-03,EGY,0.31214273
2025-01-04,EGY,0.42202738
2025-01-05,EGY,0.71725637
2025-01-06,EGY,0.71725637
2025-01-07,EGY,0.44696733
2025-01-08,EGY,0.44696733
2025-01-09,EGY,0.44696733
2025-01-10,EGY,0.44696733
2025-01-11,EGY,0.41155863
2025-01-12,EGY,0.4143354
2025-01-13,EGY,0.4143354
2025-01-14,EGY,0.70806116
2025-01-15,EGY,0.697491
2025-01-16,EGY,0.6960499
2025-01-17,EGY,0.6668263
2025-01-18,EGY,0.6591728
2025-01-19,EGY,0.63809913
2025-01-20,EGY,0.639784
2025-01-21,EGY,0.639784
2025-01-22,EGY,0.65852904
2025-01-23,EGY,0.65548944
2025-01-24,EGY,0.67615026
2025-01-25,EGY,0.67268884
2025-01-26,EGY,0.6824413
2025-01-27,EGY,0.66362923
2025-01-28,EGY,0.6771056
2025-01-29,EGY,0.6607829
2025-01-30,EGY,0.6607829
2025-01-31,EGY,0.6607829
2025-02-01,EGY,0.66582906
2025-02-02,EGY,0.63581383
2025-02-03,EGY,0.63581383
2025-02-04,EGY,0.66582906
2025-02-05,EGY,0.67093164
2025-02-06,EGY,0.548299
2025-02-07,EGY,0.5532577
2025-02-08,EGY,0.41110113
2025-02-09,EGY,0.42775756
2025-02-10,EGY,0.42775756
2025-02-11,EGY,0.4351624
2025-02-12,EGY,0.48028782
2025-02-13,EGY,0.45588878
2025-02-14,EGY,0.4343461
2025-02-15,EGY,0.39200586
2025-02-16,EGY,0.35918006
2025-02-17,EGY,0.35918006
2025-02-18,EGY,0.35407564
2025-02-19,EGY,0.29999268
2025-02-20,EGY,0.3181862
2025-02-21,EGY,0.27229604
2025-02-22,EGY,0.27029762
2025-02-23,EGY,0.23915865
2025-02-24,EGY,0.26141068
2025-02-25,EGY,0.25511965
2025-02-26,EGY,0.25511965
2025-02-27,EGY,0.25511965
2025-02-28,EGY,0.25511965
2025-03-01,EGY,0.2720615
2025-03-02,EGY,0.4540539
2025-03-03,EGY,0.6762409
2025-03-04,EGY,0.70986027
2025-03-05,EGY,0.70986027
2025-03-06,EGY,0.70986027
2025-03-07,EGY,0.70986027
2025-03-08,EGY,0.3277978
2025-03-09,EGY,0.3277978
2025-03-10,EGY,0.31883577
2025-03-11,EGY,0.31883577
2025-03-12,EGY,0.31883577
2025-03-13,EGY,0.31883577
2025-03-14,EGY,0.3271906
2025-03-15,EGY,0.6955286
2025-03-16,EGY,0.6955286
2025-03-17,EGY,0.7000181
2025-03-18,EGY,0.7000405
2025-03-19,EGY,0.7103524
2025-03-20,EGY,0.7103524
2025-03-21,EGY,0.7103524
2025-03-22,EGY,0.7307713
2025-03-23,EGY,0.7153695
2025-03-24,EGY,0.7153695
2025-03-25,EGY,0.7146417
2025-03-26,EGY,0.71164244
2025-03-27,EGY,0.7057464
2025-03-28,EGY,0.7057464
2024-07-01,DZA,0.5031513
2024-07-02,DZA,0.49396032
2024-07-03,DZA,0.5167842
2024-07-04,DZA,0.30927703
2024-07-05,DZA,0.2989656
2024-07-06,DZA,0.31099612
2024-07-07,DZA,0.31099612
2024-07-08,DZA,0.59919125
2024-07-09,DZA,0.59919125
2024-07-10,DZA,0.59919125
2024-07-11,DZA,0.59919125
2024-07-12,DZA,0.59919125
2024-07-13,DZA,0.59919125
2024-07-14,DZA,0.27017337
2024-07-15,DZA,0.27017337
2024-07-16,DZA,0.27017337
2024-07-17,DZA,0.27017337
2024-07-18,DZA,0.26720595
2024-07-19,DZA,0.26720595
2024-07-20,DZA,0.26849985
2024-07-21,DZA,0.6244074
2024-07-22,DZA,0.6244074
2024-07-23,DZA,0.6289101
2024-07-24,DZA,0.6289101
2024-07-25,DZA,0.6202899
2024-07-26,DZA,0.6289101
2024-07-27,DZA,0.62228596
2024-07-28,DZA,0.65008676
2024-07-29,DZA,0.65915465
2024-07-30,DZA,0.6317048
2024-07-31,DZA,0.61320066
2024-08-01,DZA,0.5999857
2024-08-02,DZA,0.6296986
2024-08-03,DZA,0.3127209
2024-08-04,DZA,0.3127209
2024-08-05,DZA,0.32786915
2024-08-06,DZA,0.3232199
2024-08-07,DZA,0.32786915
2024-08-08,DZA,0.3232199
2024-08-09,DZA,0.32786915
2024-08-10,DZA,0.6177264
2024-08-11,DZA,0.62001586
2024-08-12,DZA,0.62967527
2024-08-13,DZA,0.59973717
2024-08-14,DZA,0.5718326
2024-08-15,DZA,0.5788657
2024-08-16,DZA,0.58861524
2024-08-17,DZA,0.61918575
2024-08-18,DZA,0.62571543
2024-08-19,DZA,0.62571543
2024-08-20,DZA,0.63503397
2024-08-21,DZA,0.59571207
2024-08-22,DZA,0.5931061
2024-08-23,DZA,0.58504224
2024-08-24,DZA,0.58031875
2024-08-25,DZA,0.44407806
2024-08-26,DZA,0.4503867
2024-08-27,DZA,0.44407806
2024-08-28,DZA,0.44407806
2024-08-29,DZA,0.45037174
2024-08-30,DZA,0.45037174
2024-08-31,DZA,0.43966252
2024-09-01,DZA,0.6894253
2024-09-02,DZA,0.62093323
2024-09-03,DZA,0.6186459
2024-09-04,DZA,0.61593074
2024-09-05,DZA,0.6260884
2024-09-06,DZA,0.6260884
2024-09-07,DZA,0.62224907
2024-09-08,DZA,0.62224907
2024-09-09,DZA,0.6168227
2024-09-10,DZA,0.6300001
2024-09-11,DZA,0.62617695
2024-09-12,DZA,0.6229195
2024-09-13,DZA,0.62136686
2024-09-14,DZA,0.62069535
2024-09-15,DZA,0.62069535
2024-09-16,DZA,0.62069535
2024-09-17,DZA,0.5700541
2024-09-18,DZA,0.59259164
2024-09-19,DZA,0.5728687
2024-09-20,DZA,0.5728687
2024-09-21,DZA,0.57723546
2024-09-22,DZA,0.32000452
2024-09-23,DZA,0.32000452
2024-09-24,DZA,0.27248448
2024-09-25,DZA,0.27248448
2024-09-26,DZA,0.36475897
2024-09-27,DZA,0.36475897
2024-09-28,DZA,0.37829608
2024-09-29,DZA,0.3918472
2024-09-30,DZA,0.3918472
2024-10-01,DZA,0.3918472
2024-10-02,DZA,0.3918472
2024-10-03,DZA,0.678526
2024-10-04,DZA,0.6810278
2024-10-05,DZA,0.6810278
2024-10-06,DZA,0.69995046
2024-10-07,DZA,0.69995046
2024-10-08,DZA,0.70569474
2024-10-09,DZA,0.69995046
2024-10-10,DZA,0.7101034
2024-10-11,DZA,0.7101034
2024-10-12,DZA,0.7101034
2024-10-13,DZA,0.6989502
2024-10-14,DZA,0.712675
2024-10-15,DZA,0.7024111
2024-10-16,DZA,0.7024111
2024-10-17,DZA,0.70000315
2024-10-18,DZA,0.4554893
2024-10-19,DZA,0.4370387
2024-10-20,DZA,0.4370387
2024-10-21,DZA,0.4370387
2024-10-22,DZA,0.38280103
2024-10-23,DZA,0.38280103
2024-10-24,DZA,0.38280103
2024-10-25,DZA,0.7056741
2024-10-26,DZA,0.6179775
2024-10-27,DZA,0.6179775
2024-10-28,DZA,0.62858105
2024-10-29,DZA,0.6220537
2024-10-30,DZA,0.6060818
2024-10-31,DZA,0.6265617
2024-11-01,DZA,0.6319324
2024-11-02,DZA,0.6365074
2024-11-03,DZA,0.6365074
2024-11-04,DZA,0.6154453
2024-11-05,DZA,0.6339397
2024-11-06,DZA,0.6339397
2024-11-07,DZA,0.5923099
2024-11-08,DZA,0.6339397
2024-11-09,DZA,0.63126844
2024-11-10,DZA,0.63126844
2024-11-11,DZA,0.63126844
2024-11-12,DZA,0.58416647
2024-11-13,DZA,0.5551265
2024-11-14,DZA,0.5605844
2024-11-15,DZA,0.5551265
2024-11-16,DZA,0.54534125
2024-11-17,DZA,0.41896576
2024-11-18,DZA,0.41896576
2024-11-19,DZA,0.47047666
2024-11-20,DZA,0.45938686
2024-11-21,DZA,0.44411165
2024-11-22,DZA,0.4084677
2024-11-23,DZA,0.53054625
2024-11-24,DZA,0.56293
2024-11-25,DZA,0.56293
2024-11-26,DZA,0.59334624
2024-11-27,DZA,0.61449814
2024-11-28,DZA,0.2664367
2024-11-29,DZA,0.27445087
2024-11-30,DZA,0.27780777
2024-12-01,DZA,0.27780777
2024-12-02,DZA,0.27780777
2024-12-03,DZA,0.27780777
2024-12-04,DZA,0.2615547
2024-12-05,DZA,0.59805
2024-12-06,DZA,0.59805
2024-12-07,DZA,0.5741057
2024-12-08,DZA,0.5828359
2024-12-09,DZA,0.5895074
2024-12-10,DZA,0.59102035
2024-12-11,DZA,0.6039061
2024-12-12,DZA,0.5851037
2024-12-13,DZA,0.6128166
2024-12-14,DZA,0.6389648
2024-12-15,DZA,0.6389648
2024-12-16,DZA,0.6389648
2024-12-17,DZA,0.62720996
2024-12-18,DZA,0.6245187
2024-12-19,DZA,0.5853154
2024-12-20,DZA,0.58653414
2024-12-21,DZA,0.60232985
2024-12-22,DZA,0.60232985
2024-12-23,DZA,0.604591
2024-12-24,DZA,0.604591
2024-12-25,DZA,0.6098624
2024-12-26,DZA,0.59748024
2024-12-27,DZA,0.6796195
2024-12-28,DZA,0.5988451
2024-12-29,DZA,0.62088424
2024-12-30,DZA,0.62088424
2024-12-31,DZA,0.61545044
2025-01-01,DZA,0.61545044
2025-01-02,DZA,0.61545044
2025-01-03,DZA,0.61545044
2025-01-04,DZA,0.61545044
2025-01-05,DZA,0.61545044
2025-01-06,DZA,0.61545044
2025-01-07,DZA,0.61545044
2025-01-08,DZA,0.61545044
2025-01-09,DZA,0.6131506
2025-01-10,DZA,0.6131506
2025-01-11,DZA,0.60492086
2025-01-12,DZA,0.60492086
2025-01-13,DZA,0.6061753
2025-01-14,DZA,0.6008805
2025-01-15,DZA,0.60492086
2025-01-16,DZA,0.60492086
2025-01-17,DZA,0.6061753
2025-01-18,DZA,0.58315593
2025-01-19,DZA,0.3843002
2025-01-20,DZA,0.42377457
2025-01-21,DZA,0.43728256
2025-01-22,DZA,0.4467962
2025-01-23,DZA,0.44137874
2025-01-24,DZA,0.4467962
2025-01-25,DZA,0.43683854
2025-01-26,DZA,0.43683854
2025-01-27,DZA,0.43144768
2025-01-28,DZA,0.6345711
2025-01-29,DZA,0.6015293
2025-01-30,DZA,0.6002698
2025-01-31,DZA,0.6002698
2025-02-01,DZA,0.6344742
2025-02-02,DZA,0.6344742
2025-02-03,DZA,0.6344742
2025-02-04,DZA,0.6293271
2025-02-05,DZA,0.62311786
2025-02-06,DZA,0.59837276
2025-02-07,DZA,0.62100565
2025-02-08,DZA,0.6102116
2025-02-09,DZA,0.6102116
2025-02-10,DZA,0.6049327
2025-02-11,DZA,0.55877817
2025-02-12,DZA,0.55877817
2025-02-13,DZA,0.55877817
2025-02-14,DZA,0.55877817
2025-02-15,DZA,0.5688076
2025-02-16,DZA,0.53418446
2025-02-17,DZA,0.53418446
2025-02-18,DZA,0.624892
2025-02-19,DZA,0.624892
2025-02-20,DZA,0.60665303
2025-02-21,DZA,0.60665303
2025-02-22,DZA,0.61861616
2025-02-23,DZA,0.61861616
2025-02-24,DZA,0.61861616
2025-02-25,DZA,0.63007027
2025-02-26,DZA,0.61861616
2025-02-27,DZA,0.31529924
2025-02-28,DZA,0.2800758
2025-03-01,DZA,0.31215551
2025-03-02,DZA,0.36686054
2025-03-03,DZA,0.36686054
2025-03-04,DZA,0.35318652
2025-03-05,DZA,0.318757
2025-03-06,DZA,0.3863168
2025-03-07,DZA,0.4137581
2025-03-08,DZA,0.4190876
2025-03-09,DZA,0.4190876
2025-03-10,DZA,0.4190876
2025-03-11,DZA,0.4190876
2025-03-12,DZA,0.7328831
2025-03-13,DZA,0.70859426
2025-03-14,DZA,0.70288277
2025-03-15,DZA,0.7052669
2025-03-16,DZA,0.7052669
2025-03-17,DZA,0.70288277
2025-03-18,DZA,0.70628643
2025-03-19,DZA,0.72201896
2025-03-20,DZA,0.72201896
2025-03-21,DZA,0.72201896
2025-03-22,DZA,0.7182052
2025-03-23,DZA,0.71260566
2025-03-24,DZA,0.7182052
2025-03-25,DZA,0.7182052
2025-03-26,DZA,0.7215029
2025-03-27,DZA,0.7182052
2025-03-28,DZA,0.38798216
2024-07-01,TUN,0.41410232
2024-07-02,TUN,0.35549143
2024-07-03,TUN,0.29686415
2024-07-04,TUN,0.30478713
2024-07-05,TUN,0.29456156
2024-07-06,TUN,0.27532634
2024-07-07,TUN,0.30839
2024-07-08,TUN,0.29456156
2024-07-09,TUN,0.27532634
2024-07-10,TUN,0.56886375
2024-07-11,TUN,0.6076212
2024-07-12,TUN,0.6076212
2024-07-13,TUN,0.5848926
2024-07-14,TUN,0.6076212
2024-07-15,TUN,0.6076212
2024-07-16,TUN,0.6171414
2024-07-17,TUN,0.5936504
2024-07-18,TUN,0.6396527
2024-07-19,TUN,0.6361118
2024-07-20,TUN,0.58814645
2024-07-21,TUN,0.62722534
2024-07-22,TUN,0.6285969
2024-07-23,TUN,0.61140096
2024-07-24,TUN,0.61140096
2024-07-25,TUN,0.625011
2024-07-26,TUN,0.60905594
2024-07-27,TUN,0.6100053
2024-07-28,TUN,0.6322235
2024-07-29,TUN,0.6322235
2024-07-30,TUN,0.5968072
2024-07-31,TUN,0.598219
2024-08-01,TUN,0.598219
2024-08-02,TUN,0.46715787
2024-08-03,TUN,0.47965783
2024-08-04,TUN,0.5032548
2024-08-05,TUN,0.51798165
2024-08-06,TUN,0.5897281
2024-08-07,TUN,0.6123674
2024-08-08,TUN,0.6123674
2024-08-09,TUN,0.5938998
2024-08-10,TUN,0.5938998
2024-08-11,TUN,0.31671014
2024-08-12,TUN,0.3209102
2024-08-13,TUN,0.31444666
2024-08-14,TUN,0.30866802
2024-08-15,TUN,0.31200078
2024-08-16,TUN,0.31200078
2024-08-17,TUN,0.30027288
2024-08-18,TUN,0.63156605
2024-08-19,TUN,0.63156605
2024-08-20,TUN,0.60831696
2024-08-21,TUN,0.63156605
2024-08-22,TUN,0.60831696
2024-08-23,TUN,0.641986
2024-08-24,TUN,0.63422465
2024-08-25,TUN,0.6404945
2024-08-26,TUN,0.6404945
2024-08-27,TUN,0.6404945
2024-08-28,TUN,0.61746764
2024-08-29,TUN,0.6034597
2024-08-30,TUN,0.61791885
2024-08-31,TUN,0.5865026
2024-09-01,TUN,0.6092019
2024-09-02,TUN,0.6092019
2024-09-03,TUN,0.6092019
2024-09-04,TUN,0.5921071
2024-09-05,TUN,0.5921071
2024-09-06,TUN,0.62337095
2024-09-07,TUN,0.5970242
2024-09-08,TUN,0.6224686
2024-09-09,TUN,0.61033255
2024-09-10,TUN,0.51812714
2024-09-11,TUN,0.5766353
2024-09-12,TUN,0.5834691
2024-09-13,TUN,0.5993855
2024-09-14,TUN,0.5772976
2024-09-15,TUN,0.6006455
2024-09-16,TUN,0.58044666
2024-09-17,TUN,0.60989285
2024-09-18,TUN,0.5841346
2024-09-19,TUN,0.5696789
2024-09-20,TUN,0.59558153
2024-09-21,TUN,0.5691557
2024-09-22,TUN,0.59558153
2024-09-23,TUN,0.5753076
2024-09-24,TUN,0.53034604
2024-09-25,TUN,0.5862404
2024-09-26,TUN,0.5580916
2024-09-27,TUN,0.59317076
2024-09-28,TUN,0.55059457
2024-09-29,TUN,0.56458026
2024-09-30,TUN,0.56458026
2024-10-01,TUN,0.5523713
2024-10-02,TUN,0.43058798
2024-10-03,TUN,0.4622018
2024-10-04,TUN,0.4189939
2024-10-05,TUN,0.40447924
2024-10-06,TUN,0.45585585
2024-10-07,TUN,0.4449985
2024-10-08,TUN,0.3510696
2024-10-09,TUN,0.41495556
2024-10-10,TUN,0.38755557
2024-10-11,TUN,0.4991819
2024-10-12,TUN,0.53646153
2024-10-13,TUN,0.5403963
2024-10-14,TUN,0.5108591
2024-10-15,TUN,0.55363655
2024-10-16,TUN,0.5063442
2024-10-17,TUN,0.57338166
2024-10-18,TUN,0.5560965
2024-10-19,TUN,0.57379365
2024-10-20,TUN,0.5972001
2024-10-21,TUN,0.6030816
2024-10-22,TUN,0.48403928
2024-10-23,TUN,0.48403928
2024-10-24,TUN,0.46814314
2024-10-25,TUN,0.48429167
2024-10-26,TUN,0.51536465
2024-10-27,TUN,0.50769454
2024-10-28,TUN,0.50769454
2024-10-29,TUN,0.58042085
2024-10-30,TUN,0.60573375
2024-10-31,TUN,0.6096357
2024-11-01,TUN,0.6096357
2024-11-02,TUN,0.609883
2024-11-03,TUN,0.609883
2024-11-04,TUN,0.609883
2024-11-05,TUN,0.6126141
2024-11-06,TUN,0.6126141
2024-11-07,TUN,0.5536671
2024-11-08,TUN,0.60210013
2024-11-09,TUN,0.57003945
2024-11-10,TUN,0.5930154
2024-11-11,TUN,0.5930154
2024-11-12,TUN,0.5388196
2024-11-13,TUN,0.5621825
2024-11-14,TUN,0.5676213
2024-11-15,TUN,0.5621825
2024-11-16,TUN,0.52544755
2024-11-17,TUN,0.54892075
2024-11-18,TUN,0.54892075
2024-11-19,TUN,0.58397156
2024-11-20,TUN,0.5928751
2024-11-21,TUN,0.36909243
2024-11-22,TUN,0.34874642
2024-11-23,TUN,0.5304542
2024-11-24,TUN,0.5574079
2024-11-25,TUN,0.5574079
2024-11-26,TUN,0.56056243
2024-11-27,TUN,0.604995
2024-11-28,TUN,0.6132642
2024-11-29,TUN,0.6137463
2024-11-30,TUN,0.55143076
2024-12-01,TUN,0.5746591
2024-12-02,TUN,0.5746591
2024-12-03,TUN,0.6004198
2024-12-04,TUN,0.5790246
2024-12-05,TUN,0.5558504
2024-12-06,TUN,0.60150516
2024-12-07,TUN,0.57866794
2024-12-08,TUN,0.5790246
2024-12-09,TUN,0.5790246
2024-12-10,TUN,0.50052905
2024-12-11,TUN,0.5263267
2024-12-12,TUN,0.5592671
2024-12-13,TUN,0.5442142
2024-12-14,TUN,0.5183256
2024-12-15,TUN,0.5183256
2024-12-16,TUN,0.4905741
2024-12-17,TUN,0.48993728
2024-12-18,TUN,0.45367324
2024-12-19,TUN,0.40838483
2024-12-20,TUN,0.40518194
2024-12-21,TUN,0.44351935
2024-12-22,TUN,0.4849533
2024-12-23,TUN,0.5069881
2024-12-24,TUN,0.5223527
2024-12-25,TUN,0.59954274
2024-12-26,TUN,0.6137463
2024-12-27,TUN,0.57372904
2024-12-28,TUN,0.56223947
2024-12-29,TUN,0.60395044
2024-12-30,TUN,0.60395044
2024-12-31,TUN,0.5702653
2025-01-01,TUN,0.4932583
2025-01-02,TUN,0.53251606
2025-01-03,TUN,0.5233537
2025-01-04,TUN,0.54577714
2025-01-05,TUN,0.54577714
2025-01-06,TUN,0.54577714
2025-01-07,TUN,0.5548751
2025-01-08,TUN,0.5548751
2025-01-09,TUN,0.5370348
2025-01-10,TUN,0.5461622
2025-01-11,TUN,0.63154405
2025-01-12,TUN,0.62088794
2025-01-13,TUN,0.62088794
2025-01-14,TUN,0.62088794
2025-01-15,TUN,0.63154405
2025-01-16,TUN,0.6400571
2025-01-17,TUN,0.6400571
2025-01-18,TUN,0.62452143
2025-01-19,TUN,0.6099028
2025-01-20,TUN,0.6099028
2025-01-21,TUN,0.6099028
2025-01-22,TUN,0.5861824
2025-01-23,TUN,0.6099028
2025-01-24,TUN,0.62067914
2025-01-25,TUN,0.62067914
2025-01-26,TUN,0.622739
2025-01-27,TUN,0.62067914
2025-01-28,TUN,0.6530488
2025-01-29,TUN,0.62067914
2025-01-30,TUN,0.62067914
2025-01-31,TUN,0.62067914
2025-02-01,TUN,0.5957862
2025-02-02,TUN,0.5957862
2025-02-03,TUN,0.5664901
2025-02-04,TUN,0.5465461
2025-02-05,TUN,0.5752478
2025-02-06,TUN,0.56046504
2025-02-07,TUN,0.5717422
2025-02-08,TUN,0.3904093
2025-02-09,TUN,0.4373454
2025-02-10,TUN,0.4252165
2025-02-11,TUN,0.4159169
2025-02-12,TUN,0.38130563
2025-02-13,TUN,0.37934864
2025-02-14,TUN,0.41360632
2025-02-15,TUN,0.38504758
2025-02-16,TUN,0.3087756
2025-02-17,TUN,0.29437912
2025-02-18,TUN,0.30132982
2025-02-19,TUN,0.30132982
2025-02-20,TUN,0.30132982
2025-02-21,TUN,0.2911717
2025-02-22,TUN,0.28758147
2025-02-23,TUN,0.53876436
2025-02-24,TUN,0.53876436
2025-02-25,TUN,0.53876436
2025-02-26,TUN,0.53876436
2025-02-27,TUN,0.53876436
2025-02-28,TUN,0.5296163
2025-03-01,TUN,0.5381668
2025-03-02,TUN,0.6465851
2025-03-03,TUN,0.6465851
2025-03-04,TUN,0.65897316
2025-03-05,TUN,0.65557283
2025-03-06,TUN,0.6496149
2025-03-07,TUN,0.6496149
2025-03-08,TUN,0.6496149
2025-03-09,TUN,0.64985144
2025-03-10,TUN,0.65269613
2025-03-11,TUN,0.65269613
2025-03-12,TUN,0.65269613
2025-03-13,TUN,0.65269613
2025-03-14,TUN,0.6512323
2025-03-15,TUN,0.64838207
2025-03-16,TUN,0.64838207
2025-03-17,TUN,0.6512323
2025-03-18,TUN,0.5830543
2025-03-19,TUN,0.5599333
2025-03-20,TUN,0.605982
2025-03-21,TUN,0.609883
2025-03-22,TUN,0.60110116
2025-03-23,TUN,0.60110116
2025-03-24,TUN,0.60110116
2025-03-25,TUN,0.6231657
2025-03-26,TUN,0.6231657
2025-03-27,TUN,0.5856846
2025-03-28,TUN,0.61047155
2024-07-01,MLI,0.5343442
2024-07-02,MLI,0.47330165
2024-07-03,MLI,0.48957998
2024-07-04,MLI,0.47446975
2024-07-05,MLI,0.44569653
2024-07-06,MLI,0.44126382
2024-07-07,MLI,0.4604958
2024-07-08,MLI,0.36037818
2024-07-09,MLI,0.40492278
2024-07-10,MLI,0.17414983
2024-07-11,MLI,0.1732917
2024-07-12,MLI,0.16720222
2024-07-13,MLI,0.16384704
2024-07-14,MLI,0.17808618
2024-07-15,MLI,0.21267232
2024-07-16,MLI,0.18078277
2024-07-17,MLI,0.5023609
2024-07-18,MLI,0.46471903
2024-07-19,MLI,0.48038468
2024-07-20,MLI,0.48322177
2024-07-21,MLI,0.5159217
2024-07-22,MLI,0.54108816
2024-07-23,MLI,0.5384139
2024-07-24,MLI,0.5601577
2024-07-25,MLI,0.5545544
2024-07-26,MLI,0.5835629
2024-07-27,MLI,0.5612038
2024-07-28,MLI,0.49940825
2024-07-29,MLI,0.42756912
2024-07-30,MLI,0.3770436
2024-07-31,MLI,0.37752464
2024-08-01,MLI,0.18265815
2024-08-02,MLI,0.19725436
2024-08-03,MLI,0.20196196
2024-08-04,MLI,0.20395923
2024-08-05,MLI,0.20395923
2024-08-06,MLI,0.20474406
2024-08-07,MLI,0.16741638
2024-08-08,MLI,0.15418412
2024-08-09,MLI,0.16548243
2024-08-10,MLI,0.18859185
2024-08-11,MLI,0.19875392
2024-08-12,MLI,0.19708438
2024-08-13,MLI,0.47746503
2024-08-14,MLI,0.48515245
2024-08-15,MLI,0.50663245
2024-08-16,MLI,0.51584303
2024-08-17,MLI,0.5343796
2024-08-18,MLI,0.5343796
2024-08-19,MLI,0.6209804
2024-08-20,MLI,0.63287663
2024-08-21,MLI,0.63287663
2024-08-22,MLI,0.51022154
2024-08-23,MLI,0.52119577
2024-08-24,MLI,0.48685902
2024-08-25,MLI,0.5115358
2024-08-26,MLI,0.5115358
2024-08-27,MLI,0.49628147
2024-08-28,MLI,0.4949266
2024-08-29,MLI,0.526514
2024-08-30,MLI,0.5208487
2024-08-31,MLI,0.52686477
2024-09-01,MLI,0.47948974
2024-09-02,MLI,0.46452183
2024-09-03,MLI,0.44105703
2024-09-04,MLI,0.43838108
2024-09-05,MLI,0.42746753
2024-09-06,MLI,0.3320345
2024-09-07,MLI,0.31076673
2024-09-08,MLI,0.37968576
2024-09-09,MLI,0.41068697
2024-09-10,MLI,0.4235064
2024-09-11,MLI,0.40249535
2024-09-12,MLI,0.4019657
2024-09-13,MLI,0.38207707
2024-09-14,MLI,0.56027216
2024-09-15,MLI,0.5960175
2024-09-16,MLI,0.5960175
2024-09-17,MLI,0.5960175
2024-09-18,MLI,0.5960175
2024-09-19,MLI,0.5893487
2024-09-20,MLI,0.49517027
2024-09-21,MLI,0.37546644
2024-09-22,MLI,0.36400068
2024-09-23,MLI,0.34437367
2024-09-24,MLI,0.18145145
2024-09-25,MLI,0.15871169
2024-09-26,MLI,0.18338236
2024-09-27,MLI,0.1492014
2024-09-28,MLI,0.16223605
2024-09-29,MLI,0.15368773
2024-09-30,MLI,0.14494854
2024-10-01,MLI,0.38394904
2024-10-02,MLI,0.3533104
2024-10-03,MLI,0.383848
2024-10-04,MLI,0.51787287
2024-10-05,MLI,0.52738327
2024-10-06,MLI,0.5330406
2024-10-07,MLI,0.5061694
2024-10-08,MLI,0.51405245
2024-10-09,MLI,0.5279077
2024-10-10,MLI,0.51617664
2024-10-11,MLI,0.5046975
2024-10-12,MLI,0.49960476
2024-10-13,MLI,0.47385052
2024-10-14,MLI,0.4924682
2024-10-15,MLI,0.4410944
2024-10-16,MLI,0.394051
2024-10-17,MLI,0.37238127
2024-10-18,MLI,0.40034828
2024-10-19,MLI,0.43703622
2024-10-20,MLI,0.5461727
2024-10-21,MLI,0.5273547
2024-10-22,MLI,0.5104447
2024-10-23,MLI,0.53899455
2024-10-24,MLI,0.5246132
2024-10-25,MLI,0.51180756
2024-10-26,MLI,0.51180756
2024-10-27,MLI,0.4306879
2024-10-28,MLI,0.45901433
2024-10-29,MLI,0.46322247
2024-10-30,MLI,0.45508182
2024-10-31,MLI,0.34917393
2024-11-01,MLI,0.31260973
2024-11-02,MLI,0.29517287
2024-11-03,MLI,0.30092707
2024-11-04,MLI,0.33611453
2024-11-05,MLI,0.33970106
2024-11-06,MLI,0.34176114
2024-11-07,MLI,0.48790663
2024-11-08,MLI,0.5045822
2024-11-09,MLI,0.47606078
2024-11-10,MLI,0.47790712
2024-11-11,MLI,0.5149364
2024-11-12,MLI,0.46848893
2024-11-13,MLI,0.4914254
2024-11-14,MLI,0.5296396
2024-11-15,MLI,0.498297
2024-11-16,MLI,0.5549165
2024-11-17,MLI,0.4826116
2024-11-18,MLI,0.41868365
2024-11-19,MLI,0.43849602
2024-11-20,MLI,0.42617327
2024-11-21,MLI,0.4133807
2024-11-22,MLI,0.4358443
2024-11-23,MLI,0.43209937
2024-11-24,MLI,0.49169743
2024-11-25,MLI,0.5269259
2024-11-26,MLI,0.52290696
2024-11-27,MLI,0.52290696
2024-11-28,MLI,0.51291823
2024-11-29,MLI,0.5084301
2024-11-30,MLI,0.48885733
2024-12-01,MLI,0.48302722
2024-12-02,MLI,0.4763219
2024-12-03,MLI,0.48080376
2024-12-04,MLI,0.48080376
2024-12-05,MLI,0.48080376
2024-12-06,MLI,0.45206892
2024-12-07,MLI,0.47761455
2024-12-08,MLI,0.45400557
2024-12-09,MLI,0.47729447
2024-12-10,MLI,0.4619065
2024-12-11,MLI,0.4619065
2024-12-12,MLI,0.4619065
2024-12-13,MLI,0.48048347
2024-12-14,MLI,0.46226305
2024-12-15,MLI,0.45873195
2024-12-16,MLI,0.51985824
2024-12-17,MLI,0.52134866
2024-12-18,MLI,0.35343778
2024-12-19,MLI,0.34690526
2024-12-20,MLI,0.35343778
2024-12-21,MLI,0.4338173
2024-12-22,MLI,0.38710505
2024-12-23,MLI,0.38710505
2024-12-24,MLI,0.45883074
2024-12-25,MLI,0.45364004
2024-12-26,MLI,0.44707444
2024-12-27,MLI,0.40102834
2024-12-28,MLI,0.41247702
2024-12-29,MLI,0.45319223
2024-12-30,MLI,0.4487171
2024-12-31,MLI,0.45587328
2025-01-01,MLI,0.44770083
2025-01-02,MLI,0.4126788
2025-01-03,MLI,0.44637683
2025-01-04,MLI,0.39585045
2025-01-05,MLI,0.41505468
2025-01-06,MLI,0.4271712
2025-01-07,MLI,0.43010712
2025-01-08,MLI,0.4388158
2025-01-09,MLI,0.44995025
2025-01-10,MLI,0.4433387
2025-01-11,MLI,0.54065883
2025-01-12,MLI,0.5125224
2025-01-13,MLI,0.41732192
2025-01-14,MLI,0.39927948
2025-01-15,MLI,0.37398407
2025-01-16,MLI,0.38426295
2025-01-17,MLI,0.4079216
2025-01-18,MLI,0.34518206
2025-01-19,MLI,0.34228945
2025-01-20,MLI,0.4587225
2025-01-21,MLI,0.43454376
2025-01-22,MLI,0.41054258
2025-01-23,MLI,0.40675974
2025-01-24,MLI,0.4479621
2025-01-25,MLI,0.4370291
2025-01-26,MLI,0.5258163
2025-01-27,MLI,0.51728374
2025-01-28,MLI,0.4876238
2025-01-29,MLI,0.52958125
2025-01-30,MLI,0.5248027
2025-01-31,MLI,0.51868373
2025-02-01,MLI,0.49189985
2025-02-02,MLI,0.50303096
2025-02-03,MLI,0.508511
2025-02-04,MLI,0.32588658
2025-02-05,MLI,0.3130509
2025-02-06,MLI,0.33927009
2025-02-07,MLI,0.32987505
2025-02-08,MLI,0.30804807
2025-02-09,MLI,0.34969145
2025-02-10,MLI,0.37450424
2025-02-11,MLI,0.51897043
2025-02-12,MLI,0.5168636
2025-02-13,MLI,0.5150595
2025-02-14,MLI,0.23543397
2025-02-15,MLI,0.22395387
2025-02-16,MLI,0.23540711
2025-02-17,MLI,0.18883403
2025-02-18,MLI,0.17391737
2025-02-19,MLI,0.1610362
2025-02-20,MLI,0.15668814
2025-02-21,MLI,0.41047686
2025-02-22,MLI,0.39610365
2025-02-23,MLI,0.38520154
2025-02-24,MLI,0.22881374
2025-02-25,MLI,0.24831946
2025-02-26,MLI,0.25663295
2025-02-27,MLI,0.23337156
2025-02-28,MLI,0.22478642
2025-03-01,MLI,0.24289067
2025-03-02,MLI,0.25112012
2025-03-03,MLI,0.40740478
2025-03-04,MLI,0.40740478
2025-03-05,MLI,0.45556223
2025-03-06,MLI,0.47854245
2025-03-07,MLI,0.49710417
2025-03-08,MLI,0.5244734
2025-03-09,MLI,0.53706473
2025-03-10,MLI,0.53706473
2025-03-11,MLI,0.49796283
2025-03-12,MLI,0.5306361
2025-03-13,MLI,0.50562716
2025-03-14,MLI,0.50835824
2025-03-15,MLI,0.53104836
2025-03-16,MLI,0.51785916
2025-03-17,MLI,0.51785916
2025-03-18,MLI,0.5053862
2025-03-19,MLI,0.5634551
2025-03-20,MLI,0.58329713
2025-03-21,MLI,0.53327614
2025-03-22,MLI,0.53315794
2025-03-23,MLI,0.5180027
2025-03-24,MLI,0.5268264
2025-03-25,MLI,0.4611653
2025-03-26,MLI,0.37770388
2025-03-27,MLI,0.35674024
2025-03-28,MLI,0.3721129
2024-07-01,BFA,0.4756264
2024-07-02,BFA,0.39453492
2024-07-03,BFA,0.30435854
2024-07-04,BFA,0.26086885
2024-07-05,BFA,0.25105268
2024-07-06,BFA,0.19874571
2024-07-07,BFA,0.15389362
2024-07-08,BFA,0.1694229
2024-07-09,BFA,0.17430595
2024-07-10,BFA,0.17129987
2024-07-11,BFA,0.2009165
2024-07-12,BFA,0.17490803
2024-07-13,BFA,0.1606818
2024-07-14,BFA,0.41774687
2024-07-15,BFA,0.44700497
2024-07-16,BFA,0.36576328
2024-07-17,BFA,0.39319274
2024-07-18,BFA,0.51306695
2024-07-19,BFA,0.441066
2024-07-20,BFA,0.42506385
2024-07-21,BFA,0.40410706
2024-07-22,BFA,0.35200533
2024-07-23,BFA,0.33631802
2024-07-24,BFA,0.33168304
2024-07-25,BFA,0.33693096
2024-07-26,BFA,0.31562608
2024-07-27,BFA,0.30486053
2024-07-28,BFA,0.3104107
2024-07-29,BFA,0.39408982
2024-07-30,BFA,0.33049572
2024-07-31,BFA,0.37660083
2024-08-01,BFA,0.2785593
2024-08-02,BFA,0.28083098
2024-08-03,BFA,0.33459774
2024-08-04,BFA,0.32165468
2024-08-05,BFA,0.3205727
2024-08-06,BFA,0.35619834
2024-08-07,BFA,0.21679738
2024-08-08,BFA,0.2661556
2024-08-09,BFA,0.28635383
2024-08-10,BFA,0.31416693
2024-08-11,BFA,0.27207303
2024-08-12,BFA,0.2295279
2024-08-13,BFA,0.25348952
2024-08-14,BFA,0.41752288
2024-08-15,BFA,0.12361644
2024-08-16,BFA,0.12184531
2024-08-17,BFA,0.117153935
2024-08-18,BFA,0.11451144
2024-08-19,BFA,0.11451144
2024-08-20,BFA,0.11746913
2024-08-21,BFA,0.114847645
2024-08-22,BFA,0.11528983
2024-08-23,BFA,0.41406694
2024-08-24,BFA,0.3966962
2024-08-25,BFA,0.38938954
2024-08-26,BFA,0.37375733
2024-08-27,BFA,0.3371141
2024-08-28,BFA,0.3415005
2024-08-29,BFA,0.42790627
2024-08-30,BFA,0.4587956
2024-08-31,BFA,0.15578549
2024-09-01,BFA,0.15692343
2024-09-02,BFA,0.15692343
2024-09-03,BFA,0.15692343
2024-09-04,BFA,0.15618299
2024-09-05,BFA,0.14660051
2024-09-06,BFA,0.1389868
2024-09-07,BFA,0.34654608
2024-09-08,BFA,0.50053716
2024-09-09,BFA,0.5189469
2024-09-10,BFA,0.51327467
2024-09-11,BFA,0.5078283
2024-09-12,BFA,0.52296144
2024-09-13,BFA,0.6010999
2024-09-14,BFA,0.6093384
2024-09-15,BFA,0.63977915
2024-09-16,BFA,0.53635067
2024-09-17,BFA,0.50544834
2024-09-18,BFA,0.51991385
2024-09-19,BFA,0.5192825
2024-09-20,BFA,0.48499638
2024-09-21,BFA,0.48827356
2024-09-22,BFA,0.50020015
2024-09-23,BFA,0.51618665
2024-09-24,BFA,0.4923078
2024-09-25,BFA,0.48539808
2024-09-26,BFA,0.55654097
2024-09-27,BFA,0.64704293
2024-09-28,BFA,0.6329232
2024-09-29,BFA,0.63855726
2024-09-30,BFA,0.6102822
2024-10-01,BFA,0.6274623
2024-10-02,BFA,0.5553101
2024-10-03,BFA,0.5553101
2024-10-04,BFA,0.49759158
2024-10-05,BFA,0.4124305
2024-10-06,BFA,0.38652164
2024-10-07,BFA,0.38652164
2024-10-08,BFA,0.38652164
2024-10-09,BFA,0.3057099
2024-10-10,BFA,0.301117
2024-10-11,BFA,0.29845688
2024-10-12,BFA,0.286993
2024-10-13,BFA,0.33227465
2024-10-14,BFA,0.31902036
2024-10-15,BFA,0.43802446
2024-10-16,BFA,0.3137646
2024-10-17,BFA,0.38554338
2024-10-18,BFA,0.37298647
2024-10-19,BFA,0.38683435
2024-10-20,BFA,0.2941464
2024-10-21,BFA,0.3031461
2024-10-22,BFA,0.47202164
2024-10-23,BFA,0.41979122
2024-10-24,BFA,0.52130765
2024-10-25,BFA,0.51608413
2024-10-26,BFA,0.48469484
2024-10-27,BFA,0.48748824
2024-10-28,BFA,0.49332076
2024-10-29,BFA,0.45358813
2024-10-30,BFA,0.46898165
2024-10-31,BFA,0.49156085
2024-11-01,BFA,0.48015493
2024-11-02,BFA,0.48853004
2024-11-03,BFA,0.49366474
2024-11-04,BFA,0.5003264
2024-11-05,BFA,0.45694777
2024-11-06,BFA,0.43711329
2024-11-07,BFA,0.38808644
2024-11-08,BFA,0.29550362
2024-11-09,BFA,0.30893126
2024-11-10,BFA,0.26742205
2024-11-11,BFA,0.25954014
2024-11-12,BFA,0.28111064
2024-11-13,BFA,0.18889555
2024-11-14,BFA,0.17471066
2024-11-15,BFA,0.16395575
2024-11-16,BFA,0.17060164
2024-11-17,BFA,0.19194162
2024-11-18,BFA,0.17541751
2024-11-19,BFA,0.20032685
2024-11-20,BFA,0.469794
2024-11-21,BFA,0.52965146
2024-11-22,BFA,0.5261689
2024-11-23,BFA,0.5261689
2024-11-24,BFA,0.48762926
2024-11-25,BFA,0.43926993
2024-11-26,BFA,0.45034486
2024-11-27,BFA,0.4087724
2024-11-28,BFA,0.41309243
2024-11-29,BFA,0.41779566
2024-11-30,BFA,0.38347018
2024-12-01,BFA,0.4080972
2024-12-02,BFA,0.4080972
2024-12-03,BFA,0.37954727
2024-12-04,BFA,0.401687
2024-12-05,BFA,0.3993498
2024-12-06,BFA,0.41008586
2024-12-07,BFA,0.35676977
2024-12-08,BFA,0.39591947
2024-12-09,BFA,0.39194983
2024-12-10,BFA,0.36424917
2024-12-11,BFA,0.35692072
2024-12-12,BFA,0.34081036
2024-12-13,BFA,0.33183968
2024-12-14,BFA,0.35656083
2024-12-15,BFA,0.49117115
2024-12-16,BFA,0.49117115
2024-12-17,BFA,0.39206073
2024-12-18,BFA,0.36885428
2024-12-19,BFA,0.37957162
2024-12-20,BFA,0.3788053
2024-12-21,BFA,0.3731558
2024-12-22,BFA,0.39087838
2024-12-23,BFA,0.39289722
2024-12-24,BFA,0.48526904
2024-12-25,BFA,0.4750912
2024-12-26,BFA,0.5024619
2024-12-27,BFA,0.5165266
2024-12-28,BFA,0.528364
2024-12-29,BFA,0.528364
2024-12-30,BFA,0.5143199
2024-12-31,BFA,0.5144815
2025-01-01,BFA,0.51099026
2025-01-02,BFA,0.51374245
2025-01-03,BFA,0.5168119
2025-01-04,BFA,0.5172292
2025-01-05,BFA,0.49172026
2025-01-06,BFA,0.51777595
2025-01-07,BFA,0.52323735
2025-01-08,BFA,0.53747225
2025-01-09,BFA,0.53319347
2025-01-10,BFA,0.35547212
2025-01-11,BFA,0.3336375
2025-01-12,BFA,0.35858542
2025-01-13,BFA,0.3722927
2025-01-14,BFA,0.34167925
2025-01-15,BFA,0.33593598
2025-01-16,BFA,0.33894533
2025-01-17,BFA,0.38354582
2025-01-18,BFA,0.3217467
2025-01-19,BFA,0.3318994
2025-01-20,BFA,0.3318994
2025-01-21,BFA,0.3378862
2025-01-22,BFA,0.3378862
2025-01-23,BFA,0.33064047
2025-01-24,BFA,0.34479555
2025-01-25,BFA,0.47562927
2025-01-26,BFA,0.47562927
2025-01-27,BFA,0.47439155
2025-01-28,BFA,0.45257685
2025-01-29,BFA,0.19062804
2025-01-30,BFA,0.1827508
2025-01-31,BFA,0.19757158
2025-02-01,BFA,0.20019737
2025-02-02,BFA,0.20560898
2025-02-03,BFA,0.19032885
2025-02-04,BFA,0.13873577
2025-02-05,BFA,0.38154107
2025-02-06,BFA,0.40198547
2025-02-07,BFA,0.35640663
2025-02-08,BFA,0.35121396
2025-02-09,BFA,0.37807906
2025-02-10,BFA,0.38065892
2025-02-11,BFA,0.38873643
2025-02-12,BFA,0.43435392
2025-02-13,BFA,0.45593035
2025-02-14,BFA,0.46919018
2025-02-15,BFA,0.43994227
2025-02-16,BFA,0.43994227
2025-02-17,BFA,0.16464032
2025-02-18,BFA,0.16387756
2025-02-19,BFA,0.1509868
2025-02-20,BFA,0.1468626
2025-02-21,BFA,0.17293978
2025-02-22,BFA,0.13762541
2025-02-23,BFA,0.14720689
2025-02-24,BFA,0.33803087
2025-02-25,BFA,0.3100173
2025-02-26,BFA,0.35273
2025-02-27,BFA,0.29348508
2025-02-28,BFA,0.33529383
2025-03-01,BFA,0.35452947
2025-03-02,BFA,0.35160914
2025-03-03,BFA,0.36970213
2025-03-04,BFA,0.39580768
2025-03-05,BFA,0.46387634
2025-03-06,BFA,0.53607976
2025-03-07,BFA,0.50071436
2025-03-08,BFA,0.47739917
2025-03-09,BFA,0.4845154
2025-03-10,BFA,0.5232452
2025-03-11,BFA,0.5085638
2025-03-12,BFA,0.5201088
2025-03-13,BFA,0.36096615
2025-03-14,BFA,0.36112198
2025-03-15,BFA,0.21759671
2025-03-16,BFA,0.20337136
2025-03-17,BFA,0.13418137
2025-03-18,BFA,0.116797894
2025-03-19,BFA,0.11417745
2025-03-20,BFA,0.112063386
2025-03-21,BFA,0.14075007
2025-03-22,BFA,0.12509389
2025-03-23,BFA,0.1282437
2025-03-24,BFA,0.26698697
2025-03-25,BFA,0.25110337
2025-03-26,BFA,0.1668257
2025-03-27,BFA,0.18220747
2025-03-28,BFA,0.2015834
2024-07-01,NER,0.50910807
2024-07-02,NER,0.25052208
2024-07-03,NER,0.24004564
2024-07-04,NER,0.25554952
2024-07-05,NER,0.23761845
2024-07-06,NER,0.24050659
2024-07-07,NER,0.23165686
2024-07-08,NER,0.28236562
2024-07-09,NER,0.304207
2024-07-10,NER,0.30127048
2024-07-11,NER,0.32689852
2024-07-12,NER,0.33186686
2024-07-13,NER,0.30094948
2024-07-14,NER,0.30094948
2024-07-15,NER,0.5455386
2024-07-16,NER,0.53403986
2024-07-17,NER,0.44174507
2024-07-18,NER,0.39342844
2024-07-19,NER,0.38082013
2024-07-20,NER,0.36707547
2024-07-21,NER,0.3731153
2024-07-22,NER,0.42464617
2024-07-23,NER,0.43997702
2024-07-24,NER,0.48776683
2024-07-25,NER,0.48776683
2024-07-26,NER,0.4852394
2024-07-27,NER,0.520948
2024-07-28,NER,0.4273247
2024-07-29,NER,0.37475798
2024-07-30,NER,0.41250372
2024-07-31,NER,0.4138676
2024-08-01,NER,0.2720503
2024-08-02,NER,0.34358993
2024-08-03,NER,0.34322464
2024-08-04,NER,0.32122645
2024-08-05,NER,0.40841195
2024-08-06,NER,0.38768092
2024-08-07,NER,0.2608908
2024-08-08,NER,0.51083875
2024-08-09,NER,0.6630277
2024-08-10,NER,0.6484244
2024-08-11,NER,0.6567613
2024-08-12,NER,0.5410485
2024-08-13,NER,0.5410485
2024-08-14,NER,0.5410485
2024-08-15,NER,0.54422116
2024-08-16,NER,0.5383623
2024-08-17,NER,0.5218945
2024-08-18,NER,0.51496005
2024-08-19,NER,0.65721065
2024-08-20,NER,0.25546768
2024-08-21,NER,0.26770636
2024-08-22,NER,0.2581833
2024-08-23,NER,0.26071414
2024-08-24,NER,0.26609537
2024-08-25,NER,0.23308161
2024-08-26,NER,0.23308161
2024-08-27,NER,0.6238601
2024-08-28,NER,0.65858275
2024-08-29,NER,0.27692524
2024-08-30,NER,0.2738663
2024-08-31,NER,0.23544364
2024-09-01,NER,0.24344191
2024-09-02,NER,0.14573431
2024-09-03,NER,0.1391732
2024-09-04,NER,0.13968457
2024-09-05,NER,0.13669506
2024-09-06,NER,0.15500349
2024-09-07,NER,0.14670609
2024-09-08,NER,0.14633358
2024-09-09,NER,0.65858275
2024-09-10,NER,0.5449105
2024-09-11,NER,0.55762064
2024-09-12,NER,0.52705944
2024-09-13,NER,0.5449018
2024-09-14,NER,0.5238465
2024-09-15,NER,0.54618496
2024-09-16,NER,0.5375021
2024-09-17,NER,0.70322865
2024-09-18,NER,0.6667097
2024-09-19,NER,0.6915379
2024-09-20,NER,0.6469587
2024-09-21,NER,0.65632904
2024-09-22,NER,0.58715224
2024-09-23,NER,0.5440385
2024-09-24,NER,0.5295756
2024-09-25,NER,0.19749394
2024-09-26,NER,0.19047569
2024-09-27,NER,0.1718768
2024-09-28,NER,0.14539637
2024-09-29,NER,0.13726935
2024-09-30,NER,0.14686546
2024-10-01,NER,0.14847875
2024-10-02,NER,0.14703803
2024-10-03,NER,0.13120815
2024-10-04,NER,0.13283522
2024-10-05,NER,0.43535694
2024-10-06,NER,0.4273708
2024-10-07,NER,0.4273708
2024-10-08,NER,0.609802
2024-10-09,NER,0.6410964
2024-10-10,NER,0.6410964
2024-10-11,NER,0.6410964
2024-10-12,NER,0.6410964
2024-10-13,NER,0.6410964
2024-10-14,NER,0.6410964
2024-10-15,NER,0.6860123
2024-10-16,NER,0.6860123
2024-10-17,NER,0.65925133
2024-10-18,NER,0.6593157
2024-10-19,NER,0.6518533
2024-10-20,NER,0.65543157
2024-10-21,NER,0.6616261
2024-10-22,NER,0.6593157
2024-10-23,NER,0.653101
2024-10-24,NER,0.6593157
2024-10-25,NER,0.6616261
2024-10-26,NER,0.5302116
2024-10-27,NER,0.53843516
2024-10-28,NER,0.48736113
2024-10-29,NER,0.48736113
2024-10-30,NER,0.48704726
2024-10-31,NER,0.38230947
2024-11-01,NER,0.39609176
2024-11-02,NER,0.6205885
2024-11-03,NER,0.66531044
2024-11-04,NER,0.6611838
2024-11-05,NER,0.6588927
2024-11-06,NER,0.6588927
2024-11-07,NER,0.54991037
2024-11-08,NER,0.54991037
2024-11-09,NER,0.6578802
2024-11-10,NER,0.54891336
2024-11-11,NER,0.55568105
2024-11-12,NER,0.55568105
2024-11-13,NER,0.48713064
2024-11-14,NER,0.54640055
2024-11-15,NER,0.520829
2024-11-16,NER,0.520829
2024-11-17,NER,0.6082477
2024-11-18,NER,0.62303984
2024-11-19,NER,0.56447333
2024-11-20,NER,0.4374185
2024-11-21,NER,0.4232059
2024-11-22,NER,0.3977952
2024-11-23,NER,0.40323612
2024-11-24,NER,0.39513448
2024-11-25,NER,0.36014768
2024-11-26,NER,0.37908542
2024-11-27,NER,0.3844658
2024-11-28,NER,0.38329196
2024-11-29,NER,0.36519882
2024-11-30,NER,0.37649357
2024-12-01,NER,0.38549224
2024-12-02,NER,0.3827239
2024-12-03,NER,0.48070103
2024-12-04,NER,0.4845346
2024-12-05,NER,0.48070103
2024-12-06,NER,0.5449715
2024-12-07,NER,0.55040425
2024-12-08,NER,0.55040425
2024-12-09,NER,0.54799676
2024-12-10,NER,0.545749
2024-12-11,NER,0.538239
2024-12-12,NER,0.31302485
2024-12-13,NER,0.24624602
2024-12-14,NER,0.2514048
2024-12-15,NER,0.23286018
2024-12-16,NER,0.23887609
2024-12-17,NER,0.15517965
2024-12-18,NER,0.14186434
2024-12-19,NER,0.12669094
2024-12-20,NER,0.15309866
2024-12-21,NER,0.15782169
2024-12-22,NER,0.15640895
2024-12-23,NER,0.14967547
2024-12-24,NER,0.45069775
2024-12-25,NER,0.4194172
2024-12-26,NER,0.44143474
2024-12-27,NER,0.46992466
2024-12-28,NER,0.44130063
2024-12-29,NER,0.4368011
2024-12-30,NER,0.44190606
2024-12-31,NER,0.40923408
2025-01-01,NER,0.40923408
2025-01-02,NER,0.43203178
2025-01-03,NER,0.55514234
2025-01-04,NER,0.53340185
2025-01-05,NER,0.59964854
2025-01-06,NER,0.6302673
2025-01-07,NER,0.6612659
2025-01-08,NER,0.66000664
2025-01-09,NER,0.6123961
2025-01-10,NER,0.6586712
2025-01-11,NER,0.6664518
2025-01-12,NER,0.6664518
2025-01-13,NER,0.6664518
2025-01-14,NER,0.6240376
2025-01-15,NER,0.61293304
2025-01-16,NER,0.6034994
2025-01-17,NER,0.58891827
2025-01-18,NER,0.57212824
2025-01-19,NER,0.5741987
2025-01-20,NER,0.5698795
2025-01-21,NER,0.628142
2025-01-22,NER,0.60384
2025-01-23,NER,0.6090741
2025-01-24,NER,0.6090741
2025-01-25,NER,0.67539215
2025-01-26,NER,0.6610628
2025-01-27,NER,0.5173543
2025-01-28,NER,0.4739244
2025-01-29,NER,0.4846318
2025-01-30,NER,0.46804246
2025-01-31,NER,0.4583018
2025-02-01,NER,0.450622
2025-02-02,NER,0.4643519
2025-02-03,NER,0.49239507
2025-02-04,NER,0.505331
2025-02-05,NER,0.50734967
2025-02-06,NER,0.49929598
2025-02-07,NER,0.47406533
2025-02-08,NER,0.46198606
2025-02-09,NER,0.46198606
2025-02-10,NER,0.5043152
2025-02-11,NER,0.37088168
2025-02-12,NER,0.37230122
2025-02-13,NER,0.3588843
2025-02-14,NER,0.35958368
2025-02-15,NER,0.35874993
2025-02-16,NER,0.35874993
2025-02-17,NER,0.4506209
2025-02-18,NER,0.6031433
2025-02-19,NER,0.5791891
2025-02-20,NER,0.57397884
2025-02-21,NER,0.58628666
2025-02-22,NER,0.58642954
2025-02-23,NER,0.61425346
2025-02-24,NER,0.53519547
2025-02-25,NER,0.55465394
2025-02-26,NER,0.53860515
2025-02-27,NER,0.53860515
2025-02-28,NER,0.56550604
2025-03-01,NER,0.44962016
2025-03-02,NER,0.45817685
2025-03-03,NER,0.2483534
2025-03-04,NER,0.2603219
2025-03-05,NER,0.2746766
2025-03-06,NER,0.258276
2025-03-07,NER,0.2534989
2025-03-08,NER,0.31680486
2025-03-09,NER,0.31234148
2025-03-10,NER,0.48949528
2025-03-11,NER,0.5115848
2025-03-12,NER,0.5159774
2025-03-13,NER,0.49097085
2025-03-14,NER,0.61838865
2025-03-15,NER,0.61838865
2025-03-16,NER,0.61838865
2025-03-17,NER,0.7384473
2025-03-18,NER,0.61838865
2025-03-19,NER,0.61838865
2025-03-20,NER,0.61838865
2025-03-21,NER,0.6132944
2025-03-22,NER,0.3017878
2025-03-23,NER,0.253177
2025-03-24,NER,0.2602709
2025-03-25,NER,0.25723156
2025-03-26,NER,0.25358137
2025-03-27,NER,0.24825847
2025-03-28,NER,0.15796794
2024-07-01,NGA,0.38787118
2024-07-02,NGA,0.37226504
2024-07-03,NGA,0.3650367
2024-07-04,NGA,0.3424762
2024-07-05,NGA,0.41463998
2024-07-06,NGA,0.33385384
2024-07-07,NGA,0.3698385
2024-07-08,NGA,0.34746298
2024-07-09,NGA,0.35163546
2024-07-10,NGA,0.35871097
2024-07-11,NGA,0.36624333
2024-07-12,NGA,0.33303335
2024-07-13,NGA,0.4196441
2024-07-14,NGA,0.4131125
2024-07-15,NGA,0.38994816
2024-07-16,NGA,0.3399455
2024-07-17,NGA,0.3590123
2024-07-18,NGA,0.36211455
2024-07-19,NGA,0.38352552
2024-07-20,NGA,0.39227903
2024-07-21,NGA,0.4245482
2024-07-22,NGA,0.40014395
2024-07-23,NGA,0.43970567
2024-07-24,NGA,0.4292327
2024-07-25,NGA,0.41346934
2024-07-26,NGA,0.38135442
2024-07-27,NGA,0.37146595
2024-07-28,NGA,0.3847047
2024-07-29,NGA,0.37741825
2024-07-30,NGA,0.34520236
2024-07-31,NGA,0.2045725
2024-08-01,NGA,0.18679225
2024-08-02,NGA,0.15589365
2024-08-03,NGA,0.17961507
2024-08-04,NGA,0.16570304
2024-08-05,NGA,0.16268043
2024-08-06,NGA,0.18760338
2024-08-07,NGA,0.4090759
2024-08-08,NGA,0.16192928
2024-08-09,NGA,0.18606426
2024-08-10,NGA,0.19802125
2024-08-11,NGA,0.19802125
2024-08-12,NGA,0.21256833
2024-08-13,NGA,0.23120517
2024-08-14,NGA,0.22983293
2024-08-15,NGA,0.32144567
2024-08-16,NGA,0.31983313
2024-08-17,NGA,0.3165632
2024-08-18,NGA,0.32552359
2024-08-19,NGA,0.32552359
2024-08-20,NGA,0.31236237
2024-08-21,NGA,0.30690408
2024-08-22,NGA,0.40411174
2024-08-23,NGA,0.28713766
2024-08-24,NGA,0.28190392
2024-08-25,NGA,0.31325915
2024-08-26,NGA,0.31325915
2024-08-27,NGA,0.259385
2024-08-28,NGA,0.2823427
2024-08-29,NGA,0.2948233
2024-08-30,NGA,0.32910365
2024-08-31,NGA,0.154333
2024-09-01,NGA,0.18502097
2024-09-02,NGA,0.18313764
2024-09-03,NGA,0.1850386
2024-09-04,NGA,0.18648574
2024-09-05,NGA,0.19977279
2024-09-06,NGA,0.15585048
2024-09-07,NGA,0.26507625
2024-09-08,NGA,0.25900453
2024-09-09,NGA,0.25900453
2024-09-10,NGA,0.23758098
2024-09-11,NGA,0.25072825
2024-09-12,NGA,0.25849757
2024-09-13,NGA,0.26446345
2024-09-14,NGA,0.29666463
2024-09-15,NGA,0.43116543
2024-09-16,NGA,0.42309663
2024-09-17,NGA,0.4070002
2024-09-18,NGA,0.33200642
2024-09-19,NGA,0.18238707
2024-09-20,NGA,0.23089325
2024-09-21,NGA,0.22922789
2024-09-22,NGA,0.25382236
2024-09-23,NGA,0.25753075
2024-09-24,NGA,0.24461403
2024-09-25,NGA,0.22978836
2024-09-26,NGA,0.39453545
2024-09-27,NGA,0.29855743
2024-09-28,NGA,0.27973527
2024-09-29,NGA,0.34802398
2024-09-30,NGA,0.30642796
2024-10-01,NGA,0.27075762
2024-10-02,NGA,0.3073208
2024-10-03,NGA,0.31320268
2024-10-04,NGA,0.28361553
2024-10-05,NGA,0.28968054
2024-10-06,NGA,0.3012973
2024-10-07,NGA,0.29554373
2024-10-08,NGA,0.30295986
2024-10-09,NGA,0.28552967
2024-10-10,NGA,0.2774976
2024-10-11,NGA,0.27283537
2024-10-12,NGA,0.27898154
2024-10-13,NGA,0.28267163
2024-10-14,NGA,0.3312968
2024-10-15,NGA,0.28371218
2024-10-16,NGA,0.30397043
2024-10-17,NGA,0.32587588
2024-10-18,NGA,0.31978664
2024-10-19,NGA,0.2900744
2024-10-20,NGA,0.24940608
2024-10-21,NGA,0.24940608
2024-10-22,NGA,0.2638926
2024-10-23,NGA,0.24940608
2024-10-24,NGA,0.33308592
2024-10-25,NGA,0.32265452
2024-10-26,NGA,0.3450838
2024-10-27,NGA,0.31093645
2024-10-28,NGA,0.2609465
2024-10-29,NGA,0.2694639
2024-10-30,NGA,0.26545534
2024-10-31,NGA,0.25482714
2024-11-01,NGA,0.26341867
2024-11-02,NGA,0.23166041
2024-11-03,NGA,0.3106431
2024-11-04,NGA,0.35395592
2024-11-05,NGA,0.3782013
2024-11-06,NGA,0.3513811
2024-11-07,NGA,0.37055907
2024-11-08,NGA,0.3699894
2024-11-09,NGA,0.31137016
2024-11-10,NGA,0.31137016
2024-11-11,NGA,0.22854555
2024-11-12,NGA,0.3091736
2024-11-13,NGA,0.17324933
2024-11-14,NGA,0.16962226
2024-11-15,NGA,0.17743368
2024-11-16,NGA,0.17095064
2024-11-17,NGA,0.17881006
2024-11-18,NGA,0.17881006
2024-11-19,NGA,0.17507026
2024-11-20,NGA,0.36291927
2024-11-21,NGA,0.3701271
2024-11-22,NGA,0.34227505
2024-11-23,NGA,0.33366832
2024-11-24,NGA,0.31969407
2024-11-25,NGA,0.195284
2024-11-26,NGA,0.21021101
2024-11-27,NGA,0.1863214
2024-11-28,NGA,0.23188044
2024-11-29,NGA,0.23185389
2024-11-30,NGA,0.24025393
2024-12-01,NGA,0.24025393
2024-12-02,NGA,0.39669836
2024-12-03,NGA,0.4057699
2024-12-04,NGA,0.35762182
2024-12-05,NGA,0.36999846
2024-12-06,NGA,0.39669836
2024-12-07,NGA,0.37028852
2024-12-08,NGA,0.37788087
2024-12-09,NGA,0.38486958
2024-12-10,NGA,0.35727054
2024-12-11,NGA,0.36964205
2024-12-12,NGA,0.34172857
2024-12-13,NGA,0.37564752
2024-12-14,NGA,0.36648118
2024-12-15,NGA,0.39354506
2024-12-16,NGA,0.39354506
2024-12-17,NGA,0.40020996
2024-12-18,NGA,0.40020996
2024-12-19,NGA,0.3918558
2024-12-20,NGA,0.39407688
2024-12-21,NGA,0.39217818
2024-12-22,NGA,0.3857899
2024-12-23,NGA,0.33490407
2024-12-24,NGA,0.3394074
2024-12-25,NGA,0.31013212
2024-12-26,NGA,0.32795253
2024-12-27,NGA,0.32163227
2024-12-28,NGA,0.3316398
2024-12-29,NGA,0.33849403
2024-12-30,NGA,0.36261645
2024-12-31,NGA,0.18445772
2025-01-01,NGA,0.18895353
2025-01-02,NGA,0.19587864
2025-01-03,NGA,0.15506378
2025-01-04,NGA,0.17820562
2025-01-05,NGA,0.18910299
2025-01-06,NGA,0.18910299
2025-01-07,NGA,0.34570625
2025-01-08,NGA,0.35807538
2025-01-09,NGA,0.39034426
2025-01-10,NGA,0.38244206
2025-01-11,NGA,0.16836566
2025-01-12,NGA,0.19684644
2025-01-13,NGA,0.19684644
2025-01-14,NGA,0.17740773
2025-01-15,NGA,0.2018002
2025-01-16,NGA,0.2190007
2025-01-17,NGA,0.26736307
2025-01-18,NGA,0.33060315
2025-01-19,NGA,0.3089463
2025-01-20,NGA,0.3089463
2025-01-21,NGA,0.3089463
2025-01-22,NGA,0.30897817
2025-01-23,NGA,0.28230333
2025-01-24,NGA,0.3089463
2025-01-25,NGA,0.30296236
2025-01-26,NGA,0.39507356
2025-01-27,NGA,0.39507356
2025-01-28,NGA,0.39322945
2025-01-29,NGA,0.36549264
2025-01-30,NGA,0.30803117
2025-01-31,NGA,0.27904752
2025-02-01,NGA,0.22174434
2025-02-02,NGA,0.21114336
2025-02-03,NGA,0.21684991
2025-02-04,NGA,0.18747355
2025-02-05,NGA,0.23310438
2025-02-06,NGA,0.31802756
2025-02-07,NGA,0.37305725
2025-02-08,NGA,0.34791505
2025-02-09,NGA,0.35306093
2025-02-10,NGA,0.35306093
2025-02-11,NGA,0.3236909
2025-02-12,NGA,0.33983615
2025-02-13,NGA,0.39867884
2025-02-14,NGA,0.29567963
2025-02-15,NGA,0.29567963
2025-02-16,NGA,0.24680814
2025-02-17,NGA,0.24680814
2025-02-18,NGA,0.25659356
2025-02-19,NGA,0.24214573
2025-02-20,NGA,0.2370474
2025-02-21,NGA,0.31928268
2025-02-22,NGA,0.31171122
2025-02-23,NGA,0.30605468
2025-02-24,NGA,0.30605468
2025-02-25,NGA,0.30125222
2025-02-26,NGA,0.31220973
2025-02-27,NGA,0.2927871
2025-02-28,NGA,0.26276428
2025-03-01,NGA,0.28523228
2025-03-02,NGA,0.28909513
2025-03-03,NGA,0.28909513
2025-03-04,NGA,0.28909513
2025-03-05,NGA,0.29486057
2025-03-06,NGA,0.28909513
2025-03-07,NGA,0.28320813
2025-03-08,NGA,0.27247906
2025-03-09,NGA,0.31501496
2025-03-10,NGA,0.28320813
2025-03-11,NGA,0.28909513
2025-03-12,NGA,0.30088812
2025-03-13,NGA,0.27535424
2025-03-14,NGA,0.2789826
2025-03-15,NGA,0.2651273
2025-03-16,NGA,0.2416444
2025-03-17,NGA,0.2542038
2025-03-18,NGA,0.3067377
2025-03-19,NGA,0.32431725
2025-03-20,NGA,0.32903114
2025-03-21,NGA,0.331172
2025-03-22,NGA,0.3393964
2025-03-23,NGA,0.33810642
2025-03-24,NGA,0.19989792
2025-03-25,NGA,0.17844723
2025-03-26,NGA,0.19069515
2025-03-27,NGA,0.18271169
2025-03-28,NGA,0.19992177
2024-07-01,CMR,0.44774753
2024-07-02,CMR,0.44774753
2024-07-03,CMR,0.44774753
2024-07-04,CMR,0.35458267
2024-07-05,CMR,0.34431753
2024-07-06,CMR,0.4433107
2024-07-07,CMR,0.1802774
2024-07-08,CMR,0.17588314
2024-07-09,CMR,0.17804231
2024-07-10,CMR,0.19298162
2024-07-11,CMR,0.20923814
2024-07-12,CMR,0.18872261
2024-07-13,CMR,0.1734501
2024-07-14,CMR,0.41353545
2024-07-15,CMR,0.45606393
2024-07-16,CMR,0.4746363
2024-07-17,CMR,0.4746363
2024-07-18,CMR,0.5038432
2024-07-19,CMR,0.5709776
2024-07-20,CMR,0.5681782
2024-07-21,CMR,0.60008323
2024-07-22,CMR,0.58138084
2024-07-23,CMR,0.5733692
2024-07-24,CMR,0.59185183
2024-07-25,CMR,0.59185183
2024-07-26,CMR,0.6065623
2024-07-27,CMR,0.55426276
2024-07-28,CMR,0.5588292
2024-07-29,CMR,0.5529636
2024-07-30,CMR,0.4610777
2024-07-31,CMR,0.5303281
2024-08-01,CMR,0.49834457
2024-08-02,CMR,0.49920222
2024-08-03,CMR,0.47421086
2024-08-04,CMR,0.47421086
2024-08-05,CMR,0.4988602
2024-08-06,CMR,0.30346364
2024-08-07,CMR,0.30346364
2024-08-08,CMR,0.31838015
2024-08-09,CMR,0.34392205
2024-08-10,CMR,0.3041568
2024-08-11,CMR,0.32984757
2024-08-12,CMR,0.32984757
2024-08-13,CMR,0.3340297
2024-08-14,CMR,0.30315113
2024-08-15,CMR,0.30213904
2024-08-16,CMR,0.34268963
2024-08-17,CMR,0.35165668
2024-08-18,CMR,0.3155836
2024-08-19,CMR,0.32059646
2024-08-20,CMR,0.3416794
2024-08-21,CMR,0.33422837
2024-08-22,CMR,0.3198564
2024-08-23,CMR,0.35275516
2024-08-24,CMR,0.33749416
2024-08-25,CMR,0.3706084
2024-08-26,CMR,0.5204238
2024-08-27,CMR,0.50812787
2024-08-28,CMR,0.5286246
2024-08-29,CMR,0.54496926
2024-08-30,CMR,0.46255425
2024-08-31,CMR,0.3613027
2024-09-01,CMR,0.35470462
2024-09-02,CMR,0.35470462
2024-09-03,CMR,0.3672643
2024-09-04,CMR,0.35470462
2024-09-05,CMR,0.35470462
2024-09-06,CMR,0.3700235
2024-09-07,CMR,0.33154708
2024-09-08,CMR,0.33154708
2024-09-09,CMR,0.31241944
2024-09-10,CMR,0.33427015
2024-09-11,CMR,0.34002653
2024-09-12,CMR,0.34002653
2024-09-13,CMR,0.36092532
2024-09-14,CMR,0.37514037
2024-09-15,CMR,0.3402839
2024-09-16,CMR,0.51040787
2024-09-17,CMR,0.49255097
2024-09-18,CMR,0.5962535
2024-09-19,CMR,0.5962535
2024-09-20,CMR,0.5962535
2024-09-21,CMR,0.5626424
2024-09-22,CMR,0.59024
2024-09-23,CMR,0.56524485
2024-09-24,CMR,0.5497886
2024-09-25,CMR,0.5323765
2024-09-26,CMR,0.50912035
2024-09-27,CMR,0.4518214
2024-09-28,CMR,0.4518214
2024-09-29,CMR,0.40727645
2024-09-30,CMR,0.4194965
2024-10-01,CMR,0.39686516
2024-10-02,CMR,0.33560872
2024-10-03,CMR,0.40343508
2024-10-04,CMR,0.40791932
2024-10-05,CMR,0.41395694
2024-10-06,CMR,0.41395694
2024-10-07,CMR,0.40766335
2024-10-08,CMR,0.27603567
2024-10-09,CMR,0.28328764
2024-10-10,CMR,0.27209055
2024-10-11,CMR,0.30929816
2024-10-12,CMR,0.28644583
2024-10-13,CMR,0.28428683
2024-10-14,CMR,0.26641887
2024-10-15,CMR,0.31090936
2024-10-16,CMR,0.31561998
2024-10-17,CMR,0.3236496
2024-10-18,CMR,0.32338208
2024-10-19,CMR,0.33890572
2024-10-20,CMR,0.32393003
2024-10-21,CMR,0.30977213
2024-10-22,CMR,0.3656862
2024-10-23,CMR,0.3722053
2024-10-24,CMR,0.39609763
2024-10-25,CMR,0.41377574
2024-10-26,CMR,0.41611555
2024-10-27,CMR,0.47058776
2024-10-28,CMR,0.5167409
2024-10-29,CMR,0.54447657
2024-10-30,CMR,0.55637115
2024-10-31,CMR,0.4636801
2024-11-01,CMR,0.45437208
2024-11-02,CMR,0.46693745
2024-11-03,CMR,0.43197793
2024-11-04,CMR,0.43197793
2024-11-05,CMR,0.4343444
2024-11-06,CMR,0.37804347
2024-11-07,CMR,0.55152386
2024-11-08,CMR,0.5621955
2024-11-09,CMR,0.57611215
2024-11-10,CMR,0.558788
2024-11-11,CMR,0.5363233
2024-11-12,CMR,0.463589
2024-11-13,CMR,0.43078345
2024-11-14,CMR,0.34059045
2024-11-15,CMR,0.34059045
2024-11-16,CMR,0.34059045
2024-11-17,CMR,0.3453786
2024-11-18,CMR,0.33195677
2024-11-19,CMR,0.3059327
2024-11-20,CMR,0.3196937
2024-11-21,CMR,0.29477468
2024-11-22,CMR,0.3019861
2024-11-23,CMR,0.30881974
2024-11-24,CMR,0.30038008
2024-11-25,CMR,0.30038008
2024-11-26,CMR,0.2911084
2024-11-27,CMR,0.40349743
2024-11-28,CMR,0.59153163
2024-11-29,CMR,0.5038455
2024-11-30,CMR,0.3707271
2024-12-01,CMR,0.34307227
2024-12-02,CMR,0.37598947
2024-12-03,CMR,0.37198788
2024-12-04,CMR,0.44336867
2024-12-05,CMR,0.44967535
2024-12-06,CMR,0.48067874
2024-12-07,CMR,0.4776321
2024-12-08,CMR,0.4776321
2024-12-09,CMR,0.4674853
2024-12-10,CMR,0.4674853
2024-12-11,CMR,0.5105541
2024-12-12,CMR,0.5145513
2024-12-13,CMR,0.52192533
2024-12-14,CMR,0.48384342
2024-12-15,CMR,0.48384342
2024-12-16,CMR,0.48384342
2024-12-17,CMR,0.48384342
2024-12-18,CMR,0.48384342
2024-12-19,CMR,0.3454323
2024-12-20,CMR,0.35195205
2024-12-21,CMR,0.54378587
2024-12-22,CMR,0.520419
2024-12-23,CMR,0.5260851
2024-12-24,CMR,0.5205733
2024-12-25,CMR,0.30950826
2024-12-26,CMR,0.29937214
2024-12-27,CMR,0.34242147
2024-12-28,CMR,0.32618433
2024-12-29,CMR,0.29467666
2024-12-30,CMR,0.2927942
2024-12-31,CMR,0.2927942
2025-01-01,CMR,0.51105523
2025-01-02,CMR,0.52279884
2025-01-03,CMR,0.6105313
2025-01-04,CMR,0.6105313
2025-01-05,CMR,0.61470413
2025-01-06,CMR,0.6244336
2025-01-07,CMR,0.6192766
2025-01-08,CMR,0.27951017
2025-01-09,CMR,0.2571537
2025-01-10,CMR,0.2923732
2025-01-11,CMR,0.30643746
2025-01-12,CMR,0.27007404
2025-01-13,CMR,0.2628812
2025-01-14,CMR,0.25441957
2025-01-15,CMR,0.32934925
2025-01-16,CMR,0.34449217
2025-01-17,CMR,0.36726117
2025-01-18,CMR,0.3304524
2025-01-19,CMR,0.33136874
2025-01-20,CMR,0.35582075
2025-01-21,CMR,0.3728936
2025-01-22,CMR,0.43644378
2025-01-23,CMR,0.42821944
2025-01-24,CMR,0.43413895
2025-01-25,CMR,0.42821944
2025-01-26,CMR,0.35947046
2025-01-27,CMR,0.35947046
2025-01-28,CMR,0.48813945
2025-01-29,CMR,0.48643294
2025-01-30,CMR,0.5703153
2025-01-31,CMR,0.5998656
2025-02-01,CMR,0.6345833
2025-02-02,CMR,0.60858095
2025-02-03,CMR,0.57973135
2025-02-04,CMR,0.5566115
2025-02-05,CMR,0.5008292
2025-02-06,CMR,0.44890237
2025-02-07,CMR,0.40452752
2025-02-08,CMR,0.40452752
2025-02-09,CMR,0.40673918
2025-02-10,CMR,0.42142552
2025-02-11,CMR,0.42142552
2025-02-12,CMR,0.42142552
2025-02-13,CMR,0.4791647
2025-02-14,CMR,0.38504595
2025-02-15,CMR,0.37009633
2025-02-16,CMR,0.30403706
2025-02-17,CMR,0.3641672
2025-02-18,CMR,0.384635
2025-02-19,CMR,0.3413444
2025-02-20,CMR,0.29921862
2025-02-21,CMR,0.43207988
2025-02-22,CMR,0.40101492
2025-02-23,CMR,0.5416346
2025-02-24,CMR,0.47499368
2025-02-25,CMR,0.47499368
2025-02-26,CMR,0.36933714
2025-02-27,CMR,0.36728477
2025-02-28,CMR,0.37627864
2025-03-01,CMR,0.35062665
2025-03-02,CMR,0.36283672
2025-03-03,CMR,0.2846282
2025-03-04,CMR,0.31553409
2025-03-05,CMR,0.40686685
2025-03-06,CMR,0.40610805
2025-03-07,CMR,0.42150953
2025-03-08,CMR,0.38736475
2025-03-09,CMR,0.38736475
2025-03-10,CMR,0.4255365
2025-03-11,CMR,0.3638132
2025-03-12,CMR,0.38663337
2025-03-13,CMR,0.32521182
2025-03-14,CMR,0.39949837
2025-03-15,CMR,0.39386147
2025-03-16,CMR,0.39386147
2025-03-17,CMR,0.3202024
2025-03-18,CMR,0.40111008
2025-03-19,CMR,0.40615317
2025-03-20,CMR,0.40981475
2025-03-21,CMR,0.36497864
2025-03-22,CMR,0.318888
2025-03-23,CMR,0.3232798
2025-03-24,CMR,0.34896854
2025-03-25,CMR,0.34896854
2025-03-26,CMR,0.34440535
2025-03-27,CMR,0.28044724
2025-03-28,CMR,0.31989315
2024-07-01,TCD,0.7252661
2024-07-02,TCD,0.7041675
2024-07-03,TCD,0.7207608
2024-07-04,TCD,0.6062897
2024-07-05,TCD,0.6062897
2024-07-06,TCD,0.54041725
2024-07-07,TCD,0.18614173
2024-07-08,TCD,0.18614173
2024-07-09,TCD,0.10097494
2024-07-10,TCD,0.10097494
2024-07-11,TCD,0.10620187
2024-07-12,TCD,0.10593137
2024-07-13,TCD,0.097530864
2024-07-14,TCD,0.11722467
2024-07-15,TCD,0.1271058
2024-07-16,TCD,0.6789197
2024-07-17,TCD,0.5613812
2024-07-18,TCD,0.5633098
2024-07-19,TCD,0.5686969
2024-07-20,TCD,0.55803305
2024-07-21,TCD,0.5686969
2024-07-22,TCD,0.59896815
2024-07-23,TCD,0.5900531
2024-07-24,TCD,0.73281056
2024-07-25,TCD,0.73281056
2024-07-26,TCD,0.73281056
2024-07-27,TCD,0.72900677
2024-07-28,TCD,0.72900677
2024-07-29,TCD,0.73265415
2024-07-30,TCD,0.73265415
2024-07-31,TCD,0.73866105
2024-08-01,TCD,0.7379389
2024-08-02,TCD,0.7184095
2024-08-03,TCD,0.7139517
2024-08-04,TCD,0.7379389
2024-08-05,TCD,0.7379389
2024-08-06,TCD,0.7323268
2024-08-07,TCD,0.73660386
2024-08-08,TCD,0.75006795
2024-08-09,TCD,0.75006795
2024-08-10,TCD,0.75006795
2024-08-11,TCD,0.75006795
2024-08-12,TCD,0.3190882
2024-08-13,TCD,0.29352698
2024-08-14,TCD,0.22831623
2024-08-15,TCD,0.23544389
2024-08-16,TCD,0.2395175
2024-08-17,TCD,0.2766389
2024-08-18,TCD,0.28470632
2024-08-19,TCD,0.69567424
2024-08-20,TCD,0.6910114
2024-08-21,TCD,0.60188335
2024-08-22,TCD,0.7013712
2024-08-23,TCD,0.7013712
2024-08-24,TCD,0.71594954
2024-08-25,TCD,0.72038835
2024-08-26,TCD,0.7072076
2024-08-27,TCD,0.7072076
2024-08-28,TCD,0.7072076
2024-08-29,TCD,0.71109635
2024-08-30,TCD,0.71109635
2024-08-31,TCD,0.74969107
2024-09-01,TCD,0.7682101
2024-09-02,TCD,0.7682101
2024-09-03,TCD,0.7682101
2024-09-04,TCD,0.6531535
2024-09-05,TCD,0.62298083
2024-09-06,TCD,0.62944466
2024-09-07,TCD,0.62298083
2024-09-08,TCD,0.62298083
2024-09-09,TCD,0.62298083
2024-09-10,TCD,0.61793613
2024-09-11,TCD,0.4736275
2024-09-12,TCD,0.4929168
2024-09-13,TCD,0.4929168
2024-09-14,TCD,0.40262425
2024-09-15,TCD,0.3932439
2024-09-16,TCD,0.38942122
2024-09-17,TCD,0.340667
2024-09-18,TCD,0.3626821
2024-09-19,TCD,0.36074138
2024-09-20,TCD,0.36074138
2024-09-21,TCD,0.3963213
2024-09-22,TCD,0.40372658
2024-09-23,TCD,0.40372658
2024-09-24,TCD,0.49675944
2024-09-25,TCD,0.5064092
2024-09-26,TCD,0.51266825
2024-09-27,TCD,0.5147681
2024-09-28,TCD,0.5147681
2024-09-29,TCD,0.7086716
2024-09-30,TCD,0.7086716
2024-10-01,TCD,0.6932764
2024-10-02,TCD,0.37805066
2024-10-03,TCD,0.38594404
2024-10-04,TCD,0.3891586
2024-10-05,TCD,0.3920304
2024-10-06,TCD,0.3920304
2024-10-07,TCD,0.3920304
2024-10-08,TCD,0.3920304
2024-10-09,TCD,0.72104776
2024-10-10,TCD,0.7399662
2024-10-11,TCD,0.74164796
2024-10-12,TCD,0.72627443
2024-10-13,TCD,0.73602134
2024-10-14,TCD,0.74046034
2024-10-15,TCD,0.7014047
2024-10-16,TCD,0.7127593
2024-10-17,TCD,0.7051833
2024-10-18,TCD,0.7051833
2024-10-19,TCD,0.7051833
2024-10-20,TCD,0.71731037
2024-10-21,TCD,0.73407
2024-10-22,TCD,0.6932463
2024-10-23,TCD,0.6932463
2024-10-24,TCD,0.6932463
2024-10-25,TCD,0.69789296
2024-10-26,TCD,0.70383686
2024-10-27,TCD,0.36632127
2024-10-28,TCD,0.31839216
2024-10-29,TCD,0.3228808
2024-10-30,TCD,0.30845302
2024-10-31,TCD,0.2835109
2024-11-01,TCD,0.295435
2024-11-02,TCD,0.27878603
2024-11-03,TCD,0.13255705
2024-11-04,TCD,0.13724141
2024-11-05,TCD,0.14946769
2024-11-06,TCD,0.15687543
2024-11-07,TCD,0.1903816
2024-11-08,TCD,0.16153608
2024-11-09,TCD,0.17704444
2024-11-10,TCD,0.69492215
2024-11-11,TCD,0.69492215
2024-11-12,TCD,0.61944824
2024-11-13,TCD,0.60448974
2024-11-14,TCD,0.6016275
2024-11-15,TCD,0.56644857
2024-11-16,TCD,0.10734779
2024-11-17,TCD,0.10734779
2024-11-18,TCD,0.10773506
2024-11-19,TCD,0.115472086
2024-11-20,TCD,0.14039738
2024-11-21,TCD,0.12881187
2024-11-22,TCD,0.12881187
2024-11-23,TCD,0.71426666
2024-11-24,TCD,0.71426666
2024-11-25,TCD,0.71426666
2024-11-26,TCD,0.71104443
2024-11-27,TCD,0.735185
2024-11-28,TCD,0.7308934
2024-11-29,TCD,0.7330417
2024-11-30,TCD,0.7662675
2024-12-01,TCD,0.7662675
2024-12-02,TCD,0.7662675
2024-12-03,TCD,0.7662675
2024-12-04,TCD,0.7662675
2024-12-05,TCD,0.7481286
2024-12-06,TCD,0.6939248
2024-12-07,TCD,0.65449226
2024-12-08,TCD,0.65449226
2024-12-09,TCD,0.6591346
2024-12-10,TCD,0.6580571
2024-12-11,TCD,0.65340775
2024-12-12,TCD,0.65449226
2024-12-13,TCD,0.69755274
2024-12-14,TCD,0.73900044
2024-12-15,TCD,0.44007945
2024-12-16,TCD,0.26580063
2024-12-17,TCD,0.23515853
2024-12-18,TCD,0.22546671
2024-12-19,TCD,0.22659303
2024-12-20,TCD,0.22659303
2024-12-21,TCD,0.22645149
2024-12-22,TCD,0.31125095
2024-12-23,TCD,0.32016855
2024-12-24,TCD,0.70332086
2024-12-25,TCD,0.39191082
2024-12-26,TCD,0.39191082
2024-12-27,TCD,0.40101346
2024-12-28,TCD,0.40101346
2024-12-29,TCD,0.38360745
2024-12-30,TCD,0.38360745
2024-12-31,TCD,0.36993542
2025-01-01,TCD,0.7541256
2025-01-02,TCD,0.7541256
2025-01-03,TCD,0.7541256
2025-01-04,TCD,0.7541256
2025-01-05,TCD,0.7268808
2025-01-06,TCD,0.7017438
2025-01-07,TCD,0.6971335
2025-01-08,TCD,0.74945694
2025-01-09,TCD,0.74897414
2025-01-10,TCD,0.7521543
2025-01-11,TCD,0.664264
2025-01-12,TCD,0.664264
2025-01-13,TCD,0.664264
2025-01-14,TCD,0.6451442
2025-01-15,TCD,0.23372492
2025-01-16,TCD,0.20856343
2025-01-17,TCD,0.19655134
2025-01-18,TCD,0.19454555
2025-01-19,TCD,0.18232305
2025-01-20,TCD,0.18232305
2025-01-21,TCD,0.20254186
2025-01-22,TCD,0.5939729
2025-01-23,TCD,0.59925085
2025-01-24,TCD,0.6093466
2025-01-25,TCD,0.60411376
2025-01-26,TCD,0.6001859
2025-01-27,TCD,0.60392755
2025-01-28,TCD,0.60392755
2025-01-29,TCD,0.63460696
2025-01-30,TCD,0.63460696
2025-01-31,TCD,0.63097805
2025-02-01,TCD,0.63097805
2025-02-02,TCD,0.7533918
2025-02-03,TCD,0.7533918
2025-02-04,TCD,0.51561916
2025-02-05,TCD,0.5101402
2025-02-06,TCD,0.51561916
2025-02-07,TCD,0.5300831
2025-02-08,TCD,0.5300831
2025-02-09,TCD,0.5300831
2025-02-10,TCD,0.5300831
2025-02-11,TCD,0.73251563
2025-02-12,TCD,0.73251563
2025-02-13,TCD,0.73251563
2025-02-14,TCD,0.3486828
2025-02-15,TCD,0.36196324
2025-02-16,TCD,0.3725799
2025-02-17,TCD,0.3725799
2025-02-18,TCD,0.38146877
2025-02-19,TCD,0.38146877
2025-02-20,TCD,0.38146877
2025-02-21,TCD,0.74151945
2025-02-22,TCD,0.7248902
2025-02-23,TCD,0.71903646
2025-02-24,TCD,0.71903646
2025-02-25,TCD,0.7154621
2025-02-26,TCD,0.7154621
2025-02-27,TCD,0.7139858
2025-02-28,TCD,0.73134744
2025-03-01,TCD,0.4706044
2025-03-02,TCD,0.48061594
2025-03-03,TCD,0.48061594
2025-03-04,TCD,0.47514403
2025-03-05,TCD,0.47514403
2025-03-06,TCD,0.43714237
2025-03-07,TCD,0.43175396
2025-03-08,TCD,0.73510504
2025-03-09,TCD,0.73510504
2025-03-10,TCD,0.73510504
2025-03-11,TCD,0.73510504
2025-03-12,TCD,0.7358322
2025-03-13,TCD,0.31873193
2025-03-14,TCD,0.31078112
2025-03-15,TCD,0.28572616
2025-03-16,TCD,0.26274514
2025-03-17,TCD,0.2650889
2025-03-18,TCD,0.2650889
2025-03-19,TCD,0.2650889
2025-03-20,TCD,0.6984193
2025-03-21,TCD,0.7018554
2025-03-22,TCD,0.67980886
2025-03-23,TCD,0.60096335
2025-03-24,TCD,0.60096335
2025-03-25,TCD,0.60350096
2025-03-26,TCD,0.6072184
2025-03-27,TCD,0.6276946
2025-03-28,TCD,0.63195753
2024-07-01,GIN,0.6242175
2024-07-02,GIN,0.6242175
2024-07-03,GIN,0.6242175
2024-07-04,GIN,0.57718956
2024-07-05,GIN,0.57718956
2024-07-06,GIN,0.57718956
2024-07-07,GIN,0.57718956
2024-07-08,GIN,0.57718956
2024-07-09,GIN,0.61640203
2024-07-10,GIN,0.5827975
2024-07-11,GIN,0.31635562
2024-07-12,GIN,0.31618777
2024-07-13,GIN,0.33722144
2024-07-14,GIN,0.33722144
2024-07-15,GIN,0.33331585
2024-07-16,GIN,0.4227783
2024-07-17,GIN,0.39974976
2024-07-18,GIN,0.41279504
2024-07-19,GIN,0.4171806
2024-07-20,GIN,0.45904458
2024-07-21,GIN,0.45904458
2024-07-22,GIN,0.4533335
2024-07-23,GIN,0.6056935
2024-07-24,GIN,0.6056935
2024-07-25,GIN,0.6056935
2024-07-26,GIN,0.5630654
2024-07-27,GIN,0.6099995
2024-07-28,GIN,0.6099995
2024-07-29,GIN,0.6099995
2024-07-30,GIN,0.6099995
2024-07-31,GIN,0.6099995
2024-08-01,GIN,0.5875282
2024-08-02,GIN,0.58426315
2024-08-03,GIN,0.5875282
2024-08-04,GIN,0.5988721
2024-08-05,GIN,0.6099995
2024-08-06,GIN,0.6080895
2024-08-07,GIN,0.61355025
2024-08-08,GIN,0.6245257
2024-08-09,GIN,0.6121347
2024-08-10,GIN,0.6121347
2024-08-11,GIN,0.6236221
2024-08-12,GIN,0.6236221
2024-08-13,GIN,0.62899846
2024-08-14,GIN,0.62899846
2024-08-15,GIN,0.56229085
2024-08-16,GIN,0.5617293
2024-08-17,GIN,0.522197
2024-08-18,GIN,0.5096917
2024-08-19,GIN,0.5096917
2024-08-20,GIN,0.5285965
2024-08-21,GIN,0.46832588
2024-08-22,GIN,0.40030238
2024-08-23,GIN,0.3749811
2024-08-24,GIN,0.45435986
2024-08-25,GIN,0.44481468
2024-08-26,GIN,0.43749714
2024-08-27,GIN,0.46084675
2024-08-28,GIN,0.43749714
2024-08-29,GIN,0.45781392
2024-08-30,GIN,0.45781392
2024-08-31,GIN,0.59875757
2024-09-01,GIN,0.26848775
2024-09-02,GIN,0.24805814
2024-09-03,GIN,0.24805814
2024-09-04,GIN,0.22828345
2024-09-05,GIN,0.22828345
2024-09-06,GIN,0.2307143
2024-09-07,GIN,0.24254887
2024-09-08,GIN,0.6352859
2024-09-09,GIN,0.6352859
2024-09-10,GIN,0.6390696
2024-09-11,GIN,0.6352859
2024-09-12,GIN,0.6352859
2024-09-13,GIN,0.6390696
2024-09-14,GIN,0.6390696
2024-09-15,GIN,0.6390696
2024-09-16,GIN,0.63374275
2024-09-17,GIN,0.622834
2024-09-18,GIN,0.6364063
2024-09-19,GIN,0.5984184
2024-09-20,GIN,0.5984184
2024-09-21,GIN,0.5879547
2024-09-22,GIN,0.5879547
2024-09-23,GIN,0.57542217
2024-09-24,GIN,0.57542217
2024-09-25,GIN,0.57542217
2024-09-26,GIN,0.63239187
2024-09-27,GIN,0.63239187
2024-09-28,GIN,0.63239187
2024-09-29,GIN,0.63239187
2024-09-30,GIN,0.63239187
2024-10-01,GIN,0.5815251
2024-10-02,GIN,0.32118657
2024-10-03,GIN,0.32118657
2024-10-04,GIN,0.32118657
2024-10-05,GIN,0.2956518
2024-10-06,GIN,0.30098078
2024-10-07,GIN,0.2889056
2024-10-08,GIN,0.2702338
2024-10-09,GIN,0.62953705
2024-10-10,GIN,0.62953705
2024-10-11,GIN,0.62953705
2024-10-12,GIN,0.62953705
2024-10-13,GIN,0.62953705
2024-10-14,GIN,0.62953705
2024-10-15,GIN,0.62953705
2024-10-16,GIN,0.6432114
2024-10-17,GIN,0.64056957
2024-10-18,GIN,0.6432114
2024-10-19,GIN,0.583215
2024-10-20,GIN,0.43668514
2024-10-21,GIN,0.4465753
2024-10-22,GIN,0.4465753
2024-10-23,GIN,0.4465753
2024-10-24,GIN,0.5100805
2024-10-25,GIN,0.5100805
2024-10-26,GIN,0.5100805
2024-10-27,GIN,0.539841
2024-10-28,GIN,0.54555434
2024-10-29,GIN,0.55528843
2024-10-30,GIN,0.55528843
2024-10-31,GIN,0.5599393
2024-11-01,GIN,0.5193013
2024-11-02,GIN,0.5193013
2024-11-03,GIN,0.5105064
2024-11-04,GIN,0.5105064
2024-11-05,GIN,0.64712155
2024-11-06,GIN,0.64712155
2024-11-07,GIN,0.64712155
2024-11-08,GIN,0.64712155
2024-11-09,GIN,0.64449257
2024-11-10,GIN,0.64449257
2024-11-11,GIN,0.638683
2024-11-12,GIN,0.638683
2024-11-13,GIN,0.638683
2024-11-14,GIN,0.63826853
2024-11-15,GIN,0.638683
2024-11-16,GIN,0.6154601
2024-11-17,GIN,0.6154601
2024-11-18,GIN,0.6154601
2024-11-19,GIN,0.6023655
2024-11-20,GIN,0.5968386
2024-11-21,GIN,0.6023655
2024-11-22,GIN,0.6023655
2024-11-23,GIN,0.6241445
2024-11-24,GIN,0.6241445
2024-11-25,GIN,0.6187287
2024-11-26,GIN,0.24919353
2024-11-27,GIN,0.24919353
2024-11-28,GIN,0.28278393
2024-11-29,GIN,0.28278393
2024-11-30,GIN,0.27455905
2024-12-01,GIN,0.27455905
2024-12-02,GIN,0.26037028
2024-12-03,GIN,0.6156941
2024-12-04,GIN,0.59952426
2024-12-05,GIN,0.59952426
2024-12-06,GIN,0.59952426
2024-12-07,GIN,0.5955883
2024-12-08,GIN,0.5900314
2024-12-09,GIN,0.5900314
2024-12-10,GIN,0.5180831
2024-12-11,GIN,0.5126022
2024-12-12,GIN,0.5137995
2024-12-13,GIN,0.5126022
2024-12-14,GIN,0.49622333
2024-12-15,GIN,0.50197864
2024-12-16,GIN,0.50197864
2024-12-17,GIN,0.5446532
2024-12-18,GIN,0.5715677
2024-12-19,GIN,0.58097345
2024-12-20,GIN,0.5715677
2024-12-21,GIN,0.57698625
2024-12-22,GIN,0.57698625
2024-12-23,GIN,0.57698625
2024-12-24,GIN,0.57698625
2024-12-25,GIN,0.6724265
2024-12-26,GIN,0.5990216
2024-12-27,GIN,0.5990216
2024-12-28,GIN,0.60846484
2024-12-29,GIN,0.60846484
2024-12-30,GIN,0.60846484
2024-12-31,GIN,0.60846484
2025-01-01,GIN,0.60846484
2025-01-02,GIN,0.60846484
2025-01-03,GIN,0.60846484
2025-01-04,GIN,0.6041529
2025-01-05,GIN,0.6041529
2025-01-06,GIN,0.6041529
2025-01-07,GIN,0.52036464
2025-01-08,GIN,0.5248715
2025-01-09,GIN,0.50551987
2025-01-10,GIN,0.50551987
2025-01-11,GIN,0.50551987
2025-01-12,GIN,0.50551987
2025-01-13,GIN,0.50551987
2025-01-14,GIN,0.6212288
2025-01-15,GIN,0.6212288
2025-01-16,GIN,0.62535286
2025-01-17,GIN,0.6002843
2025-01-18,GIN,0.57624966
2025-01-19,GIN,0.57624966
2025-01-20,GIN,0.5706185
2025-01-21,GIN,0.5706185
2025-01-22,GIN,0.5706185
2025-01-23,GIN,0.5706185
2025-01-24,GIN,0.5706185
2025-01-25,GIN,0.31821802
2025-01-26,GIN,0.34866217
2025-01-27,GIN,0.34866217
2025-01-28,GIN,0.3376796
2025-01-29,GIN,0.39981005
2025-01-30,GIN,0.39981005
2025-01-31,GIN,0.40910757
2025-02-01,GIN,0.6497216
2025-02-02,GIN,0.6497216
2025-02-03,GIN,0.6497216
2025-02-04,GIN,0.6497216
2025-02-05,GIN,0.68668425
2025-02-06,GIN,0.6795408
2025-02-07,GIN,0.6795408
2025-02-08,GIN,0.6922717
2025-02-09,GIN,0.6922717
2025-02-10,GIN,0.6922717
2025-02-11,GIN,0.6922717
2025-02-12,GIN,0.6922717
2025-02-13,GIN,0.6922717
2025-02-14,GIN,0.6922717
2025-02-15,GIN,0.6922717
2025-02-16,GIN,0.6922717
2025-02-17,GIN,0.6922717
2025-02-18,GIN,0.6922717
2025-02-19,GIN,0.6922717
2025-02-20,GIN,0.6922717
2025-02-21,GIN,0.6922717
2025-02-22,GIN,0.68177086
2025-02-23,GIN,0.68177086
2025-02-24,GIN,0.61859804
2025-02-25,GIN,0.61117804
2025-02-26,GIN,0.59951085
2025-02-27,GIN,0.4408054
2025-02-28,GIN,0.44724426
2025-03-01,GIN,0.40968174
2025-03-02,GIN,0.404126
2025-03-03,GIN,0.40968174
2025-03-04,GIN,0.45272955
2025-03-05,GIN,0.45272955
2025-03-06,GIN,0.5990204
2025-03-07,GIN,0.6082366
2025-03-08,GIN,0.5990204
2025-03-09,GIN,0.5990204
2025-03-10,GIN,0.5665372
2025-03-11,GIN,0.58800125
2025-03-12,GIN,0.58800125
2025-03-13,GIN,0.5990204
2025-03-14,GIN,0.5803507
2025-03-15,GIN,0.5508649
2025-03-16,GIN,0.5508649
2025-03-17,GIN,0.58924276
2025-03-18,GIN,0.5660385
2025-03-19,GIN,0.5660385
2025-03-20,GIN,0.6045372
2025-03-21,GIN,0.59319824
2025-03-22,GIN,0.59319824
2025-03-23,GIN,0.58763117
2025-03-24,GIN,0.57601744
2025-03-25,GIN,0.57601744
2025-03-26,GIN,0.57601744
2025-03-27,GIN,0.57601744
2025-03-28,GIN,0.580562
2024-07-01,GNB,0.29452607
2024-07-02,GNB,0.33037895
2024-07-03,GNB,0.240697
2024-07-04,GNB,0.24269749
2024-07-05,GNB,0.23041917
2024-07-06,GNB,0.23975316
2024-07-07,GNB,0.23975316
2024-07-08,GNB,0.21537553
2024-07-09,GNB,0.18681921
2024-07-10,GNB,0.24729143
2024-07-11,GNB,0.2386181
2024-07-12,GNB,0.26505226
2024-07-13,GNB,0.22167861
2024-07-14,GNB,0.20825037
2024-07-15,GNB,0.20825037
2024-07-16,GNB,0.23681006
2024-07-17,GNB,0.21484563
2024-07-18,GNB,0.23883519
2024-07-19,GNB,0.35875216
2024-07-20,GNB,0.35490122
2024-07-21,GNB,0.35490122
2024-07-22,GNB,0.35490122
2024-07-23,GNB,0.39897442
2024-07-24,GNB,0.40003544
2024-07-25,GNB,0.34865442
2024-07-26,GNB,0.31252196
2024-07-27,GNB,0.27050453
2024-07-28,GNB,0.25275916
2024-07-29,GNB,0.25275916
2024-07-30,GNB,0.22365902
2024-07-31,GNB,0.21470785
2024-08-01,GNB,0.31348532
2024-08-02,GNB,0.27021673
2024-08-03,GNB,0.2066774
2024-08-04,GNB,0.19991656
2024-08-05,GNB,0.20876561
2024-08-06,GNB,0.22898862
2024-08-07,GNB,0.24969317
2024-08-08,GNB,0.31504834
2024-08-09,GNB,0.28366563
2024-08-10,GNB,0.29792434
2024-08-11,GNB,0.37409624
2024-08-12,GNB,0.34244794
2024-08-13,GNB,0.3358532
2024-08-14,GNB,0.348024
2024-08-15,GNB,0.38406345
2024-08-16,GNB,0.40855515
2024-08-17,GNB,0.37174836
2024-08-18,GNB,0.41220224
2024-08-19,GNB,0.41220224
2024-08-20,GNB,0.4280982
2024-08-21,GNB,0.36549363
2024-08-22,GNB,0.29500437
2024-08-23,GNB,0.24726741
2024-08-24,GNB,0.26745453
2024-08-25,GNB,0.2504557
2024-08-26,GNB,0.26382494
2024-08-27,GNB,0.2273598
2024-08-28,GNB,0.27927983
2024-08-29,GNB,0.29614115
2024-08-30,GNB,0.2943741
2024-08-31,GNB,0.39954948
2024-09-01,GNB,0.39954948
2024-09-02,GNB,0.3952958
2024-09-03,GNB,0.34591982
2024-09-04,GNB,0.25321352
2024-09-05,GNB,0.31184977
2024-09-06,GNB,0.29635033
2024-09-07,GNB,0.32134113
2024-09-08,GNB,0.32116282
2024-09-09,GNB,0.33031094
2024-09-10,GNB,0.34491283
2024-09-11,GNB,0.37359145
2024-09-12,GNB,0.28677115
2024-09-13,GNB,0.27617285
2024-09-14,GNB,0.33531162
2024-09-15,GNB,0.27757284
2024-09-16,GNB,0.27757284
2024-09-17,GNB,0.28249958
2024-09-18,GNB,0.25543913
2024-09-19,GNB,0.29973364
2024-09-20,GNB,0.26773852
2024-09-21,GNB,0.24342611
2024-09-22,GNB,0.33177337
2024-09-23,GNB,0.3368968
2024-09-24,GNB,0.37195787
2024-09-25,GNB,0.35108748
2024-09-26,GNB,0.3345391
2024-09-27,GNB,0.3310295
2024-09-28,GNB,0.30106553
2024-09-29,GNB,0.35035464
2024-09-30,GNB,0.34625423
2024-10-01,GNB,0.49070603
2024-10-02,GNB,0.4934077
2024-10-03,GNB,0.5051357
2024-10-04,GNB,0.5024771
2024-10-05,GNB,0.52147067
2024-10-06,GNB,0.5412056
2024-10-07,GNB,0.53253084
2024-10-08,GNB,0.5135646
2024-10-09,GNB,0.5020836
2024-10-10,GNB,0.5236008
2024-10-11,GNB,0.53803533
2024-10-12,GNB,0.53504515
2024-10-13,GNB,0.53054845
2024-10-14,GNB,0.53054845
2024-10-15,GNB,0.5160904
2024-10-16,GNB,0.49599907
2024-10-17,GNB,0.5132196
2024-10-18,GNB,0.5160904
2024-10-19,GNB,0.5132196
2024-10-20,GNB,0.5132196
2024-10-21,GNB,0.5132196
2024-10-22,GNB,0.30688727
2024-10-23,GNB,0.33206603
2024-10-24,GNB,0.3059473
2024-10-25,GNB,0.3059473
2024-10-26,GNB,0.25150594
2024-10-27,GNB,0.25150594
2024-10-28,GNB,0.2241743
2024-10-29,GNB,0.23812366
2024-10-30,GNB,0.27575445
2024-10-31,GNB,0.31481993
2024-11-01,GNB,0.28609672
2024-11-02,GNB,0.2904993
2024-11-03,GNB,0.2904993
2024-11-04,GNB,0.27244946
2024-11-05,GNB,0.2752378
2024-11-06,GNB,0.2896452
2024-11-07,GNB,0.3625664
2024-11-08,GNB,0.36201566
2024-11-09,GNB,0.38658926
2024-11-10,GNB,0.3606282
2024-11-11,GNB,0.38658926
2024-11-12,GNB,0.3386346
2024-11-13,GNB,0.31996152
2024-11-14,GNB,0.3118182
2024-11-15,GNB,0.29719922
2024-11-16,GNB,0.21344179
2024-11-17,GNB,0.24284019
2024-11-18,GNB,0.23396643
2024-11-19,GNB,0.27045858
2024-11-20,GNB,0.30997974
2024-11-21,GNB,0.2817568
2024-11-22,GNB,0.25221664
2024-11-23,GNB,0.3271295
2024-11-24,GNB,0.3271295
2024-11-25,GNB,0.3271295
2024-11-26,GNB,0.40292576
2024-11-27,GNB,0.35994238
2024-11-28,GNB,0.32576525
2024-11-29,GNB,0.39189047
2024-11-30,GNB,0.34397963
2024-12-01,GNB,0.33769333
2024-12-02,GNB,0.3237739
2024-12-03,GNB,0.32618612
2024-12-04,GNB,0.32618612
2024-12-05,GNB,0.33176196
2024-12-06,GNB,0.33443326
2024-12-07,GNB,0.46896857
2024-12-08,GNB,0.46896857
2024-12-09,GNB,0.4745346
2024-12-10,GNB,0.48879495
2024-12-11,GNB,0.49454862
2024-12-12,GNB,0.4942725
2024-12-13,GNB,0.49174517
2024-12-14,GNB,0.5160904
2024-12-15,GNB,0.46646494
2024-12-16,GNB,0.4307625
2024-12-17,GNB,0.34745473
2024-12-18,GNB,0.34485343
2024-12-19,GNB,0.31705076
2024-12-20,GNB,0.30163988
2024-12-21,GNB,0.41018057
2024-12-22,GNB,0.37002647
2024-12-23,GNB,0.37002647
2024-12-24,GNB,0.37002647
2024-12-25,GNB,0.42105314
2024-12-26,GNB,0.4374355
2024-12-27,GNB,0.5188217
2024-12-28,GNB,0.547899
2024-12-29,GNB,0.5313044
2024-12-30,GNB,0.3613448
2024-12-31,GNB,0.26877585
2025-01-01,GNB,0.269274
2025-01-02,GNB,0.2773791
2025-01-03,GNB,0.2615744
2025-01-04,GNB,0.3174123
2025-01-05,GNB,0.3174123
2025-01-06,GNB,0.3174123
2025-01-07,GNB,0.34948626
2025-01-08,GNB,0.280977
2025-01-09,GNB,0.27269137
2025-01-10,GNB,0.23376116
2025-01-11,GNB,0.19487402
2025-01-12,GNB,0.19479418
2025-01-13,GNB,0.19479418
2025-01-14,GNB,0.21911088
2025-01-15,GNB,0.2536261
2025-01-16,GNB,0.22714397
2025-01-17,GNB,0.27617803
2025-01-18,GNB,0.28844127
2025-01-19,GNB,0.25741267
2025-01-20,GNB,0.23170039
2025-01-21,GNB,0.28047597
2025-01-22,GNB,0.27057856
2025-01-23,GNB,0.28520435
2025-01-24,GNB,0.26938868
2025-01-25,GNB,0.26474583
2025-01-26,GNB,0.31457824
2025-01-27,GNB,0.3341373
2025-01-28,GNB,0.3389313
2025-01-29,GNB,0.30185333
2025-01-30,GNB,0.30476433
2025-01-31,GNB,0.3318337
2025-02-01,GNB,0.37712836
2025-02-02,GNB,0.37712836
2025-02-03,GNB,0.37712836
2025-02-04,GNB,0.41870442
2025-02-05,GNB,0.39920264
2025-02-06,GNB,0.31316286
2025-02-07,GNB,0.42356074
2025-02-08,GNB,0.34288937
2025-02-09,GNB,0.3443361
2025-02-10,GNB,0.3507809
2025-02-11,GNB,0.27701473
2025-02-12,GNB,0.32469085
2025-02-13,GNB,0.31664094
2025-02-14,GNB,0.23017992
2025-02-15,GNB,0.24705893
2025-02-16,GNB,0.23954318
2025-02-17,GNB,0.23954318
2025-02-18,GNB,0.24529353
2025-02-19,GNB,0.2871219
2025-02-20,GNB,0.28019723
2025-02-21,GNB,0.30006814
2025-02-22,GNB,0.33960238
2025-02-23,GNB,0.365813
2025-02-24,GNB,0.365813
2025-02-25,GNB,0.3828157
2025-02-26,GNB,0.39143926
2025-02-27,GNB,0.37477413
2025-02-28,GNB,0.4140722
2025-03-01,GNB,0.3644694
2025-03-02,GNB,0.4194814
2025-03-03,GNB,0.40762794
2025-03-04,GNB,0.3569143
2025-03-05,GNB,0.33071446
2025-03-06,GNB,0.37979755
2025-03-07,GNB,0.31977007
2025-03-08,GNB,0.22997987
2025-03-09,GNB,0.22997987
2025-03-10,GNB,0.25608754
2025-03-11,GNB,0.36903745
2025-03-12,GNB,0.32709587
2025-03-13,GNB,0.3004858
2025-03-14,GNB,0.31783685
2025-03-15,GNB,0.300611
2025-03-16,GNB,0.36103347
2025-03-17,GNB,0.33268473
2025-03-18,GNB,0.39240333
2025-03-19,GNB,0.36779875
2025-03-20,GNB,0.38696903
2025-03-21,GNB,0.44421586
2025-03-22,GNB,0.42833778
2025-03-23,GNB,0.4168298
2025-03-24,GNB,0.40765464
2025-03-25,GNB,0.40959135
2025-03-26,GNB,0.3863037
2025-03-27,GNB,0.3328127
2025-03-28,GNB,0.29143575
2024-07-01,SEN,0.5507226
2024-07-02,SEN,0.5507226
2024-07-03,SEN,0.5450201
2024-07-04,SEN,0.5450201
2024-07-05,SEN,0.5450201
2024-07-06,SEN,0.5450201
2024-07-07,SEN,0.5450201
2024-07-08,SEN,0.5450201
2024-07-09,SEN,0.5794718
2024-07-10,SEN,0.5450201
2024-07-11,SEN,0.5450201
2024-07-12,SEN,0.5450201
2024-07-13,SEN,0.5507226
2024-07-14,SEN,0.5507226
2024-07-15,SEN,0.55518806
2024-07-16,SEN,0.55518806
2024-07-17,SEN,0.52708876
2024-07-18,SEN,0.5526896
2024-07-19,SEN,0.5526896
2024-07-20,SEN,0.57579046
2024-07-21,SEN,0.57579046
2024-07-22,SEN,0.46538058
2024-07-23,SEN,0.51658636
2024-07-24,SEN,0.5258874
2024-07-25,SEN,0.47554544
2024-07-26,SEN,0.46668035
2024-07-27,SEN,0.582755
2024-07-28,SEN,0.58324933
2024-07-29,SEN,0.58324933
2024-07-30,SEN,0.5333722
2024-07-31,SEN,0.5137005
2024-08-01,SEN,0.62156475
2024-08-02,SEN,0.5648724
2024-08-03,SEN,0.45971438
2024-08-04,SEN,0.48545304
2024-08-05,SEN,0.48545304
2024-08-06,SEN,0.4173562
2024-08-07,SEN,0.47101787
2024-08-08,SEN,0.44840682
2024-08-09,SEN,0.4194684
2024-08-10,SEN,0.6116385
2024-08-11,SEN,0.6116385
2024-08-12,SEN,0.6116385
2024-08-13,SEN,0.5835981
2024-08-14,SEN,0.6122363
2024-08-15,SEN,0.5992161
2024-08-16,SEN,0.5992161
2024-08-17,SEN,0.5430552
2024-08-18,SEN,0.5435596
2024-08-19,SEN,0.5435596
2024-08-20,SEN,0.5352647
2024-08-21,SEN,0.48937565
2024-08-22,SEN,0.5225541
2024-08-23,SEN,0.4713581
2024-08-24,SEN,0.47573873
2024-08-25,SEN,0.50420696
2024-08-26,SEN,0.50420696
2024-08-27,SEN,0.53381
2024-08-28,SEN,0.5764639
2024-08-29,SEN,0.5341419
2024-08-30,SEN,0.55995166
2024-08-31,SEN,0.57758844
2024-09-01,SEN,0.57758844
2024-09-02,SEN,0.57758844
2024-09-03,SEN,0.5709497
2024-09-04,SEN,0.43025333
2024-09-05,SEN,0.48101845
2024-09-06,SEN,0.4469221
2024-09-07,SEN,0.44955885
2024-09-08,SEN,0.47522902
2024-09-09,SEN,0.47522902
2024-09-10,SEN,0.49646103
2024-09-11,SEN,0.59247833
2024-09-12,SEN,0.5877049
2024-09-13,SEN,0.5897501
2024-09-14,SEN,0.57806134
2024-09-15,SEN,0.5778578
2024-09-16,SEN,0.5778578
2024-09-17,SEN,0.58019954
2024-09-18,SEN,0.5876251
2024-09-19,SEN,0.54066867
2024-09-20,SEN,0.5765494
2024-09-21,SEN,0.55735534
2024-09-22,SEN,0.5839759
2024-09-23,SEN,0.5839759
2024-09-24,SEN,0.57128215
2024-09-25,SEN,0.5754053
2024-09-26,SEN,0.5743866
2024-09-27,SEN,0.5692564
2024-09-28,SEN,0.50814724
2024-09-29,SEN,0.5339178
2024-09-30,SEN,0.5339178
2024-10-01,SEN,0.5363075
2024-10-02,SEN,0.4350199
2024-10-03,SEN,0.49436963
2024-10-04,SEN,0.44820976
2024-10-05,SEN,0.5354482
2024-10-06,SEN,0.5354482
2024-10-07,SEN,0.5354482
2024-10-08,SEN,0.46765488
2024-10-09,SEN,0.5284311
2024-10-10,SEN,0.5339416
2024-10-11,SEN,0.56413734
2024-10-12,SEN,0.5543776
2024-10-13,SEN,0.55487984
2024-10-14,SEN,0.55487984
2024-10-15,SEN,0.6152439
2024-10-16,SEN,0.56940216
2024-10-17,SEN,0.5860892
2024-10-18,SEN,0.60087466
2024-10-19,SEN,0.600387
2024-10-20,SEN,0.60087466
2024-10-21,SEN,0.60087466
2024-10-22,SEN,0.5794867
2024-10-23,SEN,0.5892167
2024-10-24,SEN,0.5624979
2024-10-25,SEN,0.5876956
2024-10-26,SEN,0.5425758
2024-10-27,SEN,0.5425758
2024-10-28,SEN,0.5425758
2024-10-29,SEN,0.53520274
2024-10-30,SEN,0.5479332
2024-10-31,SEN,0.55465037
2024-11-01,SEN,0.5034473
2024-11-02,SEN,0.55099326
2024-11-03,SEN,0.55099326
2024-11-04,SEN,0.55099326
2024-11-05,SEN,0.54455125
2024-11-06,SEN,0.5633219
2024-11-07,SEN,0.5580915
2024-11-08,SEN,0.6082981
2024-11-09,SEN,0.6018694
2024-11-10,SEN,0.6018694
2024-11-11,SEN,0.6018694
2024-11-12,SEN,0.54694736
2024-11-13,SEN,0.54694736
2024-11-14,SEN,0.5429609
2024-11-15,SEN,0.5154191
2024-11-16,SEN,0.35314956
2024-11-17,SEN,0.37708598
2024-11-18,SEN,0.37510693
2024-11-19,SEN,0.42247832
2024-11-20,SEN,0.4281051
2024-11-21,SEN,0.4281051
2024-11-22,SEN,0.41768906
2024-11-23,SEN,0.41358405
2024-11-24,SEN,0.41358405
2024-11-25,SEN,0.5390114
2024-11-26,SEN,0.55971354
2024-11-27,SEN,0.55971354
2024-11-28,SEN,0.55971354
2024-11-29,SEN,0.55971354
2024-11-30,SEN,0.5622038
2024-12-01,SEN,0.5565297
2024-12-02,SEN,0.5565297
2024-12-03,SEN,0.5565297
2024-12-04,SEN,0.5609834
2024-12-05,SEN,0.5565297
2024-12-06,SEN,0.5565297
2024-12-07,SEN,0.5524866
2024-12-08,SEN,0.5524866
2024-12-09,SEN,0.5581714
2024-12-10,SEN,0.5641604
2024-12-11,SEN,0.5641604
2024-12-12,SEN,0.566645
2024-12-13,SEN,0.5584917
2024-12-14,SEN,0.5568707
2024-12-15,SEN,0.5754058
2024-12-16,SEN,0.5754058
2024-12-17,SEN,0.54397845
2024-12-18,SEN,0.51233107
2024-12-19,SEN,0.3983865
2024-12-20,SEN,0.41798943
2024-12-21,SEN,0.44877502
2024-12-22,SEN,0.4667315
2024-12-23,SEN,0.4667315
2024-12-24,SEN,0.48772997
2024-12-25,SEN,0.597454
2024-12-26,SEN,0.6062636
2024-12-27,SEN,0.6028849
2024-12-28,SEN,0.5600988
2024-12-29,SEN,0.6018694
2024-12-30,SEN,0.6018694
2024-12-31,SEN,0.5371105
2025-01-01,SEN,0.45979035
2025-01-02,SEN,0.51484823
2025-01-03,SEN,0.45889097
2025-01-04,SEN,0.5525748
2025-01-05,SEN,0.5525748
2025-01-06,SEN,0.5525748
2025-01-07,SEN,0.56855327
2025-01-08,SEN,0.5377696
2025-01-09,SEN,0.5625346
2025-01-10,SEN,0.55699456
2025-01-11,SEN,0.3449764
2025-01-12,SEN,0.4075938
2025-01-13,SEN,0.4075938
2025-01-14,SEN,0.41326156
2025-01-15,SEN,0.42351872
2025-01-16,SEN,0.46677253
2025-01-17,SEN,0.43939078
2025-01-18,SEN,0.3962306
2025-01-19,SEN,0.3962306
2025-01-20,SEN,0.3962306
2025-01-21,SEN,0.3962306
2025-01-22,SEN,0.3962306
2025-01-23,SEN,0.39092088
2025-01-24,SEN,0.3962306
2025-01-25,SEN,0.35154632
2025-01-26,SEN,0.35154632
2025-01-27,SEN,0.35154632
2025-01-28,SEN,0.38563338
2025-01-29,SEN,0.37329194
2025-01-30,SEN,0.3876988
2025-01-31,SEN,0.38437945
2025-02-01,SEN,0.54355764
2025-02-02,SEN,0.54355764
2025-02-03,SEN,0.5586846
2025-02-04,SEN,0.523867
2025-02-05,SEN,0.5905896
2025-02-06,SEN,0.56546235
2025-02-07,SEN,0.62343365
2025-02-08,SEN,0.38830805
2025-02-09,SEN,0.4046756
2025-02-10,SEN,0.4046756
2025-02-11,SEN,0.41226912
2025-02-12,SEN,0.4195135
2025-02-13,SEN,0.39585027
2025-02-14,SEN,0.41146454
2025-02-15,SEN,0.4016367
2025-02-16,SEN,0.36849323
2025-02-17,SEN,0.36849323
2025-02-18,SEN,0.36333144
2025-02-19,SEN,0.3513745
2025-02-20,SEN,0.37103248
2025-02-21,SEN,0.35365376
2025-02-22,SEN,0.5093435
2025-02-23,SEN,0.5351087
2025-02-24,SEN,0.5569581
2025-02-25,SEN,0.54211444
2025-02-26,SEN,0.5105608
2025-02-27,SEN,0.5358923
2025-02-28,SEN,0.46883768
2025-03-01,SEN,0.4925586
2025-03-02,SEN,0.4925586
2025-03-03,SEN,0.4925586
2025-03-04,SEN,0.45843977
2025-03-05,SEN,0.505926
2025-03-06,SEN,0.5210171
2025-03-07,SEN,0.44321677
2025-03-08,SEN,0.46883324
2025-03-09,SEN,0.46883324
2025-03-10,SEN,0.46883324
2025-03-11,SEN,0.45221937
2025-03-12,SEN,0.44886118
2025-03-13,SEN,0.43614617
2025-03-14,SEN,0.5722001
2025-03-15,SEN,0.6053053
2025-03-16,SEN,0.6053053
2025-03-17,SEN,0.6053053
2025-03-18,SEN,0.60370696
2025-03-19,SEN,0.5867371
2025-03-20,SEN,0.6155052
2025-03-21,SEN,0.6155052
2025-03-22,SEN,0.61401963
2025-03-23,SEN,0.61401963
2025-03-24,SEN,0.61401963
2025-03-25,SEN,0.6247576
2025-03-26,SEN,0.61401963
2025-03-27,SEN,0.58733004
2025-03-28,SEN,0.6012146
2024-07-01,CIV,0.5683435
2024-07-02,CIV,0.57679605
2024-07-03,CIV,0.5683435
2024-07-04,CIV,0.22494535
2024-07-05,CIV,0.21656401
2024-07-06,CIV,0.21656401
2024-07-07,CIV,0.22076055
2024-07-08,CIV,0.22076055
2024-07-09,CIV,0.22076055
2024-07-10,CIV,0.22076055
2024-07-11,CIV,0.5547419
2024-07-12,CIV,0.57450044
2024-07-13,CIV,0.56148773
2024-07-14,CIV,0.56148773
2024-07-15,CIV,0.46667135
2024-07-16,CIV,0.470388
2024-07-17,CIV,0.45654017
2024-07-18,CIV,0.4380218
2024-07-19,CIV,0.44637617
2024-07-20,CIV,0.2998765
2024-07-21,CIV,0.29506555
2024-07-22,CIV,0.30776247
2024-07-23,CIV,0.31245723
2024-07-24,CIV,0.32551852
2024-07-25,CIV,0.3174241
2024-07-26,CIV,0.31268865
2024-07-27,CIV,0.6799404
2024-07-28,CIV,0.6706654
2024-07-29,CIV,0.65924793
2024-07-30,CIV,0.6799404
2024-07-31,CIV,0.6723778
2024-08-01,CIV,0.6723778
2024-08-02,CIV,0.6723778
2024-08-03,CIV,0.63740295
2024-08-04,CIV,0.63740295
2024-08-05,CIV,0.56361014
2024-08-06,CIV,0.5647534
2024-08-07,CIV,0.56770694
2024-08-08,CIV,0.56770694
2024-08-09,CIV,0.5808997
2024-08-10,CIV,0.62953883
2024-08-11,CIV,0.62953883
2024-08-12,CIV,0.62953883
2024-08-13,CIV,0.62953883
2024-08-14,CIV,0.62953883
2024-08-15,CIV,0.62953883
2024-08-16,CIV,0.5928903
2024-08-17,CIV,0.5899429
2024-08-18,CIV,0.5899429
2024-08-19,CIV,0.5681894
2024-08-20,CIV,0.4762779
2024-08-21,CIV,0.47805178
2024-08-22,CIV,0.49731594
2024-08-23,CIV,0.39579788
2024-08-24,CIV,0.3611435
2024-08-25,CIV,0.43623215
2024-08-26,CIV,0.43623215
2024-08-27,CIV,0.40149435
2024-08-28,CIV,0.53922653
2024-08-29,CIV,0.4507951
2024-08-30,CIV,0.44781974
2024-08-31,CIV,0.4258548
2024-09-01,CIV,0.4202508
2024-09-02,CIV,0.4258548
2024-09-03,CIV,0.43122873
2024-09-04,CIV,0.44035307
2024-09-05,CIV,0.552802
2024-09-06,CIV,0.552802
2024-09-07,CIV,0.5477314
2024-09-08,CIV,0.5477314
2024-09-09,CIV,0.54230535
2024-09-10,CIV,0.57352185
2024-09-11,CIV,0.58224344
2024-09-12,CIV,0.5906199
2024-09-13,CIV,0.6001085
2024-09-14,CIV,0.60615444
2024-09-15,CIV,0.60615444
2024-09-16,CIV,0.60615444
2024-09-17,CIV,0.5907071
2024-09-18,CIV,0.5823405
2024-09-19,CIV,0.56927925
2024-09-20,CIV,0.56927925
2024-09-21,CIV,0.56927925
2024-09-22,CIV,0.56927925
2024-09-23,CIV,0.56927925
2024-09-24,CIV,0.5795425
2024-09-25,CIV,0.56927925
2024-09-26,CIV,0.22964089
2024-09-27,CIV,0.22964089
2024-09-28,CIV,0.22596951
2024-09-29,CIV,0.22596951
2024-09-30,CIV,0.22596951
2024-10-01,CIV,0.23112851
2024-10-02,CIV,0.23305501
2024-10-03,CIV,0.5792479
2024-10-04,CIV,0.5812605
2024-10-05,CIV,0.5812605
2024-10-06,CIV,0.2566429
2024-10-07,CIV,0.30254188
2024-10-08,CIV,0.30254188
2024-10-09,CIV,0.30254188
2024-10-10,CIV,0.29085216
2024-10-11,CIV,0.29085216
2024-10-12,CIV,0.3221829
2024-10-13,CIV,0.6297808
2024-10-14,CIV,0.6297808
2024-10-15,CIV,0.6297808
2024-10-16,CIV,0.6297808
2024-10-17,CIV,0.6297808
2024-10-18,CIV,0.6297808
2024-10-19,CIV,0.7203771
2024-10-20,CIV,0.7203771
2024-10-21,CIV,0.66006356
2024-10-22,CIV,0.66006356
2024-10-23,CIV,0.6584229
2024-10-24,CIV,0.66006356
2024-10-25,CIV,0.6584229
2024-10-26,CIV,0.5494753
2024-10-27,CIV,0.5494753
2024-10-28,CIV,0.6667132
2024-10-29,CIV,0.66049397
2024-10-30,CIV,0.59494174
2024-10-31,CIV,0.58939683
2024-11-01,CIV,0.59494174
2024-11-02,CIV,0.59494174
2024-11-03,CIV,0.59494174
2024-11-04,CIV,0.58939683
2024-11-05,CIV,0.49786115
2024-11-06,CIV,0.48331937
2024-11-07,CIV,0.5287962
2024-11-08,CIV,0.5287962
2024-11-09,CIV,0.39479205
2024-11-10,CIV,0.40359488
2024-11-11,CIV,0.40814126
2024-11-12,CIV,0.40814126
2024-11-13,CIV,0.40814126
2024-11-14,CIV,0.40814126
2024-11-15,CIV,0.40814126
2024-11-16,CIV,0.6417283
2024-11-17,CIV,0.6417283
2024-11-18,CIV,0.6417283
2024-11-19,CIV,0.6417283
2024-11-20,CIV,0.6417283
2024-11-21,CIV,0.6417283
2024-11-22,CIV,0.6417283
2024-11-23,CIV,0.66461384
2024-11-24,CIV,0.6817358
2024-11-25,CIV,0.65166193
2024-11-26,CIV,0.6490484
2024-11-27,CIV,0.67923695
2024-11-28,CIV,0.6490484
2024-11-29,CIV,0.6300043
2024-11-30,CIV,0.6217168
2024-12-01,CIV,0.6217168
2024-12-02,CIV,0.6217168
2024-12-03,CIV,0.6217168
2024-12-04,CIV,0.6026421
2024-12-05,CIV,0.6026421
2024-12-06,CIV,0.6026421
2024-12-07,CIV,0.63235813
2024-12-08,CIV,0.63235813
2024-12-09,CIV,0.32140872
2024-12-10,CIV,0.25466764
2024-12-11,CIV,0.25466764
2024-12-12,CIV,0.25557834
2024-12-13,CIV,0.25466764
2024-12-14,CIV,0.242431
2024-12-15,CIV,0.242431
2024-12-16,CIV,0.5816139
2024-12-17,CIV,0.56925064
2024-12-18,CIV,0.5664302
2024-12-19,CIV,0.5786697
2024-12-20,CIV,0.5540809
2024-12-21,CIV,0.5471576
2024-12-22,CIV,0.5471576
2024-12-23,CIV,0.5471576
2024-12-24,CIV,0.5471576
2024-12-25,CIV,0.52717435
2024-12-26,CIV,0.52717435
2024-12-27,CIV,0.46787
2024-12-28,CIV,0.47736385
2024-12-29,CIV,0.53700185
2024-12-30,CIV,0.41715756
2024-12-31,CIV,0.41715756
2025-01-01,CIV,0.43613687
2025-01-02,CIV,0.42984903
2025-01-03,CIV,0.46450073
2025-01-04,CIV,0.4235849
2025-01-05,CIV,0.4235849
2025-01-06,CIV,0.2916084
2025-01-07,CIV,0.30177528
2025-01-08,CIV,0.2631783
2025-01-09,CIV,0.27433223
2025-01-10,CIV,0.30280918
2025-01-11,CIV,0.30646652
2025-01-12,CIV,0.30646652
2025-01-13,CIV,0.5400543
2025-01-14,CIV,0.5345531
2025-01-15,CIV,0.49741504
2025-01-16,CIV,0.4865813
2025-01-17,CIV,0.5071451
2025-01-18,CIV,0.49178794
2025-01-19,CIV,0.49353433
2025-01-20,CIV,0.50689477
2025-01-21,CIV,0.50689477
2025-01-22,CIV,0.5107656
2025-01-23,CIV,0.50689477
2025-01-24,CIV,0.56423813
2025-01-25,CIV,0.55000955
2025-01-26,CIV,0.54790455
2025-01-27,CIV,0.52279764
2025-01-28,CIV,0.5804546
2025-01-29,CIV,0.58834636
2025-01-30,CIV,0.5827746
2025-01-31,CIV,0.55564475
2025-02-01,CIV,0.5533837
2025-02-02,CIV,0.5468406
2025-02-03,CIV,0.55522
2025-02-04,CIV,0.6001065
2025-02-05,CIV,0.48309475
2025-02-06,CIV,0.4593955
2025-02-07,CIV,0.5031852
2025-02-08,CIV,0.4917817
2025-02-09,CIV,0.4917817
2025-02-10,CIV,0.3865064
2025-02-11,CIV,0.42626587
2025-02-12,CIV,0.3865064
2025-02-13,CIV,0.4036961
2025-02-14,CIV,0.43705672
2025-02-15,CIV,0.5406814
2025-02-16,CIV,0.55916727
2025-02-17,CIV,0.55916727
2025-02-18,CIV,0.55916727
2025-02-19,CIV,0.55916727
2025-02-20,CIV,0.55916727
2025-02-21,CIV,0.5492461
2025-02-22,CIV,0.4415823
2025-02-23,CIV,0.26091915
2025-02-24,CIV,0.26091915
2025-02-25,CIV,0.26091915
2025-02-26,CIV,0.27919358
2025-02-27,CIV,0.2701701
2025-02-28,CIV,0.2454078
2025-03-01,CIV,0.22144382
2025-03-02,CIV,0.47736537
2025-03-03,CIV,0.42593884
2025-03-04,CIV,0.4444275
2025-03-05,CIV,0.4444275
2025-03-06,CIV,0.4444275
2025-03-07,CIV,0.4444275
2025-03-08,CIV,0.4444275
2025-03-09,CIV,0.46957743
2025-03-10,CIV,0.47553927
2025-03-11,CIV,0.47553927
2025-03-12,CIV,0.51982474
2025-03-13,CIV,0.47553927
2025-03-14,CIV,0.47571662
2025-03-15,CIV,0.47571662
2025-03-16,CIV,0.47571662
2025-03-17,CIV,0.49170095
2025-03-18,CIV,0.5167705
2025-03-19,CIV,0.5514446
2025-03-20,CIV,0.57484305
2025-03-21,CIV,0.57484305
2025-03-22,CIV,0.35104507
2025-03-23,CIV,0.35104507
2025-03-24,CIV,0.35104507
2025-03-25,CIV,0.32159492
2025-03-26,CIV,0.32159492
2025-03-27,CIV,0.3103311
2025-03-28,CIV,0.31825414
2024-07-01,SLE,0.2671067
2024-07-02,SLE,0.28221104
2024-07-03,SLE,0.2671067
2024-07-04,SLE,0.27570298
2024-07-05,SLE,0.2740824
2024-07-06,SLE,0.28645393
2024-07-07,SLE,0.2773147
2024-07-08,SLE,0.26003632
2024-07-09,SLE,0.2566938
2024-07-10,SLE,0.25208083
2024-07-11,SLE,0.23807201
2024-07-12,SLE,0.2714474
2024-07-13,SLE,0.24251176
2024-07-14,SLE,0.2566938
2024-07-15,SLE,0.2566938
2024-07-16,SLE,0.2775186
2024-07-17,SLE,0.2611051
2024-07-18,SLE,0.32257447
2024-07-19,SLE,0.24788873
2024-07-20,SLE,0.27497634
2024-07-21,SLE,0.25775337
2024-07-22,SLE,0.29507345
2024-07-23,SLE,0.33558184
2024-07-24,SLE,0.28418195
2024-07-25,SLE,0.24128258
2024-07-26,SLE,0.22162502
2024-07-27,SLE,0.27773762
2024-07-28,SLE,0.2926213
2024-07-29,SLE,0.2955629
2024-07-30,SLE,0.2383152
2024-07-31,SLE,0.1809716
2024-08-01,SLE,0.24006465
2024-08-02,SLE,0.2607312
2024-08-03,SLE,0.23200864
2024-08-04,SLE,0.22397225
2024-08-05,SLE,0.25302488
2024-08-06,SLE,0.2432961
2024-08-07,SLE,0.25057775
2024-08-08,SLE,0.24284723
2024-08-09,SLE,0.219184
2024-08-10,SLE,0.32342505
2024-08-11,SLE,0.31214446
2024-08-12,SLE,0.31929243
2024-08-13,SLE,0.37301463
2024-08-14,SLE,0.3777025
2024-08-15,SLE,0.33191285
2024-08-16,SLE,0.31217244
2024-08-17,SLE,0.33647153
2024-08-18,SLE,0.25434414
2024-08-19,SLE,0.3298112
2024-08-20,SLE,0.2737922
2024-08-21,SLE,0.26321605
2024-08-22,SLE,0.40076715
2024-08-23,SLE,0.2305991
2024-08-24,SLE,0.22432418
2024-08-25,SLE,0.26896238
2024-08-26,SLE,0.26896238
2024-08-27,SLE,0.2616102
2024-08-28,SLE,0.29354906
2024-08-29,SLE,0.2690077
2024-08-30,SLE,0.44075382
2024-08-31,SLE,0.43812823
2024-09-01,SLE,0.43812823
2024-09-02,SLE,0.43812823
2024-09-03,SLE,0.43145505
2024-09-04,SLE,0.31050524
2024-09-05,SLE,0.34288952
2024-09-06,SLE,0.36107752
2024-09-07,SLE,0.39691544
2024-09-08,SLE,0.39781624
2024-09-09,SLE,0.35307473
2024-09-10,SLE,0.36284345
2024-09-11,SLE,0.49257782
2024-09-12,SLE,0.3520275
2024-09-13,SLE,0.3467576
2024-09-14,SLE,0.35912243
2024-09-15,SLE,0.33485904
2024-09-16,SLE,0.34637243
2024-09-17,SLE,0.286383
2024-09-18,SLE,0.42828354
2024-09-19,SLE,0.37974572
2024-09-20,SLE,0.44198376
2024-09-21,SLE,0.45096368
2024-09-22,SLE,0.34514794
2024-09-23,SLE,0.31395823
2024-09-24,SLE,0.3450811
2024-09-25,SLE,0.4237985
2024-09-26,SLE,0.49816594
2024-09-27,SLE,0.43807584
2024-09-28,SLE,0.37880367
2024-09-29,SLE,0.31294912
2024-09-30,SLE,0.31294912
2024-10-01,SLE,0.3507617
2024-10-02,SLE,0.24860008
2024-10-03,SLE,0.32178643
2024-10-04,SLE,0.2774002
2024-10-05,SLE,0.35685018
2024-10-06,SLE,0.38684455
2024-10-07,SLE,0.4104886
2024-10-08,SLE,0.31832233
2024-10-09,SLE,0.3879557
2024-10-10,SLE,0.3586929
2024-10-11,SLE,0.3819581
2024-10-12,SLE,0.37676492
2024-10-13,SLE,0.3974484
2024-10-14,SLE,0.3974484
2024-10-15,SLE,0.43124717
2024-10-16,SLE,0.39189902
2024-10-17,SLE,0.3800232
2024-10-18,SLE,0.34511048
2024-10-19,SLE,0.3616467
2024-10-20,SLE,0.38197598
2024-10-21,SLE,0.36559278
2024-10-22,SLE,0.34786746
2024-10-23,SLE,0.32030624
2024-10-24,SLE,0.36078906
2024-10-25,SLE,0.34093386
2024-10-26,SLE,0.30283985
2024-10-27,SLE,0.3160763
2024-10-28,SLE,0.33352846
2024-10-29,SLE,0.3512021
2024-10-30,SLE,0.41121408
2024-10-31,SLE,0.35764202
2024-11-01,SLE,0.3409441
2024-11-02,SLE,0.3655728
2024-11-03,SLE,0.42728314
2024-11-04,SLE,0.38054252
2024-11-05,SLE,0.40051755
2024-11-06,SLE,0.36208066
2024-11-07,SLE,0.34697914
2024-11-08,SLE,0.43099228
2024-11-09,SLE,0.4381448
2024-11-10,SLE,0.43999922
2024-11-11,SLE,0.4370375
2024-11-12,SLE,0.37506607
2024-11-13,SLE,0.42030552
2024-11-14,SLE,0.3391811
2024-11-15,SLE,0.3635018
2024-11-16,SLE,0.3312858
2024-11-17,SLE,0.3311047
2024-11-18,SLE,0.3311047
2024-11-19,SLE,0.37387466
2024-11-20,SLE,0.37264776
2024-11-21,SLE,0.28363156
2024-11-22,SLE,0.27186796
2024-11-23,SLE,0.31708282
2024-11-24,SLE,0.36902308
2024-11-25,SLE,0.36902308
2024-11-26,SLE,0.4619529
2024-11-27,SLE,0.43285406
2024-11-28,SLE,0.3431174
2024-11-29,SLE,0.38089743
2024-11-30,SLE,0.32150954
2024-12-01,SLE,0.34319678
2024-12-02,SLE,0.35776693
2024-12-03,SLE,0.37692663
2024-12-04,SLE,0.21582879
2024-12-05,SLE,0.22202112
2024-12-06,SLE,0.23737276
2024-12-07,SLE,0.2863884
2024-12-08,SLE,0.2863884
2024-12-09,SLE,0.2943418
2024-12-10,SLE,0.27124554
2024-12-11,SLE,0.55102473
2024-12-12,SLE,0.5581744
2024-12-13,SLE,0.5567132
2024-12-14,SLE,0.63050383
2024-12-15,SLE,0.63050383
2024-12-16,SLE,0.63415813
2024-12-17,SLE,0.64250976
2024-12-18,SLE,0.6421361
2024-12-19,SLE,0.64477295
2024-12-20,SLE,0.64381266
2024-12-21,SLE,0.6421361
2024-12-22,SLE,0.6421361
2024-12-23,SLE,0.64381266
2024-12-24,SLE,0.6421361
2024-12-25,SLE,0.6421361
2024-12-26,SLE,0.6421361
2024-12-27,SLE,0.6309763
2024-12-28,SLE,0.6464439
2024-12-29,SLE,0.64477295
2024-12-30,SLE,0.6464439
2024-12-31,SLE,0.6411647
2025-01-01,SLE,0.6420139
2025-01-02,SLE,0.6420139
2025-01-03,SLE,0.53645563
2025-01-04,SLE,0.5205062
2025-01-05,SLE,0.53645563
2025-01-06,SLE,0.38332206
2025-01-07,SLE,0.37701765
2025-01-08,SLE,0.3685492
2025-01-09,SLE,0.3845672
2025-01-10,SLE,0.35522425
2025-01-11,SLE,0.2839179
2025-01-12,SLE,0.2758001
2025-01-13,SLE,0.2758001
2025-01-14,SLE,0.31978887
2025-01-15,SLE,0.3092592
2025-01-16,SLE,0.27565092
2025-01-17,SLE,0.30033192
2025-01-18,SLE,0.25346705
2025-01-19,SLE,0.25909835
2025-01-20,SLE,0.2669671
2025-01-21,SLE,0.3263728
2025-01-22,SLE,0.3001845
2025-01-23,SLE,0.29346508
2025-01-24,SLE,0.24158834
2025-01-25,SLE,0.25277677
2025-01-26,SLE,0.24135989
2025-01-27,SLE,0.22391409
2025-01-28,SLE,0.25545385
2025-01-29,SLE,0.25764987
2025-01-30,SLE,0.2837196
2025-01-31,SLE,0.27303752
2025-02-01,SLE,0.34026447
2025-02-02,SLE,0.34026447
2025-02-03,SLE,0.34026447
2025-02-04,SLE,0.38790312
2025-02-05,SLE,0.38957357
2025-02-06,SLE,0.37723032
2025-02-07,SLE,0.32673922
2025-02-08,SLE,0.22913784
2025-02-09,SLE,0.28238967
2025-02-10,SLE,0.26853585
2025-02-11,SLE,0.34053937
2025-02-12,SLE,0.2780561
2025-02-13,SLE,0.2769804
2025-02-14,SLE,0.34438148
2025-02-15,SLE,0.28766808
2025-02-16,SLE,0.22561423
2025-02-17,SLE,0.2843674
2025-02-18,SLE,0.25519094
2025-02-19,SLE,0.25519094
2025-02-20,SLE,0.2595834
2025-02-21,SLE,0.2595834
2025-02-22,SLE,0.2595834
2025-02-23,SLE,0.2595834
2025-02-24,SLE,0.50382864
2025-02-25,SLE,0.50698435
2025-02-26,SLE,0.49778122
2025-02-27,SLE,0.49778122
2025-02-28,SLE,0.50683457
2025-03-01,SLE,0.44986087
2025-03-02,SLE,0.4853927
2025-03-03,SLE,0.5435507
2025-03-04,SLE,0.5383107
2025-03-05,SLE,0.5450276
2025-03-06,SLE,0.47556645
2025-03-07,SLE,0.5039202
2025-03-08,SLE,0.47256833
2025-03-09,SLE,0.55518943
2025-03-10,SLE,0.55518943
2025-03-11,SLE,0.558157
2025-03-12,SLE,0.539953
2025-03-13,SLE,0.539953
2025-03-14,SLE,0.5727243
2025-03-15,SLE,0.54176664
2025-03-16,SLE,0.5670815
2025-03-17,SLE,0.5727243
2025-03-18,SLE,0.5162503
2025-03-19,SLE,0.3313117
2025-03-20,SLE,0.3324658
2025-03-21,SLE,0.3415335
2025-03-22,SLE,0.3886441
2025-03-23,SLE,0.35731718
2025-03-24,SLE,0.36335698
2025-03-25,SLE,0.3797329
2025-03-26,SLE,0.34807006
2025-03-27,SLE,0.33093
2025-03-28,SLE,0.36340636
2024-07-01,TGO,0.34929344
2024-07-02,TGO,0.31353825
2024-07-03,TGO,0.31353825
2024-07-04,TGO,0.30119583
2024-07-05,TGO,0.35784146
2024-07-06,TGO,0.3446306
2024-07-07,TGO,0.327432
2024-07-08,TGO,0.3134404
2024-07-09,TGO,0.7143457
2024-07-10,TGO,0.7143457
2024-07-11,TGO,0.7143457
2024-07-12,TGO,0.7143457
2024-07-13,TGO,0.7143457
2024-07-14,TGO,0.7354728
2024-07-15,TGO,0.7354728
2024-07-16,TGO,0.74143875
2024-07-17,TGO,0.73027766
2024-07-18,TGO,0.6996367
2024-07-19,TGO,0.6814395
2024-07-20,TGO,0.6970044
2024-07-21,TGO,0.734377
2024-07-22,TGO,0.7440391
2024-07-23,TGO,0.74542755
2024-07-24,TGO,0.72624916
2024-07-25,TGO,0.74542755
2024-07-26,TGO,0.6277056
2024-07-27,TGO,0.16502468
2024-07-28,TGO,0.15002282
2024-07-29,TGO,0.15669821
2024-07-30,TGO,0.14489712
2024-07-31,TGO,0.16006799
2024-08-01,TGO,0.18093723
2024-08-02,TGO,0.15342948
2024-08-03,TGO,0.5077081
2024-08-04,TGO,0.5077081
2024-08-05,TGO,0.5077081
2024-08-06,TGO,0.5077081
2024-08-07,TGO,0.47872084
2024-08-08,TGO,0.47872084
2024-08-09,TGO,0.61139345
2024-08-10,TGO,0.5929328
2024-08-11,TGO,0.5929328
2024-08-12,TGO,0.5929328
2024-08-13,TGO,0.40303323
2024-08-14,TGO,0.43720856
2024-08-15,TGO,0.40303323
2024-08-16,TGO,0.44677034
2024-08-17,TGO,0.43875262
2024-08-18,TGO,0.43875262
2024-08-19,TGO,0.43875262
2024-08-20,TGO,0.667376
2024-08-21,TGO,0.68891215
2024-08-22,TGO,0.7032552
2024-08-23,TGO,0.69435203
2024-08-24,TGO,0.6969345
2024-08-25,TGO,0.68695694
2024-08-26,TGO,0.55723476
2024-08-27,TGO,0.6011871
2024-08-28,TGO,0.6011871
2024-08-29,TGO,0.6474383
2024-08-30,TGO,0.6474383
2024-08-31,TGO,0.62459546
2024-09-01,TGO,0.6063564
2024-09-02,TGO,0.6063564
2024-09-03,TGO,0.6046118
2024-09-04,TGO,0.57548046
2024-09-05,TGO,0.59939504
2024-09-06,TGO,0.589196
2024-09-07,TGO,0.5651144
2024-09-08,TGO,0.59939504
2024-09-09,TGO,0.59939504
2024-09-10,TGO,0.59650415
2024-09-11,TGO,0.58235496
2024-09-12,TGO,0.46258965
2024-09-13,TGO,0.43626627
2024-09-14,TGO,0.4289161
2024-09-15,TGO,0.40090474
2024-09-16,TGO,0.5140609
2024-09-17,TGO,0.50038743
2024-09-18,TGO,0.47951978
2024-09-19,TGO,0.45114684
2024-09-20,TGO,0.48017284
2024-09-21,TGO,0.37051684
2024-09-22,TGO,0.39561102
2024-09-23,TGO,0.38788298
2024-09-24,TGO,0.43121287
2024-09-25,TGO,0.37971213
2024-09-26,TGO,0.42882484
2024-09-27,TGO,0.3815399
2024-09-28,TGO,0.34028336
2024-09-29,TGO,0.34570694
2024-09-30,TGO,0.3030266
2024-10-01,TGO,0.33168235
2024-10-02,TGO,0.36796492
2024-10-03,TGO,0.3585589
2024-10-04,TGO,0.36561838
2024-10-05,TGO,0.40899536
2024-10-06,TGO,0.37583315
2024-10-07,TGO,0.47634128
2024-10-08,TGO,0.489042
2024-10-09,TGO,0.17032129
2024-10-10,TGO,0.15431151
2024-10-11,TGO,0.17032129
2024-10-12,TGO,0.17771102
2024-10-13,TGO,0.17771102
2024-10-14,TGO,0.19204551
2024-10-15,TGO,0.21981758
2024-10-16,TGO,0.5635635
2024-10-17,TGO,0.5831063
2024-10-18,TGO,0.58766836
2024-10-19,TGO,0.5692056
2024-10-20,TGO,0.5932238
2024-10-21,TGO,0.5932238
2024-10-22,TGO,0.58087206
2024-10-23,TGO,0.6094417
2024-10-24,TGO,0.6063762
2024-10-25,TGO,0.5341023
2024-10-26,TGO,0.49008387
2024-10-27,TGO,0.49008387
2024-10-28,TGO,0.49008387
2024-10-29,TGO,0.5066152
2024-10-30,TGO,0.50495446
2024-10-31,TGO,0.49526218
2024-11-01,TGO,0.3152419
2024-11-02,TGO,0.3152419
2024-11-03,TGO,0.3152419
2024-11-04,TGO,0.3152419
2024-11-05,TGO,0.32608294
2024-11-06,TGO,0.32214847
2024-11-07,TGO,0.3152419
2024-11-08,TGO,0.6515986
2024-11-09,TGO,0.61261344
2024-11-10,TGO,0.64895225
2024-11-11,TGO,0.5942983
2024-11-12,TGO,0.5942983
2024-11-13,TGO,0.5942983
2024-11-14,TGO,0.5942983
2024-11-15,TGO,0.59941065
2024-11-16,TGO,0.3367597
2024-11-17,TGO,0.3238771
2024-11-18,TGO,0.3367597
2024-11-19,TGO,0.3367597
2024-11-20,TGO,0.3367597
2024-11-21,TGO,0.32044056
2024-11-22,TGO,0.32546538
2024-11-23,TGO,0.69830674
2024-11-24,TGO,0.69830674
2024-11-25,TGO,0.6811132
2024-11-26,TGO,0.6200902
2024-11-27,TGO,0.6156387
2024-11-28,TGO,0.6200902
2024-11-29,TGO,0.6200902
2024-11-30,TGO,0.6212185
2024-12-01,TGO,0.5906191
2024-12-02,TGO,0.5906191
2024-12-03,TGO,0.70262575
2024-12-04,TGO,0.72909486
2024-12-05,TGO,0.67527884
2024-12-06,TGO,0.69653606
2024-12-07,TGO,0.7054025
2024-12-08,TGO,0.7162488
2024-12-09,TGO,0.73734105
2024-12-10,TGO,0.7502617
2024-12-11,TGO,0.7355642
2024-12-12,TGO,0.73752624
2024-12-13,TGO,0.7355642
2024-12-14,TGO,0.7377937
2024-12-15,TGO,0.7265333
2024-12-16,TGO,0.60954595
2024-12-17,TGO,0.60954595
2024-12-18,TGO,0.58115184
2024-12-19,TGO,0.6186742
2024-12-20,TGO,0.6068072
2024-12-21,TGO,0.5850166
2024-12-22,TGO,0.65619934
2024-12-23,TGO,0.65619934
2024-12-24,TGO,0.6318113
2024-12-25,TGO,0.6318113
2024-12-26,TGO,0.4666403
2024-12-27,TGO,0.36832017
2024-12-28,TGO,0.34933397
2024-12-29,TGO,0.4213571
2024-12-30,TGO,0.4213571
2024-12-31,TGO,0.38959557
2025-01-01,TGO,0.3252921
2025-01-02,TGO,0.39340603
2025-01-03,TGO,0.35904443
2025-01-04,TGO,0.43987215
2025-01-05,TGO,0.43190786
2025-01-06,TGO,0.39402768
2025-01-07,TGO,0.34893098
2025-01-08,TGO,0.28957042
2025-01-09,TGO,0.38751662
2025-01-10,TGO,0.37292278
2025-01-11,TGO,0.20086487
2025-01-12,TGO,0.24975419
2025-01-13,TGO,0.23360199
2025-01-14,TGO,0.25001708
2025-01-15,TGO,0.2646889
2025-01-16,TGO,0.2360849
2025-01-17,TGO,0.23126282
2025-01-18,TGO,0.26928607
2025-01-19,TGO,0.40924323
2025-01-20,TGO,0.41482034
2025-01-21,TGO,0.41482034
2025-01-22,TGO,0.37141925
2025-01-23,TGO,0.35467222
2025-01-24,TGO,0.35467222
2025-01-25,TGO,0.35467222
2025-01-26,TGO,0.3037612
2025-01-27,TGO,0.3037612
2025-01-28,TGO,0.3037612
2025-01-29,TGO,0.3037612
2025-01-30,TGO,0.3037612
2025-01-31,TGO,0.3037612
2025-02-01,TGO,0.31349424
2025-02-02,TGO,0.581637
2025-02-03,TGO,0.54477525
2025-02-04,TGO,0.5676008
2025-02-05,TGO,0.59350556
2025-02-06,TGO,0.5835118
2025-02-07,TGO,0.60728276
2025-02-08,TGO,0.59459263
2025-02-09,TGO,0.61526585
2025-02-10,TGO,0.6169931
2025-02-11,TGO,0.61153847
2025-02-12,TGO,0.61153847
2025-02-13,TGO,0.5872277
2025-02-14,TGO,0.6163858
2025-02-15,TGO,0.6163858
2025-02-16,TGO,0.6163858
2025-02-17,TGO,0.61092794
2025-02-18,TGO,0.50940347
2025-02-19,TGO,0.5508851
2025-02-20,TGO,0.52190405
2025-02-21,TGO,0.52332777
2025-02-22,TGO,0.5133981
2025-02-23,TGO,0.5211
2025-02-24,TGO,0.5500877
2025-02-25,TGO,0.35732976
2025-02-26,TGO,0.30057645
2025-02-27,TGO,0.31755897
2025-02-28,TGO,0.26250494
2025-03-01,TGO,0.25980031
2025-03-02,TGO,0.25833657
2025-03-03,TGO,0.3183024
2025-03-04,TGO,0.32517704
2025-03-05,TGO,0.34154224
2025-03-06,TGO,0.35066053
2025-03-07,TGO,0.34165758
2025-03-08,TGO,0.35201558
2025-03-09,TGO,0.41939414
2025-03-10,TGO,0.38910654
2025-03-11,TGO,0.3519556
2025-03-12,TGO,0.34583887
2025-03-13,TGO,0.3282254
2025-03-14,TGO,0.39854968
2025-03-15,TGO,0.41887242
2025-03-16,TGO,0.43130934
2025-03-17,TGO,0.38372943
2025-03-18,TGO,0.38831934
2025-03-19,TGO,0.37189752
2025-03-20,TGO,0.4268949
2025-03-21,TGO,0.43685266
2025-03-22,TGO,0.4722539
2025-03-23,TGO,0.4722539
2025-03-24,TGO,0.49625024
2025-03-25,TGO,0.49625024
2025-03-26,TGO,0.4822398
2025-03-27,TGO,0.45216653
2025-03-28,TGO,0.44571468
2024-07-01,COD,0.42512175
2024-07-02,COD,0.4545144
2024-07-03,COD,0.5061259
2024-07-04,COD,0.30763903
2024-07-05,COD,0.3926717
2024-07-06,COD,0.3397047
2024-07-07,COD,0.31475428
2024-07-08,COD,0.31107256
2024-07-09,COD,0.29609492
2024-07-10,COD,0.28591642
2024-07-11,COD,0.4840038
2024-07-12,COD,0.50481844
2024-07-13,COD,0.53530896
2024-07-14,COD,0.53530896
2024-07-15,COD,0.5608846
2024-07-16,COD,0.58430284
2024-07-17,COD,0.62156993
2024-07-18,COD,0.49595824
2024-07-19,COD,0.54269326
2024-07-20,COD,0.18888846
2024-07-21,COD,0.17918912
2024-07-22,COD,0.18635236
2024-07-23,COD,0.17794819
2024-07-24,COD,0.13850246
2024-07-25,COD,0.1554352
2024-07-26,COD,0.15202506
2024-07-27,COD,0.3490827
2024-07-28,COD,0.3490827
2024-07-29,COD,0.34049705
2024-07-30,COD,0.30053267
2024-07-31,COD,0.13161837
2024-08-01,COD,0.13122128
2024-08-02,COD,0.12586027
2024-08-03,COD,0.14783093
2024-08-04,COD,0.13340569
2024-08-05,COD,0.13012272
2024-08-06,COD,0.14425206
2024-08-07,COD,0.40431577
2024-08-08,COD,0.4599594
2024-08-09,COD,0.43386263
2024-08-10,COD,0.48896402
2024-08-11,COD,0.52334684
2024-08-12,COD,0.5240642
2024-08-13,COD,0.51975924
2024-08-14,COD,0.5360218
2024-08-15,COD,0.52461267
2024-08-16,COD,0.5234274
2024-08-17,COD,0.52565545
2024-08-18,COD,0.5198328
2024-08-19,COD,0.4959166
2024-08-20,COD,0.4959166
2024-08-21,COD,0.42714408
2024-08-22,COD,0.3887003
2024-08-23,COD,0.39291656
2024-08-24,COD,0.39611912
2024-08-25,COD,0.41909078
2024-08-26,COD,0.41438338
2024-08-27,COD,0.39611912
2024-08-28,COD,0.500523
2024-08-29,COD,0.5328411
2024-08-30,COD,0.5025173
2024-08-31,COD,0.51662487
2024-09-01,COD,0.5064218
2024-09-02,COD,0.47906423
2024-09-03,COD,0.5113598
2024-09-04,COD,0.4672659
2024-09-05,COD,0.44956338
2024-09-06,COD,0.3763048
2024-09-07,COD,0.37535822
2024-09-08,COD,0.36845624
2024-09-09,COD,0.38647246
2024-09-10,COD,0.3763048
2024-09-11,COD,0.44163305
2024-09-12,COD,0.4623508
2024-09-13,COD,0.4623508
2024-09-14,COD,0.4397166
2024-09-15,COD,0.4495813
2024-09-16,COD,0.4447538
2024-09-17,COD,0.4568884
2024-09-18,COD,0.4570505
2024-09-19,COD,0.44859484
2024-09-20,COD,0.4231491
2024-09-21,COD,0.4275391
2024-09-22,COD,0.43913537
2024-09-23,COD,0.37922245
2024-09-24,COD,0.39311755
2024-09-25,COD,0.41653717
2024-09-26,COD,0.3852036
2024-09-27,COD,0.38665918
2024-09-28,COD,0.3771052
2024-09-29,COD,0.3202624
2024-09-30,COD,0.30130148
2024-10-01,COD,0.30937168
2024-10-02,COD,0.2989396
2024-10-03,COD,0.34580675
2024-10-04,COD,0.31155956
2024-10-05,COD,0.3482783
2024-10-06,COD,0.34101853
2024-10-07,COD,0.41113496
2024-10-08,COD,0.40705875
2024-10-09,COD,0.48642358
2024-10-10,COD,0.48768663
2024-10-11,COD,0.49118617
2024-10-12,COD,0.4697151
2024-10-13,COD,0.49185103
2024-10-14,COD,0.49185103
2024-10-15,COD,0.38803107
2024-10-16,COD,0.37331775
2024-10-17,COD,0.3561733
2024-10-18,COD,0.3759739
2024-10-19,COD,0.38517812
2024-10-20,COD,0.37239012
2024-10-21,COD,0.37104124
2024-10-22,COD,0.54319566
2024-10-23,COD,0.57869816
2024-10-24,COD,0.5849432
2024-10-25,COD,0.45391107
2024-10-26,COD,0.45158157
2024-10-27,COD,0.44698173
2024-10-28,COD,0.44160596
2024-10-29,COD,0.43499893
2024-10-30,COD,0.2083642
2024-10-31,COD,0.18350416
2024-11-01,COD,0.25355512
2024-11-02,COD,0.18052337
2024-11-03,COD,0.22091116
2024-11-04,COD,0.24849725
2024-11-05,COD,0.2466446
2024-11-06,COD,0.4940186
2024-11-07,COD,0.5140731
2024-11-08,COD,0.4944926
2024-11-09,COD,0.5323096
2024-11-10,COD,0.5323096
2024-11-11,COD,0.5375148
2024-11-12,COD,0.5375148
2024-11-13,COD,0.58706546
2024-11-14,COD,0.58620054
2024-11-15,COD,0.58620054
2024-11-16,COD,0.4761882
2024-11-17,COD,0.4761882
2024-11-18,COD,0.4761882
2024-11-19,COD,0.47052625
2024-11-20,COD,0.47282982
2024-11-21,COD,0.48974335
2024-11-22,COD,0.39789534
2024-11-23,COD,0.42396295
2024-11-24,COD,0.43074
2024-11-25,COD,0.43057668
2024-11-26,COD,0.44356143
2024-11-27,COD,0.42587876
2024-11-28,COD,0.4521614
2024-11-29,COD,0.39981323
2024-11-30,COD,0.40147245
2024-12-01,COD,0.40216365
2024-12-02,COD,0.3606953
2024-12-03,COD,0.35616654
2024-12-04,COD,0.3634416
2024-12-05,COD,0.37727946
2024-12-06,COD,0.57437176
2024-12-07,COD,0.6179144
2024-12-08,COD,0.46780917
2024-12-09,COD,0.38208732
2024-12-10,COD,0.3615248
2024-12-11,COD,0.37874228
2024-12-12,COD,0.35520607
2024-12-13,COD,0.3571755
2024-12-14,COD,0.3373215
2024-12-15,COD,0.4659345
2024-12-16,COD,0.44832024
2024-12-17,COD,0.48120192
2024-12-18,COD,0.42742792
2024-12-19,COD,0.38654494
2024-12-20,COD,0.38772252
2024-12-21,COD,0.40904236
2024-12-22,COD,0.37533957
2024-12-23,COD,0.42920715
2024-12-24,COD,0.41674283
2024-12-25,COD,0.42385995
2024-12-26,COD,0.42839065
2024-12-27,COD,0.42839065
2024-12-28,COD,0.3667714
2024-12-29,COD,0.41023636
2024-12-30,COD,0.3868704
2024-12-31,COD,0.3861951
2025-01-01,COD,0.12783337
2025-01-02,COD,0.13423012
2025-01-03,COD,0.12592193
2025-01-04,COD,0.12994616
2025-01-05,COD,0.13591644
2025-01-06,COD,0.13887578
2025-01-07,COD,0.14184152
2025-01-08,COD,0.3964887
2025-01-09,COD,0.50283664
2025-01-10,COD,0.5029806
2025-01-11,COD,0.48660585
2025-01-12,COD,0.5241674
2025-01-13,COD,0.5110201
2025-01-14,COD,0.51836956
2025-01-15,COD,0.54189587
2025-01-16,COD,0.5272404
2025-01-17,COD,0.4791543
2025-01-18,COD,0.47214139
2025-01-19,COD,0.5243812
2025-01-20,COD,0.51242286
2025-01-21,COD,0.5073075
2025-01-22,COD,0.19317107
2025-01-23,COD,0.1705005
2025-01-24,COD,0.17593245
2025-01-25,COD,0.18129946
2025-01-26,COD,0.18901172
2025-01-27,COD,0.21604572
2025-01-28,COD,0.2257974
2025-01-29,COD,0.38063636
2025-01-30,COD,0.3778681
2025-01-31,COD,0.3830764
2025-02-01,COD,0.20560342
2025-02-02,COD,0.19839059
2025-02-03,COD,0.2168801
2025-02-04,COD,0.20331249
2025-02-05,COD,0.30087486
2025-02-06,COD,0.33404708
2025-02-07,COD,0.30584234
2025-02-08,COD,0.29525778
2025-02-09,COD,0.31529474
2025-02-10,COD,0.23964417
2025-02-11,COD,0.2622709
2025-02-12,COD,0.4637507
2025-02-13,COD,0.5351935
2025-02-14,COD,0.41644564
2025-02-15,COD,0.4051114
2025-02-16,COD,0.3844547
2025-02-17,COD,0.29636988
2025-02-18,COD,0.2858059
2025-02-19,COD,0.265133
2025-02-20,COD,0.26281956
2025-02-21,COD,0.23229106
2025-02-22,COD,0.25118923
2025-02-23,COD,0.2579568
2025-02-24,COD,0.24435587
2025-02-25,COD,0.23365049
2025-02-26,COD,0.26440787
2025-02-27,COD,0.32585725
2025-02-28,COD,0.332299
2025-03-01,COD,0.3124742
2025-03-02,COD,0.36330307
2025-03-03,COD,0.34908962
2025-03-04,COD,0.35438207
2025-03-05,COD,0.3260835
2025-03-06,COD,0.35727042
2025-03-07,COD,0.3351006
2025-03-08,COD,0.35250583
2025-03-09,COD,0.3639058
2025-03-10,COD,0.3995798
2025-03-11,COD,0.4231085
2025-03-12,COD,0.2565972
2025-03-13,COD,0.24921396
2025-03-14,COD,0.24921396
2025-03-15,COD,0.25551054
2025-03-16,COD,0.25551054
2025-03-17,COD,0.19834028
2025-03-18,COD,0.19834028
2025-03-19,COD,0.3614384
2025-03-20,COD,0.3347976
2025-03-21,COD,0.40818825
2025-03-22,COD,0.4111218
2025-03-23,COD,0.41649917
2025-03-24,COD,0.45293325
2025-03-25,COD,0.20523255
2025-03-26,COD,0.22421347
2025-03-27,COD,0.21465278
2025-03-28,COD,0.23190345
2024-07-01,CAF,0.45662636
2024-07-02,CAF,0.44649753
2024-07-03,CAF,0.38490888
2024-07-04,CAF,0.5127237
2024-07-05,CAF,0.44698
2024-07-06,CAF,0.4675254
2024-07-07,CAF,0.4675254
2024-07-08,CAF,0.45030555
2024-07-09,CAF,0.35180473
2024-07-10,CAF,0.32902417
2024-07-11,CAF,0.3530521
2024-07-12,CAF,0.35551086
2024-07-13,CAF,0.31733525
2024-07-14,CAF,0.31406754
2024-07-15,CAF,0.3282959
2024-07-16,CAF,0.520277
2024-07-17,CAF,0.520277
2024-07-18,CAF,0.51635724
2024-07-19,CAF,0.49888858
2024-07-20,CAF,0.61905295
2024-07-21,CAF,0.62460047
2024-07-22,CAF,0.62460047
2024-07-23,CAF,0.62956893
2024-07-24,CAF,0.50450456
2024-07-25,CAF,0.50450456
2024-07-26,CAF,0.50450456
2024-07-27,CAF,0.5563924
2024-07-28,CAF,0.5592113
2024-07-29,CAF,0.5587529
2024-07-30,CAF,0.55205446
2024-07-31,CAF,0.6120796
2024-08-01,CAF,0.6120796
2024-08-02,CAF,0.6118124
2024-08-03,CAF,0.6427738
2024-08-04,CAF,0.64663815
2024-08-05,CAF,0.63230556
2024-08-06,CAF,0.6423729
2024-08-07,CAF,0.4992626
2024-08-08,CAF,0.41173282
2024-08-09,CAF,0.41173282
2024-08-10,CAF,0.402086
2024-08-11,CAF,0.4204891
2024-08-12,CAF,0.3739474
2024-08-13,CAF,0.3705099
2024-08-14,CAF,0.49209917
2024-08-15,CAF,0.41666806
2024-08-16,CAF,0.3899384
2024-08-17,CAF,0.43249887
2024-08-18,CAF,0.46940863
2024-08-19,CAF,0.45275
2024-08-20,CAF,0.32094282
2024-08-21,CAF,0.42155182
2024-08-22,CAF,0.49354252
2024-08-23,CAF,0.4230786
2024-08-24,CAF,0.38640884
2024-08-25,CAF,0.38962436
2024-08-26,CAF,0.3786688
2024-08-27,CAF,0.43321085
2024-08-28,CAF,0.44095746
2024-08-29,CAF,0.44440103
2024-08-30,CAF,0.5020577
2024-08-31,CAF,0.49421433
2024-09-01,CAF,0.53998893
2024-09-02,CAF,0.5611345
2024-09-03,CAF,0.5396265
2024-09-04,CAF,0.63955873
2024-09-05,CAF,0.49560755
2024-09-06,CAF,0.4950588
2024-09-07,CAF,0.4852078
2024-09-08,CAF,0.46814343
2024-09-09,CAF,0.46283415
2024-09-10,CAF,0.47304136
2024-09-11,CAF,0.4677254
2024-09-12,CAF,0.57282686
2024-09-13,CAF,0.5809264
2024-09-14,CAF,0.58719516
2024-09-15,CAF,0.63530946
2024-09-16,CAF,0.63297504
2024-09-17,CAF,0.56823367
2024-09-18,CAF,0.55998915
2024-09-19,CAF,0.5472344
2024-09-20,CAF,0.5472344
2024-09-21,CAF,0.5268708
2024-09-22,CAF,0.48530778
2024-09-23,CAF,0.48530778
2024-09-24,CAF,0.5140253
2024-09-25,CAF,0.4408497
2024-09-26,CAF,0.6750546
2024-09-27,CAF,0.6771261
2024-09-28,CAF,0.3666917
2024-09-29,CAF,0.3665386
2024-09-30,CAF,0.36804822
2024-10-01,CAF,0.38656253
2024-10-02,CAF,0.38656253
2024-10-03,CAF,0.37610716
2024-10-04,CAF,0.37610716
2024-10-05,CAF,0.6815568
2024-10-06,CAF,0.6815568
2024-10-07,CAF,0.7146572
2024-10-08,CAF,0.5522256
2024-10-09,CAF,0.51978505
2024-10-10,CAF,0.51993644
2024-10-11,CAF,0.51465726
2024-10-12,CAF,0.5063171
2024-10-13,CAF,0.25459537
2024-10-14,CAF,0.24199143
2024-10-15,CAF,0.28396314
2024-10-16,CAF,0.26800594
2024-10-17,CAF,0.31933048
2024-10-18,CAF,0.27046645
2024-10-19,CAF,0.27519405
2024-10-20,CAF,0.55061567
2024-10-21,CAF,0.54293936
2024-10-22,CAF,0.49804425
2024-10-23,CAF,0.49030125
2024-10-24,CAF,0.48856056
2024-10-25,CAF,0.49030125
2024-10-26,CAF,0.50062
2024-10-27,CAF,0.50975484
2024-10-28,CAF,0.49853292
2024-10-29,CAF,0.5800394
2024-10-30,CAF,0.58789164
2024-10-31,CAF,0.6095482
2024-11-01,CAF,0.6193272
2024-11-02,CAF,0.5986801
2024-11-03,CAF,0.60962504
2024-11-04,CAF,0.6433038
2024-11-05,CAF,0.65308577
2024-11-06,CAF,0.7308629
2024-11-07,CAF,0.6417254
2024-11-08,CAF,0.6408041
2024-11-09,CAF,0.65522045
2024-11-10,CAF,0.65288925
2024-11-11,CAF,0.65522045
2024-11-12,CAF,0.58438957
2024-11-13,CAF,0.49033833
2024-11-14,CAF,0.49033833
2024-11-15,CAF,0.49562278
2024-11-16,CAF,0.50318605
2024-11-17,CAF,0.4965488
2024-11-18,CAF,0.4991246
2024-11-19,CAF,0.4690418
2024-11-20,CAF,0.5014432
2024-11-21,CAF,0.44808277
2024-11-22,CAF,0.44808277
2024-11-23,CAF,0.44798443
2024-11-24,CAF,0.44798443
2024-11-25,CAF,0.44808277
2024-11-26,CAF,0.45112213
2024-11-27,CAF,0.4624609
2024-11-28,CAF,0.45652333
2024-11-29,CAF,0.5149415
2024-11-30,CAF,0.5176215
2024-12-01,CAF,0.50797796
2024-12-02,CAF,0.38993815
2024-12-03,CAF,0.3952905
2024-12-04,CAF,0.3952905
2024-12-05,CAF,0.3952905
2024-12-06,CAF,0.4008548
2024-12-07,CAF,0.39781466
2024-12-08,CAF,0.39781466
2024-12-09,CAF,0.73262656
2024-12-10,CAF,0.7309389
2024-12-11,CAF,0.55043036
2024-12-12,CAF,0.5525572
2024-12-13,CAF,0.53509265
2024-12-14,CAF,0.5373991
2024-12-15,CAF,0.53202736
2024-12-16,CAF,0.5256322
2024-12-17,CAF,0.53090084
2024-12-18,CAF,0.53090084
2024-12-19,CAF,0.53090084
2024-12-20,CAF,0.53313136
2024-12-21,CAF,0.5318991
2024-12-22,CAF,0.6508487
2024-12-23,CAF,0.67763984
2024-12-24,CAF,0.67763984
2024-12-25,CAF,0.67763984
2024-12-26,CAF,0.6714326
2024-12-27,CAF,0.65804464
2024-12-28,CAF,0.65804464
2024-12-29,CAF,0.58693427
2024-12-30,CAF,0.47216085
2024-12-31,CAF,0.43624148
2025-01-01,CAF,0.33774525
2025-01-02,CAF,0.35408828
2025-01-03,CAF,0.33740583
2025-01-04,CAF,0.33594763
2025-01-05,CAF,0.33594763
2025-01-06,CAF,0.36816284
2025-01-07,CAF,0.3932282
2025-01-08,CAF,0.5560668
2025-01-09,CAF,0.5458544
2025-01-10,CAF,0.4542973
2025-01-11,CAF,0.61856914
2025-01-12,CAF,0.61856914
2025-01-13,CAF,0.5819737
2025-01-14,CAF,0.5614797
2025-01-15,CAF,0.45357615
2025-01-16,CAF,0.43750066
2025-01-17,CAF,0.4402158
2025-01-18,CAF,0.44296658
2025-01-19,CAF,0.4365605
2025-01-20,CAF,0.43557888
2025-01-21,CAF,0.46300808
2025-01-22,CAF,0.49732915
2025-01-23,CAF,0.47722802
2025-01-24,CAF,0.47586536
2025-01-25,CAF,0.39217296
2025-01-26,CAF,0.40230656
2025-01-27,CAF,0.39583248
2025-01-28,CAF,0.35340482
2025-01-29,CAF,0.362444
2025-01-30,CAF,0.37833697
2025-01-31,CAF,0.38511235
2025-02-01,CAF,0.41110262
2025-02-02,CAF,0.41110262
2025-02-03,CAF,0.41089126
2025-02-04,CAF,0.49839607
2025-02-05,CAF,0.48688805
2025-02-06,CAF,0.48744687
2025-02-07,CAF,0.45590538
2025-02-08,CAF,0.45846233
2025-02-09,CAF,0.45193958
2025-02-10,CAF,0.37460923
2025-02-11,CAF,0.41839236
2025-02-12,CAF,0.4227692
2025-02-13,CAF,0.4659938
2025-02-14,CAF,0.43446994
2025-02-15,CAF,0.44658566
2025-02-16,CAF,0.4153199
2025-02-17,CAF,0.5910539
2025-02-18,CAF,0.5991792
2025-02-19,CAF,0.65896535
2025-02-20,CAF,0.65153944
2025-02-21,CAF,0.6181274
2025-02-22,CAF,0.12468314
2025-02-23,CAF,0.11847725
2025-02-24,CAF,0.10934174
2025-02-25,CAF,0.10934174
2025-02-26,CAF,0.14091225
2025-02-27,CAF,0.13318275
2025-02-28,CAF,0.112661794
2025-03-01,CAF,0.15669923
2025-03-02,CAF,0.46235904
2025-03-03,CAF,0.45454836
2025-03-04,CAF,0.4160844
2025-03-05,CAF,0.42981923
2025-03-06,CAF,0.43171662
2025-03-07,CAF,0.42543912
2025-03-08,CAF,0.39726123
2025-03-09,CAF,0.43879136
2025-03-10,CAF,0.43879136
2025-03-11,CAF,0.46159855
2025-03-12,CAF,0.4148928
2025-03-13,CAF,0.40001267
2025-03-14,CAF,0.430435
2025-03-15,CAF,0.4619312
2025-03-16,CAF,0.4911467
2025-03-17,CAF,0.4953691
2025-03-18,CAF,0.51903063
2025-03-19,CAF,0.53527737
2025-03-20,CAF,0.4376663
2025-03-21,CAF,0.42838746
2025-03-22,CAF,0.40808713
2025-03-23,CAF,0.42252317
2025-03-24,CAF,0.46157247
2025-03-25,CAF,0.34944922
2025-03-26,CAF,0.37744135
2025-03-27,CAF,0.3790183
2025-03-28,CAF,0.36669523
2024-07-01,SDN,0.34502488
2024-07-02,SDN,0.34956524
2024-07-03,SDN,0.3641655
2024-07-04,SDN,0.34302875
2024-07-05,SDN,0.41357532
2024-07-06,SDN,0.3454538
2024-07-07,SDN,0.34911907
2024-07-08,SDN,0.34710407
2024-07-09,SDN,0.35157943
2024-07-10,SDN,0.36945802
2024-07-11,SDN,0.3806413
2024-07-12,SDN,0.31136322
2024-07-13,SDN,0.32450217
2024-07-14,SDN,0.32450217
2024-07-15,SDN,0.42365244
2024-07-16,SDN,0.42365244
2024-07-17,SDN,0.4255342
2024-07-18,SDN,0.42855948
2024-07-19,SDN,0.430704
2024-07-20,SDN,0.4137289
2024-07-21,SDN,0.19882588
2024-07-22,SDN,0.20582531
2024-07-23,SDN,0.20582531
2024-07-24,SDN,0.2174609
2024-07-25,SDN,0.1919074
2024-07-26,SDN,0.20582531
2024-07-27,SDN,0.21818024
2024-07-28,SDN,0.29377663
2024-07-29,SDN,0.29658246
2024-07-30,SDN,0.28672558
2024-07-31,SDN,0.29658246
2024-08-01,SDN,0.27557296
2024-08-02,SDN,0.22296512
2024-08-03,SDN,0.23586015
2024-08-04,SDN,0.20874499
2024-08-05,SDN,0.21437617
2024-08-06,SDN,0.23153363
2024-08-07,SDN,0.19708961
2024-08-08,SDN,0.2136819
2024-08-09,SDN,0.361818
2024-08-10,SDN,0.33593333
2024-08-11,SDN,0.36321032
2024-08-12,SDN,0.36321032
2024-08-13,SDN,0.342499
2024-08-14,SDN,0.3418873
2024-08-15,SDN,0.3619723
2024-08-16,SDN,0.3826353
2024-08-17,SDN,0.23194304
2024-08-18,SDN,0.23191647
2024-08-19,SDN,0.24129985
2024-08-20,SDN,0.22908887
2024-08-21,SDN,0.22461039
2024-08-22,SDN,0.2212892
2024-08-23,SDN,0.21600936
2024-08-24,SDN,0.20294009
2024-08-25,SDN,0.30393806
2024-08-26,SDN,0.30393806
2024-08-27,SDN,0.29314306
2024-08-28,SDN,0.30393806
2024-08-29,SDN,0.30838776
2024-08-30,SDN,0.35436353
2024-08-31,SDN,0.36180207
2024-09-01,SDN,0.40139595
2024-09-02,SDN,0.40139595
2024-09-03,SDN,0.40139595
2024-09-04,SDN,0.3817571
2024-09-05,SDN,0.38692695
2024-09-06,SDN,0.3989972
2024-09-07,SDN,0.39247653
2024-09-08,SDN,0.4030476
2024-09-09,SDN,0.4346313
2024-09-10,SDN,0.41269708
2024-09-11,SDN,0.42756307
2024-09-12,SDN,0.42201346
2024-09-13,SDN,0.45841601
2024-09-14,SDN,0.46114826
2024-09-15,SDN,0.37119022
2024-09-16,SDN,0.33739904
2024-09-17,SDN,0.33439064
2024-09-18,SDN,0.32301593
2024-09-19,SDN,0.26102763
2024-09-20,SDN,0.28221044
2024-09-21,SDN,0.2658135
2024-09-22,SDN,0.24782404
2024-09-23,SDN,0.24782404
2024-09-24,SDN,0.2194522
2024-09-25,SDN,0.22474556
2024-09-26,SDN,0.23076604
2024-09-27,SDN,0.23390043
2024-09-28,SDN,0.25324193
2024-09-29,SDN,0.25324193
2024-09-30,SDN,0.27241132
2024-10-01,SDN,0.25638032
2024-10-02,SDN,0.25025755
2024-10-03,SDN,0.24929383
2024-10-04,SDN,0.26449743
2024-10-05,SDN,0.3157497
2024-10-06,SDN,0.27458477
2024-10-07,SDN,0.26295155
2024-10-08,SDN,0.24639137
2024-10-09,SDN,0.27699578
2024-10-10,SDN,0.23829572
2024-10-11,SDN,0.23926713
2024-10-12,SDN,0.27793682
2024-10-13,SDN,0.27197412
2024-10-14,SDN,0.28476277
2024-10-15,SDN,0.2924035
2024-10-16,SDN,0.30777222
2024-10-17,SDN,0.28845665
2024-10-18,SDN,0.28053507
2024-10-19,SDN,0.33454093
2024-10-20,SDN,0.33454093
2024-10-21,SDN,0.32307568
2024-10-22,SDN,0.28830022
2024-10-23,SDN,0.30547768
2024-10-24,SDN,0.2949264
2024-10-25,SDN,0.31668445
2024-10-26,SDN,0.37361473
2024-10-27,SDN,0.2855345
2024-10-28,SDN,0.26698643
2024-10-29,SDN,0.28318036
2024-10-30,SDN,0.28318036
2024-10-31,SDN,0.28318036
2024-11-01,SDN,0.2940396
2024-11-02,SDN,0.25586194
2024-11-03,SDN,0.28127632
2024-11-04,SDN,0.28723732
2024-11-05,SDN,0.29479307
2024-11-06,SDN,0.27798432
2024-11-07,SDN,0.32695234
2024-11-08,SDN,0.29585564
2024-11-09,SDN,0.2818706
2024-11-10,SDN,0.3194186
2024-11-11,SDN,0.3194186
2024-11-12,SDN,0.2938669
2024-11-13,SDN,0.31481335
2024-11-14,SDN,0.40576833
2024-11-15,SDN,0.41520035
2024-11-16,SDN,0.2699663
2024-11-17,SDN,0.27130502
2024-11-18,SDN,0.29595268
2024-11-19,SDN,0.2679454
2024-11-20,SDN,0.33805355
2024-11-21,SDN,0.30198365
2024-11-22,SDN,0.29786783
2024-11-23,SDN,0.2548126
2024-11-24,SDN,0.25579032
2024-11-25,SDN,0.25579032
2024-11-26,SDN,0.3004624
2024-11-27,SDN,0.24177444
2024-11-28,SDN,0.31461537
2024-11-29,SDN,0.28522184
2024-11-30,SDN,0.28522184
2024-12-01,SDN,0.3768001
2024-12-02,SDN,0.3768001
2024-12-03,SDN,0.42350563
2024-12-04,SDN,0.36477798
2024-12-05,SDN,0.37005675
2024-12-06,SDN,0.41679206
2024-12-07,SDN,0.40750968
2024-12-08,SDN,0.41080746
2024-12-09,SDN,0.41080746
2024-12-10,SDN,0.37880903
2024-12-11,SDN,0.35965618
2024-12-12,SDN,0.3341477
2024-12-13,SDN,0.35716596
2024-12-14,SDN,0.2390643
2024-12-15,SDN,0.24534653
2024-12-16,SDN,0.23822837
2024-12-17,SDN,0.24349801
2024-12-18,SDN,0.22868574
2024-12-19,SDN,0.21790393
2024-12-20,SDN,0.24914193
2024-12-21,SDN,0.26389316
2024-12-22,SDN,0.27407894
2024-12-23,SDN,0.27407894
2024-12-24,SDN,0.22568195
2024-12-25,SDN,0.262399
2024-12-26,SDN,0.35018554
2024-12-27,SDN,0.32774815
2024-12-28,SDN,0.30894575
2024-12-29,SDN,0.3201467
2024-12-30,SDN,0.3201467
2024-12-31,SDN,0.26555353
2025-01-01,SDN,0.2599706
2025-01-02,SDN,0.2761427
2025-01-03,SDN,0.20547628
2025-01-04,SDN,0.21381737
2025-01-05,SDN,0.29594472
2025-01-06,SDN,0.29594472
2025-01-07,SDN,0.33080155
2025-01-08,SDN,0.3259829
2025-01-09,SDN,0.37656146
2025-01-10,SDN,0.37339532
2025-01-11,SDN,0.4058529
2025-01-12,SDN,0.34269744
2025-01-13,SDN,0.34269744
2025-01-14,SDN,0.3060622
2025-01-15,SDN,0.23344372
2025-01-16,SDN,0.31577286
2025-01-17,SDN,0.33242184
2025-01-18,SDN,0.30042437
2025-01-19,SDN,0.30807546
2025-01-20,SDN,0.30264825
2025-01-21,SDN,0.30264825
2025-01-22,SDN,0.29701474
2025-01-23,SDN,0.29294938
2025-01-24,SDN,0.3152864
2025-01-25,SDN,0.29948133
2025-01-26,SDN,0.31783614
2025-01-27,SDN,0.31783614
2025-01-28,SDN,0.29237282
2025-01-29,SDN,0.26948732
2025-01-30,SDN,0.27101663
2025-01-31,SDN,0.28644598
2025-02-01,SDN,0.22589467
2025-02-02,SDN,0.2524544
2025-02-03,SDN,0.23423727
2025-02-04,SDN,0.23130432
2025-02-05,SDN,0.3047895
2025-02-06,SDN,0.31906477
2025-02-07,SDN,0.30698797
2025-02-08,SDN,0.2684394
2025-02-09,SDN,0.28267735
2025-02-10,SDN,0.28267735
2025-02-11,SDN,0.30933335
2025-02-12,SDN,0.3570951
2025-02-13,SDN,0.31034958
2025-02-14,SDN,0.32953945
2025-02-15,SDN,0.3393911
2025-02-16,SDN,0.35110104
2025-02-17,SDN,0.38246563
2025-02-18,SDN,0.4097162
2025-02-19,SDN,0.3738975
2025-02-20,SDN,0.38016167
2025-02-21,SDN,0.39304793
2025-02-22,SDN,0.3306125
2025-02-23,SDN,0.33545867
2025-02-24,SDN,0.31839883
2025-02-25,SDN,0.32447973
2025-02-26,SDN,0.3194296
2025-02-27,SDN,0.31470537
2025-02-28,SDN,0.24858564
2025-03-01,SDN,0.2585844
2025-03-02,SDN,0.2583313
2025-03-03,SDN,0.3380481
2025-03-04,SDN,0.35217842
2025-03-05,SDN,0.34563133
2025-03-06,SDN,0.366124
2025-03-07,SDN,0.32615855
2025-03-08,SDN,0.32428312
2025-03-09,SDN,0.3169296
2025-03-10,SDN,0.32541186
2025-03-11,SDN,0.37992635
2025-03-12,SDN,0.36575836
2025-03-13,SDN,0.37935004
2025-03-14,SDN,0.368661
2025-03-15,SDN,0.33958507
2025-03-16,SDN,0.31107953
2025-03-17,SDN,0.31107953
2025-03-18,SDN,0.30078813
2025-03-19,SDN,0.30078813
2025-03-20,SDN,0.29314208
2025-03-21,SDN,0.2914356
2025-03-22,SDN,0.3725578
2025-03-23,SDN,0.31385443
2025-03-24,SDN,0.31385443
2025-03-25,SDN,0.24769899
2025-03-26,SDN,0.26673576
2025-03-27,SDN,0.23094669
2025-03-28,SDN,0.2815294
2024-07-01,SSD,0.30536583
2024-07-02,SSD,0.3275427
2024-07-03,SSD,0.3252383
2024-07-04,SSD,0.32235476
2024-07-05,SSD,0.31911308
2024-07-06,SSD,0.3427151
2024-07-07,SSD,0.3223389
2024-07-08,SSD,0.43273234
2024-07-09,SSD,0.5042952
2024-07-10,SSD,0.49679977
2024-07-11,SSD,0.5159048
2024-07-12,SSD,0.5297063
2024-07-13,SSD,0.53369004
2024-07-14,SSD,0.5285543
2024-07-15,SSD,0.54758626
2024-07-16,SSD,0.55445784
2024-07-17,SSD,0.5307657
2024-07-18,SSD,0.5146337
2024-07-19,SSD,0.5480073
2024-07-20,SSD,0.5327179
2024-07-21,SSD,0.53317857
2024-07-22,SSD,0.27799875
2024-07-23,SSD,0.27799875
2024-07-24,SSD,0.29873243
2024-07-25,SSD,0.29870555
2024-07-26,SSD,0.2586013
2024-07-27,SSD,0.28396
2024-07-28,SSD,0.2721167
2024-07-29,SSD,0.32196167
2024-07-30,SSD,0.30999717
2024-07-31,SSD,0.31886554
2024-08-01,SSD,0.32114628
2024-08-02,SSD,0.3085886
2024-08-03,SSD,0.5616676
2024-08-04,SSD,0.42213866
2024-08-05,SSD,0.42213866
2024-08-06,SSD,0.38293564
2024-08-07,SSD,0.3669789
2024-08-08,SSD,0.36445543
2024-08-09,SSD,0.39165553
2024-08-10,SSD,0.39104095
2024-08-11,SSD,0.5432174
2024-08-12,SSD,0.5789242
2024-08-13,SSD,0.42982072
2024-08-14,SSD,0.45342287
2024-08-15,SSD,0.4434976
2024-08-16,SSD,0.4093245
2024-08-17,SSD,0.38864076
2024-08-18,SSD,0.4366605
2024-08-19,SSD,0.4555268
2024-08-20,SSD,0.47587416
2024-08-21,SSD,0.36418322
2024-08-22,SSD,0.35104018
2024-08-23,SSD,0.26864246
2024-08-24,SSD,0.23942196
2024-08-25,SSD,0.25186458
2024-08-26,SSD,0.30263436
2024-08-27,SSD,0.29508075
2024-08-28,SSD,0.3098191
2024-08-29,SSD,0.34990433
2024-08-30,SSD,0.50899816
2024-08-31,SSD,0.61300814
2024-09-01,SSD,0.52775586
2024-09-02,SSD,0.50252944
2024-09-03,SSD,0.49209633
2024-09-04,SSD,0.49706617
2024-09-05,SSD,0.5040277
2024-09-06,SSD,0.53892756
2024-09-07,SSD,0.56390893
2024-09-08,SSD,0.63538605
2024-09-09,SSD,0.63502455
2024-09-10,SSD,0.62943023
2024-09-11,SSD,0.62839735
2024-09-12,SSD,0.6148146
2024-09-13,SSD,0.6213795
2024-09-14,SSD,0.6189702
2024-09-15,SSD,0.5043682
2024-09-16,SSD,0.5867778
2024-09-17,SSD,0.5595614
2024-09-18,SSD,0.56642234
2024-09-19,SSD,0.5679026
2024-09-20,SSD,0.5806445
2024-09-21,SSD,0.555244
2024-09-22,SSD,0.45007095
2024-09-23,SSD,0.38512263
2024-09-24,SSD,0.39800185
2024-09-25,SSD,0.39177054
2024-09-26,SSD,0.4033251
2024-09-27,SSD,0.4033251
2024-09-28,SSD,0.4494461
2024-09-29,SSD,0.56087446
2024-09-30,SSD,0.53837496
2024-10-01,SSD,0.5263645
2024-10-02,SSD,0.52564424
2024-10-03,SSD,0.52564424
2024-10-04,SSD,0.39761108
2024-10-05,SSD,0.45640278
2024-10-06,SSD,0.38920256
2024-10-07,SSD,0.4000364
2024-10-08,SSD,0.29875553
2024-10-09,SSD,0.29355648
2024-10-10,SSD,0.2731856
2024-10-11,SSD,0.31035423
2024-10-12,SSD,0.31035423
2024-10-13,SSD,0.29135397
2024-10-14,SSD,0.29135397
2024-10-15,SSD,0.4483017
2024-10-16,SSD,0.29730418
2024-10-17,SSD,0.30816874
2024-10-18,SSD,0.30015066
2024-10-19,SSD,0.31697237
2024-10-20,SSD,0.28684688
2024-10-21,SSD,0.29453272
2024-10-22,SSD,0.25826555
2024-10-23,SSD,0.3309883
2024-10-24,SSD,0.28459078
2024-10-25,SSD,0.3239513
2024-10-26,SSD,0.44412133
2024-10-27,SSD,0.4323718
2024-10-28,SSD,0.4134512
2024-10-29,SSD,0.41780713
2024-10-30,SSD,0.6390594
2024-10-31,SSD,0.62834436
2024-11-01,SSD,0.63402987
2024-11-02,SSD,0.6156079
2024-11-03,SSD,0.54572946
2024-11-04,SSD,0.54572946
2024-11-05,SSD,0.43662882
2024-11-06,SSD,0.41469976
2024-11-07,SSD,0.39589882
2024-11-08,SSD,0.40656
2024-11-09,SSD,0.38460904
2024-11-10,SSD,0.39142603
2024-11-11,SSD,0.41179052
2024-11-12,SSD,0.5617603
2024-11-13,SSD,0.3065261
2024-11-14,SSD,0.31121132
2024-11-15,SSD,0.2959233
2024-11-16,SSD,0.29437122
2024-11-17,SSD,0.28987503
2024-11-18,SSD,0.3136524
2024-11-19,SSD,0.29031363
2024-11-20,SSD,0.57340336
2024-11-21,SSD,0.5768608
2024-11-22,SSD,0.4758613
2024-11-23,SSD,0.49054456
2024-11-24,SSD,0.45931432
2024-11-25,SSD,0.37452775
2024-11-26,SSD,0.37452775
2024-11-27,SSD,0.41832632
2024-11-28,SSD,0.4163888
2024-11-29,SSD,0.57946616
2024-11-30,SSD,0.57946616
2024-12-01,SSD,0.57946616
2024-12-02,SSD,0.59576064
2024-12-03,SSD,0.58498394
2024-12-04,SSD,0.57930523
2024-12-05,SSD,0.6041626
2024-12-06,SSD,0.59009546
2024-12-07,SSD,0.5788687
2024-12-08,SSD,0.582509
2024-12-09,SSD,0.582509
2024-12-10,SSD,0.5941534
2024-12-11,SSD,0.47368377
2024-12-12,SSD,0.45752305
2024-12-13,SSD,0.3831482
2024-12-14,SSD,0.3731266
2024-12-15,SSD,0.3731266
2024-12-16,SSD,0.38389927
2024-12-17,SSD,0.3688853
2024-12-18,SSD,0.3688853
2024-12-19,SSD,0.3755937
2024-12-20,SSD,0.35766238
2024-12-21,SSD,0.3703402
2024-12-22,SSD,0.3491941
2024-12-23,SSD,0.3491941
2024-12-24,SSD,0.3491941
2024-12-25,SSD,0.36281618
2024-12-26,SSD,0.34379837
2024-12-27,SSD,0.37196565
2024-12-28,SSD,0.36482784
2024-12-29,SSD,0.4637709
2024-12-30,SSD,0.4775308
2024-12-31,SSD,0.48045942
2025-01-01,SSD,0.49001855
2025-01-02,SSD,0.5938359
2025-01-03,SSD,0.5843465
2025-01-04,SSD,0.57617736
2025-01-05,SSD,0.5723735
2025-01-06,SSD,0.57563937
2025-01-07,SSD,0.5765262
2025-01-08,SSD,0.5688691
2025-01-09,SSD,0.46589205
2025-01-10,SSD,0.45267788
2025-01-11,SSD,0.45140195
2025-01-12,SSD,0.44639212
2025-01-13,SSD,0.4561681
2025-01-14,SSD,0.4561681
2025-01-15,SSD,0.49452934
2025-01-16,SSD,0.54808074
2025-01-17,SSD,0.53502357
2025-01-18,SSD,0.3799633
2025-01-19,SSD,0.28096324
2025-01-20,SSD,0.27984372
2025-01-21,SSD,0.2811188
2025-01-22,SSD,0.2747244
2025-01-23,SSD,0.28994212
2025-01-24,SSD,0.30159497
2025-01-25,SSD,0.30340245
2025-01-26,SSD,0.39754
2025-01-27,SSD,0.3974376
2025-01-28,SSD,0.3982647
2025-01-29,SSD,0.39399236
2025-01-30,SSD,0.4018853
2025-01-31,SSD,0.5033996
2025-02-01,SSD,0.5826274
2025-02-02,SSD,0.5850093
2025-02-03,SSD,0.513749
2025-02-04,SSD,0.46737057
2025-02-05,SSD,0.46737057
2025-02-06,SSD,0.46737057
2025-02-07,SSD,0.31381428
2025-02-08,SSD,0.29291362
2025-02-09,SSD,0.3027897
2025-02-10,SSD,0.3027897
2025-02-11,SSD,0.31816113
2025-02-12,SSD,0.32020417
2025-02-13,SSD,0.2995598
2025-02-14,SSD,0.5747054
2025-02-15,SSD,0.5703097
2025-02-16,SSD,0.57061476
2025-02-17,SSD,0.57742375
2025-02-18,SSD,0.48381612
2025-02-19,SSD,0.47261766
2025-02-20,SSD,0.580663
2025-02-21,SSD,0.4218007
2025-02-22,SSD,0.45925757
2025-02-23,SSD,0.35681817
2025-02-24,SSD,0.35726815
2025-02-25,SSD,0.29865882
2025-02-26,SSD,0.34658286
2025-02-27,SSD,0.33457872
2025-02-28,SSD,0.39196703
2025-03-01,SSD,0.3956547
2025-03-02,SSD,0.5345305
2025-03-03,SSD,0.5345305
2025-03-04,SSD,0.5519584
2025-03-05,SSD,0.556089
2025-03-06,SSD,0.5517155
2025-03-07,SSD,0.5389532
2025-03-08,SSD,0.55071735
2025-03-09,SSD,0.6077976
2025-03-10,SSD,0.43624794
2025-03-11,SSD,0.179822
2025-03-12,SSD,0.16288567
2025-03-13,SSD,0.16083235
2025-03-14,SSD,0.16316704
2025-03-15,SSD,0.17533794
2025-03-16,SSD,0.17533794
2025-03-17,SSD,0.16162062
2025-03-18,SSD,0.35177577
2025-03-19,SSD,0.37046003
2025-03-20,SSD,0.35849038
2025-03-21,SSD,0.4858726
2025-03-22,SSD,0.50373757
2025-03-23,SSD,0.46355745
2025-03-24,SSD,0.45765454
2025-03-25,SSD,0.4432074
2025-03-26,SSD,0.47232106
2025-03-27,SSD,0.45756552
2025-03-28,SSD,0.46876433
2024-07-01,ETH,0.38184825
2024-07-02,ETH,0.33732778
2024-07-03,ETH,0.33217907
2024-07-04,ETH,0.32360658
2024-07-05,ETH,0.3284967
2024-07-06,ETH,0.3159141
2024-07-07,ETH,0.3098088
2024-07-08,ETH,0.32553416
2024-07-09,ETH,0.32261753
2024-07-10,ETH,0.34742332
2024-07-11,ETH,0.43667826
2024-07-12,ETH,0.32672605
2024-07-13,ETH,0.2817283
2024-07-14,ETH,0.2817283
2024-07-15,ETH,0.29003924
2024-07-16,ETH,0.1334372
2024-07-17,ETH,0.12233042
2024-07-18,ETH,0.13502054
2024-07-19,ETH,0.15667787
2024-07-20,ETH,0.12127748
2024-07-21,ETH,0.1273941
2024-07-22,ETH,0.12800097
2024-07-23,ETH,0.29513663
2024-07-24,ETH,0.26443765
2024-07-25,ETH,0.27100036
2024-07-26,ETH,0.2985549
2024-07-27,ETH,0.3254921
2024-07-28,ETH,0.3254921
2024-07-29,ETH,0.42541137
2024-07-30,ETH,0.41498646
2024-07-31,ETH,0.40433335
2024-08-01,ETH,0.3729512
2024-08-02,ETH,0.26239395
2024-08-03,ETH,0.30436254
2024-08-04,ETH,0.30034328
2024-08-05,ETH,0.30034328
2024-08-06,ETH,0.33517703
2024-08-07,ETH,0.31268743
2024-08-08,ETH,0.2945919
2024-08-09,ETH,0.43710044
2024-08-10,ETH,0.37317312
2024-08-11,ETH,0.42089054
2024-08-12,ETH,0.38448185
2024-08-13,ETH,0.37516057
2024-08-14,ETH,0.3649067
2024-08-15,ETH,0.37489933
2024-08-16,ETH,0.30865845
2024-08-17,ETH,0.30271772
2024-08-18,ETH,0.24253123
2024-08-19,ETH,0.26068664
2024-08-20,ETH,0.25183734
2024-08-21,ETH,0.25505403
2024-08-22,ETH,0.24473496
2024-08-23,ETH,0.29571363
2024-08-24,ETH,0.29887635
2024-08-25,ETH,0.30427969
2024-08-26,ETH,0.30427969
2024-08-27,ETH,0.28437752
2024-08-28,ETH,0.29594958
2024-08-29,ETH,0.34569976
2024-08-30,ETH,0.43220568
2024-08-31,ETH,0.41066343
2024-09-01,ETH,0.3944894
2024-09-02,ETH,0.3944894
2024-09-03,ETH,0.39098418
2024-09-04,ETH,0.2763933
2024-09-05,ETH,0.29190183
2024-09-06,ETH,0.31304786
2024-09-07,ETH,0.29904875
2024-09-08,ETH,0.3026048
2024-09-09,ETH,0.31387696
2024-09-10,ETH,0.30754218
2024-09-11,ETH,0.47401127
2024-09-12,ETH,0.49880314
2024-09-13,ETH,0.4762447
2024-09-14,ETH,0.42031887
2024-09-15,ETH,0.45883483
2024-09-16,ETH,0.48366845
2024-09-17,ETH,0.45788276
2024-09-18,ETH,0.47725588
2024-09-19,ETH,0.48225257
2024-09-20,ETH,0.49922544
2024-09-21,ETH,0.5205413
2024-09-22,ETH,0.52260596
2024-09-23,ETH,0.49318284
2024-09-24,ETH,0.47212672
2024-09-25,ETH,0.39990917
2024-09-26,ETH,0.3251269
2024-09-27,ETH,0.32528612
2024-09-28,ETH,0.32528612
2024-09-29,ETH,0.31296498
2024-09-30,ETH,0.34407225
2024-10-01,ETH,0.33063573
2024-10-02,ETH,0.3767695
2024-10-03,ETH,0.46963564
2024-10-04,ETH,0.40823394
2024-10-05,ETH,0.4686178
2024-10-06,ETH,0.36226836
2024-10-07,ETH,0.34090072
2024-10-08,ETH,0.35078436
2024-10-09,ETH,0.33247453
2024-10-10,ETH,0.27267545
2024-10-11,ETH,0.30702215
2024-10-12,ETH,0.33263618
2024-10-13,ETH,0.37545934
2024-10-14,ETH,0.37545934
2024-10-15,ETH,0.34420747
2024-10-16,ETH,0.35060066
2024-10-17,ETH,0.31941256
2024-10-18,ETH,0.29457185
2024-10-19,ETH,0.16638905
2024-10-20,ETH,0.1515653
2024-10-21,ETH,0.15572977
2024-10-22,ETH,0.14272264
2024-10-23,ETH,0.16217858
2024-10-24,ETH,0.14056672
2024-10-25,ETH,0.1771187
2024-10-26,ETH,0.32681546
2024-10-27,ETH,0.383135
2024-10-28,ETH,0.383135
2024-10-29,ETH,0.383135
2024-10-30,ETH,0.3768027
2024-10-31,ETH,0.40732417
2024-11-01,ETH,0.4032383
2024-11-02,ETH,0.43138835
2024-11-03,ETH,0.38749346
2024-11-04,ETH,0.38749346
2024-11-05,ETH,0.37118003
2024-11-06,ETH,0.37279767
2024-11-07,ETH,0.33648977
2024-11-08,ETH,0.23091596
2024-11-09,ETH,0.22837414
2024-11-10,ETH,0.23134871
2024-11-11,ETH,0.23134871
2024-11-12,ETH,0.22889322
2024-11-13,ETH,0.22889322
2024-11-14,ETH,0.22077496
2024-11-15,ETH,0.22482711
2024-11-16,ETH,0.2330705
2024-11-17,ETH,0.250912
2024-11-18,ETH,0.2612853
2024-11-19,ETH,0.4358605
2024-11-20,ETH,0.41965264
2024-11-21,ETH,0.42025495
2024-11-22,ETH,0.4176913
2024-11-23,ETH,0.4031469
2024-11-24,ETH,0.41883975
2024-11-25,ETH,0.40121323
2024-11-26,ETH,0.41218007
2024-11-27,ETH,0.40121323
2024-11-28,ETH,0.41560623
2024-11-29,ETH,0.416183
2024-11-30,ETH,0.42064497
2024-12-01,ETH,0.42587888
2024-12-02,ETH,0.42064497
2024-12-03,ETH,0.43304992
2024-12-04,ETH,0.39650315
2024-12-05,ETH,0.23469472
2024-12-06,ETH,0.23993804
2024-12-07,ETH,0.2153047
2024-12-08,ETH,0.23011836
2024-12-09,ETH,0.23910367
2024-12-10,ETH,0.16773298
2024-12-11,ETH,0.17629294
2024-12-12,ETH,0.4032383
2024-12-13,ETH,0.3116945
2024-12-14,ETH,0.3326631
2024-12-15,ETH,0.33173886
2024-12-16,ETH,0.33173886
2024-12-17,ETH,0.32492644
2024-12-18,ETH,0.29573983
2024-12-19,ETH,0.29257375
2024-12-20,ETH,0.35373238
2024-12-21,ETH,0.3538216
2024-12-22,ETH,0.36779532
2024-12-23,ETH,0.5521956
2024-12-24,ETH,0.5521956
2024-12-25,ETH,0.53025603
2024-12-26,ETH,0.5240906
2024-12-27,ETH,0.50204396
2024-12-28,ETH,0.508227
2024-12-29,ETH,0.51390225
2024-12-30,ETH,0.51510376
2024-12-31,ETH,0.5023929
2025-01-01,ETH,0.3343712
2025-01-02,ETH,0.36990416
2025-01-03,ETH,0.36722878
2025-01-04,ETH,0.36617187
2025-01-05,ETH,0.38034624
2025-01-06,ETH,0.33915278
2025-01-07,ETH,0.31448206
2025-01-08,ETH,0.5060532
2025-01-09,ETH,0.52840954
2025-01-10,ETH,0.5067876
2025-01-11,ETH,0.5130206
2025-01-12,ETH,0.49821866
2025-01-13,ETH,0.5200501
2025-01-14,ETH,0.5350314
2025-01-15,ETH,0.5244407
2025-01-16,ETH,0.5186168
2025-01-17,ETH,0.5122614
2025-01-18,ETH,0.4937716
2025-01-19,ETH,0.5047618
2025-01-20,ETH,0.5029814
2025-01-21,ETH,0.4978003
2025-01-22,ETH,0.52025586
2025-01-23,ETH,0.5208707
2025-01-24,ETH,0.5145172
2025-01-25,ETH,0.47051886
2025-01-26,ETH,0.41007134
2025-01-27,ETH,0.36694643
2025-01-28,ETH,0.37937513
2025-01-29,ETH,0.38660908
2025-01-30,ETH,0.38265938
2025-01-31,ETH,0.32532555
2025-02-01,ETH,0.36913761
2025-02-02,ETH,0.3876012
2025-02-03,ETH,0.4344322
2025-02-04,ETH,0.4344322
2025-02-05,ETH,0.43050545
2025-02-06,ETH,0.43171588
2025-02-07,ETH,0.3549487
2025-02-08,ETH,0.37165222
2025-02-09,ETH,0.36468676
2025-02-10,ETH,0.3865617
2025-02-11,ETH,0.37774804
2025-02-12,ETH,0.4507485
2025-02-13,ETH,0.40084022
2025-02-14,ETH,0.4547911
2025-02-15,ETH,0.46724877
2025-02-16,ETH,0.46724877
2025-02-17,ETH,0.46724877
2025-02-18,ETH,0.46724877
2025-02-19,ETH,0.46724877
2025-02-20,ETH,0.4613871
2025-02-21,ETH,0.47237483
2025-02-22,ETH,0.4600507
2025-02-23,ETH,0.48948273
2025-02-24,ETH,0.483126
2025-02-25,ETH,0.29668468
2025-02-26,ETH,0.29668468
2025-02-27,ETH,0.27532455
2025-02-28,ETH,0.25010434
2025-03-01,ETH,0.28234473
2025-03-02,ETH,0.316888
2025-03-03,ETH,0.31185746
2025-03-04,ETH,0.5468352
2025-03-05,ETH,0.5468352
2025-03-06,ETH,0.5275854
2025-03-07,ETH,0.49739307
2025-03-08,ETH,0.4942756
2025-03-09,ETH,0.49753824
2025-03-10,ETH,0.500416
2025-03-11,ETH,0.5016185
2025-03-12,ETH,0.4945814
2025-03-13,ETH,0.44998655
2025-03-14,ETH,0.46809193
2025-03-15,ETH,0.4747597
2025-03-16,ETH,0.4560676
2025-03-17,ETH,0.4560676
2025-03-18,ETH,0.37989447
2025-03-19,ETH,0.35052726
2025-03-20,ETH,0.4178866
2025-03-21,ETH,0.44689158
2025-03-22,ETH,0.45664048
2025-03-23,ETH,0.46457696
2025-03-24,ETH,0.48820013
2025-03-25,ETH,0.49966702
2025-03-26,ETH,0.4234551
2025-03-27,ETH,0.3463889
2025-03-28,ETH,0.36988387
2024-07-01,SOM,0.52686495
2024-07-02,SOM,0.5212
2024-07-03,SOM,0.5354391
2024-07-04,SOM,0.39391425
2024-07-05,SOM,0.41612348
2024-07-06,SOM,0.39934966
2024-07-07,SOM,0.39815968
2024-07-08,SOM,0.394126
2024-07-09,SOM,0.3944482
2024-07-10,SOM,0.39093548
2024-07-11,SOM,0.5205805
2024-07-12,SOM,0.49122033
2024-07-13,SOM,0.4795546
2024-07-14,SOM,0.5212209
2024-07-15,SOM,0.49017626
2024-07-16,SOM,0.46540722
2024-07-17,SOM,0.3499695
2024-07-18,SOM,0.37391067
2024-07-19,SOM,0.41582057
2024-07-20,SOM,0.39034882
2024-07-21,SOM,0.41747928
2024-07-22,SOM,0.17907333
2024-07-23,SOM,0.1901111
2024-07-24,SOM,0.15718174
2024-07-25,SOM,0.15812661
2024-07-26,SOM,0.18261299
2024-07-27,SOM,0.17870785
2024-07-28,SOM,0.17120922
2024-07-29,SOM,0.18601719
2024-07-30,SOM,0.18166104
2024-07-31,SOM,0.19919355
2024-08-01,SOM,0.20106213
2024-08-02,SOM,0.1736128
2024-08-03,SOM,0.1843791
2024-08-04,SOM,0.1952649
2024-08-05,SOM,0.46661395
2024-08-06,SOM,0.4560954
2024-08-07,SOM,0.43905213
2024-08-08,SOM,0.43222523
2024-08-09,SOM,0.3125669
2024-08-10,SOM,0.32134333
2024-08-11,SOM,0.33917338
2024-08-12,SOM,0.34710705
2024-08-13,SOM,0.34710705
2024-08-14,SOM,0.3283372
2024-08-15,SOM,0.35972038
2024-08-16,SOM,0.51160955
2024-08-17,SOM,0.58723354
2024-08-18,SOM,0.54526275
2024-08-19,SOM,0.5383498
2024-08-20,SOM,0.38541186
2024-08-21,SOM,0.3798344
2024-08-22,SOM,0.38102606
2024-08-23,SOM,0.38879701
2024-08-24,SOM,0.35126716
2024-08-25,SOM,0.37047833
2024-08-26,SOM,0.3515116
2024-08-27,SOM,0.51056075
2024-08-28,SOM,0.5135334
2024-08-29,SOM,0.4958995
2024-08-30,SOM,0.5047693
2024-08-31,SOM,0.5245019
2024-09-01,SOM,0.5073897
2024-09-02,SOM,0.49970788
2024-09-03,SOM,0.5212186
2024-09-04,SOM,0.5345069
2024-09-05,SOM,0.53405064
2024-09-06,SOM,0.52723354
2024-09-07,SOM,0.5214126
2024-09-08,SOM,0.4714119
2024-09-09,SOM,0.4714119
2024-09-10,SOM,0.45158544
2024-09-11,SOM,0.4724322
2024-09-12,SOM,0.47220019
2024-09-13,SOM,0.48045963
2024-09-14,SOM,0.45470363
2024-09-15,SOM,0.4636136
2024-09-16,SOM,0.4523022
2024-09-17,SOM,0.48838907
2024-09-18,SOM,0.48718736
2024-09-19,SOM,0.4664844
2024-09-20,SOM,0.47349617
2024-09-21,SOM,0.483802
2024-09-22,SOM,0.47677574
2024-09-23,SOM,0.47677574
2024-09-24,SOM,0.48480913
2024-09-25,SOM,0.4281255
2024-09-26,SOM,0.472311
2024-09-27,SOM,0.448801
2024-09-28,SOM,0.43589956
2024-09-29,SOM,0.44283324
2024-09-30,SOM,0.44283324
2024-10-01,SOM,0.3595033
2024-10-02,SOM,0.49919343
2024-10-03,SOM,0.49215668
2024-10-04,SOM,0.49089316
2024-10-05,SOM,0.48109102
2024-10-06,SOM,0.48109102
2024-10-07,SOM,0.48109102
2024-10-08,SOM,0.5470001
2024-10-09,SOM,0.53518593
2024-10-10,SOM,0.5168097
2024-10-11,SOM,0.39224625
2024-10-12,SOM,0.36065224
2024-10-13,SOM,0.3141976
2024-10-14,SOM,0.32436576
2024-10-15,SOM,0.3018783
2024-10-16,SOM,0.30785432
2024-10-17,SOM,0.29080185
2024-10-18,SOM,0.2900717
2024-10-19,SOM,0.37903246
2024-10-20,SOM,0.42789537
2024-10-21,SOM,0.42789537
2024-10-22,SOM,0.49042118
2024-10-23,SOM,0.43985903
2024-10-24,SOM,0.39039078
2024-10-25,SOM,0.3889217
2024-10-26,SOM,0.29295138
2024-10-27,SOM,0.32727674
2024-10-28,SOM,0.33048642
2024-10-29,SOM,0.33727652
2024-10-30,SOM,0.34257
2024-10-31,SOM,0.34835464
2024-11-01,SOM,0.32919237
2024-11-02,SOM,0.38717473
2024-11-03,SOM,0.3876559
2024-11-04,SOM,0.40142366
2024-11-05,SOM,0.39228415
2024-11-06,SOM,0.3812969
2024-11-07,SOM,0.41927275
2024-11-08,SOM,0.3108771
2024-11-09,SOM,0.34332174
2024-11-10,SOM,0.30739963
2024-11-11,SOM,0.3168573
2024-11-12,SOM,0.3390835
2024-11-13,SOM,0.30750832
2024-11-14,SOM,0.33468437
2024-11-15,SOM,0.30917
2024-11-16,SOM,0.33567655
2024-11-17,SOM,0.3128621
2024-11-18,SOM,0.3128621
2024-11-19,SOM,0.29998514
2024-11-20,SOM,0.37837362
2024-11-21,SOM,0.3582733
2024-11-22,SOM,0.3724467
2024-11-23,SOM,0.382826
2024-11-24,SOM,0.40660706
2024-11-25,SOM,0.47334388
2024-11-26,SOM,0.5246661
2024-11-27,SOM,0.53419703
2024-11-28,SOM,0.53419703
2024-11-29,SOM,0.5149607
2024-11-30,SOM,0.53152496
2024-12-01,SOM,0.53963405
2024-12-02,SOM,0.5792086
2024-12-03,SOM,0.5835798
2024-12-04,SOM,0.52325124
2024-12-05,SOM,0.51691943
2024-12-06,SOM,0.5244892
2024-12-07,SOM,0.50642425
2024-12-08,SOM,0.51599747
2024-12-09,SOM,0.50970846
2024-12-10,SOM,0.3760432
2024-12-11,SOM,0.42488194
2024-12-12,SOM,0.40490288
2024-12-13,SOM,0.3362855
2024-12-14,SOM,0.3592787
2024-12-15,SOM,0.3592787
2024-12-16,SOM,0.3592787
2024-12-17,SOM,0.4188474
2024-12-18,SOM,0.37590626
2024-12-19,SOM,0.38413742
2024-12-20,SOM,0.5246096
2024-12-21,SOM,0.5144323
2024-12-22,SOM,0.41468975
2024-12-23,SOM,0.39575008
2024-12-24,SOM,0.35387775
2024-12-25,SOM,0.37003964
2024-12-26,SOM,0.39187884
2024-12-27,SOM,0.3664362
2024-12-28,SOM,0.38544118
2024-12-29,SOM,0.4527403
2024-12-30,SOM,0.47475794
2024-12-31,SOM,0.45464817
2025-01-01,SOM,0.44000864
2025-01-02,SOM,0.4509489
2025-01-03,SOM,0.49331996
2025-01-04,SOM,0.47951376
2025-01-05,SOM,0.50686014
2025-01-06,SOM,0.50866616
2025-01-07,SOM,0.39539707
2025-01-08,SOM,0.3115436
2025-01-09,SOM,0.31766617
2025-01-10,SOM,0.3144187
2025-01-11,SOM,0.3220243
2025-01-12,SOM,0.34855762
2025-01-13,SOM,0.3652619
2025-01-14,SOM,0.4563325
2025-01-15,SOM,0.5264021
2025-01-16,SOM,0.5201226
2025-01-17,SOM,0.55629736
2025-01-18,SOM,0.47512233
2025-01-19,SOM,0.48127645
2025-01-20,SOM,0.3445536
2025-01-21,SOM,0.22796622
2025-01-22,SOM,0.21731965
2025-01-23,SOM,0.20345046
2025-01-24,SOM,0.22709392
2025-01-25,SOM,0.21511798
2025-01-26,SOM,0.23771913
2025-01-27,SOM,0.27724227
2025-01-28,SOM,0.5095108
2025-01-29,SOM,0.53958553
2025-01-30,SOM,0.5288108
2025-01-31,SOM,0.47749048
2025-02-01,SOM,0.4405827
2025-02-02,SOM,0.46093705
2025-02-03,SOM,0.4554174
2025-02-04,SOM,0.3608698
2025-02-05,SOM,0.3353285
2025-02-06,SOM,0.2832539
2025-02-07,SOM,0.26446667
2025-02-08,SOM,0.2244031
2025-02-09,SOM,0.24746068
2025-02-10,SOM,0.24127792
2025-02-11,SOM,0.23569888
2025-02-12,SOM,0.24917115
2025-02-13,SOM,0.24389388
2025-02-14,SOM,0.21100707
2025-02-15,SOM,0.2138968
2025-02-16,SOM,0.23094174
2025-02-17,SOM,0.25242177
2025-02-18,SOM,0.2578991
2025-02-19,SOM,0.24279901
2025-02-20,SOM,0.24597023
2025-02-21,SOM,0.25516137
2025-02-22,SOM,0.24460633
2025-02-23,SOM,0.2939152
2025-02-24,SOM,0.25352997
2025-02-25,SOM,0.34809017
2025-02-26,SOM,0.42460683
2025-02-27,SOM,0.33220518
2025-02-28,SOM,0.3421437
2025-03-01,SOM,0.35595912
2025-03-02,SOM,0.3445255
2025-03-03,SOM,0.35516685
2025-03-04,SOM,0.26767752
2025-03-05,SOM,0.24862908
2025-03-06,SOM,0.2804632
2025-03-07,SOM,0.2544765
2025-03-08,SOM,0.24357744
2025-03-09,SOM,0.24669771
2025-03-10,SOM,0.26409414
2025-03-11,SOM,0.28613782
2025-03-12,SOM,0.25335383
2025-03-13,SOM,0.21675947
2025-03-14,SOM,0.24546215
2025-03-15,SOM,0.27021208
2025-03-16,SOM,0.27018398
2025-03-17,SOM,0.27018398
2025-03-18,SOM,0.27761576
2025-03-19,SOM,0.30741513
2025-03-20,SOM,0.27051657
2025-03-21,SOM,0.35804588
2025-03-22,SOM,0.35362956
2025-03-23,SOM,0.30688956
2025-03-24,SOM,0.30179256
2025-03-25,SOM,0.22739172
2025-03-26,SOM,0.2593789
2025-03-27,SOM,0.22597778
2025-03-28,SOM,0.28491557
2024-07-01,KEN,0.38511306
2024-07-02,KEN,0.38536838
2024-07-03,KEN,0.39041522
2024-07-04,KEN,0.43050858
2024-07-05,KEN,0.43050858
2024-07-06,KEN,0.39288026
2024-07-07,KEN,0.39288026
2024-07-08,KEN,0.3976711
2024-07-09,KEN,0.39819884
2024-07-10,KEN,0.39406168
2024-07-11,KEN,0.40996552
2024-07-12,KEN,0.40996552
2024-07-13,KEN,0.48798248
2024-07-14,KEN,0.4833706
2024-07-15,KEN,0.47457433
2024-07-16,KEN,0.47457433
2024-07-17,KEN,0.4833706
2024-07-18,KEN,0.34543
2024-07-19,KEN,0.33770865
2024-07-20,KEN,0.34579793
2024-07-21,KEN,0.33837074
2024-07-22,KEN,0.31821638
2024-07-23,KEN,0.30195707
2024-07-24,KEN,0.32395014
2024-07-25,KEN,0.49938783
2024-07-26,KEN,0.5267717
2024-07-27,KEN,0.52969515
2024-07-28,KEN,0.5194004
2024-07-29,KEN,0.43355933
2024-07-30,KEN,0.42850173
2024-07-31,KEN,0.4739447
2024-08-01,KEN,0.45585713
2024-08-02,KEN,0.46535125
2024-08-03,KEN,0.46189225
2024-08-04,KEN,0.46189225
2024-08-05,KEN,0.54715806
2024-08-06,KEN,0.5372018
2024-08-07,KEN,0.5372018
2024-08-08,KEN,0.5372018
2024-08-09,KEN,0.5487954
2024-08-10,KEN,0.5154761
2024-08-11,KEN,0.5134575
2024-08-12,KEN,0.50482476
2024-08-13,KEN,0.4938793
2024-08-14,KEN,0.4951937
2024-08-15,KEN,0.4951937
2024-08-16,KEN,0.4958995
2024-08-17,KEN,0.49611664
2024-08-18,KEN,0.44749144
2024-08-19,KEN,0.3591002
2024-08-20,KEN,0.35943884
2024-08-21,KEN,0.3567208
2024-08-22,KEN,0.34848836
2024-08-23,KEN,0.34830528
2024-08-24,KEN,0.34040123
2024-08-25,KEN,0.35383433
2024-08-26,KEN,0.3500184
2024-08-27,KEN,0.38334653
2024-08-28,KEN,0.3585994
2024-08-29,KEN,0.34579393
2024-08-30,KEN,0.35415617
2024-08-31,KEN,0.36678958
2024-09-01,KEN,0.33832514
2024-09-02,KEN,0.53261966
2024-09-03,KEN,0.53026414
2024-09-04,KEN,0.4319882
2024-09-05,KEN,0.4410343
2024-09-06,KEN,0.4410343
2024-09-07,KEN,0.43691278
2024-09-08,KEN,0.4787287
2024-09-09,KEN,0.4744926
2024-09-10,KEN,0.47164193
2024-09-11,KEN,0.50097036
2024-09-12,KEN,0.49697176
2024-09-13,KEN,0.49697176
2024-09-14,KEN,0.50271696
2024-09-15,KEN,0.50271696
2024-09-16,KEN,0.49563572
2024-09-17,KEN,0.51439345
2024-09-18,KEN,0.64751863
2024-09-19,KEN,0.6516348
2024-09-20,KEN,0.64800596
2024-09-21,KEN,0.5892948
2024-09-22,KEN,0.5512527
2024-09-23,KEN,0.51147527
2024-09-24,KEN,0.41652405
2024-09-25,KEN,0.31292212
2024-09-26,KEN,0.2772519
2024-09-27,KEN,0.2818899
2024-09-28,KEN,0.3238394
2024-09-29,KEN,0.28758985
2024-09-30,KEN,0.29253706
2024-10-01,KEN,0.33067712
2024-10-02,KEN,0.38157412
2024-10-03,KEN,0.39511994
2024-10-04,KEN,0.3478958
2024-10-05,KEN,0.3864602
2024-10-06,KEN,0.5553952
2024-10-07,KEN,0.5553952
2024-10-08,KEN,0.7141028
2024-10-09,KEN,0.65355325
2024-10-10,KEN,0.6527228
2024-10-11,KEN,0.48202544
2024-10-12,KEN,0.41488153
2024-10-13,KEN,0.409711
2024-10-14,KEN,0.39599243
2024-10-15,KEN,0.4181909
2024-10-16,KEN,0.35164604
2024-10-17,KEN,0.32835728
2024-10-18,KEN,0.3526647
2024-10-19,KEN,0.3482268
2024-10-20,KEN,0.35685116
2024-10-21,KEN,0.3482268
2024-10-22,KEN,0.3482268
2024-10-23,KEN,0.38370547
2024-10-24,KEN,0.41473618
2024-10-25,KEN,0.4426635
2024-10-26,KEN,0.3307451
2024-10-27,KEN,0.3307451
2024-10-28,KEN,0.36281282
2024-10-29,KEN,0.30812737
2024-10-30,KEN,0.38498908
2024-10-31,KEN,0.39139727
2024-11-01,KEN,0.38851935
2024-11-02,KEN,0.64445615
2024-11-03,KEN,0.48292056
2024-11-04,KEN,0.4455816
2024-11-05,KEN,0.47683135
2024-11-06,KEN,0.39924407
2024-11-07,KEN,0.3595834
2024-11-08,KEN,0.37796035
2024-11-09,KEN,0.41748363
2024-11-10,KEN,0.43043107
2024-11-11,KEN,0.46263474
2024-11-12,KEN,0.4915665
2024-11-13,KEN,0.630468
2024-11-14,KEN,0.630468
2024-11-15,KEN,0.62615645
2024-11-16,KEN,0.6342454
2024-11-17,KEN,0.52104574
2024-11-18,KEN,0.52104574
2024-11-19,KEN,0.52104574
2024-11-20,KEN,0.52104574
2024-11-21,KEN,0.52270365
2024-11-22,KEN,0.47401282
2024-11-23,KEN,0.46686158
2024-11-24,KEN,0.6592597
2024-11-25,KEN,0.6481917
2024-11-26,KEN,0.6090052
2024-11-27,KEN,0.6387247
2024-11-28,KEN,0.33955005
2024-11-29,KEN,0.33441347
2024-11-30,KEN,0.34230638
2024-12-01,KEN,0.32983327
2024-12-02,KEN,0.33493277
2024-12-03,KEN,0.32010436
2024-12-04,KEN,0.29894727
2024-12-05,KEN,0.6335204
2024-12-06,KEN,0.6707646
2024-12-07,KEN,0.7221216
2024-12-08,KEN,0.7221216
2024-12-09,KEN,0.7204209
2024-12-10,KEN,0.7165967
2024-12-11,KEN,0.71139807
2024-12-12,KEN,0.72576255
2024-12-13,KEN,0.72205675
2024-12-14,KEN,0.73870414
2024-12-15,KEN,0.73870414
2024-12-16,KEN,0.6643572
2024-12-17,KEN,0.60586244
2024-12-18,KEN,0.60586244
2024-12-19,KEN,0.5986757
2024-12-20,KEN,0.5986757
2024-12-21,KEN,0.39178723
2024-12-22,KEN,0.39178723
2024-12-23,KEN,0.39178723
2024-12-24,KEN,0.39178723
2024-12-25,KEN,0.38452423
2024-12-26,KEN,0.38452423
2024-12-27,KEN,0.38452423
2024-12-28,KEN,0.62340957
2024-12-29,KEN,0.29716423
2024-12-30,KEN,0.30369815
2024-12-31,KEN,0.2907999
2025-01-01,KEN,0.30222344
2025-01-02,KEN,0.29620442
2025-01-03,KEN,0.28745824
2025-01-04,KEN,0.29620442
2025-01-05,KEN,0.4184268
2025-01-06,KEN,0.4184268
2025-01-07,KEN,0.4323662
2025-01-08,KEN,0.4323662
2025-01-09,KEN,0.43286014
2025-01-10,KEN,0.43286014
2025-01-11,KEN,0.43286014
2025-01-12,KEN,0.44402596
2025-01-13,KEN,0.45427325
2025-01-14,KEN,0.43876383
2025-01-15,KEN,0.45977452
2025-01-16,KEN,0.66199577
2025-01-17,KEN,0.66199577
2025-01-18,KEN,0.43556672
2025-01-19,KEN,0.42619756
2025-01-20,KEN,0.39634416
2025-01-21,KEN,0.39882714
2025-01-22,KEN,0.38842544
2025-01-23,KEN,0.38842544
2025-01-24,KEN,0.399707
2025-01-25,KEN,0.45296338
2025-01-26,KEN,0.46712914
2025-01-27,KEN,0.45935506
2025-01-28,KEN,0.35854262
2025-01-29,KEN,0.39574206
2025-01-30,KEN,0.3899923
2025-01-31,KEN,0.37651289
2025-02-01,KEN,0.39574206
2025-02-02,KEN,0.39574206
2025-02-03,KEN,0.42212063
2025-02-04,KEN,0.36945623
2025-02-05,KEN,0.39862677
2025-02-06,KEN,0.42808264
2025-02-07,KEN,0.42808264
2025-02-08,KEN,0.39016774
2025-02-09,KEN,0.36599773
2025-02-10,KEN,0.4112119
2025-02-11,KEN,0.4065297
2025-02-12,KEN,0.44915244
2025-02-13,KEN,0.47493538
2025-02-14,KEN,0.48433417
2025-02-15,KEN,0.50234455
2025-02-16,KEN,0.47642374
2025-02-17,KEN,0.4448546
2025-02-18,KEN,0.4471919
2025-02-19,KEN,0.4603105
2025-02-20,KEN,0.41962796
2025-02-21,KEN,0.4448546
2025-02-22,KEN,0.53315264
2025-02-23,KEN,0.5878166
2025-02-24,KEN,0.5878166
2025-02-25,KEN,0.53315264
2025-02-26,KEN,0.5167443
2025-02-27,KEN,0.514939
2025-02-28,KEN,0.5129937
2025-03-01,KEN,0.16210528
2025-03-02,KEN,0.15915273
2025-03-03,KEN,0.15810086
2025-03-04,KEN,0.16316709
2025-03-05,KEN,0.17353821
2025-03-06,KEN,0.16338456
2025-03-07,KEN,0.1494161
2025-03-08,KEN,0.54393053
2025-03-09,KEN,0.54393053
2025-03-10,KEN,0.5345273
2025-03-11,KEN,0.58316517
2025-03-12,KEN,0.58316517
2025-03-13,KEN,0.57932824
2025-03-14,KEN,0.56082225
2025-03-15,KEN,0.5889854
2025-03-16,KEN,0.5353492
2025-03-17,KEN,0.6283077
2025-03-18,KEN,0.5311362
2025-03-19,KEN,0.5321809
2025-03-20,KEN,0.528898
2025-03-21,KEN,0.528898
2025-03-22,KEN,0.528898
2025-03-23,KEN,0.5600007
2025-03-24,KEN,0.5380959
2025-03-25,KEN,0.6106961
2025-03-26,KEN,0.6345953
2025-03-27,KEN,0.6051068
2025-03-28,KEN,0.6214445
2024-07-01,UGA,0.7462506
2024-07-02,UGA,0.7462506
2024-07-03,UGA,0.7461886
2024-07-04,UGA,0.70225847
2024-07-05,UGA,0.739976
2024-07-06,UGA,0.27338132
2024-07-07,UGA,0.26531985
2024-07-08,UGA,0.25716144
2024-07-09,UGA,0.26839247
2024-07-10,UGA,0.2660415
2024-07-11,UGA,0.2342704
2024-07-12,UGA,0.2465239
2024-07-13,UGA,0.26540425
2024-07-14,UGA,0.26540425
2024-07-15,UGA,0.26540425
2024-07-16,UGA,0.2299791
2024-07-17,UGA,0.21501507
2024-07-18,UGA,0.61602116
2024-07-19,UGA,0.59500533
2024-07-20,UGA,0.6183417
2024-07-21,UGA,0.6183417
2024-07-22,UGA,0.6280866
2024-07-23,UGA,0.6280866
2024-07-24,UGA,0.64620084
2024-07-25,UGA,0.74181783
2024-07-26,UGA,0.74282235
2024-07-27,UGA,0.74282235
2024-07-28,UGA,0.24587002
2024-07-29,UGA,0.25015596
2024-07-30,UGA,0.25015596
2024-07-31,UGA,0.28754833
2024-08-01,UGA,0.27350438
2024-08-02,UGA,0.26679
2024-08-03,UGA,0.27891695
2024-08-04,UGA,0.64557654
2024-08-05,UGA,0.6553692
2024-08-06,UGA,0.6553692
2024-08-07,UGA,0.7340377
2024-08-08,UGA,0.7340377
2024-08-09,UGA,0.7340377
2024-08-10,UGA,0.72328806
2024-08-11,UGA,0.6194209
2024-08-12,UGA,0.5754047
2024-08-13,UGA,0.5754047
2024-08-14,UGA,0.5815083
2024-08-15,UGA,0.59184647
2024-08-16,UGA,0.5871664
2024-08-17,UGA,0.53613174
2024-08-18,UGA,0.69454724
2024-08-19,UGA,0.6934319
2024-08-20,UGA,0.6977949
2024-08-21,UGA,0.6906831
2024-08-22,UGA,0.7013672
2024-08-23,UGA,0.7013672
2024-08-24,UGA,0.6253037
2024-08-25,UGA,0.6253037
2024-08-26,UGA,0.6253037
2024-08-27,UGA,0.39256057
2024-08-28,UGA,0.39256057
2024-08-29,UGA,0.39256057
2024-08-30,UGA,0.36901364
2024-08-31,UGA,0.7098709
2024-09-01,UGA,0.7122219
2024-09-02,UGA,0.7122219
2024-09-03,UGA,0.7122219
2024-09-04,UGA,0.42557743
2024-09-05,UGA,0.36272988
2024-09-06,UGA,0.34731033
2024-09-07,UGA,0.34731033
2024-09-08,UGA,0.34731033
2024-09-09,UGA,0.34731033
2024-09-10,UGA,0.3484473
2024-09-11,UGA,0.49656838
2024-09-12,UGA,0.5077783
2024-09-13,UGA,0.5077783
2024-09-14,UGA,0.46671093
2024-09-15,UGA,0.4607509
2024-09-16,UGA,0.4607509
2024-09-17,UGA,0.47277278
2024-09-18,UGA,0.4607509
2024-09-19,UGA,0.516652
2024-09-20,UGA,0.5287024
2024-09-21,UGA,0.5433027
2024-09-22,UGA,0.53129464
2024-09-23,UGA,0.5029124
2024-09-24,UGA,0.5029124
2024-09-25,UGA,0.5029124
2024-09-26,UGA,0.47943676
2024-09-27,UGA,0.47943676
2024-09-28,UGA,0.7182617
2024-09-29,UGA,0.7182617
2024-09-30,UGA,0.7182617
2024-10-01,UGA,0.7182617
2024-10-02,UGA,0.44901183
2024-10-03,UGA,0.4552121
2024-10-04,UGA,0.44350332
2024-10-05,UGA,0.43341756
2024-10-06,UGA,0.43341756
2024-10-07,UGA,0.37173733
2024-10-08,UGA,0.37173733
2024-10-09,UGA,0.5094085
2024-10-10,UGA,0.47087067
2024-10-11,UGA,0.40396792
2024-10-12,UGA,0.3967008
2024-10-13,UGA,0.3967008
2024-10-14,UGA,0.3573058
2024-10-15,UGA,0.3573058
2024-10-16,UGA,0.3573058
2024-10-17,UGA,0.39706677
2024-10-18,UGA,0.4542586
2024-10-19,UGA,0.4459112
2024-10-20,UGA,0.26977536
2024-10-21,UGA,0.32445773
2024-10-22,UGA,0.3484477
2024-10-23,UGA,0.3484477
2024-10-24,UGA,0.34278667
2024-10-25,UGA,0.3484477
2024-10-26,UGA,0.34278667
2024-10-27,UGA,0.35287222
2024-10-28,UGA,0.35287222
2024-10-29,UGA,0.35287222
2024-10-30,UGA,0.35287222
2024-10-31,UGA,0.35287222
2024-11-01,UGA,0.34573254
2024-11-02,UGA,0.3484667
2024-11-03,UGA,0.6625481
2024-11-04,UGA,0.65738195
2024-11-05,UGA,0.23666047
2024-11-06,UGA,0.2334312
2024-11-07,UGA,0.22809708
2024-11-08,UGA,0.23103945
2024-11-09,UGA,0.22750777
2024-11-10,UGA,0.23463987
2024-11-11,UGA,0.23463987
2024-11-12,UGA,0.66452515
2024-11-13,UGA,0.6421889
2024-11-14,UGA,0.71020705
2024-11-15,UGA,0.7054461
2024-11-16,UGA,0.7068153
2024-11-17,UGA,0.7049501
2024-11-18,UGA,0.7049501
2024-11-19,UGA,0.7237947
2024-11-20,UGA,0.7237947
2024-11-21,UGA,0.7262169
2024-11-22,UGA,0.7262169
2024-11-23,UGA,0.7155645
2024-11-24,UGA,0.7121333
2024-11-25,UGA,0.72306734
2024-11-26,UGA,0.6823466
2024-11-27,UGA,0.6965119
2024-11-28,UGA,0.6965119
2024-11-29,UGA,0.7127161
2024-11-30,UGA,0.7157983
2024-12-01,UGA,0.51821387
2024-12-02,UGA,0.51821387
2024-12-03,UGA,0.52974075
2024-12-04,UGA,0.52291936
2024-12-05,UGA,0.2839477
2024-12-06,UGA,0.2839477
2024-12-07,UGA,0.297457
2024-12-08,UGA,0.6853243
2024-12-09,UGA,0.4510242
2024-12-10,UGA,0.4383436
2024-12-11,UGA,0.4383436
2024-12-12,UGA,0.45223215
2024-12-13,UGA,0.4300606
2024-12-14,UGA,0.4300606
2024-12-15,UGA,0.4300606
2024-12-16,UGA,0.4609644
2024-12-17,UGA,0.47298694
2024-12-18,UGA,0.47298694
2024-12-19,UGA,0.43892577
2024-12-20,UGA,0.46326607
2024-12-21,UGA,0.45812613
2024-12-22,UGA,0.45419472
2024-12-23,UGA,0.46237943
2024-12-24,UGA,0.47440642
2024-12-25,UGA,0.46237943
2024-12-26,UGA,0.66336226
2024-12-27,UGA,0.7290035
2024-12-28,UGA,0.7255553
2024-12-29,UGA,0.7255553
2024-12-30,UGA,0.7255553
2024-12-31,UGA,0.4332266
2025-01-01,UGA,0.42703718
2025-01-02,UGA,0.44130284
2025-01-03,UGA,0.42473716
2025-01-04,UGA,0.42473716
2025-01-05,UGA,0.42473716
2025-01-06,UGA,0.45950836
2025-01-07,UGA,0.7208294
2025-01-08,UGA,0.4689927
2025-01-09,UGA,0.49560943
2025-01-10,UGA,0.49560943
2025-01-11,UGA,0.47494847
2025-01-12,UGA,0.48396233
2025-01-13,UGA,0.42964143
2025-01-14,UGA,0.42964143
2025-01-15,UGA,0.44568792
2025-01-16,UGA,0.3539079
2025-01-17,UGA,0.3539079
2025-01-18,UGA,0.34205118
2025-01-19,UGA,0.35216025
2025-01-20,UGA,0.42729694
2025-01-21,UGA,0.42729694
2025-01-22,UGA,0.426752
2025-01-23,UGA,0.65411067
2025-01-24,UGA,0.65530103
2025-01-25,UGA,0.39089456
2025-01-26,UGA,0.34408703
2025-01-27,UGA,0.34661034
2025-01-28,UGA,0.34498745
2025-01-29,UGA,0.34379858
2025-01-30,UGA,0.34181985
2025-01-31,UGA,0.34677386
2025-02-01,UGA,0.41420898
2025-02-02,UGA,0.35058427
2025-02-03,UGA,0.3870511
2025-02-04,UGA,0.47146654
2025-02-05,UGA,0.47146654
2025-02-06,UGA,0.47146654
2025-02-07,UGA,0.47423038
2025-02-08,UGA,0.47423038
2025-02-09,UGA,0.71588224
2025-02-10,UGA,0.71588224
2025-02-11,UGA,0.7176356
2025-02-12,UGA,0.74057835
2025-02-13,UGA,0.74057835
2025-02-14,UGA,0.7440918
2025-02-15,UGA,0.74057835
2025-02-16,UGA,0.74434215
2025-02-17,UGA,0.54674566
2025-02-18,UGA,0.54674566
2025-02-19,UGA,0.54674566
2025-02-20,UGA,0.5404965
2025-02-21,UGA,0.53072375
2025-02-22,UGA,0.53072375
2025-02-23,UGA,0.5404965
2025-02-24,UGA,0.49805045
2025-02-25,UGA,0.4904836
2025-02-26,UGA,0.47582385
2025-02-27,UGA,0.46671093
2025-02-28,UGA,0.41555363
2025-03-01,UGA,0.41555363
2025-03-02,UGA,0.41555363
2025-03-03,UGA,0.5178072
2025-03-04,UGA,0.49526042
2025-03-05,UGA,0.35075638
2025-03-06,UGA,0.35075638
2025-03-07,UGA,0.35664296
2025-03-08,UGA,0.3434527
2025-03-09,UGA,0.3434527
2025-03-10,UGA,0.3434527
2025-03-11,UGA,0.35664296
2025-03-12,UGA,0.37909946
2025-03-13,UGA,0.37909946
2025-03-14,UGA,0.70924526
2025-03-15,UGA,0.7132173
2025-03-16,UGA,0.51154435
2025-03-17,UGA,0.51154435
2025-03-18,UGA,0.51844186
2025-03-19,UGA,0.51154435
2025-03-20,UGA,0.51844186
2025-03-21,UGA,0.51844186
2025-03-22,UGA,0.51844186
2025-03-23,UGA,0.5375689
2025-03-24,UGA,0.54032415
2025-03-25,UGA,0.54378515
2025-03-26,UGA,0.54378515
2025-03-27,UGA,0.54378515
2025-03-28,UGA,0.54378515
2024-07-01,ERI,0.48773363
2024-07-02,ERI,0.49073854
2024-07-03,ERI,0.48773363
2024-07-04,ERI,0.48773363
2024-07-05,ERI,0.48443785
2024-07-06,ERI,0.4950037
2024-07-07,ERI,0.4964302
2024-07-08,ERI,0.4964302
2024-07-09,ERI,0.4950037
2024-07-10,ERI,0.4868234
2024-07-11,ERI,0.49830192
2024-07-12,ERI,0.4851941
2024-07-13,ERI,0.47464082
2024-07-14,ERI,0.47464082
2024-07-15,ERI,0.48773363
2024-07-16,ERI,0.48773363
2024-07-17,ERI,0.4640112
2024-07-18,ERI,0.47212014
2024-07-19,ERI,0.47212014
2024-07-20,ERI,0.26505983
2024-07-21,ERI,0.28891614
2024-07-22,ERI,0.30792597
2024-07-23,ERI,0.32734543
2024-07-24,ERI,0.295623
2024-07-25,ERI,0.29520413
2024-07-26,ERI,0.28826827
2024-07-27,ERI,0.2899332
2024-07-28,ERI,0.30081838
2024-07-29,ERI,0.29144517
2024-07-30,ERI,0.28182453
2024-07-31,ERI,0.24533509
2024-08-01,ERI,0.23003507
2024-08-02,ERI,0.3264496
2024-08-03,ERI,0.25093976
2024-08-04,ERI,0.25419798
2024-08-05,ERI,0.26596448
2024-08-06,ERI,0.24567257
2024-08-07,ERI,0.25767493
2024-08-08,ERI,0.27101117
2024-08-09,ERI,0.24505939
2024-08-10,ERI,0.36733505
2024-08-11,ERI,0.35284474
2024-08-12,ERI,0.35896495
2024-08-13,ERI,0.41898704
2024-08-14,ERI,0.43452665
2024-08-15,ERI,0.40812692
2024-08-16,ERI,0.3913585
2024-08-17,ERI,0.3756391
2024-08-18,ERI,0.4420423
2024-08-19,ERI,0.44535315
2024-08-20,ERI,0.4237757
2024-08-21,ERI,0.37507352
2024-08-22,ERI,0.34449604
2024-08-23,ERI,0.3163001
2024-08-24,ERI,0.28734592
2024-08-25,ERI,0.28734592
2024-08-26,ERI,0.47673425
2024-08-27,ERI,0.48068318
2024-08-28,ERI,0.46348798
2024-08-29,ERI,0.46615466
2024-08-30,ERI,0.46710032
2024-08-31,ERI,0.4781791
2024-09-01,ERI,0.48629206
2024-09-02,ERI,0.56094056
2024-09-03,ERI,0.55106145
2024-09-04,ERI,0.54642534
2024-09-05,ERI,0.5131189
2024-09-06,ERI,0.4831297
2024-09-07,ERI,0.47614628
2024-09-08,ERI,0.48608726
2024-09-09,ERI,0.48608726
2024-09-10,ERI,0.55957824
2024-09-11,ERI,0.55155534
2024-09-12,ERI,0.55957824
2024-09-13,ERI,0.5182935
2024-09-14,ERI,0.5182935
2024-09-15,ERI,0.53187925
2024-09-16,ERI,0.53397214
2024-09-17,ERI,0.54683936
2024-09-18,ERI,0.5631325
2024-09-19,ERI,0.5631325
2024-09-20,ERI,0.5631325
2024-09-21,ERI,0.52899915
2024-09-22,ERI,0.52036554
2024-09-23,ERI,0.52036554
2024-09-24,ERI,0.5400266
2024-09-25,ERI,0.33584657
2024-09-26,ERI,0.35037383
2024-09-27,ERI,0.30329683
2024-09-28,ERI,0.26617828
2024-09-29,ERI,0.29024243
2024-09-30,ERI,0.27098614
2024-10-01,ERI,0.30234185
2024-10-02,ERI,0.21226645
2024-10-03,ERI,0.24177332
2024-10-04,ERI,0.20515437
2024-10-05,ERI,0.247943
2024-10-06,ERI,0.247943
2024-10-07,ERI,0.247943
2024-10-08,ERI,0.25346154
2024-10-09,ERI,0.27616775
2024-10-10,ERI,0.2611989
2024-10-11,ERI,0.34337872
2024-10-12,ERI,0.37323037
2024-10-13,ERI,0.40935752
2024-10-14,ERI,0.38747153
2024-10-15,ERI,0.3994275
2024-10-16,ERI,0.35721096
2024-10-17,ERI,0.36368075
2024-10-18,ERI,0.28798407
2024-10-19,ERI,0.3502821
2024-10-20,ERI,0.34632826
2024-10-21,ERI,0.34632826
2024-10-22,ERI,0.27863547
2024-10-23,ERI,0.29163265
2024-10-24,ERI,0.3598329
2024-10-25,ERI,0.27218893
2024-10-26,ERI,0.20744795
2024-10-27,ERI,0.2928773
2024-10-28,ERI,0.26550153
2024-10-29,ERI,0.2979305
2024-10-30,ERI,0.35520926
2024-10-31,ERI,0.24514458
2024-11-01,ERI,0.23019281
2024-11-02,ERI,0.35199913
2024-11-03,ERI,0.3735014
2024-11-04,ERI,0.3783061
2024-11-05,ERI,0.3048212
2024-11-06,ERI,0.32620734
2024-11-07,ERI,0.3099371
2024-11-08,ERI,0.3454614
2024-11-09,ERI,0.39575133
2024-11-10,ERI,0.29633838
2024-11-11,ERI,0.36913514
2024-11-12,ERI,0.31241843
2024-11-13,ERI,0.25238717
2024-11-14,ERI,0.29512277
2024-11-15,ERI,0.23539749
2024-11-16,ERI,0.16434132
2024-11-17,ERI,0.17044473
2024-11-18,ERI,0.13153225
2024-11-19,ERI,0.14880192
2024-11-20,ERI,0.14781617
2024-11-21,ERI,0.16094282
2024-11-22,ERI,0.14347899
2024-11-23,ERI,0.18456192
2024-11-24,ERI,0.21183246
2024-11-25,ERI,0.1877084
2024-11-26,ERI,0.23001161
2024-11-27,ERI,0.3552307
2024-11-28,ERI,0.3411755
2024-11-29,ERI,0.34983975
2024-11-30,ERI,0.3408554
2024-12-01,ERI,0.35192075
2024-12-02,ERI,0.3461816
2024-12-03,ERI,0.29220238
2024-12-04,ERI,0.19855596
2024-12-05,ERI,0.19333404
2024-12-06,ERI,0.2253401
2024-12-07,ERI,0.2297799
2024-12-08,ERI,0.22124396
2024-12-09,ERI,0.23113498
2024-12-10,ERI,0.18604364
2024-12-11,ERI,0.28523904
2024-12-12,ERI,0.26694813
2024-12-13,ERI,0.32941353
2024-12-14,ERI,0.2312681
2024-12-15,ERI,0.24460845
2024-12-16,ERI,0.2437405
2024-12-17,ERI,0.28261703
2024-12-18,ERI,0.31050697
2024-12-19,ERI,0.3057864
2024-12-20,ERI,0.28676733
2024-12-21,ERI,0.27470434
2024-12-22,ERI,0.3251724
2024-12-23,ERI,0.33249143
2024-12-24,ERI,0.3404414
2024-12-25,ERI,0.35411236
2024-12-26,ERI,0.35411236
2024-12-27,ERI,0.40590706
2024-12-28,ERI,0.37682614
2024-12-29,ERI,0.3506059
2024-12-30,ERI,0.3762701
2024-12-31,ERI,0.34392977
2025-01-01,ERI,0.27560055
2025-01-02,ERI,0.28715548
2025-01-03,ERI,0.25476745
2025-01-04,ERI,0.30351156
2025-01-05,ERI,0.31559002
2025-01-06,ERI,0.30351156
2025-01-07,ERI,0.28827426
2025-01-08,ERI,0.28236362
2025-01-09,ERI,0.31753242
2025-01-10,ERI,0.28233153
2025-01-11,ERI,0.21905047
2025-01-12,ERI,0.23696657
2025-01-13,ERI,0.2444528
2025-01-14,ERI,0.23722497
2025-01-15,ERI,0.23560509
2025-01-16,ERI,0.23927325
2025-01-17,ERI,0.25472724
2025-01-18,ERI,0.2875354
2025-01-19,ERI,0.3005894
2025-01-20,ERI,0.3036007
2025-01-21,ERI,0.30100533
2025-01-22,ERI,0.30318698
2025-01-23,ERI,0.26302385
2025-01-24,ERI,0.25398868
2025-01-25,ERI,0.23425679
2025-01-26,ERI,0.28448892
2025-01-27,ERI,0.28324515
2025-01-28,ERI,0.2862833
2025-01-29,ERI,0.26299685
2025-01-30,ERI,0.26665968
2025-01-31,ERI,0.27303243
2025-02-01,ERI,0.33592805
2025-02-02,ERI,0.32991612
2025-02-03,ERI,0.3055553
2025-02-04,ERI,0.36693004
2025-02-05,ERI,0.38925785
2025-02-06,ERI,0.3518229
2025-02-07,ERI,0.36069635
2025-02-08,ERI,0.28246403
2025-02-09,ERI,0.2698934
2025-02-10,ERI,0.2698934
2025-02-11,ERI,0.33145437
2025-02-12,ERI,0.2839301
2025-02-13,ERI,0.1858585
2025-02-14,ERI,0.25064468
2025-02-15,ERI,0.2523748
2025-02-16,ERI,0.19825488
2025-02-17,ERI,0.20403296
2025-02-18,ERI,0.16822454
2025-02-19,ERI,0.17005157
2025-02-20,ERI,0.17300174
2025-02-21,ERI,0.14532174
2025-02-22,ERI,0.2738174
2025-02-23,ERI,0.28968215
2025-02-24,ERI,0.2517504
2025-02-25,ERI,0.28162766
2025-02-26,ERI,0.26559606
2025-02-27,ERI,0.25642827
2025-02-28,ERI,0.26986107
2025-03-01,ERI,0.25266635
2025-03-02,ERI,0.23993568
2025-03-03,ERI,0.2291451
2025-03-04,ERI,0.25299445
2025-03-05,ERI,0.2998483
2025-03-06,ERI,0.2908464
2025-03-07,ERI,0.26050174
2025-03-08,ERI,0.29397666
2025-03-09,ERI,0.29397666
2025-03-10,ERI,0.27059636
2025-03-11,ERI,0.26416495
2025-03-12,ERI,0.2730913
2025-03-13,ERI,0.23984046
2025-03-14,ERI,0.30729067
2025-03-15,ERI,0.2848332
2025-03-16,ERI,0.2848332
2025-03-17,ERI,0.27986693
2025-03-18,ERI,0.22798194
2025-03-19,ERI,0.232463
2025-03-20,ERI,0.22068237
2025-03-21,ERI,0.19065316
2025-03-22,ERI,0.17815873
2025-03-23,ERI,0.17905119
2025-03-24,ERI,0.18888871
2025-03-25,ERI,0.23016106
2025-03-26,ERI,0.22583506
2025-03-27,ERI,0.12005486
2025-03-28,ERI,0.13193458
2024-07-01,MOZ,0.5935219
2024-07-02,MOZ,0.5935219
2024-07-03,MOZ,0.60576636
2024-07-04,MOZ,0.5956814
2024-07-05,MOZ,0.45036188
2024-07-06,MOZ,0.4500418
2024-07-07,MOZ,0.5635124
2024-07-08,MOZ,0.50420576
2024-07-09,MOZ,0.5186924
2024-07-10,MOZ,0.5186924
2024-07-11,MOZ,0.5635124
2024-07-12,MOZ,0.55811083
2024-07-13,MOZ,0.5614438
2024-07-14,MOZ,0.608742
2024-07-15,MOZ,0.6038521
2024-07-16,MOZ,0.5680687
2024-07-17,MOZ,0.4976348
2024-07-18,MOZ,0.4679691
2024-07-19,MOZ,0.4866818
2024-07-20,MOZ,0.4866818
2024-07-21,MOZ,0.4866818
2024-07-22,MOZ,0.49559438
2024-07-23,MOZ,0.53886706
2024-07-24,MOZ,0.57887137
2024-07-25,MOZ,0.73337907
2024-07-26,MOZ,0.73697454
2024-07-27,MOZ,0.75814503
2024-07-28,MOZ,0.75680333
2024-07-29,MOZ,0.73555636
2024-07-30,MOZ,0.7364313
2024-07-31,MOZ,0.73810416
2024-08-01,MOZ,0.7445677
2024-08-02,MOZ,0.7445677
2024-08-03,MOZ,0.7445677
2024-08-04,MOZ,0.74103945
2024-08-05,MOZ,0.5338023
2024-08-06,MOZ,0.53361416
2024-08-07,MOZ,0.5312509
2024-08-08,MOZ,0.5326305
2024-08-09,MOZ,0.52372515
2024-08-10,MOZ,0.5280647
2024-08-11,MOZ,0.5376729
2024-08-12,MOZ,0.72888875
2024-08-13,MOZ,0.7288868
2024-08-14,MOZ,0.57805467
2024-08-15,MOZ,0.449901
2024-08-16,MOZ,0.43883622
2024-08-17,MOZ,0.42442766
2024-08-18,MOZ,0.4297938
2024-08-19,MOZ,0.4297938
2024-08-20,MOZ,0.43865007
2024-08-21,MOZ,0.45287797
2024-08-22,MOZ,0.62493306
2024-08-23,MOZ,0.72299165
2024-08-24,MOZ,0.7309056
2024-08-25,MOZ,0.7254278
2024-08-26,MOZ,0.7254278
2024-08-27,MOZ,0.72338945
2024-08-28,MOZ,0.7254278
2024-08-29,MOZ,0.7400029
2024-08-30,MOZ,0.7400029
2024-08-31,MOZ,0.7419625
2024-09-01,MOZ,0.7419625
2024-09-02,MOZ,0.7419625
2024-09-03,MOZ,0.7419625
2024-09-04,MOZ,0.73861766
2024-09-05,MOZ,0.7601581
2024-09-06,MOZ,0.7586222
2024-09-07,MOZ,0.53351
2024-09-08,MOZ,0.53329813
2024-09-09,MOZ,0.53329813
2024-09-10,MOZ,0.54016465
2024-09-11,MOZ,0.54637533
2024-09-12,MOZ,0.41921446
2024-09-13,MOZ,0.39834172
2024-09-14,MOZ,0.36187854
2024-09-15,MOZ,0.36014375
2024-09-16,MOZ,0.36187854
2024-09-17,MOZ,0.36187854
2024-09-18,MOZ,0.3753719
2024-09-19,MOZ,0.730083
2024-09-20,MOZ,0.63924277
2024-09-21,MOZ,0.63924277
2024-09-22,MOZ,0.63924277
2024-09-23,MOZ,0.63290906
2024-09-24,MOZ,0.38811013
2024-09-25,MOZ,0.3744334
2024-09-26,MOZ,0.40873328
2024-09-27,MOZ,0.40873328
2024-09-28,MOZ,0.41801408
2024-09-29,MOZ,0.41801408
2024-09-30,MOZ,0.4275488
2024-10-01,MOZ,0.73427445
2024-10-02,MOZ,0.37344667
2024-10-03,MOZ,0.35021016
2024-10-04,MOZ,0.33728275
2024-10-05,MOZ,0.37578586
2024-10-06,MOZ,0.36599553
2024-10-07,MOZ,0.3421833
2024-10-08,MOZ,0.3421833
2024-10-09,MOZ,0.5161675
2024-10-10,MOZ,0.7178988
2024-10-11,MOZ,0.71996194
2024-10-12,MOZ,0.7119721
2024-10-13,MOZ,0.7119721
2024-10-14,MOZ,0.7079899
2024-10-15,MOZ,0.7162193
2024-10-16,MOZ,0.6829784
2024-10-17,MOZ,0.68744576
2024-10-18,MOZ,0.68256
2024-10-19,MOZ,0.68256
2024-10-20,MOZ,0.67379916
2024-10-21,MOZ,0.6581418
2024-10-22,MOZ,0.6697079
2024-10-23,MOZ,0.6785613
2024-10-24,MOZ,0.6712911
2024-10-25,MOZ,0.59543693
2024-10-26,MOZ,0.57944506
2024-10-27,MOZ,0.57944506
2024-10-28,MOZ,0.6321891
2024-10-29,MOZ,0.65160006
2024-10-30,MOZ,0.5094521
2024-10-31,MOZ,0.4849347
2024-11-01,MOZ,0.39669824
2024-11-02,MOZ,0.3897653
2024-11-03,MOZ,0.3897653
2024-11-04,MOZ,0.35190645
2024-11-05,MOZ,0.3450725
2024-11-06,MOZ,0.3537463
2024-11-07,MOZ,0.36839586
2024-11-08,MOZ,0.34753886
2024-11-09,MOZ,0.44681397
2024-11-10,MOZ,0.44681397
2024-11-11,MOZ,0.44681397
2024-11-12,MOZ,0.5036914
2024-11-13,MOZ,0.4419656
2024-11-14,MOZ,0.44639337
2024-11-15,MOZ,0.4438486
2024-11-16,MOZ,0.41745612
2024-11-17,MOZ,0.42358056
2024-11-18,MOZ,0.42358056
2024-11-19,MOZ,0.449518
2024-11-20,MOZ,0.42535767
2024-11-21,MOZ,0.41115594
2024-11-22,MOZ,0.41365266
2024-11-23,MOZ,0.45578092
2024-11-24,MOZ,0.3551409
2024-11-25,MOZ,0.3551409
2024-11-26,MOZ,0.3551409
2024-11-27,MOZ,0.3951602
2024-11-28,MOZ,0.3951602
2024-11-29,MOZ,0.3914721
2024-11-30,MOZ,0.41614074
2024-12-01,MOZ,0.65264064
2024-12-02,MOZ,0.68205965
2024-12-03,MOZ,0.68205965
2024-12-04,MOZ,0.68205965
2024-12-05,MOZ,0.6545645
2024-12-06,MOZ,0.6684716
2024-12-07,MOZ,0.6703462
2024-12-08,MOZ,0.6772849
2024-12-09,MOZ,0.6772849
2024-12-10,MOZ,0.67366606
2024-12-11,MOZ,0.67366606
2024-12-12,MOZ,0.74031323
2024-12-13,MOZ,0.74032056
2024-12-14,MOZ,0.7383529
2024-12-15,MOZ,0.74055964
2024-12-16,MOZ,0.74055964
2024-12-17,MOZ,0.74055964
2024-12-18,MOZ,0.6244578
2024-12-19,MOZ,0.61586034
2024-12-20,MOZ,0.60646886
2024-12-21,MOZ,0.56504697
2024-12-22,MOZ,0.58478224
2024-12-23,MOZ,0.58478224
2024-12-24,MOZ,0.42092553
2024-12-25,MOZ,0.40409344
2024-12-26,MOZ,0.39805615
2024-12-27,MOZ,0.40243772
2024-12-28,MOZ,0.54605514
2024-12-29,MOZ,0.50813407
2024-12-30,MOZ,0.50813407
2024-12-31,MOZ,0.5064886
2025-01-01,MOZ,0.37112463
2025-01-02,MOZ,0.38262403
2025-01-03,MOZ,0.41202447
2025-01-04,MOZ,0.42626378
2025-01-05,MOZ,0.43757752
2025-01-06,MOZ,0.43356693
2025-01-07,MOZ,0.4281891
2025-01-08,MOZ,0.7214872
2025-01-09,MOZ,0.5676584
2025-01-10,MOZ,0.47246146
2025-01-11,MOZ,0.43706024
2025-01-12,MOZ,0.43706024
2025-01-13,MOZ,0.4291264
2025-01-14,MOZ,0.47538772
2025-01-15,MOZ,0.4699215
2025-01-16,MOZ,0.5133928
2025-01-17,MOZ,0.50228286
2025-01-18,MOZ,0.50483525
2025-01-19,MOZ,0.50483525
2025-01-20,MOZ,0.5041164
2025-01-21,MOZ,0.49853694
2025-01-22,MOZ,0.48078302
2025-01-23,MOZ,0.6119969
2025-01-24,MOZ,0.6143492
2025-01-25,MOZ,0.5425794
2025-01-26,MOZ,0.48427704
2025-01-27,MOZ,0.45234257
2025-01-28,MOZ,0.45413387
2025-01-29,MOZ,0.46725872
2025-01-30,MOZ,0.47347245
2025-01-31,MOZ,0.42318374
2025-02-01,MOZ,0.42318374
2025-02-02,MOZ,0.34680325
2025-02-03,MOZ,0.32300612
2025-02-04,MOZ,0.3152386
2025-02-05,MOZ,0.34065488
2025-02-06,MOZ,0.40371692
2025-02-07,MOZ,0.40371692
2025-02-08,MOZ,0.4009453
2025-02-09,MOZ,0.4854762
2025-02-10,MOZ,0.3933651
2025-02-11,MOZ,0.3933651
2025-02-12,MOZ,0.40370542
2025-02-13,MOZ,0.40760115
2025-02-14,MOZ,0.39840728
2025-02-15,MOZ,0.39594045
2025-02-16,MOZ,0.42384955
2025-02-17,MOZ,0.45126227
2025-02-18,MOZ,0.4476712
2025-02-19,MOZ,0.44610432
2025-02-20,MOZ,0.4572471
2025-02-21,MOZ,0.449693
2025-02-22,MOZ,0.45109943
2025-02-23,MOZ,0.45109943
2025-02-24,MOZ,0.4503582
2025-02-25,MOZ,0.45772564
2025-02-26,MOZ,0.52334887
2025-02-27,MOZ,0.51549727
2025-02-28,MOZ,0.5208257
2025-03-01,MOZ,0.51870656
2025-03-02,MOZ,0.52065474
2025-03-03,MOZ,0.5794869
2025-03-04,MOZ,0.5623093
2025-03-05,MOZ,0.6398897
2025-03-06,MOZ,0.7396829
2025-03-07,MOZ,0.735438
2025-03-08,MOZ,0.7396829
2025-03-09,MOZ,0.723125
2025-03-10,MOZ,0.723125
2025-03-11,MOZ,0.6595642
2025-03-12,MOZ,0.6802445
2025-03-13,MOZ,0.6827308
2025-03-14,MOZ,0.67677426
2025-03-15,MOZ,0.5953331
2025-03-16,MOZ,0.60523754
2025-03-17,MOZ,0.60523754
2025-03-18,MOZ,0.57455
2025-03-19,MOZ,0.5381484
2025-03-20,MOZ,0.5259834
2025-03-21,MOZ,0.38490492
2025-03-22,MOZ,0.3775954
2025-03-23,MOZ,0.37717244
2025-03-24,MOZ,0.37717244
2025-03-25,MOZ,0.37717244
2025-03-26,MOZ,0.37517935
2025-03-27,MOZ,0.37517935
2025-03-28,MOZ,0.6191781
2024-07-01,ZWE,0.41869757
2024-07-02,ZWE,0.38151872
2024-07-03,ZWE,0.36074132
2024-07-04,ZWE,0.43618605
2024-07-05,ZWE,0.41596973
2024-07-06,ZWE,0.40632117
2024-07-07,ZWE,0.41596973
2024-07-08,ZWE,0.41596973
2024-07-09,ZWE,0.45632124
2024-07-10,ZWE,0.39067152
2024-07-11,ZWE,0.409748
2024-07-12,ZWE,0.42383793
2024-07-13,ZWE,0.4073531
2024-07-14,ZWE,0.43033475
2024-07-15,ZWE,0.43033475
2024-07-16,ZWE,0.43851364
2024-07-17,ZWE,0.3801697
2024-07-18,ZWE,0.4252554
2024-07-19,ZWE,0.41749015
2024-07-20,ZWE,0.5178943
2024-07-21,ZWE,0.48432556
2024-07-22,ZWE,0.48432556
2024-07-23,ZWE,0.43314213
2024-07-24,ZWE,0.42629737
2024-07-25,ZWE,0.43426263
2024-07-26,ZWE,0.43426263
2024-07-27,ZWE,0.43426263
2024-07-28,ZWE,0.42563272
2024-07-29,ZWE,0.42563272
2024-07-30,ZWE,0.42563272
2024-07-31,ZWE,0.63599265
2024-08-01,ZWE,0.6360978
2024-08-02,ZWE,0.6285435
2024-08-03,ZWE,0.6333417
2024-08-04,ZWE,0.65028274
2024-08-05,ZWE,0.64085424
2024-08-06,ZWE,0.6496712
2024-08-07,ZWE,0.47470033
2024-08-08,ZWE,0.45931506
2024-08-09,ZWE,0.4497648
2024-08-10,ZWE,0.43136626
2024-08-11,ZWE,0.44129694
2024-08-12,ZWE,0.43136626
2024-08-13,ZWE,0.4335992
2024-08-14,ZWE,0.649885
2024-08-15,ZWE,0.2757827
2024-08-16,ZWE,0.2872626
2024-08-17,ZWE,0.27694604
2024-08-18,ZWE,0.28157958
2024-08-19,ZWE,0.27694604
2024-08-20,ZWE,0.26833436
2024-08-21,ZWE,0.26833436
2024-08-22,ZWE,0.6465662
2024-08-23,ZWE,0.6502923
2024-08-24,ZWE,0.644624
2024-08-25,ZWE,0.63538337
2024-08-26,ZWE,0.644624
2024-08-27,ZWE,0.6391639
2024-08-28,ZWE,0.6323684
2024-08-29,ZWE,0.6439027
2024-08-30,ZWE,0.6317601
2024-08-31,ZWE,0.61934704
2024-09-01,ZWE,0.62697744
2024-09-02,ZWE,0.6220387
2024-09-03,ZWE,0.62866265
2024-09-04,ZWE,0.6247713
2024-09-05,ZWE,0.6323574
2024-09-06,ZWE,0.62434554
2024-09-07,ZWE,0.59802306
2024-09-08,ZWE,0.6204992
2024-09-09,ZWE,0.6204992
2024-09-10,ZWE,0.61489266
2024-09-11,ZWE,0.59802306
2024-09-12,ZWE,0.61506325
2024-09-13,ZWE,0.61893094
2024-09-14,ZWE,0.5953976
2024-09-15,ZWE,0.6234251
2024-09-16,ZWE,0.6234251
2024-09-17,ZWE,0.639257
2024-09-18,ZWE,0.6430455
2024-09-19,ZWE,0.61258435
2024-09-20,ZWE,0.64303964
2024-09-21,ZWE,0.6248986
2024-09-22,ZWE,0.6381308
2024-09-23,ZWE,0.6381308
2024-09-24,ZWE,0.6243291
2024-09-25,ZWE,0.64196366
2024-09-26,ZWE,0.61566746
2024-09-27,ZWE,0.6424309
2024-09-28,ZWE,0.56862515
2024-09-29,ZWE,0.61258435
2024-09-30,ZWE,0.61258435
2024-10-01,ZWE,0.60072815
2024-10-02,ZWE,0.47728106
2024-10-03,ZWE,0.55640745
2024-10-04,ZWE,0.48641184
2024-10-05,ZWE,0.57792366
2024-10-06,ZWE,0.57792366
2024-10-07,ZWE,0.57792366
2024-10-08,ZWE,0.49210265
2024-10-09,ZWE,0.54776365
2024-10-10,ZWE,0.5532392
2024-10-11,ZWE,0.6135205
2024-10-12,ZWE,0.60409045
2024-10-13,ZWE,0.6045766
2024-10-14,ZWE,0.6045766
2024-10-15,ZWE,0.63007414
2024-10-16,ZWE,0.584807
2024-10-17,ZWE,0.62372285
2024-10-18,ZWE,0.6442421
2024-10-19,ZWE,0.6218383
2024-10-20,ZWE,0.6442421
2024-10-21,ZWE,0.6442421
2024-10-22,ZWE,0.62372285
2024-10-23,ZWE,0.62674713
2024-10-24,ZWE,0.57796663
2024-10-25,ZWE,0.60290235
2024-10-26,ZWE,0.5934457
2024-10-27,ZWE,0.5934457
2024-10-28,ZWE,0.6180051
2024-10-29,ZWE,0.5954776
2024-10-30,ZWE,0.63333386
2024-10-31,ZWE,0.62925476
2024-11-01,ZWE,0.5462992
2024-11-02,ZWE,0.64077455
2024-11-03,ZWE,0.6326123
2024-11-04,ZWE,0.6326123
2024-11-05,ZWE,0.5874469
2024-11-06,ZWE,0.6133312
2024-11-07,ZWE,0.58201647
2024-11-08,ZWE,0.64075786
2024-11-09,ZWE,0.64024293
2024-11-10,ZWE,0.6616939
2024-11-11,ZWE,0.6616939
2024-11-12,ZWE,0.61063886
2024-11-13,ZWE,0.6008402
2024-11-14,ZWE,0.6090202
2024-11-15,ZWE,0.57011485
2024-11-16,ZWE,0.371736
2024-11-17,ZWE,0.41895723
2024-11-18,ZWE,0.4086851
2024-11-19,ZWE,0.4395513
2024-11-20,ZWE,0.4395513
2024-11-21,ZWE,0.4164372
2024-11-22,ZWE,0.41626796
2024-11-23,ZWE,0.43803698
2024-11-24,ZWE,0.43803698
2024-11-25,ZWE,0.6171847
2024-11-26,ZWE,0.61236185
2024-11-27,ZWE,0.63452625
2024-11-28,ZWE,0.6393963
2024-11-29,ZWE,0.6393963
2024-11-30,ZWE,0.6160605
2024-12-01,ZWE,0.63813835
2024-12-02,ZWE,0.63813835
2024-12-03,ZWE,0.63813835
2024-12-04,ZWE,0.63813835
2024-12-05,ZWE,0.6160605
2024-12-06,ZWE,0.63813835
2024-12-07,ZWE,0.61218196
2024-12-08,ZWE,0.6343504
2024-12-09,ZWE,0.6343504
2024-12-10,ZWE,0.6393963
2024-12-11,ZWE,0.6393963
2024-12-12,ZWE,0.63813835
2024-12-13,ZWE,0.6446871
2024-12-14,ZWE,0.6446871
2024-12-15,ZWE,0.6446871
2024-12-16,ZWE,0.6446871
2024-12-17,ZWE,0.6173492
2024-12-18,ZWE,0.5138132
2024-12-19,ZWE,0.44019648
2024-12-20,ZWE,0.3835199
2024-12-21,ZWE,0.4436719
2024-12-22,ZWE,0.46708763
2024-12-23,ZWE,0.46708763
2024-12-24,ZWE,0.47282213
2024-12-25,ZWE,0.47282213
2024-12-26,ZWE,0.4504641
2024-12-27,ZWE,0.60538316
2024-12-28,ZWE,0.6303858
2024-12-29,ZWE,0.6303858
2024-12-30,ZWE,0.6303858
2024-12-31,ZWE,0.6303858
2025-01-01,ZWE,0.6303858
2025-01-02,ZWE,0.6250059
2025-01-03,ZWE,0.6224118
2025-01-04,ZWE,0.6224118
2025-01-05,ZWE,0.6224118
2025-01-06,ZWE,0.6210344
2025-01-07,ZWE,0.6026258
2025-01-08,ZWE,0.6250059
2025-01-09,ZWE,0.598893
2025-01-10,ZWE,0.6259799
2025-01-11,ZWE,0.61035043
2025-01-12,ZWE,0.61035043
2025-01-13,ZWE,0.61035043
2025-01-14,ZWE,0.6050751
2025-01-15,ZWE,0.5876727
2025-01-16,ZWE,0.61159873
2025-01-17,ZWE,0.5927787
2025-01-18,ZWE,0.5686694
2025-01-19,ZWE,0.34175152
2025-01-20,ZWE,0.34615624
2025-01-21,ZWE,0.38074544
2025-01-22,ZWE,0.35874435
2025-01-23,ZWE,0.337756
2025-01-24,ZWE,0.35874435
2025-01-25,ZWE,0.3398415
2025-01-26,ZWE,0.33960834
2025-01-27,ZWE,0.33960834
2025-01-28,ZWE,0.30820802
2025-01-29,ZWE,0.24623026
2025-01-30,ZWE,0.27384531
2025-01-31,ZWE,0.30308962
2025-02-01,ZWE,0.42519626
2025-02-02,ZWE,0.45877704
2025-02-03,ZWE,0.45877704
2025-02-04,ZWE,0.3838282
2025-02-05,ZWE,0.41531348
2025-02-06,ZWE,0.4539543
2025-02-07,ZWE,0.4577517
2025-02-08,ZWE,0.3777214
2025-02-09,ZWE,0.3963249
2025-02-10,ZWE,0.3963249
2025-02-11,ZWE,0.43549708
2025-02-12,ZWE,0.44284213
2025-02-13,ZWE,0.36540052
2025-02-14,ZWE,0.43468064
2025-02-15,ZWE,0.40180552
2025-02-16,ZWE,0.39089516
2025-02-17,ZWE,0.39089516
2025-02-18,ZWE,0.32438257
2025-02-19,ZWE,0.28455395
2025-02-20,ZWE,0.29528385
2025-02-21,ZWE,0.2698344
2025-02-22,ZWE,0.4321695
2025-02-23,ZWE,0.48118788
2025-02-24,ZWE,0.48118788
2025-02-25,ZWE,0.467334
2025-02-26,ZWE,0.41292378
2025-02-27,ZWE,0.4196241
2025-02-28,ZWE,0.37124237
2025-03-01,ZWE,0.37023526
2025-03-02,ZWE,0.43574098
2025-03-03,ZWE,0.42431828
2025-03-04,ZWE,0.33792394
2025-03-05,ZWE,0.4246079
2025-03-06,ZWE,0.45508942
2025-03-07,ZWE,0.42708126
2025-03-08,ZWE,0.4386693
2025-03-09,ZWE,0.45686322
2025-03-10,ZWE,0.45686322
2025-03-11,ZWE,0.4059723
2025-03-12,ZWE,0.4369816
2025-03-13,ZWE,0.3646619
2025-03-14,ZWE,0.47027218
2025-03-15,ZWE,0.5755932
2025-03-16,ZWE,0.55513823
2025-03-17,ZWE,0.55513823
2025-03-18,ZWE,0.53153914
2025-03-19,ZWE,0.49036348
2025-03-20,ZWE,0.4646326
2025-03-21,ZWE,0.41774762
2025-03-22,ZWE,0.41282243
2025-03-23,ZWE,0.44618458
2025-03-24,ZWE,0.44618458
2025-03-25,ZWE,0.3951065
2025-03-26,ZWE,0.45813367
2025-03-27,ZWE,0.37887967
2025-03-28,ZWE,0.53679895
2024-07-01,MDG,0.48896357
2024-07-02,MDG,0.5957662
2024-07-03,MDG,0.47459772
2024-07-04,MDG,0.47459772
2024-07-05,MDG,0.46955934
2024-07-06,MDG,0.44541177
2024-07-07,MDG,0.44541177
2024-07-08,MDG,0.41574267
2024-07-09,MDG,0.41324225
2024-07-10,MDG,0.4652552
2024-07-11,MDG,0.40838036
2024-07-12,MDG,0.410872
2024-07-13,MDG,0.42133465
2024-07-14,MDG,0.44649354
2024-07-15,MDG,0.4563844
2024-07-16,MDG,0.44513386
2024-07-17,MDG,0.44541177
2024-07-18,MDG,0.60510606
2024-07-19,MDG,0.5931533
2024-07-20,MDG,0.5931533
2024-07-21,MDG,0.57912916
2024-07-22,MDG,0.62579125
2024-07-23,MDG,0.620362
2024-07-24,MDG,0.6191955
2024-07-25,MDG,0.6191955
2024-07-26,MDG,0.6191955
2024-07-27,MDG,0.519369
2024-07-28,MDG,0.5722731
2024-07-29,MDG,0.48391575
2024-07-30,MDG,0.48391575
2024-07-31,MDG,0.4670064
2024-08-01,MDG,0.48144504
2024-08-02,MDG,0.45260587
2024-08-03,MDG,0.5264813
2024-08-04,MDG,0.5264813
2024-08-05,MDG,0.6385092
2024-08-06,MDG,0.6048482
2024-08-07,MDG,0.5528607
2024-08-08,MDG,0.5873534
2024-08-09,MDG,0.55560017
2024-08-10,MDG,0.45776817
2024-08-11,MDG,0.41750237
2024-08-12,MDG,0.41750237
2024-08-13,MDG,0.40099552
2024-08-14,MDG,0.40099552
2024-08-15,MDG,0.4199875
2024-08-16,MDG,0.42869875
2024-08-17,MDG,0.4316019
2024-08-18,MDG,0.49284986
2024-08-19,MDG,0.44279042
2024-08-20,MDG,0.45713946
2024-08-21,MDG,0.49284986
2024-08-22,MDG,0.40898588
2024-08-23,MDG,0.38465264
2024-08-24,MDG,0.36784247
2024-08-25,MDG,0.36784247
2024-08-26,MDG,0.37024158
2024-08-27,MDG,0.39069313
2024-08-28,MDG,0.3769974
2024-08-29,MDG,0.43166038
2024-08-30,MDG,0.45836362
2024-08-31,MDG,0.429281
2024-09-01,MDG,0.429281
2024-09-02,MDG,0.42675856
2024-09-03,MDG,0.3833918
2024-09-04,MDG,0.37497646
2024-09-05,MDG,0.3776963
2024-09-06,MDG,0.38509846
2024-09-07,MDG,0.40607414
2024-09-08,MDG,0.38300785
2024-09-09,MDG,0.37038773
2024-09-10,MDG,0.39676788
2024-09-11,MDG,0.33317643
2024-09-12,MDG,0.42658556
2024-09-13,MDG,0.39909768
2024-09-14,MDG,0.46428144
2024-09-15,MDG,0.4895555
2024-09-16,MDG,0.32900345
2024-09-17,MDG,0.33596653
2024-09-18,MDG,0.3663056
2024-09-19,MDG,0.39028615
2024-09-20,MDG,0.39526936
2024-09-21,MDG,0.39028615
2024-09-22,MDG,0.38879484
2024-09-23,MDG,0.43991625
2024-09-24,MDG,0.40570593
2024-09-25,MDG,0.41329247
2024-09-26,MDG,0.4163382
2024-09-27,MDG,0.39167616
2024-09-28,MDG,0.39063418
2024-09-29,MDG,0.39063418
2024-09-30,MDG,0.38567212
2024-10-01,MDG,0.4486262
2024-10-02,MDG,0.48434067
2024-10-03,MDG,0.48434067
2024-10-04,MDG,0.4554532
2024-10-05,MDG,0.6085677
2024-10-06,MDG,0.5038201
2024-10-07,MDG,0.44294956
2024-10-08,MDG,0.45973924
2024-10-09,MDG,0.45981947
2024-10-10,MDG,0.45981947
2024-10-11,MDG,0.4623565
2024-10-12,MDG,0.4623565
2024-10-13,MDG,0.4623565
2024-10-14,MDG,0.44555014
2024-10-15,MDG,0.44555014
2024-10-16,MDG,0.49188137
2024-10-17,MDG,0.48523158
2024-10-18,MDG,0.5021791
2024-10-19,MDG,0.5264826
2024-10-20,MDG,0.35577658
2024-10-21,MDG,0.339821
2024-10-22,MDG,0.31431365
2024-10-23,MDG,0.3509002
2024-10-24,MDG,0.3297012
2024-10-25,MDG,0.32877034
2024-10-26,MDG,0.3116179
2024-10-27,MDG,0.48016348
2024-10-28,MDG,0.48016348
2024-10-29,MDG,0.50217307
2024-10-30,MDG,0.50217307
2024-10-31,MDG,0.5135311
2024-11-01,MDG,0.49935246
2024-11-02,MDG,0.50217307
2024-11-03,MDG,0.51333284
2024-11-04,MDG,0.51997876
2024-11-05,MDG,0.5428511
2024-11-06,MDG,0.55351907
2024-11-07,MDG,0.55351907
2024-11-08,MDG,0.530211
2024-11-09,MDG,0.6033971
2024-11-10,MDG,0.72854584
2024-11-11,MDG,0.44197407
2024-11-12,MDG,0.44749647
2024-11-13,MDG,0.44749647
2024-11-14,MDG,0.45065802
2024-11-15,MDG,0.44749647
2024-11-16,MDG,0.37300435
2024-11-17,MDG,0.37300435
2024-11-18,MDG,0.5754959
2024-11-19,MDG,0.53707623
2024-11-20,MDG,0.60413337
2024-11-21,MDG,0.28768757
2024-11-22,MDG,0.29976887
2024-11-23,MDG,0.32686663
2024-11-24,MDG,0.29506874
2024-11-25,MDG,0.29506874
2024-11-26,MDG,0.29638728
2024-11-27,MDG,0.2970915
2024-11-28,MDG,0.59404033
2024-11-29,MDG,0.59404033
2024-11-30,MDG,0.6070812
2024-12-01,MDG,0.72372013
2024-12-02,MDG,0.6143508
2024-12-03,MDG,0.61278987
2024-12-04,MDG,0.61278987
2024-12-05,MDG,0.6231527
2024-12-06,MDG,0.6050627
2024-12-07,MDG,0.5236801
2024-12-08,MDG,0.5329674
2024-12-09,MDG,0.60663474
2024-12-10,MDG,0.6030062
2024-12-11,MDG,0.59759164
2024-12-12,MDG,0.59965754
2024-12-13,MDG,0.59759164
2024-12-14,MDG,0.614759
2024-12-15,MDG,0.5613247
2024-12-16,MDG,0.5472836
2024-12-17,MDG,0.5472836
2024-12-18,MDG,0.51692504
2024-12-19,MDG,0.49784496
2024-12-20,MDG,0.51692504
2024-12-21,MDG,0.4249502
2024-12-22,MDG,0.4249502
2024-12-23,MDG,0.39857253
2024-12-24,MDG,0.39857253
2024-12-25,MDG,0.39857253
2024-12-26,MDG,0.4272144
2024-12-27,MDG,0.4272144
2024-12-28,MDG,0.4272144
2024-12-29,MDG,0.4272144
2024-12-30,MDG,0.65233684
2024-12-31,MDG,0.65233684
2025-01-01,MDG,0.7290612
2025-01-02,MDG,0.7248629
2025-01-03,MDG,0.62505203
2025-01-04,MDG,0.62505203
2025-01-05,MDG,0.62505203
2025-01-06,MDG,0.6158099
2025-01-07,MDG,0.63172126
2025-01-08,MDG,0.60252404
2025-01-09,MDG,0.6049667
2025-01-10,MDG,0.63585883
2025-01-11,MDG,0.62333447
2025-01-12,MDG,0.62786436
2025-01-13,MDG,0.5590197
2025-01-14,MDG,0.5078105
2025-01-15,MDG,0.5078105
2025-01-16,MDG,0.5078105
2025-01-17,MDG,0.5078105
2025-01-18,MDG,0.5103622
2025-01-19,MDG,0.5103622
2025-01-20,MDG,0.48381644
2025-01-21,MDG,0.54145813
2025-01-22,MDG,0.5337367
2025-01-23,MDG,0.45859626
2025-01-24,MDG,0.4554252
2025-01-25,MDG,0.4554252
2025-01-26,MDG,0.33681002
2025-01-27,MDG,0.33681002
2025-01-28,MDG,0.29785746
2025-01-29,MDG,0.31826356
2025-01-30,MDG,0.3426465
2025-01-31,MDG,0.3426465
2025-02-01,MDG,0.33561498
2025-02-02,MDG,0.46392035
2025-02-03,MDG,0.45311934
2025-02-04,MDG,0.451891
2025-02-05,MDG,0.451891
2025-02-06,MDG,0.451891
2025-02-07,MDG,0.451891
2025-02-08,MDG,0.451891
2025-02-09,MDG,0.4632501
2025-02-10,MDG,0.46987358
2025-02-11,MDG,0.5729364
2025-02-12,MDG,0.5729364
2025-02-13,MDG,0.6101663
2025-02-14,MDG,0.6101663
2025-02-15,MDG,0.45789674
2025-02-16,MDG,0.4986863
2025-02-17,MDG,0.49290732
2025-02-18,MDG,0.43385845
2025-02-19,MDG,0.4512984
2025-02-20,MDG,0.4512984
2025-02-21,MDG,0.4512984
2025-02-22,MDG,0.620362
2025-02-23,MDG,0.620362
2025-02-24,MDG,0.620362
2025-02-25,MDG,0.6565134
2025-02-26,MDG,0.54904306
2025-02-27,MDG,0.5408621
2025-02-28,MDG,0.4611212
2025-03-01,MDG,0.4611212
2025-03-02,MDG,0.4611212
2025-03-03,MDG,0.4611212
2025-03-04,MDG,0.48391575
2025-03-05,MDG,0.47880456
2025-03-06,MDG,0.47880456
2025-03-07,MDG,0.6140055
2025-03-08,MDG,0.53790927
2025-03-09,MDG,0.53790927
2025-03-10,MDG,0.5297848
2025-03-11,MDG,0.4507967
2025-03-12,MDG,0.4507967
2025-03-13,MDG,0.4507967
2025-03-14,MDG,0.4507967
2025-03-15,MDG,0.5048081
2025-03-16,MDG,0.5048081
2025-03-17,MDG,0.49664629
2025-03-18,MDG,0.6297264
2025-03-19,MDG,0.6297264
2025-03-20,MDG,0.62512827
2025-03-21,MDG,0.6205295
2025-03-22,MDG,0.59547585
2025-03-23,MDG,0.59547585
2025-03-24,MDG,0.59547585
2025-03-25,MDG,0.6061961
2025-03-26,MDG,0.5616669
2025-03-27,MDG,0.5616669
2025-03-28,MDG,0.55957425
2024-07-01,AFG,0.4377415
2024-07-02,AFG,0.3894881
2024-07-03,AFG,0.31726226
2024-07-04,AFG,0.30897674
2024-07-05,AFG,0.300387
2024-07-06,AFG,0.30897674
2024-07-07,AFG,0.31595847
2024-07-08,AFG,0.29653427
2024-07-09,AFG,0.34537217
2024-07-10,AFG,0.33891118
2024-07-11,AFG,0.33430606
2024-07-12,AFG,0.33891118
2024-07-13,AFG,0.31497893
2024-07-14,AFG,0.24058135
2024-07-15,AFG,0.29104924
2024-07-16,AFG,0.29254225
2024-07-17,AFG,0.28422147
2024-07-18,AFG,0.28840604
2024-07-19,AFG,0.30516756
2024-07-20,AFG,0.32194585
2024-07-21,AFG,0.35668743
2024-07-22,AFG,0.3086084
2024-07-23,AFG,0.31622815
2024-07-24,AFG,0.3129358
2024-07-25,AFG,0.31076747
2024-07-26,AFG,0.40869394
2024-07-27,AFG,0.35636398
2024-07-28,AFG,0.40737376
2024-07-29,AFG,0.3648079
2024-07-30,AFG,0.37379584
2024-07-31,AFG,0.37379584
2024-08-01,AFG,0.3671524
2024-08-02,AFG,0.3671524
2024-08-03,AFG,0.364606
2024-08-04,AFG,0.364606
2024-08-05,AFG,0.364606
2024-08-06,AFG,0.44044083
2024-08-07,AFG,0.39760077
2024-08-08,AFG,0.35877687
2024-08-09,AFG,0.35877687
2024-08-10,AFG,0.34247056
2024-08-11,AFG,0.4043521
2024-08-12,AFG,0.40981534
2024-08-13,AFG,0.4048273
2024-08-14,AFG,0.4037436
2024-08-15,AFG,0.4056415
2024-08-16,AFG,0.4880999
2024-08-17,AFG,0.5013308
2024-08-18,AFG,0.46794456
2024-08-19,AFG,0.38143262
2024-08-20,AFG,0.2702947
2024-08-21,AFG,0.2812414
2024-08-22,AFG,0.27831575
2024-08-23,AFG,0.30735296
2024-08-24,AFG,0.29709622
2024-08-25,AFG,0.31433603
2024-08-26,AFG,0.39767283
2024-08-27,AFG,0.4897617
2024-08-28,AFG,0.49957263
2024-08-29,AFG,0.38499796
2024-08-30,AFG,0.37591743
2024-08-31,AFG,0.43238983
2024-09-01,AFG,0.43238983
2024-09-02,AFG,0.38156593
2024-09-03,AFG,0.28695092
2024-09-04,AFG,0.33150855
2024-09-05,AFG,0.45118788
2024-09-06,AFG,0.3934599
2024-09-07,AFG,0.37873784
2024-09-08,AFG,0.34938547
2024-09-09,AFG,0.23519015
2024-09-10,AFG,0.23836054
2024-09-11,AFG,0.22913413
2024-09-12,AFG,0.22913413
2024-09-13,AFG,0.2315416
2024-09-14,AFG,0.22320701
2024-09-15,AFG,0.2208613
2024-09-16,AFG,0.47017983
2024-09-17,AFG,0.5187665
2024-09-18,AFG,0.48201403
2024-09-19,AFG,0.28104815
2024-09-20,AFG,0.28098118
2024-09-21,AFG,0.2828275
2024-09-22,AFG,0.27824578
2024-09-23,AFG,0.28104815
2024-09-24,AFG,0.2900135
2024-09-25,AFG,0.28380024
2024-09-26,AFG,0.38423017
2024-09-27,AFG,0.38423017
2024-09-28,AFG,0.38423017
2024-09-29,AFG,0.33607748
2024-09-30,AFG,0.33607748
2024-10-01,AFG,0.3793626
2024-10-02,AFG,0.3909917
2024-10-03,AFG,0.5534099
2024-10-04,AFG,0.5521601
2024-10-05,AFG,0.5203535
2024-10-06,AFG,0.5203535
2024-10-07,AFG,0.49981672
2024-10-08,AFG,0.40640143
2024-10-09,AFG,0.37711555
2024-10-10,AFG,0.49712732
2024-10-11,AFG,0.34775242
2024-10-12,AFG,0.35424128
2024-10-13,AFG,0.42982987
2024-10-14,AFG,0.44727063
2024-10-15,AFG,0.45665163
2024-10-16,AFG,0.43826857
2024-10-17,AFG,0.43100858
2024-10-18,AFG,0.545573
2024-10-19,AFG,0.532831
2024-10-20,AFG,0.52834237
2024-10-21,AFG,0.52834237
2024-10-22,AFG,0.49160442
2024-10-23,AFG,0.47627264
2024-10-24,AFG,0.38080314
2024-10-25,AFG,0.38080314
2024-10-26,AFG,0.38754234
2024-10-27,AFG,0.32216832
2024-10-28,AFG,0.3068408
2024-10-29,AFG,0.3068408
2024-10-30,AFG,0.30973667
2024-10-31,AFG,0.33648455
2024-11-01,AFG,0.34944627
2024-11-02,AFG,0.4169506
2024-11-03,AFG,0.4169506
2024-11-04,AFG,0.49755275
2024-11-05,AFG,0.54836583
2024-11-06,AFG,0.5253781
2024-11-07,AFG,0.5553074
2024-11-08,AFG,0.5110086
2024-11-09,AFG,0.5110086
2024-11-10,AFG,0.42730933
2024-11-11,AFG,0.43517855
2024-11-12,AFG,0.33084542
2024-11-13,AFG,0.33084542
2024-11-14,AFG,0.33674106
2024-11-15,AFG,0.33674106
2024-11-16,AFG,0.3431326
2024-11-17,AFG,0.3431326
2024-11-18,AFG,0.3431326
2024-11-19,AFG,0.4243593
2024-11-20,AFG,0.44366252
2024-11-21,AFG,0.45685276
2024-11-22,AFG,0.4042455
2024-11-23,AFG,0.3699043
2024-11-24,AFG,0.3044582
2024-11-25,AFG,0.3044582
2024-11-26,AFG,0.28753296
2024-11-27,AFG,0.3044582
2024-11-28,AFG,0.3413439
2024-11-29,AFG,0.3413439
2024-11-30,AFG,0.42545757
2024-12-01,AFG,0.4528852
2024-12-02,AFG,0.4534311
2024-12-03,AFG,0.48428094
2024-12-04,AFG,0.4579834
2024-12-05,AFG,0.58984685
2024-12-06,AFG,0.62106127
2024-12-07,AFG,0.56718
2024-12-08,AFG,0.59743446
2024-12-09,AFG,0.58288467
2024-12-10,AFG,0.5357889
2024-12-11,AFG,0.5357889
2024-12-12,AFG,0.5306726
2024-12-13,AFG,0.5193992
2024-12-14,AFG,0.5275145
2024-12-15,AFG,0.49454483
2024-12-16,AFG,0.36033335
2024-12-17,AFG,0.45912656
2024-12-18,AFG,0.34028485
2024-12-19,AFG,0.35788035
2024-12-20,AFG,0.36868834
2024-12-21,AFG,0.356072
2024-12-22,AFG,0.46635628
2024-12-23,AFG,0.48965994
2024-12-24,AFG,0.49479768
2024-12-25,AFG,0.6239632
2024-12-26,AFG,0.563189
2024-12-27,AFG,0.5772953
2024-12-28,AFG,0.55560267
2024-12-29,AFG,0.5550587
2024-12-30,AFG,0.52541673
2024-12-31,AFG,0.22238222
2025-01-01,AFG,0.21927491
2025-01-02,AFG,0.21679898
2025-01-03,AFG,0.2195515
2025-01-04,AFG,0.21306565
2025-01-05,AFG,0.21430074
2025-01-06,AFG,0.21306565
2025-01-07,AFG,0.3244323
2025-01-08,AFG,0.27285853
2025-01-09,AFG,0.27301362
2025-01-10,AFG,0.3281284
2025-01-11,AFG,0.603717
2025-01-12,AFG,0.603717
2025-01-13,AFG,0.603717
2025-01-14,AFG,0.6210406
2025-01-15,AFG,0.611278
2025-01-16,AFG,0.6189719
2025-01-17,AFG,0.6093689
2025-01-18,AFG,0.6254814
2025-01-19,AFG,0.6254814
2025-01-20,AFG,0.59922045
2025-01-21,AFG,0.5916435
2025-01-22,AFG,0.582685
2025-01-23,AFG,0.5747617
2025-01-24,AFG,0.56594324
2025-01-25,AFG,0.5648596
2025-01-26,AFG,0.5648596
2025-01-27,AFG,0.5632789
2025-01-28,AFG,0.5727318
2025-01-29,AFG,0.55378616
2025-01-30,AFG,0.5139323
2025-01-31,AFG,0.50430435
2025-02-01,AFG,0.5039053
2025-02-02,AFG,0.45705056
2025-02-03,AFG,0.40843755
2025-02-04,AFG,0.3942464
2025-02-05,AFG,0.34418216
2025-02-06,AFG,0.34418216
2025-02-07,AFG,0.3627442
2025-02-08,AFG,0.3627442
2025-02-09,AFG,0.4140436
2025-02-10,AFG,0.37714973
2025-02-11,AFG,0.31500426
2025-02-12,AFG,0.39490217
2025-02-13,AFG,0.41447085
2025-02-14,AFG,0.29375866
2025-02-15,AFG,0.31730098
2025-02-16,AFG,0.4441653
2025-02-17,AFG,0.48162726
2025-02-18,AFG,0.26151022
2025-02-19,AFG,0.2570485
2025-02-20,AFG,0.22943999
2025-02-21,AFG,0.2681243
2025-02-22,AFG,0.23250331
2025-02-23,AFG,0.23880926
2025-02-24,AFG,0.23244585
2025-02-25,AFG,0.33298054
2025-02-26,AFG,0.33298054
2025-02-27,AFG,0.3360035
2025-02-28,AFG,0.33298054
2025-03-01,AFG,0.3766364
2025-03-02,AFG,0.5110446
2025-03-03,AFG,0.5579467
2025-03-04,AFG,0.5110446
2025-03-05,AFG,0.56206715
2025-03-06,AFG,0.5495516
2025-03-07,AFG,0.5414943
2025-03-08,AFG,0.53927374
2025-03-09,AFG,0.5752729
2025-03-10,AFG,0.57077706
2025-03-11,AFG,0.5967546
2025-03-12,AFG,0.5801887
2025-03-13,AFG,0.58837575
2025-03-14,AFG,0.5633158
2025-03-15,AFG,0.54681915
2025-03-16,AFG,0.5633158
2025-03-17,AFG,0.5633158
2025-03-18,AFG,0.5633158
2025-03-19,AFG,0.5633158
2025-03-20,AFG,0.50992787
2025-03-21,AFG,0.5498387
2025-03-22,AFG,0.51011884
2025-03-23,AFG,0.47227275
2025-03-24,AFG,0.3684341
2025-03-25,AFG,0.37007374
2025-03-26,AFG,0.37219715
2025-03-27,AFG,0.386403
2025-03-28,AFG,0.34004644
2024-07-01,PAK,0.36607155
2024-07-02,PAK,0.4425528
2024-07-03,PAK,0.3465613
2024-07-04,PAK,0.348162
2024-07-05,PAK,0.5025727
2024-07-06,PAK,0.51128805
2024-07-07,PAK,0.48137873
2024-07-08,PAK,0.34981447
2024-07-09,PAK,0.34981447
2024-07-10,PAK,0.32624817
2024-07-11,PAK,0.35271388
2024-07-12,PAK,0.32624817
2024-07-13,PAK,0.32624817
2024-07-14,PAK,0.32624817
2024-07-15,PAK,0.35098842
2024-07-16,PAK,0.35991338
2024-07-17,PAK,0.32624817
2024-07-18,PAK,0.2833022
2024-07-19,PAK,0.29561707
2024-07-20,PAK,0.29256487
2024-07-21,PAK,0.29256487
2024-07-22,PAK,0.26711857
2024-07-23,PAK,0.24559772
2024-07-24,PAK,0.26018274
2024-07-25,PAK,0.2682876
2024-07-26,PAK,0.2567988
2024-07-27,PAK,0.2643647
2024-07-28,PAK,0.26455423
2024-07-29,PAK,0.37877387
2024-07-30,PAK,0.37286893
2024-07-31,PAK,0.4024678
2024-08-01,PAK,0.41232315
2024-08-02,PAK,0.3660535
2024-08-03,PAK,0.3782591
2024-08-04,PAK,0.3771036
2024-08-05,PAK,0.40869737
2024-08-06,PAK,0.40869737
2024-08-07,PAK,0.343273
2024-08-08,PAK,0.37647754
2024-08-09,PAK,0.32035366
2024-08-10,PAK,0.33327234
2024-08-11,PAK,0.3409761
2024-08-12,PAK,0.5441427
2024-08-13,PAK,0.54086405
2024-08-14,PAK,0.53887814
2024-08-15,PAK,0.54086405
2024-08-16,PAK,0.42947918
2024-08-17,PAK,0.3412994
2024-08-18,PAK,0.3154253
2024-08-19,PAK,0.34944078
2024-08-20,PAK,0.4327935
2024-08-21,PAK,0.31789163
2024-08-22,PAK,0.41067344
2024-08-23,PAK,0.4032486
2024-08-24,PAK,0.41858813
2024-08-25,PAK,0.42609373
2024-08-26,PAK,0.42488042
2024-08-27,PAK,0.43033963
2024-08-28,PAK,0.44734496
2024-08-29,PAK,0.45431408
2024-08-30,PAK,0.38604742
2024-08-31,PAK,0.388629
2024-09-01,PAK,0.33734655
2024-09-02,PAK,0.32455543
2024-09-03,PAK,0.33047527
2024-09-04,PAK,0.33095574
2024-09-05,PAK,0.31219375
2024-09-06,PAK,0.3470322
2024-09-07,PAK,0.33969572
2024-09-08,PAK,0.41498056
2024-09-09,PAK,0.51323783
2024-09-10,PAK,0.50554943
2024-09-11,PAK,0.50360954
2024-09-12,PAK,0.53446305
2024-09-13,PAK,0.49591836
2024-09-14,PAK,0.4917485
2024-09-15,PAK,0.48591667
2024-09-16,PAK,0.48591667
2024-09-17,PAK,0.49531445
2024-09-18,PAK,0.46562672
2024-09-19,PAK,0.4732892
2024-09-20,PAK,0.46562672
2024-09-21,PAK,0.4732892
2024-09-22,PAK,0.4732892
2024-09-23,PAK,0.46695045
2024-09-24,PAK,0.46891364
2024-09-25,PAK,0.45930114
2024-09-26,PAK,0.45185634
2024-09-27,PAK,0.44649825
2024-09-28,PAK,0.44518408
2024-09-29,PAK,0.44649825
2024-09-30,PAK,0.44133323
2024-10-01,PAK,0.43446103
2024-10-02,PAK,0.33409104
2024-10-03,PAK,0.3940436
2024-10-04,PAK,0.41928658
2024-10-05,PAK,0.40650123
2024-10-06,PAK,0.4367757
2024-10-07,PAK,0.44410276
2024-10-08,PAK,0.4459628
2024-10-09,PAK,0.45974538
2024-10-10,PAK,0.4789477
2024-10-11,PAK,0.47041544
2024-10-12,PAK,0.43792167
2024-10-13,PAK,0.4407127
2024-10-14,PAK,0.4374805
2024-10-15,PAK,0.4252878
2024-10-16,PAK,0.38565773
2024-10-17,PAK,0.35474896
2024-10-18,PAK,0.30272198
2024-10-19,PAK,0.330163
2024-10-20,PAK,0.330163
2024-10-21,PAK,0.35275814
2024-10-22,PAK,0.38391644
2024-10-23,PAK,0.37705204
2024-10-24,PAK,0.39788938
2024-10-25,PAK,0.44960847
2024-10-26,PAK,0.45218506
2024-10-27,PAK,0.45981663
2024-10-28,PAK,0.50187874
2024-10-29,PAK,0.4842595
2024-10-30,PAK,0.45981663
2024-10-31,PAK,0.44522193
2024-11-01,PAK,0.43437365
2024-11-02,PAK,0.44194713
2024-11-03,PAK,0.44194713
2024-11-04,PAK,0.42960155
2024-11-05,PAK,0.40325287
2024-11-06,PAK,0.40888166
2024-11-07,PAK,0.46239504
2024-11-08,PAK,0.44997594
2024-11-09,PAK,0.45760137
2024-11-10,PAK,0.45062345
2024-11-11,PAK,0.44544917
2024-11-12,PAK,0.44544917
2024-11-13,PAK,0.45241293
2024-11-14,PAK,0.45141205
2024-11-15,PAK,0.45839196
2024-11-16,PAK,0.4251339
2024-11-17,PAK,0.40626672
2024-11-18,PAK,0.4251339
2024-11-19,PAK,0.391737
2024-11-20,PAK,0.39346704
2024-11-21,PAK,0.38076335
2024-11-22,PAK,0.36789545
2024-11-23,PAK,0.4328321
2024-11-24,PAK,0.44519803
2024-11-25,PAK,0.3974206
2024-11-26,PAK,0.36867997
2024-11-27,PAK,0.35898647
2024-11-28,PAK,0.19608313
2024-11-29,PAK,0.20004228
2024-11-30,PAK,0.19185759
2024-12-01,PAK,0.1869408
2024-12-02,PAK,0.1869408
2024-12-03,PAK,0.20328231
2024-12-04,PAK,0.184567
2024-12-05,PAK,0.361532
2024-12-06,PAK,0.43688342
2024-12-07,PAK,0.46071458
2024-12-08,PAK,0.46071458
2024-12-09,PAK,0.45541313
2024-12-10,PAK,0.44366094
2024-12-11,PAK,0.45689735
2024-12-12,PAK,0.46483225
2024-12-13,PAK,0.4823108
2024-12-14,PAK,0.45654783
2024-12-15,PAK,0.48236805
2024-12-16,PAK,0.48236805
2024-12-17,PAK,0.43255088
2024-12-18,PAK,0.40747252
2024-12-19,PAK,0.37183955
2024-12-20,PAK,0.41110083
2024-12-21,PAK,0.44568768
2024-12-22,PAK,0.46919206
2024-12-23,PAK,0.45670825
2024-12-24,PAK,0.5179488
2024-12-25,PAK,0.49101773
2024-12-26,PAK,0.49252495
2024-12-27,PAK,0.45136937
2024-12-28,PAK,0.41467056
2024-12-29,PAK,0.4290383
2024-12-30,PAK,0.4290383
2024-12-31,PAK,0.40613437
2025-01-01,PAK,0.39200708
2025-01-02,PAK,0.407198
2025-01-03,PAK,0.4346326
2025-01-04,PAK,0.4322099
2025-01-05,PAK,0.43977502
2025-01-06,PAK,0.43036264
2025-01-07,PAK,0.43036264
2025-01-08,PAK,0.43987527
2025-01-09,PAK,0.4425574
2025-01-10,PAK,0.45803252
2025-01-11,PAK,0.4768383
2025-01-12,PAK,0.48112103
2025-01-13,PAK,0.53452855
2025-01-14,PAK,0.4450368
2025-01-15,PAK,0.4526474
2025-01-16,PAK,0.4450368
2025-01-17,PAK,0.4526474
2025-01-18,PAK,0.43135193
2025-01-19,PAK,0.3448393
2025-01-20,PAK,0.32937023
2025-01-21,PAK,0.36580896
2025-01-22,PAK,0.33980203
2025-01-23,PAK,0.32975873
2025-01-24,PAK,0.34123635
2025-01-25,PAK,0.3320298
2025-01-26,PAK,0.45022714
2025-01-27,PAK,0.45022714
2025-01-28,PAK,0.4548449
2025-01-29,PAK,0.447764
2025-01-30,PAK,0.47715348
2025-01-31,PAK,0.485135
2025-02-01,PAK,0.42195144
2025-02-02,PAK,0.37941897
2025-02-03,PAK,0.3669424
2025-02-04,PAK,0.3572978
2025-02-05,PAK,0.3718768
2025-02-06,PAK,0.352861
2025-02-07,PAK,0.28616014
2025-02-08,PAK,0.34107146
2025-02-09,PAK,0.35950458
2025-02-10,PAK,0.3718768
2025-02-11,PAK,0.34846517
2025-02-12,PAK,0.332618
2025-02-13,PAK,0.35950458
2025-02-14,PAK,0.4378857
2025-02-15,PAK,0.4233669
2025-02-16,PAK,0.3845259
2025-02-17,PAK,0.37198207
2025-02-18,PAK,0.3845259
2025-02-19,PAK,0.34861004
2025-02-20,PAK,0.37549946
2025-02-21,PAK,0.3916666
2025-02-22,PAK,0.37501237
2025-02-23,PAK,0.38759533
2025-02-24,PAK,0.37501237
2025-02-25,PAK,0.35574707
2025-02-26,PAK,0.34067747
2025-02-27,PAK,0.33520144
2025-02-28,PAK,0.37427372
2025-03-01,PAK,0.3507102
2025-03-02,PAK,0.35455
2025-03-03,PAK,0.35455
2025-03-04,PAK,0.45056093
2025-03-05,PAK,0.45056093
2025-03-06,PAK,0.47410247
2025-03-07,PAK,0.4392095
2025-03-08,PAK,0.4282783
2025-03-09,PAK,0.4611134
2025-03-10,PAK,0.45131937
2025-03-11,PAK,0.3547256
2025-03-12,PAK,0.3278241
2025-03-13,PAK,0.3386794
2025-03-14,PAK,0.36464456
2025-03-15,PAK,0.40369025
2025-03-16,PAK,0.38581198
2025-03-17,PAK,0.39589664
2025-03-18,PAK,0.38117415
2025-03-19,PAK,0.33216125
2025-03-20,PAK,0.33513415
2025-03-21,PAK,0.35308978
2025-03-22,PAK,0.32741305
2025-03-23,PAK,0.33865574
2025-03-24,PAK,0.34320247
2025-03-25,PAK,0.3333593
2025-03-26,PAK,0.36860207
2025-03-27,PAK,0.36317155
2025-03-28,PAK,0.37005037
2024-07-01,IND,0.45527464
2024-07-02,IND,0.4759562
2024-07-03,IND,0.45086798
2024-07-04,IND,0.4469681
2024-07-05,IND,0.46759626
2024-07-06,IND,0.47957274
2024-07-07,IND,0.45572588
2024-07-08,IND,0.47957274
2024-07-09,IND,0.4288364
2024-07-10,IND,0.47399104
2024-07-11,IND,0.47792292
2024-07-12,IND,0.42359295
2024-07-13,IND,0.4288364
2024-07-14,IND,0.4288364
2024-07-15,IND,0.3115054
2024-07-16,IND,0.39603317
2024-07-17,IND,0.4288364
2024-07-18,IND,0.39603317
2024-07-19,IND,0.4288364
2024-07-20,IND,0.4597346
2024-07-21,IND,0.43302605
2024-07-22,IND,0.3489376
2024-07-23,IND,0.30878872
2024-07-24,IND,0.274924
2024-07-25,IND,0.27222526
2024-07-26,IND,0.27222526
2024-07-27,IND,0.26003304
2024-07-28,IND,0.32428348
2024-07-29,IND,0.32428348
2024-07-30,IND,0.41675797
2024-07-31,IND,0.5046004
2024-08-01,IND,0.51765513
2024-08-02,IND,0.5082381
2024-08-03,IND,0.5015852
2024-08-04,IND,0.4958669
2024-08-05,IND,0.4464329
2024-08-06,IND,0.4538728
2024-08-07,IND,0.4798206
2024-08-08,IND,0.50050575
2024-08-09,IND,0.4961099
2024-08-10,IND,0.49115092
2024-08-11,IND,0.5190823
2024-08-12,IND,0.619921
2024-08-13,IND,0.5769692
2024-08-14,IND,0.6039672
2024-08-15,IND,0.56995785
2024-08-16,IND,0.5562151
2024-08-17,IND,0.48484042
2024-08-18,IND,0.47335356
2024-08-19,IND,0.47335356
2024-08-20,IND,0.4765402
2024-08-21,IND,0.4388178
2024-08-22,IND,0.43724436
2024-08-23,IND,0.33600396
2024-08-24,IND,0.39771372
2024-08-25,IND,0.4440825
2024-08-26,IND,0.4440825
2024-08-27,IND,0.4440825
2024-08-28,IND,0.501197
2024-08-29,IND,0.501197
2024-08-30,IND,0.49732262
2024-08-31,IND,0.48958665
2024-09-01,IND,0.48958665
2024-09-02,IND,0.501197
2024-09-03,IND,0.501197
2024-09-04,IND,0.51326275
2024-09-05,IND,0.43966427
2024-09-06,IND,0.43966427
2024-09-07,IND,0.4238433
2024-09-08,IND,0.4238433
2024-09-09,IND,0.4238433
2024-09-10,IND,0.41424203
2024-09-11,IND,0.40492588
2024-09-12,IND,0.40492588
2024-09-13,IND,0.40492588
2024-09-14,IND,0.40046954
2024-09-15,IND,0.32305923
2024-09-16,IND,0.32305923
2024-09-17,IND,0.4256795
2024-09-18,IND,0.4256795
2024-09-19,IND,0.40448394
2024-09-20,IND,0.40022787
2024-09-21,IND,0.44235492
2024-09-22,IND,0.48433688
2024-09-23,IND,0.48433688
2024-09-24,IND,0.47064003
2024-09-25,IND,0.48433688
2024-09-26,IND,0.50930274
2024-09-27,IND,0.5898996
2024-09-28,IND,0.5898996
2024-09-29,IND,0.5898996
2024-09-30,IND,0.5286783
2024-10-01,IND,0.54345477
2024-10-02,IND,0.54345477
2024-10-03,IND,0.5045663
2024-10-04,IND,0.5045663
2024-10-05,IND,0.48647198
2024-10-06,IND,0.47565663
2024-10-07,IND,0.51892614
2024-10-08,IND,0.52656096
2024-10-09,IND,0.47565663
2024-10-10,IND,0.44254178
2024-10-11,IND,0.20900284
2024-10-12,IND,0.20900284
2024-10-13,IND,0.20676666
2024-10-14,IND,0.20401466
2024-10-15,IND,0.19211197
2024-10-16,IND,0.19838776
2024-10-17,IND,0.19664003
2024-10-18,IND,0.49183258
2024-10-19,IND,0.48866498
2024-10-20,IND,0.48866498
2024-10-21,IND,0.5042076
2024-10-22,IND,0.5144782
2024-10-23,IND,0.5315435
2024-10-24,IND,0.5559924
2024-10-25,IND,0.6108424
2024-10-26,IND,0.5437764
2024-10-27,IND,0.47830817
2024-10-28,IND,0.4666059
2024-10-29,IND,0.44777256
2024-10-30,IND,0.43609807
2024-10-31,IND,0.3087754
2024-11-01,IND,0.33152157
2024-11-02,IND,0.40946478
2024-11-03,IND,0.482269
2024-11-04,IND,0.5080188
2024-11-05,IND,0.5080188
2024-11-06,IND,0.5219954
2024-11-07,IND,0.5936817
2024-11-08,IND,0.5936817
2024-11-09,IND,0.5618588
2024-11-10,IND,0.45437518
2024-11-11,IND,0.48821217
2024-11-12,IND,0.48821217
2024-11-13,IND,0.48821217
2024-11-14,IND,0.45437518
2024-11-15,IND,0.4169422
2024-11-16,IND,0.4169422
2024-11-17,IND,0.4169422
2024-11-18,IND,0.32143617
2024-11-19,IND,0.39430904
2024-11-20,IND,0.3130916
2024-11-21,IND,0.38514647
2024-11-22,IND,0.3130916
2024-11-23,IND,0.3130916
2024-11-24,IND,0.3130916
2024-11-25,IND,0.45649058
2024-11-26,IND,0.45547792
2024-11-27,IND,0.47169018
2024-11-28,IND,0.45547792
2024-11-29,IND,0.4102007
2024-11-30,IND,0.4443468
2024-12-01,IND,0.4443468
2024-12-02,IND,0.4443468
2024-12-03,IND,0.43485627
2024-12-04,IND,0.43485627
2024-12-05,IND,0.45581213
2024-12-06,IND,0.5725937
2024-12-07,IND,0.5566589
2024-12-08,IND,0.47083926
2024-12-09,IND,0.4616421
2024-12-10,IND,0.45158273
2024-12-11,IND,0.45158273
2024-12-12,IND,0.43966958
2024-12-13,IND,0.4310716
2024-12-14,IND,0.44054392
2024-12-15,IND,0.5903309
2024-12-16,IND,0.5566695
2024-12-17,IND,0.5566695
2024-12-18,IND,0.5423492
2024-12-19,IND,0.42898774
2024-12-20,IND,0.42898774
2024-12-21,IND,0.40697354
2024-12-22,IND,0.3925242
2024-12-23,IND,0.40535936
2024-12-24,IND,0.41430283
2024-12-25,IND,0.44448185
2024-12-26,IND,0.46274203
2024-12-27,IND,0.46515444
2024-12-28,IND,0.49183315
2024-12-29,IND,0.4685658
2024-12-30,IND,0.4635782
2024-12-31,IND,0.4518682
2025-01-01,IND,0.45942843
2025-01-02,IND,0.48047757
2025-01-03,IND,0.4708693
2025-01-04,IND,0.44695905
2025-01-05,IND,0.46581587
2025-01-06,IND,0.5326181
2025-01-07,IND,0.53661096
2025-01-08,IND,0.53661096
2025-01-09,IND,0.53661096
2025-01-10,IND,0.47987002
2025-01-11,IND,0.4637095
2025-01-12,IND,0.46533
2025-01-13,IND,0.3992382
2025-01-14,IND,0.39735255
2025-01-15,IND,0.3992382
2025-01-16,IND,0.37698746
2025-01-17,IND,0.3992382
2025-01-18,IND,0.42556056
2025-01-19,IND,0.38488525
2025-01-20,IND,0.4508469
2025-01-21,IND,0.46362633
2025-01-22,IND,0.45529905
2025-01-23,IND,0.35785434
2025-01-24,IND,0.34388992
2025-01-25,IND,0.26995924
2025-01-26,IND,0.35576117
2025-01-27,IND,0.23954278
2025-01-28,IND,0.23593897
2025-01-29,IND,0.23329782
2025-01-30,IND,0.4092734
2025-01-31,IND,0.3944641
2025-02-01,IND,0.40147507
2025-02-02,IND,0.40707016
2025-02-03,IND,0.5027943
2025-02-04,IND,0.5059888
2025-02-05,IND,0.5059888
2025-02-06,IND,0.49517167
2025-02-07,IND,0.5059888
2025-02-08,IND,0.43817472
2025-02-09,IND,0.41914043
2025-02-10,IND,0.441323
2025-02-11,IND,0.30690125
2025-02-12,IND,0.41914043
2025-02-13,IND,0.3907548
2025-02-14,IND,0.3907548
2025-02-15,IND,0.4706993
2025-02-16,IND,0.20368123
2025-02-17,IND,0.20576173
2025-02-18,IND,0.20576173
2025-02-19,IND,0.20945756
2025-02-20,IND,0.21258308
2025-02-21,IND,0.21333046
2025-02-22,IND,0.21258308
2025-02-23,IND,0.500453
2025-02-24,IND,0.500453
2025-02-25,IND,0.5681369
2025-02-26,IND,0.51306844
2025-02-27,IND,0.516822
2025-02-28,IND,0.51294607
2025-03-01,IND,0.50211054
2025-03-02,IND,0.530016
2025-03-03,IND,0.5780511
2025-03-04,IND,0.5806768
2025-03-05,IND,0.62728184
2025-03-06,IND,0.65921694
2025-03-07,IND,0.6620332
2025-03-08,IND,0.6116502
2025-03-09,IND,0.60482395
2025-03-10,IND,0.6011885
2025-03-11,IND,0.59934443
2025-03-12,IND,0.5961813
2025-03-13,IND,0.5873257
2025-03-14,IND,0.5923804
2025-03-15,IND,0.5208736
2025-03-16,IND,0.53008896
2025-03-17,IND,0.5410907
2025-03-18,IND,0.4068734
2025-03-19,IND,0.40379322
2025-03-20,IND,0.39644998
2025-03-21,IND,0.4068734
2025-03-22,IND,0.42019498
2025-03-23,IND,0.42019498
2025-03-24,IND,0.42019498
2025-03-25,IND,0.41851014
2025-03-26,IND,0.3752901
2025-03-27,IND,0.22023663
2025-03-28,IND,0.22100338
2024-07-01,BGD,0.3996917
2024-07-02,BGD,0.48505616
2024-07-03,BGD,0.4131147
2024-07-04,BGD,0.37508896
2024-07-05,BGD,0.36241397
2024-07-06,BGD,0.36241397
2024-07-07,BGD,0.36733985
2024-07-08,BGD,0.36733985
2024-07-09,BGD,0.36733985
2024-07-10,BGD,0.36733985
2024-07-11,BGD,0.5390595
2024-07-12,BGD,0.5390595
2024-07-13,BGD,0.47856298
2024-07-14,BGD,0.39997718
2024-07-15,BGD,0.37725773
2024-07-16,BGD,0.37108546
2024-07-17,BGD,0.3816315
2024-07-18,BGD,0.3771795
2024-07-19,BGD,0.3771795
2024-07-20,BGD,0.45036808
2024-07-21,BGD,0.48604107
2024-07-22,BGD,0.69784385
2024-07-23,BGD,0.701213
2024-07-24,BGD,0.6986864
2024-07-25,BGD,0.6986864
2024-07-26,BGD,0.6986864
2024-07-27,BGD,0.6986864
2024-07-28,BGD,0.69583684
2024-07-29,BGD,0.71127075
2024-07-30,BGD,0.7146623
2024-07-31,BGD,0.4074425
2024-08-01,BGD,0.40005875
2024-08-02,BGD,0.3740877
2024-08-03,BGD,0.33043873
2024-08-04,BGD,0.31794482
2024-08-05,BGD,0.303113
2024-08-06,BGD,0.303113
2024-08-07,BGD,0.3553066
2024-08-08,BGD,0.27827197
2024-08-09,BGD,0.29158
2024-08-10,BGD,0.343963
2024-08-11,BGD,0.343963
2024-08-12,BGD,0.24653322
2024-08-13,BGD,0.19962676
2024-08-14,BGD,0.23792233
2024-08-15,BGD,0.2818852
2024-08-16,BGD,0.2200714
2024-08-17,BGD,0.21310909
2024-08-18,BGD,0.21310909
2024-08-19,BGD,0.41309834
2024-08-20,BGD,0.43646342
2024-08-21,BGD,0.43646342
2024-08-22,BGD,0.43646342
2024-08-23,BGD,0.5889533
2024-08-24,BGD,0.57434046
2024-08-25,BGD,0.5889533
2024-08-26,BGD,0.6026605
2024-08-27,BGD,0.6379159
2024-08-28,BGD,0.7030926
2024-08-29,BGD,0.69778866
2024-08-30,BGD,0.63115644
2024-08-31,BGD,0.5280102
2024-09-01,BGD,0.5280102
2024-09-02,BGD,0.5144216
2024-09-03,BGD,0.5144216
2024-09-04,BGD,0.503292
2024-09-05,BGD,0.28828886
2024-09-06,BGD,0.31511575
2024-09-07,BGD,0.30173534
2024-09-08,BGD,0.30162936
2024-09-09,BGD,0.30162936
2024-09-10,BGD,0.30162936
2024-09-11,BGD,0.24087293
2024-09-12,BGD,0.3497144
2024-09-13,BGD,0.3435549
2024-09-14,BGD,0.5677165
2024-09-15,BGD,0.5853197
2024-09-16,BGD,0.47017998
2024-09-17,BGD,0.32441953
2024-09-18,BGD,0.33697495
2024-09-19,BGD,0.33394614
2024-09-20,BGD,0.33394614
2024-09-21,BGD,0.3249728
2024-09-22,BGD,0.3249728
2024-09-23,BGD,0.3249728
2024-09-24,BGD,0.3382832
2024-09-25,BGD,0.50028604
2024-09-26,BGD,0.50028604
2024-09-27,BGD,0.48527595
2024-09-28,BGD,0.495427
2024-09-29,BGD,0.36725968
2024-09-30,BGD,0.5018974
2024-10-01,BGD,0.5683946
2024-10-02,BGD,0.5835925
2024-10-03,BGD,0.50501376
2024-10-04,BGD,0.50473934
2024-10-05,BGD,0.440159
2024-10-06,BGD,0.54569453
2024-10-07,BGD,0.49873635
2024-10-08,BGD,0.45389068
2024-10-09,BGD,0.3559478
2024-10-10,BGD,0.47717345
2024-10-11,BGD,0.46881416
2024-10-12,BGD,0.42342567
2024-10-13,BGD,0.31985945
2024-10-14,BGD,0.42342567
2024-10-15,BGD,0.49681112
2024-10-16,BGD,0.49681112
2024-10-17,BGD,0.40231448
2024-10-18,BGD,0.40108266
2024-10-19,BGD,0.30844283
2024-10-20,BGD,0.40870166
2024-10-21,BGD,0.4120493
2024-10-22,BGD,0.31140175
2024-10-23,BGD,0.4120493
2024-10-24,BGD,0.47574696
2024-10-25,BGD,0.48199338
2024-10-26,BGD,0.47574696
2024-10-27,BGD,0.47574696
2024-10-28,BGD,0.25901568
2024-10-29,BGD,0.25901568
2024-10-30,BGD,0.25901568
2024-10-31,BGD,0.25901568
2024-11-01,BGD,0.27880177
2024-11-02,BGD,0.27880177
2024-11-03,BGD,0.27880177
2024-11-04,BGD,0.42954665
2024-11-05,BGD,0.42954665
2024-11-06,BGD,0.3047643
2024-11-07,BGD,0.3047643
2024-11-08,BGD,0.2990324
2024-11-09,BGD,0.2921904
2024-11-10,BGD,0.3047643
2024-11-11,BGD,0.2921904
2024-11-12,BGD,0.2921904
2024-11-13,BGD,0.31870097
2024-11-14,BGD,0.31870097
2024-11-15,BGD,0.3472739
2024-11-16,BGD,0.3472739
2024-11-17,BGD,0.30526367
2024-11-18,BGD,0.29671767
2024-11-19,BGD,0.30266234
2024-11-20,BGD,0.30170998
2024-11-21,BGD,0.30170998
2024-11-22,BGD,0.30170998
2024-11-23,BGD,0.30501524
2024-11-24,BGD,0.4320125
2024-11-25,BGD,0.32689047
2024-11-26,BGD,0.44568196
2024-11-27,BGD,0.517337
2024-11-28,BGD,0.50505507
2024-11-29,BGD,0.50228316
2024-11-30,BGD,0.5070097
2024-12-01,BGD,0.3026999
2024-12-02,BGD,0.3026999
2024-12-03,BGD,0.2946306
2024-12-04,BGD,0.2946306
2024-12-05,BGD,0.29532433
2024-12-06,BGD,0.27574816
2024-12-07,BGD,0.27574816
2024-12-08,BGD,0.5369587
2024-12-09,BGD,0.6836773
2024-12-10,BGD,0.676363
2024-12-11,BGD,0.7085286
2024-12-12,BGD,0.6752874
2024-12-13,BGD,0.676363
2024-12-14,BGD,0.6847381
2024-12-15,BGD,0.6827922
2024-12-16,BGD,0.68428576
2024-12-17,BGD,0.6959135
2024-12-18,BGD,0.70381945
2024-12-19,BGD,0.6953834
2024-12-20,BGD,0.5049803
2024-12-21,BGD,0.5181341
2024-12-22,BGD,0.5181341
2024-12-23,BGD,0.52698255
2024-12-24,BGD,0.5000383
2024-12-25,BGD,0.47702777
2024-12-26,BGD,0.47702777
2024-12-27,BGD,0.5165142
2024-12-28,BGD,0.4934489
2024-12-29,BGD,0.4934489
2024-12-30,BGD,0.44029897
2024-12-31,BGD,0.37808812
2025-01-01,BGD,0.37990388
2025-01-02,BGD,0.3159981
2025-01-03,BGD,0.28047106
2025-01-04,BGD,0.30773073
2025-01-05,BGD,0.2879011
2025-01-06,BGD,0.31434995
2025-01-07,BGD,0.3927392
2025-01-08,BGD,0.320265
2025-01-09,BGD,0.28689212
2025-01-10,BGD,0.29870012
2025-01-11,BGD,0.28689212
2025-01-12,BGD,0.31911293
2025-01-13,BGD,0.31911293
2025-01-14,BGD,0.31911293
2025-01-15,BGD,0.40104395
2025-01-16,BGD,0.50269693
2025-01-17,BGD,0.50269693
2025-01-18,BGD,0.50269693
2025-01-19,BGD,0.50269693
2025-01-20,BGD,0.50269693
2025-01-21,BGD,0.48559967
2025-01-22,BGD,0.4637555
2025-01-23,BGD,0.48559967
2025-01-24,BGD,0.48559967
2025-01-25,BGD,0.38019222
2025-01-26,BGD,0.38019222
2025-01-27,BGD,0.29745153
2025-01-28,BGD,0.38019222
2025-01-29,BGD,0.40104395
2025-01-30,BGD,0.48559967
2025-01-31,BGD,0.41555205
2025-02-01,BGD,0.49699998
2025-02-02,BGD,0.42192417
2025-02-03,BGD,0.42192417
2025-02-04,BGD,0.43663695
2025-02-05,BGD,0.43663695
2025-02-06,BGD,0.43663695
2025-02-07,BGD,0.43112367
2025-02-08,BGD,0.32266092
2025-02-09,BGD,0.41071856
2025-02-10,BGD,0.4116344
2025-02-11,BGD,0.4116344
2025-02-12,BGD,0.4116344
2025-02-13,BGD,0.4116344
2025-02-14,BGD,0.3324595
2025-02-15,BGD,0.38019222
2025-02-16,BGD,0.38019222
2025-02-17,BGD,0.448857
2025-02-18,BGD,0.38019222
2025-02-19,BGD,0.40104395
2025-02-20,BGD,0.3160795
2025-02-21,BGD,0.36744618
2025-02-22,BGD,0.39700726
2025-02-23,BGD,0.39700726
2025-02-24,BGD,0.40136626
2025-02-25,BGD,0.47000897
2025-02-26,BGD,0.4637788
2025-02-27,BGD,0.5030323
2025-02-28,BGD,0.3986612
2025-03-01,BGD,0.39853293
2025-03-02,BGD,0.37598866
2025-03-03,BGD,0.38026237
2025-03-04,BGD,0.26688784
2025-03-05,BGD,0.25637853
2025-03-06,BGD,0.24871117
2025-03-07,BGD,0.47192657
2025-03-08,BGD,0.48691434
2025-03-09,BGD,0.48691434
2025-03-10,BGD,0.41962284
2025-03-11,BGD,0.48691434
2025-03-12,BGD,0.49152917
2025-03-13,BGD,0.47149977
2025-03-14,BGD,0.3983991
2025-03-15,BGD,0.31140542
2025-03-16,BGD,0.33946985
2025-03-17,BGD,0.4353319
2025-03-18,BGD,0.49473634
2025-03-19,BGD,0.48783466
2025-03-20,BGD,0.50974923
2025-03-21,BGD,0.52682596
2025-03-22,BGD,0.69951576
2025-03-23,BGD,0.4824168
2025-03-24,BGD,0.405001
2025-03-25,BGD,0.405001
2025-03-26,BGD,0.38217795
2025-03-27,BGD,0.38217795
2025-03-28,BGD,0.38217795
2024-07-01,MMR,0.39669624
2024-07-02,MMR,0.32906786
2024-07-03,MMR,0.35804433
2024-07-04,MMR,0.38767153
2024-07-05,MMR,0.40055504
2024-07-06,MMR,0.35876742
2024-07-07,MMR,0.36982763
2024-07-08,MMR,0.381059
2024-07-09,MMR,0.3331606
2024-07-10,MMR,0.3567684
2024-07-11,MMR,0.3485273
2024-07-12,MMR,0.3718941
2024-07-13,MMR,0.29566884
2024-07-14,MMR,0.31701013
2024-07-15,MMR,0.31788403
2024-07-16,MMR,0.3076288
2024-07-17,MMR,0.3158489
2024-07-18,MMR,0.3121064
2024-07-19,MMR,0.343494
2024-07-20,MMR,0.3318677
2024-07-21,MMR,0.32097077
2024-07-22,MMR,0.36411855
2024-07-23,MMR,0.3272742
2024-07-24,MMR,0.31685677
2024-07-25,MMR,0.31650138
2024-07-26,MMR,0.3331062
2024-07-27,MMR,0.31116936
2024-07-28,MMR,0.29782143
2024-07-29,MMR,0.3102748
2024-07-30,MMR,0.29648173
2024-07-31,MMR,0.2952354
2024-08-01,MMR,0.2826185
2024-08-02,MMR,0.28236452
2024-08-03,MMR,0.26578972
2024-08-04,MMR,0.2649183
2024-08-05,MMR,0.25477996
2024-08-06,MMR,0.23779352
2024-08-07,MMR,0.2585989
2024-08-08,MMR,0.2888075
2024-08-09,MMR,0.25348017
2024-08-10,MMR,0.29748866
2024-08-11,MMR,0.37500483
2024-08-12,MMR,0.35311455
2024-08-13,MMR,0.34398887
2024-08-14,MMR,0.32953683
2024-08-15,MMR,0.31597736
2024-08-16,MMR,0.27897528
2024-08-17,MMR,0.33017847
2024-08-18,MMR,0.3405897
2024-08-19,MMR,0.32261375
2024-08-20,MMR,0.30951622
2024-08-21,MMR,0.31075507
2024-08-22,MMR,0.3137998
2024-08-23,MMR,0.30612928
2024-08-24,MMR,0.31136525
2024-08-25,MMR,0.30868372
2024-08-26,MMR,0.32465664
2024-08-27,MMR,0.30691755
2024-08-28,MMR,0.36679226
2024-08-29,MMR,0.308305
2024-08-30,MMR,0.30670613
2024-08-31,MMR,0.27367145
2024-09-01,MMR,0.32047912
2024-09-02,MMR,0.30263895
2024-09-03,MMR,0.28174588
2024-09-04,MMR,0.2419997
2024-09-05,MMR,0.30718186
2024-09-06,MMR,0.3426119
2024-09-07,MMR,0.3230464
2024-09-08,MMR,0.30575562
2024-09-09,MMR,0.2856147
2024-09-10,MMR,0.26471433
2024-09-11,MMR,0.3316273
2024-09-12,MMR,0.28919253
2024-09-13,MMR,0.28919253
2024-09-14,MMR,0.29631504
2024-09-15,MMR,0.28247827
2024-09-16,MMR,0.27744478
2024-09-17,MMR,0.28451303
2024-09-18,MMR,0.27490053
2024-09-19,MMR,0.29042512
2024-09-20,MMR,0.2589025
2024-09-21,MMR,0.3397355
2024-09-22,MMR,0.33690044
2024-09-23,MMR,0.37980992
2024-09-24,MMR,0.36863655
2024-09-25,MMR,0.35901538
2024-09-26,MMR,0.41076538
2024-09-27,MMR,0.3832404
2024-09-28,MMR,0.3660487
2024-09-29,MMR,0.354113
2024-09-30,MMR,0.36011702
2024-10-01,MMR,0.34491712
2024-10-02,MMR,0.33130637
2024-10-03,MMR,0.22934216
2024-10-04,MMR,0.24175867
2024-10-05,MMR,0.23910575
2024-10-06,MMR,0.25079557
2024-10-07,MMR,0.22563978
2024-10-08,MMR,0.22850002
2024-10-09,MMR,0.24416848
2024-10-10,MMR,0.33768678
2024-10-11,MMR,0.34175748
2024-10-12,MMR,0.32345384
2024-10-13,MMR,0.32345384
2024-10-14,MMR,0.38008004
2024-10-15,MMR,0.2141644
2024-10-16,MMR,0.20771667
2024-10-17,MMR,0.18730587
2024-10-18,MMR,0.18343046
2024-10-19,MMR,0.20099978
2024-10-20,MMR,0.22870803
2024-10-21,MMR,0.21237563
2024-10-22,MMR,0.30816537
2024-10-23,MMR,0.3179325
2024-10-24,MMR,0.35636583
2024-10-25,MMR,0.3907933
2024-10-26,MMR,0.38562343
2024-10-27,MMR,0.39923996
2024-10-28,MMR,0.38361096
2024-10-29,MMR,0.41310224
2024-10-30,MMR,0.4191691
2024-10-31,MMR,0.38896403
2024-11-01,MMR,0.38021082
2024-11-02,MMR,0.38340014
2024-11-03,MMR,0.37533674
2024-11-04,MMR,0.33087227
2024-11-05,MMR,0.31835184
2024-11-06,MMR,0.35880673
2024-11-07,MMR,0.3502816
2024-11-08,MMR,0.34683385
2024-11-09,MMR,0.34797567
2024-11-10,MMR,0.35500225
2024-11-11,MMR,0.35500225
2024-11-12,MMR,0.36887103
2024-11-13,MMR,0.38090155
2024-11-14,MMR,0.34192356
2024-11-15,MMR,0.30992112
2024-11-16,MMR,0.33392122
2024-11-17,MMR,0.3313525
2024-11-18,MMR,0.3113876
2024-11-19,MMR,0.30624676
2024-11-20,MMR,0.31397656
2024-11-21,MMR,0.31287944
2024-11-22,MMR,0.29656476
2024-11-23,MMR,0.2858522
2024-11-24,MMR,0.30561888
2024-11-25,MMR,0.30034566
2024-11-26,MMR,0.30034566
2024-11-27,MMR,0.34933168
2024-11-28,MMR,0.3439091
2024-11-29,MMR,0.33986804
2024-11-30,MMR,0.3454925
2024-12-01,MMR,0.3013715
2024-12-02,MMR,0.3013715
2024-12-03,MMR,0.32924348
2024-12-04,MMR,0.24467991
2024-12-05,MMR,0.24168055
2024-12-06,MMR,0.23590489
2024-12-07,MMR,0.23121113
2024-12-08,MMR,0.24438272
2024-12-09,MMR,0.24257442
2024-12-10,MMR,0.26202518
2024-12-11,MMR,0.25363585
2024-12-12,MMR,0.2545242
2024-12-13,MMR,0.27665022
2024-12-14,MMR,0.2885367
2024-12-15,MMR,0.3270205
2024-12-16,MMR,0.3270205
2024-12-17,MMR,0.33339465
2024-12-18,MMR,0.3228759
2024-12-19,MMR,0.3555848
2024-12-20,MMR,0.38144585
2024-12-21,MMR,0.3734064
2024-12-22,MMR,0.3734064
2024-12-23,MMR,0.37273195
2024-12-24,MMR,0.38017318
2024-12-25,MMR,0.36439386
2024-12-26,MMR,0.33826876
2024-12-27,MMR,0.29197717
2024-12-28,MMR,0.29468143
2024-12-29,MMR,0.3040603
2024-12-30,MMR,0.3040603
2024-12-31,MMR,0.2940588
2025-01-01,MMR,0.30121806
2025-01-02,MMR,0.3018817
2025-01-03,MMR,0.30919588
2025-01-04,MMR,0.18470198
2025-01-05,MMR,0.20918137
2025-01-06,MMR,0.20918137
2025-01-07,MMR,0.24146678
2025-01-08,MMR,0.26829228
2025-01-09,MMR,0.22762802
2025-01-10,MMR,0.27664024
2025-01-11,MMR,0.19256271
2025-01-12,MMR,0.21098903
2025-01-13,MMR,0.20171323
2025-01-14,MMR,0.19359064
2025-01-15,MMR,0.2636663
2025-01-16,MMR,0.29977387
2025-01-17,MMR,0.30107468
2025-01-18,MMR,0.28280744
2025-01-19,MMR,0.290515
2025-01-20,MMR,0.28917372
2025-01-21,MMR,0.28917372
2025-01-22,MMR,0.31657797
2025-01-23,MMR,0.34325728
2025-01-24,MMR,0.31106538
2025-01-25,MMR,0.30575958
2025-01-26,MMR,0.3038768
2025-01-27,MMR,0.31220824
2025-01-28,MMR,0.29188237
2025-01-29,MMR,0.27425933
2025-01-30,MMR,0.30214763
2025-01-31,MMR,0.30914038
2025-02-01,MMR,0.37890807
2025-02-02,MMR,0.31189832
2025-02-03,MMR,0.31189832
2025-02-04,MMR,0.27767134
2025-02-05,MMR,0.30154592
2025-02-06,MMR,0.31072158
2025-02-07,MMR,0.27044722
2025-02-08,MMR,0.25308695
2025-02-09,MMR,0.2747724
2025-02-10,MMR,0.2961089
2025-02-11,MMR,0.3121253
2025-02-12,MMR,0.31913245
2025-02-13,MMR,0.25509942
2025-02-14,MMR,0.28738096
2025-02-15,MMR,0.26847166
2025-02-16,MMR,0.3494077
2025-02-17,MMR,0.34375295
2025-02-18,MMR,0.34375295
2025-02-19,MMR,0.32100683
2025-02-20,MMR,0.3356657
2025-02-21,MMR,0.33685473
2025-02-22,MMR,0.34479535
2025-02-23,MMR,0.31671435
2025-02-24,MMR,0.30574647
2025-02-25,MMR,0.30094677
2025-02-26,MMR,0.30356103
2025-02-27,MMR,0.33566603
2025-02-28,MMR,0.32548457
2025-03-01,MMR,0.3433456
2025-03-02,MMR,0.33861342
2025-03-03,MMR,0.33861342
2025-03-04,MMR,0.38617042
2025-03-05,MMR,0.37685505
2025-03-06,MMR,0.36706647
2025-03-07,MMR,0.3726467
2025-03-08,MMR,0.2538525
2025-03-09,MMR,0.26538154
2025-03-10,MMR,0.26355672
2025-03-11,MMR,0.2922743
2025-03-12,MMR,0.28675458
2025-03-13,MMR,0.29958346
2025-03-14,MMR,0.32120776
2025-03-15,MMR,0.36432323
2025-03-16,MMR,0.34685615
2025-03-17,MMR,0.26432824
2025-03-18,MMR,0.26921237
2025-03-19,MMR,0.26452792
2025-03-20,MMR,0.24558489
2025-03-21,MMR,0.25220892
2025-03-22,MMR,0.27552867
2025-03-23,MMR,0.30619258
2025-03-24,MMR,0.29136163
2025-03-25,MMR,0.23739567
2025-03-26,MMR,0.2422626
2025-03-27,MMR,0.24438047
2025-03-28,MMR,0.36753607
2024-07-01,PHL,0.40597218
2024-07-02,PHL,0.40597218
2024-07-03,PHL,0.3772479
2024-07-04,PHL,0.37923807
2024-07-05,PHL,0.35621455
2024-07-06,PHL,0.35621455
2024-07-07,PHL,0.38297963
2024-07-08,PHL,0.42538193
2024-07-09,PHL,0.39004555
2024-07-10,PHL,0.56098664
2024-07-11,PHL,0.5648652
2024-07-12,PHL,0.51926625
2024-07-13,PHL,0.537647
2024-07-14,PHL,0.537647
2024-07-15,PHL,0.537647
2024-07-16,PHL,0.52633274
2024-07-17,PHL,0.46064672
2024-07-18,PHL,0.41925335
2024-07-19,PHL,0.41925335
2024-07-20,PHL,0.41132587
2024-07-21,PHL,0.41132587
2024-07-22,PHL,0.43965173
2024-07-23,PHL,0.41422278
2024-07-24,PHL,0.46580565
2024-07-25,PHL,0.5036324
2024-07-26,PHL,0.50043774
2024-07-27,PHL,0.50043774
2024-07-28,PHL,0.48250532
2024-07-29,PHL,0.50043774
2024-07-30,PHL,0.560056
2024-07-31,PHL,0.560056
2024-08-01,PHL,0.57122093
2024-08-02,PHL,0.5052483
2024-08-03,PHL,0.5291001
2024-08-04,PHL,0.5332256
2024-08-05,PHL,0.45468888
2024-08-06,PHL,0.47044584
2024-08-07,PHL,0.47279
2024-08-08,PHL,0.4480086
2024-08-09,PHL,0.40578836
2024-08-10,PHL,0.38954186
2024-08-11,PHL,0.4339212
2024-08-12,PHL,0.4339212
2024-08-13,PHL,0.4339212
2024-08-14,PHL,0.40575963
2024-08-15,PHL,0.35427594
2024-08-16,PHL,0.36399126
2024-08-17,PHL,0.3505693
2024-08-18,PHL,0.32773125
2024-08-19,PHL,0.32159686
2024-08-20,PHL,0.33412915
2024-08-21,PHL,0.33381286
2024-08-22,PHL,0.43730882
2024-08-23,PHL,0.43730882
2024-08-24,PHL,0.4233289
2024-08-25,PHL,0.4233289
2024-08-26,PHL,0.33617464
2024-08-27,PHL,0.33617464
2024-08-28,PHL,0.35545292
2024-08-29,PHL,0.3486899
2024-08-30,PHL,0.35584864
2024-08-31,PHL,0.35856652
2024-09-01,PHL,0.35856652
2024-09-02,PHL,0.36387992
2024-09-03,PHL,0.36387992
2024-09-04,PHL,0.35856652
2024-09-05,PHL,0.46752158
2024-09-06,PHL,0.40499204
2024-09-07,PHL,0.40499204
2024-09-08,PHL,0.46179342
2024-09-09,PHL,0.42970207
2024-09-10,PHL,0.43984613
2024-09-11,PHL,0.3424793
2024-09-12,PHL,0.40807474
2024-09-13,PHL,0.31830868
2024-09-14,PHL,0.38039565
2024-09-15,PHL,0.31149954
2024-09-16,PHL,0.38039565
2024-09-17,PHL,0.3373936
2024-09-18,PHL,0.35673317
2024-09-19,PHL,0.30180022
2024-09-20,PHL,0.35146648
2024-09-21,PHL,0.34801266
2024-09-22,PHL,0.38320786
2024-09-23,PHL,0.37421665
2024-09-24,PHL,0.33417252
2024-09-25,PHL,0.5028287
2024-09-26,PHL,0.51246834
2024-09-27,PHL,0.5170799
2024-09-28,PHL,0.51246834
2024-09-29,PHL,0.4777415
2024-09-30,PHL,0.43203515
2024-10-01,PHL,0.47461385
2024-10-02,PHL,0.47001237
2024-10-03,PHL,0.4289609
2024-10-04,PHL,0.42646173
2024-10-05,PHL,0.41645718
2024-10-06,PHL,0.42790738
2024-10-07,PHL,0.4689408
2024-10-08,PHL,0.43610963
2024-10-09,PHL,0.4648174
2024-10-10,PHL,0.46473706
2024-10-11,PHL,0.4790046
2024-10-12,PHL,0.40044692
2024-10-13,PHL,0.4541847
2024-10-14,PHL,0.44543603
2024-10-15,PHL,0.4345162
2024-10-16,PHL,0.38211602
2024-10-17,PHL,0.43064687
2024-10-18,PHL,0.40794364
2024-10-19,PHL,0.6261277
2024-10-20,PHL,0.5893478
2024-10-21,PHL,0.5282502
2024-10-22,PHL,0.4812876
2024-10-23,PHL,0.5282502
2024-10-24,PHL,0.5389696
2024-10-25,PHL,0.3713052
2024-10-26,PHL,0.36748087
2024-10-27,PHL,0.36810422
2024-10-28,PHL,0.36810422
2024-10-29,PHL,0.36101964
2024-10-30,PHL,0.3414068
2024-10-31,PHL,0.3236183
2024-11-01,PHL,0.38055122
2024-11-02,PHL,0.35964176
2024-11-03,PHL,0.35314468
2024-11-04,PHL,0.32994488
2024-11-05,PHL,0.35357362
2024-11-06,PHL,0.25583655
2024-11-07,PHL,0.28503013
2024-11-08,PHL,0.34196025
2024-11-09,PHL,0.37437806
2024-11-10,PHL,0.3545535
2024-11-11,PHL,0.34760934
2024-11-12,PHL,0.35411662
2024-11-13,PHL,0.46504715
2024-11-14,PHL,0.5047509
2024-11-15,PHL,0.5047509
2024-11-16,PHL,0.51114345
2024-11-17,PHL,0.48765033
2024-11-18,PHL,0.49618444
2024-11-19,PHL,0.5054237
2024-11-20,PHL,0.5324431
2024-11-21,PHL,0.58315593
2024-11-22,PHL,0.5324431
2024-11-23,PHL,0.45932952
2024-11-24,PHL,0.4711512
2024-11-25,PHL,0.4273628
2024-11-26,PHL,0.42986336
2024-11-27,PHL,0.44670424
2024-11-28,PHL,0.36815417
2024-11-29,PHL,0.3709479
2024-11-30,PHL,0.37104148
2024-12-01,PHL,0.37104148
2024-12-02,PHL,0.36111745
2024-12-03,PHL,0.3908696
2024-12-04,PHL,0.39714092
2024-12-05,PHL,0.4207515
2024-12-06,PHL,0.5189464
2024-12-07,PHL,0.55481225
2024-12-08,PHL,0.55481225
2024-12-09,PHL,0.43046388
2024-12-10,PHL,0.37918472
2024-12-11,PHL,0.37182748
2024-12-12,PHL,0.3648132
2024-12-13,PHL,0.35777944
2024-12-14,PHL,0.33750743
2024-12-15,PHL,0.3507671
2024-12-16,PHL,0.40710288
2024-12-17,PHL,0.41596097
2024-12-18,PHL,0.41828847
2024-12-19,PHL,0.39964083
2024-12-20,PHL,0.39657882
2024-12-21,PHL,0.4453026
2024-12-22,PHL,0.4453026
2024-12-23,PHL,0.4453026
2024-12-24,PHL,0.45687076
2024-12-25,PHL,0.4460001
2024-12-26,PHL,0.45273587
2024-12-27,PHL,0.45273587
2024-12-28,PHL,0.47693634
2024-12-29,PHL,0.4072986
2024-12-30,PHL,0.3625967
2024-12-31,PHL,0.3625967
2025-01-01,PHL,0.3566466
2025-01-02,PHL,0.3625967
2025-01-03,PHL,0.3625967
2025-01-04,PHL,0.3625967
2025-01-05,PHL,0.3727228
2025-01-06,PHL,0.45901775
2025-01-07,PHL,0.40301758
2025-01-08,PHL,0.43270844
2025-01-09,PHL,0.4352165
2025-01-10,PHL,0.4352165
2025-01-11,PHL,0.43270844
2025-01-12,PHL,0.40448493
2025-01-13,PHL,0.4006371
2025-01-14,PHL,0.4287854
2025-01-15,PHL,0.4287854
2025-01-16,PHL,0.4155559
2025-01-17,PHL,0.4155559
2025-01-18,PHL,0.43547964
2025-01-19,PHL,0.43547964
2025-01-20,PHL,0.48616168
2025-01-21,PHL,0.45675957
2025-01-22,PHL,0.5014954
2025-01-23,PHL,0.4973325
2025-01-24,PHL,0.5246965
2025-01-25,PHL,0.48565596
2025-01-26,PHL,0.45995036
2025-01-27,PHL,0.44111714
2025-01-28,PHL,0.40733033
2025-01-29,PHL,0.3060118
2025-01-30,PHL,0.302684
2025-01-31,PHL,0.3249664
2025-02-01,PHL,0.3249664
2025-02-02,PHL,0.3249664
2025-02-03,PHL,0.3249664
2025-02-04,PHL,0.3171738
2025-02-05,PHL,0.44615954
2025-02-06,PHL,0.44615954
2025-02-07,PHL,0.44220963
2025-02-08,PHL,0.38818303
2025-02-09,PHL,0.3717384
2025-02-10,PHL,0.3717384
2025-02-11,PHL,0.4216165
2025-02-12,PHL,0.3717384
2025-02-13,PHL,0.3717384
2025-02-14,PHL,0.3385613
2025-02-15,PHL,0.39557552
2025-02-16,PHL,0.44637957
2025-02-17,PHL,0.4185597
2025-02-18,PHL,0.37036157
2025-02-19,PHL,0.37036157
2025-02-20,PHL,0.35251704
2025-02-21,PHL,0.42719078
2025-02-22,PHL,0.41329676
2025-02-23,PHL,0.41329676
2025-02-24,PHL,0.4509465
2025-02-25,PHL,0.4549108
2025-02-26,PHL,0.54415745
2025-02-27,PHL,0.50582796
2025-02-28,PHL,0.5101304
2025-03-01,PHL,0.5101304
2025-03-02,PHL,0.5009741
2025-03-03,PHL,0.5009741
2025-03-04,PHL,0.49675182
2025-03-05,PHL,0.5009741
2025-03-06,PHL,0.49675182
2025-03-07,PHL,0.4616896
2025-03-08,PHL,0.40748623
2025-03-09,PHL,0.40748623
2025-03-10,PHL,0.40858126
2025-03-11,PHL,0.32897276
2025-03-12,PHL,0.42099196
2025-03-13,PHL,0.4171542
2025-03-14,PHL,0.4171542
2025-03-15,PHL,0.4171542
2025-03-16,PHL,0.4171542
2025-03-17,PHL,0.42276356
2025-03-18,PHL,0.42969063
2025-03-19,PHL,0.42276356
2025-03-20,PHL,0.42276356
2025-03-21,PHL,0.42276356
2025-03-22,PHL,0.42276356
2025-03-23,PHL,0.40725645
2025-03-24,PHL,0.34169286
2025-03-25,PHL,0.3591583
2025-03-26,PHL,0.3591583
2025-03-27,PHL,0.3591583
2025-03-28,PHL,0.3591583
2024-07-01,THA,0.7179776
2024-07-02,THA,0.532853
2024-07-03,THA,0.52656263
2024-07-04,THA,0.51820487
2024-07-05,THA,0.51820487
2024-07-06,THA,0.5098469
2024-07-07,THA,0.4742523
2024-07-08,THA,0.47014642
2024-07-09,THA,0.5319163
2024-07-10,THA,0.5319163
2024-07-11,THA,0.5319163
2024-07-12,THA,0.52191
2024-07-13,THA,0.52191
2024-07-14,THA,0.7216482
2024-07-15,THA,0.72311294
2024-07-16,THA,0.72311294
2024-07-17,THA,0.72064716
2024-07-18,THA,0.71759677
2024-07-19,THA,0.5250928
2024-07-20,THA,0.5250928
2024-07-21,THA,0.49816197
2024-07-22,THA,0.49816197
2024-07-23,THA,0.49816197
2024-07-24,THA,0.5012324
2024-07-25,THA,0.5012324
2024-07-26,THA,0.74377626
2024-07-27,THA,0.74377626
2024-07-28,THA,0.74238205
2024-07-29,THA,0.71903384
2024-07-30,THA,0.71903384
2024-07-31,THA,0.7108531
2024-08-01,THA,0.7110239
2024-08-02,THA,0.7059567
2024-08-03,THA,0.7019768
2024-08-04,THA,0.40567854
2024-08-05,THA,0.41178086
2024-08-06,THA,0.3713448
2024-08-07,THA,0.3713448
2024-08-08,THA,0.2638785
2024-08-09,THA,0.2638785
2024-08-10,THA,0.2713669
2024-08-11,THA,0.28984913
2024-08-12,THA,0.28984913
2024-08-13,THA,0.27806148
2024-08-14,THA,0.28619128
2024-08-15,THA,0.52016044
2024-08-16,THA,0.5213052
2024-08-17,THA,0.5213052
2024-08-18,THA,0.56216943
2024-08-19,THA,0.55962247
2024-08-20,THA,0.55962247
2024-08-21,THA,0.55962247
2024-08-22,THA,0.710791
2024-08-23,THA,0.7273717
2024-08-24,THA,0.7297838
2024-08-25,THA,0.72735494
2024-08-26,THA,0.7236815
2024-08-27,THA,0.7236815
2024-08-28,THA,0.716956
2024-08-29,THA,0.7223853
2024-08-30,THA,0.7223853
2024-08-31,THA,0.7223853
2024-09-01,THA,0.7223853
2024-09-02,THA,0.7223853
2024-09-03,THA,0.718491
2024-09-04,THA,0.718491
2024-09-05,THA,0.75176185
2024-09-06,THA,0.7481807
2024-09-07,THA,0.74317783
2024-09-08,THA,0.74317783
2024-09-09,THA,0.74317783
2024-09-10,THA,0.70302314
2024-09-11,THA,0.70302314
2024-09-12,THA,0.7089665
2024-09-13,THA,0.70558095
2024-09-14,THA,0.6846532
2024-09-15,THA,0.6811562
2024-09-16,THA,0.6811562
2024-09-17,THA,0.67759424
2024-09-18,THA,0.64438564
2024-09-19,THA,0.6317358
2024-09-20,THA,0.6370752
2024-09-21,THA,0.6370752
2024-09-22,THA,0.6370752
2024-09-23,THA,0.6370752
2024-09-24,THA,0.4983216
2024-09-25,THA,0.4983216
2024-09-26,THA,0.4983216
2024-09-27,THA,0.4983216
2024-09-28,THA,0.57384217
2024-09-29,THA,0.5661009
2024-09-30,THA,0.5661009
2024-10-01,THA,0.55743253
2024-10-02,THA,0.55484563
2024-10-03,THA,0.5867114
2024-10-04,THA,0.5930508
2024-10-05,THA,0.5926611
2024-10-06,THA,0.5949978
2024-10-07,THA,0.5949978
2024-10-08,THA,0.5949978
2024-10-09,THA,0.58714414
2024-10-10,THA,0.59953296
2024-10-11,THA,0.59104997
2024-10-12,THA,0.59104997
2024-10-13,THA,0.66475666
2024-10-14,THA,0.66475666
2024-10-15,THA,0.6574769
2024-10-16,THA,0.46432948
2024-10-17,THA,0.45233813
2024-10-18,THA,0.4460906
2024-10-19,THA,0.42267367
2024-10-20,THA,0.3991165
2024-10-21,THA,0.41771984
2024-10-22,THA,0.4259452
2024-10-23,THA,0.6264761
2024-10-24,THA,0.63032305
2024-10-25,THA,0.62568533
2024-10-26,THA,0.62322766
2024-10-27,THA,0.6325982
2024-10-28,THA,0.63622034
2024-10-29,THA,0.6286671
2024-10-30,THA,0.65068924
2024-10-31,THA,0.65068924
2024-11-01,THA,0.65144694
2024-11-02,THA,0.65144694
2024-11-03,THA,0.65144694
2024-11-04,THA,0.65144694
2024-11-05,THA,0.46692768
2024-11-06,THA,0.47693145
2024-11-07,THA,0.48909852
2024-11-08,THA,0.48909852
2024-11-09,THA,0.4932159
2024-11-10,THA,0.48114857
2024-11-11,THA,0.47484812
2024-11-12,THA,0.7502863
2024-11-13,THA,0.7502863
2024-11-14,THA,0.4716946
2024-11-15,THA,0.48041153
2024-11-16,THA,0.4682625
2024-11-17,THA,0.46271446
2024-11-18,THA,0.45180148
2024-11-19,THA,0.45275077
2024-11-20,THA,0.45901433
2024-11-21,THA,0.7096401
2024-11-22,THA,0.7062338
2024-11-23,THA,0.71026325
2024-11-24,THA,0.71026325
2024-11-25,THA,0.718454
2024-11-26,THA,0.718454
2024-11-27,THA,0.71026325
2024-11-28,THA,0.71026325
2024-11-29,THA,0.71026325
2024-11-30,THA,0.71336114
2024-12-01,THA,0.43399066
2024-12-02,THA,0.43399066
2024-12-03,THA,0.43399066
2024-12-04,THA,0.44226703
2024-12-05,THA,0.39582214
2024-12-06,THA,0.39582214
2024-12-07,THA,0.39582214
2024-12-08,THA,0.74436265
2024-12-09,THA,0.74436265
2024-12-10,THA,0.7460176
2024-12-11,THA,0.7460176
2024-12-12,THA,0.74436265
2024-12-13,THA,0.7460176
2024-12-14,THA,0.7411003
2024-12-15,THA,0.7424992
2024-12-16,THA,0.7424992
2024-12-17,THA,0.7424992
2024-12-18,THA,0.49816197
2024-12-19,THA,0.44163218
2024-12-20,THA,0.44163218
2024-12-21,THA,0.4484525
2024-12-22,THA,0.4484525
2024-12-23,THA,0.4484525
2024-12-24,THA,0.4484525
2024-12-25,THA,0.5118126
2024-12-26,THA,0.500605
2024-12-27,THA,0.500605
2024-12-28,THA,0.50895685
2024-12-29,THA,0.50100064
2024-12-30,THA,0.5005525
2024-12-31,THA,0.48198497
2025-01-01,THA,0.48198497
2025-01-02,THA,0.49256012
2025-01-03,THA,0.49256012
2025-01-04,THA,0.49256012
2025-01-05,THA,0.49256012
2025-01-06,THA,0.44778377
2025-01-07,THA,0.39792907
2025-01-08,THA,0.39792907
2025-01-09,THA,0.47560513
2025-01-10,THA,0.4656044
2025-01-11,THA,0.4656044
2025-01-12,THA,0.4656044
2025-01-13,THA,0.5110863
2025-01-14,THA,0.52023494
2025-01-15,THA,0.5264789
2025-01-16,THA,0.5264789
2025-01-17,THA,0.5159178
2025-01-18,THA,0.5159178
2025-01-19,THA,0.5159178
2025-01-20,THA,0.5159178
2025-01-21,THA,0.4527523
2025-01-22,THA,0.4527523
2025-01-23,THA,0.4527523
2025-01-24,THA,0.4527523
2025-01-25,THA,0.43752357
2025-01-26,THA,0.43752357
2025-01-27,THA,0.4276705
2025-01-28,THA,0.7173721
2025-01-29,THA,0.7091626
2025-01-30,THA,0.5244013
2025-01-31,THA,0.5244013
2025-02-01,THA,0.4824412
2025-02-02,THA,0.4824412
2025-02-03,THA,0.2742878
2025-02-04,THA,0.2742878
2025-02-05,THA,0.26847667
2025-02-06,THA,0.34229577
2025-02-07,THA,0.3496494
2025-02-08,THA,0.3496494
2025-02-09,THA,0.3496494
2025-02-10,THA,0.7472512
2025-02-11,THA,0.7200801
2025-02-12,THA,0.7200801
2025-02-13,THA,0.691983
2025-02-14,THA,0.56858796
2025-02-15,THA,0.5569103
2025-02-16,THA,0.5569103
2025-02-17,THA,0.56591547
2025-02-18,THA,0.56591547
2025-02-19,THA,0.5569103
2025-02-20,THA,0.52327925
2025-02-21,THA,0.71428144
2025-02-22,THA,0.71428144
2025-02-23,THA,0.71428144
2025-02-24,THA,0.7199334
2025-02-25,THA,0.72240305
2025-02-26,THA,0.72240305
2025-02-27,THA,0.4668713
2025-02-28,THA,0.45379335
2025-03-01,THA,0.43335965
2025-03-02,THA,0.42352974
2025-03-03,THA,0.44236675
2025-03-04,THA,0.43629187
2025-03-05,THA,0.34779227
2025-03-06,THA,0.7122035
2025-03-07,THA,0.7122035
2025-03-08,THA,0.7122035
2025-03-09,THA,0.7178803
2025-03-10,THA,0.7178803
2025-03-11,THA,0.713947
2025-03-12,THA,0.713947
2025-03-13,THA,0.71595776
2025-03-14,THA,0.71595776
2025-03-15,THA,0.26400352
2025-03-16,THA,0.26400352
2025-03-17,THA,0.26400352
2025-03-18,THA,0.27183068
2025-03-19,THA,0.26338074
2025-03-20,THA,0.26338074
2025-03-21,THA,0.27183068
2025-03-22,THA,0.5760381
2025-03-23,THA,0.5760381
2025-03-24,THA,0.7217175
2025-03-25,THA,0.7217175
2025-03-26,THA,0.7217175
2025-03-27,THA,0.5829193
2025-03-28,THA,0.5799303
2024-07-01,IDN,0.7212995
2024-07-02,IDN,0.7212995
2024-07-03,IDN,0.719829
2024-07-04,IDN,0.349113
2024-07-05,IDN,0.3574438
2024-07-06,IDN,0.3329442
2024-07-07,IDN,0.3451354
2024-07-08,IDN,0.3451354
2024-07-09,IDN,0.3451354
2024-07-10,IDN,0.3451354
2024-07-11,IDN,0.5797217
2024-07-12,IDN,0.5842146
2024-07-13,IDN,0.61879444
2024-07-14,IDN,0.61879444
2024-07-15,IDN,0.61879444
2024-07-16,IDN,0.61879444
2024-07-17,IDN,0.6144285
2024-07-18,IDN,0.6099396
2024-07-19,IDN,0.56574583
2024-07-20,IDN,0.57510805
2024-07-21,IDN,0.6099396
2024-07-22,IDN,0.56678885
2024-07-23,IDN,0.3164626
2024-07-24,IDN,0.31100017
2024-07-25,IDN,0.32335052
2024-07-26,IDN,0.33799398
2024-07-27,IDN,0.33799398
2024-07-28,IDN,0.33799398
2024-07-29,IDN,0.4287216
2024-07-30,IDN,0.7082738
2024-07-31,IDN,0.71207505
2024-08-01,IDN,0.71207505
2024-08-02,IDN,0.6093672
2024-08-03,IDN,0.5888021
2024-08-04,IDN,0.5888021
2024-08-05,IDN,0.5888021
2024-08-06,IDN,0.5842385
2024-08-07,IDN,0.50852346
2024-08-08,IDN,0.50852346
2024-08-09,IDN,0.54047394
2024-08-10,IDN,0.51267827
2024-08-11,IDN,0.51267827
2024-08-12,IDN,0.44389316
2024-08-13,IDN,0.44389316
2024-08-14,IDN,0.56702703
2024-08-15,IDN,0.56702703
2024-08-16,IDN,0.5606687
2024-08-17,IDN,0.59585214
2024-08-18,IDN,0.59585214
2024-08-19,IDN,0.7190544
2024-08-20,IDN,0.59585214
2024-08-21,IDN,0.5606687
2024-08-22,IDN,0.39913964
2024-08-23,IDN,0.36125958
2024-08-24,IDN,0.36490512
2024-08-25,IDN,0.36490512
2024-08-26,IDN,0.36490512
2024-08-27,IDN,0.3801455
2024-08-28,IDN,0.4029263
2024-08-29,IDN,0.5018085
2024-08-30,IDN,0.49786752
2024-08-31,IDN,0.5018085
2024-09-01,IDN,0.5018085
2024-09-02,IDN,0.492159
2024-09-03,IDN,0.52821213
2024-09-04,IDN,0.5219703
2024-09-05,IDN,0.5196875
2024-09-06,IDN,0.7145239
2024-09-07,IDN,0.7145239
2024-09-08,IDN,0.7107419
2024-09-09,IDN,0.7107419
2024-09-10,IDN,0.51920295
2024-09-11,IDN,0.46268338
2024-09-12,IDN,0.46268338
2024-09-13,IDN,0.46268338
2024-09-14,IDN,0.46268338
2024-09-15,IDN,0.46268338
2024-09-16,IDN,0.46373925
2024-09-17,IDN,0.46268338
2024-09-18,IDN,0.48544937
2024-09-19,IDN,0.4722924
2024-09-20,IDN,0.39913964
2024-09-21,IDN,0.39001265
2024-09-22,IDN,0.37340143
2024-09-23,IDN,0.37340143
2024-09-24,IDN,0.4052107
2024-09-25,IDN,0.48135749
2024-09-26,IDN,0.49786752
2024-09-27,IDN,0.5338992
2024-09-28,IDN,0.4750568
2024-09-29,IDN,0.49786752
2024-09-30,IDN,0.49786752
2024-10-01,IDN,0.50642526
2024-10-02,IDN,0.50016785
2024-10-03,IDN,0.50642526
2024-10-04,IDN,0.50016785
2024-10-05,IDN,0.7294326
2024-10-06,IDN,0.7421045
2024-10-07,IDN,0.7421045
2024-10-08,IDN,0.7421045
2024-10-09,IDN,0.7173024
2024-10-10,IDN,0.7215158
2024-10-11,IDN,0.72223437
2024-10-12,IDN,0.72452635
2024-10-13,IDN,0.72452635
2024-10-14,IDN,0.5572515
2024-10-15,IDN,0.5453033
2024-10-16,IDN,0.5253171
2024-10-17,IDN,0.51776326
2024-10-18,IDN,0.5179061
2024-10-19,IDN,0.5179061
2024-10-20,IDN,0.47051036
2024-10-21,IDN,0.47051036
2024-10-22,IDN,0.46140957
2024-10-23,IDN,0.467841
2024-10-24,IDN,0.467841
2024-10-25,IDN,0.467841
2024-10-26,IDN,0.42521355
2024-10-27,IDN,0.44992974
2024-10-28,IDN,0.45824385
2024-10-29,IDN,0.467841
2024-10-30,IDN,0.467841
2024-10-31,IDN,0.43537787
2024-11-01,IDN,0.35908595
2024-11-02,IDN,0.42327645
2024-11-03,IDN,0.3891521
2024-11-04,IDN,0.47632152
2024-11-05,IDN,0.47632152
2024-11-06,IDN,0.47632152
2024-11-07,IDN,0.50539273
2024-11-08,IDN,0.54032725
2024-11-09,IDN,0.50539273
2024-11-10,IDN,0.54032725
2024-11-11,IDN,0.54032725
2024-11-12,IDN,0.50433123
2024-11-13,IDN,0.4910443
2024-11-14,IDN,0.4910443
2024-11-15,IDN,0.44249165
2024-11-16,IDN,0.48722324
2024-11-17,IDN,0.48722324
2024-11-18,IDN,0.48722324
2024-11-19,IDN,0.50890815
2024-11-20,IDN,0.50890815
2024-11-21,IDN,0.50890815
2024-11-22,IDN,0.50890815
2024-11-23,IDN,0.5203022
2024-11-24,IDN,0.5185114
2024-11-25,IDN,0.5416341
2024-11-26,IDN,0.5416341
2024-11-27,IDN,0.53651327
2024-11-28,IDN,0.4466413
2024-11-29,IDN,0.4802804
2024-11-30,IDN,0.4937915
2024-12-01,IDN,0.37373716
2024-12-02,IDN,0.37373716
2024-12-03,IDN,0.35804704
2024-12-04,IDN,0.33623978
2024-12-05,IDN,0.3327162
2024-12-06,IDN,0.3327162
2024-12-07,IDN,0.31437382
2024-12-08,IDN,0.32088798
2024-12-09,IDN,0.31831712
2024-12-10,IDN,0.30207095
2024-12-11,IDN,0.30039737
2024-12-12,IDN,0.35880184
2024-12-13,IDN,0.35446355
2024-12-14,IDN,0.33638132
2024-12-15,IDN,0.3307284
2024-12-16,IDN,0.34779534
2024-12-17,IDN,0.36429614
2024-12-18,IDN,0.3596027
2024-12-19,IDN,0.33533287
2024-12-20,IDN,0.33533287
2024-12-21,IDN,0.35083592
2024-12-22,IDN,0.38906074
2024-12-23,IDN,0.38906074
2024-12-24,IDN,0.38906074
2024-12-25,IDN,0.6324113
2024-12-26,IDN,0.723476
2024-12-27,IDN,0.723476
2024-12-28,IDN,0.723476
2024-12-29,IDN,0.723476
2024-12-30,IDN,0.723476
2024-12-31,IDN,0.62955165
2025-01-01,IDN,0.5913934
2025-01-02,IDN,0.5913934
2025-01-03,IDN,0.5913934
2025-01-04,IDN,0.5913934
2025-01-05,IDN,0.58752173
2025-01-06,IDN,0.5406477
2025-01-07,IDN,0.58018064
2025-01-08,IDN,0.7198452
2025-01-09,IDN,0.7198452
2025-01-10,IDN,0.7198452
2025-01-11,IDN,0.7202968
2025-01-12,IDN,0.7235087
2025-01-13,IDN,0.7026074
2025-01-14,IDN,0.71881634
2025-01-15,IDN,0.47792116
2025-01-16,IDN,0.48253092
2025-01-17,IDN,0.45191592
2025-01-18,IDN,0.42144063
2025-01-19,IDN,0.42144063
2025-01-20,IDN,0.29215908
2025-01-21,IDN,0.29215908
2025-01-22,IDN,0.41940713
2025-01-23,IDN,0.41940713
2025-01-24,IDN,0.33039647
2025-01-25,IDN,0.33039647
2025-01-26,IDN,0.31261843
2025-01-27,IDN,0.60155916
2025-01-28,IDN,0.56180006
2025-01-29,IDN,0.56180006
2025-01-30,IDN,0.56107306
2025-01-31,IDN,0.5880327
2025-02-01,IDN,0.5880327
2025-02-02,IDN,0.5880327
2025-02-03,IDN,0.5850543
2025-02-04,IDN,0.71622586
2025-02-05,IDN,0.5826559
2025-02-06,IDN,0.54295826
2025-02-07,IDN,0.54295826
2025-02-08,IDN,0.54295826
2025-02-09,IDN,0.54295826
2025-02-10,IDN,0.54295826
2025-02-11,IDN,0.54295826
2025-02-12,IDN,0.57745785
2025-02-13,IDN,0.7090248
2025-02-14,IDN,0.70395434
2025-02-15,IDN,0.7072291
2025-02-16,IDN,0.7072291
2025-02-17,IDN,0.7072291
2025-02-18,IDN,0.7072291
2025-02-19,IDN,0.71020484
2025-02-20,IDN,0.71020484
2025-02-21,IDN,0.52265346
2025-02-22,IDN,0.52873206
2025-02-23,IDN,0.48112214
2025-02-24,IDN,0.48323846
2025-02-25,IDN,0.46432316
2025-02-26,IDN,0.47504452
2025-02-27,IDN,0.43754885
2025-02-28,IDN,0.51187813
2025-03-01,IDN,0.52966356
2025-03-02,IDN,0.70863116
2025-03-03,IDN,0.70863116
2025-03-04,IDN,0.7129221
2025-03-05,IDN,0.70863116
2025-03-06,IDN,0.45304263
2025-03-07,IDN,0.46666428
2025-03-08,IDN,0.46666428
2025-03-09,IDN,0.46666428
2025-03-10,IDN,0.39618087
2025-03-11,IDN,0.39618087
2025-03-12,IDN,0.39618087
2025-03-13,IDN,0.54237235
2025-03-14,IDN,0.54237235
2025-03-15,IDN,0.54237235
2025-03-16,IDN,0.5019903
2025-03-17,IDN,0.5095571
2025-03-18,IDN,0.5164562
2025-03-19,IDN,0.5095571
2025-03-20,IDN,0.5069097
2025-03-21,IDN,0.5069097
2025-03-22,IDN,0.5069097
2025-03-23,IDN,0.539676
2025-03-24,IDN,0.7208162
2025-03-25,IDN,0.5510571
2025-03-26,IDN,0.5510571
2025-03-27,IDN,0.5510571
2025-03-28,IDN,0.5201861
2024-07-01,TJK,0.32940042
2024-07-02,TJK,0.32734343
2024-07-03,TJK,0.3361736
2024-07-04,TJK,0.3576622
2024-07-05,TJK,0.3235886
2024-07-06,TJK,0.31409538
2024-07-07,TJK,0.3043056
2024-07-08,TJK,0.3043056
2024-07-09,TJK,0.3301325
2024-07-10,TJK,0.288819
2024-07-11,TJK,0.28180307
2024-07-12,TJK,0.31242922
2024-07-13,TJK,0.3169057
2024-07-14,TJK,0.32603568
2024-07-15,TJK,0.34213862
2024-07-16,TJK,0.3309046
2024-07-17,TJK,0.2658601
2024-07-18,TJK,0.3153693
2024-07-19,TJK,0.3901292
2024-07-20,TJK,0.3643301
2024-07-21,TJK,0.43257394
2024-07-22,TJK,0.38384
2024-07-23,TJK,0.43826762
2024-07-24,TJK,0.44571096
2024-07-25,TJK,0.4080912
2024-07-26,TJK,0.43031383
2024-07-27,TJK,0.5111277
2024-07-28,TJK,0.5735003
2024-07-29,TJK,0.57403064
2024-07-30,TJK,0.5135849
2024-07-31,TJK,0.42526442
2024-08-01,TJK,0.50955755
2024-08-02,TJK,0.51733667
2024-08-03,TJK,0.41456383
2024-08-04,TJK,0.45870247
2024-08-05,TJK,0.4351603
2024-08-06,TJK,0.38001737
2024-08-07,TJK,0.4351696
2024-08-08,TJK,0.41158214
2024-08-09,TJK,0.36034963
2024-08-10,TJK,0.5477919
2024-08-11,TJK,0.51272756
2024-08-12,TJK,0.48746982
2024-08-13,TJK,0.5154971
2024-08-14,TJK,0.49554017
2024-08-15,TJK,0.5035474
2024-08-16,TJK,0.49021614
2024-08-17,TJK,0.5420874
2024-08-18,TJK,0.53947854
2024-08-19,TJK,0.5342805
2024-08-20,TJK,0.46091527
2024-08-21,TJK,0.45205134
2024-08-22,TJK,0.46311405
2024-08-23,TJK,0.40369555
2024-08-24,TJK,0.38796166
2024-08-25,TJK,0.44074407
2024-08-26,TJK,0.41169044
2024-08-27,TJK,0.41599947
2024-08-28,TJK,0.49658126
2024-08-29,TJK,0.54325336
2024-08-30,TJK,0.49273306
2024-08-31,TJK,0.45141107
2024-09-01,TJK,0.46900064
2024-09-02,TJK,0.46900064
2024-09-03,TJK,0.4285816
2024-09-04,TJK,0.32044137
2024-09-05,TJK,0.30588323
2024-09-06,TJK,0.25094652
2024-09-07,TJK,0.2666875
2024-09-08,TJK,0.30659494
2024-09-09,TJK,0.32238877
2024-09-10,TJK,0.35305256
2024-09-11,TJK,0.4133542
2024-09-12,TJK,0.48295167
2024-09-13,TJK,0.419311
2024-09-14,TJK,0.56306815
2024-09-15,TJK,0.59162784
2024-09-16,TJK,0.5835849
2024-09-17,TJK,0.52979004
2024-09-18,TJK,0.52191603
2024-09-19,TJK,0.48796022
2024-09-20,TJK,0.48663566
2024-09-21,TJK,0.4724849
2024-09-22,TJK,0.49425584
2024-09-23,TJK,0.49027058
2024-09-24,TJK,0.49652916
2024-09-25,TJK,0.5096419
2024-09-26,TJK,0.54893935
2024-09-27,TJK,0.553796
2024-09-28,TJK,0.5185667
2024-09-29,TJK,0.5354588
2024-09-30,TJK,0.5354588
2024-10-01,TJK,0.52779
2024-10-02,TJK,0.4025668
2024-10-03,TJK,0.4449977
2024-10-04,TJK,0.39340287
2024-10-05,TJK,0.47877237
2024-10-06,TJK,0.54560184
2024-10-07,TJK,0.5317546
2024-10-08,TJK,0.48415092
2024-10-09,TJK,0.5227304
2024-10-10,TJK,0.5201589
2024-10-11,TJK,0.57373524
2024-10-12,TJK,0.5232283
2024-10-13,TJK,0.5449221
2024-10-14,TJK,0.5529525
2024-10-15,TJK,0.5429982
2024-10-16,TJK,0.51313776
2024-10-17,TJK,0.531492
2024-10-18,TJK,0.52119976
2024-10-19,TJK,0.4981232
2024-10-20,TJK,0.5434203
2024-10-21,TJK,0.5434203
2024-10-22,TJK,0.53458726
2024-10-23,TJK,0.50244457
2024-10-24,TJK,0.4992589
2024-10-25,TJK,0.48168048
2024-10-26,TJK,0.43691978
2024-10-27,TJK,0.45992768
2024-10-28,TJK,0.46124178
2024-10-29,TJK,0.44215524
2024-10-30,TJK,0.48364624
2024-10-31,TJK,0.45878306
2024-11-01,TJK,0.39687827
2024-11-02,TJK,0.50746375
2024-11-03,TJK,0.5211472
2024-11-04,TJK,0.5416456
2024-11-05,TJK,0.5312754
2024-11-06,TJK,0.5540231
2024-11-07,TJK,0.5108852
2024-11-08,TJK,0.5389804
2024-11-09,TJK,0.4926484
2024-11-10,TJK,0.4508306
2024-11-11,TJK,0.4366568
2024-11-12,TJK,0.42133245
2024-11-13,TJK,0.47072324
2024-11-14,TJK,0.5029063
2024-11-15,TJK,0.52822965
2024-11-16,TJK,0.33388615
2024-11-17,TJK,0.396231
2024-11-18,TJK,0.396231
2024-11-19,TJK,0.37318322
2024-11-20,TJK,0.34399426
2024-11-21,TJK,0.27273545
2024-11-22,TJK,0.23927818
2024-11-23,TJK,0.43964168
2024-11-24,TJK,0.44583735
2024-11-25,TJK,0.46434203
2024-11-26,TJK,0.47181493
2024-11-27,TJK,0.5046276
2024-11-28,TJK,0.481254
2024-11-29,TJK,0.5030437
2024-11-30,TJK,0.45525694
2024-12-01,TJK,0.5050658
2024-12-02,TJK,0.5199855
2024-12-03,TJK,0.54736084
2024-12-04,TJK,0.5182335
2024-12-05,TJK,0.5061753
2024-12-06,TJK,0.5419047
2024-12-07,TJK,0.5068523
2024-12-08,TJK,0.5257793
2024-12-09,TJK,0.53042334
2024-12-10,TJK,0.47193602
2024-12-11,TJK,0.518551
2024-12-12,TJK,0.50917786
2024-12-13,TJK,0.48841104
2024-12-14,TJK,0.4362831
2024-12-15,TJK,0.4235195
2024-12-16,TJK,0.39170238
2024-12-17,TJK,0.40861663
2024-12-18,TJK,0.38983223
2024-12-19,TJK,0.41235456
2024-12-20,TJK,0.33415347
2024-12-21,TJK,0.28272447
2024-12-22,TJK,0.30933985
2024-12-23,TJK,0.31841603
2024-12-24,TJK,0.3761316
2024-12-25,TJK,0.4026742
2024-12-26,TJK,0.39177266
2024-12-27,TJK,0.4366566
2024-12-28,TJK,0.41891405
2024-12-29,TJK,0.43199283
2024-12-30,TJK,0.46203145
2024-12-31,TJK,0.3973639
2025-01-01,TJK,0.32972202
2025-01-02,TJK,0.35250705
2025-01-03,TJK,0.30145872
2025-01-04,TJK,0.33347556
2025-01-05,TJK,0.34643272
2025-01-06,TJK,0.38619655
2025-01-07,TJK,0.34493858
2025-01-08,TJK,0.3563255
2025-01-09,TJK,0.37151387
2025-01-10,TJK,0.44648117
2025-01-11,TJK,0.26052096
2025-01-12,TJK,0.2963833
2025-01-13,TJK,0.31619456
2025-01-14,TJK,0.30795187
2025-01-15,TJK,0.3052001
2025-01-16,TJK,0.30544487
2025-01-17,TJK,0.36017033
2025-01-18,TJK,0.30587924
2025-01-19,TJK,0.3234108
2025-01-20,TJK,0.3234108
2025-01-21,TJK,0.3234108
2025-01-22,TJK,0.32228214
2025-01-23,TJK,0.31569245
2025-01-24,TJK,0.30673045
2025-01-25,TJK,0.3258528
2025-01-26,TJK,0.3633495
2025-01-27,TJK,0.37088493
2025-01-28,TJK,0.3382541
2025-01-29,TJK,0.33477828
2025-01-30,TJK,0.3668981
2025-01-31,TJK,0.33371398
2025-02-01,TJK,0.50564784
2025-02-02,TJK,0.49490863
2025-02-03,TJK,0.46141765
2025-02-04,TJK,0.3556234
2025-02-05,TJK,0.4541204
2025-02-06,TJK,0.53136057
2025-02-07,TJK,0.5524173
2025-02-08,TJK,0.394504
2025-02-09,TJK,0.37436843
2025-02-10,TJK,0.38746282
2025-02-11,TJK,0.40617126
2025-02-12,TJK,0.39643106
2025-02-13,TJK,0.32183743
2025-02-14,TJK,0.35937062
2025-02-15,TJK,0.3032532
2025-02-16,TJK,0.31950313
2025-02-17,TJK,0.3048558
2025-02-18,TJK,0.26096442
2025-02-19,TJK,0.2897656
2025-02-20,TJK,0.25156084
2025-02-21,TJK,0.24206062
2025-02-22,TJK,0.30533963
2025-02-23,TJK,0.37678924
2025-02-24,TJK,0.38541004
2025-02-25,TJK,0.399449
2025-02-26,TJK,0.32759905
2025-02-27,TJK,0.38537538
2025-02-28,TJK,0.40553662
2025-03-01,TJK,0.43503588
2025-03-02,TJK,0.48377857
2025-03-03,TJK,0.54563594
2025-03-04,TJK,0.4126463
2025-03-05,TJK,0.51282644
2025-03-06,TJK,0.5043241
2025-03-07,TJK,0.5146699
2025-03-08,TJK,0.5038466
2025-03-09,TJK,0.51016
2025-03-10,TJK,0.49396068
2025-03-11,TJK,0.4463386
2025-03-12,TJK,0.45742655
2025-03-13,TJK,0.47113112
2025-03-14,TJK,0.53488797
2025-03-15,TJK,0.5745977
2025-03-16,TJK,0.55855584
2025-03-17,TJK,0.55855584
2025-03-18,TJK,0.5247776
2025-03-19,TJK,0.459101
2025-03-20,TJK,0.5451772
2025-03-21,TJK,0.5451772
2025-03-22,TJK,0.54362136
2025-03-23,TJK,0.54362136
2025-03-24,TJK,0.54362136
2025-03-25,TJK,0.5136151
2025-03-26,TJK,0.46311215
2025-03-27,TJK,0.43892333
2025-03-28,TJK,0.48285815
2024-07-01,KGZ,0.4123064
2024-07-02,KGZ,0.4123064
2024-07-03,KGZ,0.4123064
2024-07-04,KGZ,0.39505473
2024-07-05,KGZ,0.39505473
2024-07-06,KGZ,0.39505473
2024-07-07,KGZ,0.39505473
2024-07-08,KGZ,0.5658627
2024-07-09,KGZ,0.6357788
2024-07-10,KGZ,0.60277796
2024-07-11,KGZ,0.58017695
2024-07-12,KGZ,0.58017695
2024-07-13,KGZ,0.58017695
2024-07-14,KGZ,0.56048036
2024-07-15,KGZ,0.58017695
2024-07-16,KGZ,0.54312605
2024-07-17,KGZ,0.5257131
2024-07-18,KGZ,0.51829183
2024-07-19,KGZ,0.53561836
2024-07-20,KGZ,0.54446673
2024-07-21,KGZ,0.63599515
2024-07-22,KGZ,0.555121
2024-07-23,KGZ,0.5748756
2024-07-24,KGZ,0.5748756
2024-07-25,KGZ,0.5748756
2024-07-26,KGZ,0.5545994
2024-07-27,KGZ,0.5748756
2024-07-28,KGZ,0.555121
2024-07-29,KGZ,0.57990694
2024-07-30,KGZ,0.61715174
2024-07-31,KGZ,0.49490944
2024-08-01,KGZ,0.5705554
2024-08-02,KGZ,0.58644634
2024-08-03,KGZ,0.49766645
2024-08-04,KGZ,0.57014143
2024-08-05,KGZ,0.5424989
2024-08-06,KGZ,0.48477972
2024-08-07,KGZ,0.52133644
2024-08-08,KGZ,0.4852386
2024-08-09,KGZ,0.44606712
2024-08-10,KGZ,0.6320682
2024-08-11,KGZ,0.6320682
2024-08-12,KGZ,0.6320682
2024-08-13,KGZ,0.63770497
2024-08-14,KGZ,0.6320682
2024-08-15,KGZ,0.6025547
2024-08-16,KGZ,0.2809687
2024-08-17,KGZ,0.26722348
2024-08-18,KGZ,0.26722348
2024-08-19,KGZ,0.26722348
2024-08-20,KGZ,0.2635392
2024-08-21,KGZ,0.26722348
2024-08-22,KGZ,0.23871349
2024-08-23,KGZ,0.55711186
2024-08-24,KGZ,0.5466775
2024-08-25,KGZ,0.51766264
2024-08-26,KGZ,0.51766264
2024-08-27,KGZ,0.55375797
2024-08-28,KGZ,0.54096633
2024-08-29,KGZ,0.5564275
2024-08-30,KGZ,0.5804102
2024-08-31,KGZ,0.58600605
2024-09-01,KGZ,0.56637853
2024-09-02,KGZ,0.56637853
2024-09-03,KGZ,0.5505962
2024-09-04,KGZ,0.54775065
2024-09-05,KGZ,0.5675776
2024-09-06,KGZ,0.54775065
2024-09-07,KGZ,0.57923126
2024-09-08,KGZ,0.57923126
2024-09-09,KGZ,0.57923126
2024-09-10,KGZ,0.583215
2024-09-11,KGZ,0.57923126
2024-09-12,KGZ,0.57923126
2024-09-13,KGZ,0.583215
2024-09-14,KGZ,0.583215
2024-09-15,KGZ,0.5593596
2024-09-16,KGZ,0.5593596
2024-09-17,KGZ,0.579853
2024-09-18,KGZ,0.58728033
2024-09-19,KGZ,0.54031533
2024-09-20,KGZ,0.55733037
2024-09-21,KGZ,0.5347485
2024-09-22,KGZ,0.43680865
2024-09-23,KGZ,0.43680865
2024-09-24,KGZ,0.43680865
2024-09-25,KGZ,0.44287738
2024-09-26,KGZ,0.44287738
2024-09-27,KGZ,0.44287738
2024-09-28,KGZ,0.42792436
2024-09-29,KGZ,0.42392468
2024-09-30,KGZ,0.42392468
2024-10-01,KGZ,0.42392468
2024-10-02,KGZ,0.60393196
2024-10-03,KGZ,0.4743914
2024-10-04,KGZ,0.4349646
2024-10-05,KGZ,0.4552223
2024-10-06,KGZ,0.4552223
2024-10-07,KGZ,0.48157153
2024-10-08,KGZ,0.47584206
2024-10-09,KGZ,0.4552223
2024-10-10,KGZ,0.61659884
2024-10-11,KGZ,0.6354164
2024-10-12,KGZ,0.61659884
2024-10-13,KGZ,0.57231385
2024-10-14,KGZ,0.61659884
2024-10-15,KGZ,0.6354164
2024-10-16,KGZ,0.6354164
2024-10-17,KGZ,0.61387813
2024-10-18,KGZ,0.6354164
2024-10-19,KGZ,0.62622386
2024-10-20,KGZ,0.62622386
2024-10-21,KGZ,0.62622386
2024-10-22,KGZ,0.54719615
2024-10-23,KGZ,0.42392468
2024-10-24,KGZ,0.46317106
2024-10-25,KGZ,0.41334164
2024-10-26,KGZ,0.45237765
2024-10-27,KGZ,0.45237765
2024-10-28,KGZ,0.45807153
2024-10-29,KGZ,0.45807153
2024-10-30,KGZ,0.60484993
2024-10-31,KGZ,0.60875493
2024-11-01,KGZ,0.60875493
2024-11-02,KGZ,0.6144443
2024-11-03,KGZ,0.6144443
2024-11-04,KGZ,0.5952338
2024-11-05,KGZ,0.5979998
2024-11-06,KGZ,0.49251825
2024-11-07,KGZ,0.3982415
2024-11-08,KGZ,0.37728116
2024-11-09,KGZ,0.3849586
2024-11-10,KGZ,0.3849586
2024-11-11,KGZ,0.40375188
2024-11-12,KGZ,0.40375188
2024-11-13,KGZ,0.40375188
2024-11-14,KGZ,0.40375188
2024-11-15,KGZ,0.3953046
2024-11-16,KGZ,0.3792227
2024-11-17,KGZ,0.3792227
2024-11-18,KGZ,0.5660613
2024-11-19,KGZ,0.57007724
2024-11-20,KGZ,0.57007724
2024-11-21,KGZ,0.57007724
2024-11-22,KGZ,0.4218145
2024-11-23,KGZ,0.43675807
2024-11-24,KGZ,0.43675807
2024-11-25,KGZ,0.4644505
2024-11-26,KGZ,0.4644505
2024-11-27,KGZ,0.455233
2024-11-28,KGZ,0.43675807
2024-11-29,KGZ,0.5834979
2024-11-30,KGZ,0.5927248
2024-12-01,KGZ,0.5731838
2024-12-02,KGZ,0.5927248
2024-12-03,KGZ,0.5059521
2024-12-04,KGZ,0.5731838
2024-12-05,KGZ,0.5731838
2024-12-06,KGZ,0.5731838
2024-12-07,KGZ,0.58170265
2024-12-08,KGZ,0.6004989
2024-12-09,KGZ,0.6004989
2024-12-10,KGZ,0.60199875
2024-12-11,KGZ,0.6084434
2024-12-12,KGZ,0.6151351
2024-12-13,KGZ,0.61273855
2024-12-14,KGZ,0.6154622
2024-12-15,KGZ,0.6154622
2024-12-16,KGZ,0.6154622
2024-12-17,KGZ,0.6154622
2024-12-18,KGZ,0.61273855
2024-12-19,KGZ,0.58254236
2024-12-20,KGZ,0.56490093
2024-12-21,KGZ,0.61273855
2024-12-22,KGZ,0.4608354
2024-12-23,KGZ,0.46081126
2024-12-24,KGZ,0.4905917
2024-12-25,KGZ,0.57203406
2024-12-26,KGZ,0.59201837
2024-12-27,KGZ,0.49698254
2024-12-28,KGZ,0.48061058
2024-12-29,KGZ,0.4713547
2024-12-30,KGZ,0.46013206
2024-12-31,KGZ,0.46013206
2025-01-01,KGZ,0.461979
2025-01-02,KGZ,0.46013206
2025-01-03,KGZ,0.45748112
2025-01-04,KGZ,0.4448892
2025-01-05,KGZ,0.4448892
2025-01-06,KGZ,0.6044401
2025-01-07,KGZ,0.5891444
2025-01-08,KGZ,0.5891444
2025-01-09,KGZ,0.5891444
2025-01-10,KGZ,0.5891444
2025-01-11,KGZ,0.6143175
2025-01-12,KGZ,0.5075405
2025-01-13,KGZ,0.5075405
2025-01-14,KGZ,0.50302494
2025-01-15,KGZ,0.5020584
2025-01-16,KGZ,0.5336441
2025-01-17,KGZ,0.5336441
2025-01-18,KGZ,0.50888073
2025-01-19,KGZ,0.50007874
2025-01-20,KGZ,0.49433896
2025-01-21,KGZ,0.50007874
2025-01-22,KGZ,0.5181359
2025-01-23,KGZ,0.47735792
2025-01-24,KGZ,0.47735792
2025-01-25,KGZ,0.51711065
2025-01-26,KGZ,0.5181359
2025-01-27,KGZ,0.5136243
2025-01-28,KGZ,0.5484839
2025-01-29,KGZ,0.51833296
2025-01-30,KGZ,0.51833296
2025-01-31,KGZ,0.51833296
2025-02-01,KGZ,0.54304767
2025-02-02,KGZ,0.5471634
2025-02-03,KGZ,0.5387896
2025-02-04,KGZ,0.5387896
2025-02-05,KGZ,0.6612965
2025-02-06,KGZ,0.54365313
2025-02-07,KGZ,0.54365313
2025-02-08,KGZ,0.54365313
2025-02-09,KGZ,0.54365313
2025-02-10,KGZ,0.5112736
2025-02-11,KGZ,0.4449568
2025-02-12,KGZ,0.4449568
2025-02-13,KGZ,0.45469588
2025-02-14,KGZ,0.48983142
2025-02-15,KGZ,0.49470368
2025-02-16,KGZ,0.46548936
2025-02-17,KGZ,0.45978153
2025-02-18,KGZ,0.46548936
2025-02-19,KGZ,0.46548936
2025-02-20,KGZ,0.61829644
2025-02-21,KGZ,0.60124475
2025-02-22,KGZ,0.6162704
2025-02-23,KGZ,0.6162704
2025-02-24,KGZ,0.6162704
2025-02-25,KGZ,0.61093134
2025-02-26,KGZ,0.5992616
2025-02-27,KGZ,0.59491575
2025-02-28,KGZ,0.5998249
2025-03-01,KGZ,0.5894504
2025-03-02,KGZ,0.5443469
2025-03-03,KGZ,0.521329
2025-03-04,KGZ,0.5436364
2025-03-05,KGZ,0.5436364
2025-03-06,KGZ,0.521329
2025-03-07,KGZ,0.5309326
2025-03-08,KGZ,0.41334164
2025-03-09,KGZ,0.41334164
2025-03-10,KGZ,0.41334164
2025-03-11,KGZ,0.42271262
2025-03-12,KGZ,0.42271262
2025-03-13,KGZ,0.41334164
2025-03-14,KGZ,0.42271262
2025-03-15,KGZ,0.4819539
2025-03-16,KGZ,0.4400153
2025-03-17,KGZ,0.4181506
2025-03-18,KGZ,0.3952016
2025-03-19,KGZ,0.4168114
2025-03-20,KGZ,0.4181506
2025-03-21,KGZ,0.4181506
2025-03-22,KGZ,0.43680102
2025-03-23,KGZ,0.43680102
2025-03-24,KGZ,0.43680102
2025-03-25,KGZ,0.43680102
2025-03-26,KGZ,0.39674586
2025-03-27,KGZ,0.4238102
2025-03-28,KGZ,0.4238102
2024-07-01,ARM,0.6170368
2024-07-02,ARM,0.6083126
2024-07-03,ARM,0.6106549
2024-07-04,ARM,0.5630644
2024-07-05,ARM,0.5879143
2024-07-06,ARM,0.6170368
2024-07-07,ARM,0.5879143
2024-07-08,ARM,0.6170368
2024-07-09,ARM,0.64954185
2024-07-10,ARM,0.6170368
2024-07-11,ARM,0.6170368
2024-07-12,ARM,0.6170368
2024-07-13,ARM,0.38858312
2024-07-14,ARM,0.38858312
2024-07-15,ARM,0.38858312
2024-07-16,ARM,0.40486225
2024-07-17,ARM,0.3699469
2024-07-18,ARM,0.4747065
2024-07-19,ARM,0.46266153
2024-07-20,ARM,0.5016786
2024-07-21,ARM,0.549797
2024-07-22,ARM,0.549797
2024-07-23,ARM,0.5174907
2024-07-24,ARM,0.57503414
2024-07-25,ARM,0.52975595
2024-07-26,ARM,0.49749833
2024-07-27,ARM,0.58624107
2024-07-28,ARM,0.57608384
2024-07-29,ARM,0.58264506
2024-07-30,ARM,0.5582866
2024-07-31,ARM,0.4711162
2024-08-01,ARM,0.48269695
2024-08-02,ARM,0.49109364
2024-08-03,ARM,0.50178516
2024-08-04,ARM,0.50178516
2024-08-05,ARM,0.50178516
2024-08-06,ARM,0.50178516
2024-08-07,ARM,0.6293774
2024-08-08,ARM,0.6427097
2024-08-09,ARM,0.6427097
2024-08-10,ARM,0.6427097
2024-08-11,ARM,0.6378589
2024-08-12,ARM,0.6378589
2024-08-13,ARM,0.6354347
2024-08-14,ARM,0.6378589
2024-08-15,ARM,0.63005966
2024-08-16,ARM,0.63005966
2024-08-17,ARM,0.63005966
2024-08-18,ARM,0.63005966
2024-08-19,ARM,0.62691754
2024-08-20,ARM,0.62691754
2024-08-21,ARM,0.6295057
2024-08-22,ARM,0.62733316
2024-08-23,ARM,0.6440589
2024-08-24,ARM,0.6249453
2024-08-25,ARM,0.6249453
2024-08-26,ARM,0.6212904
2024-08-27,ARM,0.6253771
2024-08-28,ARM,0.6163599
2024-08-29,ARM,0.6452503
2024-08-30,ARM,0.59930223
2024-08-31,ARM,0.62460756
2024-09-01,ARM,0.6159026
2024-09-02,ARM,0.597078
2024-09-03,ARM,0.62421554
2024-09-04,ARM,0.50960267
2024-09-05,ARM,0.61165124
2024-09-06,ARM,0.5481738
2024-09-07,ARM,0.5136839
2024-09-08,ARM,0.607176
2024-09-09,ARM,0.607176
2024-09-10,ARM,0.64400285
2024-09-11,ARM,0.6692858
2024-09-12,ARM,0.6238589
2024-09-13,ARM,0.61231756
2024-09-14,ARM,0.59503496
2024-09-15,ARM,0.59552485
2024-09-16,ARM,0.59552485
2024-09-17,ARM,0.604036
2024-09-18,ARM,0.61045545
2024-09-19,ARM,0.5578548
2024-09-20,ARM,0.6156512
2024-09-21,ARM,0.5984333
2024-09-22,ARM,0.6242489
2024-09-23,ARM,0.6242489
2024-09-24,ARM,0.6328108
2024-09-25,ARM,0.62627816
2024-09-26,ARM,0.6418303
2024-09-27,ARM,0.6087348
2024-09-28,ARM,0.54271924
2024-09-29,ARM,0.5787694
2024-09-30,ARM,0.5649608
2024-10-01,ARM,0.5820907
2024-10-02,ARM,0.48437512
2024-10-03,ARM,0.5613132
2024-10-04,ARM,0.5597951
2024-10-05,ARM,0.57781553
2024-10-06,ARM,0.6431803
2024-10-07,ARM,0.65601784
2024-10-08,ARM,0.5707801
2024-10-09,ARM,0.6045066
2024-10-10,ARM,0.5730484
2024-10-11,ARM,0.63946956
2024-10-12,ARM,0.6392391
2024-10-13,ARM,0.6523864
2024-10-14,ARM,0.6523864
2024-10-15,ARM,0.6814384
2024-10-16,ARM,0.6388539
2024-10-17,ARM,0.65448266
2024-10-18,ARM,0.6742007
2024-10-19,ARM,0.6581526
2024-10-20,ARM,0.6189176
2024-10-21,ARM,0.6189176
2024-10-22,ARM,0.61459136
2024-10-23,ARM,0.60094863
2024-10-24,ARM,0.59149235
2024-10-25,ARM,0.6193374
2024-10-26,ARM,0.6229609
2024-10-27,ARM,0.6229609
2024-10-28,ARM,0.6098509
2024-10-29,ARM,0.6499534
2024-10-30,ARM,0.64007384
2024-10-31,ARM,0.64007384
2024-11-01,ARM,0.5791209
2024-11-02,ARM,0.6560077
2024-11-03,ARM,0.6590381
2024-11-04,ARM,0.6590381
2024-11-05,ARM,0.6367969
2024-11-06,ARM,0.663687
2024-11-07,ARM,0.61289257
2024-11-08,ARM,0.6606587
2024-11-09,ARM,0.64767504
2024-11-10,ARM,0.64767504
2024-11-11,ARM,0.6090381
2024-11-12,ARM,0.5643822
2024-11-13,ARM,0.5643822
2024-11-14,ARM,0.56042594
2024-11-15,ARM,0.5706309
2024-11-16,ARM,0.42582622
2024-11-17,ARM,0.48528418
2024-11-18,ARM,0.48528418
2024-11-19,ARM,0.5477818
2024-11-20,ARM,0.526308
2024-11-21,ARM,0.4835819
2024-11-22,ARM,0.43282413
2024-11-23,ARM,0.5415924
2024-11-24,ARM,0.5824588
2024-11-25,ARM,0.5824588
2024-11-26,ARM,0.5992367
2024-11-27,ARM,0.596304
2024-11-28,ARM,0.6046362
2024-11-29,ARM,0.59156775
2024-11-30,ARM,0.5287879
2024-12-01,ARM,0.5287879
2024-12-02,ARM,0.5287879
2024-12-03,ARM,0.5780022
2024-12-04,ARM,0.5562937
2024-12-05,ARM,0.5562937
2024-12-06,ARM,0.5532099
2024-12-07,ARM,0.5532099
2024-12-08,ARM,0.57605964
2024-12-09,ARM,0.57605964
2024-12-10,ARM,0.49643543
2024-12-11,ARM,0.5116469
2024-12-12,ARM,0.5361445
2024-12-13,ARM,0.5479098
2024-12-14,ARM,0.5140048
2024-12-15,ARM,0.52972716
2024-12-16,ARM,0.543751
2024-12-17,ARM,0.5404267
2024-12-18,ARM,0.4891688
2024-12-19,ARM,0.39233577
2024-12-20,ARM,0.43102062
2024-12-21,ARM,0.46412247
2024-12-22,ARM,0.51419765
2024-12-23,ARM,0.5192024
2024-12-24,ARM,0.4892371
2024-12-25,ARM,0.6153815
2024-12-26,ARM,0.6379496
2024-12-27,ARM,0.6107675
2024-12-28,ARM,0.5264086
2024-12-29,ARM,0.5976699
2024-12-30,ARM,0.58322954
2024-12-31,ARM,0.5222667
2025-01-01,ARM,0.50686955
2025-01-02,ARM,0.66328037
2025-01-03,ARM,0.5773876
2025-01-04,ARM,0.5921152
2025-01-05,ARM,0.61460257
2025-01-06,ARM,0.5727742
2025-01-07,ARM,0.61342716
2025-01-08,ARM,0.6059261
2025-01-09,ARM,0.6469979
2025-01-10,ARM,0.62820333
2025-01-11,ARM,0.47483155
2025-01-12,ARM,0.53571975
2025-01-13,ARM,0.53571975
2025-01-14,ARM,0.53391457
2025-01-15,ARM,0.49877295
2025-01-16,ARM,0.5391123
2025-01-17,ARM,0.4957295
2025-01-18,ARM,0.43722337
2025-01-19,ARM,0.43722337
2025-01-20,ARM,0.43722337
2025-01-21,ARM,0.39926997
2025-01-22,ARM,0.43624875
2025-01-23,ARM,0.45139173
2025-01-24,ARM,0.4435231
2025-01-25,ARM,0.4065418
2025-01-26,ARM,0.4065418
2025-01-27,ARM,0.42021853
2025-01-28,ARM,0.44457853
2025-01-29,ARM,0.46333694
2025-01-30,ARM,0.5362569
2025-01-31,ARM,0.49721053
2025-02-01,ARM,0.61852837
2025-02-02,ARM,0.6502274
2025-02-03,ARM,0.6502274
2025-02-04,ARM,0.58715796
2025-02-05,ARM,0.65593517
2025-02-06,ARM,0.63451767
2025-02-07,ARM,0.6376115
2025-02-08,ARM,0.50383
2025-02-09,ARM,0.5066195
2025-02-10,ARM,0.5066195
2025-02-11,ARM,0.5643818
2025-02-12,ARM,0.54845536
2025-02-13,ARM,0.513805
2025-02-14,ARM,0.4965248
2025-02-15,ARM,0.4732703
2025-02-16,ARM,0.455886
2025-02-17,ARM,0.455886
2025-02-18,ARM,0.4503732
2025-02-19,ARM,0.4706862
2025-02-20,ARM,0.45859024
2025-02-21,ARM,0.42180893
2025-02-22,ARM,0.54913485
2025-02-23,ARM,0.6075908
2025-02-24,ARM,0.6075908
2025-02-25,ARM,0.5942662
2025-02-26,ARM,0.52953786
2025-02-27,ARM,0.5871479
2025-02-28,ARM,0.49119553
2025-03-01,ARM,0.53409874
2025-03-02,ARM,0.5679126
2025-03-03,ARM,0.57121176
2025-03-04,ARM,0.49618942
2025-03-05,ARM,0.5943451
2025-03-06,ARM,0.60882354
2025-03-07,ARM,0.54031503
2025-03-08,ARM,0.55152225
2025-03-09,ARM,0.585054
2025-03-10,ARM,0.585054
2025-03-11,ARM,0.5003927
2025-03-12,ARM,0.5146396
2025-03-13,ARM,0.5203617
2025-03-14,ARM,0.5203617
2025-03-15,ARM,0.5203617
2025-03-16,ARM,0.5203617
2025-03-17,ARM,0.5203617
2025-03-18,ARM,0.63222426
2025-03-19,ARM,0.6063832
2025-03-20,ARM,0.6540524
2025-03-21,ARM,0.6540524
2025-03-22,ARM,0.6426025
2025-03-23,ARM,0.5095265
2025-03-24,ARM,0.52367204
2025-03-25,ARM,0.52128696
2025-03-26,ARM,0.51330477
2025-03-27,ARM,0.48460335
2025-03-28,ARM,0.5144153
2024-07-01,AZE,0.42104334
2024-07-02,AZE,0.41210818
2024-07-03,AZE,0.42104334
2024-07-04,AZE,0.41746855
2024-07-05,AZE,0.5486936
2024-07-06,AZE,0.52294874
2024-07-07,AZE,0.52294874
2024-07-08,AZE,0.52294874
2024-07-09,AZE,0.52294874
2024-07-10,AZE,0.52294874
2024-07-11,AZE,0.52294874
2024-07-12,AZE,0.52294874
2024-07-13,AZE,0.52294874
2024-07-14,AZE,0.52294874
2024-07-15,AZE,0.5407438
2024-07-16,AZE,0.5407438
2024-07-17,AZE,0.5407438
2024-07-18,AZE,0.56627953
2024-07-19,AZE,0.59588003
2024-07-20,AZE,0.5794001
2024-07-21,AZE,0.5841456
2024-07-22,AZE,0.5841456
2024-07-23,AZE,0.62287796
2024-07-24,AZE,0.62287796
2024-07-25,AZE,0.5850106
2024-07-26,AZE,0.531762
2024-07-27,AZE,0.52976406
2024-07-28,AZE,0.5203986
2024-07-29,AZE,0.5061536
2024-07-30,AZE,0.5061536
2024-07-31,AZE,0.5254105
2024-08-01,AZE,0.5061536
2024-08-02,AZE,0.49735096
2024-08-03,AZE,0.63416475
2024-08-04,AZE,0.662951
2024-08-05,AZE,0.6523505
2024-08-06,AZE,0.662951
2024-08-07,AZE,0.6523505
2024-08-08,AZE,0.65833116
2024-08-09,AZE,0.57674456
2024-08-10,AZE,0.5903556
2024-08-11,AZE,0.5903556
2024-08-12,AZE,0.5903556
2024-08-13,AZE,0.5647152
2024-08-14,AZE,0.5672895
2024-08-15,AZE,0.5672895
2024-08-16,AZE,0.58181375
2024-08-17,AZE,0.6851148
2024-08-18,AZE,0.60248375
2024-08-19,AZE,0.5985316
2024-08-20,AZE,0.5644538
2024-08-21,AZE,0.5644538
2024-08-22,AZE,0.57308996
2024-08-23,AZE,0.54512215
2024-08-24,AZE,0.50128645
2024-08-25,AZE,0.5000986
2024-08-26,AZE,0.5389766
2024-08-27,AZE,0.60053295
2024-08-28,AZE,0.60053295
2024-08-29,AZE,0.60053295
2024-08-30,AZE,0.610123
2024-08-31,AZE,0.5924715
2024-09-01,AZE,0.5936616
2024-09-02,AZE,0.5896183
2024-09-03,AZE,0.5896183
2024-09-04,AZE,0.58842456
2024-09-05,AZE,0.58842456
2024-09-06,AZE,0.59729856
2024-09-07,AZE,0.6069154
2024-09-08,AZE,0.5982949
2024-09-09,AZE,0.5915975
2024-09-10,AZE,0.5915975
2024-09-11,AZE,0.58306336
2024-09-12,AZE,0.5603507
2024-09-13,AZE,0.5629308
2024-09-14,AZE,0.53952503
2024-09-15,AZE,0.53952503
2024-09-16,AZE,0.53952503
2024-09-17,AZE,0.5464095
2024-09-18,AZE,0.5629308
2024-09-19,AZE,0.5629308
2024-09-20,AZE,0.5629308
2024-09-21,AZE,0.5702437
2024-09-22,AZE,0.5797501
2024-09-23,AZE,0.5797501
2024-09-24,AZE,0.578953
2024-09-25,AZE,0.57034653
2024-09-26,AZE,0.6488436
2024-09-27,AZE,0.6571739
2024-09-28,AZE,0.65084255
2024-09-29,AZE,0.640068
2024-09-30,AZE,0.5697495
2024-10-01,AZE,0.5397134
2024-10-02,AZE,0.5371089
2024-10-03,AZE,0.5023302
2024-10-04,AZE,0.47189194
2024-10-05,AZE,0.48449093
2024-10-06,AZE,0.48449093
2024-10-07,AZE,0.48449093
2024-10-08,AZE,0.48449093
2024-10-09,AZE,0.48449093
2024-10-10,AZE,0.47570217
2024-10-11,AZE,0.5008287
2024-10-12,AZE,0.6171904
2024-10-13,AZE,0.6171904
2024-10-14,AZE,0.6171904
2024-10-15,AZE,0.6220471
2024-10-16,AZE,0.6220471
2024-10-17,AZE,0.6220471
2024-10-18,AZE,0.6244657
2024-10-19,AZE,0.61785537
2024-10-20,AZE,0.61785537
2024-10-21,AZE,0.546912
2024-10-22,AZE,0.546912
2024-10-23,AZE,0.5566961
2024-10-24,AZE,0.5566961
2024-10-25,AZE,0.56574935
2024-10-26,AZE,0.563173
2024-10-27,AZE,0.5453717
2024-10-28,AZE,0.646241
2024-10-29,AZE,0.646241
2024-10-30,AZE,0.6486332
2024-10-31,AZE,0.65600383
2024-11-01,AZE,0.65600383
2024-11-02,AZE,0.6523505
2024-11-03,AZE,0.6523505
2024-11-04,AZE,0.6561193
2024-11-05,AZE,0.6561193
2024-11-06,AZE,0.6500193
2024-11-07,AZE,0.60901254
2024-11-08,AZE,0.64612776
2024-11-09,AZE,0.64627373
2024-11-10,AZE,0.6400948
2024-11-11,AZE,0.6400948
2024-11-12,AZE,0.5933941
2024-11-13,AZE,0.5933941
2024-11-14,AZE,0.5987219
2024-11-15,AZE,0.5933941
2024-11-16,AZE,0.53451145
2024-11-17,AZE,0.46920308
2024-11-18,AZE,0.46920308
2024-11-19,AZE,0.46920308
2024-11-20,AZE,0.4783427
2024-11-21,AZE,0.4669852
2024-11-22,AZE,0.44557202
2024-11-23,AZE,0.45630798
2024-11-24,AZE,0.61176723
2024-11-25,AZE,0.61176723
2024-11-26,AZE,0.6377566
2024-11-27,AZE,0.6377566
2024-11-28,AZE,0.6284057
2024-11-29,AZE,0.6284057
2024-11-30,AZE,0.61633277
2024-12-01,AZE,0.61633277
2024-12-02,AZE,0.56233156
2024-12-03,AZE,0.5873079
2024-12-04,AZE,0.5873079
2024-12-05,AZE,0.60584253
2024-12-06,AZE,0.5873079
2024-12-07,AZE,0.6298589
2024-12-08,AZE,0.6577428
2024-12-09,AZE,0.6577428
2024-12-10,AZE,0.6414541
2024-12-11,AZE,0.65896904
2024-12-12,AZE,0.64941895
2024-12-13,AZE,0.6506592
2024-12-14,AZE,0.6506592
2024-12-15,AZE,0.6506592
2024-12-16,AZE,0.64161384
2024-12-17,AZE,0.53212106
2024-12-18,AZE,0.4808268
2024-12-19,AZE,0.4154406
2024-12-20,AZE,0.41538882
2024-12-21,AZE,0.44823587
2024-12-22,AZE,0.49819055
2024-12-23,AZE,0.5185215
2024-12-24,AZE,0.4962149
2024-12-25,AZE,0.57084715
2024-12-26,AZE,0.6053934
2024-12-27,AZE,0.4943173
2024-12-28,AZE,0.46635494
2024-12-29,AZE,0.46635494
2024-12-30,AZE,0.466923
2024-12-31,AZE,0.47563386
2025-01-01,AZE,0.47563386
2025-01-02,AZE,0.47563386
2025-01-03,AZE,0.5897986
2025-01-04,AZE,0.59023535
2025-01-05,AZE,0.58979994
2025-01-06,AZE,0.5859575
2025-01-07,AZE,0.62365764
2025-01-08,AZE,0.6049499
2025-01-09,AZE,0.5822498
2025-01-10,AZE,0.6067126
2025-01-11,AZE,0.5929424
2025-01-12,AZE,0.444857
2025-01-13,AZE,0.4775035
2025-01-14,AZE,0.45483097
2025-01-15,AZE,0.4775035
2025-01-16,AZE,0.48668274
2025-01-17,AZE,0.48904622
2025-01-18,AZE,0.46429205
2025-01-19,AZE,0.46022594
2025-01-20,AZE,0.5930786
2025-01-21,AZE,0.6006781
2025-01-22,AZE,0.59782267
2025-01-23,AZE,0.5938848
2025-01-24,AZE,0.602626
2025-01-25,AZE,0.5984125
2025-01-26,AZE,0.6172791
2025-01-27,AZE,0.6172791
2025-01-28,AZE,0.6497752
2025-01-29,AZE,0.6172791
2025-01-30,AZE,0.6172791
2025-01-31,AZE,0.6172791
2025-02-01,AZE,0.6253977
2025-02-02,AZE,0.6253977
2025-02-03,AZE,0.5840097
2025-02-04,AZE,0.54261214
2025-02-05,AZE,0.6336497
2025-02-06,AZE,0.6428704
2025-02-07,AZE,0.23145635
2025-02-08,AZE,0.24784955
2025-02-09,AZE,0.23145635
2025-02-10,AZE,0.23890595
2025-02-11,AZE,0.2189322
2025-02-12,AZE,0.24451251
2025-02-13,AZE,0.23778495
2025-02-14,AZE,0.6188199
2025-02-15,AZE,0.6188113
2025-02-16,AZE,0.6188113
2025-02-17,AZE,0.6220919
2025-02-18,AZE,0.6188113
2025-02-19,AZE,0.6155291
2025-02-20,AZE,0.6155291
2025-02-21,AZE,0.5978944
2025-02-22,AZE,0.6115401
2025-02-23,AZE,0.6115401
2025-02-24,AZE,0.6115401
2025-02-25,AZE,0.6044561
2025-02-26,AZE,0.6110885
2025-02-27,AZE,0.6110885
2025-02-28,AZE,0.627558
2025-03-01,AZE,0.623988
2025-03-02,AZE,0.6355533
2025-03-03,AZE,0.6355533
2025-03-04,AZE,0.64402586
2025-03-05,AZE,0.64402586
2025-03-06,AZE,0.64402586
2025-03-07,AZE,0.71698356
2025-03-08,AZE,0.7197939
2025-03-09,AZE,0.6861499
2025-03-10,AZE,0.6861499
2025-03-11,AZE,0.6861499
2025-03-12,AZE,0.5323747
2025-03-13,AZE,0.5323747
2025-03-14,AZE,0.5323747
2025-03-15,AZE,0.5242761
2025-03-16,AZE,0.5242761
2025-03-17,AZE,0.5242761
2025-03-18,AZE,0.5242761
2025-03-19,AZE,0.6759228
2025-03-20,AZE,0.6759228
2025-03-21,AZE,0.67949766
2025-03-22,AZE,0.6749909
2025-03-23,AZE,0.6714382
2025-03-24,AZE,0.6714382
2025-03-25,AZE,0.6440663
2025-03-26,AZE,0.601815
2025-03-27,AZE,0.5978899
2025-03-28,AZE,0.60290545
2024-07-01,HTI,0.59518796
2024-07-02,HTI,0.6002967
2024-07-03,HTI,0.612264
2024-07-04,HTI,0.612264
2024-07-05,HTI,0.612264
2024-07-06,HTI,0.60106075
2024-07-07,HTI,0.21846826
2024-07-08,HTI,0.24058251
2024-07-09,HTI,0.2349101
2024-07-10,HTI,0.2527867
2024-07-11,HTI,0.25766194
2024-07-12,HTI,0.26019692
2024-07-13,HTI,0.22559501
2024-07-14,HTI,0.54540277
2024-07-15,HTI,0.63806427
2024-07-16,HTI,0.63806427
2024-07-17,HTI,0.56256324
2024-07-18,HTI,0.55049884
2024-07-19,HTI,0.59702885
2024-07-20,HTI,0.58037233
2024-07-21,HTI,0.5394892
2024-07-22,HTI,0.21895637
2024-07-23,HTI,0.21895637
2024-07-24,HTI,0.24085103
2024-07-25,HTI,0.22610386
2024-07-26,HTI,0.22610386
2024-07-27,HTI,0.2577967
2024-07-28,HTI,0.25136942
2024-07-29,HTI,0.34936568
2024-07-30,HTI,0.34936568
2024-07-31,HTI,0.3705162
2024-08-01,HTI,0.38528633
2024-08-02,HTI,0.36377993
2024-08-03,HTI,0.35506642
2024-08-04,HTI,0.2732747
2024-08-05,HTI,0.26866424
2024-08-06,HTI,0.2711779
2024-08-07,HTI,0.25566724
2024-08-08,HTI,0.27590218
2024-08-09,HTI,0.29040888
2024-08-10,HTI,0.251135
2024-08-11,HTI,0.59507
2024-08-12,HTI,0.60651636
2024-08-13,HTI,0.52880013
2024-08-14,HTI,0.55303466
2024-08-15,HTI,0.394781
2024-08-16,HTI,0.39908025
2024-08-17,HTI,0.33813912
2024-08-18,HTI,0.3127769
2024-08-19,HTI,0.31171104
2024-08-20,HTI,0.31171104
2024-08-21,HTI,0.3201013
2024-08-22,HTI,0.28033447
2024-08-23,HTI,0.24969181
2024-08-24,HTI,0.28666636
2024-08-25,HTI,0.2525674
2024-08-26,HTI,0.2525674
2024-08-27,HTI,0.24647416
2024-08-28,HTI,0.25350553
2024-08-29,HTI,0.6453902
2024-08-30,HTI,0.6014982
2024-08-31,HTI,0.56040305
2024-09-01,HTI,0.44177818
2024-09-02,HTI,0.50555915
2024-09-03,HTI,0.27367932
2024-09-04,HTI,0.266288
2024-09-05,HTI,0.26826763
2024-09-06,HTI,0.28565788
2024-09-07,HTI,0.26225102
2024-09-08,HTI,0.2591441
2024-09-09,HTI,0.26634556
2024-09-10,HTI,0.42931935
2024-09-11,HTI,0.4071588
2024-09-12,HTI,0.30025795
2024-09-13,HTI,0.32428572
2024-09-14,HTI,0.30507192
2024-09-15,HTI,0.36646873
2024-09-16,HTI,0.2849527
2024-09-17,HTI,0.33666918
2024-09-18,HTI,0.33666918
2024-09-19,HTI,0.33345148
2024-09-20,HTI,0.2857635
2024-09-21,HTI,0.2874545
2024-09-22,HTI,0.2935397
2024-09-23,HTI,0.33158335
2024-09-24,HTI,0.35345617
2024-09-25,HTI,0.434545
2024-09-26,HTI,0.51556146
2024-09-27,HTI,0.58105904
2024-09-28,HTI,0.4139351
2024-09-29,HTI,0.3140588
2024-09-30,HTI,0.3140588
2024-10-01,HTI,0.27779913
2024-10-02,HTI,0.27779913
2024-10-03,HTI,0.25945657
2024-10-04,HTI,0.25806436
2024-10-05,HTI,0.30475542
2024-10-06,HTI,0.32447022
2024-10-07,HTI,0.41842237
2024-10-08,HTI,0.47403935
2024-10-09,HTI,0.48378626
2024-10-10,HTI,0.14424704
2024-10-11,HTI,0.16592732
2024-10-12,HTI,0.15704766
2024-10-13,HTI,0.16474617
2024-10-14,HTI,0.1590977
2024-10-15,HTI,0.15313445
2024-10-16,HTI,0.15284406
2024-10-17,HTI,0.4174948
2024-10-18,HTI,0.42021975
2024-10-19,HTI,0.44498345
2024-10-20,HTI,0.4239708
2024-10-21,HTI,0.41711134
2024-10-22,HTI,0.41350788
2024-10-23,HTI,0.41576266
2024-10-24,HTI,0.4688372
2024-10-25,HTI,0.4688372
2024-10-26,HTI,0.46387926
2024-10-27,HTI,0.4913091
2024-10-28,HTI,0.4889394
2024-10-29,HTI,0.28930485
2024-10-30,HTI,0.2974893
2024-10-31,HTI,0.27004045
2024-11-01,HTI,0.3081099
2024-11-02,HTI,0.35409728
2024-11-03,HTI,0.36971015
2024-11-04,HTI,0.45375276
2024-11-05,HTI,0.5198167
2024-11-06,HTI,0.53050256
2024-11-07,HTI,0.5860096
2024-11-08,HTI,0.5860096
2024-11-09,HTI,0.54978216
2024-11-10,HTI,0.5229125
2024-11-11,HTI,0.5204855
2024-11-12,HTI,0.62668604
2024-11-13,HTI,0.59618455
2024-11-14,HTI,0.5967261
2024-11-15,HTI,0.60924464
2024-11-16,HTI,0.5904836
2024-11-17,HTI,0.6052004
2024-11-18,HTI,0.43108317
2024-11-19,HTI,0.24942678
2024-11-20,HTI,0.2624129
2024-11-21,HTI,0.26846573
2024-11-22,HTI,0.2605972
2024-11-23,HTI,0.26307985
2024-11-24,HTI,0.25710574
2024-11-25,HTI,0.25710574
2024-11-26,HTI,0.23968884
2024-11-27,HTI,0.24914232
2024-11-28,HTI,0.23968884
2024-11-29,HTI,0.25090528
2024-11-30,HTI,0.25090528
2024-12-01,HTI,0.2559909
2024-12-02,HTI,0.2559909
2024-12-03,HTI,0.50938326
2024-12-04,HTI,0.50938326
2024-12-05,HTI,0.5670422
2024-12-06,HTI,0.61287075
2024-12-07,HTI,0.4217563
2024-12-08,HTI,0.47658515
2024-12-09,HTI,0.42405087
2024-12-10,HTI,0.416075
2024-12-11,HTI,0.3992876
2024-12-12,HTI,0.39499372
2024-12-13,HTI,0.15552892
2024-12-14,HTI,0.14863694
2024-12-15,HTI,0.1509017
2024-12-16,HTI,0.15851367
2024-12-17,HTI,0.1666158
2024-12-18,HTI,0.16548605
2024-12-19,HTI,0.12898031
2024-12-20,HTI,0.14043163
2024-12-21,HTI,0.15113571
2024-12-22,HTI,0.17028034
2024-12-23,HTI,0.17028034
2024-12-24,HTI,0.45357165
2024-12-25,HTI,0.528865
2024-12-26,HTI,0.5112194
2024-12-27,HTI,0.5112194
2024-12-28,HTI,0.15934718
2024-12-29,HTI,0.15934718
2024-12-30,HTI,0.19062403
2024-12-31,HTI,0.18135244
2025-01-01,HTI,0.15923741
2025-01-02,HTI,0.1368351
2025-01-03,HTI,0.13371703
2025-01-04,HTI,0.5949324
2025-01-05,HTI,0.5718297
2025-01-06,HTI,0.5718297
2025-01-07,HTI,0.46472558
2025-01-08,HTI,0.45957467
2025-01-09,HTI,0.4498412
2025-01-10,HTI,0.30312508
2025-01-11,HTI,0.31805053
2025-01-12,HTI,0.31283364
2025-01-13,HTI,0.30350852
2025-01-14,HTI,0.3355752
2025-01-15,HTI,0.340658
2025-01-16,HTI,0.33320916
2025-01-17,HTI,0.3382744
2025-01-18,HTI,0.32856515
2025-01-19,HTI,0.32856515
2025-01-20,HTI,0.34439912
2025-01-21,HTI,0.36046347
2025-01-22,HTI,0.33362743
2025-01-23,HTI,0.44394496
2025-01-24,HTI,0.5027252
2025-01-25,HTI,0.46421617
2025-01-26,HTI,0.46421617
2025-01-27,HTI,0.44846866
2025-01-28,HTI,0.443555
2025-01-29,HTI,0.4537098
2025-01-30,HTI,0.4549632
2025-01-31,HTI,0.44918206
2025-02-01,HTI,0.5964887
2025-02-02,HTI,0.6090098
2025-02-03,HTI,0.24773785
2025-02-04,HTI,0.23985891
2025-02-05,HTI,0.21904969
2025-02-06,HTI,0.26174954
2025-02-07,HTI,0.24013972
2025-02-08,HTI,0.22218665
2025-02-09,HTI,0.22381575
2025-02-10,HTI,0.24749884
2025-02-11,HTI,0.30320743
2025-02-12,HTI,0.3589065
2025-02-13,HTI,0.40058112
2025-02-14,HTI,0.4318472
2025-02-15,HTI,0.44530258
2025-02-16,HTI,0.3908969
2025-02-17,HTI,0.2771799
2025-02-18,HTI,0.2860919
2025-02-19,HTI,0.28344253
2025-02-20,HTI,0.26357606
2025-02-21,HTI,0.27874872
2025-02-22,HTI,0.28419217
2025-02-23,HTI,0.23276173
2025-02-24,HTI,0.23276173
2025-02-25,HTI,0.25071144
2025-02-26,HTI,0.25071144
2025-02-27,HTI,0.24894938
2025-02-28,HTI,0.26658726
2025-03-01,HTI,0.26658586
2025-03-02,HTI,0.48951507
2025-03-03,HTI,0.32207406
2025-03-04,HTI,0.3108592
2025-03-05,HTI,0.28754184
2025-03-06,HTI,0.28754184
2025-03-07,HTI,0.28754184
2025-03-08,HTI,0.31063333
2025-03-09,HTI,0.16213325
2025-03-10,HTI,0.15409102
2025-03-11,HTI,0.15226698
2025-03-12,HTI,0.15171672
2025-03-13,HTI,0.17707472
2025-03-14,HTI,0.18329078
2025-03-15,HTI,0.1900178
2025-03-16,HTI,0.5396186
2025-03-17,HTI,0.5476357
2025-03-18,HTI,0.52637583
2025-03-19,HTI,0.35598594
2025-03-20,HTI,0.32932928
2025-03-21,HTI,0.38579398
2025-03-22,HTI,0.3751201
2025-03-23,HTI,0.38055936
2025-03-24,HTI,0.38055936
2025-03-25,HTI,0.3452866
2025-03-26,HTI,0.37959436
2025-03-27,HTI,0.34096473
2025-03-28,HTI,0.35696295
2024-07-01,COL,0.3123598
2024-07-02,COL,0.3123598
2024-07-03,COL,0.29518172
2024-07-04,COL,0.23737639
2024-07-05,COL,0.29107222
2024-07-06,COL,0.27459738
2024-07-07,COL,0.3334721
2024-07-08,COL,0.3365026
2024-07-09,COL,0.35455534
2024-07-10,COL,0.35455534
2024-07-11,COL,0.37000877
2024-07-12,COL,0.37940794
2024-07-13,COL,0.37940794
2024-07-14,COL,0.3663417
2024-07-15,COL,0.4022124
2024-07-16,COL,0.4022124
2024-07-17,COL,0.37940794
2024-07-18,COL,0.4605354
2024-07-19,COL,0.4605354
2024-07-20,COL,0.38389164
2024-07-21,COL,0.375983
2024-07-22,COL,0.34748712
2024-07-23,COL,0.35948244
2024-07-24,COL,0.36264136
2024-07-25,COL,0.3511417
2024-07-26,COL,0.32478622
2024-07-27,COL,0.32325998
2024-07-28,COL,0.30609643
2024-07-29,COL,0.34010753
2024-07-30,COL,0.29126868
2024-07-31,COL,0.29722977
2024-08-01,COL,0.35840684
2024-08-02,COL,0.34673625
2024-08-03,COL,0.3212139
2024-08-04,COL,0.4123146
2024-08-05,COL,0.4066288
2024-08-06,COL,0.41961688
2024-08-07,COL,0.3736717
2024-08-08,COL,0.3827833
2024-08-09,COL,0.3833471
2024-08-10,COL,0.40954164
2024-08-11,COL,0.44177675
2024-08-12,COL,0.44177675
2024-08-13,COL,0.42418677
2024-08-14,COL,0.37169752
2024-08-15,COL,0.35266727
2024-08-16,COL,0.370209
2024-08-17,COL,0.33133617
2024-08-18,COL,0.3763175
2024-08-19,COL,0.27682966
2024-08-20,COL,0.27682966
2024-08-21,COL,0.2863459
2024-08-22,COL,0.2882983
2024-08-23,COL,0.2882983
2024-08-24,COL,0.2849985
2024-08-25,COL,0.30073807
2024-08-26,COL,0.3462134
2024-08-27,COL,0.35108244
2024-08-28,COL,0.35108244
2024-08-29,COL,0.31507948
2024-08-30,COL,0.29194725
2024-08-31,COL,0.2642066
2024-09-01,COL,0.2557771
2024-09-02,COL,0.2815735
2024-09-03,COL,0.2815735
2024-09-04,COL,0.2815735
2024-09-05,COL,0.2815735
2024-09-06,COL,0.2815735
2024-09-07,COL,0.26242003
2024-09-08,COL,0.26677382
2024-09-09,COL,0.26677382
2024-09-10,COL,0.32323673
2024-09-11,COL,0.3197979
2024-09-12,COL,0.27632582
2024-09-13,COL,0.3202963
2024-09-14,COL,0.31005588
2024-09-15,COL,0.2526054
2024-09-16,COL,0.28411046
2024-09-17,COL,0.28563792
2024-09-18,COL,0.28563792
2024-09-19,COL,0.27539447
2024-09-20,COL,0.27539447
2024-09-21,COL,0.27539447
2024-09-22,COL,0.34966812
2024-09-23,COL,0.34966812
2024-09-24,COL,0.34010595
2024-09-25,COL,0.34010595
2024-09-26,COL,0.3293825
2024-09-27,COL,0.3293825
2024-09-28,COL,0.41581094
2024-09-29,COL,0.45609605
2024-09-30,COL,0.45609605
2024-10-01,COL,0.477253
2024-10-02,COL,0.45987582
2024-10-03,COL,0.45987582
2024-10-04,COL,0.46534362
2024-10-05,COL,0.4646413
2024-10-06,COL,0.3340114
2024-10-07,COL,0.27196372
2024-10-08,COL,0.33898735
2024-10-09,COL,0.3284862
2024-10-10,COL,0.26331767
2024-10-11,COL,0.27466086
2024-10-12,COL,0.27466086
2024-10-13,COL,0.28171068
2024-10-14,COL,0.28171068
2024-10-15,COL,0.27774477
2024-10-16,COL,0.27348128
2024-10-17,COL,0.27348128
2024-10-18,COL,0.24626814
2024-10-19,COL,0.24626814
2024-10-20,COL,0.2602712
2024-10-21,COL,0.3208268
2024-10-22,COL,0.41130823
2024-10-23,COL,0.38872066
2024-10-24,COL,0.31617296
2024-10-25,COL,0.40890485
2024-10-26,COL,0.3261723
2024-10-27,COL,0.40562096
2024-10-28,COL,0.3261723
2024-10-29,COL,0.33090207
2024-10-30,COL,0.3261723
2024-10-31,COL,0.3261723
2024-11-01,COL,0.32964644
2024-11-02,COL,0.2637157
2024-11-03,COL,0.2637157
2024-11-04,COL,0.26627994
2024-11-05,COL,0.2637157
2024-11-06,COL,0.27479148
2024-11-07,COL,0.2548968
2024-11-08,COL,0.25971565
2024-11-09,COL,0.26122987
2024-11-10,COL,0.25869715
2024-11-11,COL,0.25869715
2024-11-12,COL,0.25869715
2024-11-13,COL,0.25869715
2024-11-14,COL,0.2678999
2024-11-15,COL,0.26535958
2024-11-16,COL,0.3265764
2024-11-17,COL,0.23696522
2024-11-18,COL,0.23696522
2024-11-19,COL,0.2339229
2024-11-20,COL,0.26014382
2024-11-21,COL,0.24585988
2024-11-22,COL,0.25239176
2024-11-23,COL,0.24666485
2024-11-24,COL,0.2441501
2024-11-25,COL,0.2441501
2024-11-26,COL,0.24707094
2024-11-27,COL,0.24707094
2024-11-28,COL,0.24960583
2024-11-29,COL,0.25146693
2024-11-30,COL,0.30207807
2024-12-01,COL,0.30207807
2024-12-02,COL,0.29202306
2024-12-03,COL,0.37644154
2024-12-04,COL,0.29402682
2024-12-05,COL,0.3164782
2024-12-06,COL,0.30846977
2024-12-07,COL,0.26853848
2024-12-08,COL,0.25903368
2024-12-09,COL,0.26587942
2024-12-10,COL,0.2654533
2024-12-11,COL,0.2654533
2024-12-12,COL,0.2654533
2024-12-13,COL,0.26281387
2024-12-14,COL,0.27492768
2024-12-15,COL,0.33733824
2024-12-16,COL,0.34312546
2024-12-17,COL,0.33235478
2024-12-18,COL,0.44406113
2024-12-19,COL,0.4473136
2024-12-20,COL,0.32376748
2024-12-21,COL,0.32376748
2024-12-22,COL,0.3208918
2024-12-23,COL,0.32578725
2024-12-24,COL,0.26331767
2024-12-25,COL,0.26331767
2024-12-26,COL,0.2650381
2024-12-27,COL,0.2676918
2024-12-28,COL,0.27438295
2024-12-29,COL,0.27438295
2024-12-30,COL,0.2665769
2024-12-31,COL,0.27725646
2025-01-01,COL,0.35561693
2025-01-02,COL,0.3466037
2025-01-03,COL,0.3466037
2025-01-04,COL,0.33384493
2025-01-05,COL,0.34213638
2025-01-06,COL,0.41734982
2025-01-07,COL,0.44982842
2025-01-08,COL,0.44982842
2025-01-09,COL,0.43274966
2025-01-10,COL,0.44982842
2025-01-11,COL,0.42258066
2025-01-12,COL,0.4218919
2025-01-13,COL,0.43982574
2025-01-14,COL,0.4218919
2025-01-15,COL,0.4049441
2025-01-16,COL,0.43814203
2025-01-17,COL,0.4204539
2025-01-18,COL,0.44645247
2025-01-19,COL,0.44645247
2025-01-20,COL,0.33172914
2025-01-21,COL,0.33874813
2025-01-22,COL,0.33874813
2025-01-23,COL,0.30384445
2025-01-24,COL,0.29470545
2025-01-25,COL,0.29912245
2025-01-26,COL,0.29995593
2025-01-27,COL,0.29995593
2025-01-28,COL,0.3082265
2025-01-29,COL,0.31232917
2025-01-30,COL,0.32770702
2025-01-31,COL,0.36843237
2025-02-01,COL,0.38092905
2025-02-02,COL,0.40887576
2025-02-03,COL,0.40887576
2025-02-04,COL,0.40887576
2025-02-05,COL,0.41569635
2025-02-06,COL,0.40767667
2025-02-07,COL,0.41449133
2025-02-08,COL,0.42548886
2025-02-09,COL,0.42489842
2025-02-10,COL,0.42489842
2025-02-11,COL,0.42489842
2025-02-12,COL,0.42489842
2025-02-13,COL,0.47224548
2025-02-14,COL,0.430375
2025-02-15,COL,0.4398438
2025-02-16,COL,0.4398438
2025-02-17,COL,0.4749077
2025-02-18,COL,0.4818563
2025-02-19,COL,0.41922468
2025-02-20,COL,0.41922468
2025-02-21,COL,0.45397696
2025-02-22,COL,0.40987492
2025-02-23,COL,0.40987492
2025-02-24,COL,0.40987492
2025-02-25,COL,0.27179638
2025-02-26,COL,0.27492768
2025-02-27,COL,0.277643
2025-02-28,COL,0.27492768
2025-03-01,COL,0.27048987
2025-03-02,COL,0.27048987
2025-03-03,COL,0.27294242
2025-03-04,COL,0.27905342
2025-03-05,COL,0.2917624
2025-03-06,COL,0.2917624
2025-03-07,COL,0.287109
2025-03-08,COL,0.2975405
2025-03-09,COL,0.2975405
2025-03-10,COL,0.26281387
2025-03-11,COL,0.26587942
2025-03-12,COL,0.26853848
2025-03-13,COL,0.2654533
2025-03-14,COL,0.2654533
2025-03-15,COL,0.26281387
2025-03-16,COL,0.25462684
2025-03-17,COL,0.25911105
2025-03-18,COL,0.25010705
2025-03-19,COL,0.26172656
2025-03-20,COL,0.25911105
2025-03-21,COL,0.25911105
2025-03-22,COL,0.38279408
2025-03-23,COL,0.3912061
2025-03-24,COL,0.30129662
2025-03-25,COL,0.28610593
2025-03-26,COL,0.29934072
2025-03-27,COL,0.30938593
2025-03-28,COL,0.30938593
2024-07-01,MEX,0.13029143
2024-07-02,MEX,0.13154207
2024-07-03,MEX,0.15034908
2024-07-04,MEX,0.16371934
2024-07-05,MEX,0.15454718
2024-07-06,MEX,0.16371934
2024-07-07,MEX,0.16371934
2024-07-08,MEX,0.16371934
2024-07-09,MEX,0.14886838
2024-07-10,MEX,0.18113454
2024-07-11,MEX,0.17636487
2024-07-12,MEX,0.19790155
2024-07-13,MEX,0.19414994
2024-07-14,MEX,0.19414994
2024-07-15,MEX,0.19414994
2024-07-16,MEX,0.20510228
2024-07-17,MEX,0.20808132
2024-07-18,MEX,0.20510228
2024-07-19,MEX,0.19414994
2024-07-20,MEX,0.20324135
2024-07-21,MEX,0.20616062
2024-07-22,MEX,0.20616062
2024-07-23,MEX,0.20324135
2024-07-24,MEX,0.20324135
2024-07-25,MEX,0.20324135
2024-07-26,MEX,0.20324135
2024-07-27,MEX,0.21470459
2024-07-28,MEX,0.21470459
2024-07-29,MEX,0.20463413
2024-07-30,MEX,0.20150535
2024-07-31,MEX,0.20760815
2024-08-01,MEX,0.20290686
2024-08-02,MEX,0.17953485
2024-08-03,MEX,0.17880125
2024-08-04,MEX,0.17880125
2024-08-05,MEX,0.18201053
2024-08-06,MEX,0.18201053
2024-08-07,MEX,0.17704132
2024-08-08,MEX,0.17018826
2024-08-09,MEX,0.17615896
2024-08-10,MEX,0.16046381
2024-08-11,MEX,0.16046381
2024-08-12,MEX,0.16046381
2024-08-13,MEX,0.16094643
2024-08-14,MEX,0.17472537
2024-08-15,MEX,0.16094643
2024-08-16,MEX,0.15986077
2024-08-17,MEX,0.15242285
2024-08-18,MEX,0.15242285
2024-08-19,MEX,0.15242285
2024-08-20,MEX,0.15774971
2024-08-21,MEX,0.15774971
2024-08-22,MEX,0.16390449
2024-08-23,MEX,0.17990127
2024-08-24,MEX,0.13996825
2024-08-25,MEX,0.1437288
2024-08-26,MEX,0.14871575
2024-08-27,MEX,0.15412863
2024-08-28,MEX,0.14154911
2024-08-29,MEX,0.14154911
2024-08-30,MEX,0.14891821
2024-08-31,MEX,0.15086491
2024-09-01,MEX,0.14745386
2024-09-02,MEX,0.14745386
2024-09-03,MEX,0.15604445
2024-09-04,MEX,0.16046005
2024-09-05,MEX,0.16729929
2024-09-06,MEX,0.16729929
2024-09-07,MEX,0.17764626
2024-09-08,MEX,0.17764626
2024-09-09,MEX,0.17764626
2024-09-10,MEX,0.18801202
2024-09-11,MEX,0.17588316
2024-09-12,MEX,0.18390585
2024-09-13,MEX,0.22466463
2024-09-14,MEX,0.20791511
2024-09-15,MEX,0.18607652
2024-09-16,MEX,0.19094887
2024-09-17,MEX,0.21624877
2024-09-18,MEX,0.19319299
2024-09-19,MEX,0.19541089
2024-09-20,MEX,0.19121946
2024-09-21,MEX,0.19121946
2024-09-22,MEX,0.19121946
2024-09-23,MEX,0.19121946
2024-09-24,MEX,0.19121946
2024-09-25,MEX,0.19121946
2024-09-26,MEX,0.19121946
2024-09-27,MEX,0.19121946
2024-09-28,MEX,0.1952184
2024-09-29,MEX,0.1952184
2024-09-30,MEX,0.1952184
2024-10-01,MEX,0.19016397
2024-10-02,MEX,0.184777
2024-10-03,MEX,0.1891579
2024-10-04,MEX,0.18726276
2024-10-05,MEX,0.19108853
2024-10-06,MEX,0.19108853
2024-10-07,MEX,0.2142585
2024-10-08,MEX,0.20944645
2024-10-09,MEX,0.21008937
2024-10-10,MEX,0.22617596
2024-10-11,MEX,0.2222055
2024-10-12,MEX,0.21726432
2024-10-13,MEX,0.21726432
2024-10-14,MEX,0.20483182
2024-10-15,MEX,0.20932579
2024-10-16,MEX,0.20172262
2024-10-17,MEX,0.21796733
2024-10-18,MEX,0.20716344
2024-10-19,MEX,0.2040059
2024-10-20,MEX,0.21016449
2024-10-21,MEX,0.21104948
2024-10-22,MEX,0.22282995
2024-10-23,MEX,0.20670637
2024-10-24,MEX,0.22142898
2024-10-25,MEX,0.22142898
2024-10-26,MEX,0.22142898
2024-10-27,MEX,0.22142898
2024-10-28,MEX,0.21740557
2024-10-29,MEX,0.21275811
2024-10-30,MEX,0.21275811
2024-10-31,MEX,0.20256542
2024-11-01,MEX,0.20197289
2024-11-02,MEX,0.1941755
2024-11-03,MEX,0.19890784
2024-11-04,MEX,0.1929985
2024-11-05,MEX,0.19890784
2024-11-06,MEX,0.20640202
2024-11-07,MEX,0.24270919
2024-11-08,MEX,0.23428597
2024-11-09,MEX,0.23424977
2024-11-10,MEX,0.23424977
2024-11-11,MEX,0.2235235
2024-11-12,MEX,0.2235235
2024-11-13,MEX,0.2235235
2024-11-14,MEX,0.2235235
2024-11-15,MEX,0.2317128
2024-11-16,MEX,0.2317128
2024-11-17,MEX,0.2342435
2024-11-18,MEX,0.2235235
2024-11-19,MEX,0.21557656
2024-11-20,MEX,0.2241615
2024-11-21,MEX,0.2241615
2024-11-22,MEX,0.2241615
2024-11-23,MEX,0.21767677
2024-11-24,MEX,0.2207877
2024-11-25,MEX,0.2207877
2024-11-26,MEX,0.21074283
2024-11-27,MEX,0.21877886
2024-11-28,MEX,0.21877886
2024-11-29,MEX,0.21557656
2024-11-30,MEX,0.17138858
2024-12-01,MEX,0.17138858
2024-12-02,MEX,0.16882287
2024-12-03,MEX,0.16733429
2024-12-04,MEX,0.16933882
2024-12-05,MEX,0.17722277
2024-12-06,MEX,0.18146443
2024-12-07,MEX,0.18910936
2024-12-08,MEX,0.18910936
2024-12-09,MEX,0.18910936
2024-12-10,MEX,0.18967314
2024-12-11,MEX,0.18967314
2024-12-12,MEX,0.18967314
2024-12-13,MEX,0.18967314
2024-12-14,MEX,0.18472932
2024-12-15,MEX,0.18561348
2024-12-16,MEX,0.18561348
2024-12-17,MEX,0.20154174
2024-12-18,MEX,0.20695034
2024-12-19,MEX,0.20955388
2024-12-20,MEX,0.21264309
2024-12-21,MEX,0.209616
2024-12-22,MEX,0.21264309
2024-12-23,MEX,0.20448235
2024-12-24,MEX,0.20448235
2024-12-25,MEX,0.20014475
2024-12-26,MEX,0.2077929
2024-12-27,MEX,0.20399868
2024-12-28,MEX,0.21382514
2024-12-29,MEX,0.2048105
2024-12-30,MEX,0.20922278
2024-12-31,MEX,0.21876016
2025-01-01,MEX,0.23149624
2025-01-02,MEX,0.2263802
2025-01-03,MEX,0.2263802
2025-01-04,MEX,0.21129008
2025-01-05,MEX,0.21129008
2025-01-06,MEX,0.18828978
2025-01-07,MEX,0.21350257
2025-01-08,MEX,0.20108792
2025-01-09,MEX,0.23119158
2025-01-10,MEX,0.21341288
2025-01-11,MEX,0.21901417
2025-01-12,MEX,0.21901417
2025-01-13,MEX,0.19662538
2025-01-14,MEX,0.19662538
2025-01-15,MEX,0.19098204
2025-01-16,MEX,0.19605294
2025-01-17,MEX,0.18454802
2025-01-18,MEX,0.17666937
2025-01-19,MEX,0.18221402
2025-01-20,MEX,0.23608541
2025-01-21,MEX,0.24431032
2025-01-22,MEX,0.19265401
2025-01-23,MEX,0.17953531
2025-01-24,MEX,0.18583438
2025-01-25,MEX,0.20205665
2025-01-26,MEX,0.20205665
2025-01-27,MEX,0.21153189
2025-01-28,MEX,0.2263802
2025-01-29,MEX,0.22284742
2025-01-30,MEX,0.2263802
2025-01-31,MEX,0.21936066
2025-02-01,MEX,0.252403
2025-02-02,MEX,0.24296467
2025-02-03,MEX,0.25502506
2025-02-04,MEX,0.24140112
2025-02-05,MEX,0.22797301
2025-02-06,MEX,0.21814612
2025-02-07,MEX,0.20810594
2025-02-08,MEX,0.21017995
2025-02-09,MEX,0.21017995
2025-02-10,MEX,0.2063068
2025-02-11,MEX,0.2063068
2025-02-12,MEX,0.19848742
2025-02-13,MEX,0.19848742
2025-02-14,MEX,0.19848742
2025-02-15,MEX,0.20261167
2025-02-16,MEX,0.20261167
2025-02-17,MEX,0.20261167
2025-02-18,MEX,0.20261167
2025-02-19,MEX,0.19336872
2025-02-20,MEX,0.19783682
2025-02-21,MEX,0.19783682
2025-02-22,MEX,0.2001427
2025-02-23,MEX,0.21739708
2025-02-24,MEX,0.204959
2025-02-25,MEX,0.2089067
2025-02-26,MEX,0.19455513
2025-02-27,MEX,0.2035875
2025-02-28,MEX,0.19366907
2025-03-01,MEX,0.19366907
2025-03-02,MEX,0.18497452
2025-03-03,MEX,0.20559923
2025-03-04,MEX,0.21501634
2025-03-05,MEX,0.22572199
2025-03-06,MEX,0.22572199
2025-03-07,MEX,0.23145138
2025-03-08,MEX,0.24844505
2025-03-09,MEX,0.24844505
2025-03-10,MEX,0.23476343
2025-03-11,MEX,0.21911858
2025-03-12,MEX,0.21911858
2025-03-13,MEX,0.21911858
2025-03-14,MEX,0.22472908
2025-03-15,MEX,0.21296561
2025-03-16,MEX,0.22262554
2025-03-17,MEX,0.22262554
2025-03-18,MEX,0.21750551
2025-03-19,MEX,0.21296561
2025-03-20,MEX,0.21740152
2025-03-21,MEX,0.21219105
2025-03-22,MEX,0.1893085
2025-03-23,MEX,0.20757017
2025-03-24,MEX,0.20757017
2025-03-25,MEX,0.20757017
2025-03-26,MEX,0.22012287
2025-03-27,MEX,0.21862322
2025-03-28,MEX,0.21055083
2024-07-01,VEN,0.36171377
2024-07-02,VEN,0.36171377
2024-07-03,VEN,0.3652485
2024-07-04,VEN,0.36160153
2024-07-05,VEN,0.36160153
2024-07-06,VEN,0.41869652
2024-07-07,VEN,0.5266367
2024-07-08,VEN,0.5266367
2024-07-09,VEN,0.5266367
2024-07-10,VEN,0.5266367
2024-07-11,VEN,0.53056484
2024-07-12,VEN,0.49369153
2024-07-13,VEN,0.48907384
2024-07-14,VEN,0.4042712
2024-07-15,VEN,0.33778152
2024-07-16,VEN,0.37167037
2024-07-17,VEN,0.3426378
2024-07-18,VEN,0.33839178
2024-07-19,VEN,0.33839178
2024-07-20,VEN,0.34208784
2024-07-21,VEN,0.3275669
2024-07-22,VEN,0.2876413
2024-07-23,VEN,0.2876413
2024-07-24,VEN,0.27609828
2024-07-25,VEN,0.27130634
2024-07-26,VEN,0.2876413
2024-07-27,VEN,0.29685038
2024-07-28,VEN,0.2876413
2024-07-29,VEN,0.34036762
2024-07-30,VEN,0.31653532
2024-07-31,VEN,0.31653532
2024-08-01,VEN,0.3264479
2024-08-02,VEN,0.34680894
2024-08-03,VEN,0.36584973
2024-08-04,VEN,0.3527223
2024-08-05,VEN,0.35731414
2024-08-06,VEN,0.35615006
2024-08-07,VEN,0.3599317
2024-08-08,VEN,0.3896505
2024-08-09,VEN,0.3895737
2024-08-10,VEN,0.404315
2024-08-11,VEN,0.3895737
2024-08-12,VEN,0.404315
2024-08-13,VEN,0.41443497
2024-08-14,VEN,0.36372203
2024-08-15,VEN,0.36763963
2024-08-16,VEN,0.36962667
2024-08-17,VEN,0.37628442
2024-08-18,VEN,0.36962667
2024-08-19,VEN,0.37628442
2024-08-20,VEN,0.36305153
2024-08-21,VEN,0.4001296
2024-08-22,VEN,0.3902634
2024-08-23,VEN,0.44135916
2024-08-24,VEN,0.45087835
2024-08-25,VEN,0.45087835
2024-08-26,VEN,0.45087835
2024-08-27,VEN,0.42142162
2024-08-28,VEN,0.4155327
2024-08-29,VEN,0.40628263
2024-08-30,VEN,0.3683171
2024-08-31,VEN,0.36798486
2024-09-01,VEN,0.3956616
2024-09-02,VEN,0.3866593
2024-09-03,VEN,0.3866593
2024-09-04,VEN,0.336958
2024-09-05,VEN,0.3492336
2024-09-06,VEN,0.35909584
2024-09-07,VEN,0.29926392
2024-09-08,VEN,0.30762437
2024-09-09,VEN,0.32119235
2024-09-10,VEN,0.36083737
2024-09-11,VEN,0.35230184
2024-09-12,VEN,0.37969625
2024-09-13,VEN,0.3013905
2024-09-14,VEN,0.34174252
2024-09-15,VEN,0.3013905
2024-09-16,VEN,0.31405577
2024-09-17,VEN,0.30258492
2024-09-18,VEN,0.32864583
2024-09-19,VEN,0.27784953
2024-09-20,VEN,0.28507936
2024-09-21,VEN,0.36205888
2024-09-22,VEN,0.4172427
2024-09-23,VEN,0.4172427
2024-09-24,VEN,0.42081738
2024-09-25,VEN,0.42081738
2024-09-26,VEN,0.37564325
2024-09-27,VEN,0.42081738
2024-09-28,VEN,0.36234677
2024-09-29,VEN,0.36234677
2024-09-30,VEN,0.27669066
2024-10-01,VEN,0.29559764
2024-10-02,VEN,0.30693412
2024-10-03,VEN,0.363611
2024-10-04,VEN,0.35509837
2024-10-05,VEN,0.32160082
2024-10-06,VEN,0.37784228
2024-10-07,VEN,0.39855877
2024-10-08,VEN,0.3849805
2024-10-09,VEN,0.3889871
2024-10-10,VEN,0.29144868
2024-10-11,VEN,0.2685929
2024-10-12,VEN,0.27994344
2024-10-13,VEN,0.2685929
2024-10-14,VEN,0.2685929
2024-10-15,VEN,0.33073533
2024-10-16,VEN,0.2657502
2024-10-17,VEN,0.35447204
2024-10-18,VEN,0.3453413
2024-10-19,VEN,0.34153295
2024-10-20,VEN,0.4094077
2024-10-21,VEN,0.4094077
2024-10-22,VEN,0.3974301
2024-10-23,VEN,0.4113489
2024-10-24,VEN,0.44910425
2024-10-25,VEN,0.49684453
2024-10-26,VEN,0.49222952
2024-10-27,VEN,0.49222952
2024-10-28,VEN,0.44454092
2024-10-29,VEN,0.44454092
2024-10-30,VEN,0.40373534
2024-10-31,VEN,0.4072752
2024-11-01,VEN,0.4072752
2024-11-02,VEN,0.4072752
2024-11-03,VEN,0.3797461
2024-11-04,VEN,0.38811105
2024-11-05,VEN,0.38811105
2024-11-06,VEN,0.41934294
2024-11-07,VEN,0.4072752
2024-11-08,VEN,0.4072752
2024-11-09,VEN,0.35928982
2024-11-10,VEN,0.36237887
2024-11-11,VEN,0.35928982
2024-11-12,VEN,0.35928982
2024-11-13,VEN,0.35928982
2024-11-14,VEN,0.3969754
2024-11-15,VEN,0.3724852
2024-11-16,VEN,0.37093645
2024-11-17,VEN,0.30430254
2024-11-18,VEN,0.30430254
2024-11-19,VEN,0.3217123
2024-11-20,VEN,0.34380257
2024-11-21,VEN,0.34405646
2024-11-22,VEN,0.28563997
2024-11-23,VEN,0.28047758
2024-11-24,VEN,0.32918003
2024-11-25,VEN,0.33936438
2024-11-26,VEN,0.34916586
2024-11-27,VEN,0.33883825
2024-11-28,VEN,0.3685261
2024-11-29,VEN,0.35818684
2024-11-30,VEN,0.36594543
2024-12-01,VEN,0.35257152
2024-12-02,VEN,0.36308783
2024-12-03,VEN,0.35023567
2024-12-04,VEN,0.36308783
2024-12-05,VEN,0.37662864
2024-12-06,VEN,0.36594543
2024-12-07,VEN,0.35969904
2024-12-08,VEN,0.35969904
2024-12-09,VEN,0.37318748
2024-12-10,VEN,0.36877528
2024-12-11,VEN,0.3553559
2024-12-12,VEN,0.37318748
2024-12-13,VEN,0.36877528
2024-12-14,VEN,0.38270244
2024-12-15,VEN,0.38270244
2024-12-16,VEN,0.38270244
2024-12-17,VEN,0.36904722
2024-12-18,VEN,0.35621336
2024-12-19,VEN,0.35562357
2024-12-20,VEN,0.35078165
2024-12-21,VEN,0.36353034
2024-12-22,VEN,0.37393397
2024-12-23,VEN,0.36353034
2024-12-24,VEN,0.36353034
2024-12-25,VEN,0.32553756
2024-12-26,VEN,0.37393397
2024-12-27,VEN,0.41788298
2024-12-28,VEN,0.41280067
2024-12-29,VEN,0.38275915
2024-12-30,VEN,0.36912853
2024-12-31,VEN,0.36912853
2025-01-01,VEN,0.37225297
2025-01-02,VEN,0.38892204
2025-01-03,VEN,0.38268635
2025-01-04,VEN,0.37828094
2025-01-05,VEN,0.37828094
2025-01-06,VEN,0.37218395
2025-01-07,VEN,0.35582155
2025-01-08,VEN,0.37756935
2025-01-09,VEN,0.37756935
2025-01-10,VEN,0.40373534
2025-01-11,VEN,0.37478772
2025-01-12,VEN,0.37793136
2025-01-13,VEN,0.43085915
2025-01-14,VEN,0.36210898
2025-01-15,VEN,0.36210898
2025-01-16,VEN,0.41954562
2025-01-17,VEN,0.3782347
2025-01-18,VEN,0.362407
2025-01-19,VEN,0.362407
2025-01-20,VEN,0.362407
2025-01-21,VEN,0.362407
2025-01-22,VEN,0.362407
2025-01-23,VEN,0.362407
2025-01-24,VEN,0.36614233
2025-01-25,VEN,0.34703615
2025-01-26,VEN,0.34703615
2025-01-27,VEN,0.34703615
2025-01-28,VEN,0.321702
2025-01-29,VEN,0.33493286
2025-01-30,VEN,0.33170646
2025-01-31,VEN,0.33170646
2025-02-01,VEN,0.32955214
2025-02-02,VEN,0.26192847
2025-02-03,VEN,0.25946558
2025-02-04,VEN,0.35226575
2025-02-05,VEN,0.35226575
2025-02-06,VEN,0.34892264
2025-02-07,VEN,0.34892264
2025-02-08,VEN,0.34892264
2025-02-09,VEN,0.3685261
2025-02-10,VEN,0.3685261
2025-02-11,VEN,0.3038078
2025-02-12,VEN,0.30677316
2025-02-13,VEN,0.30677316
2025-02-14,VEN,0.3038078
2025-02-15,VEN,0.2989593
2025-02-16,VEN,0.2989593
2025-02-17,VEN,0.24181275
2025-02-18,VEN,0.2671426
2025-02-19,VEN,0.2753438
2025-02-20,VEN,0.30292144
2025-02-21,VEN,0.2725625
2025-02-22,VEN,0.2934355
2025-02-23,VEN,0.3035584
2025-02-24,VEN,0.3597917
2025-02-25,VEN,0.43038446
2025-02-26,VEN,0.43038446
2025-02-27,VEN,0.41306886
2025-02-28,VEN,0.3989729
2025-03-01,VEN,0.3989729
2025-03-02,VEN,0.3989729
2025-03-03,VEN,0.39738807
2025-03-04,VEN,0.40999687
2025-03-05,VEN,0.36779532
2025-03-06,VEN,0.36779532
2025-03-07,VEN,0.34199047
2025-03-08,VEN,0.34199047
2025-03-09,VEN,0.34199047
2025-03-10,VEN,0.34199047
2025-03-11,VEN,0.34199047
2025-03-12,VEN,0.39865652
2025-03-13,VEN,0.41274893
2025-03-14,VEN,0.4347021
2025-03-15,VEN,0.39557323
2025-03-16,VEN,0.38202173
2025-03-17,VEN,0.39557323
2025-03-18,VEN,0.4054844
2025-03-19,VEN,0.3358568
2025-03-20,VEN,0.25179124
2025-03-21,VEN,0.27061775
2025-03-22,VEN,0.31392232
2025-03-23,VEN,0.34373298
2025-03-24,VEN,0.31392232
2025-03-25,VEN,0.31392232
2025-03-26,VEN,0.3358568
2025-03-27,VEN,0.43398413
2025-03-28,VEN,0.445179
2024-07-01,ECU,0.2914572
2024-07-02,ECU,0.3359782
2024-07-03,ECU,0.31760344
2024-07-04,ECU,0.29473102
2024-07-05,ECU,0.29625747
2024-07-06,ECU,0.3107487
2024-07-07,ECU,0.29110155
2024-07-08,ECU,0.29201356
2024-07-09,ECU,0.27804354
2024-07-10,ECU,0.27804354
2024-07-11,ECU,0.2825261
2024-07-12,ECU,0.29082832
2024-07-13,ECU,0.29082832
2024-07-14,ECU,0.29082832
2024-07-15,ECU,0.28509212
2024-07-16,ECU,0.31569642
2024-07-17,ECU,0.2929717
2024-07-18,ECU,0.29162404
2024-07-19,ECU,0.27015045
2024-07-20,ECU,0.2870647
2024-07-21,ECU,0.25568157
2024-07-22,ECU,0.2535726
2024-07-23,ECU,0.23725253
2024-07-24,ECU,0.23112409
2024-07-25,ECU,0.27059
2024-07-26,ECU,0.27618158
2024-07-27,ECU,0.27689976
2024-07-28,ECU,0.27205563
2024-07-29,ECU,0.27045286
2024-07-30,ECU,0.27815434
2024-07-31,ECU,0.27815434
2024-08-01,ECU,0.30076146
2024-08-02,ECU,0.31333542
2024-08-03,ECU,0.2649976
2024-08-04,ECU,0.3033962
2024-08-05,ECU,0.29661033
2024-08-06,ECU,0.27967006
2024-08-07,ECU,0.3118275
2024-08-08,ECU,0.3049548
2024-08-09,ECU,0.2928276
2024-08-10,ECU,0.290334
2024-08-11,ECU,0.28456855
2024-08-12,ECU,0.290334
2024-08-13,ECU,0.302743
2024-08-14,ECU,0.3380794
2024-08-15,ECU,0.32105064
2024-08-16,ECU,0.33098495
2024-08-17,ECU,0.3378347
2024-08-18,ECU,0.34416017
2024-08-19,ECU,0.35717338
2024-08-20,ECU,0.29684922
2024-08-21,ECU,0.3290269
2024-08-22,ECU,0.2925189
2024-08-23,ECU,0.29888806
2024-08-24,ECU,0.3201396
2024-08-25,ECU,0.31180575
2024-08-26,ECU,0.29003626
2024-08-27,ECU,0.29286548
2024-08-28,ECU,0.3126637
2024-08-29,ECU,0.2940386
2024-08-30,ECU,0.2932612
2024-08-31,ECU,0.2627302
2024-09-01,ECU,0.27621773
2024-09-02,ECU,0.27621773
2024-09-03,ECU,0.27621773
2024-09-04,ECU,0.2758717
2024-09-05,ECU,0.28007373
2024-09-06,ECU,0.2695945
2024-09-07,ECU,0.28166914
2024-09-08,ECU,0.2850421
2024-09-09,ECU,0.2850421
2024-09-10,ECU,0.31597275
2024-09-11,ECU,0.27136946
2024-09-12,ECU,0.2789053
2024-09-13,ECU,0.27977976
2024-09-14,ECU,0.282621
2024-09-15,ECU,0.28532332
2024-09-16,ECU,0.293539
2024-09-17,ECU,0.2930908
2024-09-18,ECU,0.2878465
2024-09-19,ECU,0.28219402
2024-09-20,ECU,0.2930002
2024-09-21,ECU,0.2835084
2024-09-22,ECU,0.29100764
2024-09-23,ECU,0.29200104
2024-09-24,ECU,0.26624632
2024-09-25,ECU,0.26279628
2024-09-26,ECU,0.2821743
2024-09-27,ECU,0.26450533
2024-09-28,ECU,0.282007
2024-09-29,ECU,0.26051283
2024-09-30,ECU,0.27785012
2024-10-01,ECU,0.2754747
2024-10-02,ECU,0.27139
2024-10-03,ECU,0.2654478
2024-10-04,ECU,0.3112359
2024-10-05,ECU,0.31057808
2024-10-06,ECU,0.31446132
2024-10-07,ECU,0.30900183
2024-10-08,ECU,0.30022666
2024-10-09,ECU,0.29068607
2024-10-10,ECU,0.28498062
2024-10-11,ECU,0.29380915
2024-10-12,ECU,0.3028754
2024-10-13,ECU,0.32522702
2024-10-14,ECU,0.3246341
2024-10-15,ECU,0.31638592
2024-10-16,ECU,0.29599962
2024-10-17,ECU,0.28500634
2024-10-18,ECU,0.28500634
2024-10-19,ECU,0.28931046
2024-10-20,ECU,0.29599962
2024-10-21,ECU,0.32752952
2024-10-22,ECU,0.29703492
2024-10-23,ECU,0.33075356
2024-10-24,ECU,0.33075356
2024-10-25,ECU,0.32752952
2024-10-26,ECU,0.31136143
2024-10-27,ECU,0.32844064
2024-10-28,ECU,0.3049103
2024-10-29,ECU,0.30641782
2024-10-30,ECU,0.28612792
2024-10-31,ECU,0.28810066
2024-11-01,ECU,0.29827356
2024-11-02,ECU,0.27686855
2024-11-03,ECU,0.28253964
2024-11-04,ECU,0.28253964
2024-11-05,ECU,0.28597432
2024-11-06,ECU,0.30321524
2024-11-07,ECU,0.28881297
2024-11-08,ECU,0.28881297
2024-11-09,ECU,0.26456603
2024-11-10,ECU,0.26004988
2024-11-11,ECU,0.26456603
2024-11-12,ECU,0.26004988
2024-11-13,ECU,0.26550296
2024-11-14,ECU,0.25655657
2024-11-15,ECU,0.24384601
2024-11-16,ECU,0.25615492
2024-11-17,ECU,0.23578681
2024-11-18,ECU,0.2287363
2024-11-19,ECU,0.33047935
2024-11-20,ECU,0.37244716
2024-11-21,ECU,0.3759598
2024-11-22,ECU,0.3460841
2024-11-23,ECU,0.34996572
2024-11-24,ECU,0.34390613
2024-11-25,ECU,0.36111733
2024-11-26,ECU,0.3891441
2024-11-27,ECU,0.36978683
2024-11-28,ECU,0.36108908
2024-11-29,ECU,0.35377374
2024-11-30,ECU,0.35377374
2024-12-01,ECU,0.35377374
2024-12-02,ECU,0.35377374
2024-12-03,ECU,0.35106647
2024-12-04,ECU,0.36072388
2024-12-05,ECU,0.33422384
2024-12-06,ECU,0.34244433
2024-12-07,ECU,0.3519328
2024-12-08,ECU,0.2999108
2024-12-09,ECU,0.32065162
2024-12-10,ECU,0.34680966
2024-12-11,ECU,0.32777157
2024-12-12,ECU,0.30785882
2024-12-13,ECU,0.30785882
2024-12-14,ECU,0.30710906
2024-12-15,ECU,0.3653373
2024-12-16,ECU,0.36072156
2024-12-17,ECU,0.36072156
2024-12-18,ECU,0.36723793
2024-12-19,ECU,0.29046372
2024-12-20,ECU,0.28544483
2024-12-21,ECU,0.29304618
2024-12-22,ECU,0.2719267
2024-12-23,ECU,0.2793088
2024-12-24,ECU,0.2719267
2024-12-25,ECU,0.2738391
2024-12-26,ECU,0.26021698
2024-12-27,ECU,0.2665206
2024-12-28,ECU,0.2627079
2024-12-29,ECU,0.28185686
2024-12-30,ECU,0.29347643
2024-12-31,ECU,0.29347643
2025-01-01,ECU,0.29347643
2025-01-02,ECU,0.30120152
2025-01-03,ECU,0.28216666
2025-01-04,ECU,0.28793654
2025-01-05,ECU,0.2648235
2025-01-06,ECU,0.25937948
2025-01-07,ECU,0.19022521
2025-01-08,ECU,0.20232347
2025-01-09,ECU,0.18997532
2025-01-10,ECU,0.1856743
2025-01-11,ECU,0.20400748
2025-01-12,ECU,0.20244682
2025-01-13,ECU,0.21463032
2025-01-14,ECU,0.24172434
2025-01-15,ECU,0.23919983
2025-01-16,ECU,0.24593905
2025-01-17,ECU,0.21619178
2025-01-18,ECU,0.22031388
2025-01-19,ECU,0.19021793
2025-01-20,ECU,0.22031388
2025-01-21,ECU,0.20100378
2025-01-22,ECU,0.2023091
2025-01-23,ECU,0.2090909
2025-01-24,ECU,0.21774273
2025-01-25,ECU,0.22055408
2025-01-26,ECU,0.21726157
2025-01-27,ECU,0.20276389
2025-01-28,ECU,0.20586336
2025-01-29,ECU,0.20129201
2025-01-30,ECU,0.23112737
2025-01-31,ECU,0.22209471
2025-02-01,ECU,0.2740751
2025-02-02,ECU,0.2740751
2025-02-03,ECU,0.24719186
2025-02-04,ECU,0.26032406
2025-02-05,ECU,0.24498816
2025-02-06,ECU,0.24608533
2025-02-07,ECU,0.26146618
2025-02-08,ECU,0.2599035
2025-02-09,ECU,0.24884063
2025-02-10,ECU,0.27644593
2025-02-11,ECU,0.2555682
2025-02-12,ECU,0.23205319
2025-02-13,ECU,0.2605866
2025-02-14,ECU,0.23394766
2025-02-15,ECU,0.23754777
2025-02-16,ECU,0.24698618
2025-02-17,ECU,0.25792468
2025-02-18,ECU,0.2548101
2025-02-19,ECU,0.25756323
2025-02-20,ECU,0.27037033
2025-02-21,ECU,0.28700134
2025-02-22,ECU,0.29520106
2025-02-23,ECU,0.32051584
2025-02-24,ECU,0.33674142
2025-02-25,ECU,0.31293932
2025-02-26,ECU,0.29536417
2025-02-27,ECU,0.31486496
2025-02-28,ECU,0.3368869
2025-03-01,ECU,0.31031907
2025-03-02,ECU,0.3396494
2025-03-03,ECU,0.36703703
2025-03-04,ECU,0.36556122
2025-03-05,ECU,0.34721956
2025-03-06,ECU,0.3431599
2025-03-07,ECU,0.35052073
2025-03-08,ECU,0.39215514
2025-03-09,ECU,0.39215514
2025-03-10,ECU,0.3951168
2025-03-11,ECU,0.38737804
2025-03-12,ECU,0.36569467
2025-03-13,ECU,0.31285587
2025-03-14,ECU,0.31868196
2025-03-15,ECU,0.33903578
2025-03-16,ECU,0.33676404
2025-03-17,ECU,0.3534274
2025-03-18,ECU,0.34081572
2025-03-19,ECU,0.34497857
2025-03-20,ECU,0.46007368
2025-03-21,ECU,0.46007368
2025-03-22,ECU,0.4305946
2025-03-23,ECU,0.42130116
2025-03-24,ECU,0.42130116
2025-03-25,ECU,0.44554737
2025-03-26,ECU,0.4369088
2025-03-27,ECU,0.44554737
2025-03-28,ECU,0.44861466
2024-07-01,HND,0.32124847
2024-07-02,HND,0.23201485
2024-07-03,HND,0.35325167
2024-07-04,HND,0.35782155
2024-07-05,HND,0.3426159
2024-07-06,HND,0.3426159
2024-07-07,HND,0.33406124
2024-07-08,HND,0.3963162
2024-07-09,HND,0.5208146
2024-07-10,HND,0.5208146
2024-07-11,HND,0.5208146
2024-07-12,HND,0.39632556
2024-07-13,HND,0.41255254
2024-07-14,HND,0.36734524
2024-07-15,HND,0.35795677
2024-07-16,HND,0.358031
2024-07-17,HND,0.42250964
2024-07-18,HND,0.35693765
2024-07-19,HND,0.35340962
2024-07-20,HND,0.38206074
2024-07-21,HND,0.3490488
2024-07-22,HND,0.3490488
2024-07-23,HND,0.396522
2024-07-24,HND,0.286057
2024-07-25,HND,0.3430089
2024-07-26,HND,0.33215004
2024-07-27,HND,0.31988972
2024-07-28,HND,0.37940285
2024-07-29,HND,0.34045526
2024-07-30,HND,0.34045526
2024-07-31,HND,0.4050536
2024-08-01,HND,0.38359877
2024-08-02,HND,0.41775852
2024-08-03,HND,0.42367315
2024-08-04,HND,0.42375198
2024-08-05,HND,0.42375198
2024-08-06,HND,0.42375198
2024-08-07,HND,0.42375198
2024-08-08,HND,0.4875821
2024-08-09,HND,0.4849753
2024-08-10,HND,0.45660692
2024-08-11,HND,0.5555346
2024-08-12,HND,0.5535737
2024-08-13,HND,0.3704879
2024-08-14,HND,0.37030283
2024-08-15,HND,0.36089268
2024-08-16,HND,0.31102264
2024-08-17,HND,0.38399404
2024-08-18,HND,0.37753212
2024-08-19,HND,0.284563
2024-08-20,HND,0.3183685
2024-08-21,HND,0.3183685
2024-08-22,HND,0.38391766
2024-08-23,HND,0.36725512
2024-08-24,HND,0.2592199
2024-08-25,HND,0.2592199
2024-08-26,HND,0.31498086
2024-08-27,HND,0.3167974
2024-08-28,HND,0.32275882
2024-08-29,HND,0.30977333
2024-08-30,HND,0.2580061
2024-08-31,HND,0.38828102
2024-09-01,HND,0.39769658
2024-09-02,HND,0.36065766
2024-09-03,HND,0.36065766
2024-09-04,HND,0.26483718
2024-09-05,HND,0.26483718
2024-09-06,HND,0.23397313
2024-09-07,HND,0.27690414
2024-09-08,HND,0.27690414
2024-09-09,HND,0.27690414
2024-09-10,HND,0.27690414
2024-09-11,HND,0.3951006
2024-09-12,HND,0.40954065
2024-09-13,HND,0.5698418
2024-09-14,HND,0.5665876
2024-09-15,HND,0.60122657
2024-09-16,HND,0.4390256
2024-09-17,HND,0.5106799
2024-09-18,HND,0.5107606
2024-09-19,HND,0.4425501
2024-09-20,HND,0.44492072
2024-09-21,HND,0.30411473
2024-09-22,HND,0.3811231
2024-09-23,HND,0.3531394
2024-09-24,HND,0.32902536
2024-09-25,HND,0.33598864
2024-09-26,HND,0.38527104
2024-09-27,HND,0.38527104
2024-09-28,HND,0.45687944
2024-09-29,HND,0.45687944
2024-09-30,HND,0.45687944
2024-10-01,HND,0.5152206
2024-10-02,HND,0.47588426
2024-10-03,HND,0.47588426
2024-10-04,HND,0.47588426
2024-10-05,HND,0.47596484
2024-10-06,HND,0.47130537
2024-10-07,HND,0.47757217
2024-10-08,HND,0.47073886
2024-10-09,HND,0.5941162
2024-10-10,HND,0.54243714
2024-10-11,HND,0.45685887
2024-10-12,HND,0.45685887
2024-10-13,HND,0.4125796
2024-10-14,HND,0.4125796
2024-10-15,HND,0.404064
2024-10-16,HND,0.404064
2024-10-17,HND,0.3844029
2024-10-18,HND,0.3844029
2024-10-19,HND,0.4014239
2024-10-20,HND,0.45687944
2024-10-21,HND,0.3902402
2024-10-22,HND,0.38039845
2024-10-23,HND,0.36867988
2024-10-24,HND,0.37590754
2024-10-25,HND,0.3369714
2024-10-26,HND,0.33610278
2024-10-27,HND,0.2687197
2024-10-28,HND,0.3145618
2024-10-29,HND,0.37205642
2024-10-30,HND,0.37205642
2024-10-31,HND,0.38273397
2024-11-01,HND,0.37573478
2024-11-02,HND,0.3696543
2024-11-03,HND,0.37587667
2024-11-04,HND,0.37660858
2024-11-05,HND,0.37788326
2024-11-06,HND,0.3779592
2024-11-07,HND,0.36633098
2024-11-08,HND,0.3847956
2024-11-09,HND,0.3758106
2024-11-10,HND,0.3758106
2024-11-11,HND,0.42249638
2024-11-12,HND,0.47530836
2024-11-13,HND,0.41794294
2024-11-14,HND,0.3758106
2024-11-15,HND,0.37143663
2024-11-16,HND,0.36405873
2024-11-17,HND,0.350271
2024-11-18,HND,0.36925182
2024-11-19,HND,0.37206617
2024-11-20,HND,0.3770189
2024-11-21,HND,0.3488629
2024-11-22,HND,0.28515765
2024-11-23,HND,0.34811673
2024-11-24,HND,0.34811673
2024-11-25,HND,0.28461602
2024-11-26,HND,0.2965674
2024-11-27,HND,0.305699
2024-11-28,HND,0.33908784
2024-11-29,HND,0.37549353
2024-11-30,HND,0.37860626
2024-12-01,HND,0.3959092
2024-12-02,HND,0.38522008
2024-12-03,HND,0.37993774
2024-12-04,HND,0.37879393
2024-12-05,HND,0.38581488
2024-12-06,HND,0.36002532
2024-12-07,HND,0.31834257
2024-12-08,HND,0.309394
2024-12-09,HND,0.30706555
2024-12-10,HND,0.32135695
2024-12-11,HND,0.3776166
2024-12-12,HND,0.30925915
2024-12-13,HND,0.36192465
2024-12-14,HND,0.34993067
2024-12-15,HND,0.35922647
2024-12-16,HND,0.35922647
2024-12-17,HND,0.36471546
2024-12-18,HND,0.34993067
2024-12-19,HND,0.36471546
2024-12-20,HND,0.36471546
2024-12-21,HND,0.2830028
2024-12-22,HND,0.28785032
2024-12-23,HND,0.3523284
2024-12-24,HND,0.28785032
2024-12-25,HND,0.3375699
2024-12-26,HND,0.2830028
2024-12-27,HND,0.27957284
2024-12-28,HND,0.33527896
2024-12-29,HND,0.33076006
2024-12-30,HND,0.33834633
2024-12-31,HND,0.33304614
2025-01-01,HND,0.33304614
2025-01-02,HND,0.34237444
2025-01-03,HND,0.27893347
2025-01-04,HND,0.3437547
2025-01-05,HND,0.2647809
2025-01-06,HND,0.27448377
2025-01-07,HND,0.33021688
2025-01-08,HND,0.33508536
2025-01-09,HND,0.2914667
2025-01-10,HND,0.33508536
2025-01-11,HND,0.33994326
2025-01-12,HND,0.35213163
2025-01-13,HND,0.3020941
2025-01-14,HND,0.3020941
2025-01-15,HND,0.25842908
2025-01-16,HND,0.29114687
2025-01-17,HND,0.3001926
2025-01-18,HND,0.22807497
2025-01-19,HND,0.29163408
2025-01-20,HND,0.355724
2025-01-21,HND,0.29741773
2025-01-22,HND,0.32897738
2025-01-23,HND,0.34994808
2025-01-24,HND,0.34994808
2025-01-25,HND,0.39130595
2025-01-26,HND,0.30745527
2025-01-27,HND,0.31693423
2025-01-28,HND,0.32560918
2025-01-29,HND,0.2772354
2025-01-30,HND,0.26633045
2025-01-31,HND,0.26153874
2025-02-01,HND,0.27149767
2025-02-02,HND,0.33083922
2025-02-03,HND,0.33083922
2025-02-04,HND,0.33083922
2025-02-05,HND,0.36209086
2025-02-06,HND,0.25194734
2025-02-07,HND,0.23300819
2025-02-08,HND,0.24874817
2025-02-09,HND,0.2774764
2025-02-10,HND,0.2852026
2025-02-11,HND,0.2741031
2025-02-12,HND,0.2679049
2025-02-13,HND,0.33999157
2025-02-14,HND,0.4145447
2025-02-15,HND,0.36647338
2025-02-16,HND,0.36647338
2025-02-17,HND,0.33904848
2025-02-18,HND,0.33904848
2025-02-19,HND,0.42890948
2025-02-20,HND,0.43482405
2025-02-21,HND,0.368226
2025-02-22,HND,0.34894395
2025-02-23,HND,0.34894395
2025-02-24,HND,0.32101297
2025-02-25,HND,0.32101297
2025-02-26,HND,0.33837005
2025-02-27,HND,0.25802776
2025-02-28,HND,0.47097546
2025-03-01,HND,0.47097546
2025-03-02,HND,0.41956785
2025-03-03,HND,0.38002032
2025-03-04,HND,0.40812373
2025-03-05,HND,0.36174762
2025-03-06,HND,0.33597812
2025-03-07,HND,0.3730125
2025-03-08,HND,0.30053368
2025-03-09,HND,0.30928206
2025-03-10,HND,0.23216732
2025-03-11,HND,0.23216732
2025-03-12,HND,0.24642168
2025-03-13,HND,0.26967657
2025-03-14,HND,0.23144859
2025-03-15,HND,0.2646975
2025-03-16,HND,0.2646975
2025-03-17,HND,0.43631363
2025-03-18,HND,0.41651195
2025-03-19,HND,0.40274522
2025-03-20,HND,0.4548603
2025-03-21,HND,0.4548603
2025-03-22,HND,0.45569617
2025-03-23,HND,0.4643375
2025-03-24,HND,0.42243484
2025-03-25,HND,0.5633331
2025-03-26,HND,0.33348796
2025-03-27,HND,0.35746482
2025-03-28,HND,0.36302045
2024-07-01,GTM,0.3734869
2024-07-02,GTM,0.39599285
2024-07-03,GTM,0.39800516
2024-07-04,GTM,0.38419858
2024-07-05,GTM,0.39800516
2024-07-06,GTM,0.38582674
2024-07-07,GTM,0.6343289
2024-07-08,GTM,0.6042848
2024-07-09,GTM,0.4241147
2024-07-10,GTM,0.44899654
2024-07-11,GTM,0.44899654
2024-07-12,GTM,0.4294565
2024-07-13,GTM,0.38010317
2024-07-14,GTM,0.37315732
2024-07-15,GTM,0.39970854
2024-07-16,GTM,0.4542241
2024-07-17,GTM,0.5318143
2024-07-18,GTM,0.5339954
2024-07-19,GTM,0.44934827
2024-07-20,GTM,0.46065962
2024-07-21,GTM,0.46065962
2024-07-22,GTM,0.46805474
2024-07-23,GTM,0.60165256
2024-07-24,GTM,0.40989763
2024-07-25,GTM,0.40333632
2024-07-26,GTM,0.40333632
2024-07-27,GTM,0.45525017
2024-07-28,GTM,0.42553335
2024-07-29,GTM,0.42553335
2024-07-30,GTM,0.4254362
2024-07-31,GTM,0.4254362
2024-08-01,GTM,0.4341758
2024-08-02,GTM,0.4199899
2024-08-03,GTM,0.42879608
2024-08-04,GTM,0.63236034
2024-08-05,GTM,0.63236034
2024-08-06,GTM,0.63688695
2024-08-07,GTM,0.59874
2024-08-08,GTM,0.57593507
2024-08-09,GTM,0.5743264
2024-08-10,GTM,0.55447716
2024-08-11,GTM,0.5568127
2024-08-12,GTM,0.55062217
2024-08-13,GTM,0.55062217
2024-08-14,GTM,0.5978366
2024-08-15,GTM,0.59312093
2024-08-16,GTM,0.620289
2024-08-17,GTM,0.7325904
2024-08-18,GTM,0.730871
2024-08-19,GTM,0.7652623
2024-08-20,GTM,0.7652623
2024-08-21,GTM,0.61830723
2024-08-22,GTM,0.61830723
2024-08-23,GTM,0.6161311
2024-08-24,GTM,0.5971826
2024-08-25,GTM,0.572818
2024-08-26,GTM,0.5253143
2024-08-27,GTM,0.3896938
2024-08-28,GTM,0.397169
2024-08-29,GTM,0.37755987
2024-08-30,GTM,0.37755987
2024-08-31,GTM,0.23822361
2024-09-01,GTM,0.30401
2024-09-02,GTM,0.23145917
2024-09-03,GTM,0.2332982
2024-09-04,GTM,0.27990085
2024-09-05,GTM,0.29397568
2024-09-06,GTM,0.29556718
2024-09-07,GTM,0.45612392
2024-09-08,GTM,0.44590333
2024-09-09,GTM,0.59119624
2024-09-10,GTM,0.5938734
2024-09-11,GTM,0.6239546
2024-09-12,GTM,0.63170755
2024-09-13,GTM,0.4570056
2024-09-14,GTM,0.39559188
2024-09-15,GTM,0.39271083
2024-09-16,GTM,0.40534428
2024-09-17,GTM,0.39084676
2024-09-18,GTM,0.40962407
2024-09-19,GTM,0.3334678
2024-09-20,GTM,0.39778483
2024-09-21,GTM,0.47256812
2024-09-22,GTM,0.47213066
2024-09-23,GTM,0.47213066
2024-09-24,GTM,0.4872317
2024-09-25,GTM,0.5183745
2024-09-26,GTM,0.59356415
2024-09-27,GTM,0.59356415
2024-09-28,GTM,0.2267152
2024-09-29,GTM,0.21638152
2024-09-30,GTM,0.20730823
2024-10-01,GTM,0.21735102
2024-10-02,GTM,0.18871157
2024-10-03,GTM,0.18871157
2024-10-04,GTM,0.1726727
2024-10-05,GTM,0.4357867
2024-10-06,GTM,0.4357867
2024-10-07,GTM,0.42108113
2024-10-08,GTM,0.42108113
2024-10-09,GTM,0.5635834
2024-10-10,GTM,0.41448197
2024-10-11,GTM,0.3302352
2024-10-12,GTM,0.32553267
2024-10-13,GTM,0.27532175
2024-10-14,GTM,0.2834999
2024-10-15,GTM,0.2834999
2024-10-16,GTM,0.29044867
2024-10-17,GTM,0.32279575
2024-10-18,GTM,0.27721065
2024-10-19,GTM,0.26761597
2024-10-20,GTM,0.3433663
2024-10-21,GTM,0.3433663
2024-10-22,GTM,0.29044867
2024-10-23,GTM,0.29703313
2024-10-24,GTM,0.25109902
2024-10-25,GTM,0.41430306
2024-10-26,GTM,0.27819663
2024-10-27,GTM,0.28642642
2024-10-28,GTM,0.20263126
2024-10-29,GTM,0.26559252
2024-10-30,GTM,0.26559252
2024-10-31,GTM,0.29490086
2024-11-01,GTM,0.27986783
2024-11-02,GTM,0.4444159
2024-11-03,GTM,0.33778223
2024-11-04,GTM,0.33344457
2024-11-05,GTM,0.3549315
2024-11-06,GTM,0.37170815
2024-11-07,GTM,0.32534012
2024-11-08,GTM,0.31060445
2024-11-09,GTM,0.34146783
2024-11-10,GTM,0.34369326
2024-11-11,GTM,0.30100462
2024-11-12,GTM,0.32050607
2024-11-13,GTM,0.32112497
2024-11-14,GTM,0.37354544
2024-11-15,GTM,0.3896688
2024-11-16,GTM,0.37928918
2024-11-17,GTM,0.3183204
2024-11-18,GTM,0.45026046
2024-11-19,GTM,0.388151
2024-11-20,GTM,0.44818065
2024-11-21,GTM,0.33339497
2024-11-22,GTM,0.3348039
2024-11-23,GTM,0.31932274
2024-11-24,GTM,0.37397608
2024-11-25,GTM,0.3805022
2024-11-26,GTM,0.39438283
2024-11-27,GTM,0.40493628
2024-11-28,GTM,0.7271708
2024-11-29,GTM,0.54432404
2024-11-30,GTM,0.5464559
2024-12-01,GTM,0.4641004
2024-12-02,GTM,0.4641004
2024-12-03,GTM,0.4594553
2024-12-04,GTM,0.46686438
2024-12-05,GTM,0.47243452
2024-12-06,GTM,0.46686438
2024-12-07,GTM,0.4777069
2024-12-08,GTM,0.6433634
2024-12-09,GTM,0.66674465
2024-12-10,GTM,0.60470927
2024-12-11,GTM,0.61234236
2024-12-12,GTM,0.6084101
2024-12-13,GTM,0.59762084
2024-12-14,GTM,0.59762084
2024-12-15,GTM,0.59762084
2024-12-16,GTM,0.58765554
2024-12-17,GTM,0.63465005
2024-12-18,GTM,0.634718
2024-12-19,GTM,0.5877464
2024-12-20,GTM,0.5816435
2024-12-21,GTM,0.54443693
2024-12-22,GTM,0.5402851
2024-12-23,GTM,0.54303795
2024-12-24,GTM,0.54303795
2024-12-25,GTM,0.4862277
2024-12-26,GTM,0.4862277
2024-12-27,GTM,0.54217654
2024-12-28,GTM,0.54217654
2024-12-29,GTM,0.54303795
2024-12-30,GTM,0.54303795
2024-12-31,GTM,0.4733159
2025-01-01,GTM,0.51998305
2025-01-02,GTM,0.54756397
2025-01-03,GTM,0.54756397
2025-01-04,GTM,0.568161
2025-01-05,GTM,0.56743646
2025-01-06,GTM,0.568161
2025-01-07,GTM,0.72443557
2025-01-08,GTM,0.72019625
2025-01-09,GTM,0.7166831
2025-01-10,GTM,0.7205935
2025-01-11,GTM,0.4847074
2025-01-12,GTM,0.43756574
2025-01-13,GTM,0.39026803
2025-01-14,GTM,0.4041495
2025-01-15,GTM,0.3846825
2025-01-16,GTM,0.37572938
2025-01-17,GTM,0.36014354
2025-01-18,GTM,0.43832546
2025-01-19,GTM,0.33740294
2025-01-20,GTM,0.35417852
2025-01-21,GTM,0.3410311
2025-01-22,GTM,0.34625277
2025-01-23,GTM,0.3645569
2025-01-24,GTM,0.36435658
2025-01-25,GTM,0.34999612
2025-01-26,GTM,0.35500163
2025-01-27,GTM,0.51497024
2025-01-28,GTM,0.35637894
2025-01-29,GTM,0.35039157
2025-01-30,GTM,0.43873313
2025-01-31,GTM,0.4315513
2025-02-01,GTM,0.44177285
2025-02-02,GTM,0.4315513
2025-02-03,GTM,0.3897981
2025-02-04,GTM,0.2658528
2025-02-05,GTM,0.27313188
2025-02-06,GTM,0.27567586
2025-02-07,GTM,0.29745018
2025-02-08,GTM,0.29579318
2025-02-09,GTM,0.3059212
2025-02-10,GTM,0.2938547
2025-02-11,GTM,0.3909348
2025-02-12,GTM,0.40482426
2025-02-13,GTM,0.6320235
2025-02-14,GTM,0.6142377
2025-02-15,GTM,0.55936444
2025-02-16,GTM,0.5114385
2025-02-17,GTM,0.5114385
2025-02-18,GTM,0.5114385
2025-02-19,GTM,0.435534
2025-02-20,GTM,0.435534
2025-02-21,GTM,0.38435784
2025-02-22,GTM,0.435534
2025-02-23,GTM,0.43760163
2025-02-24,GTM,0.435534
2025-02-25,GTM,0.43320987
2025-02-26,GTM,0.5225229
2025-02-27,GTM,0.5225229
2025-02-28,GTM,0.6454933
2025-03-01,GTM,0.6381249
2025-03-02,GTM,0.6381249
2025-03-03,GTM,0.6381249
2025-03-04,GTM,0.633647
2025-03-05,GTM,0.5500952
2025-03-06,GTM,0.4190488
2025-03-07,GTM,0.4190488
2025-03-08,GTM,0.40500337
2025-03-09,GTM,0.40703058
2025-03-10,GTM,0.29882836
2025-03-11,GTM,0.311117
2025-03-12,GTM,0.32009226
2025-03-13,GTM,0.395704
2025-03-14,GTM,0.395704
2025-03-15,GTM,0.34661266
2025-03-16,GTM,0.34661266
2025-03-17,GTM,0.44170654
2025-03-18,GTM,0.42974243
2025-03-19,GTM,0.4076289
2025-03-20,GTM,0.3536682
2025-03-21,GTM,0.33718073
2025-03-22,GTM,0.47297367
2025-03-23,GTM,0.49424112
2025-03-24,GTM,0.4990355
2025-03-25,GTM,0.4990355
2025-03-26,GTM,0.4990355
2025-03-27,GTM,0.495369
2025-03-28,GTM,0.5709824
