date,country,y_prob
2024-07-01,UKR,0.017966888431493206
2024-07-02,UKR,0.06246421235896324
2024-07-03,UKR,0.06793631355972607
2024-07-04,UKR,0.019968078792705922
2024-07-05,UKR,0.014405812513890583
2024-07-06,UKR,0.041996509025044114
2024-07-07,UKR,0.01422884274025284
2024-07-08,UKR,0.013709095519363973
2024-07-09,UKR,0.025789468208274186
2024-07-10,UKR,0.015451072545936893
2024-07-11,UKR,0.018645680162766347
2024-07-12,UKR,0.014336786308547414
2024-07-13,UKR,0.014516623156590618
2024-07-14,UKR,0.05310392735680546
2024-07-15,UKR,0.013463585897723422
2024-07-16,UKR,0.020350382275272992
2024-07-17,UKR,0.04626768065024259
2024-07-18,UKR,0.01501122642041962
2024-07-19,UKR,0.015456346277405797
2024-07-20,UKR,0.017173383167517264
2024-07-21,UKR,0.01482698321651262
2024-07-22,UKR,0.01968667761157283
2024-07-23,UKR,0.014150203186019688
2024-07-24,UKR,0.017092249722345618
2024-07-25,UKR,0.016449261246693474
2024-07-26,UKR,0.012839249835998472
2024-07-27,UKR,0.01815752510522191
2024-07-28,UKR,0.02267437615217697
2024-07-29,UKR,0.02039383088977923
2024-07-30,UKR,0.0187050149288827
2024-07-31,UKR,0.014042346389805687
2024-08-01,UKR,0.04174574779154304
2024-08-02,UKR,0.018426939576055717
2024-08-03,UKR,0.03238472536706403
2024-08-04,UKR,0.012314984766744409
2024-08-05,UKR,0.012637866760308931
2024-08-06,UKR,0.013884268371924139
2024-08-07,UKR,0.013128828557142348
2024-08-08,UKR,0.013839562352608192
2024-08-09,UKR,0.013507325092753968
2024-08-10,UKR,0.01782351909183432
2024-08-11,UKR,0.04167804685192588
2024-08-12,UKR,0.018380878969525144
2024-08-13,UKR,0.015828651771669536
2024-08-14,UKR,0.04272063533689687
2024-08-15,UKR,0.01813091000611185
2024-08-16,UKR,0.025822335088154773
2024-08-17,UKR,0.03164103352648279
2024-08-18,UKR,0.015074505637378414
2024-08-19,UKR,0.015158883139550028
2024-08-20,UKR,0.02176163992538188
2024-08-21,UKR,0.037499647349069395
2024-08-22,UKR,0.013247943164042444
2024-08-23,UKR,0.012474191525212343
2024-08-24,UKR,0.027064346115880385
2024-08-25,UKR,0.016668617895700028
2024-08-26,UKR,0.05653336773639023
2024-08-27,UKR,0.02168160348810298
2024-08-28,UKR,0.02480377234828579
2024-08-29,UKR,0.014372689785804051
2024-08-30,UKR,0.026435605603528808
2024-08-31,UKR,0.014159155002928029
2024-09-01,UKR,0.017968901127407975
2024-09-02,UKR,0.020456850854374566
2024-09-03,UKR,0.017380706219455686
2024-09-04,UKR,0.016079277549962964
2024-09-05,UKR,0.024672477419255365
2024-09-06,UKR,0.020822691248709377
2024-09-07,UKR,0.013112758976202067
2024-09-08,UKR,0.013812665672943621
2024-09-09,UKR,0.013609636455713723
2024-09-10,UKR,0.016032293397132587
2024-09-11,UKR,0.019822046499270076
2024-09-12,UKR,0.017972533064357615
2024-09-13,UKR,0.04373682133767064
2024-09-14,UKR,0.02837804376628332
2024-09-15,UKR,0.01493147476498167
2024-09-16,UKR,0.016303322886592447
2024-09-17,UKR,0.04461475085321825
2024-09-18,UKR,0.04058703237112028
2024-09-19,UKR,0.05302788052940813
2024-09-20,UKR,0.04396402859272624
2024-09-21,UKR,0.03761083465152155
2024-09-22,UKR,0.05079044922149426
2024-09-23,UKR,0.03250125873299146
2024-09-24,UKR,0.03928787614434177
2024-09-25,UKR,0.039056255943771295
2024-09-26,UKR,0.030047652629940576
2024-09-27,UKR,0.02460440803789433
2024-09-28,UKR,0.02032205728899508
2024-09-29,UKR,0.01615094397146856
2024-09-30,UKR,0.01657527283916416
2024-10-01,UKR,0.014301502438658614
2024-10-02,UKR,0.020621318699137577
2024-10-03,UKR,0.054552097995767546
2024-10-04,UKR,0.01596398671366298
2024-10-05,UKR,0.014569975170429125
2024-10-06,UKR,0.013671463364188024
2024-10-07,UKR,0.021694484128363375
2024-10-08,UKR,0.025576767255829903
2024-10-09,UKR,0.01795935428237399
2024-10-10,UKR,0.014459905073389822
2024-10-11,UKR,0.02117012498752566
2024-10-12,UKR,0.06065377950964457
2024-10-13,UKR,0.01728047762299436
2024-10-14,UKR,0.02196469494169867
2024-10-15,UKR,0.021584571214418646
2024-10-16,UKR,0.05295014073244858
2024-10-17,UKR,0.041431450556972074
2024-10-18,UKR,0.028633691868527673
2024-10-19,UKR,0.01774874016606145
2024-10-20,UKR,0.03071217159881262
2024-10-21,UKR,0.01554391886590329
2024-10-22,UKR,0.026294581220997856
2024-10-23,UKR,0.04141520788076622
2024-10-24,UKR,0.015712877611436665
2024-10-25,UKR,0.07134444266413584
2024-10-26,UKR,0.021658015836350086
2024-10-27,UKR,0.014470735946741666
2024-10-28,UKR,0.014162158152494421
2024-10-29,UKR,0.012895478910809033
2024-10-30,UKR,0.047747074479637344
2024-10-31,UKR,0.0460579592438243
2024-11-01,UKR,0.02658961913569561
2024-11-02,UKR,0.013243793593396577
2024-11-03,UKR,0.014546170268761144
2024-11-04,UKR,0.06500695773309795
2024-11-05,UKR,0.013269314062814862
2024-11-06,UKR,0.01879542347885658
2024-11-07,UKR,0.06301049904163389
2024-11-08,UKR,0.03803718465885991
2024-11-09,UKR,0.01572511774948426
2024-11-10,UKR,0.013760292054864847
2024-11-11,UKR,0.014309643326957774
2024-11-12,UKR,0.013697340194449471
2024-11-13,UKR,0.01844195908390483
2024-11-14,UKR,0.028835006655509234
2024-11-15,UKR,0.04891934938046861
2024-11-16,UKR,0.01296227588617278
2024-11-17,UKR,0.027586969505793424
2024-11-18,UKR,0.011996767341905305
2024-11-19,UKR,0.016763360159859304
2024-11-20,UKR,0.04743911219721714
2024-11-21,UKR,0.02160931278818236
2024-11-22,UKR,0.033104408876556975
2024-11-23,UKR,0.013177977799728083
2024-11-24,UKR,0.01497082302942254
2024-11-25,UKR,0.02280374353742871
2024-11-26,UKR,0.057824078960692867
2024-11-27,UKR,0.05184607756517921
2024-11-28,UKR,0.12641394930412111
2024-11-29,UKR,0.043656988547289485
2024-11-30,UKR,0.021988333136548504
2024-12-01,UKR,0.013679890713513271
2024-12-02,UKR,0.044093895388714305
2024-12-03,UKR,0.030997689041341918
2024-12-04,UKR,0.025406464260893297
2024-12-05,UKR,0.05608447418183021
2024-12-06,UKR,0.04622722265367678
2024-12-07,UKR,0.017058020632955397
2024-12-08,UKR,0.01639517531542475
2024-12-09,UKR,0.01482153616642526
2024-12-10,UKR,0.015498886165758967
2024-12-11,UKR,0.05074707246252696
2024-12-12,UKR,0.039457272332279796
2024-12-13,UKR,0.035279909697954116
2024-12-14,UKR,0.014714381648467901
2024-12-15,UKR,0.01704014359438313
2024-12-16,UKR,0.015033388168586757
2024-12-17,UKR,0.016019710157548522
2024-12-18,UKR,0.077888417935559
2024-12-19,UKR,0.03100303094876785
2024-12-20,UKR,0.01874017348416063
2024-12-21,UKR,0.013845415071757855
2024-12-22,UKR,0.013508448111647873
2024-12-23,UKR,0.01275647264638829
2024-12-24,UKR,0.013023853381273076
2024-12-25,UKR,0.04604691498422483
2024-12-26,UKR,0.08204062929121503
2024-12-27,UKR,0.05792408692209875
2024-12-28,UKR,0.01672732227575322
2024-12-29,UKR,0.03974333622251997
2024-12-30,UKR,0.033576231093956424
2024-12-31,UKR,0.01258675260483642
2025-01-01,UKR,0.01959960329864119
2025-01-02,UKR,0.012783656872588615
2025-01-03,UKR,0.01488076749297884
2025-01-04,UKR,0.02294461338829128
2025-01-05,UKR,0.01422759369371471
2025-01-06,UKR,0.0144449874765575
2025-01-07,UKR,0.03290870664315195
2025-01-08,UKR,0.014398264272377809
2025-01-09,UKR,0.03435195518413058
2025-01-10,UKR,0.01731001445548499
2025-01-11,UKR,0.015510390038066209
2025-01-12,UKR,0.014383861305577972
2025-01-13,UKR,0.013815456257336552
2025-01-14,UKR,0.014284468870671214
2025-01-15,UKR,0.10648154904693373
2025-01-16,UKR,0.05768240540977457
2025-01-17,UKR,0.1463601361416907
2025-01-18,UKR,0.02208982286166058
2025-01-19,UKR,0.01863461285903873
2025-01-20,UKR,0.019001586831626116
2025-01-21,UKR,0.017969353139470068
2025-01-22,UKR,0.08993546616250808
2025-01-23,UKR,0.08057225993014809
2025-01-24,UKR,0.022126658961286398
2025-01-25,UKR,0.038466364999763844
2025-01-26,UKR,0.019259545322615836
2025-01-27,UKR,0.020904651732555228
2025-01-28,UKR,0.015400159166043197
2025-01-29,UKR,0.019823074825540944
2025-01-30,UKR,0.05605956842570453
2025-01-31,UKR,0.018714672539156756
2025-02-01,UKR,0.013971399713418858
2025-02-02,UKR,0.013476729761449622
2025-02-03,UKR,0.013012082995142584
2025-02-04,UKR,0.012255269162838176
2025-02-05,UKR,0.015936978474135836
2025-02-06,UKR,0.016349501478918584
2025-02-07,UKR,0.04217728434054602
2025-02-08,UKR,0.016653535140342568
2025-02-09,UKR,0.014048665516353078
2025-02-10,UKR,0.014587799478988445
2025-02-11,UKR,0.019292354586543627
2025-02-12,UKR,0.02341307520496785
2025-02-13,UKR,0.06427808002445548
2025-02-14,UKR,0.055206844228377835
2025-02-15,UKR,0.0221962412158058
2025-02-16,UKR,0.017858577642156134
2025-02-17,UKR,0.05282594017832742
2025-02-18,UKR,0.06428726488762669
2025-02-19,UKR,0.10134273503255764
2025-02-20,UKR,0.10601099786466973
2025-02-21,UKR,0.12430950478060962
2025-02-22,UKR,0.01681657505031163
2025-02-23,UKR,0.014744160140689737
2025-02-24,UKR,0.013061858069222654
2025-02-25,UKR,0.014903227163746747
2025-02-26,UKR,0.015708253632770168
2025-02-27,UKR,0.015876735778821992
2025-02-28,UKR,0.021340296936954276
2025-03-01,UKR,0.01499509747761853
2025-03-02,UKR,0.013259820797738813
2025-03-03,UKR,0.015775506900187596
2025-03-04,UKR,0.045938006777705605
2025-03-05,UKR,0.10747259216665701
2025-03-06,UKR,0.07708121524999043
2025-03-07,UKR,0.0501991725433167
2025-03-08,UKR,0.04527342178518228
2025-03-09,UKR,0.013129966244231671
2025-03-10,UKR,0.0273072161925076
2025-03-11,UKR,0.07510442041595701
2025-03-12,UKR,0.0907663604136905
2025-03-13,UKR,0.04427210844024058
2025-03-14,UKR,0.016659933524283067
2025-03-15,UKR,0.01887513072800062
2025-03-16,UKR,0.016327843084758736
2025-03-17,UKR,0.014971061864785633
2025-03-18,UKR,0.019623988094569143
2025-03-19,UKR,0.01990615156390863
2025-03-20,UKR,0.03224250003395767
2025-03-21,UKR,0.024267526735487144
2025-03-22,UKR,0.020894316800211525
2025-03-23,UKR,0.01441300637277851
2025-03-24,UKR,0.014532377571185081
2025-03-25,UKR,0.019076979544607135
2025-03-26,UKR,0.04964724583916983
2025-03-27,UKR,0.05938504458227028
2025-03-28,UKR,0.1782895218429594
2024-07-01,RUS,0.02468585305378567
2024-07-02,RUS,0.028472697390460475
2024-07-03,RUS,0.019431511437217053
2024-07-04,RUS,0.02741260988579649
2024-07-05,RUS,0.01773569242073561
2024-07-06,RUS,0.021477828100758316
2024-07-07,RUS,0.021423913235209573
2024-07-08,RUS,0.16007774845977077
2024-07-09,RUS,0.17722005974534505
2024-07-10,RUS,0.08694387427379126
2024-07-11,RUS,0.22364566856751528
2024-07-12,RUS,0.06457439900948186
2024-07-13,RUS,0.24075829805834773
2024-07-14,RUS,0.11306307708402524
2024-07-15,RUS,0.029695876742179897
2024-07-16,RUS,0.10092092261301873
2024-07-17,RUS,0.08792833521785447
2024-07-18,RUS,0.07007271406475225
2024-07-19,RUS,0.03710222198669347
2024-07-20,RUS,0.04936861777482308
2024-07-21,RUS,0.0979656780233521
2024-07-22,RUS,0.08701593854364703
2024-07-23,RUS,0.08585679458561751
2024-07-24,RUS,0.022158982415117868
2024-07-25,RUS,0.11858464443424419
2024-07-26,RUS,0.09804389167882671
2024-07-27,RUS,0.10333588970327753
2024-07-28,RUS,0.12491447204811797
2024-07-29,RUS,0.07005527123548108
2024-07-30,RUS,0.018502128561406372
2024-07-31,RUS,0.017511308127030088
2024-08-01,RUS,0.06732566702810873
2024-08-02,RUS,0.051125668213694034
2024-08-03,RUS,0.07061635085803972
2024-08-04,RUS,0.01389243939878645
2024-08-05,RUS,0.0645709509164941
2024-08-06,RUS,0.303925352010358
2024-08-07,RUS,0.29391570127066313
2024-08-08,RUS,0.2663368825093035
2024-08-09,RUS,0.19079184066621854
2024-08-10,RUS,0.2970142254088463
2024-08-11,RUS,0.3246335812199499
2024-08-12,RUS,0.27024196013410845
2024-08-13,RUS,0.12412103868128295
2024-08-14,RUS,0.0939568439679844
2024-08-15,RUS,0.13295396707452306
2024-08-16,RUS,0.06168554534317095
2024-08-17,RUS,0.04211880704431786
2024-08-18,RUS,0.05119342382772468
2024-08-19,RUS,0.04659534110926
2024-08-20,RUS,0.08359608730127446
2024-08-21,RUS,0.07675679791669592
2024-08-22,RUS,0.07261195828819338
2024-08-23,RUS,0.05747014546446905
2024-08-24,RUS,0.044740236143069816
2024-08-25,RUS,0.0538172234474461
2024-08-26,RUS,0.05725519312103648
2024-08-27,RUS,0.050045444031224844
2024-08-28,RUS,0.056081694895718084
2024-08-29,RUS,0.054546344388377334
2024-08-30,RUS,0.051005850492273984
2024-08-31,RUS,0.05108409754805747
2024-09-01,RUS,0.03941634121292889
2024-09-02,RUS,0.040505713126971786
2024-09-03,RUS,0.03576604233237771
2024-09-04,RUS,0.04152986501630004
2024-09-05,RUS,0.071904118432261
2024-09-06,RUS,0.0388775165572826
2024-09-07,RUS,0.06533835865960236
2024-09-08,RUS,0.05519570381016633
2024-09-09,RUS,0.054432028078827285
2024-09-10,RUS,0.05475890780203586
2024-09-11,RUS,0.08703475687364369
2024-09-12,RUS,0.06375190990344959
2024-09-13,RUS,0.08011911711620104
2024-09-14,RUS,0.09839449682550061
2024-09-15,RUS,0.12693458007566663
2024-09-16,RUS,0.15673423178813958
2024-09-17,RUS,0.02936787087201611
2024-09-18,RUS,0.08808615042926095
2024-09-19,RUS,0.024564932784361736
2024-09-20,RUS,0.03258746228016012
2024-09-21,RUS,0.028819597612576492
2024-09-22,RUS,0.03580827374138832
2024-09-23,RUS,0.031859914124973694
2024-09-24,RUS,0.03082660983321527
2024-09-25,RUS,0.03333810393411272
2024-09-26,RUS,0.08036568444313608
2024-09-27,RUS,0.08361163311411185
2024-09-28,RUS,0.09389401816336465
2024-09-29,RUS,0.06448752783183091
2024-09-30,RUS,0.07948271726817627
2024-10-01,RUS,0.07506283261634558
2024-10-02,RUS,0.04435279310218624
2024-10-03,RUS,0.06083775764589382
2024-10-04,RUS,0.04641740525604441
2024-10-05,RUS,0.03839479504195664
2024-10-06,RUS,0.048227454513764804
2024-10-07,RUS,0.04213590623214624
2024-10-08,RUS,0.051609720027879454
2024-10-09,RUS,0.04689149762258993
2024-10-10,RUS,0.05655099306231522
2024-10-11,RUS,0.07471773427506785
2024-10-12,RUS,0.06976061950699732
2024-10-13,RUS,0.07674599668799233
2024-10-14,RUS,0.07674599668799233
2024-10-15,RUS,0.09137662463540469
2024-10-16,RUS,0.09732602919404638
2024-10-17,RUS,0.08674959609842522
2024-10-18,RUS,0.09717996638131673
2024-10-19,RUS,0.11621410713098655
2024-10-20,RUS,0.12833654176419917
2024-10-21,RUS,0.12833654176419917
2024-10-22,RUS,0.12640618358785866
2024-10-23,RUS,0.10042418675123971
2024-10-24,RUS,0.09175177664034448
2024-10-25,RUS,0.06385461573130163
2024-10-26,RUS,0.0434654319141018
2024-10-27,RUS,0.04622298163265802
2024-10-28,RUS,0.04159652198931908
2024-10-29,RUS,0.06584427359041958
2024-10-30,RUS,0.062024289823437766
2024-10-31,RUS,0.057230227334180206
2024-11-01,RUS,0.07618911329433498
2024-11-02,RUS,0.07004734412361587
2024-11-03,RUS,0.0919376202109476
2024-11-04,RUS,0.0919376202109476
2024-11-05,RUS,0.10190833631297638
2024-11-06,RUS,0.09718191979426938
2024-11-07,RUS,0.13629909168306448
2024-11-08,RUS,0.10425427638102384
2024-11-09,RUS,0.12091920487137732
2024-11-10,RUS,0.1357275207791945
2024-11-11,RUS,0.1357275207791945
2024-11-12,RUS,0.06440141888810907
2024-11-13,RUS,0.05500177706954441
2024-11-14,RUS,0.07748521513217334
2024-11-15,RUS,0.06478583851863565
2024-11-16,RUS,0.03234083546272397
2024-11-17,RUS,0.039642549301184035
2024-11-18,RUS,0.021291116694483102
2024-11-19,RUS,0.025674402253138176
2024-11-20,RUS,0.027248167959717337
2024-11-21,RUS,0.021704963162347136
2024-11-22,RUS,0.018241093875167334
2024-11-23,RUS,0.01966276600325538
2024-11-24,RUS,0.01729067522368097
2024-11-25,RUS,0.03600157893028241
2024-11-26,RUS,0.07398517976229946
2024-11-27,RUS,0.038330343079263
2024-11-28,RUS,0.0725508391863413
2024-11-29,RUS,0.06347979803251769
2024-11-30,RUS,0.059417714479556065
2024-12-01,RUS,0.09162481925274579
2024-12-02,RUS,0.08319247956997729
2024-12-03,RUS,0.07652965403070569
2024-12-04,RUS,0.11497121439610947
2024-12-05,RUS,0.25390733124372095
2024-12-06,RUS,0.2524144870926486
2024-12-07,RUS,0.10895310407804976
2024-12-08,RUS,0.13185552793608896
2024-12-09,RUS,0.14609957635668122
2024-12-10,RUS,0.09894949843648032
2024-12-11,RUS,0.0852268815541754
2024-12-12,RUS,0.09911361978250777
2024-12-13,RUS,0.09537858807489356
2024-12-14,RUS,0.1511304106221937
2024-12-15,RUS,0.12063557078168112
2024-12-16,RUS,0.10960830643242209
2024-12-17,RUS,0.19533670131268727
2024-12-18,RUS,0.17470126305659928
2024-12-19,RUS,0.193754315782955
2024-12-20,RUS,0.14274321884480734
2024-12-21,RUS,0.09804230440523395
2024-12-22,RUS,0.13665260044712446
2024-12-23,RUS,0.12415117458724886
2024-12-24,RUS,0.1009829820268395
2024-12-25,RUS,0.1681253070256715
2024-12-26,RUS,0.1594942715728832
2024-12-27,RUS,0.13220186607026826
2024-12-28,RUS,0.15752481014963943
2024-12-29,RUS,0.15350941597549536
2024-12-30,RUS,0.13841664057822767
2024-12-31,RUS,0.15764085336004646
2025-01-01,RUS,0.02885417812185884
2025-01-02,RUS,0.03340217487523123
2025-01-03,RUS,0.023657389203114106
2025-01-04,RUS,0.028772113272570655
2025-01-05,RUS,0.02826289665121239
2025-01-06,RUS,0.03151831247950744
2025-01-07,RUS,0.07729608848395679
2025-01-08,RUS,0.11758247047777087
2025-01-09,RUS,0.14152837849060745
2025-01-10,RUS,0.16607245550477204
2025-01-11,RUS,0.17032762287014214
2025-01-12,RUS,0.14789942608306136
2025-01-13,RUS,0.1642736775253161
2025-01-14,RUS,0.11237751307811876
2025-01-15,RUS,0.16158313441658645
2025-01-16,RUS,0.05707861697738789
2025-01-17,RUS,0.15431442670221976
2025-01-18,RUS,0.1700363602208695
2025-01-19,RUS,0.22785584915531445
2025-01-20,RUS,0.24025033745490174
2025-01-21,RUS,0.2517354508361473
2025-01-22,RUS,0.2807285155205967
2025-01-23,RUS,0.3039438060588248
2025-01-24,RUS,0.278749571041818
2025-01-25,RUS,0.2575717863149193
2025-01-26,RUS,0.24440102550924372
2025-01-27,RUS,0.24440102550924372
2025-01-28,RUS,0.2674448278117485
2025-01-29,RUS,0.211450035280302
2025-01-30,RUS,0.1913711826881839
2025-01-31,RUS,0.13333496409675394
2025-02-01,RUS,0.19081195129699607
2025-02-02,RUS,0.069414599169044
2025-02-03,RUS,0.08403544898186052
2025-02-04,RUS,0.06533188752887942
2025-02-05,RUS,0.051416754941627306
2025-02-06,RUS,0.12065284985259628
2025-02-07,RUS,0.11661958634864399
2025-02-08,RUS,0.07785656817557088
2025-02-09,RUS,0.13281183042881342
2025-02-10,RUS,0.12150420182596222
2025-02-11,RUS,0.08852063033676413
2025-02-12,RUS,0.1156429456208429
2025-02-13,RUS,0.11725966285208127
2025-02-14,RUS,0.12948190066316895
2025-02-15,RUS,0.14968668894572357
2025-02-16,RUS,0.17662307032065647
2025-02-17,RUS,0.19314417273157905
2025-02-18,RUS,0.18216249419732858
2025-02-19,RUS,0.19402542288697258
2025-02-20,RUS,0.25645586809462834
2025-02-21,RUS,0.09671496906358727
2025-02-22,RUS,0.11600983087744578
2025-02-23,RUS,0.10419741082829491
2025-02-24,RUS,0.10419741082829491
2025-02-25,RUS,0.08928264596650617
2025-02-26,RUS,0.12664788211697098
2025-02-27,RUS,0.10719279158111532
2025-02-28,RUS,0.2712245648097686
2025-03-01,RUS,0.15525950385830994
2025-03-02,RUS,0.15684260293836463
2025-03-03,RUS,0.15684260293836463
2025-03-04,RUS,0.15667958941187113
2025-03-05,RUS,0.14682308422346868
2025-03-06,RUS,0.13772468002044017
2025-03-07,RUS,0.147819985884419
2025-03-08,RUS,0.1896077130036923
2025-03-09,RUS,0.1820071173082142
2025-03-10,RUS,0.1820071173082142
2025-03-11,RUS,0.20762246120679195
2025-03-12,RUS,0.16944606408808413
2025-03-13,RUS,0.13820977565856954
2025-03-14,RUS,0.1552051688745726
2025-03-15,RUS,0.11243384794126043
2025-03-16,RUS,0.12666983680598673
2025-03-17,RUS,0.11570398574929566
2025-03-18,RUS,0.13984949836992586
2025-03-19,RUS,0.12570862413032288
2025-03-20,RUS,0.1102562427824239
2025-03-21,RUS,0.119029218280635
2025-03-22,RUS,0.11291551008265426
2025-03-23,RUS,0.11226486384636125
2025-03-24,RUS,0.12256254713198925
2025-03-25,RUS,0.08871491647290693
2025-03-26,RUS,0.10092438725067147
2025-03-27,RUS,0.13314344820830196
2025-03-28,RUS,0.121937265208315
2024-07-01,PSE,0.02571663921437727
2024-07-02,PSE,0.021546112161782375
2024-07-03,PSE,0.026704674074827177
2024-07-04,PSE,0.022964305072189245
2024-07-05,PSE,0.024606253396314295
2024-07-06,PSE,0.029605707826137542
2024-07-07,PSE,0.026229096800528626
2024-07-08,PSE,0.026229096800528626
2024-07-09,PSE,0.027589793153372167
2024-07-10,PSE,0.019814594764840255
2024-07-11,PSE,0.024784456125211504
2024-07-12,PSE,0.024055299020145974
2024-07-13,PSE,0.024825544413007647
2024-07-14,PSE,0.027482107292701462
2024-07-15,PSE,0.022418809215608626
2024-07-16,PSE,0.024666291866002762
2024-07-17,PSE,0.025953330815318785
2024-07-18,PSE,0.0223145229950726
2024-07-19,PSE,0.025647554403320328
2024-07-20,PSE,0.01624888771582898
2024-07-21,PSE,0.014672349318835674
2024-07-22,PSE,0.016397650158101306
2024-07-23,PSE,0.01543854538034325
2024-07-24,PSE,0.017139146052593684
2024-07-25,PSE,0.014068068135846662
2024-07-26,PSE,0.015434527403618432
2024-07-27,PSE,0.03438623082096475
2024-07-28,PSE,0.04201706228275825
2024-07-29,PSE,0.04201706228275825
2024-07-30,PSE,0.030083332113251118
2024-07-31,PSE,0.049945433775848785
2024-08-01,PSE,0.05828549884651689
2024-08-02,PSE,0.033948083709588475
2024-08-03,PSE,0.02537175573695272
2024-08-04,PSE,0.03359952636230928
2024-08-05,PSE,0.03213856166914206
2024-08-06,PSE,0.025487376443985157
2024-08-07,PSE,0.02149795263909214
2024-08-08,PSE,0.01980148478584288
2024-08-09,PSE,0.01955401943314459
2024-08-10,PSE,0.02059721412342
2024-08-11,PSE,0.023097291649444573
2024-08-12,PSE,0.023097291649444573
2024-08-13,PSE,0.017220836473829194
2024-08-14,PSE,0.020230122077214682
2024-08-15,PSE,0.018452417785656216
2024-08-16,PSE,0.023256951898368804
2024-08-17,PSE,0.01625570172814365
2024-08-18,PSE,0.01490599640827673
2024-08-19,PSE,0.01490599640827673
2024-08-20,PSE,0.01682656624586154
2024-08-21,PSE,0.01693116097725603
2024-08-22,PSE,0.016152403861937926
2024-08-23,PSE,0.013677059761017133
2024-08-24,PSE,0.017198170231379317
2024-08-25,PSE,0.019087807948477822
2024-08-26,PSE,0.0271913667577364
2024-08-27,PSE,0.026569201436272033
2024-08-28,PSE,0.03798814907408491
2024-08-29,PSE,0.024599538516423776
2024-08-30,PSE,0.021279997442678264
2024-08-31,PSE,0.016875946601604234
2024-09-01,PSE,0.016682980193192695
2024-09-02,PSE,0.015931224525958673
2024-09-03,PSE,0.014221701488545024
2024-09-04,PSE,0.015638884957378234
2024-09-05,PSE,0.019778337250416212
2024-09-06,PSE,0.026876952657463836
2024-09-07,PSE,0.026209487439781125
2024-09-08,PSE,0.024581862117127325
2024-09-09,PSE,0.024581862117127325
2024-09-10,PSE,0.02340102086294346
2024-09-11,PSE,0.047502765782151145
2024-09-12,PSE,0.024349583193381347
2024-09-13,PSE,0.026575623214809094
2024-09-14,PSE,0.0362513206883677
2024-09-15,PSE,0.02700715808423226
2024-09-16,PSE,0.02700715808423226
2024-09-17,PSE,0.022703317224429715
2024-09-18,PSE,0.024786378110842576
2024-09-19,PSE,0.02114676673040706
2024-09-20,PSE,0.02419634825758264
2024-09-21,PSE,0.014594220899809404
2024-09-22,PSE,0.014861643077067783
2024-09-23,PSE,0.014460933846366134
2024-09-24,PSE,0.015436808095026736
2024-09-25,PSE,0.014726094350981236
2024-09-26,PSE,0.01392478873516795
2024-09-27,PSE,0.01608493154337562
2024-09-28,PSE,0.03475590474328488
2024-09-29,PSE,0.02415044773229407
2024-09-30,PSE,0.02415044773229407
2024-10-01,PSE,0.02892874349925696
2024-10-02,PSE,0.01662048680071968
2024-10-03,PSE,0.017322053422344604
2024-10-04,PSE,0.015811366387590137
2024-10-05,PSE,0.014656493778545731
2024-10-06,PSE,0.015996882535598184
2024-10-07,PSE,0.015861053313337415
2024-10-08,PSE,0.014042936935418129
2024-10-09,PSE,0.01660004761399046
2024-10-10,PSE,0.018240332794320253
2024-10-11,PSE,0.017945127576079835
2024-10-12,PSE,0.028841931506260264
2024-10-13,PSE,0.016394719523788338
2024-10-14,PSE,0.016394719523788338
2024-10-15,PSE,0.015345880525644688
2024-10-16,PSE,0.013842978038134347
2024-10-17,PSE,0.014523382060388087
2024-10-18,PSE,0.015521266781700143
2024-10-19,PSE,0.016879101750420174
2024-10-20,PSE,0.015141270152328495
2024-10-21,PSE,0.01690158325941112
2024-10-22,PSE,0.017301350315943872
2024-10-23,PSE,0.01569572795243428
2024-10-24,PSE,0.016476413118412834
2024-10-25,PSE,0.026446440479939933
2024-10-26,PSE,0.01651261309534355
2024-10-27,PSE,0.016259465216718286
2024-10-28,PSE,0.014691421967352947
2024-10-29,PSE,0.021965268969307207
2024-10-30,PSE,0.027797490275887196
2024-10-31,PSE,0.038249077006603495
2024-11-01,PSE,0.036388703958597834
2024-11-02,PSE,0.020929562923404848
2024-11-03,PSE,0.037142957324069664
2024-11-04,PSE,0.028454841167199714
2024-11-05,PSE,0.02888432654877526
2024-11-06,PSE,0.01953048738866505
2024-11-07,PSE,0.01907477865532021
2024-11-08,PSE,0.018641973094589655
2024-11-09,PSE,0.01388270816629866
2024-11-10,PSE,0.012723398884259824
2024-11-11,PSE,0.012921593073216484
2024-11-12,PSE,0.013254887870933534
2024-11-13,PSE,0.013920468383370566
2024-11-14,PSE,0.013261752192183075
2024-11-15,PSE,0.021927926872583627
2024-11-16,PSE,0.024614385194473697
2024-11-17,PSE,0.03157056597698722
2024-11-18,PSE,0.023763906869533148
2024-11-19,PSE,0.025542747501845375
2024-11-20,PSE,0.03185921415671919
2024-11-21,PSE,0.0382134225301082
2024-11-22,PSE,0.02093778721964008
2024-11-23,PSE,0.01891785916530381
2024-11-24,PSE,0.017692947939812315
2024-11-25,PSE,0.02033660080434672
2024-11-26,PSE,0.04234338282516453
2024-11-27,PSE,0.020738453426268226
2024-11-28,PSE,0.030812286631149485
2024-11-29,PSE,0.017821649071439537
2024-11-30,PSE,0.026339314871875637
2024-12-01,PSE,0.019322527159547194
2024-12-02,PSE,0.018516309477484044
2024-12-03,PSE,0.025532199445589675
2024-12-04,PSE,0.020843327622240407
2024-12-05,PSE,0.022594306680881828
2024-12-06,PSE,0.02714663099200153
2024-12-07,PSE,0.020472874495177307
2024-12-08,PSE,0.021488932172168174
2024-12-09,PSE,0.022249764607716466
2024-12-10,PSE,0.02307211687051243
2024-12-11,PSE,0.023675888475817277
2024-12-12,PSE,0.02221019818706741
2024-12-13,PSE,0.015431090523339094
2024-12-14,PSE,0.015091474717298995
2024-12-15,PSE,0.016830399007463605
2024-12-16,PSE,0.015121806437647111
2024-12-17,PSE,0.019525786063306152
2024-12-18,PSE,0.01877510980980102
2024-12-19,PSE,0.015066921578751846
2024-12-20,PSE,0.014402912465675606
2024-12-21,PSE,0.017843893940753024
2024-12-22,PSE,0.020541210207362454
2024-12-23,PSE,0.021620082478662983
2024-12-24,PSE,0.017000802057301184
2024-12-25,PSE,0.021505599701464956
2024-12-26,PSE,0.04132176370120869
2024-12-27,PSE,0.03301557062351275
2024-12-28,PSE,0.02259818983715629
2024-12-29,PSE,0.022724439782571323
2024-12-30,PSE,0.019815016945423227
2024-12-31,PSE,0.022553486091507854
2025-01-01,PSE,0.022551786994458686
2025-01-02,PSE,0.02138182285051139
2025-01-03,PSE,0.020728723866677477
2025-01-04,PSE,0.020540680820180388
2025-01-05,PSE,0.01702892999533624
2025-01-06,PSE,0.01702892999533624
2025-01-07,PSE,0.04534177127851329
2025-01-08,PSE,0.040776702217759316
2025-01-09,PSE,0.031530952999492906
2025-01-10,PSE,0.03679811689461154
2025-01-11,PSE,0.019357704069757075
2025-01-12,PSE,0.018244404474606186
2025-01-13,PSE,0.018244404474606186
2025-01-14,PSE,0.016863692502330985
2025-01-15,PSE,0.02433512215745949
2025-01-16,PSE,0.05016334692313099
2025-01-17,PSE,0.05106884105736704
2025-01-18,PSE,0.06822535866620655
2025-01-19,PSE,0.11405507733079523
2025-01-20,PSE,0.0852067262878534
2025-01-21,PSE,0.06946170316888454
2025-01-22,PSE,0.054532311356006
2025-01-23,PSE,0.14396724794091909
2025-01-24,PSE,0.06018546776298163
2025-01-25,PSE,0.09885483167814148
2025-01-26,PSE,0.062121394360685304
2025-01-27,PSE,0.057544866899972624
2025-01-28,PSE,0.024534793867698138
2025-01-29,PSE,0.0779733741990293
2025-01-30,PSE,0.1151706863581251
2025-01-31,PSE,0.11746434730220444
2025-02-01,PSE,0.05374830060922919
2025-02-02,PSE,0.03452266343355599
2025-02-03,PSE,0.033982982365731496
2025-02-04,PSE,0.06400190046387641
2025-02-05,PSE,0.10709238354188201
2025-02-06,PSE,0.10925481567338437
2025-02-07,PSE,0.1481201654158681
2025-02-08,PSE,0.16198584110531697
2025-02-09,PSE,0.12615149906263415
2025-02-10,PSE,0.12615149906263415
2025-02-11,PSE,0.15905549990748785
2025-02-12,PSE,0.09280977489230208
2025-02-13,PSE,0.22350630848026926
2025-02-14,PSE,0.15048773484444
2025-02-15,PSE,0.15617323490918075
2025-02-16,PSE,0.160540150542986
2025-02-17,PSE,0.14055893707567146
2025-02-18,PSE,0.21223271766229043
2025-02-19,PSE,0.08016533544458299
2025-02-20,PSE,0.15373530630576207
2025-02-21,PSE,0.06545729173259131
2025-02-22,PSE,0.09135458720829141
2025-02-23,PSE,0.06827616512600086
2025-02-24,PSE,0.05147884403828905
2025-02-25,PSE,0.0452909733396042
2025-02-26,PSE,0.04687528100677042
2025-02-27,PSE,0.11091121602119886
2025-02-28,PSE,0.06400390153699217
2025-03-01,PSE,0.03773192285423073
2025-03-02,PSE,0.03513368434247015
2025-03-03,PSE,0.04573251125810051
2025-03-04,PSE,0.07511641626039421
2025-03-05,PSE,0.0721843201926265
2025-03-06,PSE,0.060832427919143534
2025-03-07,PSE,0.09670210812836699
2025-03-08,PSE,0.2215013633282558
2025-03-09,PSE,0.2296561091731247
2025-03-10,PSE,0.17687410939025927
2025-03-11,PSE,0.1957757213778674
2025-03-12,PSE,0.2801652559055438
2025-03-13,PSE,0.28021199555872617
2025-03-14,PSE,0.30024339319813054
2025-03-15,PSE,0.21449362323668775
2025-03-16,PSE,0.2527942176398284
2025-03-17,PSE,0.19680109623261724
2025-03-18,PSE,0.10688138467261063
2025-03-19,PSE,0.14040370247977416
2025-03-20,PSE,0.12403471824771743
2025-03-21,PSE,0.10114627635993415
2025-03-22,PSE,0.07765668639158857
2025-03-23,PSE,0.10608866459955252
2025-03-24,PSE,0.04341538920187927
2025-03-25,PSE,0.01563528219620158
2025-03-26,PSE,0.015143410668348501
2025-03-27,PSE,0.015149856984632911
2025-03-28,PSE,0.024986756088943313
2024-07-01,ISR,0.057092485400026
2024-07-02,ISR,0.047650696763696807
2024-07-03,ISR,0.04572793094499723
2024-07-04,ISR,0.05850179064496379
2024-07-05,ISR,0.03435722951659284
2024-07-06,ISR,0.039377786821847956
2024-07-07,ISR,0.10084694705469276
2024-07-08,ISR,0.03180407888823365
2024-07-09,ISR,0.030323918602397183
2024-07-10,ISR,0.015441673057672621
2024-07-11,ISR,0.01633383342666643
2024-07-12,ISR,0.014221449221245597
2024-07-13,ISR,0.016741273410948554
2024-07-14,ISR,0.015100907225744847
2024-07-15,ISR,0.015535652982256325
2024-07-16,ISR,0.018161577268366258
2024-07-17,ISR,0.02401457792599945
2024-07-18,ISR,0.0161420238451878
2024-07-19,ISR,0.013497719497370272
2024-07-20,ISR,0.014700917078144278
2024-07-21,ISR,0.013351611088861893
2024-07-22,ISR,0.01325455230270886
2024-07-23,ISR,0.013736860936331355
2024-07-24,ISR,0.015155654478912017
2024-07-25,ISR,0.01779603079424693
2024-07-26,ISR,0.015243214509004857
2024-07-27,ISR,0.013882525491401992
2024-07-28,ISR,0.024848442983244217
2024-07-29,ISR,0.02634511795295449
2024-07-30,ISR,0.02322982802295194
2024-07-31,ISR,0.014871124594016016
2024-08-01,ISR,0.020822477615166868
2024-08-02,ISR,0.01933866306447963
2024-08-03,ISR,0.018956500889156656
2024-08-04,ISR,0.01648430936563954
2024-08-05,ISR,0.01696547224758691
2024-08-06,ISR,0.012832021705287373
2024-08-07,ISR,0.013274564600043007
2024-08-08,ISR,0.014236363645985553
2024-08-09,ISR,0.01429259942205707
2024-08-10,ISR,0.014789721966524515
2024-08-11,ISR,0.0118805578390261
2024-08-12,ISR,0.011971267531695712
2024-08-13,ISR,0.01209988764594356
2024-08-14,ISR,0.012662913565133405
2024-08-15,ISR,0.013418172908614927
2024-08-16,ISR,0.01264915709778944
2024-08-17,ISR,0.012273747470064768
2024-08-18,ISR,0.020009318023645792
2024-08-19,ISR,0.018452485420111537
2024-08-20,ISR,0.03646753696683989
2024-08-21,ISR,0.031149827288643822
2024-08-22,ISR,0.020724586363084958
2024-08-23,ISR,0.020271045428893315
2024-08-24,ISR,0.04826739687873445
2024-08-25,ISR,0.02107853386282618
2024-08-26,ISR,0.018068166646956055
2024-08-27,ISR,0.021125256174968066
2024-08-28,ISR,0.019869416204836295
2024-08-29,ISR,0.01363503175856409
2024-08-30,ISR,0.015255999133444833
2024-08-31,ISR,0.014874020873093533
2024-09-01,ISR,0.014503400949688557
2024-09-02,ISR,0.016327863204166064
2024-09-03,ISR,0.014706518141090598
2024-09-04,ISR,0.012900778895083946
2024-09-05,ISR,0.015644444483069973
2024-09-06,ISR,0.014493383797869951
2024-09-07,ISR,0.012802365635864293
2024-09-08,ISR,0.01791961361182765
2024-09-09,ISR,0.01929234749534991
2024-09-10,ISR,0.017767585826552756
2024-09-11,ISR,0.020128990649029198
2024-09-12,ISR,0.020262096902924315
2024-09-13,ISR,0.02510956470441819
2024-09-14,ISR,0.02330064389901224
2024-09-15,ISR,0.021763097218971943
2024-09-16,ISR,0.019566745132604917
2024-09-17,ISR,0.021933150236456454
2024-09-18,ISR,0.021758181883708545
2024-09-19,ISR,0.028429897742755693
2024-09-20,ISR,0.032184150693161315
2024-09-21,ISR,0.017866720959883294
2024-09-22,ISR,0.025511513702283526
2024-09-23,ISR,0.06347679886814979
2024-09-24,ISR,0.06395851902518566
2024-09-25,ISR,0.014540331914184688
2024-09-26,ISR,0.016176347685502586
2024-09-27,ISR,0.015221296783100205
2024-09-28,ISR,0.015290769964031616
2024-09-29,ISR,0.015400076263802605
2024-09-30,ISR,0.01463909459300123
2024-10-01,ISR,0.012983191469989629
2024-10-02,ISR,0.012411007926717349
2024-10-03,ISR,0.013919436973236315
2024-10-04,ISR,0.014170952530902194
2024-10-05,ISR,0.012193215307481839
2024-10-06,ISR,0.01217977697909386
2024-10-07,ISR,0.014407233912770899
2024-10-08,ISR,0.01128748524970475
2024-10-09,ISR,0.011200256449937922
2024-10-10,ISR,0.011184299368992847
2024-10-11,ISR,0.011677579247393502
2024-10-12,ISR,0.011607735537230665
2024-10-13,ISR,0.011681439203398536
2024-10-14,ISR,0.011590838357012868
2024-10-15,ISR,0.012272641877091777
2024-10-16,ISR,0.012071102842662398
2024-10-17,ISR,0.012264073939224565
2024-10-18,ISR,0.01373502908009204
2024-10-19,ISR,0.012435486473924869
2024-10-20,ISR,0.01195661443821488
2024-10-21,ISR,0.012054267922660847
2024-10-22,ISR,0.012708386473973377
2024-10-23,ISR,0.011849067385583827
2024-10-24,ISR,0.011955001268863615
2024-10-25,ISR,0.012726131504398719
2024-10-26,ISR,0.011656107490669003
2024-10-27,ISR,0.012333452532736587
2024-10-28,ISR,0.012009360909647661
2024-10-29,ISR,0.012658463587352974
2024-10-30,ISR,0.011899543322878434
2024-10-31,ISR,0.012514604336717845
2024-11-01,ISR,0.012258730687169248
2024-11-02,ISR,0.012561697736826378
2024-11-03,ISR,0.011764002495075311
2024-11-04,ISR,0.011992351925129275
2024-11-05,ISR,0.012143183915443945
2024-11-06,ISR,0.013262464842551523
2024-11-07,ISR,0.011584555993285055
2024-11-08,ISR,0.011675014467176068
2024-11-09,ISR,0.011991344715150492
2024-11-10,ISR,0.011671285452979447
2024-11-11,ISR,0.011767217639551408
2024-11-12,ISR,0.011394334350071728
2024-11-13,ISR,0.011364721292831044
2024-11-14,ISR,0.013338043549664298
2024-11-15,ISR,0.012913083291524607
2024-11-16,ISR,0.014019793880061472
2024-11-17,ISR,0.013800766667323888
2024-11-18,ISR,0.012023982125199544
2024-11-19,ISR,0.01234606609491891
2024-11-20,ISR,0.013575373242336063
2024-11-21,ISR,0.01326733589796113
2024-11-22,ISR,0.014506589905917694
2024-11-23,ISR,0.011836958238877988
2024-11-24,ISR,0.015205786063357981
2024-11-25,ISR,0.014117201457912022
2024-11-26,ISR,0.01985964688771115
2024-11-27,ISR,0.015803719587244254
2024-11-28,ISR,0.022986563866622158
2024-11-29,ISR,0.023375439439695094
2024-11-30,ISR,0.01782627647844927
2024-12-01,ISR,0.013174498440631476
2024-12-02,ISR,0.013626784283305231
2024-12-03,ISR,0.013746154817955053
2024-12-04,ISR,0.015261754626885572
2024-12-05,ISR,0.035176531108576395
2024-12-06,ISR,0.03309706115237511
2024-12-07,ISR,0.02228643502124103
2024-12-08,ISR,0.02118567885380975
2024-12-09,ISR,0.0300188403764552
2024-12-10,ISR,0.01992352387370478
2024-12-11,ISR,0.027522485710858982
2024-12-12,ISR,0.024017537365073054
2024-12-13,ISR,0.029478080037893102
2024-12-14,ISR,0.019059063221706998
2024-12-15,ISR,0.025687953834634243
2024-12-16,ISR,0.02179595238028584
2024-12-17,ISR,0.03306944687053852
2024-12-18,ISR,0.03229106977189909
2024-12-19,ISR,0.014099701058037222
2024-12-20,ISR,0.017235412435860988
2024-12-21,ISR,0.06495500673150147
2024-12-22,ISR,0.033501034594318246
2024-12-23,ISR,0.027447514339772557
2024-12-24,ISR,0.023631381928545324
2024-12-25,ISR,0.025910605039242827
2024-12-26,ISR,0.018343475534229863
2024-12-27,ISR,0.018110249379273052
2024-12-28,ISR,0.015488752191731691
2024-12-29,ISR,0.018566572911830406
2024-12-30,ISR,0.017885443681080845
2024-12-31,ISR,0.014944551526038683
2025-01-01,ISR,0.014808223694028844
2025-01-02,ISR,0.01776341578826204
2025-01-03,ISR,0.011562645122332087
2025-01-04,ISR,0.013178891747952117
2025-01-05,ISR,0.012170047930098253
2025-01-06,ISR,0.012223735796328803
2025-01-07,ISR,0.013571169443137542
2025-01-08,ISR,0.012343656156610995
2025-01-09,ISR,0.012731419580543182
2025-01-10,ISR,0.01953904551353215
2025-01-11,ISR,0.015024022562687296
2025-01-12,ISR,0.02757294713573948
2025-01-13,ISR,0.026331874512371362
2025-01-14,ISR,0.01668461874430246
2025-01-15,ISR,0.038907375059015474
2025-01-16,ISR,0.025256967095992906
2025-01-17,ISR,0.03283790337897071
2025-01-18,ISR,0.03900130349243653
2025-01-19,ISR,0.05108828492259728
2025-01-20,ISR,0.07646328085365524
2025-01-21,ISR,0.05340634294385152
2025-01-22,ISR,0.06250300959441536
2025-01-23,ISR,0.038925893245968096
2025-01-24,ISR,0.02601980251163832
2025-01-25,ISR,0.025468859195068284
2025-01-26,ISR,0.014262839137317414
2025-01-27,ISR,0.013148098087618318
2025-01-28,ISR,0.01667960225847764
2025-01-29,ISR,0.014178760644603765
2025-01-30,ISR,0.014972695319931818
2025-01-31,ISR,0.01342679120117832
2025-02-01,ISR,0.015222403204900668
2025-02-02,ISR,0.015540877922659846
2025-02-03,ISR,0.01599131512947932
2025-02-04,ISR,0.04864744306376263
2025-02-05,ISR,0.14281991569672883
2025-02-06,ISR,0.08492817997906797
2025-02-07,ISR,0.08538775557490612
2025-02-08,ISR,0.1041062711729213
2025-02-09,ISR,0.1038101674537957
2025-02-10,ISR,0.10294553879847468
2025-02-11,ISR,0.06222944301663715
2025-02-12,ISR,0.10978672338530464
2025-02-13,ISR,0.1450021364764007
2025-02-14,ISR,0.11615323677739846
2025-02-15,ISR,0.12842741917497233
2025-02-16,ISR,0.11515677191275624
2025-02-17,ISR,0.11515677191275624
2025-02-18,ISR,0.11924976268782753
2025-02-19,ISR,0.08289750610155595
2025-02-20,ISR,0.10581625769819954
2025-02-21,ISR,0.1107542884139868
2025-02-22,ISR,0.13126544011035848
2025-02-23,ISR,0.18824222453266964
2025-02-24,ISR,0.10448157612353205
2025-02-25,ISR,0.11882822027268089
2025-02-26,ISR,0.10489253924078772
2025-02-27,ISR,0.03292000425544831
2025-02-28,ISR,0.022914911131491127
2025-03-01,ISR,0.02673335619988854
2025-03-02,ISR,0.033290685871143914
2025-03-03,ISR,0.038627158951128254
2025-03-04,ISR,0.0366521440702776
2025-03-05,ISR,0.04325793729206678
2025-03-06,ISR,0.016883350303228094
2025-03-07,ISR,0.01344981168438346
2025-03-08,ISR,0.0139805333381482
2025-03-09,ISR,0.014725914383014073
2025-03-10,ISR,0.013773338131686758
2025-03-11,ISR,0.012880892520503118
2025-03-12,ISR,0.011967491312886993
2025-03-13,ISR,0.012691013241003581
2025-03-14,ISR,0.012558548015390796
2025-03-15,ISR,0.013681583284189548
2025-03-16,ISR,0.013477736490828564
2025-03-17,ISR,0.05353537223103283
2025-03-18,ISR,0.049867509648074106
2025-03-19,ISR,0.039294153371709835
2025-03-20,ISR,0.06392760273615991
2025-03-21,ISR,0.011437378367505904
2025-03-22,ISR,0.011446932225060179
2025-03-23,ISR,0.011162693977729708
2025-03-24,ISR,0.011209160000796595
2025-03-25,ISR,0.011264450257851933
2025-03-26,ISR,0.011302993593839575
2025-03-27,ISR,0.011535883442326878
2025-03-28,ISR,0.02340492214090601
2024-07-01,SYR,0.02326843696618208
2024-07-02,SYR,0.021952899292233704
2024-07-03,SYR,0.13820791246752367
2024-07-04,SYR,0.03795252824758661
2024-07-05,SYR,0.017191648203561824
2024-07-06,SYR,0.015931733849728114
2024-07-07,SYR,0.01649746225069154
2024-07-08,SYR,0.01604926498832079
2024-07-09,SYR,0.027765461639044683
2024-07-10,SYR,0.016309667717543927
2024-07-11,SYR,0.01591928053011312
2024-07-12,SYR,0.01386298076886306
2024-07-13,SYR,0.015037646608025194
2024-07-14,SYR,0.014120432731030582
2024-07-15,SYR,0.014540517669686387
2024-07-16,SYR,0.01414527808377395
2024-07-17,SYR,0.12045348088712621
2024-07-18,SYR,0.019663442742506945
2024-07-19,SYR,0.030102929566006607
2024-07-20,SYR,0.0770879217433426
2024-07-21,SYR,0.0298291471643878
2024-07-22,SYR,0.03783891382297022
2024-07-23,SYR,0.025358399270239144
2024-07-24,SYR,0.04238156174666222
2024-07-25,SYR,0.027850109585539212
2024-07-26,SYR,0.034829976563745146
2024-07-27,SYR,0.021969835704670624
2024-07-28,SYR,0.038839130433833156
2024-07-29,SYR,0.04805043380581172
2024-07-30,SYR,0.043084475350001664
2024-07-31,SYR,0.03245306624253939
2024-08-01,SYR,0.023981374540563417
2024-08-02,SYR,0.020675353404443545
2024-08-03,SYR,0.01814353621969334
2024-08-04,SYR,0.01574710489149252
2024-08-05,SYR,0.015189297540490265
2024-08-06,SYR,0.021557077892538433
2024-08-07,SYR,0.015420277418430127
2024-08-08,SYR,0.01640311382163728
2024-08-09,SYR,0.02136143427960985
2024-08-10,SYR,0.014521517553364281
2024-08-11,SYR,0.031850269489890476
2024-08-12,SYR,0.022908773389872836
2024-08-13,SYR,0.01754077466757259
2024-08-14,SYR,0.013381023573452002
2024-08-15,SYR,0.02114840480162999
2024-08-16,SYR,0.01873987439098
2024-08-17,SYR,0.019757761260295145
2024-08-18,SYR,0.01917578937361773
2024-08-19,SYR,0.019717776744281545
2024-08-20,SYR,0.014963120908253793
2024-08-21,SYR,0.016629873462861204
2024-08-22,SYR,0.014282499158921021
2024-08-23,SYR,0.016964426066342672
2024-08-24,SYR,0.013570787998188168
2024-08-25,SYR,0.015326701596829908
2024-08-26,SYR,0.018402988663002877
2024-08-27,SYR,0.019300439765663244
2024-08-28,SYR,0.019649998424149877
2024-08-29,SYR,0.05342682166800605
2024-08-30,SYR,0.03195488315567166
2024-08-31,SYR,0.02356894995549927
2024-09-01,SYR,0.018228518236736466
2024-09-02,SYR,0.017711369684970422
2024-09-03,SYR,0.022218741781524273
2024-09-04,SYR,0.020862837004006984
2024-09-05,SYR,0.016479382619850453
2024-09-06,SYR,0.0161392572697141
2024-09-07,SYR,0.02061970781498338
2024-09-08,SYR,0.06844359126529986
2024-09-09,SYR,0.06687182272514508
2024-09-10,SYR,0.013952088690713071
2024-09-11,SYR,0.021265066386869928
2024-09-12,SYR,0.01631531197288866
2024-09-13,SYR,0.016279652966130955
2024-09-14,SYR,0.014229805033859483
2024-09-15,SYR,0.013609822400076996
2024-09-16,SYR,0.013637293133949523
2024-09-17,SYR,0.014444164171667623
2024-09-18,SYR,0.01828717426162568
2024-09-19,SYR,0.014817499067606894
2024-09-20,SYR,0.014955968761069758
2024-09-21,SYR,0.017783998119817974
2024-09-22,SYR,0.02271977501723561
2024-09-23,SYR,0.014143475452426321
2024-09-24,SYR,0.013782027049265625
2024-09-25,SYR,0.014312322007023462
2024-09-26,SYR,0.013284956194125867
2024-09-27,SYR,0.013769623810420668
2024-09-28,SYR,0.016765453078193604
2024-09-29,SYR,0.014507431764778079
2024-09-30,SYR,0.01308989048124322
2024-10-01,SYR,0.012576128185880288
2024-10-02,SYR,0.013152388926897414
2024-10-03,SYR,0.01979703756549925
2024-10-04,SYR,0.013517418464456366
2024-10-05,SYR,0.013215535545947937
2024-10-06,SYR,0.013038844126618512
2024-10-07,SYR,0.014204553355584855
2024-10-08,SYR,0.015292625698348737
2024-10-09,SYR,0.018508093745368645
2024-10-10,SYR,0.014438972307140837
2024-10-11,SYR,0.014526450717399459
2024-10-12,SYR,0.015854651267716156
2024-10-13,SYR,0.018732941011147468
2024-10-14,SYR,0.019432795567271507
2024-10-15,SYR,0.018604160518178
2024-10-16,SYR,0.020506954906648153
2024-10-17,SYR,0.019007232853579907
2024-10-18,SYR,0.01558165982837314
2024-10-19,SYR,0.012893983103844996
2024-10-20,SYR,0.014007263162443474
2024-10-21,SYR,0.014474933940241345
2024-10-22,SYR,0.0183564328266006
2024-10-23,SYR,0.017100881684545755
2024-10-24,SYR,0.01608528351484631
2024-10-25,SYR,0.016083105669936218
2024-10-26,SYR,0.11821693837775624
2024-10-27,SYR,0.014119078921824147
2024-10-28,SYR,0.013381507051562536
2024-10-29,SYR,0.01306009664397817
2024-10-30,SYR,0.01324139057067264
2024-10-31,SYR,0.01845139158564713
2024-11-01,SYR,0.02242064937027977
2024-11-02,SYR,0.012900996282544654
2024-11-03,SYR,0.014308131779366203
2024-11-04,SYR,0.013749860511984518
2024-11-05,SYR,0.016211361636011244
2024-11-06,SYR,0.01476326729184368
2024-11-07,SYR,0.016136606697160785
2024-11-08,SYR,0.015113834292836536
2024-11-09,SYR,0.024732365528996478
2024-11-10,SYR,0.016752317178542916
2024-11-11,SYR,0.015418818057906037
2024-11-12,SYR,0.018426104147607467
2024-11-13,SYR,0.013863683576987078
2024-11-14,SYR,0.016239543525693477
2024-11-15,SYR,0.017088914156354044
2024-11-16,SYR,0.012480624929608773
2024-11-17,SYR,0.01213038622337196
2024-11-18,SYR,0.012433616204254675
2024-11-19,SYR,0.017198652654814902
2024-11-20,SYR,0.15889545195669455
2024-11-21,SYR,0.01683895238778893
2024-11-22,SYR,0.015183353800680949
2024-11-23,SYR,0.0377425355051989
2024-11-24,SYR,0.05415842517432408
2024-11-25,SYR,0.05773248943583961
2024-11-26,SYR,0.020610524540503525
2024-11-27,SYR,0.01790644266873355
2024-11-28,SYR,0.044419007415538
2024-11-29,SYR,0.03362593422840733
2024-11-30,SYR,0.016721007819103767
2024-12-01,SYR,0.014966111203179762
2024-12-02,SYR,0.012884650969851008
2024-12-03,SYR,0.012929014089196516
2024-12-04,SYR,0.03704490338295752
2024-12-05,SYR,0.020612212110683252
2024-12-06,SYR,0.04731365236357037
2024-12-07,SYR,0.02017631878873053
2024-12-08,SYR,0.022536969615313117
2024-12-09,SYR,0.025850224842539377
2024-12-10,SYR,0.04480603838635078
2024-12-11,SYR,0.043523525158810576
2024-12-12,SYR,0.04070824641049696
2024-12-13,SYR,0.042737615415479525
2024-12-14,SYR,0.0306425006382708
2024-12-15,SYR,0.016501520476664033
2024-12-16,SYR,0.02873336848269289
2024-12-17,SYR,0.12023496448185868
2024-12-18,SYR,0.08538754903287747
2024-12-19,SYR,0.021720793621600988
2024-12-20,SYR,0.018223881658959693
2024-12-21,SYR,0.060135715121326774
2024-12-22,SYR,0.07492854755443422
2024-12-23,SYR,0.06802238290792721
2024-12-24,SYR,0.07408591223358144
2024-12-25,SYR,0.1687465661825276
2024-12-26,SYR,0.15122812352233223
2024-12-27,SYR,0.2046031349965193
2024-12-28,SYR,0.2630566824273085
2024-12-29,SYR,0.25012898886803253
2024-12-30,SYR,0.2346259913986157
2024-12-31,SYR,0.12162369306307813
2025-01-01,SYR,0.05170355731468956
2025-01-02,SYR,0.1263833939060025
2025-01-03,SYR,0.02079323594509177
2025-01-04,SYR,0.1265523036868943
2025-01-05,SYR,0.10776736019929412
2025-01-06,SYR,0.07545538752104629
2025-01-07,SYR,0.021970013382734504
2025-01-08,SYR,0.1782054390805647
2025-01-09,SYR,0.02720675282647704
2025-01-10,SYR,0.03800324636188654
2025-01-11,SYR,0.0912909830959572
2025-01-12,SYR,0.0736581927984074
2025-01-13,SYR,0.041658640491801506
2025-01-14,SYR,0.023511068001206434
2025-01-15,SYR,0.1067322828488706
2025-01-16,SYR,0.016166355346092752
2025-01-17,SYR,0.015529242555173932
2025-01-18,SYR,0.015193571219091265
2025-01-19,SYR,0.01686916498265328
2025-01-20,SYR,0.01602850896664263
2025-01-21,SYR,0.014627899556935236
2025-01-22,SYR,0.029446577335518885
2025-01-23,SYR,0.06054256234907301
2025-01-24,SYR,0.022107870056867353
2025-01-25,SYR,0.07287630717628647
2025-01-26,SYR,0.04841020194933919
2025-01-27,SYR,0.02367742978627889
2025-01-28,SYR,0.050737456075757546
2025-01-29,SYR,0.029928370936896282
2025-01-30,SYR,0.046221119093596476
2025-01-31,SYR,0.026352507218146998
2025-02-01,SYR,0.0326454322200232
2025-02-02,SYR,0.012207978133640425
2025-02-03,SYR,0.020656521516293058
2025-02-04,SYR,0.013782572781012666
2025-02-05,SYR,0.013406819825556223
2025-02-06,SYR,0.018132848479922633
2025-02-07,SYR,0.02881658722848996
2025-02-08,SYR,0.018676583642388146
2025-02-09,SYR,0.020390520488434392
2025-02-10,SYR,0.01563445173368436
2025-02-11,SYR,0.014509841726988314
2025-02-12,SYR,0.014976876753453192
2025-02-13,SYR,0.013075916959510277
2025-02-14,SYR,0.012369621122280633
2025-02-15,SYR,0.024969704163868338
2025-02-16,SYR,0.014228032876278541
2025-02-17,SYR,0.014219987607087651
2025-02-18,SYR,0.015981553741741792
2025-02-19,SYR,0.01509818086417566
2025-02-20,SYR,0.016867396671875413
2025-02-21,SYR,0.022033898368489326
2025-02-22,SYR,0.012705443927901168
2025-02-23,SYR,0.013340661514133871
2025-02-24,SYR,0.013021719014714238
2025-02-25,SYR,0.028254377048303737
2025-02-26,SYR,0.03904989637095194
2025-02-27,SYR,0.01685043095841638
2025-02-28,SYR,0.02018014126155402
2025-03-01,SYR,0.028169393886543923
2025-03-02,SYR,0.050696125861413185
2025-03-03,SYR,0.01873331302852461
2025-03-04,SYR,0.017078473180585956
2025-03-05,SYR,0.02226032166319859
2025-03-06,SYR,0.0744283901784792
2025-03-07,SYR,0.1942409068785172
2025-03-08,SYR,0.10041521805036127
2025-03-09,SYR,0.05376542148235728
2025-03-10,SYR,0.047898302099995765
2025-03-11,SYR,0.09879065542702957
2025-03-12,SYR,0.0642816375680143
2025-03-13,SYR,0.052609486451716266
2025-03-14,SYR,0.01747187579530449
2025-03-15,SYR,0.01652955722050185
2025-03-16,SYR,0.011258341606045238
2025-03-17,SYR,0.025354300068576745
2025-03-18,SYR,0.012356270165183172
2025-03-19,SYR,0.012402608733201752
2025-03-20,SYR,0.02059697844484249
2025-03-21,SYR,0.013906005453524304
2025-03-22,SYR,0.026372935140282685
2025-03-23,SYR,0.014318939814917822
2025-03-24,SYR,0.01582759686078555
2025-03-25,SYR,0.024945835637253527
2025-03-26,SYR,0.01591548218445035
2025-03-27,SYR,0.014679306861499802
2025-03-28,SYR,0.01390912058199865
2024-07-01,YEM,0.015759139223000644
2024-07-02,YEM,0.0129656941472145
2024-07-03,YEM,0.012586097614491948
2024-07-04,YEM,0.01480926242405077
2024-07-05,YEM,0.013382258976007429
2024-07-06,YEM,0.01411133527203399
2024-07-07,YEM,0.029037374429050578
2024-07-08,YEM,0.015599914683000603
2024-07-09,YEM,0.013766939801164451
2024-07-10,YEM,0.013969321324440703
2024-07-11,YEM,0.013190555541308593
2024-07-12,YEM,0.013511276358342423
2024-07-13,YEM,0.013098001335485948
2024-07-14,YEM,0.012797405103391826
2024-07-15,YEM,0.012652023350057462
2024-07-16,YEM,0.012856271058960936
2024-07-17,YEM,0.01237833282784483
2024-07-18,YEM,0.012700175152476161
2024-07-19,YEM,0.014296246918043484
2024-07-20,YEM,0.013930362964634539
2024-07-21,YEM,0.013218759346265643
2024-07-22,YEM,0.012551728687897449
2024-07-23,YEM,0.011523308816036497
2024-07-24,YEM,0.012052346896696865
2024-07-25,YEM,0.01206332577188151
2024-07-26,YEM,0.011950179888944907
2024-07-27,YEM,0.011682697068871019
2024-07-28,YEM,0.012309331624707686
2024-07-29,YEM,0.013261581522732121
2024-07-30,YEM,0.012974437470478495
2024-07-31,YEM,0.013436418143556393
2024-08-01,YEM,0.017149159981644724
2024-08-02,YEM,0.012309790597125399
2024-08-03,YEM,0.017220153998217747
2024-08-04,YEM,0.012994008203931822
2024-08-05,YEM,0.015208497845178307
2024-08-06,YEM,0.01856470447834304
2024-08-07,YEM,0.08697574184461333
2024-08-08,YEM,0.014578369259130844
2024-08-09,YEM,0.014386029658586473
2024-08-10,YEM,0.013038481653615479
2024-08-11,YEM,0.015728136484554737
2024-08-12,YEM,0.014400707135284277
2024-08-13,YEM,0.012867986895212423
2024-08-14,YEM,0.012396422427690982
2024-08-15,YEM,0.011829514409291813
2024-08-16,YEM,0.021125566706678006
2024-08-17,YEM,0.01313882917445852
2024-08-18,YEM,0.013218859292123927
2024-08-19,YEM,0.013085535806226846
2024-08-20,YEM,0.013706252558047591
2024-08-21,YEM,0.012476695690323041
2024-08-22,YEM,0.012127254875233084
2024-08-23,YEM,0.01180287814250699
2024-08-24,YEM,0.012574610872379804
2024-08-25,YEM,0.013579520724439773
2024-08-26,YEM,0.012703834420203815
2024-08-27,YEM,0.01387923844718988
2024-08-28,YEM,0.012554878770069553
2024-08-29,YEM,0.013042474480307856
2024-08-30,YEM,0.016037790059254778
2024-08-31,YEM,0.012275000508129174
2024-09-01,YEM,0.01274268062001745
2024-09-02,YEM,0.013895159023651075
2024-09-03,YEM,0.013564412266526571
2024-09-04,YEM,0.013063923772117935
2024-09-05,YEM,0.014632034474777818
2024-09-06,YEM,0.01503929761059491
2024-09-07,YEM,0.017422241184503712
2024-09-08,YEM,0.015575458019617525
2024-09-09,YEM,0.015533586949294924
2024-09-10,YEM,0.015255718143820976
2024-09-11,YEM,0.017214036669185744
2024-09-12,YEM,0.016273492798162918
2024-09-13,YEM,0.01852577614612609
2024-09-14,YEM,0.01670990794850291
2024-09-15,YEM,0.01900484220497128
2024-09-16,YEM,0.012121490350144634
2024-09-17,YEM,0.025350076204324598
2024-09-18,YEM,0.01400135938496872
2024-09-19,YEM,0.014150133616415685
2024-09-20,YEM,0.013238055299417512
2024-09-21,YEM,0.01237923413482289
2024-09-22,YEM,0.012594409993863591
2024-09-23,YEM,0.042205094057185755
2024-09-24,YEM,0.011792165118142335
2024-09-25,YEM,0.03275549531131238
2024-09-26,YEM,0.012310833858645502
2024-09-27,YEM,0.012165645444184733
2024-09-28,YEM,0.020430996486979408
2024-09-29,YEM,0.04388131484378437
2024-09-30,YEM,0.014216136753601226
2024-10-01,YEM,0.012387847328696928
2024-10-02,YEM,0.01256207646200322
2024-10-03,YEM,0.01245489666814474
2024-10-04,YEM,0.01529256287709305
2024-10-05,YEM,0.0171248890421329
2024-10-06,YEM,0.0122671258461431
2024-10-07,YEM,0.013317036644035846
2024-10-08,YEM,0.01271737348036164
2024-10-09,YEM,0.011655876779700387
2024-10-10,YEM,0.0124396793402326
2024-10-11,YEM,0.014300971913770619
2024-10-12,YEM,0.01683491329329563
2024-10-13,YEM,0.016043776972069865
2024-10-14,YEM,0.02104552269218778
2024-10-15,YEM,0.014958700450463078
2024-10-16,YEM,0.02231472605693453
2024-10-17,YEM,0.01691320839569407
2024-10-18,YEM,0.0160239192171036
2024-10-19,YEM,0.03142268582126507
2024-10-20,YEM,0.015672319808276842
2024-10-21,YEM,0.016524163075706522
2024-10-22,YEM,0.012958935094612226
2024-10-23,YEM,0.016257829009010263
2024-10-24,YEM,0.01367215820925158
2024-10-25,YEM,0.020964601629377754
2024-10-26,YEM,0.015240713370944986
2024-10-27,YEM,0.014921718849617037
2024-10-28,YEM,0.01972379949227297
2024-10-29,YEM,0.014165804819854723
2024-10-30,YEM,0.016121878506730924
2024-10-31,YEM,0.017122052449670463
2024-11-01,YEM,0.015458932661617887
2024-11-02,YEM,0.015751641750574145
2024-11-03,YEM,0.016005896670839757
2024-11-04,YEM,0.015367782547543531
2024-11-05,YEM,0.015870276413588295
2024-11-06,YEM,0.016495061762058894
2024-11-07,YEM,0.013225196453033824
2024-11-08,YEM,0.01465961853323252
2024-11-09,YEM,0.01884418375165593
2024-11-10,YEM,0.013556859837156723
2024-11-11,YEM,0.013176514546261961
2024-11-12,YEM,0.011643482589338434
2024-11-13,YEM,0.012268385656808684
2024-11-14,YEM,0.013646976780269932
2024-11-15,YEM,0.013956610528993866
2024-11-16,YEM,0.013950430108904852
2024-11-17,YEM,0.012466777483463592
2024-11-18,YEM,0.013476073426257824
2024-11-19,YEM,0.01917000505485291
2024-11-20,YEM,0.01557194266415816
2024-11-21,YEM,0.015208175247619724
2024-11-22,YEM,0.014748038401220222
2024-11-23,YEM,0.013131940396958018
2024-11-24,YEM,0.01423812338848894
2024-11-25,YEM,0.01263645579173121
2024-11-26,YEM,0.012240435917932595
2024-11-27,YEM,0.013374609801038193
2024-11-28,YEM,0.013124843473385434
2024-11-29,YEM,0.012467280715598899
2024-11-30,YEM,0.013290607548750383
2024-12-01,YEM,0.015763866714283283
2024-12-02,YEM,0.013357991159917442
2024-12-03,YEM,0.013247431451714408
2024-12-04,YEM,0.014762816340297656
2024-12-05,YEM,0.03641853138944596
2024-12-06,YEM,0.015976393303619562
2024-12-07,YEM,0.034994190002723406
2024-12-08,YEM,0.013426093128505087
2024-12-09,YEM,0.03273122186357803
2024-12-10,YEM,0.02780091544112258
2024-12-11,YEM,0.018267541411098067
2024-12-12,YEM,0.017828896941220494
2024-12-13,YEM,0.013614030692016964
2024-12-14,YEM,0.012499539581576817
2024-12-15,YEM,0.013157114531779196
2024-12-16,YEM,0.014218593252532745
2024-12-17,YEM,0.018923722803559015
2024-12-18,YEM,0.015347954074822773
2024-12-19,YEM,0.011986566465207973
2024-12-20,YEM,0.012165005862330724
2024-12-21,YEM,0.01213493815501086
2024-12-22,YEM,0.02315144287960353
2024-12-23,YEM,0.014441451827101834
2024-12-24,YEM,0.011503210680888564
2024-12-25,YEM,0.011561711031875449
2024-12-26,YEM,0.011336629474157965
2024-12-27,YEM,0.013007301686855682
2024-12-28,YEM,0.011630562586190722
2024-12-29,YEM,0.011226444245669948
2024-12-30,YEM,0.011377433275158961
2024-12-31,YEM,0.011648358163080054
2025-01-01,YEM,0.014169122367829292
2025-01-02,YEM,0.011737210786822676
2025-01-03,YEM,0.011787787471715732
2025-01-04,YEM,0.012190010104940283
2025-01-05,YEM,0.01228310134346144
2025-01-06,YEM,0.012236872347490484
2025-01-07,YEM,0.01365503840471187
2025-01-08,YEM,0.013141881286616999
2025-01-09,YEM,0.013000528071342008
2025-01-10,YEM,0.07668232060654348
2025-01-11,YEM,0.01276872230113442
2025-01-12,YEM,0.03218770785255383
2025-01-13,YEM,0.018048667767037813
2025-01-14,YEM,0.01476527130193896
2025-01-15,YEM,0.016780659026238324
2025-01-16,YEM,0.014073399372508693
2025-01-17,YEM,0.01418876471481401
2025-01-18,YEM,0.012549426075809614
2025-01-19,YEM,0.012085809369473885
2025-01-20,YEM,0.016571654273040786
2025-01-21,YEM,0.013057042021754386
2025-01-22,YEM,0.012810567405928355
2025-01-23,YEM,0.012336367836168944
2025-01-24,YEM,0.012792254397402579
2025-01-25,YEM,0.014066055959743338
2025-01-26,YEM,0.014035028965825869
2025-01-27,YEM,0.015580562801583524
2025-01-28,YEM,0.015885763342323105
2025-01-29,YEM,0.014442348760750293
2025-01-30,YEM,0.013973970097102426
2025-01-31,YEM,0.0351736865237957
2025-02-01,YEM,0.012575823042171277
2025-02-02,YEM,0.020988342057674466
2025-02-03,YEM,0.012819099416743241
2025-02-04,YEM,0.012563540482923033
2025-02-05,YEM,0.05028842657698256
2025-02-06,YEM,0.015691442359134326
2025-02-07,YEM,0.013666585767744188
2025-02-08,YEM,0.015597678367529517
2025-02-09,YEM,0.013357450755587249
2025-02-10,YEM,0.014521210351791124
2025-02-11,YEM,0.01403272951139563
2025-02-12,YEM,0.01229994033949665
2025-02-13,YEM,0.012346447174417317
2025-02-14,YEM,0.014431250065074359
2025-02-15,YEM,0.013431373654302982
2025-02-16,YEM,0.017964618890612856
2025-02-17,YEM,0.013537751292987992
2025-02-18,YEM,0.017710600270591625
2025-02-19,YEM,0.027251728327995852
2025-02-20,YEM,0.03369569317613952
2025-02-21,YEM,0.015332025614489915
2025-02-22,YEM,0.027937092500224577
2025-02-23,YEM,0.025579749508632912
2025-02-24,YEM,0.015526728750702708
2025-02-25,YEM,0.01385901430457159
2025-02-26,YEM,0.013950123594199292
2025-02-27,YEM,0.015542381579787557
2025-02-28,YEM,0.01371347139952483
2025-03-01,YEM,0.012729420930145594
2025-03-02,YEM,0.014866327103241492
2025-03-03,YEM,0.014439577399957491
2025-03-04,YEM,0.01599380166972222
2025-03-05,YEM,0.015371862030354674
2025-03-06,YEM,0.01720791585521595
2025-03-07,YEM,0.05377369372670198
2025-03-08,YEM,0.016193130445868172
2025-03-09,YEM,0.0172381978294679
2025-03-10,YEM,0.020661911975358212
2025-03-11,YEM,0.01654489583352071
2025-03-12,YEM,0.01669758491329076
2025-03-13,YEM,0.01851771249710908
2025-03-14,YEM,0.01615043082168406
2025-03-15,YEM,0.06736065583573074
2025-03-16,YEM,0.1605445735453515
2025-03-17,YEM,0.02097642108789297
2025-03-18,YEM,0.012900250722440396
2025-03-19,YEM,0.012026290424257938
2025-03-20,YEM,0.016069708134528588
2025-03-21,YEM,0.011475778579346299
2025-03-22,YEM,0.01233483999674558
2025-03-23,YEM,0.01140049720473351
2025-03-24,YEM,0.01282826193023741
2025-03-25,YEM,0.01310386021974761
2025-03-26,YEM,0.01206508335577195
2025-03-27,YEM,0.018700066781580794
2025-03-28,YEM,0.027368621827926536
2024-07-01,IRQ,0.012021235544142752
2024-07-02,IRQ,0.01411308236526642
2024-07-03,IRQ,0.03728210306572166
2024-07-04,IRQ,0.019797793694802925
2024-07-05,IRQ,0.023601146741638303
2024-07-06,IRQ,0.059491492364585286
2024-07-07,IRQ,0.01806139754501616
2024-07-08,IRQ,0.018079653538521884
2024-07-09,IRQ,0.016301772443686236
2024-07-10,IRQ,0.018097694594241653
2024-07-11,IRQ,0.01899683534752114
2024-07-12,IRQ,0.07163411467798816
2024-07-13,IRQ,0.04849872259696292
2024-07-14,IRQ,0.0919092666586425
2024-07-15,IRQ,0.020339530306801364
2024-07-16,IRQ,0.015583674289503033
2024-07-17,IRQ,0.012427301155231569
2024-07-18,IRQ,0.015756380923599718
2024-07-19,IRQ,0.013521642786073653
2024-07-20,IRQ,0.018844154394343473
2024-07-21,IRQ,0.013893956686317389
2024-07-22,IRQ,0.015168459789790745
2024-07-23,IRQ,0.01311996787041822
2024-07-24,IRQ,0.013780983094511527
2024-07-25,IRQ,0.014083044117329748
2024-07-26,IRQ,0.036987823526964475
2024-07-27,IRQ,0.01512331080551948
2024-07-28,IRQ,0.019044162787912114
2024-07-29,IRQ,0.022427346693119164
2024-07-30,IRQ,0.08530692975273663
2024-07-31,IRQ,0.014551070264028148
2024-08-01,IRQ,0.017124258648725715
2024-08-02,IRQ,0.016627342290608697
2024-08-03,IRQ,0.01661402384916618
2024-08-04,IRQ,0.041938220160922565
2024-08-05,IRQ,0.018728213383424144
2024-08-06,IRQ,0.0220431313128757
2024-08-07,IRQ,0.01242870219803651
2024-08-08,IRQ,0.019227669406236478
2024-08-09,IRQ,0.012104361180005392
2024-08-10,IRQ,0.012384904695527894
2024-08-11,IRQ,0.013101334338178075
2024-08-12,IRQ,0.012556968398568454
2024-08-13,IRQ,0.013937701221446063
2024-08-14,IRQ,0.013458947346204748
2024-08-15,IRQ,0.014594165612689844
2024-08-16,IRQ,0.01328658590390246
2024-08-17,IRQ,0.011955269691379231
2024-08-18,IRQ,0.014527250273476754
2024-08-19,IRQ,0.013532903105853339
2024-08-20,IRQ,0.012921532738695772
2024-08-21,IRQ,0.06670473592540961
2024-08-22,IRQ,0.015353082671169454
2024-08-23,IRQ,0.016382312839681716
2024-08-24,IRQ,0.01413250674698332
2024-08-25,IRQ,0.017404552333868208
2024-08-26,IRQ,0.016822207423484364
2024-08-27,IRQ,0.08658597719205452
2024-08-28,IRQ,0.013716343832159219
2024-08-29,IRQ,0.06277145900037788
2024-08-30,IRQ,0.013607906715990924
2024-08-31,IRQ,0.022394893740446623
2024-09-01,IRQ,0.027925147608135296
2024-09-02,IRQ,0.06111399224515952
2024-09-03,IRQ,0.01321037886565033
2024-09-04,IRQ,0.015229835041867711
2024-09-05,IRQ,0.012282091607818141
2024-09-06,IRQ,0.011875424128510163
2024-09-07,IRQ,0.012170654900993541
2024-09-08,IRQ,0.011521654831758953
2024-09-09,IRQ,0.01158049859136006
2024-09-10,IRQ,0.011290960010153289
2024-09-11,IRQ,0.011881536018372937
2024-09-12,IRQ,0.013032413141925131
2024-09-13,IRQ,0.013030261885150236
2024-09-14,IRQ,0.014281285290509727
2024-09-15,IRQ,0.024410223686249344
2024-09-16,IRQ,0.013782166132617337
2024-09-17,IRQ,0.01238596216309037
2024-09-18,IRQ,0.05302868769241212
2024-09-19,IRQ,0.1006232966176619
2024-09-20,IRQ,0.035817732723707224
2024-09-21,IRQ,0.01644131363231979
2024-09-22,IRQ,0.018677773915883773
2024-09-23,IRQ,0.019480121257333703
2024-09-24,IRQ,0.01568052908829614
2024-09-25,IRQ,0.01489765567904438
2024-09-26,IRQ,0.012317457368406505
2024-09-27,IRQ,0.018021184182015117
2024-09-28,IRQ,0.011567970747108027
2024-09-29,IRQ,0.012131628101564231
2024-09-30,IRQ,0.01360475561967264
2024-10-01,IRQ,0.01909919122159355
2024-10-02,IRQ,0.012133225181068089
2024-10-03,IRQ,0.013669503776955673
2024-10-04,IRQ,0.014455345998783767
2024-10-05,IRQ,0.04060880435994261
2024-10-06,IRQ,0.013638667321764286
2024-10-07,IRQ,0.038790363735760634
2024-10-08,IRQ,0.014995731857360169
2024-10-09,IRQ,0.016446808927997766
2024-10-10,IRQ,0.06420729443375944
2024-10-11,IRQ,0.015127079062954307
2024-10-12,IRQ,0.01417373503249373
2024-10-13,IRQ,0.013660127310725061
2024-10-14,IRQ,0.014423255165937971
2024-10-15,IRQ,0.013199875151889794
2024-10-16,IRQ,0.013902814065255668
2024-10-17,IRQ,0.01758977249052613
2024-10-18,IRQ,0.013130961890084142
2024-10-19,IRQ,0.01334238315664067
2024-10-20,IRQ,0.031270673579251375
2024-10-21,IRQ,0.014686926626406686
2024-10-22,IRQ,0.08298158175659628
2024-10-23,IRQ,0.014863084952931671
2024-10-24,IRQ,0.05658688561996202
2024-10-25,IRQ,0.014467105582396392
2024-10-26,IRQ,0.014413383357617477
2024-10-27,IRQ,0.01421474080968086
2024-10-28,IRQ,0.030846859381184387
2024-10-29,IRQ,0.01880484621460167
2024-10-30,IRQ,0.012086180196402002
2024-10-31,IRQ,0.01163655737594139
2024-11-01,IRQ,0.012370587495589794
2024-11-02,IRQ,0.011988521867607724
2024-11-03,IRQ,0.01202611229675988
2024-11-04,IRQ,0.012408465000638306
2024-11-05,IRQ,0.012133152279794408
2024-11-06,IRQ,0.011780956606926964
2024-11-07,IRQ,0.015196229006521707
2024-11-08,IRQ,0.01345784343338551
2024-11-09,IRQ,0.029279576120381515
2024-11-10,IRQ,0.016296536424634148
2024-11-11,IRQ,0.0153312312506865
2024-11-12,IRQ,0.015485138946473192
2024-11-13,IRQ,0.017102852700700055
2024-11-14,IRQ,0.02041522926040826
2024-11-15,IRQ,0.021614188256367788
2024-11-16,IRQ,0.013965427930023635
2024-11-17,IRQ,0.01570335726549502
2024-11-18,IRQ,0.016143478639347092
2024-11-19,IRQ,0.016654150345218815
2024-11-20,IRQ,0.015650636392007013
2024-11-21,IRQ,0.012964114125402139
2024-11-22,IRQ,0.014477157754857608
2024-11-23,IRQ,0.016773208896848506
2024-11-24,IRQ,0.021095558715224925
2024-11-25,IRQ,0.02025501625051916
2024-11-26,IRQ,0.02140403492378063
2024-11-27,IRQ,0.02056412565552185
2024-11-28,IRQ,0.020569762514223166
2024-11-29,IRQ,0.01754734828719284
2024-11-30,IRQ,0.015195885877391423
2024-12-01,IRQ,0.01450018286274082
2024-12-02,IRQ,0.014902668575300329
2024-12-03,IRQ,0.017440682946050317
2024-12-04,IRQ,0.016935166440093196
2024-12-05,IRQ,0.015850048625335296
2024-12-06,IRQ,0.01512787862446578
2024-12-07,IRQ,0.01437364896197528
2024-12-08,IRQ,0.01529730271089743
2024-12-09,IRQ,0.020496710797625172
2024-12-10,IRQ,0.015233370948358993
2024-12-11,IRQ,0.01573005142906568
2024-12-12,IRQ,0.01337532359305458
2024-12-13,IRQ,0.018565158375146783
2024-12-14,IRQ,0.018958677976581163
2024-12-15,IRQ,0.014948506299095563
2024-12-16,IRQ,0.014981480955363816
2024-12-17,IRQ,0.019551028172318654
2024-12-18,IRQ,0.017048393653527037
2024-12-19,IRQ,0.016961150275006706
2024-12-20,IRQ,0.01433569899035248
2024-12-21,IRQ,0.013234060891776422
2024-12-22,IRQ,0.01472717597971035
2024-12-23,IRQ,0.01804373912024762
2024-12-24,IRQ,0.01843354523736728
2024-12-25,IRQ,0.1514473698221448
2024-12-26,IRQ,0.02079039018598597
2024-12-27,IRQ,0.01581121471384512
2024-12-28,IRQ,0.016951351827851197
2024-12-29,IRQ,0.06448280659962854
2024-12-30,IRQ,0.08938333701851027
2024-12-31,IRQ,0.01496992218736607
2025-01-01,IRQ,0.01594551894986561
2025-01-02,IRQ,0.01395385238448279
2025-01-03,IRQ,0.015804379724668895
2025-01-04,IRQ,0.01693363793075987
2025-01-05,IRQ,0.017055533845626237
2025-01-06,IRQ,0.047500554074470736
2025-01-07,IRQ,0.01326444847979877
2025-01-08,IRQ,0.012976791901794755
2025-01-09,IRQ,0.012356769654308179
2025-01-10,IRQ,0.022029506374251134
2025-01-11,IRQ,0.013903569756370606
2025-01-12,IRQ,0.015097709282461017
2025-01-13,IRQ,0.014591247042752208
2025-01-14,IRQ,0.012743764605131106
2025-01-15,IRQ,0.014106303238996032
2025-01-16,IRQ,0.012500007086139367
2025-01-17,IRQ,0.013620808276066954
2025-01-18,IRQ,0.011926247180721456
2025-01-19,IRQ,0.012874882686587992
2025-01-20,IRQ,0.013009809003644708
2025-01-21,IRQ,0.014247945164833803
2025-01-22,IRQ,0.013637358029202396
2025-01-23,IRQ,0.01529894931536332
2025-01-24,IRQ,0.042459482591518716
2025-01-25,IRQ,0.10042004798061963
2025-01-26,IRQ,0.021328794371314082
2025-01-27,IRQ,0.017157130757073827
2025-01-28,IRQ,0.01942255397917559
2025-01-29,IRQ,0.014186761044618213
2025-01-30,IRQ,0.0155547404848685
2025-01-31,IRQ,0.04211409246033868
2025-02-01,IRQ,0.026408549527104214
2025-02-02,IRQ,0.015602982100440668
2025-02-03,IRQ,0.03708040620483854
2025-02-04,IRQ,0.014109669002494763
2025-02-05,IRQ,0.01581875141035676
2025-02-06,IRQ,0.015887231710193597
2025-02-07,IRQ,0.011834279551796298
2025-02-08,IRQ,0.01287900950458166
2025-02-09,IRQ,0.011867010715382216
2025-02-10,IRQ,0.012701504275226223
2025-02-11,IRQ,0.011684484339763561
2025-02-12,IRQ,0.01847224277711869
2025-02-13,IRQ,0.012734278260685843
2025-02-14,IRQ,0.0177699243366855
2025-02-15,IRQ,0.017266465561887614
2025-02-16,IRQ,0.048696927545546956
2025-02-17,IRQ,0.018028326323571913
2025-02-18,IRQ,0.018209434540391235
2025-02-19,IRQ,0.039957342252115904
2025-02-20,IRQ,0.0795676292008857
2025-02-21,IRQ,0.01815684413878081
2025-02-22,IRQ,0.014117767639244638
2025-02-23,IRQ,0.013642472772333956
2025-02-24,IRQ,0.013675444855874137
2025-02-25,IRQ,0.0143908782268309
2025-02-26,IRQ,0.025107278801066467
2025-02-27,IRQ,0.056730017019118395
2025-02-28,IRQ,0.024445242393876774
2025-03-01,IRQ,0.014682000717756086
2025-03-02,IRQ,0.025386058152385267
2025-03-03,IRQ,0.014243676852076278
2025-03-04,IRQ,0.012817579206938483
2025-03-05,IRQ,0.019962976349793743
2025-03-06,IRQ,0.035334077932079454
2025-03-07,IRQ,0.036352550162689276
2025-03-08,IRQ,0.012671413980115238
2025-03-09,IRQ,0.014195646573150401
2025-03-10,IRQ,0.014210922149013254
2025-03-11,IRQ,0.014180936953319238
2025-03-12,IRQ,0.0676729317704247
2025-03-13,IRQ,0.02386341875367653
2025-03-14,IRQ,0.01914749815864002
2025-03-15,IRQ,0.020097206890576192
2025-03-16,IRQ,0.015154995336787354
2025-03-17,IRQ,0.03528471489994541
2025-03-18,IRQ,0.013440020716935449
2025-03-19,IRQ,0.02834038505227796
2025-03-20,IRQ,0.014023192765615741
2025-03-21,IRQ,0.01601214749318916
2025-03-22,IRQ,0.08601782340931337
2025-03-23,IRQ,0.03535340764458968
2025-03-24,IRQ,0.016049859017234984
2025-03-25,IRQ,0.015893270189964923
2025-03-26,IRQ,0.01925373630157309
2025-03-27,IRQ,0.07252233084995112
2025-03-28,IRQ,0.016055998248287618
2024-07-01,LBN,0.013885519194530883
2024-07-02,LBN,0.013455695141880462
2024-07-03,LBN,0.013041213887824907
2024-07-04,LBN,0.01365047635789893
2024-07-05,LBN,0.012213574932167643
2024-07-06,LBN,0.012638869495682083
2024-07-07,LBN,0.012377934542676654
2024-07-08,LBN,0.012052501100195056
2024-07-09,LBN,0.012317063813859186
2024-07-10,LBN,0.011667718124689641
2024-07-11,LBN,0.012241541171388115
2024-07-12,LBN,0.012448438027053903
2024-07-13,LBN,0.02661272993089602
2024-07-14,LBN,0.01294315936303868
2024-07-15,LBN,0.01436200989588574
2024-07-16,LBN,0.023950775391904974
2024-07-17,LBN,0.01552548273479864
2024-07-18,LBN,0.023994147654255883
2024-07-19,LBN,0.01484439053006496
2024-07-20,LBN,0.014751381358602931
2024-07-21,LBN,0.012838969049526458
2024-07-22,LBN,0.011785631450227289
2024-07-23,LBN,0.012293697308965559
2024-07-24,LBN,0.01163509047634579
2024-07-25,LBN,0.01169997018342353
2024-07-26,LBN,0.012096065825240773
2024-07-27,LBN,0.03497733424870678
2024-07-28,LBN,0.01412097600092354
2024-07-29,LBN,0.07643233423650694
2024-07-30,LBN,0.0749211123161108
2024-07-31,LBN,0.021873137547508466
2024-08-01,LBN,0.04106637439774393
2024-08-02,LBN,0.015433453167766065
2024-08-03,LBN,0.018879247470988327
2024-08-04,LBN,0.025023308904688592
2024-08-05,LBN,0.02870504656264441
2024-08-06,LBN,0.03894216729071063
2024-08-07,LBN,0.013366360668832534
2024-08-08,LBN,0.01166624624515946
2024-08-09,LBN,0.022114932690980135
2024-08-10,LBN,0.011525552864062025
2024-08-11,LBN,0.018909998700920097
2024-08-12,LBN,0.011322277806543601
2024-08-13,LBN,0.011439097958261873
2024-08-14,LBN,0.011648232826157394
2024-08-15,LBN,0.011439352283146258
2024-08-16,LBN,0.01134010203997148
2024-08-17,LBN,0.034095876322679936
2024-08-18,LBN,0.03614632012857181
2024-08-19,LBN,0.03304695755419786
2024-08-20,LBN,0.04639472345432239
2024-08-21,LBN,0.0398675381959997
2024-08-22,LBN,0.02588287126031417
2024-08-23,LBN,0.03893950768786744
2024-08-24,LBN,0.01175673960583375
2024-08-25,LBN,0.0546100928272752
2024-08-26,LBN,0.048427846424071476
2024-08-27,LBN,0.014388660861051556
2024-08-28,LBN,0.01674824207333118
2024-08-29,LBN,0.011560969411668481
2024-08-30,LBN,0.011881437123410492
2024-08-31,LBN,0.02462519395195178
2024-09-01,LBN,0.012196937029555125
2024-09-02,LBN,0.012247566333810488
2024-09-03,LBN,0.024908962729223348
2024-09-04,LBN,0.02195662850356758
2024-09-05,LBN,0.011661341404808226
2024-09-06,LBN,0.01388100263828374
2024-09-07,LBN,0.014131909230183606
2024-09-08,LBN,0.030250411186645197
2024-09-09,LBN,0.01383356545334436
2024-09-10,LBN,0.013903689680178702
2024-09-11,LBN,0.03653627964976384
2024-09-12,LBN,0.01824693622204927
2024-09-13,LBN,0.013621664353795566
2024-09-14,LBN,0.011435186162185277
2024-09-15,LBN,0.018419031933888632
2024-09-16,LBN,0.01187198296067933
2024-09-17,LBN,0.08144932486353104
2024-09-18,LBN,0.16145835068270709
2024-09-19,LBN,0.11425405420014052
2024-09-20,LBN,0.1135411898414599
2024-09-21,LBN,0.08764377696777764
2024-09-22,LBN,0.07153079902844027
2024-09-23,LBN,0.0685481477831983
2024-09-24,LBN,0.05714769660799702
2024-09-25,LBN,0.028344527995420588
2024-09-26,LBN,0.03939515237361286
2024-09-27,LBN,0.013643292993692569
2024-09-28,LBN,0.013525582685965248
2024-09-29,LBN,0.016898377146596828
2024-09-30,LBN,0.02257388342473982
2024-10-01,LBN,0.02113369715403995
2024-10-02,LBN,0.01974499518181688
2024-10-03,LBN,0.021466492078219296
2024-10-04,LBN,0.017869933557380462
2024-10-05,LBN,0.015795496635701522
2024-10-06,LBN,0.016118846868250873
2024-10-07,LBN,0.01588354866538211
2024-10-08,LBN,0.016455972817960452
2024-10-09,LBN,0.014456532228037097
2024-10-10,LBN,0.014832453507270527
2024-10-11,LBN,0.015702929061397277
2024-10-12,LBN,0.018886561616162874
2024-10-13,LBN,0.03972345181926634
2024-10-14,LBN,0.04615527687178407
2024-10-15,LBN,0.05188509428406445
2024-10-16,LBN,0.055848213836891106
2024-10-17,LBN,0.04881769492869279
2024-10-18,LBN,0.07005919410449317
2024-10-19,LBN,0.04641911963600531
2024-10-20,LBN,0.04093401140852841
2024-10-21,LBN,0.047710828384204124
2024-10-22,LBN,0.0461863247680906
2024-10-23,LBN,0.03808093721833675
2024-10-24,LBN,0.06192313356133083
2024-10-25,LBN,0.055217351915832456
2024-10-26,LBN,0.036037706215101065
2024-10-27,LBN,0.02476112456720648
2024-10-28,LBN,0.04176015936974349
2024-10-29,LBN,0.03560581474177708
2024-10-30,LBN,0.03538963756839237
2024-10-31,LBN,0.027300336975933922
2024-11-01,LBN,0.03461651630587088
2024-11-02,LBN,0.029914778134865216
2024-11-03,LBN,0.020856511566456216
2024-11-04,LBN,0.021015392830267925
2024-11-05,LBN,0.03507215374004645
2024-11-06,LBN,0.02912848816711354
2024-11-07,LBN,0.0307430438007377
2024-11-08,LBN,0.022985746062011876
2024-11-09,LBN,0.027994473000745677
2024-11-10,LBN,0.03924713826412167
2024-11-11,LBN,0.03703790786078656
2024-11-12,LBN,0.026455897856106924
2024-11-13,LBN,0.020706862192136844
2024-11-14,LBN,0.02949117022182363
2024-11-15,LBN,0.02428792622581632
2024-11-16,LBN,0.026420483323881597
2024-11-17,LBN,0.028647357346330653
2024-11-18,LBN,0.025266793982953478
2024-11-19,LBN,0.031661079130290606
2024-11-20,LBN,0.035381345386578715
2024-11-21,LBN,0.03671436927750139
2024-11-22,LBN,0.030075712573397854
2024-11-23,LBN,0.03702354419992458
2024-11-24,LBN,0.01931855232369428
2024-11-25,LBN,0.020583606886848616
2024-11-26,LBN,0.08600575000252403
2024-11-27,LBN,0.039287713886627676
2024-11-28,LBN,0.025806927769952814
2024-11-29,LBN,0.01536755096493513
2024-11-30,LBN,0.020790034451840245
2024-12-01,LBN,0.019147302051596142
2024-12-02,LBN,0.03370614758329124
2024-12-03,LBN,0.017529032277113492
2024-12-04,LBN,0.02149787662379614
2024-12-05,LBN,0.02336011099522548
2024-12-06,LBN,0.023050323871471823
2024-12-07,LBN,0.02525368022210328
2024-12-08,LBN,0.024769699317484267
2024-12-09,LBN,0.024165131864891817
2024-12-10,LBN,0.02501754111859874
2024-12-11,LBN,0.028412111518308917
2024-12-12,LBN,0.020917311851604926
2024-12-13,LBN,0.018893756779944745
2024-12-14,LBN,0.020002163514869754
2024-12-15,LBN,0.020766354864850848
2024-12-16,LBN,0.017782633771358525
2024-12-17,LBN,0.012007209957704532
2024-12-18,LBN,0.022553837872134032
2024-12-19,LBN,0.026873801213410903
2024-12-20,LBN,0.020088258180215923
2024-12-21,LBN,0.03255335257367045
2024-12-22,LBN,0.055336126541495285
2024-12-23,LBN,0.05362563190831504
2024-12-24,LBN,0.014302462700301059
2024-12-25,LBN,0.019339985046320115
2024-12-26,LBN,0.06462482892596469
2024-12-27,LBN,0.025571545538569745
2024-12-28,LBN,0.03191749381005814
2024-12-29,LBN,0.027319974863835843
2024-12-30,LBN,0.013827459451457934
2024-12-31,LBN,0.016039709311642454
2025-01-01,LBN,0.012391905484631045
2025-01-02,LBN,0.012061405643439847
2025-01-03,LBN,0.024720294489636283
2025-01-04,LBN,0.01766398854977875
2025-01-05,LBN,0.012985721239695297
2025-01-06,LBN,0.022038093243152933
2025-01-07,LBN,0.07250034350822371
2025-01-08,LBN,0.03050670927179034
2025-01-09,LBN,0.2285151263757398
2025-01-10,LBN,0.27327986785935265
2025-01-11,LBN,0.013552007851997405
2025-01-12,LBN,0.013657362122811545
2025-01-13,LBN,0.01413328574848696
2025-01-14,LBN,0.01146554100599757
2025-01-15,LBN,0.012594836530539458
2025-01-16,LBN,0.011796770409377882
2025-01-17,LBN,0.018499880871442418
2025-01-18,LBN,0.012205259315808051
2025-01-19,LBN,0.01664038627683058
2025-01-20,LBN,0.011763333425540222
2025-01-21,LBN,0.012169753202903233
2025-01-22,LBN,0.01238112768150668
2025-01-23,LBN,0.011736424709465587
2025-01-24,LBN,0.07054533112336003
2025-01-25,LBN,0.11159569272653747
2025-01-26,LBN,0.27602354030176496
2025-01-27,LBN,0.27387209435320703
2025-01-28,LBN,0.2616099821427314
2025-01-29,LBN,0.207631668642947
2025-01-30,LBN,0.1279938594698453
2025-01-31,LBN,0.16347627167505835
2025-02-01,LBN,0.10646584676834944
2025-02-02,LBN,0.06897487953899507
2025-02-03,LBN,0.013754671666983683
2025-02-04,LBN,0.011754354601968383
2025-02-05,LBN,0.011816822443246534
2025-02-06,LBN,0.011836888931301536
2025-02-07,LBN,0.020778778019910224
2025-02-08,LBN,0.05614189335402993
2025-02-09,LBN,0.027146131760797377
2025-02-10,LBN,0.012928308582998057
2025-02-11,LBN,0.01204614648216024
2025-02-12,LBN,0.01770417259635122
2025-02-13,LBN,0.015151842960799829
2025-02-14,LBN,0.013144411491075344
2025-02-15,LBN,0.02520981720617836
2025-02-16,LBN,0.024484447898299382
2025-02-17,LBN,0.014444833490709175
2025-02-18,LBN,0.031951568677387056
2025-02-19,LBN,0.02674280442750793
2025-02-20,LBN,0.014414337581613283
2025-02-21,LBN,0.011878916481958176
2025-02-22,LBN,0.013332857119665312
2025-02-23,LBN,0.02034182144568657
2025-02-24,LBN,0.012249408872800073
2025-02-25,LBN,0.01252401523284958
2025-02-26,LBN,0.012228774943442116
2025-02-27,LBN,0.012484310883504594
2025-02-28,LBN,0.012545196852371102
2025-03-01,LBN,0.015272296388551113
2025-03-02,LBN,0.03155407147921073
2025-03-03,LBN,0.168176340837885
2025-03-04,LBN,0.01507480813891745
2025-03-05,LBN,0.014316887738031183
2025-03-06,LBN,0.030021579477200005
2025-03-07,LBN,0.07378105555509296
2025-03-08,LBN,0.017557128019658117
2025-03-09,LBN,0.018978651897306846
2025-03-10,LBN,0.019639297356632803
2025-03-11,LBN,0.04008121190135221
2025-03-12,LBN,0.014934683583177172
2025-03-13,LBN,0.017611910811377564
2025-03-14,LBN,0.017414177533227618
2025-03-15,LBN,0.01719916719312989
2025-03-16,LBN,0.060605024928421625
2025-03-17,LBN,0.08909707473242337
2025-03-18,LBN,0.16215026484335873
2025-03-19,LBN,0.05175285067201243
2025-03-20,LBN,0.016338952723227183
2025-03-21,LBN,0.018691293398708266
2025-03-22,LBN,0.04801595434489127
2025-03-23,LBN,0.01141402121546184
2025-03-24,LBN,0.011270738478265215
2025-03-25,LBN,0.011346613787859743
2025-03-26,LBN,0.011383326047705708
2025-03-27,LBN,0.022750464731750762
2025-03-28,LBN,0.014344116386867826
2024-07-01,IRN,0.026718825799364854
2024-07-02,IRN,0.03457610916006782
2024-07-03,IRN,0.02519467979958442
2024-07-04,IRN,0.024751621781068007
2024-07-05,IRN,0.11871536389878674
2024-07-06,IRN,0.017657070948901597
2024-07-07,IRN,0.017123695768156717
2024-07-08,IRN,0.015488597475616123
2024-07-09,IRN,0.018309142423811823
2024-07-10,IRN,0.017193912075499643
2024-07-11,IRN,0.016305308428904153
2024-07-12,IRN,0.018541399877069098
2024-07-13,IRN,0.13083309944335667
2024-07-14,IRN,0.07886965608393293
2024-07-15,IRN,0.09160903014763257
2024-07-16,IRN,0.015713745759408978
2024-07-17,IRN,0.08057094368903875
2024-07-18,IRN,0.03752012829698251
2024-07-19,IRN,0.014971935226422477
2024-07-20,IRN,0.012575608086281586
2024-07-21,IRN,0.015236537918754964
2024-07-22,IRN,0.013943843088300312
2024-07-23,IRN,0.11785419548840655
2024-07-24,IRN,0.013853796863757687
2024-07-25,IRN,0.01629070619265655
2024-07-26,IRN,0.014118519936628349
2024-07-27,IRN,0.013167317407409472
2024-07-28,IRN,0.01395319432386577
2024-07-29,IRN,0.013914274059671597
2024-07-30,IRN,0.01550994484551358
2024-07-31,IRN,0.1004206613084046
2024-08-01,IRN,0.1302284890613735
2024-08-02,IRN,0.07218190264110916
2024-08-03,IRN,0.0780541822825765
2024-08-04,IRN,0.07836901928382012
2024-08-05,IRN,0.16591222806784964
2024-08-06,IRN,0.0859414293065807
2024-08-07,IRN,0.015732297708725387
2024-08-08,IRN,0.013578471133889457
2024-08-09,IRN,0.015087836396321776
2024-08-10,IRN,0.011673089478490817
2024-08-11,IRN,0.012470192808530749
2024-08-12,IRN,0.012087616362479917
2024-08-13,IRN,0.011765603073328213
2024-08-14,IRN,0.017783610743877847
2024-08-15,IRN,0.015226778932544552
2024-08-16,IRN,0.09698518382780755
2024-08-17,IRN,0.05493288761152653
2024-08-18,IRN,0.02313081021530549
2024-08-19,IRN,0.10006864126721832
2024-08-20,IRN,0.06883564562076143
2024-08-21,IRN,0.10476473155174344
2024-08-22,IRN,0.07083769171786633
2024-08-23,IRN,0.039965850257105556
2024-08-24,IRN,0.033008300682758736
2024-08-25,IRN,0.01832719822307643
2024-08-26,IRN,0.019102156676194176
2024-08-27,IRN,0.018966930481487138
2024-08-28,IRN,0.06187104403661126
2024-08-29,IRN,0.02820671170659252
2024-08-30,IRN,0.018150914507794144
2024-08-31,IRN,0.01665208056767625
2024-09-01,IRN,0.01618526478721882
2024-09-02,IRN,0.026979173486303114
2024-09-03,IRN,0.022373343050478032
2024-09-04,IRN,0.016599966397328487
2024-09-05,IRN,0.025778011889603387
2024-09-06,IRN,0.06786628250391999
2024-09-07,IRN,0.11735273317019113
2024-09-08,IRN,0.06762062311269677
2024-09-09,IRN,0.0415522784627583
2024-09-10,IRN,0.02527050323863952
2024-09-11,IRN,0.02526227349089782
2024-09-12,IRN,0.05359715839386572
2024-09-13,IRN,0.07243656731118593
2024-09-14,IRN,0.018279735153705193
2024-09-15,IRN,0.027700033240976373
2024-09-16,IRN,0.017751772462454324
2024-09-17,IRN,0.03040694746768705
2024-09-18,IRN,0.01754657920660451
2024-09-19,IRN,0.030120660142356363
2024-09-20,IRN,0.012703073169658284
2024-09-21,IRN,0.013535210680862442
2024-09-22,IRN,0.013803397516460066
2024-09-23,IRN,0.0147340899580901
2024-09-24,IRN,0.014299216502386738
2024-09-25,IRN,0.01707840031213116
2024-09-26,IRN,0.014173406471247416
2024-09-27,IRN,0.02574879240966138
2024-09-28,IRN,0.014674027029073167
2024-09-29,IRN,0.04222736046789008
2024-09-30,IRN,0.043527463554872976
2024-10-01,IRN,0.1991236028496212
2024-10-02,IRN,0.06501784760172136
2024-10-03,IRN,0.0942999690627637
2024-10-04,IRN,0.01247893656518964
2024-10-05,IRN,0.014334410387530437
2024-10-06,IRN,0.011426309009136873
2024-10-07,IRN,0.025702604189895235
2024-10-08,IRN,0.018494506330521028
2024-10-09,IRN,0.011814930722248845
2024-10-10,IRN,0.012129957115532091
2024-10-11,IRN,0.012521100678838227
2024-10-12,IRN,0.012842144722109485
2024-10-13,IRN,0.07963059485783304
2024-10-14,IRN,0.10143717545483007
2024-10-15,IRN,0.012320601842545553
2024-10-16,IRN,0.014083803738564134
2024-10-17,IRN,0.01484095011571498
2024-10-18,IRN,0.048528876689506464
2024-10-19,IRN,0.01486767850927356
2024-10-20,IRN,0.012579488837772296
2024-10-21,IRN,0.012537650671483902
2024-10-22,IRN,0.022863251229851014
2024-10-23,IRN,0.012683113660688512
2024-10-24,IRN,0.013041793522566798
2024-10-25,IRN,0.013577204607575086
2024-10-26,IRN,0.12354506560563562
2024-10-27,IRN,0.10832602261470729
2024-10-28,IRN,0.1830549369099173
2024-10-29,IRN,0.06618810084211438
2024-10-30,IRN,0.1095821262749927
2024-10-31,IRN,0.12579522279507172
2024-11-01,IRN,0.16602998344623945
2024-11-02,IRN,0.02613391593836365
2024-11-03,IRN,0.022805930939901915
2024-11-04,IRN,0.013059371202858357
2024-11-05,IRN,0.08695101445548985
2024-11-06,IRN,0.015995676719031533
2024-11-07,IRN,0.012048084798526891
2024-11-08,IRN,0.01796659948587752
2024-11-09,IRN,0.038278086330732375
2024-11-10,IRN,0.016302412335610247
2024-11-11,IRN,0.012925507641829809
2024-11-12,IRN,0.012660872033400206
2024-11-13,IRN,0.012292653645876549
2024-11-14,IRN,0.017218736370803542
2024-11-15,IRN,0.013779129155300333
2024-11-16,IRN,0.013534954514205638
2024-11-17,IRN,0.012276755056299372
2024-11-18,IRN,0.014545119026504594
2024-11-19,IRN,0.02796483921081017
2024-11-20,IRN,0.013254386981765603
2024-11-21,IRN,0.012025151353945954
2024-11-22,IRN,0.015756352743079363
2024-11-23,IRN,0.011604578751713737
2024-11-24,IRN,0.01199261732728285
2024-11-25,IRN,0.012157356102430817
2024-11-26,IRN,0.015134462450812177
2024-11-27,IRN,0.012727973958091129
2024-11-28,IRN,0.022579556883874443
2024-11-29,IRN,0.014162790547529553
2024-11-30,IRN,0.01471401967782194
2024-12-01,IRN,0.013792440958919574
2024-12-02,IRN,0.017281786555709618
2024-12-03,IRN,0.0527800183690394
2024-12-04,IRN,0.18523605992002773
2024-12-05,IRN,0.034355980093096136
2024-12-06,IRN,0.17523039308857238
2024-12-07,IRN,0.15776280461094477
2024-12-08,IRN,0.1207203280501756
2024-12-09,IRN,0.18263565887600575
2024-12-10,IRN,0.17952394670223248
2024-12-11,IRN,0.013031187568220573
2024-12-12,IRN,0.012336494017258018
2024-12-13,IRN,0.012213812235799834
2024-12-14,IRN,0.012523999806832749
2024-12-15,IRN,0.012583204945176294
2024-12-16,IRN,0.01290812603898287
2024-12-17,IRN,0.014347343760827915
2024-12-18,IRN,0.03309553265441923
2024-12-19,IRN,0.060073807861221545
2024-12-20,IRN,0.17175084868224746
2024-12-21,IRN,0.024115780176249
2024-12-22,IRN,0.035051896184962836
2024-12-23,IRN,0.03365040394279816
2024-12-24,IRN,0.029323008543294424
2024-12-25,IRN,0.11894599667272908
2024-12-26,IRN,0.01447175741818219
2024-12-27,IRN,0.012570661154677988
2024-12-28,IRN,0.017202738561945964
2024-12-29,IRN,0.012658877808738794
2024-12-30,IRN,0.01286132622716796
2024-12-31,IRN,0.017000888643994686
2025-01-01,IRN,0.012931454752361871
2025-01-02,IRN,0.01390094572976629
2025-01-03,IRN,0.06594532034747487
2025-01-04,IRN,0.018549030441452164
2025-01-05,IRN,0.015588083509383533
2025-01-06,IRN,0.05679091407721024
2025-01-07,IRN,0.014870528092517375
2025-01-08,IRN,0.012270478472205335
2025-01-09,IRN,0.013256922654159722
2025-01-10,IRN,0.013377746895614946
2025-01-11,IRN,0.013288555418934811
2025-01-12,IRN,0.0178116529563507
2025-01-13,IRN,0.03646270476812058
2025-01-14,IRN,0.053192535564480045
2025-01-15,IRN,0.08570960509549123
2025-01-16,IRN,0.03483126166173813
2025-01-17,IRN,0.05592512230083499
2025-01-18,IRN,0.17722052225613819
2025-01-19,IRN,0.12103270053358045
2025-01-20,IRN,0.07336055726220576
2025-01-21,IRN,0.06002836341650347
2025-01-22,IRN,0.0754300214945175
2025-01-23,IRN,0.08577081858898111
2025-01-24,IRN,0.08447448485947116
2025-01-25,IRN,0.09157731801105488
2025-01-26,IRN,0.023121058962762103
2025-01-27,IRN,0.014249098324411675
2025-01-28,IRN,0.016922019369460313
2025-01-29,IRN,0.014820258062254395
2025-01-30,IRN,0.09203918370888672
2025-01-31,IRN,0.013725240517076596
2025-02-01,IRN,0.017729789429326043
2025-02-02,IRN,0.018109514032902695
2025-02-03,IRN,0.017133929482199165
2025-02-04,IRN,0.014006624138046563
2025-02-05,IRN,0.01757440282094176
2025-02-06,IRN,0.01671920876396389
2025-02-07,IRN,0.018071733848323
2025-02-08,IRN,0.044363512881422144
2025-02-09,IRN,0.09683221372036002
2025-02-10,IRN,0.09618654985228701
2025-02-11,IRN,0.09101566059885949
2025-02-12,IRN,0.0874387892280907
2025-02-13,IRN,0.1458563460698766
2025-02-14,IRN,0.22579388228516323
2025-02-15,IRN,0.14674979894487805
2025-02-16,IRN,0.15086475096590404
2025-02-17,IRN,0.1427082978647916
2025-02-18,IRN,0.16466314946189645
2025-02-19,IRN,0.20612014802292913
2025-02-20,IRN,0.09296650503940253
2025-02-21,IRN,0.0826900824484004
2025-02-22,IRN,0.12458299715898093
2025-02-23,IRN,0.10825843768098366
2025-02-24,IRN,0.09904330132147203
2025-02-25,IRN,0.15180871578564564
2025-02-26,IRN,0.11088883959960064
2025-02-27,IRN,0.2263834562549102
2025-02-28,IRN,0.13521194195587355
2025-03-01,IRN,0.17499739687548244
2025-03-02,IRN,0.015854292747071008
2025-03-03,IRN,0.01599521617770169
2025-03-04,IRN,0.018610504964640978
2025-03-05,IRN,0.020812131994699085
2025-03-06,IRN,0.013500288588678013
2025-03-07,IRN,0.0182231036040633
2025-03-08,IRN,0.013259675114822244
2025-03-09,IRN,0.013194421405361785
2025-03-10,IRN,0.013524489284616184
2025-03-11,IRN,0.01415849947149498
2025-03-12,IRN,0.015620341202487703
2025-03-13,IRN,0.012383989219985231
2025-03-14,IRN,0.0174232235974673
2025-03-15,IRN,0.01638336779451188
2025-03-16,IRN,0.015269762734828095
2025-03-17,IRN,0.01442902119047949
2025-03-18,IRN,0.017319086278745215
2025-03-19,IRN,0.012296302209826807
2025-03-20,IRN,0.014511224751126374
2025-03-21,IRN,0.014350900667697097
2025-03-22,IRN,0.013342032421028042
2025-03-23,IRN,0.012722039334838538
2025-03-24,IRN,0.01255298326187281
2025-03-25,IRN,0.013019801011894847
2025-03-26,IRN,0.014186397499572538
2025-03-27,IRN,0.014520995585365891
2025-03-28,IRN,0.016261226811704887
2024-07-01,TUR,0.01215867935564613
2024-07-02,TUR,0.012353229341951058
2024-07-03,TUR,0.01217868383424
2024-07-04,TUR,0.12492432338140749
2024-07-05,TUR,0.13593002201099436
2024-07-06,TUR,0.09380358404258489
2024-07-07,TUR,0.1833774355471722
2024-07-08,TUR,0.12408141968291285
2024-07-09,TUR,0.10077230182888934
2024-07-10,TUR,0.08880411676026628
2024-07-11,TUR,0.10408055019509614
2024-07-12,TUR,0.101293179948744
2024-07-13,TUR,0.11083727546713437
2024-07-14,TUR,0.10844499113997912
2024-07-15,TUR,0.10559886401910466
2024-07-16,TUR,0.14416541465541868
2024-07-17,TUR,0.14509651975845936
2024-07-18,TUR,0.11289011712078771
2024-07-19,TUR,0.06122105533396807
2024-07-20,TUR,0.04443159672660875
2024-07-21,TUR,0.019390584895950094
2024-07-22,TUR,0.019049089976074025
2024-07-23,TUR,0.07692033939413177
2024-07-24,TUR,0.08623413878345741
2024-07-25,TUR,0.1584316947135044
2024-07-26,TUR,0.058577172714719246
2024-07-27,TUR,0.1151890741098906
2024-07-28,TUR,0.060837691808620135
2024-07-29,TUR,0.21406225130925166
2024-07-30,TUR,0.11915817640055335
2024-07-31,TUR,0.13385320645259902
2024-08-01,TUR,0.015963837060903045
2024-08-02,TUR,0.015506160175930464
2024-08-03,TUR,0.014217846651763363
2024-08-04,TUR,0.013492835528531446
2024-08-05,TUR,0.01198389651840215
2024-08-06,TUR,0.011831894091545529
2024-08-07,TUR,0.011416527060662459
2024-08-08,TUR,0.01621503587653536
2024-08-09,TUR,0.0168256162878791
2024-08-10,TUR,0.014045653930714493
2024-08-11,TUR,0.014678276526674609
2024-08-12,TUR,0.01831376299761999
2024-08-13,TUR,0.014401870628265982
2024-08-14,TUR,0.1870858672379439
2024-08-15,TUR,0.055319635597506946
2024-08-16,TUR,0.05169629280398247
2024-08-17,TUR,0.021682530542897774
2024-08-18,TUR,0.060411349841045965
2024-08-19,TUR,0.017605353163079318
2024-08-20,TUR,0.019534395005172695
2024-08-21,TUR,0.014604214637447925
2024-08-22,TUR,0.014685996164629933
2024-08-23,TUR,0.022591655906802656
2024-08-24,TUR,0.024716131632700096
2024-08-25,TUR,0.017739416649588096
2024-08-26,TUR,0.12087285670788209
2024-08-27,TUR,0.13504229020030742
2024-08-28,TUR,0.06544311737696029
2024-08-29,TUR,0.16463894291142353
2024-08-30,TUR,0.2989123803880422
2024-08-31,TUR,0.07460819560266597
2024-09-01,TUR,0.22814203384289117
2024-09-02,TUR,0.15041171674434914
2024-09-03,TUR,0.1446369607019107
2024-09-04,TUR,0.03209247662093844
2024-09-05,TUR,0.13908783244825845
2024-09-06,TUR,0.017205285892747637
2024-09-07,TUR,0.012702836248436197
2024-09-08,TUR,0.014209619506133813
2024-09-09,TUR,0.014945593122971616
2024-09-10,TUR,0.014709639774046063
2024-09-11,TUR,0.0848916092594753
2024-09-12,TUR,0.01858186641611892
2024-09-13,TUR,0.15442864346051594
2024-09-14,TUR,0.18847302729246013
2024-09-15,TUR,0.22899256985603986
2024-09-16,TUR,0.18541851431918413
2024-09-17,TUR,0.1536707359218722
2024-09-18,TUR,0.1137487577069685
2024-09-19,TUR,0.05856692255318395
2024-09-20,TUR,0.07975252992377806
2024-09-21,TUR,0.17107495740053225
2024-09-22,TUR,0.03112631086742074
2024-09-23,TUR,0.01653019424310473
2024-09-24,TUR,0.016743725509657532
2024-09-25,TUR,0.01428117079027313
2024-09-26,TUR,0.014970951205810233
2024-09-27,TUR,0.014372145431492239
2024-09-28,TUR,0.020194812998807887
2024-09-29,TUR,0.03640847678893702
2024-09-30,TUR,0.08431932623250162
2024-10-01,TUR,0.01959822293419145
2024-10-02,TUR,0.01652696623120259
2024-10-03,TUR,0.01871447913302023
2024-10-04,TUR,0.025492609213525454
2024-10-05,TUR,0.02272275657855053
2024-10-06,TUR,0.02476992785302118
2024-10-07,TUR,0.023674037764290945
2024-10-08,TUR,0.025133462476536767
2024-10-09,TUR,0.21131291969858743
2024-10-10,TUR,0.11433449455307815
2024-10-11,TUR,0.18376495181631272
2024-10-12,TUR,0.14651900044621902
2024-10-13,TUR,0.2282441222860603
2024-10-14,TUR,0.1737704818034082
2024-10-15,TUR,0.11185994445126028
2024-10-16,TUR,0.21610270928022235
2024-10-17,TUR,0.12509200028527723
2024-10-18,TUR,0.34207890231225596
2024-10-19,TUR,0.12176473523481783
2024-10-20,TUR,0.1517902461914915
2024-10-21,TUR,0.276574589313082
2024-10-22,TUR,0.22238392646169705
2024-10-23,TUR,0.34285549486221006
2024-10-24,TUR,0.27564514384815575
2024-10-25,TUR,0.19330526263612308
2024-10-26,TUR,0.32720581782436525
2024-10-27,TUR,0.1829144861871016
2024-10-28,TUR,0.22991317563032224
2024-10-29,TUR,0.17226520870423048
2024-10-30,TUR,0.012004659387071178
2024-10-31,TUR,0.012011120145005688
2024-11-01,TUR,0.011943189526875108
2024-11-02,TUR,0.011711434759022109
2024-11-03,TUR,0.011398964831942778
2024-11-04,TUR,0.01199659468861191
2024-11-05,TUR,0.011496248903759523
2024-11-06,TUR,0.12212424258798056
2024-11-07,TUR,0.10924130943204108
2024-11-08,TUR,0.10186977765477054
2024-11-09,TUR,0.08546830337118015
2024-11-10,TUR,0.14140459064787203
2024-11-11,TUR,0.1424503718506357
2024-11-12,TUR,0.050810101797525806
2024-11-13,TUR,0.05348700186825863
2024-11-14,TUR,0.045808343844286115
2024-11-15,TUR,0.05191918993207003
2024-11-16,TUR,0.038919235001103517
2024-11-17,TUR,0.0781476008378607
2024-11-18,TUR,0.10154268784985235
2024-11-19,TUR,0.10344424358429559
2024-11-20,TUR,0.15163842084105317
2024-11-21,TUR,0.09978103513489311
2024-11-22,TUR,0.16358366145577918
2024-11-23,TUR,0.1932413901308019
2024-11-24,TUR,0.20513039572270853
2024-11-25,TUR,0.18913641410980214
2024-11-26,TUR,0.12838762086825337
2024-11-27,TUR,0.11540631305995644
2024-11-28,TUR,0.12393155615989021
2024-11-29,TUR,0.17164567544280232
2024-11-30,TUR,0.1317950089910481
2024-12-01,TUR,0.05444452634502269
2024-12-02,TUR,0.07696586512310424
2024-12-03,TUR,0.175882740992958
2024-12-04,TUR,0.09909066190151557
2024-12-05,TUR,0.0629641509905383
2024-12-06,TUR,0.05840293975759224
2024-12-07,TUR,0.04563350944015452
2024-12-08,TUR,0.09562448793075114
2024-12-09,TUR,0.06988284840050651
2024-12-10,TUR,0.13571868323186784
2024-12-11,TUR,0.11790237348151426
2024-12-12,TUR,0.08052085067678165
2024-12-13,TUR,0.05650140071019031
2024-12-14,TUR,0.027571041655202213
2024-12-15,TUR,0.031370008006683325
2024-12-16,TUR,0.031370008006683325
2024-12-17,TUR,0.08508508990590775
2024-12-18,TUR,0.06421622360016453
2024-12-19,TUR,0.026036405756568366
2024-12-20,TUR,0.03120405210206542
2024-12-21,TUR,0.04517143101594447
2024-12-22,TUR,0.05187425159460214
2024-12-23,TUR,0.13986127421458905
2024-12-24,TUR,0.061890387547081704
2024-12-25,TUR,0.1515201257952015
2024-12-26,TUR,0.1258790842681971
2024-12-27,TUR,0.20205367808104546
2024-12-28,TUR,0.04959237659970694
2024-12-29,TUR,0.1227126379477161
2024-12-30,TUR,0.07964360346503513
2024-12-31,TUR,0.037077387840894094
2025-01-01,TUR,0.056751458543136575
2025-01-02,TUR,0.027640295540336524
2025-01-03,TUR,0.04643496592292982
2025-01-04,TUR,0.06792233573530294
2025-01-05,TUR,0.07632470704707951
2025-01-06,TUR,0.07476205568629253
2025-01-07,TUR,0.06855745403057524
2025-01-08,TUR,0.048499674886605414
2025-01-09,TUR,0.10190781452330026
2025-01-10,TUR,0.1458538921508553
2025-01-11,TUR,0.08000551356569127
2025-01-12,TUR,0.1298221123572965
2025-01-13,TUR,0.15281700088186603
2025-01-14,TUR,0.10977464957793195
2025-01-15,TUR,0.17027741199139215
2025-01-16,TUR,0.22518384202262232
2025-01-17,TUR,0.12223709455106199
2025-01-18,TUR,0.10147739893232412
2025-01-19,TUR,0.09070514715358326
2025-01-20,TUR,0.08031426779396843
2025-01-21,TUR,0.21081756374930477
2025-01-22,TUR,0.16102778526160014
2025-01-23,TUR,0.07555318572651565
2025-01-24,TUR,0.07075219715098015
2025-01-25,TUR,0.04056718343124743
2025-01-26,TUR,0.07768369132074746
2025-01-27,TUR,0.05367660556508992
2025-01-28,TUR,0.06162773687466456
2025-01-29,TUR,0.09628655144750879
2025-01-30,TUR,0.107801606194624
2025-01-31,TUR,0.11474898011153281
2025-02-01,TUR,0.09263660388497086
2025-02-02,TUR,0.16901404073078666
2025-02-03,TUR,0.1222264617741983
2025-02-04,TUR,0.08669314060694591
2025-02-05,TUR,0.12530670390892992
2025-02-06,TUR,0.1457814007262952
2025-02-07,TUR,0.13159748883063302
2025-02-08,TUR,0.1060302317583441
2025-02-09,TUR,0.12069222821171928
2025-02-10,TUR,0.13014827110770538
2025-02-11,TUR,0.12426463201436523
2025-02-12,TUR,0.16305585266830153
2025-02-13,TUR,0.1311870777166288
2025-02-14,TUR,0.15700915222019374
2025-02-15,TUR,0.10722444911495661
2025-02-16,TUR,0.1173221088127092
2025-02-17,TUR,0.13224817951950346
2025-02-18,TUR,0.15437418684177442
2025-02-19,TUR,0.17564573149010135
2025-02-20,TUR,0.17616510057982482
2025-02-21,TUR,0.1925870129157475
2025-02-22,TUR,0.08364720639795192
2025-02-23,TUR,0.20689722199362326
2025-02-24,TUR,0.19518691796004076
2025-02-25,TUR,0.07927962471626211
2025-02-26,TUR,0.05988769694079671
2025-02-27,TUR,0.09785006370513105
2025-02-28,TUR,0.07654116632613157
2025-03-01,TUR,0.03486391054725028
2025-03-02,TUR,0.05470513191085187
2025-03-03,TUR,0.05470513191085187
2025-03-04,TUR,0.02935948127755174
2025-03-05,TUR,0.042309620472662256
2025-03-06,TUR,0.040242222710114586
2025-03-07,TUR,0.03791405673551964
2025-03-08,TUR,0.042649404194511326
2025-03-09,TUR,0.07248549601168042
2025-03-10,TUR,0.05987021514015975
2025-03-11,TUR,0.03486348311939151
2025-03-12,TUR,0.05220207020879749
2025-03-13,TUR,0.08277287475614434
2025-03-14,TUR,0.10511788699979135
2025-03-15,TUR,0.14254222019542476
2025-03-16,TUR,0.14274381411925677
2025-03-17,TUR,0.17245659288777748
2025-03-18,TUR,0.09033237038297243
2025-03-19,TUR,0.27319032057641995
2025-03-20,TUR,0.2901076840520997
2025-03-21,TUR,0.17453391491916712
2025-03-22,TUR,0.11155862408975217
2025-03-23,TUR,0.09497379131555658
2025-03-24,TUR,0.13811058473854895
2025-03-25,TUR,0.03080902685368587
2025-03-26,TUR,0.08061950735659378
2025-03-27,TUR,0.10454368602412811
2025-03-28,TUR,0.03644314845665655
2024-07-01,SAU,0.01764368311798171
2024-07-02,SAU,0.018071216806536283
2024-07-03,SAU,0.019596788270792902
2024-07-04,SAU,0.02531804591562399
2024-07-05,SAU,0.025274591831092572
2024-07-06,SAU,0.02810558912763032
2024-07-07,SAU,0.05855042346538328
2024-07-08,SAU,0.04034792788986835
2024-07-09,SAU,0.025415648453162545
2024-07-10,SAU,0.026770178511179122
2024-07-11,SAU,0.03887949568093358
2024-07-12,SAU,0.06335543740596766
2024-07-13,SAU,0.05733906968481799
2024-07-14,SAU,0.09114073601146579
2024-07-15,SAU,0.05221506354357898
2024-07-16,SAU,0.05564556227034184
2024-07-17,SAU,0.07100204378306738
2024-07-18,SAU,0.0239749120177333
2024-07-19,SAU,0.028809988450296444
2024-07-20,SAU,0.038709523135417485
2024-07-21,SAU,0.09980485422977241
2024-07-22,SAU,0.08928809925921798
2024-07-23,SAU,0.04131668984067322
2024-07-24,SAU,0.03150511927682947
2024-07-25,SAU,0.020396157303957427
2024-07-26,SAU,0.030465296239643783
2024-07-27,SAU,0.019480221925455326
2024-07-28,SAU,0.09098231186154816
2024-07-29,SAU,0.0850215420164406
2024-07-30,SAU,0.037845417456884765
2024-07-31,SAU,0.022441060481362057
2024-08-01,SAU,0.021497197396590676
2024-08-02,SAU,0.026730893519378962
2024-08-03,SAU,0.05604658207560165
2024-08-04,SAU,0.031066852177466374
2024-08-05,SAU,0.0402532552386211
2024-08-06,SAU,0.01769510153343777
2024-08-07,SAU,0.017701637667848897
2024-08-08,SAU,0.019753277548700755
2024-08-09,SAU,0.01655629632429895
2024-08-10,SAU,0.02412410760090774
2024-08-11,SAU,0.04950874121582091
2024-08-12,SAU,0.028969681550161233
2024-08-13,SAU,0.03132988520462542
2024-08-14,SAU,0.02920159585689943
2024-08-15,SAU,0.02653861060185063
2024-08-16,SAU,0.031621851050753415
2024-08-17,SAU,0.035983287035739005
2024-08-18,SAU,0.04430656651654571
2024-08-19,SAU,0.032415245735632495
2024-08-20,SAU,0.03729850865486851
2024-08-21,SAU,0.04128914806480044
2024-08-22,SAU,0.04439856354020795
2024-08-23,SAU,0.024933608996781962
2024-08-24,SAU,0.022187781339155
2024-08-25,SAU,0.050740472481021454
2024-08-26,SAU,0.03732088345916939
2024-08-27,SAU,0.029837397180690426
2024-08-28,SAU,0.049846366662954326
2024-08-29,SAU,0.022794540168874878
2024-08-30,SAU,0.04615796373403606
2024-08-31,SAU,0.04303672990794857
2024-09-01,SAU,0.05482897536105546
2024-09-02,SAU,0.06913610569038867
2024-09-03,SAU,0.0805054959098762
2024-09-04,SAU,0.021028513892573653
2024-09-05,SAU,0.038429235033715266
2024-09-06,SAU,0.020024690973465882
2024-09-07,SAU,0.014435914161809433
2024-09-08,SAU,0.02086233237091377
2024-09-09,SAU,0.022196326710629447
2024-09-10,SAU,0.01978424821328903
2024-09-11,SAU,0.035705306600892855
2024-09-12,SAU,0.022238269885772058
2024-09-13,SAU,0.03517962339528616
2024-09-14,SAU,0.02680820973499555
2024-09-15,SAU,0.032827909652387244
2024-09-16,SAU,0.03529806965149528
2024-09-17,SAU,0.02981711986496661
2024-09-18,SAU,0.025040986764452152
2024-09-19,SAU,0.02985126638476381
2024-09-20,SAU,0.029048030602392437
2024-09-21,SAU,0.050511271437536254
2024-09-22,SAU,0.05409951321443767
2024-09-23,SAU,0.03417689874349628
2024-09-24,SAU,0.03047391727028858
2024-09-25,SAU,0.034739007732719755
2024-09-26,SAU,0.04332092876898165
2024-09-27,SAU,0.03590757708026908
2024-09-28,SAU,0.01522507294810178
2024-09-29,SAU,0.01907190792765165
2024-09-30,SAU,0.017395673973064043
2024-10-01,SAU,0.016419938541317798
2024-10-02,SAU,0.017171587259458825
2024-10-03,SAU,0.01682712344727123
2024-10-04,SAU,0.014048681675716924
2024-10-05,SAU,0.013342360901658749
2024-10-06,SAU,0.014023748826120909
2024-10-07,SAU,0.014745805581094083
2024-10-08,SAU,0.015057306289369595
2024-10-09,SAU,0.0186312024017355
2024-10-10,SAU,0.01883978943100834
2024-10-11,SAU,0.016503045861358506
2024-10-12,SAU,0.023715988495829534
2024-10-13,SAU,0.028109998489940006
2024-10-14,SAU,0.027844472580327788
2024-10-15,SAU,0.04293240273097467
2024-10-16,SAU,0.058686116365150934
2024-10-17,SAU,0.07293454086264728
2024-10-18,SAU,0.10694722777616192
2024-10-19,SAU,0.05266985142782153
2024-10-20,SAU,0.06069058335381893
2024-10-21,SAU,0.0797153516349806
2024-10-22,SAU,0.06925132397278874
2024-10-23,SAU,0.05738363219445851
2024-10-24,SAU,0.05187310875767908
2024-10-25,SAU,0.041143816428462286
2024-10-26,SAU,0.06829444363423103
2024-10-27,SAU,0.024737872927222963
2024-10-28,SAU,0.025710488720429157
2024-10-29,SAU,0.029538067633019877
2024-10-30,SAU,0.020355081408361442
2024-10-31,SAU,0.022214022447414845
2024-11-01,SAU,0.020343552687973068
2024-11-02,SAU,0.058376384240115445
2024-11-03,SAU,0.025608871527313174
2024-11-04,SAU,0.026855732028064395
2024-11-05,SAU,0.02112002788854536
2024-11-06,SAU,0.02006564885100114
2024-11-07,SAU,0.017727658900603245
2024-11-08,SAU,0.03263444720060979
2024-11-09,SAU,0.059031076863041716
2024-11-10,SAU,0.08767850915278769
2024-11-11,SAU,0.06752407511360214
2024-11-12,SAU,0.031205168591680685
2024-11-13,SAU,0.024370549647254415
2024-11-14,SAU,0.027565400616383413
2024-11-15,SAU,0.031193474939224104
2024-11-16,SAU,0.021068680153588492
2024-11-17,SAU,0.02183396270144439
2024-11-18,SAU,0.026690715988427396
2024-11-19,SAU,0.017691634032178504
2024-11-20,SAU,0.01767091780991444
2024-11-21,SAU,0.025832407272652673
2024-11-22,SAU,0.025494277084856482
2024-11-23,SAU,0.025584446892638415
2024-11-24,SAU,0.026487996592701814
2024-11-25,SAU,0.02422509513579982
2024-11-26,SAU,0.023623689167824504
2024-11-27,SAU,0.02921203691684686
2024-11-28,SAU,0.02364397692075565
2024-11-29,SAU,0.021940426275855043
2024-11-30,SAU,0.020662424361451492
2024-12-01,SAU,0.024094801539366495
2024-12-02,SAU,0.02653701392878579
2024-12-03,SAU,0.016733229196970855
2024-12-04,SAU,0.01575583121830701
2024-12-05,SAU,0.036774853347430206
2024-12-06,SAU,0.01920612348585245
2024-12-07,SAU,0.033245379265308954
2024-12-08,SAU,0.04203478660577334
2024-12-09,SAU,0.04096708067963938
2024-12-10,SAU,0.019674461272023963
2024-12-11,SAU,0.023935041779400524
2024-12-12,SAU,0.03232260381317913
2024-12-13,SAU,0.0203559421108162
2024-12-14,SAU,0.017539334978506137
2024-12-15,SAU,0.1809280638297261
2024-12-16,SAU,0.022538170831729428
2024-12-17,SAU,0.025312902614555873
2024-12-18,SAU,0.02464669005128904
2024-12-19,SAU,0.015111181740721848
2024-12-20,SAU,0.019561419411542394
2024-12-21,SAU,0.18360499150329923
2024-12-22,SAU,0.01554541494517277
2024-12-23,SAU,0.01266503703456791
2024-12-24,SAU,0.013534822638092836
2024-12-25,SAU,0.012404135326645903
2024-12-26,SAU,0.014015049775115042
2024-12-27,SAU,0.013573404001144308
2024-12-28,SAU,0.014224778729446585
2024-12-29,SAU,0.022213987455895003
2024-12-30,SAU,0.021669275098711853
2024-12-31,SAU,0.01758510234834204
2025-01-01,SAU,0.020330681519240123
2025-01-02,SAU,0.024143368083441197
2025-01-03,SAU,0.015223204617916207
2025-01-04,SAU,0.021478253223150896
2025-01-05,SAU,0.021613765117104906
2025-01-06,SAU,0.02160200526666187
2025-01-07,SAU,0.02558774320297846
2025-01-08,SAU,0.01868368675840668
2025-01-09,SAU,0.018870825933331503
2025-01-10,SAU,0.028611083336014483
2025-01-11,SAU,0.01612942895128047
2025-01-12,SAU,0.025835501860889468
2025-01-13,SAU,0.03070308228340737
2025-01-14,SAU,0.014780218176015611
2025-01-15,SAU,0.017276154744163417
2025-01-16,SAU,0.01671399608653075
2025-01-17,SAU,0.017904074397363943
2025-01-18,SAU,0.015554627620708524
2025-01-19,SAU,0.016982949787178802
2025-01-20,SAU,0.015876311133313902
2025-01-21,SAU,0.030857133579077305
2025-01-22,SAU,0.037481547635891045
2025-01-23,SAU,0.05718392470576311
2025-01-24,SAU,0.023543963088031902
2025-01-25,SAU,0.019657113102847464
2025-01-26,SAU,0.03516110258621328
2025-01-27,SAU,0.020028231965223398
2025-01-28,SAU,0.014831369868423117
2025-01-29,SAU,0.025035679677670713
2025-01-30,SAU,0.025584476701360517
2025-01-31,SAU,0.02883407215428434
2025-02-01,SAU,0.020534890532433188
2025-02-02,SAU,0.023153995154815817
2025-02-03,SAU,0.019612265965486972
2025-02-04,SAU,0.016501456426491895
2025-02-05,SAU,0.03560956254113345
2025-02-06,SAU,0.02336019864895962
2025-02-07,SAU,0.020102713994557642
2025-02-08,SAU,0.021603284724005366
2025-02-09,SAU,0.038265684880787694
2025-02-10,SAU,0.02369790487341416
2025-02-11,SAU,0.019696971320379092
2025-02-12,SAU,0.017081430036393754
2025-02-13,SAU,0.018343851019804163
2025-02-14,SAU,0.023047339321198207
2025-02-15,SAU,0.017504820771871443
2025-02-16,SAU,0.019963484184076254
2025-02-17,SAU,0.0201942505143155
2025-02-18,SAU,0.17634711088400135
2025-02-19,SAU,0.034791472545198224
2025-02-20,SAU,0.021090739966026544
2025-02-21,SAU,0.019952689109893208
2025-02-22,SAU,0.021301859551181673
2025-02-23,SAU,0.01820473416381276
2025-02-24,SAU,0.017979327476591058
2025-02-25,SAU,0.01956068154411891
2025-02-26,SAU,0.014448948854445195
2025-02-27,SAU,0.01456833956515618
2025-02-28,SAU,0.012623456069054064
2025-03-01,SAU,0.01527226237546154
2025-03-02,SAU,0.013408235439369202
2025-03-03,SAU,0.012698952550971932
2025-03-04,SAU,0.01279549521325007
2025-03-05,SAU,0.012423923377496236
2025-03-06,SAU,0.01673026657387454
2025-03-07,SAU,0.016834124750794942
2025-03-08,SAU,0.012710538541300895
2025-03-09,SAU,0.014606675108512568
2025-03-10,SAU,0.04028472418741672
2025-03-11,SAU,0.021944078233873118
2025-03-12,SAU,0.01987471280867523
2025-03-13,SAU,0.011510746993963563
2025-03-14,SAU,0.016025563621754533
2025-03-15,SAU,0.01444183064018023
2025-03-16,SAU,0.01620539478672092
2025-03-17,SAU,0.02035824594998992
2025-03-18,SAU,0.015495520731513881
2025-03-19,SAU,0.015138685457022905
2025-03-20,SAU,0.01653470992965685
2025-03-21,SAU,0.013703353427102374
2025-03-22,SAU,0.07482931793404148
2025-03-23,SAU,0.014335031674551033
2025-03-24,SAU,0.014335031674551033
2025-03-25,SAU,0.013296306526388921
2025-03-26,SAU,0.014012071337502928
2025-03-27,SAU,0.012846699317094078
2025-03-28,SAU,0.014191598178668354
2024-07-01,LBY,0.011186242529295693
2024-07-02,LBY,0.011169341995390557
2024-07-03,LBY,0.011184817717924653
2024-07-04,LBY,0.011721951336808242
2024-07-05,LBY,0.011201083933332122
2024-07-06,LBY,0.03145063733346732
2024-07-07,LBY,0.03613686935421599
2024-07-08,LBY,0.09331825129725141
2024-07-09,LBY,0.06406182235092461
2024-07-10,LBY,0.23139506795022685
2024-07-11,LBY,0.18736821034837708
2024-07-12,LBY,0.09314785212465883
2024-07-13,LBY,0.06470445776721054
2024-07-14,LBY,0.04476485292938651
2024-07-15,LBY,0.13968912980486137
2024-07-16,LBY,0.11385759104013742
2024-07-17,LBY,0.029146752941950165
2024-07-18,LBY,0.09932859349242087
2024-07-19,LBY,0.0214657767286713
2024-07-20,LBY,0.11292359881972353
2024-07-21,LBY,0.040424137014900025
2024-07-22,LBY,0.07942256261752151
2024-07-23,LBY,0.03480656442373418
2024-07-24,LBY,0.0515042460161412
2024-07-25,LBY,0.0335916312903804
2024-07-26,LBY,0.0174816671564369
2024-07-27,LBY,0.019123091272328016
2024-07-28,LBY,0.014509304807455076
2024-07-29,LBY,0.05112592841315247
2024-07-30,LBY,0.012696585858381496
2024-07-31,LBY,0.012294845071180302
2024-08-01,LBY,0.012427875144272389
2024-08-02,LBY,0.013338805266573541
2024-08-03,LBY,0.015378151848072506
2024-08-04,LBY,0.04252914434181665
2024-08-05,LBY,0.05238334162908717
2024-08-06,LBY,0.07248788378345215
2024-08-07,LBY,0.035798243771890656
2024-08-08,LBY,0.08343885297868193
2024-08-09,LBY,0.2387366307042023
2024-08-10,LBY,0.14838246225399976
2024-08-11,LBY,0.11062193440583268
2024-08-12,LBY,0.10930774145586522
2024-08-13,LBY,0.020943923985283424
2024-08-14,LBY,0.062161807690949915
2024-08-15,LBY,0.09691969272027083
2024-08-16,LBY,0.011541659999102574
2024-08-17,LBY,0.011721888999009259
2024-08-18,LBY,0.03605842425039651
2024-08-19,LBY,0.018648006397744315
2024-08-20,LBY,0.01156837128771245
2024-08-21,LBY,0.011798210435478596
2024-08-22,LBY,0.012289175999731748
2024-08-23,LBY,0.08209254024140013
2024-08-24,LBY,0.054971149517617196
2024-08-25,LBY,0.01285770360525807
2024-08-26,LBY,0.012263711564169805
2024-08-27,LBY,0.013855506817002315
2024-08-28,LBY,0.012153444125046542
2024-08-29,LBY,0.0408059176026261
2024-08-30,LBY,0.011754025983175265
2024-08-31,LBY,0.02009187684885178
2024-09-01,LBY,0.05064239944154703
2024-09-02,LBY,0.26116831005178387
2024-09-03,LBY,0.14016677462889385
2024-09-04,LBY,0.2100546196641242
2024-09-05,LBY,0.20019325378186079
2024-09-06,LBY,0.16062915794315905
2024-09-07,LBY,0.09808209371892575
2024-09-08,LBY,0.01607562665193349
2024-09-09,LBY,0.015333697858892293
2024-09-10,LBY,0.012787744812841388
2024-09-11,LBY,0.017668031035380515
2024-09-12,LBY,0.015288786334948627
2024-09-13,LBY,0.013820383329880342
2024-09-14,LBY,0.013352381647394248
2024-09-15,LBY,0.014044692229862875
2024-09-16,LBY,0.013868735278477345
2024-09-17,LBY,0.015194648615584871
2024-09-18,LBY,0.021359833621412458
2024-09-19,LBY,0.01647815090641912
2024-09-20,LBY,0.012346216281960896
2024-09-21,LBY,0.012968961701903356
2024-09-22,LBY,0.017316647435182353
2024-09-23,LBY,0.013641226130534994
2024-09-24,LBY,0.012568780033662083
2024-09-25,LBY,0.013995781911471515
2024-09-26,LBY,0.2080310351301972
2024-09-27,LBY,0.20554384371380457
2024-09-28,LBY,0.12639056678270588
2024-09-29,LBY,0.10484165707821472
2024-09-30,LBY,0.27283884379450973
2024-10-01,LBY,0.04745852854171364
2024-10-02,LBY,0.0218949683162576
2024-10-03,LBY,0.11190210551967629
2024-10-04,LBY,0.01601907762295591
2024-10-05,LBY,0.015455994224310893
2024-10-06,LBY,0.04999381123776954
2024-10-07,LBY,0.013703860420052026
2024-10-08,LBY,0.011205017116679612
2024-10-09,LBY,0.011417378826892807
2024-10-10,LBY,0.011791559011990494
2024-10-11,LBY,0.012255962100407802
2024-10-12,LBY,0.012935184677141044
2024-10-13,LBY,0.013507660081193236
2024-10-14,LBY,0.01420310671117269
2024-10-15,LBY,0.1050405836908487
2024-10-16,LBY,0.08834392143165438
2024-10-17,LBY,0.12426335395000829
2024-10-18,LBY,0.05754135740950141
2024-10-19,LBY,0.09283131698836904
2024-10-20,LBY,0.13850320340886774
2024-10-21,LBY,0.2564569578827831
2024-10-22,LBY,0.0783274737187204
2024-10-23,LBY,0.27348056752154004
2024-10-24,LBY,0.2413585145070241
2024-10-25,LBY,0.09073947862643653
2024-10-26,LBY,0.07495118334262676
2024-10-27,LBY,0.1246304632095324
2024-10-28,LBY,0.15153417850923326
2024-10-29,LBY,0.11579167072413385
2024-10-30,LBY,0.03408496433839465
2024-10-31,LBY,0.028606807247136327
2024-11-01,LBY,0.021216228747795426
2024-11-02,LBY,0.028992207126566794
2024-11-03,LBY,0.0319357773757487
2024-11-04,LBY,0.13220052037166494
2024-11-05,LBY,0.08280320063125633
2024-11-06,LBY,0.10341723027600547
2024-11-07,LBY,0.02060985231475746
2024-11-08,LBY,0.026629231674737706
2024-11-09,LBY,0.1253798098058939
2024-11-10,LBY,0.03269949996508443
2024-11-11,LBY,0.02127640755656475
2024-11-12,LBY,0.01240000864205489
2024-11-13,LBY,0.10669261124783778
2024-11-14,LBY,0.020033673201943457
2024-11-15,LBY,0.06710388779200578
2024-11-16,LBY,0.012294414908152307
2024-11-17,LBY,0.012539827167736627
2024-11-18,LBY,0.014189905376276953
2024-11-19,LBY,0.08457635020835638
2024-11-20,LBY,0.021668509843944937
2024-11-21,LBY,0.12004116189342787
2024-11-22,LBY,0.16784624635617817
2024-11-23,LBY,0.11011219206712283
2024-11-24,LBY,0.26756042012320996
2024-11-25,LBY,0.10982514744609766
2024-11-26,LBY,0.11148986032547353
2024-11-27,LBY,0.16914555893333763
2024-11-28,LBY,0.024558665651461996
2024-11-29,LBY,0.016519040456601693
2024-11-30,LBY,0.01296889110275649
2024-12-01,LBY,0.05318977650053587
2024-12-02,LBY,0.015969846867327758
2024-12-03,LBY,0.011634374332013886
2024-12-04,LBY,0.012119660528991811
2024-12-05,LBY,0.012025405398913171
2024-12-06,LBY,0.01676640774935775
2024-12-07,LBY,0.012093126623465665
2024-12-08,LBY,0.01431417027063434
2024-12-09,LBY,0.012145146619228542
2024-12-10,LBY,0.01231122761489701
2024-12-11,LBY,0.019797087868862716
2024-12-12,LBY,0.03616344390458715
2024-12-13,LBY,0.018985853290732053
2024-12-14,LBY,0.03342671970928462
2024-12-15,LBY,0.13907563958483926
2024-12-16,LBY,0.10017351769135545
2024-12-17,LBY,0.027427150241899553
2024-12-18,LBY,0.10793188621076953
2024-12-19,LBY,0.016620872711012123
2024-12-20,LBY,0.019599543249236254
2024-12-21,LBY,0.027015622756832943
2024-12-22,LBY,0.05421562928872486
2024-12-23,LBY,0.06538258811378196
2024-12-24,LBY,0.09095561992174121
2024-12-25,LBY,0.058101482773836505
2024-12-26,LBY,0.03548467336181106
2024-12-27,LBY,0.03304182016748291
2024-12-28,LBY,0.0366801140625332
2024-12-29,LBY,0.03667273945988308
2024-12-30,LBY,0.03656879827414188
2024-12-31,LBY,0.023670402375477094
2025-01-01,LBY,0.02371701897510824
2025-01-02,LBY,0.027129474646920195
2025-01-03,LBY,0.021146303261494626
2025-01-04,LBY,0.3186468656918924
2025-01-05,LBY,0.3272561843918517
2025-01-06,LBY,0.296421280790362
2025-01-07,LBY,0.3130822048157049
2025-01-08,LBY,0.03073148421807475
2025-01-09,LBY,0.2965959621261967
2025-01-10,LBY,0.3298941943311823
2025-01-11,LBY,0.2734852154814589
2025-01-12,LBY,0.2861862896814115
2025-01-13,LBY,0.16228689822254727
2025-01-14,LBY,0.11237026644132468
2025-01-15,LBY,0.04263572051080834
2025-01-16,LBY,0.057044985292146584
2025-01-17,LBY,0.22302186082245615
2025-01-18,LBY,0.011694776759763765
2025-01-19,LBY,0.01192131246580613
2025-01-20,LBY,0.011768725519492604
2025-01-21,LBY,0.011895235694363243
2025-01-22,LBY,0.013902608176858247
2025-01-23,LBY,0.012906525299159317
2025-01-24,LBY,0.012484941498099852
2025-01-25,LBY,0.022523707860762653
2025-01-26,LBY,0.022765326488853287
2025-01-27,LBY,0.01537698507368067
2025-01-28,LBY,0.029028996316631844
2025-01-29,LBY,0.017098331662272793
2025-01-30,LBY,0.15185683623033824
2025-01-31,LBY,0.018929348703807674
2025-02-01,LBY,0.016615862753168772
2025-02-02,LBY,0.017248973850085815
2025-02-03,LBY,0.01886648189819135
2025-02-04,LBY,0.015544818896888316
2025-02-05,LBY,0.06705470503848664
2025-02-06,LBY,0.028098169557455574
2025-02-07,LBY,0.01804096968287543
2025-02-08,LBY,0.019703846781567613
2025-02-09,LBY,0.26320283514688375
2025-02-10,LBY,0.028814622581213832
2025-02-11,LBY,0.01825530682784767
2025-02-12,LBY,0.28563605391520197
2025-02-13,LBY,0.039514310874084274
2025-02-14,LBY,0.10778999324434844
2025-02-15,LBY,0.07268426846054692
2025-02-16,LBY,0.024737508514786025
2025-02-17,LBY,0.04688175129253594
2025-02-18,LBY,0.015460732845011602
2025-02-19,LBY,0.011640705636357261
2025-02-20,LBY,0.011584152135931091
2025-02-21,LBY,0.011765644286161203
2025-02-22,LBY,0.012353464130680508
2025-02-23,LBY,0.011671388397498882
2025-02-24,LBY,0.01152993723064173
2025-02-25,LBY,0.01172012510948284
2025-02-26,LBY,0.11702061555739292
2025-02-27,LBY,0.20413480480865542
2025-02-28,LBY,0.04537524168165474
2025-03-01,LBY,0.05212756763123956
2025-03-02,LBY,0.03425410898654282
2025-03-03,LBY,0.09305687349077697
2025-03-04,LBY,0.02194402762218452
2025-03-05,LBY,0.07333189668799496
2025-03-06,LBY,0.03938731813668872
2025-03-07,LBY,0.016995509901519237
2025-03-08,LBY,0.15535831813079926
2025-03-09,LBY,0.039711455398392846
2025-03-10,LBY,0.020405976501256827
2025-03-11,LBY,0.023128517389940276
2025-03-12,LBY,0.019123189748140246
2025-03-13,LBY,0.04290807708410765
2025-03-14,LBY,0.175905421042631
2025-03-15,LBY,0.014099790685764217
2025-03-16,LBY,0.019447266733588056
2025-03-17,LBY,0.014293298241660375
2025-03-18,LBY,0.018365682440326266
2025-03-19,LBY,0.023108163404106444
2025-03-20,LBY,0.01604848731739939
2025-03-21,LBY,0.012816167602040995
2025-03-22,LBY,0.047075813428541134
2025-03-23,LBY,0.12665726784378525
2025-03-24,LBY,0.020593517432224047
2025-03-25,LBY,0.017467927928850983
2025-03-26,LBY,0.01498792049405091
2025-03-27,LBY,0.27061593715158105
2025-03-28,LBY,0.023250006567652033
2024-07-01,EGY,0.09857943363880675
2024-07-02,EGY,0.10531640748246157
2024-07-03,EGY,0.05605373324153674
2024-07-04,EGY,0.08173218694465877
2024-07-05,EGY,0.09879829892903208
2024-07-06,EGY,0.07374903970889264
2024-07-07,EGY,0.08722561593419215
2024-07-08,EGY,0.03261766255073929
2024-07-09,EGY,0.03251426074938331
2024-07-10,EGY,0.02998906492159543
2024-07-11,EGY,0.028262243893560062
2024-07-12,EGY,0.029117137477737268
2024-07-13,EGY,0.03347780352878485
2024-07-14,EGY,0.03496599458787455
2024-07-15,EGY,0.040096247845480965
2024-07-16,EGY,0.0991571425434596
2024-07-17,EGY,0.0975970335967152
2024-07-18,EGY,0.056743183628633266
2024-07-19,EGY,0.055766847658920295
2024-07-20,EGY,0.1022252236537103
2024-07-21,EGY,0.08684620610734547
2024-07-22,EGY,0.19817684119878504
2024-07-23,EGY,0.09358121817133333
2024-07-24,EGY,0.06149936171081374
2024-07-25,EGY,0.0546873142359553
2024-07-26,EGY,0.08459191615260962
2024-07-27,EGY,0.0603983453921512
2024-07-28,EGY,0.07477326482039791
2024-07-29,EGY,0.0789119278565544
2024-07-30,EGY,0.06093715655382601
2024-07-31,EGY,0.05361638794948824
2024-08-01,EGY,0.11255039870804269
2024-08-02,EGY,0.05865333240168515
2024-08-03,EGY,0.021248639712404226
2024-08-04,EGY,0.03141625778311273
2024-08-05,EGY,0.05204485099352702
2024-08-06,EGY,0.025505846996712125
2024-08-07,EGY,0.06244963013626178
2024-08-08,EGY,0.15245273470742718
2024-08-09,EGY,0.0992990997028764
2024-08-10,EGY,0.08695796001285605
2024-08-11,EGY,0.06274329970303613
2024-08-12,EGY,0.12643817963390858
2024-08-13,EGY,0.08176150848516416
2024-08-14,EGY,0.06838908651508023
2024-08-15,EGY,0.0764365176805715
2024-08-16,EGY,0.08813915466212992
2024-08-17,EGY,0.06302234792984247
2024-08-18,EGY,0.12479160370534934
2024-08-19,EGY,0.014271028444311135
2024-08-20,EGY,0.012270339052159757
2024-08-21,EGY,0.012488307793961297
2024-08-22,EGY,0.012210502173502667
2024-08-23,EGY,0.012635838031341166
2024-08-24,EGY,0.029828272543551068
2024-08-25,EGY,0.015604278581717179
2024-08-26,EGY,0.04643941486320381
2024-08-27,EGY,0.05403163617324281
2024-08-28,EGY,0.05737279944440746
2024-08-29,EGY,0.04573128105278917
2024-08-30,EGY,0.13526217965222076
2024-08-31,EGY,0.08290710651492952
2024-09-01,EGY,0.08806164222039625
2024-09-02,EGY,0.1559471748504226
2024-09-03,EGY,0.14967172624724726
2024-09-04,EGY,0.04684914991984493
2024-09-05,EGY,0.13767869686605316
2024-09-06,EGY,0.11403293770709601
2024-09-07,EGY,0.03172621377004265
2024-09-08,EGY,0.08493769593833213
2024-09-09,EGY,0.0744973733133636
2024-09-10,EGY,0.04451872097942833
2024-09-11,EGY,0.03898352325897655
2024-09-12,EGY,0.02886113415457737
2024-09-13,EGY,0.03418113764954364
2024-09-14,EGY,0.0322323581601587
2024-09-15,EGY,0.03871206615527573
2024-09-16,EGY,0.03871206615527573
2024-09-17,EGY,0.07501307001699971
2024-09-18,EGY,0.03648479734083848
2024-09-19,EGY,0.06960618162487785
2024-09-20,EGY,0.1967330113680038
2024-09-21,EGY,0.04274075586673033
2024-09-22,EGY,0.06062501769059244
2024-09-23,EGY,0.05228678302330506
2024-09-24,EGY,0.048828956111469896
2024-09-25,EGY,0.09939632159588101
2024-09-26,EGY,0.09538294494809124
2024-09-27,EGY,0.0550488342360959
2024-09-28,EGY,0.04780671556326923
2024-09-29,EGY,0.09787536813899318
2024-09-30,EGY,0.07766792433699815
2024-10-01,EGY,0.07849088761682067
2024-10-02,EGY,0.026426445299276277
2024-10-03,EGY,0.03816497791325277
2024-10-04,EGY,0.056863220407401556
2024-10-05,EGY,0.0635017245553234
2024-10-06,EGY,0.03823264988577606
2024-10-07,EGY,0.04251559805529618
2024-10-08,EGY,0.023660063323299573
2024-10-09,EGY,0.06261147857091746
2024-10-10,EGY,0.08428429049760844
2024-10-11,EGY,0.11947566159496412
2024-10-12,EGY,0.07675056105746444
2024-10-13,EGY,0.09310417636609503
2024-10-14,EGY,0.10729407525302836
2024-10-15,EGY,0.024947163443490874
2024-10-16,EGY,0.028526335944554605
2024-10-17,EGY,0.042388431414719
2024-10-18,EGY,0.02393186501540745
2024-10-19,EGY,0.03229366209576917
2024-10-20,EGY,0.026032074059045958
2024-10-21,EGY,0.022936016336003718
2024-10-22,EGY,0.13823590381554082
2024-10-23,EGY,0.15278941610591779
2024-10-24,EGY,0.0987580010881875
2024-10-25,EGY,0.14657186292374177
2024-10-26,EGY,0.03183984692820082
2024-10-27,EGY,0.16681055771848763
2024-10-28,EGY,0.05300804496755997
2024-10-29,EGY,0.07461024951920531
2024-10-30,EGY,0.09867221226280312
2024-10-31,EGY,0.12145044521920914
2024-11-01,EGY,0.07488451328451128
2024-11-02,EGY,0.10953040343387732
2024-11-03,EGY,0.133161017935787
2024-11-04,EGY,0.09888357657934352
2024-11-05,EGY,0.0796454726286216
2024-11-06,EGY,0.09282308679883652
2024-11-07,EGY,0.04197189612296589
2024-11-08,EGY,0.08795006027632564
2024-11-09,EGY,0.07925553393516149
2024-11-10,EGY,0.11262203915168935
2024-11-11,EGY,0.12873969305305624
2024-11-12,EGY,0.14997923238518696
2024-11-13,EGY,0.03847594152227219
2024-11-14,EGY,0.04968506631540143
2024-11-15,EGY,0.04276379670532503
2024-11-16,EGY,0.02718557835827379
2024-11-17,EGY,0.06249516117373328
2024-11-18,EGY,0.05386591180002107
2024-11-19,EGY,0.06810311367525408
2024-11-20,EGY,0.09021055362483471
2024-11-21,EGY,0.10230149938351445
2024-11-22,EGY,0.1038045052352718
2024-11-23,EGY,0.07503207392194039
2024-11-24,EGY,0.13468577106549953
2024-11-25,EGY,0.12554768883483913
2024-11-26,EGY,0.07667906882663711
2024-11-27,EGY,0.1388028844123825
2024-11-28,EGY,0.08111379961672914
2024-11-29,EGY,0.08430224053786106
2024-11-30,EGY,0.03501185151653254
2024-12-01,EGY,0.04911280597896576
2024-12-02,EGY,0.055029102831710267
2024-12-03,EGY,0.057964161530859336
2024-12-04,EGY,0.09276550179896184
2024-12-05,EGY,0.08032846819370225
2024-12-06,EGY,0.07466443847081985
2024-12-07,EGY,0.06869132822041862
2024-12-08,EGY,0.0909087289777649
2024-12-09,EGY,0.07700385909814587
2024-12-10,EGY,0.036466144399123365
2024-12-11,EGY,0.08649000863256223
2024-12-12,EGY,0.05445290799670567
2024-12-13,EGY,0.09352516731123361
2024-12-14,EGY,0.049805559004618485
2024-12-15,EGY,0.10243943482506634
2024-12-16,EGY,0.11494308005291894
2024-12-17,EGY,0.09262479257162021
2024-12-18,EGY,0.014738062243754367
2024-12-19,EGY,0.013660387659310482
2024-12-20,EGY,0.01365155094158879
2024-12-21,EGY,0.048149737978410205
2024-12-22,EGY,0.017680247221920208
2024-12-23,EGY,0.015121841041106223
2024-12-24,EGY,0.015161941233535295
2024-12-25,EGY,0.06637552076139337
2024-12-26,EGY,0.05301210893941767
2024-12-27,EGY,0.035922815207523454
2024-12-28,EGY,0.016910987376486
2024-12-29,EGY,0.018519873532572662
2024-12-30,EGY,0.017683465002289192
2024-12-31,EGY,0.039474528876599725
2025-01-01,EGY,0.03307858052114946
2025-01-02,EGY,0.026835483896498497
2025-01-03,EGY,0.022615824796246773
2025-01-04,EGY,0.0247890306258575
2025-01-05,EGY,0.1495492653975379
2025-01-06,EGY,0.15510369972647536
2025-01-07,EGY,0.028770207951322856
2025-01-08,EGY,0.03031177177813146
2025-01-09,EGY,0.030269119740076938
2025-01-10,EGY,0.032198365353137845
2025-01-11,EGY,0.024681335110124353
2025-01-12,EGY,0.038579593630172306
2025-01-13,EGY,0.04424152171309243
2025-01-14,EGY,0.07162443963778137
2025-01-15,EGY,0.09150316539282488
2025-01-16,EGY,0.05225229144446754
2025-01-17,EGY,0.0774998888094217
2025-01-18,EGY,0.08476079742328413
2025-01-19,EGY,0.15848174984832075
2025-01-20,EGY,0.08594994897339324
2025-01-21,EGY,0.14740600091198913
2025-01-22,EGY,0.06047346454564929
2025-01-23,EGY,0.14051269869411015
2025-01-24,EGY,0.15068887187283345
2025-01-25,EGY,0.1407382153171328
2025-01-26,EGY,0.19639962267392722
2025-01-27,EGY,0.2889574879692234
2025-01-28,EGY,0.15403611997305725
2025-01-29,EGY,0.10832188812364929
2025-01-30,EGY,0.10829616216881381
2025-01-31,EGY,0.10741005530664031
2025-02-01,EGY,0.06301584310321336
2025-02-02,EGY,0.0876413063299083
2025-02-03,EGY,0.07319261986645825
2025-02-04,EGY,0.03519744327412151
2025-02-05,EGY,0.0841964888244538
2025-02-06,EGY,0.06667665470659206
2025-02-07,EGY,0.17776941928660056
2025-02-08,EGY,0.09091830992171213
2025-02-09,EGY,0.08975592108979999
2025-02-10,EGY,0.09804961034529865
2025-02-11,EGY,0.1177236074430385
2025-02-12,EGY,0.10969653410555223
2025-02-13,EGY,0.09163426255736468
2025-02-14,EGY,0.08075123432087566
2025-02-15,EGY,0.2037024147969365
2025-02-16,EGY,0.1503042496488634
2025-02-17,EGY,0.142522040126064
2025-02-18,EGY,0.283150923829239
2025-02-19,EGY,0.21836880007082513
2025-02-20,EGY,0.18325340283981373
2025-02-21,EGY,0.1340308239649329
2025-02-22,EGY,0.027137041070830384
2025-02-23,EGY,0.015612588350472884
2025-02-24,EGY,0.014999874295402222
2025-02-25,EGY,0.01621445760676325
2025-02-26,EGY,0.01418952225595598
2025-02-27,EGY,0.014806552017637035
2025-02-28,EGY,0.014852690544484631
2025-03-01,EGY,0.016516994213669124
2025-03-02,EGY,0.10355658623479726
2025-03-03,EGY,0.05666527607456231
2025-03-04,EGY,0.027883871428681668
2025-03-05,EGY,0.055441399668444066
2025-03-06,EGY,0.04561516641572284
2025-03-07,EGY,0.07796213993656304
2025-03-08,EGY,0.014262723253132785
2025-03-09,EGY,0.01570785843730741
2025-03-10,EGY,0.05439451871139402
2025-03-11,EGY,0.021697959587723283
2025-03-12,EGY,0.013727751965660454
2025-03-13,EGY,0.01892809268507712
2025-03-14,EGY,0.01904749274557558
2025-03-15,EGY,0.055642629956985705
2025-03-16,EGY,0.2770421004340504
2025-03-17,EGY,0.03984847885641074
2025-03-18,EGY,0.05977702236742762
2025-03-19,EGY,0.04873107608220612
2025-03-20,EGY,0.044150414896378
2025-03-21,EGY,0.04458622577501708
2025-03-22,EGY,0.03135522279683661
2025-03-23,EGY,0.1290810401207063
2025-03-24,EGY,0.06386859664419764
2025-03-25,EGY,0.07576429178341602
2025-03-26,EGY,0.09153927189592735
2025-03-27,EGY,0.0928939675183498
2025-03-28,EGY,0.09627295329276724
2024-07-01,DZA,0.013106801051765185
2024-07-02,DZA,0.013905565398813895
2024-07-03,DZA,0.014541040238287563
2024-07-04,DZA,0.01465355769258046
2024-07-05,DZA,0.015997190778140536
2024-07-06,DZA,0.013447994466873376
2024-07-07,DZA,0.11811944899105586
2024-07-08,DZA,0.13581154562642356
2024-07-09,DZA,0.07462404242709175
2024-07-10,DZA,0.06849816803766369
2024-07-11,DZA,0.04299193042271444
2024-07-12,DZA,0.044268294719953916
2024-07-13,DZA,0.07276407318231201
2024-07-14,DZA,0.011827284446229758
2024-07-15,DZA,0.011582253799945525
2024-07-16,DZA,0.012486955797158843
2024-07-17,DZA,0.012122840953716999
2024-07-18,DZA,0.011625046115974846
2024-07-19,DZA,0.0117011728134454
2024-07-20,DZA,0.011180629769170619
2024-07-21,DZA,0.020294316672814925
2024-07-22,DZA,0.02975603366807865
2024-07-23,DZA,0.029995544263523338
2024-07-24,DZA,0.034415607512004044
2024-07-25,DZA,0.029871764882840626
2024-07-26,DZA,0.02316299317412603
2024-07-27,DZA,0.12089410657001638
2024-07-28,DZA,0.28332817580028646
2024-07-29,DZA,0.023049787465301647
2024-07-30,DZA,0.025338902736777125
2024-07-31,DZA,0.02739731374437905
2024-08-01,DZA,0.015843137887410833
2024-08-02,DZA,0.0406923087039244
2024-08-03,DZA,0.011147154319827204
2024-08-04,DZA,0.011019838500000823
2024-08-05,DZA,0.011219813926781666
2024-08-06,DZA,0.011041021791372124
2024-08-07,DZA,0.011005242560236116
2024-08-08,DZA,0.01120287510307006
2024-08-09,DZA,0.011090417553505441
2024-08-10,DZA,0.03503439644238394
2024-08-11,DZA,0.04108541049653275
2024-08-12,DZA,0.023017800126844554
2024-08-13,DZA,0.03365211375486059
2024-08-14,DZA,0.027430796191269792
2024-08-15,DZA,0.030688772522362382
2024-08-16,DZA,0.02673530096354722
2024-08-17,DZA,0.021111534861642623
2024-08-18,DZA,0.05067315617548034
2024-08-19,DZA,0.04267469512266334
2024-08-20,DZA,0.027199707727665765
2024-08-21,DZA,0.0226163355138512
2024-08-22,DZA,0.02108004089196786
2024-08-23,DZA,0.014151287760912571
2024-08-24,DZA,0.022397029238869052
2024-08-25,DZA,0.013749025786625055
2024-08-26,DZA,0.012459362737167128
2024-08-27,DZA,0.01217916720340309
2024-08-28,DZA,0.011930322149179594
2024-08-29,DZA,0.012234109933548627
2024-08-30,DZA,0.014042371336785585
2024-08-31,DZA,0.012820342474793644
2024-09-01,DZA,0.04237495414340041
2024-09-02,DZA,0.027406526626136858
2024-09-03,DZA,0.036183428376798325
2024-09-04,DZA,0.01809973523712967
2024-09-05,DZA,0.02054581082894789
2024-09-06,DZA,0.019008897915380827
2024-09-07,DZA,0.05093811093060997
2024-09-08,DZA,0.022420063052065124
2024-09-09,DZA,0.02421436726664542
2024-09-10,DZA,0.01791471291080009
2024-09-11,DZA,0.0842213345256153
2024-09-12,DZA,0.03370605316633323
2024-09-13,DZA,0.0716197812216503
2024-09-14,DZA,0.06453455953707282
2024-09-15,DZA,0.32082439539619784
2024-09-16,DZA,0.14832886878634255
2024-09-17,DZA,0.11058400543648797
2024-09-18,DZA,0.11971757236966694
2024-09-19,DZA,0.3231896143476553
2024-09-20,DZA,0.03785330977267577
2024-09-21,DZA,0.05213677190225387
2024-09-22,DZA,0.0121983565240784
2024-09-23,DZA,0.012443550964701483
2024-09-24,DZA,0.013247142711504564
2024-09-25,DZA,0.011880916759548027
2024-09-26,DZA,0.011602963277630503
2024-09-27,DZA,0.011438060483202016
2024-09-28,DZA,0.011602007641697623
2024-09-29,DZA,0.012288278769468988
2024-09-30,DZA,0.011378049441559358
2024-10-01,DZA,0.011538145132849021
2024-10-02,DZA,0.011507497414528858
2024-10-03,DZA,0.0189115121003347
2024-10-04,DZA,0.014190617197882702
2024-10-05,DZA,0.01361915316523612
2024-10-06,DZA,0.01631882422456424
2024-10-07,DZA,0.01790098869116939
2024-10-08,DZA,0.018187167094106865
2024-10-09,DZA,0.028606899411723664
2024-10-10,DZA,0.02170271252083577
2024-10-11,DZA,0.18235549580063481
2024-10-12,DZA,0.029331194352199545
2024-10-13,DZA,0.05334457445141495
2024-10-14,DZA,0.041157779800259864
2024-10-15,DZA,0.04638525176202142
2024-10-16,DZA,0.07717749377024345
2024-10-17,DZA,0.0617566843187195
2024-10-18,DZA,0.01642621693486293
2024-10-19,DZA,0.014340048864719315
2024-10-20,DZA,0.01604325907656625
2024-10-21,DZA,0.014683958805917767
2024-10-22,DZA,0.01290394318599111
2024-10-23,DZA,0.013109862850159132
2024-10-24,DZA,0.012242964882566097
2024-10-25,DZA,0.06633211890194521
2024-10-26,DZA,0.017032883750678778
2024-10-27,DZA,0.03533414016666736
2024-10-28,DZA,0.027148247275805282
2024-10-29,DZA,0.0217484841870199
2024-10-30,DZA,0.022918449445865977
2024-10-31,DZA,0.024100212781676462
2024-11-01,DZA,0.15217734744174835
2024-11-02,DZA,0.051968564570792054
2024-11-03,DZA,0.025421947370064937
2024-11-04,DZA,0.05368847275325229
2024-11-05,DZA,0.02205725329109309
2024-11-06,DZA,0.024735610700135382
2024-11-07,DZA,0.030182754295975323
2024-11-08,DZA,0.04697237059455368
2024-11-09,DZA,0.08611132918711455
2024-11-10,DZA,0.16036563883079727
2024-11-11,DZA,0.14713788967889824
2024-11-12,DZA,0.07078560162369331
2024-11-13,DZA,0.04762787370902165
2024-11-14,DZA,0.03976847102279438
2024-11-15,DZA,0.03906587227416739
2024-11-16,DZA,0.02139156712586555
2024-11-17,DZA,0.02922786521690793
2024-11-18,DZA,0.027398091170320247
2024-11-19,DZA,0.025448166770317332
2024-11-20,DZA,0.031499605994418776
2024-11-21,DZA,0.10762254984634824
2024-11-22,DZA,0.02923254424831718
2024-11-23,DZA,0.024925228376108968
2024-11-24,DZA,0.03446045745251016
2024-11-25,DZA,0.0362640555997604
2024-11-26,DZA,0.03473561509491913
2024-11-27,DZA,0.027249604705420687
2024-11-28,DZA,0.011102611286560397
2024-11-29,DZA,0.01095150464498566
2024-11-30,DZA,0.01102862608124897
2024-12-01,DZA,0.011002285451901728
2024-12-02,DZA,0.010935804544745093
2024-12-03,DZA,0.010989392198476855
2024-12-04,DZA,0.010911509124860545
2024-12-05,DZA,0.013105103189721443
2024-12-06,DZA,0.012541288854841954
2024-12-07,DZA,0.015721330320022136
2024-12-08,DZA,0.020761865369636076
2024-12-09,DZA,0.019701375975788252
2024-12-10,DZA,0.018227966466208435
2024-12-11,DZA,0.023064284268700184
2024-12-12,DZA,0.03894343134042901
2024-12-13,DZA,0.26602675072945703
2024-12-14,DZA,0.02902394394317135
2024-12-15,DZA,0.038848242961833576
2024-12-16,DZA,0.027096808577889337
2024-12-17,DZA,0.022191008759329944
2024-12-18,DZA,0.02014172678618351
2024-12-19,DZA,0.017622216730986472
2024-12-20,DZA,0.014719122195505537
2024-12-21,DZA,0.014606607759080768
2024-12-22,DZA,0.014650489913013466
2024-12-23,DZA,0.012950706376200664
2024-12-24,DZA,0.012108961864993512
2024-12-25,DZA,0.012933084839572534
2024-12-26,DZA,0.013732522782944546
2024-12-27,DZA,0.026168729715214424
2024-12-28,DZA,0.04703061606568001
2024-12-29,DZA,0.0407348312436816
2024-12-30,DZA,0.045048642398193776
2024-12-31,DZA,0.025781547092266054
2025-01-01,DZA,0.02084983333113964
2025-01-02,DZA,0.018334998491497327
2025-01-03,DZA,0.027968029867533804
2025-01-04,DZA,0.027513676768817327
2025-01-05,DZA,0.03249667009557416
2025-01-06,DZA,0.04621989317042076
2025-01-07,DZA,0.056735033400799696
2025-01-08,DZA,0.05852608556445992
2025-01-09,DZA,0.027476805613958637
2025-01-10,DZA,0.10163918120363481
2025-01-11,DZA,0.0552615501950786
2025-01-12,DZA,0.0316956113928002
2025-01-13,DZA,0.024500570516227935
2025-01-14,DZA,0.11402341408457622
2025-01-15,DZA,0.024065579020931847
2025-01-16,DZA,0.047604942793439235
2025-01-17,DZA,0.046903512023019775
2025-01-18,DZA,0.03578936028514657
2025-01-19,DZA,0.03203758312702561
2025-01-20,DZA,0.03345123688051941
2025-01-21,DZA,0.016272901326653388
2025-01-22,DZA,0.02692465850632745
2025-01-23,DZA,0.01486733533114685
2025-01-24,DZA,0.014300649279079106
2025-01-25,DZA,0.015703244501332408
2025-01-26,DZA,0.01425353958609746
2025-01-27,DZA,0.01346460366279426
2025-01-28,DZA,0.014815846752734034
2025-01-29,DZA,0.02355668459556938
2025-01-30,DZA,0.015780455570002266
2025-01-31,DZA,0.023789581383379353
2025-02-01,DZA,0.01982697163234656
2025-02-02,DZA,0.033903970583864254
2025-02-03,DZA,0.021583853754752
2025-02-04,DZA,0.04088043369855927
2025-02-05,DZA,0.03770086733632096
2025-02-06,DZA,0.03580258369854866
2025-02-07,DZA,0.07637187159234858
2025-02-08,DZA,0.05690282422963317
2025-02-09,DZA,0.06954473785503996
2025-02-10,DZA,0.05461230314870061
2025-02-11,DZA,0.01593170606096183
2025-02-12,DZA,0.019013266985501404
2025-02-13,DZA,0.013860420845102197
2025-02-14,DZA,0.016071928734424208
2025-02-15,DZA,0.10151811004559141
2025-02-16,DZA,0.014183461494261048
2025-02-17,DZA,0.01377160411633651
2025-02-18,DZA,0.03919644549456701
2025-02-19,DZA,0.08941809456079956
2025-02-20,DZA,0.25999151004380144
2025-02-21,DZA,0.06592955548063062
2025-02-22,DZA,0.04656679981247145
2025-02-23,DZA,0.18791364917944248
2025-02-24,DZA,0.02767874764068741
2025-02-25,DZA,0.03818994005838949
2025-02-26,DZA,0.12346998990391586
2025-02-27,DZA,0.018475774552351155
2025-02-28,DZA,0.013444991365023813
2025-03-01,DZA,0.011955576993471922
2025-03-02,DZA,0.011766794691660793
2025-03-03,DZA,0.012093243730276888
2025-03-04,DZA,0.012770940822225234
2025-03-05,DZA,0.011654173335149298
2025-03-06,DZA,0.012311027221263714
2025-03-07,DZA,0.013494532165377545
2025-03-08,DZA,0.013307746294517558
2025-03-09,DZA,0.016220174824684613
2025-03-10,DZA,0.013357410105672658
2025-03-11,DZA,0.013304640014123759
2025-03-12,DZA,0.021138710495168998
2025-03-13,DZA,0.04175954294468613
2025-03-14,DZA,0.07263917468006796
2025-03-15,DZA,0.05024260103453665
2025-03-16,DZA,0.08387255403551283
2025-03-17,DZA,0.17716279503218943
2025-03-18,DZA,0.06304483459074328
2025-03-19,DZA,0.04605641713824704
2025-03-20,DZA,0.04473902247818049
2025-03-21,DZA,0.18693795608875485
2025-03-22,DZA,0.025764701126425087
2025-03-23,DZA,0.024537688344343684
2025-03-24,DZA,0.024539786568860054
2025-03-25,DZA,0.018717718932466175
2025-03-26,DZA,0.018780564728203115
2025-03-27,DZA,0.021180119335634354
2025-03-28,DZA,0.011375096747350023
2024-07-01,TUN,0.022760003643492375
2024-07-02,TUN,0.01755143270316178
2024-07-03,TUN,0.01690097084634391
2024-07-04,TUN,0.020848900025254944
2024-07-05,TUN,0.027202562628351263
2024-07-06,TUN,0.015695759355503464
2024-07-07,TUN,0.032418994317059455
2024-07-08,TUN,0.021151414908937884
2024-07-09,TUN,0.015580947592047775
2024-07-10,TUN,0.02053769698430104
2024-07-11,TUN,0.018828313563251424
2024-07-12,TUN,0.021730598975665524
2024-07-13,TUN,0.05638975668417914
2024-07-14,TUN,0.03790746827764495
2024-07-15,TUN,0.03597383107196575
2024-07-16,TUN,0.03312986766946829
2024-07-17,TUN,0.050063201946297826
2024-07-18,TUN,0.0570684825318948
2024-07-19,TUN,0.05511913426697536
2024-07-20,TUN,0.028731340075518235
2024-07-21,TUN,0.059278574798429726
2024-07-22,TUN,0.08590421070082732
2024-07-23,TUN,0.2663048005744602
2024-07-24,TUN,0.03234204398455116
2024-07-25,TUN,0.036961256974965044
2024-07-26,TUN,0.06488265261328321
2024-07-27,TUN,0.02838073405723314
2024-07-28,TUN,0.07530384684046468
2024-07-29,TUN,0.07019258628478812
2024-07-30,TUN,0.015362040096596483
2024-07-31,TUN,0.014197401897027949
2024-08-01,TUN,0.022782181274156262
2024-08-02,TUN,0.01924808436420211
2024-08-03,TUN,0.027584759060928072
2024-08-04,TUN,0.35496175873642777
2024-08-05,TUN,0.08738574636015539
2024-08-06,TUN,0.01927579557292951
2024-08-07,TUN,0.018319190667886433
2024-08-08,TUN,0.018175000131405907
2024-08-09,TUN,0.014869426210569466
2024-08-10,TUN,0.025443235733203357
2024-08-11,TUN,0.013844049871664156
2024-08-12,TUN,0.013803876945010219
2024-08-13,TUN,0.021474644032645623
2024-08-14,TUN,0.016688228569153495
2024-08-15,TUN,0.016868591036050627
2024-08-16,TUN,0.018415183238367085
2024-08-17,TUN,0.012565558183671017
2024-08-18,TUN,0.04502240753228103
2024-08-19,TUN,0.055911830159222985
2024-08-20,TUN,0.036601760452484984
2024-08-21,TUN,0.026000272167274654
2024-08-22,TUN,0.038418523988929094
2024-08-23,TUN,0.018945293436583865
2024-08-24,TUN,0.020243268867327052
2024-08-25,TUN,0.18726934664313682
2024-08-26,TUN,0.059525732077674226
2024-08-27,TUN,0.03767355066820926
2024-08-28,TUN,0.05147454388156811
2024-08-29,TUN,0.04882014115042285
2024-08-30,TUN,0.04186412954442497
2024-08-31,TUN,0.05353298845950705
2024-09-01,TUN,0.07875445814295313
2024-09-02,TUN,0.06329072743513195
2024-09-03,TUN,0.07566383468071564
2024-09-04,TUN,0.03013996297372499
2024-09-05,TUN,0.062865131960274
2024-09-06,TUN,0.03771724746920555
2024-09-07,TUN,0.10536119396683753
2024-09-08,TUN,0.10290646011782335
2024-09-09,TUN,0.03961974039713269
2024-09-10,TUN,0.02113439497349054
2024-09-11,TUN,0.029790762988709633
2024-09-12,TUN,0.028432583161888774
2024-09-13,TUN,0.018029747019796136
2024-09-14,TUN,0.02516008295187335
2024-09-15,TUN,0.08081081690219048
2024-09-16,TUN,0.06512219086353555
2024-09-17,TUN,0.057674036773067594
2024-09-18,TUN,0.05478028009557948
2024-09-19,TUN,0.04692501528853451
2024-09-20,TUN,0.02840436437245808
2024-09-21,TUN,0.025036479159171513
2024-09-22,TUN,0.048062494657672254
2024-09-23,TUN,0.0375000430809312
2024-09-24,TUN,0.03628553192299949
2024-09-25,TUN,0.047379884372270836
2024-09-26,TUN,0.04014772653128391
2024-09-27,TUN,0.054584915386034764
2024-09-28,TUN,0.05083756462474316
2024-09-29,TUN,0.0408795929813984
2024-09-30,TUN,0.04103230212415026
2024-10-01,TUN,0.028158466537883016
2024-10-02,TUN,0.016987710791527267
2024-10-03,TUN,0.02437569719331169
2024-10-04,TUN,0.022287460558934512
2024-10-05,TUN,0.012263944044037975
2024-10-06,TUN,0.014774553867106266
2024-10-07,TUN,0.013815196311103495
2024-10-08,TUN,0.011415801468872291
2024-10-09,TUN,0.012883121113054494
2024-10-10,TUN,0.01566607029458356
2024-10-11,TUN,0.014257335960517445
2024-10-12,TUN,0.01486708835240874
2024-10-13,TUN,0.02499433607411227
2024-10-14,TUN,0.022212461527966913
2024-10-15,TUN,0.052010232212347664
2024-10-16,TUN,0.040353557532939996
2024-10-17,TUN,0.02755626212393818
2024-10-18,TUN,0.02435519831734287
2024-10-19,TUN,0.02116510925963494
2024-10-20,TUN,0.05458747692743436
2024-10-21,TUN,0.05172432348660198
2024-10-22,TUN,0.015759629662209142
2024-10-23,TUN,0.017046239969431925
2024-10-24,TUN,0.026037986056412474
2024-10-25,TUN,0.016417154975143886
2024-10-26,TUN,0.015115246037552828
2024-10-27,TUN,0.02462578948739007
2024-10-28,TUN,0.03464082593952634
2024-10-29,TUN,0.018363099647430825
2024-10-30,TUN,0.025139871290695004
2024-10-31,TUN,0.02832337530602327
2024-11-01,TUN,0.03981209372907467
2024-11-02,TUN,0.04566871664898815
2024-11-03,TUN,0.07351713547499686
2024-11-04,TUN,0.06520967551440252
2024-11-05,TUN,0.04764115242986813
2024-11-06,TUN,0.07105931524500025
2024-11-07,TUN,0.035929973176564566
2024-11-08,TUN,0.06882476564095141
2024-11-09,TUN,0.0710474691683377
2024-11-10,TUN,0.19016664283716167
2024-11-11,TUN,0.16308341168032436
2024-11-12,TUN,0.03391897889200223
2024-11-13,TUN,0.040663277079574775
2024-11-14,TUN,0.04265033706979729
2024-11-15,TUN,0.031086615956435432
2024-11-16,TUN,0.0181329496559872
2024-11-17,TUN,0.03242647924796314
2024-11-18,TUN,0.03392140114914046
2024-11-19,TUN,0.026006366737405008
2024-11-20,TUN,0.06537643412706583
2024-11-21,TUN,0.026819898627414553
2024-11-22,TUN,0.06289761348450644
2024-11-23,TUN,0.031103887745577166
2024-11-24,TUN,0.04985563773092248
2024-11-25,TUN,0.054898807805560924
2024-11-26,TUN,0.05392742048033935
2024-11-27,TUN,0.055049068423869384
2024-11-28,TUN,0.06213577662095659
2024-11-29,TUN,0.0857049704125305
2024-11-30,TUN,0.03458835976127526
2024-12-01,TUN,0.06259108049758656
2024-12-02,TUN,0.05663190655060768
2024-12-03,TUN,0.03445353656098321
2024-12-04,TUN,0.05110804126145178
2024-12-05,TUN,0.03944693516559217
2024-12-06,TUN,0.04354365145092097
2024-12-07,TUN,0.0928314263500024
2024-12-08,TUN,0.10268441547608181
2024-12-09,TUN,0.038002717591744326
2024-12-10,TUN,0.032083955688818305
2024-12-11,TUN,0.051374106423951765
2024-12-12,TUN,0.04498631536395348
2024-12-13,TUN,0.06874464435296024
2024-12-14,TUN,0.05131366282373068
2024-12-15,TUN,0.04443213663741972
2024-12-16,TUN,0.04309742302971918
2024-12-17,TUN,0.036284938939245955
2024-12-18,TUN,0.03159688910299835
2024-12-19,TUN,0.01610382359566649
2024-12-20,TUN,0.01774512015991899
2024-12-21,TUN,0.0166946342970793
2024-12-22,TUN,0.04179665413080733
2024-12-23,TUN,0.039072284623140344
2024-12-24,TUN,0.03196725581777729
2024-12-25,TUN,0.04783370468109079
2024-12-26,TUN,0.11383496602943809
2024-12-27,TUN,0.04453514039530011
2024-12-28,TUN,0.3262923469504349
2024-12-29,TUN,0.08940387809358463
2024-12-30,TUN,0.05905020998795154
2024-12-31,TUN,0.02500977077148643
2025-01-01,TUN,0.039477954819421984
2025-01-02,TUN,0.04477111701271776
2025-01-03,TUN,0.01343750585821762
2025-01-04,TUN,0.02617391455718304
2025-01-05,TUN,0.014444500608843124
2025-01-06,TUN,0.013454941726545894
2025-01-07,TUN,0.01484668536105508
2025-01-08,TUN,0.013660153353820785
2025-01-09,TUN,0.014508861765919432
2025-01-10,TUN,0.01681751993814118
2025-01-11,TUN,0.016083511857422263
2025-01-12,TUN,0.03460390138374345
2025-01-13,TUN,0.04281124981582706
2025-01-14,TUN,0.017607388750935503
2025-01-15,TUN,0.019740329220440854
2025-01-16,TUN,0.025388234483487124
2025-01-17,TUN,0.02328506089552138
2025-01-18,TUN,0.027128461075270918
2025-01-19,TUN,0.0569556579187576
2025-01-20,TUN,0.044073267400649464
2025-01-21,TUN,0.043154567778919
2025-01-22,TUN,0.03025823683770951
2025-01-23,TUN,0.05682905711007437
2025-01-24,TUN,0.0313665903155177
2025-01-25,TUN,0.047969618055318
2025-01-26,TUN,0.029346813563576372
2025-01-27,TUN,0.02536797622910147
2025-01-28,TUN,0.019063440070668663
2025-01-29,TUN,0.017399625364351367
2025-01-30,TUN,0.024443940081112225
2025-01-31,TUN,0.025837466431668423
2025-02-01,TUN,0.02620229565386573
2025-02-02,TUN,0.028978372373384423
2025-02-03,TUN,0.024416167221906208
2025-02-04,TUN,0.02006159450690263
2025-02-05,TUN,0.03826886461688515
2025-02-06,TUN,0.054275213276387554
2025-02-07,TUN,0.03635639917288964
2025-02-08,TUN,0.03996193910473082
2025-02-09,TUN,0.30999997053634276
2025-02-10,TUN,0.049543238950855856
2025-02-11,TUN,0.032206319882712865
2025-02-12,TUN,0.03424308407431615
2025-02-13,TUN,0.020254954342451108
2025-02-14,TUN,0.022582327975069982
2025-02-15,TUN,0.021055542661856108
2025-02-16,TUN,0.15908988728963647
2025-02-17,TUN,0.013910270830919143
2025-02-18,TUN,0.013800039238911458
2025-02-19,TUN,0.012121823294415057
2025-02-20,TUN,0.013184054920767949
2025-02-21,TUN,0.014587833105127977
2025-02-22,TUN,0.012540778421451116
2025-02-23,TUN,0.031445977579485404
2025-02-24,TUN,0.029776029440380197
2025-02-25,TUN,0.02513730469212305
2025-02-26,TUN,0.020609661583786187
2025-02-27,TUN,0.016173246601469352
2025-02-28,TUN,0.01422553162416866
2025-03-01,TUN,0.01842019034453808
2025-03-02,TUN,0.027690514599764744
2025-03-03,TUN,0.02694451353680706
2025-03-04,TUN,0.016588016726710727
2025-03-05,TUN,0.029053231353386832
2025-03-06,TUN,0.020075375316065264
2025-03-07,TUN,0.03178488511327531
2025-03-08,TUN,0.04792335771611253
2025-03-09,TUN,0.08409145146579373
2025-03-10,TUN,0.08182116131537069
2025-03-11,TUN,0.02704030440069184
2025-03-12,TUN,0.041622676009617776
2025-03-13,TUN,0.033747180035402335
2025-03-14,TUN,0.05710545096160283
2025-03-15,TUN,0.09714607330865038
2025-03-16,TUN,0.11293512622205855
2025-03-17,TUN,0.11293512622205855
2025-03-18,TUN,0.08102230866568062
2025-03-19,TUN,0.04434627068688277
2025-03-20,TUN,0.06829679030300498
2025-03-21,TUN,0.10569726735107407
2025-03-22,TUN,0.035845085729951175
2025-03-23,TUN,0.06815540634622029
2025-03-24,TUN,0.07825644344035541
2025-03-25,TUN,0.043343244468811354
2025-03-26,TUN,0.029090063412737132
2025-03-27,TUN,0.036961156694824186
2025-03-28,TUN,0.03357959929816679
2024-07-01,MLI,0.07573484579665422
2024-07-02,MLI,0.013186747302010344
2024-07-03,MLI,0.06617672313171581
2024-07-04,MLI,0.014567637587203655
2024-07-05,MLI,0.012189088594552004
2024-07-06,MLI,0.01308593691269242
2024-07-07,MLI,0.013219080585052674
2024-07-08,MLI,0.014016606093636245
2024-07-09,MLI,0.015010177007630686
2024-07-10,MLI,0.01103569941852532
2024-07-11,MLI,0.01138568577913012
2024-07-12,MLI,0.011140181668011276
2024-07-13,MLI,0.010948152346160787
2024-07-14,MLI,0.010963406326499782
2024-07-15,MLI,0.011064649981931421
2024-07-16,MLI,0.011308970248629853
2024-07-17,MLI,0.017541882753202533
2024-07-18,MLI,0.02505243336984187
2024-07-19,MLI,0.026846224362425872
2024-07-20,MLI,0.022794632269892624
2024-07-21,MLI,0.03031570725133316
2024-07-22,MLI,0.02366810915570927
2024-07-23,MLI,0.01640346576787775
2024-07-24,MLI,0.019387190448902487
2024-07-25,MLI,0.04236670140558774
2024-07-26,MLI,0.17108603169666065
2024-07-27,MLI,0.16995394536305708
2024-07-28,MLI,0.06281490306971409
2024-07-29,MLI,0.01416222707357727
2024-07-30,MLI,0.04923723080219173
2024-07-31,MLI,0.012387463179304007
2024-08-01,MLI,0.011059466476611091
2024-08-02,MLI,0.011111178950576835
2024-08-03,MLI,0.0114106438667693
2024-08-04,MLI,0.011266673352625699
2024-08-05,MLI,0.011308481483897724
2024-08-06,MLI,0.011685601439913812
2024-08-07,MLI,0.010986429871161047
2024-08-08,MLI,0.011465823788382753
2024-08-09,MLI,0.011006207430272509
2024-08-10,MLI,0.010934991865720388
2024-08-11,MLI,0.011102330434193525
2024-08-12,MLI,0.011448466940479789
2024-08-13,MLI,0.019548117834104907
2024-08-14,MLI,0.01650124790967986
2024-08-15,MLI,0.073834771383207
2024-08-16,MLI,0.016800650140001667
2024-08-17,MLI,0.018993010890995733
2024-08-18,MLI,0.02688645516165939
2024-08-19,MLI,0.018340060778674484
2024-08-20,MLI,0.020339773312314728
2024-08-21,MLI,0.0480761450144539
2024-08-22,MLI,0.014344629528708377
2024-08-23,MLI,0.017741687969909648
2024-08-24,MLI,0.01501088656674949
2024-08-25,MLI,0.08910881295910972
2024-08-26,MLI,0.02110291245752134
2024-08-27,MLI,0.023398247646421025
2024-08-28,MLI,0.015632002624443406
2024-08-29,MLI,0.03122086375070282
2024-08-30,MLI,0.03133854604205047
2024-08-31,MLI,0.02526593260382651
2024-09-01,MLI,0.014215271779565596
2024-09-02,MLI,0.014553314037999086
2024-09-03,MLI,0.013241907708431993
2024-09-04,MLI,0.014026785811471185
2024-09-05,MLI,0.02137656612793606
2024-09-06,MLI,0.023297371583779033
2024-09-07,MLI,0.023182068666935694
2024-09-08,MLI,0.01967002436905595
2024-09-09,MLI,0.017925709675464908
2024-09-10,MLI,0.016983988307286077
2024-09-11,MLI,0.05010112368178689
2024-09-12,MLI,0.020030129671600116
2024-09-13,MLI,0.029131837305267066
2024-09-14,MLI,0.04528008447415244
2024-09-15,MLI,0.03405882647945674
2024-09-16,MLI,0.027841720672619294
2024-09-17,MLI,0.2758331080751313
2024-09-18,MLI,0.03468205311650952
2024-09-19,MLI,0.021950314777332794
2024-09-20,MLI,0.10871916342352649
2024-09-21,MLI,0.013265943907628688
2024-09-22,MLI,0.028648531034629433
2024-09-23,MLI,0.012089522479928297
2024-09-24,MLI,0.010974221628244686
2024-09-25,MLI,0.010954618904563083
2024-09-26,MLI,0.011091623715258812
2024-09-27,MLI,0.01097945978839884
2024-09-28,MLI,0.010998937400531282
2024-09-29,MLI,0.01092734625373197
2024-09-30,MLI,0.011296935706306608
2024-10-01,MLI,0.011391359779931309
2024-10-02,MLI,0.011200151551771398
2024-10-03,MLI,0.011189916112014083
2024-10-04,MLI,0.020824739317418284
2024-10-05,MLI,0.025081906624833734
2024-10-06,MLI,0.02350228744780998
2024-10-07,MLI,0.023850844827545847
2024-10-08,MLI,0.03341226923981107
2024-10-09,MLI,0.1289718209493003
2024-10-10,MLI,0.021504893901514666
2024-10-11,MLI,0.029370275730461477
2024-10-12,MLI,0.016512190343066283
2024-10-13,MLI,0.020085107471492152
2024-10-14,MLI,0.018663173890951894
2024-10-15,MLI,0.017346045376988466
2024-10-16,MLI,0.021226514983489885
2024-10-17,MLI,0.021832299100500697
2024-10-18,MLI,0.02235553383825007
2024-10-19,MLI,0.017619908403345333
2024-10-20,MLI,0.020420634895230032
2024-10-21,MLI,0.01604313610901139
2024-10-22,MLI,0.028846340523580444
2024-10-23,MLI,0.01921640713201342
2024-10-24,MLI,0.1433051695675841
2024-10-25,MLI,0.035423021488891815
2024-10-26,MLI,0.019538327650775875
2024-10-27,MLI,0.020477687269080846
2024-10-28,MLI,0.026440154481961433
2024-10-29,MLI,0.018852678069386272
2024-10-30,MLI,0.015814853929929668
2024-10-31,MLI,0.01165077072958886
2024-11-01,MLI,0.011744563522547952
2024-11-02,MLI,0.011507683323486222
2024-11-03,MLI,0.013156977256760832
2024-11-04,MLI,0.011420255664291739
2024-11-05,MLI,0.012946254907066097
2024-11-06,MLI,0.012732634238981865
2024-11-07,MLI,0.013655679311204729
2024-11-08,MLI,0.018716021664829642
2024-11-09,MLI,0.012968872877431342
2024-11-10,MLI,0.02018247795179845
2024-11-11,MLI,0.013173948250946612
2024-11-12,MLI,0.014276998121325967
2024-11-13,MLI,0.012185957903745782
2024-11-14,MLI,0.021921308202991194
2024-11-15,MLI,0.02012591748888846
2024-11-16,MLI,0.04246722964042738
2024-11-17,MLI,0.015141236077693129
2024-11-18,MLI,0.012813659059284221
2024-11-19,MLI,0.022463457641360714
2024-11-20,MLI,0.027286436120030216
2024-11-21,MLI,0.019819851084902654
2024-11-22,MLI,0.016503635532031838
2024-11-23,MLI,0.014249733556792174
2024-11-24,MLI,0.016031756662470087
2024-11-25,MLI,0.0213739353721249
2024-11-26,MLI,0.016103072410446666
2024-11-27,MLI,0.017766676478451034
2024-11-28,MLI,0.01595273196696394
2024-11-29,MLI,0.017418771404847364
2024-11-30,MLI,0.01656093394913724
2024-12-01,MLI,0.026859132131261117
2024-12-02,MLI,0.027341150029143255
2024-12-03,MLI,0.016067305851908607
2024-12-04,MLI,0.015783823443384568
2024-12-05,MLI,0.01896508319524003
2024-12-06,MLI,0.0163691065883165
2024-12-07,MLI,0.01603507262984097
2024-12-08,MLI,0.01634502715966496
2024-12-09,MLI,0.013630836443182134
2024-12-10,MLI,0.031327676221504605
2024-12-11,MLI,0.028677561971002605
2024-12-12,MLI,0.016379568744673046
2024-12-13,MLI,0.021573479232565734
2024-12-14,MLI,0.018814334443700217
2024-12-15,MLI,0.06469861495067998
2024-12-16,MLI,0.06151096777538412
2024-12-17,MLI,0.0283890255569977
2024-12-18,MLI,0.019436776007531947
2024-12-19,MLI,0.026305250942721844
2024-12-20,MLI,0.02711832792963606
2024-12-21,MLI,0.11897176415747104
2024-12-22,MLI,0.0179327312566886
2024-12-23,MLI,0.017896503115046005
2024-12-24,MLI,0.029479357959932877
2024-12-25,MLI,0.014207488869311549
2024-12-26,MLI,0.07138375526172204
2024-12-27,MLI,0.01743110026528004
2024-12-28,MLI,0.022870599082045456
2024-12-29,MLI,0.015322199208543153
2024-12-30,MLI,0.01616958578280067
2024-12-31,MLI,0.018672718148065728
2025-01-01,MLI,0.019033762646119074
2025-01-02,MLI,0.01972645107471078
2025-01-03,MLI,0.019325739512127287
2025-01-04,MLI,0.02377046727729361
2025-01-05,MLI,0.02149543708282633
2025-01-06,MLI,0.05202063480874288
2025-01-07,MLI,0.017233963670804188
2025-01-08,MLI,0.04463076693412898
2025-01-09,MLI,0.026700774564284754
2025-01-10,MLI,0.029153967511883143
2025-01-11,MLI,0.044972891855728475
2025-01-12,MLI,0.10025753582509332
2025-01-13,MLI,0.011555602339264568
2025-01-14,MLI,0.021066864291292446
2025-01-15,MLI,0.01652624199020189
2025-01-16,MLI,0.012868162348588627
2025-01-17,MLI,0.012045045181651684
2025-01-18,MLI,0.012222192477641596
2025-01-19,MLI,0.012721711910606762
2025-01-20,MLI,0.016885747697083776
2025-01-21,MLI,0.015866476152178358
2025-01-22,MLI,0.015730145867906005
2025-01-23,MLI,0.016260500596951426
2025-01-24,MLI,0.019737820960589455
2025-01-25,MLI,0.015906576403342778
2025-01-26,MLI,0.014733662669538131
2025-01-27,MLI,0.10782451109277444
2025-01-28,MLI,0.20020849257177012
2025-01-29,MLI,0.016471050983607117
2025-01-30,MLI,0.021316392471485195
2025-01-31,MLI,0.020708982027040565
2025-02-01,MLI,0.025231226548713702
2025-02-02,MLI,0.026680672057632363
2025-02-03,MLI,0.017680595577916822
2025-02-04,MLI,0.012359242967119178
2025-02-05,MLI,0.01264843262006841
2025-02-06,MLI,0.011551188340747314
2025-02-07,MLI,0.04766525957794671
2025-02-08,MLI,0.03592218834646832
2025-02-09,MLI,0.015163819946208426
2025-02-10,MLI,0.0284918484806128
2025-02-11,MLI,0.028934287017629
2025-02-12,MLI,0.06508424762001991
2025-02-13,MLI,0.014045230290166457
2025-02-14,MLI,0.010956322538899077
2025-02-15,MLI,0.011016358418921658
2025-02-16,MLI,0.011990471957587933
2025-02-17,MLI,0.01269138128312101
2025-02-18,MLI,0.011075226612831123
2025-02-19,MLI,0.013877437081947636
2025-02-20,MLI,0.013990258198299875
2025-02-21,MLI,0.023487411307219534
2025-02-22,MLI,0.02733085932652773
2025-02-23,MLI,0.015602140761718054
2025-02-24,MLI,0.011345773834889116
2025-02-25,MLI,0.011733731861354605
2025-02-26,MLI,0.012745506127208307
2025-02-27,MLI,0.011483326469609001
2025-02-28,MLI,0.011236847259969025
2025-03-01,MLI,0.011375002473932468
2025-03-02,MLI,0.011144102149684006
2025-03-03,MLI,0.012245390970600437
2025-03-04,MLI,0.0182923870087285
2025-03-05,MLI,0.013339211154440464
2025-03-06,MLI,0.014338578838636063
2025-03-07,MLI,0.017481552184753012
2025-03-08,MLI,0.015513248833619495
2025-03-09,MLI,0.020131165397166247
2025-03-10,MLI,0.03461630832277495
2025-03-11,MLI,0.051264817979145616
2025-03-12,MLI,0.02903120896369063
2025-03-13,MLI,0.03509172322055362
2025-03-14,MLI,0.02513664608108591
2025-03-15,MLI,0.016513928483258868
2025-03-16,MLI,0.02781600139407515
2025-03-17,MLI,0.028314347315913584
2025-03-18,MLI,0.058786632601601864
2025-03-19,MLI,0.016698719621344862
2025-03-20,MLI,0.06118341824954972
2025-03-21,MLI,0.014877349340578775
2025-03-22,MLI,0.021491956249177598
2025-03-23,MLI,0.013748855917601438
2025-03-24,MLI,0.02349404093196626
2025-03-25,MLI,0.013950540632510793
2025-03-26,MLI,0.012705144989209986
2025-03-27,MLI,0.021125016787538416
2025-03-28,MLI,0.02714063180487752
2024-07-01,BFA,0.01592592158343786
2024-07-02,BFA,0.020648587897939448
2024-07-03,BFA,0.011212613893497028
2024-07-04,BFA,0.011461989825486615
2024-07-05,BFA,0.011225796547652702
2024-07-06,BFA,0.01131226526078249
2024-07-07,BFA,0.011252849665970264
2024-07-08,BFA,0.011428193487190496
2024-07-09,BFA,0.011403892866989571
2024-07-10,BFA,0.011261524947017649
2024-07-11,BFA,0.011415442405247032
2024-07-12,BFA,0.011245800423665043
2024-07-13,BFA,0.012451753277334577
2024-07-14,BFA,0.01605960209587569
2024-07-15,BFA,0.014051969011389933
2024-07-16,BFA,0.014176933155616564
2024-07-17,BFA,0.014380129564714583
2024-07-18,BFA,0.017779739491447066
2024-07-19,BFA,0.06797919536828305
2024-07-20,BFA,0.017077344598621782
2024-07-21,BFA,0.019489084815308866
2024-07-22,BFA,0.014474637347566955
2024-07-23,BFA,0.01480194943199231
2024-07-24,BFA,0.020256093181531924
2024-07-25,BFA,0.06956477897225054
2024-07-26,BFA,0.011486822561805285
2024-07-27,BFA,0.011855490406017759
2024-07-28,BFA,0.012165225714258349
2024-07-29,BFA,0.012803251677912108
2024-07-30,BFA,0.011828384898228145
2024-07-31,BFA,0.014155707567318515
2024-08-01,BFA,0.011739099425783361
2024-08-02,BFA,0.012089819889195995
2024-08-03,BFA,0.012128069908378232
2024-08-04,BFA,0.012868547405283853
2024-08-05,BFA,0.011606863087670241
2024-08-06,BFA,0.012429728911853868
2024-08-07,BFA,0.011165736573639375
2024-08-08,BFA,0.0396997951226345
2024-08-09,BFA,0.042972612077239424
2024-08-10,BFA,0.012233683179526037
2024-08-11,BFA,0.013007131601818914
2024-08-12,BFA,0.011399528766543007
2024-08-13,BFA,0.0112088596103343
2024-08-14,BFA,0.012012948294943492
2024-08-15,BFA,0.011446522237427696
2024-08-16,BFA,0.011487564211148155
2024-08-17,BFA,0.01110134628258263
2024-08-18,BFA,0.011419845642111967
2024-08-19,BFA,0.011087638601800696
2024-08-20,BFA,0.01110155462829435
2024-08-21,BFA,0.011065596445399688
2024-08-22,BFA,0.011136590390433576
2024-08-23,BFA,0.014037458874320974
2024-08-24,BFA,0.08620280475882752
2024-08-25,BFA,0.03623466571895142
2024-08-26,BFA,0.023437806784154046
2024-08-27,BFA,0.028083924184472
2024-08-28,BFA,0.012790140849462128
2024-08-29,BFA,0.014652156125776373
2024-08-30,BFA,0.14174833361246195
2024-08-31,BFA,0.014362837983129362
2024-09-01,BFA,0.011014592247702118
2024-09-02,BFA,0.011135858204137683
2024-09-03,BFA,0.011111992147012712
2024-09-04,BFA,0.011333198317270816
2024-09-05,BFA,0.011134583434985072
2024-09-06,BFA,0.011203613882075124
2024-09-07,BFA,0.014614307707724806
2024-09-08,BFA,0.017990841880967324
2024-09-09,BFA,0.013040747872623047
2024-09-10,BFA,0.013142778231675041
2024-09-11,BFA,0.014866713195267235
2024-09-12,BFA,0.014798635312434577
2024-09-13,BFA,0.018726481418014026
2024-09-14,BFA,0.0191093706179897
2024-09-15,BFA,0.017471847014321615
2024-09-16,BFA,0.015887918618446063
2024-09-17,BFA,0.033089797917935704
2024-09-18,BFA,0.02473450281575694
2024-09-19,BFA,0.026497283078633402
2024-09-20,BFA,0.01492952613187852
2024-09-21,BFA,0.02111249368981381
2024-09-22,BFA,0.02015142602102155
2024-09-23,BFA,0.019313767669884276
2024-09-24,BFA,0.022972557527433043
2024-09-25,BFA,0.0338929833855981
2024-09-26,BFA,0.018033207093074263
2024-09-27,BFA,0.019848021356635655
2024-09-28,BFA,0.022543001830601716
2024-09-29,BFA,0.020672809385027805
2024-09-30,BFA,0.06783574273061446
2024-10-01,BFA,0.04720963019304164
2024-10-02,BFA,0.08258861842346846
2024-10-03,BFA,0.029265197088258917
2024-10-04,BFA,0.03148562676396788
2024-10-05,BFA,0.024025172898118344
2024-10-06,BFA,0.04816045219410858
2024-10-07,BFA,0.024462073579604112
2024-10-08,BFA,0.05575595342026079
2024-10-09,BFA,0.01526622509797457
2024-10-10,BFA,0.018124474290247043
2024-10-11,BFA,0.01706242069799248
2024-10-12,BFA,0.02312888863975813
2024-10-13,BFA,0.022944051564419445
2024-10-14,BFA,0.019234695033146367
2024-10-15,BFA,0.020155879578475727
2024-10-16,BFA,0.02346111733103138
2024-10-17,BFA,0.022760678409759143
2024-10-18,BFA,0.04312168296292029
2024-10-19,BFA,0.02093229202278999
2024-10-20,BFA,0.018941593833505337
2024-10-21,BFA,0.022227938463175067
2024-10-22,BFA,0.06974797003263129
2024-10-23,BFA,0.02619481701715029
2024-10-24,BFA,0.04577462116342383
2024-10-25,BFA,0.026934648174578392
2024-10-26,BFA,0.023302987138883506
2024-10-27,BFA,0.024235851045631345
2024-10-28,BFA,0.02780966527680761
2024-10-29,BFA,0.016034465744722302
2024-10-30,BFA,0.02031700250409628
2024-10-31,BFA,0.07308044486495364
2024-11-01,BFA,0.025462940690264654
2024-11-02,BFA,0.05228992252501242
2024-11-03,BFA,0.033272743038564666
2024-11-04,BFA,0.06379357024495039
2024-11-05,BFA,0.06489012531254473
2024-11-06,BFA,0.021816565141357637
2024-11-07,BFA,0.014509772203703135
2024-11-08,BFA,0.012548724043844084
2024-11-09,BFA,0.0152001532077309
2024-11-10,BFA,0.013449870794488304
2024-11-11,BFA,0.011728319978095057
2024-11-12,BFA,0.011311735267808345
2024-11-13,BFA,0.011174698828409114
2024-11-14,BFA,0.011532261652191149
2024-11-15,BFA,0.0114426957623212
2024-11-16,BFA,0.011634698014338606
2024-11-17,BFA,0.011796489341631338
2024-11-18,BFA,0.01304012014040172
2024-11-19,BFA,0.012484514083968225
2024-11-20,BFA,0.017218575072091947
2024-11-21,BFA,0.08052514497571807
2024-11-22,BFA,0.035228247118866574
2024-11-23,BFA,0.031991390753236267
2024-11-24,BFA,0.042174494524234926
2024-11-25,BFA,0.035497307976361366
2024-11-26,BFA,0.028965136565127232
2024-11-27,BFA,0.03932274464020174
2024-11-28,BFA,0.03475789777679382
2024-11-29,BFA,0.025432097099179193
2024-11-30,BFA,0.07044762807336932
2024-12-01,BFA,0.05501327866552404
2024-12-02,BFA,0.02386245879022795
2024-12-03,BFA,0.02284890318360074
2024-12-04,BFA,0.030109762172766133
2024-12-05,BFA,0.027608947071282922
2024-12-06,BFA,0.03287839986010537
2024-12-07,BFA,0.0283727125089995
2024-12-08,BFA,0.02624335159666312
2024-12-09,BFA,0.020957064575717527
2024-12-10,BFA,0.08277973431089934
2024-12-11,BFA,0.046955884485718025
2024-12-12,BFA,0.019593399964494346
2024-12-13,BFA,0.0694919869109026
2024-12-14,BFA,0.02604649825936619
2024-12-15,BFA,0.04091918756278104
2024-12-16,BFA,0.021203752918764078
2024-12-17,BFA,0.015610470511007602
2024-12-18,BFA,0.030493301312683553
2024-12-19,BFA,0.014324557965773529
2024-12-20,BFA,0.012622369338770747
2024-12-21,BFA,0.01230752738092731
2024-12-22,BFA,0.014025159451530867
2024-12-23,BFA,0.01591832481868157
2024-12-24,BFA,0.01489558466665366
2024-12-25,BFA,0.016075382171334546
2024-12-26,BFA,0.014669261311514832
2024-12-27,BFA,0.020272544341213755
2024-12-28,BFA,0.019546938988405843
2024-12-29,BFA,0.021607350260804903
2024-12-30,BFA,0.01674337548923202
2024-12-31,BFA,0.019233956079319593
2025-01-01,BFA,0.014106923150491904
2025-01-02,BFA,0.02120803111053374
2025-01-03,BFA,0.04877134787093178
2025-01-04,BFA,0.02560627716994403
2025-01-05,BFA,0.03090606843917052
2025-01-06,BFA,0.020757827297775734
2025-01-07,BFA,0.05773222178665528
2025-01-08,BFA,0.02371220115329353
2025-01-09,BFA,0.029416215917766757
2025-01-10,BFA,0.013740963287744714
2025-01-11,BFA,0.018809433269190014
2025-01-12,BFA,0.017047387103568304
2025-01-13,BFA,0.015421886861127743
2025-01-14,BFA,0.014748559924292044
2025-01-15,BFA,0.013835969471099146
2025-01-16,BFA,0.012126316369837176
2025-01-17,BFA,0.0161675999842484
2025-01-18,BFA,0.01568603937090716
2025-01-19,BFA,0.013784237061748025
2025-01-20,BFA,0.013819721445158745
2025-01-21,BFA,0.016380907517848233
2025-01-22,BFA,0.08532591096483995
2025-01-23,BFA,0.12503511701713693
2025-01-24,BFA,0.017268410540586178
2025-01-25,BFA,0.041914823331881616
2025-01-26,BFA,0.030498275230288703
2025-01-27,BFA,0.035391140504705855
2025-01-28,BFA,0.21595264722043592
2025-01-29,BFA,0.016764026426698588
2025-01-30,BFA,0.017153334791414527
2025-01-31,BFA,0.011844855774718983
2025-02-01,BFA,0.011926016732723959
2025-02-02,BFA,0.012148641827436081
2025-02-03,BFA,0.012891062445505025
2025-02-04,BFA,0.011198225546996355
2025-02-05,BFA,0.014774092940850081
2025-02-06,BFA,0.012792184975291611
2025-02-07,BFA,0.01269245473929249
2025-02-08,BFA,0.01616741966501207
2025-02-09,BFA,0.01444344732956998
2025-02-10,BFA,0.059928874297066996
2025-02-11,BFA,0.018986194062458873
2025-02-12,BFA,0.02087192374741633
2025-02-13,BFA,0.015697373170260924
2025-02-14,BFA,0.01617750976136935
2025-02-15,BFA,0.01586952132043246
2025-02-16,BFA,0.01673445026748233
2025-02-17,BFA,0.012748669200476704
2025-02-18,BFA,0.012344871358300688
2025-02-19,BFA,0.012066872390947088
2025-02-20,BFA,0.011767299492041104
2025-02-21,BFA,0.011223781824495422
2025-02-22,BFA,0.011097901509613031
2025-02-23,BFA,0.010991990468864626
2025-02-24,BFA,0.013472697723082653
2025-02-25,BFA,0.013396743854831989
2025-02-26,BFA,0.0150454672471945
2025-02-27,BFA,0.013972166040272292
2025-02-28,BFA,0.015213366436223166
2025-03-01,BFA,0.014891406473579921
2025-03-02,BFA,0.0172694783667276
2025-03-03,BFA,0.0181080525961235
2025-03-04,BFA,0.025985776637118766
2025-03-05,BFA,0.03370669119920645
2025-03-06,BFA,0.015629769377115164
2025-03-07,BFA,0.023724694152510443
2025-03-08,BFA,0.0410029701855154
2025-03-09,BFA,0.024955490537911556
2025-03-10,BFA,0.06657811293735875
2025-03-11,BFA,0.07521657270879502
2025-03-12,BFA,0.038528555660273474
2025-03-13,BFA,0.021634356231089398
2025-03-14,BFA,0.038939377280630225
2025-03-15,BFA,0.01471346332299022
2025-03-16,BFA,0.011484050609176873
2025-03-17,BFA,0.011078246920172131
2025-03-18,BFA,0.011330001570438413
2025-03-19,BFA,0.01220428253784408
2025-03-20,BFA,0.012575728900526014
2025-03-21,BFA,0.01101821196854122
2025-03-22,BFA,0.011717711187424004
2025-03-23,BFA,0.011231558217755913
2025-03-24,BFA,0.014359703404369095
2025-03-25,BFA,0.012032581576980256
2025-03-26,BFA,0.01189861519814178
2025-03-27,BFA,0.011716836705641356
2025-03-28,BFA,0.017474862343114
2024-07-01,NER,0.05815787897861661
2024-07-02,NER,0.014067810554746738
2024-07-03,NER,0.012563452402080937
2024-07-04,NER,0.011290402585201321
2024-07-05,NER,0.012447874855293563
2024-07-06,NER,0.011360721643587516
2024-07-07,NER,0.011470997572627303
2024-07-08,NER,0.013534268189388219
2024-07-09,NER,0.014201039873851951
2024-07-10,NER,0.01493186734031538
2024-07-11,NER,0.01212613804480736
2024-07-12,NER,0.01745114546814254
2024-07-13,NER,0.016069040332572948
2024-07-14,NER,0.012072603042547002
2024-07-15,NER,0.04567135875486435
2024-07-16,NER,0.02728251212954966
2024-07-17,NER,0.04125563884245278
2024-07-18,NER,0.03062979386591478
2024-07-19,NER,0.02353758709883614
2024-07-20,NER,0.021973468405972443
2024-07-21,NER,0.030770468240863616
2024-07-22,NER,0.03627163223445952
2024-07-23,NER,0.01196439467156299
2024-07-24,NER,0.02262868253496765
2024-07-25,NER,0.11180672519199782
2024-07-26,NER,0.09232930349855369
2024-07-27,NER,0.04186612491376126
2024-07-28,NER,0.02798190914825546
2024-07-29,NER,0.012426866895157493
2024-07-30,NER,0.011979630098602588
2024-07-31,NER,0.02103726493007017
2024-08-01,NER,0.012199888832647913
2024-08-02,NER,0.011998071713964295
2024-08-03,NER,0.012079451639388585
2024-08-04,NER,0.011905101077230671
2024-08-05,NER,0.03665465980166305
2024-08-06,NER,0.017371534997316487
2024-08-07,NER,0.014492612386211207
2024-08-08,NER,0.01520041305390171
2024-08-09,NER,0.01661410302076639
2024-08-10,NER,0.012718419334808823
2024-08-11,NER,0.014676179774283765
2024-08-12,NER,0.04696381970069122
2024-08-13,NER,0.1525362397343732
2024-08-14,NER,0.12567345193796067
2024-08-15,NER,0.041870030930145005
2024-08-16,NER,0.05213941388181308
2024-08-17,NER,0.015020275596260037
2024-08-18,NER,0.018998464795806847
2024-08-19,NER,0.04335054897998228
2024-08-20,NER,0.01199722836528943
2024-08-21,NER,0.013906602579883215
2024-08-22,NER,0.03664030355715937
2024-08-23,NER,0.01633262756185891
2024-08-24,NER,0.018622487465202835
2024-08-25,NER,0.011401204650633464
2024-08-26,NER,0.059895705310874264
2024-08-27,NER,0.12976062746919062
2024-08-28,NER,0.014973424575333873
2024-08-29,NER,0.013602252425896256
2024-08-30,NER,0.02164606937111625
2024-08-31,NER,0.01210429575080916
2024-09-01,NER,0.011784150569026465
2024-09-02,NER,0.010995726467110466
2024-09-03,NER,0.012850789292519977
2024-09-04,NER,0.011772465886433072
2024-09-05,NER,0.01288114174247678
2024-09-06,NER,0.012372069355992015
2024-09-07,NER,0.011080432145765323
2024-09-08,NER,0.011015772923694548
2024-09-09,NER,0.029601258081566474
2024-09-10,NER,0.014961953286292474
2024-09-11,NER,0.014001773199313618
2024-09-12,NER,0.014782265515370908
2024-09-13,NER,0.014988687638348952
2024-09-14,NER,0.012962553746766053
2024-09-15,NER,0.01343947558233206
2024-09-16,NER,0.05219593039447262
2024-09-17,NER,0.22462877912005808
2024-09-18,NER,0.28257250758616165
2024-09-19,NER,0.27839126476104836
2024-09-20,NER,0.10587246321298148
2024-09-21,NER,0.2761535435169027
2024-09-22,NER,0.17805628215864763
2024-09-23,NER,0.05360936687487281
2024-09-24,NER,0.18813707618685108
2024-09-25,NER,0.012862122275071733
2024-09-26,NER,0.01124063140089152
2024-09-27,NER,0.01159650927379059
2024-09-28,NER,0.011914019972124209
2024-09-29,NER,0.011568424779402672
2024-09-30,NER,0.011129645481668067
2024-10-01,NER,0.012070902516825384
2024-10-02,NER,0.011182790396509875
2024-10-03,NER,0.011136518035391476
2024-10-04,NER,0.015092324254771248
2024-10-05,NER,0.011856730175273672
2024-10-06,NER,0.012635725697572566
2024-10-07,NER,0.019186112891200657
2024-10-08,NER,0.014261303900031077
2024-10-09,NER,0.014220557820029175
2024-10-10,NER,0.02281106904642031
2024-10-11,NER,0.02377728552178594
2024-10-12,NER,0.030871254999827173
2024-10-13,NER,0.01792197605836908
2024-10-14,NER,0.03051535061283101
2024-10-15,NER,0.07197847332478192
2024-10-16,NER,0.039150842484482945
2024-10-17,NER,0.05721735566986374
2024-10-18,NER,0.0213255292700131
2024-10-19,NER,0.05987430178052739
2024-10-20,NER,0.024426967123256777
2024-10-21,NER,0.024529335093493962
2024-10-22,NER,0.02008153821505276
2024-10-23,NER,0.01983341758686073
2024-10-24,NER,0.022227954532165643
2024-10-25,NER,0.0223502720480635
2024-10-26,NER,0.016101046540731138
2024-10-27,NER,0.020077342374307736
2024-10-28,NER,0.017141526202098245
2024-10-29,NER,0.015576291970091251
2024-10-30,NER,0.01548171638875216
2024-10-31,NER,0.022165688809937054
2024-11-01,NER,0.017715020350867274
2024-11-02,NER,0.03275612274648976
2024-11-03,NER,0.09093799191713267
2024-11-04,NER,0.17265023452567171
2024-11-05,NER,0.14830194657832024
2024-11-06,NER,0.032528832555313594
2024-11-07,NER,0.016136316626276678
2024-11-08,NER,0.019168776612587334
2024-11-09,NER,0.02001106767088545
2024-11-10,NER,0.024712531268510553
2024-11-11,NER,0.026513876546268564
2024-11-12,NER,0.0182986579855521
2024-11-13,NER,0.037963417150927097
2024-11-14,NER,0.020453628945691527
2024-11-15,NER,0.034571162102618784
2024-11-16,NER,0.016162944302085452
2024-11-17,NER,0.020858748601835866
2024-11-18,NER,0.04222646266216923
2024-11-19,NER,0.03984654946895134
2024-11-20,NER,0.07857610236352196
2024-11-21,NER,0.02217916513280969
2024-11-22,NER,0.08284022271499443
2024-11-23,NER,0.030502602972261872
2024-11-24,NER,0.01500520231471497
2024-11-25,NER,0.05517026923633363
2024-11-26,NER,0.013122284297109908
2024-11-27,NER,0.013067152547857834
2024-11-28,NER,0.013016063283469919
2024-11-29,NER,0.013760727172235823
2024-11-30,NER,0.013987832062682263
2024-12-01,NER,0.013590881887939582
2024-12-02,NER,0.01463420534778702
2024-12-03,NER,0.013694905458438364
2024-12-04,NER,0.016916385253692278
2024-12-05,NER,0.025551336345249292
2024-12-06,NER,0.04628865977862935
2024-12-07,NER,0.022461972511356385
2024-12-08,NER,0.19512223963936262
2024-12-09,NER,0.06262161198860199
2024-12-10,NER,0.29623071143355106
2024-12-11,NER,0.05003453356231474
2024-12-12,NER,0.018776063597481442
2024-12-13,NER,0.042588182516523757
2024-12-14,NER,0.018741604467684636
2024-12-15,NER,0.012637001557099858
2024-12-16,NER,0.014021821845827852
2024-12-17,NER,0.011305218655135042
2024-12-18,NER,0.011060063499240975
2024-12-19,NER,0.011316063787781468
2024-12-20,NER,0.01477416677413654
2024-12-21,NER,0.01219642848308812
2024-12-22,NER,0.011391106846562181
2024-12-23,NER,0.011353541249884996
2024-12-24,NER,0.013263645219245468
2024-12-25,NER,0.012359664049425293
2024-12-26,NER,0.014113544257152257
2024-12-27,NER,0.015300773227852704
2024-12-28,NER,0.015225966584513835
2024-12-29,NER,0.01197384324669391
2024-12-30,NER,0.011856283309921436
2024-12-31,NER,0.013794493308278612
2025-01-01,NER,0.012804572435129042
2025-01-02,NER,0.01379402777450795
2025-01-03,NER,0.012895981007408895
2025-01-04,NER,0.015254418358931363
2025-01-05,NER,0.021507679319328753
2025-01-06,NER,0.02341745310520636
2025-01-07,NER,0.06585666614148733
2025-01-08,NER,0.04489747625446964
2025-01-09,NER,0.02875081464082227
2025-01-10,NER,0.0881207211530231
2025-01-11,NER,0.09867261778091353
2025-01-12,NER,0.041991781633034124
2025-01-13,NER,0.0766829548286303
2025-01-14,NER,0.026517354279472213
2025-01-15,NER,0.02241806959179405
2025-01-16,NER,0.020845328728614665
2025-01-17,NER,0.03960823486968059
2025-01-18,NER,0.050879645159623454
2025-01-19,NER,0.019467725163652312
2025-01-20,NER,0.09546676912213353
2025-01-21,NER,0.04875757633982091
2025-01-22,NER,0.03228208790012187
2025-01-23,NER,0.050938395537880966
2025-01-24,NER,0.03008175689568111
2025-01-25,NER,0.05145302437373204
2025-01-26,NER,0.08759834373341799
2025-01-27,NER,0.016068542834493525
2025-01-28,NER,0.04621718858464077
2025-01-29,NER,0.052160159249716495
2025-01-30,NER,0.015586771504942224
2025-01-31,NER,0.0195215067146644
2025-02-01,NER,0.027717116501605497
2025-02-02,NER,0.055741846563532337
2025-02-03,NER,0.09639085708026449
2025-02-04,NER,0.09980270096618962
2025-02-05,NER,0.043162288499803136
2025-02-06,NER,0.023876266028917605
2025-02-07,NER,0.08680518709899322
2025-02-08,NER,0.06758257564242776
2025-02-09,NER,0.021549469399546727
2025-02-10,NER,0.017578045898173706
2025-02-11,NER,0.016374520898283354
2025-02-12,NER,0.014286443136259956
2025-02-13,NER,0.012421763881395506
2025-02-14,NER,0.016917571793175504
2025-02-15,NER,0.016277057707039053
2025-02-16,NER,0.013273809241717236
2025-02-17,NER,0.017869998405142577
2025-02-18,NER,0.02266228481936157
2025-02-19,NER,0.04856674438446149
2025-02-20,NER,0.024883024082791912
2025-02-21,NER,0.0298626869416202
2025-02-22,NER,0.04768095774127127
2025-02-23,NER,0.026641692655020643
2025-02-24,NER,0.06800385036843003
2025-02-25,NER,0.08570377146730958
2025-02-26,NER,0.02055879951595292
2025-02-27,NER,0.01288539027261964
2025-02-28,NER,0.07685214059698225
2025-03-01,NER,0.014591265853211244
2025-03-02,NER,0.016888344201823325
2025-03-03,NER,0.015161004102085764
2025-03-04,NER,0.012953594152074985
2025-03-05,NER,0.013693112531974918
2025-03-06,NER,0.011800724193218889
2025-03-07,NER,0.012745239390922345
2025-03-08,NER,0.012062843033858782
2025-03-09,NER,0.012024860506859272
2025-03-10,NER,0.013832805647015512
2025-03-11,NER,0.018825214645433793
2025-03-12,NER,0.014032941547399638
2025-03-13,NER,0.015508643506946435
2025-03-14,NER,0.016718076558423344
2025-03-15,NER,0.10284422384026709
2025-03-16,NER,0.12046922416044674
2025-03-17,NER,0.1475871951542155
2025-03-18,NER,0.06316860179666349
2025-03-19,NER,0.09850572538783825
2025-03-20,NER,0.02156902417133358
2025-03-21,NER,0.2726860514152763
2025-03-22,NER,0.021917061802268795
2025-03-23,NER,0.011967176553441126
2025-03-24,NER,0.012476017232749034
2025-03-25,NER,0.011933176770694826
2025-03-26,NER,0.012601579534092267
2025-03-27,NER,0.013072931942909883
2025-03-28,NER,0.012086860884445019
2024-07-01,NGA,0.04605898269862979
2024-07-02,NGA,0.019856525079650154
2024-07-03,NGA,0.013148933992534572
2024-07-04,NGA,0.017291939291450616
2024-07-05,NGA,0.013993878961333599
2024-07-06,NGA,0.029382034186507967
2024-07-07,NGA,0.04828844594210205
2024-07-08,NGA,0.01894458451426819
2024-07-09,NGA,0.014258501881211933
2024-07-10,NGA,0.01489979659889263
2024-07-11,NGA,0.014048813709264371
2024-07-12,NGA,0.012662428973356817
2024-07-13,NGA,0.015255952116666393
2024-07-14,NGA,0.014418977845218789
2024-07-15,NGA,0.018778902677251498
2024-07-16,NGA,0.01375281386487585
2024-07-17,NGA,0.012697836709681954
2024-07-18,NGA,0.015037961819251714
2024-07-19,NGA,0.017057073093730318
2024-07-20,NGA,0.04209216768499231
2024-07-21,NGA,0.01775049922008574
2024-07-22,NGA,0.018379361049625786
2024-07-23,NGA,0.0181403325716134
2024-07-24,NGA,0.15871831554218882
2024-07-25,NGA,0.09125665322624857
2024-07-26,NGA,0.03216528143731891
2024-07-27,NGA,0.01652241556097503
2024-07-28,NGA,0.01905731821535139
2024-07-29,NGA,0.019880106754560915
2024-07-30,NGA,0.021084696840397626
2024-07-31,NGA,0.01538980795115494
2024-08-01,NGA,0.017470523461583922
2024-08-02,NGA,0.012720408983138911
2024-08-03,NGA,0.012487448835151044
2024-08-04,NGA,0.011600508907284172
2024-08-05,NGA,0.011406885125963263
2024-08-06,NGA,0.011643176179259952
2024-08-07,NGA,0.01182890754544546
2024-08-08,NGA,0.014743089563627665
2024-08-09,NGA,0.01138527444600503
2024-08-10,NGA,0.01132181132449222
2024-08-11,NGA,0.01355144968521945
2024-08-12,NGA,0.014096724598776937
2024-08-13,NGA,0.012579999183041094
2024-08-14,NGA,0.011956095847715797
2024-08-15,NGA,0.011444334378385995
2024-08-16,NGA,0.02875810239809171
2024-08-17,NGA,0.030270410482744134
2024-08-18,NGA,0.012331963761492239
2024-08-19,NGA,0.01256097807645484
2024-08-20,NGA,0.012070164967543017
2024-08-21,NGA,0.038763091045222915
2024-08-22,NGA,0.018957088223047033
2024-08-23,NGA,0.011699517645036857
2024-08-24,NGA,0.07856351675827376
2024-08-25,NGA,0.031293362693379685
2024-08-26,NGA,0.081523321708871
2024-08-27,NGA,0.02652966450582839
2024-08-28,NGA,0.016874276459092348
2024-08-29,NGA,0.019363493519147745
2024-08-30,NGA,0.024839248468872505
2024-08-31,NGA,0.011203935201218004
2024-09-01,NGA,0.011580589496609566
2024-09-02,NGA,0.01145160260950981
2024-09-03,NGA,0.011340332076626497
2024-09-04,NGA,0.01131505626725919
2024-09-05,NGA,0.011074613939572752
2024-09-06,NGA,0.011178402907233816
2024-09-07,NGA,0.011290638922464761
2024-09-08,NGA,0.011230862129048017
2024-09-09,NGA,0.011505423712725648
2024-09-10,NGA,0.011486697503508654
2024-09-11,NGA,0.016260378334115286
2024-09-12,NGA,0.019246356871253586
2024-09-13,NGA,0.021001397272069254
2024-09-14,NGA,0.013253708953361124
2024-09-15,NGA,0.018729200638326525
2024-09-16,NGA,0.015836962940040836
2024-09-17,NGA,0.014936432518163158
2024-09-18,NGA,0.013496086200930024
2024-09-19,NGA,0.011971824224750106
2024-09-20,NGA,0.011344529916396447
2024-09-21,NGA,0.013723299539729507
2024-09-22,NGA,0.01148274818669501
2024-09-23,NGA,0.011772947810440512
2024-09-24,NGA,0.011490057414931898
2024-09-25,NGA,0.011887762558233659
2024-09-26,NGA,0.012553016772495533
2024-09-27,NGA,0.021468334700090044
2024-09-28,NGA,0.015064628326194422
2024-09-29,NGA,0.01203171147237961
2024-09-30,NGA,0.014037145415662778
2024-10-01,NGA,0.020301961967132593
2024-10-02,NGA,0.01945225084141489
2024-10-03,NGA,0.01226791101164936
2024-10-04,NGA,0.012793371411182159
2024-10-05,NGA,0.012056546692645618
2024-10-06,NGA,0.012016072393432609
2024-10-07,NGA,0.012062095965021153
2024-10-08,NGA,0.011752600689364958
2024-10-09,NGA,0.014160550785570538
2024-10-10,NGA,0.011638251697502548
2024-10-11,NGA,0.011861885692092148
2024-10-12,NGA,0.012118709160124906
2024-10-13,NGA,0.011816194405377387
2024-10-14,NGA,0.011901515973217886
2024-10-15,NGA,0.012111527278914645
2024-10-16,NGA,0.01340822700281822
2024-10-17,NGA,0.013022377743950446
2024-10-18,NGA,0.013560400326171016
2024-10-19,NGA,0.012750744908247302
2024-10-20,NGA,0.013606646624170932
2024-10-21,NGA,0.011974418994277961
2024-10-22,NGA,0.014256398742616123
2024-10-23,NGA,0.014999424944677157
2024-10-24,NGA,0.0138379683075593
2024-10-25,NGA,0.014279605761668696
2024-10-26,NGA,0.014942862514879586
2024-10-27,NGA,0.013161604362250062
2024-10-28,NGA,0.013989267587756158
2024-10-29,NGA,0.01398258856748937
2024-10-30,NGA,0.013379213206300856
2024-10-31,NGA,0.015788326156406882
2024-11-01,NGA,0.012359113239910121
2024-11-02,NGA,0.02557818655965347
2024-11-03,NGA,0.014382051727911757
2024-11-04,NGA,0.01872998695985831
2024-11-05,NGA,0.016739783548564643
2024-11-06,NGA,0.015759690408910218
2024-11-07,NGA,0.011346762680137736
2024-11-08,NGA,0.04316388543317868
2024-11-09,NGA,0.013472475605266406
2024-11-10,NGA,0.012446220395758007
2024-11-11,NGA,0.012976371687943985
2024-11-12,NGA,0.011194093771331109
2024-11-13,NGA,0.011066954160568738
2024-11-14,NGA,0.011089676466761737
2024-11-15,NGA,0.012259871812203118
2024-11-16,NGA,0.012985618582494217
2024-11-17,NGA,0.01122747917917626
2024-11-18,NGA,0.014224392649362627
2024-11-19,NGA,0.011461336535040662
2024-11-20,NGA,0.013143263864781679
2024-11-21,NGA,0.01187678402290874
2024-11-22,NGA,0.011441086095265635
2024-11-23,NGA,0.011767925671352476
2024-11-24,NGA,0.013601740229617522
2024-11-25,NGA,0.011183114729984256
2024-11-26,NGA,0.016632992419687007
2024-11-27,NGA,0.011423924472949298
2024-11-28,NGA,0.01120735006640123
2024-11-29,NGA,0.01134427515838155
2024-11-30,NGA,0.011580535017833283
2024-12-01,NGA,0.012956892140759194
2024-12-02,NGA,0.01214895407198801
2024-12-03,NGA,0.011871159563911965
2024-12-04,NGA,0.0135124871882209
2024-12-05,NGA,0.01232699502406584
2024-12-06,NGA,0.014815319836052852
2024-12-07,NGA,0.016220035327413885
2024-12-08,NGA,0.01931944358873328
2024-12-09,NGA,0.01641945321590882
2024-12-10,NGA,0.012241915995971669
2024-12-11,NGA,0.013853537961585593
2024-12-12,NGA,0.013370769042569458
2024-12-13,NGA,0.012608702301350404
2024-12-14,NGA,0.012247099343035181
2024-12-15,NGA,0.024487396809301964
2024-12-16,NGA,0.03680486273503344
2024-12-17,NGA,0.01185740204265828
2024-12-18,NGA,0.012457861627268243
2024-12-19,NGA,0.058596832516183965
2024-12-20,NGA,0.013523758251149607
2024-12-21,NGA,0.012643157131263651
2024-12-22,NGA,0.012009427549786447
2024-12-23,NGA,0.013588159895664802
2024-12-24,NGA,0.0164344206119488
2024-12-25,NGA,0.021814916780414702
2024-12-26,NGA,0.011939039072756818
2024-12-27,NGA,0.011980349553409422
2024-12-28,NGA,0.01189187903805537
2024-12-29,NGA,0.019239510830562974
2024-12-30,NGA,0.01627523867113116
2024-12-31,NGA,0.011573232583188374
2025-01-01,NGA,0.01721321513495324
2025-01-02,NGA,0.01653388435955995
2025-01-03,NGA,0.01464461457925698
2025-01-04,NGA,0.012523147687500942
2025-01-05,NGA,0.019700743854178863
2025-01-06,NGA,0.013894159183736403
2025-01-07,NGA,0.15171043812258836
2025-01-08,NGA,0.08918833540165227
2025-01-09,NGA,0.09726092977244016
2025-01-10,NGA,0.09447444726424314
2025-01-11,NGA,0.017881937807308766
2025-01-12,NGA,0.030678833700497097
2025-01-13,NGA,0.017170235569472107
2025-01-14,NGA,0.022555851963555668
2025-01-15,NGA,0.016889408009305718
2025-01-16,NGA,0.017072923351485365
2025-01-17,NGA,0.015365654254791966
2025-01-18,NGA,0.014579175100335766
2025-01-19,NGA,0.012813100511839232
2025-01-20,NGA,0.015653232026599725
2025-01-21,NGA,0.025627071137092675
2025-01-22,NGA,0.026939943943330786
2025-01-23,NGA,0.03084152280041497
2025-01-24,NGA,0.015249619646366858
2025-01-25,NGA,0.014957058232118844
2025-01-26,NGA,0.014007402416493736
2025-01-27,NGA,0.014203510851311078
2025-01-28,NGA,0.06628959534723805
2025-01-29,NGA,0.022787496389795214
2025-01-30,NGA,0.011550923350959764
2025-01-31,NGA,0.011540908038465109
2025-02-01,NGA,0.011331417525251321
2025-02-02,NGA,0.011475115428225074
2025-02-03,NGA,0.011759455487630724
2025-02-04,NGA,0.011085047802886968
2025-02-05,NGA,0.0174859779343532
2025-02-06,NGA,0.013620453787266574
2025-02-07,NGA,0.08082693256930507
2025-02-08,NGA,0.01431018423585053
2025-02-09,NGA,0.02608019822540239
2025-02-10,NGA,0.019901194386137945
2025-02-11,NGA,0.017642681802908088
2025-02-12,NGA,0.01391847082553985
2025-02-13,NGA,0.012123320907140508
2025-02-14,NGA,0.011542114980812666
2025-02-15,NGA,0.01148625831140752
2025-02-16,NGA,0.013590290272985242
2025-02-17,NGA,0.02916481290382973
2025-02-18,NGA,0.011482079688219168
2025-02-19,NGA,0.01129907448615606
2025-02-20,NGA,0.011885759192339692
2025-02-21,NGA,0.013019896933719459
2025-02-22,NGA,0.011841884942335776
2025-02-23,NGA,0.015420568471704484
2025-02-24,NGA,0.013418849227962373
2025-02-25,NGA,0.011673063178414137
2025-02-26,NGA,0.011793428713126882
2025-02-27,NGA,0.011531602112871164
2025-02-28,NGA,0.011886745773956542
2025-03-01,NGA,0.013538449867795321
2025-03-02,NGA,0.011898612261546567
2025-03-03,NGA,0.012209469127910889
2025-03-04,NGA,0.013843785575343106
2025-03-05,NGA,0.011973380194419042
2025-03-06,NGA,0.01392131649438229
2025-03-07,NGA,0.011685726990760597
2025-03-08,NGA,0.011969299169799854
2025-03-09,NGA,0.012706332997453317
2025-03-10,NGA,0.024682255985607904
2025-03-11,NGA,0.01325503895552588
2025-03-12,NGA,0.01249760567469498
2025-03-13,NGA,0.01381397150817796
2025-03-14,NGA,0.012581899993746638
2025-03-15,NGA,0.01354804004986103
2025-03-16,NGA,0.017309795619519328
2025-03-17,NGA,0.018384842276375466
2025-03-18,NGA,0.012354337911606467
2025-03-19,NGA,0.011998435904610836
2025-03-20,NGA,0.012824116227894273
2025-03-21,NGA,0.012683036972521138
2025-03-22,NGA,0.018033543187566257
2025-03-23,NGA,0.013512329622975395
2025-03-24,NGA,0.012132811323551266
2025-03-25,NGA,0.012951783699897516
2025-03-26,NGA,0.01201494420707567
2025-03-27,NGA,0.012076670212613926
2025-03-28,NGA,0.011444279167192773
2024-07-01,CMR,0.0385106480761654
2024-07-02,CMR,0.0293139781135157
2024-07-03,CMR,0.016075811395940148
2024-07-04,CMR,0.029856025465968394
2024-07-05,CMR,0.013594609934720912
2024-07-06,CMR,0.014505926456399107
2024-07-07,CMR,0.01097028447712432
2024-07-08,CMR,0.011180982279570888
2024-07-09,CMR,0.011435152130075519
2024-07-10,CMR,0.011113625883150041
2024-07-11,CMR,0.011139334632187378
2024-07-12,CMR,0.011160060375817338
2024-07-13,CMR,0.011036935608985984
2024-07-14,CMR,0.015287143921766838
2024-07-15,CMR,0.016367192646502434
2024-07-16,CMR,0.01386161039419186
2024-07-17,CMR,0.022836186627646405
2024-07-18,CMR,0.023758940728763084
2024-07-19,CMR,0.03143236195509394
2024-07-20,CMR,0.021804040612321766
2024-07-21,CMR,0.038299884003632524
2024-07-22,CMR,0.07694251955174317
2024-07-23,CMR,0.019558429444594783
2024-07-24,CMR,0.020125572907028176
2024-07-25,CMR,0.04813995311386383
2024-07-26,CMR,0.012894699619380098
2024-07-27,CMR,0.020354662364691384
2024-07-28,CMR,0.020918803028933394
2024-07-29,CMR,0.020256606447907086
2024-07-30,CMR,0.08276890112845656
2024-07-31,CMR,0.013273718141664309
2024-08-01,CMR,0.014374801298633832
2024-08-02,CMR,0.012909409294546124
2024-08-03,CMR,0.019712801063106404
2024-08-04,CMR,0.015302348163954588
2024-08-05,CMR,0.015746547640715616
2024-08-06,CMR,0.014756523204788935
2024-08-07,CMR,0.011983316064230773
2024-08-08,CMR,0.01260599200661182
2024-08-09,CMR,0.02422484120079435
2024-08-10,CMR,0.014968547475168851
2024-08-11,CMR,0.015935689540638263
2024-08-12,CMR,0.029778090435453874
2024-08-13,CMR,0.012087702300689146
2024-08-14,CMR,0.034240190507219645
2024-08-15,CMR,0.014060877352937384
2024-08-16,CMR,0.016317525432387747
2024-08-17,CMR,0.011815604194939017
2024-08-18,CMR,0.013250409441958514
2024-08-19,CMR,0.012471322151355994
2024-08-20,CMR,0.013119129881846901
2024-08-21,CMR,0.012747296991670003
2024-08-22,CMR,0.015497734865453241
2024-08-23,CMR,0.013438790139594148
2024-08-24,CMR,0.01498090784901548
2024-08-25,CMR,0.03806598967932141
2024-08-26,CMR,0.030832480840508332
2024-08-27,CMR,0.022294641346136235
2024-08-28,CMR,0.21147320937778843
2024-08-29,CMR,0.017497162099709956
2024-08-30,CMR,0.018059799624586675
2024-08-31,CMR,0.02945192641691238
2024-09-01,CMR,0.03220464582667735
2024-09-02,CMR,0.028302296659339574
2024-09-03,CMR,0.012792358341739325
2024-09-04,CMR,0.0361175528098288
2024-09-05,CMR,0.013657000012006114
2024-09-06,CMR,0.01778546455083675
2024-09-07,CMR,0.018520981570216963
2024-09-08,CMR,0.015056512545313597
2024-09-09,CMR,0.021177276200969496
2024-09-10,CMR,0.013474970730801263
2024-09-11,CMR,0.01659665934649155
2024-09-12,CMR,0.013441128819459292
2024-09-13,CMR,0.012975300156965944
2024-09-14,CMR,0.013434897912944018
2024-09-15,CMR,0.013872385768660473
2024-09-16,CMR,0.016872292932345823
2024-09-17,CMR,0.015257529778931377
2024-09-18,CMR,0.014052701922848895
2024-09-19,CMR,0.027085899466095745
2024-09-20,CMR,0.01528985402565302
2024-09-21,CMR,0.014099422727917353
2024-09-22,CMR,0.01751166262153651
2024-09-23,CMR,0.016421221070560654
2024-09-24,CMR,0.014212806476344264
2024-09-25,CMR,0.014402718576355255
2024-09-26,CMR,0.012638367871237679
2024-09-27,CMR,0.034358554913616945
2024-09-28,CMR,0.013592979878696579
2024-09-29,CMR,0.02045361989755167
2024-09-30,CMR,0.01264196145102787
2024-10-01,CMR,0.015411754204025581
2024-10-02,CMR,0.014271285255749439
2024-10-03,CMR,0.013571217357381007
2024-10-04,CMR,0.017365074279221484
2024-10-05,CMR,0.012590872409743886
2024-10-06,CMR,0.016758423949347845
2024-10-07,CMR,0.01239521918035694
2024-10-08,CMR,0.0614106763737032
2024-10-09,CMR,0.03448077538347585
2024-10-10,CMR,0.03943970317799907
2024-10-11,CMR,0.04332302893949398
2024-10-12,CMR,0.08174135102348688
2024-10-13,CMR,0.01353491180903006
2024-10-14,CMR,0.0203638052867133
2024-10-15,CMR,0.011565501063414703
2024-10-16,CMR,0.013352552565655687
2024-10-17,CMR,0.01528485958276459
2024-10-18,CMR,0.01727219120502927
2024-10-19,CMR,0.012072287100927054
2024-10-20,CMR,0.012149528485982851
2024-10-21,CMR,0.012250089120045254
2024-10-22,CMR,0.016411619404842436
2024-10-23,CMR,0.016084880373801968
2024-10-24,CMR,0.05947700088450281
2024-10-25,CMR,0.03255344004908315
2024-10-26,CMR,0.044215572915722715
2024-10-27,CMR,0.030483417277670115
2024-10-28,CMR,0.040096796752240926
2024-10-29,CMR,0.02466685070550512
2024-10-30,CMR,0.10989349748563984
2024-10-31,CMR,0.016916522311862015
2024-11-01,CMR,0.014691498321662192
2024-11-02,CMR,0.042236379494996194
2024-11-03,CMR,0.014269108218381546
2024-11-04,CMR,0.016422984125369015
2024-11-05,CMR,0.05353293892487231
2024-11-06,CMR,0.02440386287982332
2024-11-07,CMR,0.013635456060608625
2024-11-08,CMR,0.1271794827059879
2024-11-09,CMR,0.01917513198065554
2024-11-10,CMR,0.12362705620101383
2024-11-11,CMR,0.03858032063442661
2024-11-12,CMR,0.02214460971636466
2024-11-13,CMR,0.016861611759718658
2024-11-14,CMR,0.018926876448807604
2024-11-15,CMR,0.011882979218165432
2024-11-16,CMR,0.013000656645975366
2024-11-17,CMR,0.012440941810337287
2024-11-18,CMR,0.015399429421199531
2024-11-19,CMR,0.011860313998036283
2024-11-20,CMR,0.012262666377734736
2024-11-21,CMR,0.012294280404232425
2024-11-22,CMR,0.012041307461597782
2024-11-23,CMR,0.012215253100695683
2024-11-24,CMR,0.013532968496662004
2024-11-25,CMR,0.013874919309047586
2024-11-26,CMR,0.012114461140933416
2024-11-27,CMR,0.025852625810071802
2024-11-28,CMR,0.02441122597262452
2024-11-29,CMR,0.015253908950149017
2024-11-30,CMR,0.01353165210773988
2024-12-01,CMR,0.013184666589047319
2024-12-02,CMR,0.014882707478241806
2024-12-03,CMR,0.011627731040373153
2024-12-04,CMR,0.014097916239595668
2024-12-05,CMR,0.013724001910583136
2024-12-06,CMR,0.012466434808398279
2024-12-07,CMR,0.016006798540640042
2024-12-08,CMR,0.013785073026912687
2024-12-09,CMR,0.012320925896903827
2024-12-10,CMR,0.01545283496794768
2024-12-11,CMR,0.03620082632991195
2024-12-12,CMR,0.0710922475632629
2024-12-13,CMR,0.023275843868972985
2024-12-14,CMR,0.012505336701397472
2024-12-15,CMR,0.013404235381862866
2024-12-16,CMR,0.018241745896281938
2024-12-17,CMR,0.01922192040583766
2024-12-18,CMR,0.05956896073846422
2024-12-19,CMR,0.02418451589130698
2024-12-20,CMR,0.019818159258162087
2024-12-21,CMR,0.01398495664863123
2024-12-22,CMR,0.01583500755807576
2024-12-23,CMR,0.01591159275015127
2024-12-24,CMR,0.01212338579169486
2024-12-25,CMR,0.01159300368891999
2024-12-26,CMR,0.012149484617375776
2024-12-27,CMR,0.013176294678837725
2024-12-28,CMR,0.01269804463798957
2024-12-29,CMR,0.012302126941624282
2024-12-30,CMR,0.011873052737859591
2024-12-31,CMR,0.01221225533419275
2025-01-01,CMR,0.07156896856373242
2025-01-02,CMR,0.02018405649974969
2025-01-03,CMR,0.057124274779939255
2025-01-04,CMR,0.039759477539997604
2025-01-05,CMR,0.022329636647535515
2025-01-06,CMR,0.0163783402548964
2025-01-07,CMR,0.04539084046563063
2025-01-08,CMR,0.02058022545921166
2025-01-09,CMR,0.012867704881405066
2025-01-10,CMR,0.025787967516727565
2025-01-11,CMR,0.019417752712267033
2025-01-12,CMR,0.02688137332120272
2025-01-13,CMR,0.022978447595170003
2025-01-14,CMR,0.012625375254548758
2025-01-15,CMR,0.02565542778250943
2025-01-16,CMR,0.01306506826059929
2025-01-17,CMR,0.038890959191041956
2025-01-18,CMR,0.015653464296758922
2025-01-19,CMR,0.016931699301351428
2025-01-20,CMR,0.014673512731580443
2025-01-21,CMR,0.019193951643172162
2025-01-22,CMR,0.014474823380645303
2025-01-23,CMR,0.015715069823220344
2025-01-24,CMR,0.013716785505035177
2025-01-25,CMR,0.016626380078576572
2025-01-26,CMR,0.012459244971698352
2025-01-27,CMR,0.013319356825523845
2025-01-28,CMR,0.0152269651916905
2025-01-29,CMR,0.03939686377097906
2025-01-30,CMR,0.06763821168655684
2025-01-31,CMR,0.020334931677656494
2025-02-01,CMR,0.03747948953266036
2025-02-02,CMR,0.05439807318358264
2025-02-03,CMR,0.03189253092140609
2025-02-04,CMR,0.014695586958303015
2025-02-05,CMR,0.01770581627061541
2025-02-06,CMR,0.016505415951046765
2025-02-07,CMR,0.14571966155230529
2025-02-08,CMR,0.05816426192654388
2025-02-09,CMR,0.07368717686490825
2025-02-10,CMR,0.05793429515336945
2025-02-11,CMR,0.06194258283830363
2025-02-12,CMR,0.016868109374978537
2025-02-13,CMR,0.0158663106467328
2025-02-14,CMR,0.01379457627140419
2025-02-15,CMR,0.013314297281890347
2025-02-16,CMR,0.013112890875326515
2025-02-17,CMR,0.016507750119951353
2025-02-18,CMR,0.013995586742198522
2025-02-19,CMR,0.02954201749506342
2025-02-20,CMR,0.014297121490201993
2025-02-21,CMR,0.014253421239979948
2025-02-22,CMR,0.013650461235093727
2025-02-23,CMR,0.021323976226169154
2025-02-24,CMR,0.026444845110320796
2025-02-25,CMR,0.023775854166727502
2025-02-26,CMR,0.012768268069643008
2025-02-27,CMR,0.015523651399559217
2025-02-28,CMR,0.01342686514256907
2025-03-01,CMR,0.014980213503121046
2025-03-02,CMR,0.01580292005690578
2025-03-03,CMR,0.03159128159071471
2025-03-04,CMR,0.014370766066173967
2025-03-05,CMR,0.016328715502761326
2025-03-06,CMR,0.015579151142597567
2025-03-07,CMR,0.017483124907797593
2025-03-08,CMR,0.01392546578409826
2025-03-09,CMR,0.018652554593562395
2025-03-10,CMR,0.04018330934333911
2025-03-11,CMR,0.023007134055051885
2025-03-12,CMR,0.013755591912995012
2025-03-13,CMR,0.012293962186072758
2025-03-14,CMR,0.014074019752940875
2025-03-15,CMR,0.022414740392461552
2025-03-16,CMR,0.014772843377435448
2025-03-17,CMR,0.013695653200337705
2025-03-18,CMR,0.017235545525716687
2025-03-19,CMR,0.016339985849479724
2025-03-20,CMR,0.014113064749612684
2025-03-21,CMR,0.014916492283068091
2025-03-22,CMR,0.013051859352735326
2025-03-23,CMR,0.013998434991667329
2025-03-24,CMR,0.013177917969035554
2025-03-25,CMR,0.012473624810432423
2025-03-26,CMR,0.019948580554348228
2025-03-27,CMR,0.012089360638418797
2025-03-28,CMR,0.014198862785771692
2024-07-01,TCD,0.1389014095069504
2024-07-02,TCD,0.28534759068177384
2024-07-03,TCD,0.2940215392308
2024-07-04,TCD,0.07094316891396353
2024-07-05,TCD,0.048591393412664025
2024-07-06,TCD,0.05879584624127753
2024-07-07,TCD,0.01124158937684222
2024-07-08,TCD,0.012744759881233652
2024-07-09,TCD,0.011087287041341319
2024-07-10,TCD,0.01126292498578439
2024-07-11,TCD,0.011381900278063774
2024-07-12,TCD,0.011009395808092305
2024-07-13,TCD,0.010956448665713457
2024-07-14,TCD,0.010920007189517935
2024-07-15,TCD,0.013737084155970471
2024-07-16,TCD,0.059342055115366166
2024-07-17,TCD,0.012948286459339766
2024-07-18,TCD,0.01751280842030154
2024-07-19,TCD,0.014543141702659211
2024-07-20,TCD,0.013031862729430098
2024-07-21,TCD,0.01581033498596024
2024-07-22,TCD,0.013656557012342653
2024-07-23,TCD,0.016184021506371514
2024-07-24,TCD,0.12046869776459503
2024-07-25,TCD,0.11649512046423544
2024-07-26,TCD,0.06413859222670709
2024-07-27,TCD,0.1762651660035683
2024-07-28,TCD,0.04403142134607629
2024-07-29,TCD,0.2129282376198615
2024-07-30,TCD,0.0556191718511569
2024-07-31,TCD,0.05337837310290135
2024-08-01,TCD,0.11002154198595317
2024-08-02,TCD,0.05445069655531399
2024-08-03,TCD,0.03980904589896036
2024-08-04,TCD,0.22076158257620784
2024-08-05,TCD,0.16740411948737735
2024-08-06,TCD,0.19868290267156347
2024-08-07,TCD,0.0494708909008239
2024-08-08,TCD,0.067176894156837
2024-08-09,TCD,0.19910615314180155
2024-08-10,TCD,0.29830090058275927
2024-08-11,TCD,0.3342332031213444
2024-08-12,TCD,0.01225887563357152
2024-08-13,TCD,0.011652174039346574
2024-08-14,TCD,0.011848543885641629
2024-08-15,TCD,0.011481493396368295
2024-08-16,TCD,0.011975387332029968
2024-08-17,TCD,0.012178973346724306
2024-08-18,TCD,0.011798837612314449
2024-08-19,TCD,0.053045561455797155
2024-08-20,TCD,0.05166995435216715
2024-08-21,TCD,0.05244625488071016
2024-08-22,TCD,0.042885505181270905
2024-08-23,TCD,0.04208727235389746
2024-08-24,TCD,0.08420191144944533
2024-08-25,TCD,0.07124971975294626
2024-08-26,TCD,0.06198927508587735
2024-08-27,TCD,0.05763008215763392
2024-08-28,TCD,0.08077349586587367
2024-08-29,TCD,0.14367370693603107
2024-08-30,TCD,0.14620574790930327
2024-08-31,TCD,0.21896831462138105
2024-09-01,TCD,0.09525437424621537
2024-09-02,TCD,0.183343892889932
2024-09-03,TCD,0.18797585448390697
2024-09-04,TCD,0.02631807540243782
2024-09-05,TCD,0.01678660956052543
2024-09-06,TCD,0.0466316494554878
2024-09-07,TCD,0.08559411065404099
2024-09-08,TCD,0.0871042157206935
2024-09-09,TCD,0.018242282201282167
2024-09-10,TCD,0.04045693828289709
2024-09-11,TCD,0.022156147474296787
2024-09-12,TCD,0.01641875865116091
2024-09-13,TCD,0.01906374522753192
2024-09-14,TCD,0.01735760712866444
2024-09-15,TCD,0.02714253280054095
2024-09-16,TCD,0.013878468343939972
2024-09-17,TCD,0.015488083231811658
2024-09-18,TCD,0.03431615555808211
2024-09-19,TCD,0.026046357415116565
2024-09-20,TCD,0.017308951326437175
2024-09-21,TCD,0.025977981614752083
2024-09-22,TCD,0.01740738780181827
2024-09-23,TCD,0.016483594878165964
2024-09-24,TCD,0.016345363008623673
2024-09-25,TCD,0.048907940212505094
2024-09-26,TCD,0.04467391597715839
2024-09-27,TCD,0.016888134950729203
2024-09-28,TCD,0.015789514337286488
2024-09-29,TCD,0.06530787886341773
2024-09-30,TCD,0.06984148130838178
2024-10-01,TCD,0.0755313359660178
2024-10-02,TCD,0.01318252912902207
2024-10-03,TCD,0.012183886453672197
2024-10-04,TCD,0.013320922569988606
2024-10-05,TCD,0.01217968755147582
2024-10-06,TCD,0.011605498588398959
2024-10-07,TCD,0.01172664095259768
2024-10-08,TCD,0.011626639694961277
2024-10-09,TCD,0.15268143276226087
2024-10-10,TCD,0.08843561734695035
2024-10-11,TCD,0.07247536705165672
2024-10-12,TCD,0.07773194037203741
2024-10-13,TCD,0.11733781892528036
2024-10-14,TCD,0.11327908183882965
2024-10-15,TCD,0.2964263370810985
2024-10-16,TCD,0.11682178230460548
2024-10-17,TCD,0.14432418350323495
2024-10-18,TCD,0.13995950171542704
2024-10-19,TCD,0.21755733326742668
2024-10-20,TCD,0.25760083629078884
2024-10-21,TCD,0.2287066073179285
2024-10-22,TCD,0.08265977071841356
2024-10-23,TCD,0.24271001146294469
2024-10-24,TCD,0.11032014987311993
2024-10-25,TCD,0.09079518355576331
2024-10-26,TCD,0.062179210441345625
2024-10-27,TCD,0.11680771264044229
2024-10-28,TCD,0.03902016432986639
2024-10-29,TCD,0.015118704759317963
2024-10-30,TCD,0.01465175321660106
2024-10-31,TCD,0.021215776480013823
2024-11-01,TCD,0.012941110391307424
2024-11-02,TCD,0.012518117102527286
2024-11-03,TCD,0.010956808888235938
2024-11-04,TCD,0.010983327359663774
2024-11-05,TCD,0.011347603941095335
2024-11-06,TCD,0.011458928116789622
2024-11-07,TCD,0.011338560834670629
2024-11-08,TCD,0.011550177141679562
2024-11-09,TCD,0.01814371382334997
2024-11-10,TCD,0.17064865325980536
2024-11-11,TCD,0.16841778458906528
2024-11-12,TCD,0.011848021500891006
2024-11-13,TCD,0.013304688501104747
2024-11-14,TCD,0.01699182306904366
2024-11-15,TCD,0.012513190364395844
2024-11-16,TCD,0.010934707013443484
2024-11-17,TCD,0.010922545391105296
2024-11-18,TCD,0.0109643090325694
2024-11-19,TCD,0.011112039946303082
2024-11-20,TCD,0.011369434761373445
2024-11-21,TCD,0.01118691577486514
2024-11-22,TCD,0.011251814242892667
2024-11-23,TCD,0.045038225931213795
2024-11-24,TCD,0.06935235367479185
2024-11-25,TCD,0.08567655096070606
2024-11-26,TCD,0.051704940976291955
2024-11-27,TCD,0.08011018834229695
2024-11-28,TCD,0.1407500576662716
2024-11-29,TCD,0.20967031357755683
2024-11-30,TCD,0.22292431722476816
2024-12-01,TCD,0.1820396218552473
2024-12-02,TCD,0.21367202079916964
2024-12-03,TCD,0.1232391847122551
2024-12-04,TCD,0.1071858829565263
2024-12-05,TCD,0.10750147909581033
2024-12-06,TCD,0.03205186435859162
2024-12-07,TCD,0.018003522845904535
2024-12-08,TCD,0.07029208149783837
2024-12-09,TCD,0.020526417770739623
2024-12-10,TCD,0.0801617799934496
2024-12-11,TCD,0.04409342609802462
2024-12-12,TCD,0.02761626130123919
2024-12-13,TCD,0.07611809550433694
2024-12-14,TCD,0.03936809718813201
2024-12-15,TCD,0.011969707910450522
2024-12-16,TCD,0.012077248674620915
2024-12-17,TCD,0.013144307020711173
2024-12-18,TCD,0.013234469641694151
2024-12-19,TCD,0.012185033266072991
2024-12-20,TCD,0.011414406242333341
2024-12-21,TCD,0.012674402832912823
2024-12-22,TCD,0.015696341103423727
2024-12-23,TCD,0.01319286420297012
2024-12-24,TCD,0.15866266592334222
2024-12-25,TCD,0.013318938439739497
2024-12-26,TCD,0.01289184194548397
2024-12-27,TCD,0.012793853520450881
2024-12-28,TCD,0.015347609057390908
2024-12-29,TCD,0.016660113834567
2024-12-30,TCD,0.0138878892451918
2024-12-31,TCD,0.01292688451590411
2025-01-01,TCD,0.20295123676899354
2025-01-02,TCD,0.18203221395882233
2025-01-03,TCD,0.09472401180594855
2025-01-04,TCD,0.21301551219522097
2025-01-05,TCD,0.07338458305392731
2025-01-06,TCD,0.057959040713896105
2025-01-07,TCD,0.22280921533806897
2025-01-08,TCD,0.3003940931993162
2025-01-09,TCD,0.33014880802969604
2025-01-10,TCD,0.3303884392754177
2025-01-11,TCD,0.24984214536323418
2025-01-12,TCD,0.20689966763234213
2025-01-13,TCD,0.13614732813006147
2025-01-14,TCD,0.0554909094989583
2025-01-15,TCD,0.022801476720995008
2025-01-16,TCD,0.016475627113092736
2025-01-17,TCD,0.012010960459146899
2025-01-18,TCD,0.01266960690474063
2025-01-19,TCD,0.01674530406176123
2025-01-20,TCD,0.01297754932995976
2025-01-21,TCD,0.01240870458501084
2025-01-22,TCD,0.025230985541833794
2025-01-23,TCD,0.02433471332949422
2025-01-24,TCD,0.026300284570292275
2025-01-25,TCD,0.01575681322198004
2025-01-26,TCD,0.017787340196008604
2025-01-27,TCD,0.015606132358231398
2025-01-28,TCD,0.07670996075104475
2025-01-29,TCD,0.11449465811588974
2025-01-30,TCD,0.14944356478862109
2025-01-31,TCD,0.020099034421294768
2025-02-01,TCD,0.01926372299405673
2025-02-02,TCD,0.12935355534526347
2025-02-03,TCD,0.11563875522085736
2025-02-04,TCD,0.013193962780244485
2025-02-05,TCD,0.014716017526125894
2025-02-06,TCD,0.013053940762785135
2025-02-07,TCD,0.01267071073969137
2025-02-08,TCD,0.014245377751869187
2025-02-09,TCD,0.014446721422525793
2025-02-10,TCD,0.014491073963376892
2025-02-11,TCD,0.08798898083621713
2025-02-12,TCD,0.12437501907333284
2025-02-13,TCD,0.050077093741505735
2025-02-14,TCD,0.01364771771866982
2025-02-15,TCD,0.012740933863529936
2025-02-16,TCD,0.013972670056496965
2025-02-17,TCD,0.01347005635195318
2025-02-18,TCD,0.015507050686999991
2025-02-19,TCD,0.013820756226086278
2025-02-20,TCD,0.01313491687138473
2025-02-21,TCD,0.10102545996412017
2025-02-22,TCD,0.07105239106354139
2025-02-23,TCD,0.29221808275674543
2025-02-24,TCD,0.159943898098346
2025-02-25,TCD,0.08369696217894215
2025-02-26,TCD,0.05312957038725365
2025-02-27,TCD,0.09234474512375514
2025-02-28,TCD,0.07340147423194206
2025-03-01,TCD,0.01369779435846852
2025-03-02,TCD,0.014904657696729388
2025-03-03,TCD,0.017169785165945965
2025-03-04,TCD,0.021262821958488245
2025-03-05,TCD,0.019034643692446715
2025-03-06,TCD,0.0234950304756278
2025-03-07,TCD,0.028897170145339598
2025-03-08,TCD,0.1833200295888659
2025-03-09,TCD,0.11541548974679633
2025-03-10,TCD,0.15273287655183235
2025-03-11,TCD,0.0811022595662932
2025-03-12,TCD,0.10752181124162812
2025-03-13,TCD,0.013968380499198189
2025-03-14,TCD,0.012237008892096897
2025-03-15,TCD,0.012781366360846499
2025-03-16,TCD,0.01453065401581457
2025-03-17,TCD,0.012824713431738625
2025-03-18,TCD,0.012827440802848256
2025-03-19,TCD,0.013081328530927907
2025-03-20,TCD,0.13317234349572
2025-03-21,TCD,0.2371956518446012
2025-03-22,TCD,0.03945690528115493
2025-03-23,TCD,0.021062490928702906
2025-03-24,TCD,0.02401495328642618
2025-03-25,TCD,0.0185405895512369
2025-03-26,TCD,0.01770650646383172
2025-03-27,TCD,0.017793791528755383
2025-03-28,TCD,0.026111392688387483
2024-07-01,GIN,0.030370769340223557
2024-07-02,GIN,0.02317392191292597
2024-07-03,GIN,0.04279572083694516
2024-07-04,GIN,0.04604373418046583
2024-07-05,GIN,0.06744434937579698
2024-07-06,GIN,0.11476738619683327
2024-07-07,GIN,0.05937906267856673
2024-07-08,GIN,0.059039734493683924
2024-07-09,GIN,0.09220497461081455
2024-07-10,GIN,0.035051632873940114
2024-07-11,GIN,0.03148834990590337
2024-07-12,GIN,0.14008697454017224
2024-07-13,GIN,0.04643472539562804
2024-07-14,GIN,0.05072011454141335
2024-07-15,GIN,0.11293365314422145
2024-07-16,GIN,0.014551567871988021
2024-07-17,GIN,0.030578544349931548
2024-07-18,GIN,0.023827330830806136
2024-07-19,GIN,0.017487048937318644
2024-07-20,GIN,0.013744443762667273
2024-07-21,GIN,0.024947470378891827
2024-07-22,GIN,0.013113978910519639
2024-07-23,GIN,0.031719450879677744
2024-07-24,GIN,0.023178903556800384
2024-07-25,GIN,0.0663112412817409
2024-07-26,GIN,0.042224143672581885
2024-07-27,GIN,0.048375646547554406
2024-07-28,GIN,0.07424209759895167
2024-07-29,GIN,0.09407120959225733
2024-07-30,GIN,0.17218064980484662
2024-07-31,GIN,0.1456103209109364
2024-08-01,GIN,0.1384512068064403
2024-08-02,GIN,0.03940753494835892
2024-08-03,GIN,0.04370075334342177
2024-08-04,GIN,0.10046446875009378
2024-08-05,GIN,0.022337336363420522
2024-08-06,GIN,0.016691994397142043
2024-08-07,GIN,0.020700382582252947
2024-08-08,GIN,0.025402457158040025
2024-08-09,GIN,0.09342892453805011
2024-08-10,GIN,0.11596515210936038
2024-08-11,GIN,0.06625755743531468
2024-08-12,GIN,0.09729674425377174
2024-08-13,GIN,0.05314228848119832
2024-08-14,GIN,0.04164751573289006
2024-08-15,GIN,0.05091495323001715
2024-08-16,GIN,0.05185525607979461
2024-08-17,GIN,0.13788418860591053
2024-08-18,GIN,0.12104695773851967
2024-08-19,GIN,0.08286343828970856
2024-08-20,GIN,0.05801460505747882
2024-08-21,GIN,0.21860253035877955
2024-08-22,GIN,0.04395807840707071
2024-08-23,GIN,0.019933808244678473
2024-08-24,GIN,0.05035709721088243
2024-08-25,GIN,0.13865115018720103
2024-08-26,GIN,0.016649514583343523
2024-08-27,GIN,0.023595660406595366
2024-08-28,GIN,0.025350437800123977
2024-08-29,GIN,0.02219785712414701
2024-08-30,GIN,0.015889091672276992
2024-08-31,GIN,0.04586659152120802
2024-09-01,GIN,0.014125884619761166
2024-09-02,GIN,0.014390283960954797
2024-09-03,GIN,0.026044144068059934
2024-09-04,GIN,0.011664480326636993
2024-09-05,GIN,0.03442235847465621
2024-09-06,GIN,0.01756504895134594
2024-09-07,GIN,0.020982665603747962
2024-09-08,GIN,0.035981863525114975
2024-09-09,GIN,0.029724209606655127
2024-09-10,GIN,0.014599899223150796
2024-09-11,GIN,0.04189072887552168
2024-09-12,GIN,0.10188592830437758
2024-09-13,GIN,0.037083977685258084
2024-09-14,GIN,0.02349654827699985
2024-09-15,GIN,0.0682785108112218
2024-09-16,GIN,0.0388088341488569
2024-09-17,GIN,0.043495701817874544
2024-09-18,GIN,0.06536034154291852
2024-09-19,GIN,0.1206762361826406
2024-09-20,GIN,0.05368415779922773
2024-09-21,GIN,0.014713449310421362
2024-09-22,GIN,0.019707656024904034
2024-09-23,GIN,0.0402197257981522
2024-09-24,GIN,0.03212409781845285
2024-09-25,GIN,0.09242870696203576
2024-09-26,GIN,0.0790465611948533
2024-09-27,GIN,0.059085682973847906
2024-09-28,GIN,0.029231907338330185
2024-09-29,GIN,0.04240700427132196
2024-09-30,GIN,0.05127137110231413
2024-10-01,GIN,0.039165878864873264
2024-10-02,GIN,0.012543372441735697
2024-10-03,GIN,0.01318092743161164
2024-10-04,GIN,0.011473892725035198
2024-10-05,GIN,0.012015976484115651
2024-10-06,GIN,0.014907812790706252
2024-10-07,GIN,0.011761413244866603
2024-10-08,GIN,0.014448828313978116
2024-10-09,GIN,0.04519804738145177
2024-10-10,GIN,0.03294809623148587
2024-10-11,GIN,0.04657700909446966
2024-10-12,GIN,0.033621013076892
2024-10-13,GIN,0.03302315126496105
2024-10-14,GIN,0.048220013951934544
2024-10-15,GIN,0.05439600337293598
2024-10-16,GIN,0.08524677857562339
2024-10-17,GIN,0.05548443271888666
2024-10-18,GIN,0.15705695991942303
2024-10-19,GIN,0.0994565691598656
2024-10-20,GIN,0.023954047924478607
2024-10-21,GIN,0.0320864053459345
2024-10-22,GIN,0.1300100823593297
2024-10-23,GIN,0.035289826857127955
2024-10-24,GIN,0.019127330389164518
2024-10-25,GIN,0.0773503041392608
2024-10-26,GIN,0.014912815488606965
2024-10-27,GIN,0.016858759924355347
2024-10-28,GIN,0.015951354449571426
2024-10-29,GIN,0.01832440042440172
2024-10-30,GIN,0.01689050008967216
2024-10-31,GIN,0.033169534416550094
2024-11-01,GIN,0.01623505597807137
2024-11-02,GIN,0.01716970669381548
2024-11-03,GIN,0.01668441183007927
2024-11-04,GIN,0.01903054090884879
2024-11-05,GIN,0.0324539081400401
2024-11-06,GIN,0.06225185336690349
2024-11-07,GIN,0.16712588643344656
2024-11-08,GIN,0.05274000956294476
2024-11-09,GIN,0.08805489207317473
2024-11-10,GIN,0.08633243411772218
2024-11-11,GIN,0.19784336909944883
2024-11-12,GIN,0.09158747670943226
2024-11-13,GIN,0.1417204514510165
2024-11-14,GIN,0.036165189717974396
2024-11-15,GIN,0.1289315638344195
2024-11-16,GIN,0.026859767752569468
2024-11-17,GIN,0.03734159309781354
2024-11-18,GIN,0.02304835117438297
2024-11-19,GIN,0.062397938186507684
2024-11-20,GIN,0.024939179873526295
2024-11-21,GIN,0.01838376855796943
2024-11-22,GIN,0.021779937081357607
2024-11-23,GIN,0.022825099601147165
2024-11-24,GIN,0.03812799310321428
2024-11-25,GIN,0.027789009338711677
2024-11-26,GIN,0.023864166787775275
2024-11-27,GIN,0.01347267115411153
2024-11-28,GIN,0.015056608353815922
2024-11-29,GIN,0.012465598739839179
2024-11-30,GIN,0.012337232039834568
2024-12-01,GIN,0.014272894566282059
2024-12-02,GIN,0.01497698418811843
2024-12-03,GIN,0.13345874942724129
2024-12-04,GIN,0.10728637571157826
2024-12-05,GIN,0.05756943856401456
2024-12-06,GIN,0.15506302342130854
2024-12-07,GIN,0.025830042598801242
2024-12-08,GIN,0.12918399491285068
2024-12-09,GIN,0.06123276096315293
2024-12-10,GIN,0.049249434818793514
2024-12-11,GIN,0.022417272571856762
2024-12-12,GIN,0.04353029938181123
2024-12-13,GIN,0.028886622994222073
2024-12-14,GIN,0.012510166323265192
2024-12-15,GIN,0.012986689783254133
2024-12-16,GIN,0.022123953480513537
2024-12-17,GIN,0.013854109839370826
2024-12-18,GIN,0.02603011689839507
2024-12-19,GIN,0.01291956474389029
2024-12-20,GIN,0.05490384242237515
2024-12-21,GIN,0.01340190663765807
2024-12-22,GIN,0.013336986001022911
2024-12-23,GIN,0.02204021875998717
2024-12-24,GIN,0.015982241715011263
2024-12-25,GIN,0.07958545807463423
2024-12-26,GIN,0.1008737837471575
2024-12-27,GIN,0.029230133231999304
2024-12-28,GIN,0.0915256377453802
2024-12-29,GIN,0.04081414637720164
2024-12-30,GIN,0.10996691932159677
2024-12-31,GIN,0.05733886984327759
2025-01-01,GIN,0.03625096322619244
2025-01-02,GIN,0.11275435380189026
2025-01-03,GIN,0.027202822364914944
2025-01-04,GIN,0.05900722720766986
2025-01-05,GIN,0.08878980808066353
2025-01-06,GIN,0.317136103653302
2025-01-07,GIN,0.07984746452981431
2025-01-08,GIN,0.07959796532814636
2025-01-09,GIN,0.018723230188545582
2025-01-10,GIN,0.031421325878085
2025-01-11,GIN,0.011950512632462634
2025-01-12,GIN,0.03594130165451018
2025-01-13,GIN,0.06664707320807546
2025-01-14,GIN,0.016053588916307374
2025-01-15,GIN,0.04098740128137547
2025-01-16,GIN,0.041910639595771786
2025-01-17,GIN,0.03496298124325076
2025-01-18,GIN,0.07975172438131477
2025-01-19,GIN,0.3439056858896524
2025-01-20,GIN,0.05620113617962811
2025-01-21,GIN,0.03174986298173316
2025-01-22,GIN,0.12819142829743868
2025-01-23,GIN,0.04623100705751594
2025-01-24,GIN,0.046395311544624986
2025-01-25,GIN,0.013950810513856654
2025-01-26,GIN,0.012764890714803892
2025-01-27,GIN,0.025436863600479982
2025-01-28,GIN,0.012585093987537625
2025-01-29,GIN,0.017593671570397606
2025-01-30,GIN,0.01254518589884818
2025-01-31,GIN,0.013821718222075674
2025-02-01,GIN,0.029180815457735418
2025-02-02,GIN,0.01645880364564123
2025-02-03,GIN,0.026877997447958688
2025-02-04,GIN,0.01750998435314585
2025-02-05,GIN,0.15068605894762868
2025-02-06,GIN,0.04345516421368248
2025-02-07,GIN,0.060366754631942174
2025-02-08,GIN,0.026900812171953555
2025-02-09,GIN,0.039618567389376774
2025-02-10,GIN,0.07270409454247184
2025-02-11,GIN,0.10160979218578267
2025-02-12,GIN,0.05378632232518141
2025-02-13,GIN,0.1862441162812926
2025-02-14,GIN,0.2237743251877174
2025-02-15,GIN,0.059072674511833206
2025-02-16,GIN,0.04428656230355746
2025-02-17,GIN,0.05165210836255774
2025-02-18,GIN,0.07017601365431113
2025-02-19,GIN,0.06039481158393836
2025-02-20,GIN,0.07491793570816248
2025-02-21,GIN,0.07076155753240809
2025-02-22,GIN,0.01758027120845884
2025-02-23,GIN,0.024291355819509076
2025-02-24,GIN,0.02313614890657033
2025-02-25,GIN,0.01792707124882656
2025-02-26,GIN,0.016265612436331303
2025-02-27,GIN,0.011592045383507627
2025-02-28,GIN,0.012015065403498709
2025-03-01,GIN,0.016720233080995864
2025-03-02,GIN,0.015362367694429255
2025-03-03,GIN,0.015387132572181142
2025-03-04,GIN,0.011533931721364733
2025-03-05,GIN,0.01390838943455323
2025-03-06,GIN,0.017306547022223957
2025-03-07,GIN,0.01770742785814493
2025-03-08,GIN,0.0167958112156927
2025-03-09,GIN,0.0161867944473697
2025-03-10,GIN,0.01673497537135417
2025-03-11,GIN,0.014984493387261693
2025-03-12,GIN,0.014941830397214983
2025-03-13,GIN,0.01583503877739649
2025-03-14,GIN,0.049109966055076906
2025-03-15,GIN,0.02585815554580787
2025-03-16,GIN,0.03442950215266006
2025-03-17,GIN,0.02951372292107813
2025-03-18,GIN,0.019892276431828795
2025-03-19,GIN,0.022400438760051097
2025-03-20,GIN,0.025784171207580538
2025-03-21,GIN,0.04963084386483575
2025-03-22,GIN,0.03840961140667066
2025-03-23,GIN,0.04933974610196451
2025-03-24,GIN,0.05752589389207535
2025-03-25,GIN,0.037578432683917834
2025-03-26,GIN,0.044723441889893537
2025-03-27,GIN,0.04981851515627935
2025-03-28,GIN,0.06158051554950528
2024-07-01,GNB,0.03299703377403454
2024-07-02,GNB,0.03235892657322969
2024-07-03,GNB,0.0623762257548916
2024-07-04,GNB,0.028355089089718673
2024-07-05,GNB,0.04293801736422892
2024-07-06,GNB,0.029802481347408316
2024-07-07,GNB,0.039028788607550734
2024-07-08,GNB,0.03157992709530095
2024-07-09,GNB,0.026729150973208205
2024-07-10,GNB,0.023899894569149607
2024-07-11,GNB,0.027545830029192753
2024-07-12,GNB,0.02562293936479783
2024-07-13,GNB,0.024655641074377895
2024-07-14,GNB,0.030885935220311682
2024-07-15,GNB,0.03140772490668824
2024-07-16,GNB,0.03926123759824854
2024-07-17,GNB,0.02209980732835543
2024-07-18,GNB,0.013681480567055215
2024-07-19,GNB,0.01341888392878076
2024-07-20,GNB,0.014469163908782017
2024-07-21,GNB,0.056053845043368085
2024-07-22,GNB,0.023975881318698593
2024-07-23,GNB,0.039439195302716425
2024-07-24,GNB,0.14275295120877826
2024-07-25,GNB,0.04250987834289355
2024-07-26,GNB,0.0126845540348209
2024-07-27,GNB,0.012062555612955553
2024-07-28,GNB,0.012613524795113979
2024-07-29,GNB,0.01223871700430935
2024-07-30,GNB,0.011719656628426006
2024-07-31,GNB,0.01924443217359517
2024-08-01,GNB,0.013579815010187443
2024-08-02,GNB,0.012993204537424788
2024-08-03,GNB,0.011936081249653528
2024-08-04,GNB,0.013438169034819343
2024-08-05,GNB,0.011722463486513535
2024-08-06,GNB,0.01128882212296951
2024-08-07,GNB,0.011928242828709237
2024-08-08,GNB,0.012947380077334713
2024-08-09,GNB,0.014269539076526835
2024-08-10,GNB,0.014406844381679877
2024-08-11,GNB,0.02283306754009896
2024-08-12,GNB,0.019892427600067458
2024-08-13,GNB,0.028796837056035033
2024-08-14,GNB,0.020309822086415335
2024-08-15,GNB,0.037315122388361904
2024-08-16,GNB,0.03051975156297699
2024-08-17,GNB,0.016864650989728776
2024-08-18,GNB,0.02412509096708325
2024-08-19,GNB,0.026542489690738625
2024-08-20,GNB,0.020272025230474628
2024-08-21,GNB,0.0293668749670433
2024-08-22,GNB,0.016203804857675242
2024-08-23,GNB,0.02063476934939077
2024-08-24,GNB,0.015549868051048639
2024-08-25,GNB,0.01638526500025531
2024-08-26,GNB,0.016533734501663674
2024-08-27,GNB,0.015593282951832411
2024-08-28,GNB,0.0154340083355556
2024-08-29,GNB,0.018362911847809516
2024-08-30,GNB,0.01593728773177339
2024-08-31,GNB,0.020689911294098945
2024-09-01,GNB,0.04299819053698197
2024-09-02,GNB,0.03223673949740696
2024-09-03,GNB,0.03133012166408031
2024-09-04,GNB,0.02031681505852762
2024-09-05,GNB,0.014425063927904939
2024-09-06,GNB,0.02140543653980537
2024-09-07,GNB,0.012440779150255798
2024-09-08,GNB,0.014374554635601928
2024-09-09,GNB,0.03146838194647703
2024-09-10,GNB,0.014924390139008401
2024-09-11,GNB,0.017413011157355735
2024-09-12,GNB,0.01978509334341249
2024-09-13,GNB,0.019079664477217873
2024-09-14,GNB,0.02238752196835569
2024-09-15,GNB,0.05076676059307935
2024-09-16,GNB,0.050122662231445354
2024-09-17,GNB,0.02912780261502639
2024-09-18,GNB,0.0235560492259911
2024-09-19,GNB,0.04546757935353579
2024-09-20,GNB,0.035851036366898216
2024-09-21,GNB,0.03652724145643154
2024-09-22,GNB,0.017684154855091002
2024-09-23,GNB,0.017492126978433473
2024-09-24,GNB,0.015343925737537423
2024-09-25,GNB,0.022616665847234013
2024-09-26,GNB,0.01347707954651869
2024-09-27,GNB,0.0159626167118301
2024-09-28,GNB,0.014131265651660986
2024-09-29,GNB,0.022392961539098036
2024-09-30,GNB,0.02361438750402871
2024-10-01,GNB,0.016530681637191902
2024-10-02,GNB,0.01782836511264844
2024-10-03,GNB,0.01912154921287527
2024-10-04,GNB,0.05533296758057943
2024-10-05,GNB,0.03125897220699683
2024-10-06,GNB,0.020525508383069057
2024-10-07,GNB,0.018880103759683818
2024-10-08,GNB,0.013628668890513063
2024-10-09,GNB,0.0398626860258968
2024-10-10,GNB,0.02601243287676281
2024-10-11,GNB,0.03582488972675613
2024-10-12,GNB,0.019627907279693293
2024-10-13,GNB,0.02238288100948707
2024-10-14,GNB,0.026487608885735436
2024-10-15,GNB,0.02676109725861874
2024-10-16,GNB,0.018584049611060506
2024-10-17,GNB,0.03967619374414841
2024-10-18,GNB,0.02121493381187531
2024-10-19,GNB,0.015526206683602904
2024-10-20,GNB,0.0260907475072626
2024-10-21,GNB,0.023983451697243995
2024-10-22,GNB,0.030222394553464545
2024-10-23,GNB,0.02796690152968294
2024-10-24,GNB,0.024004488551100153
2024-10-25,GNB,0.027333250066079853
2024-10-26,GNB,0.014369763093555976
2024-10-27,GNB,0.016567905625251848
2024-10-28,GNB,0.01649942561076214
2024-10-29,GNB,0.01813762771025625
2024-10-30,GNB,0.015137282373248651
2024-10-31,GNB,0.01728808062487891
2024-11-01,GNB,0.015578965761236557
2024-11-02,GNB,0.015536617559943502
2024-11-03,GNB,0.025574687193790965
2024-11-04,GNB,0.02001007143396016
2024-11-05,GNB,0.021451496289458125
2024-11-06,GNB,0.021542808041437034
2024-11-07,GNB,0.015284231293617348
2024-11-08,GNB,0.06122668313424159
2024-11-09,GNB,0.017818867081239705
2024-11-10,GNB,0.03469296244728985
2024-11-11,GNB,0.020245118523175704
2024-11-12,GNB,0.012922600577802762
2024-11-13,GNB,0.013713213096952696
2024-11-14,GNB,0.01405353414012472
2024-11-15,GNB,0.02432817381294068
2024-11-16,GNB,0.017718895804951073
2024-11-17,GNB,0.018317206854845187
2024-11-18,GNB,0.016087077506943638
2024-11-19,GNB,0.01595301370530178
2024-11-20,GNB,0.015140804313305015
2024-11-21,GNB,0.06834708447187228
2024-11-22,GNB,0.043483095230945526
2024-11-23,GNB,0.04626625199987202
2024-11-24,GNB,0.013486080979926133
2024-11-25,GNB,0.01404343101482454
2024-11-26,GNB,0.021426833186645334
2024-11-27,GNB,0.020306477863394116
2024-11-28,GNB,0.02013577850872168
2024-11-29,GNB,0.01466887173849392
2024-11-30,GNB,0.012362569430706403
2024-12-01,GNB,0.013155926300611383
2024-12-02,GNB,0.012193838771902858
2024-12-03,GNB,0.012024046995779159
2024-12-04,GNB,0.01283789709431824
2024-12-05,GNB,0.012394739600785696
2024-12-06,GNB,0.013141943480190842
2024-12-07,GNB,0.022741122640999215
2024-12-08,GNB,0.01776417611999424
2024-12-09,GNB,0.022635486758493716
2024-12-10,GNB,0.016040617720119943
2024-12-11,GNB,0.020151219490668882
2024-12-12,GNB,0.02060582641283859
2024-12-13,GNB,0.022120092336083436
2024-12-14,GNB,0.018487595773349595
2024-12-15,GNB,0.015383923415085217
2024-12-16,GNB,0.015386251411850358
2024-12-17,GNB,0.02336675325851161
2024-12-18,GNB,0.022780571704731068
2024-12-19,GNB,0.01966785428497733
2024-12-20,GNB,0.016166559948808328
2024-12-21,GNB,0.013324907753203186
2024-12-22,GNB,0.017301577052886936
2024-12-23,GNB,0.015497245624578293
2024-12-24,GNB,0.013238435380004639
2024-12-25,GNB,0.016085455667458757
2024-12-26,GNB,0.016125259362707343
2024-12-27,GNB,0.015414273917997046
2024-12-28,GNB,0.024550934933086438
2024-12-29,GNB,0.02813630854345155
2024-12-30,GNB,0.0353416324209199
2024-12-31,GNB,0.024313966535167122
2025-01-01,GNB,0.015993885628100963
2025-01-02,GNB,0.020577196376598616
2025-01-03,GNB,0.013982462899032487
2025-01-04,GNB,0.01582456221486643
2025-01-05,GNB,0.01770638456564521
2025-01-06,GNB,0.01725894475160536
2025-01-07,GNB,0.028513307934388936
2025-01-08,GNB,0.014982449513356083
2025-01-09,GNB,0.01454360383129722
2025-01-10,GNB,0.01336220011017827
2025-01-11,GNB,0.012161381171388983
2025-01-12,GNB,0.012338717922598375
2025-01-13,GNB,0.01293346928773324
2025-01-14,GNB,0.01263217866806199
2025-01-15,GNB,0.016723215394922542
2025-01-16,GNB,0.015368505024532587
2025-01-17,GNB,0.01557831877770279
2025-01-18,GNB,0.017804865486184897
2025-01-19,GNB,0.023256661569704015
2025-01-20,GNB,0.02699906540363415
2025-01-21,GNB,0.025905649783260695
2025-01-22,GNB,0.02015258351985245
2025-01-23,GNB,0.07150881340974931
2025-01-24,GNB,0.021352897626493204
2025-01-25,GNB,0.026240806169017663
2025-01-26,GNB,0.021232627279047667
2025-01-27,GNB,0.02588265665158391
2025-01-28,GNB,0.018747128507795884
2025-01-29,GNB,0.019244870619093732
2025-01-30,GNB,0.015580796943055614
2025-01-31,GNB,0.016911078667435003
2025-02-01,GNB,0.01370153591424358
2025-02-02,GNB,0.013219141111070063
2025-02-03,GNB,0.013623119776685606
2025-02-04,GNB,0.012416678900342397
2025-02-05,GNB,0.014761894333278349
2025-02-06,GNB,0.013403307546107758
2025-02-07,GNB,0.013071757372298197
2025-02-08,GNB,0.014178154605947653
2025-02-09,GNB,0.013628828053605931
2025-02-10,GNB,0.013628828053605931
2025-02-11,GNB,0.01811978884990575
2025-02-12,GNB,0.024990825268186766
2025-02-13,GNB,0.01976450159186058
2025-02-14,GNB,0.023877550542961905
2025-02-15,GNB,0.013548062925592238
2025-02-16,GNB,0.015099817415778045
2025-02-17,GNB,0.015099817415778045
2025-02-18,GNB,0.01731995248784849
2025-02-19,GNB,0.0195866730026098
2025-02-20,GNB,0.017441366086693774
2025-02-21,GNB,0.024582115800083057
2025-02-22,GNB,0.013067014806207925
2025-02-23,GNB,0.016946481115879677
2025-02-24,GNB,0.016533338359889727
2025-02-25,GNB,0.023546489412086827
2025-02-26,GNB,0.019596746907743025
2025-02-27,GNB,0.019883143875693433
2025-02-28,GNB,0.01234806691766456
2025-03-01,GNB,0.012359339410566429
2025-03-02,GNB,0.017487245279266
2025-03-03,GNB,0.01694425350696629
2025-03-04,GNB,0.014438290686917836
2025-03-05,GNB,0.013490006912227608
2025-03-06,GNB,0.013731855151078798
2025-03-07,GNB,0.012626596477579865
2025-03-08,GNB,0.01263149663100282
2025-03-09,GNB,0.01635284122912489
2025-03-10,GNB,0.016960377401077434
2025-03-11,GNB,0.013617453424640227
2025-03-12,GNB,0.014296466336117614
2025-03-13,GNB,0.014958464741081225
2025-03-14,GNB,0.01683428643190917
2025-03-15,GNB,0.018522978285215375
2025-03-16,GNB,0.018372709996299332
2025-03-17,GNB,0.018890717631194973
2025-03-18,GNB,0.016726039492016426
2025-03-19,GNB,0.01782641614662657
2025-03-20,GNB,0.017553326151180583
2025-03-21,GNB,0.017598736576198332
2025-03-22,GNB,0.019080159632493345
2025-03-23,GNB,0.01938281522444377
2025-03-24,GNB,0.019231261936656877
2025-03-25,GNB,0.015200702161770916
2025-03-26,GNB,0.016447590013404
2025-03-27,GNB,0.016106147870861648
2025-03-28,GNB,0.01755315023023048
2024-07-01,SEN,0.03959120825172144
2024-07-02,SEN,0.030508724622142304
2024-07-03,SEN,0.05330317303792838
2024-07-04,SEN,0.035905329532368725
2024-07-05,SEN,0.09542600394895703
2024-07-06,SEN,0.0824693083654905
2024-07-07,SEN,0.10051799123456245
2024-07-08,SEN,0.07219290717159335
2024-07-09,SEN,0.06305011181839348
2024-07-10,SEN,0.04415497427788332
2024-07-11,SEN,0.053218747950281704
2024-07-12,SEN,0.017083773832912163
2024-07-13,SEN,0.01708530243540262
2024-07-14,SEN,0.018830895030559666
2024-07-15,SEN,0.02287889911783751
2024-07-16,SEN,0.03440095015574772
2024-07-17,SEN,0.025058869251927275
2024-07-18,SEN,0.014533860488096672
2024-07-19,SEN,0.015466623619780594
2024-07-20,SEN,0.020772116578611187
2024-07-21,SEN,0.01998429943238818
2024-07-22,SEN,0.04654308127407357
2024-07-23,SEN,0.03370278480138005
2024-07-24,SEN,0.0429230859197385
2024-07-25,SEN,0.022766872969507815
2024-07-26,SEN,0.023229274493413082
2024-07-27,SEN,0.02173995677346389
2024-07-28,SEN,0.05090871876480009
2024-07-29,SEN,0.0642012052107538
2024-07-30,SEN,0.0194853596572496
2024-07-31,SEN,0.013152903273788756
2024-08-01,SEN,0.0196307995529532
2024-08-02,SEN,0.02152188145983042
2024-08-03,SEN,0.013649053660924197
2024-08-04,SEN,0.015121451546367919
2024-08-05,SEN,0.07833045955120903
2024-08-06,SEN,0.014601431009396551
2024-08-07,SEN,0.015559265852683602
2024-08-08,SEN,0.017146301497822584
2024-08-09,SEN,0.01345824555238139
2024-08-10,SEN,0.03084892917968808
2024-08-11,SEN,0.03298828944902255
2024-08-12,SEN,0.03054353310620424
2024-08-13,SEN,0.018864050884019178
2024-08-14,SEN,0.02351186486164732
2024-08-15,SEN,0.023797023696647504
2024-08-16,SEN,0.02362239623371959
2024-08-17,SEN,0.027174593695320826
2024-08-18,SEN,0.04917811265983393
2024-08-19,SEN,0.06993876388418142
2024-08-20,SEN,0.05111685669862156
2024-08-21,SEN,0.03007395105675897
2024-08-22,SEN,0.02392679837426291
2024-08-23,SEN,0.01618484888517168
2024-08-24,SEN,0.01342658220454143
2024-08-25,SEN,0.020573759880267148
2024-08-26,SEN,0.02998469265368592
2024-08-27,SEN,0.019387592515367234
2024-08-28,SEN,0.03024713843270122
2024-08-29,SEN,0.022079776061374012
2024-08-30,SEN,0.026726374692743898
2024-08-31,SEN,0.0793218248295752
2024-09-01,SEN,0.1686298509682343
2024-09-02,SEN,0.05493676777214259
2024-09-03,SEN,0.07124716714098536
2024-09-04,SEN,0.022000038347656948
2024-09-05,SEN,0.015654559906346104
2024-09-06,SEN,0.012367723409176131
2024-09-07,SEN,0.012880627475699449
2024-09-08,SEN,0.01599255798294412
2024-09-09,SEN,0.015008663744585968
2024-09-10,SEN,0.012239011944241124
2024-09-11,SEN,0.020506677889599454
2024-09-12,SEN,0.01928625595809123
2024-09-13,SEN,0.019045998390495446
2024-09-14,SEN,0.016638864133695405
2024-09-15,SEN,0.02329819653759362
2024-09-16,SEN,0.023246039471273346
2024-09-17,SEN,0.019469828649869656
2024-09-18,SEN,0.01981648480241789
2024-09-19,SEN,0.018229132402561663
2024-09-20,SEN,0.014028913526214501
2024-09-21,SEN,0.016107497577390915
2024-09-22,SEN,0.01558988363756631
2024-09-23,SEN,0.014905944841968709
2024-09-24,SEN,0.015016194432329452
2024-09-25,SEN,0.026695279909404707
2024-09-26,SEN,0.025653766052996727
2024-09-27,SEN,0.02686412506383352
2024-09-28,SEN,0.03599642799621436
2024-09-29,SEN,0.021502705902047444
2024-09-30,SEN,0.01763496118654283
2024-10-01,SEN,0.01892975149450517
2024-10-02,SEN,0.011804080060247413
2024-10-03,SEN,0.013381618599019382
2024-10-04,SEN,0.015286864404806321
2024-10-05,SEN,0.013525569256485837
2024-10-06,SEN,0.01401686680375878
2024-10-07,SEN,0.015435383406061886
2024-10-08,SEN,0.011965476935752
2024-10-09,SEN,0.018791565701036652
2024-10-10,SEN,0.014483761360458114
2024-10-11,SEN,0.024060508559619463
2024-10-12,SEN,0.020770023251847427
2024-10-13,SEN,0.04569949622173077
2024-10-14,SEN,0.04418032701453597
2024-10-15,SEN,0.025930813953797233
2024-10-16,SEN,0.03465271066722466
2024-10-17,SEN,0.06393975842319552
2024-10-18,SEN,0.07136965149797099
2024-10-19,SEN,0.02820533871712672
2024-10-20,SEN,0.06511261472910353
2024-10-21,SEN,0.0648659695151105
2024-10-22,SEN,0.05929866420746022
2024-10-23,SEN,0.03086848398478758
2024-10-24,SEN,0.08582418678026112
2024-10-25,SEN,0.033874611915977355
2024-10-26,SEN,0.012744441818559939
2024-10-27,SEN,0.013142948097147961
2024-10-28,SEN,0.013318798303059797
2024-10-29,SEN,0.019300136084667036
2024-10-30,SEN,0.01821786964934588
2024-10-31,SEN,0.034414043839793726
2024-11-01,SEN,0.015999887401715814
2024-11-02,SEN,0.021165060496121546
2024-11-03,SEN,0.02838500800895796
2024-11-04,SEN,0.03529722955519351
2024-11-05,SEN,0.019179896384541508
2024-11-06,SEN,0.020515951900356523
2024-11-07,SEN,0.029683196545047242
2024-11-08,SEN,0.04432554047778396
2024-11-09,SEN,0.08575714679302064
2024-11-10,SEN,0.21015690747045246
2024-11-11,SEN,0.20466262089005907
2024-11-12,SEN,0.026329900575326345
2024-11-13,SEN,0.042605508489388454
2024-11-14,SEN,0.04210265796194703
2024-11-15,SEN,0.053871649993654284
2024-11-16,SEN,0.023218175947331592
2024-11-17,SEN,0.023503278492596674
2024-11-18,SEN,0.014005176993084872
2024-11-19,SEN,0.025973525569027687
2024-11-20,SEN,0.016222038155214377
2024-11-21,SEN,0.017049554103047197
2024-11-22,SEN,0.017242913668565042
2024-11-23,SEN,0.030189764426313544
2024-11-24,SEN,0.04504562858390175
2024-11-25,SEN,0.0664954302415581
2024-11-26,SEN,0.05335942475859747
2024-11-27,SEN,0.058498368814795317
2024-11-28,SEN,0.0662696305710353
2024-11-29,SEN,0.07448052411422762
2024-11-30,SEN,0.05056369690835325
2024-12-01,SEN,0.06907664779287147
2024-12-02,SEN,0.06903138465731512
2024-12-03,SEN,0.0788523128834973
2024-12-04,SEN,0.0850864440886788
2024-12-05,SEN,0.06743736014172297
2024-12-06,SEN,0.05083240880745437
2024-12-07,SEN,0.02010762079655374
2024-12-08,SEN,0.03623429128025814
2024-12-09,SEN,0.03409970117753071
2024-12-10,SEN,0.028871545452402766
2024-12-11,SEN,0.034157995680717534
2024-12-12,SEN,0.036765350959194636
2024-12-13,SEN,0.06670097915801118
2024-12-14,SEN,0.029559502193821675
2024-12-15,SEN,0.02316963889459072
2024-12-16,SEN,0.032605089769622383
2024-12-17,SEN,0.04355334678371443
2024-12-18,SEN,0.023707352331649945
2024-12-19,SEN,0.015385710836506191
2024-12-20,SEN,0.016266868094718792
2024-12-21,SEN,0.014885239697644026
2024-12-22,SEN,0.03387370429520745
2024-12-23,SEN,0.0304754769659934
2024-12-24,SEN,0.021740349210867423
2024-12-25,SEN,0.09247527756698522
2024-12-26,SEN,0.053396353345660105
2024-12-27,SEN,0.03918824212567789
2024-12-28,SEN,0.04762426837498906
2024-12-29,SEN,0.05789444520547024
2024-12-30,SEN,0.05455496460778142
2024-12-31,SEN,0.04648178134058801
2025-01-01,SEN,0.02641003759853297
2025-01-02,SEN,0.02563237026338011
2025-01-03,SEN,0.016754584903594726
2025-01-04,SEN,0.03419853943730018
2025-01-05,SEN,0.055125418287519275
2025-01-06,SEN,0.048316435603764446
2025-01-07,SEN,0.030543964829374062
2025-01-08,SEN,0.023662322555486354
2025-01-09,SEN,0.03508586355551981
2025-01-10,SEN,0.04117405487392004
2025-01-11,SEN,0.01556419995142729
2025-01-12,SEN,0.018552708371236824
2025-01-13,SEN,0.019671753809832052
2025-01-14,SEN,0.013755704146957896
2025-01-15,SEN,0.025140127118060986
2025-01-16,SEN,0.02224538046499594
2025-01-17,SEN,0.04546934668801299
2025-01-18,SEN,0.05295267968351013
2025-01-19,SEN,0.09805836484568518
2025-01-20,SEN,0.07602348807326872
2025-01-21,SEN,0.09327973109518706
2025-01-22,SEN,0.06309146805618795
2025-01-23,SEN,0.10448291555375322
2025-01-24,SEN,0.06259647138627639
2025-01-25,SEN,0.060454252762323295
2025-01-26,SEN,0.0582485856069914
2025-01-27,SEN,0.06307051740111141
2025-01-28,SEN,0.025628753639193938
2025-01-29,SEN,0.030505113513719814
2025-01-30,SEN,0.03769430849044643
2025-01-31,SEN,0.024356868527698687
2025-02-01,SEN,0.03488154279655454
2025-02-02,SEN,0.027351033274426315
2025-02-03,SEN,0.04563565067362533
2025-02-04,SEN,0.028853317573575843
2025-02-05,SEN,0.026319161486512543
2025-02-06,SEN,0.03240645502488388
2025-02-07,SEN,0.04389281179615032
2025-02-08,SEN,0.032658130436268196
2025-02-09,SEN,0.047504318638780775
2025-02-10,SEN,0.0415492528560474
2025-02-11,SEN,0.020673809796069868
2025-02-12,SEN,0.030944047749111643
2025-02-13,SEN,0.06799585084053143
2025-02-14,SEN,0.07734736877499886
2025-02-15,SEN,0.02233858513797376
2025-02-16,SEN,0.01911182098071273
2025-02-17,SEN,0.01842297973426215
2025-02-18,SEN,0.025930426172930853
2025-02-19,SEN,0.0356410065150168
2025-02-20,SEN,0.08621908554814682
2025-02-21,SEN,0.05023417135497179
2025-02-22,SEN,0.01804944862126225
2025-02-23,SEN,0.021492198550465427
2025-02-24,SEN,0.027262456896322465
2025-02-25,SEN,0.03095593492992892
2025-02-26,SEN,0.022417551831834966
2025-02-27,SEN,0.015008930759580243
2025-02-28,SEN,0.014280742577182405
2025-03-01,SEN,0.015768512172667122
2025-03-02,SEN,0.023509789891646517
2025-03-03,SEN,0.02294791783336554
2025-03-04,SEN,0.014129060487312536
2025-03-05,SEN,0.01897262285932224
2025-03-06,SEN,0.016069559531137034
2025-03-07,SEN,0.015991553351876475
2025-03-08,SEN,0.021222598875685096
2025-03-09,SEN,0.019464360706359835
2025-03-10,SEN,0.01866383888775374
2025-03-11,SEN,0.014940473274229128
2025-03-12,SEN,0.015300471240832666
2025-03-13,SEN,0.014170185132013919
2025-03-14,SEN,0.039266923791467116
2025-03-15,SEN,0.024097644422643415
2025-03-16,SEN,0.03571793201645949
2025-03-17,SEN,0.03723489669166955
2025-03-18,SEN,0.01509288552412171
2025-03-19,SEN,0.02016713689940685
2025-03-20,SEN,0.019908480366101905
2025-03-21,SEN,0.022163653151115063
2025-03-22,SEN,0.026590853735482495
2025-03-23,SEN,0.03483984415577347
2025-03-24,SEN,0.026662207940470122
2025-03-25,SEN,0.025150140527685244
2025-03-26,SEN,0.023655299169807523
2025-03-27,SEN,0.03651351004248666
2025-03-28,SEN,0.05119355344097879
2024-07-01,CIV,0.057703784216272445
2024-07-02,CIV,0.05062394486215204
2024-07-03,CIV,0.06783791381128117
2024-07-04,CIV,0.01519814698514378
2024-07-05,CIV,0.011756352614863656
2024-07-06,CIV,0.012693682126469836
2024-07-07,CIV,0.013597201574150236
2024-07-08,CIV,0.011598723410826727
2024-07-09,CIV,0.016395663539683587
2024-07-10,CIV,0.013581274315957136
2024-07-11,CIV,0.030504416495569793
2024-07-12,CIV,0.045350287042961526
2024-07-13,CIV,0.27241242583275355
2024-07-14,CIV,0.27744640311662044
2024-07-15,CIV,0.03535113005089089
2024-07-16,CIV,0.05758393693622982
2024-07-17,CIV,0.031687666603955944
2024-07-18,CIV,0.03763155517806376
2024-07-19,CIV,0.03153784335850228
2024-07-20,CIV,0.011403841303310116
2024-07-21,CIV,0.012543252618469227
2024-07-22,CIV,0.011007254842403065
2024-07-23,CIV,0.014552142484653655
2024-07-24,CIV,0.013303500799844757
2024-07-25,CIV,0.02004286958295612
2024-07-26,CIV,0.016653932682108935
2024-07-27,CIV,0.05388610893813953
2024-07-28,CIV,0.05125040576062444
2024-07-29,CIV,0.04772008836833211
2024-07-30,CIV,0.03195699881603734
2024-07-31,CIV,0.03309950025621706
2024-08-01,CIV,0.03784734118909255
2024-08-02,CIV,0.09018902842824902
2024-08-03,CIV,0.026890420781464485
2024-08-04,CIV,0.04428916896029461
2024-08-05,CIV,0.02731010676875838
2024-08-06,CIV,0.05025450796720799
2024-08-07,CIV,0.09411643563550318
2024-08-08,CIV,0.042208685708640434
2024-08-09,CIV,0.020168448607227246
2024-08-10,CIV,0.12218791951328263
2024-08-11,CIV,0.05406567555677231
2024-08-12,CIV,0.06357437589128533
2024-08-13,CIV,0.04828333681876622
2024-08-14,CIV,0.055506441559753636
2024-08-15,CIV,0.12235504850996783
2024-08-16,CIV,0.08952185327815017
2024-08-17,CIV,0.0168613356776687
2024-08-18,CIV,0.03441457733570229
2024-08-19,CIV,0.07915460357321391
2024-08-20,CIV,0.035672208029668
2024-08-21,CIV,0.024003347775958434
2024-08-22,CIV,0.034864298331117656
2024-08-23,CIV,0.013199110249352067
2024-08-24,CIV,0.026292812631479406
2024-08-25,CIV,0.02062244726779459
2024-08-26,CIV,0.022194116310214115
2024-08-27,CIV,0.01749293855027109
2024-08-28,CIV,0.023181624155468986
2024-08-29,CIV,0.017503151603407718
2024-08-30,CIV,0.02619981813308476
2024-08-31,CIV,0.03227131539858706
2024-09-01,CIV,0.26367701469475063
2024-09-02,CIV,0.14279343239009543
2024-09-03,CIV,0.02931318714086668
2024-09-04,CIV,0.015551621396876185
2024-09-05,CIV,0.02290848483925993
2024-09-06,CIV,0.024030761609491854
2024-09-07,CIV,0.046671893755773276
2024-09-08,CIV,0.04358488694417814
2024-09-09,CIV,0.1170210689587611
2024-09-10,CIV,0.03854802332643191
2024-09-11,CIV,0.1473471467895149
2024-09-12,CIV,0.033968613131050054
2024-09-13,CIV,0.055895760737559044
2024-09-14,CIV,0.04499207920736293
2024-09-15,CIV,0.05995794713622738
2024-09-16,CIV,0.04105832370560242
2024-09-17,CIV,0.04556620832290173
2024-09-18,CIV,0.06731161750772473
2024-09-19,CIV,0.13544184152884248
2024-09-20,CIV,0.05153106990315309
2024-09-21,CIV,0.03609104264235296
2024-09-22,CIV,0.047752265876654834
2024-09-23,CIV,0.04773042684786268
2024-09-24,CIV,0.05344436674590763
2024-09-25,CIV,0.08760640749952629
2024-09-26,CIV,0.012711832675177425
2024-09-27,CIV,0.012031831934048907
2024-09-28,CIV,0.011867439829098318
2024-09-29,CIV,0.014727507800763085
2024-09-30,CIV,0.02282768995070199
2024-10-01,CIV,0.015449718196701179
2024-10-02,CIV,0.013080182988989893
2024-10-03,CIV,0.07249067494506928
2024-10-04,CIV,0.0378001647051799
2024-10-05,CIV,0.10924619355076472
2024-10-06,CIV,0.015521074777283638
2024-10-07,CIV,0.024063945423480115
2024-10-08,CIV,0.011118871056260408
2024-10-09,CIV,0.011195101039257967
2024-10-10,CIV,0.011669083629737
2024-10-11,CIV,0.011688578744980858
2024-10-12,CIV,0.015141284058711622
2024-10-13,CIV,0.025624813597487188
2024-10-14,CIV,0.040266545068709
2024-10-15,CIV,0.17676305595632377
2024-10-16,CIV,0.045223925056107964
2024-10-17,CIV,0.032734574022763446
2024-10-18,CIV,0.04425310360425493
2024-10-19,CIV,0.07714865269293474
2024-10-20,CIV,0.05094949673245121
2024-10-21,CIV,0.0755131976205223
2024-10-22,CIV,0.08565144820037127
2024-10-23,CIV,0.3187265460000168
2024-10-24,CIV,0.08615453461457491
2024-10-25,CIV,0.06655072191167696
2024-10-26,CIV,0.021849058489412623
2024-10-27,CIV,0.02820080553906698
2024-10-28,CIV,0.23524673109296396
2024-10-29,CIV,0.11845745092608444
2024-10-30,CIV,0.017112358322738604
2024-10-31,CIV,0.024246061936560943
2024-11-01,CIV,0.024331608686883104
2024-11-02,CIV,0.029744675271669456
2024-11-03,CIV,0.2934304299324324
2024-11-04,CIV,0.047305467018536614
2024-11-05,CIV,0.01732213525700832
2024-11-06,CIV,0.02505040231927449
2024-11-07,CIV,0.038317498739648806
2024-11-08,CIV,0.02102121093640576
2024-11-09,CIV,0.017795449567823154
2024-11-10,CIV,0.029677948042903798
2024-11-11,CIV,0.013088274581594754
2024-11-12,CIV,0.014877233477674431
2024-11-13,CIV,0.01158921309102136
2024-11-14,CIV,0.012986435207530279
2024-11-15,CIV,0.011246059915656454
2024-11-16,CIV,0.01422251264712506
2024-11-17,CIV,0.015215966238875858
2024-11-18,CIV,0.021213082081895686
2024-11-19,CIV,0.014858921017585956
2024-11-20,CIV,0.015361670680544665
2024-11-21,CIV,0.013008889374263059
2024-11-22,CIV,0.014324972861041115
2024-11-23,CIV,0.0961570788014252
2024-11-24,CIV,0.026843830369585635
2024-11-25,CIV,0.027114008464593962
2024-11-26,CIV,0.016987025216156054
2024-11-27,CIV,0.02313200484918714
2024-11-28,CIV,0.03604505925043888
2024-11-29,CIV,0.023672978887648057
2024-11-30,CIV,0.02272634369764672
2024-12-01,CIV,0.020144494046484957
2024-12-02,CIV,0.17641168461240492
2024-12-03,CIV,0.014878386311744726
2024-12-04,CIV,0.019272823824970104
2024-12-05,CIV,0.015049706937131282
2024-12-06,CIV,0.019529472144005515
2024-12-07,CIV,0.01592106255259991
2024-12-08,CIV,0.01723874967946542
2024-12-09,CIV,0.01137807358919199
2024-12-10,CIV,0.011182500858165134
2024-12-11,CIV,0.011306119735195458
2024-12-12,CIV,0.013884233472955311
2024-12-13,CIV,0.012183546505092915
2024-12-14,CIV,0.01150692651117039
2024-12-15,CIV,0.014299087270771121
2024-12-16,CIV,0.016094884452470835
2024-12-17,CIV,0.09199179377279024
2024-12-18,CIV,0.034862392152730716
2024-12-19,CIV,0.027645509759982714
2024-12-20,CIV,0.015758857729677663
2024-12-21,CIV,0.014556672260900263
2024-12-22,CIV,0.016036495551137345
2024-12-23,CIV,0.017596871141890586
2024-12-24,CIV,0.013480592075378913
2024-12-25,CIV,0.0779639876261575
2024-12-26,CIV,0.02521920003446517
2024-12-27,CIV,0.0645483467450658
2024-12-28,CIV,0.017059184085792344
2024-12-29,CIV,0.02346053142797604
2024-12-30,CIV,0.1421744332745137
2024-12-31,CIV,0.018631057130513422
2025-01-01,CIV,0.029366761245343324
2025-01-02,CIV,0.02008522071409883
2025-01-03,CIV,0.016349137822368815
2025-01-04,CIV,0.03579205056612755
2025-01-05,CIV,0.11992989654446959
2025-01-06,CIV,0.013801320890046721
2025-01-07,CIV,0.01760432386833931
2025-01-08,CIV,0.01233929275807748
2025-01-09,CIV,0.0136512271154197
2025-01-10,CIV,0.013250298766629656
2025-01-11,CIV,0.012598301905302844
2025-01-12,CIV,0.012669666168513265
2025-01-13,CIV,0.04604173721102394
2025-01-14,CIV,0.013393132024766536
2025-01-15,CIV,0.0208764228620252
2025-01-16,CIV,0.015105606007672953
2025-01-17,CIV,0.03171883906946588
2025-01-18,CIV,0.025985875031496165
2025-01-19,CIV,0.02713679197126309
2025-01-20,CIV,0.03157407061885169
2025-01-21,CIV,0.057356065034319496
2025-01-22,CIV,0.019840991280244955
2025-01-23,CIV,0.06997425205562723
2025-01-24,CIV,0.023141762793845368
2025-01-25,CIV,0.026490582937097995
2025-01-26,CIV,0.03701889099253924
2025-01-27,CIV,0.07253852893177508
2025-01-28,CIV,0.015157651129107422
2025-01-29,CIV,0.03225388848865336
2025-01-30,CIV,0.016571851759119127
2025-01-31,CIV,0.016352890738034417
2025-02-01,CIV,0.017301036767185946
2025-02-02,CIV,0.020101387901164593
2025-02-03,CIV,0.01647153229445133
2025-02-04,CIV,0.021712344177599614
2025-02-05,CIV,0.11641022202640983
2025-02-06,CIV,0.04588600667652605
2025-02-07,CIV,0.03864392830442642
2025-02-08,CIV,0.03037563876940231
2025-02-09,CIV,0.04129199945042245
2025-02-10,CIV,0.07053232453170596
2025-02-11,CIV,0.05268621058696315
2025-02-12,CIV,0.04098519968200778
2025-02-13,CIV,0.06326313187971686
2025-02-14,CIV,0.056009937551639
2025-02-15,CIV,0.03383560769869892
2025-02-16,CIV,0.1465661925782919
2025-02-17,CIV,0.1004351823717641
2025-02-18,CIV,0.0413806551448231
2025-02-19,CIV,0.0299624546650176
2025-02-20,CIV,0.03239204754953703
2025-02-21,CIV,0.05584978625248022
2025-02-22,CIV,0.019542255683209844
2025-02-23,CIV,0.011891263294934885
2025-02-24,CIV,0.01465855905613148
2025-02-25,CIV,0.012693541583045495
2025-02-26,CIV,0.013616255470113763
2025-02-27,CIV,0.012469989600704485
2025-02-28,CIV,0.012710622717523526
2025-03-01,CIV,0.012292231771092935
2025-03-02,CIV,0.020251162405480177
2025-03-03,CIV,0.02990728173196638
2025-03-04,CIV,0.012607193828259663
2025-03-05,CIV,0.050639904810391295
2025-03-06,CIV,0.01848170668754448
2025-03-07,CIV,0.01306453025822703
2025-03-08,CIV,0.015080755275417976
2025-03-09,CIV,0.013751116566163695
2025-03-10,CIV,0.01412984107177288
2025-03-11,CIV,0.012526419073830657
2025-03-12,CIV,0.01743756289583652
2025-03-13,CIV,0.012362210162740306
2025-03-14,CIV,0.04040806202510288
2025-03-15,CIV,0.24873761076437023
2025-03-16,CIV,0.02101727717247323
2025-03-17,CIV,0.021422697819332433
2025-03-18,CIV,0.018622012385016578
2025-03-19,CIV,0.017333942517915923
2025-03-20,CIV,0.020330980765354893
2025-03-21,CIV,0.024629412190318802
2025-03-22,CIV,0.011354704816449459
2025-03-23,CIV,0.01133399179149873
2025-03-24,CIV,0.011204508164047604
2025-03-25,CIV,0.01134496528031792
2025-03-26,CIV,0.011446910226093449
2025-03-27,CIV,0.01155341206239071
2025-03-28,CIV,0.011399127058869717
2024-07-01,SLE,0.04937561108067173
2024-07-02,SLE,0.024050980841424298
2024-07-03,SLE,0.031066281633049142
2024-07-04,SLE,0.036260987546558286
2024-07-05,SLE,0.04964775376869079
2024-07-06,SLE,0.03502243715659567
2024-07-07,SLE,0.08350834820451901
2024-07-08,SLE,0.03433260762478185
2024-07-09,SLE,0.028212815583220124
2024-07-10,SLE,0.02301378609972694
2024-07-11,SLE,0.023606143104438343
2024-07-12,SLE,0.022174657817042767
2024-07-13,SLE,0.022844735164424382
2024-07-14,SLE,0.12251078378414172
2024-07-15,SLE,0.07114851232987485
2024-07-16,SLE,0.04346466354900163
2024-07-17,SLE,0.025756012137466155
2024-07-18,SLE,0.019790653555812665
2024-07-19,SLE,0.01336474012589758
2024-07-20,SLE,0.022294135508173187
2024-07-21,SLE,0.01909495766958814
2024-07-22,SLE,0.023360314352664516
2024-07-23,SLE,0.02652508060078737
2024-07-24,SLE,0.03069254885233783
2024-07-25,SLE,0.2613337464355845
2024-07-26,SLE,0.013973524669875186
2024-07-27,SLE,0.013783907278572422
2024-07-28,SLE,0.017882241288992077
2024-07-29,SLE,0.021377380868054074
2024-07-30,SLE,0.014053482610422142
2024-07-31,SLE,0.0116681179067508
2024-08-01,SLE,0.014571174360683217
2024-08-02,SLE,0.016039599650425874
2024-08-03,SLE,0.024304042431406946
2024-08-04,SLE,0.022632035462717248
2024-08-05,SLE,0.019031412050225825
2024-08-06,SLE,0.016968740206799015
2024-08-07,SLE,0.012216548139465752
2024-08-08,SLE,0.013309740329398105
2024-08-09,SLE,0.01247908620170404
2024-08-10,SLE,0.02667985369235315
2024-08-11,SLE,0.0749203813213605
2024-08-12,SLE,0.02428985561941682
2024-08-13,SLE,0.029272275964733144
2024-08-14,SLE,0.01697349842406901
2024-08-15,SLE,0.021457277319492766
2024-08-16,SLE,0.017157283598821096
2024-08-17,SLE,0.032038558278077375
2024-08-18,SLE,0.016209511310272488
2024-08-19,SLE,0.016602494582134555
2024-08-20,SLE,0.01606472003425685
2024-08-21,SLE,0.015270373938271785
2024-08-22,SLE,0.01345830130280489
2024-08-23,SLE,0.012502543339177597
2024-08-24,SLE,0.011312021786101719
2024-08-25,SLE,0.013787375271865968
2024-08-26,SLE,0.012032790862817973
2024-08-27,SLE,0.013386319203974248
2024-08-28,SLE,0.018564150316333888
2024-08-29,SLE,0.01724039236546612
2024-08-30,SLE,0.015810300040462466
2024-08-31,SLE,0.022054499331228165
2024-09-01,SLE,0.03560003998962977
2024-09-02,SLE,0.048922882230560814
2024-09-03,SLE,0.045243994852281526
2024-09-04,SLE,0.015363824884145613
2024-09-05,SLE,0.014736858409037917
2024-09-06,SLE,0.01328273261129548
2024-09-07,SLE,0.013656781588964129
2024-09-08,SLE,0.016200426211716145
2024-09-09,SLE,0.014635313273450615
2024-09-10,SLE,0.012680170798856498
2024-09-11,SLE,0.016137927987635345
2024-09-12,SLE,0.03117812139721635
2024-09-13,SLE,0.01797995458851197
2024-09-14,SLE,0.020518585132160448
2024-09-15,SLE,0.026557513683888614
2024-09-16,SLE,0.024579672662655594
2024-09-17,SLE,0.021633988019689025
2024-09-18,SLE,0.01961952746456888
2024-09-19,SLE,0.020058644922453787
2024-09-20,SLE,0.022649617977098715
2024-09-21,SLE,0.04526904680977816
2024-09-22,SLE,0.028194353903820232
2024-09-23,SLE,0.019237981179911694
2024-09-24,SLE,0.019713501356040976
2024-09-25,SLE,0.029256871739839197
2024-09-26,SLE,0.021101432369069847
2024-09-27,SLE,0.02407727876912463
2024-09-28,SLE,0.014113909358212107
2024-09-29,SLE,0.02720683620940928
2024-09-30,SLE,0.013447809142874743
2024-10-01,SLE,0.01535411271973061
2024-10-02,SLE,0.01277503284032682
2024-10-03,SLE,0.013841372930650997
2024-10-04,SLE,0.013347718239802192
2024-10-05,SLE,0.01803083185668951
2024-10-06,SLE,0.01316099957025252
2024-10-07,SLE,0.013727539895464515
2024-10-08,SLE,0.012288399877827542
2024-10-09,SLE,0.015175934931769572
2024-10-10,SLE,0.024700573919057424
2024-10-11,SLE,0.027136722684145367
2024-10-12,SLE,0.01885882174631776
2024-10-13,SLE,0.02599457391316733
2024-10-14,SLE,0.0310861830282064
2024-10-15,SLE,0.07103250651648295
2024-10-16,SLE,0.03653636198910949
2024-10-17,SLE,0.06490663376444232
2024-10-18,SLE,0.0508909718020628
2024-10-19,SLE,0.018399008221651122
2024-10-20,SLE,0.023555061508254642
2024-10-21,SLE,0.024237361627136092
2024-10-22,SLE,0.03382156708588029
2024-10-23,SLE,0.028874415186513916
2024-10-24,SLE,0.03151959721292793
2024-10-25,SLE,0.04128901004445349
2024-10-26,SLE,0.0159700080339298
2024-10-27,SLE,0.020815574604967375
2024-10-28,SLE,0.018376289278783806
2024-10-29,SLE,0.06842998498041018
2024-10-30,SLE,0.021399542423981083
2024-10-31,SLE,0.023179185282527822
2024-11-01,SLE,0.015498590256727366
2024-11-02,SLE,0.016606487339564747
2024-11-03,SLE,0.02630636962323162
2024-11-04,SLE,0.02437908852516235
2024-11-05,SLE,0.017601241799978146
2024-11-06,SLE,0.018803253638564842
2024-11-07,SLE,0.016857913363122708
2024-11-08,SLE,0.052961118675731673
2024-11-09,SLE,0.03221623200690132
2024-11-10,SLE,0.08776349962161212
2024-11-11,SLE,0.15375175198569513
2024-11-12,SLE,0.023848322991983677
2024-11-13,SLE,0.02256676152980137
2024-11-14,SLE,0.02420148301710329
2024-11-15,SLE,0.03747157762919506
2024-11-16,SLE,0.01718783256181179
2024-11-17,SLE,0.02174858865033975
2024-11-18,SLE,0.025389434068495934
2024-11-19,SLE,0.024332979779971252
2024-11-20,SLE,0.02134855936539361
2024-11-21,SLE,0.016810790103193186
2024-11-22,SLE,0.024653663149485833
2024-11-23,SLE,0.017025427201541928
2024-11-24,SLE,0.02721563708804773
2024-11-25,SLE,0.03656036221479507
2024-11-26,SLE,0.02300721877689088
2024-11-27,SLE,0.06456491225113176
2024-11-28,SLE,0.023858253989087783
2024-11-29,SLE,0.028158108069069824
2024-11-30,SLE,0.03484476324295259
2024-12-01,SLE,0.03676422884030271
2024-12-02,SLE,0.02543251099835862
2024-12-03,SLE,0.04567063576073039
2024-12-04,SLE,0.01156128972769218
2024-12-05,SLE,0.011189318617789542
2024-12-06,SLE,0.011367532521914228
2024-12-07,SLE,0.011191108769482127
2024-12-08,SLE,0.012617601808811484
2024-12-09,SLE,0.011884981678415056
2024-12-10,SLE,0.01567648554100925
2024-12-11,SLE,0.021252025514978744
2024-12-12,SLE,0.013201135915324572
2024-12-13,SLE,0.014359908637167252
2024-12-14,SLE,0.016625196096814496
2024-12-15,SLE,0.013768228162088492
2024-12-16,SLE,0.02634151266250147
2024-12-17,SLE,0.02319169848741554
2024-12-18,SLE,0.017775043657293457
2024-12-19,SLE,0.02877016856659012
2024-12-20,SLE,0.015948698969543262
2024-12-21,SLE,0.015574459258504467
2024-12-22,SLE,0.023064579416587235
2024-12-23,SLE,0.01911946120439841
2024-12-24,SLE,0.014384949263421301
2024-12-25,SLE,0.02263264339947516
2024-12-26,SLE,0.06713899632730783
2024-12-27,SLE,0.03706036684622953
2024-12-28,SLE,0.022232517770088032
2024-12-29,SLE,0.04947022541686975
2024-12-30,SLE,0.026971631304822285
2024-12-31,SLE,0.018772620055896336
2025-01-01,SLE,0.021947916218194467
2025-01-02,SLE,0.02239937280886146
2025-01-03,SLE,0.018523757366153932
2025-01-04,SLE,0.021090975921684605
2025-01-05,SLE,0.029477991845306774
2025-01-06,SLE,0.022753257168634286
2025-01-07,SLE,0.033882267596714304
2025-01-08,SLE,0.019617727063622827
2025-01-09,SLE,0.024414495345180486
2025-01-10,SLE,0.024873126298954794
2025-01-11,SLE,0.16110342453996265
2025-01-12,SLE,0.018789760743264078
2025-01-13,SLE,0.021841877348418325
2025-01-14,SLE,0.01226981079722533
2025-01-15,SLE,0.01935595865134541
2025-01-16,SLE,0.015552065918472772
2025-01-17,SLE,0.018883117049232675
2025-01-18,SLE,0.03967905662205104
2025-01-19,SLE,0.040072636172306865
2025-01-20,SLE,0.06542383878407733
2025-01-21,SLE,0.03987766077178491
2025-01-22,SLE,0.03075713370359209
2025-01-23,SLE,0.03502200219099354
2025-01-24,SLE,0.04054083731266031
2025-01-25,SLE,0.03035816242430787
2025-01-26,SLE,0.025499894778269742
2025-01-27,SLE,0.026864631929477138
2025-01-28,SLE,0.013719682280924175
2025-01-29,SLE,0.016289138601423593
2025-01-30,SLE,0.020885149584072466
2025-01-31,SLE,0.02644807542125277
2025-02-01,SLE,0.05870320301205686
2025-02-02,SLE,0.01958599753257058
2025-02-03,SLE,0.01731950425610961
2025-02-04,SLE,0.019631540394638027
2025-02-05,SLE,0.022590599611657297
2025-02-06,SLE,0.022919787543056083
2025-02-07,SLE,0.022904083506066413
2025-02-08,SLE,0.017381615046503467
2025-02-09,SLE,0.01991316278889965
2025-02-10,SLE,0.18159167481161043
2025-02-11,SLE,0.028339965677766154
2025-02-12,SLE,0.023526621018711513
2025-02-13,SLE,0.01671358865114242
2025-02-14,SLE,0.019502334778214142
2025-02-15,SLE,0.015154523454881474
2025-02-16,SLE,0.019321525364059556
2025-02-17,SLE,0.011380138050405837
2025-02-18,SLE,0.012069717798864538
2025-02-19,SLE,0.011811603190698025
2025-02-20,SLE,0.011964978498653137
2025-02-21,SLE,0.01337586025817319
2025-02-22,SLE,0.011452345791785992
2025-02-23,SLE,0.011638329403571733
2025-02-24,SLE,0.015187000016884143
2025-02-25,SLE,0.014391427406731662
2025-02-26,SLE,0.013972806641954306
2025-02-27,SLE,0.014231375535400704
2025-02-28,SLE,0.012652770057281533
2025-03-01,SLE,0.0158157222660066
2025-03-02,SLE,0.019953185250729706
2025-03-03,SLE,0.026343321284087864
2025-03-04,SLE,0.01565610769127053
2025-03-05,SLE,0.022417259388340827
2025-03-06,SLE,0.016992957546004814
2025-03-07,SLE,0.013439589613425043
2025-03-08,SLE,0.015498068615950815
2025-03-09,SLE,0.016941599213877924
2025-03-10,SLE,0.018235380916783343
2025-03-11,SLE,0.015781858134581103
2025-03-12,SLE,0.015116803719104899
2025-03-13,SLE,0.012859202658743898
2025-03-14,SLE,0.03638211021848452
2025-03-15,SLE,0.022838851891404034
2025-03-16,SLE,0.030740812435418312
2025-03-17,SLE,0.027093336338231796
2025-03-18,SLE,0.015760253634478433
2025-03-19,SLE,0.01964507568973152
2025-03-20,SLE,0.02590318643768811
2025-03-21,SLE,0.026261594476348907
2025-03-22,SLE,0.03240767712621917
2025-03-23,SLE,0.04021084321486489
2025-03-24,SLE,0.027888181747774847
2025-03-25,SLE,0.018044568458779706
2025-03-26,SLE,0.017890563188739526
2025-03-27,SLE,0.018633181938674064
2025-03-28,SLE,0.019328933635874554
2024-07-01,TGO,0.012502547247363853
2024-07-02,TGO,0.013008268323338174
2024-07-03,TGO,0.01283419669835666
2024-07-04,TGO,0.01234242937139199
2024-07-05,TGO,0.015625655555426044
2024-07-06,TGO,0.014277585921623558
2024-07-07,TGO,0.01485449881351172
2024-07-08,TGO,0.013796790120060255
2024-07-09,TGO,0.025326407329597633
2024-07-10,TGO,0.022210614820515038
2024-07-11,TGO,0.05570778327000594
2024-07-12,TGO,0.01901916155315464
2024-07-13,TGO,0.02886191444650161
2024-07-14,TGO,0.039075962126872005
2024-07-15,TGO,0.05668957385941639
2024-07-16,TGO,0.04573896419437982
2024-07-17,TGO,0.03918033521619713
2024-07-18,TGO,0.018365644138223964
2024-07-19,TGO,0.04734295438103019
2024-07-20,TGO,0.22620039842771042
2024-07-21,TGO,0.15200628372866729
2024-07-22,TGO,0.1442962542644561
2024-07-23,TGO,0.1709514982079553
2024-07-24,TGO,0.11796065519815915
2024-07-25,TGO,0.13108070611263248
2024-07-26,TGO,0.1917928171562252
2024-07-27,TGO,0.011026374565895372
2024-07-28,TGO,0.011229297000373697
2024-07-29,TGO,0.011039375398615941
2024-07-30,TGO,0.011175956564292083
2024-07-31,TGO,0.010987096699535941
2024-08-01,TGO,0.011116110179874971
2024-08-02,TGO,0.011191959048645582
2024-08-03,TGO,0.01313692274574344
2024-08-04,TGO,0.01455975972377777
2024-08-05,TGO,0.014446581578194218
2024-08-06,TGO,0.013801585092774047
2024-08-07,TGO,0.013809462869176224
2024-08-08,TGO,0.014521887907570225
2024-08-09,TGO,0.014538387226196848
2024-08-10,TGO,0.0289826211459087
2024-08-11,TGO,0.03340063461930742
2024-08-12,TGO,0.085777808111127
2024-08-13,TGO,0.013875217229554803
2024-08-14,TGO,0.01434527384714809
2024-08-15,TGO,0.04542264223824222
2024-08-16,TGO,0.01766108967852587
2024-08-17,TGO,0.01299639166049574
2024-08-18,TGO,0.017105440662540928
2024-08-19,TGO,0.02055685110409563
2024-08-20,TGO,0.020758642985582502
2024-08-21,TGO,0.019360849113252275
2024-08-22,TGO,0.061531703668809314
2024-08-23,TGO,0.031753973289507895
2024-08-24,TGO,0.08471915738618015
2024-08-25,TGO,0.15319230381491114
2024-08-26,TGO,0.039138964739624374
2024-08-27,TGO,0.039412847831572936
2024-08-28,TGO,0.12891322670092595
2024-08-29,TGO,0.05289225495976131
2024-08-30,TGO,0.0988116418951714
2024-08-31,TGO,0.1686601157263926
2024-09-01,TGO,0.08795896575283976
2024-09-02,TGO,0.06494688777059786
2024-09-03,TGO,0.0609856525119133
2024-09-04,TGO,0.032963751101757456
2024-09-05,TGO,0.024249565687918265
2024-09-06,TGO,0.01471702110925621
2024-09-07,TGO,0.014163015644457941
2024-09-08,TGO,0.014723549734967402
2024-09-09,TGO,0.01730218866087072
2024-09-10,TGO,0.023395600756589557
2024-09-11,TGO,0.031137445173284088
2024-09-12,TGO,0.020257725968070232
2024-09-13,TGO,0.024881666907418453
2024-09-14,TGO,0.034235057749718606
2024-09-15,TGO,0.03738773595941462
2024-09-16,TGO,0.07011189512385209
2024-09-17,TGO,0.08032310589320561
2024-09-18,TGO,0.07508996287118205
2024-09-19,TGO,0.06047314229405745
2024-09-20,TGO,0.05266871776208182
2024-09-21,TGO,0.03268577208665286
2024-09-22,TGO,0.05893545348594168
2024-09-23,TGO,0.05042238873556184
2024-09-24,TGO,0.0581752863397346
2024-09-25,TGO,0.0663136662258147
2024-09-26,TGO,0.06618498282366658
2024-09-27,TGO,0.028275126376287377
2024-09-28,TGO,0.020327668068295734
2024-09-29,TGO,0.036871050458951414
2024-09-30,TGO,0.01756094633827953
2024-10-01,TGO,0.026324802682143007
2024-10-02,TGO,0.03061058652545373
2024-10-03,TGO,0.03683008316632808
2024-10-04,TGO,0.074965932052075
2024-10-05,TGO,0.014881992684610063
2024-10-06,TGO,0.012970573233368192
2024-10-07,TGO,0.01568881226957055
2024-10-08,TGO,0.012293172911399216
2024-10-09,TGO,0.011014945977244586
2024-10-10,TGO,0.011051503680747962
2024-10-11,TGO,0.012023931639964475
2024-10-12,TGO,0.011604323532889942
2024-10-13,TGO,0.012737665925607627
2024-10-14,TGO,0.012212988532047912
2024-10-15,TGO,0.012689289309323929
2024-10-16,TGO,0.06050373897834586
2024-10-17,TGO,0.017596079848380426
2024-10-18,TGO,0.07042588680583602
2024-10-19,TGO,0.04747218667880208
2024-10-20,TGO,0.024172497172593878
2024-10-21,TGO,0.015376695097324557
2024-10-22,TGO,0.01481524686026378
2024-10-23,TGO,0.024901241715615287
2024-10-24,TGO,0.0598265137079115
2024-10-25,TGO,0.0703692910864253
2024-10-26,TGO,0.024122032824060335
2024-10-27,TGO,0.0268575835389059
2024-10-28,TGO,0.05882855514123029
2024-10-29,TGO,0.03641108842819564
2024-10-30,TGO,0.0267516431221826
2024-10-31,TGO,0.020189408191735172
2024-11-01,TGO,0.014618189735387824
2024-11-02,TGO,0.013351282030703378
2024-11-03,TGO,0.014952869054686483
2024-11-04,TGO,0.013255539642200598
2024-11-05,TGO,0.012941941720597618
2024-11-06,TGO,0.01343419577875377
2024-11-07,TGO,0.012274953198069583
2024-11-08,TGO,0.04885272124776211
2024-11-09,TGO,0.11744924845694585
2024-11-10,TGO,0.057624471082818964
2024-11-11,TGO,0.0316912004793563
2024-11-12,TGO,0.01334481036446097
2024-11-13,TGO,0.01889519695312549
2024-11-14,TGO,0.043974296089491834
2024-11-15,TGO,0.019734367498181644
2024-11-16,TGO,0.011441642679047901
2024-11-17,TGO,0.011481815080955037
2024-11-18,TGO,0.011826072484467346
2024-11-19,TGO,0.017640856450852293
2024-11-20,TGO,0.011916903536034083
2024-11-21,TGO,0.012101710452134519
2024-11-22,TGO,0.011883537516885534
2024-11-23,TGO,0.01807061228862382
2024-11-24,TGO,0.037242474485426516
2024-11-25,TGO,0.018640474038578287
2024-11-26,TGO,0.018754580120693868
2024-11-27,TGO,0.017489120739548274
2024-11-28,TGO,0.015302242467269992
2024-11-29,TGO,0.05321093571062598
2024-11-30,TGO,0.011853073306731377
2024-12-01,TGO,0.011866431441886495
2024-12-02,TGO,0.011788734651881065
2024-12-03,TGO,0.014144937494344033
2024-12-04,TGO,0.017806863914595013
2024-12-05,TGO,0.018735362510215504
2024-12-06,TGO,0.019299567014699114
2024-12-07,TGO,0.02445551354327
2024-12-08,TGO,0.03669228614177773
2024-12-09,TGO,0.04669108807997432
2024-12-10,TGO,0.02244591682431958
2024-12-11,TGO,0.03590079689086447
2024-12-12,TGO,0.02282673415498199
2024-12-13,TGO,0.036283428152525
2024-12-14,TGO,0.06796086342794366
2024-12-15,TGO,0.08610744360061745
2024-12-16,TGO,0.10627933302171447
2024-12-17,TGO,0.032314654662148334
2024-12-18,TGO,0.025031149663483146
2024-12-19,TGO,0.027157027330330236
2024-12-20,TGO,0.024946450991687335
2024-12-21,TGO,0.015599063959630854
2024-12-22,TGO,0.030152996369779864
2024-12-23,TGO,0.04122417992305748
2024-12-24,TGO,0.022500428663577758
2024-12-25,TGO,0.03879767741140964
2024-12-26,TGO,0.04757699071990333
2024-12-27,TGO,0.04427107743731366
2024-12-28,TGO,0.02432966083364452
2024-12-29,TGO,0.04092941852588669
2024-12-30,TGO,0.067458779702495
2024-12-31,TGO,0.020975388578152326
2025-01-01,TGO,0.03017960364901193
2025-01-02,TGO,0.15561247440608963
2025-01-03,TGO,0.01704770364547471
2025-01-04,TGO,0.1012647667882035
2025-01-05,TGO,0.03915272112954005
2025-01-06,TGO,0.10783675851932233
2025-01-07,TGO,0.0763199550539999
2025-01-08,TGO,0.06500773242803393
2025-01-09,TGO,0.04904861948171781
2025-01-10,TGO,0.07025308356656919
2025-01-11,TGO,0.01590543277290067
2025-01-12,TGO,0.08109555563552535
2025-01-13,TGO,0.03403883766800918
2025-01-14,TGO,0.026990136912476394
2025-01-15,TGO,0.05453463369906198
2025-01-16,TGO,0.02388776586633008
2025-01-17,TGO,0.036556568049693615
2025-01-18,TGO,0.0550566513285144
2025-01-19,TGO,0.10680778243117241
2025-01-20,TGO,0.05634562983122017
2025-01-21,TGO,0.049968414511828464
2025-01-22,TGO,0.026135499045778277
2025-01-23,TGO,0.034430706985788324
2025-01-24,TGO,0.02879385370476701
2025-01-25,TGO,0.018968874074592496
2025-01-26,TGO,0.0135938236070671
2025-01-27,TGO,0.013463613754750635
2025-01-28,TGO,0.016436353454335393
2025-01-29,TGO,0.012203733103507123
2025-01-30,TGO,0.014819678237594992
2025-01-31,TGO,0.014956229955987633
2025-02-01,TGO,0.015547056809719871
2025-02-02,TGO,0.019493945100110946
2025-02-03,TGO,0.018407984924436762
2025-02-04,TGO,0.015828105494611975
2025-02-05,TGO,0.014917548924003949
2025-02-06,TGO,0.018406698394578886
2025-02-07,TGO,0.019490109869061707
2025-02-08,TGO,0.01777603204386246
2025-02-09,TGO,0.06480315664288297
2025-02-10,TGO,0.050462164037535444
2025-02-11,TGO,0.0333774994106018
2025-02-12,TGO,0.08123916443938561
2025-02-13,TGO,0.060133088016529126
2025-02-14,TGO,0.05523945437036492
2025-02-15,TGO,0.05242051428248206
2025-02-16,TGO,0.07205068106589395
2025-02-17,TGO,0.08662270105739106
2025-02-18,TGO,0.08860463703236761
2025-02-19,TGO,0.06181640189861692
2025-02-20,TGO,0.05904118623292197
2025-02-21,TGO,0.04468364045969443
2025-02-22,TGO,0.028602800699702453
2025-02-23,TGO,0.0314280613744176
2025-02-24,TGO,0.04504213192823108
2025-02-25,TGO,0.03803947884144684
2025-02-26,TGO,0.029678518240651427
2025-02-27,TGO,0.03213253015509931
2025-02-28,TGO,0.016992271018845376
2025-03-01,TGO,0.0315734906140303
2025-03-02,TGO,0.04809203555592288
2025-03-03,TGO,0.0496739181412278
2025-03-04,TGO,0.01908883285264682
2025-03-05,TGO,0.02289278008936361
2025-03-06,TGO,0.027859304216813728
2025-03-07,TGO,0.020835856256579872
2025-03-08,TGO,0.023321114774212285
2025-03-09,TGO,0.030549158897063167
2025-03-10,TGO,0.03266565849065655
2025-03-11,TGO,0.02114823741508542
2025-03-12,TGO,0.020530446754618476
2025-03-13,TGO,0.015431272649864033
2025-03-14,TGO,0.02506111621210441
2025-03-15,TGO,0.021013482316452187
2025-03-16,TGO,0.025920292285512046
2025-03-17,TGO,0.02527700840974753
2025-03-18,TGO,0.019856617689030708
2025-03-19,TGO,0.018089761785470792
2025-03-20,TGO,0.019931549607424118
2025-03-21,TGO,0.02370605690836389
2025-03-22,TGO,0.01771841733453697
2025-03-23,TGO,0.01976872870306188
2025-03-24,TGO,0.0263049269909972
2025-03-25,TGO,0.02248620286245204
2025-03-26,TGO,0.03176727951115332
2025-03-27,TGO,0.03451177445599785
2025-03-28,TGO,0.023761372808432338
2024-07-01,COD,0.013340993482763824
2024-07-02,COD,0.015761340738056556
2024-07-03,COD,0.015873381500163278
2024-07-04,COD,0.013586900533236008
2024-07-05,COD,0.013212833110202304
2024-07-06,COD,0.011653487411650409
2024-07-07,COD,0.011725409236833028
2024-07-08,COD,0.011898066607201668
2024-07-09,COD,0.011752394995648098
2024-07-10,COD,0.011538135046797017
2024-07-11,COD,0.036015855924699754
2024-07-12,COD,0.015434297000571508
2024-07-13,COD,0.12698878588006418
2024-07-14,COD,0.021720337949409974
2024-07-15,COD,0.16626057728248472
2024-07-16,COD,0.08265017348100438
2024-07-17,COD,0.01659043369746171
2024-07-18,COD,0.02191487427613137
2024-07-19,COD,0.07993228864122066
2024-07-20,COD,0.011833732749157617
2024-07-21,COD,0.011731764562098153
2024-07-22,COD,0.01143321961499322
2024-07-23,COD,0.015096895948805906
2024-07-24,COD,0.01432149949450746
2024-07-25,COD,0.015696627993143787
2024-07-26,COD,0.013087359184968093
2024-07-27,COD,0.014649655923113406
2024-07-28,COD,0.01732985442890455
2024-07-29,COD,0.016920806759899425
2024-07-30,COD,0.013476389519948785
2024-07-31,COD,0.011065753324643239
2024-08-01,COD,0.011416012738122486
2024-08-02,COD,0.011187784059918437
2024-08-03,COD,0.011737505698331055
2024-08-04,COD,0.011509418227378438
2024-08-05,COD,0.011741397266042035
2024-08-06,COD,0.011750065189430198
2024-08-07,COD,0.012137686805663288
2024-08-08,COD,0.013157818210936617
2024-08-09,COD,0.015866604287099528
2024-08-10,COD,0.029886374249944246
2024-08-11,COD,0.019762461669705265
2024-08-12,COD,0.0230592806306294
2024-08-13,COD,0.024655790094990703
2024-08-14,COD,0.1774320284780084
2024-08-15,COD,0.09031259840776584
2024-08-16,COD,0.026152592131823717
2024-08-17,COD,0.015623096866298775
2024-08-18,COD,0.01595038721690658
2024-08-19,COD,0.0170823965101678
2024-08-20,COD,0.020434461135291973
2024-08-21,COD,0.012029478240348243
2024-08-22,COD,0.01154979415636919
2024-08-23,COD,0.01188206827593626
2024-08-24,COD,0.011656161047501522
2024-08-25,COD,0.011932925780801334
2024-08-26,COD,0.011866357222596663
2024-08-27,COD,0.012159349686163876
2024-08-28,COD,0.016073618054036936
2024-08-29,COD,0.014406677813347984
2024-08-30,COD,0.016369141964849544
2024-08-31,COD,0.014158105201732038
2024-09-01,COD,0.01541544343009388
2024-09-02,COD,0.013928679019790923
2024-09-03,COD,0.05537488146306415
2024-09-04,COD,0.012304228839111624
2024-09-05,COD,0.012006783779462231
2024-09-06,COD,0.012218513542229616
2024-09-07,COD,0.012713276211779265
2024-09-08,COD,0.021004056846284154
2024-09-09,COD,0.012538113383705281
2024-09-10,COD,0.012086061548750221
2024-09-11,COD,0.013411656447898587
2024-09-12,COD,0.02508886990919983
2024-09-13,COD,0.021995924687729384
2024-09-14,COD,0.013495290897362813
2024-09-15,COD,0.012784546624120935
2024-09-16,COD,0.017142472170084598
2024-09-17,COD,0.01775782164280259
2024-09-18,COD,0.017319352210254275
2024-09-19,COD,0.023417520740586787
2024-09-20,COD,0.012662239560637133
2024-09-21,COD,0.01331329066044809
2024-09-22,COD,0.014295855028147458
2024-09-23,COD,0.019125337152550978
2024-09-24,COD,0.01610665916926765
2024-09-25,COD,0.01544849128017626
2024-09-26,COD,0.012599528205297016
2024-09-27,COD,0.013960130560662191
2024-09-28,COD,0.016107308943110518
2024-09-29,COD,0.01598139215737688
2024-09-30,COD,0.014918414107719975
2024-10-01,COD,0.013610166574893218
2024-10-02,COD,0.013238767981686453
2024-10-03,COD,0.014756063052182737
2024-10-04,COD,0.011654103958789101
2024-10-05,COD,0.011535719776617916
2024-10-06,COD,0.011659129904219051
2024-10-07,COD,0.014010699466529853
2024-10-08,COD,0.054093262003890995
2024-10-09,COD,0.017755169296240093
2024-10-10,COD,0.01302147711185169
2024-10-11,COD,0.026926731655196563
2024-10-12,COD,0.01329782575139165
2024-10-13,COD,0.017637435695742536
2024-10-14,COD,0.09918270090402162
2024-10-15,COD,0.012143014409779575
2024-10-16,COD,0.011948524167101645
2024-10-17,COD,0.011744547454690646
2024-10-18,COD,0.032057361609257054
2024-10-19,COD,0.01154253978792805
2024-10-20,COD,0.012097173490291655
2024-10-21,COD,0.011416448994853437
2024-10-22,COD,0.013065845411627067
2024-10-23,COD,0.021694595331039457
2024-10-24,COD,0.015500221125929248
2024-10-25,COD,0.013044690442828136
2024-10-26,COD,0.016580063061164826
2024-10-27,COD,0.011706619211264731
2024-10-28,COD,0.012825913482894332
2024-10-29,COD,0.011994831463057269
2024-10-30,COD,0.01322683062940134
2024-10-31,COD,0.01120006530138963
2024-11-01,COD,0.011469333371832677
2024-11-02,COD,0.011360572219580253
2024-11-03,COD,0.011783822434004384
2024-11-04,COD,0.011681541307829614
2024-11-05,COD,0.011545329621648497
2024-11-06,COD,0.012051328188861544
2024-11-07,COD,0.011916209472727457
2024-11-08,COD,0.01184411242507115
2024-11-09,COD,0.015072407513561073
2024-11-10,COD,0.021102399934817214
2024-11-11,COD,0.021009837888182736
2024-11-12,COD,0.014553511520216158
2024-11-13,COD,0.018188494841517872
2024-11-14,COD,0.023402870058605967
2024-11-15,COD,0.027694636829237822
2024-11-16,COD,0.0213908917420694
2024-11-17,COD,0.017753224801462623
2024-11-18,COD,0.039668485442638055
2024-11-19,COD,0.016010646130719085
2024-11-20,COD,0.016304051851695353
2024-11-21,COD,0.013913864198925093
2024-11-22,COD,0.012691980605149044
2024-11-23,COD,0.0128410884251755
2024-11-24,COD,0.014144329603464989
2024-11-25,COD,0.014689742362279908
2024-11-26,COD,0.012028597648810493
2024-11-27,COD,0.012150230805976086
2024-11-28,COD,0.01378604230123664
2024-11-29,COD,0.012682727936139294
2024-11-30,COD,0.013504779901037678
2024-12-01,COD,0.012919959150804893
2024-12-02,COD,0.012869589650662032
2024-12-03,COD,0.012950345421257333
2024-12-04,COD,0.017261452563314652
2024-12-05,COD,0.013698506564164626
2024-12-06,COD,0.01923544776198354
2024-12-07,COD,0.01941726096936455
2024-12-08,COD,0.014169540225743396
2024-12-09,COD,0.013558116916605613
2024-12-10,COD,0.011654585352140565
2024-12-11,COD,0.012410444873149677
2024-12-12,COD,0.012004422113354875
2024-12-13,COD,0.013583802309848132
2024-12-14,COD,0.013093103843276912
2024-12-15,COD,0.01678163678328199
2024-12-16,COD,0.014963619415275924
2024-12-17,COD,0.015313663026724711
2024-12-18,COD,0.0134731072400787
2024-12-19,COD,0.012188063059097988
2024-12-20,COD,0.01207552661765823
2024-12-21,COD,0.012813019261923908
2024-12-22,COD,0.012269639397202544
2024-12-23,COD,0.013150587245702753
2024-12-24,COD,0.011976367170160158
2024-12-25,COD,0.06410816996802463
2024-12-26,COD,0.044007901324552914
2024-12-27,COD,0.014685639188876456
2024-12-28,COD,0.01257940150916449
2024-12-29,COD,0.01359332761004262
2024-12-30,COD,0.012026826557656661
2024-12-31,COD,0.03368903302947757
2025-01-01,COD,0.012017407937556764
2025-01-02,COD,0.012406964752634227
2025-01-03,COD,0.011281348093916716
2025-01-04,COD,0.011222285567300353
2025-01-05,COD,0.01138322834906141
2025-01-06,COD,0.011267328376477198
2025-01-07,COD,0.011391715280350092
2025-01-08,COD,0.012838018074801616
2025-01-09,COD,0.03201543125907994
2025-01-10,COD,0.016817791297452003
2025-01-11,COD,0.0201206532198533
2025-01-12,COD,0.06610687662060867
2025-01-13,COD,0.029998186651797685
2025-01-14,COD,0.03501645518351586
2025-01-15,COD,0.12904247931094667
2025-01-16,COD,0.018613307142621233
2025-01-17,COD,0.039606728178701645
2025-01-18,COD,0.024154897556428672
2025-01-19,COD,0.039359384528229215
2025-01-20,COD,0.02662773355602233
2025-01-21,COD,0.07272484235399004
2025-01-22,COD,0.011341195029545415
2025-01-23,COD,0.013877855993597792
2025-01-24,COD,0.013347019191321289
2025-01-25,COD,0.014264238895509547
2025-01-26,COD,0.01379000896432068
2025-01-27,COD,0.01407285480286606
2025-01-28,COD,0.015449237496229427
2025-01-29,COD,0.04516654551876425
2025-01-30,COD,0.017578238182371135
2025-01-31,COD,0.015731129803938287
2025-02-01,COD,0.011188161826666475
2025-02-02,COD,0.012827777413819361
2025-02-03,COD,0.013148060911866018
2025-02-04,COD,0.01317765550559374
2025-02-05,COD,0.013385950377766543
2025-02-06,COD,0.013354690904357992
2025-02-07,COD,0.014123527176819799
2025-02-08,COD,0.012170616257357799
2025-02-09,COD,0.01296377490330161
2025-02-10,COD,0.015067680298858363
2025-02-11,COD,0.014179503943932524
2025-02-12,COD,0.09218612296594282
2025-02-13,COD,0.12511336997969316
2025-02-14,COD,0.03722046354577276
2025-02-15,COD,0.021672755879236283
2025-02-16,COD,0.02173376619604874
2025-02-17,COD,0.011391320750049167
2025-02-18,COD,0.011441725522132759
2025-02-19,COD,0.011273007152720718
2025-02-20,COD,0.011394630216844233
2025-02-21,COD,0.01386904923970957
2025-02-22,COD,0.013885628915727293
2025-02-23,COD,0.011648009737033324
2025-02-24,COD,0.011808771532892951
2025-02-25,COD,0.013052643460093624
2025-02-26,COD,0.014184340731411355
2025-02-27,COD,0.014570250631714556
2025-02-28,COD,0.015690398385001744
2025-03-01,COD,0.014056185017803407
2025-03-02,COD,0.012963207870479769
2025-03-03,COD,0.02614955171334063
2025-03-04,COD,0.013532254751801358
2025-03-05,COD,0.01780563179229383
2025-03-06,COD,0.015308472513974731
2025-03-07,COD,0.013987643550731628
2025-03-08,COD,0.013619310091529543
2025-03-09,COD,0.014103995409026604
2025-03-10,COD,0.014188153411006302
2025-03-11,COD,0.018358591262993555
2025-03-12,COD,0.011557617623140809
2025-03-13,COD,0.014429123283200748
2025-03-14,COD,0.011479106928205668
2025-03-15,COD,0.01128646907786972
2025-03-16,COD,0.01150793453208223
2025-03-17,COD,0.011373530191376036
2025-03-18,COD,0.011210352779565108
2025-03-19,COD,0.01799916574386306
2025-03-20,COD,0.01320772186752475
2025-03-21,COD,0.015545925504100982
2025-03-22,COD,0.01596846366602266
2025-03-23,COD,0.01549313138913876
2025-03-24,COD,0.016508747983956244
2025-03-25,COD,0.011430995043761246
2025-03-26,COD,0.011984721136360192
2025-03-27,COD,0.01156028926116673
2025-03-28,COD,0.011531706814140341
2024-07-01,CAF,0.014288404612030962
2024-07-02,CAF,0.09337540960946761
2024-07-03,CAF,0.01704208724281941
2024-07-04,CAF,0.038640774615116204
2024-07-05,CAF,0.0988613761892471
2024-07-06,CAF,0.08269491830347864
2024-07-07,CAF,0.02308739451381867
2024-07-08,CAF,0.01790465118176843
2024-07-09,CAF,0.014496091318317533
2024-07-10,CAF,0.01441177800184704
2024-07-11,CAF,0.012837684125673004
2024-07-12,CAF,0.015406613571273339
2024-07-13,CAF,0.013578648774330185
2024-07-14,CAF,0.014431088880213171
2024-07-15,CAF,0.016052602761902315
2024-07-16,CAF,0.02782981744857672
2024-07-17,CAF,0.12471779587355279
2024-07-18,CAF,0.07267217532279117
2024-07-19,CAF,0.021782560817051263
2024-07-20,CAF,0.02553904105948011
2024-07-21,CAF,0.02068508597150903
2024-07-22,CAF,0.02681858998913428
2024-07-23,CAF,0.03643719743204757
2024-07-24,CAF,0.020846963052096813
2024-07-25,CAF,0.030322321376324703
2024-07-26,CAF,0.01940071351512442
2024-07-27,CAF,0.020148237393599503
2024-07-28,CAF,0.015500012075060658
2024-07-29,CAF,0.01967321389401011
2024-07-30,CAF,0.01996411575128771
2024-07-31,CAF,0.2523413921932908
2024-08-01,CAF,0.04728866721079652
2024-08-02,CAF,0.10694893521922302
2024-08-03,CAF,0.11796912244531205
2024-08-04,CAF,0.024733795842704482
2024-08-05,CAF,0.02587113050661122
2024-08-06,CAF,0.023051901550941476
2024-08-07,CAF,0.020990340582651444
2024-08-08,CAF,0.07757845727400414
2024-08-09,CAF,0.02299511797800751
2024-08-10,CAF,0.01468865162717398
2024-08-11,CAF,0.015522745631532171
2024-08-12,CAF,0.029166765222613984
2024-08-13,CAF,0.14369825259186328
2024-08-14,CAF,0.02657440863201197
2024-08-15,CAF,0.01418870088787686
2024-08-16,CAF,0.17338851691352122
2024-08-17,CAF,0.012391661617398887
2024-08-18,CAF,0.013770797000483944
2024-08-19,CAF,0.1174561691259829
2024-08-20,CAF,0.014458181285049575
2024-08-21,CAF,0.015428677806656325
2024-08-22,CAF,0.013274487946227482
2024-08-23,CAF,0.01446918829074748
2024-08-24,CAF,0.013137242797509706
2024-08-25,CAF,0.01591792265557617
2024-08-26,CAF,0.013096747527007775
2024-08-27,CAF,0.014096568531156943
2024-08-28,CAF,0.013869877936557445
2024-08-29,CAF,0.09218103852710718
2024-08-30,CAF,0.021904147966567845
2024-08-31,CAF,0.015858124446798197
2024-09-01,CAF,0.020416970849575465
2024-09-02,CAF,0.01643919899425843
2024-09-03,CAF,0.026225519896487626
2024-09-04,CAF,0.04025105956467048
2024-09-05,CAF,0.01380447932923967
2024-09-06,CAF,0.01360549436617469
2024-09-07,CAF,0.015627821461809452
2024-09-08,CAF,0.016763041753646568
2024-09-09,CAF,0.01713449706178586
2024-09-10,CAF,0.015252131191400767
2024-09-11,CAF,0.013906946004133003
2024-09-12,CAF,0.021230300018319007
2024-09-13,CAF,0.022794662062590548
2024-09-14,CAF,0.01944782119516368
2024-09-15,CAF,0.04408329573399265
2024-09-16,CAF,0.030467537902867173
2024-09-17,CAF,0.025005758912321256
2024-09-18,CAF,0.026380643840312263
2024-09-19,CAF,0.02314708625616475
2024-09-20,CAF,0.021541705214282638
2024-09-21,CAF,0.0657051583162388
2024-09-22,CAF,0.04531267428386326
2024-09-23,CAF,0.07680468971538842
2024-09-24,CAF,0.03384137123198166
2024-09-25,CAF,0.023731623201778754
2024-09-26,CAF,0.12109498188136972
2024-09-27,CAF,0.04883025928336171
2024-09-28,CAF,0.018495959729859787
2024-09-29,CAF,0.019949218696572808
2024-09-30,CAF,0.015754619778859388
2024-10-01,CAF,0.014776419313596453
2024-10-02,CAF,0.014234285751660325
2024-10-03,CAF,0.017801268347852034
2024-10-04,CAF,0.013884355266905794
2024-10-05,CAF,0.016935369938785808
2024-10-06,CAF,0.28661390706998074
2024-10-07,CAF,0.1344969137222411
2024-10-08,CAF,0.02285645565380958
2024-10-09,CAF,0.025917473822306
2024-10-10,CAF,0.017208766959088302
2024-10-11,CAF,0.017222476893165455
2024-10-12,CAF,0.017706923335234038
2024-10-13,CAF,0.012817457378606902
2024-10-14,CAF,0.017294285684306392
2024-10-15,CAF,0.012794076267503009
2024-10-16,CAF,0.014824576720544137
2024-10-17,CAF,0.013880377860679924
2024-10-18,CAF,0.01213223504560354
2024-10-19,CAF,0.012375077247708192
2024-10-20,CAF,0.012943581821419305
2024-10-21,CAF,0.01531632167462666
2024-10-22,CAF,0.011789091510437716
2024-10-23,CAF,0.015156818698481891
2024-10-24,CAF,0.01911009328531143
2024-10-25,CAF,0.02544874111311639
2024-10-26,CAF,0.015136799114877747
2024-10-27,CAF,0.015111964029447398
2024-10-28,CAF,0.029662988446688892
2024-10-29,CAF,0.038205887537504084
2024-10-30,CAF,0.018305004272074106
2024-10-31,CAF,0.0609796913594145
2024-11-01,CAF,0.0321291316580167
2024-11-02,CAF,0.02405824466947159
2024-11-03,CAF,0.02246888729641604
2024-11-04,CAF,0.02248102897627925
2024-11-05,CAF,0.02835177350049166
2024-11-06,CAF,0.10188978998058165
2024-11-07,CAF,0.05024458517331658
2024-11-08,CAF,0.019367585899547037
2024-11-09,CAF,0.08876214348840385
2024-11-10,CAF,0.11194725872004689
2024-11-11,CAF,0.07464104469135743
2024-11-12,CAF,0.059313015147928756
2024-11-13,CAF,0.012039710140280348
2024-11-14,CAF,0.022903399590209355
2024-11-15,CAF,0.013620413152178422
2024-11-16,CAF,0.014847085450678796
2024-11-17,CAF,0.017134264083674806
2024-11-18,CAF,0.027603602482937528
2024-11-19,CAF,0.017928820000478574
2024-11-20,CAF,0.023210122341834654
2024-11-21,CAF,0.026736836923094733
2024-11-22,CAF,0.023545609605605804
2024-11-23,CAF,0.013701462176528454
2024-11-24,CAF,0.017844834149999596
2024-11-25,CAF,0.08194321478388222
2024-11-26,CAF,0.06393353327312548
2024-11-27,CAF,0.0257614744647201
2024-11-28,CAF,0.017990474990454523
2024-11-29,CAF,0.05322701866888249
2024-11-30,CAF,0.02429467568595685
2024-12-01,CAF,0.022911750462475428
2024-12-02,CAF,0.012725387435759154
2024-12-03,CAF,0.013043261333246287
2024-12-04,CAF,0.01327785274362939
2024-12-05,CAF,0.013573739699285593
2024-12-06,CAF,0.014873482489071587
2024-12-07,CAF,0.014225284558984605
2024-12-08,CAF,0.015597358514464052
2024-12-09,CAF,0.19015195560883547
2024-12-10,CAF,0.21201968058399975
2024-12-11,CAF,0.03597962218558998
2024-12-12,CAF,0.0268708959256735
2024-12-13,CAF,0.016991997278869003
2024-12-14,CAF,0.014279908630878562
2024-12-15,CAF,0.013511914666703016
2024-12-16,CAF,0.014517973616286237
2024-12-17,CAF,0.01370057249693837
2024-12-18,CAF,0.013953227352236305
2024-12-19,CAF,0.01760654651394877
2024-12-20,CAF,0.012043362713162057
2024-12-21,CAF,0.013071075076859142
2024-12-22,CAF,0.03699355248541666
2024-12-23,CAF,0.12093875981706571
2024-12-24,CAF,0.0984328765708851
2024-12-25,CAF,0.1292819049454125
2024-12-26,CAF,0.08165482833495577
2024-12-27,CAF,0.0749137724080755
2024-12-28,CAF,0.06398579312990664
2024-12-29,CAF,0.04538298470760682
2024-12-30,CAF,0.015964666183364333
2024-12-31,CAF,0.017810229229654053
2025-01-01,CAF,0.013738965483001641
2025-01-02,CAF,0.013319464680418638
2025-01-03,CAF,0.0125587962810503
2025-01-04,CAF,0.013270487328522677
2025-01-05,CAF,0.01456312452481688
2025-01-06,CAF,0.017122940757492173
2025-01-07,CAF,0.01444710025513109
2025-01-08,CAF,0.15267791690776916
2025-01-09,CAF,0.02735881560488995
2025-01-10,CAF,0.07607776201944247
2025-01-11,CAF,0.10816821094762019
2025-01-12,CAF,0.11188378144138414
2025-01-13,CAF,0.04188758078975867
2025-01-14,CAF,0.021767659771789568
2025-01-15,CAF,0.08315915900070144
2025-01-16,CAF,0.12205874765043724
2025-01-17,CAF,0.11076427024331967
2025-01-18,CAF,0.09111721474484748
2025-01-19,CAF,0.018573631239912153
2025-01-20,CAF,0.01968274900355069
2025-01-21,CAF,0.2026769424180345
2025-01-22,CAF,0.09601037512644606
2025-01-23,CAF,0.04254059100314385
2025-01-24,CAF,0.029296086585443908
2025-01-25,CAF,0.020279478917521923
2025-01-26,CAF,0.01496996083527142
2025-01-27,CAF,0.020501464639159795
2025-01-28,CAF,0.07584249597007546
2025-01-29,CAF,0.041010633032085624
2025-01-30,CAF,0.043402750441590005
2025-01-31,CAF,0.016781751536432535
2025-02-01,CAF,0.014159449543748006
2025-02-02,CAF,0.012959155289405708
2025-02-03,CAF,0.13021401030254656
2025-02-04,CAF,0.07604374586328409
2025-02-05,CAF,0.06211118325630288
2025-02-06,CAF,0.014823267161199293
2025-02-07,CAF,0.02289162750587983
2025-02-08,CAF,0.015186889625333457
2025-02-09,CAF,0.018680634339551045
2025-02-10,CAF,0.012577268327448697
2025-02-11,CAF,0.013527297400236197
2025-02-12,CAF,0.01578638031546952
2025-02-13,CAF,0.013166408321106625
2025-02-14,CAF,0.02645151269887037
2025-02-15,CAF,0.15577731833487363
2025-02-16,CAF,0.205877365285531
2025-02-17,CAF,0.01979867235963816
2025-02-18,CAF,0.1494620462496722
2025-02-19,CAF,0.24847416839374734
2025-02-20,CAF,0.2554388705915499
2025-02-21,CAF,0.025094949771125318
2025-02-22,CAF,0.011387646363092864
2025-02-23,CAF,0.011050397825466763
2025-02-24,CAF,0.012315553554730511
2025-02-25,CAF,0.013075796335708148
2025-02-26,CAF,0.015190845331359773
2025-02-27,CAF,0.012012617981307032
2025-02-28,CAF,0.012268390940460004
2025-03-01,CAF,0.011178527893082102
2025-03-02,CAF,0.011685721284072251
2025-03-03,CAF,0.014842298551443896
2025-03-04,CAF,0.011428531712261202
2025-03-05,CAF,0.016636746568287796
2025-03-06,CAF,0.011752295725920492
2025-03-07,CAF,0.012430402155875549
2025-03-08,CAF,0.011870318289476982
2025-03-09,CAF,0.012305621089966466
2025-03-10,CAF,0.011883764275452367
2025-03-11,CAF,0.012959400614779251
2025-03-12,CAF,0.026986448397485097
2025-03-13,CAF,0.015296699231938502
2025-03-14,CAF,0.013181041822730525
2025-03-15,CAF,0.03769072883994364
2025-03-16,CAF,0.017218644179675818
2025-03-17,CAF,0.020788813440489683
2025-03-18,CAF,0.016563241641945326
2025-03-19,CAF,0.014778048901040546
2025-03-20,CAF,0.014015215393896732
2025-03-21,CAF,0.013365045573308336
2025-03-22,CAF,0.012410482316093773
2025-03-23,CAF,0.013254273288027385
2025-03-24,CAF,0.013645308136796389
2025-03-25,CAF,0.01265151622802322
2025-03-26,CAF,0.015097427211487454
2025-03-27,CAF,0.015468256067550321
2025-03-28,CAF,0.01619549040669977
2024-07-01,SDN,0.02096181795086136
2024-07-02,SDN,0.018721762560028287
2024-07-03,SDN,0.014925376392987183
2024-07-04,SDN,0.015753746818804034
2024-07-05,SDN,0.024227418517524357
2024-07-06,SDN,0.017033735283901053
2024-07-07,SDN,0.01969441776658487
2024-07-08,SDN,0.02882734761196732
2024-07-09,SDN,0.03644481195125893
2024-07-10,SDN,0.038363995044487065
2024-07-11,SDN,0.07289390933126078
2024-07-12,SDN,0.04170383472563772
2024-07-13,SDN,0.05464916788721876
2024-07-14,SDN,0.0992382468042093
2024-07-15,SDN,0.0859311797589903
2024-07-16,SDN,0.060605840641413465
2024-07-17,SDN,0.07373695455023475
2024-07-18,SDN,0.11316466351894756
2024-07-19,SDN,0.12012499695959905
2024-07-20,SDN,0.16346522139866784
2024-07-21,SDN,0.03671198988921343
2024-07-22,SDN,0.03904339104371069
2024-07-23,SDN,0.034580307836629506
2024-07-24,SDN,0.03799897279179061
2024-07-25,SDN,0.044770434620740665
2024-07-26,SDN,0.08292362090953642
2024-07-27,SDN,0.04884570041405078
2024-07-28,SDN,0.14121008780993097
2024-07-29,SDN,0.12127654680455346
2024-07-30,SDN,0.08451333597553759
2024-07-31,SDN,0.1474736997796747
2024-08-01,SDN,0.16396268303554687
2024-08-02,SDN,0.05558714381013622
2024-08-03,SDN,0.04242615626330125
2024-08-04,SDN,0.0331265315957308
2024-08-05,SDN,0.033857032086576505
2024-08-06,SDN,0.04394537487258208
2024-08-07,SDN,0.03933642140128278
2024-08-08,SDN,0.030514746785357576
2024-08-09,SDN,0.08521097819429245
2024-08-10,SDN,0.15982410748865086
2024-08-11,SDN,0.19083656519230444
2024-08-12,SDN,0.152694224714632
2024-08-13,SDN,0.18306424552655925
2024-08-14,SDN,0.07632139608740258
2024-08-15,SDN,0.17769262041341258
2024-08-16,SDN,0.13323114023763644
2024-08-17,SDN,0.024053873934040636
2024-08-18,SDN,0.022851822728183938
2024-08-19,SDN,0.022851822728183938
2024-08-20,SDN,0.03321301711462113
2024-08-21,SDN,0.058762720374640205
2024-08-22,SDN,0.031216276522754695
2024-08-23,SDN,0.023997581396556715
2024-08-24,SDN,0.03511222743654637
2024-08-25,SDN,0.11585687250243229
2024-08-26,SDN,0.15682443116259265
2024-08-27,SDN,0.21545503189064483
2024-08-28,SDN,0.14458891243310368
2024-08-29,SDN,0.18309309378377198
2024-08-30,SDN,0.21771382419332144
2024-08-31,SDN,0.24784978163504495
2024-09-01,SDN,0.1468459417429329
2024-09-02,SDN,0.1468459417429329
2024-09-03,SDN,0.26095052025195575
2024-09-04,SDN,0.16138673292052666
2024-09-05,SDN,0.1894418239901683
2024-09-06,SDN,0.1725826426218508
2024-09-07,SDN,0.1947308286817581
2024-09-08,SDN,0.16702717774575945
2024-09-09,SDN,0.2365613328639046
2024-09-10,SDN,0.1132323176765574
2024-09-11,SDN,0.17885814080039222
2024-09-12,SDN,0.23954202864623245
2024-09-13,SDN,0.11226462348763379
2024-09-14,SDN,0.062111740393635526
2024-09-15,SDN,0.046002701747046466
2024-09-16,SDN,0.08402489761054163
2024-09-17,SDN,0.04384609369693765
2024-09-18,SDN,0.17600689880859888
2024-09-19,SDN,0.03953982992817819
2024-09-20,SDN,0.053923847881298836
2024-09-21,SDN,0.0586981771380749
2024-09-22,SDN,0.03236725121022852
2024-09-23,SDN,0.038141718501769103
2024-09-24,SDN,0.058715953958561426
2024-09-25,SDN,0.04687350349117358
2024-09-26,SDN,0.051274248863234576
2024-09-27,SDN,0.023980460061499873
2024-09-28,SDN,0.02578963356468036
2024-09-29,SDN,0.05119721640503276
2024-09-30,SDN,0.05119721640503276
2024-10-01,SDN,0.045185559995786384
2024-10-02,SDN,0.03828508525516935
2024-10-03,SDN,0.02048810000006839
2024-10-04,SDN,0.035357798320488285
2024-10-05,SDN,0.10990465961215157
2024-10-06,SDN,0.022129998708023572
2024-10-07,SDN,0.03915755138850668
2024-10-08,SDN,0.022228853314437778
2024-10-09,SDN,0.020257790998256555
2024-10-10,SDN,0.02014157357411447
2024-10-11,SDN,0.02548765048319864
2024-10-12,SDN,0.037809118376044115
2024-10-13,SDN,0.02403719266550635
2024-10-14,SDN,0.02704791363598606
2024-10-15,SDN,0.045996745446486464
2024-10-16,SDN,0.021369921135582847
2024-10-17,SDN,0.032404698100567536
2024-10-18,SDN,0.023615199597636503
2024-10-19,SDN,0.07063843652160091
2024-10-20,SDN,0.1928454954528163
2024-10-21,SDN,0.19739007936788802
2024-10-22,SDN,0.12574541034750783
2024-10-23,SDN,0.09681043055174719
2024-10-24,SDN,0.054296260220471904
2024-10-25,SDN,0.14763543787334377
2024-10-26,SDN,0.04159996799478546
2024-10-27,SDN,0.029357909665884606
2024-10-28,SDN,0.014742558444266822
2024-10-29,SDN,0.014167706305266606
2024-10-30,SDN,0.013793401270536772
2024-10-31,SDN,0.01247406200002896
2024-11-01,SDN,0.014153769041813513
2024-11-02,SDN,0.01461626944100172
2024-11-03,SDN,0.014680178642128857
2024-11-04,SDN,0.015067810259220105
2024-11-05,SDN,0.016944237265074664
2024-11-06,SDN,0.019952656128438256
2024-11-07,SDN,0.016750772479015366
2024-11-08,SDN,0.025178797521219407
2024-11-09,SDN,0.0379213578323329
2024-11-10,SDN,0.027222019164324766
2024-11-11,SDN,0.03590393818172512
2024-11-12,SDN,0.03104749216555092
2024-11-13,SDN,0.029688633827516638
2024-11-14,SDN,0.1422722995982554
2024-11-15,SDN,0.20298961564662654
2024-11-16,SDN,0.06597802519997298
2024-11-17,SDN,0.06815973289707151
2024-11-18,SDN,0.019584307057860937
2024-11-19,SDN,0.04244952184128856
2024-11-20,SDN,0.03138019276541744
2024-11-21,SDN,0.021232965739441254
2024-11-22,SDN,0.03587616424210233
2024-11-23,SDN,0.0199044825644963
2024-11-24,SDN,0.021489016782429395
2024-11-25,SDN,0.021489016782429395
2024-11-26,SDN,0.0462364664584067
2024-11-27,SDN,0.03204467421353663
2024-11-28,SDN,0.11406220799320965
2024-11-29,SDN,0.04349235530498998
2024-11-30,SDN,0.027603038000148225
2024-12-01,SDN,0.0952471100770627
2024-12-02,SDN,0.0952471100770627
2024-12-03,SDN,0.11659050079280037
2024-12-04,SDN,0.09098774873861996
2024-12-05,SDN,0.1147597411962709
2024-12-06,SDN,0.1126633745306367
2024-12-07,SDN,0.16358765625977123
2024-12-08,SDN,0.18485648629453202
2024-12-09,SDN,0.16481452909935526
2024-12-10,SDN,0.2909258116264977
2024-12-11,SDN,0.20981241166411146
2024-12-12,SDN,0.028219680719137875
2024-12-13,SDN,0.038920381258349186
2024-12-14,SDN,0.016623365119165835
2024-12-15,SDN,0.01331965389610161
2024-12-16,SDN,0.015154048829786194
2024-12-17,SDN,0.019611435186329535
2024-12-18,SDN,0.01834182017694495
2024-12-19,SDN,0.017296032425070215
2024-12-20,SDN,0.015517385128362766
2024-12-21,SDN,0.06865440462823133
2024-12-22,SDN,0.0728757017285217
2024-12-23,SDN,0.034667917159654255
2024-12-24,SDN,0.031404646661214314
2024-12-25,SDN,0.041032271747439834
2024-12-26,SDN,0.16026598157276567
2024-12-27,SDN,0.052380519821923224
2024-12-28,SDN,0.1566957994820827
2024-12-29,SDN,0.050027006558996605
2024-12-30,SDN,0.04852382676818748
2024-12-31,SDN,0.06485964406908613
2025-01-01,SDN,0.03626720787387138
2025-01-02,SDN,0.04233170020263003
2025-01-03,SDN,0.0377019071820834
2025-01-04,SDN,0.03278116771395049
2025-01-05,SDN,0.08090173044334868
2025-01-06,SDN,0.0710327876045882
2025-01-07,SDN,0.1034544379563023
2025-01-08,SDN,0.2292328720136909
2025-01-09,SDN,0.1499520917146282
2025-01-10,SDN,0.1973184455874481
2025-01-11,SDN,0.09268211293461678
2025-01-12,SDN,0.07744876192504277
2025-01-13,SDN,0.07744876192504277
2025-01-14,SDN,0.029352578049973658
2025-01-15,SDN,0.07210519588390296
2025-01-16,SDN,0.09366411547988915
2025-01-17,SDN,0.030614769757325255
2025-01-18,SDN,0.03776121230588724
2025-01-19,SDN,0.020542216692039202
2025-01-20,SDN,0.018521660452046042
2025-01-21,SDN,0.015125321761968399
2025-01-22,SDN,0.016301526944070045
2025-01-23,SDN,0.02816906129528011
2025-01-24,SDN,0.03397700383893929
2025-01-25,SDN,0.015838290808670198
2025-01-26,SDN,0.015961922330344637
2025-01-27,SDN,0.015144434059543355
2025-01-28,SDN,0.02255946512458413
2025-01-29,SDN,0.023844584091707602
2025-01-30,SDN,0.021271122928133577
2025-01-31,SDN,0.016461049246896568
2025-02-01,SDN,0.02239918040903172
2025-02-02,SDN,0.02272086160832679
2025-02-03,SDN,0.02382884320815741
2025-02-04,SDN,0.0174596286489517
2025-02-05,SDN,0.01906274006419635
2025-02-06,SDN,0.018277237659336375
2025-02-07,SDN,0.053497814786826525
2025-02-08,SDN,0.02092349769418454
2025-02-09,SDN,0.016574534127925717
2025-02-10,SDN,0.021525019780525605
2025-02-11,SDN,0.02050256676814689
2025-02-12,SDN,0.031053929750736006
2025-02-13,SDN,0.026696315290584718
2025-02-14,SDN,0.022024441401749025
2025-02-15,SDN,0.12740496679413796
2025-02-16,SDN,0.10696324436798776
2025-02-17,SDN,0.25325715172968016
2025-02-18,SDN,0.1377144823132714
2025-02-19,SDN,0.15434821613333655
2025-02-20,SDN,0.10485814813616195
2025-02-21,SDN,0.16707536647854254
2025-02-22,SDN,0.029383591854007244
2025-02-23,SDN,0.029576266768582812
2025-02-24,SDN,0.025144327546458897
2025-02-25,SDN,0.024158002171629007
2025-02-26,SDN,0.0606183157837897
2025-02-27,SDN,0.05518282457727709
2025-02-28,SDN,0.028358903039248214
2025-03-01,SDN,0.10860032549429571
2025-03-02,SDN,0.03024172730031571
2025-03-03,SDN,0.13135583038602516
2025-03-04,SDN,0.22746025295688002
2025-03-05,SDN,0.15602722842970868
2025-03-06,SDN,0.1865881260046085
2025-03-07,SDN,0.145425821013624
2025-03-08,SDN,0.08226612099435975
2025-03-09,SDN,0.05572039252130416
2025-03-10,SDN,0.041646427791463
2025-03-11,SDN,0.1475604652073561
2025-03-12,SDN,0.1126543078277294
2025-03-13,SDN,0.07873389453097998
2025-03-14,SDN,0.08853921476558901
2025-03-15,SDN,0.020121706056015397
2025-03-16,SDN,0.026479538818360817
2025-03-17,SDN,0.022039493195873415
2025-03-18,SDN,0.024143911447512035
2025-03-19,SDN,0.024758892561273508
2025-03-20,SDN,0.037497669942186486
2025-03-21,SDN,0.04855872124799701
2025-03-22,SDN,0.22136323224458893
2025-03-23,SDN,0.05642245347381894
2025-03-24,SDN,0.049708370589950625
2025-03-25,SDN,0.016319557184783576
2025-03-26,SDN,0.03436205176008826
2025-03-27,SDN,0.015273294609489051
2025-03-28,SDN,0.021694739430457168
2024-07-01,SSD,0.01222355908860275
2024-07-02,SSD,0.01248429397450875
2024-07-03,SSD,0.014493407149108076
2024-07-04,SSD,0.011873394034331151
2024-07-05,SSD,0.013603117029479072
2024-07-06,SSD,0.013086745140871141
2024-07-07,SSD,0.014448535010722158
2024-07-08,SSD,0.022526799088743835
2024-07-09,SSD,0.0153692932208569
2024-07-10,SSD,0.04109760135218342
2024-07-11,SSD,0.08554491625361609
2024-07-12,SSD,0.08691834067224834
2024-07-13,SSD,0.01684128988363337
2024-07-14,SSD,0.022978006572301285
2024-07-15,SSD,0.18202573278723833
2024-07-16,SSD,0.14410100770979734
2024-07-17,SSD,0.029385660780190663
2024-07-18,SSD,0.17790601897793093
2024-07-19,SSD,0.05960796131560167
2024-07-20,SSD,0.11791400338394277
2024-07-21,SSD,0.022592909076195714
2024-07-22,SSD,0.011999996719694496
2024-07-23,SSD,0.013576566621736797
2024-07-24,SSD,0.012348307966454404
2024-07-25,SSD,0.01463224231196438
2024-07-26,SSD,0.0115325913072501
2024-07-27,SSD,0.018457112011966585
2024-07-28,SSD,0.011921092457540455
2024-07-29,SSD,0.014237791834805282
2024-07-30,SSD,0.01350271245395681
2024-07-31,SSD,0.015091718674328115
2024-08-01,SSD,0.016772319963482534
2024-08-02,SSD,0.013429104866116377
2024-08-03,SSD,0.029967980352331496
2024-08-04,SSD,0.04512414862652866
2024-08-05,SSD,0.03995203449293297
2024-08-06,SSD,0.06308869086657118
2024-08-07,SSD,0.0387967677485305
2024-08-08,SSD,0.01933270945081499
2024-08-09,SSD,0.028404268495710983
2024-08-10,SSD,0.04695462616027047
2024-08-11,SSD,0.09730894329353908
2024-08-12,SSD,0.21366876248057334
2024-08-13,SSD,0.014136981307951655
2024-08-14,SSD,0.020161294652255888
2024-08-15,SSD,0.018688217306784834
2024-08-16,SSD,0.05335476474058402
2024-08-17,SSD,0.03190214691007797
2024-08-18,SSD,0.013400712330198405
2024-08-19,SSD,0.029999583516001994
2024-08-20,SSD,0.012339925921069408
2024-08-21,SSD,0.012863609722223744
2024-08-22,SSD,0.01473783055649228
2024-08-23,SSD,0.012026215684477023
2024-08-24,SSD,0.011279317272251397
2024-08-25,SSD,0.014954874126079837
2024-08-26,SSD,0.011377539668371798
2024-08-27,SSD,0.011475236374335148
2024-08-28,SSD,0.01158950827366778
2024-08-29,SSD,0.014263956337332231
2024-08-30,SSD,0.020117657903685842
2024-08-31,SSD,0.018175458718745555
2024-09-01,SSD,0.01659283129708348
2024-09-02,SSD,0.0720533431033739
2024-09-03,SSD,0.017893269718849514
2024-09-04,SSD,0.014656464000764742
2024-09-05,SSD,0.020123955686899016
2024-09-06,SSD,0.026301995505389045
2024-09-07,SSD,0.03564473912068827
2024-09-08,SSD,0.13230243533377545
2024-09-09,SSD,0.043630172747354604
2024-09-10,SSD,0.025645073030992692
2024-09-11,SSD,0.025357074387878365
2024-09-12,SSD,0.028976012582291894
2024-09-13,SSD,0.027381705178833902
2024-09-14,SSD,0.05386217572258068
2024-09-15,SSD,0.019185280986511163
2024-09-16,SSD,0.03014083170663139
2024-09-17,SSD,0.023658692847025337
2024-09-18,SSD,0.16904051071829393
2024-09-19,SSD,0.038784180916265044
2024-09-20,SSD,0.033170490984180935
2024-09-21,SSD,0.03327953663146074
2024-09-22,SSD,0.02855849949822888
2024-09-23,SSD,0.024572446133610953
2024-09-24,SSD,0.023221697893716746
2024-09-25,SSD,0.03233395782606748
2024-09-26,SSD,0.01562791647711954
2024-09-27,SSD,0.031203003652216014
2024-09-28,SSD,0.03153230536856067
2024-09-29,SSD,0.037020555538066414
2024-09-30,SSD,0.03501951706563166
2024-10-01,SSD,0.02914638577625212
2024-10-02,SSD,0.02289407549952561
2024-10-03,SSD,0.1971230222674561
2024-10-04,SSD,0.016215468077137266
2024-10-05,SSD,0.015795041916693498
2024-10-06,SSD,0.01537396512719567
2024-10-07,SSD,0.014911728342634607
2024-10-08,SSD,0.014678295070510461
2024-10-09,SSD,0.018916518885941903
2024-10-10,SSD,0.013671896724320709
2024-10-11,SSD,0.014585539280517788
2024-10-12,SSD,0.02638953929251911
2024-10-13,SSD,0.01203352688223451
2024-10-14,SSD,0.012909789882065354
2024-10-15,SSD,0.014743187743304798
2024-10-16,SSD,0.028138896670600957
2024-10-17,SSD,0.013775037886710757
2024-10-18,SSD,0.01184012073389409
2024-10-19,SSD,0.011981291346123569
2024-10-20,SSD,0.01251641760139912
2024-10-21,SSD,0.01251419211124965
2024-10-22,SSD,0.014432185960792916
2024-10-23,SSD,0.025318252503975916
2024-10-24,SSD,0.016322420447843
2024-10-25,SSD,0.01937682461805122
2024-10-26,SSD,0.02702849166144945
2024-10-27,SSD,0.020112956409248435
2024-10-28,SSD,0.02004611946350133
2024-10-29,SSD,0.017597196652719003
2024-10-30,SSD,0.021281524060695816
2024-10-31,SSD,0.021200712885250442
2024-11-01,SSD,0.07400452198500279
2024-11-02,SSD,0.01734252175325232
2024-11-03,SSD,0.03108097006805665
2024-11-04,SSD,0.019232261395293812
2024-11-05,SSD,0.018263852371430963
2024-11-06,SSD,0.1021826730004966
2024-11-07,SSD,0.012524317846326825
2024-11-08,SSD,0.04001821923765716
2024-11-09,SSD,0.013783066466212001
2024-11-10,SSD,0.05055805352550113
2024-11-11,SSD,0.014907726177816721
2024-11-12,SSD,0.015734895632652773
2024-11-13,SSD,0.01143626393637205
2024-11-14,SSD,0.011958504358553713
2024-11-15,SSD,0.016252206313038295
2024-11-16,SSD,0.013011352798823279
2024-11-17,SSD,0.012495200756906924
2024-11-18,SSD,0.012386468870136827
2024-11-19,SSD,0.01431618973963032
2024-11-20,SSD,0.01996464336050135
2024-11-21,SSD,0.020639449618640997
2024-11-22,SSD,0.025538153869506867
2024-11-23,SSD,0.024197606035292703
2024-11-24,SSD,0.01810746090749038
2024-11-25,SSD,0.017476332885948152
2024-11-26,SSD,0.014754604317960279
2024-11-27,SSD,0.01836358734402471
2024-11-28,SSD,0.01723416700576227
2024-11-29,SSD,0.023151036728885126
2024-11-30,SSD,0.05843730123270721
2024-12-01,SSD,0.01456184901168649
2024-12-02,SSD,0.019376779212093975
2024-12-03,SSD,0.016037421771476663
2024-12-04,SSD,0.01841121735017675
2024-12-05,SSD,0.01892486525320064
2024-12-06,SSD,0.058879224281819985
2024-12-07,SSD,0.07449277323720342
2024-12-08,SSD,0.02162652618690419
2024-12-09,SSD,0.026892371663077518
2024-12-10,SSD,0.13243204935141906
2024-12-11,SSD,0.02659107311919512
2024-12-12,SSD,0.017542076017366025
2024-12-13,SSD,0.051297681903612107
2024-12-14,SSD,0.06638970355376501
2024-12-15,SSD,0.0439458978420088
2024-12-16,SSD,0.016957650222387884
2024-12-17,SSD,0.0209936164910473
2024-12-18,SSD,0.017870566253652055
2024-12-19,SSD,0.03008839256029548
2024-12-20,SSD,0.015209141417736445
2024-12-21,SSD,0.014210218159934488
2024-12-22,SSD,0.013634810710408746
2024-12-23,SSD,0.013998239207935435
2024-12-24,SSD,0.013896343831522115
2024-12-25,SSD,0.013005503306144733
2024-12-26,SSD,0.013095160285315361
2024-12-27,SSD,0.012602775920616675
2024-12-28,SSD,0.01453276130844225
2024-12-29,SSD,0.018422273195807953
2024-12-30,SSD,0.022908534757903037
2024-12-31,SSD,0.028301288800415374
2025-01-01,SSD,0.017289393269301716
2025-01-02,SSD,0.0201238979732274
2025-01-03,SSD,0.047005306554305445
2025-01-04,SSD,0.020975197799473422
2025-01-05,SSD,0.09563733198690921
2025-01-06,SSD,0.018541088035095254
2025-01-07,SSD,0.019905326858020305
2025-01-08,SSD,0.022220065906745346
2025-01-09,SSD,0.013494394230268466
2025-01-10,SSD,0.04676798242770828
2025-01-11,SSD,0.03577021017028063
2025-01-12,SSD,0.021354605746727946
2025-01-13,SSD,0.03029542843246333
2025-01-14,SSD,0.06692710863921277
2025-01-15,SSD,0.019404512554232388
2025-01-16,SSD,0.04425437090214565
2025-01-17,SSD,0.1235797905463554
2025-01-18,SSD,0.02076996677610967
2025-01-19,SSD,0.020470528325005958
2025-01-20,SSD,0.015214103896557928
2025-01-21,SSD,0.014390307049473645
2025-01-22,SSD,0.014130355897147357
2025-01-23,SSD,0.015514238661383562
2025-01-24,SSD,0.014528715411807681
2025-01-25,SSD,0.012493297248654035
2025-01-26,SSD,0.029521912876124906
2025-01-27,SSD,0.01442261323740829
2025-01-28,SSD,0.017601797854571142
2025-01-29,SSD,0.021372534190860666
2025-01-30,SSD,0.015373074210585334
2025-01-31,SSD,0.1271656286457999
2025-02-01,SSD,0.06435795350814956
2025-02-02,SSD,0.04588295819687186
2025-02-03,SSD,0.03096286544123508
2025-02-04,SSD,0.01586375367195086
2025-02-05,SSD,0.08513263526408643
2025-02-06,SSD,0.015763919619807713
2025-02-07,SSD,0.011302843132619016
2025-02-08,SSD,0.011775611638746405
2025-02-09,SSD,0.013245248459303876
2025-02-10,SSD,0.011662712056529086
2025-02-11,SSD,0.011585440667898067
2025-02-12,SSD,0.012786936798176827
2025-02-13,SSD,0.0118137845117348
2025-02-14,SSD,0.17031964780353007
2025-02-15,SSD,0.03732318545297436
2025-02-16,SSD,0.15929564649797082
2025-02-17,SSD,0.021590362096204355
2025-02-18,SSD,0.2223392422293872
2025-02-19,SSD,0.07441703381002136
2025-02-20,SSD,0.0719942454364131
2025-02-21,SSD,0.03331135311120292
2025-02-22,SSD,0.019104796153365206
2025-02-23,SSD,0.011736811045851779
2025-02-24,SSD,0.01382944939098632
2025-02-25,SSD,0.017764357669433177
2025-02-26,SSD,0.011809505160795764
2025-02-27,SSD,0.013671331491159922
2025-02-28,SSD,0.012392628505111008
2025-03-01,SSD,0.013071666399856085
2025-03-02,SSD,0.018240084506752567
2025-03-03,SSD,0.05407343679916835
2025-03-04,SSD,0.02853166031712619
2025-03-05,SSD,0.05010754852798941
2025-03-06,SSD,0.047467473971885804
2025-03-07,SSD,0.17140226629815353
2025-03-08,SSD,0.022465227833410758
2025-03-09,SSD,0.039346798000565376
2025-03-10,SSD,0.015178927293409663
2025-03-11,SSD,0.012188555735890103
2025-03-12,SSD,0.01122127803370487
2025-03-13,SSD,0.011780836597601914
2025-03-14,SSD,0.01093511824225757
2025-03-15,SSD,0.01110451005079743
2025-03-16,SSD,0.013329626799148814
2025-03-17,SSD,0.012269683085993839
2025-03-18,SSD,0.013160443604844042
2025-03-19,SSD,0.030638380128927424
2025-03-20,SSD,0.0163725499038791
2025-03-21,SSD,0.03210072544276131
2025-03-22,SSD,0.08943856829909931
2025-03-23,SSD,0.013212134142187673
2025-03-24,SSD,0.015529275691692787
2025-03-25,SSD,0.022625306482555993
2025-03-26,SSD,0.015032645999131867
2025-03-27,SSD,0.018034281141903197
2025-03-28,SSD,0.02444522705489162
2024-07-01,ETH,0.039229696045608727
2024-07-02,ETH,0.020937995102341428
2024-07-03,ETH,0.021445649569921163
2024-07-04,ETH,0.028177724856524703
2024-07-05,ETH,0.02819326129447901
2024-07-06,ETH,0.0587881528163661
2024-07-07,ETH,0.06414737378108615
2024-07-08,ETH,0.022063222262597906
2024-07-09,ETH,0.06070974618358992
2024-07-10,ETH,0.08842232037537807
2024-07-11,ETH,0.13143332539356156
2024-07-12,ETH,0.1341653744903422
2024-07-13,ETH,0.01451600625719171
2024-07-14,ETH,0.015978337011831864
2024-07-15,ETH,0.034433662477108405
2024-07-16,ETH,0.011078823742762693
2024-07-17,ETH,0.012081016942401763
2024-07-18,ETH,0.0110675385240227
2024-07-19,ETH,0.011154486703593626
2024-07-20,ETH,0.01170691956403837
2024-07-21,ETH,0.011814719151158578
2024-07-22,ETH,0.011374914139099806
2024-07-23,ETH,0.037977886147584704
2024-07-24,ETH,0.01990840611822198
2024-07-25,ETH,0.029482422050829522
2024-07-26,ETH,0.047705037996467185
2024-07-27,ETH,0.015225071699698712
2024-07-28,ETH,0.023041330899238405
2024-07-29,ETH,0.020834358156985568
2024-07-30,ETH,0.027415080345288268
2024-07-31,ETH,0.045394426286742576
2024-08-01,ETH,0.019033252079657465
2024-08-02,ETH,0.011564491516230364
2024-08-03,ETH,0.06045353125682631
2024-08-04,ETH,0.042482200641003685
2024-08-05,ETH,0.014127390416993001
2024-08-06,ETH,0.014658489545153478
2024-08-07,ETH,0.07541421923372775
2024-08-08,ETH,0.0702145251194437
2024-08-09,ETH,0.11935158824973673
2024-08-10,ETH,0.05025290657521054
2024-08-11,ETH,0.024974918733800294
2024-08-12,ETH,0.029985363010355485
2024-08-13,ETH,0.015610545676961476
2024-08-14,ETH,0.01801145296803041
2024-08-15,ETH,0.070281938455291
2024-08-16,ETH,0.06306693807072367
2024-08-17,ETH,0.013345994698010892
2024-08-18,ETH,0.04466915776704118
2024-08-19,ETH,0.027813824170762783
2024-08-20,ETH,0.024404453432995892
2024-08-21,ETH,0.012364698242513118
2024-08-22,ETH,0.012495862133239555
2024-08-23,ETH,0.018009716035056956
2024-08-24,ETH,0.014591434460820027
2024-08-25,ETH,0.01351266535242375
2024-08-26,ETH,0.0162774611830671
2024-08-27,ETH,0.013687939728483485
2024-08-28,ETH,0.017965667094896755
2024-08-29,ETH,0.015313080193710233
2024-08-30,ETH,0.014190738965465266
2024-08-31,ETH,0.013095241256676984
2024-09-01,ETH,0.01915799764817611
2024-09-02,ETH,0.022352210278253955
2024-09-03,ETH,0.02188514167390483
2024-09-04,ETH,0.013121685049175718
2024-09-05,ETH,0.012995529365413285
2024-09-06,ETH,0.013068240024973112
2024-09-07,ETH,0.02237903978518387
2024-09-08,ETH,0.013763197999718002
2024-09-09,ETH,0.014594282440693397
2024-09-10,ETH,0.021336515031667308
2024-09-11,ETH,0.015687348366148882
2024-09-12,ETH,0.019184298081009597
2024-09-13,ETH,0.036872970673794137
2024-09-14,ETH,0.017423881561924204
2024-09-15,ETH,0.016338251960403862
2024-09-16,ETH,0.038403708008350905
2024-09-17,ETH,0.026675148581472692
2024-09-18,ETH,0.04035317785028486
2024-09-19,ETH,0.031879210021988263
2024-09-20,ETH,0.032370647846895896
2024-09-21,ETH,0.23983905029145888
2024-09-22,ETH,0.07213856739537847
2024-09-23,ETH,0.02643865443156104
2024-09-24,ETH,0.023410367756746098
2024-09-25,ETH,0.09699011437255096
2024-09-26,ETH,0.030891310104369112
2024-09-27,ETH,0.01926245056654724
2024-09-28,ETH,0.016975757897378787
2024-09-29,ETH,0.018871050765766142
2024-09-30,ETH,0.02347365353804908
2024-10-01,ETH,0.020475834603636976
2024-10-02,ETH,0.029682989693853874
2024-10-03,ETH,0.11916228513071057
2024-10-04,ETH,0.03157830209196551
2024-10-05,ETH,0.13167361408398434
2024-10-06,ETH,0.03322546286835285
2024-10-07,ETH,0.07632547253123953
2024-10-08,ETH,0.06262732780950504
2024-10-09,ETH,0.10574487933370567
2024-10-10,ETH,0.018317226755453563
2024-10-11,ETH,0.04346574825439347
2024-10-12,ETH,0.12965029509020196
2024-10-13,ETH,0.019364543750523343
2024-10-14,ETH,0.09338720400074638
2024-10-15,ETH,0.04276150804965401
2024-10-16,ETH,0.013529473366550101
2024-10-17,ETH,0.035595525229581315
2024-10-18,ETH,0.014596175367766242
2024-10-19,ETH,0.011263640219868833
2024-10-20,ETH,0.011370926342116687
2024-10-21,ETH,0.011303491235737484
2024-10-22,ETH,0.011118250703253658
2024-10-23,ETH,0.01676374489238607
2024-10-24,ETH,0.011452446951726017
2024-10-25,ETH,0.011289198127181667
2024-10-26,ETH,0.01837149068816491
2024-10-27,ETH,0.10150097933329189
2024-10-28,ETH,0.10454036805473452
2024-10-29,ETH,0.03421704715992405
2024-10-30,ETH,0.03141140646381324
2024-10-31,ETH,0.044074754583785035
2024-11-01,ETH,0.19111280763538577
2024-11-02,ETH,0.15834517413850505
2024-11-03,ETH,0.0515348274051597
2024-11-04,ETH,0.09949910669126355
2024-11-05,ETH,0.09741677989125866
2024-11-06,ETH,0.06908493973046063
2024-11-07,ETH,0.033885594295046326
2024-11-08,ETH,0.028349021619331147
2024-11-09,ETH,0.011391206998706344
2024-11-10,ETH,0.011429381617399684
2024-11-11,ETH,0.014205851849647805
2024-11-12,ETH,0.011270319821307542
2024-11-13,ETH,0.01888464000776271
2024-11-14,ETH,0.011261502917458274
2024-11-15,ETH,0.01131328842685865
2024-11-16,ETH,0.011127748802086468
2024-11-17,ETH,0.012518739821795239
2024-11-18,ETH,0.012312404522784624
2024-11-19,ETH,0.021452749995941642
2024-11-20,ETH,0.020776070323522418
2024-11-21,ETH,0.015753996286128915
2024-11-22,ETH,0.020633510969463628
2024-11-23,ETH,0.01356450023182693
2024-11-24,ETH,0.016628512876375994
2024-11-25,ETH,0.03698868415814287
2024-11-26,ETH,0.014997154522264085
2024-11-27,ETH,0.03300995321064265
2024-11-28,ETH,0.0349035001522124
2024-11-29,ETH,0.02781069259557915
2024-11-30,ETH,0.026079668864312122
2024-12-01,ETH,0.02941096057430335
2024-12-02,ETH,0.022938864246220426
2024-12-03,ETH,0.016611539129377465
2024-12-04,ETH,0.028479942442304656
2024-12-05,ETH,0.012344618816188991
2024-12-06,ETH,0.013179824550455837
2024-12-07,ETH,0.01148884656658212
2024-12-08,ETH,0.013139632052413088
2024-12-09,ETH,0.014268551927056797
2024-12-10,ETH,0.012205857651210069
2024-12-11,ETH,0.011362589075509966
2024-12-12,ETH,0.022753017328904952
2024-12-13,ETH,0.012254792332711812
2024-12-14,ETH,0.01163174038361646
2024-12-15,ETH,0.011628821310279246
2024-12-16,ETH,0.011408672467211637
2024-12-17,ETH,0.011603012363126082
2024-12-18,ETH,0.01215205886702596
2024-12-19,ETH,0.0333208878977105
2024-12-20,ETH,0.017732221686635595
2024-12-21,ETH,0.013222645076814615
2024-12-22,ETH,0.01336038427993946
2024-12-23,ETH,0.03930722171397811
2024-12-24,ETH,0.015748745791231044
2024-12-25,ETH,0.10211535404446065
2024-12-26,ETH,0.04163906961294459
2024-12-27,ETH,0.016892932389906468
2024-12-28,ETH,0.01819764973038768
2024-12-29,ETH,0.018894230089564288
2024-12-30,ETH,0.04695833212458586
2024-12-31,ETH,0.023450600932833493
2025-01-01,ETH,0.015346221031099174
2025-01-02,ETH,0.013628935999704802
2025-01-03,ETH,0.0125343506350845
2025-01-04,ETH,0.016428051883827847
2025-01-05,ETH,0.015496443746324319
2025-01-06,ETH,0.013646438662762325
2025-01-07,ETH,0.013495970221130239
2025-01-08,ETH,0.02607102740076649
2025-01-09,ETH,0.03597635239028967
2025-01-10,ETH,0.022362313325147033
2025-01-11,ETH,0.02452919276721785
2025-01-12,ETH,0.02977947276144053
2025-01-13,ETH,0.04643738405712782
2025-01-14,ETH,0.021787555480332798
2025-01-15,ETH,0.022862253057886636
2025-01-16,ETH,0.04124943735082256
2025-01-17,ETH,0.1386575484860333
2025-01-18,ETH,0.1730017274292586
2025-01-19,ETH,0.08660246653218111
2025-01-20,ETH,0.21286894929031783
2025-01-21,ETH,0.032612956499996806
2025-01-22,ETH,0.06468327645486631
2025-01-23,ETH,0.03142590124774304
2025-01-24,ETH,0.029918340890290995
2025-01-25,ETH,0.01774442190182939
2025-01-26,ETH,0.01518327672707834
2025-01-27,ETH,0.01834319676502175
2025-01-28,ETH,0.01887671190910917
2025-01-29,ETH,0.017477810048142875
2025-01-30,ETH,0.018796164739883256
2025-01-31,ETH,0.04266723042121685
2025-02-01,ETH,0.014313340957695264
2025-02-02,ETH,0.016428872234318596
2025-02-03,ETH,0.021702776976244505
2025-02-04,ETH,0.015103664004219513
2025-02-05,ETH,0.018712282725088722
2025-02-06,ETH,0.034113964146514984
2025-02-07,ETH,0.015328691379874342
2025-02-08,ETH,0.015973901571765647
2025-02-09,ETH,0.018713879640932476
2025-02-10,ETH,0.01888323644345728
2025-02-11,ETH,0.013782289299268488
2025-02-12,ETH,0.028858678211212734
2025-02-13,ETH,0.017250782959170815
2025-02-14,ETH,0.02589983503743558
2025-02-15,ETH,0.11419317104630054
2025-02-16,ETH,0.02053292541415899
2025-02-17,ETH,0.022081351639153892
2025-02-18,ETH,0.116980366241073
2025-02-19,ETH,0.04937548510150784
2025-02-20,ETH,0.027303631168876144
2025-02-21,ETH,0.02156191231652625
2025-02-22,ETH,0.01468524307181089
2025-02-23,ETH,0.017368880925235683
2025-02-24,ETH,0.01724493959593011
2025-02-25,ETH,0.012237413846112905
2025-02-26,ETH,0.011587243301674918
2025-02-27,ETH,0.012110407124976016
2025-02-28,ETH,0.01207114522147288
2025-03-01,ETH,0.012085678227088403
2025-03-02,ETH,0.011741215928938887
2025-03-03,ETH,0.011741215928938887
2025-03-04,ETH,0.022881762008668195
2025-03-05,ETH,0.029904018877426827
2025-03-06,ETH,0.0275039164044718
2025-03-07,ETH,0.03424810917888085
2025-03-08,ETH,0.026364600648294982
2025-03-09,ETH,0.03975345718165703
2025-03-10,ETH,0.02254087410348296
2025-03-11,ETH,0.05787125026422936
2025-03-12,ETH,0.03986116992972538
2025-03-13,ETH,0.016340598296221812
2025-03-14,ETH,0.014768515826180474
2025-03-15,ETH,0.012670138090553324
2025-03-16,ETH,0.04092513088429124
2025-03-17,ETH,0.01602906937236516
2025-03-18,ETH,0.013211728732919165
2025-03-19,ETH,0.04203708113479188
2025-03-20,ETH,0.020873990853044123
2025-03-21,ETH,0.018647788667359774
2025-03-22,ETH,0.021984806373988735
2025-03-23,ETH,0.013059210324200918
2025-03-24,ETH,0.015037026795409756
2025-03-25,ETH,0.06493556867675677
2025-03-26,ETH,0.017746747608615866
2025-03-27,ETH,0.013403849318637166
2025-03-28,ETH,0.015114790113095076
2024-07-01,SOM,0.014811103860758392
2024-07-02,SOM,0.024306412120418883
2024-07-03,SOM,0.021591031436129872
2024-07-04,SOM,0.018727586364742553
2024-07-05,SOM,0.0641148707016189
2024-07-06,SOM,0.022951119143362335
2024-07-07,SOM,0.035941539335422656
2024-07-08,SOM,0.03893160841603702
2024-07-09,SOM,0.03459563384370791
2024-07-10,SOM,0.18242567783660907
2024-07-11,SOM,0.028002345644507983
2024-07-12,SOM,0.01907109832733153
2024-07-13,SOM,0.21982266151643848
2024-07-14,SOM,0.04709117872326906
2024-07-15,SOM,0.2242370250564839
2024-07-16,SOM,0.027846982823604604
2024-07-17,SOM,0.02583219180487701
2024-07-18,SOM,0.019294669404289352
2024-07-19,SOM,0.12532147971998403
2024-07-20,SOM,0.0605270783657855
2024-07-21,SOM,0.023711958931716383
2024-07-22,SOM,0.014292321438669788
2024-07-23,SOM,0.048483319680370646
2024-07-24,SOM,0.04558182417788224
2024-07-25,SOM,0.02210881311393758
2024-07-26,SOM,0.01164333593429431
2024-07-27,SOM,0.011777124858026938
2024-07-28,SOM,0.01180664560909014
2024-07-29,SOM,0.011742458638177852
2024-07-30,SOM,0.011491868625582762
2024-07-31,SOM,0.01158929357439243
2024-08-01,SOM,0.012059984306302585
2024-08-02,SOM,0.025082344831844874
2024-08-03,SOM,0.03229306191243422
2024-08-04,SOM,0.016907438013286126
2024-08-05,SOM,0.031331594428020186
2024-08-06,SOM,0.01854386853115477
2024-08-07,SOM,0.013402712030413861
2024-08-08,SOM,0.03526733116233299
2024-08-09,SOM,0.011828851967317613
2024-08-10,SOM,0.012167375131447033
2024-08-11,SOM,0.01366712021670881
2024-08-12,SOM,0.012807171163786909
2024-08-13,SOM,0.13139067201793647
2024-08-14,SOM,0.015427528617076715
2024-08-15,SOM,0.011775507139180328
2024-08-16,SOM,0.026144725155911295
2024-08-17,SOM,0.04767536716862904
2024-08-18,SOM,0.02298820968527059
2024-08-19,SOM,0.029246508573882977
2024-08-20,SOM,0.027345629094122737
2024-08-21,SOM,0.017768691329411463
2024-08-22,SOM,0.014378602769638435
2024-08-23,SOM,0.029470434386163775
2024-08-24,SOM,0.023161047037832082
2024-08-25,SOM,0.019405760127813573
2024-08-26,SOM,0.017317537198988247
2024-08-27,SOM,0.024696450670318157
2024-08-28,SOM,0.02196885467023239
2024-08-29,SOM,0.030271445637698863
2024-08-30,SOM,0.01682665869831297
2024-08-31,SOM,0.018483113004421105
2024-09-01,SOM,0.04123186253529185
2024-09-02,SOM,0.020408861381487644
2024-09-03,SOM,0.1950313312105083
2024-09-04,SOM,0.0412664765352371
2024-09-05,SOM,0.03448476898065006
2024-09-06,SOM,0.1154584154513063
2024-09-07,SOM,0.1681319512367551
2024-09-08,SOM,0.054123226089180625
2024-09-09,SOM,0.01967234965579261
2024-09-10,SOM,0.02401269646063309
2024-09-11,SOM,0.014541509350719716
2024-09-12,SOM,0.014030523328637998
2024-09-13,SOM,0.014791126951168528
2024-09-14,SOM,0.013217322106160174
2024-09-15,SOM,0.013883411523817689
2024-09-16,SOM,0.019349599141387442
2024-09-17,SOM,0.03285951104228346
2024-09-18,SOM,0.052536939677746565
2024-09-19,SOM,0.043470389866147346
2024-09-20,SOM,0.023556722351926324
2024-09-21,SOM,0.0478230938385079
2024-09-22,SOM,0.02160711740903857
2024-09-23,SOM,0.019843025163049324
2024-09-24,SOM,0.13882518524128662
2024-09-25,SOM,0.017122062966173166
2024-09-26,SOM,0.017109643008671956
2024-09-27,SOM,0.028120987652818823
2024-09-28,SOM,0.0636218276902126
2024-09-29,SOM,0.09519054029101674
2024-09-30,SOM,0.02376310481256491
2024-10-01,SOM,0.04352919063384509
2024-10-02,SOM,0.07182482805962785
2024-10-03,SOM,0.017347098219014676
2024-10-04,SOM,0.024407244955235507
2024-10-05,SOM,0.025865575624716506
2024-10-06,SOM,0.08185664196600416
2024-10-07,SOM,0.03420049164901938
2024-10-08,SOM,0.03269870556329405
2024-10-09,SOM,0.10130530011086154
2024-10-10,SOM,0.021696444851159603
2024-10-11,SOM,0.017860705070505925
2024-10-12,SOM,0.016609986412717322
2024-10-13,SOM,0.02397814766942148
2024-10-14,SOM,0.02302071394451567
2024-10-15,SOM,0.050504453829860504
2024-10-16,SOM,0.09895569709904796
2024-10-17,SOM,0.01606341517395163
2024-10-18,SOM,0.015408094844514587
2024-10-19,SOM,0.06633185917416502
2024-10-20,SOM,0.08392902317020709
2024-10-21,SOM,0.013029584930692516
2024-10-22,SOM,0.015059172967563383
2024-10-23,SOM,0.016941683331123572
2024-10-24,SOM,0.022452250823588885
2024-10-25,SOM,0.08031246511982122
2024-10-26,SOM,0.031161628683880158
2024-10-27,SOM,0.013869021372278854
2024-10-28,SOM,0.01405531275514498
2024-10-29,SOM,0.015620072516765707
2024-10-30,SOM,0.01472550010372607
2024-10-31,SOM,0.013644816111362578
2024-11-01,SOM,0.03830565401860463
2024-11-02,SOM,0.0334986819833035
2024-11-03,SOM,0.029039279197105923
2024-11-04,SOM,0.03113390945971112
2024-11-05,SOM,0.01459485401144765
2024-11-06,SOM,0.02600521708735316
2024-11-07,SOM,0.014328398917014477
2024-11-08,SOM,0.034911554088267814
2024-11-09,SOM,0.018883301989674018
2024-11-10,SOM,0.021184097842356267
2024-11-11,SOM,0.01650264094485646
2024-11-12,SOM,0.013862346081799095
2024-11-13,SOM,0.016012717183231235
2024-11-14,SOM,0.012454982502629022
2024-11-15,SOM,0.02009599058161022
2024-11-16,SOM,0.014817094977822184
2024-11-17,SOM,0.012239329629799338
2024-11-18,SOM,0.012109763033309339
2024-11-19,SOM,0.011716584171977396
2024-11-20,SOM,0.014657260651849581
2024-11-21,SOM,0.015632642508313904
2024-11-22,SOM,0.017205825946875468
2024-11-23,SOM,0.012729094320704935
2024-11-24,SOM,0.018186843692024286
2024-11-25,SOM,0.016178003466997767
2024-11-26,SOM,0.015561504503985257
2024-11-27,SOM,0.04644993138327867
2024-11-28,SOM,0.019315326822175412
2024-11-29,SOM,0.016621111489320772
2024-11-30,SOM,0.023770660725483284
2024-12-01,SOM,0.06169911209862985
2024-12-02,SOM,0.05760397244674526
2024-12-03,SOM,0.09624265596711026
2024-12-04,SOM,0.022832378049948886
2024-12-05,SOM,0.0484223388247977
2024-12-06,SOM,0.11271121716828658
2024-12-07,SOM,0.021070248675423824
2024-12-08,SOM,0.023558827209494957
2024-12-09,SOM,0.0343845816117711
2024-12-10,SOM,0.018021726675926848
2024-12-11,SOM,0.017366409054101202
2024-12-12,SOM,0.02488842420148173
2024-12-13,SOM,0.012688826342832159
2024-12-14,SOM,0.028037432740585
2024-12-15,SOM,0.042994426459749414
2024-12-16,SOM,0.01597115840482939
2024-12-17,SOM,0.0387638574427091
2024-12-18,SOM,0.017707220020360723
2024-12-19,SOM,0.01711770297847586
2024-12-20,SOM,0.028346973323374304
2024-12-21,SOM,0.02044004878199666
2024-12-22,SOM,0.01827752416427982
2024-12-23,SOM,0.019477458345095792
2024-12-24,SOM,0.014844778798168768
2024-12-25,SOM,0.013134043707513463
2024-12-26,SOM,0.01959793095433666
2024-12-27,SOM,0.014195450365157736
2024-12-28,SOM,0.014411511355655333
2024-12-29,SOM,0.019413895997815303
2024-12-30,SOM,0.018427752094398574
2024-12-31,SOM,0.1931449719464397
2025-01-01,SOM,0.027645197061661377
2025-01-02,SOM,0.027803020385142648
2025-01-03,SOM,0.02594929041641556
2025-01-04,SOM,0.022381849743086258
2025-01-05,SOM,0.07024601035583997
2025-01-06,SOM,0.034047639914630806
2025-01-07,SOM,0.012324579528304357
2025-01-08,SOM,0.04251522844288942
2025-01-09,SOM,0.014299089481953962
2025-01-10,SOM,0.014135500872707223
2025-01-11,SOM,0.03958727651535429
2025-01-12,SOM,0.013604591127601191
2025-01-13,SOM,0.0251060439218682
2025-01-14,SOM,0.0995677685201981
2025-01-15,SOM,0.0713778200838817
2025-01-16,SOM,0.029161138994864493
2025-01-17,SOM,0.03186266826336067
2025-01-18,SOM,0.03029987670875309
2025-01-19,SOM,0.014217222157453647
2025-01-20,SOM,0.013296193498820566
2025-01-21,SOM,0.013521878257550602
2025-01-22,SOM,0.01585023640263071
2025-01-23,SOM,0.01326552844752146
2025-01-24,SOM,0.012459310953477222
2025-01-25,SOM,0.035995589121084665
2025-01-26,SOM,0.014512637119021905
2025-01-27,SOM,0.013650120559332027
2025-01-28,SOM,0.14480805097344113
2025-01-29,SOM,0.019164502616999625
2025-01-30,SOM,0.07313719773194956
2025-01-31,SOM,0.015934255652803254
2025-02-01,SOM,0.15523285387318025
2025-02-02,SOM,0.17434772443761928
2025-02-03,SOM,0.030088581026291944
2025-02-04,SOM,0.1151018135970071
2025-02-05,SOM,0.0842292805504658
2025-02-06,SOM,0.012091766813807118
2025-02-07,SOM,0.0464997710480971
2025-02-08,SOM,0.011958986252387565
2025-02-09,SOM,0.016236983543232584
2025-02-10,SOM,0.04041157552381731
2025-02-11,SOM,0.01994051129418658
2025-02-12,SOM,0.040273400740446864
2025-02-13,SOM,0.024871662124121778
2025-02-14,SOM,0.014636067894423904
2025-02-15,SOM,0.012017789632264918
2025-02-16,SOM,0.01746830076782259
2025-02-17,SOM,0.06807019367085596
2025-02-18,SOM,0.03731530260976169
2025-02-19,SOM,0.04806151077470376
2025-02-20,SOM,0.07255974211752234
2025-02-21,SOM,0.03883070906069611
2025-02-22,SOM,0.01667846283555927
2025-02-23,SOM,0.018876822459263063
2025-02-24,SOM,0.023422321746590386
2025-02-25,SOM,0.09198609648744843
2025-02-26,SOM,0.05876234009758145
2025-02-27,SOM,0.02503331605906178
2025-02-28,SOM,0.01540255076207557
2025-03-01,SOM,0.056832283594868256
2025-03-02,SOM,0.025621042849429673
2025-03-03,SOM,0.02164324899263393
2025-03-04,SOM,0.014736375087760788
2025-03-05,SOM,0.0501450772896079
2025-03-06,SOM,0.012111167748456957
2025-03-07,SOM,0.10528517150459858
2025-03-08,SOM,0.021718572423595327
2025-03-09,SOM,0.011539756481736517
2025-03-10,SOM,0.0171157606806546
2025-03-11,SOM,0.11815155078389326
2025-03-12,SOM,0.024231537921749136
2025-03-13,SOM,0.05680470847001362
2025-03-14,SOM,0.014680016391509367
2025-03-15,SOM,0.02664036644305337
2025-03-16,SOM,0.060539723712495906
2025-03-17,SOM,0.022227197169217144
2025-03-18,SOM,0.03957239715874274
2025-03-19,SOM,0.015599331066930427
2025-03-20,SOM,0.0427901500034421
2025-03-21,SOM,0.04243562646834759
2025-03-22,SOM,0.01757395197440378
2025-03-23,SOM,0.0127150481104484
2025-03-24,SOM,0.016837689972527596
2025-03-25,SOM,0.01294550867518332
2025-03-26,SOM,0.01698359056573613
2025-03-27,SOM,0.01669610809503497
2025-03-28,SOM,0.03275480428220702
2024-07-01,KEN,0.011586204253227882
2024-07-02,KEN,0.013567731536074107
2024-07-03,KEN,0.012339734814174745
2024-07-04,KEN,0.01188234922576204
2024-07-05,KEN,0.012147526431360252
2024-07-06,KEN,0.01813582593229699
2024-07-07,KEN,0.013442382548734725
2024-07-08,KEN,0.012727881255956289
2024-07-09,KEN,0.011119102686175998
2024-07-10,KEN,0.011812393753775548
2024-07-11,KEN,0.02268008396263069
2024-07-12,KEN,0.020831887991060158
2024-07-13,KEN,0.016089305056284215
2024-07-14,KEN,0.011466730836071989
2024-07-15,KEN,0.018036021216034443
2024-07-16,KEN,0.014149907324938699
2024-07-17,KEN,0.011521803250135383
2024-07-18,KEN,0.011934096907983648
2024-07-19,KEN,0.01757627827344601
2024-07-20,KEN,0.02295372239325202
2024-07-21,KEN,0.011810186991655761
2024-07-22,KEN,0.030854145255512964
2024-07-23,KEN,0.0164169070345628
2024-07-24,KEN,0.01637984274479773
2024-07-25,KEN,0.034359108556027036
2024-07-26,KEN,0.02394224124599173
2024-07-27,KEN,0.023740515789979287
2024-07-28,KEN,0.022752501250921115
2024-07-29,KEN,0.014391830046322142
2024-07-30,KEN,0.014134250377496323
2024-07-31,KEN,0.012306433763117599
2024-08-01,KEN,0.014597250838234857
2024-08-02,KEN,0.016477583101183437
2024-08-03,KEN,0.026360347139320034
2024-08-04,KEN,0.015442669590875355
2024-08-05,KEN,0.016169466894447586
2024-08-06,KEN,0.013311722525270644
2024-08-07,KEN,0.014371167270406179
2024-08-08,KEN,0.018121187179942665
2024-08-09,KEN,0.017308910864831547
2024-08-10,KEN,0.013855635904729668
2024-08-11,KEN,0.01429568307408223
2024-08-12,KEN,0.02870186548573259
2024-08-13,KEN,0.02133099553339752
2024-08-14,KEN,0.014907254260941263
2024-08-15,KEN,0.026099413569254028
2024-08-16,KEN,0.012996297596174974
2024-08-17,KEN,0.02689058731045752
2024-08-18,KEN,0.017786589163996273
2024-08-19,KEN,0.022710074919230393
2024-08-20,KEN,0.011548961246761722
2024-08-21,KEN,0.011324787230602519
2024-08-22,KEN,0.0247588775370049
2024-08-23,KEN,0.012451520645754542
2024-08-24,KEN,0.011189607141072769
2024-08-25,KEN,0.019936599412849604
2024-08-26,KEN,0.013079900240166647
2024-08-27,KEN,0.011600711908290089
2024-08-28,KEN,0.02303967500589863
2024-08-29,KEN,0.013733545030346246
2024-08-30,KEN,0.01368618010641568
2024-08-31,KEN,0.012311565809321938
2024-09-01,KEN,0.011879439399340818
2024-09-02,KEN,0.0228869354784032
2024-09-03,KEN,0.06285833155575084
2024-09-04,KEN,0.012951291647360426
2024-09-05,KEN,0.012098391737475123
2024-09-06,KEN,0.012242473616481805
2024-09-07,KEN,0.015071382190222629
2024-09-08,KEN,0.01754633953362594
2024-09-09,KEN,0.012077857488809855
2024-09-10,KEN,0.011216738544552855
2024-09-11,KEN,0.019153895182747342
2024-09-12,KEN,0.020765172013746547
2024-09-13,KEN,0.013082915870197592
2024-09-14,KEN,0.017574701209122696
2024-09-15,KEN,0.013530998357513547
2024-09-16,KEN,0.01625911279941265
2024-09-17,KEN,0.07587338528247585
2024-09-18,KEN,0.06697482185613603
2024-09-19,KEN,0.10522804701341407
2024-09-20,KEN,0.056949917269954554
2024-09-21,KEN,0.01949135265720759
2024-09-22,KEN,0.10949606462286028
2024-09-23,KEN,0.06710053474730067
2024-09-24,KEN,0.0290145082038121
2024-09-25,KEN,0.014410130232944532
2024-09-26,KEN,0.013375919473160932
2024-09-27,KEN,0.01490688191475472
2024-09-28,KEN,0.012704980659761467
2024-09-29,KEN,0.01137031668321983
2024-09-30,KEN,0.011556931896865906
2024-10-01,KEN,0.01142518361342484
2024-10-02,KEN,0.011700178956789053
2024-10-03,KEN,0.011342090427843777
2024-10-04,KEN,0.016316464980227346
2024-10-05,KEN,0.014892885421429022
2024-10-06,KEN,0.04172645774889053
2024-10-07,KEN,0.017142788338468957
2024-10-08,KEN,0.03442992317320339
2024-10-09,KEN,0.07744636867346062
2024-10-10,KEN,0.06014642583812843
2024-10-11,KEN,0.028080131905174485
2024-10-12,KEN,0.012908655458636956
2024-10-13,KEN,0.01381495254181473
2024-10-14,KEN,0.018969176341665728
2024-10-15,KEN,0.0203600566343103
2024-10-16,KEN,0.05026982262608881
2024-10-17,KEN,0.012215175501065684
2024-10-18,KEN,0.017720999253853436
2024-10-19,KEN,0.03464274247239614
2024-10-20,KEN,0.013788684943954648
2024-10-21,KEN,0.011567046661575006
2024-10-22,KEN,0.011654770118580446
2024-10-23,KEN,0.013646156525420306
2024-10-24,KEN,0.013649998122811244
2024-10-25,KEN,0.0131824765282389
2024-10-26,KEN,0.011982644228656728
2024-10-27,KEN,0.017395187424301045
2024-10-28,KEN,0.019519804138984482
2024-10-29,KEN,0.011891428835986926
2024-10-30,KEN,0.017841483249450597
2024-10-31,KEN,0.01217147289571597
2024-11-01,KEN,0.012302774657629348
2024-11-02,KEN,0.06986171470219826
2024-11-03,KEN,0.017807289005018875
2024-11-04,KEN,0.014142650361101575
2024-11-05,KEN,0.015234616158869766
2024-11-06,KEN,0.013614233277708358
2024-11-07,KEN,0.011719587219692141
2024-11-08,KEN,0.013006772448596054
2024-11-09,KEN,0.014033646607679811
2024-11-10,KEN,0.019468834838456878
2024-11-11,KEN,0.016260641675637517
2024-11-12,KEN,0.013971058205354799
2024-11-13,KEN,0.014503268447600724
2024-11-14,KEN,0.028302139266904648
2024-11-15,KEN,0.01445610974654291
2024-11-16,KEN,0.021040997869779515
2024-11-17,KEN,0.012697764568713474
2024-11-18,KEN,0.013591611939538147
2024-11-19,KEN,0.020838692777293364
2024-11-20,KEN,0.020152071021924775
2024-11-21,KEN,0.02965347001315765
2024-11-22,KEN,0.01738537807881702
2024-11-23,KEN,0.02360578605844494
2024-11-24,KEN,0.05940907125188392
2024-11-25,KEN,0.10846906246513348
2024-11-26,KEN,0.017611859973439965
2024-11-27,KEN,0.019468155740824198
2024-11-28,KEN,0.012145901553573103
2024-11-29,KEN,0.0114652485220944
2024-11-30,KEN,0.011804337886507523
2024-12-01,KEN,0.011490035922923091
2024-12-02,KEN,0.01150306923423679
2024-12-03,KEN,0.011486168139665333
2024-12-04,KEN,0.011943800060762993
2024-12-05,KEN,0.019897082500311462
2024-12-06,KEN,0.018906845258282377
2024-12-07,KEN,0.03477817086345119
2024-12-08,KEN,0.0432297470195355
2024-12-09,KEN,0.05436198846787408
2024-12-10,KEN,0.029810550578655094
2024-12-11,KEN,0.030341240274694023
2024-12-12,KEN,0.1165990484027653
2024-12-13,KEN,0.047370046509790216
2024-12-14,KEN,0.14412409141257407
2024-12-15,KEN,0.05338955078599957
2024-12-16,KEN,0.040600939795207826
2024-12-17,KEN,0.05800809029990115
2024-12-18,KEN,0.02385121328023578
2024-12-19,KEN,0.019795360779769077
2024-12-20,KEN,0.014710573666023035
2024-12-21,KEN,0.013285671514182334
2024-12-22,KEN,0.029714531218291276
2024-12-23,KEN,0.01189242149383713
2024-12-24,KEN,0.01441734819979992
2024-12-25,KEN,0.011755828767851306
2024-12-26,KEN,0.01656219792612867
2024-12-27,KEN,0.01516639312876257
2024-12-28,KEN,0.02438177981574293
2024-12-29,KEN,0.01645480626539163
2024-12-30,KEN,0.012087029234802763
2024-12-31,KEN,0.011925306295351174
2025-01-01,KEN,0.012766545888511905
2025-01-02,KEN,0.01842657244178221
2025-01-03,KEN,0.013732486789720295
2025-01-04,KEN,0.01148424066651811
2025-01-05,KEN,0.016384327629283723
2025-01-06,KEN,0.017062807889459578
2025-01-07,KEN,0.013617846699605219
2025-01-08,KEN,0.03092999101093117
2025-01-09,KEN,0.01620883888066537
2025-01-10,KEN,0.014843922583529527
2025-01-11,KEN,0.04593587696573217
2025-01-12,KEN,0.03563897674191958
2025-01-13,KEN,0.017715906023047463
2025-01-14,KEN,0.014320520147336957
2025-01-15,KEN,0.04888614865135024
2025-01-16,KEN,0.014168685996853864
2025-01-17,KEN,0.015226093607471776
2025-01-18,KEN,0.01833968501887062
2025-01-19,KEN,0.012322901994280107
2025-01-20,KEN,0.012536626452603004
2025-01-21,KEN,0.012513219868842056
2025-01-22,KEN,0.020284438584805296
2025-01-23,KEN,0.016903640068594922
2025-01-24,KEN,0.013224384034767387
2025-01-25,KEN,0.013949358523606918
2025-01-26,KEN,0.013520766620413604
2025-01-27,KEN,0.023562072229520174
2025-01-28,KEN,0.015089211055613002
2025-01-29,KEN,0.0196043252126365
2025-01-30,KEN,0.01415102310217961
2025-01-31,KEN,0.012607809937539807
2025-02-01,KEN,0.014448881476865965
2025-02-02,KEN,0.01322885536676258
2025-02-03,KEN,0.027166224959069316
2025-02-04,KEN,0.012648369081875605
2025-02-05,KEN,0.018115797412604964
2025-02-06,KEN,0.014085973688656645
2025-02-07,KEN,0.018459813079801626
2025-02-08,KEN,0.01669736252543184
2025-02-09,KEN,0.016948534618588473
2025-02-10,KEN,0.017940933504913027
2025-02-11,KEN,0.012401072613046933
2025-02-12,KEN,0.02165690708811247
2025-02-13,KEN,0.015894584961773702
2025-02-14,KEN,0.015158857201500234
2025-02-15,KEN,0.016051215539412144
2025-02-16,KEN,0.017201957538136633
2025-02-17,KEN,0.015151665524322996
2025-02-18,KEN,0.016805995142310414
2025-02-19,KEN,0.015677382824923192
2025-02-20,KEN,0.01723781059577663
2025-02-21,KEN,0.019910966450865493
2025-02-22,KEN,0.27383170528863054
2025-02-23,KEN,0.06744521987414265
2025-02-24,KEN,0.17562281820092937
2025-02-25,KEN,0.13231916292741264
2025-02-26,KEN,0.05255281474187222
2025-02-27,KEN,0.037387289813098336
2025-02-28,KEN,0.025573557432310066
2025-03-01,KEN,0.01085290692472456
2025-03-02,KEN,0.010846423700967988
2025-03-03,KEN,0.011415563739824558
2025-03-04,KEN,0.01109068660402599
2025-03-05,KEN,0.010906652119992902
2025-03-06,KEN,0.011071450820220013
2025-03-07,KEN,0.01096973926541152
2025-03-08,KEN,0.013934297030696645
2025-03-09,KEN,0.017331275079536097
2025-03-10,KEN,0.01380128299098816
2025-03-11,KEN,0.04100122708215086
2025-03-12,KEN,0.015973186887026865
2025-03-13,KEN,0.012572127353134434
2025-03-14,KEN,0.01854498460616296
2025-03-15,KEN,0.021201901579206185
2025-03-16,KEN,0.01758286581225324
2025-03-17,KEN,0.043742008357958696
2025-03-18,KEN,0.012302804372943989
2025-03-19,KEN,0.015383692008206988
2025-03-20,KEN,0.014858241411518253
2025-03-21,KEN,0.011772925272118925
2025-03-22,KEN,0.05907403289453208
2025-03-23,KEN,0.10412652854125555
2025-03-24,KEN,0.027579243157591228
2025-03-25,KEN,0.03697423762241232
2025-03-26,KEN,0.04295090184304655
2025-03-27,KEN,0.047011431224239036
2025-03-28,KEN,0.014529436983777767
2024-07-01,UGA,0.07605509356115764
2024-07-02,UGA,0.0809750408184846
2024-07-03,UGA,0.08787274044157539
2024-07-04,UGA,0.11266816048215046
2024-07-05,UGA,0.10346272010778991
2024-07-06,UGA,0.02347952931958322
2024-07-07,UGA,0.01427908971978422
2024-07-08,UGA,0.014242966103751874
2024-07-09,UGA,0.013062714195409168
2024-07-10,UGA,0.014610484539986198
2024-07-11,UGA,0.013461629689764465
2024-07-12,UGA,0.013463764404534773
2024-07-13,UGA,0.012588102731674024
2024-07-14,UGA,0.013196014356407557
2024-07-15,UGA,0.013643482304248406
2024-07-16,UGA,0.012921430320874604
2024-07-17,UGA,0.01245444859994663
2024-07-18,UGA,0.026094764809466344
2024-07-19,UGA,0.0178500404268845
2024-07-20,UGA,0.026133006194766075
2024-07-21,UGA,0.24490394350145797
2024-07-22,UGA,0.03445276354447413
2024-07-23,UGA,0.08124718881997776
2024-07-24,UGA,0.14216574276111668
2024-07-25,UGA,0.09632596057831759
2024-07-26,UGA,0.13945316215608863
2024-07-27,UGA,0.0808519595058821
2024-07-28,UGA,0.013013483629100842
2024-07-29,UGA,0.013433287333365507
2024-07-30,UGA,0.012492060949007974
2024-07-31,UGA,0.012420040539005353
2024-08-01,UGA,0.012505325280686442
2024-08-02,UGA,0.012272461062177538
2024-08-03,UGA,0.013707577954894162
2024-08-04,UGA,0.08109672158953829
2024-08-05,UGA,0.10734173214505853
2024-08-06,UGA,0.021753800268401128
2024-08-07,UGA,0.0314059276386235
2024-08-08,UGA,0.03331947496874423
2024-08-09,UGA,0.023701465550546943
2024-08-10,UGA,0.03544537764590472
2024-08-11,UGA,0.08514185344661927
2024-08-12,UGA,0.04464423266607974
2024-08-13,UGA,0.07178583536605146
2024-08-14,UGA,0.04699827944048241
2024-08-15,UGA,0.022094279831611746
2024-08-16,UGA,0.043243975030247836
2024-08-17,UGA,0.03825213456478445
2024-08-18,UGA,0.05762144154862038
2024-08-19,UGA,0.03974373225134229
2024-08-20,UGA,0.028627354850134856
2024-08-21,UGA,0.032606504954430585
2024-08-22,UGA,0.049943714352798346
2024-08-23,UGA,0.047891801476157646
2024-08-24,UGA,0.021738066124823548
2024-08-25,UGA,0.056014739222183724
2024-08-26,UGA,0.05027663538138023
2024-08-27,UGA,0.059715089339428595
2024-08-28,UGA,0.06059478086221787
2024-08-29,UGA,0.05479698361179438
2024-08-30,UGA,0.042706318015871346
2024-08-31,UGA,0.11072226312490864
2024-09-01,UGA,0.10415603450587346
2024-09-02,UGA,0.1641551831798593
2024-09-03,UGA,0.17446578263745594
2024-09-04,UGA,0.016356413126534075
2024-09-05,UGA,0.06723640898451125
2024-09-06,UGA,0.013755092383424983
2024-09-07,UGA,0.016409788598662014
2024-09-08,UGA,0.02126639921899578
2024-09-09,UGA,0.014695908721342221
2024-09-10,UGA,0.014783074462633012
2024-09-11,UGA,0.06467021838476675
2024-09-12,UGA,0.02031314895807112
2024-09-13,UGA,0.020403410702466967
2024-09-14,UGA,0.01974467584292611
2024-09-15,UGA,0.020127708861426168
2024-09-16,UGA,0.029469704607989294
2024-09-17,UGA,0.05876540974110513
2024-09-18,UGA,0.04955338394426432
2024-09-19,UGA,0.08071245304328492
2024-09-20,UGA,0.10360270754030994
2024-09-21,UGA,0.03677048943158912
2024-09-22,UGA,0.08169737233279034
2024-09-23,UGA,0.030239527436112877
2024-09-24,UGA,0.018561577069797403
2024-09-25,UGA,0.06670456825116722
2024-09-26,UGA,0.02295235567820355
2024-09-27,UGA,0.016476928044253165
2024-09-28,UGA,0.04303060785011089
2024-09-29,UGA,0.05491338362897955
2024-09-30,UGA,0.07224394143575108
2024-10-01,UGA,0.032317266919599755
2024-10-02,UGA,0.015323157375175069
2024-10-03,UGA,0.021932033563496427
2024-10-04,UGA,0.012547189152056753
2024-10-05,UGA,0.01180839022920516
2024-10-06,UGA,0.012910919595102233
2024-10-07,UGA,0.014511219034189528
2024-10-08,UGA,0.014577628342011123
2024-10-09,UGA,0.017275582307412225
2024-10-10,UGA,0.014671416121799986
2024-10-11,UGA,0.015632830415363133
2024-10-12,UGA,0.015347238727149118
2024-10-13,UGA,0.02397654358247377
2024-10-14,UGA,0.013079252703514382
2024-10-15,UGA,0.013579472793629284
2024-10-16,UGA,0.014081831742979993
2024-10-17,UGA,0.01295095037135629
2024-10-18,UGA,0.01567898596475528
2024-10-19,UGA,0.012262956954894384
2024-10-20,UGA,0.01224072347485916
2024-10-21,UGA,0.015850826159745292
2024-10-22,UGA,0.014985676064894333
2024-10-23,UGA,0.013507849417001996
2024-10-24,UGA,0.012963170296050562
2024-10-25,UGA,0.016914204752377624
2024-10-26,UGA,0.01500265744981764
2024-10-27,UGA,0.015034658906298065
2024-10-28,UGA,0.01305961814833428
2024-10-29,UGA,0.015977059158294296
2024-10-30,UGA,0.014971801905876924
2024-10-31,UGA,0.014923890064528328
2024-11-01,UGA,0.0124439386706534
2024-11-02,UGA,0.015488506878274064
2024-11-03,UGA,0.14070326087646326
2024-11-04,UGA,0.09475621648516525
2024-11-05,UGA,0.011950104640046165
2024-11-06,UGA,0.012562735582993369
2024-11-07,UGA,0.012065117690071077
2024-11-08,UGA,0.01299042853306163
2024-11-09,UGA,0.012740642869366506
2024-11-10,UGA,0.012830908174505325
2024-11-11,UGA,0.013127109541770578
2024-11-12,UGA,0.08398022005902409
2024-11-13,UGA,0.028057392196432777
2024-11-14,UGA,0.06566841612863403
2024-11-15,UGA,0.09700721887160842
2024-11-16,UGA,0.03493586864197716
2024-11-17,UGA,0.06070838581497016
2024-11-18,UGA,0.05748162821782824
2024-11-19,UGA,0.06330203562895752
2024-11-20,UGA,0.19624406144427958
2024-11-21,UGA,0.10980520520421935
2024-11-22,UGA,0.09095898315309253
2024-11-23,UGA,0.043891098266138975
2024-11-24,UGA,0.13276181271562776
2024-11-25,UGA,0.0586847583132313
2024-11-26,UGA,0.06060286560594625
2024-11-27,UGA,0.04056954635179685
2024-11-28,UGA,0.29755294130074433
2024-11-29,UGA,0.14517705330662736
2024-11-30,UGA,0.08922298753626758
2024-12-01,UGA,0.02456813465064961
2024-12-02,UGA,0.02084697382736928
2024-12-03,UGA,0.021275935193484908
2024-12-04,UGA,0.026063905201053002
2024-12-05,UGA,0.017117749943947422
2024-12-06,UGA,0.01617020951263433
2024-12-07,UGA,0.01321058771944008
2024-12-08,UGA,0.10451173118673333
2024-12-09,UGA,0.016541184246925085
2024-12-10,UGA,0.022046729546681385
2024-12-11,UGA,0.01926389310567437
2024-12-12,UGA,0.019413100632542524
2024-12-13,UGA,0.015589046346925275
2024-12-14,UGA,0.014915922731081603
2024-12-15,UGA,0.016001774269148592
2024-12-16,UGA,0.024490087503215262
2024-12-17,UGA,0.023586958744935622
2024-12-18,UGA,0.018548385472545635
2024-12-19,UGA,0.013659347601121823
2024-12-20,UGA,0.013262966007060707
2024-12-21,UGA,0.014724659998491561
2024-12-22,UGA,0.015823562562686907
2024-12-23,UGA,0.015024027820251824
2024-12-24,UGA,0.01666704374520003
2024-12-25,UGA,0.027750245365352196
2024-12-26,UGA,0.05842219912188491
2024-12-27,UGA,0.1116818887312265
2024-12-28,UGA,0.06051090304028367
2024-12-29,UGA,0.13252846640331076
2024-12-30,UGA,0.13252846640331076
2024-12-31,UGA,0.014403708018697649
2025-01-01,UGA,0.019055010983071496
2025-01-02,UGA,0.014418781588161948
2025-01-03,UGA,0.015617965780651463
2025-01-04,UGA,0.014370506538143498
2025-01-05,UGA,0.02562137890006053
2025-01-06,UGA,0.017135743363614696
2025-01-07,UGA,0.12617713742599018
2025-01-08,UGA,0.04577834234245175
2025-01-09,UGA,0.028266317605322968
2025-01-10,UGA,0.04393935062785234
2025-01-11,UGA,0.02124172003846905
2025-01-12,UGA,0.0193893430103861
2025-01-13,UGA,0.01831791250761765
2025-01-14,UGA,0.013855166352197952
2025-01-15,UGA,0.031808752378034995
2025-01-16,UGA,0.013313035570777643
2025-01-17,UGA,0.013355128000414142
2025-01-18,UGA,0.01949304114252902
2025-01-19,UGA,0.015000389821744049
2025-01-20,UGA,0.016434683063710886
2025-01-21,UGA,0.019651249033087445
2025-01-22,UGA,0.02897892618805804
2025-01-23,UGA,0.1005703688185285
2025-01-24,UGA,0.07645887093320262
2025-01-25,UGA,0.048768485807676384
2025-01-26,UGA,0.0897801370915822
2025-01-27,UGA,0.01615855445284163
2025-01-28,UGA,0.029343373815359557
2025-01-29,UGA,0.015259731730699737
2025-01-30,UGA,0.013559305486262897
2025-01-31,UGA,0.012670903763696536
2025-02-01,UGA,0.020261280414263595
2025-02-02,UGA,0.018493324893208877
2025-02-03,UGA,0.016636887744087572
2025-02-04,UGA,0.012789694983102375
2025-02-05,UGA,0.013699173066341759
2025-02-06,UGA,0.013475862092781395
2025-02-07,UGA,0.01879371810999954
2025-02-08,UGA,0.015197750157605678
2025-02-09,UGA,0.22548189043288616
2025-02-10,UGA,0.10467009005963027
2025-02-11,UGA,0.0685817462708528
2025-02-12,UGA,0.1734072827094474
2025-02-13,UGA,0.16313233312237474
2025-02-14,UGA,0.10266769153971055
2025-02-15,UGA,0.21352816243014586
2025-02-16,UGA,0.22061152282124202
2025-02-17,UGA,0.03994960225255464
2025-02-18,UGA,0.09549951284367011
2025-02-19,UGA,0.031009825110044832
2025-02-20,UGA,0.01708175708305861
2025-02-21,UGA,0.09218844049060482
2025-02-22,UGA,0.0316794034530712
2025-02-23,UGA,0.03073923345158377
2025-02-24,UGA,0.017324090952620042
2025-02-25,UGA,0.03286154788530725
2025-02-26,UGA,0.03936528231653144
2025-02-27,UGA,0.040792352915138885
2025-02-28,UGA,0.136635350454025
2025-03-01,UGA,0.024098050534066384
2025-03-02,UGA,0.028487111425013898
2025-03-03,UGA,0.05048975900894574
2025-03-04,UGA,0.029332664794634606
2025-03-05,UGA,0.06293067113745063
2025-03-06,UGA,0.014234923059787092
2025-03-07,UGA,0.027720267027078065
2025-03-08,UGA,0.013314110253984102
2025-03-09,UGA,0.01688131350539084
2025-03-10,UGA,0.01752008406077388
2025-03-11,UGA,0.016223312748520693
2025-03-12,UGA,0.017742327584316566
2025-03-13,UGA,0.014047966131489788
2025-03-14,UGA,0.09823812178117845
2025-03-15,UGA,0.12229113186220479
2025-03-16,UGA,0.14063626157486642
2025-03-17,UGA,0.019804402862987888
2025-03-18,UGA,0.08234948199439726
2025-03-19,UGA,0.023570980943157935
2025-03-20,UGA,0.020011237814214853
2025-03-21,UGA,0.032746634620629905
2025-03-22,UGA,0.0714796077174368
2025-03-23,UGA,0.025516419550012444
2025-03-24,UGA,0.028275113982473916
2025-03-25,UGA,0.017789018640896485
2025-03-26,UGA,0.08458868554517883
2025-03-27,UGA,0.028937445811211892
2025-03-28,UGA,0.023502781588796744
2024-07-01,ERI,0.011732511491006454
2024-07-02,ERI,0.011995094156589533
2024-07-03,ERI,0.011762436089915345
2024-07-04,ERI,0.011818075934740036
2024-07-05,ERI,0.01198242729914622
2024-07-06,ERI,0.012174694827529996
2024-07-07,ERI,0.012243872747330794
2024-07-08,ERI,0.01135821959268941
2024-07-09,ERI,0.011434753070820279
2024-07-10,ERI,0.012594364042893104
2024-07-11,ERI,0.012313399955733287
2024-07-12,ERI,0.012616255069046522
2024-07-13,ERI,0.013746321020569488
2024-07-14,ERI,0.014705219730778435
2024-07-15,ERI,0.012770878978538045
2024-07-16,ERI,0.012956142617082925
2024-07-17,ERI,0.011892446019731584
2024-07-18,ERI,0.012399140312968777
2024-07-19,ERI,0.012310591042366129
2024-07-20,ERI,0.012943039804412785
2024-07-21,ERI,0.014123314572249482
2024-07-22,ERI,0.018196823400584223
2024-07-23,ERI,0.015636299747097133
2024-07-24,ERI,0.011720648262670942
2024-07-25,ERI,0.0122368058313843
2024-07-26,ERI,0.014633751635194345
2024-07-27,ERI,0.011923895434729844
2024-07-28,ERI,0.012970122405991703
2024-07-29,ERI,0.013899140231626557
2024-07-30,ERI,0.013741365178437846
2024-07-31,ERI,0.011680884687992232
2024-08-01,ERI,0.011502282088839523
2024-08-02,ERI,0.011500600321681745
2024-08-03,ERI,0.012411050111791234
2024-08-04,ERI,0.03022253539029816
2024-08-05,ERI,0.011864131237824944
2024-08-06,ERI,0.011228674398360089
2024-08-07,ERI,0.011446319808105345
2024-08-08,ERI,0.011805548911064893
2024-08-09,ERI,0.011249267246395448
2024-08-10,ERI,0.012233363446566664
2024-08-11,ERI,0.01210897961082364
2024-08-12,ERI,0.0126996849367936
2024-08-13,ERI,0.011133509216882935
2024-08-14,ERI,0.012377595849158573
2024-08-15,ERI,0.09031639868426569
2024-08-16,ERI,0.013253546165235318
2024-08-17,ERI,0.011438728983625685
2024-08-18,ERI,0.012305249977693786
2024-08-19,ERI,0.19690605182731502
2024-08-20,ERI,0.012599428740494875
2024-08-21,ERI,0.013227965409287326
2024-08-22,ERI,0.011278760530037301
2024-08-23,ERI,0.011088040531092934
2024-08-24,ERI,0.010934273965153556
2024-08-25,ERI,0.0110451543661934
2024-08-26,ERI,0.011078907371959879
2024-08-27,ERI,0.011051425638683065
2024-08-28,ERI,0.011059673152805236
2024-08-29,ERI,0.011396615337118466
2024-08-30,ERI,0.011489242484745517
2024-08-31,ERI,0.011390988672839207
2024-09-01,ERI,0.011632545340345524
2024-09-02,ERI,0.012552312064015527
2024-09-03,ERI,0.01296865440541282
2024-09-04,ERI,0.013697623300904198
2024-09-05,ERI,0.012735931166458495
2024-09-06,ERI,0.012949429785103755
2024-09-07,ERI,0.012956165851755477
2024-09-08,ERI,0.01942123388173704
2024-09-09,ERI,0.021227895169520877
2024-09-10,ERI,0.01765560710753873
2024-09-11,ERI,0.013105186119142371
2024-09-12,ERI,0.01336231789562076
2024-09-13,ERI,0.012407934287087877
2024-09-14,ERI,0.011603041393558075
2024-09-15,ERI,0.012474804627780105
2024-09-16,ERI,0.012589619722732861
2024-09-17,ERI,0.013359699463295925
2024-09-18,ERI,0.012265184090863452
2024-09-19,ERI,0.012748360177435887
2024-09-20,ERI,0.013861780069502136
2024-09-21,ERI,0.012387407510750126
2024-09-22,ERI,0.015954802847368794
2024-09-23,ERI,0.0159809803189171
2024-09-24,ERI,0.013650036385378614
2024-09-25,ERI,0.015521615120338736
2024-09-26,ERI,0.01655713145310419
2024-09-27,ERI,0.013969362277464661
2024-09-28,ERI,0.014124285030602198
2024-09-29,ERI,0.014178253481576353
2024-09-30,ERI,0.012248310749823708
2024-10-01,ERI,0.012318031561299611
2024-10-02,ERI,0.011969477847176831
2024-10-03,ERI,0.012325859739643496
2024-10-04,ERI,0.01179316910654763
2024-10-05,ERI,0.011884910663766067
2024-10-06,ERI,0.012390369665866912
2024-10-07,ERI,0.012325984266099993
2024-10-08,ERI,0.011723787128166038
2024-10-09,ERI,0.012488452981788366
2024-10-10,ERI,0.012525497769012663
2024-10-11,ERI,0.012320135955016928
2024-10-12,ERI,0.011209465430910006
2024-10-13,ERI,0.012054844475159775
2024-10-14,ERI,0.0125952063501351
2024-10-15,ERI,0.012885795815630926
2024-10-16,ERI,0.012082446084486647
2024-10-17,ERI,0.01231910150308198
2024-10-18,ERI,0.012963949363918068
2024-10-19,ERI,0.011376626326073122
2024-10-20,ERI,0.011611933672847234
2024-10-21,ERI,0.011554519576098668
2024-10-22,ERI,0.011476343070620086
2024-10-23,ERI,0.011200669995141367
2024-10-24,ERI,0.011918197947171564
2024-10-25,ERI,0.011222407703406732
2024-10-26,ERI,0.01137061368798751
2024-10-27,ERI,0.012567444755835265
2024-10-28,ERI,0.01216264646209902
2024-10-29,ERI,0.012061770890545158
2024-10-30,ERI,0.011401551661483015
2024-10-31,ERI,0.011155168573371626
2024-11-01,ERI,0.012480439745810087
2024-11-02,ERI,0.011716059931378135
2024-11-03,ERI,0.01227336462549789
2024-11-04,ERI,0.01246145195967247
2024-11-05,ERI,0.012019370564721452
2024-11-06,ERI,0.011750009542459161
2024-11-07,ERI,0.011423462015576761
2024-11-08,ERI,0.011128618843939692
2024-11-09,ERI,0.011704457197966174
2024-11-10,ERI,0.011544572576599771
2024-11-11,ERI,0.01252224079440647
2024-11-12,ERI,0.011440929985385446
2024-11-13,ERI,0.011677719422203596
2024-11-14,ERI,0.011860811119883024
2024-11-15,ERI,0.012267104917079668
2024-11-16,ERI,0.012161517382344323
2024-11-17,ERI,0.012984431307256822
2024-11-18,ERI,0.01255757340664351
2024-11-19,ERI,0.01153553319250737
2024-11-20,ERI,0.013459197946984833
2024-11-21,ERI,0.012172104474244771
2024-11-22,ERI,0.012526524655058057
2024-11-23,ERI,0.011080843794993637
2024-11-24,ERI,0.011804512375521124
2024-11-25,ERI,0.011621434695013668
2024-11-26,ERI,0.011858279736098125
2024-11-27,ERI,0.01212307177824402
2024-11-28,ERI,0.011793871290855316
2024-11-29,ERI,0.012364391002912546
2024-11-30,ERI,0.011588125868903286
2024-12-01,ERI,0.012097054820225895
2024-12-02,ERI,0.011708085031817018
2024-12-03,ERI,0.01247540858774059
2024-12-04,ERI,0.011307560787040274
2024-12-05,ERI,0.011423234355757773
2024-12-06,ERI,0.011269876995096881
2024-12-07,ERI,0.012484835576856397
2024-12-08,ERI,0.012511109270690034
2024-12-09,ERI,0.01255807354964692
2024-12-10,ERI,0.01135757171633537
2024-12-11,ERI,0.01174671180891389
2024-12-12,ERI,0.011667278814035151
2024-12-13,ERI,0.01340249044047947
2024-12-14,ERI,0.012386052410790984
2024-12-15,ERI,0.01306944171829798
2024-12-16,ERI,0.014096482768955842
2024-12-17,ERI,0.013492455317029603
2024-12-18,ERI,0.016620828212308068
2024-12-19,ERI,0.017138009021545744
2024-12-20,ERI,0.017084462842991525
2024-12-21,ERI,0.014296000198641988
2024-12-22,ERI,0.02270088084007556
2024-12-23,ERI,0.02462607046547535
2024-12-24,ERI,0.01427989037232661
2024-12-25,ERI,0.01716994415319443
2024-12-26,ERI,0.017612344034526176
2024-12-27,ERI,0.01682192987773404
2024-12-28,ERI,0.018233340524643066
2024-12-29,ERI,0.02432159816364342
2024-12-30,ERI,0.021747776769528795
2024-12-31,ERI,0.01365965652911163
2025-01-01,ERI,0.012479206322012599
2025-01-02,ERI,0.015542229720381934
2025-01-03,ERI,0.011969535761509099
2025-01-04,ERI,0.014000081337111208
2025-01-05,ERI,0.0140081363453222
2025-01-06,ERI,0.016975393660049694
2025-01-07,ERI,0.016515197872323896
2025-01-08,ERI,0.011934203482606527
2025-01-09,ERI,0.012155649448261854
2025-01-10,ERI,0.011739771042627821
2025-01-11,ERI,0.011415224943980534
2025-01-12,ERI,0.012669892277408877
2025-01-13,ERI,0.01260049356671195
2025-01-14,ERI,0.011470521173214128
2025-01-15,ERI,0.011744645465890803
2025-01-16,ERI,0.011764517610617642
2025-01-17,ERI,0.012612631474919374
2025-01-18,ERI,0.012823945471569701
2025-01-19,ERI,0.014304836886145818
2025-01-20,ERI,0.01669830918784306
2025-01-21,ERI,0.013602174982312467
2025-01-22,ERI,0.014865152363235087
2025-01-23,ERI,0.019447010263266437
2025-01-24,ERI,0.018836072256561604
2025-01-25,ERI,0.013833599279393174
2025-01-26,ERI,0.013462508253035169
2025-01-27,ERI,0.014660745104509492
2025-01-28,ERI,0.012988652538507102
2025-01-29,ERI,0.01445704694635049
2025-01-30,ERI,0.01535064771947048
2025-01-31,ERI,0.013541578775879729
2025-02-01,ERI,0.016200811435835193
2025-02-02,ERI,0.015905915211970583
2025-02-03,ERI,0.01448914624917552
2025-02-04,ERI,0.014100036439836537
2025-02-05,ERI,0.013663136650248448
2025-02-06,ERI,0.0128647795649817
2025-02-07,ERI,0.014679742748945644
2025-02-08,ERI,0.013863450132984872
2025-02-09,ERI,0.015085060157994807
2025-02-10,ERI,0.01496277452031836
2025-02-11,ERI,0.013367632846792866
2025-02-12,ERI,0.01225166715120071
2025-02-13,ERI,0.011697748089898945
2025-02-14,ERI,0.011434313827080695
2025-02-15,ERI,0.011593097788437774
2025-02-16,ERI,0.011331174375543429
2025-02-17,ERI,0.011266965371438816
2025-02-18,ERI,0.01141150808514116
2025-02-19,ERI,0.01157636221662286
2025-02-20,ERI,0.011363217283539454
2025-02-21,ERI,0.01162827420680288
2025-02-22,ERI,0.01302412229097823
2025-02-23,ERI,0.013502090721980407
2025-02-24,ERI,0.015536809801263625
2025-02-25,ERI,0.016184284591319053
2025-02-26,ERI,0.014882623219933064
2025-02-27,ERI,0.014315027894901942
2025-02-28,ERI,0.011938646847042824
2025-03-01,ERI,0.012186975087915079
2025-03-02,ERI,0.013008700259790429
2025-03-03,ERI,0.012715579905862374
2025-03-04,ERI,0.011580915141251948
2025-03-05,ERI,0.012762529374055812
2025-03-06,ERI,0.012324379732940028
2025-03-07,ERI,0.013644488628384322
2025-03-08,ERI,0.014961391361612404
2025-03-09,ERI,0.016321780499320572
2025-03-10,ERI,0.012729283666763555
2025-03-11,ERI,0.013972957320190167
2025-03-12,ERI,0.013110340937679153
2025-03-13,ERI,0.0124452435347481
2025-03-14,ERI,0.014009212150866004
2025-03-15,ERI,0.012594241198886877
2025-03-16,ERI,0.012825366836599543
2025-03-17,ERI,0.01223325024573606
2025-03-18,ERI,0.011715351186084948
2025-03-19,ERI,0.011561593760267504
2025-03-20,ERI,0.011730335096316052
2025-03-21,ERI,0.01195462583951627
2025-03-22,ERI,0.011761481168122655
2025-03-23,ERI,0.011726453896170832
2025-03-24,ERI,0.01237920401820076
2025-03-25,ERI,0.013278416420036293
2025-03-26,ERI,0.01384492906462606
2025-03-27,ERI,0.013008291386790492
2025-03-28,ERI,0.011637790213412616
2024-07-01,MOZ,0.012828004176542947
2024-07-02,MOZ,0.012768930476732509
2024-07-03,MOZ,0.014074700490164096
2024-07-04,MOZ,0.012455510185949403
2024-07-05,MOZ,0.0141196341927749
2024-07-06,MOZ,0.025991152108101684
2024-07-07,MOZ,0.0316819773182645
2024-07-08,MOZ,0.016601114760565513
2024-07-09,MOZ,0.022699594470450172
2024-07-10,MOZ,0.02103252406056482
2024-07-11,MOZ,0.05677462527594323
2024-07-12,MOZ,0.03319860282823939
2024-07-13,MOZ,0.08736683128362067
2024-07-14,MOZ,0.05017073624954633
2024-07-15,MOZ,0.06691145145697801
2024-07-16,MOZ,0.04879292318544069
2024-07-17,MOZ,0.016658930770968878
2024-07-18,MOZ,0.01957659956444619
2024-07-19,MOZ,0.01935807935829228
2024-07-20,MOZ,0.028388008269735955
2024-07-21,MOZ,0.03133991214980614
2024-07-22,MOZ,0.03168170939682771
2024-07-23,MOZ,0.039313721393592904
2024-07-24,MOZ,0.02643064043738917
2024-07-25,MOZ,0.05125183857777744
2024-07-26,MOZ,0.1507874402873256
2024-07-27,MOZ,0.2081683683278387
2024-07-28,MOZ,0.24070367816794552
2024-07-29,MOZ,0.2976147808834787
2024-07-30,MOZ,0.2505280546130305
2024-07-31,MOZ,0.24113623405370826
2024-08-01,MOZ,0.2572241846564949
2024-08-02,MOZ,0.2131874758301192
2024-08-03,MOZ,0.17994245142989024
2024-08-04,MOZ,0.2416740706016054
2024-08-05,MOZ,0.06381701121647172
2024-08-06,MOZ,0.02885762971264476
2024-08-07,MOZ,0.1497411103100017
2024-08-08,MOZ,0.1805719361611619
2024-08-09,MOZ,0.13843163798089766
2024-08-10,MOZ,0.029077571613302693
2024-08-11,MOZ,0.11339354968471461
2024-08-12,MOZ,0.164105896437278
2024-08-13,MOZ,0.04559727307317269
2024-08-14,MOZ,0.06316505771416296
2024-08-15,MOZ,0.037868788111564786
2024-08-16,MOZ,0.0932470304610279
2024-08-17,MOZ,0.022996065689513605
2024-08-18,MOZ,0.012015920042857495
2024-08-19,MOZ,0.015409851273957088
2024-08-20,MOZ,0.01335129778731681
2024-08-21,MOZ,0.017058281536009877
2024-08-22,MOZ,0.03531520440188348
2024-08-23,MOZ,0.06134527171595219
2024-08-24,MOZ,0.14306377204858664
2024-08-25,MOZ,0.09204127802183037
2024-08-26,MOZ,0.16660684093984937
2024-08-27,MOZ,0.15706179151476612
2024-08-28,MOZ,0.24113920815029216
2024-08-29,MOZ,0.22860627858404953
2024-08-30,MOZ,0.10309806791116442
2024-08-31,MOZ,0.19124084900984936
2024-09-01,MOZ,0.20794140695694602
2024-09-02,MOZ,0.2143305025440158
2024-09-03,MOZ,0.21396217887649116
2024-09-04,MOZ,0.1270906936888013
2024-09-05,MOZ,0.232918916061635
2024-09-06,MOZ,0.10494160556808195
2024-09-07,MOZ,0.01839802509724984
2024-09-08,MOZ,0.027327970637615485
2024-09-09,MOZ,0.024047925150422225
2024-09-10,MOZ,0.017697839315467416
2024-09-11,MOZ,0.06955314330561564
2024-09-12,MOZ,0.011763211670833653
2024-09-13,MOZ,0.012374020839255206
2024-09-14,MOZ,0.011926358558630468
2024-09-15,MOZ,0.012108345762201695
2024-09-16,MOZ,0.012037672571694719
2024-09-17,MOZ,0.03147567651702219
2024-09-18,MOZ,0.012729352212373868
2024-09-19,MOZ,0.05596777530239817
2024-09-20,MOZ,0.04111750556321478
2024-09-21,MOZ,0.03331348136733097
2024-09-22,MOZ,0.05099226582355125
2024-09-23,MOZ,0.04478478809467933
2024-09-24,MOZ,0.018956528037431485
2024-09-25,MOZ,0.01785908471309026
2024-09-26,MOZ,0.02062077602992301
2024-09-27,MOZ,0.01280371189488835
2024-09-28,MOZ,0.014149517462922671
2024-09-29,MOZ,0.0171953935152979
2024-09-30,MOZ,0.017400538747132568
2024-10-01,MOZ,0.21226425627235623
2024-10-02,MOZ,0.01186161913987621
2024-10-03,MOZ,0.011573248295000775
2024-10-04,MOZ,0.011603534878578022
2024-10-05,MOZ,0.011642700232298582
2024-10-06,MOZ,0.011916308506801317
2024-10-07,MOZ,0.01213465673801205
2024-10-08,MOZ,0.012606971411910185
2024-10-09,MOZ,0.020960457659951397
2024-10-10,MOZ,0.16830898444627393
2024-10-11,MOZ,0.12055534386623203
2024-10-12,MOZ,0.15803193064075108
2024-10-13,MOZ,0.20130066523861037
2024-10-14,MOZ,0.19508184246968632
2024-10-15,MOZ,0.13145394480422937
2024-10-16,MOZ,0.08271774420940714
2024-10-17,MOZ,0.07059151299828435
2024-10-18,MOZ,0.14505477832637853
2024-10-19,MOZ,0.0815988795005418
2024-10-20,MOZ,0.08322056106179415
2024-10-21,MOZ,0.0611742436885597
2024-10-22,MOZ,0.026422440712105436
2024-10-23,MOZ,0.12018546934498076
2024-10-24,MOZ,0.14118297670952928
2024-10-25,MOZ,0.02474337314134542
2024-10-26,MOZ,0.0524271969703089
2024-10-27,MOZ,0.034466007853991495
2024-10-28,MOZ,0.06151066106345161
2024-10-29,MOZ,0.037237882323588274
2024-10-30,MOZ,0.020922535429260987
2024-10-31,MOZ,0.03231386368033073
2024-11-01,MOZ,0.02208071114941773
2024-11-02,MOZ,0.013827035836358706
2024-11-03,MOZ,0.015724837385185934
2024-11-04,MOZ,0.021931412476866478
2024-11-05,MOZ,0.013794522860299878
2024-11-06,MOZ,0.04608739131894148
2024-11-07,MOZ,0.021425662453799333
2024-11-08,MOZ,0.025907874073665193
2024-11-09,MOZ,0.03669004395748724
2024-11-10,MOZ,0.01416932933555364
2024-11-11,MOZ,0.013758825216086882
2024-11-12,MOZ,0.013344910382467313
2024-11-13,MOZ,0.06667104670494531
2024-11-14,MOZ,0.03662223902246583
2024-11-15,MOZ,0.017900684184295163
2024-11-16,MOZ,0.014956828091470153
2024-11-17,MOZ,0.1432314115806492
2024-11-18,MOZ,0.025070827814594455
2024-11-19,MOZ,0.020790197840152954
2024-11-20,MOZ,0.01257298427470276
2024-11-21,MOZ,0.013371543594430072
2024-11-22,MOZ,0.019321678086759404
2024-11-23,MOZ,0.0134747761872496
2024-11-24,MOZ,0.011237546272901638
2024-11-25,MOZ,0.014617118488465829
2024-11-26,MOZ,0.011176324484908524
2024-11-27,MOZ,0.012238596201265417
2024-11-28,MOZ,0.011330762153889642
2024-11-29,MOZ,0.011215071661055618
2024-11-30,MOZ,0.011338099730591498
2024-12-01,MOZ,0.015203127803599366
2024-12-02,MOZ,0.021758227941300192
2024-12-03,MOZ,0.01603083105554233
2024-12-04,MOZ,0.03797889229307133
2024-12-05,MOZ,0.020092940748086374
2024-12-06,MOZ,0.0405272613623963
2024-12-07,MOZ,0.04643550540786191
2024-12-08,MOZ,0.02476857110470179
2024-12-09,MOZ,0.09562176444801948
2024-12-10,MOZ,0.03420974978964326
2024-12-11,MOZ,0.10287802516766441
2024-12-12,MOZ,0.14708296387043532
2024-12-13,MOZ,0.1830672542328743
2024-12-14,MOZ,0.14712314258205464
2024-12-15,MOZ,0.17128396467642612
2024-12-16,MOZ,0.17053191324906927
2024-12-17,MOZ,0.1425000593334551
2024-12-18,MOZ,0.09099483993909352
2024-12-19,MOZ,0.027396491165268714
2024-12-20,MOZ,0.01691351834558831
2024-12-21,MOZ,0.06825868865236691
2024-12-22,MOZ,0.1470189053738628
2024-12-23,MOZ,0.10227339650845861
2024-12-24,MOZ,0.024046897022051535
2024-12-25,MOZ,0.13941013481803893
2024-12-26,MOZ,0.03972267903839996
2024-12-27,MOZ,0.04158926277613721
2024-12-28,MOZ,0.02428108961617586
2024-12-29,MOZ,0.015600974078754234
2024-12-30,MOZ,0.03749885145790907
2024-12-31,MOZ,0.023078553873150776
2025-01-01,MOZ,0.012158554720071347
2025-01-02,MOZ,0.023309271565525872
2025-01-03,MOZ,0.014913932812911741
2025-01-04,MOZ,0.019377138879221614
2025-01-05,MOZ,0.013931057992175243
2025-01-06,MOZ,0.01351809231466793
2025-01-07,MOZ,0.013391767034650809
2025-01-08,MOZ,0.20952366666433023
2025-01-09,MOZ,0.09782461475689928
2025-01-10,MOZ,0.04876444739897084
2025-01-11,MOZ,0.02826543344177775
2025-01-12,MOZ,0.016449710015257146
2025-01-13,MOZ,0.09048953297996154
2025-01-14,MOZ,0.03341895660123155
2025-01-15,MOZ,0.08365179660169181
2025-01-16,MOZ,0.013713409287215383
2025-01-17,MOZ,0.015169987500741795
2025-01-18,MOZ,0.01635887031276261
2025-01-19,MOZ,0.014657379474437513
2025-01-20,MOZ,0.01724546826942137
2025-01-21,MOZ,0.01633307041529538
2025-01-22,MOZ,0.01752407175965544
2025-01-23,MOZ,0.030702188349318482
2025-01-24,MOZ,0.0172868705991603
2025-01-25,MOZ,0.022038013495717376
2025-01-26,MOZ,0.023627648819918527
2025-01-27,MOZ,0.013220966907773607
2025-01-28,MOZ,0.01578728578786322
2025-01-29,MOZ,0.013517982814627523
2025-01-30,MOZ,0.014723825554719036
2025-01-31,MOZ,0.013104412806878208
2025-02-01,MOZ,0.01470248065877096
2025-02-02,MOZ,0.01843247566578192
2025-02-03,MOZ,0.019258912842513163
2025-02-04,MOZ,0.011912985409737745
2025-02-05,MOZ,0.026985106601566396
2025-02-06,MOZ,0.01856063210338196
2025-02-07,MOZ,0.02312850268661266
2025-02-08,MOZ,0.0198311722475693
2025-02-09,MOZ,0.016030040165986668
2025-02-10,MOZ,0.014452022091213148
2025-02-11,MOZ,0.012584103638345251
2025-02-12,MOZ,0.03232257784156866
2025-02-13,MOZ,0.015772306527498454
2025-02-14,MOZ,0.012228097927281398
2025-02-15,MOZ,0.01420574293131095
2025-02-16,MOZ,0.011781753197167297
2025-02-17,MOZ,0.011717731400815546
2025-02-18,MOZ,0.017685775646267096
2025-02-19,MOZ,0.017283310672106783
2025-02-20,MOZ,0.013481253631939213
2025-02-21,MOZ,0.018724522172367926
2025-02-22,MOZ,0.012979481493858268
2025-02-23,MOZ,0.012120607046085549
2025-02-24,MOZ,0.013845349551345539
2025-02-25,MOZ,0.012806087787325135
2025-02-26,MOZ,0.013583246335856338
2025-02-27,MOZ,0.012896926178728823
2025-02-28,MOZ,0.012898461081873301
2025-03-01,MOZ,0.01267677121493856
2025-03-02,MOZ,0.016926565547927114
2025-03-03,MOZ,0.021442032116361347
2025-03-04,MOZ,0.01870381247758739
2025-03-05,MOZ,0.03253252249214951
2025-03-06,MOZ,0.1478728054653308
2025-03-07,MOZ,0.060361457527494146
2025-03-08,MOZ,0.13543681457448833
2025-03-09,MOZ,0.09533285595187502
2025-03-10,MOZ,0.09261163962564753
2025-03-11,MOZ,0.06419766087547765
2025-03-12,MOZ,0.027708854190560978
2025-03-13,MOZ,0.026999555467921706
2025-03-14,MOZ,0.24753008487266687
2025-03-15,MOZ,0.08173010494099868
2025-03-16,MOZ,0.059068658977430764
2025-03-17,MOZ,0.04890632628803684
2025-03-18,MOZ,0.019282330289867002
2025-03-19,MOZ,0.0708492027956563
2025-03-20,MOZ,0.017570034523057155
2025-03-21,MOZ,0.011549110726857277
2025-03-22,MOZ,0.011896423520767934
2025-03-23,MOZ,0.016307715134740858
2025-03-24,MOZ,0.014073663497880452
2025-03-25,MOZ,0.013220677454197064
2025-03-26,MOZ,0.01259395668442505
2025-03-27,MOZ,0.05291728170665944
2025-03-28,MOZ,0.12382093200477859
2024-07-01,ZWE,0.03494716387639477
2024-07-02,ZWE,0.07729735198584234
2024-07-03,ZWE,0.03692782621579041
2024-07-04,ZWE,0.03895034215696027
2024-07-05,ZWE,0.03966559213718384
2024-07-06,ZWE,0.14684192080364566
2024-07-07,ZWE,0.2158455973808389
2024-07-08,ZWE,0.11914631004938783
2024-07-09,ZWE,0.028851981049218038
2024-07-10,ZWE,0.032368396901364845
2024-07-11,ZWE,0.03175795134910926
2024-07-12,ZWE,0.0373448748718724
2024-07-13,ZWE,0.06482257090716205
2024-07-14,ZWE,0.13404356927407549
2024-07-15,ZWE,0.036863131799697635
2024-07-16,ZWE,0.07574930405176843
2024-07-17,ZWE,0.10143560181917428
2024-07-18,ZWE,0.10200210212740565
2024-07-19,ZWE,0.041681444664326724
2024-07-20,ZWE,0.05395346580019094
2024-07-21,ZWE,0.0130165011069331
2024-07-22,ZWE,0.013473529187246404
2024-07-23,ZWE,0.035327162090175154
2024-07-24,ZWE,0.012792947749764094
2024-07-25,ZWE,0.01813406280717969
2024-07-26,ZWE,0.012610539817481978
2024-07-27,ZWE,0.016917121332620803
2024-07-28,ZWE,0.01638504487633273
2024-07-29,ZWE,0.03181523796240003
2024-07-30,ZWE,0.013490905409224116
2024-07-31,ZWE,0.08091907837710878
2024-08-01,ZWE,0.04518645432614556
2024-08-02,ZWE,0.08354309113047431
2024-08-03,ZWE,0.014705561638670457
2024-08-04,ZWE,0.08295911107653142
2024-08-05,ZWE,0.016659048222289478
2024-08-06,ZWE,0.02288252830877858
2024-08-07,ZWE,0.015018909477824149
2024-08-08,ZWE,0.09137064874658334
2024-08-09,ZWE,0.03562667547811744
2024-08-10,ZWE,0.0799636913836858
2024-08-11,ZWE,0.039368249393948465
2024-08-12,ZWE,0.027096943572527305
2024-08-13,ZWE,0.03149624946830995
2024-08-14,ZWE,0.05310330039992952
2024-08-15,ZWE,0.012932781589646936
2024-08-16,ZWE,0.013082946425687605
2024-08-17,ZWE,0.01305316121804177
2024-08-18,ZWE,0.013435997120038009
2024-08-19,ZWE,0.014184897251600045
2024-08-20,ZWE,0.012363652462291692
2024-08-21,ZWE,0.012140132259221498
2024-08-22,ZWE,0.11751379965035931
2024-08-23,ZWE,0.01883532910913999
2024-08-24,ZWE,0.048859592877807466
2024-08-25,ZWE,0.037994991405383566
2024-08-26,ZWE,0.024091003856130052
2024-08-27,ZWE,0.03799614259641001
2024-08-28,ZWE,0.03131227968126041
2024-08-29,ZWE,0.06576780880721386
2024-08-30,ZWE,0.07583818327884866
2024-08-31,ZWE,0.058818778514165705
2024-09-01,ZWE,0.08723290369946615
2024-09-02,ZWE,0.09362507702658444
2024-09-03,ZWE,0.08414672823038688
2024-09-04,ZWE,0.023692190945301315
2024-09-05,ZWE,0.03450976639370816
2024-09-06,ZWE,0.020131457688494857
2024-09-07,ZWE,0.018278014073931356
2024-09-08,ZWE,0.03219279855769487
2024-09-09,ZWE,0.02127289001375571
2024-09-10,ZWE,0.02092322076895001
2024-09-11,ZWE,0.04253482679399387
2024-09-12,ZWE,0.033381065637569304
2024-09-13,ZWE,0.05176345127423084
2024-09-14,ZWE,0.06300592899689772
2024-09-15,ZWE,0.06428295770959108
2024-09-16,ZWE,0.057843513148627214
2024-09-17,ZWE,0.10676855932375308
2024-09-18,ZWE,0.05840944489051893
2024-09-19,ZWE,0.06586925257201585
2024-09-20,ZWE,0.06905243550835613
2024-09-21,ZWE,0.08078038236236353
2024-09-22,ZWE,0.06886284779168722
2024-09-23,ZWE,0.07059318185255152
2024-09-24,ZWE,0.07021442361368371
2024-09-25,ZWE,0.06500226276410896
2024-09-26,ZWE,0.06416479656297348
2024-09-27,ZWE,0.10381438526844537
2024-09-28,ZWE,0.21465779507736485
2024-09-29,ZWE,0.0382875130341523
2024-09-30,ZWE,0.037958157066526395
2024-10-01,ZWE,0.03249557621202921
2024-10-02,ZWE,0.027746639354254983
2024-10-03,ZWE,0.02779725575874855
2024-10-04,ZWE,0.023654717984657955
2024-10-05,ZWE,0.044520728702072375
2024-10-06,ZWE,0.028576773896394143
2024-10-07,ZWE,0.030667595571789216
2024-10-08,ZWE,0.017755660209783503
2024-10-09,ZWE,0.03665269832070831
2024-10-10,ZWE,0.03275650998877974
2024-10-11,ZWE,0.05873811278100194
2024-10-12,ZWE,0.1278231050121584
2024-10-13,ZWE,0.06750674357664994
2024-10-14,ZWE,0.05830787669769394
2024-10-15,ZWE,0.08009476725514333
2024-10-16,ZWE,0.17851788784856046
2024-10-17,ZWE,0.10906685642546181
2024-10-18,ZWE,0.13612852753725604
2024-10-19,ZWE,0.09574372736412623
2024-10-20,ZWE,0.09361399300361427
2024-10-21,ZWE,0.11190075442598627
2024-10-22,ZWE,0.0767682424880062
2024-10-23,ZWE,0.12005084597849185
2024-10-24,ZWE,0.14236663336024394
2024-10-25,ZWE,0.23291795902831494
2024-10-26,ZWE,0.245439722119151
2024-10-27,ZWE,0.055511500658634166
2024-10-28,ZWE,0.04930790221007717
2024-10-29,ZWE,0.038898496368160916
2024-10-30,ZWE,0.039330968782722346
2024-10-31,ZWE,0.055336227360502116
2024-11-01,ZWE,0.034417162668192634
2024-11-02,ZWE,0.03205608068236351
2024-11-03,ZWE,0.04381865077220499
2024-11-04,ZWE,0.04782290693759297
2024-11-05,ZWE,0.05025314953625903
2024-11-06,ZWE,0.04790552738454975
2024-11-07,ZWE,0.10319644973104188
2024-11-08,ZWE,0.08615548376733051
2024-11-09,ZWE,0.05789386884139983
2024-11-10,ZWE,0.15183352964738134
2024-11-11,ZWE,0.1666865459893424
2024-11-12,ZWE,0.07898271697152891
2024-11-13,ZWE,0.09086999457910903
2024-11-14,ZWE,0.0625163726459611
2024-11-15,ZWE,0.056479129453331334
2024-11-16,ZWE,0.032040264540827576
2024-11-17,ZWE,0.03478524863639397
2024-11-18,ZWE,0.013211300427062506
2024-11-19,ZWE,0.027183062773921834
2024-11-20,ZWE,0.01772249853223852
2024-11-21,ZWE,0.0178569451917881
2024-11-22,ZWE,0.015201737289634892
2024-11-23,ZWE,0.028374500773091317
2024-11-24,ZWE,0.03270117998445669
2024-11-25,ZWE,0.05027503986116675
2024-11-26,ZWE,0.027619199526021317
2024-11-27,ZWE,0.05716430579463864
2024-11-28,ZWE,0.06430473799568927
2024-11-29,ZWE,0.04581289628772725
2024-11-30,ZWE,0.04013684560193842
2024-12-01,ZWE,0.044713880927011194
2024-12-02,ZWE,0.052971200062352335
2024-12-03,ZWE,0.03912093969524091
2024-12-04,ZWE,0.06989418020697083
2024-12-05,ZWE,0.043431938512259294
2024-12-06,ZWE,0.06796086967848448
2024-12-07,ZWE,0.06178058422572799
2024-12-08,ZWE,0.04909184241333537
2024-12-09,ZWE,0.04560588989577299
2024-12-10,ZWE,0.07492017336069834
2024-12-11,ZWE,0.14988594363258423
2024-12-12,ZWE,0.06594874066535876
2024-12-13,ZWE,0.15382881845089807
2024-12-14,ZWE,0.03462961005847098
2024-12-15,ZWE,0.04166698789178346
2024-12-16,ZWE,0.04166698789178346
2024-12-17,ZWE,0.032574463156831525
2024-12-18,ZWE,0.02576341449803796
2024-12-19,ZWE,0.02404602030467318
2024-12-20,ZWE,0.014603898576775961
2024-12-21,ZWE,0.021000293500151618
2024-12-22,ZWE,0.017542659219945505
2024-12-23,ZWE,0.014358766712105021
2024-12-24,ZWE,0.016067747943116724
2024-12-25,ZWE,0.028824577661905937
2024-12-26,ZWE,0.06942375369629583
2024-12-27,ZWE,0.07849804268115929
2024-12-28,ZWE,0.04138773589044744
2024-12-29,ZWE,0.06048598511260096
2024-12-30,ZWE,0.05833827062958595
2024-12-31,ZWE,0.046900075259927426
2025-01-01,ZWE,0.2425691487689261
2025-01-02,ZWE,0.02185076396803509
2025-01-03,ZWE,0.03834610560015914
2025-01-04,ZWE,0.2251576967905238
2025-01-05,ZWE,0.2149206573445639
2025-01-06,ZWE,0.10117921043610026
2025-01-07,ZWE,0.0662689553569128
2025-01-08,ZWE,0.09900227211456405
2025-01-09,ZWE,0.0651608375063441
2025-01-10,ZWE,0.08167178870505316
2025-01-11,ZWE,0.054360903750148626
2025-01-12,ZWE,0.05399426283736381
2025-01-13,ZWE,0.05152975265128696
2025-01-14,ZWE,0.02830663506232137
2025-01-15,ZWE,0.06999297821507905
2025-01-16,ZWE,0.08330304060788045
2025-01-17,ZWE,0.11723058723784731
2025-01-18,ZWE,0.20533346618922024
2025-01-19,ZWE,0.07824370162567118
2025-01-20,ZWE,0.1113566363600541
2025-01-21,ZWE,0.08811662045555474
2025-01-22,ZWE,0.07907178186169075
2025-01-23,ZWE,0.16925629589625973
2025-01-24,ZWE,0.1666832338037846
2025-01-25,ZWE,0.12401625967842159
2025-01-26,ZWE,0.07480199277401753
2025-01-27,ZWE,0.10614378635148183
2025-01-28,ZWE,0.06028324861765595
2025-01-29,ZWE,0.03801626577221363
2025-01-30,ZWE,0.05842570462829291
2025-01-31,ZWE,0.04082739531957273
2025-02-01,ZWE,0.05799549412822235
2025-02-02,ZWE,0.09574020721803103
2025-02-03,ZWE,0.027424550897295785
2025-02-04,ZWE,0.02978186277159201
2025-02-05,ZWE,0.05993854006475418
2025-02-06,ZWE,0.027108812414825847
2025-02-07,ZWE,0.09835583570754908
2025-02-08,ZWE,0.09354719872301942
2025-02-09,ZWE,0.1011558544343966
2025-02-10,ZWE,0.07394612983020345
2025-02-11,ZWE,0.11547590448802851
2025-02-12,ZWE,0.10366457266186069
2025-02-13,ZWE,0.09358739712349058
2025-02-14,ZWE,0.14512556045291072
2025-02-15,ZWE,0.26931573473705817
2025-02-16,ZWE,0.0967435675880873
2025-02-17,ZWE,0.06992946183648262
2025-02-18,ZWE,0.09355811158025303
2025-02-19,ZWE,0.08859246290870221
2025-02-20,ZWE,0.11509381681643949
2025-02-21,ZWE,0.11754260437663629
2025-02-22,ZWE,0.04983659776970093
2025-02-23,ZWE,0.043286836405751476
2025-02-24,ZWE,0.05991845498015317
2025-02-25,ZWE,0.054279953977215294
2025-02-26,ZWE,0.041300999851066555
2025-02-27,ZWE,0.04391282519046984
2025-02-28,ZWE,0.040182406940692084
2025-03-01,ZWE,0.1308472909884897
2025-03-02,ZWE,0.06054781795956977
2025-03-03,ZWE,0.03498074822951655
2025-03-04,ZWE,0.04702497273917402
2025-03-05,ZWE,0.02317184078191945
2025-03-06,ZWE,0.03382499158682316
2025-03-07,ZWE,0.031391434837545765
2025-03-08,ZWE,0.036349979111465036
2025-03-09,ZWE,0.040155977287817654
2025-03-10,ZWE,0.04130437980983341
2025-03-11,ZWE,0.02793209939443211
2025-03-12,ZWE,0.03778299223920802
2025-03-13,ZWE,0.04284346384027515
2025-03-14,ZWE,0.043718396328478355
2025-03-15,ZWE,0.02621375335056926
2025-03-16,ZWE,0.03514626380674129
2025-03-17,ZWE,0.031036039810837045
2025-03-18,ZWE,0.01808920507802328
2025-03-19,ZWE,0.030194370043750515
2025-03-20,ZWE,0.018109572653114393
2025-03-21,ZWE,0.030037160618282675
2025-03-22,ZWE,0.01712381157134525
2025-03-23,ZWE,0.020273514866323766
2025-03-24,ZWE,0.018319160370947277
2025-03-25,ZWE,0.030035660496043455
2025-03-26,ZWE,0.029518056906677543
2025-03-27,ZWE,0.06486568949354397
2025-03-28,ZWE,0.036747877506812215
2024-07-01,MDG,0.011358364506625536
2024-07-02,MDG,0.011827523493504105
2024-07-03,MDG,0.010942337178524648
2024-07-04,MDG,0.011833210736649617
2024-07-05,MDG,0.010934604997954194
2024-07-06,MDG,0.010988136043921102
2024-07-07,MDG,0.010894143670653366
2024-07-08,MDG,0.010932211676209507
2024-07-09,MDG,0.010909278735274492
2024-07-10,MDG,0.011109633385390326
2024-07-11,MDG,0.011756008380106979
2024-07-12,MDG,0.011024542135202658
2024-07-13,MDG,0.01097006488487874
2024-07-14,MDG,0.011116782310200204
2024-07-15,MDG,0.011388627373397561
2024-07-16,MDG,0.011124354249516272
2024-07-17,MDG,0.01117039616629258
2024-07-18,MDG,0.013906324170590883
2024-07-19,MDG,0.013039536183283408
2024-07-20,MDG,0.011258451728414014
2024-07-21,MDG,0.011435962060213006
2024-07-22,MDG,0.025582323124963943
2024-07-23,MDG,0.012752844962326813
2024-07-24,MDG,0.012696449475398518
2024-07-25,MDG,0.02033029947554631
2024-07-26,MDG,0.012243648360119562
2024-07-27,MDG,0.013450208514207232
2024-07-28,MDG,0.01448785348403752
2024-07-29,MDG,0.013157676619232655
2024-07-30,MDG,0.015513590042384364
2024-07-31,MDG,0.012981034317821206
2024-08-01,MDG,0.0117769754377868
2024-08-02,MDG,0.012515476043809893
2024-08-03,MDG,0.01402798064015762
2024-08-04,MDG,0.014627887318490684
2024-08-05,MDG,0.015590874345751071
2024-08-06,MDG,0.015955799984738568
2024-08-07,MDG,0.013685834518008602
2024-08-08,MDG,0.011831421768820585
2024-08-09,MDG,0.011289282233658923
2024-08-10,MDG,0.012108385867445788
2024-08-11,MDG,0.011392976967356675
2024-08-12,MDG,0.012658530926752308
2024-08-13,MDG,0.012155690621216072
2024-08-14,MDG,0.011005390227839175
2024-08-15,MDG,0.01280636861790955
2024-08-16,MDG,0.01220245099732716
2024-08-17,MDG,0.012427376301294904
2024-08-18,MDG,0.013156532287790075
2024-08-19,MDG,0.011931440258625295
2024-08-20,MDG,0.011579408458189276
2024-08-21,MDG,0.011609586005091993
2024-08-22,MDG,0.011375131676987582
2024-08-23,MDG,0.010911092716813335
2024-08-24,MDG,0.01126177936660036
2024-08-25,MDG,0.01087689833731019
2024-08-26,MDG,0.010928816522464578
2024-08-27,MDG,0.01102498862715106
2024-08-28,MDG,0.010850613689015682
2024-08-29,MDG,0.011460723516552185
2024-08-30,MDG,0.011485345431238358
2024-08-31,MDG,0.011799470692652922
2024-09-01,MDG,0.011192641628000596
2024-09-02,MDG,0.011522910957442296
2024-09-03,MDG,0.01167902998165602
2024-09-04,MDG,0.017052927088809223
2024-09-05,MDG,0.011564624942716512
2024-09-06,MDG,0.0239238596713361
2024-09-07,MDG,0.01222613992249085
2024-09-08,MDG,0.011221109303212157
2024-09-09,MDG,0.01690251308484649
2024-09-10,MDG,0.011562814590442814
2024-09-11,MDG,0.012036445483033231
2024-09-12,MDG,0.01977387277807619
2024-09-13,MDG,0.015545327136341608
2024-09-14,MDG,0.013162517739356889
2024-09-15,MDG,0.011087869649665393
2024-09-16,MDG,0.010961125825030076
2024-09-17,MDG,0.01252586457261627
2024-09-18,MDG,0.015177676612491748
2024-09-19,MDG,0.011533769039636975
2024-09-20,MDG,0.011605542911761153
2024-09-21,MDG,0.012008386763650151
2024-09-22,MDG,0.010900257623447663
2024-09-23,MDG,0.010974512257205773
2024-09-24,MDG,0.01138988981815884
2024-09-25,MDG,0.012818071927302258
2024-09-26,MDG,0.011061287372916596
2024-09-27,MDG,0.01106000781655334
2024-09-28,MDG,0.011080721912605422
2024-09-29,MDG,0.013214896702622422
2024-09-30,MDG,0.011802236996310049
2024-10-01,MDG,0.0113897063467866
2024-10-02,MDG,0.025542067188204308
2024-10-03,MDG,0.012765018298564704
2024-10-04,MDG,0.011814169059779894
2024-10-05,MDG,0.01128975598819143
2024-10-06,MDG,0.02917462801334844
2024-10-07,MDG,0.011666958859940754
2024-10-08,MDG,0.01133665594984623
2024-10-09,MDG,0.015109961640902371
2024-10-10,MDG,0.011360758363174349
2024-10-11,MDG,0.011536875615954581
2024-10-12,MDG,0.013602158501957805
2024-10-13,MDG,0.01172654268391852
2024-10-14,MDG,0.011087417958104489
2024-10-15,MDG,0.013000397505653266
2024-10-16,MDG,0.011729928851224283
2024-10-17,MDG,0.012550278374281642
2024-10-18,MDG,0.011298443347721943
2024-10-19,MDG,0.012913879862535461
2024-10-20,MDG,0.01113297046047279
2024-10-21,MDG,0.011003496229947339
2024-10-22,MDG,0.011422833725204027
2024-10-23,MDG,0.011136177958184309
2024-10-24,MDG,0.011095746286955036
2024-10-25,MDG,0.011082460823866642
2024-10-26,MDG,0.011720328170245204
2024-10-27,MDG,0.011706045875970513
2024-10-28,MDG,0.011737411659802589
2024-10-29,MDG,0.011617877590633258
2024-10-30,MDG,0.011476993635769485
2024-10-31,MDG,0.012946786482002284
2024-11-01,MDG,0.014265968319952632
2024-11-02,MDG,0.011746583139419904
2024-11-03,MDG,0.013362995544943272
2024-11-04,MDG,0.02003113763645878
2024-11-05,MDG,0.013103232654945684
2024-11-06,MDG,0.02549790182185612
2024-11-07,MDG,0.013326151818604377
2024-11-08,MDG,0.015782065895638162
2024-11-09,MDG,0.014587389761482451
2024-11-10,MDG,0.06961476942716628
2024-11-11,MDG,0.011402659492830208
2024-11-12,MDG,0.012054948174330237
2024-11-13,MDG,0.011214447216843842
2024-11-14,MDG,0.013465301829942988
2024-11-15,MDG,0.011369329844290779
2024-11-16,MDG,0.011862737356561475
2024-11-17,MDG,0.012438144134617302
2024-11-18,MDG,0.015818909547666765
2024-11-19,MDG,0.013515962233302285
2024-11-20,MDG,0.0128276066279839
2024-11-21,MDG,0.011628342600404018
2024-11-22,MDG,0.011216582903463715
2024-11-23,MDG,0.010941328594254921
2024-11-24,MDG,0.01101540539920354
2024-11-25,MDG,0.011023952073653505
2024-11-26,MDG,0.010950948040038938
2024-11-27,MDG,0.01096453894368187
2024-11-28,MDG,0.013577352638979894
2024-11-29,MDG,0.011786959300617976
2024-11-30,MDG,0.01332961158438985
2024-12-01,MDG,0.029644111873146053
2024-12-02,MDG,0.011418045327985418
2024-12-03,MDG,0.011638728498470525
2024-12-04,MDG,0.013228095024914852
2024-12-05,MDG,0.011650378720400595
2024-12-06,MDG,0.011945228220391865
2024-12-07,MDG,0.012349485804671673
2024-12-08,MDG,0.030031339960708774
2024-12-09,MDG,0.012435935427049112
2024-12-10,MDG,0.01172915525408903
2024-12-11,MDG,0.011630046740155804
2024-12-12,MDG,0.01565657905317429
2024-12-13,MDG,0.011983284109422699
2024-12-14,MDG,0.02653311958599675
2024-12-15,MDG,0.018260348210549768
2024-12-16,MDG,0.014991952140742554
2024-12-17,MDG,0.02857984785772718
2024-12-18,MDG,0.01661799121771344
2024-12-19,MDG,0.011292897076523895
2024-12-20,MDG,0.01114246897844716
2024-12-21,MDG,0.01709660898469935
2024-12-22,MDG,0.013373012335574265
2024-12-23,MDG,0.011536205237707294
2024-12-24,MDG,0.011147783318098507
2024-12-25,MDG,0.010887808247459118
2024-12-26,MDG,0.011309985185464456
2024-12-27,MDG,0.01168996404358671
2024-12-28,MDG,0.01113357133169386
2024-12-29,MDG,0.011243904940395873
2024-12-30,MDG,0.014724705296110684
2024-12-31,MDG,0.013612937228054019
2025-01-01,MDG,0.07610807654314515
2025-01-02,MDG,0.014962815851598215
2025-01-03,MDG,0.03987850443181475
2025-01-04,MDG,0.016124397510945992
2025-01-05,MDG,0.015980175931415826
2025-01-06,MDG,0.1273523173376108
2025-01-07,MDG,0.06258621863646019
2025-01-08,MDG,0.08658373697828693
2025-01-09,MDG,0.09132965426705125
2025-01-10,MDG,0.03710964939443064
2025-01-11,MDG,0.04718703004744387
2025-01-12,MDG,0.030359900887672268
2025-01-13,MDG,0.01976154520232566
2025-01-14,MDG,0.02078230412097891
2025-01-15,MDG,0.017923611347564972
2025-01-16,MDG,0.020550836153966617
2025-01-17,MDG,0.016246325744409762
2025-01-18,MDG,0.01809863463153465
2025-01-19,MDG,0.027884201179675962
2025-01-20,MDG,0.014808975799347859
2025-01-21,MDG,0.02096502080535284
2025-01-22,MDG,0.02020601989745114
2025-01-23,MDG,0.014458846277585518
2025-01-24,MDG,0.011154079809127696
2025-01-25,MDG,0.011065809087577132
2025-01-26,MDG,0.011232819094802105
2025-01-27,MDG,0.01214964151186522
2025-01-28,MDG,0.012762982117605685
2025-01-29,MDG,0.011744731594894635
2025-01-30,MDG,0.011270141972265585
2025-01-31,MDG,0.011036466090014537
2025-02-01,MDG,0.011618705617653888
2025-02-02,MDG,0.011820088036024218
2025-02-03,MDG,0.012924520315485294
2025-02-04,MDG,0.012325641652796569
2025-02-05,MDG,0.01167176806662169
2025-02-06,MDG,0.011393137262940273
2025-02-07,MDG,0.011739108085498565
2025-02-08,MDG,0.011972731797748793
2025-02-09,MDG,0.011396419975212659
2025-02-10,MDG,0.011720097166773783
2025-02-11,MDG,0.025736397898450933
2025-02-12,MDG,0.011948670144498439
2025-02-13,MDG,0.012719725576392562
2025-02-14,MDG,0.012906751313112827
2025-02-15,MDG,0.0112850733101795
2025-02-16,MDG,0.011479639177670031
2025-02-17,MDG,0.011681174597395708
2025-02-18,MDG,0.011523530481817269
2025-02-19,MDG,0.014289358284726036
2025-02-20,MDG,0.011107427735432614
2025-02-21,MDG,0.014851725628180329
2025-02-22,MDG,0.019075394623283767
2025-02-23,MDG,0.012398853233139426
2025-02-24,MDG,0.013139278289262101
2025-02-25,MDG,0.018241166375334072
2025-02-26,MDG,0.01228349444584387
2025-02-27,MDG,0.012729000923576764
2025-02-28,MDG,0.012850030498379168
2025-03-01,MDG,0.01700864246219122
2025-03-02,MDG,0.02032781648049572
2025-03-03,MDG,0.016847787158873685
2025-03-04,MDG,0.023136342019786985
2025-03-05,MDG,0.017211778988462968
2025-03-06,MDG,0.012978607670291098
2025-03-07,MDG,0.013275126458432523
2025-03-08,MDG,0.014639489177384462
2025-03-09,MDG,0.014255581862932173
2025-03-10,MDG,0.012970608361161538
2025-03-11,MDG,0.017294844342931597
2025-03-12,MDG,0.013029651190733599
2025-03-13,MDG,0.013427943826368364
2025-03-14,MDG,0.012796161044828313
2025-03-15,MDG,0.012450090222665498
2025-03-16,MDG,0.0115418018326324
2025-03-17,MDG,0.01224580626399323
2025-03-18,MDG,0.019304412862492206
2025-03-19,MDG,0.012737067847322904
2025-03-20,MDG,0.012263284594191367
2025-03-21,MDG,0.011919777510866987
2025-03-22,MDG,0.011156042276604418
2025-03-23,MDG,0.011371454023451251
2025-03-24,MDG,0.011560283803557446
2025-03-25,MDG,0.011480329666042817
2025-03-26,MDG,0.011627638961609158
2025-03-27,MDG,0.012338229145545344
2025-03-28,MDG,0.01217812810701804
2024-07-01,AFG,0.01400762896284459
2024-07-02,AFG,0.012955375820116855
2024-07-03,AFG,0.014087282106025003
2024-07-04,AFG,0.027951647248578564
2024-07-05,AFG,0.014795510261385963
2024-07-06,AFG,0.011945066432220172
2024-07-07,AFG,0.01558250460944171
2024-07-08,AFG,0.016642867494694614
2024-07-09,AFG,0.04220403462806459
2024-07-10,AFG,0.018558691218132858
2024-07-11,AFG,0.04019824493500319
2024-07-12,AFG,0.014871168518150554
2024-07-13,AFG,0.06185999454663357
2024-07-14,AFG,0.014159830926293993
2024-07-15,AFG,0.0145795485048135
2024-07-16,AFG,0.013175764726378863
2024-07-17,AFG,0.028589100261815693
2024-07-18,AFG,0.012742071657971015
2024-07-19,AFG,0.01278040995262983
2024-07-20,AFG,0.015886144223488958
2024-07-21,AFG,0.014839433885060569
2024-07-22,AFG,0.01856807897596993
2024-07-23,AFG,0.014697791564888794
2024-07-24,AFG,0.015257492962001688
2024-07-25,AFG,0.015118595751043464
2024-07-26,AFG,0.016524220561730817
2024-07-27,AFG,0.018855895202582112
2024-07-28,AFG,0.03143222694498551
2024-07-29,AFG,0.024529012692148737
2024-07-30,AFG,0.0184797502796615
2024-07-31,AFG,0.014958278406898255
2024-08-01,AFG,0.025201919253220337
2024-08-02,AFG,0.019236647236063192
2024-08-03,AFG,0.021783348811480648
2024-08-04,AFG,0.019496167595066657
2024-08-05,AFG,0.01923976688629658
2024-08-06,AFG,0.015005747397424917
2024-08-07,AFG,0.015489767278984988
2024-08-08,AFG,0.018406955368503484
2024-08-09,AFG,0.01723808883329315
2024-08-10,AFG,0.018436521488552488
2024-08-11,AFG,0.02652352394251399
2024-08-12,AFG,0.10814673807399575
2024-08-13,AFG,0.018435339120431483
2024-08-14,AFG,0.10998839766992687
2024-08-15,AFG,0.025014314642191955
2024-08-16,AFG,0.018446963476205985
2024-08-17,AFG,0.01624370872076178
2024-08-18,AFG,0.020962083939312467
2024-08-19,AFG,0.019119588416251592
2024-08-20,AFG,0.01705121167656744
2024-08-21,AFG,0.015370746082971277
2024-08-22,AFG,0.031069086275655817
2024-08-23,AFG,0.014965064783795057
2024-08-24,AFG,0.015161216186820372
2024-08-25,AFG,0.014193156201500192
2024-08-26,AFG,0.01731555575588641
2024-08-27,AFG,0.05190871839124678
2024-08-28,AFG,0.025015562195443878
2024-08-29,AFG,0.015128270046482463
2024-08-30,AFG,0.018213186161869784
2024-08-31,AFG,0.03556138072584189
2024-09-01,AFG,0.016545401377266792
2024-09-02,AFG,0.0804649085679249
2024-09-03,AFG,0.03551800166275023
2024-09-04,AFG,0.0393687732341044
2024-09-05,AFG,0.01717400939068373
2024-09-06,AFG,0.0219707188586563
2024-09-07,AFG,0.019306600026026396
2024-09-08,AFG,0.018104373541940513
2024-09-09,AFG,0.012439838550208238
2024-09-10,AFG,0.012703578296780066
2024-09-11,AFG,0.016683633510329247
2024-09-12,AFG,0.013235577988878608
2024-09-13,AFG,0.013334623926219792
2024-09-14,AFG,0.011712920255904032
2024-09-15,AFG,0.012510888069636232
2024-09-16,AFG,0.015788658477242028
2024-09-17,AFG,0.049539382687817594
2024-09-18,AFG,0.019634713279841818
2024-09-19,AFG,0.01990049669728954
2024-09-20,AFG,0.021491915128780653
2024-09-21,AFG,0.01243286130958202
2024-09-22,AFG,0.014931371178594176
2024-09-23,AFG,0.014170547109818875
2024-09-24,AFG,0.012413313444192043
2024-09-25,AFG,0.013540528548146904
2024-09-26,AFG,0.014544702511689465
2024-09-27,AFG,0.01568321835682745
2024-09-28,AFG,0.018092183865305308
2024-09-29,AFG,0.03717107923328091
2024-09-30,AFG,0.03408523229403628
2024-10-01,AFG,0.014048258194988344
2024-10-02,AFG,0.012920940685024775
2024-10-03,AFG,0.019357514784604058
2024-10-04,AFG,0.09759166972893925
2024-10-05,AFG,0.06757722294414921
2024-10-06,AFG,0.02617768715112983
2024-10-07,AFG,0.016776399370506897
2024-10-08,AFG,0.02171502261121742
2024-10-09,AFG,0.019724545749023895
2024-10-10,AFG,0.017701924593076315
2024-10-11,AFG,0.01472501814255578
2024-10-12,AFG,0.013883769641746152
2024-10-13,AFG,0.013209495670544245
2024-10-14,AFG,0.0310706713437555
2024-10-15,AFG,0.01449534695810172
2024-10-16,AFG,0.01376400898978247
2024-10-17,AFG,0.014585220178413244
2024-10-18,AFG,0.02003229239631112
2024-10-19,AFG,0.017407420759933793
2024-10-20,AFG,0.02576153481423974
2024-10-21,AFG,0.027664052647019686
2024-10-22,AFG,0.02561022562287872
2024-10-23,AFG,0.020461302915241925
2024-10-24,AFG,0.019083920961504634
2024-10-25,AFG,0.01940467222433602
2024-10-26,AFG,0.015200134125030528
2024-10-27,AFG,0.027375565502473418
2024-10-28,AFG,0.014260775644561319
2024-10-29,AFG,0.012500282820112016
2024-10-30,AFG,0.014344551220691436
2024-10-31,AFG,0.015025217322027289
2024-11-01,AFG,0.014690409739157452
2024-11-02,AFG,0.015960579824408686
2024-11-03,AFG,0.017154495855204174
2024-11-04,AFG,0.019912937907879517
2024-11-05,AFG,0.13699851066058685
2024-11-06,AFG,0.08236849293639638
2024-11-07,AFG,0.02474727373358531
2024-11-08,AFG,0.01775322476247349
2024-11-09,AFG,0.020775417046984507
2024-11-10,AFG,0.016900761212456438
2024-11-11,AFG,0.01970095162894582
2024-11-12,AFG,0.017835250340885934
2024-11-13,AFG,0.030380434203310085
2024-11-14,AFG,0.02263885593263302
2024-11-15,AFG,0.02423958156262025
2024-11-16,AFG,0.01437123474862966
2024-11-17,AFG,0.021603337721635744
2024-11-18,AFG,0.018104296117583178
2024-11-19,AFG,0.018824496114657262
2024-11-20,AFG,0.01981691911450524
2024-11-21,AFG,0.08035057261347153
2024-11-22,AFG,0.019504734012314336
2024-11-23,AFG,0.03116903292335635
2024-11-24,AFG,0.02807655001077839
2024-11-25,AFG,0.030474782701378447
2024-11-26,AFG,0.020231954360994658
2024-11-27,AFG,0.024293479519150656
2024-11-28,AFG,0.016682092740491015
2024-11-29,AFG,0.01346246138843142
2024-11-30,AFG,0.014387537713268748
2024-12-01,AFG,0.01401518107116288
2024-12-02,AFG,0.01269903106413964
2024-12-03,AFG,0.016183458911252224
2024-12-04,AFG,0.0186725559702776
2024-12-05,AFG,0.023541682257202965
2024-12-06,AFG,0.022373925252584997
2024-12-07,AFG,0.0196320929447805
2024-12-08,AFG,0.02454781222779088
2024-12-09,AFG,0.02600362290115496
2024-12-10,AFG,0.022264470127707766
2024-12-11,AFG,0.10389331670968889
2024-12-12,AFG,0.019902475600120532
2024-12-13,AFG,0.01753852100855581
2024-12-14,AFG,0.028394620780880953
2024-12-15,AFG,0.022512220300920645
2024-12-16,AFG,0.024259787462054407
2024-12-17,AFG,0.01916172500126452
2024-12-18,AFG,0.01972337713326119
2024-12-19,AFG,0.012372332097568717
2024-12-20,AFG,0.012867028401062882
2024-12-21,AFG,0.014202097210290424
2024-12-22,AFG,0.052795408255844
2024-12-23,AFG,0.01824022276826782
2024-12-24,AFG,0.03316091704461558
2024-12-25,AFG,0.10428656208751849
2024-12-26,AFG,0.025704998977546856
2024-12-27,AFG,0.17792721907136716
2024-12-28,AFG,0.15875598464540133
2024-12-29,AFG,0.18254213700263197
2024-12-30,AFG,0.05326178527602593
2024-12-31,AFG,0.013089049395896491
2025-01-01,AFG,0.011490948444655345
2025-01-02,AFG,0.01179093746092553
2025-01-03,AFG,0.011875267981097025
2025-01-04,AFG,0.012188097551491934
2025-01-05,AFG,0.012792189675021534
2025-01-06,AFG,0.01340867511096035
2025-01-07,AFG,0.01297498495847585
2025-01-08,AFG,0.013138022412044974
2025-01-09,AFG,0.013872590983457795
2025-01-10,AFG,0.013888848235745965
2025-01-11,AFG,0.017104303938174085
2025-01-12,AFG,0.02431101853711074
2025-01-13,AFG,0.018681605599764724
2025-01-14,AFG,0.023093188482689406
2025-01-15,AFG,0.026606165137851655
2025-01-16,AFG,0.019603363005395478
2025-01-17,AFG,0.019136019135065064
2025-01-18,AFG,0.026822955181935827
2025-01-19,AFG,0.020761228520236027
2025-01-20,AFG,0.0247096294100913
2025-01-21,AFG,0.21133164357588416
2025-01-22,AFG,0.19808479620618846
2025-01-23,AFG,0.024605315995531153
2025-01-24,AFG,0.022044836338486144
2025-01-25,AFG,0.11467294130803565
2025-01-26,AFG,0.01975159316655756
2025-01-27,AFG,0.02528111038925036
2025-01-28,AFG,0.02049542242978483
2025-01-29,AFG,0.025289332111349632
2025-01-30,AFG,0.026576236761937922
2025-01-31,AFG,0.020976247414938178
2025-02-01,AFG,0.02819704571238162
2025-02-02,AFG,0.014262340470150391
2025-02-03,AFG,0.01683076229354536
2025-02-04,AFG,0.014436295823087156
2025-02-05,AFG,0.015989207553399075
2025-02-06,AFG,0.019523628078837334
2025-02-07,AFG,0.05207953447894705
2025-02-08,AFG,0.04685518707825037
2025-02-09,AFG,0.03508746713123727
2025-02-10,AFG,0.02278876516575582
2025-02-11,AFG,0.1026316604302026
2025-02-12,AFG,0.01713011887216439
2025-02-13,AFG,0.10518010093414884
2025-02-14,AFG,0.07526406014727828
2025-02-15,AFG,0.09118518808551347
2025-02-16,AFG,0.15848110116901815
2025-02-17,AFG,0.09544088472686436
2025-02-18,AFG,0.016304923585264447
2025-02-19,AFG,0.014088698281591558
2025-02-20,AFG,0.01163413786331687
2025-02-21,AFG,0.012684145816636825
2025-02-22,AFG,0.01193831251451775
2025-02-23,AFG,0.013511697643467716
2025-02-24,AFG,0.012288569504340308
2025-02-25,AFG,0.01688178665012159
2025-02-26,AFG,0.01679722186248766
2025-02-27,AFG,0.036196296203912535
2025-02-28,AFG,0.017983886871617644
2025-03-01,AFG,0.022097189964496458
2025-03-02,AFG,0.026671483165201702
2025-03-03,AFG,0.029627080782774345
2025-03-04,AFG,0.019222446727736788
2025-03-05,AFG,0.022621524124760685
2025-03-06,AFG,0.023766362941222446
2025-03-07,AFG,0.018965896297936304
2025-03-08,AFG,0.014518464151764688
2025-03-09,AFG,0.01714080598141998
2025-03-10,AFG,0.016220714817430277
2025-03-11,AFG,0.017038984620993004
2025-03-12,AFG,0.016571026302957734
2025-03-13,AFG,0.018053087629770214
2025-03-14,AFG,0.01831128528759482
2025-03-15,AFG,0.024084584813075377
2025-03-16,AFG,0.026445796654552604
2025-03-17,AFG,0.021913235049561504
2025-03-18,AFG,0.01677085830783401
2025-03-19,AFG,0.017295848726902485
2025-03-20,AFG,0.02165877772565223
2025-03-21,AFG,0.07735544239066487
2025-03-22,AFG,0.051103466291293774
2025-03-23,AFG,0.018518739368791195
2025-03-24,AFG,0.017167041168499507
2025-03-25,AFG,0.015860642454365366
2025-03-26,AFG,0.015433924421262742
2025-03-27,AFG,0.016064879928117493
2025-03-28,AFG,0.03215766361145384
2024-07-01,PAK,0.03730832159861741
2024-07-02,PAK,0.021786197159593415
2024-07-03,PAK,0.08904368315923669
2024-07-04,PAK,0.020621819198266184
2024-07-05,PAK,0.046673787342468576
2024-07-06,PAK,0.021100508829455158
2024-07-07,PAK,0.031806835330111936
2024-07-08,PAK,0.052647377244391384
2024-07-09,PAK,0.023949325668130638
2024-07-10,PAK,0.021243904667430133
2024-07-11,PAK,0.022906809568591712
2024-07-12,PAK,0.01412064286532766
2024-07-13,PAK,0.016318149931856832
2024-07-14,PAK,0.02024231656686435
2024-07-15,PAK,0.1443650427273121
2024-07-16,PAK,0.12996179485467207
2024-07-17,PAK,0.011747635722786216
2024-07-18,PAK,0.012373861111939886
2024-07-19,PAK,0.016926713522508623
2024-07-20,PAK,0.01256571073383117
2024-07-21,PAK,0.011927649750852044
2024-07-22,PAK,0.011714638834584042
2024-07-23,PAK,0.011445279082978063
2024-07-24,PAK,0.014173271307527628
2024-07-25,PAK,0.013922700571657705
2024-07-26,PAK,0.02360357361853848
2024-07-27,PAK,0.018554104567076735
2024-07-28,PAK,0.013616012124811491
2024-07-29,PAK,0.040464380528065634
2024-07-30,PAK,0.016219332686069034
2024-07-31,PAK,0.012108891326620115
2024-08-01,PAK,0.012506841430619909
2024-08-02,PAK,0.011909811734205529
2024-08-03,PAK,0.014418288809865308
2024-08-04,PAK,0.012351224969731931
2024-08-05,PAK,0.013379391842332593
2024-08-06,PAK,0.013206831312535196
2024-08-07,PAK,0.01258314476315268
2024-08-08,PAK,0.01258649371386403
2024-08-09,PAK,0.012841113204028034
2024-08-10,PAK,0.015855957234704742
2024-08-11,PAK,0.1434779443911514
2024-08-12,PAK,0.08113397057198413
2024-08-13,PAK,0.11023338510547445
2024-08-14,PAK,0.1475101524435064
2024-08-15,PAK,0.09851215024908548
2024-08-16,PAK,0.0568593411379065
2024-08-17,PAK,0.013628263213488926
2024-08-18,PAK,0.012481220631140415
2024-08-19,PAK,0.04569962625676826
2024-08-20,PAK,0.015040467753696276
2024-08-21,PAK,0.01244892794595201
2024-08-22,PAK,0.012224417543286716
2024-08-23,PAK,0.05903326276254131
2024-08-24,PAK,0.016746331440561184
2024-08-25,PAK,0.08356385049750438
2024-08-26,PAK,0.0817503645979984
2024-08-27,PAK,0.07151987004681297
2024-08-28,PAK,0.07810896309459156
2024-08-29,PAK,0.01965105814170109
2024-08-30,PAK,0.011532917592003342
2024-08-31,PAK,0.011173973514405825
2024-09-01,PAK,0.011496829808514504
2024-09-02,PAK,0.011624182908226165
2024-09-03,PAK,0.011236510686699822
2024-09-04,PAK,0.011175212182760054
2024-09-05,PAK,0.011243206982165809
2024-09-06,PAK,0.012357700616793605
2024-09-07,PAK,0.016023377628094287
2024-09-08,PAK,0.012199290810483338
2024-09-09,PAK,0.03808407612111937
2024-09-10,PAK,0.012721049095838573
2024-09-11,PAK,0.021756670597133168
2024-09-12,PAK,0.017999780343362318
2024-09-13,PAK,0.013013074777994202
2024-09-14,PAK,0.026821311078860238
2024-09-15,PAK,0.019623224958775512
2024-09-16,PAK,0.022486052022449344
2024-09-17,PAK,0.016024937951477667
2024-09-18,PAK,0.04369874008393461
2024-09-19,PAK,0.15579994619471849
2024-09-20,PAK,0.13951298062056122
2024-09-21,PAK,0.013591775227236973
2024-09-22,PAK,0.018415206472526105
2024-09-23,PAK,0.08517789783345872
2024-09-24,PAK,0.1096634772249581
2024-09-25,PAK,0.11286973769296713
2024-09-26,PAK,0.0131689941239465
2024-09-27,PAK,0.03381346651229753
2024-09-28,PAK,0.025474256256201498
2024-09-29,PAK,0.025952649676765388
2024-09-30,PAK,0.013935210126543243
2024-10-01,PAK,0.01220758626361696
2024-10-02,PAK,0.012065483697035962
2024-10-03,PAK,0.012465307435799166
2024-10-04,PAK,0.014696847704172917
2024-10-05,PAK,0.0540629527896915
2024-10-06,PAK,0.0613764228869197
2024-10-07,PAK,0.11198182032736735
2024-10-08,PAK,0.04341213909645463
2024-10-09,PAK,0.025330195126706607
2024-10-10,PAK,0.06276826936783984
2024-10-11,PAK,0.061935617479802446
2024-10-12,PAK,0.031458033916263825
2024-10-13,PAK,0.012771441017758888
2024-10-14,PAK,0.03317245512387543
2024-10-15,PAK,0.012278028974442787
2024-10-16,PAK,0.011892973867120767
2024-10-17,PAK,0.011976954867042394
2024-10-18,PAK,0.012691600509935798
2024-10-19,PAK,0.012679289513121892
2024-10-20,PAK,0.013223805936948677
2024-10-21,PAK,0.012393454677923793
2024-10-22,PAK,0.014758994593494872
2024-10-23,PAK,0.016690681214335503
2024-10-24,PAK,0.01745249698022729
2024-10-25,PAK,0.06019871126803821
2024-10-26,PAK,0.16338995710444584
2024-10-27,PAK,0.01712203273396415
2024-10-28,PAK,0.038433223886775475
2024-10-29,PAK,0.03886751352864594
2024-10-30,PAK,0.04317595457999095
2024-10-31,PAK,0.015264359369308407
2024-11-01,PAK,0.025156357931806407
2024-11-02,PAK,0.019765429878629084
2024-11-03,PAK,0.02661592681179304
2024-11-04,PAK,0.01859817218593654
2024-11-05,PAK,0.02311899505116691
2024-11-06,PAK,0.034337326199475174
2024-11-07,PAK,0.0146402805098458
2024-11-08,PAK,0.015348564081055286
2024-11-09,PAK,0.05675110196249792
2024-11-10,PAK,0.036879202016841
2024-11-11,PAK,0.035558484870457735
2024-11-12,PAK,0.014912584122402872
2024-11-13,PAK,0.012334378950932914
2024-11-14,PAK,0.01451114906209945
2024-11-15,PAK,0.016127312276309078
2024-11-16,PAK,0.012368945759605487
2024-11-17,PAK,0.013408176750989027
2024-11-18,PAK,0.01629985063438924
2024-11-19,PAK,0.014815204182554845
2024-11-20,PAK,0.012968749320245356
2024-11-21,PAK,0.01714756138990728
2024-11-22,PAK,0.041757644782825704
2024-11-23,PAK,0.024852381404895395
2024-11-24,PAK,0.07460535373865025
2024-11-25,PAK,0.02143025029990517
2024-11-26,PAK,0.01269036030022078
2024-11-27,PAK,0.013630494300962442
2024-11-28,PAK,0.012269441512060159
2024-11-29,PAK,0.012624551491547056
2024-11-30,PAK,0.011294454717462432
2024-12-01,PAK,0.013809079081300205
2024-12-02,PAK,0.011117391483887972
2024-12-03,PAK,0.012933593938212055
2024-12-04,PAK,0.01107426349303175
2024-12-05,PAK,0.011763713188655146
2024-12-06,PAK,0.016833158737438656
2024-12-07,PAK,0.0231641421111036
2024-12-08,PAK,0.015462546764502316
2024-12-09,PAK,0.011932206837685618
2024-12-10,PAK,0.022987321714130253
2024-12-11,PAK,0.015095818388092003
2024-12-12,PAK,0.04208126623453889
2024-12-13,PAK,0.021180607351749182
2024-12-14,PAK,0.029579099376400225
2024-12-15,PAK,0.013695240636030774
2024-12-16,PAK,0.014380123375598167
2024-12-17,PAK,0.012972944577059078
2024-12-18,PAK,0.0545273763457618
2024-12-19,PAK,0.011625404820331104
2024-12-20,PAK,0.036934139863668336
2024-12-21,PAK,0.011676961197799233
2024-12-22,PAK,0.012360135026333482
2024-12-23,PAK,0.0148593897854525
2024-12-24,PAK,0.01942261060870444
2024-12-25,PAK,0.0722155699725866
2024-12-26,PAK,0.012824927400190407
2024-12-27,PAK,0.012307385077593788
2024-12-28,PAK,0.058702584825556195
2024-12-29,PAK,0.013276189829399352
2024-12-30,PAK,0.025458959540946347
2024-12-31,PAK,0.013653719132777383
2025-01-01,PAK,0.013504579240826257
2025-01-02,PAK,0.012370933956889487
2025-01-03,PAK,0.012353059122988423
2025-01-04,PAK,0.013745690245486313
2025-01-05,PAK,0.01418007149486226
2025-01-06,PAK,0.015253935859738233
2025-01-07,PAK,0.13907131837612066
2025-01-08,PAK,0.015607404164252457
2025-01-09,PAK,0.024772598687785495
2025-01-10,PAK,0.017621614736433838
2025-01-11,PAK,0.015788677431379593
2025-01-12,PAK,0.0924562701104565
2025-01-13,PAK,0.017235808339420622
2025-01-14,PAK,0.030531067612024718
2025-01-15,PAK,0.07674733368950874
2025-01-16,PAK,0.06207952756562548
2025-01-17,PAK,0.013826954564459377
2025-01-18,PAK,0.01435332032842669
2025-01-19,PAK,0.013628567383117626
2025-01-20,PAK,0.014001638831440226
2025-01-21,PAK,0.013725900120181399
2025-01-22,PAK,0.015280509957038224
2025-01-23,PAK,0.012497827221716936
2025-01-24,PAK,0.013421997389546633
2025-01-25,PAK,0.01259874097187941
2025-01-26,PAK,0.11445346788315455
2025-01-27,PAK,0.11947346008097623
2025-01-28,PAK,0.014982073791139364
2025-01-29,PAK,0.015076600189507159
2025-01-30,PAK,0.07690621097400531
2025-01-31,PAK,0.04799625926653207
2025-02-01,PAK,0.02245039620776165
2025-02-02,PAK,0.026797533421626347
2025-02-03,PAK,0.03447549753620996
2025-02-04,PAK,0.019770126764011332
2025-02-05,PAK,0.04018135294093205
2025-02-06,PAK,0.013525490367352722
2025-02-07,PAK,0.0196228698202089
2025-02-08,PAK,0.012968552007135915
2025-02-09,PAK,0.016938747166241445
2025-02-10,PAK,0.03427880994441387
2025-02-11,PAK,0.021704594709841835
2025-02-12,PAK,0.03301809099481576
2025-02-13,PAK,0.04573814893256873
2025-02-14,PAK,0.03192766460005076
2025-02-15,PAK,0.061327891713779885
2025-02-16,PAK,0.01652986604329311
2025-02-17,PAK,0.034382509490489155
2025-02-18,PAK,0.05187669459315116
2025-02-19,PAK,0.02602954539829539
2025-02-20,PAK,0.049882278105412826
2025-02-21,PAK,0.017596610177107
2025-02-22,PAK,0.039605947030285804
2025-02-23,PAK,0.015481621121639965
2025-02-24,PAK,0.014045017346860932
2025-02-25,PAK,0.011975427103058604
2025-02-26,PAK,0.015426811639995158
2025-02-27,PAK,0.013667814751498187
2025-02-28,PAK,0.021467706343727553
2025-03-01,PAK,0.012608842530912079
2025-03-02,PAK,0.012098951142378167
2025-03-03,PAK,0.019132740386021765
2025-03-04,PAK,0.018007554623086817
2025-03-05,PAK,0.01598347916353486
2025-03-06,PAK,0.017132855396658105
2025-03-07,PAK,0.012673055697111479
2025-03-08,PAK,0.012285046389183393
2025-03-09,PAK,0.021875021775983387
2025-03-10,PAK,0.012013068687363326
2025-03-11,PAK,0.01996701909652574
2025-03-12,PAK,0.021349902322542025
2025-03-13,PAK,0.02214146388223778
2025-03-14,PAK,0.02372044362423829
2025-03-15,PAK,0.02844710625566531
2025-03-16,PAK,0.02994622169734212
2025-03-17,PAK,0.017567789732298337
2025-03-18,PAK,0.012219385685740184
2025-03-19,PAK,0.01925001125696856
2025-03-20,PAK,0.014666167445711588
2025-03-21,PAK,0.013871024169330849
2025-03-22,PAK,0.013303012996287996
2025-03-23,PAK,0.03159495043998281
2025-03-24,PAK,0.01876873970480515
2025-03-25,PAK,0.012175830067865502
2025-03-26,PAK,0.015252460000933436
2025-03-27,PAK,0.032221973959427226
2025-03-28,PAK,0.026763659070667526
2024-07-01,IND,0.04277214704114725
2024-07-02,IND,0.06435438353121835
2024-07-03,IND,0.06280478611446164
2024-07-04,IND,0.019801891910517126
2024-07-05,IND,0.07756017253459224
2024-07-06,IND,0.07111014139064163
2024-07-07,IND,0.10803851688682597
2024-07-08,IND,0.12239398661883318
2024-07-09,IND,0.05863866689410213
2024-07-10,IND,0.045263115217256754
2024-07-11,IND,0.024473158896603696
2024-07-12,IND,0.016430896297214212
2024-07-13,IND,0.01709452119800331
2024-07-14,IND,0.05962700604351242
2024-07-15,IND,0.03991897437890141
2024-07-16,IND,0.06410504469386608
2024-07-17,IND,0.038167162870877694
2024-07-18,IND,0.04545173921583637
2024-07-19,IND,0.037016505101545506
2024-07-20,IND,0.014977236770648385
2024-07-21,IND,0.026060131196207426
2024-07-22,IND,0.02882247670566734
2024-07-23,IND,0.06502795349882588
2024-07-24,IND,0.01822969015813963
2024-07-25,IND,0.013124461986309278
2024-07-26,IND,0.011769592256275635
2024-07-27,IND,0.01198495069459239
2024-07-28,IND,0.02238062636329933
2024-07-29,IND,0.030258465317463405
2024-07-30,IND,0.018981192276757694
2024-07-31,IND,0.020982842752561865
2024-08-01,IND,0.030611029287418247
2024-08-02,IND,0.06635307164315184
2024-08-03,IND,0.049048748759728006
2024-08-04,IND,0.04370509870020945
2024-08-05,IND,0.07155063342232455
2024-08-06,IND,0.02313767381881438
2024-08-07,IND,0.025635461160062052
2024-08-08,IND,0.07428783597618527
2024-08-09,IND,0.01422645666722126
2024-08-10,IND,0.0635305270122452
2024-08-11,IND,0.07170667357901114
2024-08-12,IND,0.025727647795862438
2024-08-13,IND,0.02141647398436555
2024-08-14,IND,0.050138066097394345
2024-08-15,IND,0.042384246665023884
2024-08-16,IND,0.029586451546348588
2024-08-17,IND,0.02006615154478984
2024-08-18,IND,0.017252195369136674
2024-08-19,IND,0.018579271096507886
2024-08-20,IND,0.029509122635348432
2024-08-21,IND,0.02279256506930134
2024-08-22,IND,0.02327674655439389
2024-08-23,IND,0.0242781437514637
2024-08-24,IND,0.03881181637412419
2024-08-25,IND,0.04111654033685881
2024-08-26,IND,0.09314455749535956
2024-08-27,IND,0.032003148312468865
2024-08-28,IND,0.029031358537645848
2024-08-29,IND,0.07351961766257482
2024-08-30,IND,0.021414694415223756
2024-08-31,IND,0.015002259348342048
2024-09-01,IND,0.0393699062037132
2024-09-02,IND,0.041620446929184075
2024-09-03,IND,0.06702650034595412
2024-09-04,IND,0.07402142487915889
2024-09-05,IND,0.04016859199342853
2024-09-06,IND,0.026791456499976204
2024-09-07,IND,0.038546145264194996
2024-09-08,IND,0.06428015271114725
2024-09-09,IND,0.0322847441425081
2024-09-10,IND,0.012478398869538691
2024-09-11,IND,0.02995097961747318
2024-09-12,IND,0.014958442999319395
2024-09-13,IND,0.024957849457018837
2024-09-14,IND,0.01655414744772952
2024-09-15,IND,0.013494573700085024
2024-09-16,IND,0.013719894314836993
2024-09-17,IND,0.019000092015825133
2024-09-18,IND,0.013478062053469159
2024-09-19,IND,0.04825756558652249
2024-09-20,IND,0.02058240436747402
2024-09-21,IND,0.014167126913255917
2024-09-22,IND,0.021150424846072245
2024-09-23,IND,0.030687114876134215
2024-09-24,IND,0.013837755419258631
2024-09-25,IND,0.018717282744110397
2024-09-26,IND,0.0213651867354156
2024-09-27,IND,0.02551120744559489
2024-09-28,IND,0.02678682358024635
2024-09-29,IND,0.026494232886513727
2024-09-30,IND,0.017377587674697877
2024-10-01,IND,0.0667130571961227
2024-10-02,IND,0.03480903285419748
2024-10-03,IND,0.012744774698799583
2024-10-04,IND,0.14883132536764404
2024-10-05,IND,0.0650277117087764
2024-10-06,IND,0.04362057198328793
2024-10-07,IND,0.049767212593110156
2024-10-08,IND,0.048371904149654615
2024-10-09,IND,0.05511352139230662
2024-10-10,IND,0.06571803821593099
2024-10-11,IND,0.014201949820795302
2024-10-12,IND,0.012079532561293954
2024-10-13,IND,0.01298486267491666
2024-10-14,IND,0.015417481305817776
2024-10-15,IND,0.011417659519006926
2024-10-16,IND,0.011591386469314036
2024-10-17,IND,0.011460876417420728
2024-10-18,IND,0.035131145140776185
2024-10-19,IND,0.016781122292542017
2024-10-20,IND,0.02708666435630846
2024-10-21,IND,0.02898201416869111
2024-10-22,IND,0.03539229790789537
2024-10-23,IND,0.01833615219613968
2024-10-24,IND,0.030450848613592107
2024-10-25,IND,0.043004498117539175
2024-10-26,IND,0.01600670904674053
2024-10-27,IND,0.01540297038853736
2024-10-28,IND,0.0148226246635084
2024-10-29,IND,0.016434473513569154
2024-10-30,IND,0.014816527929132612
2024-10-31,IND,0.030668352423611354
2024-11-01,IND,0.012384210291344221
2024-11-02,IND,0.014202850686291865
2024-11-03,IND,0.023180358206017656
2024-11-04,IND,0.01604433203073896
2024-11-05,IND,0.02076437397727174
2024-11-06,IND,0.02543511229808067
2024-11-07,IND,0.012911379560684902
2024-11-08,IND,0.01986944505375717
2024-11-09,IND,0.022877157949714868
2024-11-10,IND,0.04364898518609213
2024-11-11,IND,0.09556116270622143
2024-11-12,IND,0.014574749759366736
2024-11-13,IND,0.015790026963085076
2024-11-14,IND,0.016957375026205666
2024-11-15,IND,0.017179789746034384
2024-11-16,IND,0.021559893840167228
2024-11-17,IND,0.018444941443566513
2024-11-18,IND,0.011595430800378418
2024-11-19,IND,0.012392765678182805
2024-11-20,IND,0.016842908824696273
2024-11-21,IND,0.014843444400864294
2024-11-22,IND,0.018110590965084633
2024-11-23,IND,0.02085461343333266
2024-11-24,IND,0.014803906227912821
2024-11-25,IND,0.036710958403662924
2024-11-26,IND,0.01859243906753361
2024-11-27,IND,0.015834170032765528
2024-11-28,IND,0.02397462120506263
2024-11-29,IND,0.030385026772096615
2024-11-30,IND,0.01711802086605303
2024-12-01,IND,0.02358423480793302
2024-12-02,IND,0.01755807988876316
2024-12-03,IND,0.01634327899464879
2024-12-04,IND,0.04204256565577705
2024-12-05,IND,0.016795236983435387
2024-12-06,IND,0.029012038002212723
2024-12-07,IND,0.017369511694205753
2024-12-08,IND,0.015333375235309935
2024-12-09,IND,0.020375333323200805
2024-12-10,IND,0.020212406429007533
2024-12-11,IND,0.028841024931405956
2024-12-12,IND,0.028110077282147528
2024-12-13,IND,0.054469126918135304
2024-12-14,IND,0.03644818499721894
2024-12-15,IND,0.013004222766442643
2024-12-16,IND,0.020190741468453455
2024-12-17,IND,0.018654446927887005
2024-12-18,IND,0.01420244062758107
2024-12-19,IND,0.02281153855140691
2024-12-20,IND,0.02013824922419106
2024-12-21,IND,0.015868101053873162
2024-12-22,IND,0.01529379946350816
2024-12-23,IND,0.03906733837403573
2024-12-24,IND,0.01368292300717224
2024-12-25,IND,0.015659024422737627
2024-12-26,IND,0.01590654576915041
2024-12-27,IND,0.018216731721445622
2024-12-28,IND,0.016525844838871245
2024-12-29,IND,0.013126945816837102
2024-12-30,IND,0.016482812493613712
2024-12-31,IND,0.015906677806205645
2025-01-01,IND,0.013409960167109759
2025-01-02,IND,0.013597231468129788
2025-01-03,IND,0.013537969263654089
2025-01-04,IND,0.048169125382000216
2025-01-05,IND,0.03429278268094798
2025-01-06,IND,0.05023425789186309
2025-01-07,IND,0.051202768211320665
2025-01-08,IND,0.03698608845516383
2025-01-09,IND,0.06783989194773912
2025-01-10,IND,0.05131115461185932
2025-01-11,IND,0.03616632639758748
2025-01-12,IND,0.029482388041714304
2025-01-13,IND,0.04386570595503659
2025-01-14,IND,0.016310565459437567
2025-01-15,IND,0.019706153224740636
2025-01-16,IND,0.01663662712297769
2025-01-17,IND,0.029274416587611134
2025-01-18,IND,0.01622899262702921
2025-01-19,IND,0.016164180491370087
2025-01-20,IND,0.1153069991535751
2025-01-21,IND,0.04292768828439192
2025-01-22,IND,0.04279354483397382
2025-01-23,IND,0.015241002751605203
2025-01-24,IND,0.0193474226871919
2025-01-25,IND,0.014571072428769765
2025-01-26,IND,0.023424849588673274
2025-01-27,IND,0.014836191021172248
2025-01-28,IND,0.014007103433920974
2025-01-29,IND,0.012087009899796426
2025-01-30,IND,0.01308094875343224
2025-01-31,IND,0.013739002495448335
2025-02-01,IND,0.025769186295820746
2025-02-02,IND,0.02331829872228161
2025-02-03,IND,0.05294003294570393
2025-02-04,IND,0.03372869048756503
2025-02-05,IND,0.12389782360258192
2025-02-06,IND,0.12152076820361818
2025-02-07,IND,0.017326274858364448
2025-02-08,IND,0.020339408175882347
2025-02-09,IND,0.18415380876019052
2025-02-10,IND,0.07675776831129007
2025-02-11,IND,0.025531226351124384
2025-02-12,IND,0.017304709373218503
2025-02-13,IND,0.04524929648673096
2025-02-14,IND,0.04106998714422863
2025-02-15,IND,0.013872293243923958
2025-02-16,IND,0.01482796601876333
2025-02-17,IND,0.01209496432160651
2025-02-18,IND,0.011454679871914059
2025-02-19,IND,0.01842227563988671
2025-02-20,IND,0.011938280356355658
2025-02-21,IND,0.015514228072513509
2025-02-22,IND,0.011562461001481993
2025-02-23,IND,0.01635360504015081
2025-02-24,IND,0.017610929538432733
2025-02-25,IND,0.01629879811575727
2025-02-26,IND,0.01791850935145333
2025-02-27,IND,0.01566405678871371
2025-02-28,IND,0.012543629308831964
2025-03-01,IND,0.013814638170384067
2025-03-02,IND,0.028741238638898534
2025-03-03,IND,0.015959161846765053
2025-03-04,IND,0.031029583624834486
2025-03-05,IND,0.026351599586726056
2025-03-06,IND,0.023628971587094913
2025-03-07,IND,0.022834905925871334
2025-03-08,IND,0.024899160958526876
2025-03-09,IND,0.04422141504371122
2025-03-10,IND,0.021934500401433868
2025-03-11,IND,0.01841893163883994
2025-03-12,IND,0.021225516969450898
2025-03-13,IND,0.01519563508078276
2025-03-14,IND,0.015369088866646454
2025-03-15,IND,0.0226044741342807
2025-03-16,IND,0.02490444404195708
2025-03-17,IND,0.03272460055311717
2025-03-18,IND,0.02051458260607327
2025-03-19,IND,0.015512645244006439
2025-03-20,IND,0.024569849364565362
2025-03-21,IND,0.026244090711748037
2025-03-22,IND,0.016839292379768032
2025-03-23,IND,0.031992799284758615
2025-03-24,IND,0.022694004540426724
2025-03-25,IND,0.03378537741578262
2025-03-26,IND,0.017707544803066088
2025-03-27,IND,0.012483366455791402
2025-03-28,IND,0.011283603736907745
2024-07-01,BGD,0.01425955686351422
2024-07-02,BGD,0.046471357387754306
2024-07-03,BGD,0.012592470280296893
2024-07-04,BGD,0.012516061479635123
2024-07-05,BGD,0.012466153818124758
2024-07-06,BGD,0.012133797288411297
2024-07-07,BGD,0.03947514403332049
2024-07-08,BGD,0.013081275578967337
2024-07-09,BGD,0.011769360450668278
2024-07-10,BGD,0.011990723909306344
2024-07-11,BGD,0.019806800360664033
2024-07-12,BGD,0.01768206905806986
2024-07-13,BGD,0.018083467726218987
2024-07-14,BGD,0.04215506902314603
2024-07-15,BGD,0.015089265258771871
2024-07-16,BGD,0.031399450300302174
2024-07-17,BGD,0.01768922929242238
2024-07-18,BGD,0.05217694993707881
2024-07-19,BGD,0.07461931802836946
2024-07-20,BGD,0.017366712467277813
2024-07-21,BGD,0.016443625046929367
2024-07-22,BGD,0.0586899015235886
2024-07-23,BGD,0.031494279603419266
2024-07-24,BGD,0.09217387900418579
2024-07-25,BGD,0.09164824569457
2024-07-26,BGD,0.10126589553056926
2024-07-27,BGD,0.09776713962583503
2024-07-28,BGD,0.05199799056177511
2024-07-29,BGD,0.1248717545169663
2024-07-30,BGD,0.0734143549973207
2024-07-31,BGD,0.0363011509573722
2024-08-01,BGD,0.037291554602125174
2024-08-02,BGD,0.015295972961815835
2024-08-03,BGD,0.01371537939809061
2024-08-04,BGD,0.03260059598988735
2024-08-05,BGD,0.056263253221597025
2024-08-06,BGD,0.03275580381458141
2024-08-07,BGD,0.019782177314294474
2024-08-08,BGD,0.020541273520190667
2024-08-09,BGD,0.020920604236384536
2024-08-10,BGD,0.030567544916006866
2024-08-11,BGD,0.018568922618626978
2024-08-12,BGD,0.013631260012457772
2024-08-13,BGD,0.015408749388444812
2024-08-14,BGD,0.01755137305772689
2024-08-15,BGD,0.012044847828655364
2024-08-16,BGD,0.012666980149140118
2024-08-17,BGD,0.0126121541639722
2024-08-18,BGD,0.01222389088613746
2024-08-19,BGD,0.014569348841039604
2024-08-20,BGD,0.012961533423372567
2024-08-21,BGD,0.013763706668263402
2024-08-22,BGD,0.011893609047309725
2024-08-23,BGD,0.01323785122330253
2024-08-24,BGD,0.019798870241548618
2024-08-25,BGD,0.018669699818599703
2024-08-26,BGD,0.01624817737583868
2024-08-27,BGD,0.025513118405139458
2024-08-28,BGD,0.08234589621778868
2024-08-29,BGD,0.08216105916434809
2024-08-30,BGD,0.05550419707030313
2024-08-31,BGD,0.018802809430375256
2024-09-01,BGD,0.024372738998951215
2024-09-02,BGD,0.01477830227315234
2024-09-03,BGD,0.0219656528981098
2024-09-04,BGD,0.025203824077904682
2024-09-05,BGD,0.015268657236618762
2024-09-06,BGD,0.014273674961226444
2024-09-07,BGD,0.01191674963121047
2024-09-08,BGD,0.011868045431542348
2024-09-09,BGD,0.012787743970434641
2024-09-10,BGD,0.011990744408000588
2024-09-11,BGD,0.0134166838903035
2024-09-12,BGD,0.02838038151251514
2024-09-13,BGD,0.017779824906654258
2024-09-14,BGD,0.016112041777440037
2024-09-15,BGD,0.016255683743101223
2024-09-16,BGD,0.02997132597375557
2024-09-17,BGD,0.021073024703500552
2024-09-18,BGD,0.01450178166601997
2024-09-19,BGD,0.01613553503942962
2024-09-20,BGD,0.015428741244836874
2024-09-21,BGD,0.012837049902791888
2024-09-22,BGD,0.017000649687481023
2024-09-23,BGD,0.026996358397099265
2024-09-24,BGD,0.012737490212800818
2024-09-25,BGD,0.026940218159097924
2024-09-26,BGD,0.022650879605432845
2024-09-27,BGD,0.015096613227800327
2024-09-28,BGD,0.019928511868402728
2024-09-29,BGD,0.018746522732781705
2024-09-30,BGD,0.025865047465808817
2024-10-01,BGD,0.06745581999906612
2024-10-02,BGD,0.1087853962640767
2024-10-03,BGD,0.017120596252774314
2024-10-04,BGD,0.01410153932106212
2024-10-05,BGD,0.01648089503857201
2024-10-06,BGD,0.03851711391607943
2024-10-07,BGD,0.020250029286043043
2024-10-08,BGD,0.01710720150108562
2024-10-09,BGD,0.014143103129722532
2024-10-10,BGD,0.014142473475493602
2024-10-11,BGD,0.016464579231771134
2024-10-12,BGD,0.01768462916298815
2024-10-13,BGD,0.022001747431562763
2024-10-14,BGD,0.022344345997937266
2024-10-15,BGD,0.014949358255584981
2024-10-16,BGD,0.01723350465944145
2024-10-17,BGD,0.029418202081217183
2024-10-18,BGD,0.019979367641469837
2024-10-19,BGD,0.01390831470927466
2024-10-20,BGD,0.022339553772978294
2024-10-21,BGD,0.02650770882047123
2024-10-22,BGD,0.017945151024101855
2024-10-23,BGD,0.026592304946275454
2024-10-24,BGD,0.015555254281811499
2024-10-25,BGD,0.024890991741754194
2024-10-26,BGD,0.017665602454469707
2024-10-27,BGD,0.0203957438637521
2024-10-28,BGD,0.012059519474610328
2024-10-29,BGD,0.01157978441682561
2024-10-30,BGD,0.015616677984732033
2024-10-31,BGD,0.013353093617907298
2024-11-01,BGD,0.012288624554666628
2024-11-02,BGD,0.014704516499082405
2024-11-03,BGD,0.012594844809114696
2024-11-04,BGD,0.021358840887609854
2024-11-05,BGD,0.03388283285423587
2024-11-06,BGD,0.012068289688512
2024-11-07,BGD,0.01158069580714333
2024-11-08,BGD,0.014104398320787548
2024-11-09,BGD,0.011567687619196194
2024-11-10,BGD,0.015271558583043968
2024-11-11,BGD,0.011943891629150742
2024-11-12,BGD,0.01128333426758673
2024-11-13,BGD,0.012257905898056398
2024-11-14,BGD,0.014675894543093447
2024-11-15,BGD,0.013774073543044078
2024-11-16,BGD,0.011772744330239393
2024-11-17,BGD,0.011880894252609445
2024-11-18,BGD,0.012686197116276852
2024-11-19,BGD,0.01338683054236485
2024-11-20,BGD,0.012954711181301145
2024-11-21,BGD,0.014312572317034677
2024-11-22,BGD,0.01354734074970916
2024-11-23,BGD,0.01349768901280252
2024-11-24,BGD,0.025145442493003912
2024-11-25,BGD,0.023889442780816478
2024-11-26,BGD,0.012848860006680262
2024-11-27,BGD,0.019058954740684524
2024-11-28,BGD,0.01611141081083091
2024-11-29,BGD,0.012807670052439386
2024-11-30,BGD,0.01333292795523689
2024-12-01,BGD,0.011695581366536829
2024-12-02,BGD,0.011616789066602117
2024-12-03,BGD,0.011473059183118308
2024-12-04,BGD,0.013522679002333012
2024-12-05,BGD,0.011298843396929987
2024-12-06,BGD,0.011441120814126548
2024-12-07,BGD,0.011449471847017122
2024-12-08,BGD,0.02766638474693883
2024-12-09,BGD,0.09917752791594628
2024-12-10,BGD,0.05678104372088745
2024-12-11,BGD,0.06743715052144642
2024-12-12,BGD,0.10430296071056745
2024-12-13,BGD,0.09811927353119841
2024-12-14,BGD,0.02996803144584132
2024-12-15,BGD,0.04272657278509498
2024-12-16,BGD,0.06197564210975204
2024-12-17,BGD,0.03992973921653865
2024-12-18,BGD,0.07557217030285678
2024-12-19,BGD,0.04594120181115038
2024-12-20,BGD,0.015732460777202417
2024-12-21,BGD,0.047265425618106774
2024-12-22,BGD,0.044657038154847166
2024-12-23,BGD,0.03675377196991941
2024-12-24,BGD,0.015266354477889318
2024-12-25,BGD,0.01619415952831332
2024-12-26,BGD,0.015944732495093317
2024-12-27,BGD,0.015556045347022967
2024-12-28,BGD,0.015401368531939522
2024-12-29,BGD,0.015122902575572226
2024-12-30,BGD,0.013499288295491881
2024-12-31,BGD,0.013348258163266262
2025-01-01,BGD,0.013597573325962639
2025-01-02,BGD,0.02086311547785068
2025-01-03,BGD,0.013336723960156434
2025-01-04,BGD,0.013014038107790765
2025-01-05,BGD,0.012676600982598436
2025-01-06,BGD,0.012031571515075942
2025-01-07,BGD,0.012615743879381237
2025-01-08,BGD,0.012826228432097901
2025-01-09,BGD,0.018819094060747183
2025-01-10,BGD,0.016572312491724802
2025-01-11,BGD,0.013365204113627974
2025-01-12,BGD,0.0164277821021549
2025-01-13,BGD,0.013879575876101356
2025-01-14,BGD,0.013323922181290276
2025-01-15,BGD,0.013005543761417021
2025-01-16,BGD,0.04662321118428516
2025-01-17,BGD,0.020439697968169048
2025-01-18,BGD,0.030974531682010528
2025-01-19,BGD,0.013963262031469222
2025-01-20,BGD,0.013604098644315239
2025-01-21,BGD,0.013276524925449142
2025-01-22,BGD,0.013303733059205021
2025-01-23,BGD,0.01444702509350599
2025-01-24,BGD,0.0184415045972163
2025-01-25,BGD,0.01734360484500151
2025-01-26,BGD,0.01330895483764608
2025-01-27,BGD,0.013173128009898791
2025-01-28,BGD,0.014591104750554596
2025-01-29,BGD,0.01593496015494212
2025-01-30,BGD,0.01362737706587761
2025-01-31,BGD,0.012983614598752025
2025-02-01,BGD,0.013151733787859976
2025-02-02,BGD,0.013961827416258517
2025-02-03,BGD,0.014332023280292887
2025-02-04,BGD,0.012491713846569488
2025-02-05,BGD,0.020230245217175837
2025-02-06,BGD,0.013568491730917683
2025-02-07,BGD,0.015961380787327843
2025-02-08,BGD,0.014169627548087389
2025-02-09,BGD,0.014891096128306053
2025-02-10,BGD,0.012883866448210332
2025-02-11,BGD,0.015193650231963505
2025-02-12,BGD,0.01871862624754399
2025-02-13,BGD,0.01190555294940762
2025-02-14,BGD,0.019720799096643288
2025-02-15,BGD,0.012360767278367626
2025-02-16,BGD,0.014445490021910892
2025-02-17,BGD,0.013586093963865764
2025-02-18,BGD,0.014056071464444077
2025-02-19,BGD,0.01356203402481335
2025-02-20,BGD,0.013561223690159364
2025-02-21,BGD,0.027852023953817716
2025-02-22,BGD,0.012869060518009734
2025-02-23,BGD,0.0139507336336653
2025-02-24,BGD,0.013363519130064273
2025-02-25,BGD,0.01883942926639354
2025-02-26,BGD,0.014872913922286795
2025-02-27,BGD,0.01290993716369764
2025-02-28,BGD,0.011710917186196056
2025-03-01,BGD,0.011747298241122793
2025-03-02,BGD,0.012222749671039396
2025-03-03,BGD,0.023438294294936084
2025-03-04,BGD,0.0121730100614575
2025-03-05,BGD,0.012473467610290058
2025-03-06,BGD,0.014157704905908518
2025-03-07,BGD,0.021222151929075464
2025-03-08,BGD,0.01931519504701612
2025-03-09,BGD,0.03300248809809036
2025-03-10,BGD,0.015581873357952128
2025-03-11,BGD,0.013881305124004291
2025-03-12,BGD,0.022169381559192937
2025-03-13,BGD,0.014508666633293116
2025-03-14,BGD,0.015300230007276178
2025-03-15,BGD,0.020332422633931636
2025-03-16,BGD,0.029525064375305634
2025-03-17,BGD,0.041015906288003494
2025-03-18,BGD,0.01821495672927538
2025-03-19,BGD,0.04295222544373521
2025-03-20,BGD,0.017623483340312166
2025-03-21,BGD,0.08576955018248529
2025-03-22,BGD,0.1144868971635508
2025-03-23,BGD,0.01684256197177345
2025-03-24,BGD,0.01742837397224912
2025-03-25,BGD,0.016565712846846055
2025-03-26,BGD,0.013163352429127478
2025-03-27,BGD,0.013533440396581633
2025-03-28,BGD,0.016660656680034875
2024-07-01,MMR,0.01156610647650989
2024-07-02,MMR,0.011518940580280903
2024-07-03,MMR,0.012018818969356295
2024-07-04,MMR,0.011874733264580951
2024-07-05,MMR,0.014223520755239688
2024-07-06,MMR,0.018270980132478805
2024-07-07,MMR,0.016730003088971893
2024-07-08,MMR,0.016331513858712857
2024-07-09,MMR,0.01170529384528051
2024-07-10,MMR,0.013288406312472207
2024-07-11,MMR,0.011813782545808026
2024-07-12,MMR,0.01132981820517745
2024-07-13,MMR,0.011515072329276581
2024-07-14,MMR,0.012008762519515754
2024-07-15,MMR,0.014125668657833285
2024-07-16,MMR,0.014803486399041286
2024-07-17,MMR,0.011365227022945465
2024-07-18,MMR,0.011783932659411545
2024-07-19,MMR,0.012576180593531638
2024-07-20,MMR,0.013516096193733415
2024-07-21,MMR,0.012322663171438951
2024-07-22,MMR,0.01435644744694851
2024-07-23,MMR,0.01217358309626002
2024-07-24,MMR,0.012293589346153428
2024-07-25,MMR,0.013302029820107045
2024-07-26,MMR,0.013134866555259268
2024-07-27,MMR,0.012517816329795588
2024-07-28,MMR,0.014584870810860618
2024-07-29,MMR,0.014914743376965883
2024-07-30,MMR,0.013476257025814236
2024-07-31,MMR,0.013352555721182812
2024-08-01,MMR,0.012555138650612465
2024-08-02,MMR,0.012903725201837062
2024-08-03,MMR,0.014902806253953398
2024-08-04,MMR,0.011582979409302287
2024-08-05,MMR,0.024289798683245614
2024-08-06,MMR,0.0266590089120828
2024-08-07,MMR,0.016299643190707463
2024-08-08,MMR,0.01168079999384559
2024-08-09,MMR,0.01301795543901049
2024-08-10,MMR,0.031271441220297284
2024-08-11,MMR,0.01677864564853906
2024-08-12,MMR,0.013095786799495251
2024-08-13,MMR,0.012431282488465183
2024-08-14,MMR,0.011991566982486587
2024-08-15,MMR,0.01541426009935268
2024-08-16,MMR,0.01317218031036117
2024-08-17,MMR,0.014591566524855855
2024-08-18,MMR,0.011834626644972972
2024-08-19,MMR,0.036885891283796136
2024-08-20,MMR,0.021675515607013876
2024-08-21,MMR,0.012925805214483863
2024-08-22,MMR,0.013008699617741324
2024-08-23,MMR,0.013590780276739
2024-08-24,MMR,0.01631607437492744
2024-08-25,MMR,0.012731209755564453
2024-08-26,MMR,0.01186102671173131
2024-08-27,MMR,0.013374834688482645
2024-08-28,MMR,0.012063894034681244
2024-08-29,MMR,0.012482999903059618
2024-08-30,MMR,0.01267104782078271
2024-08-31,MMR,0.011747867126184185
2024-09-01,MMR,0.011817785249513916
2024-09-02,MMR,0.011817785249513916
2024-09-03,MMR,0.01208098766229397
2024-09-04,MMR,0.01195666169431855
2024-09-05,MMR,0.022602884463011428
2024-09-06,MMR,0.01378754617137608
2024-09-07,MMR,0.019716332214795237
2024-09-08,MMR,0.012575776356904312
2024-09-09,MMR,0.012934217649706507
2024-09-10,MMR,0.013486669760734808
2024-09-11,MMR,0.014137396553789986
2024-09-12,MMR,0.012039919150250693
2024-09-13,MMR,0.011655106557733597
2024-09-14,MMR,0.012229951085081518
2024-09-15,MMR,0.013168970621930445
2024-09-16,MMR,0.011622123786641231
2024-09-17,MMR,0.01173199969002948
2024-09-18,MMR,0.011720015150286771
2024-09-19,MMR,0.011738898790365352
2024-09-20,MMR,0.011356336135560708
2024-09-21,MMR,0.011756467386492324
2024-09-22,MMR,0.011440213630646673
2024-09-23,MMR,0.013246163443369294
2024-09-24,MMR,0.013673028681052144
2024-09-25,MMR,0.012477638092721587
2024-09-26,MMR,0.018118369615344875
2024-09-27,MMR,0.013340968783531327
2024-09-28,MMR,0.01358523957527739
2024-09-29,MMR,0.017720410971822753
2024-09-30,MMR,0.02127342406309369
2024-10-01,MMR,0.013240260904939672
2024-10-02,MMR,0.012015563551346994
2024-10-03,MMR,0.011525640864964347
2024-10-04,MMR,0.012292131753979805
2024-10-05,MMR,0.013913009560885125
2024-10-06,MMR,0.013081845016002791
2024-10-07,MMR,0.012737727272709441
2024-10-08,MMR,0.014820715370003002
2024-10-09,MMR,0.011985569696561681
2024-10-10,MMR,0.01190165038474666
2024-10-11,MMR,0.01283923395288542
2024-10-12,MMR,0.012185544412450079
2024-10-13,MMR,0.01256583114352647
2024-10-14,MMR,0.013825500286017268
2024-10-15,MMR,0.01145395604357384
2024-10-16,MMR,0.011860668724970505
2024-10-17,MMR,0.011903043435085345
2024-10-18,MMR,0.011383563621322104
2024-10-19,MMR,0.01126313694161967
2024-10-20,MMR,0.01134152778867824
2024-10-21,MMR,0.011502778361299381
2024-10-22,MMR,0.013079873957949373
2024-10-23,MMR,0.01303443674580233
2024-10-24,MMR,0.012338684317497134
2024-10-25,MMR,0.012818645143007245
2024-10-26,MMR,0.0131551560182041
2024-10-27,MMR,0.013161328630663075
2024-10-28,MMR,0.014855579769122947
2024-10-29,MMR,0.014359614268751044
2024-10-30,MMR,0.015014148661896421
2024-10-31,MMR,0.014263809925675913
2024-11-01,MMR,0.013590866686624358
2024-11-02,MMR,0.013273940240862115
2024-11-03,MMR,0.013746380878155632
2024-11-04,MMR,0.013163571509706798
2024-11-05,MMR,0.01337943612758365
2024-11-06,MMR,0.013603365080820383
2024-11-07,MMR,0.011808506652987277
2024-11-08,MMR,0.011697795588323746
2024-11-09,MMR,0.012820457030380462
2024-11-10,MMR,0.012039180286926344
2024-11-11,MMR,0.012688656039869574
2024-11-12,MMR,0.011895081949949265
2024-11-13,MMR,0.011526468006668447
2024-11-14,MMR,0.011891137596018689
2024-11-15,MMR,0.011613169856855352
2024-11-16,MMR,0.011262305006639793
2024-11-17,MMR,0.01141893587466525
2024-11-18,MMR,0.011286860508359729
2024-11-19,MMR,0.01367687607914125
2024-11-20,MMR,0.014085139737663416
2024-11-21,MMR,0.012525606160553355
2024-11-22,MMR,0.014725120024452499
2024-11-23,MMR,0.011772085696810208
2024-11-24,MMR,0.012523156840793892
2024-11-25,MMR,0.014684727437267914
2024-11-26,MMR,0.01676526848008196
2024-11-27,MMR,0.014110363749047039
2024-11-28,MMR,0.01195902120568683
2024-11-29,MMR,0.011633172171772125
2024-11-30,MMR,0.013885285521758273
2024-12-01,MMR,0.012391676603190674
2024-12-02,MMR,0.011983115968987953
2024-12-03,MMR,0.01300328765041903
2024-12-04,MMR,0.012155716128371814
2024-12-05,MMR,0.012704479301181936
2024-12-06,MMR,0.012003071021273432
2024-12-07,MMR,0.01205785650447832
2024-12-08,MMR,0.014219363308989591
2024-12-09,MMR,0.012279924707471683
2024-12-10,MMR,0.012347386512788733
2024-12-11,MMR,0.012396306178732504
2024-12-12,MMR,0.01259525608015567
2024-12-13,MMR,0.01472604059909163
2024-12-14,MMR,0.014582139068118201
2024-12-15,MMR,0.016404769574147646
2024-12-16,MMR,0.012656399093375138
2024-12-17,MMR,0.013989576370178397
2024-12-18,MMR,0.013247474296263561
2024-12-19,MMR,0.011926304621638444
2024-12-20,MMR,0.01233149083554209
2024-12-21,MMR,0.014483609603045764
2024-12-22,MMR,0.014359577741300115
2024-12-23,MMR,0.013788555894274794
2024-12-24,MMR,0.012326585275005526
2024-12-25,MMR,0.012417944034426438
2024-12-26,MMR,0.01274518709393732
2024-12-27,MMR,0.017636111583598416
2024-12-28,MMR,0.01260358914615436
2024-12-29,MMR,0.015335040789456899
2024-12-30,MMR,0.012641769145454592
2024-12-31,MMR,0.013495035484872315
2025-01-01,MMR,0.013019473411687337
2025-01-02,MMR,0.012978977694631404
2025-01-03,MMR,0.012445569145844425
2025-01-04,MMR,0.013139533896166837
2025-01-05,MMR,0.013252355530208712
2025-01-06,MMR,0.01210729223854426
2025-01-07,MMR,0.012397250389519146
2025-01-08,MMR,0.015158651729746387
2025-01-09,MMR,0.012182472184947028
2025-01-10,MMR,0.012109059103787989
2025-01-11,MMR,0.012337936611780913
2025-01-12,MMR,0.01255277256417415
2025-01-13,MMR,0.012348267010625068
2025-01-14,MMR,0.011832504843874988
2025-01-15,MMR,0.01247697663495263
2025-01-16,MMR,0.01272905668888276
2025-01-17,MMR,0.01980193744141826
2025-01-18,MMR,0.013364139240982988
2025-01-19,MMR,0.012315770231525967
2025-01-20,MMR,0.012924142081557085
2025-01-21,MMR,0.013428566978232886
2025-01-22,MMR,0.014803500231281626
2025-01-23,MMR,0.01931474687612806
2025-01-24,MMR,0.013601109291704399
2025-01-25,MMR,0.012679033697088678
2025-01-26,MMR,0.01236830096667021
2025-01-27,MMR,0.011894878832803185
2025-01-28,MMR,0.012834442112711886
2025-01-29,MMR,0.012058167516497907
2025-01-30,MMR,0.011721619246570543
2025-01-31,MMR,0.012595832692539933
2025-02-01,MMR,0.012366381261538025
2025-02-02,MMR,0.013761449490413037
2025-02-03,MMR,0.013080563082702395
2025-02-04,MMR,0.011664372325194999
2025-02-05,MMR,0.01441149572779846
2025-02-06,MMR,0.012542481451337514
2025-02-07,MMR,0.012378934303489426
2025-02-08,MMR,0.011913559574398562
2025-02-09,MMR,0.012358328989060464
2025-02-10,MMR,0.013692302954782139
2025-02-11,MMR,0.011722924763307888
2025-02-12,MMR,0.016657862642825334
2025-02-13,MMR,0.015908282113411616
2025-02-14,MMR,0.011507627355010836
2025-02-15,MMR,0.013870718226828642
2025-02-16,MMR,0.014425344865511591
2025-02-17,MMR,0.01311538979148819
2025-02-18,MMR,0.012573644558036437
2025-02-19,MMR,0.014652004828025695
2025-02-20,MMR,0.017680384856102207
2025-02-21,MMR,0.01338755657851367
2025-02-22,MMR,0.012935392356070306
2025-02-23,MMR,0.015556640908186285
2025-02-24,MMR,0.012946318967059582
2025-02-25,MMR,0.01642798612572885
2025-02-26,MMR,0.016667644777698623
2025-02-27,MMR,0.028261555896177848
2025-02-28,MMR,0.017871036510370142
2025-03-01,MMR,0.013209063102640552
2025-03-02,MMR,0.01217128935141871
2025-03-03,MMR,0.012972238798221274
2025-03-04,MMR,0.012971430921487441
2025-03-05,MMR,0.013706683155199965
2025-03-06,MMR,0.0135605534347466
2025-03-07,MMR,0.012933948815494959
2025-03-08,MMR,0.011601099762747636
2025-03-09,MMR,0.014477367066548341
2025-03-10,MMR,0.015800688375466988
2025-03-11,MMR,0.012546497878492217
2025-03-12,MMR,0.012424833933659443
2025-03-13,MMR,0.012274015773153372
2025-03-14,MMR,0.024291108138662365
2025-03-15,MMR,0.012971173817431866
2025-03-16,MMR,0.015216393997526079
2025-03-17,MMR,0.011872671123617331
2025-03-18,MMR,0.011537566775095145
2025-03-19,MMR,0.013768917762570956
2025-03-20,MMR,0.012363541247169065
2025-03-21,MMR,0.011847064818443189
2025-03-22,MMR,0.012391833314058048
2025-03-23,MMR,0.011785834138988855
2025-03-24,MMR,0.01190783376701755
2025-03-25,MMR,0.011767839455903241
2025-03-26,MMR,0.011479707848141948
2025-03-27,MMR,0.011514555692521765
2025-03-28,MMR,0.02528525852413328
2024-07-01,PHL,0.0714048126760268
2024-07-02,PHL,0.028892478881330935
2024-07-03,PHL,0.011419318905567485
2024-07-04,PHL,0.013304188589853497
2024-07-05,PHL,0.014161520208858835
2024-07-06,PHL,0.01198722267049952
2024-07-07,PHL,0.014039330869284512
2024-07-08,PHL,0.019173205243743028
2024-07-09,PHL,0.013633241260763637
2024-07-10,PHL,0.021344779048710374
2024-07-11,PHL,0.04509377633785855
2024-07-12,PHL,0.013931241116603722
2024-07-13,PHL,0.030002733594102875
2024-07-14,PHL,0.01690533244764066
2024-07-15,PHL,0.02838313747469867
2024-07-16,PHL,0.11012320737558387
2024-07-17,PHL,0.01435358112664038
2024-07-18,PHL,0.012096990655680144
2024-07-19,PHL,0.011661194080675483
2024-07-20,PHL,0.011302432635373706
2024-07-21,PHL,0.011383276833022636
2024-07-22,PHL,0.011333757292995848
2024-07-23,PHL,0.014500230888536574
2024-07-24,PHL,0.012936202171934495
2024-07-25,PHL,0.04601924918545326
2024-07-26,PHL,0.016109100784674518
2024-07-27,PHL,0.011859590192261654
2024-07-28,PHL,0.014332389705100231
2024-07-29,PHL,0.013961959028465152
2024-07-30,PHL,0.014200543468699952
2024-07-31,PHL,0.01218205563426045
2024-08-01,PHL,0.017073153948684933
2024-08-02,PHL,0.02072624999802087
2024-08-03,PHL,0.017435528257533812
2024-08-04,PHL,0.016953918986957507
2024-08-05,PHL,0.017215820131614365
2024-08-06,PHL,0.012960707398393743
2024-08-07,PHL,0.014343105165869032
2024-08-08,PHL,0.13293952664416456
2024-08-09,PHL,0.01217823083792193
2024-08-10,PHL,0.015450606771774292
2024-08-11,PHL,0.019231668400944153
2024-08-12,PHL,0.017388491672577926
2024-08-13,PHL,0.013845760619732202
2024-08-14,PHL,0.013426514443517156
2024-08-15,PHL,0.013948339966831749
2024-08-16,PHL,0.01246640756621069
2024-08-17,PHL,0.012217036986568989
2024-08-18,PHL,0.012340402900461392
2024-08-19,PHL,0.03870764646678635
2024-08-20,PHL,0.013163858840551802
2024-08-21,PHL,0.013748516712259897
2024-08-22,PHL,0.015742062640669154
2024-08-23,PHL,0.012937607529748268
2024-08-24,PHL,0.012651677171990899
2024-08-25,PHL,0.014025580992535319
2024-08-26,PHL,0.012791366004772752
2024-08-27,PHL,0.013268414585630727
2024-08-28,PHL,0.013214539921222743
2024-08-29,PHL,0.017631554573424902
2024-08-30,PHL,0.014338059599097877
2024-08-31,PHL,0.02071079903158964
2024-09-01,PHL,0.014273941977867698
2024-09-02,PHL,0.014315596414535985
2024-09-03,PHL,0.016335268967161184
2024-09-04,PHL,0.015708712284361253
2024-09-05,PHL,0.012759561833186302
2024-09-06,PHL,0.0129888315493255
2024-09-07,PHL,0.012035518041438797
2024-09-08,PHL,0.013600297164873735
2024-09-09,PHL,0.013786389947390563
2024-09-10,PHL,0.012500004572526063
2024-09-11,PHL,0.029340624493276235
2024-09-12,PHL,0.017229061601065184
2024-09-13,PHL,0.01298944606271054
2024-09-14,PHL,0.012500648467127383
2024-09-15,PHL,0.021265771021257995
2024-09-16,PHL,0.015024911481638734
2024-09-17,PHL,0.03924515717725967
2024-09-18,PHL,0.014075269166640335
2024-09-19,PHL,0.01499276880962675
2024-09-20,PHL,0.015210313366179486
2024-09-21,PHL,0.013987535787356094
2024-09-22,PHL,0.025039302218769075
2024-09-23,PHL,0.015499094471990361
2024-09-24,PHL,0.015879164764412732
2024-09-25,PHL,0.017184584701070198
2024-09-26,PHL,0.01786984506627938
2024-09-27,PHL,0.019319330955059354
2024-09-28,PHL,0.017439383229553893
2024-09-29,PHL,0.028442953567204915
2024-09-30,PHL,0.021170042732467035
2024-10-01,PHL,0.029835885074884924
2024-10-02,PHL,0.01803531030489638
2024-10-03,PHL,0.01981874825318259
2024-10-04,PHL,0.014287417730173195
2024-10-05,PHL,0.013926238017752342
2024-10-06,PHL,0.014360466665720741
2024-10-07,PHL,0.015733908033736792
2024-10-08,PHL,0.012513806661721326
2024-10-09,PHL,0.014196672481383142
2024-10-10,PHL,0.018455273290489564
2024-10-11,PHL,0.020531269457032205
2024-10-12,PHL,0.027034596978116717
2024-10-13,PHL,0.02391313715414701
2024-10-14,PHL,0.020886414415728687
2024-10-15,PHL,0.014959069163511739
2024-10-16,PHL,0.014455568804668356
2024-10-17,PHL,0.029417769088989416
2024-10-18,PHL,0.028192749122205152
2024-10-19,PHL,0.01994544186750083
2024-10-20,PHL,0.02985270620767367
2024-10-21,PHL,0.030968138201379496
2024-10-22,PHL,0.01891855369179478
2024-10-23,PHL,0.08949217337449616
2024-10-24,PHL,0.01882580156921787
2024-10-25,PHL,0.011621108297921933
2024-10-26,PHL,0.026167912784218948
2024-10-27,PHL,0.015508368505369637
2024-10-28,PHL,0.014048329777396541
2024-10-29,PHL,0.011428922566451468
2024-10-30,PHL,0.02495489491505029
2024-10-31,PHL,0.014542464289232148
2024-11-01,PHL,0.016865211530373937
2024-11-02,PHL,0.011903311199919159
2024-11-03,PHL,0.011978649843235097
2024-11-04,PHL,0.011895537983113097
2024-11-05,PHL,0.011814613747226733
2024-11-06,PHL,0.011682343664825868
2024-11-07,PHL,0.011489097064777146
2024-11-08,PHL,0.011300015944501448
2024-11-09,PHL,0.011683588901048187
2024-11-10,PHL,0.011890692135755658
2024-11-11,PHL,0.012013000370037117
2024-11-12,PHL,0.011087282831921478
2024-11-13,PHL,0.013460817031296384
2024-11-14,PHL,0.019687888534039372
2024-11-15,PHL,0.017417657084674562
2024-11-16,PHL,0.01464838681507431
2024-11-17,PHL,0.018969131900550582
2024-11-18,PHL,0.01819816453252925
2024-11-19,PHL,0.015237395491196105
2024-11-20,PHL,0.02231308353531201
2024-11-21,PHL,0.05181013428663142
2024-11-22,PHL,0.05044534675492888
2024-11-23,PHL,0.05651431199180685
2024-11-24,PHL,0.024101011106280337
2024-11-25,PHL,0.024462951946846393
2024-11-26,PHL,0.016420040764255503
2024-11-27,PHL,0.01732687341921838
2024-11-28,PHL,0.011599245395179463
2024-11-29,PHL,0.011387095048320995
2024-11-30,PHL,0.011285729267311015
2024-12-01,PHL,0.01118399140972416
2024-12-02,PHL,0.011712929394762572
2024-12-03,PHL,0.012476178008744905
2024-12-04,PHL,0.011952296225137769
2024-12-05,PHL,0.017821258626861066
2024-12-06,PHL,0.03127399715830111
2024-12-07,PHL,0.0348995083156778
2024-12-08,PHL,0.03113601631558695
2024-12-09,PHL,0.012892269368672793
2024-12-10,PHL,0.011975192551156142
2024-12-11,PHL,0.014276423755445184
2024-12-12,PHL,0.01841852996039003
2024-12-13,PHL,0.013712161691902596
2024-12-14,PHL,0.01185612848241214
2024-12-15,PHL,0.013165832535323675
2024-12-16,PHL,0.015676407216432355
2024-12-17,PHL,0.017326543048318623
2024-12-18,PHL,0.01580332558974309
2024-12-19,PHL,0.03598287430968382
2024-12-20,PHL,0.01193721627300778
2024-12-21,PHL,0.012738579704666074
2024-12-22,PHL,0.01729876142620056
2024-12-23,PHL,0.018470140245420694
2024-12-24,PHL,0.01288426981127725
2024-12-25,PHL,0.02428126734081726
2024-12-26,PHL,0.021969412697151386
2024-12-27,PHL,0.018774483424905498
2024-12-28,PHL,0.01795673972480174
2024-12-29,PHL,0.019847580882989296
2024-12-30,PHL,0.017880725154053
2024-12-31,PHL,0.014601450030620735
2025-01-01,PHL,0.01223107297165749
2025-01-02,PHL,0.015301066427367073
2025-01-03,PHL,0.01950008396514247
2025-01-04,PHL,0.014489015337576766
2025-01-05,PHL,0.016266386608803887
2025-01-06,PHL,0.019506606123019063
2025-01-07,PHL,0.018229718240440704
2025-01-08,PHL,0.0214723081965422
2025-01-09,PHL,0.018174285953924802
2025-01-10,PHL,0.025184315911520885
2025-01-11,PHL,0.017059323289438124
2025-01-12,PHL,0.018139335167104944
2025-01-13,PHL,0.017399739396777573
2025-01-14,PHL,0.01416639341154906
2025-01-15,PHL,0.017181191772431118
2025-01-16,PHL,0.016205913468186527
2025-01-17,PHL,0.01980929235218975
2025-01-18,PHL,0.016685029885373147
2025-01-19,PHL,0.022281874120540706
2025-01-20,PHL,0.028978026998530658
2025-01-21,PHL,0.04245418414413199
2025-01-22,PHL,0.022410122618750517
2025-01-23,PHL,0.025042818699341624
2025-01-24,PHL,0.06280299606689475
2025-01-25,PHL,0.019714746179012983
2025-01-26,PHL,0.016157197331354414
2025-01-27,PHL,0.01718870736058897
2025-01-28,PHL,0.013261990627219037
2025-01-29,PHL,0.012799918536569433
2025-01-30,PHL,0.015060248324290586
2025-01-31,PHL,0.02208159769365198
2025-02-01,PHL,0.015306216557883313
2025-02-02,PHL,0.015753237462402564
2025-02-03,PHL,0.018534212810228958
2025-02-04,PHL,0.014209566044550115
2025-02-05,PHL,0.02686312973886244
2025-02-06,PHL,0.021577274403742474
2025-02-07,PHL,0.09018044270572693
2025-02-08,PHL,0.09908991495849585
2025-02-09,PHL,0.015131501964082889
2025-02-10,PHL,0.014935510691914096
2025-02-11,PHL,0.014895965424754682
2025-02-12,PHL,0.025061628618161687
2025-02-13,PHL,0.014208169090555629
2025-02-14,PHL,0.01640697059340224
2025-02-15,PHL,0.013280621158075583
2025-02-16,PHL,0.016047210940006506
2025-02-17,PHL,0.01693069391909863
2025-02-18,PHL,0.019754193415195256
2025-02-19,PHL,0.01994823950972998
2025-02-20,PHL,0.018900920144485234
2025-02-21,PHL,0.11434740793600098
2025-02-22,PHL,0.019517219591946508
2025-02-23,PHL,0.021288946582882946
2025-02-24,PHL,0.01942290427974635
2025-02-25,PHL,0.02093502851254222
2025-02-26,PHL,0.015403966497879855
2025-02-27,PHL,0.01813199703801175
2025-02-28,PHL,0.019506486513064254
2025-03-01,PHL,0.08250887821039923
2025-03-02,PHL,0.02278288979703521
2025-03-03,PHL,0.1341592127559237
2025-03-04,PHL,0.013880440137480464
2025-03-05,PHL,0.013733754036052039
2025-03-06,PHL,0.012400899583638004
2025-03-07,PHL,0.013030363416565272
2025-03-08,PHL,0.012962078913921486
2025-03-09,PHL,0.014053411094554054
2025-03-10,PHL,0.013050728110986438
2025-03-11,PHL,0.027014919557389227
2025-03-12,PHL,0.04723086304125777
2025-03-13,PHL,0.014070459977003976
2025-03-14,PHL,0.014525147272219544
2025-03-15,PHL,0.05129961489764624
2025-03-16,PHL,0.06423104793830692
2025-03-17,PHL,0.08356641726549191
2025-03-18,PHL,0.03364230268516149
2025-03-19,PHL,0.02120105077196378
2025-03-20,PHL,0.01637939550968791
2025-03-21,PHL,0.034580299912050604
2025-03-22,PHL,0.014311811759461926
2025-03-23,PHL,0.013863865627573402
2025-03-24,PHL,0.014471091107518982
2025-03-25,PHL,0.014468827691636163
2025-03-26,PHL,0.014081609509244952
2025-03-27,PHL,0.013661646369778737
2025-03-28,PHL,0.012946265613678929
2024-07-01,THA,0.022235587664640948
2024-07-02,THA,0.03740811524778995
2024-07-03,THA,0.02286127216109935
2024-07-04,THA,0.04847896215433661
2024-07-05,THA,0.054074773943277706
2024-07-06,THA,0.03106810151627992
2024-07-07,THA,0.028429031408807336
2024-07-08,THA,0.0229625087980523
2024-07-09,THA,0.02386505346362768
2024-07-10,THA,0.02352423914727913
2024-07-11,THA,0.04451385967260666
2024-07-12,THA,0.05373202008123751
2024-07-13,THA,0.04160106722766374
2024-07-14,THA,0.0770122165898569
2024-07-15,THA,0.08232956003682129
2024-07-16,THA,0.13239546296432644
2024-07-17,THA,0.09563234939541357
2024-07-18,THA,0.038376678954347446
2024-07-19,THA,0.01717344962723709
2024-07-20,THA,0.0515105080780718
2024-07-21,THA,0.022263763568536238
2024-07-22,THA,0.039028314434611966
2024-07-23,THA,0.03821222375653171
2024-07-24,THA,0.025875010413389247
2024-07-25,THA,0.05485643920347816
2024-07-26,THA,0.04403006479641432
2024-07-27,THA,0.03672625945743277
2024-07-28,THA,0.11852836630606246
2024-07-29,THA,0.06244222016756026
2024-07-30,THA,0.030962426387702306
2024-07-31,THA,0.10793191300811074
2024-08-01,THA,0.26452834013018395
2024-08-02,THA,0.17993031661303424
2024-08-03,THA,0.049972116214842884
2024-08-04,THA,0.026855352460891695
2024-08-05,THA,0.01679728546701652
2024-08-06,THA,0.013752846051310379
2024-08-07,THA,0.01669489795266552
2024-08-08,THA,0.012478291016751557
2024-08-09,THA,0.011466989789442144
2024-08-10,THA,0.012480366277792565
2024-08-11,THA,0.01280443163309713
2024-08-12,THA,0.012210492060532537
2024-08-13,THA,0.01146393840129957
2024-08-14,THA,0.029476039764632582
2024-08-15,THA,0.02125783115572487
2024-08-16,THA,0.021975543223154256
2024-08-17,THA,0.013463822410052931
2024-08-18,THA,0.04011321296355091
2024-08-19,THA,0.062053896853551054
2024-08-20,THA,0.020323827489115993
2024-08-21,THA,0.017662001632684478
2024-08-22,THA,0.18195551471725432
2024-08-23,THA,0.11384695541112498
2024-08-24,THA,0.04765668992912918
2024-08-25,THA,0.04537286629441137
2024-08-26,THA,0.0484377333370911
2024-08-27,THA,0.05594900016173847
2024-08-28,THA,0.08066771184260568
2024-08-29,THA,0.1505565267934659
2024-08-30,THA,0.15724593489932268
2024-08-31,THA,0.08782909318247734
2024-09-01,THA,0.10950282539428205
2024-09-02,THA,0.10107351263509348
2024-09-03,THA,0.14282605764971218
2024-09-04,THA,0.0320923167383279
2024-09-05,THA,0.03299627364428963
2024-09-06,THA,0.02987691249146035
2024-09-07,THA,0.02463562851547424
2024-09-08,THA,0.03207538018164393
2024-09-09,THA,0.048405708860692453
2024-09-10,THA,0.028568171857615746
2024-09-11,THA,0.08623986081279972
2024-09-12,THA,0.05670954047112638
2024-09-13,THA,0.064642484818224
2024-09-14,THA,0.05598796375026576
2024-09-15,THA,0.08529424099403393
2024-09-16,THA,0.08850232530690862
2024-09-17,THA,0.14323374725305063
2024-09-18,THA,0.10551344767272776
2024-09-19,THA,0.10686972510720762
2024-09-20,THA,0.051915942787938464
2024-09-21,THA,0.18629335279101017
2024-09-22,THA,0.10601104353721631
2024-09-23,THA,0.10980629283653538
2024-09-24,THA,0.053744036105247806
2024-09-25,THA,0.11045853626098254
2024-09-26,THA,0.1614710618946722
2024-09-27,THA,0.04279251532652342
2024-09-28,THA,0.07863053141587799
2024-09-29,THA,0.10619479716063905
2024-09-30,THA,0.0401472675038346
2024-10-01,THA,0.06201154844844987
2024-10-02,THA,0.019884350751289345
2024-10-03,THA,0.02044794976171676
2024-10-04,THA,0.01737621024271318
2024-10-05,THA,0.0887021168042241
2024-10-06,THA,0.02465295562088813
2024-10-07,THA,0.025244188644893212
2024-10-08,THA,0.02098822304603315
2024-10-09,THA,0.11442025407596879
2024-10-10,THA,0.03934766889371188
2024-10-11,THA,0.0638358603384889
2024-10-12,THA,0.12585658851896903
2024-10-13,THA,0.04645420079941464
2024-10-14,THA,0.07302710695966533
2024-10-15,THA,0.19863987643833578
2024-10-16,THA,0.051345751621407545
2024-10-17,THA,0.027529956817986763
2024-10-18,THA,0.09177660204521007
2024-10-19,THA,0.09842177027965578
2024-10-20,THA,0.031619779596108795
2024-10-21,THA,0.026660442525923173
2024-10-22,THA,0.04080642931681225
2024-10-23,THA,0.23459285879353334
2024-10-24,THA,0.05619325382987585
2024-10-25,THA,0.1799547740646603
2024-10-26,THA,0.16365308446547536
2024-10-27,THA,0.0270621208566205
2024-10-28,THA,0.13661953433724472
2024-10-29,THA,0.17503083383503515
2024-10-30,THA,0.037130792325152574
2024-10-31,THA,0.047410812285622266
2024-11-01,THA,0.12540367637826463
2024-11-02,THA,0.026978356152220336
2024-11-03,THA,0.0569995121960268
2024-11-04,THA,0.1198961465892792
2024-11-05,THA,0.0205327688635528
2024-11-06,THA,0.01938563472176727
2024-11-07,THA,0.03540922842674874
2024-11-08,THA,0.019920060400592986
2024-11-09,THA,0.028395738428188096
2024-11-10,THA,0.10009645431877934
2024-11-11,THA,0.06147444209933928
2024-11-12,THA,0.050592206437167116
2024-11-13,THA,0.06193962890509784
2024-11-14,THA,0.028116645481781534
2024-11-15,THA,0.015623823890674257
2024-11-16,THA,0.01564313355503841
2024-11-17,THA,0.015254174176554523
2024-11-18,THA,0.015479487892924079
2024-11-19,THA,0.014693090165497476
2024-11-20,THA,0.057395790039014585
2024-11-21,THA,0.10915765884870694
2024-11-22,THA,0.04694945936378422
2024-11-23,THA,0.034045884297414765
2024-11-24,THA,0.18989687532403926
2024-11-25,THA,0.1971654325779098
2024-11-26,THA,0.09474778370071973
2024-11-27,THA,0.08085713813519345
2024-11-28,THA,0.06225500229074683
2024-11-29,THA,0.06370437488407912
2024-11-30,THA,0.08679728713961793
2024-12-01,THA,0.02130667196863245
2024-12-02,THA,0.019730077949567545
2024-12-03,THA,0.017058055671255293
2024-12-04,THA,0.04281249347518376
2024-12-05,THA,0.021330875634066247
2024-12-06,THA,0.016002442975550615
2024-12-07,THA,0.015247026874991288
2024-12-08,THA,0.10445144813853588
2024-12-09,THA,0.10043637454201648
2024-12-10,THA,0.05654708899041881
2024-12-11,THA,0.07559702992695291
2024-12-12,THA,0.11063848357568647
2024-12-13,THA,0.0682268809219269
2024-12-14,THA,0.04944742258433006
2024-12-15,THA,0.029672293695785293
2024-12-16,THA,0.09820953783602712
2024-12-17,THA,0.028575803131629034
2024-12-18,THA,0.02004870807689935
2024-12-19,THA,0.01558095816900395
2024-12-20,THA,0.013773400836778568
2024-12-21,THA,0.015281524151414021
2024-12-22,THA,0.013487092646939869
2024-12-23,THA,0.015517531707596606
2024-12-24,THA,0.013837485062879443
2024-12-25,THA,0.026614555753697377
2024-12-26,THA,0.08853066384024184
2024-12-27,THA,0.018120203804393012
2024-12-28,THA,0.02652366713630095
2024-12-29,THA,0.29445772635979633
2024-12-30,THA,0.31634102077837833
2024-12-31,THA,0.07422878144891669
2025-01-01,THA,0.060291682774661064
2025-01-02,THA,0.04773897524935035
2025-01-03,THA,0.031868947883873955
2025-01-04,THA,0.019877043907821
2025-01-05,THA,0.020171780610347596
2025-01-06,THA,0.017419552922106472
2025-01-07,THA,0.02924639148400794
2025-01-08,THA,0.022184985875611376
2025-01-09,THA,0.016573098851954647
2025-01-10,THA,0.01494091726899557
2025-01-11,THA,0.013428805030583427
2025-01-12,THA,0.012543708779868587
2025-01-13,THA,0.02578887039420519
2025-01-14,THA,0.11144352513272575
2025-01-15,THA,0.018089627501305078
2025-01-16,THA,0.013113013767057619
2025-01-17,THA,0.01683190750962881
2025-01-18,THA,0.019783384098559155
2025-01-19,THA,0.01857612566773073
2025-01-20,THA,0.029698989230993338
2025-01-21,THA,0.013065685362609596
2025-01-22,THA,0.018183355718855813
2025-01-23,THA,0.040766522405270914
2025-01-24,THA,0.01246594787292363
2025-01-25,THA,0.012867674149739806
2025-01-26,THA,0.012833673035297175
2025-01-27,THA,0.03355313635151898
2025-01-28,THA,0.08839462933462237
2025-01-29,THA,0.051424434579468284
2025-01-30,THA,0.031364718289962415
2025-01-31,THA,0.028578287963904422
2025-02-01,THA,0.02517846906069308
2025-02-02,THA,0.01805275303381842
2025-02-03,THA,0.011782486346060632
2025-02-04,THA,0.016599900042613806
2025-02-05,THA,0.014083088192929739
2025-02-06,THA,0.01227304406119624
2025-02-07,THA,0.011869350316644992
2025-02-08,THA,0.019344563487517324
2025-02-09,THA,0.020685004517477762
2025-02-10,THA,0.05183563724510215
2025-02-11,THA,0.015710866620812967
2025-02-12,THA,0.01984855856193546
2025-02-13,THA,0.018740534391523345
2025-02-14,THA,0.017250316001855136
2025-02-15,THA,0.019174431839147094
2025-02-16,THA,0.03424444909610049
2025-02-17,THA,0.01987285492612747
2025-02-18,THA,0.01598700463551553
2025-02-19,THA,0.016377478422176732
2025-02-20,THA,0.046922136564735296
2025-02-21,THA,0.023205487244209122
2025-02-22,THA,0.036413236920898776
2025-02-23,THA,0.036129758235632234
2025-02-24,THA,0.016782836011835358
2025-02-25,THA,0.022731784222476913
2025-02-26,THA,0.07041749275622072
2025-02-27,THA,0.021219822022375982
2025-02-28,THA,0.01628997248329378
2025-03-01,THA,0.013858124542391543
2025-03-02,THA,0.016783087872003628
2025-03-03,THA,0.016990973231205176
2025-03-04,THA,0.012662483059283332
2025-03-05,THA,0.020229102291268886
2025-03-06,THA,0.046393330184514435
2025-03-07,THA,0.1152254405235172
2025-03-08,THA,0.12210430946177085
2025-03-09,THA,0.0664020241497564
2025-03-10,THA,0.2184239889564858
2025-03-11,THA,0.0850547268699572
2025-03-12,THA,0.06173693433219759
2025-03-13,THA,0.02452877435458352
2025-03-14,THA,0.12791780738229155
2025-03-15,THA,0.012733293758737399
2025-03-16,THA,0.01288660966907587
2025-03-17,THA,0.012882011378613317
2025-03-18,THA,0.011775491758440079
2025-03-19,THA,0.012188984861994457
2025-03-20,THA,0.012552150808299955
2025-03-21,THA,0.011458913948373062
2025-03-22,THA,0.026774099474676974
2025-03-23,THA,0.02120035473669516
2025-03-24,THA,0.09038156789919469
2025-03-25,THA,0.05610519218914401
2025-03-26,THA,0.06483980422460212
2025-03-27,THA,0.05086887200145266
2025-03-28,THA,0.23735759248345722
2024-07-01,IDN,0.1336012845909846
2024-07-02,IDN,0.17387490523991317
2024-07-03,IDN,0.15316511535767946
2024-07-04,IDN,0.014099648236039462
2024-07-05,IDN,0.019903222442619217
2024-07-06,IDN,0.013864469817640876
2024-07-07,IDN,0.01881933582325283
2024-07-08,IDN,0.020769306680776384
2024-07-09,IDN,0.013609815176362061
2024-07-10,IDN,0.01506102644091469
2024-07-11,IDN,0.04141924648988229
2024-07-12,IDN,0.06395828543475873
2024-07-13,IDN,0.08492595282760254
2024-07-14,IDN,0.0617747415515097
2024-07-15,IDN,0.09195097517781557
2024-07-16,IDN,0.09525824414403011
2024-07-17,IDN,0.0663821912367907
2024-07-18,IDN,0.15252062382447998
2024-07-19,IDN,0.04375805642365099
2024-07-20,IDN,0.027444060910218292
2024-07-21,IDN,0.06683627505339237
2024-07-22,IDN,0.041227708841445346
2024-07-23,IDN,0.014270212884717725
2024-07-24,IDN,0.01272207454707583
2024-07-25,IDN,0.01703018861933185
2024-07-26,IDN,0.014411555840043652
2024-07-27,IDN,0.01604104026054319
2024-07-28,IDN,0.01866827567867641
2024-07-29,IDN,0.017609617579037607
2024-07-30,IDN,0.08064355712752118
2024-07-31,IDN,0.04625960635693942
2024-08-01,IDN,0.15246017690651187
2024-08-02,IDN,0.07187009891200695
2024-08-03,IDN,0.13579392466069934
2024-08-04,IDN,0.062460950771466434
2024-08-05,IDN,0.17228187731767622
2024-08-06,IDN,0.0238404678848804
2024-08-07,IDN,0.02477443879404785
2024-08-08,IDN,0.0277454656431967
2024-08-09,IDN,0.22502229692769923
2024-08-10,IDN,0.022471811056162354
2024-08-11,IDN,0.028204349288961154
2024-08-12,IDN,0.034871025684155316
2024-08-13,IDN,0.028267414479230535
2024-08-14,IDN,0.026919390140400616
2024-08-15,IDN,0.17964072569023704
2024-08-16,IDN,0.03150155252156543
2024-08-17,IDN,0.06352833919045348
2024-08-18,IDN,0.052245861588578406
2024-08-19,IDN,0.07872545197148355
2024-08-20,IDN,0.025038872100997398
2024-08-21,IDN,0.021041269819494644
2024-08-22,IDN,0.08150101027434825
2024-08-23,IDN,0.0235982922503821
2024-08-24,IDN,0.02991903944874755
2024-08-25,IDN,0.030277465685673362
2024-08-26,IDN,0.030148051258834588
2024-08-27,IDN,0.03542092643837061
2024-08-28,IDN,0.0289411500760636
2024-08-29,IDN,0.03619700819200015
2024-08-30,IDN,0.035419411085341135
2024-08-31,IDN,0.030115549607659747
2024-09-01,IDN,0.04008961645510647
2024-09-02,IDN,0.10884977903779097
2024-09-03,IDN,0.07332322837773551
2024-09-04,IDN,0.04109149725038085
2024-09-05,IDN,0.017209313681191208
2024-09-06,IDN,0.03684166945933267
2024-09-07,IDN,0.021244106395235433
2024-09-08,IDN,0.058731892917744555
2024-09-09,IDN,0.04194741311667877
2024-09-10,IDN,0.032089743917209736
2024-09-11,IDN,0.016895128634867
2024-09-12,IDN,0.016862048521923433
2024-09-13,IDN,0.023247726326739063
2024-09-14,IDN,0.01731017980433439
2024-09-15,IDN,0.016777058274368886
2024-09-16,IDN,0.1108862912894711
2024-09-17,IDN,0.026790607317283634
2024-09-18,IDN,0.0244073333508392
2024-09-19,IDN,0.02376901410264037
2024-09-20,IDN,0.025596426377552557
2024-09-21,IDN,0.15074595754405457
2024-09-22,IDN,0.04821564734201877
2024-09-23,IDN,0.05822177436905522
2024-09-24,IDN,0.024362762351172972
2024-09-25,IDN,0.022876160792807205
2024-09-26,IDN,0.017863267193236526
2024-09-27,IDN,0.020863896830932406
2024-09-28,IDN,0.039581988720966806
2024-09-29,IDN,0.030091893293758325
2024-09-30,IDN,0.031767549308653456
2024-10-01,IDN,0.03028447292912698
2024-10-02,IDN,0.030463181208849745
2024-10-03,IDN,0.032374771730024406
2024-10-04,IDN,0.01863738643518551
2024-10-05,IDN,0.036421862915687934
2024-10-06,IDN,0.055868280850007244
2024-10-07,IDN,0.1300562622507247
2024-10-08,IDN,0.021259489811281628
2024-10-09,IDN,0.0949228951616004
2024-10-10,IDN,0.1144796895452316
2024-10-11,IDN,0.10050017834087582
2024-10-12,IDN,0.13065324915716858
2024-10-13,IDN,0.16728191853790542
2024-10-14,IDN,0.10420820980644688
2024-10-15,IDN,0.04594991624836731
2024-10-16,IDN,0.03798023175723326
2024-10-17,IDN,0.03958842942276333
2024-10-18,IDN,0.03217000532053947
2024-10-19,IDN,0.07568547095030007
2024-10-20,IDN,0.03708702122571179
2024-10-21,IDN,0.021771932422233194
2024-10-22,IDN,0.041863411769790235
2024-10-23,IDN,0.025103405497756505
2024-10-24,IDN,0.028530945630813532
2024-10-25,IDN,0.041461528437186305
2024-10-26,IDN,0.03774887635204994
2024-10-27,IDN,0.04592917854105753
2024-10-28,IDN,0.03421462653928438
2024-10-29,IDN,0.015813209427212455
2024-10-30,IDN,0.016512290141682574
2024-10-31,IDN,0.02080494490796869
2024-11-01,IDN,0.03593104594277067
2024-11-02,IDN,0.046071863175332434
2024-11-03,IDN,0.030501282644537237
2024-11-04,IDN,0.09463798053406905
2024-11-05,IDN,0.0495636034786522
2024-11-06,IDN,0.021249600600470805
2024-11-07,IDN,0.01825096212107096
2024-11-08,IDN,0.14030262750522896
2024-11-09,IDN,0.019295392339468448
2024-11-10,IDN,0.09540832995356574
2024-11-11,IDN,0.04858087444216911
2024-11-12,IDN,0.016214261864226958
2024-11-13,IDN,0.016331135077639534
2024-11-14,IDN,0.018953613247428877
2024-11-15,IDN,0.01698074707146768
2024-11-16,IDN,0.013445456530402109
2024-11-17,IDN,0.015828658258169835
2024-11-18,IDN,0.016293353986392808
2024-11-19,IDN,0.01735759625781395
2024-11-20,IDN,0.016025340050449324
2024-11-21,IDN,0.028690133674561503
2024-11-22,IDN,0.020378908908775105
2024-11-23,IDN,0.10431520250106549
2024-11-24,IDN,0.05021973259738732
2024-11-25,IDN,0.1795453892544172
2024-11-26,IDN,0.022273889222222388
2024-11-27,IDN,0.1328212362476452
2024-11-28,IDN,0.01984503439668936
2024-11-29,IDN,0.03800522611939851
2024-11-30,IDN,0.021870351667525566
2024-12-01,IDN,0.024314098424297846
2024-12-02,IDN,0.08974841741174462
2024-12-03,IDN,0.01384457384315542
2024-12-04,IDN,0.01783102186424957
2024-12-05,IDN,0.013367473571818587
2024-12-06,IDN,0.013644760324271091
2024-12-07,IDN,0.026839753214708748
2024-12-08,IDN,0.04839892065051886
2024-12-09,IDN,0.04422597895206664
2024-12-10,IDN,0.03522101530094816
2024-12-11,IDN,0.051926067745713504
2024-12-12,IDN,0.021849030199421755
2024-12-13,IDN,0.01668697633842823
2024-12-14,IDN,0.021269437927486784
2024-12-15,IDN,0.018471575337721136
2024-12-16,IDN,0.02230631805868328
2024-12-17,IDN,0.01995108082990256
2024-12-18,IDN,0.021952178186968374
2024-12-19,IDN,0.02206849610422511
2024-12-20,IDN,0.01521882654186019
2024-12-21,IDN,0.01813096819846809
2024-12-22,IDN,0.02108405128917517
2024-12-23,IDN,0.027814691537804633
2024-12-24,IDN,0.024660242252281882
2024-12-25,IDN,0.09159455957463361
2024-12-26,IDN,0.16123157276170774
2024-12-27,IDN,0.09399047189457668
2024-12-28,IDN,0.06898232487004029
2024-12-29,IDN,0.1388105316878202
2024-12-30,IDN,0.12565147251681882
2024-12-31,IDN,0.06344059742502754
2025-01-01,IDN,0.04104582654181454
2025-01-02,IDN,0.03992232509601059
2025-01-03,IDN,0.037655202566643765
2025-01-04,IDN,0.03502009524603521
2025-01-05,IDN,0.04756761747161953
2025-01-06,IDN,0.053799166563329635
2025-01-07,IDN,0.048773668055836404
2025-01-08,IDN,0.1641507071019357
2025-01-09,IDN,0.11602464795408621
2025-01-10,IDN,0.13420299756980553
2025-01-11,IDN,0.081153440982909
2025-01-12,IDN,0.1718693463990813
2025-01-13,IDN,0.2540565539253697
2025-01-14,IDN,0.11526563568970646
2025-01-15,IDN,0.01925117918682456
2025-01-16,IDN,0.017474345023876403
2025-01-17,IDN,0.018470185560710044
2025-01-18,IDN,0.015164673163003926
2025-01-19,IDN,0.016404119590740122
2025-01-20,IDN,0.013656357351189025
2025-01-21,IDN,0.014462104801487222
2025-01-22,IDN,0.01517481379878705
2025-01-23,IDN,0.014442411741454157
2025-01-24,IDN,0.0707617595071559
2025-01-25,IDN,0.015086632531373654
2025-01-26,IDN,0.01292542975871292
2025-01-27,IDN,0.021929185833013877
2025-01-28,IDN,0.020551075486640438
2025-01-29,IDN,0.06108234117934604
2025-01-30,IDN,0.0325281628035912
2025-01-31,IDN,0.05543867440763433
2025-02-01,IDN,0.227177195485276
2025-02-02,IDN,0.07123610591344345
2025-02-03,IDN,0.13425041612706057
2025-02-04,IDN,0.16212387022791955
2025-02-05,IDN,0.10459700508863165
2025-02-06,IDN,0.030107418548994635
2025-02-07,IDN,0.028313061631636865
2025-02-08,IDN,0.031098838725886035
2025-02-09,IDN,0.03878981795085851
2025-02-10,IDN,0.04646038577733775
2025-02-11,IDN,0.025810009599901047
2025-02-12,IDN,0.03907725347946005
2025-02-13,IDN,0.12492641878762557
2025-02-14,IDN,0.15246929668929632
2025-02-15,IDN,0.09149932943087832
2025-02-16,IDN,0.08227521860990003
2025-02-17,IDN,0.17970096035778604
2025-02-18,IDN,0.14967008054664163
2025-02-19,IDN,0.19619577958533635
2025-02-20,IDN,0.18009349621244733
2025-02-21,IDN,0.1684743910454639
2025-02-22,IDN,0.06514901574154251
2025-02-23,IDN,0.06015674031734722
2025-02-24,IDN,0.05404665726670588
2025-02-25,IDN,0.02538222516036751
2025-02-26,IDN,0.049655995794156416
2025-02-27,IDN,0.04029768274261425
2025-02-28,IDN,0.058487620847682636
2025-03-01,IDN,0.09509295340474103
2025-03-02,IDN,0.13498700015176315
2025-03-03,IDN,0.1664558110124302
2025-03-04,IDN,0.07920245898675003
2025-03-05,IDN,0.11456884459195822
2025-03-06,IDN,0.018544635667005174
2025-03-07,IDN,0.025957757661797812
2025-03-08,IDN,0.021196742428252865
2025-03-09,IDN,0.0257875172813127
2025-03-10,IDN,0.03025059177926712
2025-03-11,IDN,0.03686474452630325
2025-03-12,IDN,0.020794409020468616
2025-03-13,IDN,0.026522964966087855
2025-03-14,IDN,0.05619830330988048
2025-03-15,IDN,0.08224538516105344
2025-03-16,IDN,0.048247210188992334
2025-03-17,IDN,0.04163244724024784
2025-03-18,IDN,0.14283547291538215
2025-03-19,IDN,0.026341265810544506
2025-03-20,IDN,0.040589055967194455
2025-03-21,IDN,0.15044905462835184
2025-03-22,IDN,0.0778962952219886
2025-03-23,IDN,0.07105144943837993
2025-03-24,IDN,0.14876276245246964
2025-03-25,IDN,0.02197488033838152
2025-03-26,IDN,0.04921597811059606
2025-03-27,IDN,0.07722856229984044
2025-03-28,IDN,0.2481924969416061
2024-07-01,TJK,0.01930582196598272
2024-07-02,TJK,0.015876798994514853
2024-07-03,TJK,0.019907538469967637
2024-07-04,TJK,0.03293156978681663
2024-07-05,TJK,0.04222961822789728
2024-07-06,TJK,0.02138824996575624
2024-07-07,TJK,0.05750563188858861
2024-07-08,TJK,0.024969958522923313
2024-07-09,TJK,0.016198911429070054
2024-07-10,TJK,0.018605911450481724
2024-07-11,TJK,0.02424256575255552
2024-07-12,TJK,0.022455871530742424
2024-07-13,TJK,0.01562787898495479
2024-07-14,TJK,0.0244248884207647
2024-07-15,TJK,0.018174713137082892
2024-07-16,TJK,0.028688913177194644
2024-07-17,TJK,0.02621755240713586
2024-07-18,TJK,0.023032317054958108
2024-07-19,TJK,0.022683823325708913
2024-07-20,TJK,0.017357330044705806
2024-07-21,TJK,0.022184400192585132
2024-07-22,TJK,0.01952499653710017
2024-07-23,TJK,0.013150829015270028
2024-07-24,TJK,0.012806073033466958
2024-07-25,TJK,0.012320577066259716
2024-07-26,TJK,0.01282335776805259
2024-07-27,TJK,0.017405585795543625
2024-07-28,TJK,0.035317230059079045
2024-07-29,TJK,0.03029187968299701
2024-07-30,TJK,0.01873573246632983
2024-07-31,TJK,0.01664870189790706
2024-08-01,TJK,0.025116776212709347
2024-08-02,TJK,0.015119127156587994
2024-08-03,TJK,0.01806199683944804
2024-08-04,TJK,0.028217918788131787
2024-08-05,TJK,0.04452671594946682
2024-08-06,TJK,0.01982253761330165
2024-08-07,TJK,0.028580337486283802
2024-08-08,TJK,0.045432853811060186
2024-08-09,TJK,0.02057980342342382
2024-08-10,TJK,0.03032623226501965
2024-08-11,TJK,0.03362398214231342
2024-08-12,TJK,0.02663277034452351
2024-08-13,TJK,0.01752522424496102
2024-08-14,TJK,0.019719734210255996
2024-08-15,TJK,0.02315052536436236
2024-08-16,TJK,0.0351920574985062
2024-08-17,TJK,0.017377481154387836
2024-08-18,TJK,0.02495160056441413
2024-08-19,TJK,0.0339082804307349
2024-08-20,TJK,0.02598884770723686
2024-08-21,TJK,0.02782279103190748
2024-08-22,TJK,0.016910244516591365
2024-08-23,TJK,0.017789716806043656
2024-08-24,TJK,0.016022814706169494
2024-08-25,TJK,0.016908717101557405
2024-08-26,TJK,0.01773101788395175
2024-08-27,TJK,0.014097725947900692
2024-08-28,TJK,0.018576896713297354
2024-08-29,TJK,0.01782478267937481
2024-08-30,TJK,0.02489148954563337
2024-08-31,TJK,0.022400134596373848
2024-09-01,TJK,0.0509431062960183
2024-09-02,TJK,0.04910169422867385
2024-09-03,TJK,0.07658892697558019
2024-09-04,TJK,0.017308163661932455
2024-09-05,TJK,0.01830868019548603
2024-09-06,TJK,0.014178990682061767
2024-09-07,TJK,0.013467408781159875
2024-09-08,TJK,0.0183807643408794
2024-09-09,TJK,0.01815878401737925
2024-09-10,TJK,0.015075309828728014
2024-09-11,TJK,0.015344743126735089
2024-09-12,TJK,0.015752019115419284
2024-09-13,TJK,0.01457915443087043
2024-09-14,TJK,0.018039097409366264
2024-09-15,TJK,0.03620286917692802
2024-09-16,TJK,0.03842873420370425
2024-09-17,TJK,0.025247362829212458
2024-09-18,TJK,0.04020224094353574
2024-09-19,TJK,0.031180410173107444
2024-09-20,TJK,0.03234501526051013
2024-09-21,TJK,0.031558197870357296
2024-09-22,TJK,0.03523510301354246
2024-09-23,TJK,0.03599920719104516
2024-09-24,TJK,0.01762913894830907
2024-09-25,TJK,0.021961479453288628
2024-09-26,TJK,0.016932874634415576
2024-09-27,TJK,0.012559123593651541
2024-09-28,TJK,0.01198352751859285
2024-09-29,TJK,0.013610769364813268
2024-09-30,TJK,0.012575057023532867
2024-10-01,TJK,0.015522305033452187
2024-10-02,TJK,0.014796133371528481
2024-10-03,TJK,0.02044010567397852
2024-10-04,TJK,0.014463351314975025
2024-10-05,TJK,0.015315322269649585
2024-10-06,TJK,0.01414424759512241
2024-10-07,TJK,0.014412304031938432
2024-10-08,TJK,0.01444935533703004
2024-10-09,TJK,0.013683153829294279
2024-10-10,TJK,0.021017527083496343
2024-10-11,TJK,0.029094367732869313
2024-10-12,TJK,0.01456379633959289
2024-10-13,TJK,0.012739663504417175
2024-10-14,TJK,0.012470225444813965
2024-10-15,TJK,0.01223081561844216
2024-10-16,TJK,0.012120890772673561
2024-10-17,TJK,0.012596649400886168
2024-10-18,TJK,0.012083876811360661
2024-10-19,TJK,0.01152000434928319
2024-10-20,TJK,0.011927277783436904
2024-10-21,TJK,0.011786562484903128
2024-10-22,TJK,0.012115177222804719
2024-10-23,TJK,0.01333090537585065
2024-10-24,TJK,0.012866209623988392
2024-10-25,TJK,0.013547494117402458
2024-10-26,TJK,0.011949849522219757
2024-10-27,TJK,0.014071351899332464
2024-10-28,TJK,0.013012269466607787
2024-10-29,TJK,0.015369953205837394
2024-10-30,TJK,0.016370305272121518
2024-10-31,TJK,0.01482181320882619
2024-11-01,TJK,0.01410581356117243
2024-11-02,TJK,0.016317605216418805
2024-11-03,TJK,0.01585388109913852
2024-11-04,TJK,0.016956413813915362
2024-11-05,TJK,0.01466038051076071
2024-11-06,TJK,0.015461690113447554
2024-11-07,TJK,0.01328967360451097
2024-11-08,TJK,0.015338204503488296
2024-11-09,TJK,0.01487095789236
2024-11-10,TJK,0.01643849266171008
2024-11-11,TJK,0.02018862462585715
2024-11-12,TJK,0.014421470253664866
2024-11-13,TJK,0.015317209639618726
2024-11-14,TJK,0.015071785234206705
2024-11-15,TJK,0.018174541453963727
2024-11-16,TJK,0.017742371234327998
2024-11-17,TJK,0.027494905833748008
2024-11-18,TJK,0.031958743679058994
2024-11-19,TJK,0.040592916660848036
2024-11-20,TJK,0.027591243913750955
2024-11-21,TJK,0.01781265090920521
2024-11-22,TJK,0.020303572640225226
2024-11-23,TJK,0.01809916705999538
2024-11-24,TJK,0.021756120650494856
2024-11-25,TJK,0.02940358153948675
2024-11-26,TJK,0.02111534952372893
2024-11-27,TJK,0.023676967048570433
2024-11-28,TJK,0.03709700451331601
2024-11-29,TJK,0.04123684687343225
2024-11-30,TJK,0.019373963490370863
2024-12-01,TJK,0.019840601862425002
2024-12-02,TJK,0.020769283510295108
2024-12-03,TJK,0.025630247744426345
2024-12-04,TJK,0.025686016009987038
2024-12-05,TJK,0.015756836690035
2024-12-06,TJK,0.01935636644141901
2024-12-07,TJK,0.016308155727707968
2024-12-08,TJK,0.04141690698353468
2024-12-09,TJK,0.030069457395103805
2024-12-10,TJK,0.028543794685912696
2024-12-11,TJK,0.04335002032178876
2024-12-12,TJK,0.019329909283618725
2024-12-13,TJK,0.024862642675256987
2024-12-14,TJK,0.018674501358854234
2024-12-15,TJK,0.017340809350324834
2024-12-16,TJK,0.0231911580247047
2024-12-17,TJK,0.0314744730215804
2024-12-18,TJK,0.02206315897933043
2024-12-19,TJK,0.02172298199796889
2024-12-20,TJK,0.012873961971813187
2024-12-21,TJK,0.012922740976584047
2024-12-22,TJK,0.014397870096018861
2024-12-23,TJK,0.01910826594494572
2024-12-24,TJK,0.013610476617848293
2024-12-25,TJK,0.01659472674488333
2024-12-26,TJK,0.01947266501698625
2024-12-27,TJK,0.020613228907098675
2024-12-28,TJK,0.021275797368233276
2024-12-29,TJK,0.026178866570451414
2024-12-30,TJK,0.02968901836558759
2024-12-31,TJK,0.01955992711647878
2025-01-01,TJK,0.017484638663205033
2025-01-02,TJK,0.0233782720271316
2025-01-03,TJK,0.01555298370233117
2025-01-04,TJK,0.014032411053980457
2025-01-05,TJK,0.015761388938303176
2025-01-06,TJK,0.017639480070911262
2025-01-07,TJK,0.0156297873914917
2025-01-08,TJK,0.015520249748954735
2025-01-09,TJK,0.014553798686007452
2025-01-10,TJK,0.023277043612888564
2025-01-11,TJK,0.013187883103629368
2025-01-12,TJK,0.020304893083660427
2025-01-13,TJK,0.018848203913719563
2025-01-14,TJK,0.01605943372594593
2025-01-15,TJK,0.02452828592399842
2025-01-16,TJK,0.020897833599586173
2025-01-17,TJK,0.021301493102401512
2025-01-18,TJK,0.015785927404355672
2025-01-19,TJK,0.014395764139992887
2025-01-20,TJK,0.014653033553537219
2025-01-21,TJK,0.015406315455290556
2025-01-22,TJK,0.019915609646327062
2025-01-23,TJK,0.02245813051625491
2025-01-24,TJK,0.022393093936168045
2025-01-25,TJK,0.027617701974164233
2025-01-26,TJK,0.01760517413569818
2025-01-27,TJK,0.01786993786718066
2025-01-28,TJK,0.015105200218139695
2025-01-29,TJK,0.02240402606576194
2025-01-30,TJK,0.02503150379376342
2025-01-31,TJK,0.0683854967885609
2025-02-01,TJK,0.01895069300290813
2025-02-02,TJK,0.01599036182683248
2025-02-03,TJK,0.014676842669799203
2025-02-04,TJK,0.0139146166196913
2025-02-05,TJK,0.01368631569061786
2025-02-06,TJK,0.014994008252664191
2025-02-07,TJK,0.01635825339011297
2025-02-08,TJK,0.02151523530413167
2025-02-09,TJK,0.018815112528638864
2025-02-10,TJK,0.019202851017784277
2025-02-11,TJK,0.016946316576137408
2025-02-12,TJK,0.02292325054389344
2025-02-13,TJK,0.017408176272773787
2025-02-14,TJK,0.034934378437801894
2025-02-15,TJK,0.015743252923133888
2025-02-16,TJK,0.01845098674375339
2025-02-17,TJK,0.017069082110824457
2025-02-18,TJK,0.014234594109227129
2025-02-19,TJK,0.01573531340146603
2025-02-20,TJK,0.021232441779623405
2025-02-21,TJK,0.023935906422889005
2025-02-22,TJK,0.015065177318390527
2025-02-23,TJK,0.02577946599144361
2025-02-24,TJK,0.02517802883817057
2025-02-25,TJK,0.0351427936042336
2025-02-26,TJK,0.01938740853062875
2025-02-27,TJK,0.017087860686454102
2025-02-28,TJK,0.017738919906861314
2025-03-01,TJK,0.015439192956826341
2025-03-02,TJK,0.021568854792824544
2025-03-03,TJK,0.028858673532027593
2025-03-04,TJK,0.01614912863384399
2025-03-05,TJK,0.03048954810415387
2025-03-06,TJK,0.017956046948997134
2025-03-07,TJK,0.01895450389163408
2025-03-08,TJK,0.016434697801715685
2025-03-09,TJK,0.027024414871770302
2025-03-10,TJK,0.027024414871770302
2025-03-11,TJK,0.0162216734032497
2025-03-12,TJK,0.020208588711042953
2025-03-13,TJK,0.015912014542860797
2025-03-14,TJK,0.038866645309347754
2025-03-15,TJK,0.018837641198716913
2025-03-16,TJK,0.013675543829973304
2025-03-17,TJK,0.012900173733300479
2025-03-18,TJK,0.0124052645353731
2025-03-19,TJK,0.012220025925125276
2025-03-20,TJK,0.012203785840791929
2025-03-21,TJK,0.012373685409965956
2025-03-22,TJK,0.012305153062130224
2025-03-23,TJK,0.012269323556954733
2025-03-24,TJK,0.012324514061081175
2025-03-25,TJK,0.011957004419363567
2025-03-26,TJK,0.01194918276450991
2025-03-27,TJK,0.0120203717052588
2025-03-28,TJK,0.01240830373028254
2024-07-01,KGZ,0.02051018884683755
2024-07-02,KGZ,0.015206641600905945
2024-07-03,KGZ,0.014635899943403974
2024-07-04,KGZ,0.014579625429463606
2024-07-05,KGZ,0.018467383961473776
2024-07-06,KGZ,0.012564161724766498
2024-07-07,KGZ,0.06583158728123178
2024-07-08,KGZ,0.025991128108853553
2024-07-09,KGZ,0.0891953022650623
2024-07-10,KGZ,0.04425118721871136
2024-07-11,KGZ,0.07790547244812827
2024-07-12,KGZ,0.027714110906327142
2024-07-13,KGZ,0.05152333558401984
2024-07-14,KGZ,0.024341769088195363
2024-07-15,KGZ,0.04074491325852305
2024-07-16,KGZ,0.04154410667265246
2024-07-17,KGZ,0.03378840577142717
2024-07-18,KGZ,0.030833623305312603
2024-07-19,KGZ,0.02440606363421638
2024-07-20,KGZ,0.029836153974142722
2024-07-21,KGZ,0.03392808629505474
2024-07-22,KGZ,0.033351521305998694
2024-07-23,KGZ,0.051802911311262786
2024-07-24,KGZ,0.04509250357288321
2024-07-25,KGZ,0.061161406087280476
2024-07-26,KGZ,0.02811567158677839
2024-07-27,KGZ,0.08944501637382303
2024-07-28,KGZ,0.06055482730105648
2024-07-29,KGZ,0.057115255697779796
2024-07-30,KGZ,0.04351435624230554
2024-07-31,KGZ,0.02197150627965269
2024-08-01,KGZ,0.03726668304091848
2024-08-02,KGZ,0.030483000228115155
2024-08-03,KGZ,0.021554750189079902
2024-08-04,KGZ,0.24856050421486478
2024-08-05,KGZ,0.07711892842103972
2024-08-06,KGZ,0.02003600329725865
2024-08-07,KGZ,0.029548868681203745
2024-08-08,KGZ,0.027507175980874325
2024-08-09,KGZ,0.11035362806441693
2024-08-10,KGZ,0.06845436032844145
2024-08-11,KGZ,0.04641736976443795
2024-08-12,KGZ,0.14262145714668473
2024-08-13,KGZ,0.028749282501944674
2024-08-14,KGZ,0.07274739025766826
2024-08-15,KGZ,0.16155800874958695
2024-08-16,KGZ,0.012425855176887208
2024-08-17,KGZ,0.014344062357355617
2024-08-18,KGZ,0.012855041839726515
2024-08-19,KGZ,0.016422763459514732
2024-08-20,KGZ,0.012390638172725007
2024-08-21,KGZ,0.011789628875658294
2024-08-22,KGZ,0.011934524986038461
2024-08-23,KGZ,0.01454105369601135
2024-08-24,KGZ,0.01950466989561282
2024-08-25,KGZ,0.03652467991703922
2024-08-26,KGZ,0.033764761204453465
2024-08-27,KGZ,0.021877895788683197
2024-08-28,KGZ,0.03738838763539088
2024-08-29,KGZ,0.031917285995237084
2024-08-30,KGZ,0.05406663216759321
2024-08-31,KGZ,0.265036335441014
2024-09-01,KGZ,0.14127784076028105
2024-09-02,KGZ,0.06057854399016828
2024-09-03,KGZ,0.066548465819686
2024-09-04,KGZ,0.036576217307811784
2024-09-05,KGZ,0.07383884895494881
2024-09-06,KGZ,0.019845001533611434
2024-09-07,KGZ,0.035377846082869695
2024-09-08,KGZ,0.04364349582165498
2024-09-09,KGZ,0.05643262816044081
2024-09-10,KGZ,0.036503341230498774
2024-09-11,KGZ,0.04616484583952236
2024-09-12,KGZ,0.0360545980850184
2024-09-13,KGZ,0.05745647384189412
2024-09-14,KGZ,0.037382261458261574
2024-09-15,KGZ,0.08639537286846129
2024-09-16,KGZ,0.12586240397129816
2024-09-17,KGZ,0.16922655068661444
2024-09-18,KGZ,0.15557900870432734
2024-09-19,KGZ,0.1171022996574207
2024-09-20,KGZ,0.03979875276208997
2024-09-21,KGZ,0.10099901428174997
2024-09-22,KGZ,0.01513578527749418
2024-09-23,KGZ,0.01360998694210504
2024-09-24,KGZ,0.01212342408473713
2024-09-25,KGZ,0.01612581713966061
2024-09-26,KGZ,0.012722195434420778
2024-09-27,KGZ,0.014357171081914156
2024-09-28,KGZ,0.012622895895688359
2024-09-29,KGZ,0.013562459618521672
2024-09-30,KGZ,0.013897432859705157
2024-10-01,KGZ,0.01186769865987436
2024-10-02,KGZ,0.012908180360506944
2024-10-03,KGZ,0.01162369296272838
2024-10-04,KGZ,0.01104078604330124
2024-10-05,KGZ,0.012031816232848942
2024-10-06,KGZ,0.01179058659468354
2024-10-07,KGZ,0.012365276542448796
2024-10-08,KGZ,0.011551571317578443
2024-10-09,KGZ,0.013438060976798795
2024-10-10,KGZ,0.02937434158069678
2024-10-11,KGZ,0.027791220402276613
2024-10-12,KGZ,0.0959630222119725
2024-10-13,KGZ,0.029747423675419753
2024-10-14,KGZ,0.023293365903396545
2024-10-15,KGZ,0.0632307463287205
2024-10-16,KGZ,0.07472729999591551
2024-10-17,KGZ,0.022885167158914237
2024-10-18,KGZ,0.03479858211319578
2024-10-19,KGZ,0.01872213157384813
2024-10-20,KGZ,0.02982143590470943
2024-10-21,KGZ,0.028610994130954682
2024-10-22,KGZ,0.0509975875509836
2024-10-23,KGZ,0.014218447379649758
2024-10-24,KGZ,0.012326113404518682
2024-10-25,KGZ,0.01371831618812177
2024-10-26,KGZ,0.011458104048979355
2024-10-27,KGZ,0.011565617118494936
2024-10-28,KGZ,0.015519021489521456
2024-10-29,KGZ,0.01236863398356395
2024-10-30,KGZ,0.01763268284143823
2024-10-31,KGZ,0.020388363837202175
2024-11-01,KGZ,0.05910648498182127
2024-11-02,KGZ,0.02487886195279058
2024-11-03,KGZ,0.022498692519625114
2024-11-04,KGZ,0.03457769436842221
2024-11-05,KGZ,0.025608537819863806
2024-11-06,KGZ,0.038446643508465855
2024-11-07,KGZ,0.0484299006931049
2024-11-08,KGZ,0.012574149279768345
2024-11-09,KGZ,0.012269952984106918
2024-11-10,KGZ,0.01252985535259738
2024-11-11,KGZ,0.011414728368832972
2024-11-12,KGZ,0.012421907709573693
2024-11-13,KGZ,0.011019827440484084
2024-11-14,KGZ,0.01108581633713587
2024-11-15,KGZ,0.014332812070679532
2024-11-16,KGZ,0.0191466968882368
2024-11-17,KGZ,0.012829246449116148
2024-11-18,KGZ,0.02723740517430313
2024-11-19,KGZ,0.016333036184837727
2024-11-20,KGZ,0.02185167144119576
2024-11-21,KGZ,0.013793851900789007
2024-11-22,KGZ,0.011933339503427731
2024-11-23,KGZ,0.012621587933898172
2024-11-24,KGZ,0.014217240720871332
2024-11-25,KGZ,0.017616065671436868
2024-11-26,KGZ,0.013811724390534214
2024-11-27,KGZ,0.011998356808934187
2024-11-28,KGZ,0.012840746559806602
2024-11-29,KGZ,0.018908876643258937
2024-11-30,KGZ,0.016989653225647286
2024-12-01,KGZ,0.015379695823741327
2024-12-02,KGZ,0.016387118720774904
2024-12-03,KGZ,0.014101191258024094
2024-12-04,KGZ,0.01574208863446216
2024-12-05,KGZ,0.017502038641884984
2024-12-06,KGZ,0.024368108970901987
2024-12-07,KGZ,0.02141858950197263
2024-12-08,KGZ,0.02756298492108969
2024-12-09,KGZ,0.041286909731181556
2024-12-10,KGZ,0.01753614516469056
2024-12-11,KGZ,0.0469810001181835
2024-12-12,KGZ,0.03330073604717325
2024-12-13,KGZ,0.04680431668485575
2024-12-14,KGZ,0.02063779046693483
2024-12-15,KGZ,0.054738216469739434
2024-12-16,KGZ,0.12883120095945588
2024-12-17,KGZ,0.11127429045283846
2024-12-18,KGZ,0.08965704698697875
2024-12-19,KGZ,0.0412972019978461
2024-12-20,KGZ,0.07670692144824734
2024-12-21,KGZ,0.0399946189338061
2024-12-22,KGZ,0.0630128450357518
2024-12-23,KGZ,0.12118740099133142
2024-12-24,KGZ,0.05901966028068496
2024-12-25,KGZ,0.11590937307310045
2024-12-26,KGZ,0.16616118027578802
2024-12-27,KGZ,0.013711223689760637
2024-12-28,KGZ,0.01817485640610728
2024-12-29,KGZ,0.017665308603088032
2024-12-30,KGZ,0.01350880529745906
2024-12-31,KGZ,0.02747955362135229
2025-01-01,KGZ,0.011804258203874955
2025-01-02,KGZ,0.01305364526703194
2025-01-03,KGZ,0.012255045456693004
2025-01-04,KGZ,0.018228665392737833
2025-01-05,KGZ,0.04131338159327001
2025-01-06,KGZ,0.039335236490444646
2025-01-07,KGZ,0.037352471355170114
2025-01-08,KGZ,0.10104393987008219
2025-01-09,KGZ,0.04682217524477343
2025-01-10,KGZ,0.04310376390452957
2025-01-11,KGZ,0.0174093873981565
2025-01-12,KGZ,0.01679207456553866
2025-01-13,KGZ,0.015578399742154313
2025-01-14,KGZ,0.01316842473144914
2025-01-15,KGZ,0.035089738530316626
2025-01-16,KGZ,0.013929922867199254
2025-01-17,KGZ,0.018599448897940858
2025-01-18,KGZ,0.017449208613852896
2025-01-19,KGZ,0.017584636580955326
2025-01-20,KGZ,0.016329712019865005
2025-01-21,KGZ,0.017224137587726687
2025-01-22,KGZ,0.035705222676748645
2025-01-23,KGZ,0.018264479645570143
2025-01-24,KGZ,0.01330029023461057
2025-01-25,KGZ,0.012297667336940947
2025-01-26,KGZ,0.02746006326287887
2025-01-27,KGZ,0.012866661046471044
2025-01-28,KGZ,0.012027491387385831
2025-01-29,KGZ,0.015795426328458623
2025-01-30,KGZ,0.013884828715777146
2025-01-31,KGZ,0.01576093334545974
2025-02-01,KGZ,0.0254474736858405
2025-02-02,KGZ,0.07570908262034928
2025-02-03,KGZ,0.01580178853498786
2025-02-04,KGZ,0.016492667113073175
2025-02-05,KGZ,0.08233980080280401
2025-02-06,KGZ,0.050980137146829016
2025-02-07,KGZ,0.016583487714364884
2025-02-08,KGZ,0.030850251972433063
2025-02-09,KGZ,0.01649440513601014
2025-02-10,KGZ,0.015070285682357824
2025-02-11,KGZ,0.013558919882750646
2025-02-12,KGZ,0.015658866740697157
2025-02-13,KGZ,0.017406547579786588
2025-02-14,KGZ,0.03486298133141841
2025-02-15,KGZ,0.017941629099238784
2025-02-16,KGZ,0.029101874759341968
2025-02-17,KGZ,0.01566184129744238
2025-02-18,KGZ,0.014260041188346879
2025-02-19,KGZ,0.016272188247454838
2025-02-20,KGZ,0.07400609446033256
2025-02-21,KGZ,0.05622381531441475
2025-02-22,KGZ,0.03051609368308429
2025-02-23,KGZ,0.0650853238736487
2025-02-24,KGZ,0.0558358705191456
2025-02-25,KGZ,0.02880755840976741
2025-02-26,KGZ,0.027474456570280383
2025-02-27,KGZ,0.04427137309657673
2025-02-28,KGZ,0.06734002613617968
2025-03-01,KGZ,0.056098229243070244
2025-03-02,KGZ,0.13169903444409334
2025-03-03,KGZ,0.0917096817138844
2025-03-04,KGZ,0.023391003138007755
2025-03-05,KGZ,0.07791036230217582
2025-03-06,KGZ,0.03569182738057434
2025-03-07,KGZ,0.02843134447731262
2025-03-08,KGZ,0.01236077404786798
2025-03-09,KGZ,0.011454745989361779
2025-03-10,KGZ,0.01307642358021223
2025-03-11,KGZ,0.013301453859616964
2025-03-12,KGZ,0.011154861879752018
2025-03-13,KGZ,0.01189542656472126
2025-03-14,KGZ,0.01195827076981644
2025-03-15,KGZ,0.01770324879214107
2025-03-16,KGZ,0.019104561963397635
2025-03-17,KGZ,0.018974462932438124
2025-03-18,KGZ,0.014930160295058939
2025-03-19,KGZ,0.012548262208272595
2025-03-20,KGZ,0.0119798858867576
2025-03-21,KGZ,0.011986461650375374
2025-03-22,KGZ,0.012942024441268477
2025-03-23,KGZ,0.013667564924499808
2025-03-24,KGZ,0.013421982915531054
2025-03-25,KGZ,0.015606389513806239
2025-03-26,KGZ,0.014909707607880381
2025-03-27,KGZ,0.011151204064160364
2025-03-28,KGZ,0.011473988380512763
2024-07-01,ARM,0.11469995936336082
2024-07-02,ARM,0.0922743980759402
2024-07-03,ARM,0.12260735391805075
2024-07-04,ARM,0.09195369402157419
2024-07-05,ARM,0.14889982539590577
2024-07-06,ARM,0.15222119600409578
2024-07-07,ARM,0.13022858455192732
2024-07-08,ARM,0.17139016728274492
2024-07-09,ARM,0.18260788430161148
2024-07-10,ARM,0.14155841461541474
2024-07-11,ARM,0.0823180482488072
2024-07-12,ARM,0.08524730519407996
2024-07-13,ARM,0.13709407063913148
2024-07-14,ARM,0.11446129761732496
2024-07-15,ARM,0.08598509611189707
2024-07-16,ARM,0.09240725349722143
2024-07-17,ARM,0.09430278868263682
2024-07-18,ARM,0.04749449742850646
2024-07-19,ARM,0.03769033738999952
2024-07-20,ARM,0.16082078619960433
2024-07-21,ARM,0.06262508007394116
2024-07-22,ARM,0.21868798086290886
2024-07-23,ARM,0.07896811636167507
2024-07-24,ARM,0.06807005630442928
2024-07-25,ARM,0.036712442731356446
2024-07-26,ARM,0.07197710412803728
2024-07-27,ARM,0.05004547220958281
2024-07-28,ARM,0.112161169885506
2024-07-29,ARM,0.17843744527605154
2024-07-30,ARM,0.07043972748593802
2024-07-31,ARM,0.015547258398928825
2024-08-01,ARM,0.027041920839566462
2024-08-02,ARM,0.027077306452770403
2024-08-03,ARM,0.012428105948354659
2024-08-04,ARM,0.016894678570722767
2024-08-05,ARM,0.015421872631975126
2024-08-06,ARM,0.014630745323225176
2024-08-07,ARM,0.029746045818115675
2024-08-08,ARM,0.02435314399071462
2024-08-09,ARM,0.04607957205100834
2024-08-10,ARM,0.14928281403247035
2024-08-11,ARM,0.04104163351106679
2024-08-12,ARM,0.050166235483085006
2024-08-13,ARM,0.032093165153453625
2024-08-14,ARM,0.0659022689033698
2024-08-15,ARM,0.06171838597365191
2024-08-16,ARM,0.05712839111305564
2024-08-17,ARM,0.05580323194376638
2024-08-18,ARM,0.10548526345564001
2024-08-19,ARM,0.07722823389347123
2024-08-20,ARM,0.06342357850829423
2024-08-21,ARM,0.05836277006020848
2024-08-22,ARM,0.08427345139377918
2024-08-23,ARM,0.024345236167685018
2024-08-24,ARM,0.06914712741470092
2024-08-25,ARM,0.156001666359199
2024-08-26,ARM,0.11409495853447124
2024-08-27,ARM,0.12060114664948113
2024-08-28,ARM,0.1464345911676797
2024-08-29,ARM,0.05298716225026577
2024-08-30,ARM,0.07663587963582753
2024-08-31,ARM,0.10295259202206666
2024-09-01,ARM,0.11734335412437108
2024-09-02,ARM,0.13848735155072875
2024-09-03,ARM,0.12205129033554665
2024-09-04,ARM,0.0339043031785715
2024-09-05,ARM,0.07971874756289991
2024-09-06,ARM,0.04800928583852209
2024-09-07,ARM,0.024855234117035042
2024-09-08,ARM,0.10532868036383143
2024-09-09,ARM,0.1552073345916784
2024-09-10,ARM,0.05123662331180736
2024-09-11,ARM,0.10172391400785573
2024-09-12,ARM,0.0652806527896795
2024-09-13,ARM,0.051319657100983476
2024-09-14,ARM,0.04593967123328537
2024-09-15,ARM,0.07064533099436052
2024-09-16,ARM,0.09421573090654235
2024-09-17,ARM,0.07436984521639153
2024-09-18,ARM,0.051668942812536846
2024-09-19,ARM,0.06562690681779415
2024-09-20,ARM,0.049885657396168424
2024-09-21,ARM,0.24333716848340659
2024-09-22,ARM,0.15119277788283553
2024-09-23,ARM,0.11675004064606181
2024-09-24,ARM,0.10118094470965555
2024-09-25,ARM,0.12210141299068879
2024-09-26,ARM,0.06319422355435339
2024-09-27,ARM,0.10817260406013107
2024-09-28,ARM,0.02942481859228981
2024-09-29,ARM,0.0702564666221037
2024-09-30,ARM,0.06256265416074935
2024-10-01,ARM,0.051383157356481
2024-10-02,ARM,0.025682535522896486
2024-10-03,ARM,0.02384925610419405
2024-10-04,ARM,0.01834644352451642
2024-10-05,ARM,0.03171240217553342
2024-10-06,ARM,0.0532323388150096
2024-10-07,ARM,0.05833987368321164
2024-10-08,ARM,0.02530255582933899
2024-10-09,ARM,0.07874077502292352
2024-10-10,ARM,0.11286877068853018
2024-10-11,ARM,0.10008830060031923
2024-10-12,ARM,0.0669281892779444
2024-10-13,ARM,0.22310960130039656
2024-10-14,ARM,0.0949344790686646
2024-10-15,ARM,0.06100442753024049
2024-10-16,ARM,0.11539372076060554
2024-10-17,ARM,0.12407412496554704
2024-10-18,ARM,0.08959847674366679
2024-10-19,ARM,0.07627326749553556
2024-10-20,ARM,0.10676986227037388
2024-10-21,ARM,0.1213424970831064
2024-10-22,ARM,0.09745266610670471
2024-10-23,ARM,0.08462223039706258
2024-10-24,ARM,0.06967868204971031
2024-10-25,ARM,0.15035792784464044
2024-10-26,ARM,0.03925620861989393
2024-10-27,ARM,0.10332581361724039
2024-10-28,ARM,0.06635089349674596
2024-10-29,ARM,0.08217187908144635
2024-10-30,ARM,0.055455854007443774
2024-10-31,ARM,0.06300354084735783
2024-11-01,ARM,0.05232869275044867
2024-11-02,ARM,0.06656270838217013
2024-11-03,ARM,0.12802033094485002
2024-11-04,ARM,0.14092534429368964
2024-11-05,ARM,0.11502728275718883
2024-11-06,ARM,0.0910184400876265
2024-11-07,ARM,0.09517597276646292
2024-11-08,ARM,0.10954737559713357
2024-11-09,ARM,0.08038679310262895
2024-11-10,ARM,0.13222377237343672
2024-11-11,ARM,0.1335818500965267
2024-11-12,ARM,0.04269584395197504
2024-11-13,ARM,0.03008353409783198
2024-11-14,ARM,0.05260928836977276
2024-11-15,ARM,0.07796311532407904
2024-11-16,ARM,0.03984705775624155
2024-11-17,ARM,0.11207328868259815
2024-11-18,ARM,0.08400003159315439
2024-11-19,ARM,0.10948744086384027
2024-11-20,ARM,0.07204909587289561
2024-11-21,ARM,0.09433873453071899
2024-11-22,ARM,0.07514684657661888
2024-11-23,ARM,0.0671675211497396
2024-11-24,ARM,0.18210235751642084
2024-11-25,ARM,0.18382946071853132
2024-11-26,ARM,0.1357781880941077
2024-11-27,ARM,0.15192767126425227
2024-11-28,ARM,0.1912979764240125
2024-11-29,ARM,0.17667479952285872
2024-11-30,ARM,0.0757021088012836
2024-12-01,ARM,0.12627786861001605
2024-12-02,ARM,0.12408980375313343
2024-12-03,ARM,0.1063514855991391
2024-12-04,ARM,0.14817528420030102
2024-12-05,ARM,0.11331493698257526
2024-12-06,ARM,0.0963637850618334
2024-12-07,ARM,0.05100492645989438
2024-12-08,ARM,0.10947033552240977
2024-12-09,ARM,0.09193213588444588
2024-12-10,ARM,0.0786136235189469
2024-12-11,ARM,0.11134219134602251
2024-12-12,ARM,0.09931182305574816
2024-12-13,ARM,0.09322045804920123
2024-12-14,ARM,0.07506009330448664
2024-12-15,ARM,0.13440151851297327
2024-12-16,ARM,0.10910872280425553
2024-12-17,ARM,0.10546487491545702
2024-12-18,ARM,0.11482533004448364
2024-12-19,ARM,0.031137291756806393
2024-12-20,ARM,0.032554237001650596
2024-12-21,ARM,0.047059312248116124
2024-12-22,ARM,0.06531794778506847
2024-12-23,ARM,0.055312815410799285
2024-12-24,ARM,0.038966000882671464
2024-12-25,ARM,0.05950353516183874
2024-12-26,ARM,0.1222342497343713
2024-12-27,ARM,0.12427375431452728
2024-12-28,ARM,0.05552426513295647
2024-12-29,ARM,0.10619786197934947
2024-12-30,ARM,0.09988190613329345
2024-12-31,ARM,0.05429938330314177
2025-01-01,ARM,0.04643759633146444
2025-01-02,ARM,0.06586038768700576
2025-01-03,ARM,0.038913892316371435
2025-01-04,ARM,0.04731498130276514
2025-01-05,ARM,0.10299481135401496
2025-01-06,ARM,0.14203109085698049
2025-01-07,ARM,0.11190895860539664
2025-01-08,ARM,0.036038259529888
2025-01-09,ARM,0.08303265562999451
2025-01-10,ARM,0.08922270151676481
2025-01-11,ARM,0.03281598628529964
2025-01-12,ARM,0.060267805689281154
2025-01-13,ARM,0.06785104560346082
2025-01-14,ARM,0.0676908349765806
2025-01-15,ARM,0.09103979045439904
2025-01-16,ARM,0.0689211242265134
2025-01-17,ARM,0.10138944394359665
2025-01-18,ARM,0.08060037670475786
2025-01-19,ARM,0.11043099634516046
2025-01-20,ARM,0.07664263997937057
2025-01-21,ARM,0.08949317005602524
2025-01-22,ARM,0.0916845321949792
2025-01-23,ARM,0.10420207680149203
2025-01-24,ARM,0.09002796545793836
2025-01-25,ARM,0.07778941804372365
2025-01-26,ARM,0.18486560992508239
2025-01-27,ARM,0.09953501908389255
2025-01-28,ARM,0.0380643306197339
2025-01-29,ARM,0.06884041697077302
2025-01-30,ARM,0.0737244648738685
2025-01-31,ARM,0.05921247760306256
2025-02-01,ARM,0.05143128817019442
2025-02-02,ARM,0.08261690466705562
2025-02-03,ARM,0.07866569110959479
2025-02-04,ARM,0.03750763115117527
2025-02-05,ARM,0.06412139242098334
2025-02-06,ARM,0.12800582841753713
2025-02-07,ARM,0.11103472270405332
2025-02-08,ARM,0.0716730752314826
2025-02-09,ARM,0.09883801005331262
2025-02-10,ARM,0.10436133687857627
2025-02-11,ARM,0.07153320699985723
2025-02-12,ARM,0.12540815636821986
2025-02-13,ARM,0.11987820828746462
2025-02-14,ARM,0.11961580459418433
2025-02-15,ARM,0.07145661202347016
2025-02-16,ARM,0.0739270081986141
2025-02-17,ARM,0.07756821017003745
2025-02-18,ARM,0.07930262571011491
2025-02-19,ARM,0.09664603712242086
2025-02-20,ARM,0.07866672068934927
2025-02-21,ARM,0.08244413892911392
2025-02-22,ARM,0.0837749562778073
2025-02-23,ARM,0.05110398987014868
2025-02-24,ARM,0.04063068367493438
2025-02-25,ARM,0.05709667269004402
2025-02-26,ARM,0.08874671196605395
2025-02-27,ARM,0.03323517634602565
2025-02-28,ARM,0.030413669602130496
2025-03-01,ARM,0.05352930467724039
2025-03-02,ARM,0.1264722445736839
2025-03-03,ARM,0.1273362633510393
2025-03-04,ARM,0.06840251631433118
2025-03-05,ARM,0.060445412052438474
2025-03-06,ARM,0.03201722831941955
2025-03-07,ARM,0.04038382715702179
2025-03-08,ARM,0.04817613353359547
2025-03-09,ARM,0.0626566860064492
2025-03-10,ARM,0.06464054746933849
2025-03-11,ARM,0.018183545284327862
2025-03-12,ARM,0.017827956741456184
2025-03-13,ARM,0.01583105552597652
2025-03-14,ARM,0.02614804880691004
2025-03-15,ARM,0.11772779862941815
2025-03-16,ARM,0.29148180541218077
2025-03-17,ARM,0.19950086816955223
2025-03-18,ARM,0.18845056742630384
2025-03-19,ARM,0.08428771703042165
2025-03-20,ARM,0.16986672653276877
2025-03-21,ARM,0.253605206337064
2025-03-22,ARM,0.026218781333564485
2025-03-23,ARM,0.020812793842621673
2025-03-24,ARM,0.018455122655215855
2025-03-25,ARM,0.02194001953080408
2025-03-26,ARM,0.027786902990046443
2025-03-27,ARM,0.0292735169554541
2025-03-28,ARM,0.023232072777106556
2024-07-01,AZE,0.03486429048395006
2024-07-02,AZE,0.01494534102970278
2024-07-03,AZE,0.013058808001135095
2024-07-04,AZE,0.015122270824854414
2024-07-05,AZE,0.014975570258474959
2024-07-06,AZE,0.029812430118902257
2024-07-07,AZE,0.026688681860151147
2024-07-08,AZE,0.05145380458974598
2024-07-09,AZE,0.021140464038730968
2024-07-10,AZE,0.02532016302493282
2024-07-11,AZE,0.025508840411962892
2024-07-12,AZE,0.033706829294710534
2024-07-13,AZE,0.05873897832633031
2024-07-14,AZE,0.045349133182566684
2024-07-15,AZE,0.054478084709055206
2024-07-16,AZE,0.021855851342893966
2024-07-17,AZE,0.02284650867001422
2024-07-18,AZE,0.017886001980295347
2024-07-19,AZE,0.10330854350298543
2024-07-20,AZE,0.047881972326177594
2024-07-21,AZE,0.037200736276379626
2024-07-22,AZE,0.05267709293462396
2024-07-23,AZE,0.036091315142743656
2024-07-24,AZE,0.025829372714343168
2024-07-25,AZE,0.026099695592475484
2024-07-26,AZE,0.01440145783971871
2024-07-27,AZE,0.014357755439039617
2024-07-28,AZE,0.03092197561876684
2024-07-29,AZE,0.03093412106182121
2024-07-30,AZE,0.012576267804162832
2024-07-31,AZE,0.013500842059445734
2024-08-01,AZE,0.014258637114360904
2024-08-02,AZE,0.030702834036202848
2024-08-03,AZE,0.04033122879884652
2024-08-04,AZE,0.021104957474979546
2024-08-05,AZE,0.04453364036815985
2024-08-06,AZE,0.014564290837558017
2024-08-07,AZE,0.03576409596305474
2024-08-08,AZE,0.02635808958682237
2024-08-09,AZE,0.018277205908997014
2024-08-10,AZE,0.02356906695668164
2024-08-11,AZE,0.19863437659651564
2024-08-12,AZE,0.04755002056257954
2024-08-13,AZE,0.021671865263394173
2024-08-14,AZE,0.027350262101048826
2024-08-15,AZE,0.08835016270454445
2024-08-16,AZE,0.017603215895076824
2024-08-17,AZE,0.1495623713675985
2024-08-18,AZE,0.04755272048369862
2024-08-19,AZE,0.15728538258375713
2024-08-20,AZE,0.04994941529834797
2024-08-21,AZE,0.02190290212349779
2024-08-22,AZE,0.014577831651056746
2024-08-23,AZE,0.01891671676984689
2024-08-24,AZE,0.023236180396076785
2024-08-25,AZE,0.014528963560594795
2024-08-26,AZE,0.01431685671627792
2024-08-27,AZE,0.015885299432765697
2024-08-28,AZE,0.018247914318581623
2024-08-29,AZE,0.018373534822453737
2024-08-30,AZE,0.01712485822629385
2024-08-31,AZE,0.013329933412680716
2024-09-01,AZE,0.028124990977997123
2024-09-02,AZE,0.019159220336628268
2024-09-03,AZE,0.016141363885629527
2024-09-04,AZE,0.012982249805307008
2024-09-05,AZE,0.013985143009791685
2024-09-06,AZE,0.01542767207137845
2024-09-07,AZE,0.013766493932480854
2024-09-08,AZE,0.016245793886861096
2024-09-09,AZE,0.0829278017598384
2024-09-10,AZE,0.01887283957344666
2024-09-11,AZE,0.013644763244068246
2024-09-12,AZE,0.020152425357072918
2024-09-13,AZE,0.015712422098778107
2024-09-14,AZE,0.014724175736289414
2024-09-15,AZE,0.014157863971859674
2024-09-16,AZE,0.014895722399975494
2024-09-17,AZE,0.016064429050926574
2024-09-18,AZE,0.016151453396415154
2024-09-19,AZE,0.017627784656649822
2024-09-20,AZE,0.019554336770219328
2024-09-21,AZE,0.016885704279868956
2024-09-22,AZE,0.04341892356182918
2024-09-23,AZE,0.14852151550756407
2024-09-24,AZE,0.014226714360060748
2024-09-25,AZE,0.015858477557235833
2024-09-26,AZE,0.02101658120935957
2024-09-27,AZE,0.03875346534971443
2024-09-28,AZE,0.017317600538340732
2024-09-29,AZE,0.021147289991998962
2024-09-30,AZE,0.018222283003030165
2024-10-01,AZE,0.018466257687219854
2024-10-02,AZE,0.01414047014573329
2024-10-03,AZE,0.012584977439802221
2024-10-04,AZE,0.012679492818591605
2024-10-05,AZE,0.017590220233047033
2024-10-06,AZE,0.014798073966087621
2024-10-07,AZE,0.019805279330530404
2024-10-08,AZE,0.01418026194847627
2024-10-09,AZE,0.01887551977508813
2024-10-10,AZE,0.014625823201368427
2024-10-11,AZE,0.019041220966442413
2024-10-12,AZE,0.022679584202689618
2024-10-13,AZE,0.027508415604086196
2024-10-14,AZE,0.1707434664246155
2024-10-15,AZE,0.03470125942049528
2024-10-16,AZE,0.028222013396248868
2024-10-17,AZE,0.04047667711320614
2024-10-18,AZE,0.03268954041479584
2024-10-19,AZE,0.03737057415613036
2024-10-20,AZE,0.0517014387920554
2024-10-21,AZE,0.03166184774178624
2024-10-22,AZE,0.03163892966685919
2024-10-23,AZE,0.042522506666487665
2024-10-24,AZE,0.040698474465185756
2024-10-25,AZE,0.026372358767599587
2024-10-26,AZE,0.021330001636844342
2024-10-27,AZE,0.014775519940242569
2024-10-28,AZE,0.10116377155127285
2024-10-29,AZE,0.02068894209042442
2024-10-30,AZE,0.017644579595336607
2024-10-31,AZE,0.04654354196211816
2024-11-01,AZE,0.022952263387231622
2024-11-02,AZE,0.0349901175269795
2024-11-03,AZE,0.022230968142935167
2024-11-04,AZE,0.14032338482939577
2024-11-05,AZE,0.026405365334158663
2024-11-06,AZE,0.10028718083686874
2024-11-07,AZE,0.20647894979982398
2024-11-08,AZE,0.11150633528690657
2024-11-09,AZE,0.10557203606336278
2024-11-10,AZE,0.1304505240831275
2024-11-11,AZE,0.13857988197053914
2024-11-12,AZE,0.12701809938801548
2024-11-13,AZE,0.07416115904128587
2024-11-14,AZE,0.05140141569800649
2024-11-15,AZE,0.04923713086162841
2024-11-16,AZE,0.024015790937290903
2024-11-17,AZE,0.01737063879243684
2024-11-18,AZE,0.02535082899933681
2024-11-19,AZE,0.012740677731727466
2024-11-20,AZE,0.013458887504330455
2024-11-21,AZE,0.03412679163873579
2024-11-22,AZE,0.023264180413853742
2024-11-23,AZE,0.018579620091296968
2024-11-24,AZE,0.025887283058668158
2024-11-25,AZE,0.04780932061522485
2024-11-26,AZE,0.048799055350602756
2024-11-27,AZE,0.02377341086823808
2024-11-28,AZE,0.0237202482068692
2024-11-29,AZE,0.07587365471878041
2024-11-30,AZE,0.026285464230498826
2024-12-01,AZE,0.035710494942272596
2024-12-02,AZE,0.04040337818202679
2024-12-03,AZE,0.02596968319334659
2024-12-04,AZE,0.027822537328637188
2024-12-05,AZE,0.02514473684165657
2024-12-06,AZE,0.047683980048389876
2024-12-07,AZE,0.03021981285411508
2024-12-08,AZE,0.13179725887434635
2024-12-09,AZE,0.20770277316758684
2024-12-10,AZE,0.049632233629032234
2024-12-11,AZE,0.03872815697639846
2024-12-12,AZE,0.04696135122923277
2024-12-13,AZE,0.04023882795637508
2024-12-14,AZE,0.07250221897667386
2024-12-15,AZE,0.08720887135059441
2024-12-16,AZE,0.1056082136568976
2024-12-17,AZE,0.06599756747600136
2024-12-18,AZE,0.039921015624676405
2024-12-19,AZE,0.09236939433078062
2024-12-20,AZE,0.12341941111545848
2024-12-21,AZE,0.10484184415396706
2024-12-22,AZE,0.10641424004927587
2024-12-23,AZE,0.19043652094068864
2024-12-24,AZE,0.08497326848655892
2024-12-25,AZE,0.24855069555598855
2024-12-26,AZE,0.19417120932054605
2024-12-27,AZE,0.13484524493916936
2024-12-28,AZE,0.028739586731794494
2024-12-29,AZE,0.05363167358393545
2024-12-30,AZE,0.024657352839360255
2024-12-31,AZE,0.04039788161458611
2025-01-01,AZE,0.01815438528074745
2025-01-02,AZE,0.01271436489050347
2025-01-03,AZE,0.01331905637761043
2025-01-04,AZE,0.03288654278564939
2025-01-05,AZE,0.14736341036885583
2025-01-06,AZE,0.10641858420540971
2025-01-07,AZE,0.07166062694465242
2025-01-08,AZE,0.026537905621219052
2025-01-09,AZE,0.03143523659643438
2025-01-10,AZE,0.03760591295758656
2025-01-11,AZE,0.026859545025392728
2025-01-12,AZE,0.013401244553861307
2025-01-13,AZE,0.029357985118978185
2025-01-14,AZE,0.013820083484654588
2025-01-15,AZE,0.015203228215180338
2025-01-16,AZE,0.03625466297159828
2025-01-17,AZE,0.01641532862243964
2025-01-18,AZE,0.02237218627827375
2025-01-19,AZE,0.06312932412795964
2025-01-20,AZE,0.05638643663005125
2025-01-21,AZE,0.09118069922382536
2025-01-22,AZE,0.05463139642194209
2025-01-23,AZE,0.022199057248994968
2025-01-24,AZE,0.033439511454187325
2025-01-25,AZE,0.11998679187984941
2025-01-26,AZE,0.02949264417637726
2025-01-27,AZE,0.04396972699967411
2025-01-28,AZE,0.02400930008092453
2025-01-29,AZE,0.026568561707560785
2025-01-30,AZE,0.02786189254947002
2025-01-31,AZE,0.22947730949561326
2025-02-01,AZE,0.03933675111477512
2025-02-02,AZE,0.037820139505948994
2025-02-03,AZE,0.05318905089330815
2025-02-04,AZE,0.028234800307410345
2025-02-05,AZE,0.03858155084268172
2025-02-06,AZE,0.08217617960787374
2025-02-07,AZE,0.011549530999914936
2025-02-08,AZE,0.012039752233633511
2025-02-09,AZE,0.011730992589011042
2025-02-10,AZE,0.011907765347455157
2025-02-11,AZE,0.011251083567280318
2025-02-12,AZE,0.011484844112799536
2025-02-13,AZE,0.011512993883886921
2025-02-14,AZE,0.04737524402300422
2025-02-15,AZE,0.014408400542246317
2025-02-16,AZE,0.014421347734239998
2025-02-17,AZE,0.022423837026886165
2025-02-18,AZE,0.021199653658547268
2025-02-19,AZE,0.020422383632005724
2025-02-20,AZE,0.02612917326863314
2025-02-21,AZE,0.03609280155013826
2025-02-22,AZE,0.03496867848081531
2025-02-23,AZE,0.033388558612781324
2025-02-24,AZE,0.022008405329632524
2025-02-25,AZE,0.026836959999947736
2025-02-26,AZE,0.040690112354562415
2025-02-27,AZE,0.01942424667190329
2025-02-28,AZE,0.014703516657092254
2025-03-01,AZE,0.024301011804569304
2025-03-02,AZE,0.05297194756590485
2025-03-03,AZE,0.01452793327162779
2025-03-04,AZE,0.01988790036984761
2025-03-05,AZE,0.06851349100020639
2025-03-06,AZE,0.016337477081967734
2025-03-07,AZE,0.03505066775997857
2025-03-08,AZE,0.039342632740376374
2025-03-09,AZE,0.04865650886209093
2025-03-10,AZE,0.04012226676910609
2025-03-11,AZE,0.03016346994634016
2025-03-12,AZE,0.01726890540350155
2025-03-13,AZE,0.015958813505930623
2025-03-14,AZE,0.0206297325020799
2025-03-15,AZE,0.017667062431571626
2025-03-16,AZE,0.021597885450577423
2025-03-17,AZE,0.019283080569601346
2025-03-18,AZE,0.016431621877270496
2025-03-19,AZE,0.04857573113318861
2025-03-20,AZE,0.050252940059030124
2025-03-21,AZE,0.039469313446577135
2025-03-22,AZE,0.028290047736891862
2025-03-23,AZE,0.03362664287397028
2025-03-24,AZE,0.03348693074170923
2025-03-25,AZE,0.03318390306244557
2025-03-26,AZE,0.028913964187603242
2025-03-27,AZE,0.03267658092627631
2025-03-28,AZE,0.03767721210659169
2024-07-01,HTI,0.018755641439909827
2024-07-02,HTI,0.021382335466732644
2024-07-03,HTI,0.016813594860678616
2024-07-04,HTI,0.06429152790392005
2024-07-05,HTI,0.018627734488513167
2024-07-06,HTI,0.0679784112352894
2024-07-07,HTI,0.011172775124630663
2024-07-08,HTI,0.011211477680947777
2024-07-09,HTI,0.011221499953127465
2024-07-10,HTI,0.011178910761802016
2024-07-11,HTI,0.01181978655548576
2024-07-12,HTI,0.011682755885089926
2024-07-13,HTI,0.011543370314976487
2024-07-14,HTI,0.013918188957362616
2024-07-15,HTI,0.016804551202344097
2024-07-16,HTI,0.015170767149881775
2024-07-17,HTI,0.19833187898000865
2024-07-18,HTI,0.018074105990548324
2024-07-19,HTI,0.01955568532035169
2024-07-20,HTI,0.022544670663686327
2024-07-21,HTI,0.021677193033846114
2024-07-22,HTI,0.012690139444383802
2024-07-23,HTI,0.01234035491170703
2024-07-24,HTI,0.014550788263242423
2024-07-25,HTI,0.0230132520993697
2024-07-26,HTI,0.011842034694505725
2024-07-27,HTI,0.011578270364200265
2024-07-28,HTI,0.034941005859470554
2024-07-29,HTI,0.013890425251405828
2024-07-30,HTI,0.013024292126187173
2024-07-31,HTI,0.013588973081426845
2024-08-01,HTI,0.018526947817766003
2024-08-02,HTI,0.013288313758585465
2024-08-03,HTI,0.020620250849380236
2024-08-04,HTI,0.012801102479710091
2024-08-05,HTI,0.012786736255159314
2024-08-06,HTI,0.028644457632266477
2024-08-07,HTI,0.013543341439019748
2024-08-08,HTI,0.012866977460814123
2024-08-09,HTI,0.03744677425360825
2024-08-10,HTI,0.027943923765923032
2024-08-11,HTI,0.04637473333208434
2024-08-12,HTI,0.017165807335491758
2024-08-13,HTI,0.017422377397731833
2024-08-14,HTI,0.01412204854854164
2024-08-15,HTI,0.04163245179680695
2024-08-16,HTI,0.050468267791644365
2024-08-17,HTI,0.025978302214253877
2024-08-18,HTI,0.021623639123875358
2024-08-19,HTI,0.026077777915973564
2024-08-20,HTI,0.01258799854771283
2024-08-21,HTI,0.013776353944911885
2024-08-22,HTI,0.012542511341193236
2024-08-23,HTI,0.01294930389691793
2024-08-24,HTI,0.012098371771181721
2024-08-25,HTI,0.01731319956408231
2024-08-26,HTI,0.01190640789709713
2024-08-27,HTI,0.017877457934449868
2024-08-28,HTI,0.04117378277341878
2024-08-29,HTI,0.02226016205218566
2024-08-30,HTI,0.021173706312901653
2024-08-31,HTI,0.018720624107014517
2024-09-01,HTI,0.031737624719963546
2024-09-02,HTI,0.03637095702594086
2024-09-03,HTI,0.015133163669481604
2024-09-04,HTI,0.06854445675606269
2024-09-05,HTI,0.02275369156771683
2024-09-06,HTI,0.030271301071179285
2024-09-07,HTI,0.0168610547674219
2024-09-08,HTI,0.019708016638669407
2024-09-09,HTI,0.032135982552948125
2024-09-10,HTI,0.013061057153749982
2024-09-11,HTI,0.014519033979053828
2024-09-12,HTI,0.03063234594833833
2024-09-13,HTI,0.03160403060290691
2024-09-14,HTI,0.013387873625130891
2024-09-15,HTI,0.015555653050791369
2024-09-16,HTI,0.012957285189269002
2024-09-17,HTI,0.01740665988580712
2024-09-18,HTI,0.02680205404577866
2024-09-19,HTI,0.025104139662471193
2024-09-20,HTI,0.016563761485253358
2024-09-21,HTI,0.047474666274432406
2024-09-22,HTI,0.06418942218693781
2024-09-23,HTI,0.026948383347545724
2024-09-24,HTI,0.015274284083470152
2024-09-25,HTI,0.021032562843077307
2024-09-26,HTI,0.014494583954014002
2024-09-27,HTI,0.019732642300312242
2024-09-28,HTI,0.022399837596483348
2024-09-29,HTI,0.01385717752654642
2024-09-30,HTI,0.014361711438700988
2024-10-01,HTI,0.012146241841850813
2024-10-02,HTI,0.014763750286974922
2024-10-03,HTI,0.15776721429315213
2024-10-04,HTI,0.16294958010410884
2024-10-05,HTI,0.06110656681764677
2024-10-06,HTI,0.017424299421561172
2024-10-07,HTI,0.031686274874576655
2024-10-08,HTI,0.18143031759819644
2024-10-09,HTI,0.19203777269388
2024-10-10,HTI,0.0182683262622058
2024-10-11,HTI,0.01189933385597933
2024-10-12,HTI,0.017585354607150713
2024-10-13,HTI,0.011677268915593663
2024-10-14,HTI,0.01488986319632845
2024-10-15,HTI,0.01100265181503092
2024-10-16,HTI,0.011197488634775403
2024-10-17,HTI,0.04292781503499358
2024-10-18,HTI,0.029869992221112904
2024-10-19,HTI,0.013822250400237737
2024-10-20,HTI,0.018702385020334483
2024-10-21,HTI,0.022205165979298395
2024-10-22,HTI,0.0611365079035365
2024-10-23,HTI,0.03681615187217979
2024-10-24,HTI,0.09076308319449676
2024-10-25,HTI,0.025978733455203757
2024-10-26,HTI,0.05546420044501819
2024-10-27,HTI,0.014712549554283449
2024-10-28,HTI,0.01215754679186015
2024-10-29,HTI,0.015017818946500434
2024-10-30,HTI,0.013515646433033756
2024-10-31,HTI,0.014063325689498644
2024-11-01,HTI,0.013072950843186704
2024-11-02,HTI,0.011980819251267356
2024-11-03,HTI,0.01249006865677585
2024-11-04,HTI,0.012571923977612262
2024-11-05,HTI,0.014928094639871856
2024-11-06,HTI,0.03406936974963029
2024-11-07,HTI,0.013365310957885105
2024-11-08,HTI,0.07866673774420363
2024-11-09,HTI,0.013027036961610521
2024-11-10,HTI,0.01320155353779092
2024-11-11,HTI,0.07945610733621654
2024-11-12,HTI,0.28861681923831267
2024-11-13,HTI,0.15615821551233405
2024-11-14,HTI,0.11493346225304414
2024-11-15,HTI,0.2497551005527624
2024-11-16,HTI,0.1848198236595204
2024-11-17,HTI,0.0709513100891479
2024-11-18,HTI,0.023613379668682346
2024-11-19,HTI,0.040444357285664145
2024-11-20,HTI,0.027334658631183714
2024-11-21,HTI,0.03316258990056548
2024-11-22,HTI,0.019701782733477363
2024-11-23,HTI,0.016962560043339004
2024-11-24,HTI,0.0218580653126445
2024-11-25,HTI,0.021736163983547347
2024-11-26,HTI,0.017024157771013966
2024-11-27,HTI,0.012871930906121808
2024-11-28,HTI,0.01725457585837219
2024-11-29,HTI,0.01703931659596367
2024-11-30,HTI,0.053734743016152615
2024-12-01,HTI,0.014622412766898555
2024-12-02,HTI,0.06326893746115214
2024-12-03,HTI,0.03521234748341287
2024-12-04,HTI,0.03580106204930562
2024-12-05,HTI,0.02300992560594737
2024-12-06,HTI,0.25894622612319684
2024-12-07,HTI,0.058319896444838995
2024-12-08,HTI,0.12133039204325967
2024-12-09,HTI,0.04462129893400559
2024-12-10,HTI,0.10737004246512392
2024-12-11,HTI,0.07014138752455523
2024-12-12,HTI,0.03782321081165186
2024-12-13,HTI,0.013336532004182387
2024-12-14,HTI,0.012748841976239796
2024-12-15,HTI,0.012296280039854782
2024-12-16,HTI,0.011519734363695846
2024-12-17,HTI,0.012012204340085025
2024-12-18,HTI,0.012275393328009128
2024-12-19,HTI,0.012196282417260972
2024-12-20,HTI,0.010868245976649768
2024-12-21,HTI,0.012925428913622024
2024-12-22,HTI,0.013433626217899288
2024-12-23,HTI,0.010925520481029492
2024-12-24,HTI,0.01784210384707504
2024-12-25,HTI,0.02396208655591426
2024-12-26,HTI,0.04675979157410149
2024-12-27,HTI,0.04032572263530696
2024-12-28,HTI,0.011056358660637332
2024-12-29,HTI,0.011355422079475935
2024-12-30,HTI,0.010985690253097325
2024-12-31,HTI,0.012044776209987696
2025-01-01,HTI,0.012550778797532995
2025-01-02,HTI,0.012207607786497448
2025-01-03,HTI,0.012113848785187625
2025-01-04,HTI,0.023745017558266437
2025-01-05,HTI,0.11657770649296792
2025-01-06,HTI,0.17678565892910683
2025-01-07,HTI,0.0408083714247776
2025-01-08,HTI,0.03424058544275244
2025-01-09,HTI,0.03768433194383024
2025-01-10,HTI,0.034020827135352774
2025-01-11,HTI,0.02529037912074466
2025-01-12,HTI,0.018943809033012522
2025-01-13,HTI,0.018396238176246048
2025-01-14,HTI,0.023264260131996783
2025-01-15,HTI,0.014837717809049689
2025-01-16,HTI,0.016475580251057647
2025-01-17,HTI,0.02253084827798608
2025-01-18,HTI,0.020357178745505546
2025-01-19,HTI,0.024821963110665805
2025-01-20,HTI,0.01355798448409503
2025-01-21,HTI,0.04070953643474029
2025-01-22,HTI,0.014414296155636247
2025-01-23,HTI,0.01629611087644993
2025-01-24,HTI,0.013357615820143859
2025-01-25,HTI,0.012919830776710765
2025-01-26,HTI,0.014694265538188143
2025-01-27,HTI,0.15608159152733958
2025-01-28,HTI,0.16250029399497048
2025-01-29,HTI,0.11175399369797101
2025-01-30,HTI,0.07364018879886396
2025-01-31,HTI,0.06078435054073366
2025-02-01,HTI,0.20441930370697756
2025-02-02,HTI,0.23460400782292204
2025-02-03,HTI,0.01224463764175996
2025-02-04,HTI,0.013708187224826102
2025-02-05,HTI,0.012517290160968988
2025-02-06,HTI,0.01409326730630706
2025-02-07,HTI,0.011806355895790708
2025-02-08,HTI,0.013446258535445423
2025-02-09,HTI,0.024706954055198144
2025-02-10,HTI,0.019680526824141228
2025-02-11,HTI,0.03135175765761331
2025-02-12,HTI,0.044440334226288965
2025-02-13,HTI,0.02883520913568234
2025-02-14,HTI,0.0138044214114867
2025-02-15,HTI,0.024668321233542484
2025-02-16,HTI,0.07116410475440159
2025-02-17,HTI,0.02265753011296232
2025-02-18,HTI,0.030243566539758356
2025-02-19,HTI,0.01443215658601029
2025-02-20,HTI,0.021443674833222022
2025-02-21,HTI,0.021187312326515186
2025-02-22,HTI,0.013761371044916416
2025-02-23,HTI,0.014484743149899466
2025-02-24,HTI,0.01588985316609348
2025-02-25,HTI,0.01705520102350179
2025-02-26,HTI,0.02642881748817665
2025-02-27,HTI,0.015197497474389551
2025-02-28,HTI,0.016874139018695975
2025-03-01,HTI,0.014792635486675063
2025-03-02,HTI,0.04716711767273084
2025-03-03,HTI,0.014511901470828842
2025-03-04,HTI,0.016250517779478314
2025-03-05,HTI,0.012772903394927329
2025-03-06,HTI,0.012359924956139112
2025-03-07,HTI,0.029153550174992958
2025-03-08,HTI,0.01431421667202179
2025-03-09,HTI,0.01141962764342856
2025-03-10,HTI,0.013643556085080338
2025-03-11,HTI,0.014689511884477336
2025-03-12,HTI,0.013583269203744181
2025-03-13,HTI,0.015555766424808208
2025-03-14,HTI,0.013009126216581379
2025-03-15,HTI,0.014811929021265678
2025-03-16,HTI,0.08003792163871482
2025-03-17,HTI,0.02110083658791523
2025-03-18,HTI,0.019791613627318978
2025-03-19,HTI,0.041676944169189024
2025-03-20,HTI,0.01684593537682036
2025-03-21,HTI,0.014673643927703678
2025-03-22,HTI,0.0287334194371207
2025-03-23,HTI,0.017050781665349384
2025-03-24,HTI,0.028335098159809436
2025-03-25,HTI,0.015901870230474714
2025-03-26,HTI,0.035599054110157825
2025-03-27,HTI,0.01947958161139176
2025-03-28,HTI,0.024067666974976344
2024-07-01,COL,0.017986379467093607
2024-07-02,COL,0.01606852962930903
2024-07-03,COL,0.01503864475528737
2024-07-04,COL,0.029466843158886938
2024-07-05,COL,0.023549828464153082
2024-07-06,COL,0.018098774412056786
2024-07-07,COL,0.035637750459069306
2024-07-08,COL,0.053710848075174226
2024-07-09,COL,0.023385499847519996
2024-07-10,COL,0.02447491727486019
2024-07-11,COL,0.019053452896582647
2024-07-12,COL,0.014259186575518112
2024-07-13,COL,0.014079467055838525
2024-07-14,COL,0.03429772135658552
2024-07-15,COL,0.01633290976346291
2024-07-16,COL,0.014685912782497125
2024-07-17,COL,0.034907364848298275
2024-07-18,COL,0.02404664132813575
2024-07-19,COL,0.021984482665029673
2024-07-20,COL,0.02040799606551098
2024-07-21,COL,0.04959172127319589
2024-07-22,COL,0.03840932706144575
2024-07-23,COL,0.013247418081113438
2024-07-24,COL,0.03134103906031683
2024-07-25,COL,0.013708970836807954
2024-07-26,COL,0.012538124900026338
2024-07-27,COL,0.013979458824120678
2024-07-28,COL,0.013204776183379997
2024-07-29,COL,0.014073717968482388
2024-07-30,COL,0.013232883749437417
2024-07-31,COL,0.012378981656621657
2024-08-01,COL,0.013695486103466607
2024-08-02,COL,0.012779256780812272
2024-08-03,COL,0.013313705177556057
2024-08-04,COL,0.02019080802152671
2024-08-05,COL,0.024060599314077162
2024-08-06,COL,0.01865586382034576
2024-08-07,COL,0.015039905093741123
2024-08-08,COL,0.016752371686559873
2024-08-09,COL,0.014483208282922858
2024-08-10,COL,0.017031163381541325
2024-08-11,COL,0.01747364873082037
2024-08-12,COL,0.08897383005655451
2024-08-13,COL,0.015142750148978397
2024-08-14,COL,0.02128411877936346
2024-08-15,COL,0.01880351821553965
2024-08-16,COL,0.042990680080120976
2024-08-17,COL,0.02039421301346895
2024-08-18,COL,0.02062883335024599
2024-08-19,COL,0.011683407273332206
2024-08-20,COL,0.013478761538793689
2024-08-21,COL,0.011493234431374469
2024-08-22,COL,0.011745971342753138
2024-08-23,COL,0.011123193595359742
2024-08-24,COL,0.01223772858556892
2024-08-25,COL,0.012625469154615501
2024-08-26,COL,0.013656641620516304
2024-08-27,COL,0.02427880288315788
2024-08-28,COL,0.014647950008945509
2024-08-29,COL,0.028336988669910846
2024-08-30,COL,0.014240040955164382
2024-08-31,COL,0.011157676104868295
2024-09-01,COL,0.012016489275909798
2024-09-02,COL,0.010997342186746594
2024-09-03,COL,0.01130076199006572
2024-09-04,COL,0.012174655622721579
2024-09-05,COL,0.013667313175257208
2024-09-06,COL,0.01108262350986327
2024-09-07,COL,0.01136552495753125
2024-09-08,COL,0.019751581221782714
2024-09-09,COL,0.018552406830124112
2024-09-10,COL,0.01682159595311958
2024-09-11,COL,0.013549015348507854
2024-09-12,COL,0.013199386139344897
2024-09-13,COL,0.011481708253809817
2024-09-14,COL,0.01289272665278486
2024-09-15,COL,0.012290904279055116
2024-09-16,COL,0.011673457069429936
2024-09-17,COL,0.013328716008373943
2024-09-18,COL,0.01437928687560509
2024-09-19,COL,0.011949437944704037
2024-09-20,COL,0.012503025787505683
2024-09-21,COL,0.011390065289809959
2024-09-22,COL,0.015565779098815203
2024-09-23,COL,0.04087016293716523
2024-09-24,COL,0.024570582756768242
2024-09-25,COL,0.02053677379280101
2024-09-26,COL,0.015893508852497747
2024-09-27,COL,0.017509566107680643
2024-09-28,COL,0.014662068852681646
2024-09-29,COL,0.05014228367934342
2024-09-30,COL,0.016878041203914177
2024-10-01,COL,0.01613803016005247
2024-10-02,COL,0.015488558463423528
2024-10-03,COL,0.014164785909189728
2024-10-04,COL,0.04421533226540907
2024-10-05,COL,0.022735444053456635
2024-10-06,COL,0.01974952465118398
2024-10-07,COL,0.01249023719030194
2024-10-08,COL,0.013112862799014987
2024-10-09,COL,0.012311646034939679
2024-10-10,COL,0.011444704441458417
2024-10-11,COL,0.01779016184377685
2024-10-12,COL,0.01167533091293721
2024-10-13,COL,0.029953025451896022
2024-10-14,COL,0.029754089141049805
2024-10-15,COL,0.011875513346319524
2024-10-16,COL,0.019432035503250112
2024-10-17,COL,0.01347093340552516
2024-10-18,COL,0.012043618738865077
2024-10-19,COL,0.011259723617839883
2024-10-20,COL,0.012159938756004657
2024-10-21,COL,0.019005066379769644
2024-10-22,COL,0.013572605926770289
2024-10-23,COL,0.013534312903386272
2024-10-24,COL,0.013949734525827675
2024-10-25,COL,0.016900323013084764
2024-10-26,COL,0.025116379647531935
2024-10-27,COL,0.04693579350722422
2024-10-28,COL,0.014787242713300865
2024-10-29,COL,0.014975389874385287
2024-10-30,COL,0.01648579454995884
2024-10-31,COL,0.020716056388741858
2024-11-01,COL,0.06363871843194491
2024-11-02,COL,0.0172797257686432
2024-11-03,COL,0.012567224099834406
2024-11-04,COL,0.012649275940515715
2024-11-05,COL,0.012981832578591508
2024-11-06,COL,0.012074864051115379
2024-11-07,COL,0.0122690183918634
2024-11-08,COL,0.021772111238687754
2024-11-09,COL,0.013537368532659218
2024-11-10,COL,0.012843702443655678
2024-11-11,COL,0.011794097305437595
2024-11-12,COL,0.011182093852741678
2024-11-13,COL,0.011058478332560595
2024-11-14,COL,0.012569107322239922
2024-11-15,COL,0.012876674881159882
2024-11-16,COL,0.012006794290030537
2024-11-17,COL,0.012171440219552099
2024-11-18,COL,0.01174844365105522
2024-11-19,COL,0.0129670605438004
2024-11-20,COL,0.02122100976365171
2024-11-21,COL,0.014249394764426273
2024-11-22,COL,0.012574805822614036
2024-11-23,COL,0.013117423310850078
2024-11-24,COL,0.012456116609367738
2024-11-25,COL,0.015632845806117585
2024-11-26,COL,0.015456286074482123
2024-11-27,COL,0.012617767310770984
2024-11-28,COL,0.012773533759875496
2024-11-29,COL,0.011412507203568182
2024-11-30,COL,0.015636468361413344
2024-12-01,COL,0.014874933950757686
2024-12-02,COL,0.012850228381695063
2024-12-03,COL,0.023470957355645045
2024-12-04,COL,0.02692429738929549
2024-12-05,COL,0.021461502116177273
2024-12-06,COL,0.012972421245962104
2024-12-07,COL,0.011257522889858226
2024-12-08,COL,0.013026098003099612
2024-12-09,COL,0.011290401616083938
2024-12-10,COL,0.01124113906035325
2024-12-11,COL,0.011349716079278689
2024-12-12,COL,0.013196182436509827
2024-12-13,COL,0.011583410586875738
2024-12-14,COL,0.01238440895669601
2024-12-15,COL,0.013179771961261778
2024-12-16,COL,0.013514801082694775
2024-12-17,COL,0.02793213003733069
2024-12-18,COL,0.013208348832112391
2024-12-19,COL,0.011628220288453775
2024-12-20,COL,0.011965005164144291
2024-12-21,COL,0.013356428197848155
2024-12-22,COL,0.011920675065550388
2024-12-23,COL,0.014990742524224852
2024-12-24,COL,0.011976677739760841
2024-12-25,COL,0.011612230684226633
2024-12-26,COL,0.011516529659242793
2024-12-27,COL,0.012157024835133607
2024-12-28,COL,0.011619053187361636
2024-12-29,COL,0.011309184290948585
2024-12-30,COL,0.011788724338945823
2024-12-31,COL,0.012625701655115628
2025-01-01,COL,0.01322211700430728
2025-01-02,COL,0.017826295736465513
2025-01-03,COL,0.012501205936523657
2025-01-04,COL,0.01758874380029022
2025-01-05,COL,0.017958997316178407
2025-01-06,COL,0.03281521160483398
2025-01-07,COL,0.01640881936985518
2025-01-08,COL,0.017929909878563945
2025-01-09,COL,0.021213708176764275
2025-01-10,COL,0.017605414199134986
2025-01-11,COL,0.01960984604015382
2025-01-12,COL,0.018221159302199665
2025-01-13,COL,0.022630108208087592
2025-01-14,COL,0.013416468474073755
2025-01-15,COL,0.05213877347097366
2025-01-16,COL,0.04226675223779528
2025-01-17,COL,0.047803825564145204
2025-01-18,COL,0.09614810823267861
2025-01-19,COL,0.09321405248822297
2025-01-20,COL,0.04793838014042777
2025-01-21,COL,0.06651436320964908
2025-01-22,COL,0.08310547039399349
2025-01-23,COL,0.01162865715078704
2025-01-24,COL,0.011581189460522272
2025-01-25,COL,0.02040667868772093
2025-01-26,COL,0.015700554578909377
2025-01-27,COL,0.01363537566474698
2025-01-28,COL,0.014442180513430639
2025-01-29,COL,0.01256773148818777
2025-01-30,COL,0.01360912408500039
2025-01-31,COL,0.011798586001689506
2025-02-01,COL,0.011196377880323313
2025-02-02,COL,0.011434743922907246
2025-02-03,COL,0.02068687585777334
2025-02-04,COL,0.023054761477023882
2025-02-05,COL,0.014197840756746249
2025-02-06,COL,0.01192926431054471
2025-02-07,COL,0.02864365894383826
2025-02-08,COL,0.015124271891102554
2025-02-09,COL,0.011908033241743658
2025-02-10,COL,0.019709775547451843
2025-02-11,COL,0.015316977337137126
2025-02-12,COL,0.011729022982761399
2025-02-13,COL,0.013880513682543965
2025-02-14,COL,0.01326530464462581
2025-02-15,COL,0.01628657778839873
2025-02-16,COL,0.0848151774547654
2025-02-17,COL,0.01841331661571342
2025-02-18,COL,0.015481467395861395
2025-02-19,COL,0.02369296480552146
2025-02-20,COL,0.07595031680119463
2025-02-21,COL,0.04084722890322334
2025-02-22,COL,0.06762420633470285
2025-02-23,COL,0.014019575177798982
2025-02-24,COL,0.03404793292930151
2025-02-25,COL,0.030968734302081496
2025-02-26,COL,0.014105267018590533
2025-02-27,COL,0.031677163182065454
2025-02-28,COL,0.012532637400161292
2025-03-01,COL,0.013136639125721047
2025-03-02,COL,0.011725589509271305
2025-03-03,COL,0.024558799429333263
2025-03-04,COL,0.012897675313156241
2025-03-05,COL,0.022235186748650264
2025-03-06,COL,0.013324851997852091
2025-03-07,COL,0.013051989689513687
2025-03-08,COL,0.022039270882402835
2025-03-09,COL,0.028928352018768175
2025-03-10,COL,0.013739139718024214
2025-03-11,COL,0.02171802998513056
2025-03-12,COL,0.012292047401237764
2025-03-13,COL,0.014629329216814101
2025-03-14,COL,0.0143645938449904
2025-03-15,COL,0.017690994106175275
2025-03-16,COL,0.017546583260114223
2025-03-17,COL,0.01586717351782123
2025-03-18,COL,0.011400223729673238
2025-03-19,COL,0.013796903783319697
2025-03-20,COL,0.011364134755454084
2025-03-21,COL,0.011186032533444495
2025-03-22,COL,0.01204031741815784
2025-03-23,COL,0.019663519840153628
2025-03-24,COL,0.0114440995586597
2025-03-25,COL,0.012358165620890761
2025-03-26,COL,0.017294262311067798
2025-03-27,COL,0.011776600919436876
2025-03-28,COL,0.01172278401617858
2024-07-01,MEX,0.011046442467961963
2024-07-02,MEX,0.010904540551132784
2024-07-03,MEX,0.01092524549430701
2024-07-04,MEX,0.010938443835978598
2024-07-05,MEX,0.010959775714524892
2024-07-06,MEX,0.01103766731749385
2024-07-07,MEX,0.01102126702196815
2024-07-08,MEX,0.01098449665319252
2024-07-09,MEX,0.010996117315611509
2024-07-10,MEX,0.011061707248111775
2024-07-11,MEX,0.011104965310778295
2024-07-12,MEX,0.011146448143078535
2024-07-13,MEX,0.011843802183337426
2024-07-14,MEX,0.011044200225995742
2024-07-15,MEX,0.012548411687505314
2024-07-16,MEX,0.012509554210124466
2024-07-17,MEX,0.011095553727384652
2024-07-18,MEX,0.013634949081891182
2024-07-19,MEX,0.011072717845035537
2024-07-20,MEX,0.011145998957409793
2024-07-21,MEX,0.011444114852865504
2024-07-22,MEX,0.011521698642940932
2024-07-23,MEX,0.010972472177148525
2024-07-24,MEX,0.012431302630905139
2024-07-25,MEX,0.011121357791440375
2024-07-26,MEX,0.012542518461011471
2024-07-27,MEX,0.011059956793426664
2024-07-28,MEX,0.011350222860712631
2024-07-29,MEX,0.0112915615551243
2024-07-30,MEX,0.011178082928895983
2024-07-31,MEX,0.011101786110898256
2024-08-01,MEX,0.011380628249142748
2024-08-02,MEX,0.011067101281948448
2024-08-03,MEX,0.011353899031194499
2024-08-04,MEX,0.011308966336704817
2024-08-05,MEX,0.011921259895929718
2024-08-06,MEX,0.011226794209972827
2024-08-07,MEX,0.011109324358550504
2024-08-08,MEX,0.011181537405612854
2024-08-09,MEX,0.011075503999276258
2024-08-10,MEX,0.011189656576605105
2024-08-11,MEX,0.01170234535410836
2024-08-12,MEX,0.010943413613270968
2024-08-13,MEX,0.010950129514784919
2024-08-14,MEX,0.010934224760420478
2024-08-15,MEX,0.010960154175885651
2024-08-16,MEX,0.010911855275766469
2024-08-17,MEX,0.011078811373993858
2024-08-18,MEX,0.010972248794203717
2024-08-19,MEX,0.010971579220822715
2024-08-20,MEX,0.011023507329511835
2024-08-21,MEX,0.011190564618998132
2024-08-22,MEX,0.011077785386932357
2024-08-23,MEX,0.011130295084972297
2024-08-24,MEX,0.011084314816932495
2024-08-25,MEX,0.011093037394668773
2024-08-26,MEX,0.011105293109802065
2024-08-27,MEX,0.013639002195431621
2024-08-28,MEX,0.01094565161756911
2024-08-29,MEX,0.012034658595806066
2024-08-30,MEX,0.011005625627724962
2024-08-31,MEX,0.013210619538406798
2024-09-01,MEX,0.011105383146581703
2024-09-02,MEX,0.010916103240883428
2024-09-03,MEX,0.010931681213291206
2024-09-04,MEX,0.010926092893054897
2024-09-05,MEX,0.011155588388736138
2024-09-06,MEX,0.010895375346051703
2024-09-07,MEX,0.01089635377416684
2024-09-08,MEX,0.01090094889055673
2024-09-09,MEX,0.010900100747854035
2024-09-10,MEX,0.010909092822425153
2024-09-11,MEX,0.011083316303674852
2024-09-12,MEX,0.010939104132940738
2024-09-13,MEX,0.011107350939605984
2024-09-14,MEX,0.011144038137513149
2024-09-15,MEX,0.0119602611942362
2024-09-16,MEX,0.012343620725997083
2024-09-17,MEX,0.011196154266806325
2024-09-18,MEX,0.011139769249757694
2024-09-19,MEX,0.011575609789344996
2024-09-20,MEX,0.010938128193167848
2024-09-21,MEX,0.011337734172459982
2024-09-22,MEX,0.011038294703451208
2024-09-23,MEX,0.010967172445343442
2024-09-24,MEX,0.010987874528515911
2024-09-25,MEX,0.011171527672363237
2024-09-26,MEX,0.011063441623162137
2024-09-27,MEX,0.010951968708873586
2024-09-28,MEX,0.01104065446913431
2024-09-29,MEX,0.011331839250335077
2024-09-30,MEX,0.011364312455600406
2024-10-01,MEX,0.012030570218183082
2024-10-02,MEX,0.01089556874684533
2024-10-03,MEX,0.01440396836063936
2024-10-04,MEX,0.010954818238781725
2024-10-05,MEX,0.011279375694357965
2024-10-06,MEX,0.010959029387307457
2024-10-07,MEX,0.011371533476784617
2024-10-08,MEX,0.010942715612881466
2024-10-09,MEX,0.011162059922859444
2024-10-10,MEX,0.012024051355800496
2024-10-11,MEX,0.010959540764593358
2024-10-12,MEX,0.010985733676805165
2024-10-13,MEX,0.011708557776911063
2024-10-14,MEX,0.012780325399294114
2024-10-15,MEX,0.01093026932883725
2024-10-16,MEX,0.010973596460683578
2024-10-17,MEX,0.013890359454256282
2024-10-18,MEX,0.01162119151731376
2024-10-19,MEX,0.01193577830464346
2024-10-20,MEX,0.011769174545157005
2024-10-21,MEX,0.011706727570382531
2024-10-22,MEX,0.011653916279382597
2024-10-23,MEX,0.011218912051443503
2024-10-24,MEX,0.012782910803724236
2024-10-25,MEX,0.01256349839797647
2024-10-26,MEX,0.011875883493431057
2024-10-27,MEX,0.01111764442500016
2024-10-28,MEX,0.011025627233214175
2024-10-29,MEX,0.011120417292580316
2024-10-30,MEX,0.012166455582150378
2024-10-31,MEX,0.011009146640371439
2024-11-01,MEX,0.010937959136982542
2024-11-02,MEX,0.010976918965728133
2024-11-03,MEX,0.011028441798102962
2024-11-04,MEX,0.01137324731180947
2024-11-05,MEX,0.010996393078953778
2024-11-06,MEX,0.011172013998504184
2024-11-07,MEX,0.011567400646342638
2024-11-08,MEX,0.011825947183858432
2024-11-09,MEX,0.011848738113380377
2024-11-10,MEX,0.011246996269039935
2024-11-11,MEX,0.011681106811365815
2024-11-12,MEX,0.011009479864517542
2024-11-13,MEX,0.011153291852722791
2024-11-14,MEX,0.010930334747262094
2024-11-15,MEX,0.010964780739993426
2024-11-16,MEX,0.011192135602576486
2024-11-17,MEX,0.01096498059689231
2024-11-18,MEX,0.010978639645774802
2024-11-19,MEX,0.011087006137648051
2024-11-20,MEX,0.011110825947354184
2024-11-21,MEX,0.010948838151939368
2024-11-22,MEX,0.011411503491986275
2024-11-23,MEX,0.011172535229170116
2024-11-24,MEX,0.011380382837681545
2024-11-25,MEX,0.011315455743560217
2024-11-26,MEX,0.011100286904058251
2024-11-27,MEX,0.011257660447797503
2024-11-28,MEX,0.011413265607638863
2024-11-29,MEX,0.011382013610311409
2024-11-30,MEX,0.016677711850094826
2024-12-01,MEX,0.011175952222049373
2024-12-02,MEX,0.011193235510047576
2024-12-03,MEX,0.011639061245652157
2024-12-04,MEX,0.012399422426188928
2024-12-05,MEX,0.011583383757890314
2024-12-06,MEX,0.010996009496471691
2024-12-07,MEX,0.010919114346327457
2024-12-08,MEX,0.011079896419650988
2024-12-09,MEX,0.011584581391868756
2024-12-10,MEX,0.011126574629141416
2024-12-11,MEX,0.011216506728371507
2024-12-12,MEX,0.011381980046740396
2024-12-13,MEX,0.011132385227858374
2024-12-14,MEX,0.011076759668688442
2024-12-15,MEX,0.011234550184596953
2024-12-16,MEX,0.011413946422748227
2024-12-17,MEX,0.011217669242568682
2024-12-18,MEX,0.01254947598918955
2024-12-19,MEX,0.012240935605278485
2024-12-20,MEX,0.01128086228302459
2024-12-21,MEX,0.011027827876602768
2024-12-22,MEX,0.011428453139403707
2024-12-23,MEX,0.011422970519415031
2024-12-24,MEX,0.011202418177861639
2024-12-25,MEX,0.011283421777309847
2024-12-26,MEX,0.01143729315022544
2024-12-27,MEX,0.013961774037744816
2024-12-28,MEX,0.013797377564165795
2024-12-29,MEX,0.011851204229367496
2024-12-30,MEX,0.012746240360814558
2024-12-31,MEX,0.016110926960634767
2025-01-01,MEX,0.011887542762244047
2025-01-02,MEX,0.013670178919666036
2025-01-03,MEX,0.011428497657891834
2025-01-04,MEX,0.011937297534520452
2025-01-05,MEX,0.011839168989448274
2025-01-06,MEX,0.01873648163507131
2025-01-07,MEX,0.01466962730393729
2025-01-08,MEX,0.012020999528997276
2025-01-09,MEX,0.01238431989589832
2025-01-10,MEX,0.012762069653572527
2025-01-11,MEX,0.011562228908578087
2025-01-12,MEX,0.011395737637677764
2025-01-13,MEX,0.011279678565441159
2025-01-14,MEX,0.011056658764332808
2025-01-15,MEX,0.011787562144219828
2025-01-16,MEX,0.0112466205535326
2025-01-17,MEX,0.011130636703241317
2025-01-18,MEX,0.011060776850580595
2025-01-19,MEX,0.011050609600615983
2025-01-20,MEX,0.012270624802536165
2025-01-21,MEX,0.012249732522154465
2025-01-22,MEX,0.011631651914312641
2025-01-23,MEX,0.021452385759045806
2025-01-24,MEX,0.013997425924211769
2025-01-25,MEX,0.011648105835670114
2025-01-26,MEX,0.014619386203527153
2025-01-27,MEX,0.018707336913709918
2025-01-28,MEX,0.02516819775511319
2025-01-29,MEX,0.012284797797879688
2025-01-30,MEX,0.0151597711139149
2025-01-31,MEX,0.01671493865115705
2025-02-01,MEX,0.015336064570236108
2025-02-02,MEX,0.018377766461587654
2025-02-03,MEX,0.01629662512376637
2025-02-04,MEX,0.014177837020131773
2025-02-05,MEX,0.019560992223970116
2025-02-06,MEX,0.012226499920393838
2025-02-07,MEX,0.014471583349491309
2025-02-08,MEX,0.015556617743983921
2025-02-09,MEX,0.012671383137262163
2025-02-10,MEX,0.011497477701027454
2025-02-11,MEX,0.011464214038157644
2025-02-12,MEX,0.012177260260766527
2025-02-13,MEX,0.012854498617135597
2025-02-14,MEX,0.011126640066933868
2025-02-15,MEX,0.011103205027077886
2025-02-16,MEX,0.013435267832394744
2025-02-17,MEX,0.011939982505323651
2025-02-18,MEX,0.011243361556321604
2025-02-19,MEX,0.013337585398248416
2025-02-20,MEX,0.011383369304973993
2025-02-21,MEX,0.011377615408562565
2025-02-22,MEX,0.01237650387843086
2025-02-23,MEX,0.013026187253087095
2025-02-24,MEX,0.011223454320820196
2025-02-25,MEX,0.011136528248043318
2025-02-26,MEX,0.011047199206621299
2025-02-27,MEX,0.011244664055954387
2025-02-28,MEX,0.011865901684184162
2025-03-01,MEX,0.012489860590344272
2025-03-02,MEX,0.011077552569077501
2025-03-03,MEX,0.011079696362261984
2025-03-04,MEX,0.011491750964402133
2025-03-05,MEX,0.013351355022667105
2025-03-06,MEX,0.011225661885132772
2025-03-07,MEX,0.013294118775620064
2025-03-08,MEX,0.01102634122082733
2025-03-09,MEX,0.012366957092092295
2025-03-10,MEX,0.011140014066798853
2025-03-11,MEX,0.011289026995597794
2025-03-12,MEX,0.011099397965343488
2025-03-13,MEX,0.011008219164857756
2025-03-14,MEX,0.011208576640058665
2025-03-15,MEX,0.011641065293139281
2025-03-16,MEX,0.011123890297809922
2025-03-17,MEX,0.011752274249366574
2025-03-18,MEX,0.011034565620048042
2025-03-19,MEX,0.011012704447147756
2025-03-20,MEX,0.011548713438927851
2025-03-21,MEX,0.011462670737030242
2025-03-22,MEX,0.011179944534834169
2025-03-23,MEX,0.011053489522014043
2025-03-24,MEX,0.011317405442106293
2025-03-25,MEX,0.010991334516316875
2025-03-26,MEX,0.011016635073013602
2025-03-27,MEX,0.012077811563186658
2025-03-28,MEX,0.011024488753009508
2024-07-01,VEN,0.028557606438949973
2024-07-02,VEN,0.029555135536123156
2024-07-03,VEN,0.02055434765150239
2024-07-04,VEN,0.019431183504506785
2024-07-05,VEN,0.035946997674333264
2024-07-06,VEN,0.025444372797139524
2024-07-07,VEN,0.041618916361782915
2024-07-08,VEN,0.048371048568231774
2024-07-09,VEN,0.022216098368264582
2024-07-10,VEN,0.030045739685599385
2024-07-11,VEN,0.05745350315430132
2024-07-12,VEN,0.030133438501446203
2024-07-13,VEN,0.02747620503671797
2024-07-14,VEN,0.023125498042736822
2024-07-15,VEN,0.01973861498321275
2024-07-16,VEN,0.025613028483039802
2024-07-17,VEN,0.019016471121204432
2024-07-18,VEN,0.019353936866468816
2024-07-19,VEN,0.025190688717381934
2024-07-20,VEN,0.06138354623955111
2024-07-21,VEN,0.02850977860696071
2024-07-22,VEN,0.014570840810784264
2024-07-23,VEN,0.01693145499760802
2024-07-24,VEN,0.01493681556750869
2024-07-25,VEN,0.027712452350204222
2024-07-26,VEN,0.013484624690555853
2024-07-27,VEN,0.014347777426914357
2024-07-28,VEN,0.019620743983437643
2024-07-29,VEN,0.1005891816577539
2024-07-30,VEN,0.06139398777338434
2024-07-31,VEN,0.06712790287343394
2024-08-01,VEN,0.02486994439450229
2024-08-02,VEN,0.02815080065744804
2024-08-03,VEN,0.033151113123367965
2024-08-04,VEN,0.020683343232224694
2024-08-05,VEN,0.018635757887779998
2024-08-06,VEN,0.019791983575360526
2024-08-07,VEN,0.03434969632857651
2024-08-08,VEN,0.022745339985001372
2024-08-09,VEN,0.01981550905373788
2024-08-10,VEN,0.02846584179154776
2024-08-11,VEN,0.020342821857283845
2024-08-12,VEN,0.02212850568144747
2024-08-13,VEN,0.015002085419815308
2024-08-14,VEN,0.015618410015202496
2024-08-15,VEN,0.015016377538996924
2024-08-16,VEN,0.014166008978572618
2024-08-17,VEN,0.012615009656137245
2024-08-18,VEN,0.012485247802137127
2024-08-19,VEN,0.014946271458609151
2024-08-20,VEN,0.012646726082873951
2024-08-21,VEN,0.01495228603304911
2024-08-22,VEN,0.0135793751353547
2024-08-23,VEN,0.027967075676409745
2024-08-24,VEN,0.017675614419720213
2024-08-25,VEN,0.019335078524726212
2024-08-26,VEN,0.036592772981405536
2024-08-27,VEN,0.021308059609180956
2024-08-28,VEN,0.018434334163334024
2024-08-29,VEN,0.03548002243997364
2024-08-30,VEN,0.01574857221174963
2024-08-31,VEN,0.026348358253496375
2024-09-01,VEN,0.015730085091248073
2024-09-02,VEN,0.0128771663850654
2024-09-03,VEN,0.013767913184990953
2024-09-04,VEN,0.012688250688132802
2024-09-05,VEN,0.013746915706814269
2024-09-06,VEN,0.013664661733273636
2024-09-07,VEN,0.012260187269549827
2024-09-08,VEN,0.012820413195257972
2024-09-09,VEN,0.012884221432768031
2024-09-10,VEN,0.011683349115836334
2024-09-11,VEN,0.014409834028714999
2024-09-12,VEN,0.011840558541771599
2024-09-13,VEN,0.012394270431148395
2024-09-14,VEN,0.011394616838780262
2024-09-15,VEN,0.0124648924732437
2024-09-16,VEN,0.012602306932133146
2024-09-17,VEN,0.013122329615834977
2024-09-18,VEN,0.012721548771895299
2024-09-19,VEN,0.016611396736543407
2024-09-20,VEN,0.015635253976706075
2024-09-21,VEN,0.013550743253558897
2024-09-22,VEN,0.02254494743869504
2024-09-23,VEN,0.021750980805071894
2024-09-24,VEN,0.020514178827439465
2024-09-25,VEN,0.020120659489654087
2024-09-26,VEN,0.014964566635726035
2024-09-27,VEN,0.01719815314157069
2024-09-28,VEN,0.020253237147953226
2024-09-29,VEN,0.02206952646049976
2024-09-30,VEN,0.014161844410111132
2024-10-01,VEN,0.016544072771853324
2024-10-02,VEN,0.012646710402622838
2024-10-03,VEN,0.013895803487828666
2024-10-04,VEN,0.014349898950536084
2024-10-05,VEN,0.014959071495934955
2024-10-06,VEN,0.013036936460623628
2024-10-07,VEN,0.015439948600921271
2024-10-08,VEN,0.015237495526673627
2024-10-09,VEN,0.016713243663780346
2024-10-10,VEN,0.013013001327652231
2024-10-11,VEN,0.015894910237021338
2024-10-12,VEN,0.013744834078075327
2024-10-13,VEN,0.013183457159275625
2024-10-14,VEN,0.012370062479254937
2024-10-15,VEN,0.013902926428585361
2024-10-16,VEN,0.037154095623203966
2024-10-17,VEN,0.02245042187676725
2024-10-18,VEN,0.021761062757111264
2024-10-19,VEN,0.02139834004461182
2024-10-20,VEN,0.017669240771178384
2024-10-21,VEN,0.02349651119685754
2024-10-22,VEN,0.0205172314543003
2024-10-23,VEN,0.039489644346721614
2024-10-24,VEN,0.023407881213859144
2024-10-25,VEN,0.032707920387598
2024-10-26,VEN,0.025891475179706837
2024-10-27,VEN,0.021854264320409364
2024-10-28,VEN,0.01660812886894643
2024-10-29,VEN,0.022828308414070617
2024-10-30,VEN,0.03998480249264346
2024-10-31,VEN,0.04141657152301819
2024-11-01,VEN,0.026873823470705233
2024-11-02,VEN,0.026571998920246278
2024-11-03,VEN,0.023931849455082865
2024-11-04,VEN,0.025972492217241815
2024-11-05,VEN,0.01792593659689657
2024-11-06,VEN,0.020237911925472588
2024-11-07,VEN,0.01293758442964354
2024-11-08,VEN,0.013086994145493622
2024-11-09,VEN,0.018950259609197686
2024-11-10,VEN,0.036938519606667504
2024-11-11,VEN,0.02830572120782077
2024-11-12,VEN,0.013130106557541618
2024-11-13,VEN,0.015227087304977831
2024-11-14,VEN,0.015264474995496945
2024-11-15,VEN,0.01813635787557876
2024-11-16,VEN,0.018264944085662985
2024-11-17,VEN,0.015773677734089112
2024-11-18,VEN,0.01267048041198087
2024-11-19,VEN,0.016386239833135124
2024-11-20,VEN,0.014280041383465026
2024-11-21,VEN,0.013717127161333461
2024-11-22,VEN,0.019815320116228354
2024-11-23,VEN,0.01341363716484954
2024-11-24,VEN,0.020106218466621893
2024-11-25,VEN,0.017345865719671248
2024-11-26,VEN,0.022265174337613297
2024-11-27,VEN,0.0167475467096947
2024-11-28,VEN,0.02526515760358893
2024-11-29,VEN,0.034230910492738895
2024-11-30,VEN,0.02375135484561705
2024-12-01,VEN,0.020306845110984646
2024-12-02,VEN,0.04516632129935489
2024-12-03,VEN,0.030093150997926803
2024-12-04,VEN,0.04161607707652581
2024-12-05,VEN,0.027793191561837956
2024-12-06,VEN,0.026363673132866337
2024-12-07,VEN,0.018801933145958103
2024-12-08,VEN,0.020283158709515837
2024-12-09,VEN,0.025880690385959998
2024-12-10,VEN,0.02043228701610778
2024-12-11,VEN,0.020391226545461414
2024-12-12,VEN,0.02281378153763619
2024-12-13,VEN,0.025355020276044915
2024-12-14,VEN,0.020105088027499496
2024-12-15,VEN,0.022150422015665323
2024-12-16,VEN,0.029538427976597913
2024-12-17,VEN,0.01614484877870519
2024-12-18,VEN,0.029539563801424827
2024-12-19,VEN,0.015296792175444501
2024-12-20,VEN,0.016111782975528764
2024-12-21,VEN,0.02563849554271693
2024-12-22,VEN,0.03826611536283821
2024-12-23,VEN,0.017809342316659725
2024-12-24,VEN,0.015833580958145604
2024-12-25,VEN,0.029828113678604485
2024-12-26,VEN,0.029221873539862702
2024-12-27,VEN,0.032318383229872086
2024-12-28,VEN,0.021262815411345448
2024-12-29,VEN,0.024540783417632623
2024-12-30,VEN,0.03420321408860459
2024-12-31,VEN,0.021030907817570187
2025-01-01,VEN,0.02957419942108769
2025-01-02,VEN,0.019155126083770523
2025-01-03,VEN,0.012505829635892888
2025-01-04,VEN,0.01625985606434157
2025-01-05,VEN,0.01645385210040358
2025-01-06,VEN,0.0213261934821454
2025-01-07,VEN,0.027633883059931103
2025-01-08,VEN,0.030240736851485022
2025-01-09,VEN,0.048653529321480586
2025-01-10,VEN,0.05146655126862699
2025-01-11,VEN,0.016378913732363807
2025-01-12,VEN,0.01752004817060615
2025-01-13,VEN,0.02091625934244928
2025-01-14,VEN,0.014671338772576488
2025-01-15,VEN,0.018623829794564006
2025-01-16,VEN,0.014000730210944745
2025-01-17,VEN,0.013016383167866071
2025-01-18,VEN,0.017034618779692347
2025-01-19,VEN,0.026082221389787035
2025-01-20,VEN,0.024602488212361606
2025-01-21,VEN,0.016789255636849923
2025-01-22,VEN,0.016269504875387083
2025-01-23,VEN,0.020418575505029197
2025-01-24,VEN,0.020361186600107717
2025-01-25,VEN,0.02164832370963662
2025-01-26,VEN,0.019264324381762662
2025-01-27,VEN,0.018404689025252198
2025-01-28,VEN,0.017981374974666457
2025-01-29,VEN,0.013234095743697964
2025-01-30,VEN,0.014107219295849151
2025-01-31,VEN,0.013664478168074493
2025-02-01,VEN,0.014248152525657715
2025-02-02,VEN,0.013843186601763873
2025-02-03,VEN,0.01976025842293911
2025-02-04,VEN,0.02000579361227425
2025-02-05,VEN,0.0271055682794848
2025-02-06,VEN,0.015562565941666431
2025-02-07,VEN,0.02395663697503961
2025-02-08,VEN,0.021703650545729227
2025-02-09,VEN,0.02230630189655214
2025-02-10,VEN,0.02520853000074259
2025-02-11,VEN,0.01717243001627776
2025-02-12,VEN,0.02248454760441171
2025-02-13,VEN,0.01700916140865031
2025-02-14,VEN,0.01671306114117811
2025-02-15,VEN,0.016295390192306473
2025-02-16,VEN,0.016430756856494574
2025-02-17,VEN,0.01237847345819861
2025-02-18,VEN,0.012088020951472553
2025-02-19,VEN,0.012311010703272203
2025-02-20,VEN,0.012420864009448281
2025-02-21,VEN,0.012455953411881718
2025-02-22,VEN,0.012319298982196133
2025-02-23,VEN,0.012617584493071725
2025-02-24,VEN,0.020227326229665107
2025-02-25,VEN,0.03209659313395938
2025-02-26,VEN,0.0317187989837896
2025-02-27,VEN,0.020341534069766805
2025-02-28,VEN,0.032206117307868966
2025-03-01,VEN,0.018318446484630116
2025-03-02,VEN,0.029919638123669486
2025-03-03,VEN,0.017349102965626854
2025-03-04,VEN,0.017275494795433152
2025-03-05,VEN,0.019617581917652813
2025-03-06,VEN,0.016419318119240467
2025-03-07,VEN,0.01745018241656914
2025-03-08,VEN,0.02321893635045357
2025-03-09,VEN,0.014131319237281503
2025-03-10,VEN,0.020605490518576828
2025-03-11,VEN,0.014224051547375884
2025-03-12,VEN,0.029287553542620446
2025-03-13,VEN,0.032109563035507396
2025-03-14,VEN,0.03505910083137201
2025-03-15,VEN,0.01945482695627145
2025-03-16,VEN,0.01977060868593477
2025-03-17,VEN,0.02116659843824829
2025-03-18,VEN,0.014828524134640366
2025-03-19,VEN,0.013463986448065148
2025-03-20,VEN,0.01168234028383276
2025-03-21,VEN,0.011646860469043962
2025-03-22,VEN,0.01185005724505027
2025-03-23,VEN,0.011696073475605293
2025-03-24,VEN,0.01191400421130279
2025-03-25,VEN,0.011318830677452978
2025-03-26,VEN,0.0113370742210678
2025-03-27,VEN,0.012860194981974925
2025-03-28,VEN,0.015292865059269084
2024-07-01,ECU,0.011690058223387157
2024-07-02,ECU,0.012244747963510143
2024-07-03,ECU,0.01209100479259969
2024-07-04,ECU,0.01251597691003564
2024-07-05,ECU,0.01227634612017797
2024-07-06,ECU,0.012348193327450541
2024-07-07,ECU,0.011973704978842691
2024-07-08,ECU,0.012117272299362268
2024-07-09,ECU,0.011426929603298832
2024-07-10,ECU,0.011836107258924849
2024-07-11,ECU,0.011757184088204161
2024-07-12,ECU,0.011946478759676691
2024-07-13,ECU,0.012188282950573646
2024-07-14,ECU,0.011467602815423009
2024-07-15,ECU,0.01172040330114202
2024-07-16,ECU,0.012257257996335806
2024-07-17,ECU,0.012219971277715982
2024-07-18,ECU,0.012195793981588486
2024-07-19,ECU,0.011552674787614112
2024-07-20,ECU,0.012159865848891515
2024-07-21,ECU,0.015575627567169945
2024-07-22,ECU,0.012393122592143965
2024-07-23,ECU,0.012009172486401237
2024-07-24,ECU,0.012055201028409773
2024-07-25,ECU,0.015469603803002179
2024-07-26,ECU,0.01172707076495458
2024-07-27,ECU,0.01196167363902729
2024-07-28,ECU,0.013398336742491183
2024-07-29,ECU,0.012269839401982195
2024-07-30,ECU,0.012039042070096826
2024-07-31,ECU,0.011659662638768381
2024-08-01,ECU,0.012183239309543261
2024-08-02,ECU,0.01227370203912873
2024-08-03,ECU,0.01262882298205912
2024-08-04,ECU,0.012394581597136356
2024-08-05,ECU,0.011993237230560668
2024-08-06,ECU,0.016658042550294728
2024-08-07,ECU,0.014549526230403785
2024-08-08,ECU,0.012019737200017522
2024-08-09,ECU,0.01137220962910945
2024-08-10,ECU,0.011525296767583368
2024-08-11,ECU,0.011512923585846845
2024-08-12,ECU,0.01171651373556738
2024-08-13,ECU,0.013405216576485773
2024-08-14,ECU,0.01239562738500132
2024-08-15,ECU,0.01401209349974241
2024-08-16,ECU,0.01209998271477247
2024-08-17,ECU,0.012410342399066476
2024-08-18,ECU,0.012784999760930048
2024-08-19,ECU,0.013660688158776206
2024-08-20,ECU,0.011860515806507543
2024-08-21,ECU,0.012673885767422474
2024-08-22,ECU,0.011814456587189479
2024-08-23,ECU,0.011282868650062387
2024-08-24,ECU,0.012824285367297062
2024-08-25,ECU,0.013914467043969508
2024-08-26,ECU,0.01148520805715096
2024-08-27,ECU,0.011721488383578161
2024-08-28,ECU,0.01141856193833792
2024-08-29,ECU,0.011673960419877462
2024-08-30,ECU,0.011467325737984627
2024-08-31,ECU,0.011453275130228698
2024-09-01,ECU,0.011432993780234066
2024-09-02,ECU,0.011313268288310694
2024-09-03,ECU,0.011320629964469777
2024-09-04,ECU,0.01176247039798874
2024-09-05,ECU,0.01145683869769634
2024-09-06,ECU,0.01140967557576865
2024-09-07,ECU,0.012559993132280272
2024-09-08,ECU,0.012101740397260929
2024-09-09,ECU,0.011857969058962643
2024-09-10,ECU,0.011286295704409515
2024-09-11,ECU,0.011738341733801493
2024-09-12,ECU,0.011349578730367571
2024-09-13,ECU,0.011583188082162611
2024-09-14,ECU,0.011403293025226195
2024-09-15,ECU,0.01144245455202594
2024-09-16,ECU,0.011464840724438667
2024-09-17,ECU,0.012296834069184848
2024-09-18,ECU,0.011758982726038265
2024-09-19,ECU,0.013363734846309702
2024-09-20,ECU,0.01175019165549613
2024-09-21,ECU,0.011942836142005217
2024-09-22,ECU,0.012422958445215104
2024-09-23,ECU,0.012058681976208154
2024-09-24,ECU,0.011990529580577627
2024-09-25,ECU,0.012267028466434828
2024-09-26,ECU,0.013460902187324923
2024-09-27,ECU,0.011814684872845465
2024-09-28,ECU,0.011509017394900435
2024-09-29,ECU,0.011287646515541257
2024-09-30,ECU,0.011470927331583895
2024-10-01,ECU,0.011206085339338015
2024-10-02,ECU,0.011135745112119202
2024-10-03,ECU,0.012422568495807541
2024-10-04,ECU,0.011473399414835942
2024-10-05,ECU,0.012019981528625304
2024-10-06,ECU,0.014399109394583517
2024-10-07,ECU,0.013024268163938434
2024-10-08,ECU,0.012335729601310862
2024-10-09,ECU,0.011890859104587662
2024-10-10,ECU,0.01148102499503896
2024-10-11,ECU,0.011843729101781221
2024-10-12,ECU,0.011417057679454045
2024-10-13,ECU,0.011601388515166592
2024-10-14,ECU,0.011558704584637805
2024-10-15,ECU,0.011239384496020655
2024-10-16,ECU,0.01122944921765567
2024-10-17,ECU,0.01148253440652379
2024-10-18,ECU,0.011664142399213241
2024-10-19,ECU,0.011189829362766896
2024-10-20,ECU,0.011091233338237213
2024-10-21,ECU,0.011184421493745789
2024-10-22,ECU,0.011516683741232152
2024-10-23,ECU,0.011978259481643074
2024-10-24,ECU,0.011814558817015753
2024-10-25,ECU,0.01184226606813879
2024-10-26,ECU,0.012640423429441983
2024-10-27,ECU,0.011903727220700431
2024-10-28,ECU,0.011769290871325503
2024-10-29,ECU,0.011422286230767653
2024-10-30,ECU,0.012523617939956813
2024-10-31,ECU,0.012285024282341945
2024-11-01,ECU,0.011598204024850187
2024-11-02,ECU,0.011272872778569436
2024-11-03,ECU,0.01146917076716005
2024-11-04,ECU,0.011493375526129368
2024-11-05,ECU,0.012280905344007803
2024-11-06,ECU,0.01249276330358412
2024-11-07,ECU,0.011620875843950279
2024-11-08,ECU,0.01130302925017124
2024-11-09,ECU,0.01116427390311112
2024-11-10,ECU,0.01117560998480891
2024-11-11,ECU,0.01112592905801255
2024-11-12,ECU,0.011127703261189498
2024-11-13,ECU,0.01333054292266746
2024-11-14,ECU,0.011752275036853546
2024-11-15,ECU,0.011542421707184131
2024-11-16,ECU,0.01112319166705006
2024-11-17,ECU,0.011129960667033574
2024-11-18,ECU,0.011161086148893686
2024-11-19,ECU,0.011108792966153594
2024-11-20,ECU,0.01159018781620896
2024-11-21,ECU,0.011562804039987344
2024-11-22,ECU,0.012066747418260679
2024-11-23,ECU,0.011886032740209223
2024-11-24,ECU,0.013241660595214148
2024-11-25,ECU,0.012276847340013646
2024-11-26,ECU,0.011512790230546438
2024-11-27,ECU,0.012576770904404752
2024-11-28,ECU,0.012629122510839377
2024-11-29,ECU,0.011441062534288712
2024-11-30,ECU,0.01509067622888791
2024-12-01,ECU,0.01508458621280758
2024-12-02,ECU,0.0117973447024041
2024-12-03,ECU,0.011846821305073654
2024-12-04,ECU,0.012319458583214767
2024-12-05,ECU,0.013582426467447771
2024-12-06,ECU,0.011638500661515087
2024-12-07,ECU,0.011230027406599037
2024-12-08,ECU,0.011732884694346515
2024-12-09,ECU,0.011656552019468865
2024-12-10,ECU,0.011622154079152253
2024-12-11,ECU,0.011245888662993283
2024-12-12,ECU,0.011530903541950742
2024-12-13,ECU,0.01145388298063376
2024-12-14,ECU,0.011532488959113872
2024-12-15,ECU,0.011770012965372001
2024-12-16,ECU,0.01174099523216323
2024-12-17,ECU,0.011848224815709412
2024-12-18,ECU,0.011606496124654949
2024-12-19,ECU,0.012012425393162555
2024-12-20,ECU,0.011228825406844669
2024-12-21,ECU,0.011157126794872768
2024-12-22,ECU,0.011367207866607078
2024-12-23,ECU,0.01141145609582432
2024-12-24,ECU,0.011233159594055759
2024-12-25,ECU,0.014982834638318579
2024-12-26,ECU,0.012521757409687879
2024-12-27,ECU,0.011307386448240338
2024-12-28,ECU,0.01219032055953939
2024-12-29,ECU,0.011385080215204261
2024-12-30,ECU,0.011327336604041737
2024-12-31,ECU,0.011642297071636247
2025-01-01,ECU,0.011508230703246641
2025-01-02,ECU,0.011701749581846691
2025-01-03,ECU,0.011441756134727758
2025-01-04,ECU,0.011683621042147907
2025-01-05,ECU,0.011769776649202436
2025-01-06,ECU,0.01163370849134443
2025-01-07,ECU,0.011696603455216179
2025-01-08,ECU,0.011985946500611943
2025-01-09,ECU,0.014140882572873078
2025-01-10,ECU,0.014338527895429358
2025-01-11,ECU,0.014136749484562514
2025-01-12,ECU,0.021247345443053782
2025-01-13,ECU,0.014858567091283274
2025-01-14,ECU,0.013650632645123426
2025-01-15,ECU,0.011916033273050798
2025-01-16,ECU,0.012620490946600317
2025-01-17,ECU,0.011823882108364192
2025-01-18,ECU,0.015488501165409577
2025-01-19,ECU,0.011794624773137632
2025-01-20,ECU,0.014654219341654085
2025-01-21,ECU,0.012070821875770828
2025-01-22,ECU,0.013089839833459502
2025-01-23,ECU,0.011634276815605284
2025-01-24,ECU,0.011404173755392141
2025-01-25,ECU,0.011851568325878477
2025-01-26,ECU,0.011571741436943736
2025-01-27,ECU,0.011523699476246974
2025-01-28,ECU,0.01228232478706668
2025-01-29,ECU,0.011724691456847796
2025-01-30,ECU,0.014845526439558951
2025-01-31,ECU,0.011364954990236483
2025-02-01,ECU,0.011463090974886684
2025-02-02,ECU,0.012162138007284752
2025-02-03,ECU,0.012127530244354394
2025-02-04,ECU,0.012174881053663078
2025-02-05,ECU,0.013144785396127004
2025-02-06,ECU,0.01805984135441605
2025-02-07,ECU,0.011199716915901705
2025-02-08,ECU,0.011829339717298807
2025-02-09,ECU,0.011485099722874495
2025-02-10,ECU,0.011487533685971935
2025-02-11,ECU,0.011526443330341836
2025-02-12,ECU,0.011616347211308432
2025-02-13,ECU,0.01157713532274185
2025-02-14,ECU,0.012070894884913818
2025-02-15,ECU,0.011456864648151703
2025-02-16,ECU,0.012507811534888339
2025-02-17,ECU,0.015098754574394324
2025-02-18,ECU,0.011993242047365753
2025-02-19,ECU,0.014359080469142664
2025-02-20,ECU,0.013312495915323635
2025-02-21,ECU,0.011916642902419469
2025-02-22,ECU,0.011715989592528439
2025-02-23,ECU,0.011575775376411883
2025-02-24,ECU,0.011113516396402108
2025-02-25,ECU,0.01131845902702252
2025-02-26,ECU,0.01124753339356998
2025-02-27,ECU,0.0111932950058454
2025-02-28,ECU,0.0130972740293186
2025-03-01,ECU,0.011413427211248854
2025-03-02,ECU,0.01159013511931633
2025-03-03,ECU,0.011951267444176522
2025-03-04,ECU,0.015284061666551474
2025-03-05,ECU,0.012863329554303988
2025-03-06,ECU,0.014152529764717255
2025-03-07,ECU,0.020248357759349994
2025-03-08,ECU,0.015226349099797346
2025-03-09,ECU,0.014964960244650528
2025-03-10,ECU,0.011540908034056413
2025-03-11,ECU,0.013643773606072425
2025-03-12,ECU,0.01637503192250526
2025-03-13,ECU,0.012210863408969288
2025-03-14,ECU,0.013902298947444712
2025-03-15,ECU,0.01211054063757374
2025-03-16,ECU,0.013752237496717
2025-03-17,ECU,0.011883038185799078
2025-03-18,ECU,0.01127596579507489
2025-03-19,ECU,0.01115800943655129
2025-03-20,ECU,0.011594207710667548
2025-03-21,ECU,0.011204294384868972
2025-03-22,ECU,0.011657134122774268
2025-03-23,ECU,0.011691118722284084
2025-03-24,ECU,0.011541343501503194
2025-03-25,ECU,0.011930280048402969
2025-03-26,ECU,0.013418050915597002
2025-03-27,ECU,0.011594314882440516
2025-03-28,ECU,0.011937301300661948
2024-07-01,HND,0.011350574618457258
2024-07-02,HND,0.012501183083049688
2024-07-03,HND,0.01210215487781597
2024-07-04,HND,0.01223330650336053
2024-07-05,HND,0.013025784868146774
2024-07-06,HND,0.0119680783081581
2024-07-07,HND,0.012019784367835162
2024-07-08,HND,0.012196478301854144
2024-07-09,HND,0.013788737743195676
2024-07-10,HND,0.011672128773663738
2024-07-11,HND,0.014781290457434083
2024-07-12,HND,0.013943365502777614
2024-07-13,HND,0.012415001192443181
2024-07-14,HND,0.015613055950460645
2024-07-15,HND,0.012123078520317184
2024-07-16,HND,0.01735763214996226
2024-07-17,HND,0.015355653975515934
2024-07-18,HND,0.013365102324055547
2024-07-19,HND,0.020577940927538892
2024-07-20,HND,0.015231947829100883
2024-07-21,HND,0.01322009176806774
2024-07-22,HND,0.01506639649593283
2024-07-23,HND,0.012327081955364135
2024-07-24,HND,0.011901741995448375
2024-07-25,HND,0.019877467214170618
2024-07-26,HND,0.0141931770940279
2024-07-27,HND,0.013452319421151845
2024-07-28,HND,0.012777690609700581
2024-07-29,HND,0.013023712589158081
2024-07-30,HND,0.011801195704726946
2024-07-31,HND,0.012791518455414945
2024-08-01,HND,0.012863183704999765
2024-08-02,HND,0.011874953588420785
2024-08-03,HND,0.013033600774276658
2024-08-04,HND,0.012511302316941227
2024-08-05,HND,0.012333245810252793
2024-08-06,HND,0.011798662033757496
2024-08-07,HND,0.01223335988148008
2024-08-08,HND,0.014015847120072835
2024-08-09,HND,0.012463730827414655
2024-08-10,HND,0.01341096214661267
2024-08-11,HND,0.012561479981209775
2024-08-12,HND,0.020359853522602306
2024-08-13,HND,0.01092638984070164
2024-08-14,HND,0.012163957471380608
2024-08-15,HND,0.011895882392172824
2024-08-16,HND,0.011545389974771685
2024-08-17,HND,0.011746895684535292
2024-08-18,HND,0.012237622156609297
2024-08-19,HND,0.011477005513114515
2024-08-20,HND,0.011430730503787173
2024-08-21,HND,0.011824767663183872
2024-08-22,HND,0.01186410467421926
2024-08-23,HND,0.014520944247823301
2024-08-24,HND,0.011140079683466801
2024-08-25,HND,0.011352579988136746
2024-08-26,HND,0.011768773086709783
2024-08-27,HND,0.011757996383466555
2024-08-28,HND,0.012120137635582397
2024-08-29,HND,0.012759255351763591
2024-08-30,HND,0.012316313247758916
2024-08-31,HND,0.012987493817664304
2024-09-01,HND,0.011890742108367389
2024-09-02,HND,0.013188766892314591
2024-09-03,HND,0.011723008574960654
2024-09-04,HND,0.011758528003984567
2024-09-05,HND,0.011850360003444051
2024-09-06,HND,0.011192305339493351
2024-09-07,HND,0.011492104515893272
2024-09-08,HND,0.011700645369063964
2024-09-09,HND,0.011603567739099669
2024-09-10,HND,0.011845050771835909
2024-09-11,HND,0.013619890935721374
2024-09-12,HND,0.015375327203137282
2024-09-13,HND,0.012591137033723363
2024-09-14,HND,0.013833622267322003
2024-09-15,HND,0.014924043991405237
2024-09-16,HND,0.012041113955658897
2024-09-17,HND,0.015566923940444033
2024-09-18,HND,0.012042091758103349
2024-09-19,HND,0.012627401320777084
2024-09-20,HND,0.012106807445833515
2024-09-21,HND,0.01112323001972546
2024-09-22,HND,0.011964191111546148
2024-09-23,HND,0.011399693040208589
2024-09-24,HND,0.012231845594820703
2024-09-25,HND,0.011615827222018902
2024-09-26,HND,0.01219912505338598
2024-09-27,HND,0.011150766890705124
2024-09-28,HND,0.012012383362708327
2024-09-29,HND,0.012428482038520296
2024-09-30,HND,0.012405887586903044
2024-10-01,HND,0.013393868273332462
2024-10-02,HND,0.013360908576812734
2024-10-03,HND,0.013836207259661039
2024-10-04,HND,0.014569055482598969
2024-10-05,HND,0.013315496567058629
2024-10-06,HND,0.011822320250978806
2024-10-07,HND,0.011432861455338143
2024-10-08,HND,0.011498927082163466
2024-10-09,HND,0.015502050239312656
2024-10-10,HND,0.015600992764633167
2024-10-11,HND,0.011639056324643385
2024-10-12,HND,0.01132984355016523
2024-10-13,HND,0.020669895656769775
2024-10-14,HND,0.014096825277483783
2024-10-15,HND,0.011524069854114274
2024-10-16,HND,0.011304019283999578
2024-10-17,HND,0.013638280579890132
2024-10-18,HND,0.011228853167815897
2024-10-19,HND,0.011120065643213523
2024-10-20,HND,0.011559061389101677
2024-10-21,HND,0.011268090244631553
2024-10-22,HND,0.011270255003922171
2024-10-23,HND,0.011059696489931308
2024-10-24,HND,0.01290324661071437
2024-10-25,HND,0.011342401048165321
2024-10-26,HND,0.011308174494159965
2024-10-27,HND,0.011302781727974697
2024-10-28,HND,0.011258157655169954
2024-10-29,HND,0.011890347073545325
2024-10-30,HND,0.011447317477224212
2024-10-31,HND,0.011626770953177299
2024-11-01,HND,0.01182470558738952
2024-11-02,HND,0.012107174969198798
2024-11-03,HND,0.011336176663520653
2024-11-04,HND,0.012097339027546268
2024-11-05,HND,0.01127409056026128
2024-11-06,HND,0.011077264224476094
2024-11-07,HND,0.011412753718351166
2024-11-08,HND,0.011115662468852195
2024-11-09,HND,0.013076440861295092
2024-11-10,HND,0.011715923245197097
2024-11-11,HND,0.012112139269717116
2024-11-12,HND,0.011559284577135023
2024-11-13,HND,0.011159620508200966
2024-11-14,HND,0.011190199820350195
2024-11-15,HND,0.0110477832209451
2024-11-16,HND,0.011265472022294332
2024-11-17,HND,0.011089822224046954
2024-11-18,HND,0.011294419314876378
2024-11-19,HND,0.011257350738151843
2024-11-20,HND,0.013328977450277741
2024-11-21,HND,0.01320458671928505
2024-11-22,HND,0.011556709627686719
2024-11-23,HND,0.011028920202533744
2024-11-24,HND,0.011345576289216485
2024-11-25,HND,0.011957934783639464
2024-11-26,HND,0.011206351749059838
2024-11-27,HND,0.011096762160034053
2024-11-28,HND,0.011304551739295655
2024-11-29,HND,0.011510486243728055
2024-11-30,HND,0.01186686795581303
2024-12-01,HND,0.012006856986278762
2024-12-02,HND,0.011557736419737704
2024-12-03,HND,0.012260609800960274
2024-12-04,HND,0.011287696559046219
2024-12-05,HND,0.011538064613596298
2024-12-06,HND,0.011433318247431368
2024-12-07,HND,0.011430135535514956
2024-12-08,HND,0.011165441366329765
2024-12-09,HND,0.012387198278327703
2024-12-10,HND,0.011671460990553011
2024-12-11,HND,0.01152168183659025
2024-12-12,HND,0.011568964143219791
2024-12-13,HND,0.011671303280685153
2024-12-14,HND,0.012681360737204545
2024-12-15,HND,0.011816955278924134
2024-12-16,HND,0.011737460562754586
2024-12-17,HND,0.015677873663561794
2024-12-18,HND,0.01321951719114244
2024-12-19,HND,0.015394934456401513
2024-12-20,HND,0.011813042595255481
2024-12-21,HND,0.013274472709824315
2024-12-22,HND,0.01518776921427581
2024-12-23,HND,0.01582312509644598
2024-12-24,HND,0.015574209111461127
2024-12-25,HND,0.011938477346555286
2024-12-26,HND,0.012525277144309595
2024-12-27,HND,0.01199657136430907
2024-12-28,HND,0.011696840750853643
2024-12-29,HND,0.01189701657918667
2024-12-30,HND,0.01189262455781903
2024-12-31,HND,0.011238461803586314
2025-01-01,HND,0.011111452161428195
2025-01-02,HND,0.013502619166485591
2025-01-03,HND,0.011373592400384882
2025-01-04,HND,0.011609362637540796
2025-01-05,HND,0.01172758672463833
2025-01-06,HND,0.01136583669363263
2025-01-07,HND,0.012094327645946501
2025-01-08,HND,0.012010556708399749
2025-01-09,HND,0.011907206551954954
2025-01-10,HND,0.011418525318015637
2025-01-11,HND,0.011993465186211237
2025-01-12,HND,0.01179381328912366
2025-01-13,HND,0.01141587861482274
2025-01-14,HND,0.011146028320924919
2025-01-15,HND,0.011518720373538353
2025-01-16,HND,0.011538786187891725
2025-01-17,HND,0.011744091109165165
2025-01-18,HND,0.01148756749095847
2025-01-19,HND,0.011591503594800009
2025-01-20,HND,0.012877567332449807
2025-01-21,HND,0.013385691241114057
2025-01-22,HND,0.01306935681455117
2025-01-23,HND,0.012415992279362438
2025-01-24,HND,0.015362907627879568
2025-01-25,HND,0.012155891235427155
2025-01-26,HND,0.01342253358123796
2025-01-27,HND,0.01309578926576202
2025-01-28,HND,0.012194480445255318
2025-01-29,HND,0.011847493916167509
2025-01-30,HND,0.012946136250622478
2025-01-31,HND,0.011175641258775713
2025-02-01,HND,0.012503168769053927
2025-02-02,HND,0.011439174264462742
2025-02-03,HND,0.011674583123482369
2025-02-04,HND,0.011370350699320433
2025-02-05,HND,0.012210930831215997
2025-02-06,HND,0.01136159352220416
2025-02-07,HND,0.011486215808977896
2025-02-08,HND,0.011803344864476137
2025-02-09,HND,0.01136889024539204
2025-02-10,HND,0.01105830772900924
2025-02-11,HND,0.01096111746884182
2025-02-12,HND,0.011045879961217395
2025-02-13,HND,0.011030328975654717
2025-02-14,HND,0.011839718510237851
2025-02-15,HND,0.011427237327213334
2025-02-16,HND,0.010996879287563155
2025-02-17,HND,0.012654404613752961
2025-02-18,HND,0.011520292424823574
2025-02-19,HND,0.01138343944740197
2025-02-20,HND,0.013856483160530897
2025-02-21,HND,0.01335157535431681
2025-02-22,HND,0.016488114983575015
2025-02-23,HND,0.013301218674759578
2025-02-24,HND,0.013189768706150878
2025-02-25,HND,0.013561477966175574
2025-02-26,HND,0.012286958538741264
2025-02-27,HND,0.01714212890559984
2025-02-28,HND,0.02220172954731776
2025-03-01,HND,0.011600307302293394
2025-03-02,HND,0.011329249866396026
2025-03-03,HND,0.01334134608725493
2025-03-04,HND,0.011791099933260383
2025-03-05,HND,0.013326229215898685
2025-03-06,HND,0.012235789400899057
2025-03-07,HND,0.014094445967528471
2025-03-08,HND,0.011666548006950571
2025-03-09,HND,0.011433632192866416
2025-03-10,HND,0.011545354122876923
2025-03-11,HND,0.013467527851574826
2025-03-12,HND,0.011462130105436917
2025-03-13,HND,0.01179939582594632
2025-03-14,HND,0.010987543872581043
2025-03-15,HND,0.011521593741852023
2025-03-16,HND,0.011726422389804531
2025-03-17,HND,0.012551502241355907
2025-03-18,HND,0.011587698854884034
2025-03-19,HND,0.011899781493815792
2025-03-20,HND,0.012216095583729105
2025-03-21,HND,0.013139219142875495
2025-03-22,HND,0.012205509755220332
2025-03-23,HND,0.011647585670489152
2025-03-24,HND,0.011962621744852808
2025-03-25,HND,0.011462512534336911
2025-03-26,HND,0.011120371188848628
2025-03-27,HND,0.012941512899589823
2025-03-28,HND,0.012006640128305185
2024-07-01,GTM,0.018843093415523742
2024-07-02,GTM,0.046951794102905016
2024-07-03,GTM,0.025710104526761538
2024-07-04,GTM,0.014026361269739336
2024-07-05,GTM,0.015299025928828406
2024-07-06,GTM,0.027351707899082096
2024-07-07,GTM,0.03147437755281563
2024-07-08,GTM,0.018257644773655476
2024-07-09,GTM,0.018620387651223605
2024-07-10,GTM,0.019142569812263
2024-07-11,GTM,0.023128630090354697
2024-07-12,GTM,0.02565440747950354
2024-07-13,GTM,0.017729196403153877
2024-07-14,GTM,0.015093295412335119
2024-07-15,GTM,0.01625179150023879
2024-07-16,GTM,0.017636340442956797
2024-07-17,GTM,0.035391804009857655
2024-07-18,GTM,0.03171686667559756
2024-07-19,GTM,0.02524600881894536
2024-07-20,GTM,0.024730879582155512
2024-07-21,GTM,0.02346555379928522
2024-07-22,GTM,0.020735159015473795
2024-07-23,GTM,0.05347569387787752
2024-07-24,GTM,0.01618388474006485
2024-07-25,GTM,0.03929959398041342
2024-07-26,GTM,0.0183534300935243
2024-07-27,GTM,0.023062238502924243
2024-07-28,GTM,0.017620622623045975
2024-07-29,GTM,0.014776256906652806
2024-07-30,GTM,0.014346565607680727
2024-07-31,GTM,0.016423818270852833
2024-08-01,GTM,0.017347077864380618
2024-08-02,GTM,0.01640602218423094
2024-08-03,GTM,0.022524298946128174
2024-08-04,GTM,0.062038880326163136
2024-08-05,GTM,0.11425858127433267
2024-08-06,GTM,0.04937836091977399
2024-08-07,GTM,0.02639237808294544
2024-08-08,GTM,0.03894814746009973
2024-08-09,GTM,0.023895102391553527
2024-08-10,GTM,0.02587827713104096
2024-08-11,GTM,0.03541529563830006
2024-08-12,GTM,0.024115149935541563
2024-08-13,GTM,0.021356011144129165
2024-08-14,GTM,0.06987140806058428
2024-08-15,GTM,0.07045790380610503
2024-08-16,GTM,0.05825439163360372
2024-08-17,GTM,0.05736929345017291
2024-08-18,GTM,0.08537212114894459
2024-08-19,GTM,0.07006455775327526
2024-08-20,GTM,0.137742329116285
2024-08-21,GTM,0.10624186282066757
2024-08-22,GTM,0.15663906752171586
2024-08-23,GTM,0.06594907703056567
2024-08-24,GTM,0.2048076852780279
2024-08-25,GTM,0.11738002612147044
2024-08-26,GTM,0.09228947526236948
2024-08-27,GTM,0.039877388382925226
2024-08-28,GTM,0.03282423406811135
2024-08-29,GTM,0.02788993400576771
2024-08-30,GTM,0.0180049752278665
2024-08-31,GTM,0.013264876630986603
2024-09-01,GTM,0.014066744008431274
2024-09-02,GTM,0.01241113009008793
2024-09-03,GTM,0.014303799063171217
2024-09-04,GTM,0.015136838912530662
2024-09-05,GTM,0.019802827269010906
2024-09-06,GTM,0.014443443513232757
2024-09-07,GTM,0.021042196370049622
2024-09-08,GTM,0.021007646194973785
2024-09-09,GTM,0.030302442220145814
2024-09-10,GTM,0.02274572887607881
2024-09-11,GTM,0.020035845482105057
2024-09-12,GTM,0.02630320991980661
2024-09-13,GTM,0.023373244062634198
2024-09-14,GTM,0.01643727963375531
2024-09-15,GTM,0.017668265018959486
2024-09-16,GTM,0.019397578926470864
2024-09-17,GTM,0.026772231064004046
2024-09-18,GTM,0.018783389347835664
2024-09-19,GTM,0.017505922889298132
2024-09-20,GTM,0.01565936994797382
2024-09-21,GTM,0.025625447262054502
2024-09-22,GTM,0.026990338046463353
2024-09-23,GTM,0.024557799110073004
2024-09-24,GTM,0.04653043017158553
2024-09-25,GTM,0.056591594706758085
2024-09-26,GTM,0.03754419136555118
2024-09-27,GTM,0.025990378544016663
2024-09-28,GTM,0.012437651477504304
2024-09-29,GTM,0.01554445318917049
2024-09-30,GTM,0.01575087975830025
2024-10-01,GTM,0.012589921640851046
2024-10-02,GTM,0.012166373690554755
2024-10-03,GTM,0.01544728856240527
2024-10-04,GTM,0.01232384309021972
2024-10-05,GTM,0.012110578123489276
2024-10-06,GTM,0.012678484602117868
2024-10-07,GTM,0.012236933341547946
2024-10-08,GTM,0.012093642889865811
2024-10-09,GTM,0.015623854705677249
2024-10-10,GTM,0.011934572364508067
2024-10-11,GTM,0.012875498181905518
2024-10-12,GTM,0.013117187050930745
2024-10-13,GTM,0.012018269487735706
2024-10-14,GTM,0.011514267227722426
2024-10-15,GTM,0.01243923763296435
2024-10-16,GTM,0.013046705264305626
2024-10-17,GTM,0.014672993595751008
2024-10-18,GTM,0.012623060731463685
2024-10-19,GTM,0.013577492099022067
2024-10-20,GTM,0.013971557438186236
2024-10-21,GTM,0.013557392755534772
2024-10-22,GTM,0.012651695074285924
2024-10-23,GTM,0.011618728245650172
2024-10-24,GTM,0.011751205748336251
2024-10-25,GTM,0.015437647159911687
2024-10-26,GTM,0.01223515810392801
2024-10-27,GTM,0.013156532499249557
2024-10-28,GTM,0.012258923070422248
2024-10-29,GTM,0.012528872343736166
2024-10-30,GTM,0.013963539783114279
2024-10-31,GTM,0.01899701873148545
2024-11-01,GTM,0.015739378441978317
2024-11-02,GTM,0.02119202040278842
2024-11-03,GTM,0.017550306379830308
2024-11-04,GTM,0.018699750073531467
2024-11-05,GTM,0.015433714505218006
2024-11-06,GTM,0.01701925720414445
2024-11-07,GTM,0.012388546180634306
2024-11-08,GTM,0.012896576109213607
2024-11-09,GTM,0.012876799639084474
2024-11-10,GTM,0.015568233490115537
2024-11-11,GTM,0.013130991788547075
2024-11-12,GTM,0.01277767847715621
2024-11-13,GTM,0.013634984963972011
2024-11-14,GTM,0.01638752050939981
2024-11-15,GTM,0.012836541410733562
2024-11-16,GTM,0.01405751424417628
2024-11-17,GTM,0.01458367979786222
2024-11-18,GTM,0.015327210891157152
2024-11-19,GTM,0.016437924046721165
2024-11-20,GTM,0.016575761052654868
2024-11-21,GTM,0.013077707449176985
2024-11-22,GTM,0.013983531101083805
2024-11-23,GTM,0.012519218215728767
2024-11-24,GTM,0.013360122469051263
2024-11-25,GTM,0.01723968234894604
2024-11-26,GTM,0.014009667818559748
2024-11-27,GTM,0.012370495501613905
2024-11-28,GTM,0.08885152312422917
2024-11-29,GTM,0.028768620826348946
2024-11-30,GTM,0.021606734561240633
2024-12-01,GTM,0.01707908893669276
2024-12-02,GTM,0.014284309434143027
2024-12-03,GTM,0.016175642242239927
2024-12-04,GTM,0.014649087465902868
2024-12-05,GTM,0.016995512278529506
2024-12-06,GTM,0.016494600274261514
2024-12-07,GTM,0.01329107795995517
2024-12-08,GTM,0.02244103728875993
2024-12-09,GTM,0.0442301115795595
2024-12-10,GTM,0.035455444281494906
2024-12-11,GTM,0.021492572639195597
2024-12-12,GTM,0.020110161768447023
2024-12-13,GTM,0.024298387539641603
2024-12-14,GTM,0.013601946380966108
2024-12-15,GTM,0.014491088840377114
2024-12-16,GTM,0.016054393075962348
2024-12-17,GTM,0.023439804539898527
2024-12-18,GTM,0.03262373274348882
2024-12-19,GTM,0.030075784575499524
2024-12-20,GTM,0.01633101528705384
2024-12-21,GTM,0.023056234784028486
2024-12-22,GTM,0.03160531459716084
2024-12-23,GTM,0.056179997241316386
2024-12-24,GTM,0.01578743857615171
2024-12-25,GTM,0.014937158691119326
2024-12-26,GTM,0.015002199116158774
2024-12-27,GTM,0.01919148530474424
2024-12-28,GTM,0.018598340409234124
2024-12-29,GTM,0.01442097612395425
2024-12-30,GTM,0.01693731664387505
2024-12-31,GTM,0.014518367484289205
2025-01-01,GTM,0.01841604306801397
2025-01-02,GTM,0.036826865764658004
2025-01-03,GTM,0.017269481615065925
2025-01-04,GTM,0.05443069196503408
2025-01-05,GTM,0.07740452992130022
2025-01-06,GTM,0.021758638344311763
2025-01-07,GTM,0.07881403657058762
2025-01-08,GTM,0.029218807921855154
2025-01-09,GTM,0.09114357816552383
2025-01-10,GTM,0.04848660681958164
2025-01-11,GTM,0.019667587095256536
2025-01-12,GTM,0.022342864661393957
2025-01-13,GTM,0.023774919455918718
2025-01-14,GTM,0.01536338758669074
2025-01-15,GTM,0.01618204369626533
2025-01-16,GTM,0.018036645033028504
2025-01-17,GTM,0.019949372855253306
2025-01-18,GTM,0.024309286602217685
2025-01-19,GTM,0.0198816428141087
2025-01-20,GTM,0.019433600972362693
2025-01-21,GTM,0.02018342307855922
2025-01-22,GTM,0.023247312105809267
2025-01-23,GTM,0.025769141272359363
2025-01-24,GTM,0.017531484001598097
2025-01-25,GTM,0.019453775559620672
2025-01-26,GTM,0.021817901275239453
2025-01-27,GTM,0.05076289405293014
2025-01-28,GTM,0.04570698949623333
2025-01-29,GTM,0.021387763445501914
2025-01-30,GTM,0.07190263552715388
2025-01-31,GTM,0.04879546357913557
2025-02-01,GTM,0.02479234028224843
2025-02-02,GTM,0.029033113803354892
2025-02-03,GTM,0.02775380910750409
2025-02-04,GTM,0.014189179448814438
2025-02-05,GTM,0.018764493598742774
2025-02-06,GTM,0.015407044480738463
2025-02-07,GTM,0.014755097664924319
2025-02-08,GTM,0.02751886230669337
2025-02-09,GTM,0.016622250190808808
2025-02-10,GTM,0.04523599614576818
2025-02-11,GTM,0.019549904958145268
2025-02-12,GTM,0.05001200114019861
2025-02-13,GTM,0.04888123123614117
2025-02-14,GTM,0.139136594882629
2025-02-15,GTM,0.02447452384880861
2025-02-16,GTM,0.021860787320290426
2025-02-17,GTM,0.031187079287351215
2025-02-18,GTM,0.04640642139862774
2025-02-19,GTM,0.017706183796241885
2025-02-20,GTM,0.014465745049243481
2025-02-21,GTM,0.01715010370198152
2025-02-22,GTM,0.01233802840656136
2025-02-23,GTM,0.014151238167101758
2025-02-24,GTM,0.014798195053292417
2025-02-25,GTM,0.016892808002648176
2025-02-26,GTM,0.024829261844055515
2025-02-27,GTM,0.028875445125487623
2025-02-28,GTM,0.03445515111356451
2025-03-01,GTM,0.01724899462681809
2025-03-02,GTM,0.08644879898398607
2025-03-03,GTM,0.13539534634465425
2025-03-04,GTM,0.08724269360363113
2025-03-05,GTM,0.033710506293150075
2025-03-06,GTM,0.013686193373647624
2025-03-07,GTM,0.01554727338391083
2025-03-08,GTM,0.023925912422011517
2025-03-09,GTM,0.024185585227304365
2025-03-10,GTM,0.014225424414519957
2025-03-11,GTM,0.01766184497264815
2025-03-12,GTM,0.018226750371566493
2025-03-13,GTM,0.0196233139678348
2025-03-14,GTM,0.013342432103718667
2025-03-15,GTM,0.01252665972274285
2025-03-16,GTM,0.0171381313127923
2025-03-17,GTM,0.014965077150814323
2025-03-18,GTM,0.013154886297113097
2025-03-19,GTM,0.013494183905129117
2025-03-20,GTM,0.016935088591524768
2025-03-21,GTM,0.016468845799762807
2025-03-22,GTM,0.013935343307110788
2025-03-23,GTM,0.015288381406750127
2025-03-24,GTM,0.014395117935940461
2025-03-25,GTM,0.01604959847857065
2025-03-26,GTM,0.013225943210937757
2025-03-27,GTM,0.021676057723636004
2025-03-28,GTM,0.0348726801695746
