date,country,y_prob
2024-07-01,UKR,0.42172313005661566
2024-07-02,UKR,0.8160232902039999
2024-07-03,UKR,0.3415873511519437
2024-07-04,UKR,0.4787811938715258
2024-07-05,UKR,0.2986775007305694
2024-07-06,UKR,0.6729047750558209
2024-07-07,UKR,0.454691774949186
2024-07-08,UKR,0.32018718972606697
2024-07-09,UKR,0.5215824829724851
2024-07-10,UKR,0.3253859701332636
2024-07-11,UKR,0.3200596550423246
2024-07-12,UKR,0.37843467696291666
2024-07-13,UKR,0.670410647880345
2024-07-14,UKR,0.4131985382579114
2024-07-15,UKR,0.5701188319031729
2024-07-16,UKR,0.35864071550406057
2024-07-17,UKR,0.7707724843184514
2024-07-18,UKR,0.4069711175375286
2024-07-19,UKR,0.3530593558780706
2024-07-20,UKR,0.5136985216020924
2024-07-21,UKR,0.518364896881985
2024-07-22,UKR,0.3824493355175662
2024-07-23,UKR,0.5937313338226456
2024-07-24,UKR,0.47463842125962047
2024-07-25,UKR,0.3699689088505182
2024-07-26,UKR,0.423237071911199
2024-07-27,UKR,0.3723934220256129
2024-07-28,UKR,0.34634083755598283
2024-07-29,UKR,0.8041937137443551
2024-07-30,UKR,0.34522819916498204
2024-07-31,UKR,0.45510146106420707
2024-08-01,UKR,0.5047550551471937
2024-08-02,UKR,0.7151364875896741
2024-08-03,UKR,0.443209566449873
2024-08-04,UKR,0.36763150981244636
2024-08-05,UKR,0.4583020362592302
2024-08-06,UKR,0.36798063479261345
2024-08-07,UKR,0.49086964802289595
2024-08-08,UKR,0.3958013581872858
2024-08-09,UKR,0.38400441911610994
2024-08-10,UKR,0.43899890538069747
2024-08-11,UKR,0.43393829081475477
2024-08-12,UKR,0.3960636427273137
2024-08-13,UKR,0.53779011356852
2024-08-14,UKR,0.46598337409317486
2024-08-15,UKR,0.5154835401185328
2024-08-16,UKR,0.5647706443738156
2024-08-17,UKR,0.5778506229496762
2024-08-18,UKR,0.6189289126860186
2024-08-19,UKR,0.38116463692458347
2024-08-20,UKR,0.40513711322713275
2024-08-21,UKR,0.5082757683435583
2024-08-22,UKR,0.41885301766498967
2024-08-23,UKR,0.3483530585225199
2024-08-24,UKR,0.46365249284862986
2024-08-25,UKR,0.6683914099947581
2024-08-26,UKR,0.6229053905592248
2024-08-27,UKR,0.41665428244045866
2024-08-28,UKR,0.40227145730424335
2024-08-29,UKR,0.3957726921249089
2024-08-30,UKR,0.5695550828202571
2024-08-31,UKR,0.5810073626750631
2024-09-01,UKR,0.45064038177828236
2024-09-02,UKR,0.6368933493493066
2024-09-03,UKR,0.3993227447416297
2024-09-04,UKR,0.43487836156317783
2024-09-05,UKR,0.6594623363414323
2024-09-06,UKR,0.6348058640869628
2024-09-07,UKR,0.4121651533371439
2024-09-08,UKR,0.4129773689642644
2024-09-09,UKR,0.602162389042103
2024-09-10,UKR,0.48640093769725595
2024-09-11,UKR,0.37176618735053113
2024-09-12,UKR,0.5319919838762621
2024-09-13,UKR,0.3854322735376741
2024-09-14,UKR,0.6191618498739347
2024-09-15,UKR,0.3802039961336988
2024-09-16,UKR,0.35826314248571817
2024-09-17,UKR,0.43619608186941256
2024-09-18,UKR,0.5946149102844788
2024-09-19,UKR,0.5460397934214027
2024-09-20,UKR,0.6161013710039582
2024-09-21,UKR,0.642795380264884
2024-09-22,UKR,0.608450779149239
2024-09-23,UKR,0.8367505126148512
2024-09-24,UKR,0.5657599071988476
2024-09-25,UKR,0.6979267177864308
2024-09-26,UKR,0.6907226618399226
2024-09-27,UKR,0.4033541596057834
2024-09-28,UKR,0.5057892641461509
2024-09-29,UKR,0.4417071837608248
2024-09-30,UKR,0.5618665238090894
2024-10-01,UKR,0.3169218316176434
2024-10-02,UKR,0.4233648378557734
2024-10-03,UKR,0.765241402949154
2024-10-04,UKR,0.3957370444455125
2024-10-05,UKR,0.40672383146009056
2024-10-06,UKR,0.5377114700594833
2024-10-07,UKR,0.821941252230782
2024-10-08,UKR,0.5916114734013997
2024-10-09,UKR,0.3201775326802231
2024-10-10,UKR,0.5028058604850619
2024-10-11,UKR,0.6057082828800975
2024-10-12,UKR,0.5492745178273343
2024-10-13,UKR,0.5270522303570704
2024-10-14,UKR,0.6982670976758625
2024-10-15,UKR,0.33399727817977526
2024-10-16,UKR,0.346446772174479
2024-10-17,UKR,0.6352278697636933
2024-10-18,UKR,0.6102686713045115
2024-10-19,UKR,0.33466383226570484
2024-10-20,UKR,0.7180621695545778
2024-10-21,UKR,0.5740248564453191
2024-10-22,UKR,0.511618616413059
2024-10-23,UKR,0.38141403230016374
2024-10-24,UKR,0.35781349014404024
2024-10-25,UKR,0.8358915212577812
2024-10-26,UKR,0.376241420384564
2024-10-27,UKR,0.4097522617001392
2024-10-28,UKR,0.7344480905509124
2024-10-29,UKR,0.5995563814399129
2024-10-30,UKR,0.3573600530548784
2024-10-31,UKR,0.757197397126862
2024-11-01,UKR,0.6691633947141458
2024-11-02,UKR,0.33067426830233826
2024-11-03,UKR,0.51091492316296
2024-11-04,UKR,0.8375682176171697
2024-11-05,UKR,0.5795369608082047
2024-11-06,UKR,0.37681229173672237
2024-11-07,UKR,0.6786058418105811
2024-11-08,UKR,0.5981469551548758
2024-11-09,UKR,0.35529802520791565
2024-11-10,UKR,0.31783218092922333
2024-11-11,UKR,0.7977529713026585
2024-11-12,UKR,0.5453865461657618
2024-11-13,UKR,0.3510851330918821
2024-11-14,UKR,0.6927520684430896
2024-11-15,UKR,0.7405564392780458
2024-11-16,UKR,0.31063599250570073
2024-11-17,UKR,0.6275745830680275
2024-11-18,UKR,0.678313138507037
2024-11-19,UKR,0.653657019452844
2024-11-20,UKR,0.4522388890971187
2024-11-21,UKR,0.5018254272003
2024-11-22,UKR,0.7170925562421743
2024-11-23,UKR,0.3161429682728535
2024-11-24,UKR,0.554986447987991
2024-11-25,UKR,0.7913792704814012
2024-11-26,UKR,0.7136059923280607
2024-11-27,UKR,0.36203495863220825
2024-11-28,UKR,0.8596829770805551
2024-11-29,UKR,0.8439956383531229
2024-11-30,UKR,0.39438405994915826
2024-12-01,UKR,0.32565181704142715
2024-12-02,UKR,0.8319827756579776
2024-12-03,UKR,0.727052401919824
2024-12-04,UKR,0.3578815550889921
2024-12-05,UKR,0.7625713784711748
2024-12-06,UKR,0.6900937966496585
2024-12-07,UKR,0.32528437146462263
2024-12-08,UKR,0.5063942432161002
2024-12-09,UKR,0.7214338355555986
2024-12-10,UKR,0.5332462453375855
2024-12-11,UKR,0.3772925152176606
2024-12-12,UKR,0.7379831094471861
2024-12-13,UKR,0.6158490431462491
2024-12-14,UKR,0.39016505697525794
2024-12-15,UKR,0.7152059893463963
2024-12-16,UKR,0.7492599846943848
2024-12-17,UKR,0.7181173788697586
2024-12-18,UKR,0.44292912785336064
2024-12-19,UKR,0.8376639867588526
2024-12-20,UKR,0.7592323516784681
2024-12-21,UKR,0.5622677843127319
2024-12-22,UKR,0.6656321751868827
2024-12-23,UKR,0.8340254105343835
2024-12-24,UKR,0.6772377416953337
2024-12-25,UKR,0.5468099549369174
2024-12-26,UKR,0.793365932869894
2024-12-27,UKR,0.8340393817826575
2024-12-28,UKR,0.4998578161052499
2024-12-29,UKR,0.8505811386640366
2024-12-30,UKR,0.8465935343801556
2024-12-31,UKR,0.5354790555373683
2025-01-01,UKR,0.5772329066126355
2025-01-02,UKR,0.676576014600608
2025-01-03,UKR,0.6959341281869799
2025-01-04,UKR,0.544021758370078
2025-01-05,UKR,0.5838878851394178
2025-01-06,UKR,0.8056335383843383
2025-01-07,UKR,0.6630915223368659
2025-01-08,UKR,0.41949803014589765
2025-01-09,UKR,0.8630142863552666
2025-01-10,UKR,0.6498938806559017
2025-01-11,UKR,0.6271419421762305
2025-01-12,UKR,0.7189923896299809
2025-01-13,UKR,0.7220093860456877
2025-01-14,UKR,0.5215646375881138
2025-01-15,UKR,0.500251632126338
2025-01-16,UKR,0.7088319646288544
2025-01-17,UKR,0.8615579677383208
2025-01-18,UKR,0.5381475399958489
2025-01-19,UKR,0.5747861343381595
2025-01-20,UKR,0.7167740130929846
2025-01-21,UKR,0.5422167368635674
2025-01-22,UKR,0.4141736384350064
2025-01-23,UKR,0.7194815675248325
2025-01-24,UKR,0.804265956008712
2025-01-25,UKR,0.5585375778288312
2025-01-26,UKR,0.39092474132014754
2025-01-27,UKR,0.5547201648313356
2025-01-28,UKR,0.6937154002762963
2025-01-29,UKR,0.4962950801411988
2025-01-30,UKR,0.7362056791245967
2025-01-31,UKR,0.466002802508277
2025-02-01,UKR,0.3730222783124133
2025-02-02,UKR,0.7723769338461156
2025-02-03,UKR,0.6530369191770723
2025-02-04,UKR,0.5270904675481978
2025-02-05,UKR,0.40839992563796607
2025-02-06,UKR,0.4523974797527007
2025-02-07,UKR,0.8032044117403965
2025-02-08,UKR,0.4986187411864741
2025-02-09,UKR,0.5265214013982223
2025-02-10,UKR,0.6214837981034815
2025-02-11,UKR,0.5457539423863339
2025-02-12,UKR,0.367234664819209
2025-02-13,UKR,0.49991735444994284
2025-02-14,UKR,0.718018486061573
2025-02-15,UKR,0.3727162294985028
2025-02-16,UKR,0.3862678419602834
2025-02-17,UKR,0.7625621968928823
2025-02-18,UKR,0.6171520483919081
2025-02-19,UKR,0.5257521178843394
2025-02-20,UKR,0.5657751096108031
2025-02-21,UKR,0.6386455679104244
2025-02-22,UKR,0.44652127309513595
2025-02-23,UKR,0.5115765320649203
2025-02-24,UKR,0.6518604843778204
2025-02-25,UKR,0.4998382524922795
2025-02-26,UKR,0.4419442828476107
2025-02-27,UKR,0.4211112570599402
2025-02-28,UKR,0.544748284239949
2025-03-01,UKR,0.3540486248257102
2025-03-02,UKR,0.3542051013464628
2025-03-03,UKR,0.5644432700265788
2025-03-04,UKR,0.6043645664340064
2025-03-05,UKR,0.5302134341760297
2025-03-06,UKR,0.5670495513793642
2025-03-07,UKR,0.5369316935932481
2025-03-08,UKR,0.4540282972516478
2025-03-09,UKR,0.37214985233439624
2025-03-10,UKR,0.6851378434417663
2025-03-11,UKR,0.5221883142566948
2025-03-12,UKR,0.49446812576462174
2025-03-13,UKR,0.5946177327777059
2025-03-14,UKR,0.510451655314787
2025-03-15,UKR,0.35852724078294584
2025-03-16,UKR,0.5043104324047982
2025-03-17,UKR,0.47701531976525124
2025-03-18,UKR,0.5588211124548549
2025-03-19,UKR,0.5031694901799304
2025-03-20,UKR,0.54733275501734
2025-03-21,UKR,0.4803786087851939
2025-03-22,UKR,0.3225320002965944
2025-03-23,UKR,0.4709741731191044
2025-03-24,UKR,0.4237061188906021
2025-03-25,UKR,0.7119082971293821
2025-03-26,UKR,0.4955081486607577
2025-03-27,UKR,0.7261533062029324
2025-03-28,UKR,0.7761730687166157
2024-07-01,RUS,0.33335723299914716
2024-07-02,RUS,0.34329235628492283
2024-07-03,RUS,0.32225329716696954
2024-07-04,RUS,0.29836006372790813
2024-07-05,RUS,0.3150364171910454
2024-07-06,RUS,0.3136593906222654
2024-07-07,RUS,0.378823182031992
2024-07-08,RUS,0.5170680473519116
2024-07-09,RUS,0.528845845692875
2024-07-10,RUS,0.5166456600652318
2024-07-11,RUS,0.4463583723655635
2024-07-12,RUS,0.3556937062474057
2024-07-13,RUS,0.8050236370174488
2024-07-14,RUS,0.761506720798612
2024-07-15,RUS,0.5208139802955111
2024-07-16,RUS,0.6804088593065761
2024-07-17,RUS,0.5371151958742341
2024-07-18,RUS,0.36368792158260527
2024-07-19,RUS,0.4378957990032591
2024-07-20,RUS,0.4974497815923918
2024-07-21,RUS,0.47646625779782176
2024-07-22,RUS,0.6682071403759867
2024-07-23,RUS,0.5506918073477205
2024-07-24,RUS,0.496785500914784
2024-07-25,RUS,0.4504526913193578
2024-07-26,RUS,0.42727498384933027
2024-07-27,RUS,0.7341272221481622
2024-07-28,RUS,0.5397072168054525
2024-07-29,RUS,0.5306032414881884
2024-07-30,RUS,0.5864143174852852
2024-07-31,RUS,0.6166163053773325
2024-08-01,RUS,0.8338352687303112
2024-08-02,RUS,0.5043126947532979
2024-08-03,RUS,0.5227843099860177
2024-08-04,RUS,0.4270875985058623
2024-08-05,RUS,0.38994190288350117
2024-08-06,RUS,0.6982774056503808
2024-08-07,RUS,0.8770379609992653
2024-08-08,RUS,0.8226983039515579
2024-08-09,RUS,0.3973643539590775
2024-08-10,RUS,0.8360418408947128
2024-08-11,RUS,0.7038836571053477
2024-08-12,RUS,0.9045837635953339
2024-08-13,RUS,0.48581205929955673
2024-08-14,RUS,0.3692446762627968
2024-08-15,RUS,0.5485327131529942
2024-08-16,RUS,0.3867042498344282
2024-08-17,RUS,0.24766348270424177
2024-08-18,RUS,0.25530396988947335
2024-08-19,RUS,0.29759988862814546
2024-08-20,RUS,0.30461613159383744
2024-08-21,RUS,0.3807036298019857
2024-08-22,RUS,0.24403488297353934
2024-08-23,RUS,0.3037588546265463
2024-08-24,RUS,0.2568898508949242
2024-08-25,RUS,0.2675381490746333
2024-08-26,RUS,0.251617669061708
2024-08-27,RUS,0.24821584738400965
2024-08-28,RUS,0.24882791368864096
2024-08-29,RUS,0.24182015871744061
2024-08-30,RUS,0.2407618107928966
2024-08-31,RUS,0.24022764364871096
2024-09-01,RUS,0.23024174140669462
2024-09-02,RUS,0.23109348196877244
2024-09-03,RUS,0.2374474338056088
2024-09-04,RUS,0.2332856663268633
2024-09-05,RUS,0.26906845241914806
2024-09-06,RUS,0.27226926733742984
2024-09-07,RUS,0.29581616533687877
2024-09-08,RUS,0.2578669456983937
2024-09-09,RUS,0.3559434634377783
2024-09-10,RUS,0.4031676630121581
2024-09-11,RUS,0.3118756340785251
2024-09-12,RUS,0.7464369225436078
2024-09-13,RUS,0.6065183083508496
2024-09-14,RUS,0.44764036793741413
2024-09-15,RUS,0.6723698317663103
2024-09-16,RUS,0.3810120477063037
2024-09-17,RUS,0.3126776080780206
2024-09-18,RUS,0.2888797027749569
2024-09-19,RUS,0.23968902964300215
2024-09-20,RUS,0.23219500725971184
2024-09-21,RUS,0.23486398301485245
2024-09-22,RUS,0.22399904669533455
2024-09-23,RUS,0.22498284527090004
2024-09-24,RUS,0.22478034987945594
2024-09-25,RUS,0.23016926130541648
2024-09-26,RUS,0.3017719064498354
2024-09-27,RUS,0.2956623092683162
2024-09-28,RUS,0.3750870841201699
2024-09-29,RUS,0.3227423467977238
2024-09-30,RUS,0.382411325711378
2024-10-01,RUS,0.3178884332254782
2024-10-02,RUS,0.3435688798074949
2024-10-03,RUS,0.3216148724797628
2024-10-04,RUS,0.3126332362622142
2024-10-05,RUS,0.33524686723750696
2024-10-06,RUS,0.35477299970296194
2024-10-07,RUS,0.32603359266273546
2024-10-08,RUS,0.3190756421972552
2024-10-09,RUS,0.355281365706024
2024-10-10,RUS,0.5461541161897503
2024-10-11,RUS,0.45555983942564965
2024-10-12,RUS,0.4333702296964684
2024-10-13,RUS,0.31154714492560165
2024-10-14,RUS,0.3263569230525287
2024-10-15,RUS,0.5316074340940369
2024-10-16,RUS,0.3173088244373737
2024-10-17,RUS,0.33543957570758426
2024-10-18,RUS,0.6162039303588396
2024-10-19,RUS,0.34339827946728885
2024-10-20,RUS,0.31580316411944814
2024-10-21,RUS,0.3068816393986885
2024-10-22,RUS,0.3162997112368328
2024-10-23,RUS,0.3012665326455804
2024-10-24,RUS,0.31533948239640613
2024-10-25,RUS,0.24965231814897815
2024-10-26,RUS,0.24266748953788111
2024-10-27,RUS,0.23364841088067612
2024-10-28,RUS,0.2433185649201201
2024-10-29,RUS,0.24007799824788364
2024-10-30,RUS,0.24504157379766822
2024-10-31,RUS,0.24257331039667204
2024-11-01,RUS,0.2992340826550345
2024-11-02,RUS,0.3067196013026944
2024-11-03,RUS,0.3116863284372008
2024-11-04,RUS,0.35474275544402134
2024-11-05,RUS,0.3133648910986653
2024-11-06,RUS,0.3106166887570612
2024-11-07,RUS,0.34132683111755263
2024-11-08,RUS,0.3503754732285639
2024-11-09,RUS,0.4762983538158202
2024-11-10,RUS,0.38693082863219097
2024-11-11,RUS,0.714865308097443
2024-11-12,RUS,0.48485937151614183
2024-11-13,RUS,0.2970034503977862
2024-11-14,RUS,0.3825647271255758
2024-11-15,RUS,0.4313165392220832
2024-11-16,RUS,0.2526249980554677
2024-11-17,RUS,0.3032787183016753
2024-11-18,RUS,0.2449387030651082
2024-11-19,RUS,0.22382483574828063
2024-11-20,RUS,0.2245231865789558
2024-11-21,RUS,0.25143553303884875
2024-11-22,RUS,0.230378231582228
2024-11-23,RUS,0.23601283303428164
2024-11-24,RUS,0.22382708493664802
2024-11-25,RUS,0.23002466265951432
2024-11-26,RUS,0.23899319509690783
2024-11-27,RUS,0.23514924233965748
2024-11-28,RUS,0.287160651223781
2024-11-29,RUS,0.2748883811430573
2024-11-30,RUS,0.2902131757888586
2024-12-01,RUS,0.2848334038254563
2024-12-02,RUS,0.30593778389844173
2024-12-03,RUS,0.29435333707838973
2024-12-04,RUS,0.39313841998162224
2024-12-05,RUS,0.7480034191319732
2024-12-06,RUS,0.5119045878608278
2024-12-07,RUS,0.4243642095880415
2024-12-08,RUS,0.35702631660048967
2024-12-09,RUS,0.34072562679088625
2024-12-10,RUS,0.36071490180701055
2024-12-11,RUS,0.5026553445287473
2024-12-12,RUS,0.31980909380450945
2024-12-13,RUS,0.34407370546931243
2024-12-14,RUS,0.4059623306926431
2024-12-15,RUS,0.43616248870529334
2024-12-16,RUS,0.4527587082958575
2024-12-17,RUS,0.47719787872541175
2024-12-18,RUS,0.45504740227122514
2024-12-19,RUS,0.49968700220031403
2024-12-20,RUS,0.4317521326720616
2024-12-21,RUS,0.36326629005486527
2024-12-22,RUS,0.3795863500184367
2024-12-23,RUS,0.3554770061426191
2024-12-24,RUS,0.35684955656156137
2024-12-25,RUS,0.6145630065296278
2024-12-26,RUS,0.38006904713147105
2024-12-27,RUS,0.33114492817499686
2024-12-28,RUS,0.3794963784790517
2024-12-29,RUS,0.3573952016293927
2024-12-30,RUS,0.4633845369790554
2024-12-31,RUS,0.45490575394868427
2025-01-01,RUS,0.26718963386970185
2025-01-02,RUS,0.26015027655488004
2025-01-03,RUS,0.2517476082038067
2025-01-04,RUS,0.2700184916146091
2025-01-05,RUS,0.2589912983577224
2025-01-06,RUS,0.2557585992716383
2025-01-07,RUS,0.2526738617209468
2025-01-08,RUS,0.31217236149686994
2025-01-09,RUS,0.41699845165484734
2025-01-10,RUS,0.40562880020095377
2025-01-11,RUS,0.3292835183078117
2025-01-12,RUS,0.31537196583327476
2025-01-13,RUS,0.40545547910226465
2025-01-14,RUS,0.412448135952956
2025-01-15,RUS,0.4432184097264412
2025-01-16,RUS,0.6287991255645593
2025-01-17,RUS,0.3744020758997308
2025-01-18,RUS,0.45437672074403035
2025-01-19,RUS,0.5327263491086951
2025-01-20,RUS,0.5670328645611976
2025-01-21,RUS,0.5610032215650775
2025-01-22,RUS,0.40579043401218495
2025-01-23,RUS,0.4736179060247278
2025-01-24,RUS,0.4512902262785242
2025-01-25,RUS,0.48601687530348353
2025-01-26,RUS,0.47712797819203756
2025-01-27,RUS,0.4132969418917043
2025-01-28,RUS,0.397326275316274
2025-01-29,RUS,0.4952305819908754
2025-01-30,RUS,0.3966951420707471
2025-01-31,RUS,0.4236169594597544
2025-02-01,RUS,0.7654956191923599
2025-02-02,RUS,0.6105813492461397
2025-02-03,RUS,0.4804190158501099
2025-02-04,RUS,0.6950068229629452
2025-02-05,RUS,0.508700338033162
2025-02-06,RUS,0.3618358739682038
2025-02-07,RUS,0.3453750996038487
2025-02-08,RUS,0.3491925739602591
2025-02-09,RUS,0.3463613990292029
2025-02-10,RUS,0.33268374213245044
2025-02-11,RUS,0.38410945520576434
2025-02-12,RUS,0.363079984026268
2025-02-13,RUS,0.3863300382691369
2025-02-14,RUS,0.3565085517120418
2025-02-15,RUS,0.6147798026578613
2025-02-16,RUS,0.418828893254032
2025-02-17,RUS,0.3997691061919453
2025-02-18,RUS,0.41839980562008955
2025-02-19,RUS,0.4056170410043656
2025-02-20,RUS,0.37381512991325966
2025-02-21,RUS,0.37129971003265166
2025-02-22,RUS,0.31138567536940587
2025-02-23,RUS,0.31844775585192614
2025-02-24,RUS,0.333516966196163
2025-02-25,RUS,0.3127872146707893
2025-02-26,RUS,0.3209694844032106
2025-02-27,RUS,0.32876669337594544
2025-02-28,RUS,0.3359288963826008
2025-03-01,RUS,0.4892329994027354
2025-03-02,RUS,0.30658901114817416
2025-03-03,RUS,0.30381708641295335
2025-03-04,RUS,0.29028694062502075
2025-03-05,RUS,0.2927597759963778
2025-03-06,RUS,0.3123303229271189
2025-03-07,RUS,0.282426383577227
2025-03-08,RUS,0.3704162852707377
2025-03-09,RUS,0.3126495025570061
2025-03-10,RUS,0.377130620191732
2025-03-11,RUS,0.36906247922286595
2025-03-12,RUS,0.4087299006361627
2025-03-13,RUS,0.43043190737253684
2025-03-14,RUS,0.47873977104152055
2025-03-15,RUS,0.4642426485057769
2025-03-16,RUS,0.3502572177612891
2025-03-17,RUS,0.3451853130760761
2025-03-18,RUS,0.41231282388157453
2025-03-19,RUS,0.349032981823291
2025-03-20,RUS,0.316144668222426
2025-03-21,RUS,0.343074149160684
2025-03-22,RUS,0.31507437458901527
2025-03-23,RUS,0.3011265502911709
2025-03-24,RUS,0.29917788929221445
2025-03-25,RUS,0.3037254220760141
2025-03-26,RUS,0.3232662639374483
2025-03-27,RUS,0.31603768794508674
2025-03-28,RUS,0.27688755274992966
2024-07-01,PSE,0.47460475910716077
2024-07-02,PSE,0.5691341429297481
2024-07-03,PSE,0.5434751297740367
2024-07-04,PSE,0.35306884711213005
2024-07-05,PSE,0.5339789718107104
2024-07-06,PSE,0.4965381416249069
2024-07-07,PSE,0.38494109933453485
2024-07-08,PSE,0.3833758151886887
2024-07-09,PSE,0.5830682236422469
2024-07-10,PSE,0.4010880189788254
2024-07-11,PSE,0.472143679686811
2024-07-12,PSE,0.2972958602996777
2024-07-13,PSE,0.5961804176484937
2024-07-14,PSE,0.4163683078840837
2024-07-15,PSE,0.4041177602345255
2024-07-16,PSE,0.38501956827823436
2024-07-17,PSE,0.3787709744369286
2024-07-18,PSE,0.30679640801093944
2024-07-19,PSE,0.37004092880117284
2024-07-20,PSE,0.39799842801417146
2024-07-21,PSE,0.3434442932421535
2024-07-22,PSE,0.3430111046742822
2024-07-23,PSE,0.27755867433684306
2024-07-24,PSE,0.4024545306092785
2024-07-25,PSE,0.2864251156862657
2024-07-26,PSE,0.3108909751856389
2024-07-27,PSE,0.3551081541281049
2024-07-28,PSE,0.5017379169897089
2024-07-29,PSE,0.43284237160750383
2024-07-30,PSE,0.517364868836293
2024-07-31,PSE,0.4393170440294637
2024-08-01,PSE,0.3358657489732614
2024-08-02,PSE,0.48582573266571966
2024-08-03,PSE,0.4832506705323431
2024-08-04,PSE,0.48332001956752385
2024-08-05,PSE,0.4829503883620982
2024-08-06,PSE,0.3535560884885783
2024-08-07,PSE,0.31011864494113583
2024-08-08,PSE,0.44293163585787093
2024-08-09,PSE,0.29260021395102415
2024-08-10,PSE,0.5700352945313237
2024-08-11,PSE,0.4695938449980035
2024-08-12,PSE,0.6283019500142764
2024-08-13,PSE,0.3169940772804117
2024-08-14,PSE,0.3386291918666518
2024-08-15,PSE,0.29885662124808593
2024-08-16,PSE,0.39400037122147447
2024-08-17,PSE,0.34867713947968154
2024-08-18,PSE,0.2957305178634359
2024-08-19,PSE,0.3597883919766
2024-08-20,PSE,0.4758359851050237
2024-08-21,PSE,0.469433468881208
2024-08-22,PSE,0.37292551980213595
2024-08-23,PSE,0.2987743944028911
2024-08-24,PSE,0.3073524205014637
2024-08-25,PSE,0.3704671947257902
2024-08-26,PSE,0.42961688080376
2024-08-27,PSE,0.3580829783926866
2024-08-28,PSE,0.4010740186952282
2024-08-29,PSE,0.3553283843730982
2024-08-30,PSE,0.2665685086813448
2024-08-31,PSE,0.3420912136587164
2024-09-01,PSE,0.28502103768961934
2024-09-02,PSE,0.3366907831154411
2024-09-03,PSE,0.30196173859945935
2024-09-04,PSE,0.3159994419357687
2024-09-05,PSE,0.3304847951789581
2024-09-06,PSE,0.4119857625310262
2024-09-07,PSE,0.29667900596035124
2024-09-08,PSE,0.29652419304531136
2024-09-09,PSE,0.3088208336270742
2024-09-10,PSE,0.40391824730607867
2024-09-11,PSE,0.4597449137038521
2024-09-12,PSE,0.30999366134537665
2024-09-13,PSE,0.3188929493023498
2024-09-14,PSE,0.6212722037451469
2024-09-15,PSE,0.3399244151131686
2024-09-16,PSE,0.34827903797519005
2024-09-17,PSE,0.43006723499216754
2024-09-18,PSE,0.3327994553167859
2024-09-19,PSE,0.3449995772623453
2024-09-20,PSE,0.40451687172164696
2024-09-21,PSE,0.28533160311256234
2024-09-22,PSE,0.27845009530274406
2024-09-23,PSE,0.27324448447847216
2024-09-24,PSE,0.27651207211224144
2024-09-25,PSE,0.2895966425447374
2024-09-26,PSE,0.26604962969122475
2024-09-27,PSE,0.2657252374747932
2024-09-28,PSE,0.3465153953132249
2024-09-29,PSE,0.3490270803165814
2024-09-30,PSE,0.38303965966264436
2024-10-01,PSE,0.4955560694881703
2024-10-02,PSE,0.44811893365368044
2024-10-03,PSE,0.3424169677057233
2024-10-04,PSE,0.32468653125929214
2024-10-05,PSE,0.3238016877582818
2024-10-06,PSE,0.5483366089619319
2024-10-07,PSE,0.6255036661202461
2024-10-08,PSE,0.35221397727533504
2024-10-09,PSE,0.5788936443433481
2024-10-10,PSE,0.43794697974876584
2024-10-11,PSE,0.40055166526699004
2024-10-12,PSE,0.4438241264887946
2024-10-13,PSE,0.41309598090624
2024-10-14,PSE,0.417015500920244
2024-10-15,PSE,0.46335541819064147
2024-10-16,PSE,0.2826826550023149
2024-10-17,PSE,0.28390508095728684
2024-10-18,PSE,0.37365734082309177
2024-10-19,PSE,0.39027896453099203
2024-10-20,PSE,0.2867852371895924
2024-10-21,PSE,0.40801054955222527
2024-10-22,PSE,0.3726120473551094
2024-10-23,PSE,0.31285334941845394
2024-10-24,PSE,0.49668391707208975
2024-10-25,PSE,0.47655059781445325
2024-10-26,PSE,0.4540834727851214
2024-10-27,PSE,0.36588807387857974
2024-10-28,PSE,0.26399199449926114
2024-10-29,PSE,0.5041685608578704
2024-10-30,PSE,0.27430029325608407
2024-10-31,PSE,0.35235770133347566
2024-11-01,PSE,0.5195110386635771
2024-11-02,PSE,0.2688218264324205
2024-11-03,PSE,0.4307036987776311
2024-11-04,PSE,0.4465548879243217
2024-11-05,PSE,0.4179552652886849
2024-11-06,PSE,0.41097014410096383
2024-11-07,PSE,0.4397642690950383
2024-11-08,PSE,0.33537406286249455
2024-11-09,PSE,0.43624681445741925
2024-11-10,PSE,0.33310785039755797
2024-11-11,PSE,0.3277647230653896
2024-11-12,PSE,0.4288792464882063
2024-11-13,PSE,0.3906091162734142
2024-11-14,PSE,0.2631847959876659
2024-11-15,PSE,0.32690716794652086
2024-11-16,PSE,0.34773713907425013
2024-11-17,PSE,0.422012556930374
2024-11-18,PSE,0.3416866671502158
2024-11-19,PSE,0.35479534631186826
2024-11-20,PSE,0.4904002883619848
2024-11-21,PSE,0.5319907437716833
2024-11-22,PSE,0.3841835815793598
2024-11-23,PSE,0.31670179744693655
2024-11-24,PSE,0.3279379548315875
2024-11-25,PSE,0.30529372514171943
2024-11-26,PSE,0.4185357059204174
2024-11-27,PSE,0.32136411253595554
2024-11-28,PSE,0.4745757064617621
2024-11-29,PSE,0.37727551823682054
2024-11-30,PSE,0.45671715536886304
2024-12-01,PSE,0.29012993026452627
2024-12-02,PSE,0.2693039942398782
2024-12-03,PSE,0.3594044319195895
2024-12-04,PSE,0.31756441844958405
2024-12-05,PSE,0.3387296194165188
2024-12-06,PSE,0.37062998999363317
2024-12-07,PSE,0.27933076801610085
2024-12-08,PSE,0.28829971797999265
2024-12-09,PSE,0.28815578573927103
2024-12-10,PSE,0.2755424546331004
2024-12-11,PSE,0.3254718063850948
2024-12-12,PSE,0.41265423770624404
2024-12-13,PSE,0.277417180130194
2024-12-14,PSE,0.30842658595223255
2024-12-15,PSE,0.5484145782458941
2024-12-16,PSE,0.28686919726066085
2024-12-17,PSE,0.3862390894243546
2024-12-18,PSE,0.3025198614694941
2024-12-19,PSE,0.3228164879213357
2024-12-20,PSE,0.2740385579559233
2024-12-21,PSE,0.28316948493171973
2024-12-22,PSE,0.3531653931738724
2024-12-23,PSE,0.3058513057943422
2024-12-24,PSE,0.2772630229711934
2024-12-25,PSE,0.30241708071369455
2024-12-26,PSE,0.4799721037396278
2024-12-27,PSE,0.3831550454997101
2024-12-28,PSE,0.32977983845973236
2024-12-29,PSE,0.36247902108625446
2024-12-30,PSE,0.3398058998603506
2024-12-31,PSE,0.34822405991827093
2025-01-01,PSE,0.30943648198634427
2025-01-02,PSE,0.4731614386475573
2025-01-03,PSE,0.3020905082873264
2025-01-04,PSE,0.34086803485565315
2025-01-05,PSE,0.28084422984147916
2025-01-06,PSE,0.27197831302631686
2025-01-07,PSE,0.35796656384136716
2025-01-08,PSE,0.3433831622602502
2025-01-09,PSE,0.35319358005161167
2025-01-10,PSE,0.3692913732570509
2025-01-11,PSE,0.342336022552368
2025-01-12,PSE,0.38080056547499164
2025-01-13,PSE,0.3733813255812991
2025-01-14,PSE,0.4328799186335873
2025-01-15,PSE,0.59890047559194
2025-01-16,PSE,0.38056790868248713
2025-01-17,PSE,0.35406651817184154
2025-01-18,PSE,0.44317544946990794
2025-01-19,PSE,0.5940730531831897
2025-01-20,PSE,0.42518939615957857
2025-01-21,PSE,0.46030355959785524
2025-01-22,PSE,0.3935627726269034
2025-01-23,PSE,0.4503561740962214
2025-01-24,PSE,0.31314823769904054
2025-01-25,PSE,0.38545647851911663
2025-01-26,PSE,0.3326236671812153
2025-01-27,PSE,0.2629985142114155
2025-01-28,PSE,0.3631558215038353
2025-01-29,PSE,0.4021760275055466
2025-01-30,PSE,0.4334310275562081
2025-01-31,PSE,0.3247891433466089
2025-02-01,PSE,0.476772378974978
2025-02-02,PSE,0.29826086055571527
2025-02-03,PSE,0.4062551516448049
2025-02-04,PSE,0.4372356739585765
2025-02-05,PSE,0.4335991548442487
2025-02-06,PSE,0.4415969021371394
2025-02-07,PSE,0.4387486168061979
2025-02-08,PSE,0.6111028268665145
2025-02-09,PSE,0.5947455017549811
2025-02-10,PSE,0.6602669303462577
2025-02-11,PSE,0.5522319283715829
2025-02-12,PSE,0.47144039772714025
2025-02-13,PSE,0.6855516847361738
2025-02-14,PSE,0.5040639636157132
2025-02-15,PSE,0.5523487992215651
2025-02-16,PSE,0.5606272002693686
2025-02-17,PSE,0.5484891475446413
2025-02-18,PSE,0.5324913460700968
2025-02-19,PSE,0.4002567831606544
2025-02-20,PSE,0.360450539445857
2025-02-21,PSE,0.31462622873718105
2025-02-22,PSE,0.45869563534477514
2025-02-23,PSE,0.4465823857941685
2025-02-24,PSE,0.4483732427998929
2025-02-25,PSE,0.28590459486268327
2025-02-26,PSE,0.32548263315007425
2025-02-27,PSE,0.43254074973365253
2025-02-28,PSE,0.5228767800511482
2025-03-01,PSE,0.27971730361531777
2025-03-02,PSE,0.28306919726224716
2025-03-03,PSE,0.28060563824602325
2025-03-04,PSE,0.2430813795693335
2025-03-05,PSE,0.23297138607934484
2025-03-06,PSE,0.2578734775047565
2025-03-07,PSE,0.22857983236283505
2025-03-08,PSE,0.403759043979684
2025-03-09,PSE,0.3245698685944964
2025-03-10,PSE,0.34183195040762404
2025-03-11,PSE,0.3961499178642654
2025-03-12,PSE,0.7135731132209456
2025-03-13,PSE,0.6631586296064709
2025-03-14,PSE,0.4825534868446193
2025-03-15,PSE,0.47543642570724715
2025-03-16,PSE,0.5247041010655717
2025-03-17,PSE,0.35003077207815514
2025-03-18,PSE,0.9253604232675281
2025-03-19,PSE,0.4246883722529022
2025-03-20,PSE,0.4648832498549951
2025-03-21,PSE,0.3404825003961462
2025-03-22,PSE,0.3266786951278819
2025-03-23,PSE,0.47787145236191386
2025-03-24,PSE,0.3149135563060253
2025-03-25,PSE,0.23735591770879513
2025-03-26,PSE,0.23975765157322687
2025-03-27,PSE,0.27517385331758876
2025-03-28,PSE,0.27616107151369196
2024-07-01,ISR,0.7029429914699767
2024-07-02,ISR,0.6980843199710353
2024-07-03,ISR,0.807592620363359
2024-07-04,ISR,0.8897139583269846
2024-07-05,ISR,0.8806651855599411
2024-07-06,ISR,0.6375001017620836
2024-07-07,ISR,0.8430264093938664
2024-07-08,ISR,0.6997221681845386
2024-07-09,ISR,0.6912546503382768
2024-07-10,ISR,0.4108543464641141
2024-07-11,ISR,0.4140580295838967
2024-07-12,ISR,0.351001156890439
2024-07-13,ISR,0.505394903622305
2024-07-14,ISR,0.41335706426426866
2024-07-15,ISR,0.3489314293112096
2024-07-16,ISR,0.40730298442629964
2024-07-17,ISR,0.5098727001264636
2024-07-18,ISR,0.3836382726645856
2024-07-19,ISR,0.5839684061494982
2024-07-20,ISR,0.42184239692350445
2024-07-21,ISR,0.3333278844306834
2024-07-22,ISR,0.32305639344720277
2024-07-23,ISR,0.3605337486243539
2024-07-24,ISR,0.4787631847018594
2024-07-25,ISR,0.37175970086147464
2024-07-26,ISR,0.3478750509192252
2024-07-27,ISR,0.38850573713846276
2024-07-28,ISR,0.5492370717088207
2024-07-29,ISR,0.4240368354651484
2024-07-30,ISR,0.5984825774163787
2024-07-31,ISR,0.5397942339386261
2024-08-01,ISR,0.4125920884252429
2024-08-02,ISR,0.5207878956164463
2024-08-03,ISR,0.3707420776856322
2024-08-04,ISR,0.39602335258436866
2024-08-05,ISR,0.6443480213072516
2024-08-06,ISR,0.6164662854467047
2024-08-07,ISR,0.3927707097743604
2024-08-08,ISR,0.5491362387323613
2024-08-09,ISR,0.3879975825909647
2024-08-10,ISR,0.5510636181767076
2024-08-11,ISR,0.28561288581860406
2024-08-12,ISR,0.280774506669648
2024-08-13,ISR,0.2746866177968848
2024-08-14,ISR,0.2713852144013966
2024-08-15,ISR,0.28803818840272327
2024-08-16,ISR,0.2884990885702311
2024-08-17,ISR,0.2567771347239289
2024-08-18,ISR,0.3740093883369144
2024-08-19,ISR,0.4045237142402374
2024-08-20,ISR,0.6742506316516748
2024-08-21,ISR,0.5073700704913248
2024-08-22,ISR,0.4837589359203263
2024-08-23,ISR,0.6374200910778812
2024-08-24,ISR,0.6795062599962776
2024-08-25,ISR,0.7712842612369754
2024-08-26,ISR,0.6117892550514857
2024-08-27,ISR,0.49036124642266354
2024-08-28,ISR,0.4815788462007487
2024-08-29,ISR,0.4125433331358451
2024-08-30,ISR,0.4002687133620195
2024-08-31,ISR,0.4563979762024491
2024-09-01,ISR,0.5512437347527285
2024-09-02,ISR,0.6948849091921593
2024-09-03,ISR,0.5570902602969559
2024-09-04,ISR,0.41536025114253144
2024-09-05,ISR,0.40539022876065006
2024-09-06,ISR,0.4264874461080379
2024-09-07,ISR,0.4611652464914547
2024-09-08,ISR,0.5627160365901637
2024-09-09,ISR,0.6101652180573154
2024-09-10,ISR,0.7515835265755664
2024-09-11,ISR,0.591583209840774
2024-09-12,ISR,0.5784772157629958
2024-09-13,ISR,0.558012800613748
2024-09-14,ISR,0.6157113866305238
2024-09-15,ISR,0.5923750072028099
2024-09-16,ISR,0.7544463028896831
2024-09-17,ISR,0.7821365302066934
2024-09-18,ISR,0.7428798048246247
2024-09-19,ISR,0.7913363723054869
2024-09-20,ISR,0.6731924676074463
2024-09-21,ISR,0.6485344463776117
2024-09-22,ISR,0.8408296873043368
2024-09-23,ISR,0.8809662541399955
2024-09-24,ISR,0.8433836194476121
2024-09-25,ISR,0.5994607759050405
2024-09-26,ISR,0.34337389339472885
2024-09-27,ISR,0.40800314951005157
2024-09-28,ISR,0.3615804449685326
2024-09-29,ISR,0.4444148232236154
2024-09-30,ISR,0.4277457013962691
2024-10-01,ISR,0.8365483620156122
2024-10-02,ISR,0.35941598222385457
2024-10-03,ISR,0.4962642606738094
2024-10-04,ISR,0.4045074756379438
2024-10-05,ISR,0.4391446037079928
2024-10-06,ISR,0.3721782696645324
2024-10-07,ISR,0.7308678545858558
2024-10-08,ISR,0.2686472134178194
2024-10-09,ISR,0.2951475534838602
2024-10-10,ISR,0.272856047025586
2024-10-11,ISR,0.275161050993985
2024-10-12,ISR,0.26638726740918367
2024-10-13,ISR,0.28473599539156524
2024-10-14,ISR,0.2679410986618127
2024-10-15,ISR,0.3539593530666857
2024-10-16,ISR,0.34497789534867707
2024-10-17,ISR,0.344544118848829
2024-10-18,ISR,0.42512394766235223
2024-10-19,ISR,0.33448873362442777
2024-10-20,ISR,0.2981816742407821
2024-10-21,ISR,0.2942152740563874
2024-10-22,ISR,0.41659427331095383
2024-10-23,ISR,0.2782969026591169
2024-10-24,ISR,0.3007825461677604
2024-10-25,ISR,0.2980086948654494
2024-10-26,ISR,0.29690919431451307
2024-10-27,ISR,0.2963915639522607
2024-10-28,ISR,0.33218420896612416
2024-10-29,ISR,0.34984125611616335
2024-10-30,ISR,0.2921808621923422
2024-10-31,ISR,0.2816804293256505
2024-11-01,ISR,0.3947272061729297
2024-11-02,ISR,0.4238297332204302
2024-11-03,ISR,0.33421204272645855
2024-11-04,ISR,0.39841413552113464
2024-11-05,ISR,0.3222418366643883
2024-11-06,ISR,0.37769212979022976
2024-11-07,ISR,0.34731239670635466
2024-11-08,ISR,0.3223251974460907
2024-11-09,ISR,0.321178603269877
2024-11-10,ISR,0.28160715407208403
2024-11-11,ISR,0.3306951913563388
2024-11-12,ISR,0.29339772244213247
2024-11-13,ISR,0.28091297631898765
2024-11-14,ISR,0.628096392201412
2024-11-15,ISR,0.7681527741088761
2024-11-16,ISR,0.702308488834659
2024-11-17,ISR,0.7730593487443318
2024-11-18,ISR,0.4853267857144349
2024-11-19,ISR,0.3939207675096751
2024-11-20,ISR,0.4158429664009521
2024-11-21,ISR,0.663936497015772
2024-11-22,ISR,0.6444475764583489
2024-11-23,ISR,0.343433406028665
2024-11-24,ISR,0.773824731853196
2024-11-25,ISR,0.6682555469718702
2024-11-26,ISR,0.6580671819698947
2024-11-27,ISR,0.7030500473586511
2024-11-28,ISR,0.5800535551703703
2024-11-29,ISR,0.531174933104201
2024-11-30,ISR,0.5572473970456031
2024-12-01,ISR,0.43055372692717275
2024-12-02,ISR,0.6485376050184606
2024-12-03,ISR,0.6708267309141442
2024-12-04,ISR,0.5119864643344845
2024-12-05,ISR,0.8054980297538851
2024-12-06,ISR,0.6976300052464259
2024-12-07,ISR,0.7419959630679489
2024-12-08,ISR,0.7134681522993356
2024-12-09,ISR,0.7831535990094255
2024-12-10,ISR,0.7713033168663816
2024-12-11,ISR,0.6280813495832002
2024-12-12,ISR,0.7481028465504728
2024-12-13,ISR,0.6793623326698505
2024-12-14,ISR,0.6544611401018184
2024-12-15,ISR,0.6951566247818912
2024-12-16,ISR,0.7298610654835905
2024-12-17,ISR,0.7918814193488857
2024-12-18,ISR,0.795066016883695
2024-12-19,ISR,0.6705513173213862
2024-12-20,ISR,0.5285792893945752
2024-12-21,ISR,0.6733372609129051
2024-12-22,ISR,0.7198949735043659
2024-12-23,ISR,0.6727958163264163
2024-12-24,ISR,0.6296891167646744
2024-12-25,ISR,0.544993202199322
2024-12-26,ISR,0.5824058702343234
2024-12-27,ISR,0.6100982045541785
2024-12-28,ISR,0.5848040520387713
2024-12-29,ISR,0.5017695253829949
2024-12-30,ISR,0.5852948727960803
2024-12-31,ISR,0.5163567538190159
2025-01-01,ISR,0.5087898902337081
2025-01-02,ISR,0.4531389668487814
2025-01-03,ISR,0.3292986992769748
2025-01-04,ISR,0.39908655433462065
2025-01-05,ISR,0.3616102066679308
2025-01-06,ISR,0.3828592269134425
2025-01-07,ISR,0.3873836222822018
2025-01-08,ISR,0.36077124756878703
2025-01-09,ISR,0.38625706958129025
2025-01-10,ISR,0.5307202729558844
2025-01-11,ISR,0.4861258931728609
2025-01-12,ISR,0.5594099980007862
2025-01-13,ISR,0.619771061269961
2025-01-14,ISR,0.5278011476909177
2025-01-15,ISR,0.6244215356044258
2025-01-16,ISR,0.6851168011760613
2025-01-17,ISR,0.7002983705536491
2025-01-18,ISR,0.8367108410824158
2025-01-19,ISR,0.8319838243644802
2025-01-20,ISR,0.881920937072859
2025-01-21,ISR,0.7323366522782226
2025-01-22,ISR,0.5840826953459703
2025-01-23,ISR,0.5807636639500383
2025-01-24,ISR,0.6292791355395189
2025-01-25,ISR,0.6752947563444747
2025-01-26,ISR,0.3827658664690879
2025-01-27,ISR,0.36801167369938453
2025-01-28,ISR,0.35342789747352193
2025-01-29,ISR,0.3430657690805545
2025-01-30,ISR,0.49855757783464133
2025-01-31,ISR,0.3458750780213861
2025-02-01,ISR,0.5343634820522086
2025-02-02,ISR,0.44128440926713336
2025-02-03,ISR,0.4319622559301513
2025-02-04,ISR,0.7368623438553853
2025-02-05,ISR,0.8490462420701508
2025-02-06,ISR,0.8750672855146294
2025-02-07,ISR,0.7985538482794061
2025-02-08,ISR,0.9055840421088431
2025-02-09,ISR,0.7450374003198084
2025-02-10,ISR,0.7840620096990225
2025-02-11,ISR,0.8371281315645719
2025-02-12,ISR,0.7849395462169674
2025-02-13,ISR,0.7800115849268676
2025-02-14,ISR,0.7707112518715297
2025-02-15,ISR,0.9163811565511861
2025-02-16,ISR,0.762262752847782
2025-02-17,ISR,0.7888072018593153
2025-02-18,ISR,0.8393329922787801
2025-02-19,ISR,0.7669855938774292
2025-02-20,ISR,0.8252436541984033
2025-02-21,ISR,0.8086502577955011
2025-02-22,ISR,0.892431253285951
2025-02-23,ISR,0.8524259794286622
2025-02-24,ISR,0.7565199233895049
2025-02-25,ISR,0.7947344108907274
2025-02-26,ISR,0.8030129197998744
2025-02-27,ISR,0.7250102434806294
2025-02-28,ISR,0.7026438528441524
2025-03-01,ISR,0.5613461462656044
2025-03-02,ISR,0.7089192309197627
2025-03-03,ISR,0.6815176103624426
2025-03-04,ISR,0.6623962899370921
2025-03-05,ISR,0.7386821372986839
2025-03-06,ISR,0.3556689817554086
2025-03-07,ISR,0.3116306938839851
2025-03-08,ISR,0.325442049939406
2025-03-09,ISR,0.32631930748603866
2025-03-10,ISR,0.29542695121010704
2025-03-11,ISR,0.2953369128161568
2025-03-12,ISR,0.31339460995305685
2025-03-13,ISR,0.34420772994294835
2025-03-14,ISR,0.3230352130653364
2025-03-15,ISR,0.3438564347000695
2025-03-16,ISR,0.33413849359630027
2025-03-17,ISR,0.7381647117755594
2025-03-18,ISR,0.8758226809378394
2025-03-19,ISR,0.7823059492599598
2025-03-20,ISR,0.7581101109205178
2025-03-21,ISR,0.33217987761278867
2025-03-22,ISR,0.3291220151141981
2025-03-23,ISR,0.3287287006098893
2025-03-24,ISR,0.3329699916296021
2025-03-25,ISR,0.3302969746905696
2025-03-26,ISR,0.3348636356356362
2025-03-27,ISR,0.3269903665798973
2025-03-28,ISR,0.5198978533559399
2024-07-01,SYR,0.7252730893197116
2024-07-02,SYR,0.746029994065762
2024-07-03,SYR,0.8506764099814276
2024-07-04,SYR,0.626455756776391
2024-07-05,SYR,0.7030468874328318
2024-07-06,SYR,0.5856960943462808
2024-07-07,SYR,0.6200754571088645
2024-07-08,SYR,0.4845600774664216
2024-07-09,SYR,0.6266780548231411
2024-07-10,SYR,0.45394900429274065
2024-07-11,SYR,0.4102040574601759
2024-07-12,SYR,0.4115862360046004
2024-07-13,SYR,0.4996346156522445
2024-07-14,SYR,0.5469114113431848
2024-07-15,SYR,0.3938897972863625
2024-07-16,SYR,0.5069767248914718
2024-07-17,SYR,0.6866130197580759
2024-07-18,SYR,0.4164084797330911
2024-07-19,SYR,0.41264213552062795
2024-07-20,SYR,0.46521589488584353
2024-07-21,SYR,0.4201245474387752
2024-07-22,SYR,0.43305269064620366
2024-07-23,SYR,0.4849722356020318
2024-07-24,SYR,0.43139617867143726
2024-07-25,SYR,0.36011449822847524
2024-07-26,SYR,0.4360055199229316
2024-07-27,SYR,0.5381534248781509
2024-07-28,SYR,0.5208465404231181
2024-07-29,SYR,0.43276321726309486
2024-07-30,SYR,0.4556254033126924
2024-07-31,SYR,0.4457913079944843
2024-08-01,SYR,0.42401429456484835
2024-08-02,SYR,0.3746957606672876
2024-08-03,SYR,0.45652310946500413
2024-08-04,SYR,0.5139408018170192
2024-08-05,SYR,0.3815008453520127
2024-08-06,SYR,0.34997930530219873
2024-08-07,SYR,0.5757559814743743
2024-08-08,SYR,0.5111562480486673
2024-08-09,SYR,0.4206140444192592
2024-08-10,SYR,0.548859453641741
2024-08-11,SYR,0.7370320206715878
2024-08-12,SYR,0.42932832812780236
2024-08-13,SYR,0.5338908840776034
2024-08-14,SYR,0.47415025839650304
2024-08-15,SYR,0.3780392732988353
2024-08-16,SYR,0.3572007802405352
2024-08-17,SYR,0.31725758175305596
2024-08-18,SYR,0.3345159862611984
2024-08-19,SYR,0.3399081345887112
2024-08-20,SYR,0.31697786212473184
2024-08-21,SYR,0.4077055071013434
2024-08-22,SYR,0.313286002379534
2024-08-23,SYR,0.34222394142078794
2024-08-24,SYR,0.5906576464747494
2024-08-25,SYR,0.5868546164038307
2024-08-26,SYR,0.46225969774604947
2024-08-27,SYR,0.4196732755681122
2024-08-28,SYR,0.42117260077913843
2024-08-29,SYR,0.46499906241360733
2024-08-30,SYR,0.45886956110017696
2024-08-31,SYR,0.5012991203625877
2024-09-01,SYR,0.4974652635578745
2024-09-02,SYR,0.4616201506228942
2024-09-03,SYR,0.453129150826615
2024-09-04,SYR,0.38357237592707094
2024-09-05,SYR,0.4270262395644616
2024-09-06,SYR,0.4421915064382344
2024-09-07,SYR,0.47948252808924013
2024-09-08,SYR,0.7080982571660605
2024-09-09,SYR,0.6548509000859835
2024-09-10,SYR,0.6401002049655589
2024-09-11,SYR,0.36389703394395034
2024-09-12,SYR,0.4069773103986521
2024-09-13,SYR,0.43116474555196693
2024-09-14,SYR,0.7050078170230821
2024-09-15,SYR,0.41815484240729767
2024-09-16,SYR,0.42277089092443104
2024-09-17,SYR,0.39415312390320534
2024-09-18,SYR,0.47725359979244286
2024-09-19,SYR,0.3694752323436467
2024-09-20,SYR,0.3798634470729703
2024-09-21,SYR,0.4274308564184462
2024-09-22,SYR,0.3911246577528737
2024-09-23,SYR,0.30944947443173154
2024-09-24,SYR,0.32367784938744654
2024-09-25,SYR,0.29923201520022324
2024-09-26,SYR,0.3022405179515044
2024-09-27,SYR,0.2712549339759654
2024-09-28,SYR,0.26048270698075504
2024-09-29,SYR,0.31860177363925185
2024-09-30,SYR,0.29907297635670543
2024-10-01,SYR,0.3620031864241207
2024-10-02,SYR,0.33216547960842846
2024-10-03,SYR,0.345457303245636
2024-10-04,SYR,0.33062546637792034
2024-10-05,SYR,0.4805975956681374
2024-10-06,SYR,0.303298007698003
2024-10-07,SYR,0.3029849057882579
2024-10-08,SYR,0.3228671446071076
2024-10-09,SYR,0.3784709349050379
2024-10-10,SYR,0.3338272236746856
2024-10-11,SYR,0.35350077570420413
2024-10-12,SYR,0.34706763424579246
2024-10-13,SYR,0.46766872422329964
2024-10-14,SYR,0.761271934267821
2024-10-15,SYR,0.5041705731321027
2024-10-16,SYR,0.7670772111392891
2024-10-17,SYR,0.6448893614455827
2024-10-18,SYR,0.4127105502318454
2024-10-19,SYR,0.41443604600372197
2024-10-20,SYR,0.4723591793797258
2024-10-21,SYR,0.458757312780276
2024-10-22,SYR,0.5104176179382945
2024-10-23,SYR,0.4181312667146402
2024-10-24,SYR,0.44371071584414185
2024-10-25,SYR,0.5098748845175273
2024-10-26,SYR,0.8645176280006082
2024-10-27,SYR,0.3965696502300985
2024-10-28,SYR,0.41618991044137993
2024-10-29,SYR,0.32821387024794063
2024-10-30,SYR,0.33913886809095545
2024-10-31,SYR,0.33132502827626775
2024-11-01,SYR,0.37004032863390784
2024-11-02,SYR,0.5979135713954082
2024-11-03,SYR,0.33689935661687853
2024-11-04,SYR,0.330936696753985
2024-11-05,SYR,0.3560910097762459
2024-11-06,SYR,0.32667175725225744
2024-11-07,SYR,0.4243987476629447
2024-11-08,SYR,0.3606401156498039
2024-11-09,SYR,0.4261961989459755
2024-11-10,SYR,0.45331999843292636
2024-11-11,SYR,0.39096312754533336
2024-11-12,SYR,0.37462248872630327
2024-11-13,SYR,0.3846976451495256
2024-11-14,SYR,0.48191106213527407
2024-11-15,SYR,0.36984983205596156
2024-11-16,SYR,0.38518737193126656
2024-11-17,SYR,0.3878726709445594
2024-11-18,SYR,0.46297513786433003
2024-11-19,SYR,0.3466697088869855
2024-11-20,SYR,0.9183915999778686
2024-11-21,SYR,0.34238154777996077
2024-11-22,SYR,0.3571126436152346
2024-11-23,SYR,0.5098365808109594
2024-11-24,SYR,0.37604479522905787
2024-11-25,SYR,0.5495495823195672
2024-11-26,SYR,0.36924327647348704
2024-11-27,SYR,0.42474309242023905
2024-11-28,SYR,0.3590115765088163
2024-11-29,SYR,0.3934041265084944
2024-11-30,SYR,0.4245425133869327
2024-12-01,SYR,0.23944802129768744
2024-12-02,SYR,0.3360821690039491
2024-12-03,SYR,0.24232434113264956
2024-12-04,SYR,0.5683740462600508
2024-12-05,SYR,0.2712999289474209
2024-12-06,SYR,0.5832168869336671
2024-12-07,SYR,0.33349611545465474
2024-12-08,SYR,0.42383825802720293
2024-12-09,SYR,0.42047459467211207
2024-12-10,SYR,0.43695908070025696
2024-12-11,SYR,0.3999562840032467
2024-12-12,SYR,0.42154458817612817
2024-12-13,SYR,0.41707990082469687
2024-12-14,SYR,0.44656213968735714
2024-12-15,SYR,0.2653787521166784
2024-12-16,SYR,0.4509250533662442
2024-12-17,SYR,0.32583465826526425
2024-12-18,SYR,0.27806891204799367
2024-12-19,SYR,0.3572800012246297
2024-12-20,SYR,0.37536312679407935
2024-12-21,SYR,0.29228496006346155
2024-12-22,SYR,0.2961239197979222
2024-12-23,SYR,0.2747551669239835
2024-12-24,SYR,0.7409178360578905
2024-12-25,SYR,0.4110705431415371
2024-12-26,SYR,0.7548491057000524
2024-12-27,SYR,0.4149101818090491
2024-12-28,SYR,0.7253076403031371
2024-12-29,SYR,0.39050020320771206
2024-12-30,SYR,0.34006278348100166
2024-12-31,SYR,0.3773257327120864
2025-01-01,SYR,0.3863334909544593
2025-01-02,SYR,0.4913761743966204
2025-01-03,SYR,0.5905083705024362
2025-01-04,SYR,0.8062159719131385
2025-01-05,SYR,0.4913635091017478
2025-01-06,SYR,0.4374040627988239
2025-01-07,SYR,0.4570412257848372
2025-01-08,SYR,0.5138666688212126
2025-01-09,SYR,0.5685609412005247
2025-01-10,SYR,0.5350768617925928
2025-01-11,SYR,0.5356758326866812
2025-01-12,SYR,0.420935506524557
2025-01-13,SYR,0.3737698027931725
2025-01-14,SYR,0.363298793301438
2025-01-15,SYR,0.45027314040451655
2025-01-16,SYR,0.37272665673660926
2025-01-17,SYR,0.4384947379329127
2025-01-18,SYR,0.4669843167433682
2025-01-19,SYR,0.4266089874593304
2025-01-20,SYR,0.4060833989434527
2025-01-21,SYR,0.3881177784649455
2025-01-22,SYR,0.36968181684499635
2025-01-23,SYR,0.7976659935675424
2025-01-24,SYR,0.39008829614120544
2025-01-25,SYR,0.5005881749310486
2025-01-26,SYR,0.3449647704252938
2025-01-27,SYR,0.3713565418910429
2025-01-28,SYR,0.33458779341580697
2025-01-29,SYR,0.6278659748254287
2025-01-30,SYR,0.36656963429073536
2025-01-31,SYR,0.3290458597158955
2025-02-01,SYR,0.3315029023266459
2025-02-02,SYR,0.32052950928558666
2025-02-03,SYR,0.3004340751360379
2025-02-04,SYR,0.30709394940932444
2025-02-05,SYR,0.3493787276807031
2025-02-06,SYR,0.3934989480729784
2025-02-07,SYR,0.3960187810720416
2025-02-08,SYR,0.4712392489025634
2025-02-09,SYR,0.38712840606076154
2025-02-10,SYR,0.3143807506892892
2025-02-11,SYR,0.3159126773505944
2025-02-12,SYR,0.31310598238897935
2025-02-13,SYR,0.29780492869728326
2025-02-14,SYR,0.3131345349661357
2025-02-15,SYR,0.3412477661257219
2025-02-16,SYR,0.31675943497767595
2025-02-17,SYR,0.3914429451954731
2025-02-18,SYR,0.35459325934919766
2025-02-19,SYR,0.3432054375888265
2025-02-20,SYR,0.3612154857222825
2025-02-21,SYR,0.39361694272356024
2025-02-22,SYR,0.3584684234357018
2025-02-23,SYR,0.36512001353575296
2025-02-24,SYR,0.37603291315321186
2025-02-25,SYR,0.4044774395810869
2025-02-26,SYR,0.3957012918953819
2025-02-27,SYR,0.357098586138576
2025-02-28,SYR,0.3265002335924698
2025-03-01,SYR,0.36674178206547864
2025-03-02,SYR,0.3884365155808088
2025-03-03,SYR,0.3942245243784661
2025-03-04,SYR,0.33076898210288574
2025-03-05,SYR,0.4019635552034114
2025-03-06,SYR,0.8768760174657825
2025-03-07,SYR,0.8990260734863009
2025-03-08,SYR,0.8936993905031609
2025-03-09,SYR,0.8057452976832765
2025-03-10,SYR,0.7609664509196049
2025-03-11,SYR,0.7521588709847395
2025-03-12,SYR,0.7733266689558567
2025-03-13,SYR,0.6348031885303123
2025-03-14,SYR,0.2890330158707045
2025-03-15,SYR,0.2527006978908078
2025-03-16,SYR,0.26030237879141793
2025-03-17,SYR,0.23140580022701152
2025-03-18,SYR,0.21241378101005753
2025-03-19,SYR,0.21052402237708998
2025-03-20,SYR,0.24408505383933676
2025-03-21,SYR,0.20848082625228606
2025-03-22,SYR,0.21402912395592785
2025-03-23,SYR,0.2226947353472142
2025-03-24,SYR,0.31528494431201715
2025-03-25,SYR,0.2704344682896949
2025-03-26,SYR,0.2859605383468046
2025-03-27,SYR,0.30861868792152025
2025-03-28,SYR,0.2774821367764905
2024-07-01,YEM,0.7066677498366133
2024-07-02,YEM,0.641512602008718
2024-07-03,YEM,0.717234259790599
2024-07-04,YEM,0.4659586854228749
2024-07-05,YEM,0.5367952160403839
2024-07-06,YEM,0.5159994692630067
2024-07-07,YEM,0.6335503858840923
2024-07-08,YEM,0.4123863414185922
2024-07-09,YEM,0.4343017377805275
2024-07-10,YEM,0.45676868136132276
2024-07-11,YEM,0.3755525534282365
2024-07-12,YEM,0.32451112235279617
2024-07-13,YEM,0.3329351296607741
2024-07-14,YEM,0.39105838548009675
2024-07-15,YEM,0.4477475445721797
2024-07-16,YEM,0.37766853455859867
2024-07-17,YEM,0.3720255426329639
2024-07-18,YEM,0.48990374932164216
2024-07-19,YEM,0.4665213718409911
2024-07-20,YEM,0.38436467667801927
2024-07-21,YEM,0.3956288006804099
2024-07-22,YEM,0.4036519404625383
2024-07-23,YEM,0.36398773307912763
2024-07-24,YEM,0.36096592131704197
2024-07-25,YEM,0.391345670104437
2024-07-26,YEM,0.38412155966102635
2024-07-27,YEM,0.35599201899446425
2024-07-28,YEM,0.36398638330318567
2024-07-29,YEM,0.3699633103310363
2024-07-30,YEM,0.361642755794439
2024-07-31,YEM,0.36803847111261756
2024-08-01,YEM,0.41201092019756
2024-08-02,YEM,0.3532307638219913
2024-08-03,YEM,0.36625230191099706
2024-08-04,YEM,0.447863776767976
2024-08-05,YEM,0.4175437169499545
2024-08-06,YEM,0.4705873306748747
2024-08-07,YEM,0.5496278615219508
2024-08-08,YEM,0.5059473227153484
2024-08-09,YEM,0.5585451690665537
2024-08-10,YEM,0.4740090368734835
2024-08-11,YEM,0.5623041676588271
2024-08-12,YEM,0.5704778612454697
2024-08-13,YEM,0.5085407913025006
2024-08-14,YEM,0.3585548627151971
2024-08-15,YEM,0.33318926134099647
2024-08-16,YEM,0.32069350105844713
2024-08-17,YEM,0.27178472877369586
2024-08-18,YEM,0.2863817529737471
2024-08-19,YEM,0.2972832501055752
2024-08-20,YEM,0.2755244336127879
2024-08-21,YEM,0.3168883740937592
2024-08-22,YEM,0.31670526852916936
2024-08-23,YEM,0.25453113341935296
2024-08-24,YEM,0.2546176716070764
2024-08-25,YEM,0.2731883847181952
2024-08-26,YEM,0.27683803268719964
2024-08-27,YEM,0.30020726080817534
2024-08-28,YEM,0.3042510223289525
2024-08-29,YEM,0.30825295817561066
2024-08-30,YEM,0.5114997307849675
2024-08-31,YEM,0.4674786126819569
2024-09-01,YEM,0.5499716340510102
2024-09-02,YEM,0.5196897902078566
2024-09-03,YEM,0.6575425711759204
2024-09-04,YEM,0.5355111824863259
2024-09-05,YEM,0.5642449850184061
2024-09-06,YEM,0.5591072630801014
2024-09-07,YEM,0.7904602133973003
2024-09-08,YEM,0.6693137353821833
2024-09-09,YEM,0.7541908848668382
2024-09-10,YEM,0.5828349058730327
2024-09-11,YEM,0.5143239868190141
2024-09-12,YEM,0.6319330812079472
2024-09-13,YEM,0.44630765214185414
2024-09-14,YEM,0.6748789440953864
2024-09-15,YEM,0.4201775245810103
2024-09-16,YEM,0.28044130363169467
2024-09-17,YEM,0.28119232225724516
2024-09-18,YEM,0.31618897741457735
2024-09-19,YEM,0.2803112746080803
2024-09-20,YEM,0.25494376303957034
2024-09-21,YEM,0.2650229938886187
2024-09-22,YEM,0.28387153859292674
2024-09-23,YEM,0.5553557714554407
2024-09-24,YEM,0.47696852350344726
2024-09-25,YEM,0.6857757049342511
2024-09-26,YEM,0.7754890853660956
2024-09-27,YEM,0.32529421559253463
2024-09-28,YEM,0.43333520149360405
2024-09-29,YEM,0.4535584182834183
2024-09-30,YEM,0.5308750284055767
2024-10-01,YEM,0.4614177094076371
2024-10-02,YEM,0.5269337853434639
2024-10-03,YEM,0.4588612537060192
2024-10-04,YEM,0.5347833854075487
2024-10-05,YEM,0.40233809821944366
2024-10-06,YEM,0.3948729640784273
2024-10-07,YEM,0.3618712121604053
2024-10-08,YEM,0.384623460258838
2024-10-09,YEM,0.43312411256331207
2024-10-10,YEM,0.4550387804127593
2024-10-11,YEM,0.5332753691287152
2024-10-12,YEM,0.5689298966450052
2024-10-13,YEM,0.5381570307152481
2024-10-14,YEM,0.6415234510256587
2024-10-15,YEM,0.5640870270982198
2024-10-16,YEM,0.4797923235339097
2024-10-17,YEM,0.4703100829258602
2024-10-18,YEM,0.5206170777951296
2024-10-19,YEM,0.41460529248429656
2024-10-20,YEM,0.46068673439954927
2024-10-21,YEM,0.4797352804988453
2024-10-22,YEM,0.44150946762524756
2024-10-23,YEM,0.39467122112328734
2024-10-24,YEM,0.3605781608348889
2024-10-25,YEM,0.3490298596901118
2024-10-26,YEM,0.3804413657757635
2024-10-27,YEM,0.33729143526516303
2024-10-28,YEM,0.39348024270499543
2024-10-29,YEM,0.31690901526547777
2024-10-30,YEM,0.33555935953435256
2024-10-31,YEM,0.4290101952995479
2024-11-01,YEM,0.3453909139445764
2024-11-02,YEM,0.3622755657133094
2024-11-03,YEM,0.39951838648678734
2024-11-04,YEM,0.44490188322685936
2024-11-05,YEM,0.42278332281526176
2024-11-06,YEM,0.4503824668896146
2024-11-07,YEM,0.507722772926561
2024-11-08,YEM,0.47844488569512794
2024-11-09,YEM,0.4992774759039178
2024-11-10,YEM,0.45464659858892803
2024-11-11,YEM,0.5380012038301343
2024-11-12,YEM,0.3549778361778066
2024-11-13,YEM,0.33275110279055076
2024-11-14,YEM,0.49591247410990635
2024-11-15,YEM,0.4533623687293991
2024-11-16,YEM,0.572295626366561
2024-11-17,YEM,0.5163495903460955
2024-11-18,YEM,0.5006403509201959
2024-11-19,YEM,0.4983205360706498
2024-11-20,YEM,0.6079358751538122
2024-11-21,YEM,0.4444431439420998
2024-11-22,YEM,0.38912161360094033
2024-11-23,YEM,0.4044022881314784
2024-11-24,YEM,0.5660287347272573
2024-11-25,YEM,0.35061113039541486
2024-11-26,YEM,0.411831639631065
2024-11-27,YEM,0.38036743050629684
2024-11-28,YEM,0.4136911113070309
2024-11-29,YEM,0.3902551964009331
2024-11-30,YEM,0.38739250150825066
2024-12-01,YEM,0.4125870951734347
2024-12-02,YEM,0.3615767069437802
2024-12-03,YEM,0.4066830763994495
2024-12-04,YEM,0.4595966084494641
2024-12-05,YEM,0.5626680936559477
2024-12-06,YEM,0.6608345245684579
2024-12-07,YEM,0.6168044529598615
2024-12-08,YEM,0.5249776396452804
2024-12-09,YEM,0.5364697465254618
2024-12-10,YEM,0.5320126832580577
2024-12-11,YEM,0.5334036400996921
2024-12-12,YEM,0.6986970018937312
2024-12-13,YEM,0.3677854948481605
2024-12-14,YEM,0.3271173309149233
2024-12-15,YEM,0.3424151819273154
2024-12-16,YEM,0.3211143045685185
2024-12-17,YEM,0.3645273015716237
2024-12-18,YEM,0.37473416426576744
2024-12-19,YEM,0.4679925618281337
2024-12-20,YEM,0.4173299235791158
2024-12-21,YEM,0.3671596074183841
2024-12-22,YEM,0.4187009652723043
2024-12-23,YEM,0.366640954233617
2024-12-24,YEM,0.39570773152322236
2024-12-25,YEM,0.386328617989684
2024-12-26,YEM,0.3799686235306153
2024-12-27,YEM,0.4317398788297608
2024-12-28,YEM,0.4060476011410767
2024-12-29,YEM,0.40520298664427135
2024-12-30,YEM,0.39636089719526596
2024-12-31,YEM,0.3747917870554702
2025-01-01,YEM,0.3400074264822108
2025-01-02,YEM,0.3742907021563427
2025-01-03,YEM,0.3495277670276978
2025-01-04,YEM,0.3922047123511758
2025-01-05,YEM,0.40890790984584185
2025-01-06,YEM,0.38685032218114246
2025-01-07,YEM,0.4372842009508756
2025-01-08,YEM,0.3596823764839352
2025-01-09,YEM,0.4043286741414187
2025-01-10,YEM,0.7060591881986986
2025-01-11,YEM,0.43892278770062904
2025-01-12,YEM,0.5192757434842061
2025-01-13,YEM,0.4459787933035048
2025-01-14,YEM,0.46574398331307243
2025-01-15,YEM,0.5593312134951269
2025-01-16,YEM,0.42855002492369104
2025-01-17,YEM,0.37389585879748843
2025-01-18,YEM,0.35932385218532586
2025-01-19,YEM,0.32201731462183586
2025-01-20,YEM,0.34691168888133966
2025-01-21,YEM,0.3148941991733096
2025-01-22,YEM,0.2856635398244357
2025-01-23,YEM,0.3101887074895069
2025-01-24,YEM,0.3016865615038024
2025-01-25,YEM,0.4468318061506302
2025-01-26,YEM,0.4557379619404714
2025-01-27,YEM,0.4420568524331764
2025-01-28,YEM,0.4727474761577041
2025-01-29,YEM,0.48225838969143014
2025-01-30,YEM,0.5826634545908921
2025-01-31,YEM,0.651506012097202
2025-02-01,YEM,0.6249599015559294
2025-02-02,YEM,0.6009790113606098
2025-02-03,YEM,0.41581984451383225
2025-02-04,YEM,0.5892965129487786
2025-02-05,YEM,0.5951878265014883
2025-02-06,YEM,0.5527323461850953
2025-02-07,YEM,0.46892630116199663
2025-02-08,YEM,0.4996727061056199
2025-02-09,YEM,0.4631970518392037
2025-02-10,YEM,0.5376670744137307
2025-02-11,YEM,0.45647714312345544
2025-02-12,YEM,0.4308934204958899
2025-02-13,YEM,0.41401735482674196
2025-02-14,YEM,0.38137101842213134
2025-02-15,YEM,0.4037366513333406
2025-02-16,YEM,0.5151367828678516
2025-02-17,YEM,0.42986393962364033
2025-02-18,YEM,0.4041450352745892
2025-02-19,YEM,0.42183885037330776
2025-02-20,YEM,0.5823403297237479
2025-02-21,YEM,0.5436556347650127
2025-02-22,YEM,0.5357439533877355
2025-02-23,YEM,0.5183321973327109
2025-02-24,YEM,0.5087091516250877
2025-02-25,YEM,0.5727542855331196
2025-02-26,YEM,0.42230620346596187
2025-02-27,YEM,0.39129489841081533
2025-02-28,YEM,0.45904470684992993
2025-03-01,YEM,0.4184257726993606
2025-03-02,YEM,0.5212187459327436
2025-03-03,YEM,0.48394932410905583
2025-03-04,YEM,0.44826391935140997
2025-03-05,YEM,0.4534306581707294
2025-03-06,YEM,0.4605419457074713
2025-03-07,YEM,0.4865637636997128
2025-03-08,YEM,0.5482220529713062
2025-03-09,YEM,0.6466304785099415
2025-03-10,YEM,0.6414536566748194
2025-03-11,YEM,0.7073705802674574
2025-03-12,YEM,0.6564827329856802
2025-03-13,YEM,0.6646644797955035
2025-03-14,YEM,0.5090446516465884
2025-03-15,YEM,0.665310318356727
2025-03-16,YEM,0.8695255144196473
2025-03-17,YEM,0.6335949055565889
2025-03-18,YEM,0.4566129159079508
2025-03-19,YEM,0.4816344590546003
2025-03-20,YEM,0.3969084173809929
2025-03-21,YEM,0.4532127619212819
2025-03-22,YEM,0.3561600576601097
2025-03-23,YEM,0.35090102990156635
2025-03-24,YEM,0.42817457671329295
2025-03-25,YEM,0.3819002402252373
2025-03-26,YEM,0.41328417647752486
2025-03-27,YEM,0.4197474575942124
2025-03-28,YEM,0.5568781375000652
2024-07-01,IRQ,0.3423410113981833
2024-07-02,IRQ,0.3155813484037334
2024-07-03,IRQ,0.6153803383235079
2024-07-04,IRQ,0.3619415413505437
2024-07-05,IRQ,0.40518968865182964
2024-07-06,IRQ,0.8221042202954661
2024-07-07,IRQ,0.4913814776028054
2024-07-08,IRQ,0.4802062424668761
2024-07-09,IRQ,0.5145663435412305
2024-07-10,IRQ,0.7070060657163864
2024-07-11,IRQ,0.632573228793242
2024-07-12,IRQ,0.8260557733181177
2024-07-13,IRQ,0.872177942135941
2024-07-14,IRQ,0.6502486215230848
2024-07-15,IRQ,0.581910314321471
2024-07-16,IRQ,0.576138094750875
2024-07-17,IRQ,0.5205815906716104
2024-07-18,IRQ,0.5392180559928699
2024-07-19,IRQ,0.3612660640673001
2024-07-20,IRQ,0.3886813972582825
2024-07-21,IRQ,0.357247435656499
2024-07-22,IRQ,0.31232652165406993
2024-07-23,IRQ,0.34430386154805964
2024-07-24,IRQ,0.3501054120251098
2024-07-25,IRQ,0.29592753063062904
2024-07-26,IRQ,0.5022229396842679
2024-07-27,IRQ,0.615670784074338
2024-07-28,IRQ,0.5822859525162467
2024-07-29,IRQ,0.8364690274547053
2024-07-30,IRQ,0.7026317416115379
2024-07-31,IRQ,0.7504767521265556
2024-08-01,IRQ,0.7611821126549319
2024-08-02,IRQ,0.5754258742149918
2024-08-03,IRQ,0.6090579103297534
2024-08-04,IRQ,0.8449064843944974
2024-08-05,IRQ,0.7114033423654698
2024-08-06,IRQ,0.7669864755408732
2024-08-07,IRQ,0.3537482230708975
2024-08-08,IRQ,0.49081985945310824
2024-08-09,IRQ,0.4846393533327964
2024-08-10,IRQ,0.5039701252397983
2024-08-11,IRQ,0.5453339305883773
2024-08-12,IRQ,0.4995687330783998
2024-08-13,IRQ,0.4734168603524309
2024-08-14,IRQ,0.8215133602301201
2024-08-15,IRQ,0.851121201575226
2024-08-16,IRQ,0.5617952554947845
2024-08-17,IRQ,0.4739264736273118
2024-08-18,IRQ,0.4495043386561616
2024-08-19,IRQ,0.4463652260950405
2024-08-20,IRQ,0.5708883025092437
2024-08-21,IRQ,0.6756368534506589
2024-08-22,IRQ,0.40441216055596413
2024-08-23,IRQ,0.5333086859072367
2024-08-24,IRQ,0.5653524336056379
2024-08-25,IRQ,0.6738721732396155
2024-08-26,IRQ,0.6097589486310675
2024-08-27,IRQ,0.8326910003240505
2024-08-28,IRQ,0.5049232679470435
2024-08-29,IRQ,0.828208505616309
2024-08-30,IRQ,0.4518273384158259
2024-08-31,IRQ,0.49823431885784364
2024-09-01,IRQ,0.43902980215692955
2024-09-02,IRQ,0.8764334904714396
2024-09-03,IRQ,0.45332496219079277
2024-09-04,IRQ,0.37474164506994156
2024-09-05,IRQ,0.2782774184402777
2024-09-06,IRQ,0.25687695162782986
2024-09-07,IRQ,0.30133377425901026
2024-09-08,IRQ,0.27405006551817007
2024-09-09,IRQ,0.24975827052919697
2024-09-10,IRQ,0.4343793421671198
2024-09-11,IRQ,0.26166415583101005
2024-09-12,IRQ,0.4433490867247669
2024-09-13,IRQ,0.49476301936074835
2024-09-14,IRQ,0.4478701462724769
2024-09-15,IRQ,0.6247227128979463
2024-09-16,IRQ,0.5892698458480928
2024-09-17,IRQ,0.6372205979066546
2024-09-18,IRQ,0.801776302513047
2024-09-19,IRQ,0.7503443984927418
2024-09-20,IRQ,0.7672229709635497
2024-09-21,IRQ,0.502479260765878
2024-09-22,IRQ,0.6588667371154713
2024-09-23,IRQ,0.5990345229725763
2024-09-24,IRQ,0.6333381004418057
2024-09-25,IRQ,0.6106757835552136
2024-09-26,IRQ,0.49484512538470243
2024-09-27,IRQ,0.8162051595896057
2024-09-28,IRQ,0.48565442236175643
2024-09-29,IRQ,0.586657893550901
2024-09-30,IRQ,0.5044311904149519
2024-10-01,IRQ,0.6608833179825734
2024-10-02,IRQ,0.3874085785909884
2024-10-03,IRQ,0.6419982085762814
2024-10-04,IRQ,0.4328829129505669
2024-10-05,IRQ,0.4231727498914607
2024-10-06,IRQ,0.40146806793618606
2024-10-07,IRQ,0.4129994126396052
2024-10-08,IRQ,0.5109672346064458
2024-10-09,IRQ,0.3776233861539325
2024-10-10,IRQ,0.44947611655724734
2024-10-11,IRQ,0.37223380945310447
2024-10-12,IRQ,0.36297949505211885
2024-10-13,IRQ,0.38420717985429254
2024-10-14,IRQ,0.45544552327898746
2024-10-15,IRQ,0.49947119862642836
2024-10-16,IRQ,0.5918232418490582
2024-10-17,IRQ,0.47502005666693037
2024-10-18,IRQ,0.4197171509987553
2024-10-19,IRQ,0.47567074513978147
2024-10-20,IRQ,0.5060414722590756
2024-10-21,IRQ,0.5598553591542335
2024-10-22,IRQ,0.5402646810881996
2024-10-23,IRQ,0.6033347212890839
2024-10-24,IRQ,0.8517733945197877
2024-10-25,IRQ,0.45635664932277914
2024-10-26,IRQ,0.38016177644415544
2024-10-27,IRQ,0.4627748259045302
2024-10-28,IRQ,0.39278123184114505
2024-10-29,IRQ,0.4677459515107731
2024-10-30,IRQ,0.37869969460762537
2024-10-31,IRQ,0.29232392248194805
2024-11-01,IRQ,0.2662930572538962
2024-11-02,IRQ,0.268349948061229
2024-11-03,IRQ,0.2700983751255789
2024-11-04,IRQ,0.2626604538049808
2024-11-05,IRQ,0.27297718865256343
2024-11-06,IRQ,0.2618555320068247
2024-11-07,IRQ,0.37066410030813396
2024-11-08,IRQ,0.3733355071209137
2024-11-09,IRQ,0.42837407921916903
2024-11-10,IRQ,0.4078973560166225
2024-11-11,IRQ,0.588133375682907
2024-11-12,IRQ,0.5384305397627952
2024-11-13,IRQ,0.6196409653452453
2024-11-14,IRQ,0.7510540893193033
2024-11-15,IRQ,0.6311237504827047
2024-11-16,IRQ,0.4861811402173701
2024-11-17,IRQ,0.4930331320620376
2024-11-18,IRQ,0.5732083360156807
2024-11-19,IRQ,0.6150591909305924
2024-11-20,IRQ,0.5160211902610868
2024-11-21,IRQ,0.5919836934829508
2024-11-22,IRQ,0.49472624130813975
2024-11-23,IRQ,0.569288293095437
2024-11-24,IRQ,0.6819842224408673
2024-11-25,IRQ,0.5820501963071195
2024-11-26,IRQ,0.6015110662217066
2024-11-27,IRQ,0.6558382789911409
2024-11-28,IRQ,0.6179193738510471
2024-11-29,IRQ,0.5453453689008939
2024-11-30,IRQ,0.5639879538991279
2024-12-01,IRQ,0.5598889355966007
2024-12-02,IRQ,0.45727728156451025
2024-12-03,IRQ,0.7975527311985343
2024-12-04,IRQ,0.47734274804809357
2024-12-05,IRQ,0.5070505436217215
2024-12-06,IRQ,0.4255037809452209
2024-12-07,IRQ,0.4307901821926419
2024-12-08,IRQ,0.44374567909410256
2024-12-09,IRQ,0.47189513187816995
2024-12-10,IRQ,0.389942332692089
2024-12-11,IRQ,0.419242564552863
2024-12-12,IRQ,0.4186602981395045
2024-12-13,IRQ,0.5479701428968654
2024-12-14,IRQ,0.49092632056489105
2024-12-15,IRQ,0.4952312122423967
2024-12-16,IRQ,0.43492995776050997
2024-12-17,IRQ,0.6410539537973893
2024-12-18,IRQ,0.46406596655781573
2024-12-19,IRQ,0.47164766808555697
2024-12-20,IRQ,0.614605756529141
2024-12-21,IRQ,0.38483247776477997
2024-12-22,IRQ,0.4556820024932879
2024-12-23,IRQ,0.5712683617013978
2024-12-24,IRQ,0.8000538063609361
2024-12-25,IRQ,0.8962735612550855
2024-12-26,IRQ,0.6177923538190172
2024-12-27,IRQ,0.8883949859641944
2024-12-28,IRQ,0.7495224208235228
2024-12-29,IRQ,0.6976904925833353
2024-12-30,IRQ,0.8393687636969545
2024-12-31,IRQ,0.6659508722446649
2025-01-01,IRQ,0.41715389531620434
2025-01-02,IRQ,0.4899224854064994
2025-01-03,IRQ,0.36494242702378027
2025-01-04,IRQ,0.48804426393646466
2025-01-05,IRQ,0.4973295554753667
2025-01-06,IRQ,0.3493680708134845
2025-01-07,IRQ,0.3531303531925939
2025-01-08,IRQ,0.47147483497280523
2025-01-09,IRQ,0.33300291956031597
2025-01-10,IRQ,0.3276716621862693
2025-01-11,IRQ,0.31348371916047507
2025-01-12,IRQ,0.36568883195862417
2025-01-13,IRQ,0.5009849777865164
2025-01-14,IRQ,0.3300061402216927
2025-01-15,IRQ,0.44642474052410275
2025-01-16,IRQ,0.38147139273283376
2025-01-17,IRQ,0.34848903566615813
2025-01-18,IRQ,0.33572913518985054
2025-01-19,IRQ,0.3620786235282477
2025-01-20,IRQ,0.424012776857612
2025-01-21,IRQ,0.5268058891617012
2025-01-22,IRQ,0.47243277952736795
2025-01-23,IRQ,0.524222650163228
2025-01-24,IRQ,0.5023106367774383
2025-01-25,IRQ,0.7237518894776841
2025-01-26,IRQ,0.48000297771562167
2025-01-27,IRQ,0.6256269819136631
2025-01-28,IRQ,0.44523894343087633
2025-01-29,IRQ,0.4723210106459145
2025-01-30,IRQ,0.5533695927684935
2025-01-31,IRQ,0.4590607404094371
2025-02-01,IRQ,0.552376839794962
2025-02-02,IRQ,0.6418306964830062
2025-02-03,IRQ,0.7250266197288072
2025-02-04,IRQ,0.449893412349843
2025-02-05,IRQ,0.45104645305028346
2025-02-06,IRQ,0.4279108714569182
2025-02-07,IRQ,0.47253697170258097
2025-02-08,IRQ,0.3380039793259854
2025-02-09,IRQ,0.388852612122181
2025-02-10,IRQ,0.6359647865040241
2025-02-11,IRQ,0.36005839741845314
2025-02-12,IRQ,0.3478443327891714
2025-02-13,IRQ,0.30878574159740424
2025-02-14,IRQ,0.441737297185404
2025-02-15,IRQ,0.5497084877945592
2025-02-16,IRQ,0.5831574064583667
2025-02-17,IRQ,0.5172235322975681
2025-02-18,IRQ,0.47276415994908133
2025-02-19,IRQ,0.6352047158740627
2025-02-20,IRQ,0.8546418913638735
2025-02-21,IRQ,0.475992444165015
2025-02-22,IRQ,0.38870158607941724
2025-02-23,IRQ,0.5505287621820792
2025-02-24,IRQ,0.4911486511016736
2025-02-25,IRQ,0.3882748450039886
2025-02-26,IRQ,0.4552495484921377
2025-02-27,IRQ,0.7721462842479573
2025-02-28,IRQ,0.6104518923200714
2025-03-01,IRQ,0.40927349769449406
2025-03-02,IRQ,0.735278795777964
2025-03-03,IRQ,0.4783786302382827
2025-03-04,IRQ,0.7015142838352426
2025-03-05,IRQ,0.520613774459323
2025-03-06,IRQ,0.6588337592708414
2025-03-07,IRQ,0.6598744254513128
2025-03-08,IRQ,0.6266128585304149
2025-03-09,IRQ,0.5118748728248834
2025-03-10,IRQ,0.594380747283356
2025-03-11,IRQ,0.716270725842193
2025-03-12,IRQ,0.7779694107142635
2025-03-13,IRQ,0.5467472660508079
2025-03-14,IRQ,0.5178574746929848
2025-03-15,IRQ,0.7902152999355468
2025-03-16,IRQ,0.5550299272192004
2025-03-17,IRQ,0.8717634224306342
2025-03-18,IRQ,0.7171962958960011
2025-03-19,IRQ,0.7135452135281551
2025-03-20,IRQ,0.7194036607279745
2025-03-21,IRQ,0.4879194489993122
2025-03-22,IRQ,0.7298840277285251
2025-03-23,IRQ,0.7812582744066071
2025-03-24,IRQ,0.5419221369360316
2025-03-25,IRQ,0.5244432465117532
2025-03-26,IRQ,0.5643423144407991
2025-03-27,IRQ,0.7417566694588273
2025-03-28,IRQ,0.6155537251887335
2024-07-01,LBN,0.36239566320275163
2024-07-02,LBN,0.4040762101932911
2024-07-03,LBN,0.44588649697660115
2024-07-04,LBN,0.48580843410564406
2024-07-05,LBN,0.4759294285175814
2024-07-06,LBN,0.3504400159581902
2024-07-07,LBN,0.32502137653689406
2024-07-08,LBN,0.31398518685163607
2024-07-09,LBN,0.35456713996729794
2024-07-10,LBN,0.3101474213130775
2024-07-11,LBN,0.30785092684929255
2024-07-12,LBN,0.31788615743394216
2024-07-13,LBN,0.4922798294306245
2024-07-14,LBN,0.5427012083944485
2024-07-15,LBN,0.40724863626187896
2024-07-16,LBN,0.32944800830472454
2024-07-17,LBN,0.47164930193437865
2024-07-18,LBN,0.36751414836271595
2024-07-19,LBN,0.37661732757069494
2024-07-20,LBN,0.5029924545270232
2024-07-21,LBN,0.34348767403238245
2024-07-22,LBN,0.31825309203429364
2024-07-23,LBN,0.2953352775480305
2024-07-24,LBN,0.295213255416818
2024-07-25,LBN,0.29999010012099764
2024-07-26,LBN,0.30320443679560144
2024-07-27,LBN,0.3282884074739193
2024-07-28,LBN,0.40595751192117446
2024-07-29,LBN,0.35394616813427043
2024-07-30,LBN,0.4586924985753565
2024-07-31,LBN,0.4116723844842705
2024-08-01,LBN,0.4046206165031503
2024-08-02,LBN,0.38525115897259665
2024-08-03,LBN,0.2977225134954925
2024-08-04,LBN,0.3544273632250083
2024-08-05,LBN,0.32557585516942356
2024-08-06,LBN,0.29632475328058355
2024-08-07,LBN,0.2916693479458289
2024-08-08,LBN,0.28442722011326393
2024-08-09,LBN,0.28098293094234017
2024-08-10,LBN,0.27287193297312484
2024-08-11,LBN,0.2870415798921575
2024-08-12,LBN,0.28200240150916756
2024-08-13,LBN,0.2752149982555305
2024-08-14,LBN,0.2830787455696449
2024-08-15,LBN,0.3004645382803348
2024-08-16,LBN,0.2946433251443329
2024-08-17,LBN,0.29139534480876106
2024-08-18,LBN,0.2950479743476479
2024-08-19,LBN,0.3104831807328868
2024-08-20,LBN,0.3429274305677993
2024-08-21,LBN,0.3428342295356247
2024-08-22,LBN,0.32282052895928864
2024-08-23,LBN,0.32638485310526605
2024-08-24,LBN,0.2994567685164488
2024-08-25,LBN,0.6484244442632383
2024-08-26,LBN,0.43517912900704603
2024-08-27,LBN,0.28122435738031376
2024-08-28,LBN,0.28259848465740767
2024-08-29,LBN,0.3148016140809654
2024-08-30,LBN,0.26839723264850096
2024-08-31,LBN,0.38967978410438747
2024-09-01,LBN,0.317387151656949
2024-09-02,LBN,0.30232094594359576
2024-09-03,LBN,0.3804489958026117
2024-09-04,LBN,0.3682589528424218
2024-09-05,LBN,0.3192051115082518
2024-09-06,LBN,0.33289814198832884
2024-09-07,LBN,0.36045768121372357
2024-09-08,LBN,0.4243232093279189
2024-09-09,LBN,0.39086023406277487
2024-09-10,LBN,0.3542736351293084
2024-09-11,LBN,0.4666472114858149
2024-09-12,LBN,0.42769304744768927
2024-09-13,LBN,0.4173443197859917
2024-09-14,LBN,0.37309259667166894
2024-09-15,LBN,0.684690583353046
2024-09-16,LBN,0.40239839331296645
2024-09-17,LBN,0.8755223626753557
2024-09-18,LBN,0.8124762046771675
2024-09-19,LBN,0.5283457394935323
2024-09-20,LBN,0.7100067390033478
2024-09-21,LBN,0.6524931339657659
2024-09-22,LBN,0.47926460306326596
2024-09-23,LBN,0.8752235507991359
2024-09-24,LBN,0.8260950125026663
2024-09-25,LBN,0.45319331784784234
2024-09-26,LBN,0.4273995612970658
2024-09-27,LBN,0.22315451622937948
2024-09-28,LBN,0.2319356790048399
2024-09-29,LBN,0.23050875492079934
2024-09-30,LBN,0.24617874395638648
2024-10-01,LBN,0.23021547209165705
2024-10-02,LBN,0.2449399129093494
2024-10-03,LBN,0.23888445917689338
2024-10-04,LBN,0.23439194945955255
2024-10-05,LBN,0.2455752747248795
2024-10-06,LBN,0.23377940453884566
2024-10-07,LBN,0.21579878313414644
2024-10-08,LBN,0.2106065511312229
2024-10-09,LBN,0.24571168343935895
2024-10-10,LBN,0.2434285760413918
2024-10-11,LBN,0.23598070738042667
2024-10-12,LBN,0.22271001990360004
2024-10-13,LBN,0.31006448179841023
2024-10-14,LBN,0.27534761534434027
2024-10-15,LBN,0.2843494183983703
2024-10-16,LBN,0.2431524115926713
2024-10-17,LBN,0.2922745031742406
2024-10-18,LBN,0.2810002752516141
2024-10-19,LBN,0.2632365244037732
2024-10-20,LBN,0.25877060644381883
2024-10-21,LBN,0.3337234805974239
2024-10-22,LBN,0.2570902585437357
2024-10-23,LBN,0.26130308306485384
2024-10-24,LBN,0.2734862486308652
2024-10-25,LBN,0.2729842782749524
2024-10-26,LBN,0.2959182781803423
2024-10-27,LBN,0.30105163521133627
2024-10-28,LBN,0.30895559493031954
2024-10-29,LBN,0.265412859393634
2024-10-30,LBN,0.2847950461031584
2024-10-31,LBN,0.27117099590346916
2024-11-01,LBN,0.3302265337502569
2024-11-02,LBN,0.3046226858367646
2024-11-03,LBN,0.2625490514799264
2024-11-04,LBN,0.2626877071394496
2024-11-05,LBN,0.2796533995925714
2024-11-06,LBN,0.3115962072974548
2024-11-07,LBN,0.2733601430536861
2024-11-08,LBN,0.30757558530016466
2024-11-09,LBN,0.3490993997560024
2024-11-10,LBN,0.2745782735246799
2024-11-11,LBN,0.2754504645640782
2024-11-12,LBN,0.29170999139431336
2024-11-13,LBN,0.2723783100728434
2024-11-14,LBN,0.33974143037950894
2024-11-15,LBN,0.3349040578404366
2024-11-16,LBN,0.27167914104535396
2024-11-17,LBN,0.3450854114239311
2024-11-18,LBN,0.26799917249494365
2024-11-19,LBN,0.28999833283590404
2024-11-20,LBN,0.3379306633935746
2024-11-21,LBN,0.350893269495083
2024-11-22,LBN,0.3228019026824467
2024-11-23,LBN,0.30122091919442673
2024-11-24,LBN,0.3026066905175292
2024-11-25,LBN,0.2670185461708294
2024-11-26,LBN,0.41210099523404403
2024-11-27,LBN,0.40601690145136354
2024-11-28,LBN,0.2983526347852184
2024-11-29,LBN,0.3352180023688095
2024-11-30,LBN,0.35545398612570644
2024-12-01,LBN,0.3204836053147775
2024-12-02,LBN,0.2894658413100216
2024-12-03,LBN,0.28953355020628463
2024-12-04,LBN,0.2918204153996726
2024-12-05,LBN,0.2819995113348807
2024-12-06,LBN,0.254913397902248
2024-12-07,LBN,0.30999467132256736
2024-12-08,LBN,0.43341395269385996
2024-12-09,LBN,0.3209346218389136
2024-12-10,LBN,0.35318602179399966
2024-12-11,LBN,0.37729340382770477
2024-12-12,LBN,0.4568024093309111
2024-12-13,LBN,0.3969697181722383
2024-12-14,LBN,0.45630796820385533
2024-12-15,LBN,0.4075494143188357
2024-12-16,LBN,0.48201133021015424
2024-12-17,LBN,0.4493902039726819
2024-12-18,LBN,0.5193292412501718
2024-12-19,LBN,0.4967256324434899
2024-12-20,LBN,0.3775861912271148
2024-12-21,LBN,0.37379177311300543
2024-12-22,LBN,0.438511413688198
2024-12-23,LBN,0.6168181728679475
2024-12-24,LBN,0.4582690906670721
2024-12-25,LBN,0.5739026247894462
2024-12-26,LBN,0.8284280506100442
2024-12-27,LBN,0.5359141251113577
2024-12-28,LBN,0.7921130967822846
2024-12-29,LBN,0.7746671847653116
2024-12-30,LBN,0.5613419542684406
2024-12-31,LBN,0.5758150387793939
2025-01-01,LBN,0.43998288084381376
2025-01-02,LBN,0.4459556554147107
2025-01-03,LBN,0.6451113853736155
2025-01-04,LBN,0.5434235052742322
2025-01-05,LBN,0.5267882065421513
2025-01-06,LBN,0.7970944670801146
2025-01-07,LBN,0.789905983742112
2025-01-08,LBN,0.8146274320181163
2025-01-09,LBN,0.9204023077351321
2025-01-10,LBN,0.7532990143135069
2025-01-11,LBN,0.41258371636230773
2025-01-12,LBN,0.41842446751423584
2025-01-13,LBN,0.4686529249985383
2025-01-14,LBN,0.3711921937736962
2025-01-15,LBN,0.3574655950226893
2025-01-16,LBN,0.3437778392784312
2025-01-17,LBN,0.3728061987560441
2025-01-18,LBN,0.3253364638555819
2025-01-19,LBN,0.4313886910504233
2025-01-20,LBN,0.32034727822539233
2025-01-21,LBN,0.322520916056656
2025-01-22,LBN,0.29136263593163536
2025-01-23,LBN,0.2972390204794339
2025-01-24,LBN,0.8885861631899472
2025-01-25,LBN,0.7850809726634007
2025-01-26,LBN,0.94253091546823
2025-01-27,LBN,0.9296975397084632
2025-01-28,LBN,0.8728402244671168
2025-01-29,LBN,0.8287685593909337
2025-01-30,LBN,0.5887153695114696
2025-01-31,LBN,0.7713028041686799
2025-02-01,LBN,0.8223893078126766
2025-02-02,LBN,0.454118062513314
2025-02-03,LBN,0.33097344638482523
2025-02-04,LBN,0.3529808684754822
2025-02-05,LBN,0.2943011291159203
2025-02-06,LBN,0.31322820714601163
2025-02-07,LBN,0.2920428740773399
2025-02-08,LBN,0.29066305235037704
2025-02-09,LBN,0.5499349347603315
2025-02-10,LBN,0.3632566721958792
2025-02-11,LBN,0.4364932887074532
2025-02-12,LBN,0.5873775447707947
2025-02-13,LBN,0.5736510123855012
2025-02-14,LBN,0.4587770532812979
2025-02-15,LBN,0.35948180522844275
2025-02-16,LBN,0.39954945476393994
2025-02-17,LBN,0.3710161215751213
2025-02-18,LBN,0.3679966565666514
2025-02-19,LBN,0.3932799279110232
2025-02-20,LBN,0.3236941257845247
2025-02-21,LBN,0.3010883231713563
2025-02-22,LBN,0.3899219324969306
2025-02-23,LBN,0.49617427943878023
2025-02-24,LBN,0.37017449376247746
2025-02-25,LBN,0.47747082108791633
2025-02-26,LBN,0.5150885715466554
2025-02-27,LBN,0.4815823655213666
2025-02-28,LBN,0.3965540226659978
2025-03-01,LBN,0.5828653477353828
2025-03-02,LBN,0.7908023774307206
2025-03-03,LBN,0.8611732003660556
2025-03-04,LBN,0.5799920465075673
2025-03-05,LBN,0.43219115128375474
2025-03-06,LBN,0.5444907856925874
2025-03-07,LBN,0.6545071428587749
2025-03-08,LBN,0.4797638795584985
2025-03-09,LBN,0.4547204056629888
2025-03-10,LBN,0.46017298611330815
2025-03-11,LBN,0.494595017735481
2025-03-12,LBN,0.5777397869476979
2025-03-13,LBN,0.6190620003823288
2025-03-14,LBN,0.5355253068778141
2025-03-15,LBN,0.47028279617709035
2025-03-16,LBN,0.5150309646350756
2025-03-17,LBN,0.7476341343697104
2025-03-18,LBN,0.8502112784414665
2025-03-19,LBN,0.7697867466073639
2025-03-20,LBN,0.47090911433588933
2025-03-21,LBN,0.5207194673381889
2025-03-22,LBN,0.80389086520896
2025-03-23,LBN,0.3603959448560011
2025-03-24,LBN,0.32823635369866466
2025-03-25,LBN,0.3063218079899156
2025-03-26,LBN,0.3273568431042634
2025-03-27,LBN,0.30014599415467474
2025-03-28,LBN,0.42198709594633255
2024-07-01,IRN,0.526303891127701
2024-07-02,IRN,0.5868280048642712
2024-07-03,IRN,0.5517071436254585
2024-07-04,IRN,0.5176279426457854
2024-07-05,IRN,0.8198441464188885
2024-07-06,IRN,0.7451565634504012
2024-07-07,IRN,0.7236459739466169
2024-07-08,IRN,0.4906929788999723
2024-07-09,IRN,0.6004284839053883
2024-07-10,IRN,0.4606997578481481
2024-07-11,IRN,0.44777778222367676
2024-07-12,IRN,0.3951971847235602
2024-07-13,IRN,0.7627513515992758
2024-07-14,IRN,0.7550808845184817
2024-07-15,IRN,0.7479008508872704
2024-07-16,IRN,0.4356050247365733
2024-07-17,IRN,0.6715185221673478
2024-07-18,IRN,0.7633107949208995
2024-07-19,IRN,0.35511811222741585
2024-07-20,IRN,0.3655167894997726
2024-07-21,IRN,0.3792024753118082
2024-07-22,IRN,0.4954447269176643
2024-07-23,IRN,0.8336290228880977
2024-07-24,IRN,0.43135304303840405
2024-07-25,IRN,0.38467365839409146
2024-07-26,IRN,0.3669161164110613
2024-07-27,IRN,0.3843048067811922
2024-07-28,IRN,0.3947971168848654
2024-07-29,IRN,0.3890271347771684
2024-07-30,IRN,0.3968776602914292
2024-07-31,IRN,0.9179764765799616
2024-08-01,IRN,0.7949270283522721
2024-08-02,IRN,0.8183760277112119
2024-08-03,IRN,0.8524266859918047
2024-08-04,IRN,0.688455499029751
2024-08-05,IRN,0.8814957927777549
2024-08-06,IRN,0.8419645018920776
2024-08-07,IRN,0.4571676547256167
2024-08-08,IRN,0.35286642723723954
2024-08-09,IRN,0.3967803630463883
2024-08-10,IRN,0.3945954225470138
2024-08-11,IRN,0.4019195252849938
2024-08-12,IRN,0.3551328355004264
2024-08-13,IRN,0.35060436228838765
2024-08-14,IRN,0.4742302921899651
2024-08-15,IRN,0.45068143655567267
2024-08-16,IRN,0.8225687914368723
2024-08-17,IRN,0.42049157736167436
2024-08-18,IRN,0.41102292423276077
2024-08-19,IRN,0.6387261454497657
2024-08-20,IRN,0.6853659935362715
2024-08-21,IRN,0.7942905964572746
2024-08-22,IRN,0.8114415972465854
2024-08-23,IRN,0.8245982605456545
2024-08-24,IRN,0.5174833595697264
2024-08-25,IRN,0.5717077579438655
2024-08-26,IRN,0.5654839679996092
2024-08-27,IRN,0.5744815448370549
2024-08-28,IRN,0.8254578185490998
2024-08-29,IRN,0.5674298239617772
2024-08-30,IRN,0.6124023624682686
2024-08-31,IRN,0.5704815829606324
2024-09-01,IRN,0.5588414764045992
2024-09-02,IRN,0.8190598401510981
2024-09-03,IRN,0.626202326521374
2024-09-04,IRN,0.49321627055638145
2024-09-05,IRN,0.4957723154865404
2024-09-06,IRN,0.7784129105708503
2024-09-07,IRN,0.8808065160796555
2024-09-08,IRN,0.7984628845849806
2024-09-09,IRN,0.6141025020632033
2024-09-10,IRN,0.5915662153181511
2024-09-11,IRN,0.6067248600255997
2024-09-12,IRN,0.8963157493923317
2024-09-13,IRN,0.6702295664572545
2024-09-14,IRN,0.5018649669208306
2024-09-15,IRN,0.6381591465006777
2024-09-16,IRN,0.61145772722829
2024-09-17,IRN,0.4927839131521004
2024-09-18,IRN,0.47876682068225157
2024-09-19,IRN,0.5399533485692335
2024-09-20,IRN,0.39169331261876805
2024-09-21,IRN,0.36811656219114053
2024-09-22,IRN,0.3925038695762675
2024-09-23,IRN,0.3425613147185651
2024-09-24,IRN,0.35214989911105127
2024-09-25,IRN,0.33760363724980413
2024-09-26,IRN,0.3899263031303838
2024-09-27,IRN,0.7947926371967761
2024-09-28,IRN,0.37182947618928325
2024-09-29,IRN,0.8870841885119847
2024-09-30,IRN,0.594519501351502
2024-10-01,IRN,0.9270461106733067
2024-10-02,IRN,0.7199445829372988
2024-10-03,IRN,0.862645237924674
2024-10-04,IRN,0.366988032949694
2024-10-05,IRN,0.3086277785932223
2024-10-06,IRN,0.3392904693363055
2024-10-07,IRN,0.4007431149281508
2024-10-08,IRN,0.2801986621188919
2024-10-09,IRN,0.3120236489714415
2024-10-10,IRN,0.29756355947339874
2024-10-11,IRN,0.32811644200491324
2024-10-12,IRN,0.29639739693976674
2024-10-13,IRN,0.6612290065120285
2024-10-14,IRN,0.6467446980530606
2024-10-15,IRN,0.3834987902054542
2024-10-16,IRN,0.3889251699180332
2024-10-17,IRN,0.3958895897660567
2024-10-18,IRN,0.8029272610930638
2024-10-19,IRN,0.38478172935444194
2024-10-20,IRN,0.32055184870585834
2024-10-21,IRN,0.32435677919650996
2024-10-22,IRN,0.3842022639165915
2024-10-23,IRN,0.31954481672619095
2024-10-24,IRN,0.3118346994346071
2024-10-25,IRN,0.3307509535970953
2024-10-26,IRN,0.902668245251124
2024-10-27,IRN,0.9046990267983214
2024-10-28,IRN,0.9238040766974714
2024-10-29,IRN,0.5860115563806146
2024-10-30,IRN,0.8936282656178692
2024-10-31,IRN,0.906235229182261
2024-11-01,IRN,0.904628439537339
2024-11-02,IRN,0.4187358438564583
2024-11-03,IRN,0.31884525543995756
2024-11-04,IRN,0.30615269266444795
2024-11-05,IRN,0.4102907000094002
2024-11-06,IRN,0.30181902973135255
2024-11-07,IRN,0.31718814013167446
2024-11-08,IRN,0.3513131117443799
2024-11-09,IRN,0.5390554453661117
2024-11-10,IRN,0.6143778556826026
2024-11-11,IRN,0.4592207971234259
2024-11-12,IRN,0.29368562450146357
2024-11-13,IRN,0.2973413687620905
2024-11-14,IRN,0.32700207689362826
2024-11-15,IRN,0.29393617504914327
2024-11-16,IRN,0.2766439374960402
2024-11-17,IRN,0.26710341133243964
2024-11-18,IRN,0.28597996210102256
2024-11-19,IRN,0.5028152113455948
2024-11-20,IRN,0.3496402839337208
2024-11-21,IRN,0.28794411354401633
2024-11-22,IRN,0.37646197149318333
2024-11-23,IRN,0.334752581212303
2024-11-24,IRN,0.3576384159313305
2024-11-25,IRN,0.3623210987612438
2024-11-26,IRN,0.3556692005041015
2024-11-27,IRN,0.3789950560770245
2024-11-28,IRN,0.5562313365960995
2024-11-29,IRN,0.49186479443291253
2024-11-30,IRN,0.553972150319183
2024-12-01,IRN,0.5390359657663988
2024-12-02,IRN,0.6929994649572191
2024-12-03,IRN,0.6847617064844361
2024-12-04,IRN,0.9332182410068887
2024-12-05,IRN,0.8091177274191945
2024-12-06,IRN,0.8601855121385165
2024-12-07,IRN,0.8552568969954715
2024-12-08,IRN,0.8538313733940086
2024-12-09,IRN,0.8584313481635021
2024-12-10,IRN,0.832001909728755
2024-12-11,IRN,0.6165918313719891
2024-12-12,IRN,0.41923826261120506
2024-12-13,IRN,0.4123390231252324
2024-12-14,IRN,0.406740449970667
2024-12-15,IRN,0.40540546945051764
2024-12-16,IRN,0.3886189641297079
2024-12-17,IRN,0.405376935758411
2024-12-18,IRN,0.6184731185315131
2024-12-19,IRN,0.7651051702129681
2024-12-20,IRN,0.605785075143421
2024-12-21,IRN,0.5956933264977158
2024-12-22,IRN,0.6508581715615972
2024-12-23,IRN,0.6500999632081048
2024-12-24,IRN,0.6088570613962002
2024-12-25,IRN,0.8511541191352774
2024-12-26,IRN,0.42864810052369823
2024-12-27,IRN,0.4006577452872686
2024-12-28,IRN,0.4816792301185146
2024-12-29,IRN,0.3574308631311252
2024-12-30,IRN,0.33727289951675776
2024-12-31,IRN,0.4365645480929554
2025-01-01,IRN,0.3282834281510802
2025-01-02,IRN,0.41401590005155614
2025-01-03,IRN,0.7757401230883781
2025-01-04,IRN,0.4422226656519384
2025-01-05,IRN,0.45047272932996724
2025-01-06,IRN,0.7605338288956357
2025-01-07,IRN,0.3378919378574029
2025-01-08,IRN,0.41446836141125165
2025-01-09,IRN,0.3487689049488449
2025-01-10,IRN,0.33800461641230306
2025-01-11,IRN,0.31595629722854945
2025-01-12,IRN,0.44053946917687686
2025-01-13,IRN,0.4721972490083201
2025-01-14,IRN,0.7263251883494897
2025-01-15,IRN,0.7636300891342883
2025-01-16,IRN,0.7659148434279504
2025-01-17,IRN,0.8692095414563547
2025-01-18,IRN,0.9473351358354043
2025-01-19,IRN,0.938522383858288
2025-01-20,IRN,0.7922346219107967
2025-01-21,IRN,0.7836017195608562
2025-01-22,IRN,0.7955096648123376
2025-01-23,IRN,0.7709921554355248
2025-01-24,IRN,0.7618780311728415
2025-01-25,IRN,0.801134651395698
2025-01-26,IRN,0.599970103063817
2025-01-27,IRN,0.49627691142539565
2025-01-28,IRN,0.3530592926249114
2025-01-29,IRN,0.3598779372212107
2025-01-30,IRN,0.4654982923877375
2025-01-31,IRN,0.3884234610105104
2025-02-01,IRN,0.47072456521041106
2025-02-02,IRN,0.45794756878871623
2025-02-03,IRN,0.4649368406119437
2025-02-04,IRN,0.47793167968400335
2025-02-05,IRN,0.5084505438987188
2025-02-06,IRN,0.4947078138160104
2025-02-07,IRN,0.5038389061150917
2025-02-08,IRN,0.6425520789424971
2025-02-09,IRN,0.795274969588904
2025-02-10,IRN,0.7925519152645831
2025-02-11,IRN,0.7834303148952971
2025-02-12,IRN,0.7946540939596808
2025-02-13,IRN,0.9413623118296792
2025-02-14,IRN,0.9430850515691747
2025-02-15,IRN,0.8747590113899535
2025-02-16,IRN,0.8608453825785516
2025-02-17,IRN,0.8600773449417676
2025-02-18,IRN,0.8563205544679883
2025-02-19,IRN,0.9188349108531735
2025-02-20,IRN,0.7971340001804493
2025-02-21,IRN,0.7512850645788757
2025-02-22,IRN,0.8998657132816292
2025-02-23,IRN,0.9281989339883085
2025-02-24,IRN,0.7895264956805104
2025-02-25,IRN,0.9047124354281265
2025-02-26,IRN,0.8191106301637474
2025-02-27,IRN,0.9419570365740166
2025-02-28,IRN,0.8767714516025445
2025-03-01,IRN,0.9331191556859009
2025-03-02,IRN,0.5264975814388604
2025-03-03,IRN,0.4573035383569628
2025-03-04,IRN,0.3215072590962058
2025-03-05,IRN,0.3303253994165661
2025-03-06,IRN,0.34015950371812304
2025-03-07,IRN,0.521421672187241
2025-03-08,IRN,0.35183065130747426
2025-03-09,IRN,0.34958994883856703
2025-03-10,IRN,0.35934862359557657
2025-03-11,IRN,0.363753712231522
2025-03-12,IRN,0.36196396629361777
2025-03-13,IRN,0.37256154764027544
2025-03-14,IRN,0.5840496223844872
2025-03-15,IRN,0.5934866652452014
2025-03-16,IRN,0.5314732826807902
2025-03-17,IRN,0.49867071181322925
2025-03-18,IRN,0.49280369817612973
2025-03-19,IRN,0.46813359978210756
2025-03-20,IRN,0.4906949952560429
2025-03-21,IRN,0.4900932780670678
2025-03-22,IRN,0.3947952954876844
2025-03-23,IRN,0.3873301275241465
2025-03-24,IRN,0.39488279539107146
2025-03-25,IRN,0.38469162107657684
2025-03-26,IRN,0.42833066585987634
2025-03-27,IRN,0.6306189833484276
2025-03-28,IRN,0.5572420147227187
2024-07-01,TUR,0.2668583492848159
2024-07-02,TUR,0.27342676082541945
2024-07-03,TUR,0.2701865858356402
2024-07-04,TUR,0.6471951507372997
2024-07-05,TUR,0.6842183768745977
2024-07-06,TUR,0.7060737035897956
2024-07-07,TUR,0.8298200438304052
2024-07-08,TUR,0.7325732626620554
2024-07-09,TUR,0.7341688691025063
2024-07-10,TUR,0.7098013357050843
2024-07-11,TUR,0.7428446510443516
2024-07-12,TUR,0.7428075321459631
2024-07-13,TUR,0.9019382973535808
2024-07-14,TUR,0.9076918813778169
2024-07-15,TUR,0.847563573536175
2024-07-16,TUR,0.8575151661698549
2024-07-17,TUR,0.7588079401852348
2024-07-18,TUR,0.7500397708811408
2024-07-19,TUR,0.7190715802792629
2024-07-20,TUR,0.7709607842951154
2024-07-21,TUR,0.5845838419741727
2024-07-22,TUR,0.6215575732161106
2024-07-23,TUR,0.6650900523740556
2024-07-24,TUR,0.8755032603342658
2024-07-25,TUR,0.9085367239998473
2024-07-26,TUR,0.5976276026519183
2024-07-27,TUR,0.8915808081968468
2024-07-28,TUR,0.7332503591643467
2024-07-29,TUR,0.882258216482078
2024-07-30,TUR,0.7210536146758353
2024-07-31,TUR,0.8973540965398663
2024-08-01,TUR,0.6464741860312326
2024-08-02,TUR,0.31373883895632726
2024-08-03,TUR,0.2947215203145597
2024-08-04,TUR,0.3607231017981421
2024-08-05,TUR,0.29038196049816783
2024-08-06,TUR,0.29661342848060146
2024-08-07,TUR,0.3028880897137583
2024-08-08,TUR,0.4275310838890925
2024-08-09,TUR,0.3633959400673167
2024-08-10,TUR,0.4311787193372952
2024-08-11,TUR,0.43312427320346975
2024-08-12,TUR,0.9079667743407887
2024-08-13,TUR,0.5685949278706997
2024-08-14,TUR,0.8784194591108123
2024-08-15,TUR,0.6423405798113248
2024-08-16,TUR,0.6328868289326267
2024-08-17,TUR,0.5731523568276505
2024-08-18,TUR,0.9274978169514305
2024-08-19,TUR,0.531225225016995
2024-08-20,TUR,0.4667722199983406
2024-08-21,TUR,0.37003562962644626
2024-08-22,TUR,0.44758262466804793
2024-08-23,TUR,0.4984348630683174
2024-08-24,TUR,0.5499587945925383
2024-08-25,TUR,0.45001376621958106
2024-08-26,TUR,0.8108489892115339
2024-08-27,TUR,0.7768039193000393
2024-08-28,TUR,0.8076992530720462
2024-08-29,TUR,0.8916899744122477
2024-08-30,TUR,0.9448091953582227
2024-08-31,TUR,0.8592712304874933
2024-09-01,TUR,0.8925345707032459
2024-09-02,TUR,0.850487648404466
2024-09-03,TUR,0.8290379744775481
2024-09-04,TUR,0.7658964871617847
2024-09-05,TUR,0.8559321971165598
2024-09-06,TUR,0.48318881860926943
2024-09-07,TUR,0.4752038291830905
2024-09-08,TUR,0.46644598409744453
2024-09-09,TUR,0.44289438409102355
2024-09-10,TUR,0.45851690583288174
2024-09-11,TUR,0.655432708229411
2024-09-12,TUR,0.6558483572386966
2024-09-13,TUR,0.7874491220643444
2024-09-14,TUR,0.8792089794369945
2024-09-15,TUR,0.9484306663017598
2024-09-16,TUR,0.8553609523100819
2024-09-17,TUR,0.8091521885773851
2024-09-18,TUR,0.7703266103311975
2024-09-19,TUR,0.5278721968244228
2024-09-20,TUR,0.5665922801140097
2024-09-21,TUR,0.8093744216377573
2024-09-22,TUR,0.5448958601744986
2024-09-23,TUR,0.38753166849494963
2024-09-24,TUR,0.5669082948163303
2024-09-25,TUR,0.4358489103829736
2024-09-26,TUR,0.530194260662443
2024-09-27,TUR,0.4478453784649518
2024-09-28,TUR,0.5834627892552494
2024-09-29,TUR,0.5976386715327955
2024-09-30,TUR,0.7586490219206664
2024-10-01,TUR,0.6987197372934525
2024-10-02,TUR,0.5721392670531059
2024-10-03,TUR,0.5333484426658146
2024-10-04,TUR,0.5888813991807342
2024-10-05,TUR,0.5250277106937473
2024-10-06,TUR,0.5644817611595576
2024-10-07,TUR,0.5623906764970257
2024-10-08,TUR,0.7740690952058279
2024-10-09,TUR,0.9201559800215472
2024-10-10,TUR,0.8342567417649946
2024-10-11,TUR,0.860200157103483
2024-10-12,TUR,0.8373405124771149
2024-10-13,TUR,0.8396628989854323
2024-10-14,TUR,0.8129954010421098
2024-10-15,TUR,0.807139431782366
2024-10-16,TUR,0.9395690963735889
2024-10-17,TUR,0.81122174060936
2024-10-18,TUR,0.930737915505683
2024-10-19,TUR,0.8032820006440141
2024-10-20,TUR,0.7836742106215883
2024-10-21,TUR,0.8077495209341031
2024-10-22,TUR,0.8470455606995638
2024-10-23,TUR,0.9499211767327955
2024-10-24,TUR,0.9377194507783569
2024-10-25,TUR,0.9010945444412434
2024-10-26,TUR,0.9161306008234585
2024-10-27,TUR,0.7900927699123461
2024-10-28,TUR,0.809786943816415
2024-10-29,TUR,0.8961151429392892
2024-10-30,TUR,0.29712646388366604
2024-10-31,TUR,0.2766603557414623
2024-11-01,TUR,0.2621574189426459
2024-11-02,TUR,0.2573009890484308
2024-11-03,TUR,0.2602040400547969
2024-11-04,TUR,0.2650667092953371
2024-11-05,TUR,0.25627328752695444
2024-11-06,TUR,0.8026634354730637
2024-11-07,TUR,0.7786237968270404
2024-11-08,TUR,0.7950774573082774
2024-11-09,TUR,0.7838098830624313
2024-11-10,TUR,0.7958173511474163
2024-11-11,TUR,0.8024063104291238
2024-11-12,TUR,0.7339986462614932
2024-11-13,TUR,0.7872916653576362
2024-11-14,TUR,0.8291570556423448
2024-11-15,TUR,0.7741639598458784
2024-11-16,TUR,0.7246129843020112
2024-11-17,TUR,0.7229189126829874
2024-11-18,TUR,0.7707201667967887
2024-11-19,TUR,0.7593389671624746
2024-11-20,TUR,0.7940120833101446
2024-11-21,TUR,0.8081891953909194
2024-11-22,TUR,0.764304276182194
2024-11-23,TUR,0.7803307971896182
2024-11-24,TUR,0.8544787630221226
2024-11-25,TUR,0.8341907269816481
2024-11-26,TUR,0.8555169509651961
2024-11-27,TUR,0.8333481403911618
2024-11-28,TUR,0.8528558091503646
2024-11-29,TUR,0.80926708601858
2024-11-30,TUR,0.792001864329104
2024-12-01,TUR,0.7321126418942712
2024-12-02,TUR,0.7512509099611769
2024-12-03,TUR,0.7478808532700275
2024-12-04,TUR,0.6737631597651059
2024-12-05,TUR,0.66099505496843
2024-12-06,TUR,0.6486894010656316
2024-12-07,TUR,0.6802505021707334
2024-12-08,TUR,0.6597381350456935
2024-12-09,TUR,0.721112748681291
2024-12-10,TUR,0.7139142930892308
2024-12-11,TUR,0.7150159725877983
2024-12-12,TUR,0.6972478941397564
2024-12-13,TUR,0.6683123794852258
2024-12-14,TUR,0.6727021926124265
2024-12-15,TUR,0.675348115896242
2024-12-16,TUR,0.6694187452576869
2024-12-17,TUR,0.8007310223717354
2024-12-18,TUR,0.7783371633609466
2024-12-19,TUR,0.7499943065040005
2024-12-20,TUR,0.739232221476158
2024-12-21,TUR,0.7440679740289706
2024-12-22,TUR,0.7755186260414115
2024-12-23,TUR,0.8541407348061792
2024-12-24,TUR,0.8530361804046364
2024-12-25,TUR,0.8857803683464162
2024-12-26,TUR,0.8553446136899848
2024-12-27,TUR,0.893546961034588
2024-12-28,TUR,0.8553131609073522
2024-12-29,TUR,0.8128756571474262
2024-12-30,TUR,0.8023248720754518
2024-12-31,TUR,0.8366274485010274
2025-01-01,TUR,0.7242154209874061
2025-01-02,TUR,0.6901632757873717
2025-01-03,TUR,0.6692718427243989
2025-01-04,TUR,0.6934303360993905
2025-01-05,TUR,0.676907456882433
2025-01-06,TUR,0.7257345527754595
2025-01-07,TUR,0.71595858716615
2025-01-08,TUR,0.7114261000726972
2025-01-09,TUR,0.7322723290593743
2025-01-10,TUR,0.7975673232051779
2025-01-11,TUR,0.6753073807447187
2025-01-12,TUR,0.6270254797161577
2025-01-13,TUR,0.763494816011848
2025-01-14,TUR,0.7736536581810796
2025-01-15,TUR,0.817213124661106
2025-01-16,TUR,0.8046865375155303
2025-01-17,TUR,0.674988103999965
2025-01-18,TUR,0.7055177800074459
2025-01-19,TUR,0.7329129760742288
2025-01-20,TUR,0.7590585164788943
2025-01-21,TUR,0.7207492488950572
2025-01-22,TUR,0.6970076120284094
2025-01-23,TUR,0.6406621496967926
2025-01-24,TUR,0.6298953183212657
2025-01-25,TUR,0.6661201377942808
2025-01-26,TUR,0.6260350790242658
2025-01-27,TUR,0.5819504740657007
2025-01-28,TUR,0.5722610307789684
2025-01-29,TUR,0.6211476878213701
2025-01-30,TUR,0.7111618268952724
2025-01-31,TUR,0.6867380760120668
2025-02-01,TUR,0.7594767544446731
2025-02-02,TUR,0.8637624911213063
2025-02-03,TUR,0.7655380498273158
2025-02-04,TUR,0.7862038712248186
2025-02-05,TUR,0.7928175218053006
2025-02-06,TUR,0.7695933172395187
2025-02-07,TUR,0.7763116975806539
2025-02-08,TUR,0.7627689505884967
2025-02-09,TUR,0.6882123772311898
2025-02-10,TUR,0.6621025663904058
2025-02-11,TUR,0.670483019372698
2025-02-12,TUR,0.7286956369108253
2025-02-13,TUR,0.636034029483127
2025-02-14,TUR,0.7014463524876472
2025-02-15,TUR,0.6595043594095862
2025-02-16,TUR,0.7749787576413866
2025-02-17,TUR,0.7397311795133915
2025-02-18,TUR,0.8083350961314275
2025-02-19,TUR,0.742049757612621
2025-02-20,TUR,0.7388531607335627
2025-02-21,TUR,0.7468885457071778
2025-02-22,TUR,0.7342542912375398
2025-02-23,TUR,0.8749400330985557
2025-02-24,TUR,0.7965199735341296
2025-02-25,TUR,0.6561108635975239
2025-02-26,TUR,0.6380411203310274
2025-02-27,TUR,0.6738126670864653
2025-02-28,TUR,0.7045227177756711
2025-03-01,TUR,0.6826331988089067
2025-03-02,TUR,0.6792296758871922
2025-03-03,TUR,0.6924735204874293
2025-03-04,TUR,0.6681402016454556
2025-03-05,TUR,0.6893791207742309
2025-03-06,TUR,0.7175657618339947
2025-03-07,TUR,0.7685912186613748
2025-03-08,TUR,0.7550928368646571
2025-03-09,TUR,0.7259805426749806
2025-03-10,TUR,0.692457135186999
2025-03-11,TUR,0.6521025746447241
2025-03-12,TUR,0.7348063056722612
2025-03-13,TUR,0.6388739938929583
2025-03-14,TUR,0.6981970951681845
2025-03-15,TUR,0.7611752073335745
2025-03-16,TUR,0.7525115385002557
2025-03-17,TUR,0.7350425837665903
2025-03-18,TUR,0.7117886608015875
2025-03-19,TUR,0.8400083164530512
2025-03-20,TUR,0.9238665890952852
2025-03-21,TUR,0.8729956910232393
2025-03-22,TUR,0.8227217879061187
2025-03-23,TUR,0.859471120184451
2025-03-24,TUR,0.7376580439286368
2025-03-25,TUR,0.7087027497470109
2025-03-26,TUR,0.6825833572040942
2025-03-27,TUR,0.7524896158057683
2025-03-28,TUR,0.6731525618692173
2024-07-01,SAU,0.5163978781941158
2024-07-02,SAU,0.5627762024905152
2024-07-03,SAU,0.5480748794712135
2024-07-04,SAU,0.578609002897309
2024-07-05,SAU,0.5589141156163961
2024-07-06,SAU,0.6620811332990988
2024-07-07,SAU,0.6341070288915595
2024-07-08,SAU,0.5644855476772791
2024-07-09,SAU,0.5791710401879885
2024-07-10,SAU,0.5543358209113723
2024-07-11,SAU,0.5880343021244425
2024-07-12,SAU,0.5953400996185746
2024-07-13,SAU,0.5863490032914759
2024-07-14,SAU,0.791803459245529
2024-07-15,SAU,0.699927619920821
2024-07-16,SAU,0.5819128655046593
2024-07-17,SAU,0.5674993009722283
2024-07-18,SAU,0.5326810875294204
2024-07-19,SAU,0.5932982373114833
2024-07-20,SAU,0.7674043498727973
2024-07-21,SAU,0.7160571803702942
2024-07-22,SAU,0.7331954653203393
2024-07-23,SAU,0.7348024750081219
2024-07-24,SAU,0.6673166796773042
2024-07-25,SAU,0.7621597817845842
2024-07-26,SAU,0.7850374887628285
2024-07-27,SAU,0.7358247769626589
2024-07-28,SAU,0.8685204175211217
2024-07-29,SAU,0.830638464105546
2024-07-30,SAU,0.7388771888578971
2024-07-31,SAU,0.663893657789656
2024-08-01,SAU,0.6356087082061194
2024-08-02,SAU,0.7577729439135416
2024-08-03,SAU,0.737154743995338
2024-08-04,SAU,0.7006630786762185
2024-08-05,SAU,0.7016591137427378
2024-08-06,SAU,0.6466434221837717
2024-08-07,SAU,0.6439162650362611
2024-08-08,SAU,0.6527481057282379
2024-08-09,SAU,0.7188338649713908
2024-08-10,SAU,0.8034406689704243
2024-08-11,SAU,0.8162090965553666
2024-08-12,SAU,0.7249855411249366
2024-08-13,SAU,0.6578624149806716
2024-08-14,SAU,0.6670479610574506
2024-08-15,SAU,0.7352451714585404
2024-08-16,SAU,0.7520759332843027
2024-08-17,SAU,0.710525987382561
2024-08-18,SAU,0.837012626897478
2024-08-19,SAU,0.726226210509697
2024-08-20,SAU,0.7236238274419914
2024-08-21,SAU,0.7918595782221263
2024-08-22,SAU,0.7298780188277938
2024-08-23,SAU,0.6513783432413878
2024-08-24,SAU,0.7173795576924936
2024-08-25,SAU,0.8273888173197687
2024-08-26,SAU,0.8058227108165412
2024-08-27,SAU,0.6798969027821494
2024-08-28,SAU,0.6894033299601544
2024-08-29,SAU,0.7384391133518092
2024-08-30,SAU,0.7977792757606611
2024-08-31,SAU,0.7012213873093073
2024-09-01,SAU,0.7272125533863251
2024-09-02,SAU,0.7451441044923834
2024-09-03,SAU,0.7221891755111007
2024-09-04,SAU,0.7389877517826182
2024-09-05,SAU,0.6825786030333001
2024-09-06,SAU,0.7052174919365932
2024-09-07,SAU,0.6713992350997985
2024-09-08,SAU,0.699221250070517
2024-09-09,SAU,0.7051088187478858
2024-09-10,SAU,0.6777408846017622
2024-09-11,SAU,0.6250541376161844
2024-09-12,SAU,0.760804835043023
2024-09-13,SAU,0.6035157413253998
2024-09-14,SAU,0.5981683758318822
2024-09-15,SAU,0.6163565821531164
2024-09-16,SAU,0.7141275709176251
2024-09-17,SAU,0.5764181611447807
2024-09-18,SAU,0.5463382491959522
2024-09-19,SAU,0.6548921293589544
2024-09-20,SAU,0.6562370803138529
2024-09-21,SAU,0.6938915919850162
2024-09-22,SAU,0.760680721496488
2024-09-23,SAU,0.729510218185926
2024-09-24,SAU,0.663306164344417
2024-09-25,SAU,0.6043015775375058
2024-09-26,SAU,0.7320520694647539
2024-09-27,SAU,0.6504358213883769
2024-09-28,SAU,0.6645253171477614
2024-09-29,SAU,0.6746933184489794
2024-09-30,SAU,0.780197326136244
2024-10-01,SAU,0.7434834744678102
2024-10-02,SAU,0.7448225950536078
2024-10-03,SAU,0.7701541575466878
2024-10-04,SAU,0.6540343092883197
2024-10-05,SAU,0.6747026867767579
2024-10-06,SAU,0.6581465326450536
2024-10-07,SAU,0.6581165021596931
2024-10-08,SAU,0.5761398457692668
2024-10-09,SAU,0.6229744880728217
2024-10-10,SAU,0.6892223723969145
2024-10-11,SAU,0.7141001444427812
2024-10-12,SAU,0.68796539585909
2024-10-13,SAU,0.7276977069970765
2024-10-14,SAU,0.7324419963975841
2024-10-15,SAU,0.7425110611000675
2024-10-16,SAU,0.6953987089165269
2024-10-17,SAU,0.7228144233800887
2024-10-18,SAU,0.6818849052553188
2024-10-19,SAU,0.7115192886856804
2024-10-20,SAU,0.6967744453638578
2024-10-21,SAU,0.7076044486571629
2024-10-22,SAU,0.7274298483635921
2024-10-23,SAU,0.7117320436830988
2024-10-24,SAU,0.7122432817861079
2024-10-25,SAU,0.7186862499630615
2024-10-26,SAU,0.8468758140854312
2024-10-27,SAU,0.8163513192665764
2024-10-28,SAU,0.7989870173799967
2024-10-29,SAU,0.712473565953583
2024-10-30,SAU,0.6912493894106201
2024-10-31,SAU,0.7231583620592934
2024-11-01,SAU,0.6903322612316566
2024-11-02,SAU,0.8444547537761148
2024-11-03,SAU,0.7873600720470985
2024-11-04,SAU,0.6584976086201204
2024-11-05,SAU,0.6413624580380252
2024-11-06,SAU,0.6402004882342465
2024-11-07,SAU,0.5895673479099782
2024-11-08,SAU,0.6528464188534899
2024-11-09,SAU,0.6600425775055411
2024-11-10,SAU,0.6795889959534304
2024-11-11,SAU,0.7835336060585034
2024-11-12,SAU,0.5922315330499457
2024-11-13,SAU,0.5657083947264935
2024-11-14,SAU,0.6419470635407046
2024-11-15,SAU,0.552406426662723
2024-11-16,SAU,0.5209362221905561
2024-11-17,SAU,0.5289244129302334
2024-11-18,SAU,0.5567203939888643
2024-11-19,SAU,0.6189854625637716
2024-11-20,SAU,0.6952955146826454
2024-11-21,SAU,0.5674227199863919
2024-11-22,SAU,0.5313018849772713
2024-11-23,SAU,0.6000588599971767
2024-11-24,SAU,0.7402449458130583
2024-11-25,SAU,0.6146677411988606
2024-11-26,SAU,0.6438516589224554
2024-11-27,SAU,0.5733292872619541
2024-11-28,SAU,0.6184126356195281
2024-11-29,SAU,0.6229884165677123
2024-11-30,SAU,0.6415726385500561
2024-12-01,SAU,0.626613162596058
2024-12-02,SAU,0.7505173504384233
2024-12-03,SAU,0.5967533323961353
2024-12-04,SAU,0.6503683489833033
2024-12-05,SAU,0.6937146921346286
2024-12-06,SAU,0.7292744946803851
2024-12-07,SAU,0.558589676569851
2024-12-08,SAU,0.574490604132997
2024-12-09,SAU,0.5579704934735779
2024-12-10,SAU,0.5893391577679193
2024-12-11,SAU,0.6321764608133755
2024-12-12,SAU,0.6136906932057491
2024-12-13,SAU,0.656396288966616
2024-12-14,SAU,0.6150260229401376
2024-12-15,SAU,0.9224732142440083
2024-12-16,SAU,0.6476153734588534
2024-12-17,SAU,0.7061462516210689
2024-12-18,SAU,0.6434305080470419
2024-12-19,SAU,0.5819882912078133
2024-12-20,SAU,0.7274653203004304
2024-12-21,SAU,0.9408654876002778
2024-12-22,SAU,0.55198052358339
2024-12-23,SAU,0.5934920024596745
2024-12-24,SAU,0.6665742819370218
2024-12-25,SAU,0.534027863671769
2024-12-26,SAU,0.6297908404139033
2024-12-27,SAU,0.5667854709363186
2024-12-28,SAU,0.5708681396480424
2024-12-29,SAU,0.6787143634506472
2024-12-30,SAU,0.7037719813707835
2024-12-31,SAU,0.6838982902585035
2025-01-01,SAU,0.8179592098758187
2025-01-02,SAU,0.6843277374217551
2025-01-03,SAU,0.6274008389370679
2025-01-04,SAU,0.7145372915010081
2025-01-05,SAU,0.737050365294116
2025-01-06,SAU,0.7648326556865731
2025-01-07,SAU,0.7199762657871064
2025-01-08,SAU,0.7297097148005058
2025-01-09,SAU,0.7554105925686079
2025-01-10,SAU,0.7871577465181059
2025-01-11,SAU,0.7041372739630721
2025-01-12,SAU,0.638829632688502
2025-01-13,SAU,0.6138320477500429
2025-01-14,SAU,0.4838229383735956
2025-01-15,SAU,0.5822780143802658
2025-01-16,SAU,0.5374184000138961
2025-01-17,SAU,0.6032260383565397
2025-01-18,SAU,0.6023058696597369
2025-01-19,SAU,0.646830017792662
2025-01-20,SAU,0.6341340070456959
2025-01-21,SAU,0.598105404095684
2025-01-22,SAU,0.6755849094669756
2025-01-23,SAU,0.6356109030181948
2025-01-24,SAU,0.5829560661270764
2025-01-25,SAU,0.5687871593780275
2025-01-26,SAU,0.6279368286964938
2025-01-27,SAU,0.5905634815931354
2025-01-28,SAU,0.5601214671827394
2025-01-29,SAU,0.554760476003246
2025-01-30,SAU,0.6047025929351318
2025-01-31,SAU,0.5412228647980629
2025-02-01,SAU,0.6220018198623056
2025-02-02,SAU,0.6449521644304863
2025-02-03,SAU,0.6158288500068624
2025-02-04,SAU,0.5752584033822629
2025-02-05,SAU,0.6530062097225158
2025-02-06,SAU,0.604698229399107
2025-02-07,SAU,0.6017996878518626
2025-02-08,SAU,0.5822092748103663
2025-02-09,SAU,0.6689788848774747
2025-02-10,SAU,0.688735660526719
2025-02-11,SAU,0.5722474066524895
2025-02-12,SAU,0.6226291959259564
2025-02-13,SAU,0.6375058484017527
2025-02-14,SAU,0.7173483758662723
2025-02-15,SAU,0.6115764685808912
2025-02-16,SAU,0.6310321153287294
2025-02-17,SAU,0.6238988398076314
2025-02-18,SAU,0.6954279582337424
2025-02-19,SAU,0.6935349498473669
2025-02-20,SAU,0.5286716765304126
2025-02-21,SAU,0.49135244871539474
2025-02-22,SAU,0.5443218410053979
2025-02-23,SAU,0.5868041621290506
2025-02-24,SAU,0.5868365846279999
2025-02-25,SAU,0.5649771417789748
2025-02-26,SAU,0.6127995697790043
2025-02-27,SAU,0.5795975046069205
2025-02-28,SAU,0.6453644366704833
2025-03-01,SAU,0.6844609236822905
2025-03-02,SAU,0.6215272815801004
2025-03-03,SAU,0.7581618010374589
2025-03-04,SAU,0.5649354210953836
2025-03-05,SAU,0.6057516707480756
2025-03-06,SAU,0.7607469686430551
2025-03-07,SAU,0.7499184111125055
2025-03-08,SAU,0.6983993138930686
2025-03-09,SAU,0.6681574449648872
2025-03-10,SAU,0.7201459909977647
2025-03-11,SAU,0.7020058707281537
2025-03-12,SAU,0.7870236144011773
2025-03-13,SAU,0.6930537551080272
2025-03-14,SAU,0.603480018846527
2025-03-15,SAU,0.6487671477620416
2025-03-16,SAU,0.7018283234867775
2025-03-17,SAU,0.6861212997720267
2025-03-18,SAU,0.6180081937906295
2025-03-19,SAU,0.5988288208066966
2025-03-20,SAU,0.6475759987737453
2025-03-21,SAU,0.6076322395778796
2025-03-22,SAU,0.8277977622743679
2025-03-23,SAU,0.5924848396119378
2025-03-24,SAU,0.5515690621125015
2025-03-25,SAU,0.5686116798279464
2025-03-26,SAU,0.6279766040836174
2025-03-27,SAU,0.5614231078349646
2025-03-28,SAU,0.5282200357820057
2024-07-01,LBY,0.3433445583987753
2024-07-02,LBY,0.3443170546985953
2024-07-03,LBY,0.3109098978449414
2024-07-04,LBY,0.35670517499278626
2024-07-05,LBY,0.3479847583344882
2024-07-06,LBY,0.7948303897223571
2024-07-07,LBY,0.8250024187515423
2024-07-08,LBY,0.9213406352259782
2024-07-09,LBY,0.9177193661158283
2024-07-10,LBY,0.9399697903902003
2024-07-11,LBY,0.9208603732299047
2024-07-12,LBY,0.8353447926889691
2024-07-13,LBY,0.8597398259805875
2024-07-14,LBY,0.8474627743570111
2024-07-15,LBY,0.900212028120258
2024-07-16,LBY,0.8972156776746488
2024-07-17,LBY,0.7393088332873426
2024-07-18,LBY,0.8819091782502865
2024-07-19,LBY,0.7619131810947949
2024-07-20,LBY,0.9004146450651025
2024-07-21,LBY,0.9320330947590452
2024-07-22,LBY,0.8203821138502787
2024-07-23,LBY,0.7968691124378358
2024-07-24,LBY,0.7883095666165119
2024-07-25,LBY,0.859329641531999
2024-07-26,LBY,0.6027873152204816
2024-07-27,LBY,0.6881669650520448
2024-07-28,LBY,0.5381324229818408
2024-07-29,LBY,0.5611314926918112
2024-07-30,LBY,0.41884448743572356
2024-07-31,LBY,0.4179728193811036
2024-08-01,LBY,0.4095665321190807
2024-08-02,LBY,0.43236037893831497
2024-08-03,LBY,0.4199954219234666
2024-08-04,LBY,0.7099823397053385
2024-08-05,LBY,0.7263844196832026
2024-08-06,LBY,0.8355222593270609
2024-08-07,LBY,0.8128231405359698
2024-08-08,LBY,0.8457483297573402
2024-08-09,LBY,0.9577732427029835
2024-08-10,LBY,0.9281994610875474
2024-08-11,LBY,0.8728363684341635
2024-08-12,LBY,0.9197972799323925
2024-08-13,LBY,0.7282932051589719
2024-08-14,LBY,0.7266891421182237
2024-08-15,LBY,0.741698486779038
2024-08-16,LBY,0.3345310737329358
2024-08-17,LBY,0.28670081935925396
2024-08-18,LBY,0.7840479467618746
2024-08-19,LBY,0.5777930394671997
2024-08-20,LBY,0.2780511995110939
2024-08-21,LBY,0.2859426678357946
2024-08-22,LBY,0.28788500045778825
2024-08-23,LBY,0.8320117490541921
2024-08-24,LBY,0.8512196470159115
2024-08-25,LBY,0.6246933640998042
2024-08-26,LBY,0.5136226748071059
2024-08-27,LBY,0.5868352274444814
2024-08-28,LBY,0.5085888202500085
2024-08-29,LBY,0.6143312560697926
2024-08-30,LBY,0.5037665715053448
2024-08-31,LBY,0.7519074071492208
2024-09-01,LBY,0.8540920382673716
2024-09-02,LBY,0.8952522159690066
2024-09-03,LBY,0.8858245206521608
2024-09-04,LBY,0.9472874353890781
2024-09-05,LBY,0.8869904825068146
2024-09-06,LBY,0.9480060206600022
2024-09-07,LBY,0.8460666760060812
2024-09-08,LBY,0.7364563913315805
2024-09-09,LBY,0.6689094096993361
2024-09-10,LBY,0.672376756161334
2024-09-11,LBY,0.6583487363286339
2024-09-12,LBY,0.8955515954166489
2024-09-13,LBY,0.6486015761123906
2024-09-14,LBY,0.6384294646139116
2024-09-15,LBY,0.5824552999448753
2024-09-16,LBY,0.578771493353409
2024-09-17,LBY,0.5771399069594508
2024-09-18,LBY,0.7491625976195265
2024-09-19,LBY,0.622398573655626
2024-09-20,LBY,0.6050278244896696
2024-09-21,LBY,0.5953497653552713
2024-09-22,LBY,0.6938617407046703
2024-09-23,LBY,0.6147449030175524
2024-09-24,LBY,0.5681138651491565
2024-09-25,LBY,0.5320747240887777
2024-09-26,LBY,0.9006643787704921
2024-09-27,LBY,0.9338028343876438
2024-09-28,LBY,0.9323837599256136
2024-09-29,LBY,0.89126745121621
2024-09-30,LBY,0.8451006855358822
2024-10-01,LBY,0.9332407622209284
2024-10-02,LBY,0.8755143539951357
2024-10-03,LBY,0.7893177321197319
2024-10-04,LBY,0.6966642395520881
2024-10-05,LBY,0.5861489390782774
2024-10-06,LBY,0.8212381247057647
2024-10-07,LBY,0.6361866245056461
2024-10-08,LBY,0.39309100189809465
2024-10-09,LBY,0.39119272370874714
2024-10-10,LBY,0.40515552281726674
2024-10-11,LBY,0.4399329719533752
2024-10-12,LBY,0.41729605525280766
2024-10-13,LBY,0.3971650881391384
2024-10-14,LBY,0.47583187447912545
2024-10-15,LBY,0.8231918106889601
2024-10-16,LBY,0.8102457872390009
2024-10-17,LBY,0.8455411585492446
2024-10-18,LBY,0.8295465265637364
2024-10-19,LBY,0.8586574117865964
2024-10-20,LBY,0.8709140258192555
2024-10-21,LBY,0.9221707980206737
2024-10-22,LBY,0.8944134015574057
2024-10-23,LBY,0.9150921833531963
2024-10-24,LBY,0.9402616457849341
2024-10-25,LBY,0.9308791028875061
2024-10-26,LBY,0.8847255058199524
2024-10-27,LBY,0.8987290831454507
2024-10-28,LBY,0.9402836121985516
2024-10-29,LBY,0.7550836017513854
2024-10-30,LBY,0.7744641644241304
2024-10-31,LBY,0.7588358519445656
2024-11-01,LBY,0.7185128886622866
2024-11-02,LBY,0.7844512394268828
2024-11-03,LBY,0.8019738883342723
2024-11-04,LBY,0.8975148588875616
2024-11-05,LBY,0.7936131517149517
2024-11-06,LBY,0.8577876143715438
2024-11-07,LBY,0.6464920936413693
2024-11-08,LBY,0.8541151750308953
2024-11-09,LBY,0.7709724881447912
2024-11-10,LBY,0.7587462200243192
2024-11-11,LBY,0.6073811526833399
2024-11-12,LBY,0.5481814882458632
2024-11-13,LBY,0.5961635506090532
2024-11-14,LBY,0.5945688867063753
2024-11-15,LBY,0.8126378351607529
2024-11-16,LBY,0.5434236417976305
2024-11-17,LBY,0.4970283892811601
2024-11-18,LBY,0.599304965399876
2024-11-19,LBY,0.6975888852938845
2024-11-20,LBY,0.7162518719996975
2024-11-21,LBY,0.8975085854974875
2024-11-22,LBY,0.9208389956357965
2024-11-23,LBY,0.9056207641234877
2024-11-24,LBY,0.9082648383736993
2024-11-25,LBY,0.9193063593331057
2024-11-26,LBY,0.9231064088990851
2024-11-27,LBY,0.9137848589778271
2024-11-28,LBY,0.7834476131858584
2024-11-29,LBY,0.5471180667661325
2024-11-30,LBY,0.5504484626966314
2024-12-01,LBY,0.5701661969137201
2024-12-02,LBY,0.5236079882786896
2024-12-03,LBY,0.3933048621336339
2024-12-04,LBY,0.4568670569698301
2024-12-05,LBY,0.4445588615075682
2024-12-06,LBY,0.4621830706050298
2024-12-07,LBY,0.43782557406254585
2024-12-08,LBY,0.4527643869296319
2024-12-09,LBY,0.4639904268860845
2024-12-10,LBY,0.5012274685565329
2024-12-11,LBY,0.7004040689133317
2024-12-12,LBY,0.7261947572652404
2024-12-13,LBY,0.6939880167914385
2024-12-14,LBY,0.7980869641496956
2024-12-15,LBY,0.7481168699856073
2024-12-16,LBY,0.8794196405242528
2024-12-17,LBY,0.7992057292662934
2024-12-18,LBY,0.7934863677029175
2024-12-19,LBY,0.7177854608059988
2024-12-20,LBY,0.8577145850549054
2024-12-21,LBY,0.7232033905215028
2024-12-22,LBY,0.8998141943361672
2024-12-23,LBY,0.7382613715452329
2024-12-24,LBY,0.8218912517803607
2024-12-25,LBY,0.776156889863629
2024-12-26,LBY,0.7625662026300085
2024-12-27,LBY,0.7679023756462682
2024-12-28,LBY,0.8710101119734359
2024-12-29,LBY,0.765611355824835
2024-12-30,LBY,0.7472387118226648
2024-12-31,LBY,0.7543351656257133
2025-01-01,LBY,0.7445344583124026
2025-01-02,LBY,0.8901788185440208
2025-01-03,LBY,0.6793823946930622
2025-01-04,LBY,0.7441781181284062
2025-01-05,LBY,0.9372986447385968
2025-01-06,LBY,0.9416674814660015
2025-01-07,LBY,0.9154495502878495
2025-01-08,LBY,0.8741483035643939
2025-01-09,LBY,0.9134489441677787
2025-01-10,LBY,0.8812773857229292
2025-01-11,LBY,0.9452172785738081
2025-01-12,LBY,0.9128116589265727
2025-01-13,LBY,0.8602322269404651
2025-01-14,LBY,0.9032324531424736
2025-01-15,LBY,0.8494295960665943
2025-01-16,LBY,0.8084379099626248
2025-01-17,LBY,0.911787315034187
2025-01-18,LBY,0.3566766231332698
2025-01-19,LBY,0.35850650138714035
2025-01-20,LBY,0.34222507407380587
2025-01-21,LBY,0.3493555664177133
2025-01-22,LBY,0.6590743864550171
2025-01-23,LBY,0.3147605997591579
2025-01-24,LBY,0.3131381878124698
2025-01-25,LBY,0.628482963517054
2025-01-26,LBY,0.7537738782161114
2025-01-27,LBY,0.6405416815269587
2025-01-28,LBY,0.7112646390436487
2025-01-29,LBY,0.42385888232025637
2025-01-30,LBY,0.8519862859890107
2025-01-31,LBY,0.6446161514840737
2025-02-01,LBY,0.535786406116306
2025-02-02,LBY,0.4199660171880489
2025-02-03,LBY,0.435318905774902
2025-02-04,LBY,0.48585326476287827
2025-02-05,LBY,0.7998707107936227
2025-02-06,LBY,0.8415516232178645
2025-02-07,LBY,0.6184499072428836
2025-02-08,LBY,0.6538655087873436
2025-02-09,LBY,0.9217516118083007
2025-02-10,LBY,0.722449275276887
2025-02-11,LBY,0.6625032574994043
2025-02-12,LBY,0.9582945077355493
2025-02-13,LBY,0.9242994581471615
2025-02-14,LBY,0.9186258350214227
2025-02-15,LBY,0.8961263429782764
2025-02-16,LBY,0.7097040091397191
2025-02-17,LBY,0.8173229494696564
2025-02-18,LBY,0.7441068511194788
2025-02-19,LBY,0.25628789287739523
2025-02-20,LBY,0.22781349416106275
2025-02-21,LBY,0.22318365888233443
2025-02-22,LBY,0.22907915526945122
2025-02-23,LBY,0.22426859078840436
2025-02-24,LBY,0.22030626104897916
2025-02-25,LBY,0.22548051482157103
2025-02-26,LBY,0.7231413597701278
2025-02-27,LBY,0.9065199193865777
2025-02-28,LBY,0.7905461567838324
2025-03-01,LBY,0.8034231653009534
2025-03-02,LBY,0.6487884524147296
2025-03-03,LBY,0.7945518721116375
2025-03-04,LBY,0.6844502489582854
2025-03-05,LBY,0.841952393942186
2025-03-06,LBY,0.9173717124061971
2025-03-07,LBY,0.72665044331674
2025-03-08,LBY,0.9347744439666219
2025-03-09,LBY,0.7141742947144382
2025-03-10,LBY,0.8594475710169867
2025-03-11,LBY,0.6938845482591097
2025-03-12,LBY,0.7174633688531631
2025-03-13,LBY,0.9413647382872165
2025-03-14,LBY,0.9026889927142038
2025-03-15,LBY,0.6036185398251368
2025-03-16,LBY,0.7194062848136908
2025-03-17,LBY,0.6054748018406184
2025-03-18,LBY,0.7476090266712561
2025-03-19,LBY,0.7471477829654405
2025-03-20,LBY,0.6535916053821951
2025-03-21,LBY,0.45365079580241374
2025-03-22,LBY,0.8382316147045074
2025-03-23,LBY,0.8638681350365005
2025-03-24,LBY,0.6560950003304904
2025-03-25,LBY,0.8064784611044895
2025-03-26,LBY,0.7370306401975308
2025-03-27,LBY,0.9051222959610018
2025-03-28,LBY,0.7996073859860794
2024-07-01,EGY,0.867137715112162
2024-07-02,EGY,0.8166898960365313
2024-07-03,EGY,0.7782411268373257
2024-07-04,EGY,0.7521507939972345
2024-07-05,EGY,0.7549819802887885
2024-07-06,EGY,0.7396616256215118
2024-07-07,EGY,0.6891068664271401
2024-07-08,EGY,0.5543555909171164
2024-07-09,EGY,0.5649827679803143
2024-07-10,EGY,0.5524001334243328
2024-07-11,EGY,0.5570527285470662
2024-07-12,EGY,0.5657013143430507
2024-07-13,EGY,0.5651053321777115
2024-07-14,EGY,0.5676974850236507
2024-07-15,EGY,0.7163091250228513
2024-07-16,EGY,0.7797511898669921
2024-07-17,EGY,0.7654330089897617
2024-07-18,EGY,0.6938565725611329
2024-07-19,EGY,0.7057158106906083
2024-07-20,EGY,0.7450158260247406
2024-07-21,EGY,0.762872729920116
2024-07-22,EGY,0.9250838334236704
2024-07-23,EGY,0.6577669963665791
2024-07-24,EGY,0.6458373392636341
2024-07-25,EGY,0.6537540939568882
2024-07-26,EGY,0.6132800315671226
2024-07-27,EGY,0.6504519499793299
2024-07-28,EGY,0.6403796337159351
2024-07-29,EGY,0.6405880721341038
2024-07-30,EGY,0.6273745395008766
2024-07-31,EGY,0.6361392318391607
2024-08-01,EGY,0.6243090477547647
2024-08-02,EGY,0.6253384567841019
2024-08-03,EGY,0.5739254523584202
2024-08-04,EGY,0.6122556113151266
2024-08-05,EGY,0.8090120829677352
2024-08-06,EGY,0.7986052048132982
2024-08-07,EGY,0.7294272721242817
2024-08-08,EGY,0.8063909652861662
2024-08-09,EGY,0.7849961602878002
2024-08-10,EGY,0.8059854864900672
2024-08-11,EGY,0.8082738413242561
2024-08-12,EGY,0.9447071383023489
2024-08-13,EGY,0.8261930766260438
2024-08-14,EGY,0.7921756791567381
2024-08-15,EGY,0.810728674341382
2024-08-16,EGY,0.8074852317048048
2024-08-17,EGY,0.7589892304146628
2024-08-18,EGY,0.7826179973066654
2024-08-19,EGY,0.5369390233921891
2024-08-20,EGY,0.5340883376804267
2024-08-21,EGY,0.541934746720594
2024-08-22,EGY,0.4885733087978579
2024-08-23,EGY,0.4876133650425483
2024-08-24,EGY,0.5561971988905694
2024-08-25,EGY,0.5300277914264964
2024-08-26,EGY,0.7378455049465148
2024-08-27,EGY,0.796941951719091
2024-08-28,EGY,0.7494475680961655
2024-08-29,EGY,0.7409647230050301
2024-08-30,EGY,0.7787193771544817
2024-08-31,EGY,0.7622682699284488
2024-09-01,EGY,0.771666701013326
2024-09-02,EGY,0.7908572125961789
2024-09-03,EGY,0.7965404218379321
2024-09-04,EGY,0.7396271041499956
2024-09-05,EGY,0.8987400017318368
2024-09-06,EGY,0.8152412683858862
2024-09-07,EGY,0.7216013815244292
2024-09-08,EGY,0.7420367978885353
2024-09-09,EGY,0.7565006891271039
2024-09-10,EGY,0.745563942708657
2024-09-11,EGY,0.7208347045892597
2024-09-12,EGY,0.6081697521699475
2024-09-13,EGY,0.6084386253857301
2024-09-14,EGY,0.6313362043082907
2024-09-15,EGY,0.6237553332183441
2024-09-16,EGY,0.6274135317940867
2024-09-17,EGY,0.5691905907290297
2024-09-18,EGY,0.5419318393391251
2024-09-19,EGY,0.7432626641590455
2024-09-20,EGY,0.7379834019450321
2024-09-21,EGY,0.7459265244329433
2024-09-22,EGY,0.7318085138634507
2024-09-23,EGY,0.7280008167138862
2024-09-24,EGY,0.7335476915957769
2024-09-25,EGY,0.8386474806237384
2024-09-26,EGY,0.748154571924346
2024-09-27,EGY,0.7435020609207638
2024-09-28,EGY,0.7403095411296139
2024-09-29,EGY,0.7573067049848269
2024-09-30,EGY,0.7569889464982282
2024-10-01,EGY,0.7553256399294258
2024-10-02,EGY,0.5797092206137925
2024-10-03,EGY,0.5811592379847258
2024-10-04,EGY,0.5606078692984781
2024-10-05,EGY,0.5836547739473272
2024-10-06,EGY,0.5644695026108852
2024-10-07,EGY,0.5765328618001901
2024-10-08,EGY,0.8678566451177954
2024-10-09,EGY,0.6108750290370768
2024-10-10,EGY,0.7992770609783004
2024-10-11,EGY,0.8006876711095532
2024-10-12,EGY,0.792154526086405
2024-10-13,EGY,0.7956928334327041
2024-10-14,EGY,0.80764777612734
2024-10-15,EGY,0.5806871947343076
2024-10-16,EGY,0.5556020173102125
2024-10-17,EGY,0.5584239554864123
2024-10-18,EGY,0.5541896230767028
2024-10-19,EGY,0.5864162178109685
2024-10-20,EGY,0.5581573721069031
2024-10-21,EGY,0.5591801941809582
2024-10-22,EGY,0.7983587516132976
2024-10-23,EGY,0.8042784196438324
2024-10-24,EGY,0.794126487708898
2024-10-25,EGY,0.8495018152427103
2024-10-26,EGY,0.8031065830908822
2024-10-27,EGY,0.840379390327118
2024-10-28,EGY,0.8036108527134136
2024-10-29,EGY,0.8095792978545391
2024-10-30,EGY,0.8253506701655429
2024-10-31,EGY,0.8298592453666058
2024-11-01,EGY,0.7805405060971924
2024-11-02,EGY,0.7761663490537387
2024-11-03,EGY,0.7937524293501297
2024-11-04,EGY,0.7922277733290483
2024-11-05,EGY,0.7980636314587265
2024-11-06,EGY,0.7857715827242597
2024-11-07,EGY,0.7121643317019332
2024-11-08,EGY,0.7756450651030674
2024-11-09,EGY,0.7478390169082754
2024-11-10,EGY,0.7734601745139329
2024-11-11,EGY,0.7517864734389886
2024-11-12,EGY,0.6855986769937249
2024-11-13,EGY,0.6922981949291309
2024-11-14,EGY,0.7070307085682623
2024-11-15,EGY,0.6907049258285446
2024-11-16,EGY,0.6142067666003449
2024-11-17,EGY,0.6480692018656715
2024-11-18,EGY,0.6238796021811733
2024-11-19,EGY,0.6478624632165587
2024-11-20,EGY,0.6742564035164799
2024-11-21,EGY,0.6375033941015565
2024-11-22,EGY,0.6367599377346227
2024-11-23,EGY,0.6902504101728539
2024-11-24,EGY,0.7163843597419903
2024-11-25,EGY,0.6904774226135633
2024-11-26,EGY,0.6931737260296661
2024-11-27,EGY,0.6928545406397137
2024-11-28,EGY,0.7201744157562693
2024-11-29,EGY,0.7018979644193301
2024-11-30,EGY,0.6974130984936593
2024-12-01,EGY,0.694095853387321
2024-12-02,EGY,0.6931089319460675
2024-12-03,EGY,0.6858188335267426
2024-12-04,EGY,0.727671594042619
2024-12-05,EGY,0.7107737308382532
2024-12-06,EGY,0.7364666640016164
2024-12-07,EGY,0.6588791001960725
2024-12-08,EGY,0.6968465394976904
2024-12-09,EGY,0.6633254124078029
2024-12-10,EGY,0.7090987454315745
2024-12-11,EGY,0.9357655887186161
2024-12-12,EGY,0.7858994883946473
2024-12-13,EGY,0.6898216843061267
2024-12-14,EGY,0.6958175217242877
2024-12-15,EGY,0.7244250692367704
2024-12-16,EGY,0.7253541881248199
2024-12-17,EGY,0.7429578349418304
2024-12-18,EGY,0.45443798915558986
2024-12-19,EGY,0.443427743102358
2024-12-20,EGY,0.4330513731822527
2024-12-21,EGY,0.7785189331978309
2024-12-22,EGY,0.6022241900021935
2024-12-23,EGY,0.5176622605551239
2024-12-24,EGY,0.5102090979555542
2024-12-25,EGY,0.7371526222930778
2024-12-26,EGY,0.6946207164731092
2024-12-27,EGY,0.7289080665484605
2024-12-28,EGY,0.4965713710927087
2024-12-29,EGY,0.38891475074653303
2024-12-30,EGY,0.3854053448000387
2024-12-31,EGY,0.642301745485888
2025-01-01,EGY,0.3910736684835486
2025-01-02,EGY,0.3877034917049706
2025-01-03,EGY,0.3930701721565282
2025-01-04,EGY,0.4999108893757872
2025-01-05,EGY,0.7571081406269314
2025-01-06,EGY,0.7832687986897755
2025-01-07,EGY,0.5011221457838587
2025-01-08,EGY,0.5216989396211871
2025-01-09,EGY,0.5158217191665265
2025-01-10,EGY,0.5254064729741962
2025-01-11,EGY,0.44753711090210485
2025-01-12,EGY,0.48411855599660986
2025-01-13,EGY,0.4858824341879464
2025-01-14,EGY,0.7244686709684833
2025-01-15,EGY,0.7666365648176144
2025-01-16,EGY,0.7260439931104091
2025-01-17,EGY,0.7145773670967953
2025-01-18,EGY,0.7291788106562611
2025-01-19,EGY,0.823662482019038
2025-01-20,EGY,0.7485933838426211
2025-01-21,EGY,0.7763836987419528
2025-01-22,EGY,0.7646260902439611
2025-01-23,EGY,0.7836866731042055
2025-01-24,EGY,0.7777359826221506
2025-01-25,EGY,0.7666602177139282
2025-01-26,EGY,0.729272356505353
2025-01-27,EGY,0.7933944454787311
2025-01-28,EGY,0.7123950599943065
2025-01-29,EGY,0.7223938254938184
2025-01-30,EGY,0.7011199356275981
2025-01-31,EGY,0.7342189415105476
2025-02-01,EGY,0.7880996679187343
2025-02-02,EGY,0.7985199879802845
2025-02-03,EGY,0.8052458816317015
2025-02-04,EGY,0.8131419435668803
2025-02-05,EGY,0.8435330196101612
2025-02-06,EGY,0.827273016345456
2025-02-07,EGY,0.808213873929628
2025-02-08,EGY,0.7257817690244538
2025-02-09,EGY,0.7388058012617628
2025-02-10,EGY,0.7327806747106854
2025-02-11,EGY,0.6949130891072909
2025-02-12,EGY,0.7425382459870231
2025-02-13,EGY,0.7188775798624255
2025-02-14,EGY,0.7526509720253478
2025-02-15,EGY,0.949823754067484
2025-02-16,EGY,0.8317130925605191
2025-02-17,EGY,0.9283802822121073
2025-02-18,EGY,0.9451832207301334
2025-02-19,EGY,0.8666716144198252
2025-02-20,EGY,0.7039230299310895
2025-02-21,EGY,0.8202859876482114
2025-02-22,EGY,0.30562998330852315
2025-02-23,EGY,0.2977723021892706
2025-02-24,EGY,0.2944742317911516
2025-02-25,EGY,0.30585545475654263
2025-02-26,EGY,0.27738066102887426
2025-02-27,EGY,0.2816051830771497
2025-02-28,EGY,0.2786076531777322
2025-03-01,EGY,0.6276670901325857
2025-03-02,EGY,0.8587359024630373
2025-03-03,EGY,0.695917718971309
2025-03-04,EGY,0.729717725666926
2025-03-05,EGY,0.7725730314449845
2025-03-06,EGY,0.7524715358023023
2025-03-07,EGY,0.9157572339114458
2025-03-08,EGY,0.30781445732117685
2025-03-09,EGY,0.3046505295140865
2025-03-10,EGY,0.46050057485815715
2025-03-11,EGY,0.6076400357394486
2025-03-12,EGY,0.3385687097382157
2025-03-13,EGY,0.44861829924961194
2025-03-14,EGY,0.34374758617521134
2025-03-15,EGY,0.9015279825726529
2025-03-16,EGY,0.8735422451190664
2025-03-17,EGY,0.7503679839222838
2025-03-18,EGY,0.7606922270172871
2025-03-19,EGY,0.7490842767044386
2025-03-20,EGY,0.7496020154327367
2025-03-21,EGY,0.7234229735128842
2025-03-22,EGY,0.7723385597367739
2025-03-23,EGY,0.9059446410159505
2025-03-24,EGY,0.7648277543295492
2025-03-25,EGY,0.751954742181643
2025-03-26,EGY,0.7900027110952498
2025-03-27,EGY,0.8000836304645278
2025-03-28,EGY,0.7888587580655141
2024-07-01,DZA,0.5019106105148807
2024-07-02,DZA,0.47529372828603345
2024-07-03,DZA,0.476502007537114
2024-07-04,DZA,0.37229747367695304
2024-07-05,DZA,0.40658436181417684
2024-07-06,DZA,0.3769953495974801
2024-07-07,DZA,0.4279312763407837
2024-07-08,DZA,0.6902963311988719
2024-07-09,DZA,0.6820993017941955
2024-07-10,DZA,0.6840810372914247
2024-07-11,DZA,0.6531590513793073
2024-07-12,DZA,0.6358033101636891
2024-07-13,DZA,0.6320374455220522
2024-07-14,DZA,0.31450711381621993
2024-07-15,DZA,0.30969310250622295
2024-07-16,DZA,0.3223902462728888
2024-07-17,DZA,0.2924623480326206
2024-07-18,DZA,0.295293766830319
2024-07-19,DZA,0.29785664726843397
2024-07-20,DZA,0.29772153788565237
2024-07-21,DZA,0.7092132191135967
2024-07-22,DZA,0.699897113255897
2024-07-23,DZA,0.7262110803312075
2024-07-24,DZA,0.7348214274458884
2024-07-25,DZA,0.7349990055418186
2024-07-26,DZA,0.6894538025117257
2024-07-27,DZA,0.9380162689961655
2024-07-28,DZA,0.8640735183122364
2024-07-29,DZA,0.7917971081082513
2024-07-30,DZA,0.8222126663331738
2024-07-31,DZA,0.7216534175260831
2024-08-01,DZA,0.6776696682746182
2024-08-02,DZA,0.6677948383489924
2024-08-03,DZA,0.29556519265194675
2024-08-04,DZA,0.28649975173747994
2024-08-05,DZA,0.29053143100375173
2024-08-06,DZA,0.30510082245858294
2024-08-07,DZA,0.30459225117998007
2024-08-08,DZA,0.3170884655555711
2024-08-09,DZA,0.3257911533829777
2024-08-10,DZA,0.7770992403838719
2024-08-11,DZA,0.8317739199028616
2024-08-12,DZA,0.7354918347098625
2024-08-13,DZA,0.648937310975208
2024-08-14,DZA,0.6759653423566175
2024-08-15,DZA,0.6824364422984129
2024-08-16,DZA,0.6454251300792259
2024-08-17,DZA,0.7095001195673628
2024-08-18,DZA,0.9126391741441653
2024-08-19,DZA,0.793452922848417
2024-08-20,DZA,0.6956493636327779
2024-08-21,DZA,0.7086029265705421
2024-08-22,DZA,0.7212339341750352
2024-08-23,DZA,0.7325245564561081
2024-08-24,DZA,0.6781546066684383
2024-08-25,DZA,0.481089209787004
2024-08-26,DZA,0.4885952097706488
2024-08-27,DZA,0.4831643505134402
2024-08-28,DZA,0.4990703737798545
2024-08-29,DZA,0.4608512709050575
2024-08-30,DZA,0.45574304068095156
2024-08-31,DZA,0.48191650321897894
2024-09-01,DZA,0.811959070919816
2024-09-02,DZA,0.7495486901770959
2024-09-03,DZA,0.7322872004901435
2024-09-04,DZA,0.6774910231822532
2024-09-05,DZA,0.7307165278827792
2024-09-06,DZA,0.6802208848678858
2024-09-07,DZA,0.7153331187505559
2024-09-08,DZA,0.7048013002327325
2024-09-09,DZA,0.7142418429522192
2024-09-10,DZA,0.6899607844350577
2024-09-11,DZA,0.7274722502470955
2024-09-12,DZA,0.7817735195176162
2024-09-13,DZA,0.7309434279546672
2024-09-14,DZA,0.7942749670386198
2024-09-15,DZA,0.9568997858235505
2024-09-16,DZA,0.8034448176708254
2024-09-17,DZA,0.7145353171781006
2024-09-18,DZA,0.7099759291023436
2024-09-19,DZA,0.9558875939351977
2024-09-20,DZA,0.7750922345818404
2024-09-21,DZA,0.7492334635810995
2024-09-22,DZA,0.3559745989616661
2024-09-23,DZA,0.35651126647801806
2024-09-24,DZA,0.3497198382165012
2024-09-25,DZA,0.3510071153360606
2024-09-26,DZA,0.335186963655379
2024-09-27,DZA,0.3294262848305984
2024-09-28,DZA,0.3278580698929064
2024-09-29,DZA,0.35761123250416055
2024-09-30,DZA,0.35634868779684276
2024-10-01,DZA,0.3473205974789015
2024-10-02,DZA,0.3293526908156935
2024-10-03,DZA,0.6871348956885025
2024-10-04,DZA,0.6909687001925513
2024-10-05,DZA,0.6829598856997289
2024-10-06,DZA,0.7609577396906705
2024-10-07,DZA,0.7669891980933707
2024-10-08,DZA,0.7007140890623198
2024-10-09,DZA,0.748886822666076
2024-10-10,DZA,0.8244754581919893
2024-10-11,DZA,0.9523411096006748
2024-10-12,DZA,0.8316290883092294
2024-10-13,DZA,0.8419428249760967
2024-10-14,DZA,0.8027176165516693
2024-10-15,DZA,0.8228989775011678
2024-10-16,DZA,0.8134066958587304
2024-10-17,DZA,0.804512372973631
2024-10-18,DZA,0.4847603356053177
2024-10-19,DZA,0.4762528645480934
2024-10-20,DZA,0.46107926773697133
2024-10-21,DZA,0.4706464914024634
2024-10-22,DZA,0.38982626363264794
2024-10-23,DZA,0.3834879777573882
2024-10-24,DZA,0.38231929355418726
2024-10-25,DZA,0.8007757338177409
2024-10-26,DZA,0.6668318279907084
2024-10-27,DZA,0.7158413943144303
2024-10-28,DZA,0.6777638879305213
2024-10-29,DZA,0.7091146638101874
2024-10-30,DZA,0.6947895915179974
2024-10-31,DZA,0.7580099760575518
2024-11-01,DZA,0.8847558091658938
2024-11-02,DZA,0.8885010827327184
2024-11-03,DZA,0.7685587893169914
2024-11-04,DZA,0.7302863158626294
2024-11-05,DZA,0.7070546488461725
2024-11-06,DZA,0.6891423194251747
2024-11-07,DZA,0.6524518085912662
2024-11-08,DZA,0.7101374149199499
2024-11-09,DZA,0.7612368870925313
2024-11-10,DZA,0.7748612941040587
2024-11-11,DZA,0.7460131721698406
2024-11-12,DZA,0.6485908421865824
2024-11-13,DZA,0.6336705001336759
2024-11-14,DZA,0.6853632982751365
2024-11-15,DZA,0.6684106786721504
2024-11-16,DZA,0.6468346549886901
2024-11-17,DZA,0.6758646259599018
2024-11-18,DZA,0.6784450591391645
2024-11-19,DZA,0.63910962310113
2024-11-20,DZA,0.6968869478808528
2024-11-21,DZA,0.8609181166396965
2024-11-22,DZA,0.6389147737582748
2024-11-23,DZA,0.644910195427544
2024-11-24,DZA,0.6413744072133838
2024-11-25,DZA,0.6779750743245139
2024-11-26,DZA,0.7120461642708554
2024-11-27,DZA,0.6895292673113945
2024-11-28,DZA,0.2727349946475904
2024-11-29,DZA,0.2576024112230239
2024-11-30,DZA,0.24846312837990214
2024-12-01,DZA,0.24134916959060942
2024-12-02,DZA,0.23806919239187074
2024-12-03,DZA,0.23554846613786065
2024-12-04,DZA,0.2398973628838527
2024-12-05,DZA,0.5963770430063069
2024-12-06,DZA,0.576891528284145
2024-12-07,DZA,0.5995021909533931
2024-12-08,DZA,0.6341056102970111
2024-12-09,DZA,0.6108651642868153
2024-12-10,DZA,0.6171978867904813
2024-12-11,DZA,0.5641053154717718
2024-12-12,DZA,0.636378793326469
2024-12-13,DZA,0.9178047577876777
2024-12-14,DZA,0.6628594781500491
2024-12-15,DZA,0.7549236857446332
2024-12-16,DZA,0.7881427936954972
2024-12-17,DZA,0.7135908638246232
2024-12-18,DZA,0.6844397132809037
2024-12-19,DZA,0.6793137158233925
2024-12-20,DZA,0.5740860543260546
2024-12-21,DZA,0.6583481834572237
2024-12-22,DZA,0.6617889470005709
2024-12-23,DZA,0.6919388516864755
2024-12-24,DZA,0.6767680749221927
2024-12-25,DZA,0.7090949959041634
2024-12-26,DZA,0.7114854376713182
2024-12-27,DZA,0.8093131481209077
2024-12-28,DZA,0.7046583013915151
2024-12-29,DZA,0.7502559608120318
2024-12-30,DZA,0.7717277661318256
2024-12-31,DZA,0.69922410481381
2025-01-01,DZA,0.7396829586791983
2025-01-02,DZA,0.7615805145594687
2025-01-03,DZA,0.8430951295339394
2025-01-04,DZA,0.8189064628866818
2025-01-05,DZA,0.7586224741507103
2025-01-06,DZA,0.7385971973315607
2025-01-07,DZA,0.7149788486342252
2025-01-08,DZA,0.7237111205626834
2025-01-09,DZA,0.6727107754960935
2025-01-10,DZA,0.7118101669744537
2025-01-11,DZA,0.633599344704267
2025-01-12,DZA,0.6509451835258899
2025-01-13,DZA,0.6395399080386946
2025-01-14,DZA,0.9330918397285081
2025-01-15,DZA,0.6333264590312577
2025-01-16,DZA,0.6543017948228715
2025-01-17,DZA,0.6726055679783836
2025-01-18,DZA,0.616221976594135
2025-01-19,DZA,0.6528327512775012
2025-01-20,DZA,0.5934537832460361
2025-01-21,DZA,0.514110593978167
2025-01-22,DZA,0.49302824070371276
2025-01-23,DZA,0.5023657865811014
2025-01-24,DZA,0.4891872586179759
2025-01-25,DZA,0.5186295995264278
2025-01-26,DZA,0.4987250395746626
2025-01-27,DZA,0.5100468710818988
2025-01-28,DZA,0.6644939944732389
2025-01-29,DZA,0.6484349734007773
2025-01-30,DZA,0.670577911093104
2025-01-31,DZA,0.6306344543362782
2025-02-01,DZA,0.7307068138421923
2025-02-02,DZA,0.7627986097273084
2025-02-03,DZA,0.7636559700870528
2025-02-04,DZA,0.9432190608708537
2025-02-05,DZA,0.7632284160906677
2025-02-06,DZA,0.720577148834075
2025-02-07,DZA,0.8472110867405079
2025-02-08,DZA,0.7704013842216354
2025-02-09,DZA,0.7759081350942111
2025-02-10,DZA,0.7512702040800224
2025-02-11,DZA,0.5861603835534235
2025-02-12,DZA,0.6305964919617528
2025-02-13,DZA,0.6439564354458318
2025-02-14,DZA,0.6411692989620191
2025-02-15,DZA,0.8502877462815521
2025-02-16,DZA,0.6326365588905393
2025-02-17,DZA,0.5814795536037513
2025-02-18,DZA,0.7332947653692026
2025-02-19,DZA,0.725721181155025
2025-02-20,DZA,0.9050507577152759
2025-02-21,DZA,0.8828300872361484
2025-02-22,DZA,0.8644703664598633
2025-02-23,DZA,0.9445025801254912
2025-02-24,DZA,0.7383165877012366
2025-02-25,DZA,0.6628476279966252
2025-02-26,DZA,0.904648006818357
2025-02-27,DZA,0.8161022949009649
2025-02-28,DZA,0.3764788744028796
2025-03-01,DZA,0.3743156561504707
2025-03-02,DZA,0.3845288620667963
2025-03-03,DZA,0.3875812302641283
2025-03-04,DZA,0.36561851529887657
2025-03-05,DZA,0.3260750030652448
2025-03-06,DZA,0.3906059543007585
2025-03-07,DZA,0.3602571077382244
2025-03-08,DZA,0.3857199552043723
2025-03-09,DZA,0.4043435921519527
2025-03-10,DZA,0.3743378442566723
2025-03-11,DZA,0.4131257569992462
2025-03-12,DZA,0.7902757884663475
2025-03-13,DZA,0.7818498062062106
2025-03-14,DZA,0.7679474905441228
2025-03-15,DZA,0.7738626197823806
2025-03-16,DZA,0.7918741124923919
2025-03-17,DZA,0.8089268506065735
2025-03-18,DZA,0.7954247904547004
2025-03-19,DZA,0.7831680439186555
2025-03-20,DZA,0.775964767139647
2025-03-21,DZA,0.925054722603844
2025-03-22,DZA,0.783976350557337
2025-03-23,DZA,0.7758000895139447
2025-03-24,DZA,0.7632418959675141
2025-03-25,DZA,0.7401161626670653
2025-03-26,DZA,0.7883747324096513
2025-03-27,DZA,0.7887504274082375
2025-03-28,DZA,0.38054826909060013
2024-07-01,TUN,0.6148074220898652
2024-07-02,TUN,0.5826448246762729
2024-07-03,TUN,0.3551589142034694
2024-07-04,TUN,0.33277405420241196
2024-07-05,TUN,0.34526270684010496
2024-07-06,TUN,0.319408525130896
2024-07-07,TUN,0.3626166524573644
2024-07-08,TUN,0.355938585217141
2024-07-09,TUN,0.33771904780308587
2024-07-10,TUN,0.625471270413265
2024-07-11,TUN,0.6426478535355253
2024-07-12,TUN,0.6313260659882631
2024-07-13,TUN,0.6948362681137565
2024-07-14,TUN,0.7255137839903344
2024-07-15,TUN,0.7388309891830879
2024-07-16,TUN,0.6613182843449613
2024-07-17,TUN,0.6201745469336238
2024-07-18,TUN,0.6034766600362778
2024-07-19,TUN,0.6334820756671242
2024-07-20,TUN,0.6933707004016677
2024-07-21,TUN,0.7416820044284435
2024-07-22,TUN,0.7401010848907699
2024-07-23,TUN,0.9455953912805561
2024-07-24,TUN,0.7376796837371525
2024-07-25,TUN,0.7464502305743674
2024-07-26,TUN,0.6927223794823036
2024-07-27,TUN,0.6931490907871058
2024-07-28,TUN,0.7301751349301988
2024-07-29,TUN,0.738333064581626
2024-07-30,TUN,0.6309595988469147
2024-07-31,TUN,0.6211262258707645
2024-08-01,TUN,0.6079887796248492
2024-08-02,TUN,0.5606293842761543
2024-08-03,TUN,0.5335474823504007
2024-08-04,TUN,0.9298743203357067
2024-08-05,TUN,0.5707509350104927
2024-08-06,TUN,0.7139896371262144
2024-08-07,TUN,0.5940844073866164
2024-08-08,TUN,0.6468209938129805
2024-08-09,TUN,0.5795013015358701
2024-08-10,TUN,0.6508027276046255
2024-08-11,TUN,0.3625479738558061
2024-08-12,TUN,0.36106822743063416
2024-08-13,TUN,0.3768063538352837
2024-08-14,TUN,0.36584291658461143
2024-08-15,TUN,0.3829117434689074
2024-08-16,TUN,0.4088704081745141
2024-08-17,TUN,0.37578729834684843
2024-08-18,TUN,0.7578598360143979
2024-08-19,TUN,0.744202913075672
2024-08-20,TUN,0.7292353186332327
2024-08-21,TUN,0.7222071133773803
2024-08-22,TUN,0.7311923163765297
2024-08-23,TUN,0.7135379482532376
2024-08-24,TUN,0.7652577115381332
2024-08-25,TUN,0.8155030556216948
2024-08-26,TUN,0.7415966577586194
2024-08-27,TUN,0.7205245309843914
2024-08-28,TUN,0.7406741466722316
2024-08-29,TUN,0.6850482657946191
2024-08-30,TUN,0.6990736642320231
2024-08-31,TUN,0.7245349966017192
2024-09-01,TUN,0.7226382513768336
2024-09-02,TUN,0.77382419328495
2024-09-03,TUN,0.7351390223729778
2024-09-04,TUN,0.6756187051432986
2024-09-05,TUN,0.7345267402860555
2024-09-06,TUN,0.7248663911818175
2024-09-07,TUN,0.847402400447749
2024-09-08,TUN,0.727097017363653
2024-09-09,TUN,0.7037611713182184
2024-09-10,TUN,0.6122684042099447
2024-09-11,TUN,0.6875734943382124
2024-09-12,TUN,0.7023261410743384
2024-09-13,TUN,0.6532086936796828
2024-09-14,TUN,0.7496539910687449
2024-09-15,TUN,0.7540324500470635
2024-09-16,TUN,0.7476488613450996
2024-09-17,TUN,0.6837394368725682
2024-09-18,TUN,0.666881018652504
2024-09-19,TUN,0.6694948303649663
2024-09-20,TUN,0.6718860964056279
2024-09-21,TUN,0.7383896418292533
2024-09-22,TUN,0.7696105304685305
2024-09-23,TUN,0.7596555059749324
2024-09-24,TUN,0.6802772443981924
2024-09-25,TUN,0.7103536045943836
2024-09-26,TUN,0.6990466955318483
2024-09-27,TUN,0.7051831486909771
2024-09-28,TUN,0.722441765134837
2024-09-29,TUN,0.69089432941297
2024-09-30,TUN,0.6680297937844284
2024-10-01,TUN,0.7296960567751796
2024-10-02,TUN,0.5887989004933712
2024-10-03,TUN,0.6625521510191776
2024-10-04,TUN,0.6057934009942293
2024-10-05,TUN,0.5583994896588711
2024-10-06,TUN,0.5901002609748329
2024-10-07,TUN,0.5931594395081621
2024-10-08,TUN,0.5126359922062893
2024-10-09,TUN,0.5371109417998802
2024-10-10,TUN,0.5881873992915947
2024-10-11,TUN,0.6140008696159575
2024-10-12,TUN,0.5307340105953692
2024-10-13,TUN,0.5837619579609656
2024-10-14,TUN,0.630217530712133
2024-10-15,TUN,0.8552648934048266
2024-10-16,TUN,0.6174710971183749
2024-10-17,TUN,0.6182279618831608
2024-10-18,TUN,0.5903912573409358
2024-10-19,TUN,0.6074162886321322
2024-10-20,TUN,0.6600975167205407
2024-10-21,TUN,0.6360339206412344
2024-10-22,TUN,0.5317250330593791
2024-10-23,TUN,0.547976592048175
2024-10-24,TUN,0.5495871139273292
2024-10-25,TUN,0.5444762489133519
2024-10-26,TUN,0.5232255261453527
2024-10-27,TUN,0.5735951259793055
2024-10-28,TUN,0.5515825709478028
2024-10-29,TUN,0.6539901488021068
2024-10-30,TUN,0.6857194489265241
2024-10-31,TUN,0.7006558808944925
2024-11-01,TUN,0.6650444987277156
2024-11-02,TUN,0.7084716946347942
2024-11-03,TUN,0.7016469280982501
2024-11-04,TUN,0.7309936114333574
2024-11-05,TUN,0.7316581196966098
2024-11-06,TUN,0.7270872129584103
2024-11-07,TUN,0.7339186548052273
2024-11-08,TUN,0.7392461498668546
2024-11-09,TUN,0.8203609547165298
2024-11-10,TUN,0.8189832945154277
2024-11-11,TUN,0.7987422387224326
2024-11-12,TUN,0.7853739283960115
2024-11-13,TUN,0.7466008916176223
2024-11-14,TUN,0.7795053633099686
2024-11-15,TUN,0.7126048601992194
2024-11-16,TUN,0.6988183015655535
2024-11-17,TUN,0.7468991712255888
2024-11-18,TUN,0.7149667486156379
2024-11-19,TUN,0.7022258661149757
2024-11-20,TUN,0.6998245796334879
2024-11-21,TUN,0.6117627169683394
2024-11-22,TUN,0.6044538959045839
2024-11-23,TUN,0.6534298841504574
2024-11-24,TUN,0.8820891354982815
2024-11-25,TUN,0.7054645311491285
2024-11-26,TUN,0.6938770177256937
2024-11-27,TUN,0.6784068593236626
2024-11-28,TUN,0.6956041993890195
2024-11-29,TUN,0.70290171028117
2024-11-30,TUN,0.7066835614236225
2024-12-01,TUN,0.7240679769325813
2024-12-02,TUN,0.735022415519989
2024-12-03,TUN,0.6705846263255227
2024-12-04,TUN,0.6992835203512653
2024-12-05,TUN,0.7193490513234199
2024-12-06,TUN,0.746158649141694
2024-12-07,TUN,0.868221893665883
2024-12-08,TUN,0.8108810199313696
2024-12-09,TUN,0.6958985202956061
2024-12-10,TUN,0.6720331076005133
2024-12-11,TUN,0.6982431013570088
2024-12-12,TUN,0.6511213839545277
2024-12-13,TUN,0.6993048485252676
2024-12-14,TUN,0.7093987034288878
2024-12-15,TUN,0.6647757421435697
2024-12-16,TUN,0.6454021091921728
2024-12-17,TUN,0.6437356229853989
2024-12-18,TUN,0.6398896989230796
2024-12-19,TUN,0.6581196896133157
2024-12-20,TUN,0.6101624753547528
2024-12-21,TUN,0.6185783432524784
2024-12-22,TUN,0.6755053362974378
2024-12-23,TUN,0.6792396727642149
2024-12-24,TUN,0.6705751961677222
2024-12-25,TUN,0.7143358818631033
2024-12-26,TUN,0.7619287507902328
2024-12-27,TUN,0.7403949630242912
2024-12-28,TUN,0.956020459294397
2024-12-29,TUN,0.9345507558305003
2024-12-30,TUN,0.7716212570028651
2024-12-31,TUN,0.6973079692561147
2025-01-01,TUN,0.6856404602070705
2025-01-02,TUN,0.7534971541470018
2025-01-03,TUN,0.44421960690596574
2025-01-04,TUN,0.5777907147030917
2025-01-05,TUN,0.6074562985785493
2025-01-06,TUN,0.5995939836067826
2025-01-07,TUN,0.5952763739888614
2025-01-08,TUN,0.5887707413610762
2025-01-09,TUN,0.5973442997435723
2025-01-10,TUN,0.6027578389372062
2025-01-11,TUN,0.6956089826174118
2025-01-12,TUN,0.7306639505336505
2025-01-13,TUN,0.7462564217039226
2025-01-14,TUN,0.6568928945943909
2025-01-15,TUN,0.7443615698838014
2025-01-16,TUN,0.7288214655734327
2025-01-17,TUN,0.7321572464864058
2025-01-18,TUN,0.7832032592706923
2025-01-19,TUN,0.812391319677511
2025-01-20,TUN,0.8184957304648116
2025-01-21,TUN,0.8095785464281868
2025-01-22,TUN,0.8051207891954337
2025-01-23,TUN,0.7535261898819239
2025-01-24,TUN,0.7710796204678481
2025-01-25,TUN,0.763433525391927
2025-01-26,TUN,0.7238323225589562
2025-01-27,TUN,0.7478099695403246
2025-01-28,TUN,0.7302141744311876
2025-01-29,TUN,0.6962301652813729
2025-01-30,TUN,0.6978849993272644
2025-01-31,TUN,0.7028811269755232
2025-02-01,TUN,0.7270843031738321
2025-02-02,TUN,0.7288972396057307
2025-02-03,TUN,0.6806030325414512
2025-02-04,TUN,0.6334828448785141
2025-02-05,TUN,0.7627282970401869
2025-02-06,TUN,0.6994560060733432
2025-02-07,TUN,0.65332740670654
2025-02-08,TUN,0.6519083449215708
2025-02-09,TUN,0.9287783411747234
2025-02-10,TUN,0.7036684667507694
2025-02-11,TUN,0.6362953553544968
2025-02-12,TUN,0.605862749072601
2025-02-13,TUN,0.622635039011612
2025-02-14,TUN,0.610434673051972
2025-02-15,TUN,0.6209765498414646
2025-02-16,TUN,0.8728553142931403
2025-02-17,TUN,0.3362742334187807
2025-02-18,TUN,0.35645951762543626
2025-02-19,TUN,0.3179937877075
2025-02-20,TUN,0.3251630332004522
2025-02-21,TUN,0.31012515692161785
2025-02-22,TUN,0.3180133920176173
2025-02-23,TUN,0.5352706204120435
2025-02-24,TUN,0.5333075193729081
2025-02-25,TUN,0.5398126722428302
2025-02-26,TUN,0.5596526457361017
2025-02-27,TUN,0.5790091363757393
2025-02-28,TUN,0.5716156078157785
2025-03-01,TUN,0.6072439516513025
2025-03-02,TUN,0.8071289436154495
2025-03-03,TUN,0.7889351046627004
2025-03-04,TUN,0.7414084089509501
2025-03-05,TUN,0.762167169532969
2025-03-06,TUN,0.7700302769620069
2025-03-07,TUN,0.7176909958329112
2025-03-08,TUN,0.7445787326506688
2025-03-09,TUN,0.7612954048005146
2025-03-10,TUN,0.7625441790234748
2025-03-11,TUN,0.7352993343709693
2025-03-12,TUN,0.7440587325641804
2025-03-13,TUN,0.7344093830585848
2025-03-14,TUN,0.740638106652495
2025-03-15,TUN,0.7341093006162082
2025-03-16,TUN,0.7713678475784861
2025-03-17,TUN,0.7734213955079703
2025-03-18,TUN,0.7399869936774518
2025-03-19,TUN,0.7265902106131774
2025-03-20,TUN,0.7374104564821944
2025-03-21,TUN,0.7333910449495664
2025-03-22,TUN,0.7190661498085306
2025-03-23,TUN,0.7031916390645506
2025-03-24,TUN,0.7009563045972041
2025-03-25,TUN,0.6527318157942141
2025-03-26,TUN,0.6595618708374842
2025-03-27,TUN,0.6779552649606085
2025-03-28,TUN,0.6303577614011718
2024-07-01,MLI,0.8284381531971153
2024-07-02,MLI,0.4315191958161812
2024-07-03,MLI,0.8112967373221301
2024-07-04,MLI,0.5695523788558579
2024-07-05,MLI,0.4818609724755916
2024-07-06,MLI,0.3842512340439772
2024-07-07,MLI,0.33876553542157617
2024-07-08,MLI,0.29767112757121317
2024-07-09,MLI,0.5153187953244032
2024-07-10,MLI,0.20948587464674742
2024-07-11,MLI,0.21034723182806622
2024-07-12,MLI,0.25088335067962525
2024-07-13,MLI,0.20884339305895547
2024-07-14,MLI,0.21034282486931477
2024-07-15,MLI,0.2134100315112995
2024-07-16,MLI,0.21681267220093958
2024-07-17,MLI,0.37955610746837865
2024-07-18,MLI,0.4509161475498046
2024-07-19,MLI,0.6077764296461088
2024-07-20,MLI,0.5377718828144142
2024-07-21,MLI,0.8780015621719607
2024-07-22,MLI,0.6718182547552652
2024-07-23,MLI,0.6341168619856163
2024-07-24,MLI,0.597867692022944
2024-07-25,MLI,0.8986467889981121
2024-07-26,MLI,0.9407936685491789
2024-07-27,MLI,0.9332704043580118
2024-07-28,MLI,0.7936528779892087
2024-07-29,MLI,0.34051217117146354
2024-07-30,MLI,0.7708610825275107
2024-07-31,MLI,0.3622088862553812
2024-08-01,MLI,0.23200888886246582
2024-08-02,MLI,0.21821677369136644
2024-08-03,MLI,0.2361401019760543
2024-08-04,MLI,0.2105971129512069
2024-08-05,MLI,0.22892162924097065
2024-08-06,MLI,0.21095086898178317
2024-08-07,MLI,0.2100074531079592
2024-08-08,MLI,0.22075238809034242
2024-08-09,MLI,0.21406755041395487
2024-08-10,MLI,0.215666060184124
2024-08-11,MLI,0.21927280588617784
2024-08-12,MLI,0.22811581035612719
2024-08-13,MLI,0.5474779173098492
2024-08-14,MLI,0.534616065730413
2024-08-15,MLI,0.8458058692556517
2024-08-16,MLI,0.5735462718831498
2024-08-17,MLI,0.37401427098323986
2024-08-18,MLI,0.7083611461345752
2024-08-19,MLI,0.68345147407996
2024-08-20,MLI,0.6367360723059444
2024-08-21,MLI,0.9199764358354496
2024-08-22,MLI,0.6273836489522966
2024-08-23,MLI,0.5002575536143726
2024-08-24,MLI,0.4190920717641176
2024-08-25,MLI,0.842238673008934
2024-08-26,MLI,0.4634537267579724
2024-08-27,MLI,0.49078641996186567
2024-08-28,MLI,0.5096663048019053
2024-08-29,MLI,0.579220910760825
2024-08-30,MLI,0.46763017593068257
2024-08-31,MLI,0.7526354387660239
2024-09-01,MLI,0.39490323928814186
2024-09-02,MLI,0.32171823706285224
2024-09-03,MLI,0.31215525065463456
2024-09-04,MLI,0.40560956669107134
2024-09-05,MLI,0.3721792454359668
2024-09-06,MLI,0.2836700922250794
2024-09-07,MLI,0.3041361764296703
2024-09-08,MLI,0.3706575308303092
2024-09-09,MLI,0.38336927304826734
2024-09-10,MLI,0.40620570674325557
2024-09-11,MLI,0.6859707189026522
2024-09-12,MLI,0.4307176105288724
2024-09-13,MLI,0.6685444838549968
2024-09-14,MLI,0.7957121058049692
2024-09-15,MLI,0.7341809882596269
2024-09-16,MLI,0.8916838170633333
2024-09-17,MLI,0.9613144353212394
2024-09-18,MLI,0.8557216495888945
2024-09-19,MLI,0.7784157055128152
2024-09-20,MLI,0.909471349069304
2024-09-21,MLI,0.3603422926119515
2024-09-22,MLI,0.8196817790216454
2024-09-23,MLI,0.32477244977618436
2024-09-24,MLI,0.20611067106659134
2024-09-25,MLI,0.21100383234500794
2024-09-26,MLI,0.20301494315900698
2024-09-27,MLI,0.21075846556840702
2024-09-28,MLI,0.2013391009502258
2024-09-29,MLI,0.21590814819150064
2024-09-30,MLI,0.20157643526744412
2024-10-01,MLI,0.2530999014295796
2024-10-02,MLI,0.33371341840494534
2024-10-03,MLI,0.2794446829558243
2024-10-04,MLI,0.6193111572342767
2024-10-05,MLI,0.3870078076866205
2024-10-06,MLI,0.7710877473963853
2024-10-07,MLI,0.565571102861649
2024-10-08,MLI,0.5952249290341737
2024-10-09,MLI,0.681123413811864
2024-10-10,MLI,0.6966894612075129
2024-10-11,MLI,0.6014449797757032
2024-10-12,MLI,0.558024830529662
2024-10-13,MLI,0.39439384872891686
2024-10-14,MLI,0.506048839466739
2024-10-15,MLI,0.6143078036564092
2024-10-16,MLI,0.3552542460686368
2024-10-17,MLI,0.28789657013991155
2024-10-18,MLI,0.2938894768620104
2024-10-19,MLI,0.2983916077647672
2024-10-20,MLI,0.4025767027663968
2024-10-21,MLI,0.9036755895954417
2024-10-22,MLI,0.5612269876890666
2024-10-23,MLI,0.5655203997269252
2024-10-24,MLI,0.8879481227023946
2024-10-25,MLI,0.8284339070712752
2024-10-26,MLI,0.4738471509445022
2024-10-27,MLI,0.4888242347290745
2024-10-28,MLI,0.7716813202767291
2024-10-29,MLI,0.46083809706014234
2024-10-30,MLI,0.38602447301376974
2024-10-31,MLI,0.2830183868656029
2024-11-01,MLI,0.29548943149723317
2024-11-02,MLI,0.32917671257746134
2024-11-03,MLI,0.26297488249937406
2024-11-04,MLI,0.29372305184686553
2024-11-05,MLI,0.44941564275492446
2024-11-06,MLI,0.37919443659691376
2024-11-07,MLI,0.5802186987991865
2024-11-08,MLI,0.45848831584618915
2024-11-09,MLI,0.4160181528483116
2024-11-10,MLI,0.473566877065561
2024-11-11,MLI,0.7880183422070101
2024-11-12,MLI,0.44195283026261434
2024-11-13,MLI,0.42901005815096643
2024-11-14,MLI,0.40655114893795286
2024-11-15,MLI,0.4928402212389713
2024-11-16,MLI,0.6712352258625449
2024-11-17,MLI,0.33958516430776825
2024-11-18,MLI,0.2651175964169649
2024-11-19,MLI,0.694673626776828
2024-11-20,MLI,0.41575790634244986
2024-11-21,MLI,0.5029045619422197
2024-11-22,MLI,0.3112798876755434
2024-11-23,MLI,0.2949032422942103
2024-11-24,MLI,0.3331020864779663
2024-11-25,MLI,0.8149575137182441
2024-11-26,MLI,0.5847156839415196
2024-11-27,MLI,0.4699056977672025
2024-11-28,MLI,0.38511629269661357
2024-11-29,MLI,0.42926626499697934
2024-11-30,MLI,0.45140539635242166
2024-12-01,MLI,0.806531123991011
2024-12-02,MLI,0.8255886201855437
2024-12-03,MLI,0.4112604919647912
2024-12-04,MLI,0.4959651359386528
2024-12-05,MLI,0.4477910391878223
2024-12-06,MLI,0.4583490746692344
2024-12-07,MLI,0.5318757198162933
2024-12-08,MLI,0.5226359721780789
2024-12-09,MLI,0.471520027295174
2024-12-10,MLI,0.4418162119261169
2024-12-11,MLI,0.617735579026817
2024-12-12,MLI,0.4742695816726052
2024-12-13,MLI,0.5081658595188178
2024-12-14,MLI,0.4430864041630376
2024-12-15,MLI,0.8643043865142901
2024-12-16,MLI,0.7905156537445315
2024-12-17,MLI,0.7751670003959952
2024-12-18,MLI,0.6869013094680743
2024-12-19,MLI,0.5872834191105742
2024-12-20,MLI,0.707825780067198
2024-12-21,MLI,0.8005626188152093
2024-12-22,MLI,0.4185405644284258
2024-12-23,MLI,0.48642823616679726
2024-12-24,MLI,0.7556203119221895
2024-12-25,MLI,0.4756419663608034
2024-12-26,MLI,0.8539355743740533
2024-12-27,MLI,0.4621426359109994
2024-12-28,MLI,0.6402181285642434
2024-12-29,MLI,0.42611797637454935
2024-12-30,MLI,0.4134730535584861
2024-12-31,MLI,0.35435747425470915
2025-01-01,MLI,0.40640545914895737
2025-01-02,MLI,0.4527811147238095
2025-01-03,MLI,0.4338908789877017
2025-01-04,MLI,0.3621333627180083
2025-01-05,MLI,0.3962323823878465
2025-01-06,MLI,0.7536093425808743
2025-01-07,MLI,0.38142453316118724
2025-01-08,MLI,0.662502098886632
2025-01-09,MLI,0.44241042994629187
2025-01-10,MLI,0.45382549628601004
2025-01-11,MLI,0.620580232168113
2025-01-12,MLI,0.8482860529407762
2025-01-13,MLI,0.33407606815059065
2025-01-14,MLI,0.4425886326404745
2025-01-15,MLI,0.3206857943180805
2025-01-16,MLI,0.34161307947606256
2025-01-17,MLI,0.30924981998826084
2025-01-18,MLI,0.3038561760794552
2025-01-19,MLI,0.31898285631429407
2025-01-20,MLI,0.44380767984030894
2025-01-21,MLI,0.30879963317882914
2025-01-22,MLI,0.31351158135831164
2025-01-23,MLI,0.3297391971098857
2025-01-24,MLI,0.4797782286844554
2025-01-25,MLI,0.32155492043807327
2025-01-26,MLI,0.5115008692404265
2025-01-27,MLI,0.6743302730427756
2025-01-28,MLI,0.8074110752905879
2025-01-29,MLI,0.7510125998002819
2025-01-30,MLI,0.6084928437408321
2025-01-31,MLI,0.434989130743441
2025-02-01,MLI,0.6423468160980198
2025-02-02,MLI,0.5240284211887465
2025-02-03,MLI,0.4741146949616779
2025-02-04,MLI,0.27318076089829524
2025-02-05,MLI,0.24846381585867253
2025-02-06,MLI,0.2974595568298823
2025-02-07,MLI,0.7592125288688879
2025-02-08,MLI,0.3091619563828163
2025-02-09,MLI,0.3122621982992416
2025-02-10,MLI,0.6391737230594845
2025-02-11,MLI,0.7455120448304835
2025-02-12,MLI,0.8761483908065902
2025-02-13,MLI,0.5722416227278012
2025-02-14,MLI,0.21890603208946036
2025-02-15,MLI,0.21752121752547932
2025-02-16,MLI,0.39294766016845867
2025-02-17,MLI,0.43169162091293356
2025-02-18,MLI,0.2567029419241357
2025-02-19,MLI,0.29280517821880886
2025-02-20,MLI,0.3053898214501678
2025-02-21,MLI,0.6784500015052353
2025-02-22,MLI,0.37687473449619346
2025-02-23,MLI,0.5089976008964056
2025-02-24,MLI,0.2336021522783732
2025-02-25,MLI,0.2504542085209489
2025-02-26,MLI,0.2597533766785302
2025-02-27,MLI,0.2325799096135309
2025-02-28,MLI,0.2687156591632401
2025-03-01,MLI,0.23417196205616067
2025-03-02,MLI,0.2333522514755134
2025-03-03,MLI,0.2932983353716722
2025-03-04,MLI,0.637606235444476
2025-03-05,MLI,0.3120167211645903
2025-03-06,MLI,0.524006279324657
2025-03-07,MLI,0.39243330913315655
2025-03-08,MLI,0.4219024079406905
2025-03-09,MLI,0.5216202687112622
2025-03-10,MLI,0.7151866992205217
2025-03-11,MLI,0.5349051120497784
2025-03-12,MLI,0.6909742169294986
2025-03-13,MLI,0.745582843994248
2025-03-14,MLI,0.7067586366280844
2025-03-15,MLI,0.6457702155696246
2025-03-16,MLI,0.7450106693945765
2025-03-17,MLI,0.6283597920328213
2025-03-18,MLI,0.9369008279434045
2025-03-19,MLI,0.8509997908821121
2025-03-20,MLI,0.8501908842879202
2025-03-21,MLI,0.6287040033129853
2025-03-22,MLI,0.5703970164108857
2025-03-23,MLI,0.514406361989633
2025-03-24,MLI,0.6600452701367072
2025-03-25,MLI,0.3469319022708117
2025-03-26,MLI,0.4840708641076137
2025-03-27,MLI,0.7766685368419771
2025-03-28,MLI,0.41922172570082666
2024-07-01,BFA,0.6969393098169934
2024-07-02,BFA,0.4632485572162468
2024-07-03,BFA,0.28981820990319307
2024-07-04,BFA,0.3137370427870063
2024-07-05,BFA,0.2686407467471723
2024-07-06,BFA,0.2602998912631399
2024-07-07,BFA,0.213391655427984
2024-07-08,BFA,0.2224587257483557
2024-07-09,BFA,0.20354359670343944
2024-07-10,BFA,0.20475492439389856
2024-07-11,BFA,0.20734900277953427
2024-07-12,BFA,0.2261157816957572
2024-07-13,BFA,0.2138477348433253
2024-07-14,BFA,0.6460688639058879
2024-07-15,BFA,0.7720124727530051
2024-07-16,BFA,0.7044971743206258
2024-07-17,BFA,0.44098198705209646
2024-07-18,BFA,0.5469655761775868
2024-07-19,BFA,0.8148670470221601
2024-07-20,BFA,0.38297825205564706
2024-07-21,BFA,0.4548483463561358
2024-07-22,BFA,0.32476682986804445
2024-07-23,BFA,0.6005790850539892
2024-07-24,BFA,0.3096816847424244
2024-07-25,BFA,0.6651815252876635
2024-07-26,BFA,0.33493795836740464
2024-07-27,BFA,0.2771898568016671
2024-07-28,BFA,0.33879832868296467
2024-07-29,BFA,0.3710893292071067
2024-07-30,BFA,0.4380531703693224
2024-07-31,BFA,0.7777032990703716
2024-08-01,BFA,0.31751518901333947
2024-08-02,BFA,0.2692587413787318
2024-08-03,BFA,0.26713487832080746
2024-08-04,BFA,0.5550421870113164
2024-08-05,BFA,0.34502339896014433
2024-08-06,BFA,0.3623113925166866
2024-08-07,BFA,0.3074209960103973
2024-08-08,BFA,0.6504253068763237
2024-08-09,BFA,0.8629595597678315
2024-08-10,BFA,0.4628421121951012
2024-08-11,BFA,0.3711398055991393
2024-08-12,BFA,0.3517063189995489
2024-08-13,BFA,0.3250743734886984
2024-08-14,BFA,0.34283152070989614
2024-08-15,BFA,0.22809201714400695
2024-08-16,BFA,0.20887119274190977
2024-08-17,BFA,0.20542491254307735
2024-08-18,BFA,0.21917958651267988
2024-08-19,BFA,0.21998770430852324
2024-08-20,BFA,0.21007334728520516
2024-08-21,BFA,0.2233335879924948
2024-08-22,BFA,0.20106320572979
2024-08-23,BFA,0.4978294920033722
2024-08-24,BFA,0.9407084909563037
2024-08-25,BFA,0.6124678723763205
2024-08-26,BFA,0.5055862955025062
2024-08-27,BFA,0.3637755069761354
2024-08-28,BFA,0.3032774028997428
2024-08-29,BFA,0.3428319123241945
2024-08-30,BFA,0.8149846598676695
2024-08-31,BFA,0.2100604838775359
2024-09-01,BFA,0.20448584782387041
2024-09-02,BFA,0.20359728850483963
2024-09-03,BFA,0.201356493520093
2024-09-04,BFA,0.2010974117751997
2024-09-05,BFA,0.20110878842269342
2024-09-06,BFA,0.20213441661730144
2024-09-07,BFA,0.2892089518841078
2024-09-08,BFA,0.5615831055946388
2024-09-09,BFA,0.7261124186381773
2024-09-10,BFA,0.5475048314085644
2024-09-11,BFA,0.4459680435105018
2024-09-12,BFA,0.7364183150799746
2024-09-13,BFA,0.8829136211375117
2024-09-14,BFA,0.8915236210703762
2024-09-15,BFA,0.7790049156812872
2024-09-16,BFA,0.5465278255680367
2024-09-17,BFA,0.7617079588862836
2024-09-18,BFA,0.5513311695178545
2024-09-19,BFA,0.568240539540165
2024-09-20,BFA,0.42265194398950334
2024-09-21,BFA,0.419113097475465
2024-09-22,BFA,0.47198612202157514
2024-09-23,BFA,0.4830151127090112
2024-09-24,BFA,0.47784471673556767
2024-09-25,BFA,0.7182079705406375
2024-09-26,BFA,0.45279981483364073
2024-09-27,BFA,0.8644465029715949
2024-09-28,BFA,0.8953830658706109
2024-09-29,BFA,0.8476814295012871
2024-09-30,BFA,0.8850957545244489
2024-10-01,BFA,0.7240047936997251
2024-10-02,BFA,0.8591198807998315
2024-10-03,BFA,0.5187522940185073
2024-10-04,BFA,0.5378596062707247
2024-10-05,BFA,0.7986943592702409
2024-10-06,BFA,0.6794228096944399
2024-10-07,BFA,0.3565886994464145
2024-10-08,BFA,0.6226127903572073
2024-10-09,BFA,0.2864659705306458
2024-10-10,BFA,0.5813957210824681
2024-10-11,BFA,0.3015489055827867
2024-10-12,BFA,0.3181648171264179
2024-10-13,BFA,0.33346538468695686
2024-10-14,BFA,0.2862305855326627
2024-10-15,BFA,0.46273605351249275
2024-10-16,BFA,0.2901788217891144
2024-10-17,BFA,0.5728349719678764
2024-10-18,BFA,0.5326944757795926
2024-10-19,BFA,0.5940316586888316
2024-10-20,BFA,0.2758595901266409
2024-10-21,BFA,0.42231349369152943
2024-10-22,BFA,0.5592968560547092
2024-10-23,BFA,0.3870117628248604
2024-10-24,BFA,0.4451550132836837
2024-10-25,BFA,0.5093369301708353
2024-10-26,BFA,0.41588587896611323
2024-10-27,BFA,0.38943922258475855
2024-10-28,BFA,0.5805598579316509
2024-10-29,BFA,0.6754634821614462
2024-10-30,BFA,0.5398791965976684
2024-10-31,BFA,0.6905916444375644
2024-11-01,BFA,0.7186610628191801
2024-11-02,BFA,0.6953205543741486
2024-11-03,BFA,0.7059852489252519
2024-11-04,BFA,0.6087020245449069
2024-11-05,BFA,0.757363912672277
2024-11-06,BFA,0.7254397212113769
2024-11-07,BFA,0.5792293777972015
2024-11-08,BFA,0.43157235149216217
2024-11-09,BFA,0.2856342328184492
2024-11-10,BFA,0.2706089304916545
2024-11-11,BFA,0.23332082680057295
2024-11-12,BFA,0.2270976677000173
2024-11-13,BFA,0.2126127081838213
2024-11-14,BFA,0.22775031431195714
2024-11-15,BFA,0.22148315189663473
2024-11-16,BFA,0.22904816252022972
2024-11-17,BFA,0.2593142452101672
2024-11-18,BFA,0.2398929464279653
2024-11-19,BFA,0.2943805318559988
2024-11-20,BFA,0.4305931387581188
2024-11-21,BFA,0.7910516323514907
2024-11-22,BFA,0.46289536424259836
2024-11-23,BFA,0.7399186901492462
2024-11-24,BFA,0.8060697953323674
2024-11-25,BFA,0.6764101295506434
2024-11-26,BFA,0.5453886208956171
2024-11-27,BFA,0.5389728317057796
2024-11-28,BFA,0.49842049443284
2024-11-29,BFA,0.3452829736090247
2024-11-30,BFA,0.5902800788649626
2024-12-01,BFA,0.5967820335443474
2024-12-02,BFA,0.43484797154662724
2024-12-03,BFA,0.48362511852736834
2024-12-04,BFA,0.42919905361599675
2024-12-05,BFA,0.6068152893006077
2024-12-06,BFA,0.3574955386632449
2024-12-07,BFA,0.38399442811560486
2024-12-08,BFA,0.30811136573593984
2024-12-09,BFA,0.3209307722979526
2024-12-10,BFA,0.5974134710209704
2024-12-11,BFA,0.29900889219459054
2024-12-12,BFA,0.37308818776458746
2024-12-13,BFA,0.5419011954117208
2024-12-14,BFA,0.29148749580792177
2024-12-15,BFA,0.6364553957263905
2024-12-16,BFA,0.4573212422071877
2024-12-17,BFA,0.5217436072323627
2024-12-18,BFA,0.45031436660842605
2024-12-19,BFA,0.307637026078968
2024-12-20,BFA,0.28912828753259545
2024-12-21,BFA,0.46387656690525964
2024-12-22,BFA,0.31756796460046177
2024-12-23,BFA,0.5369969112189557
2024-12-24,BFA,0.5738487556419213
2024-12-25,BFA,0.5993615978834985
2024-12-26,BFA,0.452352008446779
2024-12-27,BFA,0.5238936231958335
2024-12-28,BFA,0.5500069535133809
2024-12-29,BFA,0.7620369978436335
2024-12-30,BFA,0.5630471671831303
2024-12-31,BFA,0.49701058320693015
2025-01-01,BFA,0.4014615132134776
2025-01-02,BFA,0.6035419495588198
2025-01-03,BFA,0.8409830189244649
2025-01-04,BFA,0.7545872007643262
2025-01-05,BFA,0.6793865893346431
2025-01-06,BFA,0.4478300776507588
2025-01-07,BFA,0.8287679649907502
2025-01-08,BFA,0.8252502909782764
2025-01-09,BFA,0.8727755351126781
2025-01-10,BFA,0.4741353775149133
2025-01-11,BFA,0.5059032931061122
2025-01-12,BFA,0.33272000462854423
2025-01-13,BFA,0.4212381285682489
2025-01-14,BFA,0.3904914046485263
2025-01-15,BFA,0.34059120633596535
2025-01-16,BFA,0.36197912099777807
2025-01-17,BFA,0.4898746716570898
2025-01-18,BFA,0.42859126597822345
2025-01-19,BFA,0.387198347754358
2025-01-20,BFA,0.38178553279489597
2025-01-21,BFA,0.48644622024768347
2025-01-22,BFA,0.6412680471548762
2025-01-23,BFA,0.5957755029365014
2025-01-24,BFA,0.45142676881708943
2025-01-25,BFA,0.3463252812331179
2025-01-26,BFA,0.46569673650692367
2025-01-27,BFA,0.5688917192085042
2025-01-28,BFA,0.8228032856509473
2025-01-29,BFA,0.2930091481792102
2025-01-30,BFA,0.33745011685218984
2025-01-31,BFA,0.2539062871799539
2025-02-01,BFA,0.22750411506082333
2025-02-02,BFA,0.268564529956003
2025-02-03,BFA,0.3041008299445261
2025-02-04,BFA,0.3120215798267454
2025-02-05,BFA,0.30136382237565157
2025-02-06,BFA,0.49328345779928795
2025-02-07,BFA,0.3093370470207862
2025-02-08,BFA,0.5105370802281985
2025-02-09,BFA,0.41118337942567385
2025-02-10,BFA,0.8356851351100547
2025-02-11,BFA,0.5339582872496201
2025-02-12,BFA,0.6508804207647935
2025-02-13,BFA,0.5821852460637426
2025-02-14,BFA,0.7331639532264271
2025-02-15,BFA,0.6382528192759919
2025-02-16,BFA,0.5798200482240604
2025-02-17,BFA,0.23943285621510738
2025-02-18,BFA,0.24996290430183174
2025-02-19,BFA,0.24604563377555408
2025-02-20,BFA,0.2554816545200919
2025-02-21,BFA,0.239143487108809
2025-02-22,BFA,0.2315951609873096
2025-02-23,BFA,0.2574856558841139
2025-02-24,BFA,0.32866837854844655
2025-02-25,BFA,0.3378212570389198
2025-02-26,BFA,0.3187395618985913
2025-02-27,BFA,0.2864623325038797
2025-02-28,BFA,0.4222073427325979
2025-03-01,BFA,0.2898050503024743
2025-03-02,BFA,0.3258174435644419
2025-03-03,BFA,0.29184340415498294
2025-03-04,BFA,0.5167015838764552
2025-03-05,BFA,0.6757007380660193
2025-03-06,BFA,0.7479521704172497
2025-03-07,BFA,0.5447522319509114
2025-03-08,BFA,0.772014643862222
2025-03-09,BFA,0.7579270247457522
2025-03-10,BFA,0.9562637700455944
2025-03-11,BFA,0.8041775919345512
2025-03-12,BFA,0.7621040586625173
2025-03-13,BFA,0.5859698608458247
2025-03-14,BFA,0.828674369966848
2025-03-15,BFA,0.3570977184611614
2025-03-16,BFA,0.3106838681088762
2025-03-17,BFA,0.2182967091646907
2025-03-18,BFA,0.22260381920480588
2025-03-19,BFA,0.36364626444523257
2025-03-20,BFA,0.22551690348651177
2025-03-21,BFA,0.23780263080659525
2025-03-22,BFA,0.2196303546706011
2025-03-23,BFA,0.2257437045304761
2025-03-24,BFA,0.31142130147463315
2025-03-25,BFA,0.2590370267691417
2025-03-26,BFA,0.26172027108385326
2025-03-27,BFA,0.24339327545782194
2025-03-28,BFA,0.40893421990664214
2024-07-01,NER,0.9104651143469865
2024-07-02,NER,0.24751460741975925
2024-07-03,NER,0.26284889742524936
2024-07-04,NER,0.2610411231724936
2024-07-05,NER,0.4442298577704304
2024-07-06,NER,0.2644366048061138
2024-07-07,NER,0.24064347722942586
2024-07-08,NER,0.26200136742593993
2024-07-09,NER,0.3076545785191982
2024-07-10,NER,0.3940882962106038
2024-07-11,NER,0.4616281536081569
2024-07-12,NER,0.7183074249010092
2024-07-13,NER,0.4474281125883312
2024-07-14,NER,0.3344443849206959
2024-07-15,NER,0.8926396102415691
2024-07-16,NER,0.7238093516625449
2024-07-17,NER,0.8579818988617867
2024-07-18,NER,0.4726803409754053
2024-07-19,NER,0.511933078017594
2024-07-20,NER,0.5863127870750242
2024-07-21,NER,0.49964245007491265
2024-07-22,NER,0.8387792860835794
2024-07-23,NER,0.7883583385790225
2024-07-24,NER,0.49037537421189964
2024-07-25,NER,0.9021376113506031
2024-07-26,NER,0.676615415440235
2024-07-27,NER,0.8185619224995062
2024-07-28,NER,0.5339285352821781
2024-07-29,NER,0.29098483770000183
2024-07-30,NER,0.33659782858167553
2024-07-31,NER,0.34657196866206474
2024-08-01,NER,0.27598804584546793
2024-08-02,NER,0.2901924610094293
2024-08-03,NER,0.2534766979669205
2024-08-04,NER,0.251740069098723
2024-08-05,NER,0.7265002315151456
2024-08-06,NER,0.39258090809748425
2024-08-07,NER,0.3292990882478954
2024-08-08,NER,0.3521118794287829
2024-08-09,NER,0.5629821087272302
2024-08-10,NER,0.5981628340809294
2024-08-11,NER,0.6014228701376451
2024-08-12,NER,0.8807558300897533
2024-08-13,NER,0.932334418693914
2024-08-14,NER,0.7157896008398634
2024-08-15,NER,0.9071305737333352
2024-08-16,NER,0.6154873015342665
2024-08-17,NER,0.5140032208147503
2024-08-18,NER,0.38880735501757296
2024-08-19,NER,0.8345480592689664
2024-08-20,NER,0.25856092096979455
2024-08-21,NER,0.311383964227885
2024-08-22,NER,0.7842250545791243
2024-08-23,NER,0.756619863936611
2024-08-24,NER,0.307535165656568
2024-08-25,NER,0.24838073789166015
2024-08-26,NER,0.9385969825373995
2024-08-27,NER,0.7927752758773825
2024-08-28,NER,0.8331467095318452
2024-08-29,NER,0.29419762059065396
2024-08-30,NER,0.3341936941574705
2024-08-31,NER,0.26014793684948007
2024-09-01,NER,0.2957627028867605
2024-09-02,NER,0.20623904754640363
2024-09-03,NER,0.28210703675913945
2024-09-04,NER,0.21317133010317066
2024-09-05,NER,0.20973097437985092
2024-09-06,NER,0.20893280878244228
2024-09-07,NER,0.20351246515974333
2024-09-08,NER,0.2070157646741148
2024-09-09,NER,0.7020968554857642
2024-09-10,NER,0.40457078883218317
2024-09-11,NER,0.6597441665091639
2024-09-12,NER,0.40065637241903124
2024-09-13,NER,0.7759526465980765
2024-09-14,NER,0.639938721315705
2024-09-15,NER,0.7806958287670743
2024-09-16,NER,0.8717563988052776
2024-09-17,NER,0.9360131271079097
2024-09-18,NER,0.9473793002608876
2024-09-19,NER,0.9395553133453689
2024-09-20,NER,0.8612293696525067
2024-09-21,NER,0.9602350410516362
2024-09-22,NER,0.8790946454119007
2024-09-23,NER,0.8368130092588991
2024-09-24,NER,0.9139318259600799
2024-09-25,NER,0.25729354107610247
2024-09-26,NER,0.24622340154733277
2024-09-27,NER,0.26542574994566515
2024-09-28,NER,0.22751615342504453
2024-09-29,NER,0.20652095239862236
2024-09-30,NER,0.21152102581054222
2024-10-01,NER,0.22600430653562562
2024-10-02,NER,0.21061485177013498
2024-10-03,NER,0.21369476835343224
2024-10-04,NER,0.2334346732643258
2024-10-05,NER,0.34389546916923225
2024-10-06,NER,0.36563323972792444
2024-10-07,NER,0.46474698400359116
2024-10-08,NER,0.7916096304776797
2024-10-09,NER,0.6996911440899891
2024-10-10,NER,0.8440187260450333
2024-10-11,NER,0.8898592046179978
2024-10-12,NER,0.902618253889138
2024-10-13,NER,0.7640793063406615
2024-10-14,NER,0.900136281445083
2024-10-15,NER,0.935974202216044
2024-10-16,NER,0.8732889606200953
2024-10-17,NER,0.8207802179835336
2024-10-18,NER,0.7726421768123836
2024-10-19,NER,0.9173370556223546
2024-10-20,NER,0.780510317174396
2024-10-21,NER,0.821555004937982
2024-10-22,NER,0.7627065774571622
2024-10-23,NER,0.6865211211528102
2024-10-24,NER,0.6189659809091691
2024-10-25,NER,0.6672906684757619
2024-10-26,NER,0.6478104715334662
2024-10-27,NER,0.5055310074090992
2024-10-28,NER,0.49295868254478553
2024-10-29,NER,0.41420285477267604
2024-10-30,NER,0.5018223995585169
2024-10-31,NER,0.7614477965221198
2024-11-01,NER,0.5409190387957464
2024-11-02,NER,0.6902533342050444
2024-11-03,NER,0.8969487541738755
2024-11-04,NER,0.9001548276938666
2024-11-05,NER,0.9217611945396544
2024-11-06,NER,0.7323598747406965
2024-11-07,NER,0.5883408674069108
2024-11-08,NER,0.6183477931588045
2024-11-09,NER,0.8509685464018036
2024-11-10,NER,0.6375445247807944
2024-11-11,NER,0.8105272263372474
2024-11-12,NER,0.570698401128371
2024-11-13,NER,0.8475692623338842
2024-11-14,NER,0.6780916310033129
2024-11-15,NER,0.8808723118534285
2024-11-16,NER,0.6418347386033886
2024-11-17,NER,0.720168638046488
2024-11-18,NER,0.9252555441498673
2024-11-19,NER,0.9318805665236021
2024-11-20,NER,0.8442759596930889
2024-11-21,NER,0.49749572946785364
2024-11-22,NER,0.851948107402783
2024-11-23,NER,0.5170803427540577
2024-11-24,NER,0.4617451306724929
2024-11-25,NER,0.7248395006405055
2024-11-26,NER,0.34662494414341183
2024-11-27,NER,0.3367315024778963
2024-11-28,NER,0.41904359426447085
2024-11-29,NER,0.3071776177212594
2024-11-30,NER,0.29867939886093586
2024-12-01,NER,0.29782307709585937
2024-12-02,NER,0.543122314797479
2024-12-03,NER,0.5394354166014207
2024-12-04,NER,0.4109966773784441
2024-12-05,NER,0.9285183952709661
2024-12-06,NER,0.9116783360538679
2024-12-07,NER,0.8697349376340089
2024-12-08,NER,0.9123481900594557
2024-12-09,NER,0.9171739769702062
2024-12-10,NER,0.967002678480977
2024-12-11,NER,0.9037816170979873
2024-12-12,NER,0.5573866396343097
2024-12-13,NER,0.8108822947425665
2024-12-14,NER,0.3601859803400314
2024-12-15,NER,0.3546309925173096
2024-12-16,NER,0.29694721080359643
2024-12-17,NER,0.2101086910675468
2024-12-18,NER,0.2024137761916312
2024-12-19,NER,0.20525373542074712
2024-12-20,NER,0.2150946315780052
2024-12-21,NER,0.21256936213647187
2024-12-22,NER,0.20657312170526562
2024-12-23,NER,0.21866548896423202
2024-12-24,NER,0.34351450118746335
2024-12-25,NER,0.35349269843440617
2024-12-26,NER,0.3533506309259148
2024-12-27,NER,0.44215211834623985
2024-12-28,NER,0.45270003592481584
2024-12-29,NER,0.43605710795169556
2024-12-30,NER,0.3187952149644426
2024-12-31,NER,0.3646829691848233
2025-01-01,NER,0.3147769715758476
2025-01-02,NER,0.4892206398566473
2025-01-03,NER,0.6989333275006147
2025-01-04,NER,0.7654666237286699
2025-01-05,NER,0.7660584460445385
2025-01-06,NER,0.8969002152733546
2025-01-07,NER,0.8974261254269738
2025-01-08,NER,0.8947327577177788
2025-01-09,NER,0.8555671960476801
2025-01-10,NER,0.9120044927580266
2025-01-11,NER,0.9448993219522626
2025-01-12,NER,0.8802712161678526
2025-01-13,NER,0.9095556377181601
2025-01-14,NER,0.7068822367549275
2025-01-15,NER,0.6754765215148234
2025-01-16,NER,0.71619220762348
2025-01-17,NER,0.8323401168616194
2025-01-18,NER,0.9279141391992234
2025-01-19,NER,0.6561990958586356
2025-01-20,NER,0.9269461282721172
2025-01-21,NER,0.8513766648326601
2025-01-22,NER,0.6959740039721106
2025-01-23,NER,0.8356208275054396
2025-01-24,NER,0.8312573049043958
2025-01-25,NER,0.8303687383760643
2025-01-26,NER,0.8540816500922099
2025-01-27,NER,0.8140859217975205
2025-01-28,NER,0.6681171881090052
2025-01-29,NER,0.7628006780152848
2025-01-30,NER,0.6158577569534386
2025-01-31,NER,0.4677150306551294
2025-02-01,NER,0.876261558802465
2025-02-02,NER,0.6300107409611999
2025-02-03,NER,0.9207016117364766
2025-02-04,NER,0.9372647894032407
2025-02-05,NER,0.819718984530342
2025-02-06,NER,0.7051603445132614
2025-02-07,NER,0.8857767915357943
2025-02-08,NER,0.6854513529353351
2025-02-09,NER,0.5999569252348897
2025-02-10,NER,0.47257023340882526
2025-02-11,NER,0.6139092821973846
2025-02-12,NER,0.5067551095613708
2025-02-13,NER,0.2773016599003022
2025-02-14,NER,0.5982533490781963
2025-02-15,NER,0.31252468795307153
2025-02-16,NER,0.3094633337287952
2025-02-17,NER,0.767624418721173
2025-02-18,NER,0.6722059071615564
2025-02-19,NER,0.8448269314429862
2025-02-20,NER,0.7378668096502154
2025-02-21,NER,0.7389662161456894
2025-02-22,NER,0.9373794326635757
2025-02-23,NER,0.821269839736615
2025-02-24,NER,0.9255440544468752
2025-02-25,NER,0.9008449569415312
2025-02-26,NER,0.5759437966613588
2025-02-27,NER,0.6294182695601512
2025-02-28,NER,0.9287507262527869
2025-03-01,NER,0.3803275243350629
2025-03-02,NER,0.526027517315003
2025-03-03,NER,0.33677879615975514
2025-03-04,NER,0.2638519684538783
2025-03-05,NER,0.2531361096486855
2025-03-06,NER,0.2935437571753552
2025-03-07,NER,0.24297970320796805
2025-03-08,NER,0.23867192927359387
2025-03-09,NER,0.2429670666734393
2025-03-10,NER,0.39664632452086646
2025-03-11,NER,0.705963080889518
2025-03-12,NER,0.39313048517406524
2025-03-13,NER,0.693088358539265
2025-03-14,NER,0.5743419362765475
2025-03-15,NER,0.9514025406542362
2025-03-16,NER,0.9298014702544393
2025-03-17,NER,0.9439560617065703
2025-03-18,NER,0.9350903762927634
2025-03-19,NER,0.9388655654192777
2025-03-20,NER,0.7748078122291119
2025-03-21,NER,0.9581569493397678
2025-03-22,NER,0.41290241534530964
2025-03-23,NER,0.30567576878057273
2025-03-24,NER,0.6057306802621839
2025-03-25,NER,0.4066333433833232
2025-03-26,NER,0.3480945788229656
2025-03-27,NER,0.5144199430292102
2025-03-28,NER,0.25295653444099514
2024-07-01,NGA,0.5749801723433997
2024-07-02,NGA,0.3964685537731002
2024-07-03,NGA,0.430877311600724
2024-07-04,NGA,0.4631493360757764
2024-07-05,NGA,0.5914120909821128
2024-07-06,NGA,0.7949275863486033
2024-07-07,NGA,0.8529500295224172
2024-07-08,NGA,0.5464547498507565
2024-07-09,NGA,0.4823860791190087
2024-07-10,NGA,0.4478360879026161
2024-07-11,NGA,0.42331707784074346
2024-07-12,NGA,0.36394057849529354
2024-07-13,NGA,0.535333067865961
2024-07-14,NGA,0.4840841496523804
2024-07-15,NGA,0.5722279697220621
2024-07-16,NGA,0.5460775532973308
2024-07-17,NGA,0.36602741726785387
2024-07-18,NGA,0.4676324852244285
2024-07-19,NGA,0.7951589458850745
2024-07-20,NGA,0.6689469502506203
2024-07-21,NGA,0.7073712975606865
2024-07-22,NGA,0.6068389997345821
2024-07-23,NGA,0.6448910006299831
2024-07-24,NGA,0.9123714824402509
2024-07-25,NGA,0.9004421859471278
2024-07-26,NGA,0.8291526870837039
2024-07-27,NGA,0.37833137006250145
2024-07-28,NGA,0.37804527187014575
2024-07-29,NGA,0.35897916856244755
2024-07-30,NGA,0.5881838917871486
2024-07-31,NGA,0.22020880806295953
2024-08-01,NGA,0.4906903000891591
2024-08-02,NGA,0.23755066016632972
2024-08-03,NGA,0.21918986882781974
2024-08-04,NGA,0.21961395387177973
2024-08-05,NGA,0.23380925301983277
2024-08-06,NGA,0.2192234276995905
2024-08-07,NGA,0.4146974415681512
2024-08-08,NGA,0.2695531060586177
2024-08-09,NGA,0.21243562413081943
2024-08-10,NGA,0.214110471183523
2024-08-11,NGA,0.32903653161944285
2024-08-12,NGA,0.2205449133038928
2024-08-13,NGA,0.2453753881849945
2024-08-14,NGA,0.22747640094784866
2024-08-15,NGA,0.31936613850571755
2024-08-16,NGA,0.556573361680286
2024-08-17,NGA,0.3012123127588821
2024-08-18,NGA,0.3467321477492527
2024-08-19,NGA,0.30420648608022594
2024-08-20,NGA,0.3404475538019763
2024-08-21,NGA,0.6141769644300171
2024-08-22,NGA,0.37906031797565815
2024-08-23,NGA,0.29878776823808495
2024-08-24,NGA,0.812307042971451
2024-08-25,NGA,0.6902692342270424
2024-08-26,NGA,0.5668930444681503
2024-08-27,NGA,0.7090223002149634
2024-08-28,NGA,0.39418937684420163
2024-08-29,NGA,0.35436267402552146
2024-08-30,NGA,0.39425965777705574
2024-08-31,NGA,0.24554891872695625
2024-09-01,NGA,0.2484886272868353
2024-09-02,NGA,0.23597760470173748
2024-09-03,NGA,0.22421602646161928
2024-09-04,NGA,0.21659656207511116
2024-09-05,NGA,0.2350967939592342
2024-09-06,NGA,0.22577992149592052
2024-09-07,NGA,0.32510074193860683
2024-09-08,NGA,0.2758568820488107
2024-09-09,NGA,0.31950869409738863
2024-09-10,NGA,0.2860277731041573
2024-09-11,NGA,0.43169146258000574
2024-09-12,NGA,0.7403487506478638
2024-09-13,NGA,0.5116091728295192
2024-09-14,NGA,0.38967748612968006
2024-09-15,NGA,0.6950785978942998
2024-09-16,NGA,0.731272726450226
2024-09-17,NGA,0.8222610190664794
2024-09-18,NGA,0.45705233511510146
2024-09-19,NGA,0.3562732856698631
2024-09-20,NGA,0.345789831586357
2024-09-21,NGA,0.6548564452187281
2024-09-22,NGA,0.3435798410997599
2024-09-23,NGA,0.3756491326750014
2024-09-24,NGA,0.30781143725154453
2024-09-25,NGA,0.2909597953067779
2024-09-26,NGA,0.4873672473136912
2024-09-27,NGA,0.4715736359997812
2024-09-28,NGA,0.461779111137472
2024-09-29,NGA,0.6260124909255553
2024-09-30,NGA,0.7093815944225951
2024-10-01,NGA,0.45753013739411985
2024-10-02,NGA,0.39635629702542685
2024-10-03,NGA,0.32532872794802425
2024-10-04,NGA,0.32921058436988104
2024-10-05,NGA,0.34044041566954614
2024-10-06,NGA,0.3336907872049773
2024-10-07,NGA,0.34842394634804336
2024-10-08,NGA,0.30168745251202306
2024-10-09,NGA,0.33815428040566997
2024-10-10,NGA,0.33610089044808594
2024-10-11,NGA,0.32822640371156797
2024-10-12,NGA,0.46057917076761673
2024-10-13,NGA,0.35154056498741876
2024-10-14,NGA,0.37982998191404743
2024-10-15,NGA,0.33773341044504585
2024-10-16,NGA,0.37496699096548564
2024-10-17,NGA,0.5142275245230551
2024-10-18,NGA,0.3121787111147228
2024-10-19,NGA,0.4877185370428871
2024-10-20,NGA,0.32013891994714333
2024-10-21,NGA,0.26958372927698143
2024-10-22,NGA,0.3817179110231074
2024-10-23,NGA,0.546031755150179
2024-10-24,NGA,0.3961717458694894
2024-10-25,NGA,0.46392247338154263
2024-10-26,NGA,0.37282994209887305
2024-10-27,NGA,0.40611043564028526
2024-10-28,NGA,0.35786932752237416
2024-10-29,NGA,0.3225831471845511
2024-10-30,NGA,0.3105740170409041
2024-10-31,NGA,0.4292474706524594
2024-11-01,NGA,0.31533384069666953
2024-11-02,NGA,0.363807046124742
2024-11-03,NGA,0.6930085055705704
2024-11-04,NGA,0.7388679323667219
2024-11-05,NGA,0.6883468958808259
2024-11-06,NGA,0.8371837739254562
2024-11-07,NGA,0.7358411978218581
2024-11-08,NGA,0.7572193073737187
2024-11-09,NGA,0.46444947741459097
2024-11-10,NGA,0.5137488810597648
2024-11-11,NGA,0.3629404787234445
2024-11-12,NGA,0.27829195897405506
2024-11-13,NGA,0.21696905511883166
2024-11-14,NGA,0.21047426654554569
2024-11-15,NGA,0.2232987857206829
2024-11-16,NGA,0.21463965316118777
2024-11-17,NGA,0.2191282764596675
2024-11-18,NGA,0.2919335305353504
2024-11-19,NGA,0.25196543447124864
2024-11-20,NGA,0.3337152340868068
2024-11-21,NGA,0.4406102803759682
2024-11-22,NGA,0.3406102681539629
2024-11-23,NGA,0.33763569299744695
2024-11-24,NGA,0.435650583842452
2024-11-25,NGA,0.2452369121736023
2024-11-26,NGA,0.30027462807006494
2024-11-27,NGA,0.22599556161293538
2024-11-28,NGA,0.22194444712909986
2024-11-29,NGA,0.23293953609768558
2024-11-30,NGA,0.2361829046467347
2024-12-01,NGA,0.26110294920871463
2024-12-02,NGA,0.36801857475598154
2024-12-03,NGA,0.5557386275917586
2024-12-04,NGA,0.41178302466164385
2024-12-05,NGA,0.5334830832119807
2024-12-06,NGA,0.7610983842043935
2024-12-07,NGA,0.7434914394073219
2024-12-08,NGA,0.767825162690799
2024-12-09,NGA,0.6693819264269439
2024-12-10,NGA,0.6188298782228453
2024-12-11,NGA,0.38860467189580483
2024-12-12,NGA,0.5166209840938958
2024-12-13,NGA,0.40690972510597007
2024-12-14,NGA,0.30836386429976764
2024-12-15,NGA,0.6821923499933755
2024-12-16,NGA,0.6712489470203191
2024-12-17,NGA,0.4881388476632595
2024-12-18,NGA,0.46673659595849876
2024-12-19,NGA,0.8348981472287017
2024-12-20,NGA,0.5851981452037452
2024-12-21,NGA,0.49950974014157423
2024-12-22,NGA,0.3638863623709838
2024-12-23,NGA,0.6924306273427815
2024-12-24,NGA,0.67057612555596
2024-12-25,NGA,0.6237503451814848
2024-12-26,NGA,0.43909289737840274
2024-12-27,NGA,0.3761191271908921
2024-12-28,NGA,0.2835036510060168
2024-12-29,NGA,0.49590105862066874
2024-12-30,NGA,0.6842048129394248
2024-12-31,NGA,0.21479226051107364
2025-01-01,NGA,0.2552190337807922
2025-01-02,NGA,0.28553192176295716
2025-01-03,NGA,0.25196236681888295
2025-01-04,NGA,0.28749518697523474
2025-01-05,NGA,0.24749798580820317
2025-01-06,NGA,0.22532345029756481
2025-01-07,NGA,0.7041120614716339
2025-01-08,NGA,0.8705921710494879
2025-01-09,NGA,0.8652022367678643
2025-01-10,NGA,0.7589397650744536
2025-01-11,NGA,0.2916826254646918
2025-01-12,NGA,0.4891725006040515
2025-01-13,NGA,0.49016375803409157
2025-01-14,NGA,0.23534721752913734
2025-01-15,NGA,0.29702504920718936
2025-01-16,NGA,0.30562332352772187
2025-01-17,NGA,0.24199390448601754
2025-01-18,NGA,0.45054714716971467
2025-01-19,NGA,0.23964984368036085
2025-01-20,NGA,0.2439016759337479
2025-01-21,NGA,0.47772322622568175
2025-01-22,NGA,0.4260009501167772
2025-01-23,NGA,0.4788726544820807
2025-01-24,NGA,0.24295425021316955
2025-01-25,NGA,0.24168440774836858
2025-01-26,NGA,0.39715630574682503
2025-01-27,NGA,0.40057175053598815
2025-01-28,NGA,0.5649234691176075
2025-01-29,NGA,0.3911408266358454
2025-01-30,NGA,0.23574450007049716
2025-01-31,NGA,0.23617673363867503
2025-02-01,NGA,0.23043480933726473
2025-02-02,NGA,0.26483589537326524
2025-02-03,NGA,0.22344898975329486
2025-02-04,NGA,0.25340528542725754
2025-02-05,NGA,0.22734491679663849
2025-02-06,NGA,0.4879023461654597
2025-02-07,NGA,0.8578359773449947
2025-02-08,NGA,0.4584910864078286
2025-02-09,NGA,0.5510289821754205
2025-02-10,NGA,0.6566500963219382
2025-02-11,NGA,0.4213417393977298
2025-02-12,NGA,0.5680832487408262
2025-02-13,NGA,0.43865244534983844
2025-02-14,NGA,0.36787041347841853
2025-02-15,NGA,0.4409438128512346
2025-02-16,NGA,0.2947483693929307
2025-02-17,NGA,0.28821439412110095
2025-02-18,NGA,0.2944728342850032
2025-02-19,NGA,0.26312719607490465
2025-02-20,NGA,0.28130130038670903
2025-02-21,NGA,0.39104351586039326
2025-02-22,NGA,0.47324626467087183
2025-02-23,NGA,0.5897373991914638
2025-02-24,NGA,0.3829933033034955
2025-02-25,NGA,0.3794288676091836
2025-02-26,NGA,0.4806700404711103
2025-02-27,NGA,0.32985087824798776
2025-02-28,NGA,0.3244857720414532
2025-03-01,NGA,0.35687636526233807
2025-03-02,NGA,0.3060003803574159
2025-03-03,NGA,0.35746168862618943
2025-03-04,NGA,0.304508877368193
2025-03-05,NGA,0.359939527303516
2025-03-06,NGA,0.3907978234598361
2025-03-07,NGA,0.29545704954410845
2025-03-08,NGA,0.4876280137618108
2025-03-09,NGA,0.40365397182317125
2025-03-10,NGA,0.8077042175348568
2025-03-11,NGA,0.5579795015327845
2025-03-12,NGA,0.31364264389491275
2025-03-13,NGA,0.3714910411478408
2025-03-14,NGA,0.3145215141483187
2025-03-15,NGA,0.36095372085025357
2025-03-16,NGA,0.7279449736793292
2025-03-17,NGA,0.6885103857812418
2025-03-18,NGA,0.3535618206050766
2025-03-19,NGA,0.27605715537254744
2025-03-20,NGA,0.28916698560493875
2025-03-21,NGA,0.36398578285576155
2025-03-22,NGA,0.593624537735009
2025-03-23,NGA,0.30060674397061127
2025-03-24,NGA,0.26168425584653376
2025-03-25,NGA,0.2464826016122886
2025-03-26,NGA,0.22936465255519026
2025-03-27,NGA,0.2532805350726732
2025-03-28,NGA,0.22104790681098893
2024-07-01,CMR,0.7867453192127649
2024-07-02,CMR,0.7447563084863345
2024-07-03,CMR,0.5826333794708093
2024-07-04,CMR,0.592095806485973
2024-07-05,CMR,0.30778719939683896
2024-07-06,CMR,0.7348440180340167
2024-07-07,CMR,0.22659353553781217
2024-07-08,CMR,0.2067210477223287
2024-07-09,CMR,0.20457996799544487
2024-07-10,CMR,0.20488566580372541
2024-07-11,CMR,0.20634152475256648
2024-07-12,CMR,0.19987445109827381
2024-07-13,CMR,0.2089772908716491
2024-07-14,CMR,0.2958785711969613
2024-07-15,CMR,0.5616624280531791
2024-07-16,CMR,0.32376904435231074
2024-07-17,CMR,0.5265150717326044
2024-07-18,CMR,0.482107815736656
2024-07-19,CMR,0.8549065287122314
2024-07-20,CMR,0.8496353005340908
2024-07-21,CMR,0.9318257424966389
2024-07-22,CMR,0.8187304330837757
2024-07-23,CMR,0.6680968063350343
2024-07-24,CMR,0.8864006120676411
2024-07-25,CMR,0.8498994929868693
2024-07-26,CMR,0.6515502555632241
2024-07-27,CMR,0.8756924735286281
2024-07-28,CMR,0.6250108677221052
2024-07-29,CMR,0.7141457205357317
2024-07-30,CMR,0.6639601101220783
2024-07-31,CMR,0.43600295046639487
2024-08-01,CMR,0.3865440336626863
2024-08-02,CMR,0.40098608056497825
2024-08-03,CMR,0.6809881456712187
2024-08-04,CMR,0.39042425548079385
2024-08-05,CMR,0.3886005298083208
2024-08-06,CMR,0.5313685310696147
2024-08-07,CMR,0.3175679947997498
2024-08-08,CMR,0.4139240333466518
2024-08-09,CMR,0.48733870222693365
2024-08-10,CMR,0.5933199147423808
2024-08-11,CMR,0.542222176028225
2024-08-12,CMR,0.6364595161724568
2024-08-13,CMR,0.7540770859176563
2024-08-14,CMR,0.6684934977085346
2024-08-15,CMR,0.5404249152212034
2024-08-16,CMR,0.4984402160204837
2024-08-17,CMR,0.33418798796073135
2024-08-18,CMR,0.34835750787938097
2024-08-19,CMR,0.29511264463362696
2024-08-20,CMR,0.37558669329823957
2024-08-21,CMR,0.3294554558349352
2024-08-22,CMR,0.5312447930863914
2024-08-23,CMR,0.5456261453030598
2024-08-24,CMR,0.40592890919063557
2024-08-25,CMR,0.6165272445648353
2024-08-26,CMR,0.5348590354464099
2024-08-27,CMR,0.6265603296316237
2024-08-28,CMR,0.9169570453591429
2024-08-29,CMR,0.554308848396383
2024-08-30,CMR,0.5019852934449984
2024-08-31,CMR,0.8216272816120448
2024-09-01,CMR,0.6426257346715987
2024-09-02,CMR,0.7775070123376264
2024-09-03,CMR,0.3090096780800439
2024-09-04,CMR,0.7555257675489926
2024-09-05,CMR,0.2891719988186258
2024-09-06,CMR,0.4122019655360827
2024-09-07,CMR,0.5072116512911915
2024-09-08,CMR,0.31804779300259434
2024-09-09,CMR,0.3288044685108985
2024-09-10,CMR,0.30249807492527053
2024-09-11,CMR,0.3237239506155497
2024-09-12,CMR,0.32358619908900754
2024-09-13,CMR,0.31503213209810876
2024-09-14,CMR,0.5018571647128496
2024-09-15,CMR,0.5257047555811906
2024-09-16,CMR,0.8119692697483999
2024-09-17,CMR,0.6440560931339955
2024-09-18,CMR,0.5517441242099974
2024-09-19,CMR,0.8925287329811682
2024-09-20,CMR,0.5811807851383022
2024-09-21,CMR,0.7289170264012074
2024-09-22,CMR,0.7089338403539127
2024-09-23,CMR,0.8060861953824
2024-09-24,CMR,0.8301345854790204
2024-09-25,CMR,0.7513725724389899
2024-09-26,CMR,0.7115393132088398
2024-09-27,CMR,0.7608321239599694
2024-09-28,CMR,0.6658435551654439
2024-09-29,CMR,0.74847444147578
2024-09-30,CMR,0.6020453442177862
2024-10-01,CMR,0.7633572980049055
2024-10-02,CMR,0.4549038621342319
2024-10-03,CMR,0.6105543253060848
2024-10-04,CMR,0.6432136621270417
2024-10-05,CMR,0.6627061714916616
2024-10-06,CMR,0.6386860311881545
2024-10-07,CMR,0.45963955483415425
2024-10-08,CMR,0.6959268857619526
2024-10-09,CMR,0.5014768971271358
2024-10-10,CMR,0.35911875545147043
2024-10-11,CMR,0.645721975437804
2024-10-12,CMR,0.841636965295217
2024-10-13,CMR,0.4612952432718824
2024-10-14,CMR,0.32919473131760374
2024-10-15,CMR,0.35778009482009865
2024-10-16,CMR,0.3837479386191341
2024-10-17,CMR,0.27723586564095815
2024-10-18,CMR,0.3212754112924516
2024-10-19,CMR,0.45234988366540174
2024-10-20,CMR,0.26901808544016126
2024-10-21,CMR,0.31180163877560807
2024-10-22,CMR,0.3293298137115176
2024-10-23,CMR,0.5189523564837818
2024-10-24,CMR,0.7453399199116089
2024-10-25,CMR,0.5712915325755532
2024-10-26,CMR,0.5338997699916883
2024-10-27,CMR,0.6226930790296292
2024-10-28,CMR,0.7593974458539009
2024-10-29,CMR,0.5124216093522117
2024-10-30,CMR,0.7933251015274485
2024-10-31,CMR,0.4793690552149353
2024-11-01,CMR,0.4105809378842843
2024-11-02,CMR,0.744019810270785
2024-11-03,CMR,0.33784852259271
2024-11-04,CMR,0.46743576572625534
2024-11-05,CMR,0.4706180997982214
2024-11-06,CMR,0.5983605879042055
2024-11-07,CMR,0.8079318005118435
2024-11-08,CMR,0.8539931280692961
2024-11-09,CMR,0.8053971146996287
2024-11-10,CMR,0.8802840153775594
2024-11-11,CMR,0.6155208029316158
2024-11-12,CMR,0.8536834020003297
2024-11-13,CMR,0.5846654845868459
2024-11-14,CMR,0.6327350533555127
2024-11-15,CMR,0.36037460723586445
2024-11-16,CMR,0.2785527735872526
2024-11-17,CMR,0.26502357080952754
2024-11-18,CMR,0.3660246310697545
2024-11-19,CMR,0.316157334341195
2024-11-20,CMR,0.2536946964365864
2024-11-21,CMR,0.24697386173670152
2024-11-22,CMR,0.4125226629943659
2024-11-23,CMR,0.32738463666892204
2024-11-24,CMR,0.41613602913999465
2024-11-25,CMR,0.26901616054497735
2024-11-26,CMR,0.26810610301500076
2024-11-27,CMR,0.6773746942643203
2024-11-28,CMR,0.7027740379216301
2024-11-29,CMR,0.40908700986162383
2024-11-30,CMR,0.3149837391126198
2024-12-01,CMR,0.39188883046937123
2024-12-02,CMR,0.5490905785303274
2024-12-03,CMR,0.7081248294313869
2024-12-04,CMR,0.46838369724860357
2024-12-05,CMR,0.6082143493230453
2024-12-06,CMR,0.4367626214193522
2024-12-07,CMR,0.46126362675562793
2024-12-08,CMR,0.4815897415643763
2024-12-09,CMR,0.31572786899200717
2024-12-10,CMR,0.31515814440883305
2024-12-11,CMR,0.5478180058230533
2024-12-12,CMR,0.8113284185917434
2024-12-13,CMR,0.47012003722164236
2024-12-14,CMR,0.46490481499843944
2024-12-15,CMR,0.6037101279484097
2024-12-16,CMR,0.4700624765209755
2024-12-17,CMR,0.6734383296574392
2024-12-18,CMR,0.8773995760458833
2024-12-19,CMR,0.5157765458519767
2024-12-20,CMR,0.5322377104592885
2024-12-21,CMR,0.5932022056293136
2024-12-22,CMR,0.5885029568125961
2024-12-23,CMR,0.5606167726789804
2024-12-24,CMR,0.5173916071156511
2024-12-25,CMR,0.27051001677473296
2024-12-26,CMR,0.25586885560185335
2024-12-27,CMR,0.2763793230569417
2024-12-28,CMR,0.24904857396018848
2024-12-29,CMR,0.3152893959242105
2024-12-30,CMR,0.23999199983843533
2024-12-31,CMR,0.25409515924260817
2025-01-01,CMR,0.8623403952365029
2025-01-02,CMR,0.8490117284669331
2025-01-03,CMR,0.9193969322222608
2025-01-04,CMR,0.8548411996832628
2025-01-05,CMR,0.7618670950635206
2025-01-06,CMR,0.7470433061582414
2025-01-07,CMR,0.8193831548243229
2025-01-08,CMR,0.7722950934488131
2025-01-09,CMR,0.38844672527542223
2025-01-10,CMR,0.49061256409101933
2025-01-11,CMR,0.35740635348075256
2025-01-12,CMR,0.5239967770600727
2025-01-13,CMR,0.5044955825190933
2025-01-14,CMR,0.47116515296444256
2025-01-15,CMR,0.3002412247262289
2025-01-16,CMR,0.4411497341835104
2025-01-17,CMR,0.6082287707353049
2025-01-18,CMR,0.5430759173431015
2025-01-19,CMR,0.3788490437384533
2025-01-20,CMR,0.30544650355706227
2025-01-21,CMR,0.35691062405695817
2025-01-22,CMR,0.3650542673138861
2025-01-23,CMR,0.50969172489476
2025-01-24,CMR,0.32583428289984206
2025-01-25,CMR,0.5247780058933914
2025-01-26,CMR,0.2875681664714539
2025-01-27,CMR,0.29289831876916284
2025-01-28,CMR,0.4954778148927431
2025-01-29,CMR,0.7657333275368615
2025-01-30,CMR,0.6613911272378558
2025-01-31,CMR,0.5283756106966284
2025-02-01,CMR,0.7086695472573721
2025-02-02,CMR,0.8207387388737433
2025-02-03,CMR,0.7981644061782828
2025-02-04,CMR,0.5859168930808311
2025-02-05,CMR,0.5903354203439033
2025-02-06,CMR,0.5270102910118148
2025-02-07,CMR,0.8766366480633848
2025-02-08,CMR,0.739331326173983
2025-02-09,CMR,0.8347320035583023
2025-02-10,CMR,0.7605735603067469
2025-02-11,CMR,0.8535950986859694
2025-02-12,CMR,0.49858213581903665
2025-02-13,CMR,0.47376285651822686
2025-02-14,CMR,0.40589878161217025
2025-02-15,CMR,0.34611066637653265
2025-02-16,CMR,0.29599304908510377
2025-02-17,CMR,0.3366537811137
2025-02-18,CMR,0.3741033358528828
2025-02-19,CMR,0.761717351993079
2025-02-20,CMR,0.3186196694138554
2025-02-21,CMR,0.4617283979673398
2025-02-22,CMR,0.5494298614688087
2025-02-23,CMR,0.8545444620910735
2025-02-24,CMR,0.6496747611147373
2025-02-25,CMR,0.7358083866501193
2025-02-26,CMR,0.40164585547980114
2025-02-27,CMR,0.43211478720424257
2025-02-28,CMR,0.39258528721647395
2025-03-01,CMR,0.554003075611442
2025-03-02,CMR,0.5379986647159679
2025-03-03,CMR,0.6135591327757763
2025-03-04,CMR,0.7117906373692695
2025-03-05,CMR,0.7802880831874532
2025-03-06,CMR,0.44268283877991227
2025-03-07,CMR,0.36639203241335894
2025-03-08,CMR,0.5484738083498991
2025-03-09,CMR,0.46896869761492627
2025-03-10,CMR,0.874231135654083
2025-03-11,CMR,0.4163731596749442
2025-03-12,CMR,0.5243596336818116
2025-03-13,CMR,0.38741737760408124
2025-03-14,CMR,0.46635326082863443
2025-03-15,CMR,0.6576390316621007
2025-03-16,CMR,0.5907601284914383
2025-03-17,CMR,0.553024237560365
2025-03-18,CMR,0.4889007542228503
2025-03-19,CMR,0.5052205744549008
2025-03-20,CMR,0.4265035288873379
2025-03-21,CMR,0.4687888745338374
2025-03-22,CMR,0.3590173785824657
2025-03-23,CMR,0.422145144730619
2025-03-24,CMR,0.44947565813589196
2025-03-25,CMR,0.42430944249257874
2025-03-26,CMR,0.6321304506302398
2025-03-27,CMR,0.32956299482358037
2025-03-28,CMR,0.37246387318615154
2024-07-01,TCD,0.8302303666720018
2024-07-02,TCD,0.9582793057156208
2024-07-03,TCD,0.9337176284066984
2024-07-04,TCD,0.7190840810035316
2024-07-05,TCD,0.7597719437241006
2024-07-06,TCD,0.7228855135669388
2024-07-07,TCD,0.25498729140457765
2024-07-08,TCD,0.5472859039509906
2024-07-09,TCD,0.20125869268019436
2024-07-10,TCD,0.20911810835116745
2024-07-11,TCD,0.20035330964865639
2024-07-12,TCD,0.19852006810768844
2024-07-13,TCD,0.1995538877896884
2024-07-14,TCD,0.201420631567565
2024-07-15,TCD,0.2604227017959443
2024-07-16,TCD,0.7170457436973565
2024-07-17,TCD,0.40827211055822926
2024-07-18,TCD,0.39697544531906886
2024-07-19,TCD,0.46773924701106767
2024-07-20,TCD,0.6145503972584423
2024-07-21,TCD,0.6592273399343408
2024-07-22,TCD,0.5117085350118465
2024-07-23,TCD,0.6531039613480246
2024-07-24,TCD,0.8753990934290036
2024-07-25,TCD,0.8773147245361708
2024-07-26,TCD,0.8645674788358966
2024-07-27,TCD,0.9351168107798276
2024-07-28,TCD,0.8384314057982285
2024-07-29,TCD,0.9167924281961091
2024-07-30,TCD,0.8455827446310497
2024-07-31,TCD,0.8578658965691804
2024-08-01,TCD,0.8552229719349924
2024-08-02,TCD,0.8269620732604384
2024-08-03,TCD,0.815931761361176
2024-08-04,TCD,0.8774014144897228
2024-08-05,TCD,0.9090730701782888
2024-08-06,TCD,0.9068178040536053
2024-08-07,TCD,0.7947598919810768
2024-08-08,TCD,0.8325877720185546
2024-08-09,TCD,0.8429386336954666
2024-08-10,TCD,0.952805110357947
2024-08-11,TCD,0.9466439759266178
2024-08-12,TCD,0.35660551741456703
2024-08-13,TCD,0.31505998453096046
2024-08-14,TCD,0.2894439996751441
2024-08-15,TCD,0.2893239476324565
2024-08-16,TCD,0.2958984797446136
2024-08-17,TCD,0.6494839031074391
2024-08-18,TCD,0.29388752148225666
2024-08-19,TCD,0.8040352830292046
2024-08-20,TCD,0.780609970783992
2024-08-21,TCD,0.7507653391680119
2024-08-22,TCD,0.7602039591693995
2024-08-23,TCD,0.7219459039886412
2024-08-24,TCD,0.8319002853611993
2024-08-25,TCD,0.7683566011461779
2024-08-26,TCD,0.8186014148940659
2024-08-27,TCD,0.8090381326545372
2024-08-28,TCD,0.8726926893630104
2024-08-29,TCD,0.9449370584629844
2024-08-30,TCD,0.8573452387259558
2024-08-31,TCD,0.9069141463058785
2024-09-01,TCD,0.8818254645964553
2024-09-02,TCD,0.9189759101121203
2024-09-03,TCD,0.9542352199402147
2024-09-04,TCD,0.7376194147477331
2024-09-05,TCD,0.7669695169671222
2024-09-06,TCD,0.7737589980584099
2024-09-07,TCD,0.9118373516368339
2024-09-08,TCD,0.817330504173795
2024-09-09,TCD,0.8771348791806916
2024-09-10,TCD,0.7422854027485347
2024-09-11,TCD,0.6956547287588253
2024-09-12,TCD,0.6778136469656069
2024-09-13,TCD,0.6939225967448188
2024-09-14,TCD,0.892418165448134
2024-09-15,TCD,0.8595105839661735
2024-09-16,TCD,0.5003722984061462
2024-09-17,TCD,0.4480281740185471
2024-09-18,TCD,0.4741058055005648
2024-09-19,TCD,0.4397808477214299
2024-09-20,TCD,0.4305676244070945
2024-09-21,TCD,0.5029741673966893
2024-09-22,TCD,0.4724515622380413
2024-09-23,TCD,0.4743146308714301
2024-09-24,TCD,0.7927041436698324
2024-09-25,TCD,0.6912596798190314
2024-09-26,TCD,0.6743718286015354
2024-09-27,TCD,0.6900484178893422
2024-09-28,TCD,0.6455882376082538
2024-09-29,TCD,0.8123342232291756
2024-09-30,TCD,0.8208962627248986
2024-10-01,TCD,0.8327550479929698
2024-10-02,TCD,0.4650608395607859
2024-10-03,TCD,0.4552208178774652
2024-10-04,TCD,0.4373290929332176
2024-10-05,TCD,0.4621207549252043
2024-10-06,TCD,0.4195507275058566
2024-10-07,TCD,0.42743410080802197
2024-10-08,TCD,0.4011125061201003
2024-10-09,TCD,0.9374068448679328
2024-10-10,TCD,0.8302675873895036
2024-10-11,TCD,0.7805133758612454
2024-10-12,TCD,0.7892591934360568
2024-10-13,TCD,0.8169731071246841
2024-10-14,TCD,0.8302387542023625
2024-10-15,TCD,0.9466967437702015
2024-10-16,TCD,0.8277863319892653
2024-10-17,TCD,0.8262211416078887
2024-10-18,TCD,0.828279020655687
2024-10-19,TCD,0.9208608165553034
2024-10-20,TCD,0.9421189357608664
2024-10-21,TCD,0.8717816064428816
2024-10-22,TCD,0.8895894935277212
2024-10-23,TCD,0.9081142243589639
2024-10-24,TCD,0.7874417384363008
2024-10-25,TCD,0.7534130569162808
2024-10-26,TCD,0.770922509125759
2024-10-27,TCD,0.9276761471468628
2024-10-28,TCD,0.7550490290171564
2024-10-29,TCD,0.4884899561261508
2024-10-30,TCD,0.39082272028839693
2024-10-31,TCD,0.37217293118102157
2024-11-01,TCD,0.34955470337139477
2024-11-02,TCD,0.36129785431354844
2024-11-03,TCD,0.2228093617411607
2024-11-04,TCD,0.2175308952793833
2024-11-05,TCD,0.2406341879201039
2024-11-06,TCD,0.21906047649796528
2024-11-07,TCD,0.2206394784614375
2024-11-08,TCD,0.22478052560135167
2024-11-09,TCD,0.2679535775717468
2024-11-10,TCD,0.7633183999446423
2024-11-11,TCD,0.7454624959785897
2024-11-12,TCD,0.5404862091417783
2024-11-13,TCD,0.6247559358960609
2024-11-14,TCD,0.8064577727385795
2024-11-15,TCD,0.6201799460914871
2024-11-16,TCD,0.2024138950898449
2024-11-17,TCD,0.19926706844646452
2024-11-18,TCD,0.19828286441287735
2024-11-19,TCD,0.20179215578703483
2024-11-20,TCD,0.20192109136032668
2024-11-21,TCD,0.20023460593555112
2024-11-22,TCD,0.1996871634016429
2024-11-23,TCD,0.6535830544084708
2024-11-24,TCD,0.7112218340992646
2024-11-25,TCD,0.7802184076677072
2024-11-26,TCD,0.7637813617144363
2024-11-27,TCD,0.8196277737088333
2024-11-28,TCD,0.8222056616517128
2024-11-29,TCD,0.9426099036449536
2024-11-30,TCD,0.949898901117527
2024-12-01,TCD,0.8859944575389489
2024-12-02,TCD,0.8802524282385102
2024-12-03,TCD,0.9052747534025439
2024-12-04,TCD,0.9052282975116175
2024-12-05,TCD,0.8574383090681859
2024-12-06,TCD,0.7574188186598102
2024-12-07,TCD,0.727216575566001
2024-12-08,TCD,0.9362348261561262
2024-12-09,TCD,0.7626863273174252
2024-12-10,TCD,0.9316879865453694
2024-12-11,TCD,0.800209484215308
2024-12-12,TCD,0.6888091394952428
2024-12-13,TCD,0.7924178925148174
2024-12-14,TCD,0.8315484422369491
2024-12-15,TCD,0.7160402738705167
2024-12-16,TCD,0.3422997222101579
2024-12-17,TCD,0.3122603386393273
2024-12-18,TCD,0.30410516829437567
2024-12-19,TCD,0.30386169438426214
2024-12-20,TCD,0.31055995028427025
2024-12-21,TCD,0.2951377621033871
2024-12-22,TCD,0.3880357444286433
2024-12-23,TCD,0.33903427665153757
2024-12-24,TCD,0.7735486472846214
2024-12-25,TCD,0.48635694323208695
2024-12-26,TCD,0.46135394527240386
2024-12-27,TCD,0.42797064424660847
2024-12-28,TCD,0.5012390486900736
2024-12-29,TCD,0.4736364962608752
2024-12-30,TCD,0.4120440023885034
2024-12-31,TCD,0.4218518143836969
2025-01-01,TCD,0.8385877608257295
2025-01-02,TCD,0.8215753725675136
2025-01-03,TCD,0.8518776519781854
2025-01-04,TCD,0.8883909538424155
2025-01-05,TCD,0.8379275160417446
2025-01-06,TCD,0.8458923680745448
2025-01-07,TCD,0.911679446861271
2025-01-08,TCD,0.9553541093643948
2025-01-09,TCD,0.9510747058795122
2025-01-10,TCD,0.9554175019420166
2025-01-11,TCD,0.9208431647044947
2025-01-12,TCD,0.9131562932699914
2025-01-13,TCD,0.8812328729115684
2025-01-14,TCD,0.8335694305369278
2025-01-15,TCD,0.48986012079453567
2025-01-16,TCD,0.25171412197685133
2025-01-17,TCD,0.25403160605252834
2025-01-18,TCD,0.25244079980644984
2025-01-19,TCD,0.6915916139733419
2025-01-20,TCD,0.2776284755716194
2025-01-21,TCD,0.25147230543512833
2025-01-22,TCD,0.5767030074873655
2025-01-23,TCD,0.7328774208257205
2025-01-24,TCD,0.6340327719160064
2025-01-25,TCD,0.6877254003095975
2025-01-26,TCD,0.7932950439722839
2025-01-27,TCD,0.5813305571297235
2025-01-28,TCD,0.9186006166461052
2025-01-29,TCD,0.7282257460834178
2025-01-30,TCD,0.9344283946884118
2025-01-31,TCD,0.622272238517142
2025-02-01,TCD,0.8036767171300433
2025-02-02,TCD,0.8657894412611287
2025-02-03,TCD,0.8533373956837172
2025-02-04,TCD,0.7233888831912864
2025-02-05,TCD,0.5072598792294277
2025-02-06,TCD,0.5048542851914978
2025-02-07,TCD,0.8924503189906076
2025-02-08,TCD,0.5451953610871842
2025-02-09,TCD,0.47152589269435713
2025-02-10,TCD,0.4644405658889577
2025-02-11,TCD,0.8562297450678186
2025-02-12,TCD,0.8080554415748695
2025-02-13,TCD,0.8309015863183546
2025-02-14,TCD,0.42165151415152646
2025-02-15,TCD,0.5603624201302536
2025-02-16,TCD,0.8885559262030055
2025-02-17,TCD,0.39846524471399175
2025-02-18,TCD,0.3731844958079367
2025-02-19,TCD,0.36312890585959234
2025-02-20,TCD,0.3598287497267059
2025-02-21,TCD,0.8307813500151114
2025-02-22,TCD,0.9310093740052212
2025-02-23,TCD,0.9340482530767725
2025-02-24,TCD,0.8527421596073886
2025-02-25,TCD,0.7926774807351614
2025-02-26,TCD,0.8408402088560032
2025-02-27,TCD,0.8241797130935046
2025-02-28,TCD,0.8278047264772601
2025-03-01,TCD,0.501259532493721
2025-03-02,TCD,0.5219599350248638
2025-03-03,TCD,0.5996906384194632
2025-03-04,TCD,0.5047933285501093
2025-03-05,TCD,0.4605126442228543
2025-03-06,TCD,0.7425192137461593
2025-03-07,TCD,0.48894437480234787
2025-03-08,TCD,0.8428024375191596
2025-03-09,TCD,0.7779939010456097
2025-03-10,TCD,0.8337376926276082
2025-03-11,TCD,0.7781953434603296
2025-03-12,TCD,0.8152558362883877
2025-03-13,TCD,0.36280079769706586
2025-03-14,TCD,0.35240850966681636
2025-03-15,TCD,0.7000286839867018
2025-03-16,TCD,0.49581530735251195
2025-03-17,TCD,0.3223638810319345
2025-03-18,TCD,0.30936379485660465
2025-03-19,TCD,0.35907738568546
2025-03-20,TCD,0.8180138151863402
2025-03-21,TCD,0.9244793424919239
2025-03-22,TCD,0.7747494838973052
2025-03-23,TCD,0.7266640321804694
2025-03-24,TCD,0.7425546217338315
2025-03-25,TCD,0.7700159139729911
2025-03-26,TCD,0.7747307659038083
2025-03-27,TCD,0.7665971481886769
2025-03-28,TCD,0.6954053521037584
2024-07-01,GIN,0.6876200427740642
2024-07-02,GIN,0.6592356628312017
2024-07-03,GIN,0.6753219510004135
2024-07-04,GIN,0.5348106449360678
2024-07-05,GIN,0.5864239382740071
2024-07-06,GIN,0.5722780222998002
2024-07-07,GIN,0.5938194457599585
2024-07-08,GIN,0.6140115740296065
2024-07-09,GIN,0.6977899624209434
2024-07-10,GIN,0.6747464565939317
2024-07-11,GIN,0.6389128144091967
2024-07-12,GIN,0.7068536291124122
2024-07-13,GIN,0.6442712765865106
2024-07-14,GIN,0.6495746600095995
2024-07-15,GIN,0.7218322992153767
2024-07-16,GIN,0.45636620463150374
2024-07-17,GIN,0.4456684617784278
2024-07-18,GIN,0.40319599563223174
2024-07-19,GIN,0.4271588055937466
2024-07-20,GIN,0.39931477334473514
2024-07-21,GIN,0.4347096773849342
2024-07-22,GIN,0.43540041083876746
2024-07-23,GIN,0.6942401950175924
2024-07-24,GIN,0.6683613385238597
2024-07-25,GIN,0.7103173012588077
2024-07-26,GIN,0.6967368906542353
2024-07-27,GIN,0.6512835791695726
2024-07-28,GIN,0.695010498319695
2024-07-29,GIN,0.6909429318239685
2024-07-30,GIN,0.9129228735483085
2024-07-31,GIN,0.6436841479587834
2024-08-01,GIN,0.8889358470140234
2024-08-02,GIN,0.6958639790536902
2024-08-03,GIN,0.598225659268659
2024-08-04,GIN,0.5816025522961794
2024-08-05,GIN,0.6009301218242882
2024-08-06,GIN,0.596986998775377
2024-08-07,GIN,0.5341123750066908
2024-08-08,GIN,0.6042657095160225
2024-08-09,GIN,0.8711091274958694
2024-08-10,GIN,0.6972945468856688
2024-08-11,GIN,0.6712853799187907
2024-08-12,GIN,0.6928624888731115
2024-08-13,GIN,0.6671541282750952
2024-08-14,GIN,0.6745370176445173
2024-08-15,GIN,0.7272213136339803
2024-08-16,GIN,0.6927169982620804
2024-08-17,GIN,0.8984890403750446
2024-08-18,GIN,0.9183918878200812
2024-08-19,GIN,0.7016914084482587
2024-08-20,GIN,0.696662023318538
2024-08-21,GIN,0.9147712383990503
2024-08-22,GIN,0.6467065890616012
2024-08-23,GIN,0.6298842485821822
2024-08-24,GIN,0.4982905705249329
2024-08-25,GIN,0.7831116841062955
2024-08-26,GIN,0.4565599588641814
2024-08-27,GIN,0.4276869995907973
2024-08-28,GIN,0.4481444055086603
2024-08-29,GIN,0.4525264355955868
2024-08-30,GIN,0.44312059202227816
2024-08-31,GIN,0.673713670668721
2024-09-01,GIN,0.3454610350465246
2024-09-02,GIN,0.35849402603008856
2024-09-03,GIN,0.3962744172351171
2024-09-04,GIN,0.3329105749047195
2024-09-05,GIN,0.5630519426789201
2024-09-06,GIN,0.3808919130713046
2024-09-07,GIN,0.4366246327175177
2024-09-08,GIN,0.7675366489354976
2024-09-09,GIN,0.6958977044188608
2024-09-10,GIN,0.6814299944694783
2024-09-11,GIN,0.7088518208647859
2024-09-12,GIN,0.9354810179963365
2024-09-13,GIN,0.7146478593430763
2024-09-14,GIN,0.6690352285664525
2024-09-15,GIN,0.745158549944269
2024-09-16,GIN,0.7512468903153965
2024-09-17,GIN,0.7057019576218686
2024-09-18,GIN,0.7092342092664549
2024-09-19,GIN,0.8470384558424051
2024-09-20,GIN,0.6929985392064724
2024-09-21,GIN,0.5797140775808469
2024-09-22,GIN,0.5884099408922447
2024-09-23,GIN,0.5763333096888721
2024-09-24,GIN,0.5627060782791975
2024-09-25,GIN,0.8574275827463606
2024-09-26,GIN,0.743973631346963
2024-09-27,GIN,0.7221265930278993
2024-09-28,GIN,0.719414459251582
2024-09-29,GIN,0.7103327479425593
2024-09-30,GIN,0.717661533540722
2024-10-01,GIN,0.5904651115780588
2024-10-02,GIN,0.31096321800057963
2024-10-03,GIN,0.3025512930896002
2024-10-04,GIN,0.3054618757858897
2024-10-05,GIN,0.29773592442134744
2024-10-06,GIN,0.31135912055718185
2024-10-07,GIN,0.3285641496275949
2024-10-08,GIN,0.32123325799785624
2024-10-09,GIN,0.7115263118087279
2024-10-10,GIN,0.7429114739636732
2024-10-11,GIN,0.7653549826699932
2024-10-12,GIN,0.7229839849636274
2024-10-13,GIN,0.8434205447069055
2024-10-14,GIN,0.8397027194761582
2024-10-15,GIN,0.7291758508764682
2024-10-16,GIN,0.7371161064420705
2024-10-17,GIN,0.9151251580076124
2024-10-18,GIN,0.8572569080181567
2024-10-19,GIN,0.832423719185501
2024-10-20,GIN,0.8672711581984207
2024-10-21,GIN,0.7119337464320622
2024-10-22,GIN,0.813574327221766
2024-10-23,GIN,0.5349262881589816
2024-10-24,GIN,0.5442814992437025
2024-10-25,GIN,0.6410286822527137
2024-10-26,GIN,0.4902667482804775
2024-10-27,GIN,0.5385789950006808
2024-10-28,GIN,0.5562103496541346
2024-10-29,GIN,0.5935817899902351
2024-10-30,GIN,0.6196647927433819
2024-10-31,GIN,0.6257655657970117
2024-11-01,GIN,0.5462961107902055
2024-11-02,GIN,0.5652062413803903
2024-11-03,GIN,0.6537808096791186
2024-11-04,GIN,0.5721181676568562
2024-11-05,GIN,0.7859599810423008
2024-11-06,GIN,0.7964771772201963
2024-11-07,GIN,0.8288333926685697
2024-11-08,GIN,0.7553395414629654
2024-11-09,GIN,0.8048635145230174
2024-11-10,GIN,0.8088874600858655
2024-11-11,GIN,0.8537509324274228
2024-11-12,GIN,0.7470632017761287
2024-11-13,GIN,0.8142055449169943
2024-11-14,GIN,0.7707011191896499
2024-11-15,GIN,0.7759200753978087
2024-11-16,GIN,0.7261381608847204
2024-11-17,GIN,0.7680643476863398
2024-11-18,GIN,0.7356920399878613
2024-11-19,GIN,0.935985486369261
2024-11-20,GIN,0.8645231833760212
2024-11-21,GIN,0.7531436376335839
2024-11-22,GIN,0.7324532116350398
2024-11-23,GIN,0.6708119984096699
2024-11-24,GIN,0.7397189274959637
2024-11-25,GIN,0.7306949716354244
2024-11-26,GIN,0.4586760216668606
2024-11-27,GIN,0.38867674623247545
2024-11-28,GIN,0.40165127607331585
2024-11-29,GIN,0.3591386947266278
2024-11-30,GIN,0.3739158010393642
2024-12-01,GIN,0.39065247174254414
2024-12-02,GIN,0.4602387647202694
2024-12-03,GIN,0.8148063088810035
2024-12-04,GIN,0.7317804825496073
2024-12-05,GIN,0.7407272317450233
2024-12-06,GIN,0.7897486364790476
2024-12-07,GIN,0.7814119233245005
2024-12-08,GIN,0.7656455843094466
2024-12-09,GIN,0.6914468113480776
2024-12-10,GIN,0.9154368630048353
2024-12-11,GIN,0.9449592818253725
2024-12-12,GIN,0.8930079660957853
2024-12-13,GIN,0.4781187598976863
2024-12-14,GIN,0.4693019139336074
2024-12-15,GIN,0.5205244530582172
2024-12-16,GIN,0.6233509045712032
2024-12-17,GIN,0.6961351366458708
2024-12-18,GIN,0.689197988573456
2024-12-19,GIN,0.5359730238032716
2024-12-20,GIN,0.5683702472333961
2024-12-21,GIN,0.5272280838162173
2024-12-22,GIN,0.5753983327849088
2024-12-23,GIN,0.6947874639366445
2024-12-24,GIN,0.5516237424771679
2024-12-25,GIN,0.809035984312211
2024-12-26,GIN,0.7662588936446849
2024-12-27,GIN,0.8286375376641839
2024-12-28,GIN,0.7673221947770624
2024-12-29,GIN,0.7630298594637531
2024-12-30,GIN,0.8280130800149288
2024-12-31,GIN,0.9513484432585029
2025-01-01,GIN,0.9414854564767429
2025-01-02,GIN,0.8331587523974762
2025-01-03,GIN,0.7110855120347426
2025-01-04,GIN,0.7752729925365753
2025-01-05,GIN,0.7774202522200495
2025-01-06,GIN,0.951068079585896
2025-01-07,GIN,0.9192444326908948
2025-01-08,GIN,0.5721570555953684
2025-01-09,GIN,0.5235289348915109
2025-01-10,GIN,0.6388940147231352
2025-01-11,GIN,0.41585269083542603
2025-01-12,GIN,0.6302893941844665
2025-01-13,GIN,0.815807442158662
2025-01-14,GIN,0.6421712602873765
2025-01-15,GIN,0.7690176355498959
2025-01-16,GIN,0.6664210328373555
2025-01-17,GIN,0.5539566181735207
2025-01-18,GIN,0.935970912968135
2025-01-19,GIN,0.9505964787183667
2025-01-20,GIN,0.6426855152245774
2025-01-21,GIN,0.6588551411265949
2025-01-22,GIN,0.9514292054460697
2025-01-23,GIN,0.649767478617383
2025-01-24,GIN,0.7488306748373702
2025-01-25,GIN,0.4231108222834061
2025-01-26,GIN,0.5821911981507846
2025-01-27,GIN,0.39658431428675517
2025-01-28,GIN,0.3792383884316684
2025-01-29,GIN,0.47368967922678834
2025-01-30,GIN,0.41969705973469806
2025-01-31,GIN,0.40465554127309855
2025-02-01,GIN,0.5966329702282296
2025-02-02,GIN,0.621484737427311
2025-02-03,GIN,0.6512336235188259
2025-02-04,GIN,0.6322670062033106
2025-02-05,GIN,0.9041870554533301
2025-02-06,GIN,0.768309211426141
2025-02-07,GIN,0.7451872627065751
2025-02-08,GIN,0.7649848419348977
2025-02-09,GIN,0.7639069366843557
2025-02-10,GIN,0.8119346839042351
2025-02-11,GIN,0.7615876819693325
2025-02-12,GIN,0.7394072170194119
2025-02-13,GIN,0.9045933237975832
2025-02-14,GIN,0.8695129779712527
2025-02-15,GIN,0.7845484811081557
2025-02-16,GIN,0.7356256203354411
2025-02-17,GIN,0.6903427402141189
2025-02-18,GIN,0.720357332116463
2025-02-19,GIN,0.6773513505569441
2025-02-20,GIN,0.9356892751922089
2025-02-21,GIN,0.6743803278333735
2025-02-22,GIN,0.6340023310470584
2025-02-23,GIN,0.6736134742874916
2025-02-24,GIN,0.6452119520441204
2025-02-25,GIN,0.5703382193808337
2025-02-26,GIN,0.5850267223668638
2025-02-27,GIN,0.4236628780179817
2025-02-28,GIN,0.40790148125554826
2025-03-01,GIN,0.4329698997598904
2025-03-02,GIN,0.4650343521844671
2025-03-03,GIN,0.47273652361107016
2025-03-04,GIN,0.43293845065000264
2025-03-05,GIN,0.4438778513543235
2025-03-06,GIN,0.6198554097601199
2025-03-07,GIN,0.5558696223503566
2025-03-08,GIN,0.5895427773991434
2025-03-09,GIN,0.5810415018076721
2025-03-10,GIN,0.5622241565615952
2025-03-11,GIN,0.5581170990914606
2025-03-12,GIN,0.5580216212699399
2025-03-13,GIN,0.5361163605039702
2025-03-14,GIN,0.5823983496482515
2025-03-15,GIN,0.6453636513034042
2025-03-16,GIN,0.6350759128008778
2025-03-17,GIN,0.6240464913328457
2025-03-18,GIN,0.6181156148881066
2025-03-19,GIN,0.6111809630932299
2025-03-20,GIN,0.6538632247517119
2025-03-21,GIN,0.6622461828159281
2025-03-22,GIN,0.6957373637872759
2025-03-23,GIN,0.6453437606626988
2025-03-24,GIN,0.6410308512097846
2025-03-25,GIN,0.6391426212551682
2025-03-26,GIN,0.6530196727538604
2025-03-27,GIN,0.6380941179531647
2025-03-28,GIN,0.5966606143037056
2024-07-01,GNB,0.46768454221577
2024-07-02,GNB,0.4569162553941405
2024-07-03,GNB,0.4136552917887444
2024-07-04,GNB,0.41164553854358726
2024-07-05,GNB,0.40306233147831255
2024-07-06,GNB,0.3909359701991838
2024-07-07,GNB,0.4077161091578029
2024-07-08,GNB,0.38846919022668175
2024-07-09,GNB,0.39349824888558355
2024-07-10,GNB,0.3747611408623532
2024-07-11,GNB,0.3985917780086292
2024-07-12,GNB,0.37759765535792794
2024-07-13,GNB,0.37880469573467934
2024-07-14,GNB,0.37187495141543236
2024-07-15,GNB,0.3872283298904765
2024-07-16,GNB,0.4011390335627424
2024-07-17,GNB,0.37474822390920576
2024-07-18,GNB,0.3542826186810944
2024-07-19,GNB,0.3696913217611571
2024-07-20,GNB,0.42007400514078796
2024-07-21,GNB,0.5573302982025254
2024-07-22,GNB,0.44445611043149097
2024-07-23,GNB,0.5360499640863111
2024-07-24,GNB,0.8423590869834768
2024-07-25,GNB,0.5767935028765099
2024-07-26,GNB,0.46212836221960896
2024-07-27,GNB,0.4965125965247401
2024-07-28,GNB,0.37188478804419933
2024-07-29,GNB,0.3625013392364219
2024-07-30,GNB,0.33860591088172015
2024-07-31,GNB,0.36292251908940504
2024-08-01,GNB,0.39933098822276336
2024-08-02,GNB,0.4115488873822031
2024-08-03,GNB,0.350742391128289
2024-08-04,GNB,0.3619567290698924
2024-08-05,GNB,0.3599815226863458
2024-08-06,GNB,0.3698985082862264
2024-08-07,GNB,0.3776068374046098
2024-08-08,GNB,0.3978277181014114
2024-08-09,GNB,0.4662055795615301
2024-08-10,GNB,0.5083166453508787
2024-08-11,GNB,0.49045010470304856
2024-08-12,GNB,0.4507709802369202
2024-08-13,GNB,0.3933362640134775
2024-08-14,GNB,0.371235550705297
2024-08-15,GNB,0.4246730735016451
2024-08-16,GNB,0.4113028012926796
2024-08-17,GNB,0.42376168202266606
2024-08-18,GNB,0.46275350278270666
2024-08-19,GNB,0.46125001154805056
2024-08-20,GNB,0.41222847314996464
2024-08-21,GNB,0.4149532184654337
2024-08-22,GNB,0.4010945149488514
2024-08-23,GNB,0.41460747801885023
2024-08-24,GNB,0.40302184909784033
2024-08-25,GNB,0.4238464735153611
2024-08-26,GNB,0.45280722656562733
2024-08-27,GNB,0.40179714458539717
2024-08-28,GNB,0.41877791902246464
2024-08-29,GNB,0.42496970530579364
2024-08-30,GNB,0.4405477983597796
2024-08-31,GNB,0.44751349991660394
2024-09-01,GNB,0.4648253258105332
2024-09-02,GNB,0.4505723010311636
2024-09-03,GNB,0.47441493322647915
2024-09-04,GNB,0.3713393807384872
2024-09-05,GNB,0.3852168519079459
2024-09-06,GNB,0.3528927682393302
2024-09-07,GNB,0.40711886152215904
2024-09-08,GNB,0.43420076001305274
2024-09-09,GNB,0.7116712362306232
2024-09-10,GNB,0.43620677796335394
2024-09-11,GNB,0.4268390290163554
2024-09-12,GNB,0.4796594178942116
2024-09-13,GNB,0.40174464273184946
2024-09-14,GNB,0.4599916239850423
2024-09-15,GNB,0.905918824656112
2024-09-16,GNB,0.6810858231763495
2024-09-17,GNB,0.4509856368619037
2024-09-18,GNB,0.4022089450074583
2024-09-19,GNB,0.4392453578323653
2024-09-20,GNB,0.43789564765979133
2024-09-21,GNB,0.40337835503201275
2024-09-22,GNB,0.3339227888036509
2024-09-23,GNB,0.3311108455966792
2024-09-24,GNB,0.3347810046113706
2024-09-25,GNB,0.34013874367336394
2024-09-26,GNB,0.3340542413757783
2024-09-27,GNB,0.3303820636036345
2024-09-28,GNB,0.35440808205277696
2024-09-29,GNB,0.4416661487534323
2024-09-30,GNB,0.4185482793208164
2024-10-01,GNB,0.44400071569353494
2024-10-02,GNB,0.37694692627595294
2024-10-03,GNB,0.37834163878738764
2024-10-04,GNB,0.3506900090191386
2024-10-05,GNB,0.36917987449166734
2024-10-06,GNB,0.428660346283727
2024-10-07,GNB,0.4206780276757584
2024-10-08,GNB,0.3981591621618074
2024-10-09,GNB,0.39272660118767355
2024-10-10,GNB,0.4700314349300431
2024-10-11,GNB,0.5422684991163293
2024-10-12,GNB,0.519003822182357
2024-10-13,GNB,0.530896072196779
2024-10-14,GNB,0.5494786221484779
2024-10-15,GNB,0.4690365396809219
2024-10-16,GNB,0.42969994194976774
2024-10-17,GNB,0.4527985576026945
2024-10-18,GNB,0.39992485243208953
2024-10-19,GNB,0.44929836889496605
2024-10-20,GNB,0.43798288599785234
2024-10-21,GNB,0.46889537012229926
2024-10-22,GNB,0.4338346849939195
2024-10-23,GNB,0.43495971518374654
2024-10-24,GNB,0.4184967036307019
2024-10-25,GNB,0.46391613677409577
2024-10-26,GNB,0.4325868453014117
2024-10-27,GNB,0.4509935869043213
2024-10-28,GNB,0.4542501445339338
2024-10-29,GNB,0.4029879213285769
2024-10-30,GNB,0.43564149671268143
2024-10-31,GNB,0.46015312412802545
2024-11-01,GNB,0.4053117023590703
2024-11-02,GNB,0.4316246336563201
2024-11-03,GNB,0.41921050359041706
2024-11-04,GNB,0.4347126724776546
2024-11-05,GNB,0.4192925028803027
2024-11-06,GNB,0.46268170570209965
2024-11-07,GNB,0.4843761708155339
2024-11-08,GNB,0.47147924577326195
2024-11-09,GNB,0.4575180350262684
2024-11-10,GNB,0.4584295609439555
2024-11-11,GNB,0.4517965888057174
2024-11-12,GNB,0.39858999773931747
2024-11-13,GNB,0.43929758875801445
2024-11-14,GNB,0.4516560923976898
2024-11-15,GNB,0.42103142894237583
2024-11-16,GNB,0.37916823616242684
2024-11-17,GNB,0.38352288021260933
2024-11-18,GNB,0.4007644596486228
2024-11-19,GNB,0.38233598951383846
2024-11-20,GNB,0.40204169813938173
2024-11-21,GNB,0.5355616700777263
2024-11-22,GNB,0.3744349243892965
2024-11-23,GNB,0.9377580101701819
2024-11-24,GNB,0.3819289557301492
2024-11-25,GNB,0.37914853990770997
2024-11-26,GNB,0.38745933357199686
2024-11-27,GNB,0.39043180992897253
2024-11-28,GNB,0.42191602905713715
2024-11-29,GNB,0.40869673327456685
2024-11-30,GNB,0.32047677597362184
2024-12-01,GNB,0.2941370235763213
2024-12-02,GNB,0.27938494498340366
2024-12-03,GNB,0.27123473337533854
2024-12-04,GNB,0.27545753784640775
2024-12-05,GNB,0.2866105056417653
2024-12-06,GNB,0.2843793687397792
2024-12-07,GNB,0.31939112117130763
2024-12-08,GNB,0.3367216628695
2024-12-09,GNB,0.3498228338791243
2024-12-10,GNB,0.3784017904364487
2024-12-11,GNB,0.41194635742095853
2024-12-12,GNB,0.38542922223031134
2024-12-13,GNB,0.38043780339716166
2024-12-14,GNB,0.385152218699967
2024-12-15,GNB,0.36578584846685414
2024-12-16,GNB,0.39100387086108934
2024-12-17,GNB,0.4552268466992091
2024-12-18,GNB,0.41639168192725634
2024-12-19,GNB,0.3991080556889063
2024-12-20,GNB,0.36596871139423187
2024-12-21,GNB,0.35630686971231157
2024-12-22,GNB,0.36176074877167697
2024-12-23,GNB,0.35375800678714253
2024-12-24,GNB,0.36730157283696047
2024-12-25,GNB,0.4146740700952387
2024-12-26,GNB,0.4082658878379055
2024-12-27,GNB,0.42933601460354087
2024-12-28,GNB,0.4048490779202824
2024-12-29,GNB,0.41873194463440444
2024-12-30,GNB,0.3674922733611104
2024-12-31,GNB,0.3690957987222849
2025-01-01,GNB,0.3773840472667386
2025-01-02,GNB,0.4056552821902651
2025-01-03,GNB,0.3579408757360884
2025-01-04,GNB,0.3604207585269258
2025-01-05,GNB,0.39343614323103265
2025-01-06,GNB,0.3868262092654348
2025-01-07,GNB,0.3631826110021295
2025-01-08,GNB,0.3796765050103739
2025-01-09,GNB,0.31608557373749474
2025-01-10,GNB,0.3088292621120085
2025-01-11,GNB,0.29754126372708
2025-01-12,GNB,0.294882306484206
2025-01-13,GNB,0.2936737032182499
2025-01-14,GNB,0.30181898543355706
2025-01-15,GNB,0.32373054413044594
2025-01-16,GNB,0.31132605902252125
2025-01-17,GNB,0.3433977756247548
2025-01-18,GNB,0.35890628666048185
2025-01-19,GNB,0.37268439395637254
2025-01-20,GNB,0.38155930321892445
2025-01-21,GNB,0.400597631897169
2025-01-22,GNB,0.34453381604070193
2025-01-23,GNB,0.37250539966828544
2025-01-24,GNB,0.3543869798886467
2025-01-25,GNB,0.3405669331991154
2025-01-26,GNB,0.35231270027310047
2025-01-27,GNB,0.35922608818423357
2025-01-28,GNB,0.35669454632236763
2025-01-29,GNB,0.37448803809078546
2025-01-30,GNB,0.33034197616791916
2025-01-31,GNB,0.32081768771840125
2025-02-01,GNB,0.3470646922415195
2025-02-02,GNB,0.36055314168536273
2025-02-03,GNB,0.36367377333588713
2025-02-04,GNB,0.3665515264302521
2025-02-05,GNB,0.3912121919995868
2025-02-06,GNB,0.36621271418740786
2025-02-07,GNB,0.3803065314829279
2025-02-08,GNB,0.36761292343879803
2025-02-09,GNB,0.365047671141527
2025-02-10,GNB,0.36659378721053953
2025-02-11,GNB,0.34792697950743146
2025-02-12,GNB,0.35697211724873873
2025-02-13,GNB,0.3627808965102251
2025-02-14,GNB,0.38730557354375156
2025-02-15,GNB,0.3760299741677437
2025-02-16,GNB,0.35772997480449237
2025-02-17,GNB,0.3587016458421544
2025-02-18,GNB,0.36673712900534366
2025-02-19,GNB,0.33569476075499427
2025-02-20,GNB,0.3510199057553069
2025-02-21,GNB,0.34547474392819977
2025-02-22,GNB,0.3612630030742326
2025-02-23,GNB,0.39951280601611394
2025-02-24,GNB,0.3898763846188314
2025-02-25,GNB,0.3683792152907138
2025-02-26,GNB,0.3881822766978986
2025-02-27,GNB,0.39809420722019945
2025-02-28,GNB,0.39385330635091675
2025-03-01,GNB,0.4258745152058549
2025-03-02,GNB,0.43323268212076826
2025-03-03,GNB,0.42136393468241773
2025-03-04,GNB,0.4189295846870996
2025-03-05,GNB,0.448209453912321
2025-03-06,GNB,0.42661846391629243
2025-03-07,GNB,0.402768938069977
2025-03-08,GNB,0.39522427187340003
2025-03-09,GNB,0.3763547879632886
2025-03-10,GNB,0.3774814909511293
2025-03-11,GNB,0.38651516020655874
2025-03-12,GNB,0.411161756311524
2025-03-13,GNB,0.3523616133504294
2025-03-14,GNB,0.36638586126148565
2025-03-15,GNB,0.38255552563138884
2025-03-16,GNB,0.4094785940310755
2025-03-17,GNB,0.42058481209142684
2025-03-18,GNB,0.4169623577127313
2025-03-19,GNB,0.40660555728051173
2025-03-20,GNB,0.39845212500533783
2025-03-21,GNB,0.3889233701551785
2025-03-22,GNB,0.40155370514128935
2025-03-23,GNB,0.38353441032505015
2025-03-24,GNB,0.3849974635592125
2025-03-25,GNB,0.37003969345375715
2025-03-26,GNB,0.40030907526129966
2025-03-27,GNB,0.3849202195836411
2025-03-28,GNB,0.36788803488216054
2024-07-01,SEN,0.5646087925860551
2024-07-02,SEN,0.5155939923989435
2024-07-03,SEN,0.4915446776339293
2024-07-04,SEN,0.5154291355629992
2024-07-05,SEN,0.5426287284060672
2024-07-06,SEN,0.6029549896283797
2024-07-07,SEN,0.566734423426389
2024-07-08,SEN,0.5519219524075492
2024-07-09,SEN,0.5285838036769556
2024-07-10,SEN,0.5416106172622883
2024-07-11,SEN,0.6373907300520495
2024-07-12,SEN,0.5653094305457101
2024-07-13,SEN,0.5918490371748351
2024-07-14,SEN,0.5427824462443173
2024-07-15,SEN,0.56949140225565
2024-07-16,SEN,0.578749993105117
2024-07-17,SEN,0.5429666902478716
2024-07-18,SEN,0.5046718714066346
2024-07-19,SEN,0.5449332157986141
2024-07-20,SEN,0.6026934862696256
2024-07-21,SEN,0.7190639418936104
2024-07-22,SEN,0.7425799072111235
2024-07-23,SEN,0.719958661846194
2024-07-24,SEN,0.645045977623826
2024-07-25,SEN,0.6228523817530572
2024-07-26,SEN,0.6819288838657509
2024-07-27,SEN,0.7226524598201836
2024-07-28,SEN,0.6586314951043629
2024-07-29,SEN,0.6919407175581899
2024-07-30,SEN,0.6350779648903604
2024-07-31,SEN,0.6206801823848626
2024-08-01,SEN,0.6270625182633318
2024-08-02,SEN,0.6933878955344976
2024-08-03,SEN,0.635709375520744
2024-08-04,SEN,0.6445451171446296
2024-08-05,SEN,0.9120571206040707
2024-08-06,SEN,0.6775942923964211
2024-08-07,SEN,0.5667682760652516
2024-08-08,SEN,0.6134965012364161
2024-08-09,SEN,0.5914424317550362
2024-08-10,SEN,0.6518468917189572
2024-08-11,SEN,0.6703701581460818
2024-08-12,SEN,0.6544507422188295
2024-08-13,SEN,0.6533319475353282
2024-08-14,SEN,0.6424068253505364
2024-08-15,SEN,0.711008637061244
2024-08-16,SEN,0.6348538924383778
2024-08-17,SEN,0.6257999274637087
2024-08-18,SEN,0.7137630099051752
2024-08-19,SEN,0.68184210577599
2024-08-20,SEN,0.6320522489980914
2024-08-21,SEN,0.6926744805813017
2024-08-22,SEN,0.6460706605786171
2024-08-23,SEN,0.7888215995091403
2024-08-24,SEN,0.6382087725574045
2024-08-25,SEN,0.6012225774285661
2024-08-26,SEN,0.6949955886485052
2024-08-27,SEN,0.6175838757620082
2024-08-28,SEN,0.643108356678102
2024-08-29,SEN,0.6288436014519474
2024-08-30,SEN,0.6255147430116301
2024-08-31,SEN,0.678354438178881
2024-09-01,SEN,0.8405691895173796
2024-09-02,SEN,0.6622459498609272
2024-09-03,SEN,0.652008132582856
2024-09-04,SEN,0.5338744521224293
2024-09-05,SEN,0.6322533874515132
2024-09-06,SEN,0.6057234557976083
2024-09-07,SEN,0.5464038899956692
2024-09-08,SEN,0.5122492901499273
2024-09-09,SEN,0.5641335757603348
2024-09-10,SEN,0.5672780345965092
2024-09-11,SEN,0.5539256862979645
2024-09-12,SEN,0.5911515683731777
2024-09-13,SEN,0.5482455920997751
2024-09-14,SEN,0.6040957042841086
2024-09-15,SEN,0.6159557415473124
2024-09-16,SEN,0.6086422196657096
2024-09-17,SEN,0.5319435068088171
2024-09-18,SEN,0.5479737387772882
2024-09-19,SEN,0.5946692921900067
2024-09-20,SEN,0.5836418212260768
2024-09-21,SEN,0.45622382548292156
2024-09-22,SEN,0.5252216472668904
2024-09-23,SEN,0.5841541643213843
2024-09-24,SEN,0.6307079463087311
2024-09-25,SEN,0.6248141606463905
2024-09-26,SEN,0.5841757388127629
2024-09-27,SEN,0.5662743237472263
2024-09-28,SEN,0.6503740762639715
2024-09-29,SEN,0.655478007408855
2024-09-30,SEN,0.5498555680610536
2024-10-01,SEN,0.6188175265386049
2024-10-02,SEN,0.5452645059096374
2024-10-03,SEN,0.5085861268110843
2024-10-04,SEN,0.5259253348956078
2024-10-05,SEN,0.5011820005202646
2024-10-06,SEN,0.5020274480043977
2024-10-07,SEN,0.5464019265273208
2024-10-08,SEN,0.4845021577897344
2024-10-09,SEN,0.5213544714859236
2024-10-10,SEN,0.5669976322159302
2024-10-11,SEN,0.6282640498552869
2024-10-12,SEN,0.6320468342868898
2024-10-13,SEN,0.6741136669005368
2024-10-14,SEN,0.6968343006160385
2024-10-15,SEN,0.6219842117312576
2024-10-16,SEN,0.6374957267534953
2024-10-17,SEN,0.6590276740706833
2024-10-18,SEN,0.5776111175957572
2024-10-19,SEN,0.6462194531671153
2024-10-20,SEN,0.611685577641069
2024-10-21,SEN,0.6099958412229352
2024-10-22,SEN,0.6222032220777505
2024-10-23,SEN,0.5924768994655031
2024-10-24,SEN,0.587667040904886
2024-10-25,SEN,0.6196601361098342
2024-10-26,SEN,0.5438627971101564
2024-10-27,SEN,0.5666723068909254
2024-10-28,SEN,0.5869072612024949
2024-10-29,SEN,0.6004839261932836
2024-10-30,SEN,0.6294783305572192
2024-10-31,SEN,0.7902602586901196
2024-11-01,SEN,0.6417765033404145
2024-11-02,SEN,0.651044748853492
2024-11-03,SEN,0.676478226396421
2024-11-04,SEN,0.6904322160749409
2024-11-05,SEN,0.6336895565517094
2024-11-06,SEN,0.62924404273871
2024-11-07,SEN,0.6215066958617931
2024-11-08,SEN,0.6607133519082632
2024-11-09,SEN,0.7076657051871664
2024-11-10,SEN,0.7199708155680309
2024-11-11,SEN,0.9257685199720193
2024-11-12,SEN,0.5347220560758488
2024-11-13,SEN,0.5203265477358435
2024-11-14,SEN,0.56481996727572
2024-11-15,SEN,0.5088494671239148
2024-11-16,SEN,0.45165198899790965
2024-11-17,SEN,0.4600877666790368
2024-11-18,SEN,0.36392928124651136
2024-11-19,SEN,0.37709785019443964
2024-11-20,SEN,0.3759160745737449
2024-11-21,SEN,0.3638394600652504
2024-11-22,SEN,0.3459762314674878
2024-11-23,SEN,0.3988331706441701
2024-11-24,SEN,0.44350843618681485
2024-11-25,SEN,0.5745561115081916
2024-11-26,SEN,0.589271399958569
2024-11-27,SEN,0.6576849588276316
2024-11-28,SEN,0.6566440614602351
2024-11-29,SEN,0.6475696597633716
2024-11-30,SEN,0.6849285032725935
2024-12-01,SEN,0.6863611283499043
2024-12-02,SEN,0.6668514578210334
2024-12-03,SEN,0.5899490125623176
2024-12-04,SEN,0.6072512386775003
2024-12-05,SEN,0.6010899885181746
2024-12-06,SEN,0.6002539813622784
2024-12-07,SEN,0.5728887254918689
2024-12-08,SEN,0.5660396556760775
2024-12-09,SEN,0.5789288104182834
2024-12-10,SEN,0.5680218091729309
2024-12-11,SEN,0.5953504671456838
2024-12-12,SEN,0.5275078948941012
2024-12-13,SEN,0.5604535716317866
2024-12-14,SEN,0.533795408539192
2024-12-15,SEN,0.5179719383047072
2024-12-16,SEN,0.5119144648393856
2024-12-17,SEN,0.5753929595654274
2024-12-18,SEN,0.4444746561947345
2024-12-19,SEN,0.48681422065527
2024-12-20,SEN,0.46887076318202087
2024-12-21,SEN,0.4702054686747095
2024-12-22,SEN,0.577012316761236
2024-12-23,SEN,0.5883471188382838
2024-12-24,SEN,0.5801829895013002
2024-12-25,SEN,0.5638870999979454
2024-12-26,SEN,0.5946190298172339
2024-12-27,SEN,0.574249965176871
2024-12-28,SEN,0.5599919464009481
2024-12-29,SEN,0.5825908771509409
2024-12-30,SEN,0.5857465205077966
2024-12-31,SEN,0.5770067837189546
2025-01-01,SEN,0.5293088536501114
2025-01-02,SEN,0.5273433178750351
2025-01-03,SEN,0.4815745486526013
2025-01-04,SEN,0.5224853243527596
2025-01-05,SEN,0.5440431451509775
2025-01-06,SEN,0.5592444506161783
2025-01-07,SEN,0.5259598510293221
2025-01-08,SEN,0.5057722767936003
2025-01-09,SEN,0.5184736239102954
2025-01-10,SEN,0.5312723532952714
2025-01-11,SEN,0.41035893404884305
2025-01-12,SEN,0.44802994127034224
2025-01-13,SEN,0.4617585105914969
2025-01-14,SEN,0.3926368272096472
2025-01-15,SEN,0.5037120223993321
2025-01-16,SEN,0.46001103717618985
2025-01-17,SEN,0.4613295865987237
2025-01-18,SEN,0.4671254985886551
2025-01-19,SEN,0.47779296047676023
2025-01-20,SEN,0.5004026136467327
2025-01-21,SEN,0.5050945803586163
2025-01-22,SEN,0.493171901485727
2025-01-23,SEN,0.4920414601189014
2025-01-24,SEN,0.5174151270107425
2025-01-25,SEN,0.5262288037370796
2025-01-26,SEN,0.5252324538357737
2025-01-27,SEN,0.5280158566357221
2025-01-28,SEN,0.5191485056020287
2025-01-29,SEN,0.49568652360162635
2025-01-30,SEN,0.5041795639362993
2025-01-31,SEN,0.48136358609184726
2025-02-01,SEN,0.5586570213065176
2025-02-02,SEN,0.5950328036406771
2025-02-03,SEN,0.5866333472895358
2025-02-04,SEN,0.5225465190223822
2025-02-05,SEN,0.5819150473538987
2025-02-06,SEN,0.5550524873116193
2025-02-07,SEN,0.5515434751267259
2025-02-08,SEN,0.4759259668058041
2025-02-09,SEN,0.4805771088024649
2025-02-10,SEN,0.48518698940890137
2025-02-11,SEN,0.4520468542521846
2025-02-12,SEN,0.502340572268028
2025-02-13,SEN,0.4568515100752216
2025-02-14,SEN,0.47884533599590834
2025-02-15,SEN,0.4490470671413146
2025-02-16,SEN,0.44439824780199827
2025-02-17,SEN,0.42772084965565527
2025-02-18,SEN,0.4447108581191986
2025-02-19,SEN,0.40364874975600656
2025-02-20,SEN,0.45257388979443236
2025-02-21,SEN,0.4624156201873572
2025-02-22,SEN,0.5405728297192919
2025-02-23,SEN,0.5522879472943739
2025-02-24,SEN,0.5599209065065881
2025-02-25,SEN,0.5526553899643344
2025-02-26,SEN,0.5609377133215093
2025-02-27,SEN,0.5235787837823962
2025-02-28,SEN,0.4684911649043419
2025-03-01,SEN,0.516211726401085
2025-03-02,SEN,0.5379966557825031
2025-03-03,SEN,0.5374298576405593
2025-03-04,SEN,0.5387455978479154
2025-03-05,SEN,0.5808007128960943
2025-03-06,SEN,0.5925884392290245
2025-03-07,SEN,0.5513568254211796
2025-03-08,SEN,0.5473883967570736
2025-03-09,SEN,0.5587112051365305
2025-03-10,SEN,0.5577832522598639
2025-03-11,SEN,0.5397835014943316
2025-03-12,SEN,0.5574825572039002
2025-03-13,SEN,0.5160772463616828
2025-03-14,SEN,0.5404019344760063
2025-03-15,SEN,0.5532324556265852
2025-03-16,SEN,0.5486165667744465
2025-03-17,SEN,0.559109722007592
2025-03-18,SEN,0.547844766345946
2025-03-19,SEN,0.5203964637970728
2025-03-20,SEN,0.5215228637783005
2025-03-21,SEN,0.5231674195822698
2025-03-22,SEN,0.4902960922525147
2025-03-23,SEN,0.5160000879923421
2025-03-24,SEN,0.5152697198197301
2025-03-25,SEN,0.5297074554610745
2025-03-26,SEN,0.5331701500155489
2025-03-27,SEN,0.5621131013026606
2025-03-28,SEN,0.5088262039380476
2024-07-01,CIV,0.6940696874549788
2024-07-02,CIV,0.6446480893935901
2024-07-03,CIV,0.6965845096516856
2024-07-04,CIV,0.35451588220297503
2024-07-05,CIV,0.31844960842700665
2024-07-06,CIV,0.31284471482390136
2024-07-07,CIV,0.32986279430607873
2024-07-08,CIV,0.35157395243950157
2024-07-09,CIV,0.410829231890493
2024-07-10,CIV,0.5881273024259825
2024-07-11,CIV,0.636321056401857
2024-07-12,CIV,0.8088190737250532
2024-07-13,CIV,0.9120470365362845
2024-07-14,CIV,0.895220160238657
2024-07-15,CIV,0.6822963041580469
2024-07-16,CIV,0.8115891489997312
2024-07-17,CIV,0.6187222256467695
2024-07-18,CIV,0.5900494604820816
2024-07-19,CIV,0.6310785800055688
2024-07-20,CIV,0.39553389885371487
2024-07-21,CIV,0.43531455698349786
2024-07-22,CIV,0.3947560965629688
2024-07-23,CIV,0.5197086682883476
2024-07-24,CIV,0.43887006381790317
2024-07-25,CIV,0.45760181272683126
2024-07-26,CIV,0.42330839299191664
2024-07-27,CIV,0.849143040149372
2024-07-28,CIV,0.8260248255978175
2024-07-29,CIV,0.831971276979311
2024-07-30,CIV,0.8133456578484551
2024-07-31,CIV,0.839635681594108
2024-08-01,CIV,0.8223830186283368
2024-08-02,CIV,0.8413506167067226
2024-08-03,CIV,0.776945608268762
2024-08-04,CIV,0.7718389430413294
2024-08-05,CIV,0.795935202229279
2024-08-06,CIV,0.779680505946925
2024-08-07,CIV,0.932418957982545
2024-08-08,CIV,0.7618883239799009
2024-08-09,CIV,0.773905530658761
2024-08-10,CIV,0.827524006572313
2024-08-11,CIV,0.7922950050000094
2024-08-12,CIV,0.8028416980899029
2024-08-13,CIV,0.8588201344124643
2024-08-14,CIV,0.771611030503968
2024-08-15,CIV,0.8671276483837221
2024-08-16,CIV,0.7357119789980467
2024-08-17,CIV,0.7260652304763316
2024-08-18,CIV,0.7505309641208552
2024-08-19,CIV,0.7553211681566149
2024-08-20,CIV,0.7076463718947862
2024-08-21,CIV,0.7035431265959103
2024-08-22,CIV,0.7412247784917799
2024-08-23,CIV,0.6218326751407977
2024-08-24,CIV,0.9059935074138762
2024-08-25,CIV,0.676307918387555
2024-08-26,CIV,0.7022983938971239
2024-08-27,CIV,0.6600888575742241
2024-08-28,CIV,0.6051712576149636
2024-08-29,CIV,0.552774731058123
2024-08-30,CIV,0.553013420783936
2024-08-31,CIV,0.6472724585063597
2024-09-01,CIV,0.8692150937605067
2024-09-02,CIV,0.6588547645753366
2024-09-03,CIV,0.6118845078964701
2024-09-04,CIV,0.5546533679940832
2024-09-05,CIV,0.7104304140205255
2024-09-06,CIV,0.690360541372646
2024-09-07,CIV,0.7563570083961713
2024-09-08,CIV,0.6931724992263454
2024-09-09,CIV,0.7680170935516324
2024-09-10,CIV,0.6767943716043376
2024-09-11,CIV,0.8356343249276503
2024-09-12,CIV,0.7049117364252202
2024-09-13,CIV,0.7555038256990632
2024-09-14,CIV,0.74604556215194
2024-09-15,CIV,0.8661780547079689
2024-09-16,CIV,0.7053108556728545
2024-09-17,CIV,0.7476203326247925
2024-09-18,CIV,0.6455898591724318
2024-09-19,CIV,0.9441805757724845
2024-09-20,CIV,0.8505842999674778
2024-09-21,CIV,0.7282535400879894
2024-09-22,CIV,0.7322938932710806
2024-09-23,CIV,0.6812159352693894
2024-09-24,CIV,0.7061242088858184
2024-09-25,CIV,0.7808227290691844
2024-09-26,CIV,0.41366462179368174
2024-09-27,CIV,0.5113006444362203
2024-09-28,CIV,0.37514058200893136
2024-09-29,CIV,0.4416288670873461
2024-09-30,CIV,0.393196265389007
2024-10-01,CIV,0.4091872295896864
2024-10-02,CIV,0.46072885809693626
2024-10-03,CIV,0.8174690062721987
2024-10-04,CIV,0.7102044923833736
2024-10-05,CIV,0.9477571821714839
2024-10-06,CIV,0.7219453863915909
2024-10-07,CIV,0.5498692381330542
2024-10-08,CIV,0.41982427548758006
2024-10-09,CIV,0.3950871938504279
2024-10-10,CIV,0.43498834014302873
2024-10-11,CIV,0.49940701417136224
2024-10-12,CIV,0.4424879654847048
2024-10-13,CIV,0.7389679769129481
2024-10-14,CIV,0.7622490788517888
2024-10-15,CIV,0.7938098126280269
2024-10-16,CIV,0.7286240129317694
2024-10-17,CIV,0.7532942374773895
2024-10-18,CIV,0.8797025669804299
2024-10-19,CIV,0.8526822243187417
2024-10-20,CIV,0.8269447403772942
2024-10-21,CIV,0.7749330285786533
2024-10-22,CIV,0.8011657817440233
2024-10-23,CIV,0.933791828675232
2024-10-24,CIV,0.7888344282956327
2024-10-25,CIV,0.815188465152297
2024-10-26,CIV,0.6696689924071774
2024-10-27,CIV,0.6685355921291604
2024-10-28,CIV,0.9519191836517207
2024-10-29,CIV,0.8505920967277246
2024-10-30,CIV,0.7339614744123393
2024-10-31,CIV,0.7671183857002211
2024-11-01,CIV,0.7695123113323848
2024-11-02,CIV,0.9504082665055475
2024-11-03,CIV,0.9498587648010711
2024-11-04,CIV,0.7944796849065576
2024-11-05,CIV,0.7051579729108841
2024-11-06,CIV,0.6574638789592878
2024-11-07,CIV,0.6479436024552533
2024-11-08,CIV,0.7160361934834609
2024-11-09,CIV,0.8607712510019445
2024-11-10,CIV,0.8345489864733171
2024-11-11,CIV,0.5644401108030559
2024-11-12,CIV,0.5243609889670141
2024-11-13,CIV,0.5343214590719444
2024-11-14,CIV,0.4444842606109809
2024-11-15,CIV,0.4138958161887106
2024-11-16,CIV,0.7006194048828882
2024-11-17,CIV,0.7100897101539296
2024-11-18,CIV,0.7389318417037032
2024-11-19,CIV,0.6540276638294826
2024-11-20,CIV,0.6768052622368154
2024-11-21,CIV,0.6765917168750829
2024-11-22,CIV,0.6553754429829567
2024-11-23,CIV,0.9280343711798176
2024-11-24,CIV,0.7903043496481028
2024-11-25,CIV,0.7446575314154775
2024-11-26,CIV,0.7914292605154031
2024-11-27,CIV,0.7863881523442001
2024-11-28,CIV,0.7932754768977237
2024-11-29,CIV,0.7408286714026207
2024-11-30,CIV,0.7936960844123743
2024-12-01,CIV,0.6935332668413153
2024-12-02,CIV,0.772525180648258
2024-12-03,CIV,0.6552642164976462
2024-12-04,CIV,0.7068178255953632
2024-12-05,CIV,0.6670659705602611
2024-12-06,CIV,0.6816611073424839
2024-12-07,CIV,0.7617750553554071
2024-12-08,CIV,0.6786868648121424
2024-12-09,CIV,0.34324090165020477
2024-12-10,CIV,0.3253152165164294
2024-12-11,CIV,0.3230468574477647
2024-12-12,CIV,0.4718681528105061
2024-12-13,CIV,0.31474309683794616
2024-12-14,CIV,0.31104045204626174
2024-12-15,CIV,0.3210880819024962
2024-12-16,CIV,0.632083186697516
2024-12-17,CIV,0.8453252753039795
2024-12-18,CIV,0.735607374219056
2024-12-19,CIV,0.6672714187126148
2024-12-20,CIV,0.6531163990252833
2024-12-21,CIV,0.6929912243331628
2024-12-22,CIV,0.7232824541408271
2024-12-23,CIV,0.6835493863698914
2024-12-24,CIV,0.7199443456634392
2024-12-25,CIV,0.9279199036513641
2024-12-26,CIV,0.7203509324399251
2024-12-27,CIV,0.8979679934973812
2024-12-28,CIV,0.7150903594435783
2024-12-29,CIV,0.7519904049161289
2024-12-30,CIV,0.8841763304165858
2024-12-31,CIV,0.8530671869998121
2025-01-01,CIV,0.6512438824699087
2025-01-02,CIV,0.5621537449094172
2025-01-03,CIV,0.6432228989968175
2025-01-04,CIV,0.6738131059972395
2025-01-05,CIV,0.900194318648078
2025-01-06,CIV,0.6594108752041188
2025-01-07,CIV,0.5817248735567987
2025-01-08,CIV,0.3542665508401768
2025-01-09,CIV,0.3489803337280027
2025-01-10,CIV,0.350397557454148
2025-01-11,CIV,0.33176956995480383
2025-01-12,CIV,0.31437494266705185
2025-01-13,CIV,0.6419534820975342
2025-01-14,CIV,0.5424015536229587
2025-01-15,CIV,0.6741075135120821
2025-01-16,CIV,0.5222191653660755
2025-01-17,CIV,0.6430320124332823
2025-01-18,CIV,0.6820859078209346
2025-01-19,CIV,0.6566916620759842
2025-01-20,CIV,0.6712543571960522
2025-01-21,CIV,0.8921665204946978
2025-01-22,CIV,0.743734789903501
2025-01-23,CIV,0.6344643396067575
2025-01-24,CIV,0.6348201359508612
2025-01-25,CIV,0.5968750131561505
2025-01-26,CIV,0.6151953061006298
2025-01-27,CIV,0.7232255146865146
2025-01-28,CIV,0.6115319536549206
2025-01-29,CIV,0.6504568907240214
2025-01-30,CIV,0.6259469162736933
2025-01-31,CIV,0.5757323541522884
2025-02-01,CIV,0.6166890120520674
2025-02-02,CIV,0.6951837697649386
2025-02-03,CIV,0.7008964992252535
2025-02-04,CIV,0.7285420175756313
2025-02-05,CIV,0.8035356052240893
2025-02-06,CIV,0.7199308842850565
2025-02-07,CIV,0.6977280501648304
2025-02-08,CIV,0.6564934305358662
2025-02-09,CIV,0.6668832460670822
2025-02-10,CIV,0.6094863522752996
2025-02-11,CIV,0.592542434806691
2025-02-12,CIV,0.599044417280599
2025-02-13,CIV,0.59712678533877
2025-02-14,CIV,0.6610885421009832
2025-02-15,CIV,0.5551734019499728
2025-02-16,CIV,0.8645058427313775
2025-02-17,CIV,0.6489023807051967
2025-02-18,CIV,0.6228378391420649
2025-02-19,CIV,0.5699362069843067
2025-02-20,CIV,0.7422315185124723
2025-02-21,CIV,0.6874056253786912
2025-02-22,CIV,0.6943886446222474
2025-02-23,CIV,0.3247032139453313
2025-02-24,CIV,0.3380098603106434
2025-02-25,CIV,0.3301471673792975
2025-02-26,CIV,0.376766363072234
2025-02-27,CIV,0.33241937195131943
2025-02-28,CIV,0.3089175876613531
2025-03-01,CIV,0.3179638429310209
2025-03-02,CIV,0.6088001854345403
2025-03-03,CIV,0.6437582605562566
2025-03-04,CIV,0.6051278884353699
2025-03-05,CIV,0.7145818110839486
2025-03-06,CIV,0.6382101505491724
2025-03-07,CIV,0.5768005008183154
2025-03-08,CIV,0.5628978560069972
2025-03-09,CIV,0.49381832054456526
2025-03-10,CIV,0.5209613972306276
2025-03-11,CIV,0.5269434381193129
2025-03-12,CIV,0.6975813963623266
2025-03-13,CIV,0.5305840122709413
2025-03-14,CIV,0.6906138370786145
2025-03-15,CIV,0.899110552985767
2025-03-16,CIV,0.6031579227173505
2025-03-17,CIV,0.6055669208498059
2025-03-18,CIV,0.5894244354364468
2025-03-19,CIV,0.6476011749938336
2025-03-20,CIV,0.665750850240588
2025-03-21,CIV,0.6217851773344903
2025-03-22,CIV,0.32700268124025506
2025-03-23,CIV,0.32529682799781495
2025-03-24,CIV,0.3283649387158396
2025-03-25,CIV,0.335539527215694
2025-03-26,CIV,0.3459000600360013
2025-03-27,CIV,0.3445900827244175
2025-03-28,CIV,0.3406202357655317
2024-07-01,SLE,0.626498048140242
2024-07-02,SLE,0.46944017425133167
2024-07-03,SLE,0.5691284489875955
2024-07-04,SLE,0.4585073958618498
2024-07-05,SLE,0.48995207771558763
2024-07-06,SLE,0.4894185168324194
2024-07-07,SLE,0.7839789339848108
2024-07-08,SLE,0.6310078901647049
2024-07-09,SLE,0.537783069667927
2024-07-10,SLE,0.5043465852621348
2024-07-11,SLE,0.5222259378842857
2024-07-12,SLE,0.49425843448203055
2024-07-13,SLE,0.5852201792487568
2024-07-14,SLE,0.5101822836556081
2024-07-15,SLE,0.7359883694498429
2024-07-16,SLE,0.5204035224276178
2024-07-17,SLE,0.5023312359983015
2024-07-18,SLE,0.44756463825029724
2024-07-19,SLE,0.4836879010093116
2024-07-20,SLE,0.5523749974659551
2024-07-21,SLE,0.5113829989317907
2024-07-22,SLE,0.5332108861059888
2024-07-23,SLE,0.6396716532014992
2024-07-24,SLE,0.5754669847827716
2024-07-25,SLE,0.9500998398417586
2024-07-26,SLE,0.5032503957643504
2024-07-27,SLE,0.5431763169236281
2024-07-28,SLE,0.5254199057475833
2024-07-29,SLE,0.5234835495125828
2024-07-30,SLE,0.5347699360195067
2024-07-31,SLE,0.462074028828294
2024-08-01,SLE,0.5121833519887843
2024-08-02,SLE,0.4931914222549403
2024-08-03,SLE,0.6610178655817643
2024-08-04,SLE,0.4940983725598971
2024-08-05,SLE,0.5300749357568607
2024-08-06,SLE,0.6252555495853577
2024-08-07,SLE,0.4390639116752465
2024-08-08,SLE,0.44115059699346676
2024-08-09,SLE,0.43221256376259304
2024-08-10,SLE,0.7691483346542581
2024-08-11,SLE,0.6797904173278593
2024-08-12,SLE,0.4983722682287722
2024-08-13,SLE,0.5048570516426345
2024-08-14,SLE,0.5576060725763888
2024-08-15,SLE,0.5889858157364983
2024-08-16,SLE,0.5370579126913638
2024-08-17,SLE,0.5044831797181831
2024-08-18,SLE,0.6617910390260087
2024-08-19,SLE,0.4402783114790304
2024-08-20,SLE,0.42925209850004814
2024-08-21,SLE,0.46083335249333135
2024-08-22,SLE,0.4449158738064294
2024-08-23,SLE,0.40881785114921804
2024-08-24,SLE,0.4142991439776791
2024-08-25,SLE,0.511021548536943
2024-08-26,SLE,0.44163700116760995
2024-08-27,SLE,0.46528170025403714
2024-08-28,SLE,0.5594639643665095
2024-08-29,SLE,0.5214053765298803
2024-08-30,SLE,0.5012152408566906
2024-08-31,SLE,0.5557653054049836
2024-09-01,SLE,0.5819863494912764
2024-09-02,SLE,0.586232590048993
2024-09-03,SLE,0.6183770927673701
2024-09-04,SLE,0.4317408029505802
2024-09-05,SLE,0.5140906798022034
2024-09-06,SLE,0.534318118668308
2024-09-07,SLE,0.4770920029630491
2024-09-08,SLE,0.5214657566286911
2024-09-09,SLE,0.5136797219881198
2024-09-10,SLE,0.5660132986556894
2024-09-11,SLE,0.4687574856143488
2024-09-12,SLE,0.5222539728490879
2024-09-13,SLE,0.5182585376282736
2024-09-14,SLE,0.5207636102385894
2024-09-15,SLE,0.5520450208534582
2024-09-16,SLE,0.5169047860809604
2024-09-17,SLE,0.4917180470858109
2024-09-18,SLE,0.45980126465252996
2024-09-19,SLE,0.5243597853762672
2024-09-20,SLE,0.48083907696263906
2024-09-21,SLE,0.7488711255302967
2024-09-22,SLE,0.539316723364059
2024-09-23,SLE,0.520815369848795
2024-09-24,SLE,0.5412770846425229
2024-09-25,SLE,0.6338670697548944
2024-09-26,SLE,0.5373910694573382
2024-09-27,SLE,0.521560968571769
2024-09-28,SLE,0.5624714108537606
2024-09-29,SLE,0.7890192948147972
2024-09-30,SLE,0.5064220285738775
2024-10-01,SLE,0.5049397505691147
2024-10-02,SLE,0.4205727709728773
2024-10-03,SLE,0.4813105833323895
2024-10-04,SLE,0.4145676937195732
2024-10-05,SLE,0.5591871700839331
2024-10-06,SLE,0.5013616718639634
2024-10-07,SLE,0.49627553876925423
2024-10-08,SLE,0.41560666590545264
2024-10-09,SLE,0.47009541368937147
2024-10-10,SLE,0.6285927750118815
2024-10-11,SLE,0.5328578133304905
2024-10-12,SLE,0.5809729258486332
2024-10-13,SLE,0.571015987676278
2024-10-14,SLE,0.5856847831977077
2024-10-15,SLE,0.6324416952359034
2024-10-16,SLE,0.5954555991625513
2024-10-17,SLE,0.6229599705224028
2024-10-18,SLE,0.598293468070449
2024-10-19,SLE,0.5900680381734278
2024-10-20,SLE,0.6009738299642958
2024-10-21,SLE,0.6879355106202149
2024-10-22,SLE,0.5196488687284826
2024-10-23,SLE,0.4973773030653452
2024-10-24,SLE,0.4984163759562737
2024-10-25,SLE,0.5004869001017982
2024-10-26,SLE,0.48039890053757195
2024-10-27,SLE,0.4624128312884604
2024-10-28,SLE,0.48101140307966844
2024-10-29,SLE,0.6421069426105944
2024-10-30,SLE,0.5447951233297081
2024-10-31,SLE,0.5310754871893579
2024-11-01,SLE,0.4449086936317137
2024-11-02,SLE,0.5506971148197523
2024-11-03,SLE,0.5334375989192758
2024-11-04,SLE,0.5936791409419148
2024-11-05,SLE,0.45895500471483097
2024-11-06,SLE,0.5061012174973432
2024-11-07,SLE,0.49794952553688276
2024-11-08,SLE,0.5516038405019973
2024-11-09,SLE,0.5878596855833276
2024-11-10,SLE,0.5844602334997151
2024-11-11,SLE,0.7700787781991205
2024-11-12,SLE,0.5178367067647117
2024-11-13,SLE,0.5441380559066812
2024-11-14,SLE,0.5773532727213725
2024-11-15,SLE,0.5499832772375537
2024-11-16,SLE,0.4631179457279495
2024-11-17,SLE,0.45573299374895027
2024-11-18,SLE,0.49612599272473135
2024-11-19,SLE,0.43907742618452433
2024-11-20,SLE,0.44635729445839367
2024-11-21,SLE,0.4238969114484083
2024-11-22,SLE,0.4032831472525006
2024-11-23,SLE,0.4539922519502564
2024-11-24,SLE,0.4844782374132172
2024-11-25,SLE,0.4803659879254047
2024-11-26,SLE,0.5011279964259064
2024-11-27,SLE,0.5765780918978476
2024-11-28,SLE,0.522552586970095
2024-11-29,SLE,0.497224129651783
2024-11-30,SLE,0.9461456375916955
2024-12-01,SLE,0.5352388357389677
2024-12-02,SLE,0.5959224514346009
2024-12-03,SLE,0.581115150161251
2024-12-04,SLE,0.3040989166637219
2024-12-05,SLE,0.29738923248837124
2024-12-06,SLE,0.2805056781938927
2024-12-07,SLE,0.29140267121462565
2024-12-08,SLE,0.2993252908848863
2024-12-09,SLE,0.28960290759995905
2024-12-10,SLE,0.2795303971253589
2024-12-11,SLE,0.45610455750037815
2024-12-12,SLE,0.39033535415037485
2024-12-13,SLE,0.5120040296799927
2024-12-14,SLE,0.734030412372076
2024-12-15,SLE,0.5423506314872801
2024-12-16,SLE,0.6081660090836646
2024-12-17,SLE,0.6238004203729507
2024-12-18,SLE,0.6302163496684873
2024-12-19,SLE,0.8389203721118461
2024-12-20,SLE,0.6172282848509116
2024-12-21,SLE,0.634234526156425
2024-12-22,SLE,0.6665380468000663
2024-12-23,SLE,0.6692913127319466
2024-12-24,SLE,0.7047663626101083
2024-12-25,SLE,0.7329975675747252
2024-12-26,SLE,0.7620782985460276
2024-12-27,SLE,0.767568946462073
2024-12-28,SLE,0.7189279290466395
2024-12-29,SLE,0.7364507284279621
2024-12-30,SLE,0.691864272820041
2024-12-31,SLE,0.7078934407893683
2025-01-01,SLE,0.6820384573397685
2025-01-02,SLE,0.6309118674021547
2025-01-03,SLE,0.5781737460910391
2025-01-04,SLE,0.5662209268671298
2025-01-05,SLE,0.5888430246835286
2025-01-06,SLE,0.6574680075656982
2025-01-07,SLE,0.5239607795463248
2025-01-08,SLE,0.5311156778829124
2025-01-09,SLE,0.5456928577375683
2025-01-10,SLE,0.5490637903223045
2025-01-11,SLE,0.9271238344188946
2025-01-12,SLE,0.7016055407668996
2025-01-13,SLE,0.4955578800113359
2025-01-14,SLE,0.4115777535412446
2025-01-15,SLE,0.5095093603105486
2025-01-16,SLE,0.441865223678507
2025-01-17,SLE,0.4530081984085906
2025-01-18,SLE,0.4737184595458544
2025-01-19,SLE,0.469206714329038
2025-01-20,SLE,0.663487394516095
2025-01-21,SLE,0.5188021831173691
2025-01-22,SLE,0.5026646199524581
2025-01-23,SLE,0.5115642682209584
2025-01-24,SLE,0.5336198294446372
2025-01-25,SLE,0.48855606954212827
2025-01-26,SLE,0.5010497248045496
2025-01-27,SLE,0.4893178253630794
2025-01-28,SLE,0.4867620048873068
2025-01-29,SLE,0.4815779752172469
2025-01-30,SLE,0.513070657117509
2025-01-31,SLE,0.49403440017809824
2025-02-01,SLE,0.8152790485243119
2025-02-02,SLE,0.5428614949351958
2025-02-03,SLE,0.5256418587793343
2025-02-04,SLE,0.5490291347330581
2025-02-05,SLE,0.6082968004025773
2025-02-06,SLE,0.5253812170749514
2025-02-07,SLE,0.5034272445762477
2025-02-08,SLE,0.4677386164505287
2025-02-09,SLE,0.4592489725933875
2025-02-10,SLE,0.9480414054576568
2025-02-11,SLE,0.394044741944805
2025-02-12,SLE,0.45402672636715485
2025-02-13,SLE,0.4163525894505793
2025-02-14,SLE,0.450546486324519
2025-02-15,SLE,0.41168746944753143
2025-02-16,SLE,0.38535470709005953
2025-02-17,SLE,0.29410393440304433
2025-02-18,SLE,0.29680119112627557
2025-02-19,SLE,0.28173656830429883
2025-02-20,SLE,0.2818520824024201
2025-02-21,SLE,0.27091741759424587
2025-02-22,SLE,0.2712932818809588
2025-02-23,SLE,0.2916139207293237
2025-02-24,SLE,0.4282314733990315
2025-02-25,SLE,0.4387861523544576
2025-02-26,SLE,0.43851501206497184
2025-02-27,SLE,0.4734624020030057
2025-02-28,SLE,0.47257492019059283
2025-03-01,SLE,0.5296882467151247
2025-03-02,SLE,0.5327641343564166
2025-03-03,SLE,0.607585160708794
2025-03-04,SLE,0.5595286201532389
2025-03-05,SLE,0.5855100796091349
2025-03-06,SLE,0.5500198923197902
2025-03-07,SLE,0.4630909059517835
2025-03-08,SLE,0.49532768154566537
2025-03-09,SLE,0.4937607661608533
2025-03-10,SLE,0.5272174975348954
2025-03-11,SLE,0.522656413108804
2025-03-12,SLE,0.6164597013028408
2025-03-13,SLE,0.5567411706828839
2025-03-14,SLE,0.6266372076098576
2025-03-15,SLE,0.7075502122980714
2025-03-16,SLE,0.6778882826966595
2025-03-17,SLE,0.6893436807951022
2025-03-18,SLE,0.6541833066260603
2025-03-19,SLE,0.5115126112106488
2025-03-20,SLE,0.5312691337965495
2025-03-21,SLE,0.4677782559879492
2025-03-22,SLE,0.49279515660935796
2025-03-23,SLE,0.4964998017031163
2025-03-24,SLE,0.5039093800004177
2025-03-25,SLE,0.49726377520065546
2025-03-26,SLE,0.5232922462711255
2025-03-27,SLE,0.5139621548310758
2025-03-28,SLE,0.46165801380086063
2024-07-01,TGO,0.3599688915834695
2024-07-02,TGO,0.3344788647605532
2024-07-03,TGO,0.3107301288402693
2024-07-04,TGO,0.32116200414711177
2024-07-05,TGO,0.31696587140518173
2024-07-06,TGO,0.31836213503068117
2024-07-07,TGO,0.3492574655109365
2024-07-08,TGO,0.33437725470759827
2024-07-09,TGO,0.6195298451947132
2024-07-10,TGO,0.6140348770083508
2024-07-11,TGO,0.6716030682455096
2024-07-12,TGO,0.6091619341947215
2024-07-13,TGO,0.6506962404552438
2024-07-14,TGO,0.7024953494898502
2024-07-15,TGO,0.7021281372718847
2024-07-16,TGO,0.7469263342252995
2024-07-17,TGO,0.7164963596091517
2024-07-18,TGO,0.6391233945762328
2024-07-19,TGO,0.9426662993162939
2024-07-20,TGO,0.9580167743221225
2024-07-21,TGO,0.9016478377212604
2024-07-22,TGO,0.8063746113204302
2024-07-23,TGO,0.8146903201533978
2024-07-24,TGO,0.8199756173402897
2024-07-25,TGO,0.8006344547059453
2024-07-26,TGO,0.944310191744033
2024-07-27,TGO,0.2225393989121455
2024-07-28,TGO,0.21894719546887798
2024-07-29,TGO,0.2095007547071756
2024-07-30,TGO,0.21017490465957103
2024-07-31,TGO,0.20962756992364182
2024-08-01,TGO,0.20467034690765695
2024-08-02,TGO,0.2095631649588703
2024-08-03,TGO,0.3531056342928651
2024-08-04,TGO,0.37052960434673243
2024-08-05,TGO,0.3964186573166785
2024-08-06,TGO,0.8929623680216981
2024-08-07,TGO,0.8638685813046943
2024-08-08,TGO,0.40637924047237595
2024-08-09,TGO,0.5565839491256785
2024-08-10,TGO,0.7127669698957324
2024-08-11,TGO,0.6743644849770402
2024-08-12,TGO,0.7182047882210566
2024-08-13,TGO,0.4715137330122362
2024-08-14,TGO,0.47283233252558343
2024-08-15,TGO,0.9444197121318089
2024-08-16,TGO,0.799883209260826
2024-08-17,TGO,0.4824848600096808
2024-08-18,TGO,0.4685736852100018
2024-08-19,TGO,0.5923637478666706
2024-08-20,TGO,0.6279403901616614
2024-08-21,TGO,0.6857701731587582
2024-08-22,TGO,0.6596546435379272
2024-08-23,TGO,0.6768376727219862
2024-08-24,TGO,0.6768709873182958
2024-08-25,TGO,0.8386171355844331
2024-08-26,TGO,0.6148388876914042
2024-08-27,TGO,0.6385164961179385
2024-08-28,TGO,0.6854001464002116
2024-08-29,TGO,0.6851668832330293
2024-08-30,TGO,0.6990572774246729
2024-08-31,TGO,0.7394286334729254
2024-09-01,TGO,0.7198192199935126
2024-09-02,TGO,0.7315652500890665
2024-09-03,TGO,0.7203040530803713
2024-09-04,TGO,0.8024667289968936
2024-09-05,TGO,0.64425403019275
2024-09-06,TGO,0.6071217197742378
2024-09-07,TGO,0.594153290462153
2024-09-08,TGO,0.6089497330006899
2024-09-09,TGO,0.6567386452901254
2024-09-10,TGO,0.6641874799958838
2024-09-11,TGO,0.6397863741135481
2024-09-12,TGO,0.5569332948787302
2024-09-13,TGO,0.5148361401667472
2024-09-14,TGO,0.5832101755653941
2024-09-15,TGO,0.5477795829546863
2024-09-16,TGO,0.6115833196528875
2024-09-17,TGO,0.571913860302268
2024-09-18,TGO,0.5308086575906061
2024-09-19,TGO,0.5880346509630682
2024-09-20,TGO,0.5430167202397705
2024-09-21,TGO,0.5002926140388261
2024-09-22,TGO,0.5404256085966246
2024-09-23,TGO,0.9485898121562794
2024-09-24,TGO,0.5551602723245208
2024-09-25,TGO,0.5607899522311605
2024-09-26,TGO,0.5630614700104596
2024-09-27,TGO,0.5617662393654983
2024-09-28,TGO,0.608305670033181
2024-09-29,TGO,0.530032568909968
2024-09-30,TGO,0.421502457351893
2024-10-01,TGO,0.41586282916165485
2024-10-02,TGO,0.9269291753323237
2024-10-03,TGO,0.6160746922474397
2024-10-04,TGO,0.5671673503410571
2024-10-05,TGO,0.421651325473207
2024-10-06,TGO,0.3816254394404954
2024-10-07,TGO,0.45852702466301076
2024-10-08,TGO,0.42327978433052615
2024-10-09,TGO,0.25312335042253337
2024-10-10,TGO,0.23908163330455626
2024-10-11,TGO,0.23264745287329122
2024-10-12,TGO,0.23125410844672994
2024-10-13,TGO,0.24651404124514828
2024-10-14,TGO,0.23567566851094157
2024-10-15,TGO,0.2261914282007592
2024-10-16,TGO,0.6991984699712903
2024-10-17,TGO,0.5063784804081876
2024-10-18,TGO,0.6734989804040387
2024-10-19,TGO,0.9212681578173001
2024-10-20,TGO,0.909586842787316
2024-10-21,TGO,0.6066508346298843
2024-10-22,TGO,0.5677606384336621
2024-10-23,TGO,0.6641847914317608
2024-10-24,TGO,0.6686422173884652
2024-10-25,TGO,0.8890372660225109
2024-10-26,TGO,0.5040290307139133
2024-10-27,TGO,0.5603398224845259
2024-10-28,TGO,0.6420102885217789
2024-10-29,TGO,0.49115211593738656
2024-10-30,TGO,0.5066913176319274
2024-10-31,TGO,0.5377820153961106
2024-11-01,TGO,0.37411145714444394
2024-11-02,TGO,0.5934925815004458
2024-11-03,TGO,0.32462217748294714
2024-11-04,TGO,0.3223203894490554
2024-11-05,TGO,0.31512078883202876
2024-11-06,TGO,0.3193929396607164
2024-11-07,TGO,0.3073879685137647
2024-11-08,TGO,0.6286577397142283
2024-11-09,TGO,0.9443314797911662
2024-11-10,TGO,0.7177821360981776
2024-11-11,TGO,0.6525563089529015
2024-11-12,TGO,0.4714711644559306
2024-11-13,TGO,0.5216410832634014
2024-11-14,TGO,0.9187755790074433
2024-11-15,TGO,0.890591248485011
2024-11-16,TGO,0.3042623432080917
2024-11-17,TGO,0.28909288368686953
2024-11-18,TGO,0.2797346071048159
2024-11-19,TGO,0.7873084891530059
2024-11-20,TGO,0.6723324956178992
2024-11-21,TGO,0.2791745923180585
2024-11-22,TGO,0.27766480598231585
2024-11-23,TGO,0.5459814410069357
2024-11-24,TGO,0.7693649321552263
2024-11-25,TGO,0.5568997106969011
2024-11-26,TGO,0.5086027842961645
2024-11-27,TGO,0.49185350492544877
2024-11-28,TGO,0.4889006151052739
2024-11-29,TGO,0.6946332564067434
2024-11-30,TGO,0.6171282404546415
2024-12-01,TGO,0.5029864832868584
2024-12-02,TGO,0.4795105232842949
2024-12-03,TGO,0.5563295100028725
2024-12-04,TGO,0.6850962760390124
2024-12-05,TGO,0.7057057352215936
2024-12-06,TGO,0.6968543335663813
2024-12-07,TGO,0.6816210347152354
2024-12-08,TGO,0.6859881286438839
2024-12-09,TGO,0.7148863668374827
2024-12-10,TGO,0.7368719923410938
2024-12-11,TGO,0.7021707802028752
2024-12-12,TGO,0.6274894208276768
2024-12-13,TGO,0.6673791928249793
2024-12-14,TGO,0.6619226086364676
2024-12-15,TGO,0.7517703768259005
2024-12-16,TGO,0.599046550406818
2024-12-17,TGO,0.5738394746152986
2024-12-18,TGO,0.5583435388361185
2024-12-19,TGO,0.5753436224731439
2024-12-20,TGO,0.6293332259059785
2024-12-21,TGO,0.5336277496750255
2024-12-22,TGO,0.6052782968362076
2024-12-23,TGO,0.6050170334810868
2024-12-24,TGO,0.6036957414918395
2024-12-25,TGO,0.6379302480982185
2024-12-26,TGO,0.4856887881920043
2024-12-27,TGO,0.5269078509845294
2024-12-28,TGO,0.5016808243744466
2024-12-29,TGO,0.5266296233254831
2024-12-30,TGO,0.5247673566333391
2024-12-31,TGO,0.516485911638041
2025-01-01,TGO,0.5969590815231642
2025-01-02,TGO,0.909318976826268
2025-01-03,TGO,0.4838876922624173
2025-01-04,TGO,0.7866785445735854
2025-01-05,TGO,0.6246319851759882
2025-01-06,TGO,0.5521729599881051
2025-01-07,TGO,0.5910408465823815
2025-01-08,TGO,0.5129928059390592
2025-01-09,TGO,0.525169517094772
2025-01-10,TGO,0.5129945484306249
2025-01-11,TGO,0.3765507695791649
2025-01-12,TGO,0.8722696746505938
2025-01-13,TGO,0.44739784463782434
2025-01-14,TGO,0.577962236810844
2025-01-15,TGO,0.5447674352325903
2025-01-16,TGO,0.46082107463261573
2025-01-17,TGO,0.4680740784062625
2025-01-18,TGO,0.44929590920346046
2025-01-19,TGO,0.8274991671523144
2025-01-20,TGO,0.3897959605024041
2025-01-21,TGO,0.4016584428266235
2025-01-22,TGO,0.39299674659288714
2025-01-23,TGO,0.3563891744590344
2025-01-24,TGO,0.35025819743282216
2025-01-25,TGO,0.34358797392719465
2025-01-26,TGO,0.28933384193602657
2025-01-27,TGO,0.29234086350254485
2025-01-28,TGO,0.2910068698399755
2025-01-29,TGO,0.29463277800219395
2025-01-30,TGO,0.29449176850143644
2025-01-31,TGO,0.29388466179430545
2025-02-01,TGO,0.34621895783142925
2025-02-02,TGO,0.5045654454914282
2025-02-03,TGO,0.5389851354954468
2025-02-04,TGO,0.5566105884147083
2025-02-05,TGO,0.6422439971374495
2025-02-06,TGO,0.6053992154759977
2025-02-07,TGO,0.5498865251942985
2025-02-08,TGO,0.5976552283496193
2025-02-09,TGO,0.6687189962881854
2025-02-10,TGO,0.6487950799991673
2025-02-11,TGO,0.5915411698162798
2025-02-12,TGO,0.6530663271959811
2025-02-13,TGO,0.6138507573713338
2025-02-14,TGO,0.6664523720970108
2025-02-15,TGO,0.6245850393518482
2025-02-16,TGO,0.5446207826284319
2025-02-17,TGO,0.4858627168992022
2025-02-18,TGO,0.48101106148946443
2025-02-19,TGO,0.42472523200970336
2025-02-20,TGO,0.45246922166506837
2025-02-21,TGO,0.435000082773474
2025-02-22,TGO,0.4788074913619108
2025-02-23,TGO,0.5292332613446057
2025-02-24,TGO,0.5306415392567204
2025-02-25,TGO,0.4485008114451638
2025-02-26,TGO,0.46558257010896426
2025-02-27,TGO,0.45244661072312253
2025-02-28,TGO,0.4418338354649217
2025-03-01,TGO,0.4793260358720267
2025-03-02,TGO,0.5438496817545939
2025-03-03,TGO,0.5332981234583967
2025-03-04,TGO,0.5084576863609113
2025-03-05,TGO,0.5588862038551758
2025-03-06,TGO,0.5863465777392717
2025-03-07,TGO,0.570735276636435
2025-03-08,TGO,0.5162049352349493
2025-03-09,TGO,0.5158354777420999
2025-03-10,TGO,0.4944563883695113
2025-03-11,TGO,0.44225651681575273
2025-03-12,TGO,0.5046164810158947
2025-03-13,TGO,0.4558696045052279
2025-03-14,TGO,0.45544259833832684
2025-03-15,TGO,0.520216566828922
2025-03-16,TGO,0.5008651708437586
2025-03-17,TGO,0.49661003259569914
2025-03-18,TGO,0.5039980609113014
2025-03-19,TGO,0.4674556122077047
2025-03-20,TGO,0.46239799817572574
2025-03-21,TGO,0.43787864839696
2025-03-22,TGO,0.4236686583490962
2025-03-23,TGO,0.4560926884128877
2025-03-24,TGO,0.473910569532887
2025-03-25,TGO,0.499861104237683
2025-03-26,TGO,0.5070922547534067
2025-03-27,TGO,0.5048601959508965
2025-03-28,TGO,0.4635108088965739
2024-07-01,COD,0.3983724932863806
2024-07-02,COD,0.3781857066206045
2024-07-03,COD,0.7687312279158338
2024-07-04,COD,0.4427643172342775
2024-07-05,COD,0.31181613155458887
2024-07-06,COD,0.31132199260577564
2024-07-07,COD,0.2673946619255423
2024-07-08,COD,0.28314808328188534
2024-07-09,COD,0.2616782389202526
2024-07-10,COD,0.2924960492564955
2024-07-11,COD,0.7739857893165115
2024-07-12,COD,0.4124044760499433
2024-07-13,COD,0.8991918171340082
2024-07-14,COD,0.8262592879364457
2024-07-15,COD,0.890494830521801
2024-07-16,COD,0.86817807223823
2024-07-17,COD,0.8666055599024158
2024-07-18,COD,0.5225026477228584
2024-07-19,COD,0.8461495582829027
2024-07-20,COD,0.2904793758989599
2024-07-21,COD,0.23406841340014284
2024-07-22,COD,0.2299905377685359
2024-07-23,COD,0.2923797812410702
2024-07-24,COD,0.22041407826318837
2024-07-25,COD,0.2450356728500196
2024-07-26,COD,0.23544740631961433
2024-07-27,COD,0.4160429853819132
2024-07-28,COD,0.44565364369174637
2024-07-29,COD,0.331753411721449
2024-07-30,COD,0.3290904257759534
2024-07-31,COD,0.2311918037562513
2024-08-01,COD,0.22133439520173204
2024-08-02,COD,0.23407206226167182
2024-08-03,COD,0.22112148340133397
2024-08-04,COD,0.2121908680095904
2024-08-05,COD,0.20781875270817737
2024-08-06,COD,0.2197147861367235
2024-08-07,COD,0.2821144137948528
2024-08-08,COD,0.32942944537443114
2024-08-09,COD,0.4771820220410193
2024-08-10,COD,0.7646714705457786
2024-08-11,COD,0.46626272741241465
2024-08-12,COD,0.5547718814122198
2024-08-13,COD,0.6984952517089361
2024-08-14,COD,0.8087327489284684
2024-08-15,COD,0.8804629997527483
2024-08-16,COD,0.7958997184270343
2024-08-17,COD,0.43072718452715786
2024-08-18,COD,0.4694415129411401
2024-08-19,COD,0.5455939581405166
2024-08-20,COD,0.7093944029234621
2024-08-21,COD,0.3400758336752372
2024-08-22,COD,0.2968425507780621
2024-08-23,COD,0.38910152597011627
2024-08-24,COD,0.4547618098792096
2024-08-25,COD,0.34174292754257674
2024-08-26,COD,0.3516623123313067
2024-08-27,COD,0.42889889872362513
2024-08-28,COD,0.7552473172011012
2024-08-29,COD,0.5552349416073632
2024-08-30,COD,0.7729801585795578
2024-08-31,COD,0.6061323245739266
2024-09-01,COD,0.6045145962302585
2024-09-02,COD,0.47933247718787114
2024-09-03,COD,0.5609308256767337
2024-09-04,COD,0.4428372179459624
2024-09-05,COD,0.3724593501955235
2024-09-06,COD,0.34089143838529806
2024-09-07,COD,0.2944541792185705
2024-09-08,COD,0.5596182975796251
2024-09-09,COD,0.4147735401310777
2024-09-10,COD,0.4868277441429479
2024-09-11,COD,0.6554394004383124
2024-09-12,COD,0.6642911216394555
2024-09-13,COD,0.7052823403840539
2024-09-14,COD,0.4274161030437043
2024-09-15,COD,0.41162661085796615
2024-09-16,COD,0.8143051983316326
2024-09-17,COD,0.3870601793898423
2024-09-18,COD,0.4554447736736811
2024-09-19,COD,0.7360727763266819
2024-09-20,COD,0.45253049442563326
2024-09-21,COD,0.5033918592594365
2024-09-22,COD,0.7475235979581906
2024-09-23,COD,0.7871258749915658
2024-09-24,COD,0.674888916108598
2024-09-25,COD,0.7114636005171864
2024-09-26,COD,0.5816148219045318
2024-09-27,COD,0.4128458281537995
2024-09-28,COD,0.3174627910207304
2024-09-29,COD,0.37070887789434603
2024-09-30,COD,0.254720881020229
2024-10-01,COD,0.2566259417636462
2024-10-02,COD,0.23852990455123105
2024-10-03,COD,0.25397908501770233
2024-10-04,COD,0.24090502811912837
2024-10-05,COD,0.32729757144187327
2024-10-06,COD,0.2500500979456848
2024-10-07,COD,0.31989621374948757
2024-10-08,COD,0.7811653801246666
2024-10-09,COD,0.5053490492875276
2024-10-10,COD,0.4902095811600933
2024-10-11,COD,0.5815059554805091
2024-10-12,COD,0.36196005609052745
2024-10-13,COD,0.44855152489249966
2024-10-14,COD,0.6799427579703314
2024-10-15,COD,0.4023261895174201
2024-10-16,COD,0.2950845233679219
2024-10-17,COD,0.2528429248513509
2024-10-18,COD,0.5891277518940389
2024-10-19,COD,0.32646617608251777
2024-10-20,COD,0.39190305322243457
2024-10-21,COD,0.245099893456394
2024-10-22,COD,0.40469747282590673
2024-10-23,COD,0.838618507381165
2024-10-24,COD,0.7120555745042573
2024-10-25,COD,0.5000487281216306
2024-10-26,COD,0.5279941799474308
2024-10-27,COD,0.31023683482708697
2024-10-28,COD,0.444680822410721
2024-10-29,COD,0.4009467167338697
2024-10-30,COD,0.417891740821789
2024-10-31,COD,0.23640877304082952
2024-11-01,COD,0.27290128510754674
2024-11-02,COD,0.2141106274891154
2024-11-03,COD,0.2257619101278277
2024-11-04,COD,0.22617824543415696
2024-11-05,COD,0.2529611998064973
2024-11-06,COD,0.30009521488646546
2024-11-07,COD,0.4661791693559576
2024-11-08,COD,0.363130604570006
2024-11-09,COD,0.6805968285081155
2024-11-10,COD,0.5835220599319093
2024-11-11,COD,0.5457149902989116
2024-11-12,COD,0.5203740590589622
2024-11-13,COD,0.7012154233054683
2024-11-14,COD,0.7195742903280337
2024-11-15,COD,0.8541950834288463
2024-11-16,COD,0.4047413865930442
2024-11-17,COD,0.3249944957682931
2024-11-18,COD,0.3895690272565224
2024-11-19,COD,0.2874720188674321
2024-11-20,COD,0.32931537502787434
2024-11-21,COD,0.30729926828049264
2024-11-22,COD,0.4463186267224673
2024-11-23,COD,0.3813530705871159
2024-11-24,COD,0.38046958075325793
2024-11-25,COD,0.38488125580898414
2024-11-26,COD,0.32853769749235634
2024-11-27,COD,0.34922169600819447
2024-11-28,COD,0.3678058389166631
2024-11-29,COD,0.45068566444879177
2024-11-30,COD,0.36596192034412156
2024-12-01,COD,0.657970084298064
2024-12-02,COD,0.3850276165328656
2024-12-03,COD,0.3906233627558436
2024-12-04,COD,0.6237234652629117
2024-12-05,COD,0.6003059184578041
2024-12-06,COD,0.725445837327128
2024-12-07,COD,0.8044472790352902
2024-12-08,COD,0.6382520321487739
2024-12-09,COD,0.653644453867112
2024-12-10,COD,0.2893129234556125
2024-12-11,COD,0.5549075003760812
2024-12-12,COD,0.2815092573362932
2024-12-13,COD,0.3999213481412018
2024-12-14,COD,0.4091428532576385
2024-12-15,COD,0.7079858510152809
2024-12-16,COD,0.4988732445049579
2024-12-17,COD,0.6614696369588842
2024-12-18,COD,0.7159068866763498
2024-12-19,COD,0.422032859203526
2024-12-20,COD,0.3970386060671155
2024-12-21,COD,0.7012377734861688
2024-12-22,COD,0.4095296248802126
2024-12-23,COD,0.46387753597263115
2024-12-24,COD,0.6079523823196334
2024-12-25,COD,0.8616004401126027
2024-12-26,COD,0.7639753113176359
2024-12-27,COD,0.4934514211234411
2024-12-28,COD,0.29878133782016547
2024-12-29,COD,0.3985820291797836
2024-12-30,COD,0.28743196996903153
2024-12-31,COD,0.6814357215491695
2025-01-01,COD,0.22523411629235673
2025-01-02,COD,0.21134677698429258
2025-01-03,COD,0.20442973754771712
2025-01-04,COD,0.20600921461007635
2025-01-05,COD,0.20580501859744152
2025-01-06,COD,0.20581748340675252
2025-01-07,COD,0.20823728377180745
2025-01-08,COD,0.3325389165849617
2025-01-09,COD,0.6915529314435853
2025-01-10,COD,0.7135204349826363
2025-01-11,COD,0.4412712286648128
2025-01-12,COD,0.8320184708236318
2025-01-13,COD,0.7115773117788896
2025-01-14,COD,0.4030364691788714
2025-01-15,COD,0.8876246346981046
2025-01-16,COD,0.5100104693917816
2025-01-17,COD,0.6276317201495242
2025-01-18,COD,0.5079141713205897
2025-01-19,COD,0.8345777326546675
2025-01-20,COD,0.7867888553659043
2025-01-21,COD,0.7767676665318043
2025-01-22,COD,0.32050149055604465
2025-01-23,COD,0.29512426817304216
2025-01-24,COD,0.2284211493638839
2025-01-25,COD,0.30186642208783265
2025-01-26,COD,0.24042998998904105
2025-01-27,COD,0.4271527102827019
2025-01-28,COD,0.4139644709245679
2025-01-29,COD,0.8062158973375246
2025-01-30,COD,0.5721449919264527
2025-01-31,COD,0.5643636773816118
2025-02-01,COD,0.23983548689158626
2025-02-02,COD,0.24502439682450947
2025-02-03,COD,0.2165660318615493
2025-02-04,COD,0.22157410607693054
2025-02-05,COD,0.2145009891833149
2025-02-06,COD,0.27762315519079833
2025-02-07,COD,0.2956299453888285
2025-02-08,COD,0.2254942326390378
2025-02-09,COD,0.29835240481147685
2025-02-10,COD,0.3314772061188781
2025-02-11,COD,0.2972197527181695
2025-02-12,COD,0.6743287182362662
2025-02-13,COD,0.842409642127415
2025-02-14,COD,0.5038831716496052
2025-02-15,COD,0.6282405925867209
2025-02-16,COD,0.6261003049797975
2025-02-17,COD,0.24854745265877393
2025-02-18,COD,0.23715358251686916
2025-02-19,COD,0.2327123820263006
2025-02-20,COD,0.2335892505899939
2025-02-21,COD,0.21309255135473906
2025-02-22,COD,0.2841195105442636
2025-02-23,COD,0.2344282696286598
2025-02-24,COD,0.2174076588449627
2025-02-25,COD,0.30930639041381497
2025-02-26,COD,0.25941041082992444
2025-02-27,COD,0.3269599472512971
2025-02-28,COD,0.3250678797415567
2025-03-01,COD,0.33209604873453824
2025-03-02,COD,0.36031131354006496
2025-03-03,COD,0.6175130971486624
2025-03-04,COD,0.37156862500404747
2025-03-05,COD,0.4510597815378984
2025-03-06,COD,0.2776962205216984
2025-03-07,COD,0.41609142586275455
2025-03-08,COD,0.3521252819705076
2025-03-09,COD,0.39053041890214996
2025-03-10,COD,0.5258547844442508
2025-03-11,COD,0.4102874059732325
2025-03-12,COD,0.2662944434318477
2025-03-13,COD,0.2856901729725967
2025-03-14,COD,0.2679103431176785
2025-03-15,COD,0.2447967445225567
2025-03-16,COD,0.27029185717749504
2025-03-17,COD,0.31973067843899566
2025-03-18,COD,0.33370551231653406
2025-03-19,COD,0.5020519318151612
2025-03-20,COD,0.413708299377064
2025-03-21,COD,0.4407856435751429
2025-03-22,COD,0.4136235536546659
2025-03-23,COD,0.6057216602162313
2025-03-24,COD,0.3689154855756979
2025-03-25,COD,0.2696561394448162
2025-03-26,COD,0.3162090662951428
2025-03-27,COD,0.26500212309051346
2025-03-28,COD,0.2684697212488181
2024-07-01,CAF,0.37086152710651915
2024-07-02,CAF,0.9588959173660278
2024-07-03,CAF,0.48367535198040057
2024-07-04,CAF,0.5087870283892152
2024-07-05,CAF,0.4448921840134414
2024-07-06,CAF,0.8854001446469293
2024-07-07,CAF,0.4348507032691704
2024-07-08,CAF,0.37716925309965477
2024-07-09,CAF,0.28128644692553195
2024-07-10,CAF,0.2759451934992069
2024-07-11,CAF,0.2776015661448095
2024-07-12,CAF,0.29205852769962576
2024-07-13,CAF,0.37779247932506893
2024-07-14,CAF,0.3828133171104806
2024-07-15,CAF,0.2844822483799219
2024-07-16,CAF,0.4424811614320143
2024-07-17,CAF,0.7725049939469599
2024-07-18,CAF,0.49208469047974196
2024-07-19,CAF,0.5036090530005655
2024-07-20,CAF,0.860379666628807
2024-07-21,CAF,0.6642893323150126
2024-07-22,CAF,0.6511401130013544
2024-07-23,CAF,0.7318922263540684
2024-07-24,CAF,0.5643460792875198
2024-07-25,CAF,0.5994326083238078
2024-07-26,CAF,0.5063622738018787
2024-07-27,CAF,0.5281139810721935
2024-07-28,CAF,0.5691823755925759
2024-07-29,CAF,0.5423085645419481
2024-07-30,CAF,0.5046546911122128
2024-07-31,CAF,0.948211678828863
2024-08-01,CAF,0.6158758190240408
2024-08-02,CAF,0.7254593855915297
2024-08-03,CAF,0.862666768498684
2024-08-04,CAF,0.6687948425999628
2024-08-05,CAF,0.7023314352731379
2024-08-06,CAF,0.7154399935429023
2024-08-07,CAF,0.8008695726913571
2024-08-08,CAF,0.6081104066083022
2024-08-09,CAF,0.48028420731343474
2024-08-10,CAF,0.5125973341374844
2024-08-11,CAF,0.41152282920381933
2024-08-12,CAF,0.6124663841666567
2024-08-13,CAF,0.8443443926719117
2024-08-14,CAF,0.6546499323500593
2024-08-15,CAF,0.5240867131734449
2024-08-16,CAF,0.9140850086830921
2024-08-17,CAF,0.5829629052596199
2024-08-18,CAF,0.4985317389833154
2024-08-19,CAF,0.7873567765907924
2024-08-20,CAF,0.3521665909186912
2024-08-21,CAF,0.4912306481120801
2024-08-22,CAF,0.32399118115424064
2024-08-23,CAF,0.4157372451274527
2024-08-24,CAF,0.28787667474200923
2024-08-25,CAF,0.29276988523487496
2024-08-26,CAF,0.307697225831858
2024-08-27,CAF,0.3673246585094858
2024-08-28,CAF,0.3836355077607785
2024-08-29,CAF,0.8789698240439642
2024-08-30,CAF,0.6135781864879265
2024-08-31,CAF,0.6044814021648659
2024-09-01,CAF,0.5480767181212228
2024-09-02,CAF,0.6385459525902973
2024-09-03,CAF,0.8212401907812965
2024-09-04,CAF,0.7694393403573738
2024-09-05,CAF,0.4750335404306925
2024-09-06,CAF,0.4525244413612859
2024-09-07,CAF,0.41125110350384525
2024-09-08,CAF,0.3851196575006086
2024-09-09,CAF,0.4687883348417527
2024-09-10,CAF,0.7392082014135734
2024-09-11,CAF,0.38498591583288994
2024-09-12,CAF,0.8854007860826723
2024-09-13,CAF,0.6281962411199411
2024-09-14,CAF,0.8021567767202537
2024-09-15,CAF,0.773727198365726
2024-09-16,CAF,0.7364301224332025
2024-09-17,CAF,0.6212360952638821
2024-09-18,CAF,0.481018609760807
2024-09-19,CAF,0.4484413852111725
2024-09-20,CAF,0.46808082771506143
2024-09-21,CAF,0.8830002644053518
2024-09-22,CAF,0.46876944755313926
2024-09-23,CAF,0.5916160417008783
2024-09-24,CAF,0.4751259475648492
2024-09-25,CAF,0.4819060557678962
2024-09-26,CAF,0.8024730696536131
2024-09-27,CAF,0.7928839795053594
2024-09-28,CAF,0.34416810405189635
2024-09-29,CAF,0.33867012917040823
2024-09-30,CAF,0.29569870045672586
2024-10-01,CAF,0.5172398113267123
2024-10-02,CAF,0.31969555082817147
2024-10-03,CAF,0.6220721157297106
2024-10-04,CAF,0.40266589046359813
2024-10-05,CAF,0.7494179266412354
2024-10-06,CAF,0.9547755200642596
2024-10-07,CAF,0.8691150156425965
2024-10-08,CAF,0.836674791596466
2024-10-09,CAF,0.795605556896367
2024-10-10,CAF,0.6375689879905575
2024-10-11,CAF,0.7716220400176516
2024-10-12,CAF,0.6610476888177043
2024-10-13,CAF,0.5149747280075917
2024-10-14,CAF,0.3417489854500465
2024-10-15,CAF,0.48743140283281833
2024-10-16,CAF,0.284543989018887
2024-10-17,CAF,0.33430224018347615
2024-10-18,CAF,0.25416147724948224
2024-10-19,CAF,0.26572240541769454
2024-10-20,CAF,0.5206305357705272
2024-10-21,CAF,0.5205092635297545
2024-10-22,CAF,0.4504510669848691
2024-10-23,CAF,0.5615351729116368
2024-10-24,CAF,0.4933434782526088
2024-10-25,CAF,0.5098775577165044
2024-10-26,CAF,0.4726726448687841
2024-10-27,CAF,0.432456290527983
2024-10-28,CAF,0.6063008220316212
2024-10-29,CAF,0.6358412995041027
2024-10-30,CAF,0.6800058844318496
2024-10-31,CAF,0.8559018951775176
2024-11-01,CAF,0.6836201435032302
2024-11-02,CAF,0.7221900173378031
2024-11-03,CAF,0.7341034953943711
2024-11-04,CAF,0.8123560630489481
2024-11-05,CAF,0.7637709337098079
2024-11-06,CAF,0.9133490645624407
2024-11-07,CAF,0.7539676859232047
2024-11-08,CAF,0.7420821245108258
2024-11-09,CAF,0.8434885628993448
2024-11-10,CAF,0.7948707390822675
2024-11-11,CAF,0.705746097947591
2024-11-12,CAF,0.7886371280673536
2024-11-13,CAF,0.5647136216770128
2024-11-14,CAF,0.666731065304801
2024-11-15,CAF,0.5942643645055814
2024-11-16,CAF,0.5492766053022327
2024-11-17,CAF,0.5655543765521647
2024-11-18,CAF,0.6322284227476656
2024-11-19,CAF,0.5254522963458942
2024-11-20,CAF,0.5410022642061778
2024-11-21,CAF,0.5129154791804634
2024-11-22,CAF,0.4562207975554011
2024-11-23,CAF,0.48342911201610267
2024-11-24,CAF,0.6359938001840935
2024-11-25,CAF,0.9433688258889413
2024-11-26,CAF,0.6221713393669891
2024-11-27,CAF,0.6412802922793905
2024-11-28,CAF,0.6570234117400007
2024-11-29,CAF,0.6869312494618564
2024-11-30,CAF,0.730859251618521
2024-12-01,CAF,0.6785510810791447
2024-12-02,CAF,0.3522058358443668
2024-12-03,CAF,0.32171968954534963
2024-12-04,CAF,0.5967737621756483
2024-12-05,CAF,0.44059589662612014
2024-12-06,CAF,0.29788232414495164
2024-12-07,CAF,0.316528034247446
2024-12-08,CAF,0.5044460556755224
2024-12-09,CAF,0.8390615246402923
2024-12-10,CAF,0.8873383697069213
2024-12-11,CAF,0.7722140944073921
2024-12-12,CAF,0.63945138636437
2024-12-13,CAF,0.5850938390983328
2024-12-14,CAF,0.6132271915698123
2024-12-15,CAF,0.6145987345848399
2024-12-16,CAF,0.5425804915027845
2024-12-17,CAF,0.5368822158015626
2024-12-18,CAF,0.5441405610360487
2024-12-19,CAF,0.6450560895317955
2024-12-20,CAF,0.6492847307125815
2024-12-21,CAF,0.5248517481074577
2024-12-22,CAF,0.8159206662688395
2024-12-23,CAF,0.9335918772367654
2024-12-24,CAF,0.9383779259807523
2024-12-25,CAF,0.923242654529992
2024-12-26,CAF,0.8259252146774029
2024-12-27,CAF,0.8913843391345038
2024-12-28,CAF,0.9194572128685133
2024-12-29,CAF,0.6641728398379716
2024-12-30,CAF,0.3589265082837689
2024-12-31,CAF,0.3495509916867603
2025-01-01,CAF,0.520780687831912
2025-01-02,CAF,0.26729237084114
2025-01-03,CAF,0.28626188066767466
2025-01-04,CAF,0.3056396927128904
2025-01-05,CAF,0.37230347510915623
2025-01-06,CAF,0.4263724664795649
2025-01-07,CAF,0.40225930124939363
2025-01-08,CAF,0.9396688176638291
2025-01-09,CAF,0.5332691166351544
2025-01-10,CAF,0.8671686244846873
2025-01-11,CAF,0.763096448196402
2025-01-12,CAF,0.6103359942171304
2025-01-13,CAF,0.6100417168183696
2025-01-14,CAF,0.5116734912690797
2025-01-15,CAF,0.8939224595674502
2025-01-16,CAF,0.6416039633868147
2025-01-17,CAF,0.6440066583953966
2025-01-18,CAF,0.7982761466241599
2025-01-19,CAF,0.4127127884043737
2025-01-20,CAF,0.6710589642472723
2025-01-21,CAF,0.9480525265245707
2025-01-22,CAF,0.6296144397826567
2025-01-23,CAF,0.5268307309640592
2025-01-24,CAF,0.4606054786296113
2025-01-25,CAF,0.3904162470944604
2025-01-26,CAF,0.398571118681395
2025-01-27,CAF,0.3877886752944408
2025-01-28,CAF,0.5917862059853147
2025-01-29,CAF,0.3388296903386041
2025-01-30,CAF,0.3804166843579983
2025-01-31,CAF,0.32447882048122595
2025-02-01,CAF,0.281817180694275
2025-02-02,CAF,0.3446432519790811
2025-02-03,CAF,0.8782978190403472
2025-02-04,CAF,0.4445627699923465
2025-02-05,CAF,0.6221909403830187
2025-02-06,CAF,0.44249105954208534
2025-02-07,CAF,0.43781218715989617
2025-02-08,CAF,0.47454508049897043
2025-02-09,CAF,0.35307375932124224
2025-02-10,CAF,0.2982491265712439
2025-02-11,CAF,0.3437906664152074
2025-02-12,CAF,0.43211073109875864
2025-02-13,CAF,0.2995050358646236
2025-02-14,CAF,0.6227983009899989
2025-02-15,CAF,0.9608623243606722
2025-02-16,CAF,0.9607694740488689
2025-02-17,CAF,0.8459356264269692
2025-02-18,CAF,0.805522278192995
2025-02-19,CAF,0.9431905121514144
2025-02-20,CAF,0.856421979074743
2025-02-21,CAF,0.9363095350942182
2025-02-22,CAF,0.22236471596240595
2025-02-23,CAF,0.208526542844084
2025-02-24,CAF,0.21311739240358618
2025-02-25,CAF,0.21613601430113438
2025-02-26,CAF,0.24499093430519467
2025-02-27,CAF,0.20982982664747443
2025-02-28,CAF,0.26542126349672224
2025-03-01,CAF,0.24141717723839845
2025-03-02,CAF,0.2915082107815985
2025-03-03,CAF,0.32254415067858017
2025-03-04,CAF,0.3026297519959821
2025-03-05,CAF,0.391652858710861
2025-03-06,CAF,0.3191370919648586
2025-03-07,CAF,0.2775747788999946
2025-03-08,CAF,0.33247840514025806
2025-03-09,CAF,0.30152333117824404
2025-03-10,CAF,0.35663529189230275
2025-03-11,CAF,0.39820919836073654
2025-03-12,CAF,0.445530258452981
2025-03-13,CAF,0.3374280575551388
2025-03-14,CAF,0.40570701227573736
2025-03-15,CAF,0.7973935489997751
2025-03-16,CAF,0.5175884935662851
2025-03-17,CAF,0.526620310969737
2025-03-18,CAF,0.8699596667605317
2025-03-19,CAF,0.5460885715161367
2025-03-20,CAF,0.47764446881119904
2025-03-21,CAF,0.4764571035958525
2025-03-22,CAF,0.5034301279891358
2025-03-23,CAF,0.3953024433310394
2025-03-24,CAF,0.429804437500268
2025-03-25,CAF,0.34183659752358014
2025-03-26,CAF,0.35452041754516184
2025-03-27,CAF,0.34141248622099846
2025-03-28,CAF,0.3321724491455906
2024-07-01,SDN,0.7168527557659224
2024-07-02,SDN,0.3618388983953913
2024-07-03,SDN,0.5121744159337066
2024-07-04,SDN,0.3581000207565529
2024-07-05,SDN,0.527629615687601
2024-07-06,SDN,0.4282589161029011
2024-07-07,SDN,0.4177273138737185
2024-07-08,SDN,0.3094603015428135
2024-07-09,SDN,0.2787264963063551
2024-07-10,SDN,0.3525843343826472
2024-07-11,SDN,0.5980359812811481
2024-07-12,SDN,0.7968906504873737
2024-07-13,SDN,0.6294134607358994
2024-07-14,SDN,0.8450090683831065
2024-07-15,SDN,0.6116546140170461
2024-07-16,SDN,0.6313677780842655
2024-07-17,SDN,0.65712172091041
2024-07-18,SDN,0.7854329800093428
2024-07-19,SDN,0.6303422380677515
2024-07-20,SDN,0.7408569932080111
2024-07-21,SDN,0.5549517987279302
2024-07-22,SDN,0.34971209092372485
2024-07-23,SDN,0.25763828211121653
2024-07-24,SDN,0.3354836121698481
2024-07-25,SDN,0.2635427252225856
2024-07-26,SDN,0.49592603585495665
2024-07-27,SDN,0.3024133073717925
2024-07-28,SDN,0.520890818149181
2024-07-29,SDN,0.4688697144572728
2024-07-30,SDN,0.4533327886195517
2024-07-31,SDN,0.6217801562216156
2024-08-01,SDN,0.48169679144265726
2024-08-02,SDN,0.39890459227610403
2024-08-03,SDN,0.7478919785609879
2024-08-04,SDN,0.3447354176655834
2024-08-05,SDN,0.33294946945886666
2024-08-06,SDN,0.3374252458800134
2024-08-07,SDN,0.3319709186932127
2024-08-08,SDN,0.347581459313582
2024-08-09,SDN,0.531527183309966
2024-08-10,SDN,0.8688396106635469
2024-08-11,SDN,0.9018666355661833
2024-08-12,SDN,0.38754083022137903
2024-08-13,SDN,0.753835876072541
2024-08-14,SDN,0.5245006379857184
2024-08-15,SDN,0.51299613445521
2024-08-16,SDN,0.9078873328614602
2024-08-17,SDN,0.24674048842905597
2024-08-18,SDN,0.23094742935286394
2024-08-19,SDN,0.2400285667507941
2024-08-20,SDN,0.29856707924360576
2024-08-21,SDN,0.29771191407135583
2024-08-22,SDN,0.30923904865952295
2024-08-23,SDN,0.260111974045044
2024-08-24,SDN,0.2468347971203517
2024-08-25,SDN,0.4109365449812966
2024-08-26,SDN,0.6343857186846514
2024-08-27,SDN,0.5284880776749552
2024-08-28,SDN,0.45939338053457224
2024-08-29,SDN,0.5025079366805228
2024-08-30,SDN,0.7618016182917062
2024-08-31,SDN,0.8086313833177496
2024-09-01,SDN,0.5822754482202613
2024-09-02,SDN,0.8092098535968606
2024-09-03,SDN,0.7660778753347037
2024-09-04,SDN,0.5842074089322657
2024-09-05,SDN,0.6729424716064679
2024-09-06,SDN,0.761089868293051
2024-09-07,SDN,0.6643679194227097
2024-09-08,SDN,0.9270903377111037
2024-09-09,SDN,0.8278022994457988
2024-09-10,SDN,0.6289937073392361
2024-09-11,SDN,0.7314566041790483
2024-09-12,SDN,0.920786315120152
2024-09-13,SDN,0.7581207801424419
2024-09-14,SDN,0.9155414268429716
2024-09-15,SDN,0.502709562433386
2024-09-16,SDN,0.802527059729525
2024-09-17,SDN,0.4379056907374959
2024-09-18,SDN,0.49249910306882744
2024-09-19,SDN,0.6681821424212729
2024-09-20,SDN,0.6670455525863443
2024-09-21,SDN,0.732392854910065
2024-09-22,SDN,0.33024408023913215
2024-09-23,SDN,0.5913504780019014
2024-09-24,SDN,0.34682484929700286
2024-09-25,SDN,0.5354628451456073
2024-09-26,SDN,0.5486698921190486
2024-09-27,SDN,0.5427713450247335
2024-09-28,SDN,0.5114909315225075
2024-09-29,SDN,0.5133378157602426
2024-09-30,SDN,0.5012328826265484
2024-10-01,SDN,0.6832359878595946
2024-10-02,SDN,0.34274264673371185
2024-10-03,SDN,0.33942302856615897
2024-10-04,SDN,0.5015035589846442
2024-10-05,SDN,0.8648429043282392
2024-10-06,SDN,0.36710227355530367
2024-10-07,SDN,0.6240938353468615
2024-10-08,SDN,0.4336449652845725
2024-10-09,SDN,0.3142263936835737
2024-10-10,SDN,0.33843886007141694
2024-10-11,SDN,0.27179360013862336
2024-10-12,SDN,0.5256187300150351
2024-10-13,SDN,0.5179166547391216
2024-10-14,SDN,0.5079758635375448
2024-10-15,SDN,0.7163056263367991
2024-10-16,SDN,0.42969129791969146
2024-10-17,SDN,0.7225009717545575
2024-10-18,SDN,0.36564487269164914
2024-10-19,SDN,0.5403570835709827
2024-10-20,SDN,0.9009332557721124
2024-10-21,SDN,0.9040100736408799
2024-10-22,SDN,0.8877978150524991
2024-10-23,SDN,0.8386838179174493
2024-10-24,SDN,0.8442328719266174
2024-10-25,SDN,0.8845442172765343
2024-10-26,SDN,0.8790721436575352
2024-10-27,SDN,0.6464313477312632
2024-10-28,SDN,0.3825182108852497
2024-10-29,SDN,0.3408613708138213
2024-10-30,SDN,0.4073162698366207
2024-10-31,SDN,0.37166763586922913
2024-11-01,SDN,0.238271851356735
2024-11-02,SDN,0.39088247408057264
2024-11-03,SDN,0.24174128334757872
2024-11-04,SDN,0.27703123244435207
2024-11-05,SDN,0.28451606327755974
2024-11-06,SDN,0.44128953367536217
2024-11-07,SDN,0.3076331914922756
2024-11-08,SDN,0.4784677808353708
2024-11-09,SDN,0.571491720663898
2024-11-10,SDN,0.6195563025880285
2024-11-11,SDN,0.6160570644284429
2024-11-12,SDN,0.3639377516069821
2024-11-13,SDN,0.3624553875841364
2024-11-14,SDN,0.9240028452713741
2024-11-15,SDN,0.9286421862926184
2024-11-16,SDN,0.689629421151929
2024-11-17,SDN,0.7308666402745742
2024-11-18,SDN,0.46521461585297613
2024-11-19,SDN,0.4343289827634455
2024-11-20,SDN,0.680632495202168
2024-11-21,SDN,0.4439393112658142
2024-11-22,SDN,0.6532979723198475
2024-11-23,SDN,0.35116732760031827
2024-11-24,SDN,0.3478806115613593
2024-11-25,SDN,0.3427185027682638
2024-11-26,SDN,0.28122318572972216
2024-11-27,SDN,0.2776515134455427
2024-11-28,SDN,0.32278066313913656
2024-11-29,SDN,0.2582445200380935
2024-11-30,SDN,0.2680083042945978
2024-12-01,SDN,0.8905823360420547
2024-12-02,SDN,0.8132441700428641
2024-12-03,SDN,0.9228631857408461
2024-12-04,SDN,0.8815642052816807
2024-12-05,SDN,0.9169527707535516
2024-12-06,SDN,0.9343986875853028
2024-12-07,SDN,0.9470588656938661
2024-12-08,SDN,0.9404491475120306
2024-12-09,SDN,0.9385278279422357
2024-12-10,SDN,0.9378787985571366
2024-12-11,SDN,0.9283338840309613
2024-12-12,SDN,0.6922712125799891
2024-12-13,SDN,0.6853445403682183
2024-12-14,SDN,0.46295410004909054
2024-12-15,SDN,0.4719958680768902
2024-12-16,SDN,0.47200517919876916
2024-12-17,SDN,0.2607830017036686
2024-12-18,SDN,0.3195714135019069
2024-12-19,SDN,0.2741612891740289
2024-12-20,SDN,0.2483976601410092
2024-12-21,SDN,0.7385200553115709
2024-12-22,SDN,0.7668920452130916
2024-12-23,SDN,0.46246654514227925
2024-12-24,SDN,0.40931182871662686
2024-12-25,SDN,0.4078555697977427
2024-12-26,SDN,0.7722040859795072
2024-12-27,SDN,0.4490750103761058
2024-12-28,SDN,0.71942388727774
2024-12-29,SDN,0.34065236209190075
2024-12-30,SDN,0.28811995557167236
2024-12-31,SDN,0.31321561868267267
2025-01-01,SDN,0.5836448538754435
2025-01-02,SDN,0.3119419165985687
2025-01-03,SDN,0.31080221873595526
2025-01-04,SDN,0.2910952277650365
2025-01-05,SDN,0.8566488298866285
2025-01-06,SDN,0.7169337002399628
2025-01-07,SDN,0.7106507546078473
2025-01-08,SDN,0.8798212588299849
2025-01-09,SDN,0.7329473619417509
2025-01-10,SDN,0.912210488212831
2025-01-11,SDN,0.8531051368256606
2025-01-12,SDN,0.8922286408175258
2025-01-13,SDN,0.8999927147919744
2025-01-14,SDN,0.8564942533343635
2025-01-15,SDN,0.4823960448543438
2025-01-16,SDN,0.8436787005940597
2025-01-17,SDN,0.5458401537953916
2025-01-18,SDN,0.8797319753836992
2025-01-19,SDN,0.7176847973321029
2025-01-20,SDN,0.418970567344689
2025-01-21,SDN,0.27264090132760277
2025-01-22,SDN,0.5421873455546288
2025-01-23,SDN,0.5941543672174482
2025-01-24,SDN,0.6808425449598734
2025-01-25,SDN,0.34187037280694604
2025-01-26,SDN,0.5444388865320257
2025-01-27,SDN,0.2703117068711102
2025-01-28,SDN,0.3263890565923033
2025-01-29,SDN,0.32884559496328886
2025-01-30,SDN,0.47619201836464237
2025-01-31,SDN,0.26842046833000405
2025-02-01,SDN,0.707621482098438
2025-02-02,SDN,0.6416523811569349
2025-02-03,SDN,0.6918976937766417
2025-02-04,SDN,0.6036353827148843
2025-02-05,SDN,0.4165174068846667
2025-02-06,SDN,0.3361583458939727
2025-02-07,SDN,0.741222493870218
2025-02-08,SDN,0.5094640675552439
2025-02-09,SDN,0.5076105775872225
2025-02-10,SDN,0.5487317655475071
2025-02-11,SDN,0.7134863694833443
2025-02-12,SDN,0.7240536947600722
2025-02-13,SDN,0.7717189656848816
2025-02-14,SDN,0.43029832026342707
2025-02-15,SDN,0.8690406549526408
2025-02-16,SDN,0.9108611737220005
2025-02-17,SDN,0.9537241742185316
2025-02-18,SDN,0.9051707884349776
2025-02-19,SDN,0.8875260175328102
2025-02-20,SDN,0.910717511195954
2025-02-21,SDN,0.8778130974689801
2025-02-22,SDN,0.4992525528265278
2025-02-23,SDN,0.6344366914012975
2025-02-24,SDN,0.47260686245358113
2025-02-25,SDN,0.7106408822618362
2025-02-26,SDN,0.34600979119171665
2025-02-27,SDN,0.7088722610300973
2025-02-28,SDN,0.45732271108898404
2025-03-01,SDN,0.44192103462329285
2025-03-02,SDN,0.3141018852105677
2025-03-03,SDN,0.704965212854618
2025-03-04,SDN,0.7980522641420013
2025-03-05,SDN,0.6898370826431844
2025-03-06,SDN,0.8442902783525295
2025-03-07,SDN,0.6077378496555899
2025-03-08,SDN,0.8879923992361592
2025-03-09,SDN,0.731420981947142
2025-03-10,SDN,0.8434081796198966
2025-03-11,SDN,0.6886463600766574
2025-03-12,SDN,0.8463003488338235
2025-03-13,SDN,0.8330062746330456
2025-03-14,SDN,0.9223543169853146
2025-03-15,SDN,0.45398237294472715
2025-03-16,SDN,0.732698385252322
2025-03-17,SDN,0.3611391563673319
2025-03-18,SDN,0.45499899124496185
2025-03-19,SDN,0.46583338234695415
2025-03-20,SDN,0.7881404635696766
2025-03-21,SDN,0.8360458953349152
2025-03-22,SDN,0.9392148337434482
2025-03-23,SDN,0.9180323700339675
2025-03-24,SDN,0.8170904743062056
2025-03-25,SDN,0.5965812365715598
2025-03-26,SDN,0.7098203173121684
2025-03-27,SDN,0.2949744126428612
2025-03-28,SDN,0.5772792015995174
2024-07-01,SSD,0.30545318478095246
2024-07-02,SSD,0.2860671934070848
2024-07-03,SSD,0.364522084775463
2024-07-04,SSD,0.2898377107660973
2024-07-05,SSD,0.38198003862575597
2024-07-06,SSD,0.37373821705451804
2024-07-07,SSD,0.38296619740912347
2024-07-08,SSD,0.5637213052494912
2024-07-09,SSD,0.5180772712645418
2024-07-10,SSD,0.6456213250305205
2024-07-11,SSD,0.7003739627991934
2024-07-12,SSD,0.7597032930399347
2024-07-13,SSD,0.701321165413596
2024-07-14,SSD,0.7753128276501593
2024-07-15,SSD,0.9309458645677355
2024-07-16,SSD,0.7831278030100308
2024-07-17,SSD,0.6438250920922336
2024-07-18,SSD,0.8767597331792072
2024-07-19,SSD,0.8377365799120614
2024-07-20,SSD,0.9192615332103942
2024-07-21,SSD,0.6197737691333374
2024-07-22,SSD,0.27467334800242876
2024-07-23,SSD,0.29300590375254476
2024-07-24,SSD,0.2592723700820061
2024-07-25,SSD,0.26115939202557453
2024-07-26,SSD,0.24722031164381664
2024-07-27,SSD,0.2970302857801469
2024-07-28,SSD,0.25818789295896805
2024-07-29,SSD,0.2719791186626051
2024-07-30,SSD,0.2683980376821535
2024-07-31,SSD,0.29216785379806365
2024-08-01,SSD,0.2736628237143331
2024-08-02,SSD,0.33565047356215305
2024-08-03,SSD,0.48126270295699414
2024-08-04,SSD,0.4076349774868223
2024-08-05,SSD,0.45734032833692284
2024-08-06,SSD,0.541249422899709
2024-08-07,SSD,0.42952365441349477
2024-08-08,SSD,0.3497013487709158
2024-08-09,SSD,0.6889081242347103
2024-08-10,SSD,0.7624268737182663
2024-08-11,SSD,0.8288831902525721
2024-08-12,SSD,0.7221295281167076
2024-08-13,SSD,0.5542891397687659
2024-08-14,SSD,0.5899540654158764
2024-08-15,SSD,0.667268440731292
2024-08-16,SSD,0.9319969120989948
2024-08-17,SSD,0.39173181686043046
2024-08-18,SSD,0.4289526299403348
2024-08-19,SSD,0.5436498187825763
2024-08-20,SSD,0.3586456691040607
2024-08-21,SSD,0.34509940237840214
2024-08-22,SSD,0.3169682681191825
2024-08-23,SSD,0.23903791793481388
2024-08-24,SSD,0.23968502211789042
2024-08-25,SSD,0.3210076632374914
2024-08-26,SSD,0.24242091214852415
2024-08-27,SSD,0.24918112966626463
2024-08-28,SSD,0.25568870530587384
2024-08-29,SSD,0.2824166317241526
2024-08-30,SSD,0.5088724392258549
2024-08-31,SSD,0.6633382994308825
2024-09-01,SSD,0.6222070929945046
2024-09-02,SSD,0.7715165764108339
2024-09-03,SSD,0.5762252025616186
2024-09-04,SSD,0.5598263827185018
2024-09-05,SSD,0.4874102954944988
2024-09-06,SSD,0.5256366445369244
2024-09-07,SSD,0.5385504628577881
2024-09-08,SSD,0.8789839048514432
2024-09-09,SSD,0.7207431888670284
2024-09-10,SSD,0.6346659538913919
2024-09-11,SSD,0.6196530477756698
2024-09-12,SSD,0.7067897692087729
2024-09-13,SSD,0.7701839216098577
2024-09-14,SSD,0.9146609870162828
2024-09-15,SSD,0.808377110802929
2024-09-16,SSD,0.6819558851746393
2024-09-17,SSD,0.5864245776793717
2024-09-18,SSD,0.7396621172439956
2024-09-19,SSD,0.661924830714671
2024-09-20,SSD,0.6423842998221293
2024-09-21,SSD,0.6252573833838756
2024-09-22,SSD,0.41689528961231803
2024-09-23,SSD,0.40946801122939447
2024-09-24,SSD,0.3928454332366297
2024-09-25,SSD,0.35507948877783213
2024-09-26,SSD,0.42495666692925715
2024-09-27,SSD,0.6451156630437367
2024-09-28,SSD,0.5769125326889909
2024-09-29,SSD,0.7151293396161276
2024-09-30,SSD,0.6644187540190563
2024-10-01,SSD,0.8429803364687369
2024-10-02,SSD,0.590318029499063
2024-10-03,SSD,0.8642934077259835
2024-10-04,SSD,0.48406063896738183
2024-10-05,SSD,0.5058251883028747
2024-10-06,SSD,0.47513152754330124
2024-10-07,SSD,0.44182316413708433
2024-10-08,SSD,0.28392169055488253
2024-10-09,SSD,0.6171793131934569
2024-10-10,SSD,0.2688052834441701
2024-10-11,SSD,0.25601279593559373
2024-10-12,SSD,0.5430340224773292
2024-10-13,SSD,0.28560889424640173
2024-10-14,SSD,0.2951687486647909
2024-10-15,SSD,0.4098740567386176
2024-10-16,SSD,0.3313202857745172
2024-10-17,SSD,0.30765459634107234
2024-10-18,SSD,0.26942525546450014
2024-10-19,SSD,0.2741121026778302
2024-10-20,SSD,0.26218772129220264
2024-10-21,SSD,0.263061212529024
2024-10-22,SSD,0.2980293527739857
2024-10-23,SSD,0.40338991457544954
2024-10-24,SSD,0.3302878633215943
2024-10-25,SSD,0.3844839246894467
2024-10-26,SSD,0.44398032797761333
2024-10-27,SSD,0.38551661141238946
2024-10-28,SSD,0.412321901866587
2024-10-29,SSD,0.5910651862310691
2024-10-30,SSD,0.7963940605572948
2024-10-31,SSD,0.6935554264514576
2024-11-01,SSD,0.7199186230912475
2024-11-02,SSD,0.6266652418335436
2024-11-03,SSD,0.6447199396712522
2024-11-04,SSD,0.5974836591944149
2024-11-05,SSD,0.5230153843979348
2024-11-06,SSD,0.8949156960534156
2024-11-07,SSD,0.542248664454966
2024-11-08,SSD,0.6353607138386178
2024-11-09,SSD,0.4502291627084569
2024-11-10,SSD,0.6558078254472043
2024-11-11,SSD,0.48267580954657774
2024-11-12,SSD,0.5590426290086223
2024-11-13,SSD,0.28917099778731414
2024-11-14,SSD,0.2739498937818194
2024-11-15,SSD,0.3344804112832103
2024-11-16,SSD,0.27074985508956234
2024-11-17,SSD,0.26290761838963816
2024-11-18,SSD,0.28362893678103424
2024-11-19,SSD,0.28893924150358974
2024-11-20,SSD,0.6059975765061663
2024-11-21,SSD,0.5835251192471645
2024-11-22,SSD,0.43749766272697704
2024-11-23,SSD,0.5892704319713753
2024-11-24,SSD,0.514817259421933
2024-11-25,SSD,0.44868232564887905
2024-11-26,SSD,0.4782038421341912
2024-11-27,SSD,0.5907874675417394
2024-11-28,SSD,0.4735765624536045
2024-11-29,SSD,0.637007075488683
2024-11-30,SSD,0.8130109970561862
2024-12-01,SSD,0.6326130733479611
2024-12-02,SSD,0.7248463312146874
2024-12-03,SSD,0.7028267660072296
2024-12-04,SSD,0.714584415322223
2024-12-05,SSD,0.7893830012288259
2024-12-06,SSD,0.7928969502808221
2024-12-07,SSD,0.8804886406522778
2024-12-08,SSD,0.7493616924651763
2024-12-09,SSD,0.7563594951032462
2024-12-10,SSD,0.7648676569427674
2024-12-11,SSD,0.6762434936323735
2024-12-12,SSD,0.49445172041990154
2024-12-13,SSD,0.6923190432741508
2024-12-14,SSD,0.6433076475940056
2024-12-15,SSD,0.4289627425421379
2024-12-16,SSD,0.41977952538618124
2024-12-17,SSD,0.4321824939412749
2024-12-18,SSD,0.4471412595750644
2024-12-19,SSD,0.6531701134243567
2024-12-20,SSD,0.34463841238039755
2024-12-21,SSD,0.3704379241078695
2024-12-22,SSD,0.3553205641049637
2024-12-23,SSD,0.3394947938582896
2024-12-24,SSD,0.35645339730694653
2024-12-25,SSD,0.36242596396924165
2024-12-26,SSD,0.37172302595143875
2024-12-27,SSD,0.3461696467074571
2024-12-28,SSD,0.36672984030509476
2024-12-29,SSD,0.4900353287787856
2024-12-30,SSD,0.4793946513379193
2024-12-31,SSD,0.4656140572048015
2025-01-01,SSD,0.502358908710369
2025-01-02,SSD,0.7176073852884894
2025-01-03,SSD,0.7506786777645164
2025-01-04,SSD,0.6624893081379363
2025-01-05,SSD,0.8376234701164936
2025-01-06,SSD,0.7436404930480984
2025-01-07,SSD,0.5931086530849812
2025-01-08,SSD,0.6668767734327097
2025-01-09,SSD,0.575976984660291
2025-01-10,SSD,0.6420990524243181
2025-01-11,SSD,0.7392001534218742
2025-01-12,SSD,0.8184694779922741
2025-01-13,SSD,0.49553978755147
2025-01-14,SSD,0.5017479944322855
2025-01-15,SSD,0.5674922305282627
2025-01-16,SSD,0.5324147666284764
2025-01-17,SSD,0.8926952958714003
2025-01-18,SSD,0.4513126710879335
2025-01-19,SSD,0.4494624517538539
2025-01-20,SSD,0.32036089226812825
2025-01-21,SSD,0.31903553378176464
2025-01-22,SSD,0.26221195454055424
2025-01-23,SSD,0.35093966895220596
2025-01-24,SSD,0.27223410389706115
2025-01-25,SSD,0.27474477431628835
2025-01-26,SSD,0.4404391259453592
2025-01-27,SSD,0.42549207689714147
2025-01-28,SSD,0.3505179463040135
2025-01-29,SSD,0.3734047358208297
2025-01-30,SSD,0.35989457799190194
2025-01-31,SSD,0.9163553815095409
2025-02-01,SSD,0.8499220653565831
2025-02-02,SSD,0.7126407598848622
2025-02-03,SSD,0.5527503913011382
2025-02-04,SSD,0.453303933469271
2025-02-05,SSD,0.5488675267675514
2025-02-06,SSD,0.5344977112505136
2025-02-07,SSD,0.3132874472665176
2025-02-08,SSD,0.2812739690588035
2025-02-09,SSD,0.3089461161195384
2025-02-10,SSD,0.30649364925479167
2025-02-11,SSD,0.26885585248956867
2025-02-12,SSD,0.31410767919986055
2025-02-13,SSD,0.28337666503700626
2025-02-14,SSD,0.8633753866796875
2025-02-15,SSD,0.6924595765186947
2025-02-16,SSD,0.900963601664303
2025-02-17,SSD,0.8197261481781289
2025-02-18,SSD,0.7827860003596135
2025-02-19,SSD,0.7412748071566228
2025-02-20,SSD,0.8943114523467982
2025-02-21,SSD,0.4234946838094774
2025-02-22,SSD,0.6134990199205805
2025-02-23,SSD,0.3362554030243498
2025-02-24,SSD,0.290983271271664
2025-02-25,SSD,0.4867858168624935
2025-02-26,SSD,0.26365603150303246
2025-02-27,SSD,0.28808942144756555
2025-02-28,SSD,0.3173154281283119
2025-03-01,SSD,0.33391970439143237
2025-03-02,SSD,0.5590275926351558
2025-03-03,SSD,0.8499834286077683
2025-03-04,SSD,0.9297475603951814
2025-03-05,SSD,0.6929408425561651
2025-03-06,SSD,0.665111627574911
2025-03-07,SSD,0.9085662133644196
2025-03-08,SSD,0.6213657520009892
2025-03-09,SSD,0.784887245978243
2025-03-10,SSD,0.4220648064324398
2025-03-11,SSD,0.223742581306201
2025-03-12,SSD,0.21147145147072455
2025-03-13,SSD,0.2251713642497737
2025-03-14,SSD,0.2125081928272077
2025-03-15,SSD,0.21212394478281035
2025-03-16,SSD,0.23046056256108052
2025-03-17,SSD,0.31983596927765745
2025-03-18,SSD,0.3050564290672765
2025-03-19,SSD,0.6823369631191485
2025-03-20,SSD,0.2924166681188327
2025-03-21,SSD,0.8455013352182381
2025-03-22,SSD,0.6095670973667152
2025-03-23,SSD,0.464556143367873
2025-03-24,SSD,0.5552482402823551
2025-03-25,SSD,0.7608195931481128
2025-03-26,SSD,0.5318269948817698
2025-03-27,SSD,0.6461088407405733
2025-03-28,SSD,0.5247301258551029
2024-07-01,ETH,0.4975300771560821
2024-07-02,ETH,0.3784986133328328
2024-07-03,ETH,0.6237804280030261
2024-07-04,ETH,0.460884039586531
2024-07-05,ETH,0.6907931243027446
2024-07-06,ETH,0.6125274423069154
2024-07-07,ETH,0.5294468041584639
2024-07-08,ETH,0.5511537798502278
2024-07-09,ETH,0.8625810851787803
2024-07-10,ETH,0.7458415257629014
2024-07-11,ETH,0.7760201210182736
2024-07-12,ETH,0.848199485862263
2024-07-13,ETH,0.6475418288103727
2024-07-14,ETH,0.743262508224239
2024-07-15,ETH,0.7998851832346858
2024-07-16,ETH,0.23187600935458677
2024-07-17,ETH,0.24830105352957277
2024-07-18,ETH,0.2125088524157913
2024-07-19,ETH,0.20251007551829486
2024-07-20,ETH,0.22229657023071936
2024-07-21,ETH,0.26450492505295425
2024-07-22,ETH,0.2246263978647886
2024-07-23,ETH,0.40871530686829705
2024-07-24,ETH,0.3771996163552779
2024-07-25,ETH,0.33395441115331614
2024-07-26,ETH,0.5745854811744049
2024-07-27,ETH,0.3329749093922533
2024-07-28,ETH,0.5041783921874138
2024-07-29,ETH,0.4615786802135619
2024-07-30,ETH,0.4083762794384723
2024-07-31,ETH,0.4906804464802339
2024-08-01,ETH,0.4025581448588495
2024-08-02,ETH,0.3171126712420007
2024-08-03,ETH,0.5934066646257977
2024-08-04,ETH,0.41430749099422143
2024-08-05,ETH,0.2816472484717136
2024-08-06,ETH,0.299509274984465
2024-08-07,ETH,0.6422316096149872
2024-08-08,ETH,0.2713823426675287
2024-08-09,ETH,0.8948914421046789
2024-08-10,ETH,0.5959592983322984
2024-08-11,ETH,0.7287530987488611
2024-08-12,ETH,0.6779923660674493
2024-08-13,ETH,0.7376365399108734
2024-08-14,ETH,0.5339227181594403
2024-08-15,ETH,0.7890868275306382
2024-08-16,ETH,0.477415178813996
2024-08-17,ETH,0.3889997447405747
2024-08-18,ETH,0.5636319426973359
2024-08-19,ETH,0.4465731798327436
2024-08-20,ETH,0.4367165649702092
2024-08-21,ETH,0.34490250594348937
2024-08-22,ETH,0.34829987371383514
2024-08-23,ETH,0.4033965830291353
2024-08-24,ETH,0.3559595999957846
2024-08-25,ETH,0.3506727600615602
2024-08-26,ETH,0.37372745077523895
2024-08-27,ETH,0.3631224077677222
2024-08-28,ETH,0.5339124067583996
2024-08-29,ETH,0.30919852217143734
2024-08-30,ETH,0.3600828724943996
2024-08-31,ETH,0.33053072589152277
2024-09-01,ETH,0.629543402407518
2024-09-02,ETH,0.6568070009291693
2024-09-03,ETH,0.37094235401411246
2024-09-04,ETH,0.3316544451682619
2024-09-05,ETH,0.2592579208765117
2024-09-06,ETH,0.2609558276886948
2024-09-07,ETH,0.5446821051156245
2024-09-08,ETH,0.2711206722859406
2024-09-09,ETH,0.31712798406837306
2024-09-10,ETH,0.47447801271498274
2024-09-11,ETH,0.3943911681865211
2024-09-12,ETH,0.5386970156388879
2024-09-13,ETH,0.4984558001777486
2024-09-14,ETH,0.4446101275820434
2024-09-15,ETH,0.48079378509223625
2024-09-16,ETH,0.8787272749989823
2024-09-17,ETH,0.8161573670237232
2024-09-18,ETH,0.7816042851604875
2024-09-19,ETH,0.6869236853370354
2024-09-20,ETH,0.7639114306387829
2024-09-21,ETH,0.8995585364423588
2024-09-22,ETH,0.7118423381247694
2024-09-23,ETH,0.4830274300484892
2024-09-24,ETH,0.6402650079135137
2024-09-25,ETH,0.6983243371021631
2024-09-26,ETH,0.4576922897505171
2024-09-27,ETH,0.26810722243044466
2024-09-28,ETH,0.3591288568788245
2024-09-29,ETH,0.4246978817480366
2024-09-30,ETH,0.5665517455125175
2024-10-01,ETH,0.5667824070334349
2024-10-02,ETH,0.3528674365612621
2024-10-03,ETH,0.6184003761959223
2024-10-04,ETH,0.7611109418390603
2024-10-05,ETH,0.6073859373082726
2024-10-06,ETH,0.7888422077334049
2024-10-07,ETH,0.64291450368884
2024-10-08,ETH,0.7252255890872277
2024-10-09,ETH,0.471469841790423
2024-10-10,ETH,0.4933168600691999
2024-10-11,ETH,0.6138746060778973
2024-10-12,ETH,0.6922330709279303
2024-10-13,ETH,0.6264989386816157
2024-10-14,ETH,0.6795912801715065
2024-10-15,ETH,0.49627482572232506
2024-10-16,ETH,0.2752390982434962
2024-10-17,ETH,0.5560919828495791
2024-10-18,ETH,0.41642094741332064
2024-10-19,ETH,0.21460203827410454
2024-10-20,ETH,0.25352842777199736
2024-10-21,ETH,0.20751309835703663
2024-10-22,ETH,0.24604382711230435
2024-10-23,ETH,0.29833236467983987
2024-10-24,ETH,0.24945008466323884
2024-10-25,ETH,0.2161965545796005
2024-10-26,ETH,0.3127094984457375
2024-10-27,ETH,0.7196115107242617
2024-10-28,ETH,0.4042140232455236
2024-10-29,ETH,0.3574169770718181
2024-10-30,ETH,0.6047058338274802
2024-10-31,ETH,0.7910655014860241
2024-11-01,ETH,0.8372542848678771
2024-11-02,ETH,0.7761151782525044
2024-11-03,ETH,0.6364796500797877
2024-11-04,ETH,0.6593216577838307
2024-11-05,ETH,0.7258055543028198
2024-11-06,ETH,0.5644967863822019
2024-11-07,ETH,0.46982155073188403
2024-11-08,ETH,0.3105602698900287
2024-11-09,ETH,0.2938633549413107
2024-11-10,ETH,0.2703282687754357
2024-11-11,ETH,0.4301177264751559
2024-11-12,ETH,0.25797713267540984
2024-11-13,ETH,0.4018195093781849
2024-11-14,ETH,0.29815991033938943
2024-11-15,ETH,0.254717279577773
2024-11-16,ETH,0.23117233580461943
2024-11-17,ETH,0.31435512790693454
2024-11-18,ETH,0.305586184828345
2024-11-19,ETH,0.6208123169784425
2024-11-20,ETH,0.42259324064007686
2024-11-21,ETH,0.5305250617083312
2024-11-22,ETH,0.41636886301124637
2024-11-23,ETH,0.33311737853263623
2024-11-24,ETH,0.552069606084566
2024-11-25,ETH,0.7048731864699442
2024-11-26,ETH,0.36585829835819156
2024-11-27,ETH,0.7919209144320295
2024-11-28,ETH,0.7702306338032128
2024-11-29,ETH,0.6178381015324186
2024-11-30,ETH,0.6325198889992839
2024-12-01,ETH,0.6759830611950545
2024-12-02,ETH,0.650929141080335
2024-12-03,ETH,0.3901663475204059
2024-12-04,ETH,0.5079690307924937
2024-12-05,ETH,0.2849077104211495
2024-12-06,ETH,0.34945070915436816
2024-12-07,ETH,0.2573783885771612
2024-12-08,ETH,0.2886844765953759
2024-12-09,ETH,0.3373271105327869
2024-12-10,ETH,0.2562627507062336
2024-12-11,ETH,0.2155789578648888
2024-12-12,ETH,0.34892695392139206
2024-12-13,ETH,0.25625718948088944
2024-12-14,ETH,0.2775247909655445
2024-12-15,ETH,0.34879078994613094
2024-12-16,ETH,0.268777421006686
2024-12-17,ETH,0.2789041229843655
2024-12-18,ETH,0.4082967505088884
2024-12-19,ETH,0.3801828333404651
2024-12-20,ETH,0.36248900295919184
2024-12-21,ETH,0.2523411065123071
2024-12-22,ETH,0.29041669505774936
2024-12-23,ETH,0.5291391112575863
2024-12-24,ETH,0.7384089531528937
2024-12-25,ETH,0.7842646153257612
2024-12-26,ETH,0.649142471341483
2024-12-27,ETH,0.5931579607141536
2024-12-28,ETH,0.5562527858450445
2024-12-29,ETH,0.478499477173176
2024-12-30,ETH,0.7369314758803005
2024-12-31,ETH,0.5066946368915026
2025-01-01,ETH,0.4199605833873008
2025-01-02,ETH,0.2752138969544818
2025-01-03,ETH,0.3357003134749574
2025-01-04,ETH,0.37288950336105353
2025-01-05,ETH,0.41196663320807203
2025-01-06,ETH,0.28636818073714265
2025-01-07,ETH,0.2584974622445059
2025-01-08,ETH,0.5983540595256247
2025-01-09,ETH,0.6678195156840346
2025-01-10,ETH,0.5131520898360795
2025-01-11,ETH,0.46486299951335697
2025-01-12,ETH,0.4891440442548013
2025-01-13,ETH,0.5009729704332391
2025-01-14,ETH,0.39504443074667217
2025-01-15,ETH,0.46552798420821057
2025-01-16,ETH,0.3991690612777761
2025-01-17,ETH,0.7491788644699104
2025-01-18,ETH,0.7065538164487384
2025-01-19,ETH,0.7858523403833308
2025-01-20,ETH,0.8680984900826878
2025-01-21,ETH,0.7788833046570415
2025-01-22,ETH,0.7629738403042826
2025-01-23,ETH,0.6760865265913851
2025-01-24,ETH,0.48050029900559305
2025-01-25,ETH,0.6397508043087718
2025-01-26,ETH,0.39230094629602985
2025-01-27,ETH,0.3412310017988124
2025-01-28,ETH,0.3270033101631045
2025-01-29,ETH,0.6097469324334434
2025-01-30,ETH,0.5018792289255994
2025-01-31,ETH,0.4610767078016358
2025-02-01,ETH,0.3880094175772969
2025-02-02,ETH,0.556378631838054
2025-02-03,ETH,0.39051521737021855
2025-02-04,ETH,0.34408227049984
2025-02-05,ETH,0.34003979812228013
2025-02-06,ETH,0.7010525960518789
2025-02-07,ETH,0.30968989421348964
2025-02-08,ETH,0.5067697884223633
2025-02-09,ETH,0.3109898071795659
2025-02-10,ETH,0.5423086296149555
2025-02-11,ETH,0.30359133673188116
2025-02-12,ETH,0.5890441416926271
2025-02-13,ETH,0.5777161234860541
2025-02-14,ETH,0.3868009165163736
2025-02-15,ETH,0.6731760358236619
2025-02-16,ETH,0.33363201454278973
2025-02-17,ETH,0.47904215138852024
2025-02-18,ETH,0.7592503983390003
2025-02-19,ETH,0.630911999951673
2025-02-20,ETH,0.6684655224835878
2025-02-21,ETH,0.6021055109242198
2025-02-22,ETH,0.6092067073611871
2025-02-23,ETH,0.477833957219451
2025-02-24,ETH,0.4740802086716547
2025-02-25,ETH,0.4327527356058602
2025-02-26,ETH,0.25673864005599245
2025-02-27,ETH,0.25777348605095707
2025-02-28,ETH,0.24391728578100663
2025-03-01,ETH,0.38670043210549576
2025-03-02,ETH,0.25621818147852016
2025-03-03,ETH,0.25788723365108923
2025-03-04,ETH,0.29540533047433837
2025-03-05,ETH,0.5199836543503881
2025-03-06,ETH,0.7470129175245439
2025-03-07,ETH,0.5910743791173716
2025-03-08,ETH,0.37550049121292195
2025-03-09,ETH,0.5315739877642108
2025-03-10,ETH,0.37856375171246487
2025-03-11,ETH,0.7505967673379483
2025-03-12,ETH,0.7695939975066305
2025-03-13,ETH,0.4027220350796666
2025-03-14,ETH,0.3732074604829124
2025-03-15,ETH,0.3405802560127703
2025-03-16,ETH,0.6698403088955085
2025-03-17,ETH,0.3638077622676738
2025-03-18,ETH,0.3832434738538955
2025-03-19,ETH,0.8580372509091458
2025-03-20,ETH,0.6749304890285304
2025-03-21,ETH,0.6430963257348463
2025-03-22,ETH,0.6838529223220137
2025-03-23,ETH,0.536829476477796
2025-03-24,ETH,0.47979887650194974
2025-03-25,ETH,0.8207234146735773
2025-03-26,ETH,0.6169858241230594
2025-03-27,ETH,0.4290598523811316
2025-03-28,ETH,0.5499421241883033
2024-07-01,SOM,0.6115109108273782
2024-07-02,SOM,0.5912727625554408
2024-07-03,SOM,0.6146818081815314
2024-07-04,SOM,0.4122276551880546
2024-07-05,SOM,0.7319822036162289
2024-07-06,SOM,0.38196425684305846
2024-07-07,SOM,0.46538422917341027
2024-07-08,SOM,0.4445466644350802
2024-07-09,SOM,0.5559875925299946
2024-07-10,SOM,0.7882442213691329
2024-07-11,SOM,0.7439713970569507
2024-07-12,SOM,0.5677306607993109
2024-07-13,SOM,0.8961142947279784
2024-07-14,SOM,0.5707958459197735
2024-07-15,SOM,0.8822752329197023
2024-07-16,SOM,0.905156141143797
2024-07-17,SOM,0.3613035581998065
2024-07-18,SOM,0.3293142693856092
2024-07-19,SOM,0.7958113142806894
2024-07-20,SOM,0.33309338575912645
2024-07-21,SOM,0.32608758550640443
2024-07-22,SOM,0.594934925804067
2024-07-23,SOM,0.22011198961301337
2024-07-24,SOM,0.2996638642721851
2024-07-25,SOM,0.2667444694858569
2024-07-26,SOM,0.21221340910363845
2024-07-27,SOM,0.22825336051232867
2024-07-28,SOM,0.22139607100366474
2024-07-29,SOM,0.21217924876220573
2024-07-30,SOM,0.20974383854559506
2024-07-31,SOM,0.21158053425126025
2024-08-01,SOM,0.21716578547878157
2024-08-02,SOM,0.40579955766725134
2024-08-03,SOM,0.2763765593647055
2024-08-04,SOM,0.2101579995571086
2024-08-05,SOM,0.48336372449163767
2024-08-06,SOM,0.373388570790549
2024-08-07,SOM,0.42640685578814685
2024-08-08,SOM,0.6875833613997964
2024-08-09,SOM,0.2639815537613739
2024-08-10,SOM,0.31758486874214514
2024-08-11,SOM,0.30900821484684676
2024-08-12,SOM,0.2797703058800973
2024-08-13,SOM,0.8414398752530466
2024-08-14,SOM,0.3697513063809724
2024-08-15,SOM,0.30924402925896105
2024-08-16,SOM,0.6909506777907803
2024-08-17,SOM,0.7495249279466331
2024-08-18,SOM,0.6830185067627336
2024-08-19,SOM,0.8093830712186164
2024-08-20,SOM,0.5235619770927078
2024-08-21,SOM,0.31069000908464206
2024-08-22,SOM,0.2847339255650533
2024-08-23,SOM,0.3015692224506698
2024-08-24,SOM,0.29984464944104416
2024-08-25,SOM,0.3137850369869578
2024-08-26,SOM,0.30923613191881216
2024-08-27,SOM,0.5030457928651985
2024-08-28,SOM,0.5944824122047091
2024-08-29,SOM,0.6114305325841071
2024-08-30,SOM,0.538140398303187
2024-08-31,SOM,0.6328637022989709
2024-09-01,SOM,0.5802925669242412
2024-09-02,SOM,0.5018818677233523
2024-09-03,SOM,0.8979894196711145
2024-09-04,SOM,0.5581967740064133
2024-09-05,SOM,0.6744759689435904
2024-09-06,SOM,0.7865313710359516
2024-09-07,SOM,0.788084809285279
2024-09-08,SOM,0.6165979446513754
2024-09-09,SOM,0.5465201390368946
2024-09-10,SOM,0.7038550017447786
2024-09-11,SOM,0.5882792845368048
2024-09-12,SOM,0.4394987750516113
2024-09-13,SOM,0.4495928742888723
2024-09-14,SOM,0.462149709840444
2024-09-15,SOM,0.45832629861355745
2024-09-16,SOM,0.6400684830172364
2024-09-17,SOM,0.6092998144963442
2024-09-18,SOM,0.8848973927969571
2024-09-19,SOM,0.5893796397328519
2024-09-20,SOM,0.6003240321331987
2024-09-21,SOM,0.5618636920802337
2024-09-22,SOM,0.5315393734448961
2024-09-23,SOM,0.5535753086560774
2024-09-24,SOM,0.8991396169178644
2024-09-25,SOM,0.650375787875614
2024-09-26,SOM,0.4124809684326514
2024-09-27,SOM,0.3739056196774776
2024-09-28,SOM,0.3980567223898849
2024-09-29,SOM,0.4550397499554508
2024-09-30,SOM,0.3431085371626679
2024-10-01,SOM,0.32968619910590075
2024-10-02,SOM,0.7973131470489105
2024-10-03,SOM,0.4678828893129335
2024-10-04,SOM,0.8865128698588775
2024-10-05,SOM,0.7705860509791115
2024-10-06,SOM,0.7974625244655626
2024-10-07,SOM,0.6342602336203979
2024-10-08,SOM,0.8828139790412824
2024-10-09,SOM,0.5467947541703246
2024-10-10,SOM,0.5703312505153113
2024-10-11,SOM,0.43481011846210715
2024-10-12,SOM,0.4405579975665146
2024-10-13,SOM,0.31354362538414327
2024-10-14,SOM,0.3922884367006981
2024-10-15,SOM,0.5073783373986414
2024-10-16,SOM,0.38278985026683876
2024-10-17,SOM,0.3375612620840871
2024-10-18,SOM,0.2597549563403395
2024-10-19,SOM,0.6087945444457253
2024-10-20,SOM,0.5907784565163208
2024-10-21,SOM,0.2924345290488128
2024-10-22,SOM,0.44478358550617847
2024-10-23,SOM,0.3702644618002777
2024-10-24,SOM,0.6667530694308179
2024-10-25,SOM,0.4947029521098289
2024-10-26,SOM,0.4749322469106039
2024-10-27,SOM,0.3000385944431076
2024-10-28,SOM,0.30916071768685327
2024-10-29,SOM,0.2603469900109034
2024-10-30,SOM,0.28042565775198397
2024-10-31,SOM,0.30622553640171835
2024-11-01,SOM,0.5528886693634619
2024-11-02,SOM,0.7386368970363367
2024-11-03,SOM,0.31222354840758193
2024-11-04,SOM,0.32167832570121924
2024-11-05,SOM,0.2846183059641271
2024-11-06,SOM,0.6991942598608158
2024-11-07,SOM,0.3482198362200981
2024-11-08,SOM,0.4724685406398896
2024-11-09,SOM,0.31701500690310597
2024-11-10,SOM,0.5436609643415978
2024-11-11,SOM,0.5274797514587739
2024-11-12,SOM,0.2999240322651141
2024-11-13,SOM,0.30421058116686706
2024-11-14,SOM,0.2621059482506068
2024-11-15,SOM,0.27772993087438663
2024-11-16,SOM,0.256426546568047
2024-11-17,SOM,0.2491405234152262
2024-11-18,SOM,0.26171300651541857
2024-11-19,SOM,0.24373780910197937
2024-11-20,SOM,0.2835847313461213
2024-11-21,SOM,0.2972141909606993
2024-11-22,SOM,0.29358790783785127
2024-11-23,SOM,0.3003443252958334
2024-11-24,SOM,0.32569588522865484
2024-11-25,SOM,0.46379342535323476
2024-11-26,SOM,0.435382323287521
2024-11-27,SOM,0.7396098174839961
2024-11-28,SOM,0.5162341660920372
2024-11-29,SOM,0.5518410305750233
2024-11-30,SOM,0.5471060560557002
2024-12-01,SOM,0.6098585013364557
2024-12-02,SOM,0.5957166057421444
2024-12-03,SOM,0.9024408585409199
2024-12-04,SOM,0.4645033228335656
2024-12-05,SOM,0.6704022750088932
2024-12-06,SOM,0.8790477981855145
2024-12-07,SOM,0.516232118145172
2024-12-08,SOM,0.5120627502810826
2024-12-09,SOM,0.5112056947234785
2024-12-10,SOM,0.3066167214225985
2024-12-11,SOM,0.4468630680670877
2024-12-12,SOM,0.3262204851845104
2024-12-13,SOM,0.2551992733420464
2024-12-14,SOM,0.2812671600846639
2024-12-15,SOM,0.290673164502465
2024-12-16,SOM,0.3321437225773548
2024-12-17,SOM,0.353564815080354
2024-12-18,SOM,0.287675247339666
2024-12-19,SOM,0.3599860892263898
2024-12-20,SOM,0.6890331196774706
2024-12-21,SOM,0.45702496297900846
2024-12-22,SOM,0.29433876488404503
2024-12-23,SOM,0.3028993178637628
2024-12-24,SOM,0.3134411406709516
2024-12-25,SOM,0.2828744799391973
2024-12-26,SOM,0.32846135996985554
2024-12-27,SOM,0.29352115623993985
2024-12-28,SOM,0.31136313046548364
2024-12-29,SOM,0.4151995091790746
2024-12-30,SOM,0.4353309918685118
2024-12-31,SOM,0.8437768835074727
2025-01-01,SOM,0.7423334083506835
2025-01-02,SOM,0.42569825643293663
2025-01-03,SOM,0.6721938163384323
2025-01-04,SOM,0.4739452288379011
2025-01-05,SOM,0.6866531862645715
2025-01-06,SOM,0.47241742184424895
2025-01-07,SOM,0.3051764290101791
2025-01-08,SOM,0.4362241529446965
2025-01-09,SOM,0.28386555196189006
2025-01-10,SOM,0.2753254183535969
2025-01-11,SOM,0.48299858474957075
2025-01-12,SOM,0.293118628308875
2025-01-13,SOM,0.5964371310567771
2025-01-14,SOM,0.367031213321114
2025-01-15,SOM,0.5341850975234772
2025-01-16,SOM,0.7225911411617812
2025-01-17,SOM,0.6557144608120804
2025-01-18,SOM,0.6836697395076942
2025-01-19,SOM,0.43766831983150234
2025-01-20,SOM,0.34869378076509006
2025-01-21,SOM,0.2559014638338474
2025-01-22,SOM,0.2465305577507424
2025-01-23,SOM,0.2383144943937848
2025-01-24,SOM,0.23455780680841348
2025-01-25,SOM,0.3032843805937232
2025-01-26,SOM,0.2325402911600415
2025-01-27,SOM,0.2698750485740403
2025-01-28,SOM,0.8026988672877247
2025-01-29,SOM,0.46632882915587187
2025-01-30,SOM,0.862925572820944
2025-01-31,SOM,0.5447224712393152
2025-02-01,SOM,0.8842880256044513
2025-02-02,SOM,0.7889697120736482
2025-02-03,SOM,0.3211210135776095
2025-02-04,SOM,0.8217666018759264
2025-02-05,SOM,0.5202180082117807
2025-02-06,SOM,0.37857417669563065
2025-02-07,SOM,0.6364704733766204
2025-02-08,SOM,0.29164546903775374
2025-02-09,SOM,0.34129399434836627
2025-02-10,SOM,0.6121529183835116
2025-02-11,SOM,0.5072867108850223
2025-02-12,SOM,0.28365165266023357
2025-02-13,SOM,0.21854052756573186
2025-02-14,SOM,0.2216128707481888
2025-02-15,SOM,0.2138353252474305
2025-02-16,SOM,0.3705551297658667
2025-02-17,SOM,0.231155404135225
2025-02-18,SOM,0.2231676503663341
2025-02-19,SOM,0.25162136269994384
2025-02-20,SOM,0.6918861930435461
2025-02-21,SOM,0.3798822788682521
2025-02-22,SOM,0.35103689278567846
2025-02-23,SOM,0.30182967723872667
2025-02-24,SOM,0.2257061348586165
2025-02-25,SOM,0.8860796218604563
2025-02-26,SOM,0.35809522444081865
2025-02-27,SOM,0.47366009197880576
2025-02-28,SOM,0.39981833508479353
2025-03-01,SOM,0.5150073744545496
2025-03-02,SOM,0.27082542230390266
2025-03-03,SOM,0.2759630162801941
2025-03-04,SOM,0.25575517141919085
2025-03-05,SOM,0.49224647967465407
2025-03-06,SOM,0.22828953034067292
2025-03-07,SOM,0.6797366026026076
2025-03-08,SOM,0.550140746458143
2025-03-09,SOM,0.22592814943555256
2025-03-10,SOM,0.43705321397739283
2025-03-11,SOM,0.7926583499937544
2025-03-12,SOM,0.27665663486879033
2025-03-13,SOM,0.6568984671194824
2025-03-14,SOM,0.2567002180421083
2025-03-15,SOM,0.6842686495744236
2025-03-16,SOM,0.4654002783696215
2025-03-17,SOM,0.5737652192599944
2025-03-18,SOM,0.7422894750527841
2025-03-19,SOM,0.43750918583137804
2025-03-20,SOM,0.542254374173168
2025-03-21,SOM,0.5580237311801307
2025-03-22,SOM,0.4721605489320067
2025-03-23,SOM,0.343010529961459
2025-03-24,SOM,0.21323765668502392
2025-03-25,SOM,0.21561511685155932
2025-03-26,SOM,0.24749526225296645
2025-03-27,SOM,0.22933021165111966
2025-03-28,SOM,0.2297866894647688
2024-07-01,KEN,0.37265241780926855
2024-07-02,KEN,0.4685124318253809
2024-07-03,KEN,0.3674913368876313
2024-07-04,KEN,0.5065691862525886
2024-07-05,KEN,0.4414535355733232
2024-07-06,KEN,0.4408452075087979
2024-07-07,KEN,0.2856712037815417
2024-07-08,KEN,0.3429787401035298
2024-07-09,KEN,0.3422271026454481
2024-07-10,KEN,0.3371515944330507
2024-07-11,KEN,0.6923369690761302
2024-07-12,KEN,0.4051671280925231
2024-07-13,KEN,0.38146384893149804
2024-07-14,KEN,0.46218606783669447
2024-07-15,KEN,0.7741808929801032
2024-07-16,KEN,0.7533309125281931
2024-07-17,KEN,0.4442094884904735
2024-07-18,KEN,0.2944383758409506
2024-07-19,KEN,0.34060512683333394
2024-07-20,KEN,0.49873731387782094
2024-07-21,KEN,0.30447446530523525
2024-07-22,KEN,0.6459193135392819
2024-07-23,KEN,0.3899259439308423
2024-07-24,KEN,0.6358021256798672
2024-07-25,KEN,0.5803478661593104
2024-07-26,KEN,0.7374468781670804
2024-07-27,KEN,0.5930310357397229
2024-07-28,KEN,0.7640717208491762
2024-07-29,KEN,0.4298161766007619
2024-07-30,KEN,0.5981232959626231
2024-07-31,KEN,0.44184198765651006
2024-08-01,KEN,0.6459013803975691
2024-08-02,KEN,0.39204785026261474
2024-08-03,KEN,0.6608729974982566
2024-08-04,KEN,0.3613549618678058
2024-08-05,KEN,0.5737181362617965
2024-08-06,KEN,0.5314828936169692
2024-08-07,KEN,0.6354596521651333
2024-08-08,KEN,0.8034950376725487
2024-08-09,KEN,0.7962432986884859
2024-08-10,KEN,0.5664870304734096
2024-08-11,KEN,0.561182577002561
2024-08-12,KEN,0.8923192402601917
2024-08-13,KEN,0.8178649009636566
2024-08-14,KEN,0.44749041640499554
2024-08-15,KEN,0.8833854175120631
2024-08-16,KEN,0.5549771190935349
2024-08-17,KEN,0.8571058100171653
2024-08-18,KEN,0.613108942254726
2024-08-19,KEN,0.6229477065536002
2024-08-20,KEN,0.5891149034009832
2024-08-21,KEN,0.30768082743226993
2024-08-22,KEN,0.44719908632052147
2024-08-23,KEN,0.3646378148016788
2024-08-24,KEN,0.3115221185864721
2024-08-25,KEN,0.5756715612195349
2024-08-26,KEN,0.29677715753694023
2024-08-27,KEN,0.30827249994109096
2024-08-28,KEN,0.5348387081186996
2024-08-29,KEN,0.3633587252304497
2024-08-30,KEN,0.5632712057423132
2024-08-31,KEN,0.3644180828443534
2024-09-01,KEN,0.34521176859084
2024-09-02,KEN,0.6350460773069521
2024-09-03,KEN,0.7967308425195285
2024-09-04,KEN,0.4971385311647068
2024-09-05,KEN,0.6519173820737455
2024-09-06,KEN,0.5644439296513444
2024-09-07,KEN,0.7567689977276947
2024-09-08,KEN,0.5327075759487006
2024-09-09,KEN,0.42741014296094537
2024-09-10,KEN,0.40449103362936284
2024-09-11,KEN,0.5321979148864306
2024-09-12,KEN,0.8724049430021193
2024-09-13,KEN,0.7950426002340927
2024-09-14,KEN,0.7969943083364908
2024-09-15,KEN,0.5208634815964545
2024-09-16,KEN,0.5663420122956272
2024-09-17,KEN,0.9266360763256637
2024-09-18,KEN,0.8832655976779711
2024-09-19,KEN,0.9313816890754569
2024-09-20,KEN,0.9249061838961299
2024-09-21,KEN,0.7592063341743635
2024-09-22,KEN,0.936474073885113
2024-09-23,KEN,0.8968040024412665
2024-09-24,KEN,0.6630376767365773
2024-09-25,KEN,0.4290608360896024
2024-09-26,KEN,0.33995764593336414
2024-09-27,KEN,0.5438316900299643
2024-09-28,KEN,0.3280390666688492
2024-09-29,KEN,0.29878071107912896
2024-09-30,KEN,0.2753444596943786
2024-10-01,KEN,0.3063764516714863
2024-10-02,KEN,0.3656090373390317
2024-10-03,KEN,0.32970119132142195
2024-10-04,KEN,0.7065917252488216
2024-10-05,KEN,0.5021142556828451
2024-10-06,KEN,0.5913112502771525
2024-10-07,KEN,0.7037035789897605
2024-10-08,KEN,0.8950740308065327
2024-10-09,KEN,0.9307803000233387
2024-10-10,KEN,0.887096474058708
2024-10-11,KEN,0.7748733327381793
2024-10-12,KEN,0.5333792078308601
2024-10-13,KEN,0.42400355366677395
2024-10-14,KEN,0.5784756208283555
2024-10-15,KEN,0.452596848794808
2024-10-16,KEN,0.8912347824203438
2024-10-17,KEN,0.48329460557769965
2024-10-18,KEN,0.46066792634975356
2024-10-19,KEN,0.7737267947925136
2024-10-20,KEN,0.29395174072760366
2024-10-21,KEN,0.29123098997280905
2024-10-22,KEN,0.3067903318883644
2024-10-23,KEN,0.5607132087243466
2024-10-24,KEN,0.4136255684928482
2024-10-25,KEN,0.5260588346941178
2024-10-26,KEN,0.30717468064000797
2024-10-27,KEN,0.2897249087349003
2024-10-28,KEN,0.6211346303638611
2024-10-29,KEN,0.3142532188938655
2024-10-30,KEN,0.3600515788211869
2024-10-31,KEN,0.36780633761340087
2024-11-01,KEN,0.31343258217576414
2024-11-02,KEN,0.9181616102986739
2024-11-03,KEN,0.7604124161469982
2024-11-04,KEN,0.39461294044815154
2024-11-05,KEN,0.7058343997232174
2024-11-06,KEN,0.3462543940823919
2024-11-07,KEN,0.36732433565317146
2024-11-08,KEN,0.35652547499541104
2024-11-09,KEN,0.35680684705833804
2024-11-10,KEN,0.7315961335444235
2024-11-11,KEN,0.5894167085556123
2024-11-12,KEN,0.41548080259293774
2024-11-13,KEN,0.9096143255014367
2024-11-14,KEN,0.9197059610424055
2024-11-15,KEN,0.9227598897978487
2024-11-16,KEN,0.8560206902731629
2024-11-17,KEN,0.6984999814905365
2024-11-18,KEN,0.5516350503651697
2024-11-19,KEN,0.8829949932859993
2024-11-20,KEN,0.6422665035159908
2024-11-21,KEN,0.8850685801676326
2024-11-22,KEN,0.5409318495804964
2024-11-23,KEN,0.5287117521025859
2024-11-24,KEN,0.9133463440216167
2024-11-25,KEN,0.7762638187646982
2024-11-26,KEN,0.6954686567560295
2024-11-27,KEN,0.7040695642745224
2024-11-28,KEN,0.6099909346899535
2024-11-29,KEN,0.32846563119565003
2024-11-30,KEN,0.38741310461260375
2024-12-01,KEN,0.2856877233395593
2024-12-02,KEN,0.283996466610163
2024-12-03,KEN,0.2745372035035358
2024-12-04,KEN,0.2855586388631719
2024-12-05,KEN,0.8232801004716691
2024-12-06,KEN,0.7395340114558671
2024-12-07,KEN,0.8221962717609522
2024-12-08,KEN,0.8361143554623063
2024-12-09,KEN,0.9069209407243197
2024-12-10,KEN,0.8161522642630413
2024-12-11,KEN,0.8986234021854088
2024-12-12,KEN,0.9373948705774882
2024-12-13,KEN,0.8976989058021045
2024-12-14,KEN,0.9419769429737318
2024-12-15,KEN,0.9103033471888375
2024-12-16,KEN,0.9215019577332201
2024-12-17,KEN,0.9354376453301503
2024-12-18,KEN,0.849404809221995
2024-12-19,KEN,0.8338132924882514
2024-12-20,KEN,0.6994315714526962
2024-12-21,KEN,0.7134232388359635
2024-12-22,KEN,0.8480443994077305
2024-12-23,KEN,0.440914035436341
2024-12-24,KEN,0.7080848214932859
2024-12-25,KEN,0.68758723633548
2024-12-26,KEN,0.44186764651145516
2024-12-27,KEN,0.4616779994261757
2024-12-28,KEN,0.7457264344182707
2024-12-29,KEN,0.6838227717232673
2024-12-30,KEN,0.49209842524431624
2024-12-31,KEN,0.28763164061061586
2025-01-01,KEN,0.3406703109181859
2025-01-02,KEN,0.43603106432115546
2025-01-03,KEN,0.34774772242477
2025-01-04,KEN,0.2471434610618569
2025-01-05,KEN,0.39400420338104986
2025-01-06,KEN,0.32135478920757127
2025-01-07,KEN,0.3704650885577016
2025-01-08,KEN,0.6342128782444796
2025-01-09,KEN,0.4710833871451258
2025-01-10,KEN,0.3847823113814677
2025-01-11,KEN,0.7371250084088067
2025-01-12,KEN,0.8434865454883201
2025-01-13,KEN,0.47633294553102423
2025-01-14,KEN,0.5373068865109261
2025-01-15,KEN,0.6987083240336845
2025-01-16,KEN,0.8089526513863721
2025-01-17,KEN,0.7950952359485389
2025-01-18,KEN,0.6738301748666871
2025-01-19,KEN,0.4372221118971026
2025-01-20,KEN,0.41641601282976987
2025-01-21,KEN,0.4524445015849074
2025-01-22,KEN,0.5108872553700006
2025-01-23,KEN,0.3714478343759002
2025-01-24,KEN,0.40997353703666006
2025-01-25,KEN,0.48768818065266806
2025-01-26,KEN,0.3430916204550892
2025-01-27,KEN,0.6122624154719958
2025-01-28,KEN,0.4339400629929979
2025-01-29,KEN,0.3797431609371525
2025-01-30,KEN,0.3220409076349229
2025-01-31,KEN,0.34461515161366674
2025-02-01,KEN,0.6053190344032084
2025-02-02,KEN,0.40514364427167315
2025-02-03,KEN,0.8940385766679313
2025-02-04,KEN,0.40907119417132554
2025-02-05,KEN,0.6305147161793844
2025-02-06,KEN,0.6159345022409888
2025-02-07,KEN,0.6186265851137634
2025-02-08,KEN,0.4697599389368013
2025-02-09,KEN,0.5184305839164128
2025-02-10,KEN,0.6525335010062658
2025-02-11,KEN,0.45745932822433505
2025-02-12,KEN,0.5513135125333342
2025-02-13,KEN,0.6670301816137579
2025-02-14,KEN,0.5533098024838683
2025-02-15,KEN,0.6876143100806841
2025-02-16,KEN,0.5103620865563495
2025-02-17,KEN,0.5387856312548416
2025-02-18,KEN,0.5038182232160913
2025-02-19,KEN,0.5884411547110691
2025-02-20,KEN,0.6707449884868154
2025-02-21,KEN,0.4889782324806093
2025-02-22,KEN,0.9618438534178353
2025-02-23,KEN,0.8318670855347639
2025-02-24,KEN,0.9516613751291979
2025-02-25,KEN,0.9353816391132522
2025-02-26,KEN,0.9054397014969165
2025-02-27,KEN,0.6515950677980737
2025-02-28,KEN,0.7391383244308831
2025-03-01,KEN,0.21504697662492622
2025-03-02,KEN,0.2210564391085292
2025-03-03,KEN,0.23490941283432482
2025-03-04,KEN,0.22674496438532332
2025-03-05,KEN,0.21656224318837342
2025-03-06,KEN,0.23637946280919322
2025-03-07,KEN,0.21078319705830217
2025-03-08,KEN,0.43705434691616135
2025-03-09,KEN,0.5976386875767866
2025-03-10,KEN,0.45611050989871316
2025-03-11,KEN,0.7775623771773904
2025-03-12,KEN,0.7253685749144602
2025-03-13,KEN,0.6605103732369609
2025-03-14,KEN,0.48842953517521326
2025-03-15,KEN,0.730774894459066
2025-03-16,KEN,0.6753435318130037
2025-03-17,KEN,0.8954013285925058
2025-03-18,KEN,0.7468713392325568
2025-03-19,KEN,0.7416573006812716
2025-03-20,KEN,0.7125503771829587
2025-03-21,KEN,0.45488587768179317
2025-03-22,KEN,0.8471558450140115
2025-03-23,KEN,0.9245125570257019
2025-03-24,KEN,0.8376149797091201
2025-03-25,KEN,0.8262378932852634
2025-03-26,KEN,0.7772330861912365
2025-03-27,KEN,0.8154718218978596
2025-03-28,KEN,0.7355811517668261
2024-07-01,UGA,0.8089146252555777
2024-07-02,UGA,0.843074607222913
2024-07-03,UGA,0.8044952815747878
2024-07-04,UGA,0.9522701070845088
2024-07-05,UGA,0.9420893711924408
2024-07-06,UGA,0.38079068191742993
2024-07-07,UGA,0.314582946089437
2024-07-08,UGA,0.31549169852357367
2024-07-09,UGA,0.3051977393593227
2024-07-10,UGA,0.2983110356260224
2024-07-11,UGA,0.2783573309962072
2024-07-12,UGA,0.2568854124162359
2024-07-13,UGA,0.26187668745358106
2024-07-14,UGA,0.2622534367328789
2024-07-15,UGA,0.2762334929356646
2024-07-16,UGA,0.26776706490283575
2024-07-17,UGA,0.25493427686414183
2024-07-18,UGA,0.43660431515822257
2024-07-19,UGA,0.44659480551783715
2024-07-20,UGA,0.6287502003090683
2024-07-21,UGA,0.8947655316931558
2024-07-22,UGA,0.7417243829182062
2024-07-23,UGA,0.8377549661914785
2024-07-24,UGA,0.908660927699943
2024-07-25,UGA,0.8446651961739744
2024-07-26,UGA,0.882394011256461
2024-07-27,UGA,0.8862287697494673
2024-07-28,UGA,0.30120587127103454
2024-07-29,UGA,0.28102212192056736
2024-07-30,UGA,0.2628717999607484
2024-07-31,UGA,0.25193842493624946
2024-08-01,UGA,0.24236730295992692
2024-08-02,UGA,0.246302858234883
2024-08-03,UGA,0.24012679464034264
2024-08-04,UGA,0.6966098391969705
2024-08-05,UGA,0.6848168267518351
2024-08-06,UGA,0.5409424195157216
2024-08-07,UGA,0.7112607779845567
2024-08-08,UGA,0.7949414072652611
2024-08-09,UGA,0.772077368217605
2024-08-10,UGA,0.7680860463414299
2024-08-11,UGA,0.7979989013377512
2024-08-12,UGA,0.6331941482718084
2024-08-13,UGA,0.8379409899728708
2024-08-14,UGA,0.6165209479305496
2024-08-15,UGA,0.565020941598464
2024-08-16,UGA,0.6346464746081693
2024-08-17,UGA,0.9100235178643571
2024-08-18,UGA,0.8624930977075355
2024-08-19,UGA,0.766312887127339
2024-08-20,UGA,0.7876839217785578
2024-08-21,UGA,0.8252168489028069
2024-08-22,UGA,0.7845233936399889
2024-08-23,UGA,0.8131570082241062
2024-08-24,UGA,0.6667803951879883
2024-08-25,UGA,0.7384653105278789
2024-08-26,UGA,0.6748352714198876
2024-08-27,UGA,0.5324895334075058
2024-08-28,UGA,0.866971134156535
2024-08-29,UGA,0.7782401837900624
2024-08-30,UGA,0.5498934411665657
2024-08-31,UGA,0.8247227902530034
2024-09-01,UGA,0.8411994219719985
2024-09-02,UGA,0.8577700565959773
2024-09-03,UGA,0.9421055322381259
2024-09-04,UGA,0.4245434997896931
2024-09-05,UGA,0.8576296391310025
2024-09-06,UGA,0.3918394954051927
2024-09-07,UGA,0.8399832303663897
2024-09-08,UGA,0.43088705645053044
2024-09-09,UGA,0.3448643897796435
2024-09-10,UGA,0.3256902933471242
2024-09-11,UGA,0.695878749956527
2024-09-12,UGA,0.5640488765030105
2024-09-13,UGA,0.553798236650544
2024-09-14,UGA,0.6219191542221864
2024-09-15,UGA,0.5556847137010092
2024-09-16,UGA,0.7158850474549334
2024-09-17,UGA,0.6268588801707218
2024-09-18,UGA,0.5575137581423978
2024-09-19,UGA,0.5771926862112385
2024-09-20,UGA,0.6211815260220844
2024-09-21,UGA,0.5737142621020109
2024-09-22,UGA,0.5945494219006567
2024-09-23,UGA,0.5416016855645002
2024-09-24,UGA,0.5898422106584136
2024-09-25,UGA,0.9265998797362786
2024-09-26,UGA,0.7041023105531696
2024-09-27,UGA,0.5811431873927828
2024-09-28,UGA,0.8300140723887247
2024-09-29,UGA,0.9011049702367349
2024-09-30,UGA,0.9178781596644539
2024-10-01,UGA,0.8211476959188136
2024-10-02,UGA,0.46087840338617514
2024-10-03,UGA,0.6782853098247846
2024-10-04,UGA,0.4699244026943476
2024-10-05,UGA,0.43581493050772646
2024-10-06,UGA,0.39769233097262074
2024-10-07,UGA,0.5825399434409548
2024-10-08,UGA,0.40526829828690425
2024-10-09,UGA,0.5649307671542065
2024-10-10,UGA,0.5516612830383795
2024-10-11,UGA,0.48177581051034146
2024-10-12,UGA,0.5020696159811142
2024-10-13,UGA,0.5905053421039609
2024-10-14,UGA,0.38873160636887455
2024-10-15,UGA,0.38222345528458834
2024-10-16,UGA,0.38216469993427055
2024-10-17,UGA,0.4292032164363095
2024-10-18,UGA,0.6277065961051097
2024-10-19,UGA,0.5261920350807268
2024-10-20,UGA,0.31375958385666397
2024-10-21,UGA,0.34713291783815214
2024-10-22,UGA,0.3618177293824833
2024-10-23,UGA,0.3360443230549374
2024-10-24,UGA,0.3335546128096474
2024-10-25,UGA,0.3539816505313267
2024-10-26,UGA,0.3726656876008562
2024-10-27,UGA,0.3927660344723818
2024-10-28,UGA,0.3408465504797836
2024-10-29,UGA,0.5310652145552748
2024-10-30,UGA,0.4804744781768484
2024-10-31,UGA,0.4878987840835013
2024-11-01,UGA,0.3482472484419111
2024-11-02,UGA,0.42519856596562416
2024-11-03,UGA,0.9060095858034439
2024-11-04,UGA,0.8551043242296498
2024-11-05,UGA,0.3028019159431401
2024-11-06,UGA,0.2857311542854921
2024-11-07,UGA,0.25864522282202596
2024-11-08,UGA,0.27650257758555885
2024-11-09,UGA,0.26731831081328644
2024-11-10,UGA,0.2589427198710737
2024-11-11,UGA,0.25326783072394615
2024-11-12,UGA,0.7198382066266318
2024-11-13,UGA,0.6838579751343545
2024-11-14,UGA,0.7412237357354771
2024-11-15,UGA,0.7770172264887628
2024-11-16,UGA,0.7179343793759938
2024-11-17,UGA,0.7478991559571674
2024-11-18,UGA,0.7779922334056861
2024-11-19,UGA,0.8328346943068196
2024-11-20,UGA,0.9008121406082469
2024-11-21,UGA,0.808057522417817
2024-11-22,UGA,0.7889811647338852
2024-11-23,UGA,0.78681708611589
2024-11-24,UGA,0.890003298719462
2024-11-25,UGA,0.8503270538231934
2024-11-26,UGA,0.772015187776572
2024-11-27,UGA,0.8219083051562125
2024-11-28,UGA,0.9404897070277503
2024-11-29,UGA,0.874760992375994
2024-11-30,UGA,0.9030817139812153
2024-12-01,UGA,0.6026979645747673
2024-12-02,UGA,0.7395368489786908
2024-12-03,UGA,0.5828171001617154
2024-12-04,UGA,0.49234881147179677
2024-12-05,UGA,0.3597896074028027
2024-12-06,UGA,0.3425426546097745
2024-12-07,UGA,0.3282737889610486
2024-12-08,UGA,0.743732815727736
2024-12-09,UGA,0.531576003043225
2024-12-10,UGA,0.6036222613396018
2024-12-11,UGA,0.48423060084061487
2024-12-12,UGA,0.5512037749557284
2024-12-13,UGA,0.4204500858987626
2024-12-14,UGA,0.40213799099911174
2024-12-15,UGA,0.438897118768687
2024-12-16,UGA,0.558234800841567
2024-12-17,UGA,0.5582413283878646
2024-12-18,UGA,0.5489925367786483
2024-12-19,UGA,0.5494132789839794
2024-12-20,UGA,0.45715673937523144
2024-12-21,UGA,0.6547669339823351
2024-12-22,UGA,0.5407807282157504
2024-12-23,UGA,0.5481044533050842
2024-12-24,UGA,0.6297113754673211
2024-12-25,UGA,0.6363816583432017
2024-12-26,UGA,0.7597492712922275
2024-12-27,UGA,0.8692317379085409
2024-12-28,UGA,0.8380645647286643
2024-12-29,UGA,0.8481566274625948
2024-12-30,UGA,0.821878485362166
2024-12-31,UGA,0.47792967303303796
2025-01-01,UGA,0.7086609533483466
2025-01-02,UGA,0.43603258552972524
2025-01-03,UGA,0.4348302566282708
2025-01-04,UGA,0.5289835414298633
2025-01-05,UGA,0.6553948285861474
2025-01-06,UGA,0.5332688809224609
2025-01-07,UGA,0.8407794766641861
2025-01-08,UGA,0.5842556784935737
2025-01-09,UGA,0.5344069009652839
2025-01-10,UGA,0.6587697848763677
2025-01-11,UGA,0.46450607808381894
2025-01-12,UGA,0.4731452106184486
2025-01-13,UGA,0.5983183232551997
2025-01-14,UGA,0.3971687289488031
2025-01-15,UGA,0.7607278424432276
2025-01-16,UGA,0.3913350853686481
2025-01-17,UGA,0.36710569489691497
2025-01-18,UGA,0.8431051811066888
2025-01-19,UGA,0.4198297847705753
2025-01-20,UGA,0.6638844378756712
2025-01-21,UGA,0.4532794849267737
2025-01-22,UGA,0.6158812003353706
2025-01-23,UGA,0.8475667238865427
2025-01-24,UGA,0.7362177012472458
2025-01-25,UGA,0.7862253050333892
2025-01-26,UGA,0.8527111653212945
2025-01-27,UGA,0.40356654781192575
2025-01-28,UGA,0.5389082003126304
2025-01-29,UGA,0.5174013390385502
2025-01-30,UGA,0.3707757084745314
2025-01-31,UGA,0.36420749617427667
2025-02-01,UGA,0.42850344434996906
2025-02-02,UGA,0.40290697262017816
2025-02-03,UGA,0.5452346023990283
2025-02-04,UGA,0.4796496785594283
2025-02-05,UGA,0.5000471657206776
2025-02-06,UGA,0.4419106265946127
2025-02-07,UGA,0.5201886333273993
2025-02-08,UGA,0.4907894360345606
2025-02-09,UGA,0.9330740354293172
2025-02-10,UGA,0.9118935246850421
2025-02-11,UGA,0.8064840877713874
2025-02-12,UGA,0.9194716944589412
2025-02-13,UGA,0.9140306733531515
2025-02-14,UGA,0.9083649083531361
2025-02-15,UGA,0.9117671321709134
2025-02-16,UGA,0.9358421715852815
2025-02-17,UGA,0.8367160057324624
2025-02-18,UGA,0.9248932086108693
2025-02-19,UGA,0.7111590152892933
2025-02-20,UGA,0.6563351550550607
2025-02-21,UGA,0.8841262349774326
2025-02-22,UGA,0.7771926673327729
2025-02-23,UGA,0.7508801162448121
2025-02-24,UGA,0.48603808497859446
2025-02-25,UGA,0.6329986842883009
2025-02-26,UGA,0.8858294273846379
2025-02-27,UGA,0.7370133663999524
2025-02-28,UGA,0.9140270000677577
2025-03-01,UGA,0.8948885864541382
2025-03-02,UGA,0.5249029952698784
2025-03-03,UGA,0.6610756623049623
2025-03-04,UGA,0.5465958306042303
2025-03-05,UGA,0.5017324115071741
2025-03-06,UGA,0.3656074772605
2025-03-07,UGA,0.3523662696846245
2025-03-08,UGA,0.32417676611948976
2025-03-09,UGA,0.45261042999448936
2025-03-10,UGA,0.48768914905723815
2025-03-11,UGA,0.3639589073052479
2025-03-12,UGA,0.38856402663796974
2025-03-13,UGA,0.35774775601361863
2025-03-14,UGA,0.8927596095782055
2025-03-15,UGA,0.8788157424594983
2025-03-16,UGA,0.901822281429995
2025-03-17,UGA,0.7768398794235946
2025-03-18,UGA,0.8776225273071232
2025-03-19,UGA,0.5998630457633701
2025-03-20,UGA,0.5648966453721219
2025-03-21,UGA,0.6885069801205873
2025-03-22,UGA,0.8641712034440537
2025-03-23,UGA,0.6506770025640114
2025-03-24,UGA,0.7101216888578207
2025-03-25,UGA,0.7646784477134021
2025-03-26,UGA,0.8319868716373287
2025-03-27,UGA,0.6555504699069546
2025-03-28,UGA,0.6608179018092722
2024-07-01,ERI,0.44803911493286747
2024-07-02,ERI,0.4014890820782959
2024-07-03,ERI,0.41128332959604974
2024-07-04,ERI,0.4445410126005335
2024-07-05,ERI,0.4570096028794721
2024-07-06,ERI,0.3849893412409275
2024-07-07,ERI,0.39837264421877694
2024-07-08,ERI,0.39613269079361524
2024-07-09,ERI,0.40315157430564136
2024-07-10,ERI,0.420000993629853
2024-07-11,ERI,0.37455815141988746
2024-07-12,ERI,0.4710961955148284
2024-07-13,ERI,0.37507141656304377
2024-07-14,ERI,0.37114319367151316
2024-07-15,ERI,0.3942108857386268
2024-07-16,ERI,0.3952194052735268
2024-07-17,ERI,0.4069586858313505
2024-07-18,ERI,0.37976417273433805
2024-07-19,ERI,0.3854127308775376
2024-07-20,ERI,0.5103877302022309
2024-07-21,ERI,0.43780290875573435
2024-07-22,ERI,0.45407620924809455
2024-07-23,ERI,0.45136172720832857
2024-07-24,ERI,0.45610087803553556
2024-07-25,ERI,0.45753972259664855
2024-07-26,ERI,0.4395181876148111
2024-07-27,ERI,0.42208876559279696
2024-07-28,ERI,0.41745475342402294
2024-07-29,ERI,0.4119910288859332
2024-07-30,ERI,0.4077731927360936
2024-07-31,ERI,0.38991228000971967
2024-08-01,ERI,0.37418180285811814
2024-08-02,ERI,0.38716416879082616
2024-08-03,ERI,0.38723784564845176
2024-08-04,ERI,0.8559636241267854
2024-08-05,ERI,0.36013279229811507
2024-08-06,ERI,0.3959742180107255
2024-08-07,ERI,0.3797128507069946
2024-08-08,ERI,0.39108234290949767
2024-08-09,ERI,0.37349967697597214
2024-08-10,ERI,0.41541104202732426
2024-08-11,ERI,0.42384527076060974
2024-08-12,ERI,0.40563406386833517
2024-08-13,ERI,0.4004096977580621
2024-08-14,ERI,0.3942286556721137
2024-08-15,ERI,0.9248687510579107
2024-08-16,ERI,0.4128064129865908
2024-08-17,ERI,0.4598234815387767
2024-08-18,ERI,0.3965572652334779
2024-08-19,ERI,0.9398196843837971
2024-08-20,ERI,0.35664234025100117
2024-08-21,ERI,0.3464991655619033
2024-08-22,ERI,0.3078694262200141
2024-08-23,ERI,0.26825671174404153
2024-08-24,ERI,0.28775972776087755
2024-08-25,ERI,0.333850805457105
2024-08-26,ERI,0.38345903847019097
2024-08-27,ERI,0.362502812804335
2024-08-28,ERI,0.4134948550478975
2024-08-29,ERI,0.44324996827659174
2024-08-30,ERI,0.42944608921164096
2024-08-31,ERI,0.4500535710514248
2024-09-01,ERI,0.4824631222798899
2024-09-02,ERI,0.5508839473450369
2024-09-03,ERI,0.5410516167784726
2024-09-04,ERI,0.4668109990234594
2024-09-05,ERI,0.4996716758573199
2024-09-06,ERI,0.5359473885769164
2024-09-07,ERI,0.5210672785886262
2024-09-08,ERI,0.5523138563875344
2024-09-09,ERI,0.5697318803107866
2024-09-10,ERI,0.525802538463954
2024-09-11,ERI,0.5468480458191468
2024-09-12,ERI,0.5447100761578896
2024-09-13,ERI,0.4960082769369898
2024-09-14,ERI,0.5239121271072938
2024-09-15,ERI,0.5269169061052917
2024-09-16,ERI,0.4872333591244206
2024-09-17,ERI,0.49652442442303385
2024-09-18,ERI,0.4583936914847388
2024-09-19,ERI,0.46706084625612904
2024-09-20,ERI,0.4948695538521978
2024-09-21,ERI,0.41035676334088017
2024-09-22,ERI,0.4535496815720756
2024-09-23,ERI,0.4608555016297401
2024-09-24,ERI,0.4667973193801792
2024-09-25,ERI,0.44554117751473155
2024-09-26,ERI,0.4106848934609153
2024-09-27,ERI,0.4150507183151144
2024-09-28,ERI,0.426596509575735
2024-09-29,ERI,0.4188751058738878
2024-09-30,ERI,0.40461610452459706
2024-10-01,ERI,0.39104901539749176
2024-10-02,ERI,0.38764765899758935
2024-10-03,ERI,0.3829232740564777
2024-10-04,ERI,0.32612171722086297
2024-10-05,ERI,0.3577672517919108
2024-10-06,ERI,0.3528242254888527
2024-10-07,ERI,0.3778682137332717
2024-10-08,ERI,0.3557673823944217
2024-10-09,ERI,0.3683709982548852
2024-10-10,ERI,0.3666291438299206
2024-10-11,ERI,0.3649736907047125
2024-10-12,ERI,0.39242062592156285
2024-10-13,ERI,0.42168486561995017
2024-10-14,ERI,0.4225485335062419
2024-10-15,ERI,0.42514411374370636
2024-10-16,ERI,0.3938323117528774
2024-10-17,ERI,0.3591337935318541
2024-10-18,ERI,0.3808166858576033
2024-10-19,ERI,0.40505886843604927
2024-10-20,ERI,0.38595845769561643
2024-10-21,ERI,0.3846098416486567
2024-10-22,ERI,0.3747599185501279
2024-10-23,ERI,0.36202551930046706
2024-10-24,ERI,0.3899855608023873
2024-10-25,ERI,0.382226973361777
2024-10-26,ERI,0.3416789327194324
2024-10-27,ERI,0.3496611045306768
2024-10-28,ERI,0.33546094736516363
2024-10-29,ERI,0.3243416473034493
2024-10-30,ERI,0.36644762042847234
2024-10-31,ERI,0.36003757135060355
2024-11-01,ERI,0.3324410446468003
2024-11-02,ERI,0.3702677367266442
2024-11-03,ERI,0.36575774672296224
2024-11-04,ERI,0.3726584223655003
2024-11-05,ERI,0.34470789835919563
2024-11-06,ERI,0.33740363690291764
2024-11-07,ERI,0.3150672445474946
2024-11-08,ERI,0.32201725101666984
2024-11-09,ERI,0.3304247948765955
2024-11-10,ERI,0.3582097145618861
2024-11-11,ERI,0.3812092811170202
2024-11-12,ERI,0.34265276045742615
2024-11-13,ERI,0.3239462903201274
2024-11-14,ERI,0.33852258897972143
2024-11-15,ERI,0.31574701171704705
2024-11-16,ERI,0.3048887463431503
2024-11-17,ERI,0.31280248471375616
2024-11-18,ERI,0.3002453188790822
2024-11-19,ERI,0.29641359942604706
2024-11-20,ERI,0.30753221100925426
2024-11-21,ERI,0.3191083111338668
2024-11-22,ERI,0.3235811265430976
2024-11-23,ERI,0.3095195068715641
2024-11-24,ERI,0.3392865596045356
2024-11-25,ERI,0.3460843503196237
2024-11-26,ERI,0.32361103089110044
2024-11-27,ERI,0.3329895191622872
2024-11-28,ERI,0.33960046606962857
2024-11-29,ERI,0.330630166932644
2024-11-30,ERI,0.3493429537580464
2024-12-01,ERI,0.33610470520466906
2024-12-02,ERI,0.32758560940100273
2024-12-03,ERI,0.3391018577913946
2024-12-04,ERI,0.30801603745972767
2024-12-05,ERI,0.3128031887497969
2024-12-06,ERI,0.30229274235490405
2024-12-07,ERI,0.2838807217015888
2024-12-08,ERI,0.27574822374808916
2024-12-09,ERI,0.28412935031491576
2024-12-10,ERI,0.3081053569739099
2024-12-11,ERI,0.32578565466481113
2024-12-12,ERI,0.30294460727106914
2024-12-13,ERI,0.30645420016039343
2024-12-14,ERI,0.29845058721887485
2024-12-15,ERI,0.3106773904711038
2024-12-16,ERI,0.3196428463754605
2024-12-17,ERI,0.31367755153299787
2024-12-18,ERI,0.3401058449924822
2024-12-19,ERI,0.35505665584759005
2024-12-20,ERI,0.332930866299494
2024-12-21,ERI,0.3278215764280416
2024-12-22,ERI,0.37980355415522266
2024-12-23,ERI,0.3944172696210425
2024-12-24,ERI,0.391664144313065
2024-12-25,ERI,0.3912258310782456
2024-12-26,ERI,0.40495255101866623
2024-12-27,ERI,0.40196865632110235
2024-12-28,ERI,0.37875496359372063
2024-12-29,ERI,0.3794942286017463
2024-12-30,ERI,0.37342593204690266
2024-12-31,ERI,0.3911087840684707
2025-01-01,ERI,0.38275312316766336
2025-01-02,ERI,0.3675054130414704
2025-01-03,ERI,0.3500125088806832
2025-01-04,ERI,0.35821256112947286
2025-01-05,ERI,0.37761593573901514
2025-01-06,ERI,0.38109944431424203
2025-01-07,ERI,0.3594344591720768
2025-01-08,ERI,0.3936991363741469
2025-01-09,ERI,0.37337875136188076
2025-01-10,ERI,0.36961173824429533
2025-01-11,ERI,0.3448963675657191
2025-01-12,ERI,0.3440348706250703
2025-01-13,ERI,0.3564521157313052
2025-01-14,ERI,0.3272360455815402
2025-01-15,ERI,0.36916473817315615
2025-01-16,ERI,0.34044319439229775
2025-01-17,ERI,0.3509458034790984
2025-01-18,ERI,0.35660233712564354
2025-01-19,ERI,0.3608772849342533
2025-01-20,ERI,0.3757657585063841
2025-01-21,ERI,0.3809647080224876
2025-01-22,ERI,0.3948043377489918
2025-01-23,ERI,0.3898573035255627
2025-01-24,ERI,0.4065429278907248
2025-01-25,ERI,0.40300942840094733
2025-01-26,ERI,0.3842749464966168
2025-01-27,ERI,0.39026621659547434
2025-01-28,ERI,0.3667801930154117
2025-01-29,ERI,0.36419216505396274
2025-01-30,ERI,0.36717859137989967
2025-01-31,ERI,0.35326189416893994
2025-02-01,ERI,0.3971971542712003
2025-02-02,ERI,0.4091230984700918
2025-02-03,ERI,0.3941783830957489
2025-02-04,ERI,0.383275281203144
2025-02-05,ERI,0.36607061916076256
2025-02-06,ERI,0.3609458673821746
2025-02-07,ERI,0.3718531770262781
2025-02-08,ERI,0.36303939954899256
2025-02-09,ERI,0.3655128747537141
2025-02-10,ERI,0.3728746808070379
2025-02-11,ERI,0.33190110489665053
2025-02-12,ERI,0.35679901350232235
2025-02-13,ERI,0.3492167006644482
2025-02-14,ERI,0.3548508693740485
2025-02-15,ERI,0.3519738312607288
2025-02-16,ERI,0.33613098377639455
2025-02-17,ERI,0.3223771166430467
2025-02-18,ERI,0.33302868867400315
2025-02-19,ERI,0.30751941459520044
2025-02-20,ERI,0.32535023097968785
2025-02-21,ERI,0.31175638549289636
2025-02-22,ERI,0.3409580130556684
2025-02-23,ERI,0.3397382817500044
2025-02-24,ERI,0.34157451187431564
2025-02-25,ERI,0.3565603049015196
2025-02-26,ERI,0.35133939419734445
2025-02-27,ERI,0.3466789974784688
2025-02-28,ERI,0.3760131097830393
2025-03-01,ERI,0.36194405485359094
2025-03-02,ERI,0.3703454661346514
2025-03-03,ERI,0.37540737201362345
2025-03-04,ERI,0.3515360656242848
2025-03-05,ERI,0.39173155737529924
2025-03-06,ERI,0.43137707504441447
2025-03-07,ERI,0.3947348676817094
2025-03-08,ERI,0.4230702671485397
2025-03-09,ERI,0.4184331370869623
2025-03-10,ERI,0.39596542800782525
2025-03-11,ERI,0.4084881345985245
2025-03-12,ERI,0.40481368673680684
2025-03-13,ERI,0.3807264661593574
2025-03-14,ERI,0.3862068249784671
2025-03-15,ERI,0.36667312337050467
2025-03-16,ERI,0.38881800685525997
2025-03-17,ERI,0.37842821245653757
2025-03-18,ERI,0.38194744319650464
2025-03-19,ERI,0.3546781945188826
2025-03-20,ERI,0.3543121393296373
2025-03-21,ERI,0.3547382222590294
2025-03-22,ERI,0.3619880009068328
2025-03-23,ERI,0.35810871516089005
2025-03-24,ERI,0.35465554709644714
2025-03-25,ERI,0.37193048020599273
2025-03-26,ERI,0.3753837957729306
2025-03-27,ERI,0.34697495105807136
2025-03-28,ERI,0.3208935684096204
2024-07-01,MOZ,0.6680454334567939
2024-07-02,MOZ,0.7477305154315993
2024-07-03,MOZ,0.7465754481908452
2024-07-04,MOZ,0.5900223962917059
2024-07-05,MOZ,0.5687637190020199
2024-07-06,MOZ,0.9008842584284247
2024-07-07,MOZ,0.7962133239662108
2024-07-08,MOZ,0.7591757380378119
2024-07-09,MOZ,0.7058569694058742
2024-07-10,MOZ,0.8140193721300316
2024-07-11,MOZ,0.8095805445782007
2024-07-12,MOZ,0.7712454428576091
2024-07-13,MOZ,0.8988344483257863
2024-07-14,MOZ,0.9015891973014841
2024-07-15,MOZ,0.8039742130476555
2024-07-16,MOZ,0.7761220887962466
2024-07-17,MOZ,0.7094806570734306
2024-07-18,MOZ,0.6141699689643567
2024-07-19,MOZ,0.6292114443742071
2024-07-20,MOZ,0.7957558598586828
2024-07-21,MOZ,0.724295265127028
2024-07-22,MOZ,0.6645881363642594
2024-07-23,MOZ,0.7473600248417832
2024-07-24,MOZ,0.7954663921463737
2024-07-25,MOZ,0.9013122941544001
2024-07-26,MOZ,0.9045269766355117
2024-07-27,MOZ,0.9223352877701848
2024-07-28,MOZ,0.9245720665882434
2024-07-29,MOZ,0.9495290838889938
2024-07-30,MOZ,0.9469548042288859
2024-07-31,MOZ,0.9474242240865516
2024-08-01,MOZ,0.934202899517077
2024-08-02,MOZ,0.900713318625884
2024-08-03,MOZ,0.9242697609024515
2024-08-04,MOZ,0.9169091082524014
2024-08-05,MOZ,0.6156535108475505
2024-08-06,MOZ,0.6504298471726615
2024-08-07,MOZ,0.9258480638782756
2024-08-08,MOZ,0.9298240611391468
2024-08-09,MOZ,0.9313637903702016
2024-08-10,MOZ,0.8636126152111187
2024-08-11,MOZ,0.8940237952624153
2024-08-12,MOZ,0.9236800047299365
2024-08-13,MOZ,0.9125549836496027
2024-08-14,MOZ,0.8615741748128296
2024-08-15,MOZ,0.6088991677331771
2024-08-16,MOZ,0.930987476968356
2024-08-17,MOZ,0.805719193443777
2024-08-18,MOZ,0.5568859081272532
2024-08-19,MOZ,0.6311863603191287
2024-08-20,MOZ,0.5402451336122837
2024-08-21,MOZ,0.5569280608539487
2024-08-22,MOZ,0.9382191946324868
2024-08-23,MOZ,0.8413724446499776
2024-08-24,MOZ,0.8990904851051413
2024-08-25,MOZ,0.871931461574554
2024-08-26,MOZ,0.8862745494966012
2024-08-27,MOZ,0.8731504633872811
2024-08-28,MOZ,0.9222593742575407
2024-08-29,MOZ,0.90660798302289
2024-08-30,MOZ,0.8864020189650157
2024-08-31,MOZ,0.9388381845578554
2024-09-01,MOZ,0.940090892626288
2024-09-02,MOZ,0.9394987501681713
2024-09-03,MOZ,0.9162936130208559
2024-09-04,MOZ,0.9217571815681097
2024-09-05,MOZ,0.9208836992110001
2024-09-06,MOZ,0.8903720618534479
2024-09-07,MOZ,0.6121613381065552
2024-09-08,MOZ,0.6529763511106109
2024-09-09,MOZ,0.7089045084389443
2024-09-10,MOZ,0.6928545795350146
2024-09-11,MOZ,0.9388668847412881
2024-09-12,MOZ,0.4671771134329725
2024-09-13,MOZ,0.4713053528313646
2024-09-14,MOZ,0.45180282061219285
2024-09-15,MOZ,0.5273312404038192
2024-09-16,MOZ,0.4206000957035536
2024-09-17,MOZ,0.43638095282581546
2024-09-18,MOZ,0.4301734669723178
2024-09-19,MOZ,0.8020000876810707
2024-09-20,MOZ,0.6792998353245289
2024-09-21,MOZ,0.6559239108919248
2024-09-22,MOZ,0.6738787076740876
2024-09-23,MOZ,0.7075004444861247
2024-09-24,MOZ,0.6606510377194378
2024-09-25,MOZ,0.6682024442366697
2024-09-26,MOZ,0.6319515295381907
2024-09-27,MOZ,0.5092938661987975
2024-09-28,MOZ,0.5410422064429868
2024-09-29,MOZ,0.42921549939089376
2024-09-30,MOZ,0.46734065827927296
2024-10-01,MOZ,0.9360563326449977
2024-10-02,MOZ,0.4059509895378648
2024-10-03,MOZ,0.35648328868946716
2024-10-04,MOZ,0.4024005000383591
2024-10-05,MOZ,0.3776593857760654
2024-10-06,MOZ,0.4002832109245786
2024-10-07,MOZ,0.33868026137848267
2024-10-08,MOZ,0.33170322726685625
2024-10-09,MOZ,0.7681025697481045
2024-10-10,MOZ,0.9055703282389393
2024-10-11,MOZ,0.8863997988826761
2024-10-12,MOZ,0.9229766773759904
2024-10-13,MOZ,0.8905776859494199
2024-10-14,MOZ,0.9429572749755927
2024-10-15,MOZ,0.9334668388787507
2024-10-16,MOZ,0.8237379077768019
2024-10-17,MOZ,0.8523984357205666
2024-10-18,MOZ,0.8737934158594357
2024-10-19,MOZ,0.9357912588687544
2024-10-20,MOZ,0.8159248060594924
2024-10-21,MOZ,0.8959456276145943
2024-10-22,MOZ,0.849066609234984
2024-10-23,MOZ,0.8528904431540558
2024-10-24,MOZ,0.8919752778238932
2024-10-25,MOZ,0.6828074286317378
2024-10-26,MOZ,0.8285705618350051
2024-10-27,MOZ,0.7628758530361446
2024-10-28,MOZ,0.7717621621500674
2024-10-29,MOZ,0.9295226476364203
2024-10-30,MOZ,0.7730255388584936
2024-10-31,MOZ,0.5082141512030839
2024-11-01,MOZ,0.5418323216901662
2024-11-02,MOZ,0.5568478137860765
2024-11-03,MOZ,0.4893858334016686
2024-11-04,MOZ,0.5599649645226462
2024-11-05,MOZ,0.4511880286326613
2024-11-06,MOZ,0.8353184743430121
2024-11-07,MOZ,0.8574210719576748
2024-11-08,MOZ,0.544974308867094
2024-11-09,MOZ,0.6931235473192353
2024-11-10,MOZ,0.6798629926849805
2024-11-11,MOZ,0.6341989916866618
2024-11-12,MOZ,0.6684193171752099
2024-11-13,MOZ,0.815830008566672
2024-11-14,MOZ,0.6782014451516849
2024-11-15,MOZ,0.7253222871741138
2024-11-16,MOZ,0.4600673770491712
2024-11-17,MOZ,0.8264198018440801
2024-11-18,MOZ,0.7987858378999934
2024-11-19,MOZ,0.5323719104132576
2024-11-20,MOZ,0.33518057109507815
2024-11-21,MOZ,0.38909795111374945
2024-11-22,MOZ,0.38790647041851317
2024-11-23,MOZ,0.37900004298043943
2024-11-24,MOZ,0.29616952975073807
2024-11-25,MOZ,0.67643126294733
2024-11-26,MOZ,0.2809662510068472
2024-11-27,MOZ,0.39025162086167736
2024-11-28,MOZ,0.34860439048287034
2024-11-29,MOZ,0.378128691859058
2024-11-30,MOZ,0.365627861177259
2024-12-01,MOZ,0.8109958122389012
2024-12-02,MOZ,0.7872146738986303
2024-12-03,MOZ,0.7438561431230217
2024-12-04,MOZ,0.7765229646763518
2024-12-05,MOZ,0.7958738427733724
2024-12-06,MOZ,0.8704654179793779
2024-12-07,MOZ,0.869935075214678
2024-12-08,MOZ,0.8415836541219931
2024-12-09,MOZ,0.9067249239606353
2024-12-10,MOZ,0.775593152182218
2024-12-11,MOZ,0.9187258886196141
2024-12-12,MOZ,0.8659215089107369
2024-12-13,MOZ,0.9019892157676129
2024-12-14,MOZ,0.9101640377976344
2024-12-15,MOZ,0.9123966336238806
2024-12-16,MOZ,0.9178849277686202
2024-12-17,MOZ,0.8976812180240301
2024-12-18,MOZ,0.8305169896367784
2024-12-19,MOZ,0.671601539135078
2024-12-20,MOZ,0.8630055481508516
2024-12-21,MOZ,0.5641310700666335
2024-12-22,MOZ,0.7539230010586542
2024-12-23,MOZ,0.8460492315530296
2024-12-24,MOZ,0.6911454575392106
2024-12-25,MOZ,0.8500434494871365
2024-12-26,MOZ,0.8959878458275239
2024-12-27,MOZ,0.7524385141468836
2024-12-28,MOZ,0.8651770004254887
2024-12-29,MOZ,0.5686915252205526
2024-12-30,MOZ,0.6864305721518015
2024-12-31,MOZ,0.558222355343831
2025-01-01,MOZ,0.46174358094551526
2025-01-02,MOZ,0.4063274853132131
2025-01-03,MOZ,0.3546460236244439
2025-01-04,MOZ,0.42009708322227934
2025-01-05,MOZ,0.4529642379440278
2025-01-06,MOZ,0.43238418249669985
2025-01-07,MOZ,0.4537717707250708
2025-01-08,MOZ,0.849439047415661
2025-01-09,MOZ,0.8933428932376172
2025-01-10,MOZ,0.7652923325877881
2025-01-11,MOZ,0.6363725559263452
2025-01-12,MOZ,0.4238954457977786
2025-01-13,MOZ,0.9016171716187271
2025-01-14,MOZ,0.5970837941622227
2025-01-15,MOZ,0.6424084360796171
2025-01-16,MOZ,0.6944847730630738
2025-01-17,MOZ,0.5550308640288337
2025-01-18,MOZ,0.5774753841574582
2025-01-19,MOZ,0.5335013356518153
2025-01-20,MOZ,0.6431871515884968
2025-01-21,MOZ,0.5979491889721845
2025-01-22,MOZ,0.5717129801498567
2025-01-23,MOZ,0.8450080574958398
2025-01-24,MOZ,0.7038163710890261
2025-01-25,MOZ,0.6958443407420366
2025-01-26,MOZ,0.8283903449643963
2025-01-27,MOZ,0.6615182589927863
2025-01-28,MOZ,0.5343170412495963
2025-01-29,MOZ,0.5984215371137382
2025-01-30,MOZ,0.6849004760031727
2025-01-31,MOZ,0.5876441599495528
2025-02-01,MOZ,0.6170477572534524
2025-02-02,MOZ,0.598897479149032
2025-02-03,MOZ,0.541225107907283
2025-02-04,MOZ,0.5188193744331178
2025-02-05,MOZ,0.7177107686293613
2025-02-06,MOZ,0.6161688409137893
2025-02-07,MOZ,0.6397930923869691
2025-02-08,MOZ,0.6354868166911402
2025-02-09,MOZ,0.7374528874005738
2025-02-10,MOZ,0.7616956610461517
2025-02-11,MOZ,0.6881864468872367
2025-02-12,MOZ,0.5216811719445177
2025-02-13,MOZ,0.41502996164034434
2025-02-14,MOZ,0.4048951823474896
2025-02-15,MOZ,0.4223107715182362
2025-02-16,MOZ,0.41031264538058493
2025-02-17,MOZ,0.5068955038529439
2025-02-18,MOZ,0.4569056712812587
2025-02-19,MOZ,0.5271797667534155
2025-02-20,MOZ,0.5821613684582062
2025-02-21,MOZ,0.5398208481949474
2025-02-22,MOZ,0.4986319373494934
2025-02-23,MOZ,0.5202316795407964
2025-02-24,MOZ,0.5511760892754621
2025-02-25,MOZ,0.5651427985319557
2025-02-26,MOZ,0.6196947586288512
2025-02-27,MOZ,0.7169215675275175
2025-02-28,MOZ,0.6769441077548054
2025-03-01,MOZ,0.717302052893059
2025-03-02,MOZ,0.6719424225451915
2025-03-03,MOZ,0.7657519197466537
2025-03-04,MOZ,0.7492815373264806
2025-03-05,MOZ,0.7378734311167271
2025-03-06,MOZ,0.8768253428265181
2025-03-07,MOZ,0.8772682450855429
2025-03-08,MOZ,0.8953585412800148
2025-03-09,MOZ,0.8650490263778194
2025-03-10,MOZ,0.8558658969861548
2025-03-11,MOZ,0.8314813460638844
2025-03-12,MOZ,0.7741202095051569
2025-03-13,MOZ,0.7856569587910319
2025-03-14,MOZ,0.9278189480971171
2025-03-15,MOZ,0.9230177974368899
2025-03-16,MOZ,0.7248825411238637
2025-03-17,MOZ,0.7196822939438015
2025-03-18,MOZ,0.6751810691895686
2025-03-19,MOZ,0.7740111029270229
2025-03-20,MOZ,0.593537500625948
2025-03-21,MOZ,0.3747988199082493
2025-03-22,MOZ,0.38317180343073864
2025-03-23,MOZ,0.4005367484165778
2025-03-24,MOZ,0.3963615030237499
2025-03-25,MOZ,0.4198338951509341
2025-03-26,MOZ,0.4385263835854956
2025-03-27,MOZ,0.402528692846739
2025-03-28,MOZ,0.8120846674626823
2024-07-01,ZWE,0.6595090381714357
2024-07-02,ZWE,0.7190064285497803
2024-07-03,ZWE,0.6644745289219212
2024-07-04,ZWE,0.7471825496706647
2024-07-05,ZWE,0.7076119169815447
2024-07-06,ZWE,0.730395987099554
2024-07-07,ZWE,0.7654478682284862
2024-07-08,ZWE,0.6944444419954184
2024-07-09,ZWE,0.7130407327159289
2024-07-10,ZWE,0.6434351407027582
2024-07-11,ZWE,0.6423091237575169
2024-07-12,ZWE,0.6585129990470927
2024-07-13,ZWE,0.7072778626131845
2024-07-14,ZWE,0.8632011948949783
2024-07-15,ZWE,0.7486010406952182
2024-07-16,ZWE,0.7037879711215614
2024-07-17,ZWE,0.7131395996557286
2024-07-18,ZWE,0.7455149462874651
2024-07-19,ZWE,0.6344182121711773
2024-07-20,ZWE,0.7233382758975975
2024-07-21,ZWE,0.48048193753907825
2024-07-22,ZWE,0.47344781993461743
2024-07-23,ZWE,0.4596846820546264
2024-07-24,ZWE,0.4378179602752798
2024-07-25,ZWE,0.5165422094659767
2024-07-26,ZWE,0.4370391954376267
2024-07-27,ZWE,0.4636652224277734
2024-07-28,ZWE,0.48392224012707336
2024-07-29,ZWE,0.4968595957345351
2024-07-30,ZWE,0.4858187742440287
2024-07-31,ZWE,0.8126389194267581
2024-08-01,ZWE,0.8263554675840902
2024-08-02,ZWE,0.8330877144444351
2024-08-03,ZWE,0.7664496540193967
2024-08-04,ZWE,0.815875131708542
2024-08-05,ZWE,0.8016795930633133
2024-08-06,ZWE,0.8138212993585134
2024-08-07,ZWE,0.5012582954262428
2024-08-08,ZWE,0.9234017992576855
2024-08-09,ZWE,0.5425185653051868
2024-08-10,ZWE,0.559143583190795
2024-08-11,ZWE,0.563274349077063
2024-08-12,ZWE,0.5646253353080797
2024-08-13,ZWE,0.5133875185242309
2024-08-14,ZWE,0.8087538174422634
2024-08-15,ZWE,0.3743238389532993
2024-08-16,ZWE,0.3839053513782844
2024-08-17,ZWE,0.38088099927419294
2024-08-18,ZWE,0.3750574519022608
2024-08-19,ZWE,0.37856833438210524
2024-08-20,ZWE,0.37398075758098226
2024-08-21,ZWE,0.3919798322251045
2024-08-22,ZWE,0.857315632539741
2024-08-23,ZWE,0.803497877398658
2024-08-24,ZWE,0.7913606460804099
2024-08-25,ZWE,0.8324014836524177
2024-08-26,ZWE,0.781794038853767
2024-08-27,ZWE,0.8290516191683914
2024-08-28,ZWE,0.7913495102375043
2024-08-29,ZWE,0.7907426959717823
2024-08-30,ZWE,0.794026637970234
2024-08-31,ZWE,0.8154900569971524
2024-09-01,ZWE,0.8632413746489634
2024-09-02,ZWE,0.8196195176015697
2024-09-03,ZWE,0.826479919610583
2024-09-04,ZWE,0.7725403370441911
2024-09-05,ZWE,0.809940942571317
2024-09-06,ZWE,0.7367044328369327
2024-09-07,ZWE,0.7660980212270069
2024-09-08,ZWE,0.810445905721904
2024-09-09,ZWE,0.7545977228701665
2024-09-10,ZWE,0.7479833117142646
2024-09-11,ZWE,0.8249472311595935
2024-09-12,ZWE,0.8274143532695767
2024-09-13,ZWE,0.8139134869702979
2024-09-14,ZWE,0.7928249455215425
2024-09-15,ZWE,0.8091963761451476
2024-09-16,ZWE,0.7864093567300499
2024-09-17,ZWE,0.8081066151889034
2024-09-18,ZWE,0.792307885275681
2024-09-19,ZWE,0.7846272535825729
2024-09-20,ZWE,0.7792996573356359
2024-09-21,ZWE,0.7751613296684126
2024-09-22,ZWE,0.7728241310402306
2024-09-23,ZWE,0.8065747721720457
2024-09-24,ZWE,0.7785742501532706
2024-09-25,ZWE,0.7775146009579132
2024-09-26,ZWE,0.7379437815187937
2024-09-27,ZWE,0.8862833496220537
2024-09-28,ZWE,0.863522164420826
2024-09-29,ZWE,0.7799970914799096
2024-09-30,ZWE,0.8377235990021784
2024-10-01,ZWE,0.7997865837727971
2024-10-02,ZWE,0.7570693779540688
2024-10-03,ZWE,0.7532733474839917
2024-10-04,ZWE,0.729314903904514
2024-10-05,ZWE,0.6885742454997561
2024-10-06,ZWE,0.8024164758048156
2024-10-07,ZWE,0.7336786425621787
2024-10-08,ZWE,0.6426379084816786
2024-10-09,ZWE,0.8119420940818822
2024-10-10,ZWE,0.7643552624614797
2024-10-11,ZWE,0.7589376460225365
2024-10-12,ZWE,0.807745074272956
2024-10-13,ZWE,0.8022847210862513
2024-10-14,ZWE,0.769579571714245
2024-10-15,ZWE,0.7672119457260698
2024-10-16,ZWE,0.8306812034808218
2024-10-17,ZWE,0.7310885462879091
2024-10-18,ZWE,0.7741991524253296
2024-10-19,ZWE,0.8294894750569433
2024-10-20,ZWE,0.8181136882554867
2024-10-21,ZWE,0.8422415543879012
2024-10-22,ZWE,0.7326250292163129
2024-10-23,ZWE,0.8360466100234707
2024-10-24,ZWE,0.7905302035309257
2024-10-25,ZWE,0.8268166861531425
2024-10-26,ZWE,0.7849287583942357
2024-10-27,ZWE,0.7485547356589942
2024-10-28,ZWE,0.8041901114627232
2024-10-29,ZWE,0.8013193174800247
2024-10-30,ZWE,0.7598307696463159
2024-10-31,ZWE,0.7850319892220383
2024-11-01,ZWE,0.7542001588969672
2024-11-02,ZWE,0.7712652508862295
2024-11-03,ZWE,0.7880004309725694
2024-11-04,ZWE,0.8358535977613714
2024-11-05,ZWE,0.8363697130025012
2024-11-06,ZWE,0.8239813293300725
2024-11-07,ZWE,0.7944389925289853
2024-11-08,ZWE,0.7821521913998983
2024-11-09,ZWE,0.7741573412477103
2024-11-10,ZWE,0.7904483800813183
2024-11-11,ZWE,0.8519357480984663
2024-11-12,ZWE,0.8454782479924107
2024-11-13,ZWE,0.7985787837070771
2024-11-14,ZWE,0.7796625437223654
2024-11-15,ZWE,0.6876038573785427
2024-11-16,ZWE,0.643589653598622
2024-11-17,ZWE,0.7070654482067547
2024-11-18,ZWE,0.4623681051331639
2024-11-19,ZWE,0.4269365460560015
2024-11-20,ZWE,0.5174014611310292
2024-11-21,ZWE,0.47649595697320396
2024-11-22,ZWE,0.4300318418403793
2024-11-23,ZWE,0.46133219471350523
2024-11-24,ZWE,0.49671194610024477
2024-11-25,ZWE,0.7875512222484399
2024-11-26,ZWE,0.743291762434255
2024-11-27,ZWE,0.7685953131649013
2024-11-28,ZWE,0.8047328833660846
2024-11-29,ZWE,0.7775152583054624
2024-11-30,ZWE,0.7858059954558106
2024-12-01,ZWE,0.7943848030825396
2024-12-02,ZWE,0.8122621639549426
2024-12-03,ZWE,0.7641232071379587
2024-12-04,ZWE,0.8326495518833166
2024-12-05,ZWE,0.7736970033152695
2024-12-06,ZWE,0.7922220717393836
2024-12-07,ZWE,0.8155583568270797
2024-12-08,ZWE,0.766906349421894
2024-12-09,ZWE,0.7785017960829944
2024-12-10,ZWE,0.8173621431489213
2024-12-11,ZWE,0.8080058653496641
2024-12-12,ZWE,0.7245449879825677
2024-12-13,ZWE,0.7870432316574172
2024-12-14,ZWE,0.7626951972909736
2024-12-15,ZWE,0.7794518751517165
2024-12-16,ZWE,0.7601938722661735
2024-12-17,ZWE,0.7621875634103923
2024-12-18,ZWE,0.7463534899885041
2024-12-19,ZWE,0.7231142375640406
2024-12-20,ZWE,0.47867252926077264
2024-12-21,ZWE,0.5627284132689752
2024-12-22,ZWE,0.5508976260449612
2024-12-23,ZWE,0.5192898989393508
2024-12-24,ZWE,0.5103686003852838
2024-12-25,ZWE,0.5055513924749391
2024-12-26,ZWE,0.5621845690498497
2024-12-27,ZWE,0.7827884635769999
2024-12-28,ZWE,0.7832923169741823
2024-12-29,ZWE,0.7592992037687138
2024-12-30,ZWE,0.796217386064032
2024-12-31,ZWE,0.7763608721260161
2025-01-01,ZWE,0.9340477639174517
2025-01-02,ZWE,0.7333303245908439
2025-01-03,ZWE,0.7408533750566829
2025-01-04,ZWE,0.7874271465494318
2025-01-05,ZWE,0.8921119738422111
2025-01-06,ZWE,0.779524540104568
2025-01-07,ZWE,0.7773813113522656
2025-01-08,ZWE,0.7808362571951663
2025-01-09,ZWE,0.766511942283073
2025-01-10,ZWE,0.7878640401573085
2025-01-11,ZWE,0.7380503767678407
2025-01-12,ZWE,0.7378269646526553
2025-01-13,ZWE,0.7532025442025753
2025-01-14,ZWE,0.6782298534361983
2025-01-15,ZWE,0.7531797955077366
2025-01-16,ZWE,0.7496586639025957
2025-01-17,ZWE,0.771441795494247
2025-01-18,ZWE,0.7536921893610282
2025-01-19,ZWE,0.6784723886651524
2025-01-20,ZWE,0.7363637791302302
2025-01-21,ZWE,0.7013681879501537
2025-01-22,ZWE,0.704009473078421
2025-01-23,ZWE,0.7423676729469455
2025-01-24,ZWE,0.6887325519547043
2025-01-25,ZWE,0.7447881610850265
2025-01-26,ZWE,0.6784013878184334
2025-01-27,ZWE,0.6911080290565452
2025-01-28,ZWE,0.7223170133614686
2025-01-29,ZWE,0.5998075122108453
2025-01-30,ZWE,0.6560284759407605
2025-01-31,ZWE,0.6184845398670014
2025-02-01,ZWE,0.7632664418110228
2025-02-02,ZWE,0.7759714492876689
2025-02-03,ZWE,0.6956927136890579
2025-02-04,ZWE,0.651954400547289
2025-02-05,ZWE,0.7178933079867001
2025-02-06,ZWE,0.768920497122536
2025-02-07,ZWE,0.7781820934504695
2025-02-08,ZWE,0.7099422794312211
2025-02-09,ZWE,0.7912239196490142
2025-02-10,ZWE,0.7382822044849371
2025-02-11,ZWE,0.7167300761087648
2025-02-12,ZWE,0.6783563479492746
2025-02-13,ZWE,0.7292202462110099
2025-02-14,ZWE,0.6994890297425335
2025-02-15,ZWE,0.8835411647677595
2025-02-16,ZWE,0.7840014586601665
2025-02-17,ZWE,0.7069518275042089
2025-02-18,ZWE,0.677571204769446
2025-02-19,ZWE,0.5989768884939967
2025-02-20,ZWE,0.6465593547242633
2025-02-21,ZWE,0.635670656594592
2025-02-22,ZWE,0.7367283658726599
2025-02-23,ZWE,0.7108742652534291
2025-02-24,ZWE,0.7393009689684459
2025-02-25,ZWE,0.742888228036539
2025-02-26,ZWE,0.6995937610021684
2025-02-27,ZWE,0.711862704794026
2025-02-28,ZWE,0.7213479874802812
2025-03-01,ZWE,0.7290548713087811
2025-03-02,ZWE,0.7634083180173732
2025-03-03,ZWE,0.7401020484354732
2025-03-04,ZWE,0.6742939230643777
2025-03-05,ZWE,0.6437293467484927
2025-03-06,ZWE,0.7433844224301804
2025-03-07,ZWE,0.6873642414597038
2025-03-08,ZWE,0.7447404020862256
2025-03-09,ZWE,0.7465512821723057
2025-03-10,ZWE,0.7548436986643652
2025-03-11,ZWE,0.7145320621059484
2025-03-12,ZWE,0.7215696567281784
2025-03-13,ZWE,0.7565215024487426
2025-03-14,ZWE,0.7745443214148843
2025-03-15,ZWE,0.7211999525402109
2025-03-16,ZWE,0.7883119600187249
2025-03-17,ZWE,0.7784109796285174
2025-03-18,ZWE,0.7731185431807247
2025-03-19,ZWE,0.6994203661325663
2025-03-20,ZWE,0.7301326157922677
2025-03-21,ZWE,0.747080613439865
2025-03-22,ZWE,0.6666716700714997
2025-03-23,ZWE,0.6914046970756343
2025-03-24,ZWE,0.6398174488558742
2025-03-25,ZWE,0.6638603398980999
2025-03-26,ZWE,0.6258349730247794
2025-03-27,ZWE,0.7096452497726122
2025-03-28,ZWE,0.6122958562339981
2024-07-01,MDG,0.5176115233474533
2024-07-02,MDG,0.6887082322709358
2024-07-03,MDG,0.45004776014886205
2024-07-04,MDG,0.3959091001686736
2024-07-05,MDG,0.433473771447446
2024-07-06,MDG,0.48847221560638526
2024-07-07,MDG,0.4296134965919864
2024-07-08,MDG,0.4244942156564787
2024-07-09,MDG,0.35199644435815003
2024-07-10,MDG,0.4495857376163032
2024-07-11,MDG,0.3694993367999846
2024-07-12,MDG,0.3255812587883618
2024-07-13,MDG,0.34249317469781543
2024-07-14,MDG,0.3974522331072948
2024-07-15,MDG,0.45831515802890815
2024-07-16,MDG,0.4414975024094137
2024-07-17,MDG,0.41950453466442444
2024-07-18,MDG,0.6208737568456117
2024-07-19,MDG,0.7127115333449974
2024-07-20,MDG,0.7373809096575638
2024-07-21,MDG,0.6801157414082775
2024-07-22,MDG,0.7769787325644808
2024-07-23,MDG,0.7089791039815991
2024-07-24,MDG,0.7171392505534384
2024-07-25,MDG,0.7561190103192098
2024-07-26,MDG,0.6408480792684728
2024-07-27,MDG,0.6022826620170747
2024-07-28,MDG,0.6232988899175989
2024-07-29,MDG,0.5868854455283744
2024-07-30,MDG,0.5947011723285198
2024-07-31,MDG,0.6043962445698199
2024-08-01,MDG,0.609777137406524
2024-08-02,MDG,0.7701842832217761
2024-08-03,MDG,0.6288581735203502
2024-08-04,MDG,0.7578827348201921
2024-08-05,MDG,0.7533021640233573
2024-08-06,MDG,0.8019418589097858
2024-08-07,MDG,0.864758231191069
2024-08-08,MDG,0.6317222772392872
2024-08-09,MDG,0.6187521746410086
2024-08-10,MDG,0.5383530492330081
2024-08-11,MDG,0.5474095211260692
2024-08-12,MDG,0.47939184968657317
2024-08-13,MDG,0.6125317582578319
2024-08-14,MDG,0.4062925527752579
2024-08-15,MDG,0.740266652672044
2024-08-16,MDG,0.6538928813210322
2024-08-17,MDG,0.5840769190131212
2024-08-18,MDG,0.5900557688767686
2024-08-19,MDG,0.5554970698213487
2024-08-20,MDG,0.6183632600057445
2024-08-21,MDG,0.5889404680463288
2024-08-22,MDG,0.43034757306068516
2024-08-23,MDG,0.37410079725416306
2024-08-24,MDG,0.5963472622119863
2024-08-25,MDG,0.3649612039946786
2024-08-26,MDG,0.34349096724432676
2024-08-27,MDG,0.3635757363527898
2024-08-28,MDG,0.3203621337236496
2024-08-29,MDG,0.344775768004242
2024-08-30,MDG,0.5194878217216847
2024-08-31,MDG,0.45536458574284344
2024-09-01,MDG,0.587730407059115
2024-09-02,MDG,0.39020190536690286
2024-09-03,MDG,0.3298563792740195
2024-09-04,MDG,0.5910885544111306
2024-09-05,MDG,0.3753507597849061
2024-09-06,MDG,0.4074783459949971
2024-09-07,MDG,0.3827967765514972
2024-09-08,MDG,0.3265857931184217
2024-09-09,MDG,0.4350771282966345
2024-09-10,MDG,0.43299547785398507
2024-09-11,MDG,0.6628636821008372
2024-09-12,MDG,0.7899938306602513
2024-09-13,MDG,0.3552748530307688
2024-09-14,MDG,0.5230212143970542
2024-09-15,MDG,0.6647665581747871
2024-09-16,MDG,0.30593417560890884
2024-09-17,MDG,0.3680836689738665
2024-09-18,MDG,0.603608115834503
2024-09-19,MDG,0.41748946780048984
2024-09-20,MDG,0.2958227441674647
2024-09-21,MDG,0.27594892212484967
2024-09-22,MDG,0.28582509463589745
2024-09-23,MDG,0.3423991619759397
2024-09-24,MDG,0.32020410413790834
2024-09-25,MDG,0.35494072623755457
2024-09-26,MDG,0.3627181850632785
2024-09-27,MDG,0.3379266747970075
2024-09-28,MDG,0.3754281657205802
2024-09-29,MDG,0.4269492189667138
2024-09-30,MDG,0.4228736343955513
2024-10-01,MDG,0.4014292407147727
2024-10-02,MDG,0.5709455006660957
2024-10-03,MDG,0.47861308765982574
2024-10-04,MDG,0.43136062635370875
2024-10-05,MDG,0.5883220491520388
2024-10-06,MDG,0.6531442915111939
2024-10-07,MDG,0.49915541364124005
2024-10-08,MDG,0.45253242001786953
2024-10-09,MDG,0.6907638063848253
2024-10-10,MDG,0.5239365969195763
2024-10-11,MDG,0.5050104950154025
2024-10-12,MDG,0.7406663398148792
2024-10-13,MDG,0.7714928459722412
2024-10-14,MDG,0.5941878665390188
2024-10-15,MDG,0.8218009217134271
2024-10-16,MDG,0.7178916179740862
2024-10-17,MDG,0.5836009617330422
2024-10-18,MDG,0.5423478526478464
2024-10-19,MDG,0.6196388253023946
2024-10-20,MDG,0.31527366447272037
2024-10-21,MDG,0.3064208430864101
2024-10-22,MDG,0.3844153614149063
2024-10-23,MDG,0.29899228441481246
2024-10-24,MDG,0.28213026989432205
2024-10-25,MDG,0.2973816900394614
2024-10-26,MDG,0.29285589336553913
2024-10-27,MDG,0.5117834314143346
2024-10-28,MDG,0.5149275367332625
2024-10-29,MDG,0.5363314891990326
2024-10-30,MDG,0.5867791876319208
2024-10-31,MDG,0.5326203255547325
2024-11-01,MDG,0.5455285696453571
2024-11-02,MDG,0.6096885727197915
2024-11-03,MDG,0.7382900844165898
2024-11-04,MDG,0.8017948621094377
2024-11-05,MDG,0.6269839188415631
2024-11-06,MDG,0.679207993399972
2024-11-07,MDG,0.6086035425931217
2024-11-08,MDG,0.6854107163274408
2024-11-09,MDG,0.6701241983951016
2024-11-10,MDG,0.8353944490285087
2024-11-11,MDG,0.4378644082957874
2024-11-12,MDG,0.37238748899636254
2024-11-13,MDG,0.36427845462113334
2024-11-14,MDG,0.6221151070514463
2024-11-15,MDG,0.37367415074283766
2024-11-16,MDG,0.3513357984133578
2024-11-17,MDG,0.4605821391306471
2024-11-18,MDG,0.687586557430033
2024-11-19,MDG,0.5226757166250097
2024-11-20,MDG,0.5776559984668179
2024-11-21,MDG,0.259735905738157
2024-11-22,MDG,0.26597319570058564
2024-11-23,MDG,0.2797256106853389
2024-11-24,MDG,0.28181524796685536
2024-11-25,MDG,0.27941157507588493
2024-11-26,MDG,0.27862463987323177
2024-11-27,MDG,0.26288565627354193
2024-11-28,MDG,0.6458023551729
2024-11-29,MDG,0.5743229673619236
2024-11-30,MDG,0.7373856298916441
2024-12-01,MDG,0.8979326063595217
2024-12-02,MDG,0.5871773402571562
2024-12-03,MDG,0.6020223035953346
2024-12-04,MDG,0.686257028811976
2024-12-05,MDG,0.7043085301566411
2024-12-06,MDG,0.6727695917477502
2024-12-07,MDG,0.6734332675210212
2024-12-08,MDG,0.7421714631572423
2024-12-09,MDG,0.5630451135870874
2024-12-10,MDG,0.7223533515990954
2024-12-11,MDG,0.6310455958788078
2024-12-12,MDG,0.623859536478571
2024-12-13,MDG,0.5661790020729125
2024-12-14,MDG,0.6447530664526725
2024-12-15,MDG,0.68805633291031
2024-12-16,MDG,0.6770823721959642
2024-12-17,MDG,0.6243849033316741
2024-12-18,MDG,0.6306121875592972
2024-12-19,MDG,0.5513782386237027
2024-12-20,MDG,0.5629003455485571
2024-12-21,MDG,0.6304040115238316
2024-12-22,MDG,0.42072995717934386
2024-12-23,MDG,0.4444203140746068
2024-12-24,MDG,0.4814075284101637
2024-12-25,MDG,0.3942876670355369
2024-12-26,MDG,0.5191250582966486
2024-12-27,MDG,0.8384803474007686
2024-12-28,MDG,0.4900629745960055
2024-12-29,MDG,0.3807914694453325
2024-12-30,MDG,0.7579038276199225
2024-12-31,MDG,0.7122439361187612
2025-01-01,MDG,0.8741002663083032
2025-01-02,MDG,0.7828472881477851
2025-01-03,MDG,0.7457060161384527
2025-01-04,MDG,0.7508224960586861
2025-01-05,MDG,0.688432171622226
2025-01-06,MDG,0.8149511360528682
2025-01-07,MDG,0.9224328125071859
2025-01-08,MDG,0.8060873358544507
2025-01-09,MDG,0.9004474779655905
2025-01-10,MDG,0.8096076236195687
2025-01-11,MDG,0.7794257897500998
2025-01-12,MDG,0.6723101484895947
2025-01-13,MDG,0.6828069673599739
2025-01-14,MDG,0.5282827453759891
2025-01-15,MDG,0.5554064486257165
2025-01-16,MDG,0.6159465095306205
2025-01-17,MDG,0.42371601082892585
2025-01-18,MDG,0.5037406899240019
2025-01-19,MDG,0.6620806684667792
2025-01-20,MDG,0.5481885321301951
2025-01-21,MDG,0.7784980831260595
2025-01-22,MDG,0.6371006253443722
2025-01-23,MDG,0.4756673886837048
2025-01-24,MDG,0.39707610654378606
2025-01-25,MDG,0.37031900162926723
2025-01-26,MDG,0.4444432058417971
2025-01-27,MDG,0.3697715161854837
2025-01-28,MDG,0.3175462790932301
2025-01-29,MDG,0.3376767952769084
2025-01-30,MDG,0.33397863792041066
2025-01-31,MDG,0.3229823735548191
2025-02-01,MDG,0.3357355812075916
2025-02-02,MDG,0.4085275315854638
2025-02-03,MDG,0.43533983720346503
2025-02-04,MDG,0.6144911702027389
2025-02-05,MDG,0.5025855018330704
2025-02-06,MDG,0.5306634305651785
2025-02-07,MDG,0.48434689884651383
2025-02-08,MDG,0.6298131333395577
2025-02-09,MDG,0.5570171929718847
2025-02-10,MDG,0.4575944031510054
2025-02-11,MDG,0.6734346190796072
2025-02-12,MDG,0.7847315601642987
2025-02-13,MDG,0.7324456867212817
2025-02-14,MDG,0.6463494542290323
2025-02-15,MDG,0.4431091273636006
2025-02-16,MDG,0.4303992059418002
2025-02-17,MDG,0.507466939364611
2025-02-18,MDG,0.4142928345995848
2025-02-19,MDG,0.7359151590006245
2025-02-20,MDG,0.45239361427092856
2025-02-21,MDG,0.5475307230134998
2025-02-22,MDG,0.754142132590113
2025-02-23,MDG,0.7081946489936891
2025-02-24,MDG,0.7545895382473962
2025-02-25,MDG,0.7916292535516456
2025-02-26,MDG,0.6928388922763203
2025-02-27,MDG,0.6995897483740358
2025-02-28,MDG,0.47940266511190255
2025-03-01,MDG,0.7502931918419122
2025-03-02,MDG,0.7116260670495121
2025-03-03,MDG,0.7321232383792137
2025-03-04,MDG,0.5188859279152714
2025-03-05,MDG,0.5500415354534389
2025-03-06,MDG,0.631786815124321
2025-03-07,MDG,0.6527870996739618
2025-03-08,MDG,0.8670490483341525
2025-03-09,MDG,0.673420446829927
2025-03-10,MDG,0.5195025767001327
2025-03-11,MDG,0.44909040786885834
2025-03-12,MDG,0.45035046531105394
2025-03-13,MDG,0.46055517222762693
2025-03-14,MDG,0.4360278959022693
2025-03-15,MDG,0.5874333711233858
2025-03-16,MDG,0.5354233154122949
2025-03-17,MDG,0.4544486390732558
2025-03-18,MDG,0.725492976468651
2025-03-19,MDG,0.7267364672877323
2025-03-20,MDG,0.6486687707389273
2025-03-21,MDG,0.6277489921596808
2025-03-22,MDG,0.5644700315843476
2025-03-23,MDG,0.591506600582732
2025-03-24,MDG,0.5912131989438727
2025-03-25,MDG,0.5715295199302413
2025-03-26,MDG,0.6257095965647822
2025-03-27,MDG,0.5873651070493838
2025-03-28,MDG,0.5881750135461358
2024-07-01,AFG,0.46764570805957467
2024-07-02,AFG,0.40974351479244936
2024-07-03,AFG,0.3794191464374857
2024-07-04,AFG,0.36615125006566657
2024-07-05,AFG,0.39064654438586977
2024-07-06,AFG,0.3796967894538468
2024-07-07,AFG,0.3728011814422488
2024-07-08,AFG,0.44214554064751216
2024-07-09,AFG,0.5570604676426558
2024-07-10,AFG,0.477986267172052
2024-07-11,AFG,0.42215863197976994
2024-07-12,AFG,0.42549033571859257
2024-07-13,AFG,0.4407649918264829
2024-07-14,AFG,0.3484802455751146
2024-07-15,AFG,0.35984639119802664
2024-07-16,AFG,0.36606117477307154
2024-07-17,AFG,0.484410598611666
2024-07-18,AFG,0.39955156375592654
2024-07-19,AFG,0.36708095135352004
2024-07-20,AFG,0.38053779460316867
2024-07-21,AFG,0.4677616115415742
2024-07-22,AFG,0.470429179127185
2024-07-23,AFG,0.4657515021643424
2024-07-24,AFG,0.42050151499447475
2024-07-25,AFG,0.4686767783886886
2024-07-26,AFG,0.47502415569765766
2024-07-27,AFG,0.5413517391404609
2024-07-28,AFG,0.6225333501906578
2024-07-29,AFG,0.6405937100606094
2024-07-30,AFG,0.5774345914974051
2024-07-31,AFG,0.5362173163631044
2024-08-01,AFG,0.5365479031349504
2024-08-02,AFG,0.5255020055929721
2024-08-03,AFG,0.4049585588428847
2024-08-04,AFG,0.4638128913573935
2024-08-05,AFG,0.5500252885149898
2024-08-06,AFG,0.5298746785344317
2024-08-07,AFG,0.5137119852919898
2024-08-08,AFG,0.46232600345315966
2024-08-09,AFG,0.490455406063813
2024-08-10,AFG,0.5460296732470734
2024-08-11,AFG,0.6007456828919001
2024-08-12,AFG,0.6724972539349525
2024-08-13,AFG,0.6479727594939501
2024-08-14,AFG,0.7639963195885451
2024-08-15,AFG,0.7683292637993188
2024-08-16,AFG,0.6911577701677578
2024-08-17,AFG,0.5180864996010628
2024-08-18,AFG,0.5662634785034828
2024-08-19,AFG,0.4818376154076295
2024-08-20,AFG,0.3750683588618495
2024-08-21,AFG,0.35718699845162977
2024-08-22,AFG,0.3477277391161355
2024-08-23,AFG,0.33155499112094766
2024-08-24,AFG,0.43401516404398205
2024-08-25,AFG,0.3949874642222335
2024-08-26,AFG,0.45644832616356906
2024-08-27,AFG,0.6160725505717669
2024-08-28,AFG,0.6644273733948639
2024-08-29,AFG,0.5551288953273611
2024-08-30,AFG,0.5445718996569257
2024-08-31,AFG,0.6040920542362747
2024-09-01,AFG,0.6280283975792863
2024-09-02,AFG,0.5480032711096364
2024-09-03,AFG,0.48962256136515897
2024-09-04,AFG,0.4680004934998097
2024-09-05,AFG,0.571128604665299
2024-09-06,AFG,0.5432894350900539
2024-09-07,AFG,0.5006593514918324
2024-09-08,AFG,0.48670459389128723
2024-09-09,AFG,0.30685462795262636
2024-09-10,AFG,0.27788462705911454
2024-09-11,AFG,0.26778462228839117
2024-09-12,AFG,0.2817299305258368
2024-09-13,AFG,0.2853665643078645
2024-09-14,AFG,0.29358054754565716
2024-09-15,AFG,0.32350304206466773
2024-09-16,AFG,0.5234763044238704
2024-09-17,AFG,0.5602195387611806
2024-09-18,AFG,0.5277934931696698
2024-09-19,AFG,0.31272964432679606
2024-09-20,AFG,0.338213174204504
2024-09-21,AFG,0.3088512241628336
2024-09-22,AFG,0.3236621230856555
2024-09-23,AFG,0.31876259914859967
2024-09-24,AFG,0.3265958315188581
2024-09-25,AFG,0.3228340030883926
2024-09-26,AFG,0.4601386261906369
2024-09-27,AFG,0.43858852396036
2024-09-28,AFG,0.44417317294502484
2024-09-29,AFG,0.3584789302068758
2024-09-30,AFG,0.4095861882821878
2024-10-01,AFG,0.4205388214238921
2024-10-02,AFG,0.4179394303315763
2024-10-03,AFG,0.5666834852478401
2024-10-04,AFG,0.5415851301391773
2024-10-05,AFG,0.5226959964375334
2024-10-06,AFG,0.5122386988159859
2024-10-07,AFG,0.482969044356348
2024-10-08,AFG,0.44250864184195593
2024-10-09,AFG,0.44385104757508836
2024-10-10,AFG,0.5486167063998897
2024-10-11,AFG,0.436434441173341
2024-10-12,AFG,0.3723740497837761
2024-10-13,AFG,0.3982843040323041
2024-10-14,AFG,0.5121340173477457
2024-10-15,AFG,0.44334228394883435
2024-10-16,AFG,0.3913706770514259
2024-10-17,AFG,0.37929461483302507
2024-10-18,AFG,0.471986029804134
2024-10-19,AFG,0.5376950752878517
2024-10-20,AFG,0.5328747763891395
2024-10-21,AFG,0.5412192354778745
2024-10-22,AFG,0.6647004941330802
2024-10-23,AFG,0.6134524612339081
2024-10-24,AFG,0.4679094003790997
2024-10-25,AFG,0.48260715180313646
2024-10-26,AFG,0.4060413225205183
2024-10-27,AFG,0.3959101701589608
2024-10-28,AFG,0.3795693483229647
2024-10-29,AFG,0.320398898607157
2024-10-30,AFG,0.3866385683163453
2024-10-31,AFG,0.43906764099311635
2024-11-01,AFG,0.44368604906071246
2024-11-02,AFG,0.5282942358847909
2024-11-03,AFG,0.5172581562624681
2024-11-04,AFG,0.5624013105779606
2024-11-05,AFG,0.638072768478601
2024-11-06,AFG,0.6872207689581108
2024-11-07,AFG,0.6242226447139925
2024-11-08,AFG,0.609287436800969
2024-11-09,AFG,0.6187545864359718
2024-11-10,AFG,0.6104520031064296
2024-11-11,AFG,0.6659268424074485
2024-11-12,AFG,0.4334663159707098
2024-11-13,AFG,0.608442434785392
2024-11-14,AFG,0.45343654196904315
2024-11-15,AFG,0.4149108745596969
2024-11-16,AFG,0.48686159491172565
2024-11-17,AFG,0.5600678692197878
2024-11-18,AFG,0.49636237555977175
2024-11-19,AFG,0.487553507712939
2024-11-20,AFG,0.5080761413147588
2024-11-21,AFG,0.5176478811470029
2024-11-22,AFG,0.4875565571121202
2024-11-23,AFG,0.6086156797687124
2024-11-24,AFG,0.5975342561603605
2024-11-25,AFG,0.5962313712794348
2024-11-26,AFG,0.5686596381622298
2024-11-27,AFG,0.6150845438397281
2024-11-28,AFG,0.41650332995788497
2024-11-29,AFG,0.37818322087992584
2024-11-30,AFG,0.41860494179356905
2024-12-01,AFG,0.4105435826268617
2024-12-02,AFG,0.44727622125082206
2024-12-03,AFG,0.45150864971062915
2024-12-04,AFG,0.4074992289960042
2024-12-05,AFG,0.7002601579022267
2024-12-06,AFG,0.7155718574723386
2024-12-07,AFG,0.7749204861172789
2024-12-08,AFG,0.7092515710481725
2024-12-09,AFG,0.7547221092383629
2024-12-10,AFG,0.6603850913175509
2024-12-11,AFG,0.7156641633762876
2024-12-12,AFG,0.6552837487889791
2024-12-13,AFG,0.6290850607093845
2024-12-14,AFG,0.6141666545209614
2024-12-15,AFG,0.5601257115841585
2024-12-16,AFG,0.518892657337457
2024-12-17,AFG,0.6293838268076426
2024-12-18,AFG,0.4420199028278949
2024-12-19,AFG,0.39828634660112605
2024-12-20,AFG,0.38345750659604366
2024-12-21,AFG,0.40259498425432005
2024-12-22,AFG,0.6949246202247361
2024-12-23,AFG,0.4899484427477673
2024-12-24,AFG,0.6423963328052515
2024-12-25,AFG,0.7959384476012188
2024-12-26,AFG,0.6936095434075441
2024-12-27,AFG,0.7232119450089155
2024-12-28,AFG,0.7256484547970095
2024-12-29,AFG,0.6651268553888973
2024-12-30,AFG,0.622239126858126
2024-12-31,AFG,0.2784952347105367
2025-01-01,AFG,0.25994802664320354
2025-01-02,AFG,0.25995183574629405
2025-01-03,AFG,0.24941097998607878
2025-01-04,AFG,0.2421235675026798
2025-01-05,AFG,0.24338269004338595
2025-01-06,AFG,0.2440383820417979
2025-01-07,AFG,0.4017314315968462
2025-01-08,AFG,0.2995739984678779
2025-01-09,AFG,0.34388741290326474
2025-01-10,AFG,0.33809427854304186
2025-01-11,AFG,0.4991481771522418
2025-01-12,AFG,0.5696329209546437
2025-01-13,AFG,0.5694808501877607
2025-01-14,AFG,0.5850460267981556
2025-01-15,AFG,0.6047782809239041
2025-01-16,AFG,0.6471711353519515
2025-01-17,AFG,0.6160284966532921
2025-01-18,AFG,0.6629789750315659
2025-01-19,AFG,0.6915312736381122
2025-01-20,AFG,0.6896115482204278
2025-01-21,AFG,0.7508102120492938
2025-01-22,AFG,0.7706048300810242
2025-01-23,AFG,0.6658623868257936
2025-01-24,AFG,0.634619678225327
2025-01-25,AFG,0.593111458821211
2025-01-26,AFG,0.6068342887219377
2025-01-27,AFG,0.6212620725902809
2025-01-28,AFG,0.5385772752756744
2025-01-29,AFG,0.5456313751522786
2025-01-30,AFG,0.5674711861844592
2025-01-31,AFG,0.5368109587409027
2025-02-01,AFG,0.5738419088418958
2025-02-02,AFG,0.4966162789321468
2025-02-03,AFG,0.4386215275943415
2025-02-04,AFG,0.4306966323038865
2025-02-05,AFG,0.4350332736582397
2025-02-06,AFG,0.4228057019900704
2025-02-07,AFG,0.42395415462511826
2025-02-08,AFG,0.41390765943573704
2025-02-09,AFG,0.4836118456566401
2025-02-10,AFG,0.4807761335006241
2025-02-11,AFG,0.5049669107145686
2025-02-12,AFG,0.5339832678905773
2025-02-13,AFG,0.4453113807565479
2025-02-14,AFG,0.5118765950365648
2025-02-15,AFG,0.5043625209289397
2025-02-16,AFG,0.46744877343691055
2025-02-17,AFG,0.513223300748382
2025-02-18,AFG,0.29779664380324367
2025-02-19,AFG,0.2782424167469764
2025-02-20,AFG,0.28192035880020205
2025-02-21,AFG,0.26878239150698047
2025-02-22,AFG,0.25517307725328414
2025-02-23,AFG,0.26923887790820106
2025-02-24,AFG,0.24971130692337407
2025-02-25,AFG,0.33181568809720235
2025-02-26,AFG,0.3385835091262739
2025-02-27,AFG,0.35216800121501773
2025-02-28,AFG,0.3838438007838076
2025-03-01,AFG,0.4093631094072569
2025-03-02,AFG,0.5799669744599864
2025-03-03,AFG,0.5252032502869524
2025-03-04,AFG,0.5465355833113638
2025-03-05,AFG,0.6091242550379996
2025-03-06,AFG,0.5822563356496779
2025-03-07,AFG,0.5684074030988516
2025-03-08,AFG,0.5457702874745939
2025-03-09,AFG,0.5833354090917683
2025-03-10,AFG,0.5648807093253658
2025-03-11,AFG,0.5917956599383922
2025-03-12,AFG,0.5859431183526936
2025-03-13,AFG,0.5976473455727797
2025-03-14,AFG,0.6130000796981081
2025-03-15,AFG,0.6249032481042114
2025-03-16,AFG,0.5701921733906623
2025-03-17,AFG,0.6415143745881153
2025-03-18,AFG,0.6169429494553781
2025-03-19,AFG,0.5614456785556371
2025-03-20,AFG,0.6355819104975022
2025-03-21,AFG,0.6052641100566554
2025-03-22,AFG,0.7470169829584051
2025-03-23,AFG,0.5566256814440897
2025-03-24,AFG,0.47780171352228396
2025-03-25,AFG,0.4793494259179567
2025-03-26,AFG,0.48983973710456147
2025-03-27,AFG,0.451893118800303
2025-03-28,AFG,0.4012460355513784
2024-07-01,PAK,0.47190515845097736
2024-07-02,PAK,0.4501400285842226
2024-07-03,PAK,0.42253902230978985
2024-07-04,PAK,0.40472283786916363
2024-07-05,PAK,0.5626720344879862
2024-07-06,PAK,0.8112411232411386
2024-07-07,PAK,0.5531477603454326
2024-07-08,PAK,0.5195991792361426
2024-07-09,PAK,0.3541385179701406
2024-07-10,PAK,0.4826643005623725
2024-07-11,PAK,0.42847273696878785
2024-07-12,PAK,0.35223488168683503
2024-07-13,PAK,0.26949270172977574
2024-07-14,PAK,0.5258198113130181
2024-07-15,PAK,0.8594215055461116
2024-07-16,PAK,0.5557872309203041
2024-07-17,PAK,0.3015250927897111
2024-07-18,PAK,0.3066590508694996
2024-07-19,PAK,0.5162997622746057
2024-07-20,PAK,0.39204187258041734
2024-07-21,PAK,0.3807854626323228
2024-07-22,PAK,0.24206752064989426
2024-07-23,PAK,0.23400809939626072
2024-07-24,PAK,0.4005797530261727
2024-07-25,PAK,0.3059731346325209
2024-07-26,PAK,0.25459810050419374
2024-07-27,PAK,0.4452493690856696
2024-07-28,PAK,0.5618183658961772
2024-07-29,PAK,0.7004979550015449
2024-07-30,PAK,0.6274400082620305
2024-07-31,PAK,0.4984937345131948
2024-08-01,PAK,0.4294629516611722
2024-08-02,PAK,0.3694397874740097
2024-08-03,PAK,0.40800227794940747
2024-08-04,PAK,0.3331543849801102
2024-08-05,PAK,0.4263875986140378
2024-08-06,PAK,0.32079164968697843
2024-08-07,PAK,0.3039600261432488
2024-08-08,PAK,0.2831373291733273
2024-08-09,PAK,0.4514367188797186
2024-08-10,PAK,0.47692225504568675
2024-08-11,PAK,0.727736619129814
2024-08-12,PAK,0.8795441254112061
2024-08-13,PAK,0.8829423991668766
2024-08-14,PAK,0.9209223408686463
2024-08-15,PAK,0.921066737899559
2024-08-16,PAK,0.737526862793954
2024-08-17,PAK,0.32030093161524203
2024-08-18,PAK,0.35621001878955555
2024-08-19,PAK,0.7336809651259036
2024-08-20,PAK,0.3565091046278978
2024-08-21,PAK,0.2820834283473301
2024-08-22,PAK,0.35698556673015813
2024-08-23,PAK,0.8378139518199764
2024-08-24,PAK,0.39952424501520095
2024-08-25,PAK,0.5979732747978858
2024-08-26,PAK,0.850791963400995
2024-08-27,PAK,0.7758922656289996
2024-08-28,PAK,0.499436908017013
2024-08-29,PAK,0.6828054079612826
2024-08-30,PAK,0.3427380748352185
2024-08-31,PAK,0.27884727466043757
2024-09-01,PAK,0.27120997031362243
2024-09-02,PAK,0.2967338686625274
2024-09-03,PAK,0.2634885711057725
2024-09-04,PAK,0.24706496046106097
2024-09-05,PAK,0.23636513280431037
2024-09-06,PAK,0.2811923185529039
2024-09-07,PAK,0.35509297181572586
2024-09-08,PAK,0.29940262969573456
2024-09-09,PAK,0.7863196731762032
2024-09-10,PAK,0.5202683423260213
2024-09-11,PAK,0.8484248372079052
2024-09-12,PAK,0.6591048146865839
2024-09-13,PAK,0.6780217114398732
2024-09-14,PAK,0.8144001302061277
2024-09-15,PAK,0.6446929767644197
2024-09-16,PAK,0.6764898271317178
2024-09-17,PAK,0.5454612016539409
2024-09-18,PAK,0.7342878014880287
2024-09-19,PAK,0.6781310282891948
2024-09-20,PAK,0.734748882806446
2024-09-21,PAK,0.4888088387160925
2024-09-22,PAK,0.6232814378654603
2024-09-23,PAK,0.8019831281972879
2024-09-24,PAK,0.887926209209031
2024-09-25,PAK,0.8859145476995656
2024-09-26,PAK,0.42218889733574816
2024-09-27,PAK,0.48568369746244855
2024-09-28,PAK,0.631208539851216
2024-09-29,PAK,0.5667760464374235
2024-09-30,PAK,0.32958059937249573
2024-10-01,PAK,0.3208311657918521
2024-10-02,PAK,0.3965645174537897
2024-10-03,PAK,0.35945011561796014
2024-10-04,PAK,0.3853886768231957
2024-10-05,PAK,0.8656132794892533
2024-10-06,PAK,0.6592207469993666
2024-10-07,PAK,0.8138326392437348
2024-10-08,PAK,0.5917619426778163
2024-10-09,PAK,0.805740001697305
2024-10-10,PAK,0.8274576249350402
2024-10-11,PAK,0.9058517984434187
2024-10-12,PAK,0.7989068975596098
2024-10-13,PAK,0.6263511282407175
2024-10-14,PAK,0.5489346401730244
2024-10-15,PAK,0.4539387101202599
2024-10-16,PAK,0.5063441485532681
2024-10-17,PAK,0.30038638604568096
2024-10-18,PAK,0.2507416900759178
2024-10-19,PAK,0.3336387481462587
2024-10-20,PAK,0.29157201930941457
2024-10-21,PAK,0.2609510956672107
2024-10-22,PAK,0.3253115234910223
2024-10-23,PAK,0.43147472940193227
2024-10-24,PAK,0.6575493537346744
2024-10-25,PAK,0.766205781335012
2024-10-26,PAK,0.8141608178951565
2024-10-27,PAK,0.5698084191116719
2024-10-28,PAK,0.7273293999161616
2024-10-29,PAK,0.6921556865130468
2024-10-30,PAK,0.5842299493240756
2024-10-31,PAK,0.4569302871867073
2024-11-01,PAK,0.6106267959769803
2024-11-02,PAK,0.5467888901740312
2024-11-03,PAK,0.5516871979393022
2024-11-04,PAK,0.40993357024004
2024-11-05,PAK,0.3628847994168894
2024-11-06,PAK,0.573904441859986
2024-11-07,PAK,0.5644600268004963
2024-11-08,PAK,0.4528957317219144
2024-11-09,PAK,0.8800605648235508
2024-11-10,PAK,0.5402623701040593
2024-11-11,PAK,0.45474600839108753
2024-11-12,PAK,0.4062032742714979
2024-11-13,PAK,0.5712854192875436
2024-11-14,PAK,0.6062272109203742
2024-11-15,PAK,0.6129177279760659
2024-11-16,PAK,0.44490215063693994
2024-11-17,PAK,0.4087872665400612
2024-11-18,PAK,0.6691234885253837
2024-11-19,PAK,0.7134296624527111
2024-11-20,PAK,0.302397672176462
2024-11-21,PAK,0.701079677446003
2024-11-22,PAK,0.4445916639014733
2024-11-23,PAK,0.6824889372912657
2024-11-24,PAK,0.6742714008606603
2024-11-25,PAK,0.388893307464759
2024-11-26,PAK,0.43411176520106
2024-11-27,PAK,0.5986101032731407
2024-11-28,PAK,0.2790247379105591
2024-11-29,PAK,0.2228624070679729
2024-11-30,PAK,0.22156565746960208
2024-12-01,PAK,0.2916566113511666
2024-12-02,PAK,0.21429020139979146
2024-12-03,PAK,0.2383318483300271
2024-12-04,PAK,0.25281835915682027
2024-12-05,PAK,0.43549406193999496
2024-12-06,PAK,0.5483812494130454
2024-12-07,PAK,0.8202139666849433
2024-12-08,PAK,0.5745903781725125
2024-12-09,PAK,0.4240746541239936
2024-12-10,PAK,0.853213717366943
2024-12-11,PAK,0.575831090860801
2024-12-12,PAK,0.7695982750515314
2024-12-13,PAK,0.782059243812884
2024-12-14,PAK,0.5495742295886108
2024-12-15,PAK,0.46265622835855996
2024-12-16,PAK,0.5237547467193153
2024-12-17,PAK,0.3899580443188718
2024-12-18,PAK,0.6673310210800909
2024-12-19,PAK,0.37350719463049226
2024-12-20,PAK,0.8199711473713502
2024-12-21,PAK,0.6305495349349725
2024-12-22,PAK,0.529390221737255
2024-12-23,PAK,0.6049956825996465
2024-12-24,PAK,0.6500294625355472
2024-12-25,PAK,0.8448750890789003
2024-12-26,PAK,0.6823367369418476
2024-12-27,PAK,0.3925504690993602
2024-12-28,PAK,0.5579819755442337
2024-12-29,PAK,0.46378535945109794
2024-12-30,PAK,0.4834570734108245
2024-12-31,PAK,0.4018228127186896
2025-01-01,PAK,0.4152503150668425
2025-01-02,PAK,0.329882239579741
2025-01-03,PAK,0.45713600543859284
2025-01-04,PAK,0.4000133685931891
2025-01-05,PAK,0.40398536664540974
2025-01-06,PAK,0.421789077505382
2025-01-07,PAK,0.43383801867721306
2025-01-08,PAK,0.7623472153918157
2025-01-09,PAK,0.5206083290145808
2025-01-10,PAK,0.6410872228848994
2025-01-11,PAK,0.8555626121120372
2025-01-12,PAK,0.8537729461348849
2025-01-13,PAK,0.8685554114885414
2025-01-14,PAK,0.5775315393177857
2025-01-15,PAK,0.5786808870986165
2025-01-16,PAK,0.760647662940329
2025-01-17,PAK,0.690045790776701
2025-01-18,PAK,0.6547146464422141
2025-01-19,PAK,0.285928937338603
2025-01-20,PAK,0.3049774792151156
2025-01-21,PAK,0.4291918075769508
2025-01-22,PAK,0.2621770491580854
2025-01-23,PAK,0.3490434320360444
2025-01-24,PAK,0.30128933914266964
2025-01-25,PAK,0.397420567752361
2025-01-26,PAK,0.5017469865958121
2025-01-27,PAK,0.5459230613201385
2025-01-28,PAK,0.43026060407607525
2025-01-29,PAK,0.6080863922557029
2025-01-30,PAK,0.72855324706545
2025-01-31,PAK,0.8733659044594556
2025-02-01,PAK,0.6386362786833347
2025-02-02,PAK,0.6604757278397704
2025-02-03,PAK,0.457716046508208
2025-02-04,PAK,0.4521804651540463
2025-02-05,PAK,0.6395336833273462
2025-02-06,PAK,0.2824365084001245
2025-02-07,PAK,0.5311577257973951
2025-02-08,PAK,0.4271960097172173
2025-02-09,PAK,0.4586328191188562
2025-02-10,PAK,0.6007956630956602
2025-02-11,PAK,0.3379862241554121
2025-02-12,PAK,0.46465518032464337
2025-02-13,PAK,0.5909899826730423
2025-02-14,PAK,0.6236824423491608
2025-02-15,PAK,0.802022266013837
2025-02-16,PAK,0.38876709796065567
2025-02-17,PAK,0.7570459335581435
2025-02-18,PAK,0.8104588053214501
2025-02-19,PAK,0.5338593014110483
2025-02-20,PAK,0.3621436827335848
2025-02-21,PAK,0.3828481283930458
2025-02-22,PAK,0.4146963258619742
2025-02-23,PAK,0.8458919802545789
2025-02-24,PAK,0.6370487221500286
2025-02-25,PAK,0.34101448763635367
2025-02-26,PAK,0.43396721782020753
2025-02-27,PAK,0.3022914987990359
2025-02-28,PAK,0.3987478567491664
2025-03-01,PAK,0.3845469457180314
2025-03-02,PAK,0.3182697312131565
2025-03-03,PAK,0.545437582003751
2025-03-04,PAK,0.8396337647560864
2025-03-05,PAK,0.6645301688968795
2025-03-06,PAK,0.5456089668158514
2025-03-07,PAK,0.4345444819629002
2025-03-08,PAK,0.30414993118546046
2025-03-09,PAK,0.6151523608083994
2025-03-10,PAK,0.33089229386558877
2025-03-11,PAK,0.7669079028170714
2025-03-12,PAK,0.5969463393415846
2025-03-13,PAK,0.4206718237308573
2025-03-14,PAK,0.4288833248299607
2025-03-15,PAK,0.6863090280982539
2025-03-16,PAK,0.5778665667478918
2025-03-17,PAK,0.5593180691912198
2025-03-18,PAK,0.4029286290633636
2025-03-19,PAK,0.38592416938553875
2025-03-20,PAK,0.33626139406140243
2025-03-21,PAK,0.4637589171781355
2025-03-22,PAK,0.3807771638184877
2025-03-23,PAK,0.630690847360663
2025-03-24,PAK,0.23926736921918756
2025-03-25,PAK,0.3622461334682905
2025-03-26,PAK,0.5195543817664329
2025-03-27,PAK,0.8007658772064281
2025-03-28,PAK,0.5565943236992744
2024-07-01,IND,0.5432558029088098
2024-07-02,IND,0.6994006211744206
2024-07-03,IND,0.4910680466475055
2024-07-04,IND,0.38328342416969696
2024-07-05,IND,0.585029475972956
2024-07-06,IND,0.6905816575493655
2024-07-07,IND,0.4860537048753258
2024-07-08,IND,0.7173415197271868
2024-07-09,IND,0.390514898000273
2024-07-10,IND,0.46050218612270893
2024-07-11,IND,0.3581045928599504
2024-07-12,IND,0.31130562432599346
2024-07-13,IND,0.3600789605224006
2024-07-14,IND,0.5732698687616663
2024-07-15,IND,0.3678526817472413
2024-07-16,IND,0.3279664362462807
2024-07-17,IND,0.3888382103248505
2024-07-18,IND,0.37461776981588185
2024-07-19,IND,0.3329914554396543
2024-07-20,IND,0.47407117609075794
2024-07-21,IND,0.35442524196366626
2024-07-22,IND,0.3530474655264697
2024-07-23,IND,0.41809787547501825
2024-07-24,IND,0.3141629346283996
2024-07-25,IND,0.2646531976130864
2024-07-26,IND,0.2622298837542969
2024-07-27,IND,0.2585534481849515
2024-07-28,IND,0.33293842746408986
2024-07-29,IND,0.3365112986709435
2024-07-30,IND,0.33807046805667657
2024-07-31,IND,0.43067832835422776
2024-08-01,IND,0.6668269902211764
2024-08-02,IND,0.7105438834685318
2024-08-03,IND,0.49737772231147226
2024-08-04,IND,0.6745753474331879
2024-08-05,IND,0.4982964030105084
2024-08-06,IND,0.3934966748367192
2024-08-07,IND,0.5076940954952399
2024-08-08,IND,0.5122166771059355
2024-08-09,IND,0.4362597982301819
2024-08-10,IND,0.6540495723461539
2024-08-11,IND,0.5206896972577719
2024-08-12,IND,0.7010364890285276
2024-08-13,IND,0.7849855755370061
2024-08-14,IND,0.7518022806008225
2024-08-15,IND,0.8442674002893549
2024-08-16,IND,0.5626816546902327
2024-08-17,IND,0.5156596447365664
2024-08-18,IND,0.4969398973370985
2024-08-19,IND,0.38249684111925575
2024-08-20,IND,0.4352013219146696
2024-08-21,IND,0.3497681713654952
2024-08-22,IND,0.3418792414941235
2024-08-23,IND,0.3265057242530254
2024-08-24,IND,0.5537409830336738
2024-08-25,IND,0.5954533420122432
2024-08-26,IND,0.7013311906438678
2024-08-27,IND,0.6147568608151796
2024-08-28,IND,0.6134210392501762
2024-08-29,IND,0.8455262236137242
2024-08-30,IND,0.7778849760856824
2024-08-31,IND,0.5341421380203684
2024-09-01,IND,0.812606805284515
2024-09-02,IND,0.7723840759484831
2024-09-03,IND,0.9120791082007035
2024-09-04,IND,0.8309708015990003
2024-09-05,IND,0.6864319811294016
2024-09-06,IND,0.4532034481376398
2024-09-07,IND,0.760726404732988
2024-09-08,IND,0.4861934025480468
2024-09-09,IND,0.48601917345993667
2024-09-10,IND,0.3503434496332779
2024-09-11,IND,0.3747816742741615
2024-09-12,IND,0.35108560533334215
2024-09-13,IND,0.386199256099445
2024-09-14,IND,0.3979218111861797
2024-09-15,IND,0.3421099211544282
2024-09-16,IND,0.31315943839991395
2024-09-17,IND,0.36884483951705455
2024-09-18,IND,0.32212456567612396
2024-09-19,IND,0.4392651192459052
2024-09-20,IND,0.3846572042286759
2024-09-21,IND,0.44446198631399925
2024-09-22,IND,0.5851509404642022
2024-09-23,IND,0.5760878265860911
2024-09-24,IND,0.4656527590722493
2024-09-25,IND,0.6554107404422175
2024-09-26,IND,0.6425850689551404
2024-09-27,IND,0.7418568521541486
2024-09-28,IND,0.7706911102447861
2024-09-29,IND,0.718528256311301
2024-09-30,IND,0.587477216228738
2024-10-01,IND,0.8225998237173127
2024-10-02,IND,0.7938112152501101
2024-10-03,IND,0.47745254554872907
2024-10-04,IND,0.9466635447872077
2024-10-05,IND,0.7989689940910634
2024-10-06,IND,0.6512249023485615
2024-10-07,IND,0.6456625884780671
2024-10-08,IND,0.6265122029099908
2024-10-09,IND,0.47786712313945945
2024-10-10,IND,0.48347103499056376
2024-10-11,IND,0.2569617083466613
2024-10-12,IND,0.31914753320146055
2024-10-13,IND,0.24991776944974534
2024-10-14,IND,0.22551792899747689
2024-10-15,IND,0.2194348658448996
2024-10-16,IND,0.2194868800451141
2024-10-17,IND,0.21847547985281607
2024-10-18,IND,0.4873423217787101
2024-10-19,IND,0.6201209897785817
2024-10-20,IND,0.7247675763793789
2024-10-21,IND,0.658099421577762
2024-10-22,IND,0.5124117216027617
2024-10-23,IND,0.4706640410360352
2024-10-24,IND,0.7594375291401418
2024-10-25,IND,0.7798375548548788
2024-10-26,IND,0.5221922067926176
2024-10-27,IND,0.37907288451532595
2024-10-28,IND,0.35377625873409796
2024-10-29,IND,0.3643573616018173
2024-10-30,IND,0.4043944811707735
2024-10-31,IND,0.42718765758097227
2024-11-01,IND,0.31237891488999336
2024-11-02,IND,0.436517624914348
2024-11-03,IND,0.42619815744871253
2024-11-04,IND,0.5700897939974279
2024-11-05,IND,0.49249238758271513
2024-11-06,IND,0.43542070974494324
2024-11-07,IND,0.5581583918139991
2024-11-08,IND,0.8025828668431392
2024-11-09,IND,0.7231424957741419
2024-11-10,IND,0.7677502794091168
2024-11-11,IND,0.818818499970684
2024-11-12,IND,0.7757995065452266
2024-11-13,IND,0.6924236203586625
2024-11-14,IND,0.6054978722993123
2024-11-15,IND,0.650725374443416
2024-11-16,IND,0.5156280904393882
2024-11-17,IND,0.4173401024566692
2024-11-18,IND,0.30614500808663375
2024-11-19,IND,0.30828844141693185
2024-11-20,IND,0.2884271888032939
2024-11-21,IND,0.3400499289419293
2024-11-22,IND,0.37876591990862646
2024-11-23,IND,0.294668322579007
2024-11-24,IND,0.32452575942650985
2024-11-25,IND,0.43673285977271803
2024-11-26,IND,0.435598366580946
2024-11-27,IND,0.4534285599181309
2024-11-28,IND,0.4015746955717632
2024-11-29,IND,0.40250791065678365
2024-11-30,IND,0.376651566669107
2024-12-01,IND,0.6491685459637043
2024-12-02,IND,0.3906920045990894
2024-12-03,IND,0.34783994594036677
2024-12-04,IND,0.49183279757365467
2024-12-05,IND,0.3848954314668301
2024-12-06,IND,0.6137466045376467
2024-12-07,IND,0.5465038363636252
2024-12-08,IND,0.4203011058486633
2024-12-09,IND,0.5410493479837795
2024-12-10,IND,0.42818632103495574
2024-12-11,IND,0.4893574638407266
2024-12-12,IND,0.694053815567285
2024-12-13,IND,0.4925761461881418
2024-12-14,IND,0.4494295732774634
2024-12-15,IND,0.7236811202318488
2024-12-16,IND,0.6330317792464142
2024-12-17,IND,0.6762796141792412
2024-12-18,IND,0.6155465551204048
2024-12-19,IND,0.4283320808451946
2024-12-20,IND,0.4353802205833905
2024-12-21,IND,0.45096416758930585
2024-12-22,IND,0.3826645248643671
2024-12-23,IND,0.48387164108533653
2024-12-24,IND,0.3509533012209258
2024-12-25,IND,0.3981106462337655
2024-12-26,IND,0.49818034915255205
2024-12-27,IND,0.4852871629960395
2024-12-28,IND,0.4716480299480556
2024-12-29,IND,0.43234708811950084
2024-12-30,IND,0.45220544641492155
2024-12-31,IND,0.3743679705101966
2025-01-01,IND,0.37511137572069264
2025-01-02,IND,0.4360074943594338
2025-01-03,IND,0.5337230593926451
2025-01-04,IND,0.7356399434744679
2025-01-05,IND,0.48229454483558215
2025-01-06,IND,0.8070528489203619
2025-01-07,IND,0.7618743916445028
2025-01-08,IND,0.6747836421030355
2025-01-09,IND,0.7805463852223443
2025-01-10,IND,0.8187657124285751
2025-01-11,IND,0.5643624106730749
2025-01-12,IND,0.5575502880762546
2025-01-13,IND,0.4059306845753003
2025-01-14,IND,0.3715395729433766
2025-01-15,IND,0.3819389420418926
2025-01-16,IND,0.3721707395021647
2025-01-17,IND,0.73494417331697
2025-01-18,IND,0.4933118261233671
2025-01-19,IND,0.3260449001797614
2025-01-20,IND,0.8841579920915249
2025-01-21,IND,0.6735458797911168
2025-01-22,IND,0.5408142752042618
2025-01-23,IND,0.30270929234389415
2025-01-24,IND,0.2966345986288892
2025-01-25,IND,0.2795151764178169
2025-01-26,IND,0.31303328501366845
2025-01-27,IND,0.26414201121870895
2025-01-28,IND,0.22815175944440538
2025-01-29,IND,0.25870077109592776
2025-01-30,IND,0.2628220611669967
2025-01-31,IND,0.26604611559790464
2025-02-01,IND,0.6133424343809798
2025-02-02,IND,0.37326191425673244
2025-02-03,IND,0.5999969488612328
2025-02-04,IND,0.6830817600944948
2025-02-05,IND,0.6295251609702089
2025-02-06,IND,0.583812830925237
2025-02-07,IND,0.5172142907447774
2025-02-08,IND,0.4174018510481588
2025-02-09,IND,0.8409581402840003
2025-02-10,IND,0.46962356625532187
2025-02-11,IND,0.4303791768467232
2025-02-12,IND,0.34413340375009677
2025-02-13,IND,0.42024979956218794
2025-02-14,IND,0.44147831526847453
2025-02-15,IND,0.4019914162563232
2025-02-16,IND,0.25601538401530394
2025-02-17,IND,0.22564880803567103
2025-02-18,IND,0.22294329856929795
2025-02-19,IND,0.2662831645956981
2025-02-20,IND,0.21583883475195736
2025-02-21,IND,0.25136527304818307
2025-02-22,IND,0.21625500651282067
2025-02-23,IND,0.43092145480620203
2025-02-24,IND,0.4779992528386416
2025-02-25,IND,0.5217390130595343
2025-02-26,IND,0.3985326108057614
2025-02-27,IND,0.4305197423227619
2025-02-28,IND,0.3768375516953786
2025-03-01,IND,0.5241562881888566
2025-03-02,IND,0.6680664393929537
2025-03-03,IND,0.5607197006758864
2025-03-04,IND,0.6566187448574079
2025-03-05,IND,0.7378654832901098
2025-03-06,IND,0.6453224776641443
2025-03-07,IND,0.7223533699517305
2025-03-08,IND,0.8013919062515577
2025-03-09,IND,0.7543778239011117
2025-03-10,IND,0.6211297526452765
2025-03-11,IND,0.5680373450195991
2025-03-12,IND,0.6741659146604214
2025-03-13,IND,0.5347032299153073
2025-03-14,IND,0.8084528146505443
2025-03-15,IND,0.5788769896543853
2025-03-16,IND,0.5072492541170318
2025-03-17,IND,0.7178911131910102
2025-03-18,IND,0.48159732846163295
2025-03-19,IND,0.40996061933627637
2025-03-20,IND,0.9432174297726017
2025-03-21,IND,0.5754634275970827
2025-03-22,IND,0.6053639566798812
2025-03-23,IND,0.6986524049747149
2025-03-24,IND,0.6356644137603149
2025-03-25,IND,0.7859981233212656
2025-03-26,IND,0.46399939080542657
2025-03-27,IND,0.2718850615686647
2025-03-28,IND,0.22483513354929233
2024-07-01,BGD,0.4095637499940482
2024-07-02,BGD,0.7514266891403082
2024-07-03,BGD,0.41605575230035396
2024-07-04,BGD,0.3384076432150596
2024-07-05,BGD,0.33668584201732493
2024-07-06,BGD,0.363287642429108
2024-07-07,BGD,0.45809732062047753
2024-07-08,BGD,0.3572029573642561
2024-07-09,BGD,0.3503703039376418
2024-07-10,BGD,0.33257576727443283
2024-07-11,BGD,0.5874493936122135
2024-07-12,BGD,0.5017034358813707
2024-07-13,BGD,0.46818263823298895
2024-07-14,BGD,0.5828927481601022
2024-07-15,BGD,0.39578490551502893
2024-07-16,BGD,0.48444973763132854
2024-07-17,BGD,0.3626607756799455
2024-07-18,BGD,0.31798268446086825
2024-07-19,BGD,0.7231977089146318
2024-07-20,BGD,0.3304362547035752
2024-07-21,BGD,0.4825530273553192
2024-07-22,BGD,0.746128286022233
2024-07-23,BGD,0.7488618038020408
2024-07-24,BGD,0.8068421683872653
2024-07-25,BGD,0.7507361642018775
2024-07-26,BGD,0.7225530638716778
2024-07-27,BGD,0.7404699358489566
2024-07-28,BGD,0.7013374574311279
2024-07-29,BGD,0.8350751273678417
2024-07-30,BGD,0.7666721910008063
2024-07-31,BGD,0.5448818200513554
2024-08-01,BGD,0.4169580149595122
2024-08-02,BGD,0.3925329524196046
2024-08-03,BGD,0.28834824157503625
2024-08-04,BGD,0.44672077774953634
2024-08-05,BGD,0.7249435351019172
2024-08-06,BGD,0.592807244578804
2024-08-07,BGD,0.37193027184261046
2024-08-08,BGD,0.37531721998072765
2024-08-09,BGD,0.42646059810767883
2024-08-10,BGD,0.3895557931324143
2024-08-11,BGD,0.3873278419598866
2024-08-12,BGD,0.28916459633947267
2024-08-13,BGD,0.26922844597377316
2024-08-14,BGD,0.2489692869674769
2024-08-15,BGD,0.26595621293479127
2024-08-16,BGD,0.26032294613109014
2024-08-17,BGD,0.2695688290921802
2024-08-18,BGD,0.2501014955306172
2024-08-19,BGD,0.3671493138689218
2024-08-20,BGD,0.3644897118000532
2024-08-21,BGD,0.413414643285738
2024-08-22,BGD,0.3618932607051508
2024-08-23,BGD,0.5002955200562722
2024-08-24,BGD,0.5793056901882965
2024-08-25,BGD,0.6397106892571359
2024-08-26,BGD,0.6404971167869411
2024-08-27,BGD,0.7064412955672907
2024-08-28,BGD,0.833716793445702
2024-08-29,BGD,0.9202757094855747
2024-08-30,BGD,0.752779522180514
2024-08-31,BGD,0.7761313663830204
2024-09-01,BGD,0.7237522680048334
2024-09-02,BGD,0.487706053220949
2024-09-03,BGD,0.6816421608740434
2024-09-04,BGD,0.6958251802168479
2024-09-05,BGD,0.36682108988692175
2024-09-06,BGD,0.280978726854567
2024-09-07,BGD,0.270541123246735
2024-09-08,BGD,0.2651912566303278
2024-09-09,BGD,0.2667990369137253
2024-09-10,BGD,0.28529918374957225
2024-09-11,BGD,0.30337205298335856
2024-09-12,BGD,0.540645613780293
2024-09-13,BGD,0.38113484273416404
2024-09-14,BGD,0.48977003667528307
2024-09-15,BGD,0.5526235811701063
2024-09-16,BGD,0.656455755321652
2024-09-17,BGD,0.37589361942707583
2024-09-18,BGD,0.34786311739422343
2024-09-19,BGD,0.3652909699324917
2024-09-20,BGD,0.3343017751766626
2024-09-21,BGD,0.33476549654429133
2024-09-22,BGD,0.5342964288342987
2024-09-23,BGD,0.38895938654777246
2024-09-24,BGD,0.3476089661238589
2024-09-25,BGD,0.5314505401671554
2024-09-26,BGD,0.7262124724669363
2024-09-27,BGD,0.5278908145396581
2024-09-28,BGD,0.4919226245323885
2024-09-29,BGD,0.41515068113136977
2024-09-30,BGD,0.60831775965823
2024-10-01,BGD,0.8591918708313975
2024-10-02,BGD,0.7493221283508844
2024-10-03,BGD,0.510847246717215
2024-10-04,BGD,0.4609051267350781
2024-10-05,BGD,0.4694117462594171
2024-10-06,BGD,0.711718951932541
2024-10-07,BGD,0.6129179196853622
2024-10-08,BGD,0.6007280319982384
2024-10-09,BGD,0.3783367479892616
2024-10-10,BGD,0.48424067381867486
2024-10-11,BGD,0.6708830539288588
2024-10-12,BGD,0.5948536365130894
2024-10-13,BGD,0.4821398837406255
2024-10-14,BGD,0.6982320130954135
2024-10-15,BGD,0.5742920442946055
2024-10-16,BGD,0.6139858055683768
2024-10-17,BGD,0.7619947826127856
2024-10-18,BGD,0.5818769379189395
2024-10-19,BGD,0.3764214462414039
2024-10-20,BGD,0.4804967650234349
2024-10-21,BGD,0.6799093582575447
2024-10-22,BGD,0.5625602747050635
2024-10-23,BGD,0.4126732227902726
2024-10-24,BGD,0.5068356470181427
2024-10-25,BGD,0.45972231181706114
2024-10-26,BGD,0.5263689315400524
2024-10-27,BGD,0.46418959216406713
2024-10-28,BGD,0.2901854322737868
2024-10-29,BGD,0.29059032909493937
2024-10-30,BGD,0.5596904410997421
2024-10-31,BGD,0.2931443135459612
2024-11-01,BGD,0.2895836338361857
2024-11-02,BGD,0.4772511034121191
2024-11-03,BGD,0.3061413990328114
2024-11-04,BGD,0.4490653376723157
2024-11-05,BGD,0.8239290120496486
2024-11-06,BGD,0.34693904224294264
2024-11-07,BGD,0.332760045647787
2024-11-08,BGD,0.5887556457416688
2024-11-09,BGD,0.31519679613370166
2024-11-10,BGD,0.6413427208838312
2024-11-11,BGD,0.33893670372648166
2024-11-12,BGD,0.3074182764836323
2024-11-13,BGD,0.340762827682181
2024-11-14,BGD,0.34878677965786287
2024-11-15,BGD,0.3545439560132282
2024-11-16,BGD,0.34667759072207227
2024-11-17,BGD,0.3457182908109633
2024-11-18,BGD,0.38317307805473405
2024-11-19,BGD,0.3027885483378956
2024-11-20,BGD,0.3327174722912374
2024-11-21,BGD,0.3276504083228343
2024-11-22,BGD,0.3089403284950268
2024-11-23,BGD,0.29927554343054874
2024-11-24,BGD,0.7636059204540073
2024-11-25,BGD,0.4340163418397253
2024-11-26,BGD,0.6488854038232331
2024-11-27,BGD,0.5664583490594151
2024-11-28,BGD,0.5471130275025099
2024-11-29,BGD,0.5336555670115269
2024-11-30,BGD,0.5472764188701512
2024-12-01,BGD,0.3331784462230756
2024-12-02,BGD,0.32670405380671824
2024-12-03,BGD,0.31356844319946625
2024-12-04,BGD,0.29846673999752593
2024-12-05,BGD,0.3030353120226655
2024-12-06,BGD,0.29423923327909834
2024-12-07,BGD,0.2993273777124425
2024-12-08,BGD,0.6963044987579159
2024-12-09,BGD,0.9219033967645341
2024-12-10,BGD,0.9205585552040553
2024-12-11,BGD,0.8193988993882035
2024-12-12,BGD,0.8716486038388398
2024-12-13,BGD,0.9286000040375059
2024-12-14,BGD,0.8557169439683788
2024-12-15,BGD,0.8289240278313996
2024-12-16,BGD,0.8279038682194033
2024-12-17,BGD,0.8492502989646193
2024-12-18,BGD,0.9115436181339319
2024-12-19,BGD,0.7892776956171216
2024-12-20,BGD,0.5064946813014405
2024-12-21,BGD,0.7923269272454556
2024-12-22,BGD,0.6499719440260763
2024-12-23,BGD,0.6506514213916377
2024-12-24,BGD,0.5059790549763477
2024-12-25,BGD,0.5593584338251592
2024-12-26,BGD,0.5185564877222825
2024-12-27,BGD,0.5918157698748353
2024-12-28,BGD,0.6427419771639818
2024-12-29,BGD,0.5045235550082421
2024-12-30,BGD,0.48141230772562016
2024-12-31,BGD,0.6727268142079158
2025-01-01,BGD,0.3580563665790731
2025-01-02,BGD,0.7323072817184569
2025-01-03,BGD,0.5235437413373993
2025-01-04,BGD,0.32146372197520706
2025-01-05,BGD,0.38187446101643674
2025-01-06,BGD,0.3417864028238292
2025-01-07,BGD,0.40850732984814225
2025-01-08,BGD,0.35454841357253075
2025-01-09,BGD,0.4423003819224954
2025-01-10,BGD,0.3839202431185146
2025-01-11,BGD,0.33340666333840074
2025-01-12,BGD,0.3519234437827465
2025-01-13,BGD,0.33137716113948623
2025-01-14,BGD,0.3698550103655241
2025-01-15,BGD,0.3737930415950735
2025-01-16,BGD,0.8355613593377264
2025-01-17,BGD,0.5068280809761428
2025-01-18,BGD,0.52071843181491
2025-01-19,BGD,0.6073368807627846
2025-01-20,BGD,0.6174363005016443
2025-01-21,BGD,0.4975919181148247
2025-01-22,BGD,0.49766066977944495
2025-01-23,BGD,0.5183749202543155
2025-01-24,BGD,0.5657584274868245
2025-01-25,BGD,0.5499847334449836
2025-01-26,BGD,0.41874927278736407
2025-01-27,BGD,0.3607979270466827
2025-01-28,BGD,0.46352504242605286
2025-01-29,BGD,0.3677802874357238
2025-01-30,BGD,0.417142787396621
2025-01-31,BGD,0.5363270192811901
2025-02-01,BGD,0.40417484450146524
2025-02-02,BGD,0.3922001185033446
2025-02-03,BGD,0.36548544772259184
2025-02-04,BGD,0.4659219453521002
2025-02-05,BGD,0.4732890868147715
2025-02-06,BGD,0.42356913202448504
2025-02-07,BGD,0.8258330879869699
2025-02-08,BGD,0.4890905793802755
2025-02-09,BGD,0.45907535998195387
2025-02-10,BGD,0.41781313533580827
2025-02-11,BGD,0.6916904125484371
2025-02-12,BGD,0.5435208081099627
2025-02-13,BGD,0.4034751584105212
2025-02-14,BGD,0.4990060119939578
2025-02-15,BGD,0.4109690512557242
2025-02-16,BGD,0.4417387632728214
2025-02-17,BGD,0.5182012320171321
2025-02-18,BGD,0.45839316603372954
2025-02-19,BGD,0.36438675296019357
2025-02-20,BGD,0.36437274037732953
2025-02-21,BGD,0.7261444915125684
2025-02-22,BGD,0.4308123645231291
2025-02-23,BGD,0.40682552407082273
2025-02-24,BGD,0.4797761989382606
2025-02-25,BGD,0.7345532933536897
2025-02-26,BGD,0.48439913258050543
2025-02-27,BGD,0.5392818933544085
2025-02-28,BGD,0.36805015104914046
2025-03-01,BGD,0.3514904561402259
2025-03-02,BGD,0.38695260668471054
2025-03-03,BGD,0.6851358053788235
2025-03-04,BGD,0.3094409281701906
2025-03-05,BGD,0.3091690987408385
2025-03-06,BGD,0.33525773785317575
2025-03-07,BGD,0.4862366185684974
2025-03-08,BGD,0.6570776416495013
2025-03-09,BGD,0.5904305740042766
2025-03-10,BGD,0.40753904934751695
2025-03-11,BGD,0.43335928230619003
2025-03-12,BGD,0.49791278236399916
2025-03-13,BGD,0.45071883203782537
2025-03-14,BGD,0.5207433287694906
2025-03-15,BGD,0.33325672825281083
2025-03-16,BGD,0.5662769133865825
2025-03-17,BGD,0.8208384543802636
2025-03-18,BGD,0.49856608836668953
2025-03-19,BGD,0.8411348332500493
2025-03-20,BGD,0.5007809278500801
2025-03-21,BGD,0.8552776305028904
2025-03-22,BGD,0.7627661851567603
2025-03-23,BGD,0.6450083507564242
2025-03-24,BGD,0.5223474001534191
2025-03-25,BGD,0.40881427630951644
2025-03-26,BGD,0.42362316379783055
2025-03-27,BGD,0.37969761132269236
2025-03-28,BGD,0.33809576365062405
2024-07-01,MMR,0.21051553782638083
2024-07-02,MMR,0.21408839161004253
2024-07-03,MMR,0.220072377643709
2024-07-04,MMR,0.23021492327286278
2024-07-05,MMR,0.25317051059843615
2024-07-06,MMR,0.3399985535196562
2024-07-07,MMR,0.32493311847780143
2024-07-08,MMR,0.2282710749163318
2024-07-09,MMR,0.21347496174271785
2024-07-10,MMR,0.2118493872457227
2024-07-11,MMR,0.24238923129838033
2024-07-12,MMR,0.22335064191743156
2024-07-13,MMR,0.20844939139511454
2024-07-14,MMR,0.21109587503511887
2024-07-15,MMR,0.3499583119969869
2024-07-16,MMR,0.22481066507544284
2024-07-17,MMR,0.2187184904045334
2024-07-18,MMR,0.21823099045062747
2024-07-19,MMR,0.24825257505990414
2024-07-20,MMR,0.34550589554562927
2024-07-21,MMR,0.33558496002434185
2024-07-22,MMR,0.39629577204100197
2024-07-23,MMR,0.3334524626766203
2024-07-24,MMR,0.29811626215312426
2024-07-25,MMR,0.3275326500927664
2024-07-26,MMR,0.3801815622061151
2024-07-27,MMR,0.24045111298977828
2024-07-28,MMR,0.3370816452619209
2024-07-29,MMR,0.3259961977652039
2024-07-30,MMR,0.4093629092990183
2024-07-31,MMR,0.3700336451952115
2024-08-01,MMR,0.3509557954820534
2024-08-02,MMR,0.2547132121439339
2024-08-03,MMR,0.2630876281790939
2024-08-04,MMR,0.2436834783006274
2024-08-05,MMR,0.6453118205090721
2024-08-06,MMR,0.3242924339131107
2024-08-07,MMR,0.24872864018241775
2024-08-08,MMR,0.24156846742100108
2024-08-09,MMR,0.3504100863043959
2024-08-10,MMR,0.6601283888140419
2024-08-11,MMR,0.4521262328552928
2024-08-12,MMR,0.27044557487666054
2024-08-13,MMR,0.22012176781775156
2024-08-14,MMR,0.21193463255157124
2024-08-15,MMR,0.25217842761012016
2024-08-16,MMR,0.24074352752296088
2024-08-17,MMR,0.21707116266300255
2024-08-18,MMR,0.20998476741354416
2024-08-19,MMR,0.5967655904470773
2024-08-20,MMR,0.4279186417507842
2024-08-21,MMR,0.3313613747720226
2024-08-22,MMR,0.33169490160710463
2024-08-23,MMR,0.264215075817673
2024-08-24,MMR,0.4324588468216755
2024-08-25,MMR,0.2757568682109672
2024-08-26,MMR,0.22294984791574737
2024-08-27,MMR,0.22161050845184638
2024-08-28,MMR,0.2147670884938001
2024-08-29,MMR,0.29910536579159525
2024-08-30,MMR,0.2112840225926359
2024-08-31,MMR,0.20957659320786776
2024-09-01,MMR,0.20989069135589813
2024-09-02,MMR,0.22472580097056477
2024-09-03,MMR,0.23728508473818224
2024-09-04,MMR,0.2736340095789103
2024-09-05,MMR,0.6816616535913801
2024-09-06,MMR,0.46002597585500526
2024-09-07,MMR,0.34201842728175064
2024-09-08,MMR,0.287568340922331
2024-09-09,MMR,0.3630401178474401
2024-09-10,MMR,0.2728344071054888
2024-09-11,MMR,0.25564363669967255
2024-09-12,MMR,0.2094514502576181
2024-09-13,MMR,0.20541566058880215
2024-09-14,MMR,0.20981670354754575
2024-09-15,MMR,0.21344916756539659
2024-09-16,MMR,0.23076852795261746
2024-09-17,MMR,0.23674092080849152
2024-09-18,MMR,0.20711807969037813
2024-09-19,MMR,0.23513697276990875
2024-09-20,MMR,0.2754632050627948
2024-09-21,MMR,0.272602888009575
2024-09-22,MMR,0.2768718464122618
2024-09-23,MMR,0.3954665901627727
2024-09-24,MMR,0.39402947082887185
2024-09-25,MMR,0.365371219606392
2024-09-26,MMR,0.680321963263318
2024-09-27,MMR,0.3460484782110655
2024-09-28,MMR,0.42817764579825074
2024-09-29,MMR,0.6284323686681783
2024-09-30,MMR,0.7008292126641792
2024-10-01,MMR,0.4206520550032265
2024-10-02,MMR,0.428358794110146
2024-10-03,MMR,0.26639511852426806
2024-10-04,MMR,0.26145816872526345
2024-10-05,MMR,0.2686027590799329
2024-10-06,MMR,0.29584652287765495
2024-10-07,MMR,0.24943328816351457
2024-10-08,MMR,0.31183557320146316
2024-10-09,MMR,0.29143086381569167
2024-10-10,MMR,0.3110069081192384
2024-10-11,MMR,0.3734562157768668
2024-10-12,MMR,0.2982854200706777
2024-10-13,MMR,0.2893511542539185
2024-10-14,MMR,0.4160077679268936
2024-10-15,MMR,0.23027659119764776
2024-10-16,MMR,0.21852213352481717
2024-10-17,MMR,0.2154689132328757
2024-10-18,MMR,0.20892082027509415
2024-10-19,MMR,0.2118053782978014
2024-10-20,MMR,0.21428885162518194
2024-10-21,MMR,0.21224833728406897
2024-10-22,MMR,0.301633451711836
2024-10-23,MMR,0.30244619848010945
2024-10-24,MMR,0.3079808176144272
2024-10-25,MMR,0.43138807396588363
2024-10-26,MMR,0.4724478664088516
2024-10-27,MMR,0.41384483966995717
2024-10-28,MMR,0.6261764870715023
2024-10-29,MMR,0.6329217798700165
2024-10-30,MMR,0.3782064270724729
2024-10-31,MMR,0.3761502132468127
2024-11-01,MMR,0.4638782261095351
2024-11-02,MMR,0.5332386664776961
2024-11-03,MMR,0.43838104763473024
2024-11-04,MMR,0.30287528228106664
2024-11-05,MMR,0.2864387462429279
2024-11-06,MMR,0.28046247709835254
2024-11-07,MMR,0.30187857990504435
2024-11-08,MMR,0.3020877765857427
2024-11-09,MMR,0.3213618486922087
2024-11-10,MMR,0.3036104372463253
2024-11-11,MMR,0.3463251320100825
2024-11-12,MMR,0.3795455046912454
2024-11-13,MMR,0.28732683845686835
2024-11-14,MMR,0.27309224499588913
2024-11-15,MMR,0.2726853428691544
2024-11-16,MMR,0.26727637939325066
2024-11-17,MMR,0.3187591894914433
2024-11-18,MMR,0.2684815979059542
2024-11-19,MMR,0.5195392664064237
2024-11-20,MMR,0.413400836871316
2024-11-21,MMR,0.4386362995777488
2024-11-22,MMR,0.4995698789489639
2024-11-23,MMR,0.29841270114443513
2024-11-24,MMR,0.385416646788984
2024-11-25,MMR,0.4845860248417915
2024-11-26,MMR,0.4994625867203157
2024-11-27,MMR,0.6086173439939209
2024-11-28,MMR,0.3550293674241381
2024-11-29,MMR,0.3249735081083977
2024-11-30,MMR,0.6926879414168288
2024-12-01,MMR,0.2993086799320156
2024-12-02,MMR,0.2961889775060135
2024-12-03,MMR,0.4113912886418928
2024-12-04,MMR,0.25532203627335825
2024-12-05,MMR,0.2697346900893774
2024-12-06,MMR,0.2536164201183777
2024-12-07,MMR,0.2617944187185384
2024-12-08,MMR,0.604434733851749
2024-12-09,MMR,0.2532788149074329
2024-12-10,MMR,0.25317734390466223
2024-12-11,MMR,0.25492085872083176
2024-12-12,MMR,0.2826578208787885
2024-12-13,MMR,0.30603777539788257
2024-12-14,MMR,0.319456074647014
2024-12-15,MMR,0.43487484171283664
2024-12-16,MMR,0.28265969914945394
2024-12-17,MMR,0.37189271638213434
2024-12-18,MMR,0.30779695770054766
2024-12-19,MMR,0.3237901884246645
2024-12-20,MMR,0.33214716870240596
2024-12-21,MMR,0.36571091449900134
2024-12-22,MMR,0.500548941617058
2024-12-23,MMR,0.38945133797443404
2024-12-24,MMR,0.3550037218898622
2024-12-25,MMR,0.4570500267530199
2024-12-26,MMR,0.4014622749759039
2024-12-27,MMR,0.568379502629437
2024-12-28,MMR,0.6192266931942377
2024-12-29,MMR,0.34687506391282064
2024-12-30,MMR,0.4396290700356868
2024-12-31,MMR,0.44807407581289177
2025-01-01,MMR,0.43906340248590825
2025-01-02,MMR,0.3237185704649851
2025-01-03,MMR,0.3148345423273603
2025-01-04,MMR,0.23000068179363992
2025-01-05,MMR,0.2916674103263011
2025-01-06,MMR,0.21916647623785251
2025-01-07,MMR,0.23432745210461
2025-01-08,MMR,0.2188096371855253
2025-01-09,MMR,0.29239572554511234
2025-01-10,MMR,0.23274871829412463
2025-01-11,MMR,0.23309424458813924
2025-01-12,MMR,0.2885668794890955
2025-01-13,MMR,0.22779528825787834
2025-01-14,MMR,0.2214999819435745
2025-01-15,MMR,0.24485409842516656
2025-01-16,MMR,0.24497094235265154
2025-01-17,MMR,0.3609697024587755
2025-01-18,MMR,0.31461421549430335
2025-01-19,MMR,0.2747724936289185
2025-01-20,MMR,0.2639334996933889
2025-01-21,MMR,0.2963610229387482
2025-01-22,MMR,0.314283694876018
2025-01-23,MMR,0.37200418422675446
2025-01-24,MMR,0.21780025475618042
2025-01-25,MMR,0.21641792024309442
2025-01-26,MMR,0.21598781010195878
2025-01-27,MMR,0.21701323623568505
2025-01-28,MMR,0.22871686302377559
2025-01-29,MMR,0.21053977062710452
2025-01-30,MMR,0.2143793363512962
2025-01-31,MMR,0.29523014807883474
2025-02-01,MMR,0.3223441219958169
2025-02-02,MMR,0.6213952858109799
2025-02-03,MMR,0.38189414026409646
2025-02-04,MMR,0.3202903908325454
2025-02-05,MMR,0.2836822164549028
2025-02-06,MMR,0.2836593864781319
2025-02-07,MMR,0.2301451506705491
2025-02-08,MMR,0.23073970443102373
2025-02-09,MMR,0.20794453442029961
2025-02-10,MMR,0.20617970493954602
2025-02-11,MMR,0.2054110281370866
2025-02-12,MMR,0.21876234393235683
2025-02-13,MMR,0.22245394473458935
2025-02-14,MMR,0.2045180563099084
2025-02-15,MMR,0.21094054986954536
2025-02-16,MMR,0.32965827638832296
2025-02-17,MMR,0.3480033791643991
2025-02-18,MMR,0.32966323289318106
2025-02-19,MMR,0.43753901453584504
2025-02-20,MMR,0.41875326145649155
2025-02-21,MMR,0.334797513361349
2025-02-22,MMR,0.3362440063475094
2025-02-23,MMR,0.37538909428278966
2025-02-24,MMR,0.3031304480777812
2025-02-25,MMR,0.40182674666069257
2025-02-26,MMR,0.3478823037756804
2025-02-27,MMR,0.42590249360957894
2025-02-28,MMR,0.2942720193150538
2025-03-01,MMR,0.37163764396746474
2025-03-02,MMR,0.28328796052222993
2025-03-03,MMR,0.30887693752759066
2025-03-04,MMR,0.3658102170315998
2025-03-05,MMR,0.33612827672088685
2025-03-06,MMR,0.35596268356571004
2025-03-07,MMR,0.3661025976355959
2025-03-08,MMR,0.2807307001521984
2025-03-09,MMR,0.38102808187064696
2025-03-10,MMR,0.39824738044834
2025-03-11,MMR,0.2996244308930894
2025-03-12,MMR,0.26789027855340986
2025-03-13,MMR,0.27603155096457876
2025-03-14,MMR,0.65420200664345
2025-03-15,MMR,0.38335687668432766
2025-03-16,MMR,0.37574177130411124
2025-03-17,MMR,0.2549944407103816
2025-03-18,MMR,0.2571737668183703
2025-03-19,MMR,0.3172399248498542
2025-03-20,MMR,0.25486116265199077
2025-03-21,MMR,0.21843038236122075
2025-03-22,MMR,0.21476992489818356
2025-03-23,MMR,0.22793439103208735
2025-03-24,MMR,0.21916403350451671
2025-03-25,MMR,0.21492102593238258
2025-03-26,MMR,0.21474039714909413
2025-03-27,MMR,0.21479879803559754
2025-03-28,MMR,0.4344041875435882
2024-07-01,PHL,0.6050249457701062
2024-07-02,PHL,0.5238042827318298
2024-07-03,PHL,0.31074207731194664
2024-07-04,PHL,0.3390173378685586
2024-07-05,PHL,0.28553661529185764
2024-07-06,PHL,0.27031190029239643
2024-07-07,PHL,0.2888255163605049
2024-07-08,PHL,0.3738021263347748
2024-07-09,PHL,0.3295408570220784
2024-07-10,PHL,0.5404413280370174
2024-07-11,PHL,0.6645668147468801
2024-07-12,PHL,0.4833274729919399
2024-07-13,PHL,0.5384379495366368
2024-07-14,PHL,0.5689971276919341
2024-07-15,PHL,0.6605270885630525
2024-07-16,PHL,0.5299339190033683
2024-07-17,PHL,0.3624768779437155
2024-07-18,PHL,0.299300497134721
2024-07-19,PHL,0.3001246133862705
2024-07-20,PHL,0.2881371854429483
2024-07-21,PHL,0.3011367945553942
2024-07-22,PHL,0.3324825642449489
2024-07-23,PHL,0.34597421261208905
2024-07-24,PHL,0.42153887363598713
2024-07-25,PHL,0.5921997786452783
2024-07-26,PHL,0.4731842528604152
2024-07-27,PHL,0.47384038650356963
2024-07-28,PHL,0.600722734790472
2024-07-29,PHL,0.530253958460716
2024-07-30,PHL,0.6181774565379029
2024-07-31,PHL,0.5191073104983174
2024-08-01,PHL,0.5252462430307451
2024-08-02,PHL,0.727409903479554
2024-08-03,PHL,0.7029403470407142
2024-08-04,PHL,0.5444502283352525
2024-08-05,PHL,0.6271456468526289
2024-08-06,PHL,0.5155733307733875
2024-08-07,PHL,0.5481908039785506
2024-08-08,PHL,0.6278621196628615
2024-08-09,PHL,0.4989240996479228
2024-08-10,PHL,0.5126891249794884
2024-08-11,PHL,0.5785418083559472
2024-08-12,PHL,0.5912749471336275
2024-08-13,PHL,0.4746405904841979
2024-08-14,PHL,0.4956212252438401
2024-08-15,PHL,0.38621660625129844
2024-08-16,PHL,0.35624989918100697
2024-08-17,PHL,0.31717592276654505
2024-08-18,PHL,0.32293940713165564
2024-08-19,PHL,0.4386158891501132
2024-08-20,PHL,0.31163280495049267
2024-08-21,PHL,0.3421493923841439
2024-08-22,PHL,0.505771033024612
2024-08-23,PHL,0.35176312608993
2024-08-24,PHL,0.39359826704235
2024-08-25,PHL,0.41306007502763664
2024-08-26,PHL,0.475646136740035
2024-08-27,PHL,0.39514089830051696
2024-08-28,PHL,0.4291429961632449
2024-08-29,PHL,0.5220570534430363
2024-08-30,PHL,0.48262743881367953
2024-08-31,PHL,0.516874963703381
2024-09-01,PHL,0.49468076495963526
2024-09-02,PHL,0.49577815653016866
2024-09-03,PHL,0.5007270029815531
2024-09-04,PHL,0.5141392836694912
2024-09-05,PHL,0.5047461760590604
2024-09-06,PHL,0.6135308939686158
2024-09-07,PHL,0.4796916594804525
2024-09-08,PHL,0.500275982516731
2024-09-09,PHL,0.4839681199002954
2024-09-10,PHL,0.47702055915709435
2024-09-11,PHL,0.5642476168454805
2024-09-12,PHL,0.42659475246943784
2024-09-13,PHL,0.41293394157631885
2024-09-14,PHL,0.39169570340239945
2024-09-15,PHL,0.5202647517850917
2024-09-16,PHL,0.4144023552932002
2024-09-17,PHL,0.5031439113819967
2024-09-18,PHL,0.37654872860137795
2024-09-19,PHL,0.34540227412836877
2024-09-20,PHL,0.4004874536186068
2024-09-21,PHL,0.3578150204215824
2024-09-22,PHL,0.46757648820954917
2024-09-23,PHL,0.4362607449340445
2024-09-24,PHL,0.393063035978047
2024-09-25,PHL,0.5412378704959948
2024-09-26,PHL,0.6100558751544186
2024-09-27,PHL,0.5875595424917255
2024-09-28,PHL,0.6103153869935608
2024-09-29,PHL,0.6603053221622855
2024-09-30,PHL,0.6553434340882527
2024-10-01,PHL,0.5493028893201548
2024-10-02,PHL,0.48531527725098483
2024-10-03,PHL,0.4604982763131013
2024-10-04,PHL,0.4664886591363808
2024-10-05,PHL,0.7089117249533508
2024-10-06,PHL,0.4731871275875427
2024-10-07,PHL,0.5534846115022183
2024-10-08,PHL,0.4614220061527224
2024-10-09,PHL,0.5215128444831707
2024-10-10,PHL,0.5573656967516393
2024-10-11,PHL,0.5539264386671293
2024-10-12,PHL,0.5764105043683002
2024-10-13,PHL,0.5219107680100091
2024-10-14,PHL,0.5068471506388196
2024-10-15,PHL,0.5112316120522401
2024-10-16,PHL,0.46102939016770206
2024-10-17,PHL,0.58772236273157
2024-10-18,PHL,0.7507706281050579
2024-10-19,PHL,0.7086277699500168
2024-10-20,PHL,0.6587544559170897
2024-10-21,PHL,0.6376846522204781
2024-10-22,PHL,0.6945564403759267
2024-10-23,PHL,0.7254253405477705
2024-10-24,PHL,0.6733284392001753
2024-10-25,PHL,0.3710888044381136
2024-10-26,PHL,0.4094650962027341
2024-10-27,PHL,0.35519938494431164
2024-10-28,PHL,0.3750747576156757
2024-10-29,PHL,0.3577844064371453
2024-10-30,PHL,0.8349266331197094
2024-10-31,PHL,0.28760301844791986
2024-11-01,PHL,0.37622752656401914
2024-11-02,PHL,0.39737606309357826
2024-11-03,PHL,0.3659036537478503
2024-11-04,PHL,0.3285271639803213
2024-11-05,PHL,0.3778866520198171
2024-11-06,PHL,0.266425811027023
2024-11-07,PHL,0.2782352055915702
2024-11-08,PHL,0.30401275104489184
2024-11-09,PHL,0.28739339114244
2024-11-10,PHL,0.2979171435193804
2024-11-11,PHL,0.28305571411775227
2024-11-12,PHL,0.2708492407790125
2024-11-13,PHL,0.42760312152223073
2024-11-14,PHL,0.4700681163147563
2024-11-15,PHL,0.49652126171959965
2024-11-16,PHL,0.42619481871541015
2024-11-17,PHL,0.47746169568906954
2024-11-18,PHL,0.49602203282403284
2024-11-19,PHL,0.5490067330226941
2024-11-20,PHL,0.6240708902759897
2024-11-21,PHL,0.8284028770855717
2024-11-22,PHL,0.6924501823086099
2024-11-23,PHL,0.6115704228471833
2024-11-24,PHL,0.5658567115448165
2024-11-25,PHL,0.586702985819022
2024-11-26,PHL,0.5966563458952685
2024-11-27,PHL,0.6035180877328769
2024-11-28,PHL,0.3953350465814844
2024-11-29,PHL,0.3269569342487027
2024-11-30,PHL,0.32588946376109074
2024-12-01,PHL,0.30365357911143065
2024-12-02,PHL,0.3510758033891087
2024-12-03,PHL,0.3011627576853804
2024-12-04,PHL,0.3036758883107806
2024-12-05,PHL,0.35696150786840397
2024-12-06,PHL,0.8037914110906191
2024-12-07,PHL,0.7530725289756485
2024-12-08,PHL,0.7042116449268645
2024-12-09,PHL,0.5208295813816
2024-12-10,PHL,0.3778921110901457
2024-12-11,PHL,0.3737164098392442
2024-12-12,PHL,0.34999891038530667
2024-12-13,PHL,0.36788511360107556
2024-12-14,PHL,0.31400532665029635
2024-12-15,PHL,0.30490541539823207
2024-12-16,PHL,0.5275779649376824
2024-12-17,PHL,0.5305883041160855
2024-12-18,PHL,0.5426394278070503
2024-12-19,PHL,0.46978724020968776
2024-12-20,PHL,0.4390433051556945
2024-12-21,PHL,0.5125604148534341
2024-12-22,PHL,0.4936617679710637
2024-12-23,PHL,0.49368637201614857
2024-12-24,PHL,0.5011522229846936
2024-12-25,PHL,0.5643009826857077
2024-12-26,PHL,0.6347431963029432
2024-12-27,PHL,0.6659594985185526
2024-12-28,PHL,0.6011746977180183
2024-12-29,PHL,0.5267383544571091
2024-12-30,PHL,0.42958024853883103
2024-12-31,PHL,0.3889090316059731
2025-01-01,PHL,0.37879592753924196
2025-01-02,PHL,0.41026103257825863
2025-01-03,PHL,0.39676098488730266
2025-01-04,PHL,0.4206096142513945
2025-01-05,PHL,0.4168713594368447
2025-01-06,PHL,0.5281621259282169
2025-01-07,PHL,0.5687901031868093
2025-01-08,PHL,0.4678271660524193
2025-01-09,PHL,0.5408826328296952
2025-01-10,PHL,0.5335736166253738
2025-01-11,PHL,0.44502794208251933
2025-01-12,PHL,0.39577019614083303
2025-01-13,PHL,0.42799637203469754
2025-01-14,PHL,0.38924522071238915
2025-01-15,PHL,0.4158717757919816
2025-01-16,PHL,0.48721107651657053
2025-01-17,PHL,0.4227603196511045
2025-01-18,PHL,0.49777779528638566
2025-01-19,PHL,0.48750162455562196
2025-01-20,PHL,0.4398686046792025
2025-01-21,PHL,0.5189912337308256
2025-01-22,PHL,0.6501278533255769
2025-01-23,PHL,0.519234533057595
2025-01-24,PHL,0.681174165148239
2025-01-25,PHL,0.4322827225626036
2025-01-26,PHL,0.6063973825815145
2025-01-27,PHL,0.4829959197965567
2025-01-28,PHL,0.43310059596413575
2025-01-29,PHL,0.3665207927836844
2025-01-30,PHL,0.311585009120152
2025-01-31,PHL,0.33722942874110073
2025-02-01,PHL,0.34379646269014574
2025-02-02,PHL,0.3553557253977697
2025-02-03,PHL,0.35872231649774416
2025-02-04,PHL,0.3625249631757849
2025-02-05,PHL,0.5414881684170155
2025-02-06,PHL,0.5476266506389835
2025-02-07,PHL,0.5904502263677552
2025-02-08,PHL,0.5141436510097592
2025-02-09,PHL,0.3620948835492049
2025-02-10,PHL,0.42527259905257975
2025-02-11,PHL,0.37926613071682325
2025-02-12,PHL,0.39489422544959124
2025-02-13,PHL,0.38843050946217456
2025-02-14,PHL,0.37060523253137856
2025-02-15,PHL,0.4612216217573156
2025-02-16,PHL,0.5214206762334763
2025-02-17,PHL,0.46958832807961587
2025-02-18,PHL,0.4439507663378453
2025-02-19,PHL,0.39654917663932165
2025-02-20,PHL,0.46355640627610917
2025-02-21,PHL,0.5718715021848184
2025-02-22,PHL,0.5029664648397187
2025-02-23,PHL,0.48260672894858603
2025-02-24,PHL,0.4852698877546166
2025-02-25,PHL,0.5030344336933672
2025-02-26,PHL,0.5386675273078377
2025-02-27,PHL,0.4965195456530391
2025-02-28,PHL,0.4831617505580277
2025-03-01,PHL,0.7219601780072594
2025-03-02,PHL,0.6028178924896546
2025-03-03,PHL,0.8646435616283891
2025-03-04,PHL,0.5659776954750633
2025-03-05,PHL,0.6040731524597639
2025-03-06,PHL,0.5334079956818774
2025-03-07,PHL,0.504623865337416
2025-03-08,PHL,0.554688316759564
2025-03-09,PHL,0.5100056792451241
2025-03-10,PHL,0.5075373359821509
2025-03-11,PHL,0.8907499002439293
2025-03-12,PHL,0.5379800154752761
2025-03-13,PHL,0.48762242484859536
2025-03-14,PHL,0.42739947214058843
2025-03-15,PHL,0.5600041946049953
2025-03-16,PHL,0.5085973926931417
2025-03-17,PHL,0.46809246085314493
2025-03-18,PHL,0.4639343658082899
2025-03-19,PHL,0.4539037093410081
2025-03-20,PHL,0.4954010139738783
2025-03-21,PHL,0.4963352107128107
2025-03-22,PHL,0.5694952846705623
2025-03-23,PHL,0.37923709081027623
2025-03-24,PHL,0.35537202400144297
2025-03-25,PHL,0.3736392853354848
2025-03-26,PHL,0.38438112321361495
2025-03-27,PHL,0.37866508841099283
2025-03-28,PHL,0.3411850857979639
2024-07-01,THA,0.8005329910603204
2024-07-02,THA,0.6027572425757866
2024-07-03,THA,0.4829041174212705
2024-07-04,THA,0.6526259817024179
2024-07-05,THA,0.6498542642319441
2024-07-06,THA,0.5075672203830329
2024-07-07,THA,0.4491420072094699
2024-07-08,THA,0.4479817970379205
2024-07-09,THA,0.49395022312466397
2024-07-10,THA,0.48992282623949096
2024-07-11,THA,0.6449191001513981
2024-07-12,THA,0.7889564326296641
2024-07-13,THA,0.5562697741495766
2024-07-14,THA,0.7638599262219186
2024-07-15,THA,0.780002358032509
2024-07-16,THA,0.8212114990714043
2024-07-17,THA,0.7823525144894418
2024-07-18,THA,0.8027860503107077
2024-07-19,THA,0.4412513616929365
2024-07-20,THA,0.662876688814972
2024-07-21,THA,0.5344716107548285
2024-07-22,THA,0.6408283343679628
2024-07-23,THA,0.6231552379560293
2024-07-24,THA,0.6457796343512564
2024-07-25,THA,0.6736101925703096
2024-07-26,THA,0.8814961538831422
2024-07-27,THA,0.8827933690712424
2024-07-28,THA,0.9406307257032889
2024-07-29,THA,0.8397526650988657
2024-07-30,THA,0.8271988488208877
2024-07-31,THA,0.8440823514886429
2024-08-01,THA,0.9300928726521738
2024-08-02,THA,0.8551479372810178
2024-08-03,THA,0.8373543389279607
2024-08-04,THA,0.40851755507935356
2024-08-05,THA,0.3881190928353228
2024-08-06,THA,0.3867155068913905
2024-08-07,THA,0.39709779814469354
2024-08-08,THA,0.42454637407933177
2024-08-09,THA,0.3274161370405634
2024-08-10,THA,0.346515236146737
2024-08-11,THA,0.3326481203839097
2024-08-12,THA,0.3504334434817525
2024-08-13,THA,0.3325022059334389
2024-08-14,THA,0.40920805922314213
2024-08-15,THA,0.5963729638283637
2024-08-16,THA,0.5407236721831302
2024-08-17,THA,0.47877906525912695
2024-08-18,THA,0.6206009250119222
2024-08-19,THA,0.6127965785593
2024-08-20,THA,0.5280777689979274
2024-08-21,THA,0.5668080093138557
2024-08-22,THA,0.9187767057421917
2024-08-23,THA,0.8323298565761312
2024-08-24,THA,0.8898580546689222
2024-08-25,THA,0.8799647898352396
2024-08-26,THA,0.8935743210555787
2024-08-27,THA,0.85188081112121
2024-08-28,THA,0.8719834533976922
2024-08-29,THA,0.8558695273833618
2024-08-30,THA,0.8986242608032466
2024-08-31,THA,0.8449624369180003
2024-09-01,THA,0.8348970813213153
2024-09-02,THA,0.8600038095369812
2024-09-03,THA,0.8550409033567857
2024-09-04,THA,0.8237899934147354
2024-09-05,THA,0.8433544395516996
2024-09-06,THA,0.8681978142091422
2024-09-07,THA,0.8750019362784325
2024-09-08,THA,0.8714702040801809
2024-09-09,THA,0.9014116213344759
2024-09-10,THA,0.8788238259411705
2024-09-11,THA,0.8648642050499828
2024-09-12,THA,0.8776572738660782
2024-09-13,THA,0.8800403424543839
2024-09-14,THA,0.8975873052486696
2024-09-15,THA,0.8565239254006523
2024-09-16,THA,0.877158508676888
2024-09-17,THA,0.9020453859879962
2024-09-18,THA,0.8430181434246073
2024-09-19,THA,0.8382749877339163
2024-09-20,THA,0.8495077933096445
2024-09-21,THA,0.9205315898786329
2024-09-22,THA,0.8276644707935196
2024-09-23,THA,0.818738365894148
2024-09-24,THA,0.8080565869459727
2024-09-25,THA,0.8488972264171228
2024-09-26,THA,0.8450601699691909
2024-09-27,THA,0.8140215493222431
2024-09-28,THA,0.7901212855439365
2024-09-29,THA,0.8064653667123094
2024-09-30,THA,0.7888256148832542
2024-10-01,THA,0.8518924394673296
2024-10-02,THA,0.8098700260513457
2024-10-03,THA,0.7912763221845429
2024-10-04,THA,0.7197577981145613
2024-10-05,THA,0.8713349445064004
2024-10-06,THA,0.7281048062180182
2024-10-07,THA,0.7338230530719795
2024-10-08,THA,0.7362919454527841
2024-10-09,THA,0.9095982205986268
2024-10-10,THA,0.8430933797508693
2024-10-11,THA,0.841265976883966
2024-10-12,THA,0.847799410347242
2024-10-13,THA,0.8543069092922435
2024-10-14,THA,0.86870219310514
2024-10-15,THA,0.89661767239538
2024-10-16,THA,0.5029835730298027
2024-10-17,THA,0.5361208329080327
2024-10-18,THA,0.8949537533316805
2024-10-19,THA,0.8147841171482608
2024-10-20,THA,0.6387358899438028
2024-10-21,THA,0.536897982352426
2024-10-22,THA,0.6082566264734551
2024-10-23,THA,0.882400577609968
2024-10-24,THA,0.8075217872099689
2024-10-25,THA,0.854300980181154
2024-10-26,THA,0.7824050466181615
2024-10-27,THA,0.81388899365529
2024-10-28,THA,0.7800429461454932
2024-10-29,THA,0.8941100821934921
2024-10-30,THA,0.8164805084373273
2024-10-31,THA,0.8228982098233347
2024-11-01,THA,0.8082836514839797
2024-11-02,THA,0.7962032019895949
2024-11-03,THA,0.7742035123686403
2024-11-04,THA,0.8724342430831314
2024-11-05,THA,0.553723790501055
2024-11-06,THA,0.5354600766349732
2024-11-07,THA,0.6490847740792971
2024-11-08,THA,0.6806479728525148
2024-11-09,THA,0.7077458418133461
2024-11-10,THA,0.6917503294561128
2024-11-11,THA,0.7450765574197016
2024-11-12,THA,0.9224512406053907
2024-11-13,THA,0.9291676272110267
2024-11-14,THA,0.5758763600244684
2024-11-15,THA,0.5628873854757636
2024-11-16,THA,0.5801376811760252
2024-11-17,THA,0.48059218856647606
2024-11-18,THA,0.45893000475852214
2024-11-19,THA,0.4861289101705316
2024-11-20,THA,0.6933339315327238
2024-11-21,THA,0.8425689482630343
2024-11-22,THA,0.771302316123561
2024-11-23,THA,0.7959224251184002
2024-11-24,THA,0.9189638921811226
2024-11-25,THA,0.8762466526936115
2024-11-26,THA,0.8297141890901241
2024-11-27,THA,0.8171678261018414
2024-11-28,THA,0.8424732800336521
2024-11-29,THA,0.8341274141887587
2024-11-30,THA,0.8557321367141179
2024-12-01,THA,0.5223357765643203
2024-12-02,THA,0.40676002602216155
2024-12-03,THA,0.3782118532234222
2024-12-04,THA,0.391324605900553
2024-12-05,THA,0.38908307635736156
2024-12-06,THA,0.37662255927972116
2024-12-07,THA,0.3907279814093887
2024-12-08,THA,0.837636730567231
2024-12-09,THA,0.8362122212453359
2024-12-10,THA,0.8368643165989453
2024-12-11,THA,0.9110650732034968
2024-12-12,THA,0.9137979912113903
2024-12-13,THA,0.9016005144221397
2024-12-14,THA,0.8498378986783702
2024-12-15,THA,0.8385086304074927
2024-12-16,THA,0.9218928548251204
2024-12-17,THA,0.8584153958832403
2024-12-18,THA,0.5467329022302478
2024-12-19,THA,0.6202437110871847
2024-12-20,THA,0.6003107599861782
2024-12-21,THA,0.5010916385797144
2024-12-22,THA,0.4089332365833893
2024-12-23,THA,0.4654482845034677
2024-12-24,THA,0.5082658757167705
2024-12-25,THA,0.545382029624235
2024-12-26,THA,0.6908620586210603
2024-12-27,THA,0.5529779083956717
2024-12-28,THA,0.5222045165664887
2024-12-29,THA,0.9130923859874268
2024-12-30,THA,0.8806384461342843
2024-12-31,THA,0.8603484689528333
2025-01-01,THA,0.5874489506340687
2025-01-02,THA,0.6884794642397009
2025-01-03,THA,0.5673675105344368
2025-01-04,THA,0.573292705674919
2025-01-05,THA,0.5006949235666537
2025-01-06,THA,0.503900104704862
2025-01-07,THA,0.4710421759145094
2025-01-08,THA,0.45662365296743157
2025-01-09,THA,0.43243723005238444
2025-01-10,THA,0.4482109147017316
2025-01-11,THA,0.3900729722902976
2025-01-12,THA,0.37588731072353754
2025-01-13,THA,0.4641839104103299
2025-01-14,THA,0.7935958320004567
2025-01-15,THA,0.4431505391030332
2025-01-16,THA,0.42624649916725166
2025-01-17,THA,0.425329046836588
2025-01-18,THA,0.4545859285709095
2025-01-19,THA,0.45403387017543634
2025-01-20,THA,0.7574347204816811
2025-01-21,THA,0.3986379092810798
2025-01-22,THA,0.5556484858194696
2025-01-23,THA,0.6886529257203765
2025-01-24,THA,0.3873677568593793
2025-01-25,THA,0.39141352408058194
2025-01-26,THA,0.37836579831806677
2025-01-27,THA,0.6678161926316362
2025-01-28,THA,0.7419399120633785
2025-01-29,THA,0.7697187996246115
2025-01-30,THA,0.7287516947271435
2025-01-31,THA,0.4731541496814082
2025-02-01,THA,0.5382491178841031
2025-02-02,THA,0.4503509487365208
2025-02-03,THA,0.28745221971931406
2025-02-04,THA,0.40128197377121694
2025-02-05,THA,0.3109396490305652
2025-02-06,THA,0.34778197069321143
2025-02-07,THA,0.3340171581343132
2025-02-08,THA,0.43094919056587805
2025-02-09,THA,0.5288052375889111
2025-02-10,THA,0.8940427213307938
2025-02-11,THA,0.7599009274687644
2025-02-12,THA,0.7951166112885526
2025-02-13,THA,0.7809801816282941
2025-02-14,THA,0.5622377745086126
2025-02-15,THA,0.47816109535871204
2025-02-16,THA,0.8182811470790496
2025-02-17,THA,0.5572989477353804
2025-02-18,THA,0.5451649011904498
2025-02-19,THA,0.49974757798778235
2025-02-20,THA,0.824513021385415
2025-02-21,THA,0.8502231807907435
2025-02-22,THA,0.8389909842559404
2025-02-23,THA,0.8135217924739455
2025-02-24,THA,0.8902026873653996
2025-02-25,THA,0.8406532860448426
2025-02-26,THA,0.8804153762471257
2025-02-27,THA,0.5041577209422521
2025-02-28,THA,0.6198503970606508
2025-03-01,THA,0.5463681789248845
2025-03-02,THA,0.5703757720123822
2025-03-03,THA,0.44993484990966454
2025-03-04,THA,0.44932430718531463
2025-03-05,THA,0.3758514697096243
2025-03-06,THA,0.8109269773181286
2025-03-07,THA,0.8064854943792982
2025-03-08,THA,0.931609164983826
2025-03-09,THA,0.7955165345824675
2025-03-10,THA,0.9105695441562984
2025-03-11,THA,0.8754419687574347
2025-03-12,THA,0.8968033513940936
2025-03-13,THA,0.8277670440608315
2025-03-14,THA,0.8357678577381468
2025-03-15,THA,0.30065083163033696
2025-03-16,THA,0.3238989774584319
2025-03-17,THA,0.2900206092739488
2025-03-18,THA,0.28696894916661575
2025-03-19,THA,0.2933551054463517
2025-03-20,THA,0.31119539326407814
2025-03-21,THA,0.28520989582173284
2025-03-22,THA,0.5857997469210655
2025-03-23,THA,0.5498402171780328
2025-03-24,THA,0.8738121160117296
2025-03-25,THA,0.8087852422540652
2025-03-26,THA,0.8182380218184507
2025-03-27,THA,0.6624236118112552
2025-03-28,THA,0.933802418518752
2024-07-01,IDN,0.919487492536839
2024-07-02,IDN,0.8565968316111435
2024-07-03,IDN,0.7820769251774764
2024-07-04,IDN,0.32584364531176413
2024-07-05,IDN,0.3186452138582695
2024-07-06,IDN,0.28945207728573064
2024-07-07,IDN,0.3544871540945212
2024-07-08,IDN,0.33937584791552233
2024-07-09,IDN,0.2813462671222368
2024-07-10,IDN,0.30904925425648055
2024-07-11,IDN,0.5997556928724553
2024-07-12,IDN,0.5110340852933571
2024-07-13,IDN,0.8327985834714818
2024-07-14,IDN,0.7188110056383679
2024-07-15,IDN,0.7795644808582138
2024-07-16,IDN,0.8361490572917608
2024-07-17,IDN,0.787983144828148
2024-07-18,IDN,0.5904696885840186
2024-07-19,IDN,0.526874146311087
2024-07-20,IDN,0.5856889254028323
2024-07-21,IDN,0.6450877200344605
2024-07-22,IDN,0.7627076812116208
2024-07-23,IDN,0.33072276937815975
2024-07-24,IDN,0.3228697201074985
2024-07-25,IDN,0.3285408041069388
2024-07-26,IDN,0.3991948120699714
2024-07-27,IDN,0.37505199579128895
2024-07-28,IDN,0.3243870498163303
2024-07-29,IDN,0.3534559976984783
2024-07-30,IDN,0.7732866598742018
2024-07-31,IDN,0.8608908321875706
2024-08-01,IDN,0.7980924405896823
2024-08-02,IDN,0.8542475017565786
2024-08-03,IDN,0.7137174303042623
2024-08-04,IDN,0.5432333898490421
2024-08-05,IDN,0.8151849180717214
2024-08-06,IDN,0.9268567516889764
2024-08-07,IDN,0.493029169601254
2024-08-08,IDN,0.45878372555062485
2024-08-09,IDN,0.928472833469228
2024-08-10,IDN,0.6247282558001858
2024-08-11,IDN,0.547529673462266
2024-08-12,IDN,0.49128227656489526
2024-08-13,IDN,0.48934480992162144
2024-08-14,IDN,0.6363593594922843
2024-08-15,IDN,0.9202723388969235
2024-08-16,IDN,0.911670285860136
2024-08-17,IDN,0.8554501026230273
2024-08-18,IDN,0.6933902411548784
2024-08-19,IDN,0.7955170911306717
2024-08-20,IDN,0.7428987464843279
2024-08-21,IDN,0.6145932636235429
2024-08-22,IDN,0.8317419308554358
2024-08-23,IDN,0.5894210102499499
2024-08-24,IDN,0.5984610144206787
2024-08-25,IDN,0.5803855717280213
2024-08-26,IDN,0.39152642169700785
2024-08-27,IDN,0.3979656006753737
2024-08-28,IDN,0.3930148456952756
2024-08-29,IDN,0.501513796235995
2024-08-30,IDN,0.8065948097974751
2024-08-31,IDN,0.6887134042099516
2024-09-01,IDN,0.874610316984666
2024-09-02,IDN,0.9123093800366314
2024-09-03,IDN,0.8575918632305127
2024-09-04,IDN,0.8820033376102255
2024-09-05,IDN,0.711368230575382
2024-09-06,IDN,0.7783938502934882
2024-09-07,IDN,0.8037207166305526
2024-09-08,IDN,0.7963825417228654
2024-09-09,IDN,0.7811335822804525
2024-09-10,IDN,0.8913577623828776
2024-09-11,IDN,0.7522176546440194
2024-09-12,IDN,0.695482213993397
2024-09-13,IDN,0.7718779023324985
2024-09-14,IDN,0.7830440043684318
2024-09-15,IDN,0.4909321580499233
2024-09-16,IDN,0.9213742086130118
2024-09-17,IDN,0.7106094186726472
2024-09-18,IDN,0.7479663565874849
2024-09-19,IDN,0.504816807959379
2024-09-20,IDN,0.44657634220530346
2024-09-21,IDN,0.7153020313453287
2024-09-22,IDN,0.43119738861411544
2024-09-23,IDN,0.42399085319857793
2024-09-24,IDN,0.44816713752339143
2024-09-25,IDN,0.498369606314921
2024-09-26,IDN,0.5473392971132194
2024-09-27,IDN,0.5373564658333561
2024-09-28,IDN,0.480367058467323
2024-09-29,IDN,0.5533513949497448
2024-09-30,IDN,0.5260151690585377
2024-10-01,IDN,0.47734346900909175
2024-10-02,IDN,0.552226894032546
2024-10-03,IDN,0.5417442841924505
2024-10-04,IDN,0.5199196868168927
2024-10-05,IDN,0.8500745526238098
2024-10-06,IDN,0.8661936740451196
2024-10-07,IDN,0.9438906896253442
2024-10-08,IDN,0.8717555433613596
2024-10-09,IDN,0.855775909263784
2024-10-10,IDN,0.8974156721676013
2024-10-11,IDN,0.8872746919080389
2024-10-12,IDN,0.9067404401291764
2024-10-13,IDN,0.8997977867040649
2024-10-14,IDN,0.7400325735526894
2024-10-15,IDN,0.824701344636859
2024-10-16,IDN,0.608562595100361
2024-10-17,IDN,0.5833192233775435
2024-10-18,IDN,0.5831370004870555
2024-10-19,IDN,0.9010237647357392
2024-10-20,IDN,0.5551962488687999
2024-10-21,IDN,0.7481000849109123
2024-10-22,IDN,0.539337925711587
2024-10-23,IDN,0.4861094064591641
2024-10-24,IDN,0.8725031397316457
2024-10-25,IDN,0.5433440618183937
2024-10-26,IDN,0.7105720174257895
2024-10-27,IDN,0.8020453005683885
2024-10-28,IDN,0.5543027680738452
2024-10-29,IDN,0.626155450946017
2024-10-30,IDN,0.5368793554270934
2024-10-31,IDN,0.452629125125802
2024-11-01,IDN,0.42483438050505334
2024-11-02,IDN,0.7793512314221297
2024-11-03,IDN,0.41437009749998394
2024-11-04,IDN,0.7515770852341519
2024-11-05,IDN,0.47574511553271026
2024-11-06,IDN,0.4718688469527637
2024-11-07,IDN,0.49154604433031357
2024-11-08,IDN,0.8707755157224962
2024-11-09,IDN,0.6541070494121523
2024-11-10,IDN,0.7520661954616672
2024-11-11,IDN,0.7621954008875582
2024-11-12,IDN,0.4969894471185761
2024-11-13,IDN,0.567358304976215
2024-11-14,IDN,0.5192968927115804
2024-11-15,IDN,0.4847192074598504
2024-11-16,IDN,0.48112105180535275
2024-11-17,IDN,0.46176693602738045
2024-11-18,IDN,0.4916787717336873
2024-11-19,IDN,0.5618610030410606
2024-11-20,IDN,0.5495882559481636
2024-11-21,IDN,0.6703153632318218
2024-11-22,IDN,0.5378385534646148
2024-11-23,IDN,0.8374059740409437
2024-11-24,IDN,0.8420827852219479
2024-11-25,IDN,0.915964713967456
2024-11-26,IDN,0.7458420889136012
2024-11-27,IDN,0.8124866620080105
2024-11-28,IDN,0.5288760128429075
2024-11-29,IDN,0.5214410897917573
2024-11-30,IDN,0.7397705396831459
2024-12-01,IDN,0.449606499271835
2024-12-02,IDN,0.6554410714528554
2024-12-03,IDN,0.3498513160662743
2024-12-04,IDN,0.4535063206876402
2024-12-05,IDN,0.393058828119725
2024-12-06,IDN,0.32250919357754404
2024-12-07,IDN,0.8391147808430641
2024-12-08,IDN,0.38193332485080156
2024-12-09,IDN,0.8192042188709984
2024-12-10,IDN,0.6842087572178592
2024-12-11,IDN,0.6361592201526354
2024-12-12,IDN,0.3493358861243374
2024-12-13,IDN,0.35969578450440404
2024-12-14,IDN,0.4116696878947213
2024-12-15,IDN,0.36457226287681954
2024-12-16,IDN,0.4234643605496918
2024-12-17,IDN,0.4000923211811634
2024-12-18,IDN,0.48381824416431424
2024-12-19,IDN,0.361968739134492
2024-12-20,IDN,0.44877364728121427
2024-12-21,IDN,0.4810865606987044
2024-12-22,IDN,0.40306815413898434
2024-12-23,IDN,0.39816388709774747
2024-12-24,IDN,0.6429507587395961
2024-12-25,IDN,0.758027910669031
2024-12-26,IDN,0.8436288565368175
2024-12-27,IDN,0.8444186530254588
2024-12-28,IDN,0.7861290722700187
2024-12-29,IDN,0.85504683413761
2024-12-30,IDN,0.8089276496063601
2024-12-31,IDN,0.7460470164569062
2025-01-01,IDN,0.6996322195528377
2025-01-02,IDN,0.6551003277158551
2025-01-03,IDN,0.6270835966744946
2025-01-04,IDN,0.634141496473986
2025-01-05,IDN,0.6227872764736211
2025-01-06,IDN,0.6198910706111029
2025-01-07,IDN,0.6688153201375576
2025-01-08,IDN,0.911690866378308
2025-01-09,IDN,0.8554618349338594
2025-01-10,IDN,0.8347382519535721
2025-01-11,IDN,0.7862262779776817
2025-01-12,IDN,0.771213727064787
2025-01-13,IDN,0.9206055808926207
2025-01-14,IDN,0.7830217958947976
2025-01-15,IDN,0.46990615463726376
2025-01-16,IDN,0.4255939798702774
2025-01-17,IDN,0.6371400442567677
2025-01-18,IDN,0.39595590040706197
2025-01-19,IDN,0.37623547230344
2025-01-20,IDN,0.3232876963345082
2025-01-21,IDN,0.3104862561113593
2025-01-22,IDN,0.3338916721346916
2025-01-23,IDN,0.3321689263893616
2025-01-24,IDN,0.805868231178011
2025-01-25,IDN,0.35470974673613015
2025-01-26,IDN,0.2960254456552305
2025-01-27,IDN,0.4652203945122284
2025-01-28,IDN,0.4613496619818771
2025-01-29,IDN,0.8976897018661468
2025-01-30,IDN,0.860718412902139
2025-01-31,IDN,0.5069406887456364
2025-02-01,IDN,0.8587225612582343
2025-02-02,IDN,0.6861272401016756
2025-02-03,IDN,0.7002343053800522
2025-02-04,IDN,0.7760554501292084
2025-02-05,IDN,0.845588886117014
2025-02-06,IDN,0.6108207014214022
2025-02-07,IDN,0.7307843026142575
2025-02-08,IDN,0.8377291217967249
2025-02-09,IDN,0.48935237232142176
2025-02-10,IDN,0.548980945504441
2025-02-11,IDN,0.5154785909974625
2025-02-12,IDN,0.6260205514159447
2025-02-13,IDN,0.727736893464676
2025-02-14,IDN,0.9231462111204578
2025-02-15,IDN,0.8555341441154513
2025-02-16,IDN,0.9173962842738549
2025-02-17,IDN,0.7580851872357326
2025-02-18,IDN,0.7851097741714391
2025-02-19,IDN,0.9134333883226203
2025-02-20,IDN,0.797660034857092
2025-02-21,IDN,0.8426760644701518
2025-02-22,IDN,0.9108871557077843
2025-02-23,IDN,0.7714502247015768
2025-02-24,IDN,0.6280019304598561
2025-02-25,IDN,0.5193392880555798
2025-02-26,IDN,0.5649768922960198
2025-02-27,IDN,0.8388366364534904
2025-02-28,IDN,0.7492913926641301
2025-03-01,IDN,0.8084779401027806
2025-03-02,IDN,0.8262178678324582
2025-03-03,IDN,0.9154625560254152
2025-03-04,IDN,0.8399888712323894
2025-03-05,IDN,0.8275714614084057
2025-03-06,IDN,0.4894168371606934
2025-03-07,IDN,0.48882769439532886
2025-03-08,IDN,0.4558876427297747
2025-03-09,IDN,0.4317703379172447
2025-03-10,IDN,0.42248161643928966
2025-03-11,IDN,0.3646811767712402
2025-03-12,IDN,0.369862998754438
2025-03-13,IDN,0.6285603830534027
2025-03-14,IDN,0.6053736772848002
2025-03-15,IDN,0.7141648200014202
2025-03-16,IDN,0.5557303212401012
2025-03-17,IDN,0.5921047118760592
2025-03-18,IDN,0.8639761054101593
2025-03-19,IDN,0.6748613092510846
2025-03-20,IDN,0.7736639805066232
2025-03-21,IDN,0.92280981159364
2025-03-22,IDN,0.8226588424115725
2025-03-23,IDN,0.8276221477292148
2025-03-24,IDN,0.8573476312874833
2025-03-25,IDN,0.8670075872514016
2025-03-26,IDN,0.6811637828130351
2025-03-27,IDN,0.8661471812247847
2025-03-28,IDN,0.8712722208079497
2024-07-01,TJK,0.4136299401051132
2024-07-02,TJK,0.4223800465916927
2024-07-03,TJK,0.40813279690770315
2024-07-04,TJK,0.4258530154265476
2024-07-05,TJK,0.44761243629804054
2024-07-06,TJK,0.4234992086327859
2024-07-07,TJK,0.43515916826067685
2024-07-08,TJK,0.41614642388272033
2024-07-09,TJK,0.4202531637974199
2024-07-10,TJK,0.4019679740287586
2024-07-11,TJK,0.4065958172833164
2024-07-12,TJK,0.36736181648117794
2024-07-13,TJK,0.3969788437476954
2024-07-14,TJK,0.42168231105636955
2024-07-15,TJK,0.42082539875607555
2024-07-16,TJK,0.4156853147463644
2024-07-17,TJK,0.3868217290939018
2024-07-18,TJK,0.3915169482045004
2024-07-19,TJK,0.42286749324824313
2024-07-20,TJK,0.47254463142939485
2024-07-21,TJK,0.537055587774183
2024-07-22,TJK,0.5311538614485384
2024-07-23,TJK,0.5884394933304957
2024-07-24,TJK,0.5808207806172714
2024-07-25,TJK,0.5760874110720148
2024-07-26,TJK,0.5555626493368642
2024-07-27,TJK,0.5247939864472496
2024-07-28,TJK,0.5608172043920647
2024-07-29,TJK,0.5443344926513035
2024-07-30,TJK,0.5781041012925107
2024-07-31,TJK,0.5516597400986577
2024-08-01,TJK,0.5562887400571176
2024-08-02,TJK,0.5526486461863501
2024-08-03,TJK,0.4956137351282879
2024-08-04,TJK,0.5855995474211997
2024-08-05,TJK,0.5685562049017788
2024-08-06,TJK,0.48431936417606436
2024-08-07,TJK,0.531289326766176
2024-08-08,TJK,0.5454970387001303
2024-08-09,TJK,0.48883309728200447
2024-08-10,TJK,0.5359023313602964
2024-08-11,TJK,0.5103744056476403
2024-08-12,TJK,0.48627615366067156
2024-08-13,TJK,0.45232677454147846
2024-08-14,TJK,0.4673837693439362
2024-08-15,TJK,0.5368102865213012
2024-08-16,TJK,0.5360250198954789
2024-08-17,TJK,0.45963032510162893
2024-08-18,TJK,0.5050069266703198
2024-08-19,TJK,0.5195681808660773
2024-08-20,TJK,0.4541030896867184
2024-08-21,TJK,0.4493349049115416
2024-08-22,TJK,0.4166600876506149
2024-08-23,TJK,0.4157843172391468
2024-08-24,TJK,0.435750647302102
2024-08-25,TJK,0.46921745191506753
2024-08-26,TJK,0.4655533915263755
2024-08-27,TJK,0.46016322085231076
2024-08-28,TJK,0.48716987401782874
2024-08-29,TJK,0.4719243832716402
2024-08-30,TJK,0.4909977717203479
2024-08-31,TJK,0.42452846587265014
2024-09-01,TJK,0.4705622429095242
2024-09-02,TJK,0.48744401726124176
2024-09-03,TJK,0.5209386049389916
2024-09-04,TJK,0.3971430809184263
2024-09-05,TJK,0.40951187673877726
2024-09-06,TJK,0.3831379867421745
2024-09-07,TJK,0.3534033339122797
2024-09-08,TJK,0.37755032360193713
2024-09-09,TJK,0.3871127204897788
2024-09-10,TJK,0.43211820524553507
2024-09-11,TJK,0.41546280085004406
2024-09-12,TJK,0.47903075829054237
2024-09-13,TJK,0.4543213601358983
2024-09-14,TJK,0.47838602272804664
2024-09-15,TJK,0.5221362401801131
2024-09-16,TJK,0.5161018082422123
2024-09-17,TJK,0.4906143932686983
2024-09-18,TJK,0.44698784044426265
2024-09-19,TJK,0.4233529378416501
2024-09-20,TJK,0.44081741208960545
2024-09-21,TJK,0.44346028006379834
2024-09-22,TJK,0.477485129526795
2024-09-23,TJK,0.43386727928532237
2024-09-24,TJK,0.42700767298622927
2024-09-25,TJK,0.44993444285714335
2024-09-26,TJK,0.42422972318464447
2024-09-27,TJK,0.3884911766752985
2024-09-28,TJK,0.41744934268376316
2024-09-29,TJK,0.43991818586014875
2024-09-30,TJK,0.4366463156027209
2024-10-01,TJK,0.4379354607243701
2024-10-02,TJK,0.4187900035204178
2024-10-03,TJK,0.4527215591120525
2024-10-04,TJK,0.38091731972717413
2024-10-05,TJK,0.4288125455486465
2024-10-06,TJK,0.45649721354092715
2024-10-07,TJK,0.44206586878822696
2024-10-08,TJK,0.382555616455572
2024-10-09,TJK,0.4149637853039492
2024-10-10,TJK,0.48147832598500934
2024-10-11,TJK,0.49168944282294913
2024-10-12,TJK,0.4409614134653521
2024-10-13,TJK,0.4742063418980088
2024-10-14,TJK,0.47823039660147454
2024-10-15,TJK,0.4681870222190268
2024-10-16,TJK,0.40201411017197697
2024-10-17,TJK,0.4312669546523189
2024-10-18,TJK,0.4325422663638382
2024-10-19,TJK,0.42120883441122703
2024-10-20,TJK,0.4357551116055798
2024-10-21,TJK,0.46141345479045226
2024-10-22,TJK,0.47441636728163883
2024-10-23,TJK,0.4656672113101248
2024-10-24,TJK,0.4448805894983686
2024-10-25,TJK,0.4517362692907941
2024-10-26,TJK,0.4377710448000916
2024-10-27,TJK,0.4685385132382486
2024-10-28,TJK,0.45369117690441507
2024-10-29,TJK,0.4560971448958437
2024-10-30,TJK,0.5069966562471433
2024-10-31,TJK,0.52764091478527
2024-11-01,TJK,0.46406722425719493
2024-11-02,TJK,0.4929208453260426
2024-11-03,TJK,0.48423605546865106
2024-11-04,TJK,0.5208212172607237
2024-11-05,TJK,0.4726066166755068
2024-11-06,TJK,0.4912718798371697
2024-11-07,TJK,0.43048113420309425
2024-11-08,TJK,0.48649925847459297
2024-11-09,TJK,0.49382617769025705
2024-11-10,TJK,0.47782540363738935
2024-11-11,TJK,0.4629142441572752
2024-11-12,TJK,0.38598327365801033
2024-11-13,TJK,0.4381183073172551
2024-11-14,TJK,0.4694666791412423
2024-11-15,TJK,0.45123057320225113
2024-11-16,TJK,0.4239209117791757
2024-11-17,TJK,0.4112167008786483
2024-11-18,TJK,0.4090724505898611
2024-11-19,TJK,0.4320118164978611
2024-11-20,TJK,0.4496078033992592
2024-11-21,TJK,0.39765302898792243
2024-11-22,TJK,0.3996229083947808
2024-11-23,TJK,0.4331204521844148
2024-11-24,TJK,0.49210666919120916
2024-11-25,TJK,0.5036653335478299
2024-11-26,TJK,0.48163406578953255
2024-11-27,TJK,0.5015074241433976
2024-11-28,TJK,0.5349865221503175
2024-11-29,TJK,0.48048558813391734
2024-11-30,TJK,0.5154225084448478
2024-12-01,TJK,0.48607450585354417
2024-12-02,TJK,0.4887139731883924
2024-12-03,TJK,0.4929075854498136
2024-12-04,TJK,0.4953472265526031
2024-12-05,TJK,0.4844222526109559
2024-12-06,TJK,0.5013521218636509
2024-12-07,TJK,0.47644031012957905
2024-12-08,TJK,0.471014310621248
2024-12-09,TJK,0.4568066927455621
2024-12-10,TJK,0.4936359012061314
2024-12-11,TJK,0.4928816989742248
2024-12-12,TJK,0.4637080036064848
2024-12-13,TJK,0.46789720628957865
2024-12-14,TJK,0.41669141863321224
2024-12-15,TJK,0.4184582058774221
2024-12-16,TJK,0.4034109987114646
2024-12-17,TJK,0.44090305980110006
2024-12-18,TJK,0.4021019734994216
2024-12-19,TJK,0.42549914143271095
2024-12-20,TJK,0.3999069424987933
2024-12-21,TJK,0.40861955338008227
2024-12-22,TJK,0.4346869169110241
2024-12-23,TJK,0.4403097453516043
2024-12-24,TJK,0.4229507617338278
2024-12-25,TJK,0.480103698351007
2024-12-26,TJK,0.48197784147437334
2024-12-27,TJK,0.514225059794601
2024-12-28,TJK,0.4747055127553053
2024-12-29,TJK,0.4610596977098943
2024-12-30,TJK,0.4703370340566738
2024-12-31,TJK,0.42552235038084096
2025-01-01,TJK,0.42675762215706203
2025-01-02,TJK,0.407519841022438
2025-01-03,TJK,0.38433657972647434
2025-01-04,TJK,0.3980658429896576
2025-01-05,TJK,0.4140989872843517
2025-01-06,TJK,0.4257107564943945
2025-01-07,TJK,0.42707941032883545
2025-01-08,TJK,0.42691065835262676
2025-01-09,TJK,0.4584144602014387
2025-01-10,TJK,0.43633593339065535
2025-01-11,TJK,0.39682690592295694
2025-01-12,TJK,0.40833203227570924
2025-01-13,TJK,0.44073963244499054
2025-01-14,TJK,0.4012161439730825
2025-01-15,TJK,0.4939878846071299
2025-01-16,TJK,0.4239066403931895
2025-01-17,TJK,0.39395088851252646
2025-01-18,TJK,0.4170642587187745
2025-01-19,TJK,0.4054338758941301
2025-01-20,TJK,0.41291755645122
2025-01-21,TJK,0.4069398055872807
2025-01-22,TJK,0.412404927337956
2025-01-23,TJK,0.4211384022611977
2025-01-24,TJK,0.39372325319120743
2025-01-25,TJK,0.4388526311715254
2025-01-26,TJK,0.4051586666003991
2025-01-27,TJK,0.4122727762515076
2025-01-28,TJK,0.3864493444672902
2025-01-29,TJK,0.39899017030925665
2025-01-30,TJK,0.3846222461648565
2025-01-31,TJK,0.3894635366971129
2025-02-01,TJK,0.4414668902909822
2025-02-02,TJK,0.4266415750198095
2025-02-03,TJK,0.4267140301133794
2025-02-04,TJK,0.40310228111426116
2025-02-05,TJK,0.4424342565210416
2025-02-06,TJK,0.45335796655400606
2025-02-07,TJK,0.48022871991764643
2025-02-08,TJK,0.46113547199373
2025-02-09,TJK,0.45587975687358145
2025-02-10,TJK,0.45324695433602186
2025-02-11,TJK,0.43316676260201437
2025-02-12,TJK,0.48260005061710703
2025-02-13,TJK,0.4455839623123273
2025-02-14,TJK,0.5055755312617665
2025-02-15,TJK,0.45376902649950024
2025-02-16,TJK,0.42072020825338824
2025-02-17,TJK,0.4224176772626567
2025-02-18,TJK,0.4208779423800199
2025-02-19,TJK,0.3896510233042037
2025-02-20,TJK,0.417259234971494
2025-02-21,TJK,0.38780918000087283
2025-02-22,TJK,0.4202379477605938
2025-02-23,TJK,0.4517720620595907
2025-02-24,TJK,0.46361139787010447
2025-02-25,TJK,0.47326817142198907
2025-02-26,TJK,0.44926322140890235
2025-02-27,TJK,0.4507748800267202
2025-02-28,TJK,0.4613827407629196
2025-03-01,TJK,0.47574243815168843
2025-03-02,TJK,0.5122118494498616
2025-03-03,TJK,0.530622307185045
2025-03-04,TJK,0.5295844610365105
2025-03-05,TJK,0.5903159289290639
2025-03-06,TJK,0.6183879054811541
2025-03-07,TJK,0.5471916445562616
2025-03-08,TJK,0.4947155710307115
2025-03-09,TJK,0.46862713389725036
2025-03-10,TJK,0.4789397265469943
2025-03-11,TJK,0.4210974892568789
2025-03-12,TJK,0.5145039818346753
2025-03-13,TJK,0.4875934318368801
2025-03-14,TJK,0.4967796184732936
2025-03-15,TJK,0.5185912986317849
2025-03-16,TJK,0.5027852564963703
2025-03-17,TJK,0.5088911803192878
2025-03-18,TJK,0.4958046994476824
2025-03-19,TJK,0.4492412266725834
2025-03-20,TJK,0.4935873610748167
2025-03-21,TJK,0.47106847792208334
2025-03-22,TJK,0.43437537395197934
2025-03-23,TJK,0.4591548689200952
2025-03-24,TJK,0.4646892243159866
2025-03-25,TJK,0.44820382029640893
2025-03-26,TJK,0.44141674760800936
2025-03-27,TJK,0.44365370719899605
2025-03-28,TJK,0.4124486596023317
2024-07-01,KGZ,0.4829364790675231
2024-07-02,KGZ,0.4440378691421594
2024-07-03,KGZ,0.3915132776817448
2024-07-04,KGZ,0.42118405624223654
2024-07-05,KGZ,0.4346819064845451
2024-07-06,KGZ,0.409048994191849
2024-07-07,KGZ,0.8073456030393299
2024-07-08,KGZ,0.7530241870915373
2024-07-09,KGZ,0.9164140486581177
2024-07-10,KGZ,0.6979916877394833
2024-07-11,KGZ,0.8222965463426182
2024-07-12,KGZ,0.7277688223164227
2024-07-13,KGZ,0.8743825518325259
2024-07-14,KGZ,0.7062206161083716
2024-07-15,KGZ,0.7483280137218135
2024-07-16,KGZ,0.7546248600557568
2024-07-17,KGZ,0.6674505993477903
2024-07-18,KGZ,0.6487131767808115
2024-07-19,KGZ,0.6197103666579782
2024-07-20,KGZ,0.7467091364749721
2024-07-21,KGZ,0.8139498106968625
2024-07-22,KGZ,0.7857071087039788
2024-07-23,KGZ,0.7845481047342245
2024-07-24,KGZ,0.7557664342502952
2024-07-25,KGZ,0.7883962395313556
2024-07-26,KGZ,0.7734953866757789
2024-07-27,KGZ,0.9427077074848883
2024-07-28,KGZ,0.7962514364739932
2024-07-29,KGZ,0.7782251884308384
2024-07-30,KGZ,0.7608535230623805
2024-07-31,KGZ,0.7490148678684642
2024-08-01,KGZ,0.7668327713716214
2024-08-02,KGZ,0.6963347339000332
2024-08-03,KGZ,0.7427380427253275
2024-08-04,KGZ,0.9097618351268498
2024-08-05,KGZ,0.7327594606237673
2024-08-06,KGZ,0.7574741106324405
2024-08-07,KGZ,0.6525222078561036
2024-08-08,KGZ,0.6894433416870893
2024-08-09,KGZ,0.796076030315792
2024-08-10,KGZ,0.9392260844194691
2024-08-11,KGZ,0.8737161362611277
2024-08-12,KGZ,0.8612916878527104
2024-08-13,KGZ,0.6145645197576616
2024-08-14,KGZ,0.7232425179625573
2024-08-15,KGZ,0.8137512521095831
2024-08-16,KGZ,0.40072784538217665
2024-08-17,KGZ,0.41779232673517674
2024-08-18,KGZ,0.39066819566722977
2024-08-19,KGZ,0.3282050054637158
2024-08-20,KGZ,0.32931722979399813
2024-08-21,KGZ,0.30437285743812376
2024-08-22,KGZ,0.26796298635351906
2024-08-23,KGZ,0.5579368884691197
2024-08-24,KGZ,0.6241951545800158
2024-08-25,KGZ,0.8829785750850425
2024-08-26,KGZ,0.7585905046709629
2024-08-27,KGZ,0.663100872902692
2024-08-28,KGZ,0.6216722503257618
2024-08-29,KGZ,0.6691850569934477
2024-08-30,KGZ,0.701517644099628
2024-08-31,KGZ,0.9447686010645309
2024-09-01,KGZ,0.8618118361307909
2024-09-02,KGZ,0.7438937170327794
2024-09-03,KGZ,0.773835048244869
2024-09-04,KGZ,0.6850034604862799
2024-09-05,KGZ,0.8572232546465435
2024-09-06,KGZ,0.7049771545832408
2024-09-07,KGZ,0.9115455623882818
2024-09-08,KGZ,0.8683016588115763
2024-09-09,KGZ,0.870598351593916
2024-09-10,KGZ,0.7908396539564857
2024-09-11,KGZ,0.7528691260622153
2024-09-12,KGZ,0.8654570362163098
2024-09-13,KGZ,0.7216812881273456
2024-09-14,KGZ,0.7208262280551796
2024-09-15,KGZ,0.9516132313417737
2024-09-16,KGZ,0.9242999271952962
2024-09-17,KGZ,0.7457385105244455
2024-09-18,KGZ,0.9352757591236384
2024-09-19,KGZ,0.7461308918943843
2024-09-20,KGZ,0.722746505484104
2024-09-21,KGZ,0.8846171758644443
2024-09-22,KGZ,0.45347341661746
2024-09-23,KGZ,0.41830294173556704
2024-09-24,KGZ,0.41470628425158973
2024-09-25,KGZ,0.4322406866378945
2024-09-26,KGZ,0.4147638156871131
2024-09-27,KGZ,0.39242938490802026
2024-09-28,KGZ,0.4049516305134962
2024-09-29,KGZ,0.4474784903481896
2024-09-30,KGZ,0.6510033479410875
2024-10-01,KGZ,0.4054670109097267
2024-10-02,KGZ,0.6739610482945078
2024-10-03,KGZ,0.41940447509984796
2024-10-04,KGZ,0.35730989472152913
2024-10-05,KGZ,0.44129308322874644
2024-10-06,KGZ,0.4256064147646307
2024-10-07,KGZ,0.43551342050285163
2024-10-08,KGZ,0.36543342604242934
2024-10-09,KGZ,0.38317452377068356
2024-10-10,KGZ,0.7327546505677106
2024-10-11,KGZ,0.7630737642185524
2024-10-12,KGZ,0.9127492169879488
2024-10-13,KGZ,0.8468799113326668
2024-10-14,KGZ,0.7340520359617019
2024-10-15,KGZ,0.8100378185467071
2024-10-16,KGZ,0.9311109547514755
2024-10-17,KGZ,0.7338767181383158
2024-10-18,KGZ,0.7825644666805663
2024-10-19,KGZ,0.6987068392695982
2024-10-20,KGZ,0.7110686785007715
2024-10-21,KGZ,0.7445703213693639
2024-10-22,KGZ,0.7737734831987696
2024-10-23,KGZ,0.4633502342417629
2024-10-24,KGZ,0.3872528652404082
2024-10-25,KGZ,0.4397242566107222
2024-10-26,KGZ,0.5596843434910408
2024-10-27,KGZ,0.4248672262345068
2024-10-28,KGZ,0.5257802745002627
2024-10-29,KGZ,0.47953155331867553
2024-10-30,KGZ,0.7220755826583551
2024-10-31,KGZ,0.7515987585163539
2024-11-01,KGZ,0.8094745156112243
2024-11-02,KGZ,0.7218252085617005
2024-11-03,KGZ,0.7133854624881323
2024-11-04,KGZ,0.9282326740990818
2024-11-05,KGZ,0.8972924380959582
2024-11-06,KGZ,0.7494137748100334
2024-11-07,KGZ,0.7777486287889869
2024-11-08,KGZ,0.4487748422452492
2024-11-09,KGZ,0.4599247439338326
2024-11-10,KGZ,0.5280913833907995
2024-11-11,KGZ,0.42582669598375844
2024-11-12,KGZ,0.3521867894634943
2024-11-13,KGZ,0.35369436029429185
2024-11-14,KGZ,0.34748150597090804
2024-11-15,KGZ,0.3631119591544028
2024-11-16,KGZ,0.6676537869396981
2024-11-17,KGZ,0.674726436469261
2024-11-18,KGZ,0.874960478018119
2024-11-19,KGZ,0.6287639173331445
2024-11-20,KGZ,0.7055802898016326
2024-11-21,KGZ,0.6595106621364816
2024-11-22,KGZ,0.4041742250977541
2024-11-23,KGZ,0.4547271762053758
2024-11-24,KGZ,0.710605717548912
2024-11-25,KGZ,0.5881841512479071
2024-11-26,KGZ,0.41289353703807835
2024-11-27,KGZ,0.5370370477242948
2024-11-28,KGZ,0.45286509611862097
2024-11-29,KGZ,0.6833292115316696
2024-11-30,KGZ,0.6549276208531039
2024-12-01,KGZ,0.6352172928403284
2024-12-02,KGZ,0.7225000920426158
2024-12-03,KGZ,0.6368373672321523
2024-12-04,KGZ,0.6620665775114803
2024-12-05,KGZ,0.8252816202748764
2024-12-06,KGZ,0.6509047918660125
2024-12-07,KGZ,0.6861041237580668
2024-12-08,KGZ,0.7642624861101033
2024-12-09,KGZ,0.6993121120272741
2024-12-10,KGZ,0.7342919296204359
2024-12-11,KGZ,0.7062336531006381
2024-12-12,KGZ,0.6444560706495318
2024-12-13,KGZ,0.6832638975516471
2024-12-14,KGZ,0.664291090412592
2024-12-15,KGZ,0.7167397670230671
2024-12-16,KGZ,0.8306462309589827
2024-12-17,KGZ,0.7042458948158866
2024-12-18,KGZ,0.6709404908321254
2024-12-19,KGZ,0.6325256761821729
2024-12-20,KGZ,0.9065463524482693
2024-12-21,KGZ,0.8504706784397915
2024-12-22,KGZ,0.718081917040128
2024-12-23,KGZ,0.939244089336993
2024-12-24,KGZ,0.9092385055198785
2024-12-25,KGZ,0.776612497909479
2024-12-26,KGZ,0.7758844824584086
2024-12-27,KGZ,0.5065586824612676
2024-12-28,KGZ,0.7697244786010311
2024-12-29,KGZ,0.7136084260133407
2024-12-30,KGZ,0.48531698427564035
2024-12-31,KGZ,0.8700537717961768
2025-01-01,KGZ,0.4663209638020563
2025-01-02,KGZ,0.4322754910222164
2025-01-03,KGZ,0.40107868162260496
2025-01-04,KGZ,0.4626161815885972
2025-01-05,KGZ,0.8822581770456954
2025-01-06,KGZ,0.7811340710850657
2025-01-07,KGZ,0.7569392507381484
2025-01-08,KGZ,0.8086203559803724
2025-01-09,KGZ,0.9407841389920053
2025-01-10,KGZ,0.780786188630169
2025-01-11,KGZ,0.6903795045727695
2025-01-12,KGZ,0.5085936259848725
2025-01-13,KGZ,0.5110937914913561
2025-01-14,KGZ,0.5469324961838666
2025-01-15,KGZ,0.9289432401558867
2025-01-16,KGZ,0.729616118095622
2025-01-17,KGZ,0.4709913993898038
2025-01-18,KGZ,0.5339391847904915
2025-01-19,KGZ,0.9155710294895522
2025-01-20,KGZ,0.5280718420091524
2025-01-21,KGZ,0.6118978300817752
2025-01-22,KGZ,0.622592640219445
2025-01-23,KGZ,0.7784844114846032
2025-01-24,KGZ,0.6010918694025826
2025-01-25,KGZ,0.5408352840799929
2025-01-26,KGZ,0.8119505531937672
2025-01-27,KGZ,0.474800892106988
2025-01-28,KGZ,0.42254663552750116
2025-01-29,KGZ,0.47153873582659794
2025-01-30,KGZ,0.47685367654431826
2025-01-31,KGZ,0.7891307997240926
2025-02-01,KGZ,0.8502526929779451
2025-02-02,KGZ,0.8724908198529586
2025-02-03,KGZ,0.571223079590275
2025-02-04,KGZ,0.559258125234023
2025-02-05,KGZ,0.8918196048254103
2025-02-06,KGZ,0.8820802028062757
2025-02-07,KGZ,0.6455658483535146
2025-02-08,KGZ,0.6887074496403518
2025-02-09,KGZ,0.6090318806241175
2025-02-10,KGZ,0.5043068529371265
2025-02-11,KGZ,0.4637672232989848
2025-02-12,KGZ,0.4705508183849247
2025-02-13,KGZ,0.5869609396305739
2025-02-14,KGZ,0.7577047363782391
2025-02-15,KGZ,0.5923967311520366
2025-02-16,KGZ,0.8263356858518871
2025-02-17,KGZ,0.6273081285401411
2025-02-18,KGZ,0.4509779440747894
2025-02-19,KGZ,0.49933100202558683
2025-02-20,KGZ,0.830114361651801
2025-02-21,KGZ,0.6592081718031895
2025-02-22,KGZ,0.7257065482682082
2025-02-23,KGZ,0.7928870931935161
2025-02-24,KGZ,0.7267528201807851
2025-02-25,KGZ,0.789133185603225
2025-02-26,KGZ,0.7551250182195849
2025-02-27,KGZ,0.7151510315413886
2025-02-28,KGZ,0.769245008556976
2025-03-01,KGZ,0.9295513625280374
2025-03-02,KGZ,0.7669134575825722
2025-03-03,KGZ,0.7649970980435873
2025-03-04,KGZ,0.7377263991938678
2025-03-05,KGZ,0.7765513451345691
2025-03-06,KGZ,0.8595613329151308
2025-03-07,KGZ,0.7616512034583987
2025-03-08,KGZ,0.4359577934561747
2025-03-09,KGZ,0.38086943186440486
2025-03-10,KGZ,0.38959819688161024
2025-03-11,KGZ,0.45511006975804713
2025-03-12,KGZ,0.40620387806747554
2025-03-13,KGZ,0.5548049448066488
2025-03-14,KGZ,0.3911794374033687
2025-03-15,KGZ,0.804284275598078
2025-03-16,KGZ,0.6872529365077668
2025-03-17,KGZ,0.7539665875831517
2025-03-18,KGZ,0.7519055033899894
2025-03-19,KGZ,0.7269417273265649
2025-03-20,KGZ,0.552973672718995
2025-03-21,KGZ,0.5399350307466295
2025-03-22,KGZ,0.5235387923491621
2025-03-23,KGZ,0.601022399908847
2025-03-24,KGZ,0.5333697157802673
2025-03-25,KGZ,0.862939802781086
2025-03-26,KGZ,0.751830221775115
2025-03-27,KGZ,0.36485694836384586
2025-03-28,KGZ,0.3579466059775758
2024-07-01,ARM,0.8478010392612249
2024-07-02,ARM,0.7323866845200901
2024-07-03,ARM,0.7402408599455181
2024-07-04,ARM,0.7462598214584439
2024-07-05,ARM,0.8108764437239825
2024-07-06,ARM,0.6978914311636154
2024-07-07,ARM,0.8191570475802014
2024-07-08,ARM,0.8242605097367417
2024-07-09,ARM,0.8060150023769451
2024-07-10,ARM,0.7927816553915796
2024-07-11,ARM,0.8267264905662407
2024-07-12,ARM,0.749168212260395
2024-07-13,ARM,0.6985487937446493
2024-07-14,ARM,0.782177551038032
2024-07-15,ARM,0.7932268985342982
2024-07-16,ARM,0.707709417764309
2024-07-17,ARM,0.6593967245257906
2024-07-18,ARM,0.613989700927993
2024-07-19,ARM,0.7074630742666294
2024-07-20,ARM,0.8654794837506444
2024-07-21,ARM,0.8249625388143945
2024-07-22,ARM,0.9368024825439081
2024-07-23,ARM,0.8737968042499308
2024-07-24,ARM,0.8846128994484243
2024-07-25,ARM,0.8180377158664058
2024-07-26,ARM,0.8006418099183934
2024-07-27,ARM,0.8226754231081924
2024-07-28,ARM,0.820276197312235
2024-07-29,ARM,0.8749670909564995
2024-07-30,ARM,0.8286527491940051
2024-07-31,ARM,0.5561070664112018
2024-08-01,ARM,0.7226217151758594
2024-08-02,ARM,0.5468522418711256
2024-08-03,ARM,0.48599559435942297
2024-08-04,ARM,0.5399132982993601
2024-08-05,ARM,0.5629411199853902
2024-08-06,ARM,0.5162328282997346
2024-08-07,ARM,0.7822745376359809
2024-08-08,ARM,0.7713647477385907
2024-08-09,ARM,0.7636118709009431
2024-08-10,ARM,0.8826965548381239
2024-08-11,ARM,0.890741201414554
2024-08-12,ARM,0.8325161818701788
2024-08-13,ARM,0.7505844289736845
2024-08-14,ARM,0.7899265552682666
2024-08-15,ARM,0.8482107730970873
2024-08-16,ARM,0.7826459362870208
2024-08-17,ARM,0.7576341668242476
2024-08-18,ARM,0.800494390957537
2024-08-19,ARM,0.8064958563498391
2024-08-20,ARM,0.7889284543879118
2024-08-21,ARM,0.7537472168526335
2024-08-22,ARM,0.737553360253501
2024-08-23,ARM,0.7976044042227404
2024-08-24,ARM,0.765913763341519
2024-08-25,ARM,0.9202912480033322
2024-08-26,ARM,0.834020639096882
2024-08-27,ARM,0.7478397383587656
2024-08-28,ARM,0.8052679111089903
2024-08-29,ARM,0.8058506864741568
2024-08-30,ARM,0.7480271021404522
2024-08-31,ARM,0.8302813850097497
2024-09-01,ARM,0.8343418323627949
2024-09-02,ARM,0.8378294099163499
2024-09-03,ARM,0.7608033903755204
2024-09-04,ARM,0.6804273272745932
2024-09-05,ARM,0.8174765815296158
2024-09-06,ARM,0.7383426055648232
2024-09-07,ARM,0.8226588422459324
2024-09-08,ARM,0.8985057767002241
2024-09-09,ARM,0.9124388642936301
2024-09-10,ARM,0.8346612702791143
2024-09-11,ARM,0.7955419060398075
2024-09-12,ARM,0.715759588919918
2024-09-13,ARM,0.7333464877108282
2024-09-14,ARM,0.747538147221449
2024-09-15,ARM,0.8247122163975339
2024-09-16,ARM,0.8579264360512624
2024-09-17,ARM,0.8348119528268128
2024-09-18,ARM,0.7410931775708862
2024-09-19,ARM,0.7416782823488776
2024-09-20,ARM,0.7305521428784907
2024-09-21,ARM,0.9205540446451261
2024-09-22,ARM,0.875726678347914
2024-09-23,ARM,0.8403254162865611
2024-09-24,ARM,0.8356715659406472
2024-09-25,ARM,0.8100769869317332
2024-09-26,ARM,0.7710605915949563
2024-09-27,ARM,0.8029194629921053
2024-09-28,ARM,0.8511195751031139
2024-09-29,ARM,0.8351836443366828
2024-09-30,ARM,0.8177866963741682
2024-10-01,ARM,0.6580700096494413
2024-10-02,ARM,0.780835761367339
2024-10-03,ARM,0.8085369486242971
2024-10-04,ARM,0.7548700406344021
2024-10-05,ARM,0.7711468273223548
2024-10-06,ARM,0.8137699945900374
2024-10-07,ARM,0.761559973795151
2024-10-08,ARM,0.7756800899110786
2024-10-09,ARM,0.7183568894012121
2024-10-10,ARM,0.8671676163361669
2024-10-11,ARM,0.7148123787000905
2024-10-12,ARM,0.7881959890890156
2024-10-13,ARM,0.9322301926106641
2024-10-14,ARM,0.7044328010685176
2024-10-15,ARM,0.7599220173975654
2024-10-16,ARM,0.7951811184843276
2024-10-17,ARM,0.7985087146500854
2024-10-18,ARM,0.8758480025095384
2024-10-19,ARM,0.8217061719077648
2024-10-20,ARM,0.8116020488295902
2024-10-21,ARM,0.8033396389529526
2024-10-22,ARM,0.7194132074213977
2024-10-23,ARM,0.8081282114244193
2024-10-24,ARM,0.773295557333634
2024-10-25,ARM,0.7573596266569451
2024-10-26,ARM,0.8737903843174717
2024-10-27,ARM,0.8785252369056611
2024-10-28,ARM,0.7655357612751257
2024-10-29,ARM,0.8083321633708208
2024-10-30,ARM,0.784911748227332
2024-10-31,ARM,0.7953023084122621
2024-11-01,ARM,0.682565590547169
2024-11-02,ARM,0.8135132450303153
2024-11-03,ARM,0.8193364962270331
2024-11-04,ARM,0.8337876829582737
2024-11-05,ARM,0.8715169056254851
2024-11-06,ARM,0.7762203473172054
2024-11-07,ARM,0.7801260308532948
2024-11-08,ARM,0.8554399377662176
2024-11-09,ARM,0.8574938242955266
2024-11-10,ARM,0.8575843474435418
2024-11-11,ARM,0.8478288931282104
2024-11-12,ARM,0.7627019957349145
2024-11-13,ARM,0.6711729538531938
2024-11-14,ARM,0.7081327822375574
2024-11-15,ARM,0.8445162602895697
2024-11-16,ARM,0.6766860673187818
2024-11-17,ARM,0.8311912990469146
2024-11-18,ARM,0.8944262966284153
2024-11-19,ARM,0.72928808884614
2024-11-20,ARM,0.7847236727603346
2024-11-21,ARM,0.6785932241921402
2024-11-22,ARM,0.6658893809486714
2024-11-23,ARM,0.7454937998978478
2024-11-24,ARM,0.8138485843867335
2024-11-25,ARM,0.8216201635131435
2024-11-26,ARM,0.8104316568258724
2024-11-27,ARM,0.8100657899514191
2024-11-28,ARM,0.8987910559573753
2024-11-29,ARM,0.7771813962574646
2024-11-30,ARM,0.738787831491115
2024-12-01,ARM,0.7962866620169395
2024-12-02,ARM,0.8448729651622127
2024-12-03,ARM,0.7336311063090878
2024-12-04,ARM,0.7220221913556992
2024-12-05,ARM,0.726099565691086
2024-12-06,ARM,0.8023802801086142
2024-12-07,ARM,0.8071876351501001
2024-12-08,ARM,0.7700022946156821
2024-12-09,ARM,0.8007694777429857
2024-12-10,ARM,0.7089370224427051
2024-12-11,ARM,0.8295992765925317
2024-12-12,ARM,0.7778600293089339
2024-12-13,ARM,0.8104719309341991
2024-12-14,ARM,0.7661472735259112
2024-12-15,ARM,0.8328279588162557
2024-12-16,ARM,0.8145336706247461
2024-12-17,ARM,0.8339951258251781
2024-12-18,ARM,0.8005500178377232
2024-12-19,ARM,0.7671458377816427
2024-12-20,ARM,0.6463470798162467
2024-12-21,ARM,0.7725853389574642
2024-12-22,ARM,0.8065062892214924
2024-12-23,ARM,0.7826142679478724
2024-12-24,ARM,0.7450440508619691
2024-12-25,ARM,0.7867394025324632
2024-12-26,ARM,0.7353403903630836
2024-12-27,ARM,0.740607316619706
2024-12-28,ARM,0.8252495482588561
2024-12-29,ARM,0.7454862088025029
2024-12-30,ARM,0.8113511367285537
2024-12-31,ARM,0.8111232826460243
2025-01-01,ARM,0.7153105803225962
2025-01-02,ARM,0.7800000286957415
2025-01-03,ARM,0.7400018370858048
2025-01-04,ARM,0.7972521133339153
2025-01-05,ARM,0.6948549323454314
2025-01-06,ARM,0.7747096876515492
2025-01-07,ARM,0.7756135669464026
2025-01-08,ARM,0.793073709723491
2025-01-09,ARM,0.8499236989050323
2025-01-10,ARM,0.8404205450063045
2025-01-11,ARM,0.7092250061282892
2025-01-12,ARM,0.7159728054505722
2025-01-13,ARM,0.7650595164255192
2025-01-14,ARM,0.8772468424691373
2025-01-15,ARM,0.8117264505087037
2025-01-16,ARM,0.6403468959546458
2025-01-17,ARM,0.7283873701556757
2025-01-18,ARM,0.7523296692145206
2025-01-19,ARM,0.7880784159958287
2025-01-20,ARM,0.7815199661396023
2025-01-21,ARM,0.7859170693059335
2025-01-22,ARM,0.7225107273316427
2025-01-23,ARM,0.7851480874109025
2025-01-24,ARM,0.6883530210855804
2025-01-25,ARM,0.6780347924603503
2025-01-26,ARM,0.9321746383705536
2025-01-27,ARM,0.7697660852249262
2025-01-28,ARM,0.6834668695112244
2025-01-29,ARM,0.6411360094568591
2025-01-30,ARM,0.6835070868445381
2025-01-31,ARM,0.7586029388181099
2025-02-01,ARM,0.7821022275413657
2025-02-02,ARM,0.8084705622740167
2025-02-03,ARM,0.8306916409431833
2025-02-04,ARM,0.7618393812421536
2025-02-05,ARM,0.8356235440330017
2025-02-06,ARM,0.8230392567384717
2025-02-07,ARM,0.8037897584739145
2025-02-08,ARM,0.7790072978663242
2025-02-09,ARM,0.7583026966651747
2025-02-10,ARM,0.7231402295172653
2025-02-11,ARM,0.7638576020218862
2025-02-12,ARM,0.8120924047918113
2025-02-13,ARM,0.7207828188384918
2025-02-14,ARM,0.7516019739540338
2025-02-15,ARM,0.792403909026391
2025-02-16,ARM,0.7968983386923383
2025-02-17,ARM,0.7828870457998867
2025-02-18,ARM,0.8004033309692293
2025-02-19,ARM,0.7460199660958541
2025-02-20,ARM,0.7792259566088983
2025-02-21,ARM,0.7114888460525339
2025-02-22,ARM,0.8385341727859372
2025-02-23,ARM,0.8010326281308903
2025-02-24,ARM,0.8151742577157728
2025-02-25,ARM,0.8125940753354802
2025-02-26,ARM,0.8278640718446301
2025-02-27,ARM,0.7580651389454172
2025-02-28,ARM,0.6848591651174157
2025-03-01,ARM,0.7809771885758086
2025-03-02,ARM,0.8241596071275766
2025-03-03,ARM,0.8355316703758322
2025-03-04,ARM,0.7792658422294257
2025-03-05,ARM,0.7241109745547172
2025-03-06,ARM,0.7633310024105265
2025-03-07,ARM,0.7114178344381009
2025-03-08,ARM,0.8194976541988441
2025-03-09,ARM,0.8491114004229146
2025-03-10,ARM,0.8253556543622736
2025-03-11,ARM,0.6735247702977557
2025-03-12,ARM,0.5561215814110579
2025-03-13,ARM,0.5716756860989206
2025-03-14,ARM,0.6124612369056072
2025-03-15,ARM,0.7104298835998919
2025-03-16,ARM,0.9278010269568885
2025-03-17,ARM,0.9079596022137486
2025-03-18,ARM,0.9136488818478553
2025-03-19,ARM,0.8425960565231256
2025-03-20,ARM,0.8503275908704213
2025-03-21,ARM,0.854418424477887
2025-03-22,ARM,0.8280554872858501
2025-03-23,ARM,0.7052696047499725
2025-03-24,ARM,0.6941102863000925
2025-03-25,ARM,0.6169548481882404
2025-03-26,ARM,0.5592325170238839
2025-03-27,ARM,0.5384090537419333
2025-03-28,ARM,0.5209215430478473
2024-07-01,AZE,0.7257381235269954
2024-07-02,AZE,0.4208827020189459
2024-07-03,AZE,0.49181330894855857
2024-07-04,AZE,0.39167973120786925
2024-07-05,AZE,0.7434887638997899
2024-07-06,AZE,0.761693342297903
2024-07-07,AZE,0.7933786153092239
2024-07-08,AZE,0.7849446228979351
2024-07-09,AZE,0.7828730115922105
2024-07-10,AZE,0.8454080220556912
2024-07-11,AZE,0.7780990699005538
2024-07-12,AZE,0.86594119272445
2024-07-13,AZE,0.8133810805034194
2024-07-14,AZE,0.830589553463428
2024-07-15,AZE,0.8573365872922399
2024-07-16,AZE,0.6681995755668977
2024-07-17,AZE,0.6766379215552376
2024-07-18,AZE,0.6824313930800971
2024-07-19,AZE,0.7491666440900495
2024-07-20,AZE,0.7985445371200198
2024-07-21,AZE,0.8363703675493
2024-07-22,AZE,0.8190312456322764
2024-07-23,AZE,0.8209887687990344
2024-07-24,AZE,0.7982162592809955
2024-07-25,AZE,0.8308440655853644
2024-07-26,AZE,0.6147687392783814
2024-07-27,AZE,0.712862315661297
2024-07-28,AZE,0.7352884314751005
2024-07-29,AZE,0.6784029400310165
2024-07-30,AZE,0.5995347431384244
2024-07-31,AZE,0.5456493332622379
2024-08-01,AZE,0.6181369944417754
2024-08-02,AZE,0.6020416028971702
2024-08-03,AZE,0.7595960641170142
2024-08-04,AZE,0.8002577810465528
2024-08-05,AZE,0.8123591904723834
2024-08-06,AZE,0.7652402313576151
2024-08-07,AZE,0.8081470024775353
2024-08-08,AZE,0.7699768138251711
2024-08-09,AZE,0.7462490524093216
2024-08-10,AZE,0.7582411685972263
2024-08-11,AZE,0.9035349956168597
2024-08-12,AZE,0.7165080733054083
2024-08-13,AZE,0.7334693137348256
2024-08-14,AZE,0.7166806494306834
2024-08-15,AZE,0.7855689586097023
2024-08-16,AZE,0.6894274621877703
2024-08-17,AZE,0.9268583545684843
2024-08-18,AZE,0.7793699465043985
2024-08-19,AZE,0.9044340105606385
2024-08-20,AZE,0.856484542492794
2024-08-21,AZE,0.8385450832761739
2024-08-22,AZE,0.6597930739275277
2024-08-23,AZE,0.6730999907366616
2024-08-24,AZE,0.7291915068257295
2024-08-25,AZE,0.7849483303407286
2024-08-26,AZE,0.695898741592153
2024-08-27,AZE,0.6755067244260576
2024-08-28,AZE,0.6322089985178874
2024-08-29,AZE,0.6775853156151636
2024-08-30,AZE,0.7002077642156539
2024-08-31,AZE,0.6745886388744559
2024-09-01,AZE,0.7343742861964049
2024-09-02,AZE,0.7341498252183303
2024-09-03,AZE,0.7049699926240451
2024-09-04,AZE,0.624284855383783
2024-09-05,AZE,0.6406417917444883
2024-09-06,AZE,0.6721438307143425
2024-09-07,AZE,0.694519912286457
2024-09-08,AZE,0.7728636644762182
2024-09-09,AZE,0.7384845959264609
2024-09-10,AZE,0.7096076869157171
2024-09-11,AZE,0.685946156926241
2024-09-12,AZE,0.6531606773932497
2024-09-13,AZE,0.6639095825005464
2024-09-14,AZE,0.6187681357753197
2024-09-15,AZE,0.5845528356875556
2024-09-16,AZE,0.6395921277403539
2024-09-17,AZE,0.6447284178867675
2024-09-18,AZE,0.617269865495246
2024-09-19,AZE,0.7698573842887187
2024-09-20,AZE,0.6404041201115039
2024-09-21,AZE,0.6557463524034919
2024-09-22,AZE,0.8312251572692575
2024-09-23,AZE,0.7707078155129199
2024-09-24,AZE,0.6674952334627049
2024-09-25,AZE,0.6189347214747688
2024-09-26,AZE,0.7207279567137245
2024-09-27,AZE,0.7124597570540108
2024-09-28,AZE,0.7156053851892182
2024-09-29,AZE,0.7487167576322578
2024-09-30,AZE,0.744517801164844
2024-10-01,AZE,0.8226391469685957
2024-10-02,AZE,0.7111349062950267
2024-10-03,AZE,0.5308375874620899
2024-10-04,AZE,0.5009301656153698
2024-10-05,AZE,0.5184541243867311
2024-10-06,AZE,0.5307944542730383
2024-10-07,AZE,0.6737151215945167
2024-10-08,AZE,0.5454475772322875
2024-10-09,AZE,0.49265582380451045
2024-10-10,AZE,0.5716777178593685
2024-10-11,AZE,0.6270815712067086
2024-10-12,AZE,0.8062385070159452
2024-10-13,AZE,0.8189013101056516
2024-10-14,AZE,0.8244854985707994
2024-10-15,AZE,0.7759141340341099
2024-10-16,AZE,0.7733953267731577
2024-10-17,AZE,0.7949291236532915
2024-10-18,AZE,0.7983480806145304
2024-10-19,AZE,0.8398787592630669
2024-10-20,AZE,0.7999550809135928
2024-10-21,AZE,0.77612948450957
2024-10-22,AZE,0.6833800137968223
2024-10-23,AZE,0.775795112144338
2024-10-24,AZE,0.673108373695325
2024-10-25,AZE,0.7197940041745721
2024-10-26,AZE,0.8084943303614455
2024-10-27,AZE,0.6316798087891763
2024-10-28,AZE,0.9109697242848642
2024-10-29,AZE,0.7591197421862703
2024-10-30,AZE,0.8207169383667303
2024-10-31,AZE,0.8254840524660892
2024-11-01,AZE,0.7985476972663273
2024-11-02,AZE,0.8466143887251761
2024-11-03,AZE,0.8390109187045509
2024-11-04,AZE,0.8813884398945976
2024-11-05,AZE,0.8289463853588256
2024-11-06,AZE,0.853017826477411
2024-11-07,AZE,0.8887998216398953
2024-11-08,AZE,0.8013155282124266
2024-11-09,AZE,0.770512422054401
2024-11-10,AZE,0.8372876041931134
2024-11-11,AZE,0.8976748653008549
2024-11-12,AZE,0.8688757790530337
2024-11-13,AZE,0.7602352077975215
2024-11-14,AZE,0.7995977162259789
2024-11-15,AZE,0.7095274682316478
2024-11-16,AZE,0.6398678467408518
2024-11-17,AZE,0.5440093093613436
2024-11-18,AZE,0.8704633202453534
2024-11-19,AZE,0.6299170865975338
2024-11-20,AZE,0.521260469200471
2024-11-21,AZE,0.6008479186197062
2024-11-22,AZE,0.5667826394903236
2024-11-23,AZE,0.6131555134406909
2024-11-24,AZE,0.6429782252788244
2024-11-25,AZE,0.7242786050086539
2024-11-26,AZE,0.7733722604746287
2024-11-27,AZE,0.6910107252430568
2024-11-28,AZE,0.7119607136905427
2024-11-29,AZE,0.7741032842571337
2024-11-30,AZE,0.8220016584240121
2024-12-01,AZE,0.7857671283622889
2024-12-02,AZE,0.7695069384820041
2024-12-03,AZE,0.7543043386859505
2024-12-04,AZE,0.7385842253096745
2024-12-05,AZE,0.7881055719803947
2024-12-06,AZE,0.8414983912152977
2024-12-07,AZE,0.751970184420939
2024-12-08,AZE,0.809092130471518
2024-12-09,AZE,0.9127401964729902
2024-12-10,AZE,0.785492577102775
2024-12-11,AZE,0.7734216835931286
2024-12-12,AZE,0.7938317631962912
2024-12-13,AZE,0.6977211646912909
2024-12-14,AZE,0.8104372878470621
2024-12-15,AZE,0.9098881209410014
2024-12-16,AZE,0.834509319696357
2024-12-17,AZE,0.8181658719018394
2024-12-18,AZE,0.8033350137672302
2024-12-19,AZE,0.9093649679213113
2024-12-20,AZE,0.7547577130560943
2024-12-21,AZE,0.8067200902123448
2024-12-22,AZE,0.8969358221115803
2024-12-23,AZE,0.8471872129684237
2024-12-24,AZE,0.8818139334894286
2024-12-25,AZE,0.946970421498834
2024-12-26,AZE,0.9471463732858557
2024-12-27,AZE,0.9237115068782382
2024-12-28,AZE,0.8942930421754859
2024-12-29,AZE,0.757536571336068
2024-12-30,AZE,0.5458316252089845
2024-12-31,AZE,0.6393859960337158
2025-01-01,AZE,0.7577541370928113
2025-01-02,AZE,0.718274895832451
2025-01-03,AZE,0.618060127293474
2025-01-04,AZE,0.7510774861404113
2025-01-05,AZE,0.7031832710928034
2025-01-06,AZE,0.8621949825172516
2025-01-07,AZE,0.6107965270483644
2025-01-08,AZE,0.7091559024032573
2025-01-09,AZE,0.7361809290569218
2025-01-10,AZE,0.8290561855614497
2025-01-11,AZE,0.705317353891927
2025-01-12,AZE,0.5973536489506626
2025-01-13,AZE,0.7465873533362153
2025-01-14,AZE,0.5571876699848602
2025-01-15,AZE,0.6634790690653182
2025-01-16,AZE,0.6513730180690112
2025-01-17,AZE,0.744431610362807
2025-01-18,AZE,0.7188734662118562
2025-01-19,AZE,0.8131575252755863
2025-01-20,AZE,0.8461229640921754
2025-01-21,AZE,0.9039453167763042
2025-01-22,AZE,0.8220475588880803
2025-01-23,AZE,0.797760662088591
2025-01-24,AZE,0.7884167774395169
2025-01-25,AZE,0.8679404079742182
2025-01-26,AZE,0.801799962041061
2025-01-27,AZE,0.8275173106873994
2025-01-28,AZE,0.7536265287597251
2025-01-29,AZE,0.8218137133281415
2025-01-30,AZE,0.8087908719403886
2025-01-31,AZE,0.814477305287742
2025-02-01,AZE,0.8154286344342924
2025-02-02,AZE,0.8055438747707774
2025-02-03,AZE,0.7592561292432235
2025-02-04,AZE,0.7218805762315403
2025-02-05,AZE,0.8368312788115484
2025-02-06,AZE,0.8748566440050117
2025-02-07,AZE,0.3030543683825698
2025-02-08,AZE,0.3133613480324105
2025-02-09,AZE,0.34218934393641415
2025-02-10,AZE,0.3120110511566901
2025-02-11,AZE,0.28985569893586544
2025-02-12,AZE,0.2964779717624322
2025-02-13,AZE,0.28399222473524033
2025-02-14,AZE,0.766580079751398
2025-02-15,AZE,0.7170700902618459
2025-02-16,AZE,0.7515591874107656
2025-02-17,AZE,0.7339754654686449
2025-02-18,AZE,0.8490554612666549
2025-02-19,AZE,0.6698172723282143
2025-02-20,AZE,0.8475070292163479
2025-02-21,AZE,0.7312390633043911
2025-02-22,AZE,0.8997369298067021
2025-02-23,AZE,0.9264351605869998
2025-02-24,AZE,0.771525589929762
2025-02-25,AZE,0.7972643644985752
2025-02-26,AZE,0.8047807677065955
2025-02-27,AZE,0.7630298601281906
2025-02-28,AZE,0.753794611174025
2025-03-01,AZE,0.8090655018234734
2025-03-02,AZE,0.8557433420832163
2025-03-03,AZE,0.8834859874523379
2025-03-04,AZE,0.7918080382459296
2025-03-05,AZE,0.8220280121558311
2025-03-06,AZE,0.7573064120120675
2025-03-07,AZE,0.8109423835639977
2025-03-08,AZE,0.8313211599452258
2025-03-09,AZE,0.7794579139838729
2025-03-10,AZE,0.7747435958957007
2025-03-11,AZE,0.7808067923668043
2025-03-12,AZE,0.698525920337127
2025-03-13,AZE,0.6582331659161853
2025-03-14,AZE,0.667655629045301
2025-03-15,AZE,0.672670146010385
2025-03-16,AZE,0.6881461499426814
2025-03-17,AZE,0.6975508351854267
2025-03-18,AZE,0.7089916573259374
2025-03-19,AZE,0.8016371104648808
2025-03-20,AZE,0.8067919014141798
2025-03-21,AZE,0.8114086502409562
2025-03-22,AZE,0.7672445350323763
2025-03-23,AZE,0.7685281777620512
2025-03-24,AZE,0.758213855650889
2025-03-25,AZE,0.7606271993815047
2025-03-26,AZE,0.7781961846586446
2025-03-27,AZE,0.746215980468686
2025-03-28,AZE,0.7329031790814963
2024-07-01,HTI,0.9119503336948626
2024-07-02,HTI,0.7897945877332633
2024-07-03,HTI,0.8217790035845473
2024-07-04,HTI,0.91539115957843
2024-07-05,HTI,0.847566185316355
2024-07-06,HTI,0.9312398815191606
2024-07-07,HTI,0.2700965855109858
2024-07-08,HTI,0.23126847809573384
2024-07-09,HTI,0.22800786016297953
2024-07-10,HTI,0.25238975156199933
2024-07-11,HTI,0.24603633011041964
2024-07-12,HTI,0.21727619467687687
2024-07-13,HTI,0.22277480210693612
2024-07-14,HTI,0.8145358390437422
2024-07-15,HTI,0.9452637331015812
2024-07-16,HTI,0.8565575063482501
2024-07-17,HTI,0.8981803991546048
2024-07-18,HTI,0.6582948836124601
2024-07-19,HTI,0.7915814264785863
2024-07-20,HTI,0.6549492133769569
2024-07-21,HTI,0.9262781327902213
2024-07-22,HTI,0.2851805936231498
2024-07-23,HTI,0.28856613530660025
2024-07-24,HTI,0.3428039832415143
2024-07-25,HTI,0.32785159146994597
2024-07-26,HTI,0.23632908487892837
2024-07-27,HTI,0.2345326397422822
2024-07-28,HTI,0.5088925949284125
2024-07-29,HTI,0.5554321582100372
2024-07-30,HTI,0.35700951785328155
2024-07-31,HTI,0.3892003038388922
2024-08-01,HTI,0.5637432781172405
2024-08-02,HTI,0.3901183428050253
2024-08-03,HTI,0.3256816866748481
2024-08-04,HTI,0.25167677997881377
2024-08-05,HTI,0.24224437742201527
2024-08-06,HTI,0.420398585212896
2024-08-07,HTI,0.3048669749077226
2024-08-08,HTI,0.34752428819249
2024-08-09,HTI,0.31839839183040375
2024-08-10,HTI,0.47626071664703695
2024-08-11,HTI,0.8849773938611049
2024-08-12,HTI,0.6397432591689934
2024-08-13,HTI,0.6157592465531931
2024-08-14,HTI,0.6456339276218149
2024-08-15,HTI,0.9442995522632249
2024-08-16,HTI,0.6731474715863585
2024-08-17,HTI,0.4558750438296695
2024-08-18,HTI,0.4764300410874145
2024-08-19,HTI,0.6622282494282655
2024-08-20,HTI,0.28819570810441686
2024-08-21,HTI,0.29539397513506355
2024-08-22,HTI,0.23943793895039692
2024-08-23,HTI,0.2340712939374966
2024-08-24,HTI,0.34699775856072396
2024-08-25,HTI,0.500887824746366
2024-08-26,HTI,0.23762275166636282
2024-08-27,HTI,0.5399848131818558
2024-08-28,HTI,0.34062137445108115
2024-08-29,HTI,0.7155756056965701
2024-08-30,HTI,0.7442519128270806
2024-08-31,HTI,0.8437395900269254
2024-09-01,HTI,0.7687708548530394
2024-09-02,HTI,0.5656801328576125
2024-09-03,HTI,0.5226558742790627
2024-09-04,HTI,0.35591051956516206
2024-09-05,HTI,0.483838120356796
2024-09-06,HTI,0.4686626417161824
2024-09-07,HTI,0.4211670131585796
2024-09-08,HTI,0.33269469047155253
2024-09-09,HTI,0.48685443539166945
2024-09-10,HTI,0.4416618384050992
2024-09-11,HTI,0.49750423823114737
2024-09-12,HTI,0.7773758162306694
2024-09-13,HTI,0.6937733797002099
2024-09-14,HTI,0.5688843547130665
2024-09-15,HTI,0.4793346025233847
2024-09-16,HTI,0.3369712558866284
2024-09-17,HTI,0.3529083548371885
2024-09-18,HTI,0.3507202289682502
2024-09-19,HTI,0.3601421405852629
2024-09-20,HTI,0.3253431376025556
2024-09-21,HTI,0.7088929142374225
2024-09-22,HTI,0.8019781851857166
2024-09-23,HTI,0.7301384063609846
2024-09-24,HTI,0.45212803057559287
2024-09-25,HTI,0.5586084501199508
2024-09-26,HTI,0.7467422242833532
2024-09-27,HTI,0.7516225481594728
2024-09-28,HTI,0.3667686716011562
2024-09-29,HTI,0.5780400881699975
2024-09-30,HTI,0.49217070356613796
2024-10-01,HTI,0.2969378886802615
2024-10-02,HTI,0.26117653653064704
2024-10-03,HTI,0.9611850713279569
2024-10-04,HTI,0.4445482081722867
2024-10-05,HTI,0.35646579868069733
2024-10-06,HTI,0.3691736483717208
2024-10-07,HTI,0.46534306287640304
2024-10-08,HTI,0.8441801342101816
2024-10-09,HTI,0.4600059746055653
2024-10-10,HTI,0.21620178467987333
2024-10-11,HTI,0.20266534922181512
2024-10-12,HTI,0.22491126340218642
2024-10-13,HTI,0.20455810785263456
2024-10-14,HTI,0.2332414406934116
2024-10-15,HTI,0.20152593735753915
2024-10-16,HTI,0.20240848907156486
2024-10-17,HTI,0.5337274672553535
2024-10-18,HTI,0.31991283070889565
2024-10-19,HTI,0.39828561961633685
2024-10-20,HTI,0.4718076218990104
2024-10-21,HTI,0.561393328875148
2024-10-22,HTI,0.7421644811128075
2024-10-23,HTI,0.4356250168110146
2024-10-24,HTI,0.8461900143374216
2024-10-25,HTI,0.6946012276417624
2024-10-26,HTI,0.6340084481982402
2024-10-27,HTI,0.5404458879173043
2024-10-28,HTI,0.4057207709983352
2024-10-29,HTI,0.451486329402097
2024-10-30,HTI,0.28893372883200547
2024-10-31,HTI,0.3151331432408265
2024-11-01,HTI,0.2695209367664647
2024-11-02,HTI,0.3580743671555442
2024-11-03,HTI,0.31982453186948323
2024-11-04,HTI,0.5282626867105272
2024-11-05,HTI,0.4629842227263244
2024-11-06,HTI,0.8195068463379261
2024-11-07,HTI,0.730133345805405
2024-11-08,HTI,0.8446224644703102
2024-11-09,HTI,0.5416712203931411
2024-11-10,HTI,0.5231176642557103
2024-11-11,HTI,0.9358806797256778
2024-11-12,HTI,0.9635201563982171
2024-11-13,HTI,0.932698339917491
2024-11-14,HTI,0.9446353024656852
2024-11-15,HTI,0.9263249905497841
2024-11-16,HTI,0.9120868315463586
2024-11-17,HTI,0.9228104221013834
2024-11-18,HTI,0.8393215189930338
2024-11-19,HTI,0.9061592321508952
2024-11-20,HTI,0.37819699544913815
2024-11-21,HTI,0.40232764925292835
2024-11-22,HTI,0.3566265866117072
2024-11-23,HTI,0.3124917228021757
2024-11-24,HTI,0.3014252509796353
2024-11-25,HTI,0.29989544267701135
2024-11-26,HTI,0.2513698036668779
2024-11-27,HTI,0.2491180240020061
2024-11-28,HTI,0.2522005084632419
2024-11-29,HTI,0.26661120644280956
2024-11-30,HTI,0.519502205135797
2024-12-01,HTI,0.2893918411140678
2024-12-02,HTI,0.40081285002319
2024-12-03,HTI,0.40157483148768924
2024-12-04,HTI,0.6058410707760448
2024-12-05,HTI,0.7143275406869433
2024-12-06,HTI,0.9613058061194902
2024-12-07,HTI,0.955848773338076
2024-12-08,HTI,0.9573361759341824
2024-12-09,HTI,0.9379734560494446
2024-12-10,HTI,0.9609041394061061
2024-12-11,HTI,0.8940013402037288
2024-12-12,HTI,0.6944884319906935
2024-12-13,HTI,0.2687858375527672
2024-12-14,HTI,0.25987569720088394
2024-12-15,HTI,0.3268957670999787
2024-12-16,HTI,0.22110256317203678
2024-12-17,HTI,0.224654181968051
2024-12-18,HTI,0.21809784991108025
2024-12-19,HTI,0.22166375169337577
2024-12-20,HTI,0.21501213878855502
2024-12-21,HTI,0.4604209825159534
2024-12-22,HTI,0.24341568322661286
2024-12-23,HTI,0.219857069464038
2024-12-24,HTI,0.5111278339097304
2024-12-25,HTI,0.600615023960637
2024-12-26,HTI,0.6387011396571733
2024-12-27,HTI,0.6853987700659707
2024-12-28,HTI,0.2208504427179123
2024-12-29,HTI,0.247623392764971
2024-12-30,HTI,0.21774961525250508
2024-12-31,HTI,0.2865770811877583
2025-01-01,HTI,0.2609252366346042
2025-01-02,HTI,0.27736791586924225
2025-01-03,HTI,0.25690273826273985
2025-01-04,HTI,0.8934896971931892
2025-01-05,HTI,0.7132694764292464
2025-01-06,HTI,0.9509123703862957
2025-01-07,HTI,0.8990336875603663
2025-01-08,HTI,0.527510198016669
2025-01-09,HTI,0.8743482107663092
2025-01-10,HTI,0.7920790919147611
2025-01-11,HTI,0.729541123184887
2025-01-12,HTI,0.5105273860110807
2025-01-13,HTI,0.6005427439761243
2025-01-14,HTI,0.5593189938302525
2025-01-15,HTI,0.6282473462466087
2025-01-16,HTI,0.42465618639493663
2025-01-17,HTI,0.5563752992562689
2025-01-18,HTI,0.7556204236721429
2025-01-19,HTI,0.49973658020500455
2025-01-20,HTI,0.41332067768765857
2025-01-21,HTI,0.5892826941920617
2025-01-22,HTI,0.35141465053999305
2025-01-23,HTI,0.6031364800820241
2025-01-24,HTI,0.6445252765025082
2025-01-25,HTI,0.34134694128388926
2025-01-26,HTI,0.34538118885545577
2025-01-27,HTI,0.9494799584794891
2025-01-28,HTI,0.9511561313058299
2025-01-29,HTI,0.8422915244682873
2025-01-30,HTI,0.7797630200745077
2025-01-31,HTI,0.8928427198197919
2025-02-01,HTI,0.8192846910313722
2025-02-02,HTI,0.9056324054720652
2025-02-03,HTI,0.2758958031470986
2025-02-04,HTI,0.6373227160624648
2025-02-05,HTI,0.37913409556114686
2025-02-06,HTI,0.2750914621225697
2025-02-07,HTI,0.24216299302445873
2025-02-08,HTI,0.24999873913299145
2025-02-09,HTI,0.4158597434498858
2025-02-10,HTI,0.7997086334940879
2025-02-11,HTI,0.6578890313033817
2025-02-12,HTI,0.7072929697176641
2025-02-13,HTI,0.7722048131650288
2025-02-14,HTI,0.9085244365339384
2025-02-15,HTI,0.70995841090255
2025-02-16,HTI,0.9403765281629548
2025-02-17,HTI,0.5309404844968295
2025-02-18,HTI,0.5461890353120017
2025-02-19,HTI,0.37529915129375024
2025-02-20,HTI,0.844243956484398
2025-02-21,HTI,0.43841984006284757
2025-02-22,HTI,0.38149782153953793
2025-02-23,HTI,0.3979731637713603
2025-02-24,HTI,0.7928331890162119
2025-02-25,HTI,0.37919555960254264
2025-02-26,HTI,0.30860991686382383
2025-02-27,HTI,0.30058144898413147
2025-02-28,HTI,0.38337795912005607
2025-03-01,HTI,0.30325497784065525
2025-03-02,HTI,0.9374492355470441
2025-03-03,HTI,0.4084394569863982
2025-03-04,HTI,0.32939711867425764
2025-03-05,HTI,0.3896058952233953
2025-03-06,HTI,0.29783267039214817
2025-03-07,HTI,0.9181513557685141
2025-03-08,HTI,0.49093392823793397
2025-03-09,HTI,0.3570300094837275
2025-03-10,HTI,0.27220965166923905
2025-03-11,HTI,0.3260759790548851
2025-03-12,HTI,0.7673247009190662
2025-03-13,HTI,0.5485065578610978
2025-03-14,HTI,0.3997962362821957
2025-03-15,HTI,0.5188366565531266
2025-03-16,HTI,0.8754115869608537
2025-03-17,HTI,0.4169441464369258
2025-03-18,HTI,0.7463819627065166
2025-03-19,HTI,0.9534697900936847
2025-03-20,HTI,0.6562130339046794
2025-03-21,HTI,0.43310469077317265
2025-03-22,HTI,0.737195846228221
2025-03-23,HTI,0.9104553883999986
2025-03-24,HTI,0.8749138946381797
2025-03-25,HTI,0.6722534906065086
2025-03-26,HTI,0.8329611901347707
2025-03-27,HTI,0.4280323192917737
2025-03-28,HTI,0.43054882343552786
2024-07-01,COL,0.4521930124155682
2024-07-02,COL,0.3276116661869536
2024-07-03,COL,0.31562844161200176
2024-07-04,COL,0.34663496051620857
2024-07-05,COL,0.395739813872834
2024-07-06,COL,0.31184721555672923
2024-07-07,COL,0.46736898255786347
2024-07-08,COL,0.4585492345929486
2024-07-09,COL,0.32562769976108996
2024-07-10,COL,0.35014098353895345
2024-07-11,COL,0.40168055839272315
2024-07-12,COL,0.34598896998047307
2024-07-13,COL,0.42683325618561546
2024-07-14,COL,0.45541119100285615
2024-07-15,COL,0.3953644852834181
2024-07-16,COL,0.490426756036129
2024-07-17,COL,0.545512801589053
2024-07-18,COL,0.5266336621307857
2024-07-19,COL,0.5723113918862441
2024-07-20,COL,0.5227460143161488
2024-07-21,COL,0.7874267032899793
2024-07-22,COL,0.6314546062462486
2024-07-23,COL,0.3306138563947177
2024-07-24,COL,0.39856378504667156
2024-07-25,COL,0.36008964872561244
2024-07-26,COL,0.3051931515687528
2024-07-27,COL,0.31485478137844564
2024-07-28,COL,0.29507681739318814
2024-07-29,COL,0.321094789022712
2024-07-30,COL,0.3026886834625817
2024-07-31,COL,0.2872536178312788
2024-08-01,COL,0.3058385579343629
2024-08-02,COL,0.32984352044996923
2024-08-03,COL,0.33357488957598547
2024-08-04,COL,0.40530678656971114
2024-08-05,COL,0.3977488358729603
2024-08-06,COL,0.43616002190527076
2024-08-07,COL,0.5245883031629464
2024-08-08,COL,0.4490081306161776
2024-08-09,COL,0.43376931439487904
2024-08-10,COL,0.43316788412719975
2024-08-11,COL,0.4783303053109323
2024-08-12,COL,0.9103473237617129
2024-08-13,COL,0.7268888229861036
2024-08-14,COL,0.45404040787364996
2024-08-15,COL,0.5932366825624078
2024-08-16,COL,0.5975891571911679
2024-08-17,COL,0.43443871179542076
2024-08-18,COL,0.442795128934342
2024-08-19,COL,0.30405869804055846
2024-08-20,COL,0.3322889123964816
2024-08-21,COL,0.3456546098836946
2024-08-22,COL,0.3647942781530176
2024-08-23,COL,0.2508251196450152
2024-08-24,COL,0.26184488803814426
2024-08-25,COL,0.30408068189978527
2024-08-26,COL,0.41407969366097924
2024-08-27,COL,0.4794837380039958
2024-08-28,COL,0.37799663055813915
2024-08-29,COL,0.5485015843397357
2024-08-30,COL,0.3175932405425645
2024-08-31,COL,0.28512266162684563
2024-09-01,COL,0.3018670947992323
2024-09-02,COL,0.2478714119065386
2024-09-03,COL,0.2533498368041611
2024-09-04,COL,0.2605790414810036
2024-09-05,COL,0.3017427851354814
2024-09-06,COL,0.24916143563016346
2024-09-07,COL,0.2533219071682797
2024-09-08,COL,0.7254176359233628
2024-09-09,COL,0.28626664736814567
2024-09-10,COL,0.481688655031836
2024-09-11,COL,0.327041849490051
2024-09-12,COL,0.5113855591546965
2024-09-13,COL,0.3160673160675457
2024-09-14,COL,0.450206639239498
2024-09-15,COL,0.3499696364523545
2024-09-16,COL,0.2738255538203832
2024-09-17,COL,0.3154134364742028
2024-09-18,COL,0.47120538919179217
2024-09-19,COL,0.28201660504422216
2024-09-20,COL,0.3536616759383134
2024-09-21,COL,0.25422528504596315
2024-09-22,COL,0.34179060880894746
2024-09-23,COL,0.643508204595611
2024-09-24,COL,0.5778576061879771
2024-09-25,COL,0.5181546233673657
2024-09-26,COL,0.4355426144959753
2024-09-27,COL,0.3623190900351445
2024-09-28,COL,0.4110308604571387
2024-09-29,COL,0.7846351492689909
2024-09-30,COL,0.5123681357887325
2024-10-01,COL,0.6505528512017675
2024-10-02,COL,0.5104551041199527
2024-10-03,COL,0.6067355019036393
2024-10-04,COL,0.6177681639847138
2024-10-05,COL,0.6333866655158698
2024-10-06,COL,0.3708270422806338
2024-10-07,COL,0.2660963615722321
2024-10-08,COL,0.3285224113535462
2024-10-09,COL,0.2918935322815037
2024-10-10,COL,0.25495492787824353
2024-10-11,COL,0.38406497016789576
2024-10-12,COL,0.28456774436355464
2024-10-13,COL,0.4340518072662532
2024-10-14,COL,0.37959659188896727
2024-10-15,COL,0.32502377679068944
2024-10-16,COL,0.29789570508296015
2024-10-17,COL,0.30662667851985587
2024-10-18,COL,0.30522308317955077
2024-10-19,COL,0.2884755002603639
2024-10-20,COL,0.2644074731113414
2024-10-21,COL,0.32506703342619947
2024-10-22,COL,0.3131056706174
2024-10-23,COL,0.3243164667413128
2024-10-24,COL,0.26178674944819663
2024-10-25,COL,0.4172491749137851
2024-10-26,COL,0.44818987820646916
2024-10-27,COL,0.453137183466335
2024-10-28,COL,0.3360399194228693
2024-10-29,COL,0.3469966875073063
2024-10-30,COL,0.39986212108075886
2024-10-31,COL,0.37008785199136524
2024-11-01,COL,0.8220974646323237
2024-11-02,COL,0.4097365480000328
2024-11-03,COL,0.3031448629740844
2024-11-04,COL,0.31599187244266547
2024-11-05,COL,0.2780311781668309
2024-11-06,COL,0.27138753163809637
2024-11-07,COL,0.4643363528911789
2024-11-08,COL,0.3877970461891691
2024-11-09,COL,0.278573575463911
2024-11-10,COL,0.34225190317638554
2024-11-11,COL,0.26936361704423245
2024-11-12,COL,0.25948804555487837
2024-11-13,COL,0.25865702948372155
2024-11-14,COL,0.29392169978952987
2024-11-15,COL,0.4606687411340683
2024-11-16,COL,0.40871350895277647
2024-11-17,COL,0.24949910496340336
2024-11-18,COL,0.2532552159056158
2024-11-19,COL,0.26029181593993567
2024-11-20,COL,0.46142372922581093
2024-11-21,COL,0.3414074001164455
2024-11-22,COL,0.3560812880438881
2024-11-23,COL,0.2667094384713325
2024-11-24,COL,0.27142823431179497
2024-11-25,COL,0.28534515853172027
2024-11-26,COL,0.3658349354035111
2024-11-27,COL,0.28937043872367385
2024-11-28,COL,0.28207825388313335
2024-11-29,COL,0.2550860859559901
2024-11-30,COL,0.6048475157609658
2024-12-01,COL,0.34836900789777614
2024-12-02,COL,0.2952281255050985
2024-12-03,COL,0.363991069523021
2024-12-04,COL,0.6084248534590182
2024-12-05,COL,0.4953537458074327
2024-12-06,COL,0.3392125564952069
2024-12-07,COL,0.27777321281349227
2024-12-08,COL,0.28195600173642904
2024-12-09,COL,0.2710596576915675
2024-12-10,COL,0.26097201374177237
2024-12-11,COL,0.2646341027639171
2024-12-12,COL,0.28902645361032564
2024-12-13,COL,0.26525603601451253
2024-12-14,COL,0.30465484266298726
2024-12-15,COL,0.47566057296312236
2024-12-16,COL,0.3688809100802288
2024-12-17,COL,0.5576915956848746
2024-12-18,COL,0.4307659596515402
2024-12-19,COL,0.3848265111753443
2024-12-20,COL,0.3651499031035573
2024-12-21,COL,0.43480959246755885
2024-12-22,COL,0.36955773915026974
2024-12-23,COL,0.401607440572686
2024-12-24,COL,0.3299944620259785
2024-12-25,COL,0.2874819886627757
2024-12-26,COL,0.27935208659050625
2024-12-27,COL,0.31060477235700207
2024-12-28,COL,0.25620525967286834
2024-12-29,COL,0.2494214513274424
2024-12-30,COL,0.24545439861084198
2024-12-31,COL,0.25886498586135026
2025-01-01,COL,0.3484428710312739
2025-01-02,COL,0.5010607976831388
2025-01-03,COL,0.3422010832268323
2025-01-04,COL,0.4081637445780816
2025-01-05,COL,0.35040468988491685
2025-01-06,COL,0.47051603617582466
2025-01-07,COL,0.3985871520855866
2025-01-08,COL,0.3935507398217989
2025-01-09,COL,0.4814419974451668
2025-01-10,COL,0.40389477053051975
2025-01-11,COL,0.49756586083734006
2025-01-12,COL,0.4166523484759292
2025-01-13,COL,0.4975182232109103
2025-01-14,COL,0.44730736233195206
2025-01-15,COL,0.5352317102511899
2025-01-16,COL,0.9140552174225548
2025-01-17,COL,0.6693714921837315
2025-01-18,COL,0.88293846959909
2025-01-19,COL,0.8910970122199372
2025-01-20,COL,0.4039638993541358
2025-01-21,COL,0.4511236954826856
2025-01-22,COL,0.3774829237006727
2025-01-23,COL,0.2632950808004334
2025-01-24,COL,0.23919568098185853
2025-01-25,COL,0.3999061997848947
2025-01-26,COL,0.2474754406206284
2025-01-27,COL,0.3163251129208764
2025-01-28,COL,0.2766663798394654
2025-01-29,COL,0.2893037015792459
2025-01-30,COL,0.3715662477284665
2025-01-31,COL,0.2737422658601122
2025-02-01,COL,0.28355941961345693
2025-02-02,COL,0.2876683044160342
2025-02-03,COL,0.5061046350549585
2025-02-04,COL,0.3650204276447561
2025-02-05,COL,0.4465720731801289
2025-02-06,COL,0.3291197089158185
2025-02-07,COL,0.36787460338670835
2025-02-08,COL,0.40513852090440394
2025-02-09,COL,0.37485807356167294
2025-02-10,COL,0.5378998956674635
2025-02-11,COL,0.5354781841002662
2025-02-12,COL,0.37952209917099294
2025-02-13,COL,0.5267549696850529
2025-02-14,COL,0.42518847093242096
2025-02-15,COL,0.6431125712285771
2025-02-16,COL,0.693881777108031
2025-02-17,COL,0.4315339891695717
2025-02-18,COL,0.4540483289312594
2025-02-19,COL,0.4559619343900328
2025-02-20,COL,0.7516472287645719
2025-02-21,COL,0.7867357609385442
2025-02-22,COL,0.751613422624236
2025-02-23,COL,0.4433125928731756
2025-02-24,COL,0.46143831805082236
2025-02-25,COL,0.4723043894598449
2025-02-26,COL,0.29968504062597595
2025-02-27,COL,0.3296303692213032
2025-02-28,COL,0.2796036499591984
2025-03-01,COL,0.454362176326438
2025-03-02,COL,0.3219994685656269
2025-03-03,COL,0.45299058245707197
2025-03-04,COL,0.28185805339799863
2025-03-05,COL,0.3389560844623538
2025-03-06,COL,0.3247602259515661
2025-03-07,COL,0.30732540900812483
2025-03-08,COL,0.44215674437398234
2025-03-09,COL,0.7136950093406055
2025-03-10,COL,0.33752361809326736
2025-03-11,COL,0.45248035907626344
2025-03-12,COL,0.3048355793785612
2025-03-13,COL,0.2748492823834013
2025-03-14,COL,0.2938766280007891
2025-03-15,COL,0.5876799410315976
2025-03-16,COL,0.32723913152055634
2025-03-17,COL,0.2796256452574668
2025-03-18,COL,0.30159099461839917
2025-03-19,COL,0.3454766671687624
2025-03-20,COL,0.2828101653609314
2025-03-21,COL,0.28225706939975354
2025-03-22,COL,0.3433326118870548
2025-03-23,COL,0.6890954168500939
2025-03-24,COL,0.2929643358429552
2025-03-25,COL,0.3116388553937778
2025-03-26,COL,0.6769957820758046
2025-03-27,COL,0.3112355408678058
2025-03-28,COL,0.29130475653605475
2024-07-01,MEX,0.20882400895221925
2024-07-02,MEX,0.20836346282518306
2024-07-03,MEX,0.21996965278554861
2024-07-04,MEX,0.20961635746611237
2024-07-05,MEX,0.21140354675454126
2024-07-06,MEX,0.2210003248112871
2024-07-07,MEX,0.2711451857575803
2024-07-08,MEX,0.21503589137164694
2024-07-09,MEX,0.2235179991761846
2024-07-10,MEX,0.22603550310504236
2024-07-11,MEX,0.2461197375935315
2024-07-12,MEX,0.22120701713134658
2024-07-13,MEX,0.22634354044155394
2024-07-14,MEX,0.23203664157824858
2024-07-15,MEX,0.3796283616886036
2024-07-16,MEX,0.26182197262711504
2024-07-17,MEX,0.23352037823177796
2024-07-18,MEX,0.39987125159388914
2024-07-19,MEX,0.24836540779253174
2024-07-20,MEX,0.2607989510118171
2024-07-21,MEX,0.26512747146265886
2024-07-22,MEX,0.2537255168541462
2024-07-23,MEX,0.24074576045466037
2024-07-24,MEX,0.22849166360783044
2024-07-25,MEX,0.28439291515206755
2024-07-26,MEX,0.2822810316079807
2024-07-27,MEX,0.22750403797799612
2024-07-28,MEX,0.23166719172404718
2024-07-29,MEX,0.21845392723381268
2024-07-30,MEX,0.22381738343650326
2024-07-31,MEX,0.23159233301191418
2024-08-01,MEX,0.2380953262027111
2024-08-02,MEX,0.24551989703454993
2024-08-03,MEX,0.22428946707404449
2024-08-04,MEX,0.23247932612207026
2024-08-05,MEX,0.2648888748441582
2024-08-06,MEX,0.24048297952635028
2024-08-07,MEX,0.2316313515073425
2024-08-08,MEX,0.2700293390570312
2024-08-09,MEX,0.23860611775592705
2024-08-10,MEX,0.2740274707652872
2024-08-11,MEX,0.29515535704623813
2024-08-12,MEX,0.2443156238453006
2024-08-13,MEX,0.23450759778473987
2024-08-14,MEX,0.2710124304601067
2024-08-15,MEX,0.2465888683100656
2024-08-16,MEX,0.23033109510558644
2024-08-17,MEX,0.2283486935827677
2024-08-18,MEX,0.2324875419673012
2024-08-19,MEX,0.25164199600536513
2024-08-20,MEX,0.21635589423901577
2024-08-21,MEX,0.23425838384761788
2024-08-22,MEX,0.22297084466414283
2024-08-23,MEX,0.22067544399620548
2024-08-24,MEX,0.21686516028948777
2024-08-25,MEX,0.21275404751808186
2024-08-26,MEX,0.25591858372881066
2024-08-27,MEX,0.25657456884138313
2024-08-28,MEX,0.22616607646331252
2024-08-29,MEX,0.23401810188673933
2024-08-30,MEX,0.23121053074673673
2024-08-31,MEX,0.3904221684404843
2024-09-01,MEX,0.25105899131735354
2024-09-02,MEX,0.21866063898004556
2024-09-03,MEX,0.20885301530576394
2024-09-04,MEX,0.21292317180371167
2024-09-05,MEX,0.2371521063739364
2024-09-06,MEX,0.22733854436009446
2024-09-07,MEX,0.21130746069128287
2024-09-08,MEX,0.2171876382281714
2024-09-09,MEX,0.23874752011370226
2024-09-10,MEX,0.22579008845014842
2024-09-11,MEX,0.30397134787034574
2024-09-12,MEX,0.22117641586345185
2024-09-13,MEX,0.22170883361642676
2024-09-14,MEX,0.23247642278365538
2024-09-15,MEX,0.354468589572486
2024-09-16,MEX,0.5102006227716573
2024-09-17,MEX,0.23436981842704158
2024-09-18,MEX,0.2305548224176143
2024-09-19,MEX,0.28829911467226066
2024-09-20,MEX,0.238221102871719
2024-09-21,MEX,0.27309333154559823
2024-09-22,MEX,0.235204289345287
2024-09-23,MEX,0.24266708681994134
2024-09-24,MEX,0.23852308229576627
2024-09-25,MEX,0.23244486032442008
2024-09-26,MEX,0.2531494745495298
2024-09-27,MEX,0.23231954382780182
2024-09-28,MEX,0.21944839309297384
2024-09-29,MEX,0.3059541423747806
2024-09-30,MEX,0.2596336238424472
2024-10-01,MEX,0.42197891472857285
2024-10-02,MEX,0.3195599497671126
2024-10-03,MEX,0.37790912585806996
2024-10-04,MEX,0.23484829617445155
2024-10-05,MEX,0.253595932291124
2024-10-06,MEX,0.23882560672560468
2024-10-07,MEX,0.26447437616384234
2024-10-08,MEX,0.22924781461616148
2024-10-09,MEX,0.23294946510380043
2024-10-10,MEX,0.6027930660979293
2024-10-11,MEX,0.2329720959289193
2024-10-12,MEX,0.23431556840799803
2024-10-13,MEX,0.29538045063438917
2024-10-14,MEX,0.2675486213735056
2024-10-15,MEX,0.28218554301602994
2024-10-16,MEX,0.23552429514951576
2024-10-17,MEX,0.5780052975773939
2024-10-18,MEX,0.26062029755095373
2024-10-19,MEX,0.32834364885393114
2024-10-20,MEX,0.24142257736244996
2024-10-21,MEX,0.48827395959485653
2024-10-22,MEX,0.2793608948896568
2024-10-23,MEX,0.2698175337590181
2024-10-24,MEX,0.35466371427216326
2024-10-25,MEX,0.36165397352388934
2024-10-26,MEX,0.2527254550775615
2024-10-27,MEX,0.2537439046074328
2024-10-28,MEX,0.2674282394866527
2024-10-29,MEX,0.4349811599536367
2024-10-30,MEX,0.2308417273433969
2024-10-31,MEX,0.31237046057716444
2024-11-01,MEX,0.213783273738332
2024-11-02,MEX,0.2394173454918364
2024-11-03,MEX,0.22129046738270097
2024-11-04,MEX,0.2960403526678649
2024-11-05,MEX,0.22831466538696585
2024-11-06,MEX,0.24677150290224373
2024-11-07,MEX,0.6213358645055325
2024-11-08,MEX,0.26351075060767526
2024-11-09,MEX,0.3468843677006009
2024-11-10,MEX,0.28186797818914006
2024-11-11,MEX,0.30533233431792595
2024-11-12,MEX,0.2377953508176968
2024-11-13,MEX,0.2400333067758939
2024-11-14,MEX,0.25557235543263723
2024-11-15,MEX,0.2127039043721729
2024-11-16,MEX,0.3503961630602651
2024-11-17,MEX,0.21423139571109734
2024-11-18,MEX,0.21003112332145843
2024-11-19,MEX,0.2229735323687774
2024-11-20,MEX,0.2209117624464576
2024-11-21,MEX,0.2220511928607872
2024-11-22,MEX,0.2635432774800436
2024-11-23,MEX,0.2475430753920325
2024-11-24,MEX,0.24746447134993665
2024-11-25,MEX,0.2574807301105165
2024-11-26,MEX,0.24124144109348716
2024-11-27,MEX,0.2759315334975396
2024-11-28,MEX,0.26159343163309534
2024-11-29,MEX,0.2931047472224806
2024-11-30,MEX,0.30207839122095714
2024-12-01,MEX,0.24075371131359835
2024-12-02,MEX,0.22204953224183102
2024-12-03,MEX,0.3538099104828328
2024-12-04,MEX,0.23785123666046515
2024-12-05,MEX,0.2706297462944645
2024-12-06,MEX,0.22174400492821864
2024-12-07,MEX,0.24453559102945885
2024-12-08,MEX,0.26869467710924255
2024-12-09,MEX,0.23780449382140473
2024-12-10,MEX,0.29454488005681134
2024-12-11,MEX,0.2670619445173833
2024-12-12,MEX,0.26071897171031405
2024-12-13,MEX,0.2470200965479193
2024-12-14,MEX,0.220119406593799
2024-12-15,MEX,0.23944497593327313
2024-12-16,MEX,0.47980471282427295
2024-12-17,MEX,0.2404679102967247
2024-12-18,MEX,0.32498741654594077
2024-12-19,MEX,0.24455493153980673
2024-12-20,MEX,0.24395255584901798
2024-12-21,MEX,0.23412126148109294
2024-12-22,MEX,0.2354830283915135
2024-12-23,MEX,0.23127023830315832
2024-12-24,MEX,0.2565453918334276
2024-12-25,MEX,0.24934859442008195
2024-12-26,MEX,0.22516962613439492
2024-12-27,MEX,0.5775908751051955
2024-12-28,MEX,0.29047874293423087
2024-12-29,MEX,0.2541467081512339
2024-12-30,MEX,0.2514143782538365
2024-12-31,MEX,0.3031730623111048
2025-01-01,MEX,0.23778558262640218
2025-01-02,MEX,0.335663633734635
2025-01-03,MEX,0.2284024053659639
2025-01-04,MEX,0.2680980205931752
2025-01-05,MEX,0.24213702401043116
2025-01-06,MEX,0.4618680321460754
2025-01-07,MEX,0.2480979126306925
2025-01-08,MEX,0.227907612528768
2025-01-09,MEX,0.2589107523673794
2025-01-10,MEX,0.2616566034279405
2025-01-11,MEX,0.22467289577745234
2025-01-12,MEX,0.23615602902387303
2025-01-13,MEX,0.2394302887813522
2025-01-14,MEX,0.3362294072708593
2025-01-15,MEX,0.2178934108332459
2025-01-16,MEX,0.2180492573841964
2025-01-17,MEX,0.2222453316897484
2025-01-18,MEX,0.24062392008619246
2025-01-19,MEX,0.24148871193388818
2025-01-20,MEX,0.492149230378032
2025-01-21,MEX,0.3154684139563344
2025-01-22,MEX,0.2413086910557258
2025-01-23,MEX,0.4488780746177891
2025-01-24,MEX,0.29251971263209564
2025-01-25,MEX,0.24019252694091467
2025-01-26,MEX,0.22004325736947972
2025-01-27,MEX,0.27569397476262136
2025-01-28,MEX,0.35332286068750596
2025-01-29,MEX,0.2326275395451667
2025-01-30,MEX,0.2383324619735555
2025-01-31,MEX,0.3810457840746895
2025-02-01,MEX,0.29427768011444116
2025-02-02,MEX,0.2469001948848677
2025-02-03,MEX,0.2992445299026551
2025-02-04,MEX,0.36863644523285294
2025-02-05,MEX,0.4246306918022243
2025-02-06,MEX,0.2529137130733262
2025-02-07,MEX,0.2399965879758198
2025-02-08,MEX,0.5612550587261182
2025-02-09,MEX,0.30695525007411184
2025-02-10,MEX,0.2195389612638444
2025-02-11,MEX,0.23955738934722084
2025-02-12,MEX,0.22121227980642758
2025-02-13,MEX,0.4256515095837878
2025-02-14,MEX,0.24193454982814291
2025-02-15,MEX,0.21526265231856268
2025-02-16,MEX,0.41971284514821217
2025-02-17,MEX,0.22503102493713414
2025-02-18,MEX,0.25156212638012343
2025-02-19,MEX,0.24951843376138033
2025-02-20,MEX,0.43944887895815815
2025-02-21,MEX,0.251084836819603
2025-02-22,MEX,0.49969052351767074
2025-02-23,MEX,0.3898175901179031
2025-02-24,MEX,0.24773809428012716
2025-02-25,MEX,0.23540629218911932
2025-02-26,MEX,0.2482362177240388
2025-02-27,MEX,0.23215925763199116
2025-02-28,MEX,0.2348961644819417
2025-03-01,MEX,0.5175315654585687
2025-03-02,MEX,0.2488238292235188
2025-03-03,MEX,0.22681219893183513
2025-03-04,MEX,0.28440935480076096
2025-03-05,MEX,0.25551133446736046
2025-03-06,MEX,0.27205908915723254
2025-03-07,MEX,0.2801531537523485
2025-03-08,MEX,0.22620569285275147
2025-03-09,MEX,0.2920102558474315
2025-03-10,MEX,0.22782336949240908
2025-03-11,MEX,0.22743036794829727
2025-03-12,MEX,0.22660598559290043
2025-03-13,MEX,0.25095009575558946
2025-03-14,MEX,0.24594572770787806
2025-03-15,MEX,0.30707519490752405
2025-03-16,MEX,0.4976740150336284
2025-03-17,MEX,0.24628076768725263
2025-03-18,MEX,0.2427240509066181
2025-03-19,MEX,0.27427996099297214
2025-03-20,MEX,0.24590625553375525
2025-03-21,MEX,0.2593003382256801
2025-03-22,MEX,0.22934354027496956
2025-03-23,MEX,0.27141152544371167
2025-03-24,MEX,0.22246004410308937
2025-03-25,MEX,0.23648648902297031
2025-03-26,MEX,0.23004681868709043
2025-03-27,MEX,0.2655939511750539
2025-03-28,MEX,0.21784939871388795
2024-07-01,VEN,0.49099920970326166
2024-07-02,VEN,0.5691684578689311
2024-07-03,VEN,0.4703929654946222
2024-07-04,VEN,0.41656067380810513
2024-07-05,VEN,0.49851573388229947
2024-07-06,VEN,0.5371876544306734
2024-07-07,VEN,0.5779759664082914
2024-07-08,VEN,0.6073457032161704
2024-07-09,VEN,0.6288514020132531
2024-07-10,VEN,0.5911069352870856
2024-07-11,VEN,0.5628302966462665
2024-07-12,VEN,0.5511976427491286
2024-07-13,VEN,0.6194517663747391
2024-07-14,VEN,0.5548598389078553
2024-07-15,VEN,0.8571887431964604
2024-07-16,VEN,0.672045212454985
2024-07-17,VEN,0.40925372164457763
2024-07-18,VEN,0.3591682485865519
2024-07-19,VEN,0.4000086552621409
2024-07-20,VEN,0.7559362512427049
2024-07-21,VEN,0.42159340594412603
2024-07-22,VEN,0.34545329084562587
2024-07-23,VEN,0.42264331099294705
2024-07-24,VEN,0.33988564543734173
2024-07-25,VEN,0.36196360305126496
2024-07-26,VEN,0.3233030684414022
2024-07-27,VEN,0.4132944462755233
2024-07-28,VEN,0.41248181997341904
2024-07-29,VEN,0.8182618036520085
2024-07-30,VEN,0.8790489888985485
2024-07-31,VEN,0.7860254257250712
2024-08-01,VEN,0.6467703520847541
2024-08-02,VEN,0.6873337048558132
2024-08-03,VEN,0.6221333933481673
2024-08-04,VEN,0.5122754158272227
2024-08-05,VEN,0.4794053381050631
2024-08-06,VEN,0.6475070016579174
2024-08-07,VEN,0.6900136406883015
2024-08-08,VEN,0.5270485702031116
2024-08-09,VEN,0.7794815087489478
2024-08-10,VEN,0.5074171956595749
2024-08-11,VEN,0.5774980810091163
2024-08-12,VEN,0.48144007645172066
2024-08-13,VEN,0.7780609555154676
2024-08-14,VEN,0.34673478196107815
2024-08-15,VEN,0.362286014192784
2024-08-16,VEN,0.33031799667484374
2024-08-17,VEN,0.3081681822685278
2024-08-18,VEN,0.28888426153760477
2024-08-19,VEN,0.2944893351685767
2024-08-20,VEN,0.293645175435122
2024-08-21,VEN,0.3715009115067107
2024-08-22,VEN,0.33775938836566244
2024-08-23,VEN,0.6230644868632698
2024-08-24,VEN,0.4542560675060947
2024-08-25,VEN,0.4749371626319204
2024-08-26,VEN,0.766943297993826
2024-08-27,VEN,0.5308733707666154
2024-08-28,VEN,0.43103557445943397
2024-08-29,VEN,0.5583079914960859
2024-08-30,VEN,0.3883030874893982
2024-08-31,VEN,0.4700682260851578
2024-09-01,VEN,0.3964820343199785
2024-09-02,VEN,0.42640975999281583
2024-09-03,VEN,0.5002749466215994
2024-09-04,VEN,0.35336324102914674
2024-09-05,VEN,0.36137398120521863
2024-09-06,VEN,0.3749720022085001
2024-09-07,VEN,0.34197970108976816
2024-09-08,VEN,0.3892359625352675
2024-09-09,VEN,0.3874117362773181
2024-09-10,VEN,0.34922451547231026
2024-09-11,VEN,0.41930890857218245
2024-09-12,VEN,0.3842360436345272
2024-09-13,VEN,0.35391399169001286
2024-09-14,VEN,0.42792826614452595
2024-09-15,VEN,0.4367133893552265
2024-09-16,VEN,0.40422809689204103
2024-09-17,VEN,0.34084465299846195
2024-09-18,VEN,0.33770330177100644
2024-09-19,VEN,0.3752477827367745
2024-09-20,VEN,0.370075567034682
2024-09-21,VEN,0.389697761283213
2024-09-22,VEN,0.4914211575607414
2024-09-23,VEN,0.5322882821148256
2024-09-24,VEN,0.5712787252602508
2024-09-25,VEN,0.4624727461185568
2024-09-26,VEN,0.49966797636544574
2024-09-27,VEN,0.5136479296983348
2024-09-28,VEN,0.4552137796136602
2024-09-29,VEN,0.45873673563253947
2024-09-30,VEN,0.3397878553793319
2024-10-01,VEN,0.42085953866139275
2024-10-02,VEN,0.31447682314473835
2024-10-03,VEN,0.40069609208409607
2024-10-04,VEN,0.3605093707154449
2024-10-05,VEN,0.38018529114212285
2024-10-06,VEN,0.32730832712101104
2024-10-07,VEN,0.4178730287467723
2024-10-08,VEN,0.3635199916195422
2024-10-09,VEN,0.4212260979221638
2024-10-10,VEN,0.3841271541984249
2024-10-11,VEN,0.3500215982676288
2024-10-12,VEN,0.36849680014744246
2024-10-13,VEN,0.3442859441446734
2024-10-14,VEN,0.35744761254366286
2024-10-15,VEN,0.38452939086496524
2024-10-16,VEN,0.5858872894794056
2024-10-17,VEN,0.49766268050350165
2024-10-18,VEN,0.49252049388266805
2024-10-19,VEN,0.5495440021277772
2024-10-20,VEN,0.4937143705969149
2024-10-21,VEN,0.5176041532850653
2024-10-22,VEN,0.48950207279078456
2024-10-23,VEN,0.5591348676404182
2024-10-24,VEN,0.581878960414664
2024-10-25,VEN,0.5917321112726743
2024-10-26,VEN,0.6972402812904575
2024-10-27,VEN,0.5574083607080171
2024-10-28,VEN,0.6015148159637164
2024-10-29,VEN,0.5407586466355508
2024-10-30,VEN,0.5782285306382752
2024-10-31,VEN,0.46063866467426273
2024-11-01,VEN,0.4374328785937028
2024-11-02,VEN,0.4438389152624544
2024-11-03,VEN,0.4406206881838203
2024-11-04,VEN,0.45207280917458986
2024-11-05,VEN,0.3852738729902821
2024-11-06,VEN,0.44417656162743907
2024-11-07,VEN,0.4368834509730427
2024-11-08,VEN,0.4890196379696309
2024-11-09,VEN,0.6179880506351286
2024-11-10,VEN,0.7173104713816354
2024-11-11,VEN,0.5295463090561471
2024-11-12,VEN,0.4324912471600751
2024-11-13,VEN,0.4453565073587285
2024-11-14,VEN,0.46478236810146945
2024-11-15,VEN,0.438810830143473
2024-11-16,VEN,0.5926421135001854
2024-11-17,VEN,0.45692500096070976
2024-11-18,VEN,0.32361753908748375
2024-11-19,VEN,0.30480181128061934
2024-11-20,VEN,0.32442274827244666
2024-11-21,VEN,0.3227549027308148
2024-11-22,VEN,0.31734168048252237
2024-11-23,VEN,0.3149914135844598
2024-11-24,VEN,0.42156417919346184
2024-11-25,VEN,0.44786761658723917
2024-11-26,VEN,0.42728305975465586
2024-11-27,VEN,0.4542926554888194
2024-11-28,VEN,0.4875992502919658
2024-11-29,VEN,0.6501804731084236
2024-11-30,VEN,0.5289276459530283
2024-12-01,VEN,0.4791123859453891
2024-12-02,VEN,0.591031462018208
2024-12-03,VEN,0.5598070560751045
2024-12-04,VEN,0.4713715274051172
2024-12-05,VEN,0.6921092978283271
2024-12-06,VEN,0.5501740198031819
2024-12-07,VEN,0.5493704598564689
2024-12-08,VEN,0.5213927083246516
2024-12-09,VEN,0.5219944594865656
2024-12-10,VEN,0.4402008917768802
2024-12-11,VEN,0.4680113192076727
2024-12-12,VEN,0.4736622763864133
2024-12-13,VEN,0.6987649501058861
2024-12-14,VEN,0.5444151035075372
2024-12-15,VEN,0.5733691628047066
2024-12-16,VEN,0.6582422167704249
2024-12-17,VEN,0.4423312593522638
2024-12-18,VEN,0.48863580794296535
2024-12-19,VEN,0.4549436618765021
2024-12-20,VEN,0.3929734456954026
2024-12-21,VEN,0.4235655922767784
2024-12-22,VEN,0.45445400937453373
2024-12-23,VEN,0.4581056248549376
2024-12-24,VEN,0.4373196711681793
2024-12-25,VEN,0.5478325957231905
2024-12-26,VEN,0.5139533242040596
2024-12-27,VEN,0.7965671875940781
2024-12-28,VEN,0.5387124048328148
2024-12-29,VEN,0.49515779564956897
2024-12-30,VEN,0.49245369649234755
2024-12-31,VEN,0.4788422539852135
2025-01-01,VEN,0.5454562210022896
2025-01-02,VEN,0.4473348700658877
2025-01-03,VEN,0.35929417276087605
2025-01-04,VEN,0.42019924656958546
2025-01-05,VEN,0.405383877746811
2025-01-06,VEN,0.47855511494021846
2025-01-07,VEN,0.49010004992725414
2025-01-08,VEN,0.42913060078986215
2025-01-09,VEN,0.4975980394123254
2025-01-10,VEN,0.8397385043192368
2025-01-11,VEN,0.7697879404800985
2025-01-12,VEN,0.5311695716591354
2025-01-13,VEN,0.5561322671160855
2025-01-14,VEN,0.412446364564961
2025-01-15,VEN,0.5072628429146543
2025-01-16,VEN,0.5282121658405861
2025-01-17,VEN,0.4469729066449756
2025-01-18,VEN,0.49700560795829907
2025-01-19,VEN,0.49618023188341615
2025-01-20,VEN,0.5071838894374479
2025-01-21,VEN,0.6852115598335041
2025-01-22,VEN,0.5085780103449274
2025-01-23,VEN,0.4804344667271878
2025-01-24,VEN,0.4433724547957409
2025-01-25,VEN,0.43051111791470686
2025-01-26,VEN,0.3840961899581963
2025-01-27,VEN,0.3652733180023689
2025-01-28,VEN,0.3034781791797995
2025-01-29,VEN,0.31241202807073515
2025-01-30,VEN,0.30372976667783713
2025-01-31,VEN,0.3128443373185472
2025-02-01,VEN,0.3704412920475936
2025-02-02,VEN,0.31420991947467153
2025-02-03,VEN,0.4135289578842628
2025-02-04,VEN,0.6343540648713636
2025-02-05,VEN,0.527114875806642
2025-02-06,VEN,0.5618361303509077
2025-02-07,VEN,0.5485985409903268
2025-02-08,VEN,0.554812300467552
2025-02-09,VEN,0.5424357079742578
2025-02-10,VEN,0.8335807659756418
2025-02-11,VEN,0.4295718403757057
2025-02-12,VEN,0.44689277123318744
2025-02-13,VEN,0.4161787266961927
2025-02-14,VEN,0.40986980373221604
2025-02-15,VEN,0.38201579247792694
2025-02-16,VEN,0.42231167967660915
2025-02-17,VEN,0.29190478320156527
2025-02-18,VEN,0.2851198473989975
2025-02-19,VEN,0.2844064898793598
2025-02-20,VEN,0.28059343633171563
2025-02-21,VEN,0.27415156643265354
2025-02-22,VEN,0.28691931958706535
2025-02-23,VEN,0.2935618625371145
2025-02-24,VEN,0.4429789292204255
2025-02-25,VEN,0.4842767322344912
2025-02-26,VEN,0.4341284030447176
2025-02-27,VEN,0.4877795927572262
2025-02-28,VEN,0.41791237697044015
2025-03-01,VEN,0.48896564944557125
2025-03-02,VEN,0.5679426283225046
2025-03-03,VEN,0.49313719945951445
2025-03-04,VEN,0.43829329873488354
2025-03-05,VEN,0.4279659671334061
2025-03-06,VEN,0.4544365576796064
2025-03-07,VEN,0.3587409948527452
2025-03-08,VEN,0.4713750871171819
2025-03-09,VEN,0.38596292199338067
2025-03-10,VEN,0.3797791649805264
2025-03-11,VEN,0.3631395202587134
2025-03-12,VEN,0.7731386130434413
2025-03-13,VEN,0.586626327157292
2025-03-14,VEN,0.5285098589796839
2025-03-15,VEN,0.41925157988170886
2025-03-16,VEN,0.5113696857698169
2025-03-17,VEN,0.4506043427434727
2025-03-18,VEN,0.4211327187236018
2025-03-19,VEN,0.33744719567908016
2025-03-20,VEN,0.3106739809977798
2025-03-21,VEN,0.2800491465339359
2025-03-22,VEN,0.28523983192400354
2025-03-23,VEN,0.2746428775620927
2025-03-24,VEN,0.30270686076785547
2025-03-25,VEN,0.27796566342052986
2025-03-26,VEN,0.31307440002197395
2025-03-27,VEN,0.4081027201802734
2025-03-28,VEN,0.4279514273981279
2024-07-01,ECU,0.288148271749116
2024-07-02,ECU,0.2937839177330614
2024-07-03,ECU,0.3297268419817249
2024-07-04,ECU,0.3149181070090774
2024-07-05,ECU,0.26882122746405535
2024-07-06,ECU,0.33374001696368827
2024-07-07,ECU,0.32423778534385383
2024-07-08,ECU,0.3074104223673414
2024-07-09,ECU,0.33179576055418575
2024-07-10,ECU,0.329401589323462
2024-07-11,ECU,0.3029871521903175
2024-07-12,ECU,0.349170619143958
2024-07-13,ECU,0.3242743401736107
2024-07-14,ECU,0.31962701742874466
2024-07-15,ECU,0.32376895662593685
2024-07-16,ECU,0.34447283668552975
2024-07-17,ECU,0.2997978905274999
2024-07-18,ECU,0.3286028520591598
2024-07-19,ECU,0.31353361943256924
2024-07-20,ECU,0.32110329163276935
2024-07-21,ECU,0.31316160184556663
2024-07-22,ECU,0.3657577288081207
2024-07-23,ECU,0.2762446686273572
2024-07-24,ECU,0.3181736347508188
2024-07-25,ECU,0.36814637227991004
2024-07-26,ECU,0.3091724687942247
2024-07-27,ECU,0.4190568879836734
2024-07-28,ECU,0.33214066480104293
2024-07-29,ECU,0.3503087108702509
2024-07-30,ECU,0.3437272481950288
2024-07-31,ECU,0.34788187623886463
2024-08-01,ECU,0.32503220898455876
2024-08-02,ECU,0.30383939656576475
2024-08-03,ECU,0.34476274011649305
2024-08-04,ECU,0.4029069444122854
2024-08-05,ECU,0.3206085282352015
2024-08-06,ECU,0.3300136480291694
2024-08-07,ECU,0.3350397692821804
2024-08-08,ECU,0.32457471286610456
2024-08-09,ECU,0.3181592642229315
2024-08-10,ECU,0.33825158670838174
2024-08-11,ECU,0.36048270844222396
2024-08-12,ECU,0.3894524782891547
2024-08-13,ECU,0.39013877904865973
2024-08-14,ECU,0.3434997474312284
2024-08-15,ECU,0.34904170199652285
2024-08-16,ECU,0.3591131027714104
2024-08-17,ECU,0.3393832527489385
2024-08-18,ECU,0.4225474851485374
2024-08-19,ECU,0.3257972403088847
2024-08-20,ECU,0.3071262853464378
2024-08-21,ECU,0.31390933336403193
2024-08-22,ECU,0.2915698267195495
2024-08-23,ECU,0.29135597599867863
2024-08-24,ECU,0.34342108732330356
2024-08-25,ECU,0.2724554670216369
2024-08-26,ECU,0.2967114791317772
2024-08-27,ECU,0.2968008340212993
2024-08-28,ECU,0.2852045880186642
2024-08-29,ECU,0.29682071853655817
2024-08-30,ECU,0.3302201162765773
2024-08-31,ECU,0.39134033128614903
2024-09-01,ECU,0.3225208928608902
2024-09-02,ECU,0.410470573579247
2024-09-03,ECU,0.32389359812640234
2024-09-04,ECU,0.328694308585326
2024-09-05,ECU,0.32727673416141284
2024-09-06,ECU,0.37449394991995033
2024-09-07,ECU,0.36074459569259437
2024-09-08,ECU,0.3925662622209457
2024-09-09,ECU,0.38711024242929815
2024-09-10,ECU,0.35431827905057106
2024-09-11,ECU,0.3831067937991085
2024-09-12,ECU,0.41163846489724887
2024-09-13,ECU,0.3608783060699372
2024-09-14,ECU,0.3748859738455937
2024-09-15,ECU,0.3837634192547596
2024-09-16,ECU,0.35752837467996945
2024-09-17,ECU,0.320482873681408
2024-09-18,ECU,0.3326031508685572
2024-09-19,ECU,0.3082963954862869
2024-09-20,ECU,0.33341466083270543
2024-09-21,ECU,0.3295994321884935
2024-09-22,ECU,0.31593647015753223
2024-09-23,ECU,0.3224190871903217
2024-09-24,ECU,0.32680041223625145
2024-09-25,ECU,0.3136853687848779
2024-09-26,ECU,0.3539858415834812
2024-09-27,ECU,0.3591962743062809
2024-09-28,ECU,0.2984216068928332
2024-09-29,ECU,0.35187286526303224
2024-09-30,ECU,0.29122878769936555
2024-10-01,ECU,0.29461285868637616
2024-10-02,ECU,0.2805771903799548
2024-10-03,ECU,0.2952350676720809
2024-10-04,ECU,0.3216747919780123
2024-10-05,ECU,0.3659092547453118
2024-10-06,ECU,0.32481382955361177
2024-10-07,ECU,0.3500285507055449
2024-10-08,ECU,0.356170704130093
2024-10-09,ECU,0.4112062212152276
2024-10-10,ECU,0.4008695663889797
2024-10-11,ECU,0.34583810290002515
2024-10-12,ECU,0.360548351121818
2024-10-13,ECU,0.35416996876532786
2024-10-14,ECU,0.33542776518392603
2024-10-15,ECU,0.340532720855626
2024-10-16,ECU,0.3470045170636779
2024-10-17,ECU,0.33762360136645453
2024-10-18,ECU,0.3538354971461221
2024-10-19,ECU,0.30416440715128257
2024-10-20,ECU,0.3031515704019343
2024-10-21,ECU,0.3115388257276478
2024-10-22,ECU,0.3431379229460962
2024-10-23,ECU,0.3562072365221786
2024-10-24,ECU,0.3471076229241881
2024-10-25,ECU,0.33386404957406846
2024-10-26,ECU,0.38195662186730295
2024-10-27,ECU,0.3348599375442469
2024-10-28,ECU,0.3380905466124419
2024-10-29,ECU,0.30764044158811543
2024-10-30,ECU,0.36979534057114777
2024-10-31,ECU,0.3473181473651834
2024-11-01,ECU,0.3636212708343521
2024-11-02,ECU,0.38787800673481243
2024-11-03,ECU,0.33130036687954056
2024-11-04,ECU,0.3734182630350521
2024-11-05,ECU,0.31700292738329094
2024-11-06,ECU,0.3509570483480005
2024-11-07,ECU,0.3141373951510791
2024-11-08,ECU,0.3579819931192069
2024-11-09,ECU,0.33508330510981205
2024-11-10,ECU,0.31007804878394124
2024-11-11,ECU,0.285891071933555
2024-11-12,ECU,0.2927781212693791
2024-11-13,ECU,0.3252478661546788
2024-11-14,ECU,0.28472456394831014
2024-11-15,ECU,0.24658847282940197
2024-11-16,ECU,0.2766900119004311
2024-11-17,ECU,0.28443146663345503
2024-11-18,ECU,0.2895351624857663
2024-11-19,ECU,0.27501110410998014
2024-11-20,ECU,0.25578365644137024
2024-11-21,ECU,0.2999554657564994
2024-11-22,ECU,0.2909721566273423
2024-11-23,ECU,0.3056762243927233
2024-11-24,ECU,0.32244679786557034
2024-11-25,ECU,0.3119690058204442
2024-11-26,ECU,0.3268370691045195
2024-11-27,ECU,0.3754348883991714
2024-11-28,ECU,0.39316153172519014
2024-11-29,ECU,0.38788636606625365
2024-11-30,ECU,0.4948254825885891
2024-12-01,ECU,0.7559413313030134
2024-12-02,ECU,0.3856329194842661
2024-12-03,ECU,0.3569304435586728
2024-12-04,ECU,0.3514403789344085
2024-12-05,ECU,0.41323231349441075
2024-12-06,ECU,0.28361078968838693
2024-12-07,ECU,0.2953905292346051
2024-12-08,ECU,0.2665326985803639
2024-12-09,ECU,0.25750188128799034
2024-12-10,ECU,0.28097947605875917
2024-12-11,ECU,0.2917164058259951
2024-12-12,ECU,0.28311899133044094
2024-12-13,ECU,0.29776023492646736
2024-12-14,ECU,0.27987458502766877
2024-12-15,ECU,0.3139335593874192
2024-12-16,ECU,0.29593971636294314
2024-12-17,ECU,0.32365408228049947
2024-12-18,ECU,0.3465719340618615
2024-12-19,ECU,0.4140861509711819
2024-12-20,ECU,0.3409028191491721
2024-12-21,ECU,0.3354351079081555
2024-12-22,ECU,0.36300019288918234
2024-12-23,ECU,0.33143468994119873
2024-12-24,ECU,0.32964558194861365
2024-12-25,ECU,0.31831236885412123
2024-12-26,ECU,0.3736512428741551
2024-12-27,ECU,0.3228704000022064
2024-12-28,ECU,0.3522857303213298
2024-12-29,ECU,0.31981437474992414
2024-12-30,ECU,0.3136696472634028
2024-12-31,ECU,0.3151284502961811
2025-01-01,ECU,0.3814803241859438
2025-01-02,ECU,0.32332441227111985
2025-01-03,ECU,0.35772530418133175
2025-01-04,ECU,0.30121482566910884
2025-01-05,ECU,0.3179937029654653
2025-01-06,ECU,0.33083472825049043
2025-01-07,ECU,0.28469153003830583
2025-01-08,ECU,0.29860831712878966
2025-01-09,ECU,0.4209688982786943
2025-01-10,ECU,0.36212300480060544
2025-01-11,ECU,0.3717890782848442
2025-01-12,ECU,0.3893807654132643
2025-01-13,ECU,0.3130717384896527
2025-01-14,ECU,0.36136042684873637
2025-01-15,ECU,0.31254353818650077
2025-01-16,ECU,0.36063843021930203
2025-01-17,ECU,0.3085170436229229
2025-01-18,ECU,0.5144142446592217
2025-01-19,ECU,0.2784733612280958
2025-01-20,ECU,0.33736523100595256
2025-01-21,ECU,0.26896902381581084
2025-01-22,ECU,0.26429866711359856
2025-01-23,ECU,0.2832423604611029
2025-01-24,ECU,0.29586312975824336
2025-01-25,ECU,0.28145961566569755
2025-01-26,ECU,0.3000890564061808
2025-01-27,ECU,0.26633871897576195
2025-01-28,ECU,0.28326465207439294
2025-01-29,ECU,0.3157943742960134
2025-01-30,ECU,0.36051121614436393
2025-01-31,ECU,0.30900526769059616
2025-02-01,ECU,0.3190955996807473
2025-02-02,ECU,0.3255997015464941
2025-02-03,ECU,0.3305723513753416
2025-02-04,ECU,0.32255108170778796
2025-02-05,ECU,0.3612403976756853
2025-02-06,ECU,0.3598272983071214
2025-02-07,ECU,0.3406337405090003
2025-02-08,ECU,0.3377479643928563
2025-02-09,ECU,0.2982206493723087
2025-02-10,ECU,0.28167380070200077
2025-02-11,ECU,0.29651413863181747
2025-02-12,ECU,0.2909625316487736
2025-02-13,ECU,0.30836593947351604
2025-02-14,ECU,0.3244888297529209
2025-02-15,ECU,0.37983994073582666
2025-02-16,ECU,0.37052077043329806
2025-02-17,ECU,0.3795128890097104
2025-02-18,ECU,0.3809899650775473
2025-02-19,ECU,0.35036108699848684
2025-02-20,ECU,0.33335435797655716
2025-02-21,ECU,0.32992203173810514
2025-02-22,ECU,0.35575014317957526
2025-02-23,ECU,0.32160515524085137
2025-02-24,ECU,0.30850113164591714
2025-02-25,ECU,0.37964367185826475
2025-02-26,ECU,0.2902783155224467
2025-02-27,ECU,0.30203768063231856
2025-02-28,ECU,0.42738007897955876
2025-03-01,ECU,0.2712499941814086
2025-03-02,ECU,0.2852496247911308
2025-03-03,ECU,0.36677428752341873
2025-03-04,ECU,0.40973669100427407
2025-03-05,ECU,0.3531134860350973
2025-03-06,ECU,0.7096543112366083
2025-03-07,ECU,0.3405810644574216
2025-03-08,ECU,0.34571338619875364
2025-03-09,ECU,0.4812339178409245
2025-03-10,ECU,0.41593998407703153
2025-03-11,ECU,0.36189921620553095
2025-03-12,ECU,0.3876714029496526
2025-03-13,ECU,0.33918444235950335
2025-03-14,ECU,0.32135959788451013
2025-03-15,ECU,0.3173388438485514
2025-03-16,ECU,0.7040349548014907
2025-03-17,ECU,0.41146338304964625
2025-03-18,ECU,0.432013281060465
2025-03-19,ECU,0.4105837021007082
2025-03-20,ECU,0.4625971704855015
2025-03-21,ECU,0.586291066549476
2025-03-22,ECU,0.6028846159642158
2025-03-23,ECU,0.5223969256110107
2025-03-24,ECU,0.5221385090222186
2025-03-25,ECU,0.49471731437524497
2025-03-26,ECU,0.477928641213868
2025-03-27,ECU,0.44946257248841953
2025-03-28,ECU,0.348122040888892
2024-07-01,HND,0.34013482016550767
2024-07-02,HND,0.2658015871460902
2024-07-03,HND,0.27998716099524584
2024-07-04,HND,0.2616241769603076
2024-07-05,HND,0.3210375914554986
2024-07-06,HND,0.2780191553830036
2024-07-07,HND,0.2874028396199929
2024-07-08,HND,0.3227879466347673
2024-07-09,HND,0.3621658826349212
2024-07-10,HND,0.3666181577629073
2024-07-11,HND,0.4702686159852369
2024-07-12,HND,0.38980203698225335
2024-07-13,HND,0.42116158863436154
2024-07-14,HND,0.44872564060700304
2024-07-15,HND,0.3614100969687083
2024-07-16,HND,0.46345241663751935
2024-07-17,HND,0.43666825226642625
2024-07-18,HND,0.33784272308798113
2024-07-19,HND,0.34815288358047564
2024-07-20,HND,0.38033597323649204
2024-07-21,HND,0.3631518453001658
2024-07-22,HND,0.35750836284904325
2024-07-23,HND,0.3842135586889528
2024-07-24,HND,0.30213940020801044
2024-07-25,HND,0.33613348137686744
2024-07-26,HND,0.2953025452222298
2024-07-27,HND,0.31044740481034266
2024-07-28,HND,0.35487891098614355
2024-07-29,HND,0.38519016103430026
2024-07-30,HND,0.38662170174531324
2024-07-31,HND,0.38777476960417623
2024-08-01,HND,0.4346916188728892
2024-08-02,HND,0.37104787467587064
2024-08-03,HND,0.3648012449147425
2024-08-04,HND,0.34642426107112395
2024-08-05,HND,0.33338022607015555
2024-08-06,HND,0.4268496486549367
2024-08-07,HND,0.3418607076154549
2024-08-08,HND,0.5870515801070003
2024-08-09,HND,0.3962239005045509
2024-08-10,HND,0.4440177260281957
2024-08-11,HND,0.476926576044776
2024-08-12,HND,0.9057005698959537
2024-08-13,HND,0.37830122584731546
2024-08-14,HND,0.3611914690867353
2024-08-15,HND,0.3661849413996944
2024-08-16,HND,0.3798563211453555
2024-08-17,HND,0.6225206299220079
2024-08-18,HND,0.39447298738438863
2024-08-19,HND,0.37497976427659924
2024-08-20,HND,0.3783918054634859
2024-08-21,HND,0.37021821640245334
2024-08-22,HND,0.40467021305742934
2024-08-23,HND,0.40633645896827547
2024-08-24,HND,0.3063061333149652
2024-08-25,HND,0.27647113890071257
2024-08-26,HND,0.31232524158613734
2024-08-27,HND,0.31577042448247133
2024-08-28,HND,0.3058908591480869
2024-08-29,HND,0.3580380717776297
2024-08-30,HND,0.3735324698944021
2024-08-31,HND,0.42040218881143954
2024-09-01,HND,0.4644171658167529
2024-09-02,HND,0.4066626434307475
2024-09-03,HND,0.4226989086412361
2024-09-04,HND,0.35667970095730483
2024-09-05,HND,0.3240421124128359
2024-09-06,HND,0.2915743014657812
2024-09-07,HND,0.29144260907583613
2024-09-08,HND,0.3397302762486065
2024-09-09,HND,0.3626255609266612
2024-09-10,HND,0.32958710655881207
2024-09-11,HND,0.375566782936369
2024-09-12,HND,0.5111312914757477
2024-09-13,HND,0.536609222038849
2024-09-14,HND,0.7144317437540919
2024-09-15,HND,0.9112462470709195
2024-09-16,HND,0.4573735443978823
2024-09-17,HND,0.6673208141055876
2024-09-18,HND,0.40969455834734686
2024-09-19,HND,0.4011941662810011
2024-09-20,HND,0.4316581080097511
2024-09-21,HND,0.32060535732700307
2024-09-22,HND,0.35275686882762025
2024-09-23,HND,0.3429787138932949
2024-09-24,HND,0.500947134794311
2024-09-25,HND,0.4848350802246493
2024-09-26,HND,0.3276746116213345
2024-09-27,HND,0.35446042006713424
2024-09-28,HND,0.3465447662706535
2024-09-29,HND,0.42622257759840776
2024-09-30,HND,0.3550220416883442
2024-10-01,HND,0.6821445059899811
2024-10-02,HND,0.45357151420049835
2024-10-03,HND,0.5022991799363016
2024-10-04,HND,0.5475384560765261
2024-10-05,HND,0.4798992069592862
2024-10-06,HND,0.45515584177409374
2024-10-07,HND,0.47493921387272553
2024-10-08,HND,0.49136844850820177
2024-10-09,HND,0.593511621797222
2024-10-10,HND,0.5522834937172746
2024-10-11,HND,0.3904918063652937
2024-10-12,HND,0.4368627929773264
2024-10-13,HND,0.4396485644264264
2024-10-14,HND,0.5035211920734558
2024-10-15,HND,0.38706161496024205
2024-10-16,HND,0.36236827843491626
2024-10-17,HND,0.41057414175530665
2024-10-18,HND,0.3532449746847975
2024-10-19,HND,0.34712957237374104
2024-10-20,HND,0.41761026569499393
2024-10-21,HND,0.3335971744662386
2024-10-22,HND,0.3437074126766758
2024-10-23,HND,0.3341372226625705
2024-10-24,HND,0.35083215325861666
2024-10-25,HND,0.31751818255357345
2024-10-26,HND,0.3298015989975163
2024-10-27,HND,0.28997590463170697
2024-10-28,HND,0.33404989454800066
2024-10-29,HND,0.37868301068905724
2024-10-30,HND,0.4258873920388691
2024-10-31,HND,0.4517571797859892
2024-11-01,HND,0.3865093304225624
2024-11-02,HND,0.4263447174825308
2024-11-03,HND,0.43076699458793427
2024-11-04,HND,0.42735155347329995
2024-11-05,HND,0.39807456935441204
2024-11-06,HND,0.37697636365405085
2024-11-07,HND,0.37157913015716265
2024-11-08,HND,0.38987424858311204
2024-11-09,HND,0.38984884831771727
2024-11-10,HND,0.43705748727739974
2024-11-11,HND,0.41013339837420665
2024-11-12,HND,0.459284268435228
2024-11-13,HND,0.38430232046004476
2024-11-14,HND,0.38334360439826387
2024-11-15,HND,0.37225497715583256
2024-11-16,HND,0.3712490972028939
2024-11-17,HND,0.3684037511052502
2024-11-18,HND,0.5303596052290743
2024-11-19,HND,0.3402129701335879
2024-11-20,HND,0.5634596482091531
2024-11-21,HND,0.447483911850342
2024-11-22,HND,0.34352397417776315
2024-11-23,HND,0.3534228700561323
2024-11-24,HND,0.3888821690202327
2024-11-25,HND,0.4027574565554872
2024-11-26,HND,0.3551891801115979
2024-11-27,HND,0.3814425977750007
2024-11-28,HND,0.4077812942847343
2024-11-29,HND,0.4487523475082789
2024-11-30,HND,0.43867137571369724
2024-12-01,HND,0.4463325569976031
2024-12-02,HND,0.42003353553274564
2024-12-03,HND,0.38224260448869335
2024-12-04,HND,0.37331781450128526
2024-12-05,HND,0.39802336492330587
2024-12-06,HND,0.3639504262881182
2024-12-07,HND,0.36801273226212894
2024-12-08,HND,0.34520739553506613
2024-12-09,HND,0.34519415568774253
2024-12-10,HND,0.3680703542302491
2024-12-11,HND,0.4163351991404415
2024-12-12,HND,0.3666827945498003
2024-12-13,HND,0.4034976095295124
2024-12-14,HND,0.42254327919639406
2024-12-15,HND,0.3840197716932901
2024-12-16,HND,0.3929104871647563
2024-12-17,HND,0.41397288105048985
2024-12-18,HND,0.4159688984879507
2024-12-19,HND,0.3968633614086221
2024-12-20,HND,0.3567830907601018
2024-12-21,HND,0.34233072546300963
2024-12-22,HND,0.5118939840801887
2024-12-23,HND,0.3856268924054152
2024-12-24,HND,0.4825999733920644
2024-12-25,HND,0.40257825051305757
2024-12-26,HND,0.3796856531567247
2024-12-27,HND,0.40996987604724117
2024-12-28,HND,0.44471358075331063
2024-12-29,HND,0.5878155172536789
2024-12-30,HND,0.4172112019607023
2024-12-31,HND,0.35934991318360365
2025-01-01,HND,0.3669353919961166
2025-01-02,HND,0.3692929205202458
2025-01-03,HND,0.3240423710404115
2025-01-04,HND,0.35755565352889374
2025-01-05,HND,0.31193859252151096
2025-01-06,HND,0.4191949357651591
2025-01-07,HND,0.4036591833163888
2025-01-08,HND,0.39251994027530507
2025-01-09,HND,0.3708315965377432
2025-01-10,HND,0.3512397498480584
2025-01-11,HND,0.5914115095721424
2025-01-12,HND,0.34466910952442475
2025-01-13,HND,0.2943913318164511
2025-01-14,HND,0.28548598686665844
2025-01-15,HND,0.28667828352884445
2025-01-16,HND,0.3091074084638567
2025-01-17,HND,0.3143052632502876
2025-01-18,HND,0.312494099237176
2025-01-19,HND,0.32547085612617765
2025-01-20,HND,0.35966409633751906
2025-01-21,HND,0.3623773964211954
2025-01-22,HND,0.44708355409247597
2025-01-23,HND,0.3897416570210397
2025-01-24,HND,0.3822640784245087
2025-01-25,HND,0.367465986008866
2025-01-26,HND,0.5862380893119994
2025-01-27,HND,0.46862672236569636
2025-01-28,HND,0.3076882712080634
2025-01-29,HND,0.2960518019646349
2025-01-30,HND,0.3644987598348723
2025-01-31,HND,0.28175064034921404
2025-02-01,HND,0.32948340158524647
2025-02-02,HND,0.31964633936823006
2025-02-03,HND,0.34515527031556165
2025-02-04,HND,0.3270832222417983
2025-02-05,HND,0.5354992786349306
2025-02-06,HND,0.29921232207422355
2025-02-07,HND,0.2917742074044198
2025-02-08,HND,0.30396991641074284
2025-02-09,HND,0.31804664822170364
2025-02-10,HND,0.306760162532868
2025-02-11,HND,0.3201352491905158
2025-02-12,HND,0.29010543310640347
2025-02-13,HND,0.31372982236348995
2025-02-14,HND,0.5181655011949406
2025-02-15,HND,0.3398960999075474
2025-02-16,HND,0.33591273522178705
2025-02-17,HND,0.3675727399201988
2025-02-18,HND,0.3500416162187177
2025-02-19,HND,0.3393776154455847
2025-02-20,HND,0.7022258245107883
2025-02-21,HND,0.4545227675362466
2025-02-22,HND,0.28651169408122973
2025-02-23,HND,0.6493063021480011
2025-02-24,HND,0.5195822452610608
2025-02-25,HND,0.3062236218538505
2025-02-26,HND,0.2867727027527005
2025-02-27,HND,0.6222940220581598
2025-02-28,HND,0.4819349774460993
2025-03-01,HND,0.5498275548513569
2025-03-02,HND,0.33203734166805937
2025-03-03,HND,0.5627830207761093
2025-03-04,HND,0.6267091943924107
2025-03-05,HND,0.3230444707904066
2025-03-06,HND,0.46068975153637626
2025-03-07,HND,0.3071740893682895
2025-03-08,HND,0.29245018106082826
2025-03-09,HND,0.2904981966593523
2025-03-10,HND,0.2652783314469796
2025-03-11,HND,0.2680436908930622
2025-03-12,HND,0.261161288188187
2025-03-13,HND,0.25965269848967265
2025-03-14,HND,0.25885334384277986
2025-03-15,HND,0.27116015918337705
2025-03-16,HND,0.28782764132441857
2025-03-17,HND,0.3628115512208675
2025-03-18,HND,0.4688160407450727
2025-03-19,HND,0.7087627343688536
2025-03-20,HND,0.6761536247910248
2025-03-21,HND,0.5906928928737107
2025-03-22,HND,0.4719901309473053
2025-03-23,HND,0.4420732939471531
2025-03-24,HND,0.45486670651158134
2025-03-25,HND,0.4677499002649888
2025-03-26,HND,0.3716349958777964
2025-03-27,HND,0.5615055389548901
2025-03-28,HND,0.3715235695985724
2024-07-01,GTM,0.29940500977266193
2024-07-02,GTM,0.3137643282514025
2024-07-03,GTM,0.37945753991417325
2024-07-04,GTM,0.37404871199452716
2024-07-05,GTM,0.31890255680089996
2024-07-06,GTM,0.41371673761801403
2024-07-07,GTM,0.4651646783471242
2024-07-08,GTM,0.41635477082303
2024-07-09,GTM,0.40628591921002605
2024-07-10,GTM,0.3667107309039595
2024-07-11,GTM,0.38886327197457293
2024-07-12,GTM,0.38555323010350406
2024-07-13,GTM,0.3560546100659066
2024-07-14,GTM,0.3565034658486012
2024-07-15,GTM,0.3642162952470162
2024-07-16,GTM,0.4156953949281494
2024-07-17,GTM,0.759590363429106
2024-07-18,GTM,0.45580961972166323
2024-07-19,GTM,0.3825012054384036
2024-07-20,GTM,0.4498236512976962
2024-07-21,GTM,0.8243691730251641
2024-07-22,GTM,0.43959812127756354
2024-07-23,GTM,0.5537867832295629
2024-07-24,GTM,0.42765483541465943
2024-07-25,GTM,0.4713495159131125
2024-07-26,GTM,0.43519333279612576
2024-07-27,GTM,0.4505158427010382
2024-07-28,GTM,0.3649219424522951
2024-07-29,GTM,0.3511969490851289
2024-07-30,GTM,0.33489503617957955
2024-07-31,GTM,0.3406391880935324
2024-08-01,GTM,0.34337799854842266
2024-08-02,GTM,0.35149305628541105
2024-08-03,GTM,0.33312605046549565
2024-08-04,GTM,0.5814442701212393
2024-08-05,GTM,0.5733368304793167
2024-08-06,GTM,0.5350756001667196
2024-08-07,GTM,0.5298611627577916
2024-08-08,GTM,0.5206842763323147
2024-08-09,GTM,0.5356451702234598
2024-08-10,GTM,0.6192393268499246
2024-08-11,GTM,0.6495542360990879
2024-08-12,GTM,0.631570112175648
2024-08-13,GTM,0.5664038051118154
2024-08-14,GTM,0.6368329580588831
2024-08-15,GTM,0.7316955668699295
2024-08-16,GTM,0.6830140833438014
2024-08-17,GTM,0.65346811745698
2024-08-18,GTM,0.7019630581870021
2024-08-19,GTM,0.7241722581124843
2024-08-20,GTM,0.8424808014740269
2024-08-21,GTM,0.5732281682646745
2024-08-22,GTM,0.9077047961194397
2024-08-23,GTM,0.5526124940224558
2024-08-24,GTM,0.939045193649458
2024-08-25,GTM,0.5183969368635576
2024-08-26,GTM,0.9019906272962879
2024-08-27,GTM,0.4963258721799006
2024-08-28,GTM,0.46865956217850746
2024-08-29,GTM,0.3822059784169109
2024-08-30,GTM,0.3482552076289043
2024-08-31,GTM,0.3075296592298692
2024-09-01,GTM,0.3271219808775655
2024-09-02,GTM,0.31758666986293993
2024-09-03,GTM,0.3635447757178222
2024-09-04,GTM,0.3161668415088535
2024-09-05,GTM,0.30805500955782933
2024-09-06,GTM,0.31157775934216864
2024-09-07,GTM,0.5138555023838756
2024-09-08,GTM,0.5813927097336655
2024-09-09,GTM,0.651803764988766
2024-09-10,GTM,0.5134280738020994
2024-09-11,GTM,0.5410545687803089
2024-09-12,GTM,0.605742740817852
2024-09-13,GTM,0.4606192690244671
2024-09-14,GTM,0.45890931657686124
2024-09-15,GTM,0.5943591604752688
2024-09-16,GTM,0.4358256237418356
2024-09-17,GTM,0.41230583291047995
2024-09-18,GTM,0.4019374709300213
2024-09-19,GTM,0.3701153404686525
2024-09-20,GTM,0.3887951934718067
2024-09-21,GTM,0.9310255818376664
2024-09-22,GTM,0.7540267748900985
2024-09-23,GTM,0.5146211366186804
2024-09-24,GTM,0.4569112396187364
2024-09-25,GTM,0.891815191277512
2024-09-26,GTM,0.5589661808221337
2024-09-27,GTM,0.5590427609700444
2024-09-28,GTM,0.3027886081242351
2024-09-29,GTM,0.2917188433458668
2024-09-30,GTM,0.27384776152909085
2024-10-01,GTM,0.25964770455832487
2024-10-02,GTM,0.25112856936459466
2024-10-03,GTM,0.3778884576279556
2024-10-04,GTM,0.2651622832826029
2024-10-05,GTM,0.32855166610192094
2024-10-06,GTM,0.8282035950950535
2024-10-07,GTM,0.36039276729800496
2024-10-08,GTM,0.3718593162250161
2024-10-09,GTM,0.4827015880407026
2024-10-10,GTM,0.3807489225587343
2024-10-11,GTM,0.6878022878886252
2024-10-12,GTM,0.45466637691888917
2024-10-13,GTM,0.32496900351927127
2024-10-14,GTM,0.3382914305422383
2024-10-15,GTM,0.33081402965775597
2024-10-16,GTM,0.3315341922924674
2024-10-17,GTM,0.31846995038310744
2024-10-18,GTM,0.3126449549288419
2024-10-19,GTM,0.40221828664300757
2024-10-20,GTM,0.3447317513831521
2024-10-21,GTM,0.33179813233765953
2024-10-22,GTM,0.32950062496505217
2024-10-23,GTM,0.3271883179479715
2024-10-24,GTM,0.2969384903929622
2024-10-25,GTM,0.4270414291061978
2024-10-26,GTM,0.30384338535398286
2024-10-27,GTM,0.34241276093287004
2024-10-28,GTM,0.28520970428994324
2024-10-29,GTM,0.30441198978652284
2024-10-30,GTM,0.34765609489521687
2024-10-31,GTM,0.6711135026514572
2024-11-01,GTM,0.4625792855395997
2024-11-02,GTM,0.5945013945059107
2024-11-03,GTM,0.4836234986268891
2024-11-04,GTM,0.5661101387340124
2024-11-05,GTM,0.43718260252190855
2024-11-06,GTM,0.6760857711679168
2024-11-07,GTM,0.44436625809964686
2024-11-08,GTM,0.510947784278303
2024-11-09,GTM,0.45932634030628927
2024-11-10,GTM,0.5008947474213556
2024-11-11,GTM,0.38092569515814695
2024-11-12,GTM,0.35211188465158844
2024-11-13,GTM,0.3141078362247281
2024-11-14,GTM,0.8019515065946821
2024-11-15,GTM,0.3495593932084997
2024-11-16,GTM,0.3165297976317878
2024-11-17,GTM,0.31080137852992534
2024-11-18,GTM,0.4339964438657601
2024-11-19,GTM,0.37328957909263183
2024-11-20,GTM,0.37766322831440063
2024-11-21,GTM,0.29058583970387486
2024-11-22,GTM,0.3697481239189722
2024-11-23,GTM,0.32038773360683614
2024-11-24,GTM,0.49091899950985546
2024-11-25,GTM,0.3480621437895575
2024-11-26,GTM,0.3492820548481925
2024-11-27,GTM,0.3777480569486356
2024-11-28,GTM,0.7226335765563724
2024-11-29,GTM,0.5820812495382559
2024-11-30,GTM,0.59812892753771
2024-12-01,GTM,0.4516455539090845
2024-12-02,GTM,0.4291166633505521
2024-12-03,GTM,0.39029869229276604
2024-12-04,GTM,0.4202938534864858
2024-12-05,GTM,0.3940594346363399
2024-12-06,GTM,0.3837269773147575
2024-12-07,GTM,0.38904541290949307
2024-12-08,GTM,0.545110152950175
2024-12-09,GTM,0.6334777980035505
2024-12-10,GTM,0.6454861597460196
2024-12-11,GTM,0.5163145074552109
2024-12-12,GTM,0.507117712117873
2024-12-13,GTM,0.49150920071271714
2024-12-14,GTM,0.47419189250502647
2024-12-15,GTM,0.46072776198761967
2024-12-16,GTM,0.4683446872660797
2024-12-17,GTM,0.5648879645279946
2024-12-18,GTM,0.5704199958537152
2024-12-19,GTM,0.5405367650053009
2024-12-20,GTM,0.4710850241055616
2024-12-21,GTM,0.4669062602649481
2024-12-22,GTM,0.4885769557247723
2024-12-23,GTM,0.6982252153432077
2024-12-24,GTM,0.4879453869951506
2024-12-25,GTM,0.47774696797045424
2024-12-26,GTM,0.38706913462908393
2024-12-27,GTM,0.4388840371654938
2024-12-28,GTM,0.4152066456239453
2024-12-29,GTM,0.37882987875239854
2024-12-30,GTM,0.35456633420582756
2024-12-31,GTM,0.31453136381243585
2025-01-01,GTM,0.37738830688319025
2025-01-02,GTM,0.35478173161789645
2025-01-03,GTM,0.3559824472545928
2025-01-04,GTM,0.6350819380612297
2025-01-05,GTM,0.78748518034878
2025-01-06,GTM,0.4613290904955028
2025-01-07,GTM,0.5094798290063741
2025-01-08,GTM,0.5614014373436798
2025-01-09,GTM,0.9200735635937034
2025-01-10,GTM,0.6558502872100258
2025-01-11,GTM,0.46609720687740225
2025-01-12,GTM,0.7212624187857393
2025-01-13,GTM,0.7884724206804036
2025-01-14,GTM,0.34364952554644945
2025-01-15,GTM,0.353222103012991
2025-01-16,GTM,0.47247014512364066
2025-01-17,GTM,0.36035678661488
2025-01-18,GTM,0.5523560289943381
2025-01-19,GTM,0.36485286454462534
2025-01-20,GTM,0.38523552643268544
2025-01-21,GTM,0.5939771848631097
2025-01-22,GTM,0.3853597998054704
2025-01-23,GTM,0.7185735317520272
2025-01-24,GTM,0.6172296567706845
2025-01-25,GTM,0.49742521917089827
2025-01-26,GTM,0.41282545527495357
2025-01-27,GTM,0.6255621520443108
2025-01-28,GTM,0.8732413181010955
2025-01-29,GTM,0.6072910096260866
2025-01-30,GTM,0.5499019980609908
2025-01-31,GTM,0.4948990660428827
2025-02-01,GTM,0.41678062325957016
2025-02-02,GTM,0.4072540586469056
2025-02-03,GTM,0.469200030094862
2025-02-04,GTM,0.4096777507104689
2025-02-05,GTM,0.37040459527483505
2025-02-06,GTM,0.48814891678038025
2025-02-07,GTM,0.37186987260522375
2025-02-08,GTM,0.5149904831147363
2025-02-09,GTM,0.398447697810974
2025-02-10,GTM,0.5950682673739901
2025-02-11,GTM,0.6334376325926422
2025-02-12,GTM,0.8636956207730638
2025-02-13,GTM,0.6717009693894759
2025-02-14,GTM,0.7211712670189517
2025-02-15,GTM,0.5758607147103986
2025-02-16,GTM,0.5293740132067652
2025-02-17,GTM,0.6573848223658433
2025-02-18,GTM,0.6264276091523778
2025-02-19,GTM,0.3857472696442631
2025-02-20,GTM,0.35266443033232325
2025-02-21,GTM,0.3546220519747543
2025-02-22,GTM,0.33884421101917644
2025-02-23,GTM,0.33687049335504254
2025-02-24,GTM,0.3449023292786961
2025-02-25,GTM,0.36497908243255983
2025-02-26,GTM,0.8348733642950249
2025-02-27,GTM,0.8959535053039738
2025-02-28,GTM,0.8652631350135129
2025-03-01,GTM,0.6903288808646557
2025-03-02,GTM,0.6242945235049424
2025-03-03,GTM,0.9350083673593866
2025-03-04,GTM,0.8920181338947865
2025-03-05,GTM,0.6767076163420052
2025-03-06,GTM,0.5030737079623799
2025-03-07,GTM,0.36487777919618064
2025-03-08,GTM,0.7587476109399349
2025-03-09,GTM,0.3867711716570667
2025-03-10,GTM,0.29362684531775574
2025-03-11,GTM,0.296240496011089
2025-03-12,GTM,0.315842426237252
2025-03-13,GTM,0.34323376718150966
2025-03-14,GTM,0.3361277091813581
2025-03-15,GTM,0.32325022076601506
2025-03-16,GTM,0.3381999907023885
2025-03-17,GTM,0.4268459894961979
2025-03-18,GTM,0.36121884903223017
2025-03-19,GTM,0.3549552181944608
2025-03-20,GTM,0.5239829583573703
2025-03-21,GTM,0.35725063606183305
2025-03-22,GTM,0.42149778351335176
2025-03-23,GTM,0.5394151511183368
2025-03-24,GTM,0.45641658172421773
2025-03-25,GTM,0.5133048690403271
2025-03-26,GTM,0.4739590245880941
2025-03-27,GTM,0.5677753960045709
2025-03-28,GTM,0.509012391192112
