date,country,y_prob
2024-07-01,UKR,0.34200349549414955
2024-07-02,UKR,0.34598992385901944
2024-07-03,UKR,0.34200349549414955
2024-07-04,UKR,0.35226147625579557
2024-07-05,UKR,0.35226147625579557
2024-07-06,UKR,0.35226147625579557
2024-07-07,UKR,0.35226147625579557
2024-07-08,UKR,0.35226147625579557
2024-07-09,UKR,0.35226147625579557
2024-07-10,UKR,0.3360548278467761
2024-07-11,UKR,0.3360548278467761
2024-07-12,UKR,0.31996615793513106
2024-07-13,UKR,0.33578931889857777
2024-07-14,UKR,0.33578931889857777
2024-07-15,UKR,0.33578931889857777
2024-07-16,UKR,0.31996615793513106
2024-07-17,UKR,0.31996615793513106
2024-07-18,UKR,0.31996615793513106
2024-07-19,UKR,0.31996615793513106
2024-07-20,UKR,0.28859289184289144
2024-07-21,UKR,0.28859289184289144
2024-07-22,UKR,0.28859289184289144
2024-07-23,UKR,0.28859289184289144
2024-07-24,UKR,0.2647976556688966
2024-07-25,UKR,0.2641945615381392
2024-07-26,UKR,0.298853358796796
2024-07-27,UKR,0.2747061981229642
2024-07-28,UKR,0.27901195779439586
2024-07-29,UKR,0.27901195779439586
2024-07-30,UKR,0.2647976556688966
2024-07-31,UKR,0.2905316280079374
2024-08-01,UKR,0.30459189910947615
2024-08-02,UKR,0.2977776148511622
2024-08-03,UKR,0.29689663703382296
2024-08-04,UKR,0.29689663703382296
2024-08-05,UKR,0.2837257025795168
2024-08-06,UKR,0.3593583020145793
2024-08-07,UKR,0.292269297206798
2024-08-08,UKR,0.2796149184835233
2024-08-09,UKR,0.2754121870464911
2024-08-10,UKR,0.25150054078592005
2024-08-11,UKR,0.2556667979600494
2024-08-12,UKR,0.25440273575259953
2024-08-13,UKR,0.2748768356672949
2024-08-14,UKR,0.28124691959978665
2024-08-15,UKR,0.24330130947177486
2024-08-16,UKR,0.2631973602892362
2024-08-17,UKR,0.271630852225576
2024-08-18,UKR,0.271630852225576
2024-08-19,UKR,0.29772302496716524
2024-08-20,UKR,0.271630852225576
2024-08-21,UKR,0.2653981451281064
2024-08-22,UKR,0.25398846006751596
2024-08-23,UKR,0.24110376137907455
2024-08-24,UKR,0.2321694692864482
2024-08-25,UKR,0.24340213087628787
2024-08-26,UKR,0.24340213087628787
2024-08-27,UKR,0.24340213087628787
2024-08-28,UKR,0.25686919673126596
2024-08-29,UKR,0.24864315503443318
2024-08-30,UKR,0.2686883253546749
2024-08-31,UKR,0.21528723299085917
2024-09-01,UKR,0.21528723299085917
2024-09-02,UKR,0.242954475265613
2024-09-03,UKR,0.21361379275408826
2024-09-04,UKR,0.22568060598157827
2024-09-05,UKR,0.26202867355959253
2024-09-06,UKR,0.2602191951825741
2024-09-07,UKR,0.2624148173196744
2024-09-08,UKR,0.2624148173196744
2024-09-09,UKR,0.2624148173196744
2024-09-10,UKR,0.2607892404842644
2024-09-11,UKR,0.29086079219145633
2024-09-12,UKR,0.28330655084270645
2024-09-13,UKR,0.2651735769455666
2024-09-14,UKR,0.27242810067010503
2024-09-15,UKR,0.27242810067010503
2024-09-16,UKR,0.27242810067010503
2024-09-17,UKR,0.3039671145272267
2024-09-18,UKR,0.3235846922935628
2024-09-19,UKR,0.30113042920543825
2024-09-20,UKR,0.33182810450142375
2024-09-21,UKR,0.3284894002399368
2024-09-22,UKR,0.3284894002399368
2024-09-23,UKR,0.3284894002399368
2024-09-24,UKR,0.2925452029588678
2024-09-25,UKR,0.3039671145272267
2024-09-26,UKR,0.2962146631067305
2024-09-27,UKR,0.2836099468436078
2024-09-28,UKR,0.2662888825051884
2024-09-29,UKR,0.225948774970356
2024-09-30,UKR,0.225948774970356
2024-10-01,UKR,0.23331930022955913
2024-10-02,UKR,0.25001514932701463
2024-10-03,UKR,0.24437759185978422
2024-10-04,UKR,0.23901123873427818
2024-10-05,UKR,0.2382078850956556
2024-10-06,UKR,0.2382078850956556
2024-10-07,UKR,0.2382078850956556
2024-10-08,UKR,0.25158455350718484
2024-10-09,UKR,0.25158455350718484
2024-10-10,UKR,0.2382078850956556
2024-10-11,UKR,0.2382078850956556
2024-10-12,UKR,0.2914439329503016
2024-10-13,UKR,0.2914439329503016
2024-10-14,UKR,0.2914439329503016
2024-10-15,UKR,0.2859879776348493
2024-10-16,UKR,0.24313018937515204
2024-10-17,UKR,0.2459190399808716
2024-10-18,UKR,0.2570869649592447
2024-10-19,UKR,0.2570869649592447
2024-10-20,UKR,0.2570869649592447
2024-10-21,UKR,0.2570869649592447
2024-10-22,UKR,0.2459190399808716
2024-10-23,UKR,0.2859879776348493
2024-10-24,UKR,0.25087952504151645
2024-10-25,UKR,0.2690012317614268
2024-10-26,UKR,0.24437759185978422
2024-10-27,UKR,0.24437759185978422
2024-10-28,UKR,0.24437759185978422
2024-10-29,UKR,0.2542137995128483
2024-10-30,UKR,0.2542137995128483
2024-10-31,UKR,0.26133951092020163
2024-11-01,UKR,0.2755453010331142
2024-11-02,UKR,0.2755453010331142
2024-11-03,UKR,0.2755453010331142
2024-11-04,UKR,0.2755453010331142
2024-11-05,UKR,0.2764288825470237
2024-11-06,UKR,0.2914439329503016
2024-11-07,UKR,0.2536397350431345
2024-11-08,UKR,0.2677474961814334
2024-11-09,UKR,0.2536397350431345
2024-11-10,UKR,0.2536397350431345
2024-11-11,UKR,0.2536397350431345
2024-11-12,UKR,0.2536397350431345
2024-11-13,UKR,0.27484532868416295
2024-11-14,UKR,0.2536397350431345
2024-11-15,UKR,0.24257266339628775
2024-11-16,UKR,0.2610876921863158
2024-11-17,UKR,0.2610876921863158
2024-11-18,UKR,0.2610876921863158
2024-11-19,UKR,0.26920581097856494
2024-11-20,UKR,0.2881421042173362
2024-11-21,UKR,0.28723594506235317
2024-11-22,UKR,0.28723594506235317
2024-11-23,UKR,0.24948122534022746
2024-11-24,UKR,0.23805629191966426
2024-11-25,UKR,0.23805629191966426
2024-11-26,UKR,0.23805629191966426
2024-11-27,UKR,0.24127537971531968
2024-11-28,UKR,0.27836772713632774
2024-11-29,UKR,0.27836772713632774
2024-11-30,UKR,0.27836772713632774
2024-12-01,UKR,0.27836772713632774
2024-12-02,UKR,0.27836772713632774
2024-12-03,UKR,0.27836772713632774
2024-12-04,UKR,0.27571518350804103
2024-12-05,UKR,0.2684054187352304
2024-12-06,UKR,0.27271063074153623
2024-12-07,UKR,0.2684054187352304
2024-12-08,UKR,0.2684054187352304
2024-12-09,UKR,0.2684054187352304
2024-12-10,UKR,0.2587021627104041
2024-12-11,UKR,0.2587021627104041
2024-12-12,UKR,0.265451328412736
2024-12-13,UKR,0.2410454858343861
2024-12-14,UKR,0.2410454858343861
2024-12-15,UKR,0.2410454858343861
2024-12-16,UKR,0.2410454858343861
2024-12-17,UKR,0.2410454858343861
2024-12-18,UKR,0.24023745329025675
2024-12-19,UKR,0.327327049301296
2024-12-20,UKR,0.2557447253298604
2024-12-21,UKR,0.25810807759059073
2024-12-22,UKR,0.25726223593092523
2024-12-23,UKR,0.25726223593092523
2024-12-24,UKR,0.24023745329025675
2024-12-25,UKR,0.2528035467908165
2024-12-26,UKR,0.2710139521295485
2024-12-27,UKR,0.27836772713632774
2024-12-28,UKR,0.2710139521295485
2024-12-29,UKR,0.2710139521295485
2024-12-30,UKR,0.2710139521295485
2024-12-31,UKR,0.27567532085359797
2025-01-01,UKR,0.27567532085359797
2025-01-02,UKR,0.27567532085359797
2025-01-03,UKR,0.2517071953909433
2025-01-04,UKR,0.24126464405063325
2025-01-05,UKR,0.24844108748579333
2025-01-06,UKR,0.24844108748579333
2025-01-07,UKR,0.2959957082589756
2025-01-08,UKR,0.30090939432412067
2025-01-09,UKR,0.28146580916565045
2025-01-10,UKR,0.32978121244338765
2025-01-11,UKR,0.2941697472408237
2025-01-12,UKR,0.2941697472408237
2025-01-13,UKR,0.2950887246882989
2025-01-14,UKR,0.27507858098511895
2025-01-15,UKR,0.2950887246882989
2025-01-16,UKR,0.36331917324722246
2025-01-17,UKR,0.35924275469405914
2025-01-18,UKR,0.36331917324722246
2025-01-19,UKR,0.36331917324722246
2025-01-20,UKR,0.36331917324722246
2025-01-21,UKR,0.36331917324722246
2025-01-22,UKR,0.3509602582129844
2025-01-23,UKR,0.3375673741215743
2025-01-24,UKR,0.3509602582129844
2025-01-25,UKR,0.3375673741215743
2025-01-26,UKR,0.3375673741215743
2025-01-27,UKR,0.3375673741215743
2025-01-28,UKR,0.30613909916213855
2025-01-29,UKR,0.31903502542648393
2025-01-30,UKR,0.3100517869191032
2025-01-31,UKR,0.32752617137175216
2025-02-01,UKR,0.27108559306824953
2025-02-02,UKR,0.27108559306824953
2025-02-03,UKR,0.27021271275122943
2025-02-04,UKR,0.25908818686078566
2025-02-05,UKR,0.31410728090339185
2025-02-06,UKR,0.30629123775255507
2025-02-07,UKR,0.30309292182241115
2025-02-08,UKR,0.30309292182241115
2025-02-09,UKR,0.30309292182241115
2025-02-10,UKR,0.3113537677750558
2025-02-11,UKR,0.3509602582129844
2025-02-12,UKR,0.33820552774916945
2025-02-13,UKR,0.29535330514209857
2025-02-14,UKR,0.30309292182241115
2025-02-15,UKR,0.3100575508364715
2025-02-16,UKR,0.3100575508364715
2025-02-17,UKR,0.3100575508364715
2025-02-18,UKR,0.30629123775255507
2025-02-19,UKR,0.33820552774916945
2025-02-20,UKR,0.33483481202986615
2025-02-21,UKR,0.31903502542648393
2025-02-22,UKR,0.2765591601353146
2025-02-23,UKR,0.2765591601353146
2025-02-24,UKR,0.2765591601353146
2025-02-25,UKR,0.2765591601353146
2025-02-26,UKR,0.2683007061191848
2025-02-27,UKR,0.2627228128653934
2025-02-28,UKR,0.2711942510325873
2025-03-01,UKR,0.2684022872903879
2025-03-02,UKR,0.2684022872903879
2025-03-03,UKR,0.2684022872903879
2025-03-04,UKR,0.2979406901355174
2025-03-05,UKR,0.28568655028984896
2025-03-06,UKR,0.28568655028984896
2025-03-07,UKR,0.30145974526458624
2025-03-08,UKR,0.27840117881354237
2025-03-09,UKR,0.30145974526458624
2025-03-10,UKR,0.2982745144671548
2025-03-11,UKR,0.28952864730529787
2025-03-12,UKR,0.28952864730529787
2025-03-13,UKR,0.2519170480094983
2025-03-14,UKR,0.2632565267271093
2025-03-15,UKR,0.23778572491262145
2025-03-16,UKR,0.23778572491262145
2025-03-17,UKR,0.23778572491262145
2025-03-18,UKR,0.25264824307333206
2025-03-19,UKR,0.25201599877322495
2025-03-20,UKR,0.25264824307333206
2025-03-21,UKR,0.27032048169868184
2025-03-22,UKR,0.27032048169868184
2025-03-23,UKR,0.27032048169868184
2025-03-24,UKR,0.27032048169868184
2025-03-25,UKR,0.25214055631873833
2025-03-26,UKR,0.23179565593455279
2025-03-27,UKR,0.2484178034139303
2025-03-28,UKR,0.2629866069610919
2024-07-01,RUS,0.10906269827176673
2024-07-02,RUS,0.10645319835663147
2024-07-03,RUS,0.11472750252842616
2024-07-04,RUS,0.11472750252842616
2024-07-05,RUS,0.11530865417683576
2024-07-06,RUS,0.12622961514472958
2024-07-07,RUS,0.35253415374609126
2024-07-08,RUS,0.35253415374609126
2024-07-09,RUS,0.35253415374609126
2024-07-10,RUS,0.35253415374609126
2024-07-11,RUS,0.35253415374609126
2024-07-12,RUS,0.35253415374609126
2024-07-13,RUS,0.40319730421707706
2024-07-14,RUS,0.4041417944436884
2024-07-15,RUS,0.2898938175944393
2024-07-16,RUS,0.2898938175944393
2024-07-17,RUS,0.38345040219753246
2024-07-18,RUS,0.3356448496114294
2024-07-19,RUS,0.2860540169352867
2024-07-20,RUS,0.3606663334750585
2024-07-21,RUS,0.3118176690189525
2024-07-22,RUS,0.4076695652961617
2024-07-23,RUS,0.3827147954295904
2024-07-24,RUS,0.3827147954295904
2024-07-25,RUS,0.36290887851108233
2024-07-26,RUS,0.3496797427854275
2024-07-27,RUS,0.37875096269393815
2024-07-28,RUS,0.3827147954295904
2024-07-29,RUS,0.3827147954295904
2024-07-30,RUS,0.32653426041188194
2024-07-31,RUS,0.3550718724787224
2024-08-01,RUS,0.3696274116657712
2024-08-02,RUS,0.19960978497386447
2024-08-03,RUS,0.14830082097132566
2024-08-04,RUS,0.17316009701122798
2024-08-05,RUS,0.18601204916689998
2024-08-06,RUS,0.17289085970349927
2024-08-07,RUS,0.18688311099683108
2024-08-08,RUS,0.18688311099683108
2024-08-09,RUS,0.17749755377971527
2024-08-10,RUS,0.48422973955106063
2024-08-11,RUS,0.3710503465070525
2024-08-12,RUS,0.3722840284667546
2024-08-13,RUS,0.2907423695306649
2024-08-14,RUS,0.2945311206226539
2024-08-15,RUS,0.2928698897375198
2024-08-16,RUS,0.15221832174052347
2024-08-17,RUS,0.11181255287783183
2024-08-18,RUS,0.11181255287783183
2024-08-19,RUS,0.11926022650516563
2024-08-20,RUS,0.11959283799823273
2024-08-21,RUS,0.10981602999406748
2024-08-22,RUS,0.10981602999406748
2024-08-23,RUS,0.09379887088495033
2024-08-24,RUS,0.09020558442380035
2024-08-25,RUS,0.09472449866952232
2024-08-26,RUS,0.11230561137244209
2024-08-27,RUS,0.09472449866952232
2024-08-28,RUS,0.10066560021114954
2024-08-29,RUS,0.10066560021114954
2024-08-30,RUS,0.11187347048062335
2024-08-31,RUS,0.07770347444727693
2024-09-01,RUS,0.07696477286452885
2024-09-02,RUS,0.07696477286452885
2024-09-03,RUS,0.07696477286452885
2024-09-04,RUS,0.07730208860457706
2024-09-05,RUS,0.08920059829717278
2024-09-06,RUS,0.0944148409525514
2024-09-07,RUS,0.10508966606649711
2024-09-08,RUS,0.10412000453543653
2024-09-09,RUS,0.12024252826009174
2024-09-10,RUS,0.13450762835407912
2024-09-11,RUS,0.14467918560858664
2024-09-12,RUS,0.14467918560858664
2024-09-13,RUS,0.36145899963171957
2024-09-14,RUS,0.36145899963171957
2024-09-15,RUS,0.3251730442466991
2024-09-16,RUS,0.3251730442466991
2024-09-17,RUS,0.11857351211082692
2024-09-18,RUS,0.11857351211082692
2024-09-19,RUS,0.14647032673862728
2024-09-20,RUS,0.16570984735641753
2024-09-21,RUS,0.13150234869880328
2024-09-22,RUS,0.13150234869880328
2024-09-23,RUS,0.13150234869880328
2024-09-24,RUS,0.11568373472195444
2024-09-25,RUS,0.11568373472195444
2024-09-26,RUS,0.09301157382921357
2024-09-27,RUS,0.1014628214190982
2024-09-28,RUS,0.129016989907264
2024-09-29,RUS,0.129016989907264
2024-09-30,RUS,0.15701236477227135
2024-10-01,RUS,0.15701236477227135
2024-10-02,RUS,0.146121862833153
2024-10-03,RUS,0.13081119019841134
2024-10-04,RUS,0.1275178159274525
2024-10-05,RUS,0.11820480933986645
2024-10-06,RUS,0.11820480933986645
2024-10-07,RUS,0.11820480933986645
2024-10-08,RUS,0.12284040286863347
2024-10-09,RUS,0.1192881759312717
2024-10-10,RUS,0.112281423593203
2024-10-11,RUS,0.11820480933986645
2024-10-12,RUS,0.19244658146525323
2024-10-13,RUS,0.18357737440869043
2024-10-14,RUS,0.19244658146525323
2024-10-15,RUS,0.17475494900434294
2024-10-16,RUS,0.17073811162338182
2024-10-17,RUS,0.17073811162338182
2024-10-18,RUS,0.17073811162338182
2024-10-19,RUS,0.14895175377306297
2024-10-20,RUS,0.14895175377306297
2024-10-21,RUS,0.1371487182352933
2024-10-22,RUS,0.1371487182352933
2024-10-23,RUS,0.15914003030741655
2024-10-24,RUS,0.14053480052193018
2024-10-25,RUS,0.1594488188361161
2024-10-26,RUS,0.14722094374403596
2024-10-27,RUS,0.14722094374403596
2024-10-28,RUS,0.14722094374403596
2024-10-29,RUS,0.1594488188361161
2024-10-30,RUS,0.1594488188361161
2024-10-31,RUS,0.1594488188361161
2024-11-01,RUS,0.13125439992089954
2024-11-02,RUS,0.15331124899752757
2024-11-03,RUS,0.15331124899752757
2024-11-04,RUS,0.15331124899752757
2024-11-05,RUS,0.15331124899752757
2024-11-06,RUS,0.2112592093837705
2024-11-07,RUS,0.1842775194967585
2024-11-08,RUS,0.34503839088299837
2024-11-09,RUS,0.24482765875365753
2024-11-10,RUS,0.24291862610290998
2024-11-11,RUS,0.24291862610290998
2024-11-12,RUS,0.10172213658959293
2024-11-13,RUS,0.10078004804427565
2024-11-14,RUS,0.10985166544133242
2024-11-15,RUS,0.10985166544133242
2024-11-16,RUS,0.08621272874321514
2024-11-17,RUS,0.09356099664459332
2024-11-18,RUS,0.09780289568585399
2024-11-19,RUS,0.10042463068770024
2024-11-20,RUS,0.12240754203582709
2024-11-21,RUS,0.11359382510415476
2024-11-22,RUS,0.12240754203582709
2024-11-23,RUS,0.1427468831472294
2024-11-24,RUS,0.1427468831472294
2024-11-25,RUS,0.13813287749216147
2024-11-26,RUS,0.12466352043003887
2024-11-27,RUS,0.1343522781706852
2024-11-28,RUS,0.11750543868489297
2024-11-29,RUS,0.11750543868489297
2024-11-30,RUS,0.10670120166681768
2024-12-01,RUS,0.12476189019566346
2024-12-02,RUS,0.10670120166681768
2024-12-03,RUS,0.11957816896890558
2024-12-04,RUS,0.13517054083824423
2024-12-05,RUS,0.3264736867624719
2024-12-06,RUS,0.2988802808535835
2024-12-07,RUS,0.13675724736822525
2024-12-08,RUS,0.1355396442621834
2024-12-09,RUS,0.12227682865415206
2024-12-10,RUS,0.1367457570584963
2024-12-11,RUS,0.1367457570584963
2024-12-12,RUS,0.15130741258115737
2024-12-13,RUS,0.1646623996667774
2024-12-14,RUS,0.2543415453480332
2024-12-15,RUS,0.28192948145876007
2024-12-16,RUS,0.3064628239823101
2024-12-17,RUS,0.2798579685882289
2024-12-18,RUS,0.2798579685882289
2024-12-19,RUS,0.25660845801955884
2024-12-20,RUS,0.25660845801955884
2024-12-21,RUS,0.13367630041559297
2024-12-22,RUS,0.13367630041559297
2024-12-23,RUS,0.13367630041559297
2024-12-24,RUS,0.1330795110626682
2024-12-25,RUS,0.1330795110626682
2024-12-26,RUS,0.12191222215181653
2024-12-27,RUS,0.13634470882394253
2024-12-28,RUS,0.22995228559774128
2024-12-29,RUS,0.22995228559774128
2024-12-30,RUS,0.22995228559774128
2024-12-31,RUS,0.22995228559774128
2025-01-01,RUS,0.08053442116631346
2025-01-02,RUS,0.08053442116631346
2025-01-03,RUS,0.0898392608310088
2025-01-04,RUS,0.112235938981118
2025-01-05,RUS,0.112235938981118
2025-01-06,RUS,0.112235938981118
2025-01-07,RUS,0.11492455807796631
2025-01-08,RUS,0.16363754759085056
2025-01-09,RUS,0.16989878169851544
2025-01-10,RUS,0.16363754759085056
2025-01-11,RUS,0.13778131659002746
2025-01-12,RUS,0.1260826861722743
2025-01-13,RUS,0.2853675784934191
2025-01-14,RUS,0.29734432271997374
2025-01-15,RUS,0.3029540032920559
2025-01-16,RUS,0.3029540032920559
2025-01-17,RUS,0.3029540032920559
2025-01-18,RUS,0.33838627151342354
2025-01-19,RUS,0.33642062800698025
2025-01-20,RUS,0.303058080749095
2025-01-21,RUS,0.303058080749095
2025-01-22,RUS,0.33642062800698025
2025-01-23,RUS,0.30717507525415444
2025-01-24,RUS,0.30717507525415444
2025-01-25,RUS,0.29381694470288
2025-01-26,RUS,0.29381694470288
2025-01-27,RUS,0.29381694470288
2025-01-28,RUS,0.2699211553320388
2025-01-29,RUS,0.29381694470288
2025-01-30,RUS,0.2911856159607054
2025-01-31,RUS,0.1764953672333468
2025-02-01,RUS,0.18739479237311304
2025-02-02,RUS,0.1643744085371063
2025-02-03,RUS,0.1643744085371063
2025-02-04,RUS,0.1643744085371063
2025-02-05,RUS,0.1544949325419083
2025-02-06,RUS,0.13634470882394253
2025-02-07,RUS,0.13634470882394253
2025-02-08,RUS,0.1238604337478812
2025-02-09,RUS,0.14944678230348288
2025-02-10,RUS,0.14944678230348288
2025-02-11,RUS,0.1689998608181166
2025-02-12,RUS,0.1689998608181166
2025-02-13,RUS,0.14944678230348288
2025-02-14,RUS,0.14944678230348288
2025-02-15,RUS,0.14944678230348288
2025-02-16,RUS,0.14944678230348288
2025-02-17,RUS,0.13503570067561876
2025-02-18,RUS,0.12072240799664234
2025-02-19,RUS,0.15304254768806036
2025-02-20,RUS,0.15996655235644483
2025-02-21,RUS,0.14766767855489996
2025-02-22,RUS,0.13695382761024874
2025-02-23,RUS,0.13695382761024874
2025-02-24,RUS,0.13695382761024874
2025-02-25,RUS,0.13695382761024874
2025-02-26,RUS,0.12358295444563344
2025-02-27,RUS,0.1224660067471827
2025-02-28,RUS,0.1568953806541305
2025-03-01,RUS,0.11749106675391599
2025-03-02,RUS,0.11749106675391599
2025-03-03,RUS,0.11749106675391599
2025-03-04,RUS,0.11160520914716027
2025-03-05,RUS,0.108605111385766
2025-03-06,RUS,0.10990133255643145
2025-03-07,RUS,0.12199799689350227
2025-03-08,RUS,0.2988942755826789
2025-03-09,RUS,0.2988942755826789
2025-03-10,RUS,0.2988942755826789
2025-03-11,RUS,0.2577962243994015
2025-03-12,RUS,0.25638557252960004
2025-03-13,RUS,0.2816316691828286
2025-03-14,RUS,0.2816316691828286
2025-03-15,RUS,0.11252700640079553
2025-03-16,RUS,0.11252700640079553
2025-03-17,RUS,0.11252700640079553
2025-03-18,RUS,0.1209534609275949
2025-03-19,RUS,0.1209534609275949
2025-03-20,RUS,0.12076625564806155
2025-03-21,RUS,0.13082848506039055
2025-03-22,RUS,0.10293315719909943
2025-03-23,RUS,0.10454168969740173
2025-03-24,RUS,0.10454168969740173
2025-03-25,RUS,0.10724975585863784
2025-03-26,RUS,0.09555630235303221
2025-03-27,RUS,0.09555630235303221
2025-03-28,RUS,0.10724975585863784
2024-07-01,PSE,0.19184675215458705
2024-07-02,PSE,0.4288499607229457
2024-07-03,PSE,0.4605603600464729
2024-07-04,PSE,0.4605603600464729
2024-07-05,PSE,0.4605603600464729
2024-07-06,PSE,0.48763595192258113
2024-07-07,PSE,0.37785745613834976
2024-07-08,PSE,0.37785745613834976
2024-07-09,PSE,0.37785745613834976
2024-07-10,PSE,0.37785745613834976
2024-07-11,PSE,0.37785745613834976
2024-07-12,PSE,0.36874451137699205
2024-07-13,PSE,0.3438401981151385
2024-07-14,PSE,0.45089840901379813
2024-07-15,PSE,0.45089840901379813
2024-07-16,PSE,0.45509678126281894
2024-07-17,PSE,0.45509678126281894
2024-07-18,PSE,0.45509678126281894
2024-07-19,PSE,0.48065740818297803
2024-07-20,PSE,0.32257875384715395
2024-07-21,PSE,0.32032061744780027
2024-07-22,PSE,0.31664308117003553
2024-07-23,PSE,0.33525272497196246
2024-07-24,PSE,0.3413629834060757
2024-07-25,PSE,0.3001612911401349
2024-07-26,PSE,0.30789367439769144
2024-07-27,PSE,0.34552499352533284
2024-07-28,PSE,0.3431876038386472
2024-07-29,PSE,0.3431876038386472
2024-07-30,PSE,0.3060522881081724
2024-07-31,PSE,0.3060522881081724
2024-08-01,PSE,0.33169349619593225
2024-08-02,PSE,0.33169349619593225
2024-08-03,PSE,0.45682267864148146
2024-08-04,PSE,0.45682267864148146
2024-08-05,PSE,0.45682267864148146
2024-08-06,PSE,0.45682267864148146
2024-08-07,PSE,0.42516679451922335
2024-08-08,PSE,0.42516679451922335
2024-08-09,PSE,0.42516679451922335
2024-08-10,PSE,0.47790921158552513
2024-08-11,PSE,0.47790921158552513
2024-08-12,PSE,0.47790921158552513
2024-08-13,PSE,0.47790921158552513
2024-08-14,PSE,0.47790921158552513
2024-08-15,PSE,0.47790921158552513
2024-08-16,PSE,0.524726859159997
2024-08-17,PSE,0.3077800418700409
2024-08-18,PSE,0.3077800418700409
2024-08-19,PSE,0.3077800418700409
2024-08-20,PSE,0.3077800418700409
2024-08-21,PSE,0.3077800418700409
2024-08-22,PSE,0.33442016281579845
2024-08-23,PSE,0.33442016281579845
2024-08-24,PSE,0.3972676144881922
2024-08-25,PSE,0.3932177498525604
2024-08-26,PSE,0.36874451137699205
2024-08-27,PSE,0.36874451137699205
2024-08-28,PSE,0.35622738384676766
2024-08-29,PSE,0.3601223804959539
2024-08-30,PSE,0.38776233483197997
2024-08-31,PSE,0.27824571031218015
2024-09-01,PSE,0.27617139614201036
2024-09-02,PSE,0.27617139614201036
2024-09-03,PSE,0.27617139614201036
2024-09-04,PSE,0.25838989493009595
2024-09-05,PSE,0.25838989493009595
2024-09-06,PSE,0.2456603515803515
2024-09-07,PSE,0.24679207599148825
2024-09-08,PSE,0.2448726927340278
2024-09-09,PSE,0.2448726927340278
2024-09-10,PSE,0.26939582749679847
2024-09-11,PSE,0.28639241805718285
2024-09-12,PSE,0.28245802074950827
2024-09-13,PSE,0.28639241805718285
2024-09-14,PSE,0.28639241805718285
2024-09-15,PSE,0.28245802074950827
2024-09-16,PSE,0.28245802074950827
2024-09-17,PSE,0.3223684868379816
2024-09-18,PSE,0.3223684868379816
2024-09-19,PSE,0.3223684868379816
2024-09-20,PSE,0.33169349619593225
2024-09-21,PSE,0.3041820468229598
2024-09-22,PSE,0.3041820468229598
2024-09-23,PSE,0.3041820468229598
2024-09-24,PSE,0.2741483529422137
2024-09-25,PSE,0.2741483529422137
2024-09-26,PSE,0.2741483529422137
2024-09-27,PSE,0.2741483529422137
2024-09-28,PSE,0.30011503787866656
2024-09-29,PSE,0.30011503787866656
2024-09-30,PSE,0.2960703370196981
2024-10-01,PSE,0.2960703370196981
2024-10-02,PSE,0.32211674895913806
2024-10-03,PSE,0.29473044736620274
2024-10-04,PSE,0.24814321429659747
2024-10-05,PSE,0.2294786596255494
2024-10-06,PSE,0.19802784819292554
2024-10-07,PSE,0.20865165889201803
2024-10-08,PSE,0.23406610050231097
2024-10-09,PSE,0.2383600656038553
2024-10-10,PSE,0.23648567109453264
2024-10-11,PSE,0.23648567109453264
2024-10-12,PSE,0.35510045571787074
2024-10-13,PSE,0.38776233483197997
2024-10-14,PSE,0.38776233483197997
2024-10-15,PSE,0.3349218133906053
2024-10-16,PSE,0.3286897802711837
2024-10-17,PSE,0.3286897802711837
2024-10-18,PSE,0.3286897802711837
2024-10-19,PSE,0.33243916423263825
2024-10-20,PSE,0.33243916423263825
2024-10-21,PSE,0.33243916423263825
2024-10-22,PSE,0.33243916423263825
2024-10-23,PSE,0.3656419204197506
2024-10-24,PSE,0.33243916423263825
2024-10-25,PSE,0.353670787561598
2024-10-26,PSE,0.31272949182332027
2024-10-27,PSE,0.31272949182332027
2024-10-28,PSE,0.31272949182332027
2024-10-29,PSE,0.3333308766213806
2024-10-30,PSE,0.3371066167449185
2024-10-31,PSE,0.3371066167449185
2024-11-01,PSE,0.2912351950551912
2024-11-02,PSE,0.30708271032999035
2024-11-03,PSE,0.30708271032999035
2024-11-04,PSE,0.30708271032999035
2024-11-05,PSE,0.30708271032999035
2024-11-06,PSE,0.3390391634980037
2024-11-07,PSE,0.26339059821378136
2024-11-08,PSE,0.31825339859123924
2024-11-09,PSE,0.24102685087657716
2024-11-10,PSE,0.2218886836440565
2024-11-11,PSE,0.2218886836440565
2024-11-12,PSE,0.21786931736144297
2024-11-13,PSE,0.21611033564127535
2024-11-14,PSE,0.2516062028052884
2024-11-15,PSE,0.26743589637828047
2024-11-16,PSE,0.26946902474503404
2024-11-17,PSE,0.26743589637828047
2024-11-18,PSE,0.26743589637828047
2024-11-19,PSE,0.2741067115094783
2024-11-20,PSE,0.266286275738744
2024-11-21,PSE,0.25006478819448846
2024-11-22,PSE,0.266286275738744
2024-11-23,PSE,0.32253424196852765
2024-11-24,PSE,0.31595034103329633
2024-11-25,PSE,0.31595034103329633
2024-11-26,PSE,0.29099622709329387
2024-11-27,PSE,0.28886490156201866
2024-11-28,PSE,0.29318926270923396
2024-11-29,PSE,0.29318926270923396
2024-11-30,PSE,0.29602325288178916
2024-12-01,PSE,0.29602325288178916
2024-12-02,PSE,0.33896895953685713
2024-12-03,PSE,0.34035954571075544
2024-12-04,PSE,0.34035954571075544
2024-12-05,PSE,0.31284865925170124
2024-12-06,PSE,0.28591797788578055
2024-12-07,PSE,0.31081338748667053
2024-12-08,PSE,0.3086000922510918
2024-12-09,PSE,0.3086000922510918
2024-12-10,PSE,0.3366599676867813
2024-12-11,PSE,0.3366599676867813
2024-12-12,PSE,0.32253424196852765
2024-12-13,PSE,0.32253424196852765
2024-12-14,PSE,0.2574904824280327
2024-12-15,PSE,0.2574904824280327
2024-12-16,PSE,0.2574904824280327
2024-12-17,PSE,0.23370442615003587
2024-12-18,PSE,0.23370442615003587
2024-12-19,PSE,0.2501648130087098
2024-12-20,PSE,0.2501648130087098
2024-12-21,PSE,0.27781471035782573
2024-12-22,PSE,0.27781471035782573
2024-12-23,PSE,0.2938877439937278
2024-12-24,PSE,0.3117701709108183
2024-12-25,PSE,0.3117701709108183
2024-12-26,PSE,0.3117701709108183
2024-12-27,PSE,0.339976554241085
2024-12-28,PSE,0.2566881356500937
2024-12-29,PSE,0.2401472661467773
2024-12-30,PSE,0.20582339647944586
2024-12-31,PSE,0.11450121502564287
2025-01-01,PSE,0.1190111686864644
2025-01-02,PSE,0.23976005650523372
2025-01-03,PSE,0.21797482507917906
2025-01-04,PSE,0.2630819759218042
2025-01-05,PSE,0.2630819759218042
2025-01-06,PSE,0.2630819759218042
2025-01-07,PSE,0.3185844999630257
2025-01-08,PSE,0.3185844999630257
2025-01-09,PSE,0.22258834821467124
2025-01-10,PSE,0.18313639898749787
2025-01-11,PSE,0.1743180160846617
2025-01-12,PSE,0.15636179738568057
2025-01-13,PSE,0.15636179738568057
2025-01-14,PSE,0.14475730453907232
2025-01-15,PSE,0.1678654484769648
2025-01-16,PSE,0.1678654484769648
2025-01-17,PSE,0.1678654484769648
2025-01-18,PSE,0.2244986971552382
2025-01-19,PSE,0.18613902229223322
2025-01-20,PSE,0.19697964166906476
2025-01-21,PSE,0.22526948857951565
2025-01-22,PSE,0.32959853285145535
2025-01-23,PSE,0.32862218578678487
2025-01-24,PSE,0.32862218578678487
2025-01-25,PSE,0.2864193686431964
2025-01-26,PSE,0.2864193686431964
2025-01-27,PSE,0.2864193686431964
2025-01-28,PSE,0.31627942986290114
2025-01-29,PSE,0.2824136697716333
2025-01-30,PSE,0.1881674253510066
2025-01-31,PSE,0.2068765049533165
2025-02-01,PSE,0.25663603066712903
2025-02-02,PSE,0.22119880174609047
2025-02-03,PSE,0.18599669222265827
2025-02-04,PSE,0.18599669222265827
2025-02-05,PSE,0.21436985168598977
2025-02-06,PSE,0.18377399077472972
2025-02-07,PSE,0.17911667040046933
2025-02-08,PSE,0.1636983037078854
2025-02-09,PSE,0.1636983037078854
2025-02-10,PSE,0.1636983037078854
2025-02-11,PSE,0.1847110687384543
2025-02-12,PSE,0.2378775956179684
2025-02-13,PSE,0.2123922318801197
2025-02-14,PSE,0.2123922318801197
2025-02-15,PSE,0.2123922318801197
2025-02-16,PSE,0.2123922318801197
2025-02-17,PSE,0.19922864959031925
2025-02-18,PSE,0.1795233537553764
2025-02-19,PSE,0.27869982440589597
2025-02-20,PSE,0.18600399199105946
2025-02-21,PSE,0.18126930894479804
2025-02-22,PSE,0.18824634806042762
2025-02-23,PSE,0.20086631758846876
2025-02-24,PSE,0.18824634806042762
2025-02-25,PSE,0.13289925226173538
2025-02-26,PSE,0.11986924939094115
2025-02-27,PSE,0.26349765961159566
2025-02-28,PSE,0.1942551718663174
2025-03-01,PSE,0.1106966276688699
2025-03-02,PSE,0.1106966276688699
2025-03-03,PSE,0.1106966276688699
2025-03-04,PSE,0.1266525275530335
2025-03-05,PSE,0.12505559619570314
2025-03-06,PSE,0.13583423035812506
2025-03-07,PSE,0.1587449328568633
2025-03-08,PSE,0.2238081849318752
2025-03-09,PSE,0.181494102899998
2025-03-10,PSE,0.181494102899998
2025-03-11,PSE,0.12444677022934697
2025-03-12,PSE,0.2149884149395539
2025-03-13,PSE,0.23571089035195103
2025-03-14,PSE,0.18451053656044517
2025-03-15,PSE,0.17452152354980924
2025-03-16,PSE,0.17452152354980924
2025-03-17,PSE,0.15084646549988512
2025-03-18,PSE,0.1317126826156756
2025-03-19,PSE,0.1317126826156756
2025-03-20,PSE,0.1317126826156756
2025-03-21,PSE,0.1317126826156756
2025-03-22,PSE,0.10365130828665085
2025-03-23,PSE,0.10365130828665085
2025-03-24,PSE,0.10365130828665085
2025-03-25,PSE,0.13451224826199876
2025-03-26,PSE,0.14466002653416038
2025-03-27,PSE,0.17965955751243326
2025-03-28,PSE,0.20618434852112968
2024-07-01,ISR,0.42358454396358336
2024-07-02,ISR,0.4105246109026953
2024-07-03,ISR,0.42358454396358336
2024-07-04,ISR,0.42358454396358336
2024-07-05,ISR,0.42358454396358336
2024-07-06,ISR,0.42358454396358336
2024-07-07,ISR,0.42358454396358336
2024-07-08,ISR,0.42358454396358336
2024-07-09,ISR,0.42358454396358336
2024-07-10,ISR,0.269001042780723
2024-07-11,ISR,0.269001042780723
2024-07-12,ISR,0.29723567098566717
2024-07-13,ISR,0.2926030117954294
2024-07-14,ISR,0.2926030117954294
2024-07-15,ISR,0.2926030117954294
2024-07-16,ISR,0.29723567098566717
2024-07-17,ISR,0.4290332424852778
2024-07-18,ISR,0.35105520047194333
2024-07-19,ISR,0.3488917750715623
2024-07-20,ISR,0.33678920839651716
2024-07-21,ISR,0.23471935776644454
2024-07-22,ISR,0.23471935776644454
2024-07-23,ISR,0.23311941493135818
2024-07-24,ISR,0.2311030774034398
2024-07-25,ISR,0.2709832542039647
2024-07-26,ISR,0.23340589233404013
2024-07-27,ISR,0.22716796572684203
2024-07-28,ISR,0.3118470429434924
2024-07-29,ISR,0.2957016633510311
2024-07-30,ISR,0.300362551330405
2024-07-31,ISR,0.3030834626409712
2024-08-01,ISR,0.3070112334684397
2024-08-02,ISR,0.3422743251141691
2024-08-03,ISR,0.34883195346983126
2024-08-04,ISR,0.3327298163786217
2024-08-05,ISR,0.4365770177358788
2024-08-06,ISR,0.3270519977625438
2024-08-07,ISR,0.3000715395287071
2024-08-08,ISR,0.3000715395287071
2024-08-09,ISR,0.31623464281993485
2024-08-10,ISR,0.33100581448298266
2024-08-11,ISR,0.1698176680040566
2024-08-12,ISR,0.1698176680040566
2024-08-13,ISR,0.17141850776544237
2024-08-14,ISR,0.22256165178071113
2024-08-15,ISR,0.2203350762584559
2024-08-16,ISR,0.2203350762584559
2024-08-17,ISR,0.2203350762584559
2024-08-18,ISR,0.33073195628554464
2024-08-19,ISR,0.33073195628554464
2024-08-20,ISR,0.4338290015378185
2024-08-21,ISR,0.43158245542831447
2024-08-22,ISR,0.4185958198394282
2024-08-23,ISR,0.427184712635212
2024-08-24,ISR,0.42048427951709577
2024-08-25,ISR,0.3293963535750444
2024-08-26,ISR,0.30443663382316793
2024-08-27,ISR,0.30443663382316793
2024-08-28,ISR,0.30798678734165297
2024-08-29,ISR,0.3013261648147354
2024-08-30,ISR,0.3194271812588368
2024-08-31,ISR,0.2996209885231862
2024-09-01,ISR,0.2915034640033328
2024-09-02,ISR,0.30751970705167886
2024-09-03,ISR,0.30751970705167886
2024-09-04,ISR,0.32370863218483475
2024-09-05,ISR,0.3250893641636535
2024-09-06,ISR,0.3166696987481596
2024-09-07,ISR,0.34101071214248974
2024-09-08,ISR,0.42349814016908566
2024-09-09,ISR,0.42349814016908566
2024-09-10,ISR,0.4270971285184094
2024-09-11,ISR,0.4216548600762363
2024-09-12,ISR,0.4346654483150989
2024-09-13,ISR,0.42802296542914364
2024-09-14,ISR,0.42802296542914364
2024-09-15,ISR,0.42802296542914364
2024-09-16,ISR,0.4156712868789944
2024-09-17,ISR,0.42802296542914364
2024-09-18,ISR,0.4182041070895858
2024-09-19,ISR,0.4113183540497229
2024-09-20,ISR,0.4028241308389668
2024-09-21,ISR,0.4028241308389668
2024-09-22,ISR,0.4028241308389668
2024-09-23,ISR,0.4028241308389668
2024-09-24,ISR,0.4028241308389668
2024-09-25,ISR,0.3307466039340913
2024-09-26,ISR,0.33478994207297164
2024-09-27,ISR,0.32624499455601186
2024-09-28,ISR,0.33116094315479566
2024-09-29,ISR,0.33116094315479566
2024-09-30,ISR,0.24324946988485285
2024-10-01,ISR,0.29113036506892
2024-10-02,ISR,0.30769976888649203
2024-10-03,ISR,0.3456402599538987
2024-10-04,ISR,0.3456402599538987
2024-10-05,ISR,0.35788925325140714
2024-10-06,ISR,0.35788925325140714
2024-10-07,ISR,0.4147527939960915
2024-10-08,ISR,0.16002750351781275
2024-10-09,ISR,0.1427836237273137
2024-10-10,ISR,0.1381887323518978
2024-10-11,ISR,0.1381887323518978
2024-10-12,ISR,0.14471179055139385
2024-10-13,ISR,0.1724996700711959
2024-10-14,ISR,0.1724996700711959
2024-10-15,ISR,0.15998901818952602
2024-10-16,ISR,0.15831991388148528
2024-10-17,ISR,0.15831991388148528
2024-10-18,ISR,0.20317258670779065
2024-10-19,ISR,0.2119118375875985
2024-10-20,ISR,0.2119118375875985
2024-10-21,ISR,0.2119118375875985
2024-10-22,ISR,0.1963017340083503
2024-10-23,ISR,0.2119118375875985
2024-10-24,ISR,0.20317258670779065
2024-10-25,ISR,0.21691826913463794
2024-10-26,ISR,0.17283920581182263
2024-10-27,ISR,0.17080605241186844
2024-10-28,ISR,0.17080605241186844
2024-10-29,ISR,0.187122846856917
2024-10-30,ISR,0.2206695901452153
2024-10-31,ISR,0.17279187151917677
2024-11-01,ISR,0.20207754265645486
2024-11-02,ISR,0.20852924187475616
2024-11-03,ISR,0.18621404369231642
2024-11-04,ISR,0.18621404369231642
2024-11-05,ISR,0.20425439040708496
2024-11-06,ISR,0.19804595343103276
2024-11-07,ISR,0.20426589476332438
2024-11-08,ISR,0.20426589476332438
2024-11-09,ISR,0.20426589476332438
2024-11-10,ISR,0.19117001142032536
2024-11-11,ISR,0.19117001142032536
2024-11-12,ISR,0.16171821516586948
2024-11-13,ISR,0.18508355529022655
2024-11-14,ISR,0.32022306758016
2024-11-15,ISR,0.3057259800755339
2024-11-16,ISR,0.32394040374702643
2024-11-17,ISR,0.308443011180186
2024-11-18,ISR,0.308443011180186
2024-11-19,ISR,0.20720768554798097
2024-11-20,ISR,0.2622510248085919
2024-11-21,ISR,0.23912067126412276
2024-11-22,ISR,0.23921912116360597
2024-11-23,ISR,0.25806705635393845
2024-11-24,ISR,0.25806705635393845
2024-11-25,ISR,0.24142157859046365
2024-11-26,ISR,0.3214294076376228
2024-11-27,ISR,0.32142115581427866
2024-11-28,ISR,0.3281888848550846
2024-11-29,ISR,0.3281888848550846
2024-11-30,ISR,0.3281888848550846
2024-12-01,ISR,0.3281888848550846
2024-12-02,ISR,0.33244607588799946
2024-12-03,ISR,0.3211462358248139
2024-12-04,ISR,0.3211462358248139
2024-12-05,ISR,0.4226906644529923
2024-12-06,ISR,0.40963870545614195
2024-12-07,ISR,0.4077897718801305
2024-12-08,ISR,0.4077897718801305
2024-12-09,ISR,0.4077897718801305
2024-12-10,ISR,0.4438817841009223
2024-12-11,ISR,0.426264264449761
2024-12-12,ISR,0.4208248131771943
2024-12-13,ISR,0.426264264449761
2024-12-14,ISR,0.4263965855856758
2024-12-15,ISR,0.4263965855856758
2024-12-16,ISR,0.4263965855856758
2024-12-17,ISR,0.41087705569224015
2024-12-18,ISR,0.41087705569224015
2024-12-19,ISR,0.42679464846029946
2024-12-20,ISR,0.409356104290662
2024-12-21,ISR,0.4141379439778957
2024-12-22,ISR,0.4141379439778957
2024-12-23,ISR,0.4141379439778957
2024-12-24,ISR,0.41100802207627635
2024-12-25,ISR,0.323702061914797
2024-12-26,ISR,0.3354432443417005
2024-12-27,ISR,0.34536954624335375
2024-12-28,ISR,0.30030690853101527
2024-12-29,ISR,0.30030690853101527
2024-12-30,ISR,0.2897736243447302
2024-12-31,ISR,0.2860935925008508
2025-01-01,ISR,0.2971907496340972
2025-01-02,ISR,0.3422911487857211
2025-01-03,ISR,0.2900349328910787
2025-01-04,ISR,0.28284195854793703
2025-01-05,ISR,0.28284195854793703
2025-01-06,ISR,0.28284195854793703
2025-01-07,ISR,0.2929349519421191
2025-01-08,ISR,0.30501536128168727
2025-01-09,ISR,0.2900349328910787
2025-01-10,ISR,0.3251221160195963
2025-01-11,ISR,0.33002943272442836
2025-01-12,ISR,0.33002943272442836
2025-01-13,ISR,0.33002943272442836
2025-01-14,ISR,0.33002943272442836
2025-01-15,ISR,0.33002943272442836
2025-01-16,ISR,0.3359743980752981
2025-01-17,ISR,0.35862001021973944
2025-01-18,ISR,0.3709330610577512
2025-01-19,ISR,0.3709330610577512
2025-01-20,ISR,0.5265139090433102
2025-01-21,ISR,0.3709330610577512
2025-01-22,ISR,0.3709330610577512
2025-01-23,ISR,0.35862001021973944
2025-01-24,ISR,0.35862001021973944
2025-01-25,ISR,0.28016204457967897
2025-01-26,ISR,0.28016204457967897
2025-01-27,ISR,0.28016204457967897
2025-01-28,ISR,0.2676531157453985
2025-01-29,ISR,0.23488110025120706
2025-01-30,ISR,0.21094654653776598
2025-01-31,ISR,0.21092842751980292
2025-02-01,ISR,0.29673190972411434
2025-02-02,ISR,0.29673190972411434
2025-02-03,ISR,0.29673190972411434
2025-02-04,ISR,0.5506106212418785
2025-02-05,ISR,0.5506106212418785
2025-02-06,ISR,0.5418877426825317
2025-02-07,ISR,0.5418877426825317
2025-02-08,ISR,0.55095871686367
2025-02-09,ISR,0.55095871686367
2025-02-10,ISR,0.55095871686367
2025-02-11,ISR,0.5640677994994545
2025-02-12,ISR,0.55095871686367
2025-02-13,ISR,0.55095871686367
2025-02-14,ISR,0.55095871686367
2025-02-15,ISR,0.5640677994994545
2025-02-16,ISR,0.5640677994994545
2025-02-17,ISR,0.5640677994994545
2025-02-18,ISR,0.55095871686367
2025-02-19,ISR,0.55095871686367
2025-02-20,ISR,0.5247941358494339
2025-02-21,ISR,0.5303468847041078
2025-02-22,ISR,0.5335623325381045
2025-02-23,ISR,0.5335623325381045
2025-02-24,ISR,0.500779192002614
2025-02-25,ISR,0.500779192002614
2025-02-26,ISR,0.500779192002614
2025-02-27,ISR,0.25907322697939267
2025-02-28,ISR,0.23321672827054785
2025-03-01,ISR,0.25907322697939267
2025-03-02,ISR,0.25907322697939267
2025-03-03,ISR,0.25907322697939267
2025-03-04,ISR,0.2719106856095642
2025-03-05,ISR,0.3011293420060483
2025-03-06,ISR,0.1266968153583973
2025-03-07,ISR,0.14123410666344607
2025-03-08,ISR,0.13276097528691172
2025-03-09,ISR,0.13276097528691172
2025-03-10,ISR,0.11661791342538623
2025-03-11,ISR,0.11848144619487809
2025-03-12,ISR,0.11637937711328417
2025-03-13,ISR,0.142413117254612
2025-03-14,ISR,0.1458287031088468
2025-03-15,ISR,0.14853288101970047
2025-03-16,ISR,0.14853288101970047
2025-03-17,ISR,0.5339349814402906
2025-03-18,ISR,0.5319996371279977
2025-03-19,ISR,0.5285699369020297
2025-03-20,ISR,0.541234936713123
2025-03-21,ISR,0.19667867307016218
2025-03-22,ISR,0.25520085831634415
2025-03-23,ISR,0.25520085831634415
2025-03-24,ISR,0.2623244145259833
2025-03-25,ISR,0.26104718954581246
2025-03-26,ISR,0.24839905282268315
2025-03-27,ISR,0.23423713287437237
2025-03-28,ISR,0.42364878345165685
2024-07-01,SYR,0.3238085990139338
2024-07-02,SYR,0.3739330212208565
2024-07-03,SYR,0.35931167000724473
2024-07-04,SYR,0.34396852703081876
2024-07-05,SYR,0.35831470396633996
2024-07-06,SYR,0.36275458684204187
2024-07-07,SYR,0.3873959862367732
2024-07-08,SYR,0.3364366928808113
2024-07-09,SYR,0.30651949010657475
2024-07-10,SYR,0.29790344925859735
2024-07-11,SYR,0.29790344925859735
2024-07-12,SYR,0.29790344925859735
2024-07-13,SYR,0.3004227576087805
2024-07-14,SYR,0.3040970817820832
2024-07-15,SYR,0.2909374518364529
2024-07-16,SYR,0.2814911661641672
2024-07-17,SYR,0.39060075506805003
2024-07-18,SYR,0.29110181205417457
2024-07-19,SYR,0.30356242453195337
2024-07-20,SYR,0.30356242453195337
2024-07-21,SYR,0.2935869105665756
2024-07-22,SYR,0.32651369445824724
2024-07-23,SYR,0.32062383884162043
2024-07-24,SYR,0.2231175799577109
2024-07-25,SYR,0.2654356884126214
2024-07-26,SYR,0.31494318325199977
2024-07-27,SYR,0.30757015887487915
2024-07-28,SYR,0.30757015887487915
2024-07-29,SYR,0.30757015887487915
2024-07-30,SYR,0.3054583850034304
2024-07-31,SYR,0.33500524191858333
2024-08-01,SYR,0.30862525487574377
2024-08-02,SYR,0.3069822599069465
2024-08-03,SYR,0.3122853567460076
2024-08-04,SYR,0.31083912070095115
2024-08-05,SYR,0.2974544789378838
2024-08-06,SYR,0.3748316171086235
2024-08-07,SYR,0.3375045445393035
2024-08-08,SYR,0.3375045445393035
2024-08-09,SYR,0.27830270265504176
2024-08-10,SYR,0.28194040492692146
2024-08-11,SYR,0.283914434371447
2024-08-12,SYR,0.2798567380301802
2024-08-13,SYR,0.3094593169479236
2024-08-14,SYR,0.30005612635705636
2024-08-15,SYR,0.27663313129348327
2024-08-16,SYR,0.2981808197497189
2024-08-17,SYR,0.2597910270672987
2024-08-18,SYR,0.17127632485688457
2024-08-19,SYR,0.17797108226397196
2024-08-20,SYR,0.1508836216291208
2024-08-21,SYR,0.1684752334040155
2024-08-22,SYR,0.1280219226950548
2024-08-23,SYR,0.19399850165667246
2024-08-24,SYR,0.2580031884830995
2024-08-25,SYR,0.26135252108711454
2024-08-26,SYR,0.30012832027928443
2024-08-27,SYR,0.2580031884830995
2024-08-28,SYR,0.25008077479096513
2024-08-29,SYR,0.25090333263347386
2024-08-30,SYR,0.2524887540677711
2024-08-31,SYR,0.28791625956746025
2024-09-01,SYR,0.2843575558980986
2024-09-02,SYR,0.2843575558980986
2024-09-03,SYR,0.2886649725586822
2024-09-04,SYR,0.24149611886505062
2024-09-05,SYR,0.25506363486575195
2024-09-06,SYR,0.24156169027475524
2024-09-07,SYR,0.29178904525673394
2024-09-08,SYR,0.3513902507553973
2024-09-09,SYR,0.3734848373509836
2024-09-10,SYR,0.2601976658390812
2024-09-11,SYR,0.22777665871837707
2024-09-12,SYR,0.26297980962730694
2024-09-13,SYR,0.20376982177674552
2024-09-14,SYR,0.2545310006740494
2024-09-15,SYR,0.20263837396782575
2024-09-16,SYR,0.20263837396782575
2024-09-17,SYR,0.20263837396782575
2024-09-18,SYR,0.21927996534059244
2024-09-19,SYR,0.24123852851079167
2024-09-20,SYR,0.24964489706898207
2024-09-21,SYR,0.24481574800460706
2024-09-22,SYR,0.24481574800460706
2024-09-23,SYR,0.25473401370917054
2024-09-24,SYR,0.25243811844620606
2024-09-25,SYR,0.2418384251469694
2024-09-26,SYR,0.19138893374017052
2024-09-27,SYR,0.16695037055019304
2024-09-28,SYR,0.1632135509865312
2024-09-29,SYR,0.1632135509865312
2024-09-30,SYR,0.18508006179159445
2024-10-01,SYR,0.18104006381001933
2024-10-02,SYR,0.1918901304119149
2024-10-03,SYR,0.2444723314357434
2024-10-04,SYR,0.24513973933381245
2024-10-05,SYR,0.24513973933381245
2024-10-06,SYR,0.24513973933381245
2024-10-07,SYR,0.24513973933381245
2024-10-08,SYR,0.25877344074542996
2024-10-09,SYR,0.25877344074542996
2024-10-10,SYR,0.24513973933381245
2024-10-11,SYR,0.2264360169497134
2024-10-12,SYR,0.23425878900736005
2024-10-13,SYR,0.2580690193077596
2024-10-14,SYR,0.2580690193077596
2024-10-15,SYR,0.2672687792325521
2024-10-16,SYR,0.22596339032138066
2024-10-17,SYR,0.25387685189599063
2024-10-18,SYR,0.2361905278901795
2024-10-19,SYR,0.24269523801603396
2024-10-20,SYR,0.25877997698367705
2024-10-21,SYR,0.24981569381111096
2024-10-22,SYR,0.28328633629707106
2024-10-23,SYR,0.22995659422302453
2024-10-24,SYR,0.178728104509981
2024-10-25,SYR,0.19085896696773477
2024-10-26,SYR,0.18901021089522885
2024-10-27,SYR,0.18901021089522885
2024-10-28,SYR,0.18901021089522885
2024-10-29,SYR,0.2326810716975477
2024-10-30,SYR,0.2326810716975477
2024-10-31,SYR,0.2326810716975477
2024-11-01,SYR,0.2628902624355565
2024-11-02,SYR,0.15362238822708515
2024-11-03,SYR,0.15362238822708515
2024-11-04,SYR,0.15362238822708515
2024-11-05,SYR,0.17141798760377985
2024-11-06,SYR,0.14784646656106248
2024-11-07,SYR,0.17083221746633032
2024-11-08,SYR,0.20078642515398343
2024-11-09,SYR,0.19596570900641413
2024-11-10,SYR,0.1964529231505438
2024-11-11,SYR,0.24767118818250292
2024-11-12,SYR,0.24709601065839198
2024-11-13,SYR,0.3878101016715951
2024-11-14,SYR,0.25035152325994353
2024-11-15,SYR,0.23790239746033467
2024-11-16,SYR,0.23302169876099404
2024-11-17,SYR,0.23302169876099404
2024-11-18,SYR,0.23302169876099404
2024-11-19,SYR,0.26698735416882824
2024-11-20,SYR,0.26698735416882824
2024-11-21,SYR,0.2282071381982506
2024-11-22,SYR,0.19223195306683025
2024-11-23,SYR,0.18500553740259545
2024-11-24,SYR,0.193245290223279
2024-11-25,SYR,0.193245290223279
2024-11-26,SYR,0.1765761570639037
2024-11-27,SYR,0.17728863181314142
2024-11-28,SYR,0.19145319824575377
2024-11-29,SYR,0.18373536683964645
2024-11-30,SYR,0.18137013905414123
2024-12-01,SYR,0.18137013905414123
2024-12-02,SYR,0.14072155705693795
2024-12-03,SYR,0.13630542833560894
2024-12-04,SYR,0.17744136901299645
2024-12-05,SYR,0.21259033884459452
2024-12-06,SYR,0.19701936973432618
2024-12-07,SYR,0.21182738734601084
2024-12-08,SYR,0.21182738734601084
2024-12-09,SYR,0.21576546730503665
2024-12-10,SYR,0.17633560424550765
2024-12-11,SYR,0.18859151556868298
2024-12-12,SYR,0.19043713795351505
2024-12-13,SYR,0.16306393795321322
2024-12-14,SYR,0.21060632061725912
2024-12-15,SYR,0.21060632061725912
2024-12-16,SYR,0.21060632061725912
2024-12-17,SYR,0.19022781798669106
2024-12-18,SYR,0.19022781798669106
2024-12-19,SYR,0.2655240434835934
2024-12-20,SYR,0.20337107101550703
2024-12-21,SYR,0.22991192920571699
2024-12-22,SYR,0.22991192920571699
2024-12-23,SYR,0.22991192920571699
2024-12-24,SYR,0.35538514560074275
2024-12-25,SYR,0.38154905982225595
2024-12-26,SYR,0.38154905982225595
2024-12-27,SYR,0.36114510519739107
2024-12-28,SYR,0.3161557101706744
2024-12-29,SYR,0.3161557101706744
2024-12-30,SYR,0.3161557101706744
2024-12-31,SYR,0.2842746124879481
2025-01-01,SYR,0.28697385198830405
2025-01-02,SYR,0.28697385198830405
2025-01-03,SYR,0.257616141423393
2025-01-04,SYR,0.2936110852795272
2025-01-05,SYR,0.2936110852795272
2025-01-06,SYR,0.2936110852795272
2025-01-07,SYR,0.3527968875746599
2025-01-08,SYR,0.31547382357092535
2025-01-09,SYR,0.31547382357092535
2025-01-10,SYR,0.31524128931913065
2025-01-11,SYR,0.29798536516721524
2025-01-12,SYR,0.29798536516721524
2025-01-13,SYR,0.29798536516721524
2025-01-14,SYR,0.2943041915719605
2025-01-15,SYR,0.26758076496962185
2025-01-16,SYR,0.3257793657336136
2025-01-17,SYR,0.29372539896457445
2025-01-18,SYR,0.3257793657336136
2025-01-19,SYR,0.3206284412383822
2025-01-20,SYR,0.3257793657336136
2025-01-21,SYR,0.3257793657336136
2025-01-22,SYR,0.31406751075132416
2025-01-23,SYR,0.31406751075132416
2025-01-24,SYR,0.26238049191369334
2025-01-25,SYR,0.26238049191369334
2025-01-26,SYR,0.2514909073346062
2025-01-27,SYR,0.2514909073346062
2025-01-28,SYR,0.22122187653674844
2025-01-29,SYR,0.21968463261581525
2025-01-30,SYR,0.24615552243655522
2025-01-31,SYR,0.24615552243655522
2025-02-01,SYR,0.19108114348078054
2025-02-02,SYR,0.19108114348078054
2025-02-03,SYR,0.19108114348078054
2025-02-04,SYR,0.19219743887657909
2025-02-05,SYR,0.22092239270822508
2025-02-06,SYR,0.29705295230150197
2025-02-07,SYR,0.2774756238788718
2025-02-08,SYR,0.2774756238788718
2025-02-09,SYR,0.2774756238788718
2025-02-10,SYR,0.22907353076947
2025-02-11,SYR,0.2514909073346062
2025-02-12,SYR,0.2514909073346062
2025-02-13,SYR,0.22907353076947
2025-02-14,SYR,0.22907353076947
2025-02-15,SYR,0.2638022120593534
2025-02-16,SYR,0.2638022120593534
2025-02-17,SYR,0.28535540864783576
2025-02-18,SYR,0.28535540864783576
2025-02-19,SYR,0.2724104359890927
2025-02-20,SYR,0.2538706413181721
2025-02-21,SYR,0.2558498680421566
2025-02-22,SYR,0.25238481978004185
2025-02-23,SYR,0.25238481978004185
2025-02-24,SYR,0.25238481978004185
2025-02-25,SYR,0.25238481978004185
2025-02-26,SYR,0.2678040416123666
2025-02-27,SYR,0.2479675486172853
2025-02-28,SYR,0.2307333905989358
2025-03-01,SYR,0.26094804922222775
2025-03-02,SYR,0.31120397018793833
2025-03-03,SYR,0.2900771362956995
2025-03-04,SYR,0.2878610641774637
2025-03-05,SYR,0.2700671089346677
2025-03-06,SYR,0.3447636841859944
2025-03-07,SYR,0.26645026958031043
2025-03-08,SYR,0.2533309413596243
2025-03-09,SYR,0.23079209854309826
2025-03-10,SYR,0.20838280231590905
2025-03-11,SYR,0.20838280231590905
2025-03-12,SYR,0.20669693091153582
2025-03-13,SYR,0.2218112164313923
2025-03-14,SYR,0.17577305134661192
2025-03-15,SYR,0.20583382112569817
2025-03-16,SYR,0.19762345249217225
2025-03-17,SYR,0.20866406502112023
2025-03-18,SYR,0.20747895108470016
2025-03-19,SYR,0.19535348575462902
2025-03-20,SYR,0.20747895108470016
2025-03-21,SYR,0.2346035539747982
2025-03-22,SYR,0.2248831176096901
2025-03-23,SYR,0.21426305815966176
2025-03-24,SYR,0.20773817659002733
2025-03-25,SYR,0.19925713863043307
2025-03-26,SYR,0.25657803220276615
2025-03-27,SYR,0.2638908917002026
2025-03-28,SYR,0.23119867764543944
2024-07-01,YEM,0.33380409351434165
2024-07-02,YEM,0.33774400564606977
2024-07-03,YEM,0.33380409351434165
2024-07-04,YEM,0.2937824406229224
2024-07-05,YEM,0.3110154831787262
2024-07-06,YEM,0.2937824406229224
2024-07-07,YEM,0.2567094467098329
2024-07-08,YEM,0.23180810779390768
2024-07-09,YEM,0.2443523568721787
2024-07-10,YEM,0.22967528825607716
2024-07-11,YEM,0.20387161959068653
2024-07-12,YEM,0.18631652727393455
2024-07-13,YEM,0.21084756461022217
2024-07-14,YEM,0.29009879256023136
2024-07-15,YEM,0.264850789825842
2024-07-16,YEM,0.2552105312659445
2024-07-17,YEM,0.2552105312659445
2024-07-18,YEM,0.3038317610655465
2024-07-19,YEM,0.3245209392260276
2024-07-20,YEM,0.2256467096213989
2024-07-21,YEM,0.18650746243868135
2024-07-22,YEM,0.19508236378995536
2024-07-23,YEM,0.17039546704938388
2024-07-24,YEM,0.14301523769508565
2024-07-25,YEM,0.14823535056099973
2024-07-26,YEM,0.16233944851117776
2024-07-27,YEM,0.14597167791392962
2024-07-28,YEM,0.1452732296392012
2024-07-29,YEM,0.1408219040389631
2024-07-30,YEM,0.14378757187303828
2024-07-31,YEM,0.15013161385478432
2024-08-01,YEM,0.16903423816767627
2024-08-02,YEM,0.15167120881568677
2024-08-03,YEM,0.2704162859201124
2024-08-04,YEM,0.2704162859201124
2024-08-05,YEM,0.2704162859201124
2024-08-06,YEM,0.3107435795096923
2024-08-07,YEM,0.3930533023186632
2024-08-08,YEM,0.3895242072427924
2024-08-09,YEM,0.3426913348210201
2024-08-10,YEM,0.2503704386876452
2024-08-11,YEM,0.2503704386876452
2024-08-12,YEM,0.2503704386876452
2024-08-13,YEM,0.33772040085518834
2024-08-14,YEM,0.18647604627269926
2024-08-15,YEM,0.16976885719077875
2024-08-16,YEM,0.18512285327080874
2024-08-17,YEM,0.17376906644492596
2024-08-18,YEM,0.18453657301535595
2024-08-19,YEM,0.18453657301535595
2024-08-20,YEM,0.19333836662462983
2024-08-21,YEM,0.19233572819806272
2024-08-22,YEM,0.18981155342433995
2024-08-23,YEM,0.14535654868170483
2024-08-24,YEM,0.14012128130925122
2024-08-25,YEM,0.1341294614984799
2024-08-26,YEM,0.1341294614984799
2024-08-27,YEM,0.1341294614984799
2024-08-28,YEM,0.14157532151595903
2024-08-29,YEM,0.14012128130925122
2024-08-30,YEM,0.1987065104831731
2024-08-31,YEM,0.1795135321578325
2024-09-01,YEM,0.22384877170803896
2024-09-02,YEM,0.2027469483370975
2024-09-03,YEM,0.3431811621793295
2024-09-04,YEM,0.34653556904189786
2024-09-05,YEM,0.36585180420015506
2024-09-06,YEM,0.37858521934536565
2024-09-07,YEM,0.3752484101254517
2024-09-08,YEM,0.3601124018751611
2024-09-09,YEM,0.2770438333912276
2024-09-10,YEM,0.2777437681668162
2024-09-11,YEM,0.2731992729031533
2024-09-12,YEM,0.2712554735632713
2024-09-13,YEM,0.20531470411252048
2024-09-14,YEM,0.182528256246251
2024-09-15,YEM,0.182528256246251
2024-09-16,YEM,0.1658168813762999
2024-09-17,YEM,0.15728104644661117
2024-09-18,YEM,0.14928510136825415
2024-09-19,YEM,0.16101162018107934
2024-09-20,YEM,0.1493633311697933
2024-09-21,YEM,0.1265258511451336
2024-09-22,YEM,0.1440840794183631
2024-09-23,YEM,0.1628526551598697
2024-09-24,YEM,0.18694264663840898
2024-09-25,YEM,0.2243213483587721
2024-09-26,YEM,0.22189579169207224
2024-09-27,YEM,0.21477627303650318
2024-09-28,YEM,0.24430012262789133
2024-09-29,YEM,0.19347149084439233
2024-09-30,YEM,0.16225696142056342
2024-10-01,YEM,0.20945424484268144
2024-10-02,YEM,0.23789387598425865
2024-10-03,YEM,0.240471773624993
2024-10-04,YEM,0.24954671790366448
2024-10-05,YEM,0.23514219057532446
2024-10-06,YEM,0.18458156628758626
2024-10-07,YEM,0.18197370109804772
2024-10-08,YEM,0.18136573776656925
2024-10-09,YEM,0.1617547037046912
2024-10-10,YEM,0.17426839582279768
2024-10-11,YEM,0.1717755453612251
2024-10-12,YEM,0.1775497469239471
2024-10-13,YEM,0.19848292485512534
2024-10-14,YEM,0.19848292485512534
2024-10-15,YEM,0.23063021044373663
2024-10-16,YEM,0.2840264990563912
2024-10-17,YEM,0.28747971535044287
2024-10-18,YEM,0.2410343030417362
2024-10-19,YEM,0.250889359414217
2024-10-20,YEM,0.250889359414217
2024-10-21,YEM,0.23076563470570166
2024-10-22,YEM,0.21089187365964585
2024-10-23,YEM,0.22269931738061138
2024-10-24,YEM,0.16284520213543432
2024-10-25,YEM,0.20373103916123483
2024-10-26,YEM,0.22124049645229288
2024-10-27,YEM,0.2407936022587328
2024-10-28,YEM,0.20773345128497944
2024-10-29,YEM,0.23546316379772098
2024-10-30,YEM,0.1964959433035585
2024-10-31,YEM,0.20773345128497944
2024-11-01,YEM,0.22310628903107366
2024-11-02,YEM,0.21687876242748733
2024-11-03,YEM,0.2295541654356398
2024-11-04,YEM,0.19662307429365197
2024-11-05,YEM,0.22521759711435688
2024-11-06,YEM,0.21744138442016755
2024-11-07,YEM,0.24445353053661575
2024-11-08,YEM,0.2500960179490061
2024-11-09,YEM,0.24445353053661575
2024-11-10,YEM,0.29374181322450665
2024-11-11,YEM,0.21461184742538558
2024-11-12,YEM,0.20202682391035062
2024-11-13,YEM,0.3162198661342226
2024-11-14,YEM,0.2406064650615456
2024-11-15,YEM,0.2304803357538939
2024-11-16,YEM,0.288290127234981
2024-11-17,YEM,0.2546482790317543
2024-11-18,YEM,0.278453875996257
2024-11-19,YEM,0.292000707850586
2024-11-20,YEM,0.1676139007278949
2024-11-21,YEM,0.22613124443688315
2024-11-22,YEM,0.22103049250666074
2024-11-23,YEM,0.22519447107637444
2024-11-24,YEM,0.22573395240446095
2024-11-25,YEM,0.18387644317299173
2024-11-26,YEM,0.18384972557499696
2024-11-27,YEM,0.19474099851790103
2024-11-28,YEM,0.21250088085290833
2024-11-29,YEM,0.20469700639163296
2024-11-30,YEM,0.22602030783901436
2024-12-01,YEM,0.22602030783901436
2024-12-02,YEM,0.22602030783901436
2024-12-03,YEM,0.2640408789200608
2024-12-04,YEM,0.24924945920320926
2024-12-05,YEM,0.24924945920320926
2024-12-06,YEM,0.2464351827871678
2024-12-07,YEM,0.2911675401225923
2024-12-08,YEM,0.20640927918988902
2024-12-09,YEM,0.2499910959196725
2024-12-10,YEM,0.2453272000911368
2024-12-11,YEM,0.2080713445663462
2024-12-12,YEM,0.240173773225284
2024-12-13,YEM,0.17939787250301753
2024-12-14,YEM,0.17927844905774654
2024-12-15,YEM,0.17927844905774654
2024-12-16,YEM,0.2075300496512682
2024-12-17,YEM,0.15957475673451552
2024-12-18,YEM,0.18991879877992243
2024-12-19,YEM,0.19972584080601266
2024-12-20,YEM,0.20022007550819135
2024-12-21,YEM,0.1840302916043116
2024-12-22,YEM,0.18399879777023204
2024-12-23,YEM,0.21292159409392633
2024-12-24,YEM,0.16459638147370415
2024-12-25,YEM,0.15906248055601513
2024-12-26,YEM,0.16336110359813305
2024-12-27,YEM,0.16336110359813305
2024-12-28,YEM,0.17361920677540874
2024-12-29,YEM,0.17361920677540874
2024-12-30,YEM,0.15209566327289512
2024-12-31,YEM,0.14982335355436951
2025-01-01,YEM,0.1842164820768389
2025-01-02,YEM,0.1842164820768389
2025-01-03,YEM,0.18429475357571287
2025-01-04,YEM,0.15202402184659308
2025-01-05,YEM,0.15202402184659308
2025-01-06,YEM,0.15428362899198703
2025-01-07,YEM,0.16220353854331038
2025-01-08,YEM,0.17751554335511355
2025-01-09,YEM,0.16650819101753056
2025-01-10,YEM,0.16174211321891024
2025-01-11,YEM,0.21532159695418027
2025-01-12,YEM,0.22500396112959528
2025-01-13,YEM,0.22500396112959528
2025-01-14,YEM,0.2227426147125493
2025-01-15,YEM,0.2055847391689878
2025-01-16,YEM,0.2236297859175052
2025-01-17,YEM,0.19907079696234992
2025-01-18,YEM,0.201446027443919
2025-01-19,YEM,0.17721256290116044
2025-01-20,YEM,0.14938365652777946
2025-01-21,YEM,0.14938365652777946
2025-01-22,YEM,0.13649732974449905
2025-01-23,YEM,0.12377392773612043
2025-01-24,YEM,0.1673958172869564
2025-01-25,YEM,0.2084586359666671
2025-01-26,YEM,0.204448420277206
2025-01-27,YEM,0.20162927206536452
2025-01-28,YEM,0.1931831038090833
2025-01-29,YEM,0.19833454347827226
2025-01-30,YEM,0.19179271439369996
2025-01-31,YEM,0.21692520993530381
2025-02-01,YEM,0.20499339990994345
2025-02-02,YEM,0.20499339990994345
2025-02-03,YEM,0.23810284295058573
2025-02-04,YEM,0.24160553748226118
2025-02-05,YEM,0.2465326036261184
2025-02-06,YEM,0.24485375366427306
2025-02-07,YEM,0.2420731057824246
2025-02-08,YEM,0.2420731057824246
2025-02-09,YEM,0.2271119741396542
2025-02-10,YEM,0.2271119741396542
2025-02-11,YEM,0.22884850841288004
2025-02-12,YEM,0.2006465450139192
2025-02-13,YEM,0.19394432264425596
2025-02-14,YEM,0.19394432264425596
2025-02-15,YEM,0.20763874382828237
2025-02-16,YEM,0.22398510888004788
2025-02-17,YEM,0.22398510888004788
2025-02-18,YEM,0.2119183957847909
2025-02-19,YEM,0.2804073381720237
2025-02-20,YEM,0.2773712349493122
2025-02-21,YEM,0.2748614071406773
2025-02-22,YEM,0.2745560153951678
2025-02-23,YEM,0.17525068080851533
2025-02-24,YEM,0.17525068080851533
2025-02-25,YEM,0.1680795761527112
2025-02-26,YEM,0.16233359611016449
2025-02-27,YEM,0.16233359611016449
2025-02-28,YEM,0.18419559096960084
2025-03-01,YEM,0.1651464699991033
2025-03-02,YEM,0.21106533875740424
2025-03-03,YEM,0.21106533875740424
2025-03-04,YEM,0.22142829022098387
2025-03-05,YEM,0.24502684212605066
2025-03-06,YEM,0.26333836488698076
2025-03-07,YEM,0.25533536268266993
2025-03-08,YEM,0.25533536268266993
2025-03-09,YEM,0.3652872267388943
2025-03-10,YEM,0.3641069843416448
2025-03-11,YEM,0.3958863649185642
2025-03-12,YEM,0.3958863649185642
2025-03-13,YEM,0.3958863649185642
2025-03-14,YEM,0.2967042848329748
2025-03-15,YEM,0.2775788823889527
2025-03-16,YEM,0.22427746555421899
2025-03-17,YEM,0.21545948248221944
2025-03-18,YEM,0.21677872683140997
2025-03-19,YEM,0.21300681168542718
2025-03-20,YEM,0.198955700308582
2025-03-21,YEM,0.2097606561493822
2025-03-22,YEM,0.17922888654489635
2025-03-23,YEM,0.15877426608643516
2025-03-24,YEM,0.15877426608643516
2025-03-25,YEM,0.17904631780865585
2025-03-26,YEM,0.17773526068860476
2025-03-27,YEM,0.17915187884118275
2025-03-28,YEM,0.17610198556979623
2024-07-01,IRQ,0.17440049513605255
2024-07-02,IRQ,0.1557258423541771
2024-07-03,IRQ,0.1633699334512157
2024-07-04,IRQ,0.20881453070145287
2024-07-05,IRQ,0.22656572059952348
2024-07-06,IRQ,0.3742379955115138
2024-07-07,IRQ,0.36727580076719746
2024-07-08,IRQ,0.36727580076719746
2024-07-09,IRQ,0.36727580076719746
2024-07-10,IRQ,0.454032871504853
2024-07-11,IRQ,0.38384851428163175
2024-07-12,IRQ,0.38384851428163175
2024-07-13,IRQ,0.36727580076719746
2024-07-14,IRQ,0.36727580076719746
2024-07-15,IRQ,0.36727580076719746
2024-07-16,IRQ,0.34597413504419067
2024-07-17,IRQ,0.26339695259416274
2024-07-18,IRQ,0.2797898040959315
2024-07-19,IRQ,0.21445621781116161
2024-07-20,IRQ,0.2040383786606825
2024-07-21,IRQ,0.24257970239303117
2024-07-22,IRQ,0.20552821037416913
2024-07-23,IRQ,0.17935349244825707
2024-07-24,IRQ,0.15086860827281798
2024-07-25,IRQ,0.17505450794287078
2024-07-26,IRQ,0.21389656761885373
2024-07-27,IRQ,0.2271251766124625
2024-07-28,IRQ,0.3007962539579761
2024-07-29,IRQ,0.27379700695254694
2024-07-30,IRQ,0.2727354250901711
2024-07-31,IRQ,0.42556379483626083
2024-08-01,IRQ,0.43419122667949017
2024-08-02,IRQ,0.41321592726875245
2024-08-03,IRQ,0.41455757665193166
2024-08-04,IRQ,0.42012074910793723
2024-08-05,IRQ,0.4155212930250088
2024-08-06,IRQ,0.4429378972763631
2024-08-07,IRQ,0.24874164462122295
2024-08-08,IRQ,0.24948415760457426
2024-08-09,IRQ,0.24557991777282326
2024-08-10,IRQ,0.34603786599646763
2024-08-11,IRQ,0.3425366749205057
2024-08-12,IRQ,0.34603786599646763
2024-08-13,IRQ,0.4403632329024648
2024-08-14,IRQ,0.3776627433543206
2024-08-15,IRQ,0.35583055650761
2024-08-16,IRQ,0.3601022140931422
2024-08-17,IRQ,0.35735704056157097
2024-08-18,IRQ,0.2712333055439589
2024-08-19,IRQ,0.2712333055439589
2024-08-20,IRQ,0.2682532956200332
2024-08-21,IRQ,0.2935918290019192
2024-08-22,IRQ,0.3032806832835609
2024-08-23,IRQ,0.299572402022999
2024-08-24,IRQ,0.3549353766308716
2024-08-25,IRQ,0.3549353766308716
2024-08-26,IRQ,0.3580245309143432
2024-08-27,IRQ,0.3479413244395671
2024-08-28,IRQ,0.3226544450322304
2024-08-29,IRQ,0.27485738209593674
2024-08-30,IRQ,0.2705320011302078
2024-08-31,IRQ,0.258253021307043
2024-09-01,IRQ,0.258253021307043
2024-09-02,IRQ,0.258253021307043
2024-09-03,IRQ,0.1753959882089233
2024-09-04,IRQ,0.3820119178314242
2024-09-05,IRQ,0.1694096492728635
2024-09-06,IRQ,0.1679978284701274
2024-09-07,IRQ,0.2535419333275019
2024-09-08,IRQ,0.1789029640368795
2024-09-09,IRQ,0.16741458845960483
2024-09-10,IRQ,0.1621985421477519
2024-09-11,IRQ,0.15418022042775908
2024-09-12,IRQ,0.31229029806549646
2024-09-13,IRQ,0.3616830552697441
2024-09-14,IRQ,0.37378181927817733
2024-09-15,IRQ,0.3442843103000519
2024-09-16,IRQ,0.34326680943973703
2024-09-17,IRQ,0.37378181927817733
2024-09-18,IRQ,0.34630649474023356
2024-09-19,IRQ,0.3743906675843157
2024-09-20,IRQ,0.3995697409665872
2024-09-21,IRQ,0.33606869849653287
2024-09-22,IRQ,0.36525440417961313
2024-09-23,IRQ,0.33606869849653287
2024-09-24,IRQ,0.3070570044798782
2024-09-25,IRQ,0.3442843103000519
2024-09-26,IRQ,0.22277181341914012
2024-09-27,IRQ,0.2586090710850326
2024-09-28,IRQ,0.2383719621594795
2024-09-29,IRQ,0.21392975960528646
2024-09-30,IRQ,0.21392975960528646
2024-10-01,IRQ,0.2460622696789312
2024-10-02,IRQ,0.2689795401514513
2024-10-03,IRQ,0.29339589300295715
2024-10-04,IRQ,0.2792107519062752
2024-10-05,IRQ,0.28974921737228215
2024-10-06,IRQ,0.2754937346914652
2024-10-07,IRQ,0.2914721844034246
2024-10-08,IRQ,0.2907289409264729
2024-10-09,IRQ,0.2959343735834647
2024-10-10,IRQ,0.29508597723333085
2024-10-11,IRQ,0.309731074457256
2024-10-12,IRQ,0.22990032920987194
2024-10-13,IRQ,0.22723284309414565
2024-10-14,IRQ,0.24329670516928886
2024-10-15,IRQ,0.2481246831711076
2024-10-16,IRQ,0.223392667859007
2024-10-17,IRQ,0.24030596233122986
2024-10-18,IRQ,0.24030596233122986
2024-10-19,IRQ,0.267605270971372
2024-10-20,IRQ,0.310602655727898
2024-10-21,IRQ,0.35854665252360657
2024-10-22,IRQ,0.32140626819635953
2024-10-23,IRQ,0.33061256465846506
2024-10-24,IRQ,0.4187663793218821
2024-10-25,IRQ,0.39624044318630053
2024-10-26,IRQ,0.40659424743054307
2024-10-27,IRQ,0.31957548887205905
2024-10-28,IRQ,0.34378400448192964
2024-10-29,IRQ,0.2017884300463024
2024-10-30,IRQ,0.2017884300463024
2024-10-31,IRQ,0.16807254004627947
2024-11-01,IRQ,0.14142831457579372
2024-11-02,IRQ,0.14137961490232784
2024-11-03,IRQ,0.16296323243901512
2024-11-04,IRQ,0.16296323243901512
2024-11-05,IRQ,0.21155574870664523
2024-11-06,IRQ,0.2367713811778731
2024-11-07,IRQ,0.2205992579823171
2024-11-08,IRQ,0.26809029512097454
2024-11-09,IRQ,0.25438942294162636
2024-11-10,IRQ,0.2408435484631877
2024-11-11,IRQ,0.307691023895565
2024-11-12,IRQ,0.36343900877938085
2024-11-13,IRQ,0.37596305103521593
2024-11-14,IRQ,0.36564198296836276
2024-11-15,IRQ,0.37083877443333985
2024-11-16,IRQ,0.3425413545141879
2024-11-17,IRQ,0.3425413545141879
2024-11-18,IRQ,0.2537785133730408
2024-11-19,IRQ,0.36442813391851553
2024-11-20,IRQ,0.36442813391851553
2024-11-21,IRQ,0.36867929294031243
2024-11-22,IRQ,0.35145033758947597
2024-11-23,IRQ,0.3455011842344652
2024-11-24,IRQ,0.35850510874245245
2024-11-25,IRQ,0.3455011842344652
2024-11-26,IRQ,0.34753212049069876
2024-11-27,IRQ,0.25537147571519064
2024-11-28,IRQ,0.266442758818966
2024-11-29,IRQ,0.26534446134061423
2024-11-30,IRQ,0.2553501745875536
2024-12-01,IRQ,0.2553501745875536
2024-12-02,IRQ,0.2553501745875536
2024-12-03,IRQ,0.26908411684817796
2024-12-04,IRQ,0.2711683497991747
2024-12-05,IRQ,0.256358818809376
2024-12-06,IRQ,0.2825334665240208
2024-12-07,IRQ,0.256358818809376
2024-12-08,IRQ,0.2925630648917382
2024-12-09,IRQ,0.24564124651194658
2024-12-10,IRQ,0.26365830710038834
2024-12-11,IRQ,0.26365830710038834
2024-12-12,IRQ,0.25571877066591414
2024-12-13,IRQ,0.4172941599485395
2024-12-14,IRQ,0.39194907191954714
2024-12-15,IRQ,0.4019790298421506
2024-12-16,IRQ,0.3159345377025945
2024-12-17,IRQ,0.31768086128845713
2024-12-18,IRQ,0.3163331062096956
2024-12-19,IRQ,0.35764109029423
2024-12-20,IRQ,0.2692755560945704
2024-12-21,IRQ,0.2619135108356739
2024-12-22,IRQ,0.3146733695574144
2024-12-23,IRQ,0.3019698253059779
2024-12-24,IRQ,0.2992546186474793
2024-12-25,IRQ,0.271081127491186
2024-12-26,IRQ,0.27313394022673576
2024-12-27,IRQ,0.37124602135745316
2024-12-28,IRQ,0.2610429110482669
2024-12-29,IRQ,0.2897811831326661
2024-12-30,IRQ,0.20402130025328374
2024-12-31,IRQ,0.2816187302259698
2025-01-01,IRQ,0.2620637026363955
2025-01-02,IRQ,0.2703622396896922
2025-01-03,IRQ,0.2620637026363955
2025-01-04,IRQ,0.24699270216240032
2025-01-05,IRQ,0.2549788998687128
2025-01-06,IRQ,0.1773013135657861
2025-01-07,IRQ,0.16739915021774712
2025-01-08,IRQ,0.18360854114295372
2025-01-09,IRQ,0.17369429109817813
2025-01-10,IRQ,0.19461830437084499
2025-01-11,IRQ,0.1701052334992345
2025-01-12,IRQ,0.1774108257747668
2025-01-13,IRQ,0.29080799607039676
2025-01-14,IRQ,0.19090162956180684
2025-01-15,IRQ,0.19522673888632366
2025-01-16,IRQ,0.21174795221951212
2025-01-17,IRQ,0.18306972980135913
2025-01-18,IRQ,0.20376234034111126
2025-01-19,IRQ,0.20376234034111126
2025-01-20,IRQ,0.2428269611162711
2025-01-21,IRQ,0.2667908059454439
2025-01-22,IRQ,0.22444937956352515
2025-01-23,IRQ,0.22434420895285814
2025-01-24,IRQ,0.3406430346814497
2025-01-25,IRQ,0.3406430346814497
2025-01-26,IRQ,0.2971850349888832
2025-01-27,IRQ,0.2971850349888832
2025-01-28,IRQ,0.31707647749762535
2025-01-29,IRQ,0.3017169112419756
2025-01-30,IRQ,0.27275416272159686
2025-01-31,IRQ,0.2757031056250066
2025-02-01,IRQ,0.32673379101155026
2025-02-02,IRQ,0.32673379101155026
2025-02-03,IRQ,0.3234146127001255
2025-02-04,IRQ,0.2877488223861619
2025-02-05,IRQ,0.31535736526581826
2025-02-06,IRQ,0.31894973625322887
2025-02-07,IRQ,0.23426066686773062
2025-02-08,IRQ,0.17872812365394616
2025-02-09,IRQ,0.21657629291556615
2025-02-10,IRQ,0.2004586714865895
2025-02-11,IRQ,0.22045566369921382
2025-02-12,IRQ,0.18416427930679677
2025-02-13,IRQ,0.11166244737799147
2025-02-14,IRQ,0.32713419247310604
2025-02-15,IRQ,0.33697999429880976
2025-02-16,IRQ,0.30611616822522086
2025-02-17,IRQ,0.33697999429880976
2025-02-18,IRQ,0.3314639244464519
2025-02-19,IRQ,0.2336472208732559
2025-02-20,IRQ,0.24415891238616605
2025-02-21,IRQ,0.23584829976736532
2025-02-22,IRQ,0.28419428327935276
2025-02-23,IRQ,0.2706493157882868
2025-02-24,IRQ,0.2706493157882868
2025-02-25,IRQ,0.2706493157882868
2025-02-26,IRQ,0.2810673351019093
2025-02-27,IRQ,0.3373941442642694
2025-02-28,IRQ,0.21884604084826426
2025-03-01,IRQ,0.23623763062289665
2025-03-02,IRQ,0.23623763062289665
2025-03-03,IRQ,0.21884604084826426
2025-03-04,IRQ,0.24426987265537797
2025-03-05,IRQ,0.35388747161241607
2025-03-06,IRQ,0.37576270639728554
2025-03-07,IRQ,0.37576270639728554
2025-03-08,IRQ,0.4178253725392774
2025-03-09,IRQ,0.4053773008071403
2025-03-10,IRQ,0.4053773008071403
2025-03-11,IRQ,0.4053773008071403
2025-03-12,IRQ,0.4031105911504369
2025-03-13,IRQ,0.4040660632573275
2025-03-14,IRQ,0.39888910505796205
2025-03-15,IRQ,0.41291015452783675
2025-03-16,IRQ,0.41291015452783675
2025-03-17,IRQ,0.381145009991938
2025-03-18,IRQ,0.3818060667692868
2025-03-19,IRQ,0.4088684452782375
2025-03-20,IRQ,0.3775169363972045
2025-03-21,IRQ,0.30011209293623453
2025-03-22,IRQ,0.29988779435854096
2025-03-23,IRQ,0.29988779435854096
2025-03-24,IRQ,0.2990646620045563
2025-03-25,IRQ,0.2990646620045563
2025-03-26,IRQ,0.29636448678055866
2025-03-27,IRQ,0.2990646620045563
2025-03-28,IRQ,0.31919312563218516
2024-07-01,LBN,0.2637090833602609
2024-07-02,LBN,0.25929096922668
2024-07-03,LBN,0.28153130773644974
2024-07-04,LBN,0.28153130773644974
2024-07-05,LBN,0.28618196474788676
2024-07-06,LBN,0.3088759628279189
2024-07-07,LBN,0.2825953052062403
2024-07-08,LBN,0.2825953052062403
2024-07-09,LBN,0.2388848445516254
2024-07-10,LBN,0.21403216698362415
2024-07-11,LBN,0.2853333486673392
2024-07-12,LBN,0.28069105945074385
2024-07-13,LBN,0.25929096922668
2024-07-14,LBN,0.28153130773644974
2024-07-15,LBN,0.28153130773644974
2024-07-16,LBN,0.28153130773644974
2024-07-17,LBN,0.4065677019282574
2024-07-18,LBN,0.4034504924989844
2024-07-19,LBN,0.37964910318742057
2024-07-20,LBN,0.29758210659522727
2024-07-21,LBN,0.2828773282927835
2024-07-22,LBN,0.2745583406575617
2024-07-23,LBN,0.27279154012353796
2024-07-24,LBN,0.2769606779498949
2024-07-25,LBN,0.21504592637565606
2024-07-26,LBN,0.19375568988515074
2024-07-27,LBN,0.2462123951257323
2024-07-28,LBN,0.24669224161560416
2024-07-29,LBN,0.24669224161560416
2024-07-30,LBN,0.2976480107341586
2024-07-31,LBN,0.28948343951539485
2024-08-01,LBN,0.3237255943128593
2024-08-02,LBN,0.31969874475474847
2024-08-03,LBN,0.2193265653208608
2024-08-04,LBN,0.21543445923646526
2024-08-05,LBN,0.21702956958950548
2024-08-06,LBN,0.17812966747669481
2024-08-07,LBN,0.1719947891141957
2024-08-08,LBN,0.1719947891141957
2024-08-09,LBN,0.1719947891141957
2024-08-10,LBN,0.1600666356455483
2024-08-11,LBN,0.16586127569166095
2024-08-12,LBN,0.16586127569166095
2024-08-13,LBN,0.18388009602663113
2024-08-14,LBN,0.20619285090390835
2024-08-15,LBN,0.21890471878939416
2024-08-16,LBN,0.20892916137341175
2024-08-17,LBN,0.16877266538911345
2024-08-18,LBN,0.16715998441927557
2024-08-19,LBN,0.16877266538911345
2024-08-20,LBN,0.270083907140713
2024-08-21,LBN,0.2708645484462407
2024-08-22,LBN,0.2682132396996488
2024-08-23,LBN,0.26315938391958865
2024-08-24,LBN,0.14997610195858543
2024-08-25,LBN,0.1554730664220874
2024-08-26,LBN,0.1554730664220874
2024-08-27,LBN,0.14997610195858543
2024-08-28,LBN,0.15268761126054614
2024-08-29,LBN,0.1554730664220874
2024-08-30,LBN,0.15268761126054614
2024-08-31,LBN,0.18858229187398168
2024-09-01,LBN,0.18858229187398168
2024-09-02,LBN,0.18858229187398168
2024-09-03,LBN,0.2132111612048546
2024-09-04,LBN,0.193885308034403
2024-09-05,LBN,0.193885308034403
2024-09-06,LBN,0.26911126823722586
2024-09-07,LBN,0.291003436038476
2024-09-08,LBN,0.40136901495038046
2024-09-09,LBN,0.291003436038476
2024-09-10,LBN,0.3574806548410772
2024-09-11,LBN,0.3806278922059061
2024-09-12,LBN,0.32262778889268967
2024-09-13,LBN,0.3195132539759524
2024-09-14,LBN,0.24858579113361792
2024-09-15,LBN,0.24858579113361792
2024-09-16,LBN,0.24858579113361792
2024-09-17,LBN,0.24858579113361792
2024-09-18,LBN,0.29383327832166806
2024-09-19,LBN,0.29104688715899535
2024-09-20,LBN,0.2589955192147539
2024-09-21,LBN,0.240811412734142
2024-09-22,LBN,0.24491901028807364
2024-09-23,LBN,0.24417580123452
2024-09-24,LBN,0.1851026650294233
2024-09-25,LBN,0.13201573152265583
2024-09-26,LBN,0.11784567992651848
2024-09-27,LBN,0.07831519373344921
2024-09-28,LBN,0.07853934514315379
2024-09-29,LBN,0.07982297524566152
2024-09-30,LBN,0.1329737085271665
2024-10-01,LBN,0.1329737085271665
2024-10-02,LBN,0.11388964551988348
2024-10-03,LBN,0.11820968330856275
2024-10-04,LBN,0.11519152544894985
2024-10-05,LBN,0.09728959145853264
2024-10-06,LBN,0.09728959145853264
2024-10-07,LBN,0.09728959145853264
2024-10-08,LBN,0.09028399216028611
2024-10-09,LBN,0.09728959145853264
2024-10-10,LBN,0.09728959145853264
2024-10-11,LBN,0.09728959145853264
2024-10-12,LBN,0.1562253358341741
2024-10-13,LBN,0.13779725951503993
2024-10-14,LBN,0.13018759745894645
2024-10-15,LBN,0.13018759745894645
2024-10-16,LBN,0.11450628528246135
2024-10-17,LBN,0.11450628528246135
2024-10-18,LBN,0.14384337981782783
2024-10-19,LBN,0.1619203239731053
2024-10-20,LBN,0.1619203239731053
2024-10-21,LBN,0.12945386729820005
2024-10-22,LBN,0.12945386729820005
2024-10-23,LBN,0.14684274669120614
2024-10-24,LBN,0.12945386729820005
2024-10-25,LBN,0.12945386729820005
2024-10-26,LBN,0.11928139647616777
2024-10-27,LBN,0.11928139647616777
2024-10-28,LBN,0.14551130304246904
2024-10-29,LBN,0.14551130304246904
2024-10-30,LBN,0.14551130304246904
2024-10-31,LBN,0.14793141873868995
2024-11-01,LBN,0.1355547897300829
2024-11-02,LBN,0.14551130304246904
2024-11-03,LBN,0.14551130304246904
2024-11-04,LBN,0.15053006570664695
2024-11-05,LBN,0.1309151979479368
2024-11-06,LBN,0.1509274837209679
2024-11-07,LBN,0.11983910569503056
2024-11-08,LBN,0.1509274837209679
2024-11-09,LBN,0.10688653131238136
2024-11-10,LBN,0.10688653131238136
2024-11-11,LBN,0.114171620412284
2024-11-12,LBN,0.09005873071008724
2024-11-13,LBN,0.09005873071008724
2024-11-14,LBN,0.09632057852870694
2024-11-15,LBN,0.09632057852870694
2024-11-16,LBN,0.0848259963219633
2024-11-17,LBN,0.09005873071008724
2024-11-18,LBN,0.09005873071008724
2024-11-19,LBN,0.09714934879323579
2024-11-20,LBN,0.09714934879323579
2024-11-21,LBN,0.09015283951335089
2024-11-22,LBN,0.09714934879323579
2024-11-23,LBN,0.12369336804956386
2024-11-24,LBN,0.11675710167410899
2024-11-25,LBN,0.11675710167410899
2024-11-26,LBN,0.14745518925622356
2024-11-27,LBN,0.14745518925622356
2024-11-28,LBN,0.13519727125734352
2024-11-29,LBN,0.10673162889766565
2024-11-30,LBN,0.09253944125327289
2024-12-01,LBN,0.09253944125327289
2024-12-02,LBN,0.09819694608529159
2024-12-03,LBN,0.09819694608529159
2024-12-04,LBN,0.09819694608529159
2024-12-05,LBN,0.09819694608529159
2024-12-06,LBN,0.09253944125327289
2024-12-07,LBN,0.14837467845694105
2024-12-08,LBN,0.1629874113445116
2024-12-09,LBN,0.1629874113445116
2024-12-10,LBN,0.22726505871041253
2024-12-11,LBN,0.23098287764641048
2024-12-12,LBN,0.23098287764641048
2024-12-13,LBN,0.23098287764641048
2024-12-14,LBN,0.1947492062291657
2024-12-15,LBN,0.1947492062291657
2024-12-16,LBN,0.25660252663729427
2024-12-17,LBN,0.24623968652130634
2024-12-18,LBN,0.2010213661013384
2024-12-19,LBN,0.16565586276992822
2024-12-20,LBN,0.16406708554788058
2024-12-21,LBN,0.2844904757619314
2024-12-22,LBN,0.27185458943071744
2024-12-23,LBN,0.2745283897384888
2024-12-24,LBN,0.2708390511066479
2024-12-25,LBN,0.30866424091270717
2024-12-26,LBN,0.48326226250000304
2024-12-27,LBN,0.4685671764339992
2024-12-28,LBN,0.5549725659005748
2024-12-29,LBN,0.5549725659005748
2024-12-30,LBN,0.39362232991400564
2024-12-31,LBN,0.39362232991400564
2025-01-01,LBN,0.3527519561015175
2025-01-02,LBN,0.3483167139931554
2025-01-03,LBN,0.3444314139761524
2025-01-04,LBN,0.4067357764700232
2025-01-05,LBN,0.4067357764700232
2025-01-06,LBN,0.46094357585508205
2025-01-07,LBN,0.46094357585508205
2025-01-08,LBN,0.5549599988730065
2025-01-09,LBN,0.5549599988730065
2025-01-10,LBN,0.45395169320193846
2025-01-11,LBN,0.213749951689738
2025-01-12,LBN,0.213749951689738
2025-01-13,LBN,0.18043515868998763
2025-01-14,LBN,0.2481806632294415
2025-01-15,LBN,0.24821326573750901
2025-01-16,LBN,0.22794329746853767
2025-01-17,LBN,0.1281325053689375
2025-01-18,LBN,0.15905591652969206
2025-01-19,LBN,0.15660690388456616
2025-01-20,LBN,0.14787129361109516
2025-01-21,LBN,0.14067888548169633
2025-01-22,LBN,0.1900964728279173
2025-01-23,LBN,0.10916656437142983
2025-01-24,LBN,0.5549599988730065
2025-01-25,LBN,0.5549599988730065
2025-01-26,LBN,0.5549599988730065
2025-01-27,LBN,0.5549599988730065
2025-01-28,LBN,0.3707956437382572
2025-01-29,LBN,0.396115143978483
2025-01-30,LBN,0.396115143978483
2025-01-31,LBN,0.39763716482247313
2025-02-01,LBN,0.3921049193686924
2025-02-02,LBN,0.16338298152127328
2025-02-03,LBN,0.17132666405072314
2025-02-04,LBN,0.17132666405072314
2025-02-05,LBN,0.17515152962354305
2025-02-06,LBN,0.15501948263630302
2025-02-07,LBN,0.15501948263630302
2025-02-08,LBN,0.14131830576884075
2025-02-09,LBN,0.28493287744573687
2025-02-10,LBN,0.2848713404741543
2025-02-11,LBN,0.2848713404741543
2025-02-12,LBN,0.4043950938417032
2025-02-13,LBN,0.4043950938417032
2025-02-14,LBN,0.34901542129274576
2025-02-15,LBN,0.2182327404351866
2025-02-16,LBN,0.22141395490335994
2025-02-17,LBN,0.21174133845982715
2025-02-18,LBN,0.22176019372080877
2025-02-19,LBN,0.2334109533879026
2025-02-20,LBN,0.24082369481260868
2025-02-21,LBN,0.26900131322442533
2025-02-22,LBN,0.36525000821513703
2025-02-23,LBN,0.30449890963326165
2025-02-24,LBN,0.31577692891865483
2025-02-25,LBN,0.30316515979766384
2025-02-26,LBN,0.30316515979766384
2025-02-27,LBN,0.29214524943046044
2025-02-28,LBN,0.23340423962773282
2025-03-01,LBN,0.45801931224794595
2025-03-02,LBN,0.47730940843992103
2025-03-03,LBN,0.46855450596774856
2025-03-04,LBN,0.3111374632261015
2025-03-05,LBN,0.27520896963860253
2025-03-06,LBN,0.1870216715676183
2025-03-07,LBN,0.17679572204726687
2025-03-08,LBN,0.15990739043634672
2025-03-09,LBN,0.15022308874170837
2025-03-10,LBN,0.15022308874170837
2025-03-11,LBN,0.18590079980859903
2025-03-12,LBN,0.2909571758963171
2025-03-13,LBN,0.4457884443388887
2025-03-14,LBN,0.4660129354113523
2025-03-15,LBN,0.42673221684142015
2025-03-16,LBN,0.3212294344116617
2025-03-17,LBN,0.2813024627961915
2025-03-18,LBN,0.3058234182057219
2025-03-19,LBN,0.2739162969952993
2025-03-20,LBN,0.2739162969952993
2025-03-21,LBN,0.2923765824460158
2025-03-22,LBN,0.1947517866436608
2025-03-23,LBN,0.20826318997738716
2025-03-24,LBN,0.16655635589719947
2025-03-25,LBN,0.17224001336636943
2025-03-26,LBN,0.16282412715170994
2025-03-27,LBN,0.17224001336636943
2025-03-28,LBN,0.17816156434861588
2024-07-01,IRN,0.39918936473550903
2024-07-02,IRN,0.39918936473550903
2024-07-03,IRN,0.39918936473550903
2024-07-04,IRN,0.39918936473550903
2024-07-05,IRN,0.5766367186375093
2024-07-06,IRN,0.3040976463687876
2024-07-07,IRN,0.2815663385021368
2024-07-08,IRN,0.2815663385021368
2024-07-09,IRN,0.2815663385021368
2024-07-10,IRN,0.2913011358925618
2024-07-11,IRN,0.2913011358925618
2024-07-12,IRN,0.3038276928414227
2024-07-13,IRN,0.5766367186375093
2024-07-14,IRN,0.5727323027603206
2024-07-15,IRN,0.5727323027603206
2024-07-16,IRN,0.34084683109826003
2024-07-17,IRN,0.3302278111354948
2024-07-18,IRN,0.3302278111354948
2024-07-19,IRN,0.3215787436604292
2024-07-20,IRN,0.3116296985420012
2024-07-21,IRN,0.3145773246510207
2024-07-22,IRN,0.3112611945454452
2024-07-23,IRN,0.5766367186375093
2024-07-24,IRN,0.30122334314126625
2024-07-25,IRN,0.2637548390973485
2024-07-26,IRN,0.23374297145748776
2024-07-27,IRN,0.286383701167914
2024-07-28,IRN,0.27330187754495744
2024-07-29,IRN,0.27953908369106323
2024-07-30,IRN,0.25588743766068983
2024-07-31,IRN,0.4126787875677746
2024-08-01,IRN,0.5759754645398084
2024-08-02,IRN,0.5759754645398084
2024-08-03,IRN,0.5759754645398084
2024-08-04,IRN,0.5759754645398084
2024-08-05,IRN,0.5802025772669663
2024-08-06,IRN,0.5802025772669663
2024-08-07,IRN,0.20658583423220633
2024-08-08,IRN,0.20658583423220633
2024-08-09,IRN,0.20658583423220633
2024-08-10,IRN,0.2240403944255957
2024-08-11,IRN,0.2240403944255957
2024-08-12,IRN,0.19602164907451047
2024-08-13,IRN,0.19766546690858022
2024-08-14,IRN,0.46532114902110755
2024-08-15,IRN,0.4614858475515789
2024-08-16,IRN,0.4614858475515789
2024-08-17,IRN,0.47360013608926443
2024-08-18,IRN,0.47360013608926443
2024-08-19,IRN,0.5802025772669663
2024-08-20,IRN,0.5802025772669663
2024-08-21,IRN,0.5864608210848417
2024-08-22,IRN,0.5864608210848417
2024-08-23,IRN,0.45913721591168805
2024-08-24,IRN,0.33296995575866933
2024-08-25,IRN,0.33296995575866933
2024-08-26,IRN,0.3387131184629205
2024-08-27,IRN,0.3387131184629205
2024-08-28,IRN,0.34982730112595445
2024-08-29,IRN,0.3387131184629205
2024-08-30,IRN,0.34787549134340023
2024-08-31,IRN,0.34787549134340023
2024-09-01,IRN,0.34787549134340023
2024-09-02,IRN,0.34787549134340023
2024-09-03,IRN,0.34787549134340023
2024-09-04,IRN,0.3893866854274494
2024-09-05,IRN,0.3893866854274494
2024-09-06,IRN,0.5803892590999262
2024-09-07,IRN,0.5803892590999262
2024-09-08,IRN,0.5803892590999262
2024-09-09,IRN,0.3803494890293582
2024-09-10,IRN,0.38790069173808
2024-09-11,IRN,0.3503891440700097
2024-09-12,IRN,0.3503891440700097
2024-09-13,IRN,0.35627228180635506
2024-09-14,IRN,0.3556698347861479
2024-09-15,IRN,0.3556698347861479
2024-09-16,IRN,0.3793112980204404
2024-09-17,IRN,0.42939910972325424
2024-09-18,IRN,0.4033732037318838
2024-09-19,IRN,0.1972017554527188
2024-09-20,IRN,0.1972017554527188
2024-09-21,IRN,0.20657860585971557
2024-09-22,IRN,0.18189377508550675
2024-09-23,IRN,0.18189377508550675
2024-09-24,IRN,0.18189377508550675
2024-09-25,IRN,0.18189377508550675
2024-09-26,IRN,0.2523382962400303
2024-09-27,IRN,0.21084988927027826
2024-09-28,IRN,0.19733350589055468
2024-09-29,IRN,0.37264025307082227
2024-09-30,IRN,0.37264025307082227
2024-10-01,IRN,0.37264025307082227
2024-10-02,IRN,0.3655513672574812
2024-10-03,IRN,0.41140063472559496
2024-10-04,IRN,0.167322920282569
2024-10-05,IRN,0.21377030035748062
2024-10-06,IRN,0.15665860644112373
2024-10-07,IRN,0.15665860644112373
2024-10-08,IRN,0.08950227703249995
2024-10-09,IRN,0.08930226545355696
2024-10-10,IRN,0.08930226545355696
2024-10-11,IRN,0.08533403947042469
2024-10-12,IRN,0.08926526101318226
2024-10-13,IRN,0.10769423943375726
2024-10-14,IRN,0.1176531039539031
2024-10-15,IRN,0.16263772752670547
2024-10-16,IRN,0.1725715994137996
2024-10-17,IRN,0.22539227288407632
2024-10-18,IRN,0.2828609146068425
2024-10-19,IRN,0.2799512083537527
2024-10-20,IRN,0.1159562034998414
2024-10-21,IRN,0.153749239064466
2024-10-22,IRN,0.153749239064466
2024-10-23,IRN,0.153749239064466
2024-10-24,IRN,0.153749239064466
2024-10-25,IRN,0.153749239064466
2024-10-26,IRN,0.16034121550908303
2024-10-27,IRN,0.4964050825369966
2024-10-28,IRN,0.5746300794907118
2024-10-29,IRN,0.47924806619064203
2024-10-30,IRN,0.47924806619064203
2024-10-31,IRN,0.47924806619064203
2024-11-01,IRN,0.4694315362799267
2024-11-02,IRN,0.15231300049692312
2024-11-03,IRN,0.14091041596548343
2024-11-04,IRN,0.1311725058390883
2024-11-05,IRN,0.13584551316487214
2024-11-06,IRN,0.13584551316487214
2024-11-07,IRN,0.1286973976205582
2024-11-08,IRN,0.1436385690258782
2024-11-09,IRN,0.2541233185136739
2024-11-10,IRN,0.23709368282315196
2024-11-11,IRN,0.28734789061746263
2024-11-12,IRN,0.12352906316902885
2024-11-13,IRN,0.12398425818024142
2024-11-14,IRN,0.1203926187763156
2024-11-15,IRN,0.11994880454462098
2024-11-16,IRN,0.10428287326434786
2024-11-17,IRN,0.10817230639188534
2024-11-18,IRN,0.1057204369785151
2024-11-19,IRN,0.251988562776715
2024-11-20,IRN,0.251988562776715
2024-11-21,IRN,0.11563717728225668
2024-11-22,IRN,0.1680044900557931
2024-11-23,IRN,0.20613838019602687
2024-11-24,IRN,0.23825407858629283
2024-11-25,IRN,0.23555643345508565
2024-11-26,IRN,0.2372731849006743
2024-11-27,IRN,0.2372731849006743
2024-11-28,IRN,0.41535194655759866
2024-11-29,IRN,0.38672076792470844
2024-11-30,IRN,0.38672076792470844
2024-12-01,IRN,0.38333765349000626
2024-12-02,IRN,0.4893249661946073
2024-12-03,IRN,0.4893249661946073
2024-12-04,IRN,0.4893249661946073
2024-12-05,IRN,0.4893249661946073
2024-12-06,IRN,0.5823950133844014
2024-12-07,IRN,0.5823950133844014
2024-12-08,IRN,0.5823950133844014
2024-12-09,IRN,0.5829099070583349
2024-12-10,IRN,0.5829099070583349
2024-12-11,IRN,0.38389023493292845
2024-12-12,IRN,0.33056694929414143
2024-12-13,IRN,0.33056694929414143
2024-12-14,IRN,0.3012193337757376
2024-12-15,IRN,0.3012193337757376
2024-12-16,IRN,0.3242360944582652
2024-12-17,IRN,0.29862465087273854
2024-12-18,IRN,0.4504003066174429
2024-12-19,IRN,0.43016423052486336
2024-12-20,IRN,0.43016423052486336
2024-12-21,IRN,0.4335741353675069
2024-12-22,IRN,0.4600461140899708
2024-12-23,IRN,0.40894551882593705
2024-12-24,IRN,0.40894551882593705
2024-12-25,IRN,0.5829099070583349
2024-12-26,IRN,0.32928674333536295
2024-12-27,IRN,0.21158269515001593
2024-12-28,IRN,0.18980343858589022
2024-12-29,IRN,0.18980343858589022
2024-12-30,IRN,0.20613005598119824
2024-12-31,IRN,0.20613005598119824
2025-01-01,IRN,0.20119292129665747
2025-01-02,IRN,0.34510747766038946
2025-01-03,IRN,0.5766367186375093
2025-01-04,IRN,0.3718261377160903
2025-01-05,IRN,0.3718261377160903
2025-01-06,IRN,0.3718261377160903
2025-01-07,IRN,0.17934467181301508
2025-01-08,IRN,0.17934467181301508
2025-01-09,IRN,0.17934467181301508
2025-01-10,IRN,0.19210196704615023
2025-01-11,IRN,0.13134652995168486
2025-01-12,IRN,0.11959914990775979
2025-01-13,IRN,0.11959914990775979
2025-01-14,IRN,0.5724001620216799
2025-01-15,IRN,0.5724001620216799
2025-01-16,IRN,0.5724001620216799
2025-01-17,IRN,0.5724001620216799
2025-01-18,IRN,0.5724001620216799
2025-01-19,IRN,0.5724001620216799
2025-01-20,IRN,0.5724001620216799
2025-01-21,IRN,0.5786902600201069
2025-01-22,IRN,0.5786902600201069
2025-01-23,IRN,0.5786902600201069
2025-01-24,IRN,0.5786902600201069
2025-01-25,IRN,0.27928134236938273
2025-01-26,IRN,0.24731503866514362
2025-01-27,IRN,0.24731503866514362
2025-01-28,IRN,0.24731503866514362
2025-01-29,IRN,0.24731503866514362
2025-01-30,IRN,0.24731503866514362
2025-01-31,IRN,0.22791706152148883
2025-02-01,IRN,0.38706758488782494
2025-02-02,IRN,0.38706758488782494
2025-02-03,IRN,0.38706758488782494
2025-02-04,IRN,0.38706758488782494
2025-02-05,IRN,0.38706758488782494
2025-02-06,IRN,0.3700070568974537
2025-02-07,IRN,0.3700070568974537
2025-02-08,IRN,0.4036941329605714
2025-02-09,IRN,0.5763068837902899
2025-02-10,IRN,0.5763068837902899
2025-02-11,IRN,0.5763068837902899
2025-02-12,IRN,0.5741058586397955
2025-02-13,IRN,0.5802025772669663
2025-02-14,IRN,0.5802025772669663
2025-02-15,IRN,0.5864608210848417
2025-02-16,IRN,0.5864608210848417
2025-02-17,IRN,0.5864608210848417
2025-02-18,IRN,0.5864608210848417
2025-02-19,IRN,0.5864608210848417
2025-02-20,IRN,0.5803892590999262
2025-02-21,IRN,0.5803892590999262
2025-02-22,IRN,0.5803892590999262
2025-02-23,IRN,0.5803892590999262
2025-02-24,IRN,0.5768238296306794
2025-02-25,IRN,0.5768238296306794
2025-02-26,IRN,0.5803892590999262
2025-02-27,IRN,0.5803892590999262
2025-02-28,IRN,0.5803892590999262
2025-03-01,IRN,0.3605844314625827
2025-03-02,IRN,0.29808527484823316
2025-03-03,IRN,0.29808527484823316
2025-03-04,IRN,0.14306713981470207
2025-03-05,IRN,0.16127170748316297
2025-03-06,IRN,0.1329423454248063
2025-03-07,IRN,0.16716726569539603
2025-03-08,IRN,0.12974891153829957
2025-03-09,IRN,0.12446475808076558
2025-03-10,IRN,0.12974891153829957
2025-03-11,IRN,0.13210050897272618
2025-03-12,IRN,0.13568253444827438
2025-03-13,IRN,0.18213101883735444
2025-03-14,IRN,0.14908676730299736
2025-03-15,IRN,0.3263844090560836
2025-03-16,IRN,0.3263844090560836
2025-03-17,IRN,0.3263844090560836
2025-03-18,IRN,0.3736910242455586
2025-03-19,IRN,0.3736910242455586
2025-03-20,IRN,0.3736910242455586
2025-03-21,IRN,0.3736910242455586
2025-03-22,IRN,0.2539452024681323
2025-03-23,IRN,0.2539452024681323
2025-03-24,IRN,0.2539452024681323
2025-03-25,IRN,0.2539452024681323
2025-03-26,IRN,0.24292615603115297
2025-03-27,IRN,0.24292615603115297
2025-03-28,IRN,0.2819916416423964
2024-07-01,TUR,0.08293229524016864
2024-07-02,TUR,0.13174135403544265
2024-07-03,TUR,0.12252466891893207
2024-07-04,TUR,0.5753025123861832
2024-07-05,TUR,0.5753025123861832
2024-07-06,TUR,0.5788714015881676
2024-07-07,TUR,0.5788714015881676
2024-07-08,TUR,0.5788714015881676
2024-07-09,TUR,0.5788714015881676
2024-07-10,TUR,0.5788714015881676
2024-07-11,TUR,0.5772451285871368
2024-07-12,TUR,0.5772451285871368
2024-07-13,TUR,0.5809897629084182
2024-07-14,TUR,0.5772451285871368
2024-07-15,TUR,0.5772451285871368
2024-07-16,TUR,0.5772451285871368
2024-07-17,TUR,0.5772451285871368
2024-07-18,TUR,0.5772451285871368
2024-07-19,TUR,0.574896100342041
2024-07-20,TUR,0.5749227045532531
2024-07-21,TUR,0.4597652542829912
2024-07-22,TUR,0.4597652542829912
2024-07-23,TUR,0.4597652542829912
2024-07-24,TUR,0.4597652542829912
2024-07-25,TUR,0.4597652542829912
2024-07-26,TUR,0.4597652542829912
2024-07-27,TUR,0.476467322318522
2024-07-28,TUR,0.48716858326878565
2024-07-29,TUR,0.48716858326878565
2024-07-30,TUR,0.48716858326878565
2024-07-31,TUR,0.4502217930709833
2024-08-01,TUR,0.20115919648261574
2024-08-02,TUR,0.20115919648261574
2024-08-03,TUR,0.19226346447735024
2024-08-04,TUR,0.16021441032884065
2024-08-05,TUR,0.16021441032884065
2024-08-06,TUR,0.16021441032884065
2024-08-07,TUR,0.17455179070586133
2024-08-08,TUR,0.21930702550256612
2024-08-09,TUR,0.21930702550256612
2024-08-10,TUR,0.24718492171913994
2024-08-11,TUR,0.24718492171913994
2024-08-12,TUR,0.24718492171913994
2024-08-13,TUR,0.24234036640770368
2024-08-14,TUR,0.5784181116763097
2024-08-15,TUR,0.49844074723537873
2024-08-16,TUR,0.49844074723537873
2024-08-17,TUR,0.49844074723537873
2024-08-18,TUR,0.49844074723537873
2024-08-19,TUR,0.39085837370565885
2024-08-20,TUR,0.39312490735375605
2024-08-21,TUR,0.3641315840672654
2024-08-22,TUR,0.40311038741983235
2024-08-23,TUR,0.40311038741983235
2024-08-24,TUR,0.40311038741983235
2024-08-25,TUR,0.40311038741983235
2024-08-26,TUR,0.5784181116763097
2024-08-27,TUR,0.5784181116763097
2024-08-28,TUR,0.5784181116763097
2024-08-29,TUR,0.5784181116763097
2024-08-30,TUR,0.5784181116763097
2024-08-31,TUR,0.5784181116763097
2024-09-01,TUR,0.5784181116763097
2024-09-02,TUR,0.5749227045532531
2024-09-03,TUR,0.5749227045532531
2024-09-04,TUR,0.5749227045532531
2024-09-05,TUR,0.5749227045532531
2024-09-06,TUR,0.25122584996249414
2024-09-07,TUR,0.2393485816416698
2024-09-08,TUR,0.2393485816416698
2024-09-09,TUR,0.2393485816416698
2024-09-10,TUR,0.2990021035921473
2024-09-11,TUR,0.2990021035921473
2024-09-12,TUR,0.2990021035921473
2024-09-13,TUR,0.5765513578586098
2024-09-14,TUR,0.5765513578586098
2024-09-15,TUR,0.5765513578586098
2024-09-16,TUR,0.5765513578586098
2024-09-17,TUR,0.5765513578586098
2024-09-18,TUR,0.5704021146623434
2024-09-19,TUR,0.45995711310219756
2024-09-20,TUR,0.4705202526797822
2024-09-21,TUR,0.4705473732330163
2024-09-22,TUR,0.29116522052740385
2024-09-23,TUR,0.29116522052740385
2024-09-24,TUR,0.2860039473825926
2024-09-25,TUR,0.28506321277348795
2024-09-26,TUR,0.2989792869919707
2024-09-27,TUR,0.3125995588189764
2024-09-28,TUR,0.28506321277348795
2024-09-29,TUR,0.48507798304706545
2024-09-30,TUR,0.48507798304706545
2024-10-01,TUR,0.4512154489658522
2024-10-02,TUR,0.4512154489658522
2024-10-03,TUR,0.4512154489658522
2024-10-04,TUR,0.4512154489658522
2024-10-05,TUR,0.492484797038032
2024-10-06,TUR,0.4901085927856397
2024-10-07,TUR,0.4764593634303025
2024-10-08,TUR,0.5765247804985997
2024-10-09,TUR,0.5765247804985997
2024-10-10,TUR,0.5765247804985997
2024-10-11,TUR,0.5704021146623434
2024-10-12,TUR,0.574896100342041
2024-10-13,TUR,0.574896100342041
2024-10-14,TUR,0.574896100342041
2024-10-15,TUR,0.574896100342041
2024-10-16,TUR,0.5687675001589908
2024-10-17,TUR,0.5687675001589908
2024-10-18,TUR,0.5687675001589908
2024-10-19,TUR,0.5687675001589908
2024-10-20,TUR,0.5687675001589908
2024-10-21,TUR,0.5687675001589908
2024-10-22,TUR,0.5687675001589908
2024-10-23,TUR,0.5687675001589908
2024-10-24,TUR,0.5687675001589908
2024-10-25,TUR,0.5749227045532531
2024-10-26,TUR,0.5749227045532531
2024-10-27,TUR,0.5749227045532531
2024-10-28,TUR,0.5390161644624168
2024-10-29,TUR,0.5390161644624168
2024-10-30,TUR,0.15309293365091062
2024-10-31,TUR,0.11766338552607042
2024-11-01,TUR,0.1276701436503674
2024-11-02,TUR,0.11349345174746726
2024-11-03,TUR,0.11349345174746726
2024-11-04,TUR,0.11349345174746726
2024-11-05,TUR,0.11349345174746726
2024-11-06,TUR,0.5765513578586098
2024-11-07,TUR,0.5765513578586098
2024-11-08,TUR,0.5765513578586098
2024-11-09,TUR,0.5765513578586098
2024-11-10,TUR,0.5765513578586098
2024-11-11,TUR,0.5765513578586098
2024-11-12,TUR,0.5765513578586098
2024-11-13,TUR,0.5749227045532531
2024-11-14,TUR,0.5772451285871368
2024-11-15,TUR,0.5772451285871368
2024-11-16,TUR,0.5749227045532531
2024-11-17,TUR,0.5749227045532531
2024-11-18,TUR,0.5749227045532531
2024-11-19,TUR,0.5749227045532531
2024-11-20,TUR,0.5749227045532531
2024-11-21,TUR,0.5809897629084182
2024-11-22,TUR,0.5809897629084182
2024-11-23,TUR,0.5809897629084182
2024-11-24,TUR,0.5809897629084182
2024-11-25,TUR,0.5809897629084182
2024-11-26,TUR,0.5809897629084182
2024-11-27,TUR,0.5809897629084182
2024-11-28,TUR,0.5809897629084182
2024-11-29,TUR,0.548718594151218
2024-11-30,TUR,0.527489070401886
2024-12-01,TUR,0.5349087704206978
2024-12-02,TUR,0.513605458464686
2024-12-03,TUR,0.5349087704206978
2024-12-04,TUR,0.513605458464686
2024-12-05,TUR,0.46178085072443004
2024-12-06,TUR,0.46178085072443004
2024-12-07,TUR,0.46178085072443004
2024-12-08,TUR,0.46178085072443004
2024-12-09,TUR,0.46178085072443004
2024-12-10,TUR,0.513605458464686
2024-12-11,TUR,0.513605458464686
2024-12-12,TUR,0.513605458464686
2024-12-13,TUR,0.513605458464686
2024-12-14,TUR,0.513605458464686
2024-12-15,TUR,0.513605458464686
2024-12-16,TUR,0.513605458464686
2024-12-17,TUR,0.5263161865846736
2024-12-18,TUR,0.5263161865846736
2024-12-19,TUR,0.5263161865846736
2024-12-20,TUR,0.5263161865846736
2024-12-21,TUR,0.5263161865846736
2024-12-22,TUR,0.5263161865846736
2024-12-23,TUR,0.5263161865846736
2024-12-24,TUR,0.5263161865846736
2024-12-25,TUR,0.5263161865846736
2024-12-26,TUR,0.5263161865846736
2024-12-27,TUR,0.5263161865846736
2024-12-28,TUR,0.5263161865846736
2024-12-29,TUR,0.5263161865846736
2024-12-30,TUR,0.513605458464686
2024-12-31,TUR,0.513605458464686
2025-01-01,TUR,0.513605458464686
2025-01-02,TUR,0.5099517003203736
2025-01-03,TUR,0.4830658085841841
2025-01-04,TUR,0.4830658085841841
2025-01-05,TUR,0.4830658085841841
2025-01-06,TUR,0.5073504461720502
2025-01-07,TUR,0.5073504461720502
2025-01-08,TUR,0.513605458464686
2025-01-09,TUR,0.513605458464686
2025-01-10,TUR,0.513605458464686
2025-01-11,TUR,0.5095296795345748
2025-01-12,TUR,0.513605458464686
2025-01-13,TUR,0.527489070401886
2025-01-14,TUR,0.5234216786311747
2025-01-15,TUR,0.527489070401886
2025-01-16,TUR,0.5234216786311747
2025-01-17,TUR,0.513605458464686
2025-01-18,TUR,0.513605458464686
2025-01-19,TUR,0.513605458464686
2025-01-20,TUR,0.513605458464686
2025-01-21,TUR,0.5349087704206978
2025-01-22,TUR,0.5349087704206978
2025-01-23,TUR,0.528676311429771
2025-01-24,TUR,0.5349087704206978
2025-01-25,TUR,0.5349087704206978
2025-01-26,TUR,0.5349087704206978
2025-01-27,TUR,0.5349087704206978
2025-01-28,TUR,0.5349087704206978
2025-01-29,TUR,0.5349087704206978
2025-01-30,TUR,0.548718594151218
2025-01-31,TUR,0.527489070401886
2025-02-01,TUR,0.527489070401886
2025-02-02,TUR,0.527489070401886
2025-02-03,TUR,0.527489070401886
2025-02-04,TUR,0.527489070401886
2025-02-05,TUR,0.5238429165168504
2025-02-06,TUR,0.5238429165168504
2025-02-07,TUR,0.5238429165168504
2025-02-08,TUR,0.5238429165168504
2025-02-09,TUR,0.513605458464686
2025-02-10,TUR,0.513605458464686
2025-02-11,TUR,0.513605458464686
2025-02-12,TUR,0.513605458464686
2025-02-13,TUR,0.513605458464686
2025-02-14,TUR,0.513605458464686
2025-02-15,TUR,0.513605458464686
2025-02-16,TUR,0.527489070401886
2025-02-17,TUR,0.527489070401886
2025-02-18,TUR,0.527489070401886
2025-02-19,TUR,0.527489070401886
2025-02-20,TUR,0.5263161865846736
2025-02-21,TUR,0.5263161865846736
2025-02-22,TUR,0.4282610040442533
2025-02-23,TUR,0.46269326524092297
2025-02-24,TUR,0.46269326524092297
2025-02-25,TUR,0.46178085072443004
2025-02-26,TUR,0.46178085072443004
2025-02-27,TUR,0.46178085072443004
2025-02-28,TUR,0.46178085072443004
2025-03-01,TUR,0.46331691986802
2025-03-02,TUR,0.46331691986802
2025-03-03,TUR,0.46331691986802
2025-03-04,TUR,0.46178085072443004
2025-03-05,TUR,0.46178085072443004
2025-03-06,TUR,0.46178085072443004
2025-03-07,TUR,0.46178085072443004
2025-03-08,TUR,0.46178085072443004
2025-03-09,TUR,0.46178085072443004
2025-03-10,TUR,0.46178085072443004
2025-03-11,TUR,0.46178085072443004
2025-03-12,TUR,0.46178085072443004
2025-03-13,TUR,0.46178085072443004
2025-03-14,TUR,0.46178085072443004
2025-03-15,TUR,0.46178085072443004
2025-03-16,TUR,0.46178085072443004
2025-03-17,TUR,0.46178085072443004
2025-03-18,TUR,0.46178085072443004
2025-03-19,TUR,0.46178085072443004
2025-03-20,TUR,0.46178085072443004
2025-03-21,TUR,0.527489070401886
2025-03-22,TUR,0.46178085072443004
2025-03-23,TUR,0.46178085072443004
2025-03-24,TUR,0.4808951216823616
2025-03-25,TUR,0.4808951216823616
2025-03-26,TUR,0.4808951216823616
2025-03-27,TUR,0.4808951216823616
2025-03-28,TUR,0.4808951216823616
2024-07-01,SAU,0.4287103556818084
2024-07-02,SAU,0.4287103556818084
2024-07-03,SAU,0.4287103556818084
2024-07-04,SAU,0.4287103556818084
2024-07-05,SAU,0.4287103556818084
2024-07-06,SAU,0.4287103556818084
2024-07-07,SAU,0.4084229957624242
2024-07-08,SAU,0.4084229957624242
2024-07-09,SAU,0.3870682660877814
2024-07-10,SAU,0.4070247101412776
2024-07-11,SAU,0.4287103556818084
2024-07-12,SAU,0.4287103556818084
2024-07-13,SAU,0.4287103556818084
2024-07-14,SAU,0.4287103556818084
2024-07-15,SAU,0.4287103556818084
2024-07-16,SAU,0.4070247101412776
2024-07-17,SAU,0.4070247101412776
2024-07-18,SAU,0.4104891173641713
2024-07-19,SAU,0.4104891173641713
2024-07-20,SAU,0.4838082416248632
2024-07-21,SAU,0.48525444609184293
2024-07-22,SAU,0.5060932818884842
2024-07-23,SAU,0.5060932818884842
2024-07-24,SAU,0.4838082416248632
2024-07-25,SAU,0.48738902047086996
2024-07-26,SAU,0.47246051924828153
2024-07-27,SAU,0.5060932818884842
2024-07-28,SAU,0.48525444609184293
2024-07-29,SAU,0.48525444609184293
2024-07-30,SAU,0.46302677622377597
2024-07-31,SAU,0.48525444609184293
2024-08-01,SAU,0.4811810786611055
2024-08-02,SAU,0.48738902047086996
2024-08-03,SAU,0.48738902047086996
2024-08-04,SAU,0.5060932818884842
2024-08-05,SAU,0.5060932818884842
2024-08-06,SAU,0.48738902047086996
2024-08-07,SAU,0.4838082416248632
2024-08-08,SAU,0.4838082416248632
2024-08-09,SAU,0.5060932818884842
2024-08-10,SAU,0.5060932818884842
2024-08-11,SAU,0.5060932818884842
2024-08-12,SAU,0.5060932818884842
2024-08-13,SAU,0.50201558840173
2024-08-14,SAU,0.5060932818884842
2024-08-15,SAU,0.5060932818884842
2024-08-16,SAU,0.4838082416248632
2024-08-17,SAU,0.47198371744308354
2024-08-18,SAU,0.47198371744308354
2024-08-19,SAU,0.47198371744308354
2024-08-20,SAU,0.47198371744308354
2024-08-21,SAU,0.3677577426351734
2024-08-22,SAU,0.38532198392416855
2024-08-23,SAU,0.49138789596086496
2024-08-24,SAU,0.41812814139304666
2024-08-25,SAU,0.41812814139304666
2024-08-26,SAU,0.41812814139304666
2024-08-27,SAU,0.39270922393623753
2024-08-28,SAU,0.3979926866937448
2024-08-29,SAU,0.5255041322018629
2024-08-30,SAU,0.39660617011828214
2024-08-31,SAU,0.39660617011828214
2024-09-01,SAU,0.41812814139304666
2024-09-02,SAU,0.41812814139304666
2024-09-03,SAU,0.41812814139304666
2024-09-04,SAU,0.48738902047086996
2024-09-05,SAU,0.5441184877235374
2024-09-06,SAU,0.5233730624447944
2024-09-07,SAU,0.5255041322018629
2024-09-08,SAU,0.5441184877235374
2024-09-09,SAU,0.5441184877235374
2024-09-10,SAU,0.5010991024175376
2024-09-11,SAU,0.5010991024175376
2024-09-12,SAU,0.5010991024175376
2024-09-13,SAU,0.5233730624447944
2024-09-14,SAU,0.3979926866937448
2024-09-15,SAU,0.3979926866937448
2024-09-16,SAU,0.3979926866937448
2024-09-17,SAU,0.42227404260432994
2024-09-18,SAU,0.4006856221766102
2024-09-19,SAU,0.42227404260432994
2024-09-20,SAU,0.3979926866937448
2024-09-21,SAU,0.37683592042908765
2024-09-22,SAU,0.3979926866937448
2024-09-23,SAU,0.3979926866937448
2024-09-24,SAU,0.37683592042908765
2024-09-25,SAU,0.3979926866937448
2024-09-26,SAU,0.37683592042908765
2024-09-27,SAU,0.3979926866937448
2024-09-28,SAU,0.40413284644053477
2024-09-29,SAU,0.44273450911457257
2024-09-30,SAU,0.44273450911457257
2024-10-01,SAU,0.39660617011828214
2024-10-02,SAU,0.42435997024015476
2024-10-03,SAU,0.4208620724959684
2024-10-04,SAU,0.4833145589304011
2024-10-05,SAU,0.4838082416248632
2024-10-06,SAU,0.5060932818884842
2024-10-07,SAU,0.5060932818884842
2024-10-08,SAU,0.4833145589304011
2024-10-09,SAU,0.47246051924828153
2024-10-10,SAU,0.4838082416248632
2024-10-11,SAU,0.4797356998735418
2024-10-12,SAU,0.5060932818884842
2024-10-13,SAU,0.5060932818884842
2024-10-14,SAU,0.5060932818884842
2024-10-15,SAU,0.4838082416248632
2024-10-16,SAU,0.48525444609184293
2024-10-17,SAU,0.4838082416248632
2024-10-18,SAU,0.4838082416248632
2024-10-19,SAU,0.5060932818884842
2024-10-20,SAU,0.5060932818884842
2024-10-21,SAU,0.5060932818884842
2024-10-22,SAU,0.4838082416248632
2024-10-23,SAU,0.4838082416248632
2024-10-24,SAU,0.4838082416248632
2024-10-25,SAU,0.5060932818884842
2024-10-26,SAU,0.4838082416248632
2024-10-27,SAU,0.5060932818884842
2024-10-28,SAU,0.5060932818884842
2024-10-29,SAU,0.4838082416248632
2024-10-30,SAU,0.5060932818884842
2024-10-31,SAU,0.5060932818884842
2024-11-01,SAU,0.48738902047086996
2024-11-02,SAU,0.4838082416248632
2024-11-03,SAU,0.48525444609184293
2024-11-04,SAU,0.48525444609184293
2024-11-05,SAU,0.4811810786611055
2024-11-06,SAU,0.48525444609184293
2024-11-07,SAU,0.46302677622377597
2024-11-08,SAU,0.48525444609184293
2024-11-09,SAU,0.46302677622377597
2024-11-10,SAU,0.4517399143995076
2024-11-11,SAU,0.4517399143995076
2024-11-12,SAU,0.46302677622377597
2024-11-13,SAU,0.46302677622377597
2024-11-14,SAU,0.46302677622377597
2024-11-15,SAU,0.46302677622377597
2024-11-16,SAU,0.390474666219537
2024-11-17,SAU,0.3763353139427859
2024-11-18,SAU,0.396095993674231
2024-11-19,SAU,0.42472000093951284
2024-11-20,SAU,0.4287103556818084
2024-11-21,SAU,0.4070247101412776
2024-11-22,SAU,0.4070247101412776
2024-11-23,SAU,0.4838082416248632
2024-11-24,SAU,0.5060932818884842
2024-11-25,SAU,0.5060932818884842
2024-11-26,SAU,0.5103126158528494
2024-11-27,SAU,0.48802536321186696
2024-11-28,SAU,0.5103126158528494
2024-11-29,SAU,0.5103126158528494
2024-11-30,SAU,0.4766700676948366
2024-12-01,SAU,0.4766700676948366
2024-12-02,SAU,0.4766700676948366
2024-12-03,SAU,0.48802536321186696
2024-12-04,SAU,0.5103126158528494
2024-12-05,SAU,0.5103126158528494
2024-12-06,SAU,0.5103126158528494
2024-12-07,SAU,0.46302677622377597
2024-12-08,SAU,0.48525444609184293
2024-12-09,SAU,0.5103126158528494
2024-12-10,SAU,0.4665927761700097
2024-12-11,SAU,0.4838082416248632
2024-12-12,SAU,0.4838082416248632
2024-12-13,SAU,0.4838082416248632
2024-12-14,SAU,0.4838082416248632
2024-12-15,SAU,0.5060932818884842
2024-12-16,SAU,0.5060932818884842
2024-12-17,SAU,0.5060932818884842
2024-12-18,SAU,0.48738902047086996
2024-12-19,SAU,0.48738902047086996
2024-12-20,SAU,0.4838082416248632
2024-12-21,SAU,0.5060932818884842
2024-12-22,SAU,0.30402937462867374
2024-12-23,SAU,0.30402937462867374
2024-12-24,SAU,0.2854987383959522
2024-12-25,SAU,0.2854987383959522
2024-12-26,SAU,0.30402937462867374
2024-12-27,SAU,0.30402937462867374
2024-12-28,SAU,0.28843190676137875
2024-12-29,SAU,0.44598839532144324
2024-12-30,SAU,0.44598839532144324
2024-12-31,SAU,0.427582429909226
2025-01-01,SAU,0.42407753856264585
2025-01-02,SAU,0.44598839532144324
2025-01-03,SAU,0.42407753856264585
2025-01-04,SAU,0.44598839532144324
2025-01-05,SAU,0.4535280100565313
2025-01-06,SAU,0.4535280100565313
2025-01-07,SAU,0.4535280100565313
2025-01-08,SAU,0.43505523286383513
2025-01-09,SAU,0.4315352656699528
2025-01-10,SAU,0.4315352656699528
2025-01-11,SAU,0.39180851985394843
2025-01-12,SAU,0.4137278705865262
2025-01-13,SAU,0.4137278705865262
2025-01-14,SAU,0.3883978982703109
2025-01-15,SAU,0.4137278705865262
2025-01-16,SAU,0.40977694175355206
2025-01-17,SAU,0.4137278705865262
2025-01-18,SAU,0.3922796973943447
2025-01-19,SAU,0.4137278705865262
2025-01-20,SAU,0.4137278705865262
2025-01-21,SAU,0.4084229957624242
2025-01-22,SAU,0.4084229957624242
2025-01-23,SAU,0.3870682660877814
2025-01-24,SAU,0.4084229957624242
2025-01-25,SAU,0.4084229957624242
2025-01-26,SAU,0.4084229957624242
2025-01-27,SAU,0.4084229957624242
2025-01-28,SAU,0.390474666219537
2025-01-29,SAU,0.3870682660877814
2025-01-30,SAU,0.3870682660877814
2025-01-31,SAU,0.4084229957624242
2025-02-01,SAU,0.46302677622377597
2025-02-02,SAU,0.48525444609184293
2025-02-03,SAU,0.48525444609184293
2025-02-04,SAU,0.4916076285552055
2025-02-05,SAU,0.5103126158528494
2025-02-06,SAU,0.5103126158528494
2025-02-07,SAU,0.48802536321186696
2025-02-08,SAU,0.4261680369000221
2025-02-09,SAU,0.4481028652763612
2025-02-10,SAU,0.4481028652763612
2025-02-11,SAU,0.4261680369000221
2025-02-12,SAU,0.4481028652763612
2025-02-13,SAU,0.4481028652763612
2025-02-14,SAU,0.4481028652763612
2025-02-15,SAU,0.4084229957624242
2025-02-16,SAU,0.4328499365684122
2025-02-17,SAU,0.40938261535273845
2025-02-18,SAU,0.2904222371629865
2025-02-19,SAU,0.2723963554516383
2025-02-20,SAU,0.2723963554516383
2025-02-21,SAU,0.2904222371629865
2025-02-22,SAU,0.3414871358673573
2025-02-23,SAU,0.35850814800058306
2025-02-24,SAU,0.35850814800058306
2025-02-25,SAU,0.35850814800058306
2025-02-26,SAU,0.35850814800058306
2025-02-27,SAU,0.3382709194817291
2025-02-28,SAU,0.3414871358673573
2025-03-01,SAU,0.3382709194817291
2025-03-02,SAU,0.32816660808461956
2025-03-03,SAU,0.32816660808461956
2025-03-04,SAU,0.3414871358673573
2025-03-05,SAU,0.35850814800058306
2025-03-06,SAU,0.38094013855745545
2025-03-07,SAU,0.363457531070359
2025-03-08,SAU,0.38094013855745545
2025-03-09,SAU,0.38094013855745545
2025-03-10,SAU,0.38094013855745545
2025-03-11,SAU,0.363457531070359
2025-03-12,SAU,0.37350039420219977
2025-03-13,SAU,0.37350039420219977
2025-03-14,SAU,0.37350039420219977
2025-03-15,SAU,0.37350039420219977
2025-03-16,SAU,0.37350039420219977
2025-03-17,SAU,0.37350039420219977
2025-03-18,SAU,0.37350039420219977
2025-03-19,SAU,0.37350039420219977
2025-03-20,SAU,0.3382709194817291
2025-03-21,SAU,0.3382709194817291
2025-03-22,SAU,0.33450237333212834
2025-03-23,SAU,0.3546349729960159
2025-03-24,SAU,0.35850814800058306
2025-03-25,SAU,0.3382709194817291
2025-03-26,SAU,0.38094013855745545
2025-03-27,SAU,0.363457531070359
2025-03-28,SAU,0.38094013855745545
2024-07-01,LBY,0.2922682564148967
2024-07-02,LBY,0.2654612463065869
2024-07-03,LBY,0.32470115303194674
2024-07-04,LBY,0.24307801153160538
2024-07-05,LBY,0.288332177354301
2024-07-06,LBY,0.5952800440729219
2024-07-07,LBY,0.5952800440729219
2024-07-08,LBY,0.5952800440729219
2024-07-09,LBY,0.5952800440729219
2024-07-10,LBY,0.5952800440729219
2024-07-11,LBY,0.5952800440729219
2024-07-12,LBY,0.5952800440729219
2024-07-13,LBY,0.6027391060176368
2024-07-14,LBY,0.6027391060176368
2024-07-15,LBY,0.6027391060176368
2024-07-16,LBY,0.6027391060176368
2024-07-17,LBY,0.5635604994899528
2024-07-18,LBY,0.5635604994899528
2024-07-19,LBY,0.5612200425301886
2024-07-20,LBY,0.5612200425301886
2024-07-21,LBY,0.5612200425301886
2024-07-22,LBY,0.5612200425301886
2024-07-23,LBY,0.5195539888237388
2024-07-24,LBY,0.5580847287204018
2024-07-25,LBY,0.49842424721173423
2024-07-26,LBY,0.469785440997995
2024-07-27,LBY,0.515014111133397
2024-07-28,LBY,0.4442434483423298
2024-07-29,LBY,0.3762516229673951
2024-07-30,LBY,0.31241248076577677
2024-07-31,LBY,0.36385415365083623
2024-08-01,LBY,0.37083373961770894
2024-08-02,LBY,0.305134188203572
2024-08-03,LBY,0.3598376446876884
2024-08-04,LBY,0.518845559308732
2024-08-05,LBY,0.5468714082526727
2024-08-06,LBY,0.5468714082526727
2024-08-07,LBY,0.5468714082526727
2024-08-08,LBY,0.5929868378616069
2024-08-09,LBY,0.5929868378616069
2024-08-10,LBY,0.5468714082526727
2024-08-11,LBY,0.5468714082526727
2024-08-12,LBY,0.5468714082526727
2024-08-13,LBY,0.5468714082526727
2024-08-14,LBY,0.5547687737310499
2024-08-15,LBY,0.5579089772712759
2024-08-16,LBY,0.2122242003011057
2024-08-17,LBY,0.22352652502165923
2024-08-18,LBY,0.22352652502165923
2024-08-19,LBY,0.22352652502165923
2024-08-20,LBY,0.26828470227382967
2024-08-21,LBY,0.2664219479902747
2024-08-22,LBY,0.22352652502165923
2024-08-23,LBY,0.5929868378616069
2024-08-24,LBY,0.5971367850761358
2024-08-25,LBY,0.4596433274323982
2024-08-26,LBY,0.4450039931939481
2024-08-27,LBY,0.4222007167887399
2024-08-28,LBY,0.40509048676679266
2024-08-29,LBY,0.4322807212409126
2024-08-30,LBY,0.38928744041273006
2024-08-31,LBY,0.3611959430048364
2024-09-01,LBY,0.45453791144958744
2024-09-02,LBY,0.5929868378616069
2024-09-03,LBY,0.5929868378616069
2024-09-04,LBY,0.5929868378616069
2024-09-05,LBY,0.5929868378616069
2024-09-06,LBY,0.5929868378616069
2024-09-07,LBY,0.5366821495781615
2024-09-08,LBY,0.5499312028883429
2024-09-09,LBY,0.5499312028883429
2024-09-10,LBY,0.5499312028883429
2024-09-11,LBY,0.5272086519727689
2024-09-12,LBY,0.5272086519727689
2024-09-13,LBY,0.5220897540159636
2024-09-14,LBY,0.5272086519727689
2024-09-15,LBY,0.46084271767276475
2024-09-16,LBY,0.46084271767276475
2024-09-17,LBY,0.46084271767276475
2024-09-18,LBY,0.5365613881590087
2024-09-19,LBY,0.41622152531637385
2024-09-20,LBY,0.46709745927091967
2024-09-21,LBY,0.4635426651420183
2024-09-22,LBY,0.4635426651420183
2024-09-23,LBY,0.4635426651420183
2024-09-24,LBY,0.43874091209765875
2024-09-25,LBY,0.3945584762002684
2024-09-26,LBY,0.5929868378616069
2024-09-27,LBY,0.5929868378616069
2024-09-28,LBY,0.5929868378616069
2024-09-29,LBY,0.552157750161858
2024-09-30,LBY,0.552157750161858
2024-10-01,LBY,0.552157750161858
2024-10-02,LBY,0.552157750161858
2024-10-03,LBY,0.5553016074740362
2024-10-04,LBY,0.5553016074740362
2024-10-05,LBY,0.5121654274276017
2024-10-06,LBY,0.547435641703948
2024-10-07,LBY,0.5194140226493555
2024-10-08,LBY,0.39799904822999793
2024-10-09,LBY,0.3628093771680497
2024-10-10,LBY,0.3628093771680497
2024-10-11,LBY,0.2941650153975969
2024-10-12,LBY,0.32535194555667446
2024-10-13,LBY,0.3253280513893952
2024-10-14,LBY,0.32629045725727224
2024-10-15,LBY,0.5929605637899513
2024-10-16,LBY,0.5929605637899513
2024-10-17,LBY,0.5971367850761358
2024-10-18,LBY,0.5971367850761358
2024-10-19,LBY,0.5971367850761358
2024-10-20,LBY,0.5971367850761358
2024-10-21,LBY,0.5971367850761358
2024-10-22,LBY,0.604584357681759
2024-10-23,LBY,0.604584357681759
2024-10-24,LBY,0.604584357681759
2024-10-25,LBY,0.604584357681759
2024-10-26,LBY,0.604584357681759
2024-10-27,LBY,0.604584357681759
2024-10-28,LBY,0.5600208658635066
2024-10-29,LBY,0.5600208658635066
2024-10-30,LBY,0.5516968465296677
2024-10-31,LBY,0.5302825033165713
2024-11-01,LBY,0.5302825033165713
2024-11-02,LBY,0.5182860407730668
2024-11-03,LBY,0.5159118961582687
2024-11-04,LBY,0.5327483843212307
2024-11-05,LBY,0.5303809327158908
2024-11-06,LBY,0.5303809327158908
2024-11-07,LBY,0.49124953503925667
2024-11-08,LBY,0.48970535967842405
2024-11-09,LBY,0.48970535967842405
2024-11-10,LBY,0.48970535967842405
2024-11-11,LBY,0.423485434486915
2024-11-12,LBY,0.4346789876772268
2024-11-13,LBY,0.41969997645160795
2024-11-14,LBY,0.43701678302944774
2024-11-15,LBY,0.45563056800877205
2024-11-16,LBY,0.45563056800877205
2024-11-17,LBY,0.45563056800877205
2024-11-18,LBY,0.4901133038610621
2024-11-19,LBY,0.4963699209987134
2024-11-20,LBY,0.4963971346467952
2024-11-21,LBY,0.4963971346467952
2024-11-22,LBY,0.5911389944474543
2024-11-23,LBY,0.5911389944474543
2024-11-24,LBY,0.5911389944474543
2024-11-25,LBY,0.5942103119165013
2024-11-26,LBY,0.498774554107776
2024-11-27,LBY,0.498774554107776
2024-11-28,LBY,0.4642372616259474
2024-11-29,LBY,0.41198896590578665
2024-11-30,LBY,0.41198896590578665
2024-12-01,LBY,0.4170790448308109
2024-12-02,LBY,0.39336778195942596
2024-12-03,LBY,0.329217633180271
2024-12-04,LBY,0.31117223523558873
2024-12-05,LBY,0.3027666424019558
2024-12-06,LBY,0.43144824221682854
2024-12-07,LBY,0.402318591117519
2024-12-08,LBY,0.402318591117519
2024-12-09,LBY,0.402318591117519
2024-12-10,LBY,0.49522100592745966
2024-12-11,LBY,0.5074874959594765
2024-12-12,LBY,0.5425967456188006
2024-12-13,LBY,0.4896407283058742
2024-12-14,LBY,0.4896407283058742
2024-12-15,LBY,0.5425967456188006
2024-12-16,LBY,0.5425967456188006
2024-12-17,LBY,0.5402355831420429
2024-12-18,LBY,0.5402355831420429
2024-12-19,LBY,0.5402355831420429
2024-12-20,LBY,0.5971367850761358
2024-12-21,LBY,0.5402355831420429
2024-12-22,LBY,0.5533181659446403
2024-12-23,LBY,0.5604800293954989
2024-12-24,LBY,0.5533181659446403
2024-12-25,LBY,0.5556674013739933
2024-12-26,LBY,0.5556674013739933
2024-12-27,LBY,0.5564604207838811
2024-12-28,LBY,0.596053759776756
2024-12-29,LBY,0.5533181659446403
2024-12-30,LBY,0.5533181659446403
2024-12-31,LBY,0.5532912601875862
2025-01-01,LBY,0.5532912601875862
2025-01-02,LBY,0.4939932173018208
2025-01-03,LBY,0.5071913154603813
2025-01-04,LBY,0.4937747418104453
2025-01-05,LBY,0.6001935197932252
2025-01-06,LBY,0.6001935197932252
2025-01-07,LBY,0.6001935197932252
2025-01-08,LBY,0.6001935197932252
2025-01-09,LBY,0.5941840627739667
2025-01-10,LBY,0.5941840627739667
2025-01-11,LBY,0.5881343180623958
2025-01-12,LBY,0.592567690758976
2025-01-13,LBY,0.592567690758976
2025-01-14,LBY,0.592567690758976
2025-01-15,LBY,0.592567690758976
2025-01-16,LBY,0.6015707827643693
2025-01-17,LBY,0.6015707827643693
2025-01-18,LBY,0.28476691753586464
2025-01-19,LBY,0.30556841947887975
2025-01-20,LBY,0.30556841947887975
2025-01-21,LBY,0.2308006585742928
2025-01-22,LBY,0.2308006585742928
2025-01-23,LBY,0.27459834259612953
2025-01-24,LBY,0.27459834259612953
2025-01-25,LBY,0.5195539888237388
2025-01-26,LBY,0.5195539888237388
2025-01-27,LBY,0.5195539888237388
2025-01-28,LBY,0.5580847287204018
2025-01-29,LBY,0.34084989839720203
2025-01-30,LBY,0.41399855130222635
2025-01-31,LBY,0.4108018664657822
2025-02-01,LBY,0.4108018664657822
2025-02-02,LBY,0.4097417936978681
2025-02-03,LBY,0.39638843626158154
2025-02-04,LBY,0.3614775976363448
2025-02-05,LBY,0.5580847287204018
2025-02-06,LBY,0.5195539888237388
2025-02-07,LBY,0.49784487127332455
2025-02-08,LBY,0.49784487127332455
2025-02-09,LBY,0.5195539888237388
2025-02-10,LBY,0.5195539888237388
2025-02-11,LBY,0.5195539888237388
2025-02-12,LBY,0.5195539888237388
2025-02-13,LBY,0.5195539888237388
2025-02-14,LBY,0.5580847287204018
2025-02-15,LBY,0.5580847287204018
2025-02-16,LBY,0.5195539888237388
2025-02-17,LBY,0.5019283961666131
2025-02-18,LBY,0.5019283961666131
2025-02-19,LBY,0.14051846928648026
2025-02-20,LBY,0.11988608555981439
2025-02-21,LBY,0.11151942690173618
2025-02-22,LBY,0.11077782768428883
2025-02-23,LBY,0.11077782768428883
2025-02-24,LBY,0.10535410030606229
2025-02-25,LBY,0.10535410030606229
2025-02-26,LBY,0.5187895935079424
2025-02-27,LBY,0.5929868378616069
2025-02-28,LBY,0.5929868378616069
2025-03-01,LBY,0.5697037303713837
2025-03-02,LBY,0.5697037303713837
2025-03-03,LBY,0.5697037303713837
2025-03-04,LBY,0.5697037303713837
2025-03-05,LBY,0.5697037303713837
2025-03-06,LBY,0.5597502658845174
2025-03-07,LBY,0.5597502658845174
2025-03-08,LBY,0.5578746452364792
2025-03-09,LBY,0.5578477946202456
2025-03-10,LBY,0.5229322071160634
2025-03-11,LBY,0.5229322071160634
2025-03-12,LBY,0.5477087851448624
2025-03-13,LBY,0.5578746452364792
2025-03-14,LBY,0.5578746452364792
2025-03-15,LBY,0.5502288808852643
2025-03-16,LBY,0.5502288808852643
2025-03-17,LBY,0.5502288808852643
2025-03-18,LBY,0.5502288808852643
2025-03-19,LBY,0.5455031751712933
2025-03-20,LBY,0.5455031751712933
2025-03-21,LBY,0.40594796032706304
2025-03-22,LBY,0.4696791255714909
2025-03-23,LBY,0.4976394711695989
2025-03-24,LBY,0.4976394711695989
2025-03-25,LBY,0.4696791255714909
2025-03-26,LBY,0.4696791255714909
2025-03-27,LBY,0.5050499624435327
2025-03-28,LBY,0.4770686544831616
2024-07-01,EGY,0.5793755296220054
2024-07-02,EGY,0.5535249504740024
2024-07-03,EGY,0.5499758653673069
2024-07-04,EGY,0.5499758653673069
2024-07-05,EGY,0.5499758653673069
2024-07-06,EGY,0.5499758653673069
2024-07-07,EGY,0.4923150925479569
2024-07-08,EGY,0.4239176455879261
2024-07-09,EGY,0.4023037107114294
2024-07-10,EGY,0.4023037107114294
2024-07-11,EGY,0.4239176455879261
2024-07-12,EGY,0.4239176455879261
2024-07-13,EGY,0.4239176455879261
2024-07-14,EGY,0.4239176455879261
2024-07-15,EGY,0.4923150925479569
2024-07-16,EGY,0.47005934573945096
2024-07-17,EGY,0.47005934573945096
2024-07-18,EGY,0.47363173456816055
2024-07-19,EGY,0.47363173456816055
2024-07-20,EGY,0.4897189178435386
2024-07-21,EGY,0.5120061657215911
2024-07-22,EGY,0.5120061657215911
2024-07-23,EGY,0.47200825210697184
2024-07-24,EGY,0.47200825210697184
2024-07-25,EGY,0.47200825210697184
2024-07-26,EGY,0.47354840904296985
2024-07-27,EGY,0.47200825210697184
2024-07-28,EGY,0.47200825210697184
2024-07-29,EGY,0.47200825210697184
2024-07-30,EGY,0.47200825210697184
2024-07-31,EGY,0.47200825210697184
2024-08-01,EGY,0.46794499426794633
2024-08-02,EGY,0.47200825210697184
2024-08-03,EGY,0.47200825210697184
2024-08-04,EGY,0.47200825210697184
2024-08-05,EGY,0.545910838103958
2024-08-06,EGY,0.545910838103958
2024-08-07,EGY,0.545910838103958
2024-08-08,EGY,0.545910838103958
2024-08-09,EGY,0.545910838103958
2024-08-10,EGY,0.545910838103958
2024-08-11,EGY,0.545910838103958
2024-08-12,EGY,0.545910838103958
2024-08-13,EGY,0.5418642955395524
2024-08-14,EGY,0.545910838103958
2024-08-15,EGY,0.545910838103958
2024-08-16,EGY,0.545910838103958
2024-08-17,EGY,0.545910838103958
2024-08-18,EGY,0.545910838103958
2024-08-19,EGY,0.45965879750791855
2024-08-20,EGY,0.45965879750791855
2024-08-21,EGY,0.45965879750791855
2024-08-22,EGY,0.3844933628977736
2024-08-23,EGY,0.3844933628977736
2024-08-24,EGY,0.3844933628977736
2024-08-25,EGY,0.3644369274503614
2024-08-26,EGY,0.5499758653673069
2024-08-27,EGY,0.5499758653673069
2024-08-28,EGY,0.5322205374371144
2024-08-29,EGY,0.49740403180414755
2024-08-30,EGY,0.5322205374371144
2024-08-31,EGY,0.5322205374371144
2024-09-01,EGY,0.5322205374371144
2024-09-02,EGY,0.5322205374371144
2024-09-03,EGY,0.5322205374371144
2024-09-04,EGY,0.49740403180414755
2024-09-05,EGY,0.5322205374371144
2024-09-06,EGY,0.5322205374371144
2024-09-07,EGY,0.49740403180414755
2024-09-08,EGY,0.5322205374371144
2024-09-09,EGY,0.5322205374371144
2024-09-10,EGY,0.5322205374371144
2024-09-11,EGY,0.5322205374371144
2024-09-12,EGY,0.47609995384737963
2024-09-13,EGY,0.47609995384737963
2024-09-14,EGY,0.47609995384737963
2024-09-15,EGY,0.47609995384737963
2024-09-16,EGY,0.47609995384737963
2024-09-17,EGY,0.47609995384737963
2024-09-18,EGY,0.45926064748944156
2024-09-19,EGY,0.5281327323848208
2024-09-20,EGY,0.5281327323848208
2024-09-21,EGY,0.4799806195837176
2024-09-22,EGY,0.4799806195837176
2024-09-23,EGY,0.4799806195837176
2024-09-24,EGY,0.4799806195837176
2024-09-25,EGY,0.4799806195837176
2024-09-26,EGY,0.4799806195837176
2024-09-27,EGY,0.4799806195837176
2024-09-28,EGY,0.493301636585529
2024-09-29,EGY,0.5120061657215911
2024-09-30,EGY,0.5120061657215911
2024-10-01,EGY,0.4897189178435386
2024-10-02,EGY,0.47200825210697184
2024-10-03,EGY,0.47200825210697184
2024-10-04,EGY,0.46794499426794633
2024-10-05,EGY,0.47200825210697184
2024-10-06,EGY,0.47200825210697184
2024-10-07,EGY,0.47200825210697184
2024-10-08,EGY,0.46794499426794633
2024-10-09,EGY,0.47200825210697184
2024-10-10,EGY,0.545910838103958
2024-10-11,EGY,0.5418642955395524
2024-10-12,EGY,0.545910838103958
2024-10-13,EGY,0.545910838103958
2024-10-14,EGY,0.545910838103958
2024-10-15,EGY,0.47726832906358174
2024-10-16,EGY,0.47726832906358174
2024-10-17,EGY,0.45965879750791855
2024-10-18,EGY,0.45965879750791855
2024-10-19,EGY,0.45965879750791855
2024-10-20,EGY,0.47726832906358174
2024-10-21,EGY,0.47726832906358174
2024-10-22,EGY,0.5535924383525483
2024-10-23,EGY,0.5535924383525483
2024-10-24,EGY,0.5535924383525483
2024-10-25,EGY,0.5535924383525483
2024-10-26,EGY,0.5535924383525483
2024-10-27,EGY,0.5535924383525483
2024-10-28,EGY,0.5535924383525483
2024-10-29,EGY,0.5535924383525483
2024-10-30,EGY,0.5535924383525483
2024-10-31,EGY,0.5535924383525483
2024-11-01,EGY,0.5535924383525483
2024-11-02,EGY,0.49382055582818984
2024-11-03,EGY,0.5161056730036017
2024-11-04,EGY,0.5161056730036017
2024-11-05,EGY,0.5161056730036017
2024-11-06,EGY,0.5161056730036017
2024-11-07,EGY,0.49382055582818984
2024-11-08,EGY,0.5161056730036017
2024-11-09,EGY,0.49382055582818984
2024-11-10,EGY,0.482457486215019
2024-11-11,EGY,0.482457486215019
2024-11-12,EGY,0.49382055582818984
2024-11-13,EGY,0.49382055582818984
2024-11-14,EGY,0.4854263116016237
2024-11-15,EGY,0.4854263116016237
2024-11-16,EGY,0.41205771950027925
2024-11-17,EGY,0.39764669518083845
2024-11-18,EGY,0.39764669518083845
2024-11-19,EGY,0.42630365841575313
2024-11-20,EGY,0.43029776293613703
2024-11-21,EGY,0.40858924935278723
2024-11-22,EGY,0.40858924935278723
2024-11-23,EGY,0.4854263116016237
2024-11-24,EGY,0.5077125761441409
2024-11-25,EGY,0.5077125761441409
2024-11-26,EGY,0.5077125761441409
2024-11-27,EGY,0.4854263116016237
2024-11-28,EGY,0.5077125761441409
2024-11-29,EGY,0.5077125761441409
2024-11-30,EGY,0.4740754927218665
2024-12-01,EGY,0.4740754927218665
2024-12-02,EGY,0.4740754927218665
2024-12-03,EGY,0.4854263116016237
2024-12-04,EGY,0.5077125761441409
2024-12-05,EGY,0.5077125761441409
2024-12-06,EGY,0.5077125761441409
2024-12-07,EGY,0.4854263116016237
2024-12-08,EGY,0.5077125761441409
2024-12-09,EGY,0.5077125761441409
2024-12-10,EGY,0.48900772112090407
2024-12-11,EGY,0.4854263116016237
2024-12-12,EGY,0.4854263116016237
2024-12-13,EGY,0.4854263116016237
2024-12-14,EGY,0.4854263116016237
2024-12-15,EGY,0.5077125761441409
2024-12-16,EGY,0.5077125761441409
2024-12-17,EGY,0.5077125761441409
2024-12-18,EGY,0.3608942882896653
2024-12-19,EGY,0.3608942882896653
2024-12-20,EGY,0.35759454678750013
2024-12-21,EGY,0.37832688111346024
2024-12-22,EGY,0.37832688111346024
2024-12-23,EGY,0.37832688111346024
2024-12-24,EGY,0.35759454678750013
2024-12-25,EGY,0.49382055582818984
2024-12-26,EGY,0.5161056730036017
2024-12-27,EGY,0.5161056730036017
2024-12-28,EGY,0.33575884964132907
2024-12-29,EGY,0.3170803017671956
2024-12-30,EGY,0.3170803017671956
2024-12-31,EGY,0.3065160288166581
2025-01-01,EGY,0.3065160288166581
2025-01-02,EGY,0.3065160288166581
2025-01-03,EGY,0.29988300123525513
2025-01-04,EGY,0.3767612701868695
2025-01-05,EGY,0.5507738771718813
2025-01-06,EGY,0.5507738771718813
2025-01-07,EGY,0.39587442025789477
2025-01-08,EGY,0.3767612701868695
2025-01-09,EGY,0.3841616920912338
2025-01-10,EGY,0.39587442025789477
2025-01-11,EGY,0.3841616920912338
2025-01-12,EGY,0.390271209716251
2025-01-13,EGY,0.390271209716251
2025-01-14,EGY,0.5829350046372159
2025-01-15,EGY,0.5829350046372159
2025-01-16,EGY,0.5829350046372159
2025-01-17,EGY,0.5571359686178138
2025-01-18,EGY,0.5571359686178138
2025-01-19,EGY,0.5571359686178138
2025-01-20,EGY,0.5571359686178138
2025-01-21,EGY,0.5571359686178138
2025-01-22,EGY,0.5571359686178138
2025-01-23,EGY,0.5571359686178138
2025-01-24,EGY,0.5571359686178138
2025-01-25,EGY,0.5571359686178138
2025-01-26,EGY,0.5571359686178138
2025-01-27,EGY,0.5535249504740024
2025-01-28,EGY,0.47772477616284315
2025-01-29,EGY,0.5125686140810801
2025-01-30,EGY,0.5125686140810801
2025-01-31,EGY,0.5125686140810801
2025-02-01,EGY,0.5322205374371144
2025-02-02,EGY,0.5322205374371144
2025-02-03,EGY,0.5322205374371144
2025-02-04,EGY,0.49740403180414755
2025-02-05,EGY,0.5322205374371144
2025-02-06,EGY,0.5238490791283216
2025-02-07,EGY,0.5238490791283216
2025-02-08,EGY,0.4657426469314657
2025-02-09,EGY,0.4657426469314657
2025-02-10,EGY,0.4657426469314657
2025-02-11,EGY,0.4657426469314657
2025-02-12,EGY,0.4657426469314657
2025-02-13,EGY,0.4657426469314657
2025-02-14,EGY,0.4657426469314657
2025-02-15,EGY,0.4462039403629161
2025-02-16,EGY,0.4462039403629161
2025-02-17,EGY,0.4462039403629161
2025-02-18,EGY,0.4462039403629161
2025-02-19,EGY,0.4462039403629161
2025-02-20,EGY,0.4462039403629161
2025-02-21,EGY,0.4462039403629161
2025-02-22,EGY,0.18027617095017914
2025-02-23,EGY,0.14646597390391727
2025-02-24,EGY,0.18399915191423802
2025-02-25,EGY,0.20275356659336993
2025-02-26,EGY,0.17823181721392456
2025-02-27,EGY,0.17823181721392456
2025-02-28,EGY,0.17823181721392456
2025-03-01,EGY,0.20960250950387097
2025-03-02,EGY,0.4248032077979115
2025-03-03,EGY,0.5610933922124829
2025-03-04,EGY,0.5730881149969489
2025-03-05,EGY,0.5730881149969489
2025-03-06,EGY,0.5730881149969489
2025-03-07,EGY,0.5730881149969489
2025-03-08,EGY,0.1898153698305426
2025-03-09,EGY,0.1898153698305426
2025-03-10,EGY,0.1898153698305426
2025-03-11,EGY,0.1898153698305426
2025-03-12,EGY,0.17588454980355067
2025-03-13,EGY,0.17588454980355067
2025-03-14,EGY,0.20329285073162595
2025-03-15,EGY,0.5631718565161927
2025-03-16,EGY,0.5631718565161927
2025-03-17,EGY,0.5631718565161927
2025-03-18,EGY,0.5653866113739897
2025-03-19,EGY,0.5653866113739897
2025-03-20,EGY,0.5592260270676721
2025-03-21,EGY,0.5653866113739897
2025-03-22,EGY,0.5655628345273727
2025-03-23,EGY,0.5655628345273727
2025-03-24,EGY,0.5655628345273727
2025-03-25,EGY,0.56982830790178
2025-03-26,EGY,0.56982830790178
2025-03-27,EGY,0.5676188777482151
2025-03-28,EGY,0.5676188777482151
2024-07-01,DZA,0.29387977693047956
2024-07-02,DZA,0.29387977693047956
2024-07-03,DZA,0.29387977693047956
2024-07-04,DZA,0.26970798197182144
2024-07-05,DZA,0.26970798197182144
2024-07-06,DZA,0.26012085433719256
2024-07-07,DZA,0.26012085433719256
2024-07-08,DZA,0.47010003916877396
2024-07-09,DZA,0.47010003916877396
2024-07-10,DZA,0.47010003916877396
2024-07-11,DZA,0.47010003916877396
2024-07-12,DZA,0.47010003916877396
2024-07-13,DZA,0.47010003916877396
2024-07-14,DZA,0.13087096998554207
2024-07-15,DZA,0.13087096998554207
2024-07-16,DZA,0.13087096998554207
2024-07-17,DZA,0.13087096998554207
2024-07-18,DZA,0.13087096998554207
2024-07-19,DZA,0.13087096998554207
2024-07-20,DZA,0.13087096998554207
2024-07-21,DZA,0.5483708006580299
2024-07-22,DZA,0.5483708006580299
2024-07-23,DZA,0.5483708006580299
2024-07-24,DZA,0.5483708006580299
2024-07-25,DZA,0.5483708006580299
2024-07-26,DZA,0.5483708006580299
2024-07-27,DZA,0.5483708006580299
2024-07-28,DZA,0.5467189735107298
2024-07-29,DZA,0.5467189735107298
2024-07-30,DZA,0.5467189735107298
2024-07-31,DZA,0.5045176609038271
2024-08-01,DZA,0.5045176609038271
2024-08-02,DZA,0.4858143535826013
2024-08-03,DZA,0.16638354691280177
2024-08-04,DZA,0.16638354691280177
2024-08-05,DZA,0.16638354691280177
2024-08-06,DZA,0.1781041275745716
2024-08-07,DZA,0.18198017142623002
2024-08-08,DZA,0.18198017142623002
2024-08-09,DZA,0.18198017142623002
2024-08-10,DZA,0.5483708006580299
2024-08-11,DZA,0.5483708006580299
2024-08-12,DZA,0.5483708006580299
2024-08-13,DZA,0.47559202775103215
2024-08-14,DZA,0.47559202775103215
2024-08-15,DZA,0.47559202775103215
2024-08-16,DZA,0.47559202775103215
2024-08-17,DZA,0.4742369747275644
2024-08-18,DZA,0.4742369747275644
2024-08-19,DZA,0.4742369747275644
2024-08-20,DZA,0.4742369747275644
2024-08-21,DZA,0.4518212494188231
2024-08-22,DZA,0.48105561811000763
2024-08-23,DZA,0.45859872062305956
2024-08-24,DZA,0.5151811193701074
2024-08-25,DZA,0.2936578486036242
2024-08-26,DZA,0.2936578486036242
2024-08-27,DZA,0.2936578486036242
2024-08-28,DZA,0.3039732077585515
2024-08-29,DZA,0.2984831086776175
2024-08-30,DZA,0.293041106066808
2024-08-31,DZA,0.293041106066808
2024-09-01,DZA,0.5503403206029543
2024-09-02,DZA,0.4897597403169854
2024-09-03,DZA,0.48592642992732066
2024-09-04,DZA,0.4672623761112779
2024-09-05,DZA,0.48592642992732066
2024-09-06,DZA,0.48592642992732066
2024-09-07,DZA,0.4672623761112779
2024-09-08,DZA,0.5035978925754362
2024-09-09,DZA,0.5035978925754362
2024-09-10,DZA,0.4813156534767516
2024-09-11,DZA,0.4813156534767516
2024-09-12,DZA,0.4813156534767516
2024-09-13,DZA,0.5035978925754362
2024-09-14,DZA,0.5035978925754362
2024-09-15,DZA,0.5035978925754362
2024-09-16,DZA,0.5035978925754362
2024-09-17,DZA,0.5035978925754362
2024-09-18,DZA,0.4813156534767516
2024-09-19,DZA,0.5035978925754362
2024-09-20,DZA,0.5035978925754362
2024-09-21,DZA,0.4813156534767516
2024-09-22,DZA,0.27576628891797245
2024-09-23,DZA,0.27576628891797245
2024-09-24,DZA,0.21122185982713745
2024-09-25,DZA,0.21122185982713745
2024-09-26,DZA,0.24370678364649362
2024-09-27,DZA,0.24370678364649362
2024-09-28,DZA,0.26586472692849933
2024-09-29,DZA,0.27163306250677666
2024-09-30,DZA,0.27163306250677666
2024-10-01,DZA,0.28220357242648114
2024-10-02,DZA,0.26942506854883624
2024-10-03,DZA,0.5519897651089456
2024-10-04,DZA,0.5519897651089456
2024-10-05,DZA,0.5519897651089456
2024-10-06,DZA,0.5519897651089456
2024-10-07,DZA,0.5519897651089456
2024-10-08,DZA,0.5519897651089456
2024-10-09,DZA,0.5519897651089456
2024-10-10,DZA,0.5503403206029543
2024-10-11,DZA,0.5503403206029543
2024-10-12,DZA,0.5503403206029543
2024-10-13,DZA,0.5503403206029543
2024-10-14,DZA,0.5503403206029543
2024-10-15,DZA,0.5503403206029543
2024-10-16,DZA,0.5503403206029543
2024-10-17,DZA,0.5503403206029543
2024-10-18,DZA,0.36493519291646237
2024-10-19,DZA,0.36493519291646237
2024-10-20,DZA,0.34870550163788655
2024-10-21,DZA,0.34870550163788655
2024-10-22,DZA,0.2843105971551882
2024-10-23,DZA,0.2843105971551882
2024-10-24,DZA,0.2843105971551882
2024-10-25,DZA,0.5503403206029543
2024-10-26,DZA,0.4636957073525681
2024-10-27,DZA,0.48592642992732066
2024-10-28,DZA,0.48592642992732066
2024-10-29,DZA,0.4636957073525681
2024-10-30,DZA,0.48592642992732066
2024-10-31,DZA,0.48592642992732066
2024-11-01,DZA,0.48489531381577833
2024-11-02,DZA,0.4813156534767516
2024-11-03,DZA,0.5035978925754362
2024-11-04,DZA,0.5035978925754362
2024-11-05,DZA,0.5035978925754362
2024-11-06,DZA,0.5035978925754362
2024-11-07,DZA,0.4813156534767516
2024-11-08,DZA,0.5035978925754362
2024-11-09,DZA,0.4813156534767516
2024-11-10,DZA,0.4699731657979819
2024-11-11,DZA,0.4699731657979819
2024-11-12,DZA,0.4813156534767516
2024-11-13,DZA,0.4813156534767516
2024-11-14,DZA,0.4813156534767516
2024-11-15,DZA,0.4813156534767516
2024-11-16,DZA,0.46525282905164245
2024-11-17,DZA,0.4165663474407926
2024-11-18,DZA,0.4165663474407926
2024-11-19,DZA,0.41260738922455814
2024-11-20,DZA,0.4165663474407926
2024-11-21,DZA,0.4165663474407926
2024-11-22,DZA,0.4165663474407926
2024-11-23,DZA,0.49365137900062794
2024-11-24,DZA,0.49365137900062794
2024-11-25,DZA,0.49365137900062794
2024-11-26,DZA,0.49365137900062794
2024-11-27,DZA,0.49365137900062794
2024-11-28,DZA,0.09703788463827631
2024-11-29,DZA,0.14412848736812672
2024-11-30,DZA,0.1477458450248042
2024-12-01,DZA,0.1298396254965623
2024-12-02,DZA,0.1298396254965623
2024-12-03,DZA,0.13506506478249974
2024-12-04,DZA,0.14582439954513662
2024-12-05,DZA,0.47176707866538187
2024-12-06,DZA,0.47176707866538187
2024-12-07,DZA,0.4496175763637377
2024-12-08,DZA,0.47176707866538187
2024-12-09,DZA,0.47176707866538187
2024-12-10,DZA,0.453167458747784
2024-12-11,DZA,0.4496175763637377
2024-12-12,DZA,0.48223426029335226
2024-12-13,DZA,0.48223426029335226
2024-12-14,DZA,0.48223426029335226
2024-12-15,DZA,0.5045176609038271
2024-12-16,DZA,0.5045176609038271
2024-12-17,DZA,0.5045176609038271
2024-12-18,DZA,0.4858143535826013
2024-12-19,DZA,0.4858143535826013
2024-12-20,DZA,0.5468491375505392
2024-12-21,DZA,0.5453175239750082
2024-12-22,DZA,0.5453175239750082
2024-12-23,DZA,0.5453175239750082
2024-12-24,DZA,0.5453175239750082
2024-12-25,DZA,0.5453175239750082
2024-12-26,DZA,0.5453175239750082
2024-12-27,DZA,0.5503403206029543
2024-12-28,DZA,0.46317947728511855
2024-12-29,DZA,0.4856594696635667
2024-12-30,DZA,0.4856594696635667
2024-12-31,DZA,0.46317947728511855
2025-01-01,DZA,0.4856594696635667
2025-01-02,DZA,0.4856594696635667
2025-01-03,DZA,0.5033307294301782
2025-01-04,DZA,0.5033307294301782
2025-01-05,DZA,0.5033307294301782
2025-01-06,DZA,0.5033307294301782
2025-01-07,DZA,0.5033307294301782
2025-01-08,DZA,0.4807973931547502
2025-01-09,DZA,0.4772199577954385
2025-01-10,DZA,0.4772199577954385
2025-01-11,DZA,0.45712155191492637
2025-01-12,DZA,0.47981217602593257
2025-01-13,DZA,0.47981217602593257
2025-01-14,DZA,0.45356638663725457
2025-01-15,DZA,0.47981217602593257
2025-01-16,DZA,0.47574227016202825
2025-01-17,DZA,0.47981217602593257
2025-01-18,DZA,0.4576121756892483
2025-01-19,DZA,0.4128423917655426
2025-01-20,DZA,0.4128423917655426
2025-01-21,DZA,0.4037758516321671
2025-01-22,DZA,0.4037758516321671
2025-01-23,DZA,0.3825069937426324
2025-01-24,DZA,0.4037758516321671
2025-01-25,DZA,0.4037758516321671
2025-01-26,DZA,0.4037758516321671
2025-01-27,DZA,0.4037758516321671
2025-01-28,DZA,0.4436590053452617
2025-01-29,DZA,0.44012365783801355
2025-01-30,DZA,0.44012365783801355
2025-01-31,DZA,0.46219822381057524
2025-02-01,DZA,0.4596170860911416
2025-02-02,DZA,0.4818279463181344
2025-02-03,DZA,0.4818279463181344
2025-02-04,DZA,0.4807973931547502
2025-02-05,DZA,0.4994951821885895
2025-02-06,DZA,0.4994951821885895
2025-02-07,DZA,0.4772199577954385
2025-02-08,DZA,0.4772199577954385
2025-02-09,DZA,0.4994951821885895
2025-02-10,DZA,0.4994951821885895
2025-02-11,DZA,0.5300531715123471
2025-02-12,DZA,0.5300531715123471
2025-02-13,DZA,0.5300531715123471
2025-02-14,DZA,0.5300531715123471
2025-02-15,DZA,0.5300531715123471
2025-02-16,DZA,0.5300531715123471
2025-02-17,DZA,0.5300531715123471
2025-02-18,DZA,0.5427167652934088
2025-02-19,DZA,0.5427167652934088
2025-02-20,DZA,0.44012365783801355
2025-02-21,DZA,0.46219822381057524
2025-02-22,DZA,0.46317947728511855
2025-02-23,DZA,0.4818279463181344
2025-02-24,DZA,0.4818279463181344
2025-02-25,DZA,0.4994951821885895
2025-02-26,DZA,0.4994951821885895
2025-02-27,DZA,0.2781929483645773
2025-02-28,DZA,0.271828976177365
2025-03-01,DZA,0.2634488505480703
2025-03-02,DZA,0.3229444567948893
2025-03-03,DZA,0.3229444567948893
2025-03-04,DZA,0.332363113885679
2025-03-05,DZA,0.2648726386084019
2025-03-06,DZA,0.3362215895356149
2025-03-07,DZA,0.30776508491124666
2025-03-08,DZA,0.30776508491124666
2025-03-09,DZA,0.30776508491124666
2025-03-10,DZA,0.30776508491124666
2025-03-11,DZA,0.30776508491124666
2025-03-12,DZA,0.577861442538961
2025-03-13,DZA,0.5503403206029543
2025-03-14,DZA,0.5503403206029543
2025-03-15,DZA,0.5503403206029543
2025-03-16,DZA,0.5503403206029543
2025-03-17,DZA,0.5503403206029543
2025-03-18,DZA,0.5503403206029543
2025-03-19,DZA,0.5503403206029543
2025-03-20,DZA,0.5503403206029543
2025-03-21,DZA,0.5503403206029543
2025-03-22,DZA,0.5503403206029543
2025-03-23,DZA,0.5503403206029543
2025-03-24,DZA,0.5503403206029543
2025-03-25,DZA,0.5503403206029543
2025-03-26,DZA,0.5503403206029543
2025-03-27,DZA,0.5503403206029543
2025-03-28,DZA,0.27455305970673866
2024-07-01,TUN,0.38853688092857946
2024-07-02,TUN,0.38853688092857946
2024-07-03,TUN,0.27367084597483393
2024-07-04,TUN,0.23070333207511715
2024-07-05,TUN,0.23070333207511715
2024-07-06,TUN,0.22208105170966735
2024-07-07,TUN,0.25311793951950623
2024-07-08,TUN,0.25311793951950623
2024-07-09,TUN,0.25311793951950623
2024-07-10,TUN,0.4511339864521223
2024-07-11,TUN,0.4511339864521223
2024-07-12,TUN,0.4511339864521223
2024-07-13,TUN,0.4511339864521223
2024-07-14,TUN,0.4511339864521223
2024-07-15,TUN,0.4511339864521223
2024-07-16,TUN,0.4511339864521223
2024-07-17,TUN,0.4586885683635633
2024-07-18,TUN,0.4363977601781061
2024-07-19,TUN,0.4363977601781061
2024-07-20,TUN,0.4783017999493774
2024-07-21,TUN,0.4783017999493774
2024-07-22,TUN,0.4783017999493774
2024-07-23,TUN,0.4783017999493774
2024-07-24,TUN,0.48512496072006733
2024-07-25,TUN,0.46264745491280734
2024-07-26,TUN,0.48512496072006733
2024-07-27,TUN,0.4783017999493774
2024-07-28,TUN,0.4783017999493774
2024-07-29,TUN,0.4783017999493774
2024-07-30,TUN,0.5289911131621997
2024-07-31,TUN,0.5289911131621997
2024-08-01,TUN,0.5289911131621997
2024-08-02,TUN,0.3929741787533606
2024-08-03,TUN,0.3929741787533606
2024-08-04,TUN,0.41467890412492014
2024-08-05,TUN,0.41467890412492014
2024-08-06,TUN,0.45101591345082354
2024-08-07,TUN,0.4734261903830216
2024-08-08,TUN,0.4475878313013065
2024-08-09,TUN,0.4475878313013065
2024-08-10,TUN,0.4475878313013065
2024-08-11,TUN,0.28108596903611105
2024-08-12,TUN,0.28108596903611105
2024-08-13,TUN,0.28108596903611105
2024-08-14,TUN,0.2974377270184321
2024-08-15,TUN,0.2974377270184321
2024-08-16,TUN,0.2974377270184321
2024-08-17,TUN,0.2729271013786763
2024-08-18,TUN,0.5194687077832081
2024-08-19,TUN,0.5194687077832081
2024-08-20,TUN,0.5194687077832081
2024-08-21,TUN,0.5194687077832081
2024-08-22,TUN,0.5194687077832081
2024-08-23,TUN,0.5194687077832081
2024-08-24,TUN,0.5194687077832081
2024-08-25,TUN,0.5194687077832081
2024-08-26,TUN,0.5194687077832081
2024-08-27,TUN,0.541591703613534
2024-08-28,TUN,0.5194687077832081
2024-08-29,TUN,0.45141135403320815
2024-08-30,TUN,0.47382432102719535
2024-08-31,TUN,0.47382432102719535
2024-09-01,TUN,0.47382432102719535
2024-09-02,TUN,0.47382432102719535
2024-09-03,TUN,0.47382432102719535
2024-09-04,TUN,0.45141135403320815
2024-09-05,TUN,0.47382432102719535
2024-09-06,TUN,0.46701593424467863
2024-09-07,TUN,0.45141135403320815
2024-09-08,TUN,0.47382432102719535
2024-09-09,TUN,0.47382432102719535
2024-09-10,TUN,0.46010285685110003
2024-09-11,TUN,0.4713694097932505
2024-09-12,TUN,0.46456515336028925
2024-09-13,TUN,0.4713694097932505
2024-09-14,TUN,0.4713694097932505
2024-09-15,TUN,0.4713694097932505
2024-09-16,TUN,0.4713694097932505
2024-09-17,TUN,0.4713694097932505
2024-09-18,TUN,0.4713694097932505
2024-09-19,TUN,0.4713694097932505
2024-09-20,TUN,0.4713694097932505
2024-09-21,TUN,0.4713694097932505
2024-09-22,TUN,0.4713694097932505
2024-09-23,TUN,0.4713694097932505
2024-09-24,TUN,0.4713694097932505
2024-09-25,TUN,0.4713694097932505
2024-09-26,TUN,0.4713694097932505
2024-09-27,TUN,0.4713694097932505
2024-09-28,TUN,0.44897348072387744
2024-09-29,TUN,0.4713694097932505
2024-09-30,TUN,0.4713694097932505
2024-10-01,TUN,0.4713694097932505
2024-10-02,TUN,0.44897348072387744
2024-10-03,TUN,0.4455483235219098
2024-10-04,TUN,0.4194194104546952
2024-10-05,TUN,0.4455483235219098
2024-10-06,TUN,0.4455483235219098
2024-10-07,TUN,0.44176145469088274
2024-10-08,TUN,0.4194194104546952
2024-10-09,TUN,0.42508295064792495
2024-10-10,TUN,0.4362337215880671
2024-10-11,TUN,0.4322263211015083
2024-10-12,TUN,0.4582728816044893
2024-10-13,TUN,0.4582728816044893
2024-10-14,TUN,0.4582728816044893
2024-10-15,TUN,0.4362337215880671
2024-10-16,TUN,0.4582728816044893
2024-10-17,TUN,0.41990086767180246
2024-10-18,TUN,0.41990086767180246
2024-10-19,TUN,0.4455483235219098
2024-10-20,TUN,0.4455483235219098
2024-10-21,TUN,0.4713694097932505
2024-10-22,TUN,0.41467890412492014
2024-10-23,TUN,0.41467890412492014
2024-10-24,TUN,0.41467890412492014
2024-10-25,TUN,0.41467890412492014
2024-10-26,TUN,0.41467890412492014
2024-10-27,TUN,0.3896741181107064
2024-10-28,TUN,0.3896741181107064
2024-10-29,TUN,0.4734261903830216
2024-10-30,TUN,0.4734261903830216
2024-10-31,TUN,0.4734261903830216
2024-11-01,TUN,0.45101591345082354
2024-11-02,TUN,0.4734261903830216
2024-11-03,TUN,0.4734261903830216
2024-11-04,TUN,0.4734261903830216
2024-11-05,TUN,0.4769561494777203
2024-11-06,TUN,0.47420830335722264
2024-11-07,TUN,0.47420830335722264
2024-11-08,TUN,0.47420830335722264
2024-11-09,TUN,0.47420830335722264
2024-11-10,TUN,0.47420830335722264
2024-11-11,TUN,0.47420830335722264
2024-11-12,TUN,0.47420830335722264
2024-11-13,TUN,0.47420830335722264
2024-11-14,TUN,0.47420830335722264
2024-11-15,TUN,0.47420830335722264
2024-11-16,TUN,0.4323656735141983
2024-11-17,TUN,0.4546166554412953
2024-11-18,TUN,0.4546166554412953
2024-11-19,TUN,0.45057534939907656
2024-11-20,TUN,0.4546166554412953
2024-11-21,TUN,0.38853688092857946
2024-11-22,TUN,0.38853688092857946
2024-11-23,TUN,0.46456515336028925
2024-11-24,TUN,0.46456515336028925
2024-11-25,TUN,0.46456515336028925
2024-11-26,TUN,0.46456515336028925
2024-11-27,TUN,0.46456515336028925
2024-11-28,TUN,0.46456515336028925
2024-11-29,TUN,0.46456515336028925
2024-11-30,TUN,0.46456515336028925
2024-12-01,TUN,0.46456515336028925
2024-12-02,TUN,0.46456515336028925
2024-12-03,TUN,0.46456515336028925
2024-12-04,TUN,0.46456515336028925
2024-12-05,TUN,0.46456515336028925
2024-12-06,TUN,0.46456515336028925
2024-12-07,TUN,0.46456515336028925
2024-12-08,TUN,0.46456515336028925
2024-12-09,TUN,0.46456515336028925
2024-12-10,TUN,0.4422220679215562
2024-12-11,TUN,0.46456515336028925
2024-12-12,TUN,0.46456515336028925
2024-12-13,TUN,0.46456515336028925
2024-12-14,TUN,0.46456515336028925
2024-12-15,TUN,0.46456515336028925
2024-12-16,TUN,0.46456515336028925
2024-12-17,TUN,0.46456515336028925
2024-12-18,TUN,0.4422220679215562
2024-12-19,TUN,0.4422220679215562
2024-12-20,TUN,0.46456515336028925
2024-12-21,TUN,0.46456515336028925
2024-12-22,TUN,0.46456515336028925
2024-12-23,TUN,0.46456515336028925
2024-12-24,TUN,0.46456515336028925
2024-12-25,TUN,0.46456515336028925
2024-12-26,TUN,0.46456515336028925
2024-12-27,TUN,0.46456515336028925
2024-12-28,TUN,0.4422220679215562
2024-12-29,TUN,0.46456515336028925
2024-12-30,TUN,0.46456515336028925
2024-12-31,TUN,0.4422220679215562
2025-01-01,TUN,0.46456515336028925
2025-01-02,TUN,0.4589985151992978
2025-01-03,TUN,0.4589985151992978
2025-01-04,TUN,0.5249002792658756
2025-01-05,TUN,0.5249002792658756
2025-01-06,TUN,0.5249002792658756
2025-01-07,TUN,0.5249002792658756
2025-01-08,TUN,0.5249002792658756
2025-01-09,TUN,0.5249002792658756
2025-01-10,TUN,0.5249002792658756
2025-01-11,TUN,0.5335242478956912
2025-01-12,TUN,0.5063535880654984
2025-01-13,TUN,0.5063535880654984
2025-01-14,TUN,0.5334572080456981
2025-01-15,TUN,0.5375815908487648
2025-01-16,TUN,0.5335242478956912
2025-01-17,TUN,0.5375815908487648
2025-01-18,TUN,0.5375815908487648
2025-01-19,TUN,0.5375146286391425
2025-01-20,TUN,0.5375146286391425
2025-01-21,TUN,0.5375146286391425
2025-01-22,TUN,0.5063535880654984
2025-01-23,TUN,0.5375815908487648
2025-01-24,TUN,0.5375815908487648
2025-01-25,TUN,0.5375815908487648
2025-01-26,TUN,0.5375815908487648
2025-01-27,TUN,0.5375815908487648
2025-01-28,TUN,0.5375815908487648
2025-01-29,TUN,0.5375815908487648
2025-01-30,TUN,0.5375815908487648
2025-01-31,TUN,0.5375815908487648
2025-02-01,TUN,0.47420830335722264
2025-02-02,TUN,0.47420830335722264
2025-02-03,TUN,0.46456515336028925
2025-02-04,TUN,0.4422220679215562
2025-02-05,TUN,0.46456515336028925
2025-02-06,TUN,0.46456515336028925
2025-02-07,TUN,0.46456515336028925
2025-02-08,TUN,0.407408096021154
2025-02-09,TUN,0.407408096021154
2025-02-10,TUN,0.407408096021154
2025-02-11,TUN,0.407408096021154
2025-02-12,TUN,0.407408096021154
2025-02-13,TUN,0.407408096021154
2025-02-14,TUN,0.407408096021154
2025-02-15,TUN,0.38853688092857946
2025-02-16,TUN,0.2580805949560671
2025-02-17,TUN,0.2580805949560671
2025-02-18,TUN,0.2580805949560671
2025-02-19,TUN,0.2580805949560671
2025-02-20,TUN,0.2580805949560671
2025-02-21,TUN,0.24876598837076816
2025-02-22,TUN,0.2721160659562303
2025-02-23,TUN,0.47713695719956495
2025-02-24,TUN,0.47713695719956495
2025-02-25,TUN,0.47713695719956495
2025-02-26,TUN,0.47713695719956495
2025-02-27,TUN,0.47713695719956495
2025-02-28,TUN,0.47713695719956495
2025-03-01,TUN,0.46648219296340376
2025-03-02,TUN,0.5416585788733888
2025-03-03,TUN,0.5416585788733888
2025-03-04,TUN,0.5416585788733888
2025-03-05,TUN,0.5416585788733888
2025-03-06,TUN,0.5416585788733888
2025-03-07,TUN,0.5416585788733888
2025-03-08,TUN,0.5416585788733888
2025-03-09,TUN,0.5416585788733888
2025-03-10,TUN,0.5416585788733888
2025-03-11,TUN,0.5416585788733888
2025-03-12,TUN,0.5416585788733888
2025-03-13,TUN,0.5416585788733888
2025-03-14,TUN,0.5416585788733888
2025-03-15,TUN,0.5416585788733888
2025-03-16,TUN,0.5416585788733888
2025-03-17,TUN,0.5416585788733888
2025-03-18,TUN,0.48102691166292566
2025-03-19,TUN,0.48102691166292566
2025-03-20,TUN,0.48102691166292566
2025-03-21,TUN,0.48102691166292566
2025-03-22,TUN,0.48102691166292566
2025-03-23,TUN,0.48102691166292566
2025-03-24,TUN,0.48102691166292566
2025-03-25,TUN,0.4713694097932505
2025-03-26,TUN,0.4713694097932505
2025-03-27,TUN,0.44897348072387744
2025-03-28,TUN,0.4713694097932505
2024-07-01,MLI,0.4193842895868818
2024-07-02,MLI,0.39735056461742957
2024-07-03,MLI,0.39905670759485823
2024-07-04,MLI,0.38803507482065686
2024-07-05,MLI,0.3624902130733841
2024-07-06,MLI,0.3624902130733841
2024-07-07,MLI,0.36382399186280295
2024-07-08,MLI,0.27757783976887346
2024-07-09,MLI,0.31839059436713213
2024-07-10,MLI,0.08832207175260119
2024-07-11,MLI,0.09299488895479043
2024-07-12,MLI,0.08222676895421017
2024-07-13,MLI,0.08222676895421017
2024-07-14,MLI,0.082811443603586
2024-07-15,MLI,0.09239025576938685
2024-07-16,MLI,0.07946759118753256
2024-07-17,MLI,0.4110116045939152
2024-07-18,MLI,0.4110116045939152
2024-07-19,MLI,0.4328910209651394
2024-07-20,MLI,0.4328910209651394
2024-07-21,MLI,0.4447337580357956
2024-07-22,MLI,0.4447337580357956
2024-07-23,MLI,0.4365964806196637
2024-07-24,MLI,0.44607854267809904
2024-07-25,MLI,0.46221496158941633
2024-07-26,MLI,0.4517066082306382
2024-07-27,MLI,0.4517066082306382
2024-07-28,MLI,0.3501476658686554
2024-07-29,MLI,0.34111624226930287
2024-07-30,MLI,0.33711185551876044
2024-07-31,MLI,0.35508993524280547
2024-08-01,MLI,0.07927910601083658
2024-08-02,MLI,0.06498070398823688
2024-08-03,MLI,0.05654168460347359
2024-08-04,MLI,0.05654168460347359
2024-08-05,MLI,0.05654168460347359
2024-08-06,MLI,0.07464223094577385
2024-08-07,MLI,0.07464223094577385
2024-08-08,MLI,0.06755283947207363
2024-08-09,MLI,0.06755283947207363
2024-08-10,MLI,0.09727983744335575
2024-08-11,MLI,0.09727983744335575
2024-08-12,MLI,0.09727983744335575
2024-08-13,MLI,0.3878973153332439
2024-08-14,MLI,0.4080228915384605
2024-08-15,MLI,0.386820929381844
2024-08-16,MLI,0.4080228915384605
2024-08-17,MLI,0.3982884764560479
2024-08-18,MLI,0.386820929381844
2024-08-19,MLI,0.4771493591735977
2024-08-20,MLI,0.49719691048549747
2024-08-21,MLI,0.4948195871314409
2024-08-22,MLI,0.38285422244004547
2024-08-23,MLI,0.38285422244004547
2024-08-24,MLI,0.38285422244004547
2024-08-25,MLI,0.38285422244004547
2024-08-26,MLI,0.38285422244004547
2024-08-27,MLI,0.38285422244004547
2024-08-28,MLI,0.38172812785949267
2024-08-29,MLI,0.44891995765157083
2024-08-30,MLI,0.44891995765157083
2024-08-31,MLI,0.45025089373539784
2024-09-01,MLI,0.38888984577534197
2024-09-02,MLI,0.35003648478869953
2024-09-03,MLI,0.358371217811583
2024-09-04,MLI,0.3961800949887565
2024-09-05,MLI,0.29262079939490027
2024-09-06,MLI,0.19363896785846288
2024-09-07,MLI,0.18674789850426546
2024-09-08,MLI,0.2536355033379848
2024-09-09,MLI,0.2907935062660752
2024-09-10,MLI,0.3137761734583974
2024-09-11,MLI,0.342118399338873
2024-09-12,MLI,0.342118399338873
2024-09-13,MLI,0.37211528881677697
2024-09-14,MLI,0.4823319736429819
2024-09-15,MLI,0.49023232974956843
2024-09-16,MLI,0.49023232974956843
2024-09-17,MLI,0.523397648877262
2024-09-18,MLI,0.5149541402514963
2024-09-19,MLI,0.5186346774041252
2024-09-20,MLI,0.37738488590498065
2024-09-21,MLI,0.29294209161772733
2024-09-22,MLI,0.28005920862003847
2024-09-23,MLI,0.2611142394760246
2024-09-24,MLI,0.06943745291071132
2024-09-25,MLI,0.05195793248659919
2024-09-26,MLI,0.05180597017234437
2024-09-27,MLI,0.04795132990162214
2024-09-28,MLI,0.05362639340588489
2024-09-29,MLI,0.046888742414397444
2024-09-30,MLI,0.053065138206487415
2024-10-01,MLI,0.2043490288078371
2024-10-02,MLI,0.20676193528666498
2024-10-03,MLI,0.20444722554527994
2024-10-04,MLI,0.4021896346447882
2024-10-05,MLI,0.4021896346447882
2024-10-06,MLI,0.3987869931211551
2024-10-07,MLI,0.3987869931211551
2024-10-08,MLI,0.41380532381913676
2024-10-09,MLI,0.3981061690040158
2024-10-10,MLI,0.4091846959528689
2024-10-11,MLI,0.4185136569084848
2024-10-12,MLI,0.44891995765157083
2024-10-13,MLI,0.3636368534473274
2024-10-14,MLI,0.3876124045676508
2024-10-15,MLI,0.4238037759489689
2024-10-16,MLI,0.3145978514103039
2024-10-17,MLI,0.3002512294940183
2024-10-18,MLI,0.3683654411782519
2024-10-19,MLI,0.357750857450182
2024-10-20,MLI,0.40834072133963617
2024-10-21,MLI,0.40834072133963617
2024-10-22,MLI,0.38569162917492544
2024-10-23,MLI,0.45491349670068626
2024-10-24,MLI,0.414359289859143
2024-10-25,MLI,0.3922561006250093
2024-10-26,MLI,0.39056013666733524
2024-10-27,MLI,0.28379755275226154
2024-10-28,MLI,0.36220734686774264
2024-10-29,MLI,0.3279419487860349
2024-10-30,MLI,0.3364735313709271
2024-10-31,MLI,0.21912698324829355
2024-11-01,MLI,0.19267802303475423
2024-11-02,MLI,0.200439759738599
2024-11-03,MLI,0.18504506672433663
2024-11-04,MLI,0.18530727633736999
2024-11-05,MLI,0.2109410138599427
2024-11-06,MLI,0.2009148249410037
2024-11-07,MLI,0.44408232744762277
2024-11-08,MLI,0.4430159603581271
2024-11-09,MLI,0.40520568970878856
2024-11-10,MLI,0.40627845887453196
2024-11-11,MLI,0.4418325303733813
2024-11-12,MLI,0.36225810668818864
2024-11-13,MLI,0.43344497848189995
2024-11-14,MLI,0.41791133246817136
2024-11-15,MLI,0.38430634744588277
2024-11-16,MLI,0.4280109242238208
2024-11-17,MLI,0.38238876381760567
2024-11-18,MLI,0.3793674477850035
2024-11-19,MLI,0.35344684851410474
2024-11-20,MLI,0.37170962573540983
2024-11-21,MLI,0.4369211355390779
2024-11-22,MLI,0.3559738949654807
2024-11-23,MLI,0.4053595852107383
2024-11-24,MLI,0.3842183606891196
2024-11-25,MLI,0.4085719674317645
2024-11-26,MLI,0.4305294707227787
2024-11-27,MLI,0.4305294707227787
2024-11-28,MLI,0.40123403986860484
2024-11-29,MLI,0.40123403986860484
2024-11-30,MLI,0.3936703422596169
2024-12-01,MLI,0.36159675712801664
2024-12-02,MLI,0.3783025339261039
2024-12-03,MLI,0.4114580376831761
2024-12-04,MLI,0.4052584140620748
2024-12-05,MLI,0.445861137222014
2024-12-06,MLI,0.387053771284613
2024-12-07,MLI,0.4250830140363987
2024-12-08,MLI,0.4113513910810379
2024-12-09,MLI,0.41413698433129187
2024-12-10,MLI,0.4106349698011841
2024-12-11,MLI,0.39034208910955687
2024-12-12,MLI,0.3687891042585894
2024-12-13,MLI,0.36748737273557125
2024-12-14,MLI,0.38523877042185345
2024-12-15,MLI,0.3886491084929201
2024-12-16,MLI,0.46004637218596106
2024-12-17,MLI,0.46445141829804976
2024-12-18,MLI,0.4067133020902467
2024-12-19,MLI,0.39672797469405724
2024-12-20,MLI,0.4062549161872625
2024-12-21,MLI,0.43266974065252134
2024-12-22,MLI,0.27048356063854206
2024-12-23,MLI,0.29656799956804963
2024-12-24,MLI,0.33151793473079494
2024-12-25,MLI,0.32758492755578034
2024-12-26,MLI,0.2744021218263856
2024-12-27,MLI,0.30226286381592776
2024-12-28,MLI,0.2878862276313822
2024-12-29,MLI,0.34730871139087904
2024-12-30,MLI,0.3448791045609878
2024-12-31,MLI,0.34895306782064434
2025-01-01,MLI,0.369640024721664
2025-01-02,MLI,0.2724680169439136
2025-01-03,MLI,0.3897441454824236
2025-01-04,MLI,0.3745937435602508
2025-01-05,MLI,0.3859269499050891
2025-01-06,MLI,0.3859269499050891
2025-01-07,MLI,0.3887851043959962
2025-01-08,MLI,0.41209543102409635
2025-01-09,MLI,0.4532189976354155
2025-01-10,MLI,0.40335377442872755
2025-01-11,MLI,0.4123561745309355
2025-01-12,MLI,0.44363350670682783
2025-01-13,MLI,0.2797913366721121
2025-01-14,MLI,0.2793984409265298
2025-01-15,MLI,0.2772168017107087
2025-01-16,MLI,0.21045194988668325
2025-01-17,MLI,0.27004605143226246
2025-01-18,MLI,0.2392344286720428
2025-01-19,MLI,0.21808943190081614
2025-01-20,MLI,0.41355224017877185
2025-01-21,MLI,0.3236216120893912
2025-01-22,MLI,0.3035788593600938
2025-01-23,MLI,0.299790701802263
2025-01-24,MLI,0.3035788593600938
2025-01-25,MLI,0.3035788593600938
2025-01-26,MLI,0.4777864996735358
2025-01-27,MLI,0.43059028277908673
2025-01-28,MLI,0.4318973696851392
2025-01-29,MLI,0.45725666731584347
2025-01-30,MLI,0.4492886616085212
2025-01-31,MLI,0.41356952490681104
2025-02-01,MLI,0.439029846102611
2025-02-02,MLI,0.45079675018531684
2025-02-03,MLI,0.455252430328971
2025-02-04,MLI,0.2822233597931837
2025-02-05,MLI,0.23705577951829698
2025-02-06,MLI,0.21322559037580266
2025-02-07,MLI,0.21317824698278945
2025-02-08,MLI,0.23240939833487423
2025-02-09,MLI,0.19860042253471097
2025-02-10,MLI,0.20665074132400196
2025-02-11,MLI,0.453280155005134
2025-02-12,MLI,0.4326027751704072
2025-02-13,MLI,0.42626502278478634
2025-02-14,MLI,0.0917599431706368
2025-02-15,MLI,0.08500982839128851
2025-02-16,MLI,0.08500982839128851
2025-02-17,MLI,0.07613201695408497
2025-02-18,MLI,0.07958443619311646
2025-02-19,MLI,0.07539642191460574
2025-02-20,MLI,0.07539642191460574
2025-02-21,MLI,0.26933131808094446
2025-02-22,MLI,0.32062530841737613
2025-02-23,MLI,0.28910880444027487
2025-02-24,MLI,0.10360690843210431
2025-02-25,MLI,0.10703385845789971
2025-02-26,MLI,0.10510702091428181
2025-02-27,MLI,0.10173473473836105
2025-02-28,MLI,0.11746981048167451
2025-03-01,MLI,0.11017207459309036
2025-03-02,MLI,0.10309089642935933
2025-03-03,MLI,0.33735591964063827
2025-03-04,MLI,0.34997315196779
2025-03-05,MLI,0.39229473775854473
2025-03-06,MLI,0.41106446693819837
2025-03-07,MLI,0.41073528466108244
2025-03-08,MLI,0.414499641997751
2025-03-09,MLI,0.4138494832161595
2025-03-10,MLI,0.4334996713312995
2025-03-11,MLI,0.41701936796576194
2025-03-12,MLI,0.4227552121655743
2025-03-13,MLI,0.3956740449589256
2025-03-14,MLI,0.4444989899772247
2025-03-15,MLI,0.4103617318195506
2025-03-16,MLI,0.454014374894381
2025-03-17,MLI,0.40733589388401487
2025-03-18,MLI,0.44667584527875104
2025-03-19,MLI,0.5051487906797686
2025-03-20,MLI,0.45429573877336743
2025-03-21,MLI,0.4324267965755934
2025-03-22,MLI,0.4266567200392672
2025-03-23,MLI,0.4266567200392672
2025-03-24,MLI,0.4266567200392672
2025-03-25,MLI,0.4265272969775011
2025-03-26,MLI,0.32613215112564375
2025-03-27,MLI,0.3203825047976375
2025-03-28,MLI,0.3203825047976375
2024-07-01,BFA,0.3591251168905673
2024-07-02,BFA,0.22388009325307684
2024-07-03,BFA,0.09440724166540947
2024-07-04,BFA,0.06684176506881628
2024-07-05,BFA,0.07419420079180859
2024-07-06,BFA,0.0838326678934186
2024-07-07,BFA,0.051364346318416104
2024-07-08,BFA,0.04755482796860256
2024-07-09,BFA,0.04369735348417745
2024-07-10,BFA,0.0448106146317933
2024-07-11,BFA,0.05050905681198544
2024-07-12,BFA,0.04166776682826084
2024-07-13,BFA,0.03915636511282415
2024-07-14,BFA,0.25145578014421877
2024-07-15,BFA,0.24803465602029628
2024-07-16,BFA,0.21680534974025933
2024-07-17,BFA,0.2363458125403011
2024-07-18,BFA,0.36422641126112226
2024-07-19,BFA,0.29919555990723146
2024-07-20,BFA,0.2814628530391745
2024-07-21,BFA,0.26602490582726207
2024-07-22,BFA,0.19336591876030293
2024-07-23,BFA,0.1713947645082082
2024-07-24,BFA,0.17662210535774792
2024-07-25,BFA,0.17791077236713135
2024-07-26,BFA,0.13514949238921015
2024-07-27,BFA,0.13514949238921015
2024-07-28,BFA,0.16237750731734168
2024-07-29,BFA,0.17529454549566179
2024-07-30,BFA,0.13956077947369716
2024-07-31,BFA,0.13956077947369716
2024-08-01,BFA,0.12024528234830051
2024-08-02,BFA,0.13908983201470465
2024-08-03,BFA,0.1311228231808633
2024-08-04,BFA,0.10860274652709674
2024-08-05,BFA,0.15248021514228738
2024-08-06,BFA,0.13536112874891676
2024-08-07,BFA,0.08989365878523757
2024-08-08,BFA,0.09719993250737341
2024-08-09,BFA,0.09719993250737341
2024-08-10,BFA,0.09719993250737341
2024-08-11,BFA,0.09719993250737341
2024-08-12,BFA,0.10841385678634313
2024-08-13,BFA,0.07882638407774863
2024-08-14,BFA,0.24381754191958938
2024-08-15,BFA,0.039969158992899864
2024-08-16,BFA,0.04805982628407778
2024-08-17,BFA,0.049832466521976065
2024-08-18,BFA,0.05645080805346321
2024-08-19,BFA,0.055645875333680705
2024-08-20,BFA,0.048943188024708206
2024-08-21,BFA,0.03992929220093328
2024-08-22,BFA,0.04532675473335667
2024-08-23,BFA,0.23553733813143596
2024-08-24,BFA,0.2730896989779272
2024-08-25,BFA,0.21883531853760185
2024-08-26,BFA,0.21107700371948757
2024-08-27,BFA,0.22347730512243874
2024-08-28,BFA,0.17855098671686156
2024-08-29,BFA,0.21627642004015618
2024-08-30,BFA,0.21663990505798494
2024-08-31,BFA,0.04032062248047609
2024-09-01,BFA,0.042075570934443876
2024-09-02,BFA,0.042075570934443876
2024-09-03,BFA,0.03852289483444109
2024-09-04,BFA,0.038013206710541245
2024-09-05,BFA,0.03823478187558767
2024-09-06,BFA,0.038700788227707214
2024-09-07,BFA,0.25140342397546545
2024-09-08,BFA,0.30938799463444644
2024-09-09,BFA,0.3830379485173393
2024-09-10,BFA,0.4090687510795099
2024-09-11,BFA,0.39782677803209554
2024-09-12,BFA,0.39782677803209554
2024-09-13,BFA,0.4650072518332181
2024-09-14,BFA,0.46787913216449034
2024-09-15,BFA,0.4717053758611596
2024-09-16,BFA,0.340635716800635
2024-09-17,BFA,0.2945162440484797
2024-09-18,BFA,0.35351805530017727
2024-09-19,BFA,0.3740674190816308
2024-09-20,BFA,0.3940472776758261
2024-09-21,BFA,0.42992240442756885
2024-09-22,BFA,0.34715727740674124
2024-09-23,BFA,0.36302769906830323
2024-09-24,BFA,0.35856510174574796
2024-09-25,BFA,0.3411474041416716
2024-09-26,BFA,0.3763112057577996
2024-09-27,BFA,0.5167401727272761
2024-09-28,BFA,0.5167401727272761
2024-09-29,BFA,0.4936313080657471
2024-09-30,BFA,0.47037147596606504
2024-10-01,BFA,0.4771690814298056
2024-10-02,BFA,0.28829255426796485
2024-10-03,BFA,0.28829255426796485
2024-10-04,BFA,0.29697314825506166
2024-10-05,BFA,0.2202325004733829
2024-10-06,BFA,0.2217129593230358
2024-10-07,BFA,0.2367125888547146
2024-10-08,BFA,0.22888779746667326
2024-10-09,BFA,0.1876519295672192
2024-10-10,BFA,0.1876519295672192
2024-10-11,BFA,0.18185960653069788
2024-10-12,BFA,0.176005620937589
2024-10-13,BFA,0.17887360853227863
2024-10-14,BFA,0.16089574466245377
2024-10-15,BFA,0.3253328085461473
2024-10-16,BFA,0.1874873831678405
2024-10-17,BFA,0.27942007841097455
2024-10-18,BFA,0.22117320132165527
2024-10-19,BFA,0.27143469810374293
2024-10-20,BFA,0.17091005954534882
2024-10-21,BFA,0.16465438699324655
2024-10-22,BFA,0.26174372707816296
2024-10-23,BFA,0.2157658619816656
2024-10-24,BFA,0.29019326301630544
2024-10-25,BFA,0.30414889302100373
2024-10-26,BFA,0.27789195805187167
2024-10-27,BFA,0.2781649316411431
2024-10-28,BFA,0.2781649316411431
2024-10-29,BFA,0.2682271951313174
2024-10-30,BFA,0.25531504770539276
2024-10-31,BFA,0.2813133951613758
2024-11-01,BFA,0.26354413283482275
2024-11-02,BFA,0.2523212684531183
2024-11-03,BFA,0.2646828416080662
2024-11-04,BFA,0.2891363037682284
2024-11-05,BFA,0.21335536561736526
2024-11-06,BFA,0.22673581273240637
2024-11-07,BFA,0.2246335820257505
2024-11-08,BFA,0.16377047020723715
2024-11-09,BFA,0.15080384095298274
2024-11-10,BFA,0.12473932030570081
2024-11-11,BFA,0.08802640077447185
2024-11-12,BFA,0.09454836767991819
2024-11-13,BFA,0.05506462154266986
2024-11-14,BFA,0.061832394801901926
2024-11-15,BFA,0.062011844156516414
2024-11-16,BFA,0.06339576695396465
2024-11-17,BFA,0.05881778022843205
2024-11-18,BFA,0.062011844156516414
2024-11-19,BFA,0.08176952976733455
2024-11-20,BFA,0.26041988792578113
2024-11-21,BFA,0.2869661481313761
2024-11-22,BFA,0.2963651991299663
2024-11-23,BFA,0.3889368080621259
2024-11-24,BFA,0.31504889844599554
2024-11-25,BFA,0.335145473754192
2024-11-26,BFA,0.3087796380291912
2024-11-27,BFA,0.24796864123653434
2024-11-28,BFA,0.2266185397161012
2024-11-29,BFA,0.2537544591006561
2024-11-30,BFA,0.2570444944870349
2024-12-01,BFA,0.29819720542456
2024-12-02,BFA,0.3275126577522721
2024-12-03,BFA,0.33387285813989737
2024-12-04,BFA,0.29524418289511356
2024-12-05,BFA,0.21854122159700645
2024-12-06,BFA,0.22857092497982864
2024-12-07,BFA,0.2743916775241479
2024-12-08,BFA,0.29602804351304046
2024-12-09,BFA,0.29248382991538513
2024-12-10,BFA,0.28891040914685695
2024-12-11,BFA,0.2924292185812569
2024-12-12,BFA,0.26673269932242744
2024-12-13,BFA,0.24732610636572697
2024-12-14,BFA,0.27474065069257564
2024-12-15,BFA,0.3681916546063916
2024-12-16,BFA,0.3914472698752127
2024-12-17,BFA,0.22291000505696654
2024-12-18,BFA,0.21169398429825514
2024-12-19,BFA,0.27860605686917
2024-12-20,BFA,0.2135727973870763
2024-12-21,BFA,0.2135727973870763
2024-12-22,BFA,0.1906010224690942
2024-12-23,BFA,0.17538184546343824
2024-12-24,BFA,0.3199555730297664
2024-12-25,BFA,0.2859084363303823
2024-12-26,BFA,0.32034853744130043
2024-12-27,BFA,0.34007102620513335
2024-12-28,BFA,0.34007102620513335
2024-12-29,BFA,0.3176000645202711
2024-12-30,BFA,0.3230471678094799
2024-12-31,BFA,0.32034853744130043
2025-01-01,BFA,0.33841935111959615
2025-01-02,BFA,0.3340326397268055
2025-01-03,BFA,0.3342984455282601
2025-01-04,BFA,0.3502862076931324
2025-01-05,BFA,0.35018487482146304
2025-01-06,BFA,0.32860678705820423
2025-01-07,BFA,0.3713688359592792
2025-01-08,BFA,0.36841991164769394
2025-01-09,BFA,0.36841991164769394
2025-01-10,BFA,0.16618075130295099
2025-01-11,BFA,0.16480808659663904
2025-01-12,BFA,0.16593489103471246
2025-01-13,BFA,0.16593489103471246
2025-01-14,BFA,0.14592888739261964
2025-01-15,BFA,0.15052313639435663
2025-01-16,BFA,0.13318972481515484
2025-01-17,BFA,0.217565361969971
2025-01-18,BFA,0.19140535222200514
2025-01-19,BFA,0.19140535222200514
2025-01-20,BFA,0.1775157686092499
2025-01-21,BFA,0.19666219564158954
2025-01-22,BFA,0.17969653918347447
2025-01-23,BFA,0.21077958305293498
2025-01-24,BFA,0.20001681950521055
2025-01-25,BFA,0.2577720775417428
2025-01-26,BFA,0.2771123399096412
2025-01-27,BFA,0.24645860949031687
2025-01-28,BFA,0.3166262307227263
2025-01-29,BFA,0.06623861133091893
2025-01-30,BFA,0.07697633470220167
2025-01-31,BFA,0.08761524355454098
2025-02-01,BFA,0.06506567008202477
2025-02-02,BFA,0.06506567008202477
2025-02-03,BFA,0.058942110736960276
2025-02-04,BFA,0.04977220617499251
2025-02-05,BFA,0.1985324504243979
2025-02-06,BFA,0.19792383844875133
2025-02-07,BFA,0.1926792027644334
2025-02-08,BFA,0.15333251933864012
2025-02-09,BFA,0.18235222086247097
2025-02-10,BFA,0.19030046015012533
2025-02-11,BFA,0.2146519121148316
2025-02-12,BFA,0.2572167541160168
2025-02-13,BFA,0.21405161696419028
2025-02-14,BFA,0.19828872677742634
2025-02-15,BFA,0.17107465640700656
2025-02-16,BFA,0.17107465640700656
2025-02-17,BFA,0.04017975213157708
2025-02-18,BFA,0.045168934447432856
2025-02-19,BFA,0.04546371739860995
2025-02-20,BFA,0.04546371739860995
2025-02-21,BFA,0.04546371739860995
2025-02-22,BFA,0.045489195839217386
2025-02-23,BFA,0.04005940476294946
2025-02-24,BFA,0.14426374187215715
2025-02-25,BFA,0.13730662337277572
2025-02-26,BFA,0.2046908655393485
2025-02-27,BFA,0.12987603361449282
2025-02-28,BFA,0.2420691701049004
2025-03-01,BFA,0.18374075109582627
2025-03-02,BFA,0.20936164978982977
2025-03-03,BFA,0.250005876940461
2025-03-04,BFA,0.264015473607783
2025-03-05,BFA,0.3084918750759979
2025-03-06,BFA,0.3194949312140014
2025-03-07,BFA,0.2976105908042556
2025-03-08,BFA,0.2988367648874585
2025-03-09,BFA,0.35987843052934465
2025-03-10,BFA,0.2844172294995049
2025-03-11,BFA,0.34493321989664305
2025-03-12,BFA,0.2897314788286162
2025-03-13,BFA,0.30710467306434514
2025-03-14,BFA,0.30639603694188616
2025-03-15,BFA,0.100540573760687
2025-03-16,BFA,0.08429714666879837
2025-03-17,BFA,0.042429044124931904
2025-03-18,BFA,0.04680171278600641
2025-03-19,BFA,0.061064860372549996
2025-03-20,BFA,0.049363437391927834
2025-03-21,BFA,0.0507122270132019
2025-03-22,BFA,0.04621095637544683
2025-03-23,BFA,0.05952917833858676
2025-03-24,BFA,0.09816104335956387
2025-03-25,BFA,0.11662405500240636
2025-03-26,BFA,0.07002560216127264
2025-03-27,BFA,0.07297819797279631
2025-03-28,BFA,0.09701864735845632
2024-07-01,NER,0.38404021978176883
2024-07-02,NER,0.13978653791821244
2024-07-03,NER,0.1297259812621812
2024-07-04,NER,0.11257550172889495
2024-07-05,NER,0.12211310137895638
2024-07-06,NER,0.11432781955385159
2024-07-07,NER,0.11432781955385159
2024-07-08,NER,0.10057720651885678
2024-07-09,NER,0.16208836902225998
2024-07-10,NER,0.16616779613124072
2024-07-11,NER,0.18966425476708884
2024-07-12,NER,0.17644203013215434
2024-07-13,NER,0.17932831281815625
2024-07-14,NER,0.16208836902225998
2024-07-15,NER,0.4107781569572566
2024-07-16,NER,0.3615231952499735
2024-07-17,NER,0.27359819006112257
2024-07-18,NER,0.23346000232015357
2024-07-19,NER,0.2652922877316327
2024-07-20,NER,0.2835693559583389
2024-07-21,NER,0.2835693559583389
2024-07-22,NER,0.316142705088131
2024-07-23,NER,0.2998221343848323
2024-07-24,NER,0.4451460632517025
2024-07-25,NER,0.4407464277643638
2024-07-26,NER,0.45466396262643843
2024-07-27,NER,0.4451460632517025
2024-07-28,NER,0.33861736419398025
2024-07-29,NER,0.3145355914546333
2024-07-30,NER,0.3145355914546333
2024-07-31,NER,0.3145355914546333
2024-08-01,NER,0.18349145241610043
2024-08-02,NER,0.27608652451939303
2024-08-03,NER,0.2625669530009177
2024-08-04,NER,0.2625669530009177
2024-08-05,NER,0.3028828453184425
2024-08-06,NER,0.3226809934224283
2024-08-07,NER,0.19761907982889768
2024-08-08,NER,0.39130754205742535
2024-08-09,NER,0.5291786046061081
2024-08-10,NER,0.5291786046061081
2024-08-11,NER,0.5260352929924167
2024-08-12,NER,0.43837579084943057
2024-08-13,NER,0.43948149424124355
2024-08-14,NER,0.43837579084943057
2024-08-15,NER,0.4215236345142241
2024-08-16,NER,0.3884441210137792
2024-08-17,NER,0.3538398148498778
2024-08-18,NER,0.3519911833554386
2024-08-19,NER,0.5093020981655205
2024-08-20,NER,0.13782101768761873
2024-08-21,NER,0.13782101768761873
2024-08-22,NER,0.1306519322341843
2024-08-23,NER,0.1656637548689996
2024-08-24,NER,0.15871222050507774
2024-08-25,NER,0.15871222050507774
2024-08-26,NER,0.16592824309180734
2024-08-27,NER,0.5204627561845443
2024-08-28,NER,0.5234634964647331
2024-08-29,NER,0.197957054037441
2024-08-30,NER,0.1745934690220351
2024-08-31,NER,0.16774552981399776
2024-09-01,NER,0.16774552981399776
2024-09-02,NER,0.07433905816872138
2024-09-03,NER,0.07478869606006906
2024-09-04,NER,0.06753044397355712
2024-09-05,NER,0.07527793347424472
2024-09-06,NER,0.07527793347424472
2024-09-07,NER,0.08234000928550293
2024-09-08,NER,0.08234000928550293
2024-09-09,NER,0.538253864511048
2024-09-10,NER,0.44904243812590083
2024-09-11,NER,0.4408889216110271
2024-09-12,NER,0.42327672622267964
2024-09-13,NER,0.41831740889687086
2024-09-14,NER,0.3916905662996941
2024-09-15,NER,0.3916905662996941
2024-09-16,NER,0.3829555145671031
2024-09-17,NER,0.5389227010820026
2024-09-18,NER,0.538253864511048
2024-09-19,NER,0.5360632961471062
2024-09-20,NER,0.5231666802049421
2024-09-21,NER,0.5231666802049421
2024-09-22,NER,0.5101616878150539
2024-09-23,NER,0.4660603313696533
2024-09-24,NER,0.45087130103223644
2024-09-25,NER,0.06214754506182786
2024-09-26,NER,0.06582463602070732
2024-09-27,NER,0.06214754506182786
2024-09-28,NER,0.06905400072637792
2024-09-29,NER,0.06905400072637792
2024-09-30,NER,0.06669157393462803
2024-10-01,NER,0.06485097228412945
2024-10-02,NER,0.07075197290500604
2024-10-03,NER,0.07266592829456216
2024-10-04,NER,0.07987289452729612
2024-10-05,NER,0.2587733025149068
2024-10-06,NER,0.2587733025149068
2024-10-07,NER,0.252063850204162
2024-10-08,NER,0.4830160727318695
2024-10-09,NER,0.4830160727318695
2024-10-10,NER,0.4830160727318695
2024-10-11,NER,0.4830160727318695
2024-10-12,NER,0.4830160727318695
2024-10-13,NER,0.4830160727318695
2024-10-14,NER,0.4830160727318695
2024-10-15,NER,0.5024821748715994
2024-10-16,NER,0.5024821748715994
2024-10-17,NER,0.49434186400484914
2024-10-18,NER,0.49434186400484914
2024-10-19,NER,0.49434186400484914
2024-10-20,NER,0.49434186400484914
2024-10-21,NER,0.49434186400484914
2024-10-22,NER,0.5227685735646285
2024-10-23,NER,0.4784992472460586
2024-10-24,NER,0.452068077055211
2024-10-25,NER,0.4684789968147208
2024-10-26,NER,0.418012428647748
2024-10-27,NER,0.418012428647748
2024-10-28,NER,0.4143700572532067
2024-10-29,NER,0.4097481828944691
2024-10-30,NER,0.41764158492924447
2024-10-31,NER,0.32877935017668625
2024-11-01,NER,0.36033749570983753
2024-11-02,NER,0.496954994057734
2024-11-03,NER,0.49814595955701507
2024-11-04,NER,0.49814595955701507
2024-11-05,NER,0.49814595955701507
2024-11-06,NER,0.5267105264623908
2024-11-07,NER,0.49959894426274776
2024-11-08,NER,0.49959894426274776
2024-11-09,NER,0.48985886539193324
2024-11-10,NER,0.48762902754321724
2024-11-11,NER,0.4641994651949003
2024-11-12,NER,0.4641994651949003
2024-11-13,NER,0.4642545526763688
2024-11-14,NER,0.48309410024832894
2024-11-15,NER,0.48309410024832894
2024-11-16,NER,0.4991218219379602
2024-11-17,NER,0.5128576172994047
2024-11-18,NER,0.49927238938463114
2024-11-19,NER,0.49813677376422644
2024-11-20,NER,0.4562367326172002
2024-11-21,NER,0.4002850852485682
2024-11-22,NER,0.3547836361548961
2024-11-23,NER,0.3356365170313903
2024-11-24,NER,0.3356365170313903
2024-11-25,NER,0.2744464843199863
2024-11-26,NER,0.3068338419444894
2024-11-27,NER,0.329173836101173
2024-11-28,NER,0.2782406419876178
2024-11-29,NER,0.22167206961138236
2024-11-30,NER,0.23070368927936896
2024-12-01,NER,0.24288986107581836
2024-12-02,NER,0.24288986107581836
2024-12-03,NER,0.36381448591572096
2024-12-04,NER,0.32714322674636664
2024-12-05,NER,0.3519558963968894
2024-12-06,NER,0.45417396416154515
2024-12-07,NER,0.45417396416154515
2024-12-08,NER,0.46137804833025875
2024-12-09,NER,0.4509218530755246
2024-12-10,NER,0.4509218530755246
2024-12-11,NER,0.375428911540198
2024-12-12,NER,0.1459718631378962
2024-12-13,NER,0.13358130568612175
2024-12-14,NER,0.1622870816623147
2024-12-15,NER,0.1546210429304976
2024-12-16,NER,0.15245043927880714
2024-12-17,NER,0.031494412908133505
2024-12-18,NER,0.030629060811555156
2024-12-19,NER,0.03137559387047596
2024-12-20,NER,0.02956199541171395
2024-12-21,NER,0.028432732402841825
2024-12-22,NER,0.028432732402841825
2024-12-23,NER,0.02923362282726284
2024-12-24,NER,0.29113107378822595
2024-12-25,NER,0.2786217746401964
2024-12-26,NER,0.27772026014016293
2024-12-27,NER,0.25962329616240204
2024-12-28,NER,0.27772026014016293
2024-12-29,NER,0.27772026014016293
2024-12-30,NER,0.27772026014016293
2024-12-31,NER,0.28746977694963904
2025-01-01,NER,0.25137911162993415
2025-01-02,NER,0.25137911162993415
2025-01-03,NER,0.4312484933423639
2025-01-04,NER,0.40310869399349497
2025-01-05,NER,0.4767385343800307
2025-01-06,NER,0.500050645197822
2025-01-07,NER,0.5114502424370129
2025-01-08,NER,0.5114502424370129
2025-01-09,NER,0.5058673058034555
2025-01-10,NER,0.5114502424370129
2025-01-11,NER,0.5355308571362164
2025-01-12,NER,0.5355308571362164
2025-01-13,NER,0.5355308571362164
2025-01-14,NER,0.5130357145328281
2025-01-15,NER,0.4813281496429499
2025-01-16,NER,0.4886255326720477
2025-01-17,NER,0.4516654668474082
2025-01-18,NER,0.4548041332023194
2025-01-19,NER,0.42751394776451046
2025-01-20,NER,0.41362085190702264
2025-01-21,NER,0.49991838005520967
2025-01-22,NER,0.49991838005520967
2025-01-23,NER,0.4967654910958446
2025-01-24,NER,0.4967654910958446
2025-01-25,NER,0.5621332226186772
2025-01-26,NER,0.5621332226186772
2025-01-27,NER,0.41657933939177666
2025-01-28,NER,0.3512729511770645
2025-01-29,NER,0.37984669767804996
2025-01-30,NER,0.3691328669583498
2025-01-31,NER,0.3691328669583498
2025-02-01,NER,0.3254480503256215
2025-02-02,NER,0.31234117416277807
2025-02-03,NER,0.47064321221167327
2025-02-04,NER,0.47064321221167327
2025-02-05,NER,0.47326768826849935
2025-02-06,NER,0.42349448757438085
2025-02-07,NER,0.42349448757438085
2025-02-08,NER,0.42021019433468076
2025-02-09,NER,0.42021019433468076
2025-02-10,NER,0.3762728641771181
2025-02-11,NER,0.3540601303596528
2025-02-12,NER,0.3204488381222481
2025-02-13,NER,0.318634022017
2025-02-14,NER,0.3437050869138441
2025-02-15,NER,0.32396390130709
2025-02-16,NER,0.31583935655179274
2025-02-17,NER,0.3449817913662028
2025-02-18,NER,0.47786919142967244
2025-02-19,NER,0.47786919142967244
2025-02-20,NER,0.47786919142967244
2025-02-21,NER,0.47786919142967244
2025-02-22,NER,0.47786919142967244
2025-02-23,NER,0.47786919142967244
2025-02-24,NER,0.455506581197734
2025-02-25,NER,0.3983148070368761
2025-02-26,NER,0.4373910221993704
2025-02-27,NER,0.39990802472552456
2025-02-28,NER,0.45495406481666
2025-03-01,NER,0.33653128156004963
2025-03-02,NER,0.33653128156004963
2025-03-03,NER,0.14324722256843156
2025-03-04,NER,0.14269708317938934
2025-03-05,NER,0.1344958459514075
2025-03-06,NER,0.1384399312044061
2025-03-07,NER,0.13872620584303536
2025-03-08,NER,0.15454454803087092
2025-03-09,NER,0.13627901742821733
2025-03-10,NER,0.37513635201289536
2025-03-11,NER,0.3723201179336103
2025-03-12,NER,0.39588231764097453
2025-03-13,NER,0.3853058691430997
2025-03-14,NER,0.4941315405010545
2025-03-15,NER,0.519028139585868
2025-03-16,NER,0.519028139585868
2025-03-17,NER,0.5826626387697518
2025-03-18,NER,0.5237888122784082
2025-03-19,NER,0.5237888122784082
2025-03-20,NER,0.5237888122784082
2025-03-21,NER,0.42151189312559323
2025-03-22,NER,0.14558414984143156
2025-03-23,NER,0.16050855468957811
2025-03-24,NER,0.17153310490579274
2025-03-25,NER,0.1861157565449353
2025-03-26,NER,0.17453438383799455
2025-03-27,NER,0.1861157565449353
2025-03-28,NER,0.0834379775224334
2024-07-01,NGA,0.39984786458303806
2024-07-02,NGA,0.39984786458303806
2024-07-03,NGA,0.36024947956049663
2024-07-04,NGA,0.3797833432958356
2024-07-05,NGA,0.3602928000227712
2024-07-06,NGA,0.3196928286187584
2024-07-07,NGA,0.3196928286187584
2024-07-08,NGA,0.3196928286187584
2024-07-09,NGA,0.3455430354854331
2024-07-10,NGA,0.3455430354854331
2024-07-11,NGA,0.29003731664880755
2024-07-12,NGA,0.24007918318514304
2024-07-13,NGA,0.3711847565518588
2024-07-14,NGA,0.3367682218527662
2024-07-15,NGA,0.31306947444424044
2024-07-16,NGA,0.2726542510249278
2024-07-17,NGA,0.2859107118032121
2024-07-18,NGA,0.30316476424165506
2024-07-19,NGA,0.31135577763016403
2024-07-20,NGA,0.33164945156707804
2024-07-21,NGA,0.33976027595597696
2024-07-22,NGA,0.40940573912097217
2024-07-23,NGA,0.4322002111848285
2024-07-24,NGA,0.37644546769115034
2024-07-25,NGA,0.3672254923673452
2024-07-26,NGA,0.29916785922754646
2024-07-27,NGA,0.3179334281664083
2024-07-28,NGA,0.3179334281664083
2024-07-29,NGA,0.3179334281664083
2024-07-30,NGA,0.28479967449514215
2024-07-31,NGA,0.07062278169135788
2024-08-01,NGA,0.07062278169135788
2024-08-02,NGA,0.05556212115163778
2024-08-03,NGA,0.06634669306503176
2024-08-04,NGA,0.07425515528497374
2024-08-05,NGA,0.07425515528497374
2024-08-06,NGA,0.06823744965492554
2024-08-07,NGA,0.3246962417694578
2024-08-08,NGA,0.09409457800480489
2024-08-09,NGA,0.10907264317822596
2024-08-10,NGA,0.10782155693168091
2024-08-11,NGA,0.10949715589948754
2024-08-12,NGA,0.11231748819407332
2024-08-13,NGA,0.11231748819407332
2024-08-14,NGA,0.11231748819407332
2024-08-15,NGA,0.24903096325706975
2024-08-16,NGA,0.28990319061569153
2024-08-17,NGA,0.21085610693487683
2024-08-18,NGA,0.21085610693487683
2024-08-19,NGA,0.21085610693487683
2024-08-20,NGA,0.21085610693487683
2024-08-21,NGA,0.21085610693487683
2024-08-22,NGA,0.39901714552944645
2024-08-23,NGA,0.1742978008589695
2024-08-24,NGA,0.2322523109275075
2024-08-25,NGA,0.23646478119506856
2024-08-26,NGA,0.2322523109275075
2024-08-27,NGA,0.2322523109275075
2024-08-28,NGA,0.21943798463127523
2024-08-29,NGA,0.2234856909936887
2024-08-30,NGA,0.3493108223306598
2024-08-31,NGA,0.11012010237436641
2024-09-01,NGA,0.11012010237436641
2024-09-02,NGA,0.13814118083614635
2024-09-03,NGA,0.12470543430269193
2024-09-04,NGA,0.144691244304278
2024-09-05,NGA,0.14181001676794108
2024-09-06,NGA,0.1281903017150093
2024-09-07,NGA,0.33706095980484463
2024-09-08,NGA,0.25354497740760606
2024-09-09,NGA,0.25354497740760606
2024-09-10,NGA,0.26803167896661356
2024-09-11,NGA,0.27499782965286923
2024-09-12,NGA,0.25655183848201163
2024-09-13,NGA,0.25655183848201163
2024-09-14,NGA,0.24871412522316103
2024-09-15,NGA,0.38144468261595316
2024-09-16,NGA,0.38144468261595316
2024-09-17,NGA,0.3807350751064441
2024-09-18,NGA,0.2662092015277591
2024-09-19,NGA,0.20279341067357254
2024-09-20,NGA,0.18692786401308212
2024-09-21,NGA,0.19879430711258078
2024-09-22,NGA,0.16079779892628585
2024-09-23,NGA,0.18423438331969386
2024-09-24,NGA,0.18017758139269793
2024-09-25,NGA,0.13703026323612713
2024-09-26,NGA,0.36190044091469353
2024-09-27,NGA,0.3356239624366438
2024-09-28,NGA,0.335719199176559
2024-09-29,NGA,0.39835761045231133
2024-09-30,NGA,0.36535730820965157
2024-10-01,NGA,0.3538822076163165
2024-10-02,NGA,0.3712965363968169
2024-10-03,NGA,0.411282397676959
2024-10-04,NGA,0.2745120025658474
2024-10-05,NGA,0.3080283771771882
2024-10-06,NGA,0.2997810907189659
2024-10-07,NGA,0.2997810907189659
2024-10-08,NGA,0.2422783826854378
2024-10-09,NGA,0.266503385133098
2024-10-10,NGA,0.24548881340137613
2024-10-11,NGA,0.2422783826854378
2024-10-12,NGA,0.33786004818352205
2024-10-13,NGA,0.3297719290060845
2024-10-14,NGA,0.305034517575341
2024-10-15,NGA,0.3461448911288723
2024-10-16,NGA,0.299578913587981
2024-10-17,NGA,0.27648971218370716
2024-10-18,NGA,0.27648971218370716
2024-10-19,NGA,0.24519930266426607
2024-10-20,NGA,0.3226025082733845
2024-10-21,NGA,0.31767896541764024
2024-10-22,NGA,0.3342333356685116
2024-10-23,NGA,0.3274403227223927
2024-10-24,NGA,0.2883529008769902
2024-10-25,NGA,0.2666604731559111
2024-10-26,NGA,0.27426494973134163
2024-10-27,NGA,0.31081406007977036
2024-10-28,NGA,0.3175062687087243
2024-10-29,NGA,0.316653744859789
2024-10-30,NGA,0.32457593430482784
2024-10-31,NGA,0.32871251887498104
2024-11-01,NGA,0.27195142145716567
2024-11-02,NGA,0.29469394947050603
2024-11-03,NGA,0.35806548549370193
2024-11-04,NGA,0.3827018150830495
2024-11-05,NGA,0.38280701427010394
2024-11-06,NGA,0.3888308250280915
2024-11-07,NGA,0.4332321567565313
2024-11-08,NGA,0.39568593503741084
2024-11-09,NGA,0.2908723346212743
2024-11-10,NGA,0.3117038139303985
2024-11-11,NGA,0.26930099107558464
2024-11-12,NGA,0.262344541842303
2024-11-13,NGA,0.0870443812096608
2024-11-14,NGA,0.10552528778002501
2024-11-15,NGA,0.10552528778002501
2024-11-16,NGA,0.11092337883174791
2024-11-17,NGA,0.13908784293562063
2024-11-18,NGA,0.13908784293562063
2024-11-19,NGA,0.12620517534713777
2024-11-20,NGA,0.3220456576643233
2024-11-21,NGA,0.3642470469865229
2024-11-22,NGA,0.29808440606117015
2024-11-23,NGA,0.32000460877035103
2024-11-24,NGA,0.25089858892793415
2024-11-25,NGA,0.14439239830755576
2024-11-26,NGA,0.16165694206761952
2024-11-27,NGA,0.16165694206761952
2024-11-28,NGA,0.16165694206761952
2024-11-29,NGA,0.16165694206761952
2024-11-30,NGA,0.14835728205664414
2024-12-01,NGA,0.1454154643194226
2024-12-02,NGA,0.3039804479747616
2024-12-03,NGA,0.33463403609424713
2024-12-04,NGA,0.2715528164461739
2024-12-05,NGA,0.29427548385735763
2024-12-06,NGA,0.29427548385735763
2024-12-07,NGA,0.3241008518062424
2024-12-08,NGA,0.3240871105309144
2024-12-09,NGA,0.297918579726329
2024-12-10,NGA,0.27502423386615027
2024-12-11,NGA,0.3299995888580204
2024-12-12,NGA,0.2845729395186097
2024-12-13,NGA,0.2837201012808786
2024-12-14,NGA,0.28578272822772305
2024-12-15,NGA,0.34898797474718113
2024-12-16,NGA,0.323322460975258
2024-12-17,NGA,0.3477927933501947
2024-12-18,NGA,0.3664012727731463
2024-12-19,NGA,0.31353353236100745
2024-12-20,NGA,0.3331697877566823
2024-12-21,NGA,0.341298806535854
2024-12-22,NGA,0.3099551704466471
2024-12-23,NGA,0.237935774958164
2024-12-24,NGA,0.2735627356580718
2024-12-25,NGA,0.18452705204323186
2024-12-26,NGA,0.19427199451055943
2024-12-27,NGA,0.19427199451055943
2024-12-28,NGA,0.19427199451055943
2024-12-29,NGA,0.237935774958164
2024-12-30,NGA,0.28919145385022077
2024-12-31,NGA,0.080405362421112
2025-01-01,NGA,0.0725002880876208
2025-01-02,NGA,0.080405362421112
2025-01-03,NGA,0.07343708555028977
2025-01-04,NGA,0.07733564039524687
2025-01-05,NGA,0.08571921195652452
2025-01-06,NGA,0.08571921195652452
2025-01-07,NGA,0.35778232070886395
2025-01-08,NGA,0.3572410844282225
2025-01-09,NGA,0.38834205810762656
2025-01-10,NGA,0.362082582512509
2025-01-11,NGA,0.1222960841398236
2025-01-12,NGA,0.13484129965804784
2025-01-13,NGA,0.13484129965804784
2025-01-14,NGA,0.10467189502866402
2025-01-15,NGA,0.13484129965804784
2025-01-16,NGA,0.1222960841398236
2025-01-17,NGA,0.13484129965804784
2025-01-18,NGA,0.38115289991948065
2025-01-19,NGA,0.14793146833829857
2025-01-20,NGA,0.14793146833829857
2025-01-21,NGA,0.14972076026039355
2025-01-22,NGA,0.16516381893230148
2025-01-23,NGA,0.1319196117813647
2025-01-24,NGA,0.14793146833829857
2025-01-25,NGA,0.18271807348589333
2025-01-26,NGA,0.34116360076063706
2025-01-27,NGA,0.34116360076063706
2025-01-28,NGA,0.4028997512012624
2025-01-29,NGA,0.3701042941031095
2025-01-30,NGA,0.13148738842261704
2025-01-31,NGA,0.13148738842261704
2025-02-01,NGA,0.11270872464852837
2025-02-02,NGA,0.11270872464852837
2025-02-03,NGA,0.11270872464852837
2025-02-04,NGA,0.09001271221386031
2025-02-05,NGA,0.11650673848331243
2025-02-06,NGA,0.4216901860873251
2025-02-07,NGA,0.3962583941992634
2025-02-08,NGA,0.4148101980346035
2025-02-09,NGA,0.4148101980346035
2025-02-10,NGA,0.3457805964621498
2025-02-11,NGA,0.3186235950783099
2025-02-12,NGA,0.2960785860446746
2025-02-13,NGA,0.3969356249962791
2025-02-14,NGA,0.22129190430482795
2025-02-15,NGA,0.20183390337677265
2025-02-16,NGA,0.20183390337677265
2025-02-17,NGA,0.20183390337677265
2025-02-18,NGA,0.20183390337677265
2025-02-19,NGA,0.18851398481434434
2025-02-20,NGA,0.20625563549995785
2025-02-21,NGA,0.35841417218063404
2025-02-22,NGA,0.3788514202303073
2025-02-23,NGA,0.35271797870320576
2025-02-24,NGA,0.3279446259899989
2025-02-25,NGA,0.3279446259899989
2025-02-26,NGA,0.3279446259899989
2025-02-27,NGA,0.3279446259899989
2025-02-28,NGA,0.37214750041337624
2025-03-01,NGA,0.35808186211449533
2025-03-02,NGA,0.33312566198436144
2025-03-03,NGA,0.35808186211449533
2025-03-04,NGA,0.3285819142565388
2025-03-05,NGA,0.33312566198436144
2025-03-06,NGA,0.33312566198436144
2025-03-07,NGA,0.32825391738361404
2025-03-08,NGA,0.30403790296391225
2025-03-09,NGA,0.3868610654116408
2025-03-10,NGA,0.3521396567755307
2025-03-11,NGA,0.3530383608461423
2025-03-12,NGA,0.3530383608461423
2025-03-13,NGA,0.32701936586754976
2025-03-14,NGA,0.3530383608461423
2025-03-15,NGA,0.30403790296391225
2025-03-16,NGA,0.29348162211493123
2025-03-17,NGA,0.2727313214503114
2025-03-18,NGA,0.25833955365003186
2025-03-19,NGA,0.24244160366166584
2025-03-20,NGA,0.25833955365003186
2025-03-21,NGA,0.32488964003225723
2025-03-22,NGA,0.26609868412923354
2025-03-23,NGA,0.2715934704294823
2025-03-24,NGA,0.16130801445672913
2025-03-25,NGA,0.16130801445672913
2025-03-26,NGA,0.14028636550854884
2025-03-27,NGA,0.14028636550854884
2025-03-28,NGA,0.14028636550854884
2024-07-01,CMR,0.37213340888000046
2024-07-02,CMR,0.3681935545319666
2024-07-03,CMR,0.3946220579023881
2024-07-04,CMR,0.26861964592969945
2024-07-05,CMR,0.24114187906109344
2024-07-06,CMR,0.34683738503486483
2024-07-07,CMR,0.0609833924310544
2024-07-08,CMR,0.0609833924310544
2024-07-09,CMR,0.05635680273784329
2024-07-10,CMR,0.05635680273784329
2024-07-11,CMR,0.05410480793547669
2024-07-12,CMR,0.06768898156307954
2024-07-13,CMR,0.06343495198060285
2024-07-14,CMR,0.3652795688810997
2024-07-15,CMR,0.349330685323451
2024-07-16,CMR,0.34441079940992914
2024-07-17,CMR,0.32554103857183325
2024-07-18,CMR,0.3524926630597847
2024-07-19,CMR,0.4020778519551885
2024-07-20,CMR,0.5308430715699676
2024-07-21,CMR,0.5279681751503527
2024-07-22,CMR,0.49128684195479144
2024-07-23,CMR,0.5045414752219555
2024-07-24,CMR,0.4712798134606188
2024-07-25,CMR,0.4712798134606188
2024-07-26,CMR,0.4760086117197636
2024-07-27,CMR,0.4246312819399045
2024-07-28,CMR,0.45631690567760913
2024-07-29,CMR,0.4927997132015901
2024-07-30,CMR,0.4151567343638773
2024-07-31,CMR,0.38281968720515464
2024-08-01,CMR,0.38096053778352496
2024-08-02,CMR,0.37621321710798544
2024-08-03,CMR,0.39153846369826145
2024-08-04,CMR,0.39153846369826145
2024-08-05,CMR,0.39153846369826145
2024-08-06,CMR,0.22252541316945768
2024-08-07,CMR,0.22252541316945768
2024-08-08,CMR,0.22252541316945768
2024-08-09,CMR,0.2003379694075367
2024-08-10,CMR,0.21490090478359167
2024-08-11,CMR,0.23822072494605182
2024-08-12,CMR,0.23822072494605182
2024-08-13,CMR,0.27210748651787603
2024-08-14,CMR,0.23879261170973506
2024-08-15,CMR,0.2522530850957179
2024-08-16,CMR,0.2616813302208789
2024-08-17,CMR,0.27772182558107056
2024-08-18,CMR,0.27772182558107056
2024-08-19,CMR,0.2563990174611818
2024-08-20,CMR,0.285417228331469
2024-08-21,CMR,0.22933527244179283
2024-08-22,CMR,0.2502343476545317
2024-08-23,CMR,0.25378397997506047
2024-08-24,CMR,0.22504508846574645
2024-08-25,CMR,0.24904851895138067
2024-08-26,CMR,0.32562941684069424
2024-08-27,CMR,0.2970900385817052
2024-08-28,CMR,0.46151920346782443
2024-08-29,CMR,0.46100341275183127
2024-08-30,CMR,0.3330515094432674
2024-08-31,CMR,0.2725991191321629
2024-09-01,CMR,0.2661134801301728
2024-09-02,CMR,0.2661134801301728
2024-09-03,CMR,0.2725991191321629
2024-09-04,CMR,0.24660578300654945
2024-09-05,CMR,0.24880985152342233
2024-09-06,CMR,0.2889181281978963
2024-09-07,CMR,0.27107117351837573
2024-09-08,CMR,0.2575664561016131
2024-09-09,CMR,0.2624455889286665
2024-09-10,CMR,0.2473608380703063
2024-09-11,CMR,0.26880619325551364
2024-09-12,CMR,0.2473608380703063
2024-09-13,CMR,0.23785960171490964
2024-09-14,CMR,0.2772789657236241
2024-09-15,CMR,0.2532244980507249
2024-09-16,CMR,0.4087233704306166
2024-09-17,CMR,0.4087233704306166
2024-09-18,CMR,0.48500217575170457
2024-09-19,CMR,0.48500217575170457
2024-09-20,CMR,0.48500217575170457
2024-09-21,CMR,0.48379905583686267
2024-09-22,CMR,0.5270226014003105
2024-09-23,CMR,0.518000297918068
2024-09-24,CMR,0.48399637663777295
2024-09-25,CMR,0.47411532912874166
2024-09-26,CMR,0.4085774851013775
2024-09-27,CMR,0.2666997321511773
2024-09-28,CMR,0.29939034698440986
2024-09-29,CMR,0.2876532217018604
2024-09-30,CMR,0.27988304174455875
2024-10-01,CMR,0.2749124959800214
2024-10-02,CMR,0.23528238094996723
2024-10-03,CMR,0.2944653871617047
2024-10-04,CMR,0.28839837252616396
2024-10-05,CMR,0.28221295645524885
2024-10-06,CMR,0.28221295645524885
2024-10-07,CMR,0.26220493899443303
2024-10-08,CMR,0.19581717452474276
2024-10-09,CMR,0.2180945402082477
2024-10-10,CMR,0.2180945402082477
2024-10-11,CMR,0.2180945402082477
2024-10-12,CMR,0.22268292724630007
2024-10-13,CMR,0.22268292724630007
2024-10-14,CMR,0.22268292724630007
2024-10-15,CMR,0.25804145542540574
2024-10-16,CMR,0.2341104622369537
2024-10-17,CMR,0.22841597075187622
2024-10-18,CMR,0.1986348614261061
2024-10-19,CMR,0.184390022921193
2024-10-20,CMR,0.19821512752605816
2024-10-21,CMR,0.2042092584221149
2024-10-22,CMR,0.34532467785358184
2024-10-23,CMR,0.35619531400687793
2024-10-24,CMR,0.349976456337104
2024-10-25,CMR,0.46587190458433947
2024-10-26,CMR,0.46587190458433947
2024-10-27,CMR,0.470284148012495
2024-10-28,CMR,0.479281370457539
2024-10-29,CMR,0.49834740807796346
2024-10-30,CMR,0.5116009599944858
2024-10-31,CMR,0.3888033117379309
2024-11-01,CMR,0.39798060921672157
2024-11-02,CMR,0.39798060921672157
2024-11-03,CMR,0.39798060921672157
2024-11-04,CMR,0.39798060921672157
2024-11-05,CMR,0.39609508474414745
2024-11-06,CMR,0.26326248391521206
2024-11-07,CMR,0.502834110441928
2024-11-08,CMR,0.4962685951271174
2024-11-09,CMR,0.5352629366957534
2024-11-10,CMR,0.5249301288266445
2024-11-11,CMR,0.5025401022168035
2024-11-12,CMR,0.46679260490640007
2024-11-13,CMR,0.4522818910484048
2024-11-14,CMR,0.27044716019742315
2024-11-15,CMR,0.2516149072979455
2024-11-16,CMR,0.2516149072979455
2024-11-17,CMR,0.22133653879412052
2024-11-18,CMR,0.23291913431723651
2024-11-19,CMR,0.18906162587187061
2024-11-20,CMR,0.2018392745492305
2024-11-21,CMR,0.15672884571562654
2024-11-22,CMR,0.12987431705404148
2024-11-23,CMR,0.14161222573285204
2024-11-24,CMR,0.15444901823735496
2024-11-25,CMR,0.15444901823735496
2024-11-26,CMR,0.1893602948775927
2024-11-27,CMR,0.20805306031822426
2024-11-28,CMR,0.47232159359514947
2024-11-29,CMR,0.32773749395715285
2024-11-30,CMR,0.20412568421270774
2024-12-01,CMR,0.23901802323539412
2024-12-02,CMR,0.2390840514418718
2024-12-03,CMR,0.25471783832174216
2024-12-04,CMR,0.28961349920405355
2024-12-05,CMR,0.3359380862679907
2024-12-06,CMR,0.3539499820343526
2024-12-07,CMR,0.37599014475025294
2024-12-08,CMR,0.3670107995743013
2024-12-09,CMR,0.3670107995743013
2024-12-10,CMR,0.3837661273986232
2024-12-11,CMR,0.4702939902648483
2024-12-12,CMR,0.4483187879881356
2024-12-13,CMR,0.47616409422588707
2024-12-14,CMR,0.4026841811713398
2024-12-15,CMR,0.41625023115595045
2024-12-16,CMR,0.4299038282339945
2024-12-17,CMR,0.4299038282339945
2024-12-18,CMR,0.4393538868454003
2024-12-19,CMR,0.23761381879751683
2024-12-20,CMR,0.25850437872716875
2024-12-21,CMR,0.5020212074382506
2024-12-22,CMR,0.5129080130489245
2024-12-23,CMR,0.5084707769526318
2024-12-24,CMR,0.4772905308513594
2024-12-25,CMR,0.15505612974966385
2024-12-26,CMR,0.14720112115092676
2024-12-27,CMR,0.16572867148240913
2024-12-28,CMR,0.1741980501954073
2024-12-29,CMR,0.16244356618336697
2024-12-30,CMR,0.16244356618336697
2024-12-31,CMR,0.16244356618336697
2025-01-01,CMR,0.44954986324251367
2025-01-02,CMR,0.449605612271114
2025-01-03,CMR,0.541753723991431
2025-01-04,CMR,0.541753723991431
2025-01-05,CMR,0.5489498576992466
2025-01-06,CMR,0.5462562863396628
2025-01-07,CMR,0.5462562863396628
2025-01-08,CMR,0.12981022841913026
2025-01-09,CMR,0.13179631017341134
2025-01-10,CMR,0.13121363709679437
2025-01-11,CMR,0.13991725701724733
2025-01-12,CMR,0.1471206315128745
2025-01-13,CMR,0.13538057073688378
2025-01-14,CMR,0.11162019987413752
2025-01-15,CMR,0.24478295981711093
2025-01-16,CMR,0.21591320194414143
2025-01-17,CMR,0.24227105879583524
2025-01-18,CMR,0.2675487869940066
2025-01-19,CMR,0.2534656177830813
2025-01-20,CMR,0.26546725246066744
2025-01-21,CMR,0.29146801413231876
2025-01-22,CMR,0.30308586883704614
2025-01-23,CMR,0.3727485568949789
2025-01-24,CMR,0.2319991279708212
2025-01-25,CMR,0.31340737020926657
2025-01-26,CMR,0.24617789399308432
2025-01-27,CMR,0.2775515589692993
2025-01-28,CMR,0.46059703768364635
2025-01-29,CMR,0.46059703768364635
2025-01-30,CMR,0.49792100082130475
2025-01-31,CMR,0.49578111607294106
2025-02-01,CMR,0.5645330671077554
2025-02-02,CMR,0.5590337282830607
2025-02-03,CMR,0.5111747679950902
2025-02-04,CMR,0.45919011552120015
2025-02-05,CMR,0.4929777985867068
2025-02-06,CMR,0.4774934611066184
2025-02-07,CMR,0.42900895717041243
2025-02-08,CMR,0.40249132380384206
2025-02-09,CMR,0.2723960660045198
2025-02-10,CMR,0.2723960660045198
2025-02-11,CMR,0.3065970123634429
2025-02-12,CMR,0.25960848111903756
2025-02-13,CMR,0.4078345066282458
2025-02-14,CMR,0.35164596733864606
2025-02-15,CMR,0.30582345030285113
2025-02-16,CMR,0.21651425033583868
2025-02-17,CMR,0.30582345030285113
2025-02-18,CMR,0.30582345030285113
2025-02-19,CMR,0.32252321686661795
2025-02-20,CMR,0.2913800497545389
2025-02-21,CMR,0.3772494884300435
2025-02-22,CMR,0.4279104556524275
2025-02-23,CMR,0.5218909767305376
2025-02-24,CMR,0.5203573222632822
2025-02-25,CMR,0.4896199731406725
2025-02-26,CMR,0.45088283124159834
2025-02-27,CMR,0.45088283124159834
2025-02-28,CMR,0.4363148760951558
2025-03-01,CMR,0.45088283124159834
2025-03-02,CMR,0.447085305721369
2025-03-03,CMR,0.2523530331868951
2025-03-04,CMR,0.2630531657187389
2025-03-05,CMR,0.4712744154436352
2025-03-06,CMR,0.4609516689435255
2025-03-07,CMR,0.40918508043288754
2025-03-08,CMR,0.3861770844575818
2025-03-09,CMR,0.44712937338369324
2025-03-10,CMR,0.4602705601234328
2025-03-11,CMR,0.2930056315606341
2025-03-12,CMR,0.4349169207822088
2025-03-13,CMR,0.2667650657148004
2025-03-14,CMR,0.3897796055993604
2025-03-15,CMR,0.38822699661401017
2025-03-16,CMR,0.4151486082865282
2025-03-17,CMR,0.21281480565191005
2025-03-18,CMR,0.35099599787184016
2025-03-19,CMR,0.3147806108428973
2025-03-20,CMR,0.39750481172577035
2025-03-21,CMR,0.21557590750948868
2025-03-22,CMR,0.2449669543148598
2025-03-23,CMR,0.2449669543148598
2025-03-24,CMR,0.24535106079041863
2025-03-25,CMR,0.24535106079041863
2025-03-26,CMR,0.24535106079041863
2025-03-27,CMR,0.2033546467505849
2025-03-28,CMR,0.24535106079041863
2024-07-01,TCD,0.5912952304288948
2024-07-02,TCD,0.5912952304288948
2024-07-03,TCD,0.5941111346217595
2024-07-04,TCD,0.546674900494141
2024-07-05,TCD,0.546674900494141
2024-07-06,TCD,0.546674900494141
2024-07-07,TCD,0.07936144992867047
2024-07-08,TCD,0.07936144992867047
2024-07-09,TCD,0.04690397758349202
2024-07-10,TCD,0.04690397758349202
2024-07-11,TCD,0.04690397758349202
2024-07-12,TCD,0.04690397758349202
2024-07-13,TCD,0.04690397758349202
2024-07-14,TCD,0.0440836487192981
2024-07-15,TCD,0.0440836487192981
2024-07-16,TCD,0.5612166762026736
2024-07-17,TCD,0.42537098471609197
2024-07-18,TCD,0.42537098471609197
2024-07-19,TCD,0.42537098471609197
2024-07-20,TCD,0.42537098471609197
2024-07-21,TCD,0.4504700397494007
2024-07-22,TCD,0.48163992110378434
2024-07-23,TCD,0.42077825114978845
2024-07-24,TCD,0.5901135070100767
2024-07-25,TCD,0.5901135070100767
2024-07-26,TCD,0.5901135070100767
2024-07-27,TCD,0.5901135070100767
2024-07-28,TCD,0.5901135070100767
2024-07-29,TCD,0.5912952304288948
2024-07-30,TCD,0.5912952304288948
2024-07-31,TCD,0.5941111346217595
2024-08-01,TCD,0.5941111346217595
2024-08-02,TCD,0.5941111346217595
2024-08-03,TCD,0.5941111346217595
2024-08-04,TCD,0.5941111346217595
2024-08-05,TCD,0.5941111346217595
2024-08-06,TCD,0.5941111346217595
2024-08-07,TCD,0.5941111346217595
2024-08-08,TCD,0.5941111346217595
2024-08-09,TCD,0.5941111346217595
2024-08-10,TCD,0.5941111346217595
2024-08-11,TCD,0.5941111346217595
2024-08-12,TCD,0.23679073992260347
2024-08-13,TCD,0.19393179022660706
2024-08-14,TCD,0.1699216955924679
2024-08-15,TCD,0.16959394645144515
2024-08-16,TCD,0.1877840322172857
2024-08-17,TCD,0.17752538050470815
2024-08-18,TCD,0.17752538050470815
2024-08-19,TCD,0.5871003256691832
2024-08-20,TCD,0.5871003256691832
2024-08-21,TCD,0.5625233062235203
2024-08-22,TCD,0.5871003256691832
2024-08-23,TCD,0.5871003256691832
2024-08-24,TCD,0.5871003256691832
2024-08-25,TCD,0.5871003256691832
2024-08-26,TCD,0.5899250878031145
2024-08-27,TCD,0.5899250878031145
2024-08-28,TCD,0.5899250878031145
2024-08-29,TCD,0.5899250878031145
2024-08-30,TCD,0.5899250878031145
2024-08-31,TCD,0.5941111346217595
2024-09-01,TCD,0.5941111346217595
2024-09-02,TCD,0.5941111346217595
2024-09-03,TCD,0.5941111346217595
2024-09-04,TCD,0.542808912619076
2024-09-05,TCD,0.542808912619076
2024-09-06,TCD,0.542808912619076
2024-09-07,TCD,0.5547193509466464
2024-09-08,TCD,0.5547193509466464
2024-09-09,TCD,0.5547193509466464
2024-09-10,TCD,0.5334690660623148
2024-09-11,TCD,0.4987956151288509
2024-09-12,TCD,0.4987956151288509
2024-09-13,TCD,0.4987956151288509
2024-09-14,TCD,0.4305299746497961
2024-09-15,TCD,0.4205244414695552
2024-09-16,TCD,0.4205244414695552
2024-09-17,TCD,0.3378225988677987
2024-09-18,TCD,0.3378225988677987
2024-09-19,TCD,0.3378225988677987
2024-09-20,TCD,0.3378225988677987
2024-09-21,TCD,0.3900079048273103
2024-09-22,TCD,0.39296012930832014
2024-09-23,TCD,0.39296012930832014
2024-09-24,TCD,0.5061824892447001
2024-09-25,TCD,0.5061824892447001
2024-09-26,TCD,0.5061824892447001
2024-09-27,TCD,0.5061824892447001
2024-09-28,TCD,0.5030845973531634
2024-09-29,TCD,0.5912952304288948
2024-09-30,TCD,0.5912952304288948
2024-10-01,TCD,0.5836250852642191
2024-10-02,TCD,0.3948329888988769
2024-10-03,TCD,0.3948329888988769
2024-10-04,TCD,0.3748824539366833
2024-10-05,TCD,0.3874268383984955
2024-10-06,TCD,0.3819465733381855
2024-10-07,TCD,0.3819465733381855
2024-10-08,TCD,0.362067942421356
2024-10-09,TCD,0.5912952304288948
2024-10-10,TCD,0.5912952304288948
2024-10-11,TCD,0.5912952304288948
2024-10-12,TCD,0.5912952304288948
2024-10-13,TCD,0.5912952304288948
2024-10-14,TCD,0.5912952304288948
2024-10-15,TCD,0.5912952304288948
2024-10-16,TCD,0.588073000113907
2024-10-17,TCD,0.588073000113907
2024-10-18,TCD,0.588073000113907
2024-10-19,TCD,0.588073000113907
2024-10-20,TCD,0.588073000113907
2024-10-21,TCD,0.588073000113907
2024-10-22,TCD,0.5910717284821613
2024-10-23,TCD,0.5910717284821613
2024-10-24,TCD,0.5910717284821613
2024-10-25,TCD,0.5910717284821613
2024-10-26,TCD,0.5910717284821613
2024-10-27,TCD,0.35890250967875414
2024-10-28,TCD,0.26318532812986223
2024-10-29,TCD,0.2702605800750084
2024-10-30,TCD,0.26563473302962703
2024-10-31,TCD,0.2707658156804235
2024-11-01,TCD,0.29732028299051977
2024-11-02,TCD,0.2968363286903929
2024-11-03,TCD,0.04684617644821414
2024-11-04,TCD,0.04684617644821414
2024-11-05,TCD,0.04684617644821414
2024-11-06,TCD,0.051116446675563025
2024-11-07,TCD,0.051796015699070566
2024-11-08,TCD,0.05476773673539812
2024-11-09,TCD,0.05205472385773166
2024-11-10,TCD,0.5912952304288948
2024-11-11,TCD,0.5912952304288948
2024-11-12,TCD,0.5506491442726664
2024-11-13,TCD,0.5506491442726664
2024-11-14,TCD,0.5054278870639018
2024-11-15,TCD,0.5054278870639018
2024-11-16,TCD,0.03785833266639931
2024-11-17,TCD,0.04017096107685579
2024-11-18,TCD,0.04017096107685579
2024-11-19,TCD,0.04030892022134376
2024-11-20,TCD,0.039699295110773955
2024-11-21,TCD,0.0404974948046221
2024-11-22,TCD,0.03817740647227183
2024-11-23,TCD,0.5912952304288948
2024-11-24,TCD,0.5912952304288948
2024-11-25,TCD,0.5912952304288948
2024-11-26,TCD,0.5912952304288948
2024-11-27,TCD,0.5912952304288948
2024-11-28,TCD,0.5912952304288948
2024-11-29,TCD,0.5912952304288948
2024-11-30,TCD,0.5941111346217595
2024-12-01,TCD,0.5941111346217595
2024-12-02,TCD,0.5941111346217595
2024-12-03,TCD,0.5941111346217595
2024-12-04,TCD,0.5941111346217595
2024-12-05,TCD,0.5941111346217595
2024-12-06,TCD,0.5595740976149054
2024-12-07,TCD,0.5390152434708911
2024-12-08,TCD,0.5390152434708911
2024-12-09,TCD,0.5390152434708911
2024-12-10,TCD,0.5390152434708911
2024-12-11,TCD,0.5390152434708911
2024-12-12,TCD,0.5390152434708911
2024-12-13,TCD,0.5612166762026736
2024-12-14,TCD,0.5912952304288948
2024-12-15,TCD,0.26848245038312063
2024-12-16,TCD,0.2821878970402158
2024-12-17,TCD,0.19870898086282507
2024-12-18,TCD,0.19734226067011745
2024-12-19,TCD,0.19321050430827696
2024-12-20,TCD,0.18476368677260982
2024-12-21,TCD,0.19068533066007598
2024-12-22,TCD,0.2526580808256375
2024-12-23,TCD,0.2526580808256375
2024-12-24,TCD,0.5871003256691832
2024-12-25,TCD,0.3165765999707092
2024-12-26,TCD,0.3010296139571425
2024-12-27,TCD,0.3010296139571425
2024-12-28,TCD,0.3128092496073012
2024-12-29,TCD,0.3128092496073012
2024-12-30,TCD,0.3128092496073012
2024-12-31,TCD,0.30796534883031884
2025-01-01,TCD,0.5912952304288948
2025-01-02,TCD,0.5912952304288948
2025-01-03,TCD,0.5912952304288948
2025-01-04,TCD,0.5912952304288948
2025-01-05,TCD,0.5912952304288948
2025-01-06,TCD,0.5912952304288948
2025-01-07,TCD,0.5912952304288948
2025-01-08,TCD,0.5941111346217595
2025-01-09,TCD,0.5941111346217595
2025-01-10,TCD,0.5941111346217595
2025-01-11,TCD,0.5899250878031145
2025-01-12,TCD,0.5899250878031145
2025-01-13,TCD,0.5899250878031145
2025-01-14,TCD,0.5899250878031145
2025-01-15,TCD,0.10104605735557665
2025-01-16,TCD,0.10786918710180796
2025-01-17,TCD,0.09826992429504809
2025-01-18,TCD,0.09826992429504809
2025-01-19,TCD,0.09104171742283074
2025-01-20,TCD,0.08053225621076371
2025-01-21,TCD,0.08170041319594479
2025-01-22,TCD,0.5095384865555341
2025-01-23,TCD,0.5095384865555341
2025-01-24,TCD,0.5547150194816075
2025-01-25,TCD,0.5475350521476356
2025-01-26,TCD,0.4883862094612329
2025-01-27,TCD,0.49564018956037503
2025-01-28,TCD,0.45589637745415584
2025-01-29,TCD,0.48897170652043254
2025-01-30,TCD,0.48897170652043254
2025-01-31,TCD,0.48897170652043254
2025-02-01,TCD,0.48897170652043254
2025-02-02,TCD,0.5912952304288948
2025-02-03,TCD,0.5912952304288948
2025-02-04,TCD,0.3257301327530841
2025-02-05,TCD,0.3257301327530841
2025-02-06,TCD,0.3257301327530841
2025-02-07,TCD,0.36318481032762095
2025-02-08,TCD,0.3520278620659575
2025-02-09,TCD,0.3520278620659575
2025-02-10,TCD,0.3520278620659575
2025-02-11,TCD,0.5871003256691832
2025-02-12,TCD,0.5871003256691832
2025-02-13,TCD,0.5871003256691832
2025-02-14,TCD,0.24494189520250229
2025-02-15,TCD,0.2904099278623621
2025-02-16,TCD,0.2904099278623621
2025-02-17,TCD,0.2904099278623621
2025-02-18,TCD,0.2904099278623621
2025-02-19,TCD,0.2904099278623621
2025-02-20,TCD,0.2904099278623621
2025-02-21,TCD,0.5912952304288948
2025-02-22,TCD,0.5871003256691832
2025-02-23,TCD,0.5871003256691832
2025-02-24,TCD,0.5871003256691832
2025-02-25,TCD,0.5871003256691832
2025-02-26,TCD,0.5871003256691832
2025-02-27,TCD,0.5871003256691832
2025-02-28,TCD,0.5899250878031145
2025-03-01,TCD,0.3806494710273759
2025-03-02,TCD,0.3806494710273759
2025-03-03,TCD,0.3806494710273759
2025-03-04,TCD,0.38782398758120673
2025-03-05,TCD,0.38782398758120673
2025-03-06,TCD,0.3843835000474277
2025-03-07,TCD,0.35402480976110806
2025-03-08,TCD,0.5912952304288948
2025-03-09,TCD,0.5912952304288948
2025-03-10,TCD,0.5912952304288948
2025-03-11,TCD,0.5912952304288948
2025-03-12,TCD,0.5912952304288948
2025-03-13,TCD,0.22627952613579447
2025-03-14,TCD,0.202908471011894
2025-03-15,TCD,0.23019797715572587
2025-03-16,TCD,0.20622594484239923
2025-03-17,TCD,0.22033303963783635
2025-03-18,TCD,0.20875633390292725
2025-03-19,TCD,0.22033303963783635
2025-03-20,TCD,0.5912952304288948
2025-03-21,TCD,0.5912952304288948
2025-03-22,TCD,0.5871003256691832
2025-03-23,TCD,0.5454531628746333
2025-03-24,TCD,0.5454531628746333
2025-03-25,TCD,0.5454531628746333
2025-03-26,TCD,0.5454531628746333
2025-03-27,TCD,0.5437995421056647
2025-03-28,TCD,0.4930148076279365
2024-07-01,GIN,0.5138649766658537
2024-07-02,GIN,0.5138649766658537
2024-07-03,GIN,0.5138649766658537
2024-07-04,GIN,0.4543350133381184
2024-07-05,GIN,0.473867317856683
2024-07-06,GIN,0.4543350133381184
2024-07-07,GIN,0.473867317856683
2024-07-08,GIN,0.473867317856683
2024-07-09,GIN,0.473867317856683
2024-07-10,GIN,0.45794050562391975
2024-07-11,GIN,0.411374814114361
2024-07-12,GIN,0.41985089486143207
2024-07-13,GIN,0.43551733113059754
2024-07-14,GIN,0.43551733113059754
2024-07-15,GIN,0.43551733113059754
2024-07-16,GIN,0.2681011497324835
2024-07-17,GIN,0.2681011497324835
2024-07-18,GIN,0.2507813672376099
2024-07-19,GIN,0.2507813672376099
2024-07-20,GIN,0.2995985765142979
2024-07-21,GIN,0.2995985765142979
2024-07-22,GIN,0.2995985765142979
2024-07-23,GIN,0.48820886121657736
2024-07-24,GIN,0.48820886121657736
2024-07-25,GIN,0.4657177133081097
2024-07-26,GIN,0.48820886121657736
2024-07-27,GIN,0.46523275217360444
2024-07-28,GIN,0.4848173001192944
2024-07-29,GIN,0.4848173001192944
2024-07-30,GIN,0.4895719281592292
2024-07-31,GIN,0.4895719281592292
2024-08-01,GIN,0.4807441750784293
2024-08-02,GIN,0.4710271282990179
2024-08-03,GIN,0.47556245506528805
2024-08-04,GIN,0.4816000017799147
2024-08-05,GIN,0.498085812822305
2024-08-06,GIN,0.44468087069931794
2024-08-07,GIN,0.4583680884745365
2024-08-08,GIN,0.47510985385133514
2024-08-09,GIN,0.4839803092615281
2024-08-10,GIN,0.49142377375664337
2024-08-11,GIN,0.49142377375664337
2024-08-12,GIN,0.49142377375664337
2024-08-13,GIN,0.5029021612866508
2024-08-14,GIN,0.5001477717042474
2024-08-15,GIN,0.5264465169780127
2024-08-16,GIN,0.5196287220385762
2024-08-17,GIN,0.5196287220385762
2024-08-18,GIN,0.5264465169780127
2024-08-19,GIN,0.5264465169780127
2024-08-20,GIN,0.5264465169780127
2024-08-21,GIN,0.3858540448516977
2024-08-22,GIN,0.414043995726828
2024-08-23,GIN,0.3386310853644829
2024-08-24,GIN,0.3067982207750519
2024-08-25,GIN,0.3067982207750519
2024-08-26,GIN,0.3010168316635882
2024-08-27,GIN,0.29759588673107884
2024-08-28,GIN,0.30257824714201415
2024-08-29,GIN,0.28239108051690937
2024-08-30,GIN,0.29702779800311196
2024-08-31,GIN,0.4848173001192944
2024-09-01,GIN,0.17046602854996412
2024-09-02,GIN,0.17046602854996412
2024-09-03,GIN,0.17046602854996412
2024-09-04,GIN,0.15559437154629344
2024-09-05,GIN,0.16073875231090007
2024-09-06,GIN,0.1499561010378198
2024-09-07,GIN,0.1522101440774832
2024-09-08,GIN,0.5003101588452203
2024-09-09,GIN,0.5003101588452203
2024-09-10,GIN,0.47077073156562105
2024-09-11,GIN,0.4954649362106408
2024-09-12,GIN,0.4867430804577672
2024-09-13,GIN,0.4758475478826308
2024-09-14,GIN,0.4758475478826308
2024-09-15,GIN,0.4954649362106408
2024-09-16,GIN,0.4954649362106408
2024-09-17,GIN,0.4954649362106408
2024-09-18,GIN,0.5044865444130541
2024-09-19,GIN,0.35314024788308107
2024-09-20,GIN,0.3678959643401666
2024-09-21,GIN,0.3498273707892719
2024-09-22,GIN,0.3678959643401666
2024-09-23,GIN,0.3678959643401666
2024-09-24,GIN,0.3678959643401666
2024-09-25,GIN,0.3678959643401666
2024-09-26,GIN,0.5044865444130541
2024-09-27,GIN,0.5044865444130541
2024-09-28,GIN,0.48848609508486796
2024-09-29,GIN,0.48848609508486796
2024-09-30,GIN,0.48848609508486796
2024-10-01,GIN,0.4688504187107594
2024-10-02,GIN,0.1595831644082518
2024-10-03,GIN,0.14626756701798446
2024-10-04,GIN,0.14626756701798446
2024-10-05,GIN,0.14660245922584086
2024-10-06,GIN,0.14660245922584086
2024-10-07,GIN,0.14660245922584086
2024-10-08,GIN,0.15504028888806004
2024-10-09,GIN,0.5175689750714886
2024-10-10,GIN,0.5011019620411624
2024-10-11,GIN,0.5011019620411624
2024-10-12,GIN,0.4801904829770651
2024-10-13,GIN,0.4801904829770651
2024-10-14,GIN,0.4801904829770651
2024-10-15,GIN,0.4921066782893938
2024-10-16,GIN,0.5008308608682617
2024-10-17,GIN,0.5008308608682617
2024-10-18,GIN,0.5008308608682617
2024-10-19,GIN,0.49764026043567616
2024-10-20,GIN,0.3178895337630725
2024-10-21,GIN,0.3178895337630725
2024-10-22,GIN,0.3178895337630725
2024-10-23,GIN,0.3178895337630725
2024-10-24,GIN,0.33048281479021385
2024-10-25,GIN,0.33048281479021385
2024-10-26,GIN,0.3200143558875201
2024-10-27,GIN,0.4062646947506716
2024-10-28,GIN,0.4062646947506716
2024-10-29,GIN,0.42081136280033965
2024-10-30,GIN,0.42081136280033965
2024-10-31,GIN,0.4023373694932574
2024-11-01,GIN,0.41825454016678015
2024-11-02,GIN,0.41825454016678015
2024-11-03,GIN,0.41825454016678015
2024-11-04,GIN,0.41825454016678015
2024-11-05,GIN,0.5155774698925415
2024-11-06,GIN,0.49943323055203126
2024-11-07,GIN,0.5269732388984785
2024-11-08,GIN,0.5073628426661876
2024-11-09,GIN,0.535971764060626
2024-11-10,GIN,0.535971764060626
2024-11-11,GIN,0.535971764060626
2024-11-12,GIN,0.535971764060626
2024-11-13,GIN,0.535971764060626
2024-11-14,GIN,0.535971764060626
2024-11-15,GIN,0.535971764060626
2024-11-16,GIN,0.5390248565744884
2024-11-17,GIN,0.5390248565744884
2024-11-18,GIN,0.5390248565744884
2024-11-19,GIN,0.475674374488176
2024-11-20,GIN,0.488460027825848
2024-11-21,GIN,0.488460027825848
2024-11-22,GIN,0.488460027825848
2024-11-23,GIN,0.48075732508629837
2024-11-24,GIN,0.5003838920976686
2024-11-25,GIN,0.5003838920976686
2024-11-26,GIN,0.16449030486872007
2024-11-27,GIN,0.16449030486872007
2024-11-28,GIN,0.18449699117000304
2024-11-29,GIN,0.16729724436867968
2024-11-30,GIN,0.16465505236868658
2024-12-01,GIN,0.16465505236868658
2024-12-02,GIN,0.16465505236868658
2024-12-03,GIN,0.48891721932432375
2024-12-04,GIN,0.49764026043567616
2024-12-05,GIN,0.48891721932432375
2024-12-06,GIN,0.48891721932432375
2024-12-07,GIN,0.5008026899480708
2024-12-08,GIN,0.5008026899480708
2024-12-09,GIN,0.5008026899480708
2024-12-10,GIN,0.30323030477028134
2024-12-11,GIN,0.3237518044294216
2024-12-12,GIN,0.30419325186056617
2024-12-13,GIN,0.31076010996776715
2024-12-14,GIN,0.31076010996776715
2024-12-15,GIN,0.31076010996776715
2024-12-16,GIN,0.31076010996776715
2024-12-17,GIN,0.3200143558875201
2024-12-18,GIN,0.4062646947506716
2024-12-19,GIN,0.40957217623393705
2024-12-20,GIN,0.40957217623393705
2024-12-21,GIN,0.42081136280033965
2024-12-22,GIN,0.42081136280033965
2024-12-23,GIN,0.42081136280033965
2024-12-24,GIN,0.42081136280033965
2024-12-25,GIN,0.5310621697990279
2024-12-26,GIN,0.48800555141124485
2024-12-27,GIN,0.49672813567592744
2024-12-28,GIN,0.48800555141124485
2024-12-29,GIN,0.48800555141124485
2024-12-30,GIN,0.48800555141124485
2024-12-31,GIN,0.4927615402307584
2025-01-01,GIN,0.4927615402307584
2025-01-02,GIN,0.4927615402307584
2025-01-03,GIN,0.4927615402307584
2025-01-04,GIN,0.49672813567592744
2025-01-05,GIN,0.49672813567592744
2025-01-06,GIN,0.49672813567592744
2025-01-07,GIN,0.4034769735531135
2025-01-08,GIN,0.39856593073744234
2025-01-09,GIN,0.3072560080526636
2025-01-10,GIN,0.3175019841665808
2025-01-11,GIN,0.30379497461978805
2025-01-12,GIN,0.31308816656977184
2025-01-13,GIN,0.3072560080526636
2025-01-14,GIN,0.5065890915308906
2025-01-15,GIN,0.5106658390010675
2025-01-16,GIN,0.498879313143324
2025-01-17,GIN,0.4543350133381184
2025-01-18,GIN,0.473867317856683
2025-01-19,GIN,0.473867317856683
2025-01-20,GIN,0.473867317856683
2025-01-21,GIN,0.473867317856683
2025-01-22,GIN,0.473867317856683
2025-01-23,GIN,0.473867317856683
2025-01-24,GIN,0.46517512167954445
2025-01-25,GIN,0.20383101053889288
2025-01-26,GIN,0.23546552059678744
2025-01-27,GIN,0.257506341675946
2025-01-28,GIN,0.24946094088685045
2025-01-29,GIN,0.2770237377237567
2025-01-30,GIN,0.2770237377237567
2025-01-31,GIN,0.2770237377237567
2025-02-01,GIN,0.4720708774504988
2025-02-02,GIN,0.4720708774504988
2025-02-03,GIN,0.4720708774504988
2025-02-04,GIN,0.4720708774504988
2025-02-05,GIN,0.5309704479439107
2025-02-06,GIN,0.5279107310627701
2025-02-07,GIN,0.5279107310627701
2025-02-08,GIN,0.5279107310627701
2025-02-09,GIN,0.5279107310627701
2025-02-10,GIN,0.5279107310627701
2025-02-11,GIN,0.508302936554561
2025-02-12,GIN,0.5279107310627701
2025-02-13,GIN,0.5279107310627701
2025-02-14,GIN,0.5279107310627701
2025-02-15,GIN,0.519205482859513
2025-02-16,GIN,0.519205482859513
2025-02-17,GIN,0.519205482859513
2025-02-18,GIN,0.5310621697990279
2025-02-19,GIN,0.49957886081133
2025-02-20,GIN,0.519205482859513
2025-02-21,GIN,0.5032122867107662
2025-02-22,GIN,0.5309704479439107
2025-02-23,GIN,0.5309704479439107
2025-02-24,GIN,0.5034542087728027
2025-02-25,GIN,0.4966078938524503
2025-02-26,GIN,0.4691728474982686
2025-02-27,GIN,0.3007121032705945
2025-02-28,GIN,0.2810252992470721
2025-03-01,GIN,0.2995985765142979
2025-03-02,GIN,0.2995985765142979
2025-03-03,GIN,0.2995985765142979
2025-03-04,GIN,0.2740637144614555
2025-03-05,GIN,0.2968411380266805
2025-03-06,GIN,0.48936256964871633
2025-03-07,GIN,0.47556245506528805
2025-03-08,GIN,0.498085812822305
2025-03-09,GIN,0.498085812822305
2025-03-10,GIN,0.4778770627551679
2025-03-11,GIN,0.446797101346092
2025-03-12,GIN,0.4691769043976375
2025-03-13,GIN,0.498085812822305
2025-03-14,GIN,0.4927001822395317
2025-03-15,GIN,0.4778770627551679
2025-03-16,GIN,0.4778770627551679
2025-03-17,GIN,0.498085812822305
2025-03-18,GIN,0.4935378301030283
2025-03-19,GIN,0.4927001822395317
2025-03-20,GIN,0.4935378301030283
2025-03-21,GIN,0.4935378301030283
2025-03-22,GIN,0.4935378301030283
2025-03-23,GIN,0.4935378301030283
2025-03-24,GIN,0.49157183100981494
2025-03-25,GIN,0.482852920376792
2025-03-26,GIN,0.4428420859890115
2025-03-27,GIN,0.4207228313993108
2025-03-28,GIN,0.46523275217360444
2024-07-01,GNB,0.14971165977488143
2024-07-02,GNB,0.14971165977488143
2024-07-03,GNB,0.13587160740667698
2024-07-04,GNB,0.13744056907310365
2024-07-05,GNB,0.14618793015371392
2024-07-06,GNB,0.12917561330421687
2024-07-07,GNB,0.13965057975654963
2024-07-08,GNB,0.11233184930549761
2024-07-09,GNB,0.09419909201412813
2024-07-10,GNB,0.131951201731923
2024-07-11,GNB,0.10871365938028227
2024-07-12,GNB,0.12679159148352306
2024-07-13,GNB,0.1267073756685969
2024-07-14,GNB,0.1232543870003032
2024-07-15,GNB,0.1232543870003032
2024-07-16,GNB,0.15553873701529178
2024-07-17,GNB,0.1330201231758068
2024-07-18,GNB,0.12296073492129928
2024-07-19,GNB,0.1090832288917684
2024-07-20,GNB,0.156034231572941
2024-07-21,GNB,0.17507632554637018
2024-07-22,GNB,0.17507632554637018
2024-07-23,GNB,0.20379538785239945
2024-07-24,GNB,0.22470431919179062
2024-07-25,GNB,0.15909724429328792
2024-07-26,GNB,0.1996779726441587
2024-07-27,GNB,0.16239762948621284
2024-07-28,GNB,0.14227883827578086
2024-07-29,GNB,0.14227883827578086
2024-07-30,GNB,0.14858907524404796
2024-07-31,GNB,0.14858907524404796
2024-08-01,GNB,0.15052405541049318
2024-08-02,GNB,0.14552322830872758
2024-08-03,GNB,0.12301505188943838
2024-08-04,GNB,0.13307820954029578
2024-08-05,GNB,0.13307820954029578
2024-08-06,GNB,0.10263740753845725
2024-08-07,GNB,0.12499501631665588
2024-08-08,GNB,0.16118932110693063
2024-08-09,GNB,0.1469611485498268
2024-08-10,GNB,0.16507062566048358
2024-08-11,GNB,0.17939834436735844
2024-08-12,GNB,0.23222505205873736
2024-08-13,GNB,0.23758363387317713
2024-08-14,GNB,0.1473576084301608
2024-08-15,GNB,0.2352986756800324
2024-08-16,GNB,0.2111430591101005
2024-08-17,GNB,0.20367475099774177
2024-08-18,GNB,0.20367475099774177
2024-08-19,GNB,0.20367475099774177
2024-08-20,GNB,0.1987917369045693
2024-08-21,GNB,0.20717270851975703
2024-08-22,GNB,0.21157556277413075
2024-08-23,GNB,0.10934249703012548
2024-08-24,GNB,0.16798617201310723
2024-08-25,GNB,0.1796977149691933
2024-08-26,GNB,0.1796977149691933
2024-08-27,GNB,0.15024011091717854
2024-08-28,GNB,0.18904437595556497
2024-08-29,GNB,0.14689259674903685
2024-08-30,GNB,0.16640858928960356
2024-08-31,GNB,0.17869958476178335
2024-09-01,GNB,0.17869958476178335
2024-09-02,GNB,0.17869958476178335
2024-09-03,GNB,0.19935911937602488
2024-09-04,GNB,0.14354987835770894
2024-09-05,GNB,0.15664321993087538
2024-09-06,GNB,0.1460874821282492
2024-09-07,GNB,0.23925228015401406
2024-09-08,GNB,0.2681856920015387
2024-09-09,GNB,0.2681856920015387
2024-09-10,GNB,0.29586802499268783
2024-09-11,GNB,0.3066215897856739
2024-09-12,GNB,0.31073607484115334
2024-09-13,GNB,0.3020935400007035
2024-09-14,GNB,0.27252474590065856
2024-09-15,GNB,0.29127410919914853
2024-09-16,GNB,0.3113280636770811
2024-09-17,GNB,0.343121241582575
2024-09-18,GNB,0.2697921271300998
2024-09-19,GNB,0.26479578626970934
2024-09-20,GNB,0.27625458430692496
2024-09-21,GNB,0.26024656871452534
2024-09-22,GNB,0.18094144716356636
2024-09-23,GNB,0.15654023171362538
2024-09-24,GNB,0.1878655983892026
2024-09-25,GNB,0.1878655983892026
2024-09-26,GNB,0.17614302124521475
2024-09-27,GNB,0.17339021453110096
2024-09-28,GNB,0.14458818012049365
2024-09-29,GNB,0.30465229230810836
2024-09-30,GNB,0.30465229230810836
2024-10-01,GNB,0.3284140947244958
2024-10-02,GNB,0.29635847571856516
2024-10-03,GNB,0.3088631349783686
2024-10-04,GNB,0.25312356375772616
2024-10-05,GNB,0.2794329455909613
2024-10-06,GNB,0.24580300553199047
2024-10-07,GNB,0.23620121893984106
2024-10-08,GNB,0.2318499555729061
2024-10-09,GNB,0.3451611689007306
2024-10-10,GNB,0.33979115438591717
2024-10-11,GNB,0.32161213555465834
2024-10-12,GNB,0.28106733545937046
2024-10-13,GNB,0.2978404172391225
2024-10-14,GNB,0.2978404172391225
2024-10-15,GNB,0.3165102069790859
2024-10-16,GNB,0.2896620197281584
2024-10-17,GNB,0.30608543469106586
2024-10-18,GNB,0.30608543469106586
2024-10-19,GNB,0.27622631951057314
2024-10-20,GNB,0.27622631951057314
2024-10-21,GNB,0.27622631951057314
2024-10-22,GNB,0.18251705395533416
2024-10-23,GNB,0.1554881773521373
2024-10-24,GNB,0.17545987763395815
2024-10-25,GNB,0.1554881773521373
2024-10-26,GNB,0.15496580210288502
2024-10-27,GNB,0.17384736048935678
2024-10-28,GNB,0.1955939154034599
2024-10-29,GNB,0.18920104976380128
2024-10-30,GNB,0.19461290248490742
2024-10-31,GNB,0.20272330851781992
2024-11-01,GNB,0.13312874281393933
2024-11-02,GNB,0.26359384243021
2024-11-03,GNB,0.23646730359454313
2024-11-04,GNB,0.23646730359454313
2024-11-05,GNB,0.19080118503764765
2024-11-06,GNB,0.1555785271413363
2024-11-07,GNB,0.21183717375950073
2024-11-08,GNB,0.205153062646665
2024-11-09,GNB,0.2699615615301249
2024-11-10,GNB,0.21415114804157617
2024-11-11,GNB,0.2699615615301249
2024-11-12,GNB,0.2245344911073369
2024-11-13,GNB,0.2245344911073369
2024-11-14,GNB,0.2245344911073369
2024-11-15,GNB,0.2245344911073369
2024-11-16,GNB,0.15662672925450566
2024-11-17,GNB,0.16890988890820635
2024-11-18,GNB,0.16890988890820635
2024-11-19,GNB,0.16866016155353564
2024-11-20,GNB,0.17361027531829684
2024-11-21,GNB,0.15163610030953512
2024-11-22,GNB,0.13396295255616475
2024-11-23,GNB,0.18991374730897984
2024-11-24,GNB,0.18991374730897984
2024-11-25,GNB,0.18991374730897984
2024-11-26,GNB,0.16787404433400283
2024-11-27,GNB,0.13590633583771097
2024-11-28,GNB,0.13590633583771097
2024-11-29,GNB,0.23421325764532056
2024-11-30,GNB,0.1330287495362548
2024-12-01,GNB,0.11450070228117791
2024-12-02,GNB,0.10730231747640503
2024-12-03,GNB,0.12563167924341068
2024-12-04,GNB,0.1198251654893191
2024-12-05,GNB,0.1198251654893191
2024-12-06,GNB,0.1128652186482742
2024-12-07,GNB,0.1791820370196646
2024-12-08,GNB,0.23271942934970105
2024-12-09,GNB,0.2576745883209721
2024-12-10,GNB,0.2472382721489023
2024-12-11,GNB,0.30842059634693436
2024-12-12,GNB,0.2826568741059089
2024-12-13,GNB,0.296488785842906
2024-12-14,GNB,0.21277167002932595
2024-12-15,GNB,0.16598449077766514
2024-12-16,GNB,0.16417906117549222
2024-12-17,GNB,0.19796344692177223
2024-12-18,GNB,0.268219398602628
2024-12-19,GNB,0.2649067943862565
2024-12-20,GNB,0.2560593611089133
2024-12-21,GNB,0.20704261021104045
2024-12-22,GNB,0.20854494237923785
2024-12-23,GNB,0.2345725175731947
2024-12-24,GNB,0.26400081788863
2024-12-25,GNB,0.29887547515443036
2024-12-26,GNB,0.2759289341953516
2024-12-27,GNB,0.31207690007079225
2024-12-28,GNB,0.26691272961404056
2024-12-29,GNB,0.29445144839822224
2024-12-30,GNB,0.1904764382616988
2024-12-31,GNB,0.16269151348553945
2025-01-01,GNB,0.17471674339698223
2025-01-02,GNB,0.1548137483924028
2025-01-03,GNB,0.15759838612908045
2025-01-04,GNB,0.16437938690523096
2025-01-05,GNB,0.16437938690523096
2025-01-06,GNB,0.16437938690523096
2025-01-07,GNB,0.17711135447148188
2025-01-08,GNB,0.12709192850231454
2025-01-09,GNB,0.13161612000322295
2025-01-10,GNB,0.17458191822045951
2025-01-11,GNB,0.1276031236942016
2025-01-12,GNB,0.1216763552051999
2025-01-13,GNB,0.1216763552051999
2025-01-14,GNB,0.12508160748387412
2025-01-15,GNB,0.12717808043115206
2025-01-16,GNB,0.151001513113709
2025-01-17,GNB,0.14724847991851311
2025-01-18,GNB,0.1586058232670849
2025-01-19,GNB,0.1586058232670849
2025-01-20,GNB,0.1586058232670849
2025-01-21,GNB,0.17176775573690667
2025-01-22,GNB,0.17176775573690667
2025-01-23,GNB,0.16899456591079762
2025-01-24,GNB,0.18607141646226347
2025-01-25,GNB,0.17599583689305998
2025-01-26,GNB,0.21849800842079936
2025-01-27,GNB,0.21849800842079936
2025-01-28,GNB,0.1662622523812805
2025-01-29,GNB,0.2226707636982389
2025-01-30,GNB,0.12320283834452109
2025-01-31,GNB,0.15555497520405148
2025-02-01,GNB,0.2183594472442922
2025-02-02,GNB,0.2183594472442922
2025-02-03,GNB,0.22636661335607397
2025-02-04,GNB,0.21349770102960952
2025-02-05,GNB,0.21000738104487832
2025-02-06,GNB,0.24284564734627842
2025-02-07,GNB,0.22366028531330884
2025-02-08,GNB,0.21836646405130797
2025-02-09,GNB,0.19466394138238707
2025-02-10,GNB,0.19466394138238707
2025-02-11,GNB,0.21743367633211738
2025-02-12,GNB,0.21743367633211738
2025-02-13,GNB,0.20723138881085842
2025-02-14,GNB,0.2096568593429077
2025-02-15,GNB,0.18217495591787392
2025-02-16,GNB,0.14100766911123028
2025-02-17,GNB,0.14100766911123028
2025-02-18,GNB,0.14233258320353637
2025-02-19,GNB,0.1469260628180205
2025-02-20,GNB,0.14100766911123028
2025-02-21,GNB,0.13794576120116084
2025-02-22,GNB,0.17111840065853298
2025-02-23,GNB,0.16994548211893146
2025-02-24,GNB,0.16994548211893146
2025-02-25,GNB,0.16226782513053717
2025-02-26,GNB,0.21843911310188377
2025-02-27,GNB,0.2182181600121262
2025-02-28,GNB,0.2395653258260843
2025-03-01,GNB,0.3844472728402909
2025-03-02,GNB,0.36523291003716013
2025-03-03,GNB,0.3301533921247863
2025-03-04,GNB,0.26701330201596835
2025-03-05,GNB,0.27818076890351245
2025-03-06,GNB,0.35305672754348183
2025-03-07,GNB,0.2743936099512816
2025-03-08,GNB,0.26226838114972023
2025-03-09,GNB,0.26226838114972023
2025-03-10,GNB,0.2840818771007511
2025-03-11,GNB,0.1708021229658644
2025-03-12,GNB,0.20813514758847243
2025-03-13,GNB,0.2139456775521705
2025-03-14,GNB,0.2700351824815863
2025-03-15,GNB,0.22921151456662925
2025-03-16,GNB,0.3549321018333441
2025-03-17,GNB,0.3100226404291707
2025-03-18,GNB,0.2980281604879801
2025-03-19,GNB,0.3054330364237013
2025-03-20,GNB,0.18443116996703451
2025-03-21,GNB,0.19551970861440066
2025-03-22,GNB,0.18103067095197023
2025-03-23,GNB,0.16054834202564167
2025-03-24,GNB,0.170589606218043
2025-03-25,GNB,0.14203754282245645
2025-03-26,GNB,0.14039457439916372
2025-03-27,GNB,0.13859067966432637
2025-03-28,GNB,0.13489819218286334
2024-07-01,SEN,0.3967974574716232
2024-07-02,SEN,0.3967974574716232
2024-07-03,SEN,0.3967974574716232
2024-07-04,SEN,0.38639955835375817
2024-07-05,SEN,0.4051799321934166
2024-07-06,SEN,0.38639955835375817
2024-07-07,SEN,0.4051799321934166
2024-07-08,SEN,0.4051799321934166
2024-07-09,SEN,0.4051799321934166
2024-07-10,SEN,0.3898511058802613
2024-07-11,SEN,0.38158231839407686
2024-07-12,SEN,0.3898511058802613
2024-07-13,SEN,0.4051799321934166
2024-07-14,SEN,0.3852551727556537
2024-07-15,SEN,0.4051799321934166
2024-07-16,SEN,0.3898511058802613
2024-07-17,SEN,0.3898511058802613
2024-07-18,SEN,0.3686274773498148
2024-07-19,SEN,0.3686274773498148
2024-07-20,SEN,0.4168129675957254
2024-07-21,SEN,0.4372090756064506
2024-07-22,SEN,0.4397186073921409
2024-07-23,SEN,0.4397186073921409
2024-07-24,SEN,0.4397186073921409
2024-07-25,SEN,0.41685106522352194
2024-07-26,SEN,0.4389209991823073
2024-07-27,SEN,0.43756483649675987
2024-07-28,SEN,0.43637668383817774
2024-07-29,SEN,0.45697996489590803
2024-07-30,SEN,0.460029179540357
2024-07-31,SEN,0.45110913071476283
2024-08-01,SEN,0.45293509767472756
2024-08-02,SEN,0.4425012983777022
2024-08-03,SEN,0.44699405852285923
2024-08-04,SEN,0.46937535650148604
2024-08-05,SEN,0.46937535650148604
2024-08-06,SEN,0.432611309172077
2024-08-07,SEN,0.44622554510883794
2024-08-08,SEN,0.446545495560511
2024-08-09,SEN,0.455345291083828
2024-08-10,SEN,0.456176538943538
2024-08-11,SEN,0.456176538943538
2024-08-12,SEN,0.456176538943538
2024-08-13,SEN,0.44134587539529924
2024-08-14,SEN,0.4648467343460516
2024-08-15,SEN,0.465652355276118
2024-08-16,SEN,0.465652355276118
2024-08-17,SEN,0.4461715127001831
2024-08-18,SEN,0.465652355276118
2024-08-19,SEN,0.465652355276118
2024-08-20,SEN,0.465652355276118
2024-08-21,SEN,0.4424321641387119
2024-08-22,SEN,0.46477701946978806
2024-08-23,SEN,0.4365979581827448
2024-08-24,SEN,0.4474460972363746
2024-08-25,SEN,0.4474460972363746
2024-08-26,SEN,0.4474460972363746
2024-08-27,SEN,0.44341670870574995
2024-08-28,SEN,0.45250627998424825
2024-08-29,SEN,0.3813369177589233
2024-08-30,SEN,0.41620759450042477
2024-08-31,SEN,0.4121176533421614
2024-09-01,SEN,0.4162137434201706
2024-09-02,SEN,0.4162137434201706
2024-09-03,SEN,0.42781124783118674
2024-09-04,SEN,0.38914767849332643
2024-09-05,SEN,0.41899529882117487
2024-09-06,SEN,0.3991272475062371
2024-09-07,SEN,0.3972179686481945
2024-09-08,SEN,0.41899529882117487
2024-09-09,SEN,0.41899529882117487
2024-09-10,SEN,0.3999713389936603
2024-09-11,SEN,0.42392660115205266
2024-09-12,SEN,0.4154271581520169
2024-09-13,SEN,0.40130666692831235
2024-09-14,SEN,0.40130666692831235
2024-09-15,SEN,0.3869570239653783
2024-09-16,SEN,0.3869570239653783
2024-09-17,SEN,0.3869570239653783
2024-09-18,SEN,0.38618915334793513
2024-09-19,SEN,0.37113051365825983
2024-09-20,SEN,0.3869570239653783
2024-09-21,SEN,0.3684980274504798
2024-09-22,SEN,0.3869570239653783
2024-09-23,SEN,0.3869570239653783
2024-09-24,SEN,0.3869570239653783
2024-09-25,SEN,0.41620759450042477
2024-09-26,SEN,0.41620759450042477
2024-09-27,SEN,0.419740932365771
2024-09-28,SEN,0.3930632888015465
2024-09-29,SEN,0.4147695729726016
2024-09-30,SEN,0.4147695729726016
2024-10-01,SEN,0.4063242283433975
2024-10-02,SEN,0.3805732762153597
2024-10-03,SEN,0.406391832783636
2024-10-04,SEN,0.3849706369643354
2024-10-05,SEN,0.406391832783636
2024-10-06,SEN,0.406391832783636
2024-10-07,SEN,0.406391832783636
2024-10-08,SEN,0.3901347040803361
2024-10-09,SEN,0.43620575264233263
2024-10-10,SEN,0.4267278193178971
2024-10-11,SEN,0.4227422627645164
2024-10-12,SEN,0.41047074861867217
2024-10-13,SEN,0.38644619626349236
2024-10-14,SEN,0.406391832783636
2024-10-15,SEN,0.3913050638179368
2024-10-16,SEN,0.41980919056116994
2024-10-17,SEN,0.41980919056116994
2024-10-18,SEN,0.41980919056116994
2024-10-19,SEN,0.41980919056116994
2024-10-20,SEN,0.41980919056116994
2024-10-21,SEN,0.41980919056116994
2024-10-22,SEN,0.41980919056116994
2024-10-23,SEN,0.41980919056116994
2024-10-24,SEN,0.41980919056116994
2024-10-25,SEN,0.41980919056116994
2024-10-26,SEN,0.4148376006957875
2024-10-27,SEN,0.4148376006957875
2024-10-28,SEN,0.4148376006957875
2024-10-29,SEN,0.406391832783636
2024-10-30,SEN,0.4148376006957875
2024-10-31,SEN,0.4148376006957875
2024-11-01,SEN,0.39402267847936
2024-11-02,SEN,0.41574565210769365
2024-11-03,SEN,0.41574565210769365
2024-11-04,SEN,0.41574565210769365
2024-11-05,SEN,0.4117889885471566
2024-11-06,SEN,0.3962363774197491
2024-11-07,SEN,0.4236838565087226
2024-11-08,SEN,0.4046292469064161
2024-11-09,SEN,0.4325313882077565
2024-11-10,SEN,0.4325313882077565
2024-11-11,SEN,0.4325313882077565
2024-11-12,SEN,0.4325313882077565
2024-11-13,SEN,0.4325313882077565
2024-11-14,SEN,0.4778097747346148
2024-11-15,SEN,0.4778097747346148
2024-11-16,SEN,0.3653595918218944
2024-11-17,SEN,0.38651025192911515
2024-11-18,SEN,0.30119648156104506
2024-11-19,SEN,0.2939582433861884
2024-11-20,SEN,0.29735507484184304
2024-11-21,SEN,0.29735507484184304
2024-11-22,SEN,0.29735507484184304
2024-11-23,SEN,0.34471229543025883
2024-11-24,SEN,0.36266406158229636
2024-11-25,SEN,0.46614866415697614
2024-11-26,SEN,0.4574749440044076
2024-11-27,SEN,0.4574749440044076
2024-11-28,SEN,0.4574749440044076
2024-11-29,SEN,0.4692979228768699
2024-11-30,SEN,0.4692979228768699
2024-12-01,SEN,0.4692979228768699
2024-12-02,SEN,0.4692979228768699
2024-12-03,SEN,0.4574749440044076
2024-12-04,SEN,0.46614866415697614
2024-12-05,SEN,0.4574749440044076
2024-12-06,SEN,0.4574749440044076
2024-12-07,SEN,0.4692979228768699
2024-12-08,SEN,0.4692979228768699
2024-12-09,SEN,0.4692979228768699
2024-12-10,SEN,0.4280541629318596
2024-12-11,SEN,0.469206194916906
2024-12-12,SEN,0.44666441443600674
2024-12-13,SEN,0.45429879697266856
2024-12-14,SEN,0.4456615012395973
2024-12-15,SEN,0.4456615012395973
2024-12-16,SEN,0.4456615012395973
2024-12-17,SEN,0.42516897034250417
2024-12-18,SEN,0.40312509404588703
2024-12-19,SEN,0.42438215871392637
2024-12-20,SEN,0.446545495560511
2024-12-21,SEN,0.45954646276551864
2024-12-22,SEN,0.45954646276551864
2024-12-23,SEN,0.45954646276551864
2024-12-24,SEN,0.46035079971985565
2024-12-25,SEN,0.468801205428546
2024-12-26,SEN,0.45697996489590803
2024-12-27,SEN,0.465652355276118
2024-12-28,SEN,0.4347055091787258
2024-12-29,SEN,0.45697996489590803
2024-12-30,SEN,0.45697996489590803
2024-12-31,SEN,0.42223143631757915
2025-01-01,SEN,0.44436916236789686
2025-01-02,SEN,0.44436916236789686
2025-01-03,SEN,0.44436916236789686
2025-01-04,SEN,0.465652355276118
2025-01-05,SEN,0.465652355276118
2025-01-06,SEN,0.465652355276118
2025-01-07,SEN,0.465652355276118
2025-01-08,SEN,0.43076750708142447
2025-01-09,SEN,0.4530018794193166
2025-01-10,SEN,0.4648467343460516
2025-01-11,SEN,0.3361497680941944
2025-01-12,SEN,0.3603105573252639
2025-01-13,SEN,0.3603105573252639
2025-01-14,SEN,0.35655950055409685
2025-01-15,SEN,0.3603105573252639
2025-01-16,SEN,0.3502521702175963
2025-01-17,SEN,0.3539733760458461
2025-01-18,SEN,0.37213354473395016
2025-01-19,SEN,0.37213354473395016
2025-01-20,SEN,0.37213354473395016
2025-01-21,SEN,0.37213354473395016
2025-01-22,SEN,0.37213354473395016
2025-01-23,SEN,0.37213354473395016
2025-01-24,SEN,0.3640163506190514
2025-01-25,SEN,0.37213354473395016
2025-01-26,SEN,0.37213354473395016
2025-01-27,SEN,0.37213354473395016
2025-01-28,SEN,0.3284080703499691
2025-01-29,SEN,0.34933024459819495
2025-01-30,SEN,0.34933024459819495
2025-01-31,SEN,0.3573039389779003
2025-02-01,SEN,0.4687094888095861
2025-02-02,SEN,0.4687094888095861
2025-02-03,SEN,0.4687094888095861
2025-02-04,SEN,0.4455331690064466
2025-02-05,SEN,0.46790321019433956
2025-02-06,SEN,0.465652355276118
2025-02-07,SEN,0.465652355276118
2025-02-08,SEN,0.3907171376686937
2025-02-09,SEN,0.3907171376686937
2025-02-10,SEN,0.3907171376686937
2025-02-11,SEN,0.37218766995995084
2025-02-12,SEN,0.3907171376686937
2025-02-13,SEN,0.37105992178992786
2025-02-14,SEN,0.37105992178992786
2025-02-15,SEN,0.34494194747892415
2025-02-16,SEN,0.34494194747892415
2025-02-17,SEN,0.34494194747892415
2025-02-18,SEN,0.35576375926302534
2025-02-19,SEN,0.3274167591116756
2025-02-20,SEN,0.3640163506190514
2025-02-21,SEN,0.35929631743814655
2025-02-22,SEN,0.43746360049708893
2025-02-23,SEN,0.46790321019433956
2025-02-24,SEN,0.46790321019433956
2025-02-25,SEN,0.46790321019433956
2025-02-26,SEN,0.4406657645056629
2025-02-27,SEN,0.37616919224690626
2025-02-28,SEN,0.37322061574793564
2025-03-01,SEN,0.394543439515351
2025-03-02,SEN,0.394543439515351
2025-03-03,SEN,0.394543439515351
2025-03-04,SEN,0.3695710097506132
2025-03-05,SEN,0.3956469166323015
2025-03-06,SEN,0.3956469166323015
2025-03-07,SEN,0.3578626495124794
2025-03-08,SEN,0.37883837980145607
2025-03-09,SEN,0.37883837980145607
2025-03-10,SEN,0.3986464799847217
2025-03-11,SEN,0.39402267847936
2025-03-12,SEN,0.41574565210769365
2025-03-13,SEN,0.4242468822617757
2025-03-14,SEN,0.4189931541765227
2025-03-15,SEN,0.40402136551328083
2025-03-16,SEN,0.40402136551328083
2025-03-17,SEN,0.40402136551328083
2025-03-18,SEN,0.39964838402514735
2025-03-19,SEN,0.3988445967108316
2025-03-20,SEN,0.39964838402514735
2025-03-21,SEN,0.39964838402514735
2025-03-22,SEN,0.39964838402514735
2025-03-23,SEN,0.39047480298932025
2025-03-24,SEN,0.39047480298932025
2025-03-25,SEN,0.38220107334762293
2025-03-26,SEN,0.4121176533421614
2025-03-27,SEN,0.38968715691396794
2025-03-28,SEN,0.39245594763458913
2024-07-01,CIV,0.4808489432300998
2024-07-02,CIV,0.4808489432300998
2024-07-03,CIV,0.4808489432300998
2024-07-04,CIV,0.190630203835228
2024-07-05,CIV,0.190630203835228
2024-07-06,CIV,0.1831490522816597
2024-07-07,CIV,0.1947243996977251
2024-07-08,CIV,0.1947243996977251
2024-07-09,CIV,0.19861530113631382
2024-07-10,CIV,0.20850497025106807
2024-07-11,CIV,0.45095876545781055
2024-07-12,CIV,0.46610530098841435
2024-07-13,CIV,0.45095876545781055
2024-07-14,CIV,0.45095876545781055
2024-07-15,CIV,0.45095876545781055
2024-07-16,CIV,0.46610530098841435
2024-07-17,CIV,0.4674944223673166
2024-07-18,CIV,0.4720607038354761
2024-07-19,CIV,0.4720607038354761
2024-07-20,CIV,0.23255343279036605
2024-07-21,CIV,0.25441237511180453
2024-07-22,CIV,0.2680596930439314
2024-07-23,CIV,0.2680596930439314
2024-07-24,CIV,0.2758546212626423
2024-07-25,CIV,0.2680596930439314
2024-07-26,CIV,0.25558621693783834
2024-07-27,CIV,0.5449089191840732
2024-07-28,CIV,0.5449089191840732
2024-07-29,CIV,0.5449089191840732
2024-07-30,CIV,0.5228049585131452
2024-07-31,CIV,0.5228049585131452
2024-08-01,CIV,0.5449089191840732
2024-08-02,CIV,0.5228049585131452
2024-08-03,CIV,0.5237983224382178
2024-08-04,CIV,0.5237983224382178
2024-08-05,CIV,0.5237983224382178
2024-08-06,CIV,0.5237983224382178
2024-08-07,CIV,0.5237983224382178
2024-08-08,CIV,0.5237983224382178
2024-08-09,CIV,0.5237983224382178
2024-08-10,CIV,0.5237983224382178
2024-08-11,CIV,0.5237983224382178
2024-08-12,CIV,0.5237983224382178
2024-08-13,CIV,0.5458962365660182
2024-08-14,CIV,0.5458962365660182
2024-08-15,CIV,0.5237983224382178
2024-08-16,CIV,0.4927533855039782
2024-08-17,CIV,0.47389005594447087
2024-08-18,CIV,0.47389005594447087
2024-08-19,CIV,0.4628540650563406
2024-08-20,CIV,0.46145934273505645
2024-08-21,CIV,0.44052556678559396
2024-08-22,CIV,0.4628540650563406
2024-08-23,CIV,0.4034961928343372
2024-08-24,CIV,0.48168029679114416
2024-08-25,CIV,0.48168029679114416
2024-08-26,CIV,0.48168029679114416
2024-08-27,CIV,0.43125480764209956
2024-08-28,CIV,0.47517013523683693
2024-08-29,CIV,0.3427355582964211
2024-08-30,CIV,0.3775535181585649
2024-08-31,CIV,0.4013277951049708
2024-09-01,CIV,0.4013277951049708
2024-09-02,CIV,0.4013277951049708
2024-09-03,CIV,0.4013277951049708
2024-09-04,CIV,0.34851793393662295
2024-09-05,CIV,0.43550642113901195
2024-09-06,CIV,0.43550642113901195
2024-09-07,CIV,0.4269780900261074
2024-09-08,CIV,0.44917120821371764
2024-09-09,CIV,0.46466057964486057
2024-09-10,CIV,0.48482940885329917
2024-09-11,CIV,0.48482940885329917
2024-09-12,CIV,0.5024999733283716
2024-09-13,CIV,0.5024999733283716
2024-09-14,CIV,0.5024999733283716
2024-09-15,CIV,0.5024999733283716
2024-09-16,CIV,0.5024999733283716
2024-09-17,CIV,0.5024999733283716
2024-09-18,CIV,0.4603618493905471
2024-09-19,CIV,0.4603618493905471
2024-09-20,CIV,0.4603618493905471
2024-09-21,CIV,0.4603618493905471
2024-09-22,CIV,0.4603618493905471
2024-09-23,CIV,0.4603618493905471
2024-09-24,CIV,0.500533556326972
2024-09-25,CIV,0.500533556326972
2024-09-26,CIV,0.23362657859818128
2024-09-27,CIV,0.21304323684615661
2024-09-28,CIV,0.19887164125496015
2024-09-29,CIV,0.21362859358976283
2024-09-30,CIV,0.21362859358976283
2024-10-01,CIV,0.21362859358976283
2024-10-02,CIV,0.19887164125496015
2024-10-03,CIV,0.47052877758682266
2024-10-04,CIV,0.4618757717031157
2024-10-05,CIV,0.48434957941717477
2024-10-06,CIV,0.20434121731252947
2024-10-07,CIV,0.2340545612565321
2024-10-08,CIV,0.2340545612565321
2024-10-09,CIV,0.2411864901463967
2024-10-10,CIV,0.21330312938749063
2024-10-11,CIV,0.21330312938749063
2024-10-12,CIV,0.21330312938749063
2024-10-13,CIV,0.5555168277994035
2024-10-14,CIV,0.5555168277994035
2024-10-15,CIV,0.5555168277994035
2024-10-16,CIV,0.5555168277994035
2024-10-17,CIV,0.5555168277994035
2024-10-18,CIV,0.5555168277994035
2024-10-19,CIV,0.5709375979264183
2024-10-20,CIV,0.5754224479813808
2024-10-21,CIV,0.5600386553462422
2024-10-22,CIV,0.5600386553462422
2024-10-23,CIV,0.5600386553462422
2024-10-24,CIV,0.5600386553462422
2024-10-25,CIV,0.5600386553462422
2024-10-26,CIV,0.4720607038354761
2024-10-27,CIV,0.4720607038354761
2024-10-28,CIV,0.5471291055896831
2024-10-29,CIV,0.5471291055896831
2024-10-30,CIV,0.4720607038354761
2024-10-31,CIV,0.4720607038354761
2024-11-01,CIV,0.4720607038354761
2024-11-02,CIV,0.4720607038354761
2024-11-03,CIV,0.4720607038354761
2024-11-04,CIV,0.4720607038354761
2024-11-05,CIV,0.4784557554334291
2024-11-06,CIV,0.48252750905891073
2024-11-07,CIV,0.42776106204509173
2024-11-08,CIV,0.42624924939385517
2024-11-09,CIV,0.3213686456086448
2024-11-10,CIV,0.29604107191507395
2024-11-11,CIV,0.33698431894506675
2024-11-12,CIV,0.3383662433578387
2024-11-13,CIV,0.3383662433578387
2024-11-14,CIV,0.29733039001976275
2024-11-15,CIV,0.26686365459814887
2024-11-16,CIV,0.5208837566122372
2024-11-17,CIV,0.5208837566122372
2024-11-18,CIV,0.5208837566122372
2024-11-19,CIV,0.5193415204505638
2024-11-20,CIV,0.5193415204505638
2024-11-21,CIV,0.5193415204505638
2024-11-22,CIV,0.5193415204505638
2024-11-23,CIV,0.5471291055896831
2024-11-24,CIV,0.5471291055896831
2024-11-25,CIV,0.5471291055896831
2024-11-26,CIV,0.5471291055896831
2024-11-27,CIV,0.5471291055896831
2024-11-28,CIV,0.5471291055896831
2024-11-29,CIV,0.5471291055896831
2024-11-30,CIV,0.5239159707481038
2024-12-01,CIV,0.5239159707481038
2024-12-02,CIV,0.5239159707481038
2024-12-03,CIV,0.5239159707481038
2024-12-04,CIV,0.5239159707481038
2024-12-05,CIV,0.5239159707481038
2024-12-06,CIV,0.5239159707481038
2024-12-07,CIV,0.5471291055896831
2024-12-08,CIV,0.5471291055896831
2024-12-09,CIV,0.21984606384906336
2024-12-10,CIV,0.2115179931212853
2024-12-11,CIV,0.2115179931212853
2024-12-12,CIV,0.2115179931212853
2024-12-13,CIV,0.2115179931212853
2024-12-14,CIV,0.2115179931212853
2024-12-15,CIV,0.2115179931212853
2024-12-16,CIV,0.5155724185435647
2024-12-17,CIV,0.5155724185435647
2024-12-18,CIV,0.5155724185435647
2024-12-19,CIV,0.5155724185435647
2024-12-20,CIV,0.5155724185435647
2024-12-21,CIV,0.5155724185435647
2024-12-22,CIV,0.5155724185435647
2024-12-23,CIV,0.5201495964780029
2024-12-24,CIV,0.5201495964780029
2024-12-25,CIV,0.5201495964780029
2024-12-26,CIV,0.5201495964780029
2024-12-27,CIV,0.5201495964780029
2024-12-28,CIV,0.5201495964780029
2024-12-29,CIV,0.5201495964780029
2024-12-30,CIV,0.46520034148702
2024-12-31,CIV,0.48136231546352376
2025-01-01,CIV,0.46520034148702
2025-01-02,CIV,0.46520034148702
2025-01-03,CIV,0.46520034148702
2025-01-04,CIV,0.454129694384715
2025-01-05,CIV,0.454129694384715
2025-01-06,CIV,0.22398686649412383
2025-01-07,CIV,0.23266101001946632
2025-01-08,CIV,0.18084651049958508
2025-01-09,CIV,0.19459081643656873
2025-01-10,CIV,0.2024235159228493
2025-01-11,CIV,0.18700221310208076
2025-01-12,CIV,0.20109950012796785
2025-01-13,CIV,0.4278087235467819
2025-01-14,CIV,0.42379022537152883
2025-01-15,CIV,0.42379022537152883
2025-01-16,CIV,0.4278087235467819
2025-01-17,CIV,0.4278087235467819
2025-01-18,CIV,0.4129441182023051
2025-01-19,CIV,0.4264357667522838
2025-01-20,CIV,0.4346817896708337
2025-01-21,CIV,0.44972943663652837
2025-01-22,CIV,0.4483412527569601
2025-01-23,CIV,0.44972943663652837
2025-01-24,CIV,0.4346817896708337
2025-01-25,CIV,0.44566540749014344
2025-01-26,CIV,0.44566540749014344
2025-01-27,CIV,0.44566540749014344
2025-01-28,CIV,0.5202673206232967
2025-01-29,CIV,0.5202673206232967
2025-01-30,CIV,0.5202673206232967
2025-01-31,CIV,0.5202673206232967
2025-02-01,CIV,0.5202673206232967
2025-02-02,CIV,0.5202673206232967
2025-02-03,CIV,0.5202673206232967
2025-02-04,CIV,0.5201495964780029
2025-02-05,CIV,0.4457232647152396
2025-02-06,CIV,0.4457232647152396
2025-02-07,CIV,0.43070474353369254
2025-02-08,CIV,0.4457232647152396
2025-02-09,CIV,0.4457232647152396
2025-02-10,CIV,0.4457232647152396
2025-02-11,CIV,0.46325018320347605
2025-02-12,CIV,0.46325018320347605
2025-02-13,CIV,0.4618552935740365
2025-02-14,CIV,0.4638108630524616
2025-02-15,CIV,0.4808489432300998
2025-02-16,CIV,0.4808489432300998
2025-02-17,CIV,0.4808489432300998
2025-02-18,CIV,0.4808489432300998
2025-02-19,CIV,0.4808489432300998
2025-02-20,CIV,0.4808489432300998
2025-02-21,CIV,0.4808489432300998
2025-02-22,CIV,0.44435883404253307
2025-02-23,CIV,0.22550939721566418
2025-02-24,CIV,0.22550939721566418
2025-02-25,CIV,0.20695511020787688
2025-02-26,CIV,0.20695511020787688
2025-02-27,CIV,0.19531992736652762
2025-02-28,CIV,0.19838115649105642
2025-03-01,CIV,0.21129082499162807
2025-03-02,CIV,0.44580567653346875
2025-03-03,CIV,0.44580567653346875
2025-03-04,CIV,0.410184400184455
2025-03-05,CIV,0.4321629468296025
2025-03-06,CIV,0.4321629468296025
2025-03-07,CIV,0.410184400184455
2025-03-08,CIV,0.44719237372113324
2025-03-09,CIV,0.469291699768029
2025-03-10,CIV,0.469291699768029
2025-03-11,CIV,0.43188367256187415
2025-03-12,CIV,0.46789447648741134
2025-03-13,CIV,0.46789447648741134
2025-03-14,CIV,0.469291699768029
2025-03-15,CIV,0.469291699768029
2025-03-16,CIV,0.469291699768029
2025-03-17,CIV,0.469291699768029
2025-03-18,CIV,0.469291699768029
2025-03-19,CIV,0.46789447648741134
2025-03-20,CIV,0.46789447648741134
2025-03-21,CIV,0.46789447648741134
2025-03-22,CIV,0.13010325698456815
2025-03-23,CIV,0.13010325698456815
2025-03-24,CIV,0.13010325698456815
2025-03-25,CIV,0.13045910766725988
2025-03-26,CIV,0.13045910766725988
2025-03-27,CIV,0.10749051326546209
2025-03-28,CIV,0.11645233341364324
2024-07-01,SLE,0.22964394924004938
2024-07-02,SLE,0.22964394924004938
2024-07-03,SLE,0.22964394924004938
2024-07-04,SLE,0.20522088524112936
2024-07-05,SLE,0.2470491215766993
2024-07-06,SLE,0.2327304771719916
2024-07-07,SLE,0.2470491215766993
2024-07-08,SLE,0.2470491215766993
2024-07-09,SLE,0.23587608006469116
2024-07-10,SLE,0.23533582320345042
2024-07-11,SLE,0.2688147334920036
2024-07-12,SLE,0.2880785279895521
2024-07-13,SLE,0.23587608006469116
2024-07-14,SLE,0.23587608006469116
2024-07-15,SLE,0.23587608006469116
2024-07-16,SLE,0.2880785279895521
2024-07-17,SLE,0.2880785279895521
2024-07-18,SLE,0.2698405067175472
2024-07-19,SLE,0.2120989026758807
2024-07-20,SLE,0.31367898317938225
2024-07-21,SLE,0.31367898317938225
2024-07-22,SLE,0.33627259856764463
2024-07-23,SLE,0.31367898317938225
2024-07-24,SLE,0.36714226762046936
2024-07-25,SLE,0.31645299081714795
2024-07-26,SLE,0.33627259856764463
2024-07-27,SLE,0.31830701258617145
2024-07-28,SLE,0.33558788830453623
2024-07-29,SLE,0.33558788830453623
2024-07-30,SLE,0.33833178084519383
2024-07-31,SLE,0.3403895918382563
2024-08-01,SLE,0.33558788830453623
2024-08-02,SLE,0.35460196683688106
2024-08-03,SLE,0.3691541344281967
2024-08-04,SLE,0.37073857732266247
2024-08-05,SLE,0.390389336357537
2024-08-06,SLE,0.3243946653698705
2024-08-07,SLE,0.33662380967163597
2024-08-08,SLE,0.34860829443619173
2024-08-09,SLE,0.33110907576276133
2024-08-10,SLE,0.3158361006775076
2024-08-11,SLE,0.3158361006775076
2024-08-12,SLE,0.3158361006775076
2024-08-13,SLE,0.33688660247772173
2024-08-14,SLE,0.3533682249440139
2024-08-15,SLE,0.34644058528968796
2024-08-16,SLE,0.3524912659041696
2024-08-17,SLE,0.34480904484099384
2024-08-18,SLE,0.3579216350591996
2024-08-19,SLE,0.3579216350591996
2024-08-20,SLE,0.34598937657917717
2024-08-21,SLE,0.3293091352362978
2024-08-22,SLE,0.3495222087227104
2024-08-23,SLE,0.28136496968423497
2024-08-24,SLE,0.299503314737365
2024-08-25,SLE,0.26975136084807166
2024-08-26,SLE,0.26975136084807166
2024-08-27,SLE,0.2882296596575685
2024-08-28,SLE,0.3048756232905994
2024-08-29,SLE,0.2679498792415113
2024-08-30,SLE,0.2575002619595832
2024-08-31,SLE,0.29195800574761455
2024-09-01,SLE,0.29195800574761455
2024-09-02,SLE,0.32580742597827517
2024-09-03,SLE,0.33633715742724707
2024-09-04,SLE,0.3223255125819274
2024-09-05,SLE,0.2928104163438513
2024-09-06,SLE,0.29508627046433555
2024-09-07,SLE,0.28351056687580506
2024-09-08,SLE,0.3021790636309865
2024-09-09,SLE,0.3021790636309865
2024-09-10,SLE,0.288932394753324
2024-09-11,SLE,0.33934559325157215
2024-09-12,SLE,0.33156590907609224
2024-09-13,SLE,0.30034950784312175
2024-09-14,SLE,0.3011229840643307
2024-09-15,SLE,0.3179060048054675
2024-09-16,SLE,0.3179060048054675
2024-09-17,SLE,0.3407712510400889
2024-09-18,SLE,0.28629020636604025
2024-09-19,SLE,0.2733919246198675
2024-09-20,SLE,0.2662248786999617
2024-09-21,SLE,0.2511655682953695
2024-09-22,SLE,0.2662248786999617
2024-09-23,SLE,0.2662248786999617
2024-09-24,SLE,0.3180200923476271
2024-09-25,SLE,0.3180200923476271
2024-09-26,SLE,0.3180200923476271
2024-09-27,SLE,0.3391584123856716
2024-09-28,SLE,0.31392165162015256
2024-09-29,SLE,0.25428709343645695
2024-09-30,SLE,0.25750159953464
2024-10-01,SLE,0.2324934494631701
2024-10-02,SLE,0.21567741916135916
2024-10-03,SLE,0.22983093768395474
2024-10-04,SLE,0.228549882175876
2024-10-05,SLE,0.2531708943516108
2024-10-06,SLE,0.31507322822685097
2024-10-07,SLE,0.31144148597599375
2024-10-08,SLE,0.3097921768294037
2024-10-09,SLE,0.4077395576531505
2024-10-10,SLE,0.3879121759735102
2024-10-11,SLE,0.4135620122387691
2024-10-12,SLE,0.3706473428842538
2024-10-13,SLE,0.3706473428842538
2024-10-14,SLE,0.36671799298818664
2024-10-15,SLE,0.37359561288754045
2024-10-16,SLE,0.43136815607668094
2024-10-17,SLE,0.4152014962896413
2024-10-18,SLE,0.4152014962896413
2024-10-19,SLE,0.41596940022071
2024-10-20,SLE,0.41596940022071
2024-10-21,SLE,0.41596940022071
2024-10-22,SLE,0.41596940022071
2024-10-23,SLE,0.33344705864533875
2024-10-24,SLE,0.33344705864533875
2024-10-25,SLE,0.33344705864533875
2024-10-26,SLE,0.3240727161438494
2024-10-27,SLE,0.3240727161438494
2024-10-28,SLE,0.39416148827372616
2024-10-29,SLE,0.3958062408468755
2024-10-30,SLE,0.404181806697198
2024-10-31,SLE,0.42061774848119116
2024-11-01,SLE,0.2730099652920007
2024-11-02,SLE,0.3345787907164282
2024-11-03,SLE,0.4461610991274721
2024-11-04,SLE,0.3725112366816414
2024-11-05,SLE,0.35173672761971864
2024-11-06,SLE,0.27750960449679046
2024-11-07,SLE,0.25467425447358116
2024-11-08,SLE,0.3000382826800529
2024-11-09,SLE,0.4121659431268903
2024-11-10,SLE,0.4121659431268903
2024-11-11,SLE,0.4121659431268903
2024-11-12,SLE,0.4238496955052289
2024-11-13,SLE,0.4238496955052289
2024-11-14,SLE,0.4238496955052289
2024-11-15,SLE,0.4238496955052289
2024-11-16,SLE,0.3120706019245084
2024-11-17,SLE,0.31385677910007675
2024-11-18,SLE,0.31385677910007675
2024-11-19,SLE,0.27411355016510774
2024-11-20,SLE,0.3014914780121872
2024-11-21,SLE,0.27703384292026717
2024-11-22,SLE,0.27703384292026717
2024-11-23,SLE,0.33181032248776693
2024-11-24,SLE,0.3261123391284108
2024-11-25,SLE,0.3679688582450558
2024-11-26,SLE,0.40402309343710613
2024-11-27,SLE,0.3754286330928899
2024-11-28,SLE,0.3625307454908195
2024-11-29,SLE,0.3848958945809554
2024-11-30,SLE,0.3848958945809554
2024-12-01,SLE,0.3809069142435306
2024-12-02,SLE,0.3809069142435306
2024-12-03,SLE,0.358032389491762
2024-12-04,SLE,0.1008807771354594
2024-12-05,SLE,0.1008807771354594
2024-12-06,SLE,0.09638269231833194
2024-12-07,SLE,0.08341794966528154
2024-12-08,SLE,0.08457910061430719
2024-12-09,SLE,0.09020376876513701
2024-12-10,SLE,0.08371723615534782
2024-12-11,SLE,0.1632248026203121
2024-12-12,SLE,0.15119580196251792
2024-12-13,SLE,0.1551964753970422
2024-12-14,SLE,0.3645991043309933
2024-12-15,SLE,0.3645991043309933
2024-12-16,SLE,0.3645991043309933
2024-12-17,SLE,0.4075993413446193
2024-12-18,SLE,0.4162440976856459
2024-12-19,SLE,0.4180713919340575
2024-12-20,SLE,0.4180713919340575
2024-12-21,SLE,0.4308887699274136
2024-12-22,SLE,0.4308887699274136
2024-12-23,SLE,0.4308887699274136
2024-12-24,SLE,0.4308887699274136
2024-12-25,SLE,0.43923854746596314
2024-12-26,SLE,0.4275627428228528
2024-12-27,SLE,0.440281236269017
2024-12-28,SLE,0.4275627428228528
2024-12-29,SLE,0.4275627428228528
2024-12-30,SLE,0.4275627428228528
2024-12-31,SLE,0.4159295420828935
2025-01-01,SLE,0.4159295420828935
2025-01-02,SLE,0.4159295420828935
2025-01-03,SLE,0.33385100528406425
2025-01-04,SLE,0.33662806759065783
2025-01-05,SLE,0.33662806759065783
2025-01-06,SLE,0.3044771219268703
2025-01-07,SLE,0.2469443734353118
2025-01-08,SLE,0.25873740259924954
2025-01-09,SLE,0.3097368774683221
2025-01-10,SLE,0.32002736412198385
2025-01-11,SLE,0.2561119200989888
2025-01-12,SLE,0.26478491191212217
2025-01-13,SLE,0.26478491191212217
2025-01-14,SLE,0.2623967148561828
2025-01-15,SLE,0.24219439209164562
2025-01-16,SLE,0.2541344331622085
2025-01-17,SLE,0.2541344331622085
2025-01-18,SLE,0.27275894504033105
2025-01-19,SLE,0.28923568464149985
2025-01-20,SLE,0.27275894504033105
2025-01-21,SLE,0.30127155045823145
2025-01-22,SLE,0.30127155045823145
2025-01-23,SLE,0.30127155045823145
2025-01-24,SLE,0.28554581292741615
2025-01-25,SLE,0.2816897996889795
2025-01-26,SLE,0.2984846055302071
2025-01-27,SLE,0.2984846055302071
2025-01-28,SLE,0.24505242102725497
2025-01-29,SLE,0.2781946883567732
2025-01-30,SLE,0.2781946883567732
2025-01-31,SLE,0.28797064617919543
2025-02-01,SLE,0.3628973323492664
2025-02-02,SLE,0.3628973323492664
2025-02-03,SLE,0.3628973323492664
2025-02-04,SLE,0.3496066812572908
2025-02-05,SLE,0.3997493819855964
2025-02-06,SLE,0.3968061024976917
2025-02-07,SLE,0.3639616490913107
2025-02-08,SLE,0.3218973101667552
2025-02-09,SLE,0.30616857444576184
2025-02-10,SLE,0.30616857444576184
2025-02-11,SLE,0.30499779791362364
2025-02-12,SLE,0.3218973101667552
2025-02-13,SLE,0.30872714707630733
2025-02-14,SLE,0.3218973101667552
2025-02-15,SLE,0.28500841880257316
2025-02-16,SLE,0.28500841880257316
2025-02-17,SLE,0.09624340605224323
2025-02-18,SLE,0.0935368245617546
2025-02-19,SLE,0.08962486888776763
2025-02-20,SLE,0.08034468654580637
2025-02-21,SLE,0.07236475311407961
2025-02-22,SLE,0.07559304660158148
2025-02-23,SLE,0.08214022671518961
2025-02-24,SLE,0.4137501264399195
2025-02-25,SLE,0.4137501264399195
2025-02-26,SLE,0.37299464004499594
2025-02-27,SLE,0.37269190159592885
2025-02-28,SLE,0.3697544262386355
2025-03-01,SLE,0.39100275666653017
2025-03-02,SLE,0.39503000184894704
2025-03-03,SLE,0.418578628162058
2025-03-04,SLE,0.3784696385710436
2025-03-05,SLE,0.41970272918076085
2025-03-06,SLE,0.41970272918076085
2025-03-07,SLE,0.40630398498060705
2025-03-08,SLE,0.44322494546738983
2025-03-09,SLE,0.4390629559703836
2025-03-10,SLE,0.44322494546738983
2025-03-11,SLE,0.39387630839923876
2025-03-12,SLE,0.4155967468018709
2025-03-13,SLE,0.42409714229756823
2025-03-14,SLE,0.4186922148019432
2025-03-15,SLE,0.4390629559703836
2025-03-16,SLE,0.4390629559703836
2025-03-17,SLE,0.4390629559703836
2025-03-18,SLE,0.4345872659010699
2025-03-19,SLE,0.40465080873946985
2025-03-20,SLE,0.4043504217395166
2025-03-21,SLE,0.4084229455756642
2025-03-22,SLE,0.4003980805082725
2025-03-23,SLE,0.4003980805082725
2025-03-24,SLE,0.4003980805082725
2025-03-25,SLE,0.39204932986535457
2025-03-26,SLE,0.35440631202304723
2025-03-27,SLE,0.33405584175873315
2025-03-28,SLE,0.37349541270679426
2024-07-01,TGO,0.1892247590237689
2024-07-02,TGO,0.1832481075089692
2024-07-03,TGO,0.1990422403265155
2024-07-04,TGO,0.15667107408796227
2024-07-05,TGO,0.2688525768783792
2024-07-06,TGO,0.21225669012586354
2024-07-07,TGO,0.2621471807878324
2024-07-08,TGO,0.2369304732263957
2024-07-09,TGO,0.44186135354357076
2024-07-10,TGO,0.42613898812729667
2024-07-11,TGO,0.42613898812729667
2024-07-12,TGO,0.42613898812729667
2024-07-13,TGO,0.44186135354357076
2024-07-14,TGO,0.45996134822836526
2024-07-15,TGO,0.45996134822836526
2024-07-16,TGO,0.45329475854923384
2024-07-17,TGO,0.45329475854923384
2024-07-18,TGO,0.45329475854923384
2024-07-19,TGO,0.4641112396187675
2024-07-20,TGO,0.47918231348224066
2024-07-21,TGO,0.47918231348224066
2024-07-22,TGO,0.47918231348224066
2024-07-23,TGO,0.47918231348224066
2024-07-24,TGO,0.47918231348224066
2024-07-25,TGO,0.48240618473325597
2024-07-26,TGO,0.3810603806139214
2024-07-27,TGO,0.07614204261071991
2024-07-28,TGO,0.08185443541251693
2024-07-29,TGO,0.08185443541251693
2024-07-30,TGO,0.0778334946366441
2024-07-31,TGO,0.0727807757081442
2024-08-01,TGO,0.09898089976937526
2024-08-02,TGO,0.06711976471509408
2024-08-03,TGO,0.23664445223282618
2024-08-04,TGO,0.24010803845474288
2024-08-05,TGO,0.2376012044764748
2024-08-06,TGO,0.193361881950721
2024-08-07,TGO,0.20417725862867592
2024-08-08,TGO,0.20503800400013522
2024-08-09,TGO,0.4099027370856105
2024-08-10,TGO,0.44151364245614655
2024-08-11,TGO,0.44151364245614655
2024-08-12,TGO,0.44151364245614655
2024-08-13,TGO,0.3108109195690687
2024-08-14,TGO,0.3278805734835294
2024-08-15,TGO,0.3173273678071423
2024-08-16,TGO,0.333241665853303
2024-08-17,TGO,0.2818330338907209
2024-08-18,TGO,0.2818330338907209
2024-08-19,TGO,0.2818330338907209
2024-08-20,TGO,0.4743058299781315
2024-08-21,TGO,0.4734337035128122
2024-08-22,TGO,0.4587156826637203
2024-08-23,TGO,0.44605826471336757
2024-08-24,TGO,0.3890828729938676
2024-08-25,TGO,0.4413544057803367
2024-08-26,TGO,0.3188530812635221
2024-08-27,TGO,0.3188530812635221
2024-08-28,TGO,0.33291346943470607
2024-08-29,TGO,0.4361032872471994
2024-08-30,TGO,0.4342960720950212
2024-08-31,TGO,0.46058681784624217
2024-09-01,TGO,0.4396655694521586
2024-09-02,TGO,0.4396655694521586
2024-09-03,TGO,0.4514112495412224
2024-09-04,TGO,0.4462018912346837
2024-09-05,TGO,0.4464784433947192
2024-09-06,TGO,0.4262633042291448
2024-09-07,TGO,0.4464784433947192
2024-09-08,TGO,0.4464784433947192
2024-09-09,TGO,0.4464784433947192
2024-09-10,TGO,0.42711901989712303
2024-09-11,TGO,0.451476823707004
2024-09-12,TGO,0.4012922413090588
2024-09-13,TGO,0.3900884483310594
2024-09-14,TGO,0.40889588104444696
2024-09-15,TGO,0.42878119399618664
2024-09-16,TGO,0.42800697162001045
2024-09-17,TGO,0.42800697162001045
2024-09-18,TGO,0.3466510022622037
2024-09-19,TGO,0.33229943430271375
2024-09-20,TGO,0.34992434893305335
2024-09-21,TGO,0.2603506900045588
2024-09-22,TGO,0.27477128231608156
2024-09-23,TGO,0.2603506900045588
2024-09-24,TGO,0.3285474232093913
2024-09-25,TGO,0.27960366789637076
2024-09-26,TGO,0.3449835559976419
2024-09-27,TGO,0.28933445763786986
2024-09-28,TGO,0.25127403052277314
2024-09-29,TGO,0.2849401562223162
2024-09-30,TGO,0.15862277805047162
2024-10-01,TGO,0.19602246118565325
2024-10-02,TGO,0.12821700736863817
2024-10-03,TGO,0.1506416031234153
2024-10-04,TGO,0.1272502072613139
2024-10-05,TGO,0.18731270843876488
2024-10-06,TGO,0.1648497715886964
2024-10-07,TGO,0.36211523005979596
2024-10-08,TGO,0.34233730179112815
2024-10-09,TGO,0.09956139267494835
2024-10-10,TGO,0.10152378294876839
2024-10-11,TGO,0.10152378294876839
2024-10-12,TGO,0.10345295135546792
2024-10-13,TGO,0.10152378294876839
2024-10-14,TGO,0.08137013764154519
2024-10-15,TGO,0.09484845504458594
2024-10-16,TGO,0.45471443300492587
2024-10-17,TGO,0.45471443300492587
2024-10-18,TGO,0.45471443300492587
2024-10-19,TGO,0.45471443300492587
2024-10-20,TGO,0.45471443300492587
2024-10-21,TGO,0.45471443300492587
2024-10-22,TGO,0.45471443300492587
2024-10-23,TGO,0.45471443300492587
2024-10-24,TGO,0.45471443300492587
2024-10-25,TGO,0.2877754173601014
2024-10-26,TGO,0.270257583825918
2024-10-27,TGO,0.270257583825918
2024-10-28,TGO,0.270257583825918
2024-10-29,TGO,0.27388538038525073
2024-10-30,TGO,0.21836395072685189
2024-10-31,TGO,0.2125118224341188
2024-11-01,TGO,0.21011610318389962
2024-11-02,TGO,0.20224408582204872
2024-11-03,TGO,0.20224408582204872
2024-11-04,TGO,0.20224408582204872
2024-11-05,TGO,0.20224408582204872
2024-11-06,TGO,0.1947329646425156
2024-11-07,TGO,0.23500799477436754
2024-11-08,TGO,0.4283995817459528
2024-11-09,TGO,0.48835101198496084
2024-11-10,TGO,0.48835101198496084
2024-11-11,TGO,0.4062415730785547
2024-11-12,TGO,0.40645625935986285
2024-11-13,TGO,0.40645625935986285
2024-11-14,TGO,0.40645625935986285
2024-11-15,TGO,0.39086250111432014
2024-11-16,TGO,0.2543919136732608
2024-11-17,TGO,0.25876138554246675
2024-11-18,TGO,0.26280445714324496
2024-11-19,TGO,0.25808612881340587
2024-11-20,TGO,0.2827980199043339
2024-11-21,TGO,0.21339932234931164
2024-11-22,TGO,0.21048569487737204
2024-11-23,TGO,0.38869943779597316
2024-11-24,TGO,0.4075173546699598
2024-11-25,TGO,0.40879498489739813
2024-11-26,TGO,0.3963902349212535
2024-11-27,TGO,0.3775980104655219
2024-11-28,TGO,0.410726628097727
2024-11-29,TGO,0.410726628097727
2024-11-30,TGO,0.4006246246124257
2024-12-01,TGO,0.4006246246124257
2024-12-02,TGO,0.4006246246124257
2024-12-03,TGO,0.4174431778884703
2024-12-04,TGO,0.4650548727154857
2024-12-05,TGO,0.4563841059010704
2024-12-06,TGO,0.47469426126890746
2024-12-07,TGO,0.4865631439027445
2024-12-08,TGO,0.4865631439027445
2024-12-09,TGO,0.4865631439027445
2024-12-10,TGO,0.4766971180860434
2024-12-11,TGO,0.49575330328812717
2024-12-12,TGO,0.4730728314161212
2024-12-13,TGO,0.48076641079164245
2024-12-14,TGO,0.4497138141046481
2024-12-15,TGO,0.4565750813214708
2024-12-16,TGO,0.43079172945744276
2024-12-17,TGO,0.45297284284035877
2024-12-18,TGO,0.4532936711176861
2024-12-19,TGO,0.4583612830143717
2024-12-20,TGO,0.4583612830143717
2024-12-21,TGO,0.45041085515887136
2024-12-22,TGO,0.45041085515887136
2024-12-23,TGO,0.45041085515887136
2024-12-24,TGO,0.447216057437402
2024-12-25,TGO,0.4556289241390406
2024-12-26,TGO,0.3872826137445065
2024-12-27,TGO,0.3753263376106094
2024-12-28,TGO,0.342777686156034
2024-12-29,TGO,0.436469218806978
2024-12-30,TGO,0.436469218806978
2024-12-31,TGO,0.40212535877356076
2025-01-01,TGO,0.39128855658144307
2025-01-02,TGO,0.39128855658144307
2025-01-03,TGO,0.34413417353237713
2025-01-04,TGO,0.3476862688783134
2025-01-05,TGO,0.3476862688783134
2025-01-06,TGO,0.3476862688783134
2025-01-07,TGO,0.3192174302827904
2025-01-08,TGO,0.3361758644796907
2025-01-09,TGO,0.3943194703555561
2025-01-10,TGO,0.40576815792659787
2025-01-11,TGO,0.28151557301081764
2025-01-12,TGO,0.3236875508367383
2025-01-13,TGO,0.3236875508367383
2025-01-14,TGO,0.30415518234166145
2025-01-15,TGO,0.30415518234166145
2025-01-16,TGO,0.31857109145072815
2025-01-17,TGO,0.31857109145072815
2025-01-18,TGO,0.3046283158686665
2025-01-19,TGO,0.17964756496210404
2025-01-20,TGO,0.17964756496210404
2025-01-21,TGO,0.22388982575333127
2025-01-22,TGO,0.2093611245435099
2025-01-23,TGO,0.19516268182929924
2025-01-24,TGO,0.1673707053100308
2025-01-25,TGO,0.17367493975800238
2025-01-26,TGO,0.1492303281698529
2025-01-27,TGO,0.1492303281698529
2025-01-28,TGO,0.1420981453502657
2025-01-29,TGO,0.12862564793796577
2025-01-30,TGO,0.12460312232630773
2025-01-31,TGO,0.12862564793796577
2025-02-01,TGO,0.1239673375427852
2025-02-02,TGO,0.4581854133153771
2025-02-03,TGO,0.4581854133153771
2025-02-04,TGO,0.4352457403104201
2025-02-05,TGO,0.4613931665330064
2025-02-06,TGO,0.45513811867203674
2025-02-07,TGO,0.45513811867203674
2025-02-08,TGO,0.4319205815675366
2025-02-09,TGO,0.4319205815675366
2025-02-10,TGO,0.4319205815675366
2025-02-11,TGO,0.4127608444153676
2025-02-12,TGO,0.4319205815675366
2025-02-13,TGO,0.42513995950900224
2025-02-14,TGO,0.42513995950900224
2025-02-15,TGO,0.41663378352936564
2025-02-16,TGO,0.41663378352936564
2025-02-17,TGO,0.41663378352936564
2025-02-18,TGO,0.35902381713459197
2025-02-19,TGO,0.3305503373607347
2025-02-20,TGO,0.348156430293279
2025-02-21,TGO,0.3337743767902062
2025-02-22,TGO,0.43073529178039727
2025-02-23,TGO,0.45983875555867737
2025-02-24,TGO,0.45983875555867737
2025-02-25,TGO,0.41733084692106265
2025-02-26,TGO,0.3702517581534473
2025-02-27,TGO,0.35793206523618415
2025-02-28,TGO,0.36702142426747214
2025-03-01,TGO,0.4208239666350628
2025-03-02,TGO,0.4208239666350628
2025-03-03,TGO,0.4140905657073319
2025-03-04,TGO,0.3429959369907551
2025-03-05,TGO,0.37055517932613263
2025-03-06,TGO,0.37055517932613263
2025-03-07,TGO,0.35775813517017485
2025-03-08,TGO,0.4120451914425485
2025-03-09,TGO,0.4120451914425485
2025-03-10,TGO,0.4120451914425485
2025-03-11,TGO,0.3497798212041872
2025-03-12,TGO,0.37055517932613263
2025-03-13,TGO,0.42720811216335386
2025-03-14,TGO,0.4410232751350753
2025-03-15,TGO,0.46161772004817536
2025-03-16,TGO,0.46161772004817536
2025-03-17,TGO,0.36315896700185446
2025-03-18,TGO,0.4310006559893869
2025-03-19,TGO,0.44180285658837776
2025-03-20,TGO,0.4234335263760066
2025-03-21,TGO,0.4234335263760066
2025-03-22,TGO,0.4194260004379009
2025-03-23,TGO,0.4374465694287358
2025-03-24,TGO,0.4194260004379009
2025-03-25,TGO,0.4288778648667792
2025-03-26,TGO,0.3907375507750275
2025-03-27,TGO,0.368740826534096
2025-03-28,TGO,0.4097557446983556
2024-07-01,COD,0.2909027907181434
2024-07-02,COD,0.33763498735775355
2024-07-03,COD,0.3534910405508416
2024-07-04,COD,0.15511735860860373
2024-07-05,COD,0.161830629881049
2024-07-06,COD,0.16718686118572954
2024-07-07,COD,0.1551847965226882
2024-07-08,COD,0.16718686118572954
2024-07-09,COD,0.16718686118572954
2024-07-10,COD,0.16718686118572954
2024-07-11,COD,0.4306476805641992
2024-07-12,COD,0.4183711912846057
2024-07-13,COD,0.43699308575536205
2024-07-14,COD,0.43699308575536205
2024-07-15,COD,0.42998398664590287
2024-07-16,COD,0.4666560998729629
2024-07-17,COD,0.4701383561397801
2024-07-18,COD,0.4071978613384933
2024-07-19,COD,0.4318396092720215
2024-07-20,COD,0.1063042781152316
2024-07-21,COD,0.09787380435699095
2024-07-22,COD,0.1063042781152316
2024-07-23,COD,0.11493558229599549
2024-07-24,COD,0.0720024295874699
2024-07-25,COD,0.08222691010442512
2024-07-26,COD,0.06433483268335746
2024-07-27,COD,0.2442596953532806
2024-07-28,COD,0.2376082181612699
2024-07-29,COD,0.22264941500056717
2024-07-30,COD,0.1574185080940727
2024-07-31,COD,0.06433483268335746
2024-08-01,COD,0.06433483268335746
2024-08-02,COD,0.0720024295874699
2024-08-03,COD,0.07878339917461821
2024-08-04,COD,0.07313586929648616
2024-08-05,COD,0.07313586929648616
2024-08-06,COD,0.07313586929648616
2024-08-07,COD,0.3264995190672113
2024-08-08,COD,0.3082888909031035
2024-08-09,COD,0.3264995190672113
2024-08-10,COD,0.3888670940936889
2024-08-11,COD,0.4299387853689189
2024-08-12,COD,0.45467367292784
2024-08-13,COD,0.42956590728763383
2024-08-14,COD,0.45467367292784
2024-08-15,COD,0.42428266489367633
2024-08-16,COD,0.44102091364054125
2024-08-17,COD,0.4079999501369453
2024-08-18,COD,0.39829754821259705
2024-08-19,COD,0.4079999501369453
2024-08-20,COD,0.4079999501369453
2024-08-21,COD,0.30050958041147685
2024-08-22,COD,0.31701815172069064
2024-08-23,COD,0.31701815172069064
2024-08-24,COD,0.2934907512034304
2024-08-25,COD,0.2934907512034304
2024-08-26,COD,0.2934907512034304
2024-08-27,COD,0.27944597034665386
2024-08-28,COD,0.38349889487092015
2024-08-29,COD,0.4163779479331701
2024-08-30,COD,0.40872364211060735
2024-08-31,COD,0.4538425273761893
2024-09-01,COD,0.43457100139144567
2024-09-02,COD,0.43457100139144567
2024-09-03,COD,0.4249637337760267
2024-09-04,COD,0.4496241542804788
2024-09-05,COD,0.42681034638236626
2024-09-06,COD,0.36104587465679
2024-09-07,COD,0.34546702285522163
2024-09-08,COD,0.32191187340162564
2024-09-09,COD,0.29219391839358133
2024-09-10,COD,0.3058391043216377
2024-09-11,COD,0.3861269631261861
2024-09-12,COD,0.4092670031099818
2024-09-13,COD,0.4092670031099818
2024-09-14,COD,0.4092670031099818
2024-09-15,COD,0.37449192620507343
2024-09-16,COD,0.3856389169117944
2024-09-17,COD,0.39288685229841797
2024-09-18,COD,0.39014900770347394
2024-09-19,COD,0.4141154565598779
2024-09-20,COD,0.3427807048787739
2024-09-21,COD,0.3583047313570453
2024-09-22,COD,0.3704491616533411
2024-09-23,COD,0.294228637998502
2024-09-24,COD,0.31801452802790253
2024-09-25,COD,0.35092940894699926
2024-09-26,COD,0.3047815879085821
2024-09-27,COD,0.32047208589586534
2024-09-28,COD,0.2951374895394188
2024-09-29,COD,0.23287603234772536
2024-09-30,COD,0.18029469378859903
2024-10-01,COD,0.2264416635025882
2024-10-02,COD,0.1584187703973976
2024-10-03,COD,0.2131018176608799
2024-10-04,COD,0.18105853114623535
2024-10-05,COD,0.19379523898818843
2024-10-06,COD,0.24124079135982746
2024-10-07,COD,0.3123423541340591
2024-10-08,COD,0.2931310657289813
2024-10-09,COD,0.4140023035360922
2024-10-10,COD,0.4140023035360922
2024-10-11,COD,0.44149619355286607
2024-10-12,COD,0.42629855519554555
2024-10-13,COD,0.43437609066282695
2024-10-14,COD,0.43621246914790696
2024-10-15,COD,0.22282078767731892
2024-10-16,COD,0.19885691868833
2024-10-17,COD,0.19885691868833
2024-10-18,COD,0.2007824295983933
2024-10-19,COD,0.2241225090445435
2024-10-20,COD,0.2208733585743734
2024-10-21,COD,0.22110747266127334
2024-10-22,COD,0.4472709956647461
2024-10-23,COD,0.49026901473146417
2024-10-24,COD,0.4834671860138864
2024-10-25,COD,0.3607705919489212
2024-10-26,COD,0.3682022541810236
2024-10-27,COD,0.33971357773052874
2024-10-28,COD,0.3682022541810236
2024-10-29,COD,0.36098154696346874
2024-10-30,COD,0.12314277299029974
2024-10-31,COD,0.12314277299029974
2024-11-01,COD,0.15644735630966877
2024-11-02,COD,0.11254425320057393
2024-11-03,COD,0.1265726615867798
2024-11-04,COD,0.1265726615867798
2024-11-05,COD,0.12236993388803584
2024-11-06,COD,0.4315398390886614
2024-11-07,COD,0.45348982458122156
2024-11-08,COD,0.43392161456244466
2024-11-09,COD,0.455112173984609
2024-11-10,COD,0.4518931966509467
2024-11-11,COD,0.4518931966509467
2024-11-12,COD,0.4511281400094273
2024-11-13,COD,0.47900819092228036
2024-11-14,COD,0.4937972511416005
2024-11-15,COD,0.4631135148950539
2024-11-16,COD,0.2928650036317596
2024-11-17,COD,0.2925834515361428
2024-11-18,COD,0.30142294341875053
2024-11-19,COD,0.27991286246897673
2024-11-20,COD,0.2648807416377766
2024-11-21,COD,0.2808945343029795
2024-11-22,COD,0.2553174714039122
2024-11-23,COD,0.2556289991711915
2024-11-24,COD,0.24469170812141255
2024-11-25,COD,0.24444045930895947
2024-11-26,COD,0.2784379416690636
2024-11-27,COD,0.2644182421761389
2024-11-28,COD,0.27700827159395086
2024-11-29,COD,0.29943555500510866
2024-11-30,COD,0.29062477814563004
2024-12-01,COD,0.3054569721366429
2024-12-02,COD,0.28832851077915694
2024-12-03,COD,0.30187017134345256
2024-12-04,COD,0.2448434369679348
2024-12-05,COD,0.27145815473245377
2024-12-06,COD,0.5371028078995378
2024-12-07,COD,0.5478526017706635
2024-12-08,COD,0.3532980524335829
2024-12-09,COD,0.2740605993926467
2024-12-10,COD,0.2636579486491537
2024-12-11,COD,0.26177418233452426
2024-12-12,COD,0.251052958855922
2024-12-13,COD,0.25875534312561627
2024-12-14,COD,0.2519635671030729
2024-12-15,COD,0.29916492712525544
2024-12-16,COD,0.3602805326282055
2024-12-17,COD,0.4008035227264955
2024-12-18,COD,0.35364357583560624
2024-12-19,COD,0.34122646647884536
2024-12-20,COD,0.3483721729605103
2024-12-21,COD,0.3732658817044061
2024-12-22,COD,0.3051991375826078
2024-12-23,COD,0.3791984683520063
2024-12-24,COD,0.3460695927779426
2024-12-25,COD,0.2989478452882388
2024-12-26,COD,0.3268499669713247
2024-12-27,COD,0.2848223958582327
2024-12-28,COD,0.23684739143675
2024-12-29,COD,0.27906171949165887
2024-12-30,COD,0.2272503819815508
2024-12-31,COD,0.2848400138742166
2025-01-01,COD,0.05690141754016826
2025-01-02,COD,0.05690141754016826
2025-01-03,COD,0.057321999751981996
2025-01-04,COD,0.06041490902496222
2025-01-05,COD,0.05312419631669366
2025-01-06,COD,0.05312419631669366
2025-01-07,COD,0.06267660405198214
2025-01-08,COD,0.34981379794149536
2025-01-09,COD,0.4479642378806595
2025-01-10,COD,0.44004396680202257
2025-01-11,COD,0.4200882914994069
2025-01-12,COD,0.42321276697410437
2025-01-13,COD,0.39436140874325926
2025-01-14,COD,0.4171481248715968
2025-01-15,COD,0.4197344731341507
2025-01-16,COD,0.4327647829605919
2025-01-17,COD,0.3319148127836485
2025-01-18,COD,0.3228045558262856
2025-01-19,COD,0.32797356275263095
2025-01-20,COD,0.32797356275263095
2025-01-21,COD,0.3130117833414137
2025-01-22,COD,0.05760739519022432
2025-01-23,COD,0.05760739519022432
2025-01-24,COD,0.07770710591911886
2025-01-25,COD,0.09907466125945703
2025-01-26,COD,0.09907466125945703
2025-01-27,COD,0.0763748539363036
2025-01-28,COD,0.09282076567917966
2025-01-29,COD,0.3253125500279348
2025-01-30,COD,0.24207859818634084
2025-01-31,COD,0.27893851725755753
2025-02-01,COD,0.04512073544439885
2025-02-02,COD,0.0563904891376424
2025-02-03,COD,0.09149442998098106
2025-02-04,COD,0.10003480286051482
2025-02-05,COD,0.12135849768740246
2025-02-06,COD,0.10522366275453128
2025-02-07,COD,0.12842709895640667
2025-02-08,COD,0.12842709895640667
2025-02-09,COD,0.12326782248314368
2025-02-10,COD,0.09813291730583258
2025-02-11,COD,0.10056904581445036
2025-02-12,COD,0.3110678007917864
2025-02-13,COD,0.48432840985595377
2025-02-14,COD,0.3232628458733716
2025-02-15,COD,0.308527087543825
2025-02-16,COD,0.3060807306834892
2025-02-17,COD,0.06648269855113266
2025-02-18,COD,0.09562792616539992
2025-02-19,COD,0.08771916930225411
2025-02-20,COD,0.08771916930225411
2025-02-21,COD,0.08771916930225411
2025-02-22,COD,0.08556469745790887
2025-02-23,COD,0.0753639238856493
2025-02-24,COD,0.0753639238856493
2025-02-25,COD,0.07091846575158192
2025-02-26,COD,0.07091846575158192
2025-02-27,COD,0.1675433206117632
2025-02-28,COD,0.1934653108986051
2025-03-01,COD,0.19532924421166226
2025-03-02,COD,0.30056817353879633
2025-03-03,COD,0.30056817353879633
2025-03-04,COD,0.1737028576173791
2025-03-05,COD,0.16413121227849498
2025-03-06,COD,0.16413121227849498
2025-03-07,COD,0.14107878638752908
2025-03-08,COD,0.20006158553673928
2025-03-09,COD,0.20594592675728302
2025-03-10,COD,0.15608919339702487
2025-03-11,COD,0.1930184967923474
2025-03-12,COD,0.1036530962580566
2025-03-13,COD,0.10451421995272578
2025-03-14,COD,0.10382990617796821
2025-03-15,COD,0.10262221490293323
2025-03-16,COD,0.10262221490293323
2025-03-17,COD,0.0766409026946308
2025-03-18,COD,0.0766409026946308
2025-03-19,COD,0.1750909420376367
2025-03-20,COD,0.1876664897308984
2025-03-21,COD,0.27353308707568447
2025-03-22,COD,0.32399903878861086
2025-03-23,COD,0.32399903878861086
2025-03-24,COD,0.3277444420422114
2025-03-25,COD,0.11469472110309663
2025-03-26,COD,0.07531353700554615
2025-03-27,COD,0.11350551301350849
2025-03-28,COD,0.08834904902325
2024-07-01,CAF,0.2787718023894254
2024-07-02,CAF,0.3058629290437647
2024-07-03,CAF,0.26860989189096734
2024-07-04,CAF,0.4013015456866149
2024-07-05,CAF,0.2662860265864193
2024-07-06,CAF,0.3429317957577876
2024-07-07,CAF,0.3429317957577876
2024-07-08,CAF,0.3145942285781943
2024-07-09,CAF,0.26516824605713285
2024-07-10,CAF,0.26516824605713285
2024-07-11,CAF,0.2827773275654897
2024-07-12,CAF,0.26516824605713285
2024-07-13,CAF,0.28883578347119304
2024-07-14,CAF,0.2358150941290353
2024-07-15,CAF,0.2472027158149397
2024-07-16,CAF,0.45154819171560534
2024-07-17,CAF,0.4801517340382961
2024-07-18,CAF,0.5081971031115817
2024-07-19,CAF,0.5142275846398139
2024-07-20,CAF,0.5554963012084656
2024-07-21,CAF,0.5554963012084656
2024-07-22,CAF,0.5554963012084656
2024-07-23,CAF,0.5554963012084656
2024-07-24,CAF,0.5204441934590269
2024-07-25,CAF,0.5204441934590269
2024-07-26,CAF,0.5204441934590269
2024-07-27,CAF,0.45922528103366406
2024-07-28,CAF,0.45922528103366406
2024-07-29,CAF,0.4577239385936815
2024-07-30,CAF,0.5170824018475728
2024-07-31,CAF,0.47873714777063625
2024-08-01,CAF,0.47873714777063625
2024-08-02,CAF,0.4772283093677017
2024-08-03,CAF,0.5538471226192692
2024-08-04,CAF,0.5538471226192692
2024-08-05,CAF,0.5538471226192692
2024-08-06,CAF,0.5548164398795545
2024-08-07,CAF,0.38275565474514683
2024-08-08,CAF,0.4229143172456383
2024-08-09,CAF,0.4229143172456383
2024-08-10,CAF,0.2788294521015196
2024-08-11,CAF,0.3119973503502009
2024-08-12,CAF,0.29334973497661637
2024-08-13,CAF,0.2831734256574824
2024-08-14,CAF,0.4565110739898774
2024-08-15,CAF,0.3872070236799262
2024-08-16,CAF,0.40334700636164494
2024-08-17,CAF,0.46370633420215346
2024-08-18,CAF,0.4683216683852813
2024-08-19,CAF,0.4393163487290163
2024-08-20,CAF,0.22100151966971615
2024-08-21,CAF,0.25103046603856966
2024-08-22,CAF,0.304690094423775
2024-08-23,CAF,0.3068031286182744
2024-08-24,CAF,0.29126050390370983
2024-08-25,CAF,0.29126050390370983
2024-08-26,CAF,0.29126050390370983
2024-08-27,CAF,0.3503637614465251
2024-08-28,CAF,0.3503637614465251
2024-08-29,CAF,0.37077577247902055
2024-08-30,CAF,0.5156284351522907
2024-08-31,CAF,0.5083767849845207
2024-09-01,CAF,0.5156284351522907
2024-09-02,CAF,0.5245809774480341
2024-09-03,CAF,0.5245809774480341
2024-09-04,CAF,0.5645487269306121
2024-09-05,CAF,0.47690404092800975
2024-09-06,CAF,0.4477398401131631
2024-09-07,CAF,0.4020127621924418
2024-09-08,CAF,0.4202906753014266
2024-09-09,CAF,0.3987798271839519
2024-09-10,CAF,0.41523762682694443
2024-09-11,CAF,0.3829175765097618
2024-09-12,CAF,0.5009493676958626
2024-09-13,CAF,0.49835828097286733
2024-09-14,CAF,0.5280990236821299
2024-09-15,CAF,0.5645487269306121
2024-09-16,CAF,0.5716699158208317
2024-09-17,CAF,0.46882312439948165
2024-09-18,CAF,0.46737905462780965
2024-09-19,CAF,0.48044981432664374
2024-09-20,CAF,0.41826264404969277
2024-09-21,CAF,0.41826264404969277
2024-09-22,CAF,0.42833009691166957
2024-09-23,CAF,0.42833009691166957
2024-09-24,CAF,0.4157024646005608
2024-09-25,CAF,0.3151615577656749
2024-09-26,CAF,0.5621677690603593
2024-09-27,CAF,0.5621677690603593
2024-09-28,CAF,0.4309357741306612
2024-09-29,CAF,0.4309357741306612
2024-09-30,CAF,0.3837971953155724
2024-10-01,CAF,0.42981117874144564
2024-10-02,CAF,0.44997547951838474
2024-10-03,CAF,0.39226749696997126
2024-10-04,CAF,0.39226749696997126
2024-10-05,CAF,0.555011572478105
2024-10-06,CAF,0.555011572478105
2024-10-07,CAF,0.59435150321075
2024-10-08,CAF,0.4475425080402014
2024-10-09,CAF,0.40192106092341434
2024-10-10,CAF,0.4195948639975646
2024-10-11,CAF,0.4646843398652995
2024-10-12,CAF,0.3591838049322593
2024-10-13,CAF,0.19692430697937874
2024-10-14,CAF,0.19692430697937874
2024-10-15,CAF,0.1410344361755169
2024-10-16,CAF,0.20149930739251395
2024-10-17,CAF,0.2251382070874419
2024-10-18,CAF,0.2235721925673874
2024-10-19,CAF,0.14353389445999964
2024-10-20,CAF,0.5365087196711289
2024-10-21,CAF,0.5365087196711289
2024-10-22,CAF,0.44947741952034914
2024-10-23,CAF,0.44947741952034914
2024-10-24,CAF,0.49651132411317683
2024-10-25,CAF,0.4564290626303995
2024-10-26,CAF,0.42533392566649275
2024-10-27,CAF,0.523046576650276
2024-10-28,CAF,0.5249194168120311
2024-10-29,CAF,0.5527414220045465
2024-10-30,CAF,0.5527414220045465
2024-10-31,CAF,0.5537112057887765
2024-11-01,CAF,0.5537112057887765
2024-11-02,CAF,0.5537112057887765
2024-11-03,CAF,0.5537112057887765
2024-11-04,CAF,0.5563343541103415
2024-11-05,CAF,0.5528049234521497
2024-11-06,CAF,0.5943777489162879
2024-11-07,CAF,0.5509479714820024
2024-11-08,CAF,0.5509479714820024
2024-11-09,CAF,0.5509479714820024
2024-11-10,CAF,0.5509479714820024
2024-11-11,CAF,0.5509479714820024
2024-11-12,CAF,0.5295677313817594
2024-11-13,CAF,0.535018736582932
2024-11-14,CAF,0.5373837483909972
2024-11-15,CAF,0.4917197811418098
2024-11-16,CAF,0.49560005156688897
2024-11-17,CAF,0.535018736582932
2024-11-18,CAF,0.535018736582932
2024-11-19,CAF,0.4305443674558897
2024-11-20,CAF,0.5010466300586782
2024-11-21,CAF,0.4044880159184659
2024-11-22,CAF,0.4103612852079148
2024-11-23,CAF,0.4299370237204564
2024-11-24,CAF,0.4299370237204564
2024-11-25,CAF,0.3964872604124124
2024-11-26,CAF,0.3968428576477938
2024-11-27,CAF,0.3968428576477938
2024-11-28,CAF,0.4848205386305212
2024-11-29,CAF,0.48152635860777915
2024-11-30,CAF,0.48152635860777915
2024-12-01,CAF,0.48152635860777915
2024-12-02,CAF,0.3008256404605533
2024-12-03,CAF,0.39654492369202
2024-12-04,CAF,0.3656516595161969
2024-12-05,CAF,0.39684216289307456
2024-12-06,CAF,0.39684216289307456
2024-12-07,CAF,0.39684216289307456
2024-12-08,CAF,0.29535663505418314
2024-12-09,CAF,0.5966684487072199
2024-12-10,CAF,0.5966684487072199
2024-12-11,CAF,0.4540994526049826
2024-12-12,CAF,0.491962085481292
2024-12-13,CAF,0.49098147134017533
2024-12-14,CAF,0.43851561243560605
2024-12-15,CAF,0.49098147134017533
2024-12-16,CAF,0.42855555416460234
2024-12-17,CAF,0.3475486723362455
2024-12-18,CAF,0.4017721465206085
2024-12-19,CAF,0.4130753969539292
2024-12-20,CAF,0.4277563165467918
2024-12-21,CAF,0.4097621073769342
2024-12-22,CAF,0.5222189880791704
2024-12-23,CAF,0.5621677690603593
2024-12-24,CAF,0.5621677690603593
2024-12-25,CAF,0.564507093534321
2024-12-26,CAF,0.564507093534321
2024-12-27,CAF,0.5486162857833231
2024-12-28,CAF,0.5486162857833231
2024-12-29,CAF,0.5285690107833355
2024-12-30,CAF,0.38942914759139613
2024-12-31,CAF,0.37632715486303353
2025-01-01,CAF,0.3715356693041139
2025-01-02,CAF,0.3751947617619078
2025-01-03,CAF,0.3145649680357031
2025-01-04,CAF,0.2995689935584582
2025-01-05,CAF,0.27630743746179404
2025-01-06,CAF,0.37348732740371393
2025-01-07,CAF,0.3707869487652492
2025-01-08,CAF,0.44541969358447
2025-01-09,CAF,0.44541969358447
2025-01-10,CAF,0.42211188324283105
2025-01-11,CAF,0.5690893207133556
2025-01-12,CAF,0.5690893207133556
2025-01-13,CAF,0.5125971193939299
2025-01-14,CAF,0.5364166153438302
2025-01-15,CAF,0.42932249113798593
2025-01-16,CAF,0.36991207994989717
2025-01-17,CAF,0.3199292350953233
2025-01-18,CAF,0.207364453111216
2025-01-19,CAF,0.23734386286269546
2025-01-20,CAF,0.23200536683796208
2025-01-21,CAF,0.22679216664267718
2025-01-22,CAF,0.33571882703184525
2025-01-23,CAF,0.2716166251639214
2025-01-24,CAF,0.28014395015889665
2025-01-25,CAF,0.3096357021038062
2025-01-26,CAF,0.3156579203439584
2025-01-27,CAF,0.24174644839494408
2025-01-28,CAF,0.2749289494859553
2025-01-29,CAF,0.25330716104761125
2025-01-30,CAF,0.24981084390464714
2025-01-31,CAF,0.26624000162879174
2025-02-01,CAF,0.3690589265239547
2025-02-02,CAF,0.3224044294430588
2025-02-03,CAF,0.316037856608484
2025-02-04,CAF,0.4202005985908132
2025-02-05,CAF,0.4617173546497361
2025-02-06,CAF,0.4431280544472503
2025-02-07,CAF,0.4431280544472503
2025-02-08,CAF,0.4431280544472503
2025-02-09,CAF,0.4237533449023242
2025-02-10,CAF,0.245558271073199
2025-02-11,CAF,0.276780643327242
2025-02-12,CAF,0.34083128371722393
2025-02-13,CAF,0.41799010777605194
2025-02-14,CAF,0.39188839195794384
2025-02-15,CAF,0.38197389316205477
2025-02-16,CAF,0.41202649622772886
2025-02-17,CAF,0.5366131862171403
2025-02-18,CAF,0.5366131862171403
2025-02-19,CAF,0.5662520488773211
2025-02-20,CAF,0.5662520488773211
2025-02-21,CAF,0.5554963012084656
2025-02-22,CAF,0.05472697725883038
2025-02-23,CAF,0.03886219313535139
2025-02-24,CAF,0.043868014235055035
2025-02-25,CAF,0.041187093090070105
2025-02-26,CAF,0.04942921774576642
2025-02-27,CAF,0.044101671421828255
2025-02-28,CAF,0.04162203600001942
2025-03-01,CAF,0.07551576318838414
2025-03-02,CAF,0.42354993582056427
2025-03-03,CAF,0.41043504697925026
2025-03-04,CAF,0.4121589484727409
2025-03-05,CAF,0.4473175196224685
2025-03-06,CAF,0.4473175196224685
2025-03-07,CAF,0.40908340706890867
2025-03-08,CAF,0.3851853926723197
2025-03-09,CAF,0.4279224368862108
2025-03-10,CAF,0.4279224368862108
2025-03-11,CAF,0.4293573114259862
2025-03-12,CAF,0.3556659646706838
2025-03-13,CAF,0.32412591030117704
2025-03-14,CAF,0.41392653886620623
2025-03-15,CAF,0.46915960753465674
2025-03-16,CAF,0.47103005141874615
2025-03-17,CAF,0.47103005141874615
2025-03-18,CAF,0.4676761668119958
2025-03-19,CAF,0.4563065249487293
2025-03-20,CAF,0.40832982335984463
2025-03-21,CAF,0.40832982335984463
2025-03-22,CAF,0.36340763950151805
2025-03-23,CAF,0.36340763950151805
2025-03-24,CAF,0.41986572847868414
2025-03-25,CAF,0.24721221387962478
2025-03-26,CAF,0.25501281854857927
2025-03-27,CAF,0.3545702227442416
2025-03-28,CAF,0.3518388697315392
2024-07-01,SDN,0.23172822819076092
2024-07-02,SDN,0.23172822819076092
2024-07-03,SDN,0.23172822819076092
2024-07-04,SDN,0.2048420407141446
2024-07-05,SDN,0.31702223171991084
2024-07-06,SDN,0.29675817754943595
2024-07-07,SDN,0.1795208718906527
2024-07-08,SDN,0.20501969526705788
2024-07-09,SDN,0.22044378877416124
2024-07-10,SDN,0.20501969526705788
2024-07-11,SDN,0.22682321086785734
2024-07-12,SDN,0.19154825760368166
2024-07-13,SDN,0.20027167987115574
2024-07-14,SDN,0.20027167987115574
2024-07-15,SDN,0.3787494785695125
2024-07-16,SDN,0.4005611289147924
2024-07-17,SDN,0.38040002541247225
2024-07-18,SDN,0.4370669943540616
2024-07-19,SDN,0.46521839769073053
2024-07-20,SDN,0.36380805816841466
2024-07-21,SDN,0.10814771978229475
2024-07-22,SDN,0.10238249136852962
2024-07-23,SDN,0.10238249136852962
2024-07-24,SDN,0.10238249136852962
2024-07-25,SDN,0.10762459230359275
2024-07-26,SDN,0.11701494930919822
2024-07-27,SDN,0.10482696364291526
2024-07-28,SDN,0.2002403235608611
2024-07-29,SDN,0.18214120452333651
2024-07-30,SDN,0.1936730875871597
2024-07-31,SDN,0.18214120452333651
2024-08-01,SDN,0.18214120452333651
2024-08-02,SDN,0.15778057763777803
2024-08-03,SDN,0.1821409665068057
2024-08-04,SDN,0.2073682505249087
2024-08-05,SDN,0.2073682505249087
2024-08-06,SDN,0.18252062243688857
2024-08-07,SDN,0.18252062243688857
2024-08-08,SDN,0.20833733432065035
2024-08-09,SDN,0.2997366829126456
2024-08-10,SDN,0.23680203581415007
2024-08-11,SDN,0.23680203581415007
2024-08-12,SDN,0.2677815718367348
2024-08-13,SDN,0.2501079795402149
2024-08-14,SDN,0.22497785053714264
2024-08-15,SDN,0.2486246082368636
2024-08-16,SDN,0.31576683181970033
2024-08-17,SDN,0.10482696364291526
2024-08-18,SDN,0.10238249136852962
2024-08-19,SDN,0.10238249136852962
2024-08-20,SDN,0.10238249136852962
2024-08-21,SDN,0.10238249136852962
2024-08-22,SDN,0.114176688413069
2024-08-23,SDN,0.114176688413069
2024-08-24,SDN,0.12868576204657586
2024-08-25,SDN,0.18214120452333651
2024-08-26,SDN,0.18214120452333651
2024-08-27,SDN,0.18214120452333651
2024-08-28,SDN,0.18214120452333651
2024-08-29,SDN,0.18214120452333651
2024-08-30,SDN,0.37252678189919913
2024-08-31,SDN,0.3532558623186557
2024-09-01,SDN,0.3954690485329307
2024-09-02,SDN,0.3954690485329307
2024-09-03,SDN,0.3954690485329307
2024-09-04,SDN,0.43140733831600037
2024-09-05,SDN,0.4314745148951299
2024-09-06,SDN,0.4314745148951299
2024-09-07,SDN,0.45178793267284933
2024-09-08,SDN,0.4326896237966832
2024-09-09,SDN,0.4070060490407475
2024-09-10,SDN,0.4226134114148728
2024-09-11,SDN,0.42336741070603123
2024-09-12,SDN,0.42912629777592737
2024-09-13,SDN,0.40671891968847795
2024-09-14,SDN,0.40671891968847795
2024-09-15,SDN,0.21972258532763098
2024-09-16,SDN,0.21571203008603612
2024-09-17,SDN,0.21972258532763098
2024-09-18,SDN,0.21972258532763098
2024-09-19,SDN,0.09990731440403525
2024-09-20,SDN,0.10238249136852962
2024-09-21,SDN,0.10238249136852962
2024-09-22,SDN,0.10238249136852962
2024-09-23,SDN,0.10238249136852962
2024-09-24,SDN,0.09990731440403525
2024-09-25,SDN,0.09990731440403525
2024-09-26,SDN,0.10661872512454146
2024-09-27,SDN,0.10691334060724995
2024-09-28,SDN,0.09764560444169632
2024-09-29,SDN,0.09764560444169632
2024-09-30,SDN,0.09118488526223983
2024-10-01,SDN,0.09909363732187948
2024-10-02,SDN,0.09099324521409821
2024-10-03,SDN,0.09099324521409821
2024-10-04,SDN,0.14242536230664124
2024-10-05,SDN,0.2905695817682095
2024-10-06,SDN,0.19794839724283333
2024-10-07,SDN,0.19794839724283333
2024-10-08,SDN,0.10809765442094872
2024-10-09,SDN,0.16549557893599612
2024-10-10,SDN,0.16549557893599612
2024-10-11,SDN,0.10809765442094872
2024-10-12,SDN,0.13698092030011996
2024-10-13,SDN,0.13698092030011996
2024-10-14,SDN,0.13698092030011996
2024-10-15,SDN,0.12621734230771486
2024-10-16,SDN,0.12324505639467946
2024-10-17,SDN,0.12324505639467946
2024-10-18,SDN,0.11365192343303393
2024-10-19,SDN,0.18002977361468717
2024-10-20,SDN,0.18002977361468717
2024-10-21,SDN,0.18002977361468717
2024-10-22,SDN,0.17957418750730028
2024-10-23,SDN,0.18408399483284082
2024-10-24,SDN,0.1940326867227465
2024-10-25,SDN,0.20915966466657818
2024-10-26,SDN,0.2543145286417229
2024-10-27,SDN,0.08921044074907655
2024-10-28,SDN,0.15491521834558528
2024-10-29,SDN,0.1417606603678801
2024-10-30,SDN,0.1417606603678801
2024-10-31,SDN,0.1417606603678801
2024-11-01,SDN,0.12759049890598634
2024-11-02,SDN,0.12759049890598634
2024-11-03,SDN,0.12759049890598634
2024-11-04,SDN,0.06612023795866645
2024-11-05,SDN,0.06612023795866645
2024-11-06,SDN,0.09448066726898552
2024-11-07,SDN,0.08271255355260758
2024-11-08,SDN,0.08725863755869853
2024-11-09,SDN,0.07600089850867887
2024-11-10,SDN,0.1882713726950908
2024-11-11,SDN,0.1882713726950908
2024-11-12,SDN,0.18779970704191012
2024-11-13,SDN,0.18779970704191012
2024-11-14,SDN,0.4121117955775746
2024-11-15,SDN,0.4128604559662672
2024-11-16,SDN,0.12571104053707005
2024-11-17,SDN,0.12571104053707005
2024-11-18,SDN,0.12571104053707005
2024-11-19,SDN,0.12571104053707005
2024-11-20,SDN,0.13643818392277307
2024-11-21,SDN,0.1360746047547806
2024-11-22,SDN,0.13643818392277307
2024-11-23,SDN,0.16229868311513912
2024-11-24,SDN,0.08499976847282652
2024-11-25,SDN,0.09242662340041226
2024-11-26,SDN,0.09242662340041226
2024-11-27,SDN,0.08499976847282652
2024-11-28,SDN,0.0926209746777285
2024-11-29,SDN,0.0926209746777285
2024-11-30,SDN,0.10342023132294006
2024-12-01,SDN,0.3345404017480332
2024-12-02,SDN,0.3345404017480332
2024-12-03,SDN,0.33385300817662866
2024-12-04,SDN,0.3345404017480332
2024-12-05,SDN,0.3345404017480332
2024-12-06,SDN,0.34422392344222624
2024-12-07,SDN,0.3617272829420796
2024-12-08,SDN,0.40026327538622797
2024-12-09,SDN,0.40026327538622797
2024-12-10,SDN,0.4154935581258242
2024-12-11,SDN,0.49621826987673845
2024-12-12,SDN,0.49621826987673845
2024-12-13,SDN,0.49621826987673845
2024-12-14,SDN,0.17380174028811077
2024-12-15,SDN,0.17380174028811077
2024-12-16,SDN,0.14283610524371065
2024-12-17,SDN,0.17380174028811077
2024-12-18,SDN,0.14283610524371065
2024-12-19,SDN,0.14283610524371065
2024-12-20,SDN,0.13194754092709032
2024-12-21,SDN,0.26679123312699005
2024-12-22,SDN,0.24535124842245362
2024-12-23,SDN,0.18192015181606472
2024-12-24,SDN,0.16533193970824386
2024-12-25,SDN,0.1657586930492459
2024-12-26,SDN,0.19636643457191277
2024-12-27,SDN,0.18223318092600396
2024-12-28,SDN,0.13643818392277307
2024-12-29,SDN,0.13643818392277307
2024-12-30,SDN,0.13643818392277307
2024-12-31,SDN,0.13643818392277307
2025-01-01,SDN,0.13643818392277307
2025-01-02,SDN,0.13643818392277307
2025-01-03,SDN,0.11029868603192072
2025-01-04,SDN,0.11029868603192072
2025-01-05,SDN,0.18700153652267695
2025-01-06,SDN,0.18700153652267695
2025-01-07,SDN,0.21515676873029516
2025-01-08,SDN,0.21515676873029516
2025-01-09,SDN,0.37316209559421126
2025-01-10,SDN,0.36767054250714465
2025-01-11,SDN,0.36523844824904583
2025-01-12,SDN,0.25810394489591243
2025-01-13,SDN,0.25810394489591243
2025-01-14,SDN,0.22729085809468064
2025-01-15,SDN,0.24167863222908284
2025-01-16,SDN,0.2420640619369678
2025-01-17,SDN,0.2873304885265158
2025-01-18,SDN,0.3065590943912067
2025-01-19,SDN,0.2884379843475763
2025-01-20,SDN,0.1834660074307418
2025-01-21,SDN,0.1834660074307418
2025-01-22,SDN,0.2688212934279441
2025-01-23,SDN,0.2688212934279441
2025-01-24,SDN,0.24987181467880237
2025-01-25,SDN,0.18855622676107298
2025-01-26,SDN,0.2935191707200415
2025-01-27,SDN,0.2935191707200415
2025-01-28,SDN,0.2935191707200415
2025-01-29,SDN,0.1834660074307418
2025-01-30,SDN,0.2744111390211667
2025-01-31,SDN,0.2744111390211667
2025-02-01,SDN,0.22407369940230032
2025-02-02,SDN,0.22407369940230032
2025-02-03,SDN,0.22407369940230032
2025-02-04,SDN,0.22407369940230032
2025-02-05,SDN,0.2744111390211667
2025-02-06,SDN,0.26902350011873116
2025-02-07,SDN,0.37705048990069334
2025-02-08,SDN,0.3214501773305472
2025-02-09,SDN,0.3214501773305472
2025-02-10,SDN,0.3214501773305472
2025-02-11,SDN,0.2783018676406227
2025-02-12,SDN,0.2783018676406227
2025-02-13,SDN,0.2915231716981839
2025-02-14,SDN,0.18655455411503546
2025-02-15,SDN,0.21072963702021416
2025-02-16,SDN,0.21072963702021416
2025-02-17,SDN,0.4025796350138038
2025-02-18,SDN,0.33830669157857096
2025-02-19,SDN,0.4091448728648751
2025-02-20,SDN,0.21073992318317386
2025-02-21,SDN,0.21073992318317386
2025-02-22,SDN,0.23710397834813943
2025-02-23,SDN,0.22088104969741978
2025-02-24,SDN,0.13643818392277307
2025-02-25,SDN,0.13643818392277307
2025-02-26,SDN,0.13643818392277307
2025-02-27,SDN,0.13643818392277307
2025-02-28,SDN,0.12537189690262684
2025-03-01,SDN,0.1368044616128135
2025-03-02,SDN,0.1368044616128135
2025-03-03,SDN,0.22263760889549347
2025-03-04,SDN,0.22263760889549347
2025-03-05,SDN,0.23894998324342423
2025-03-06,SDN,0.23894998324342423
2025-03-07,SDN,0.2187459979233302
2025-03-08,SDN,0.18809217365652195
2025-03-09,SDN,0.18809217365652195
2025-03-10,SDN,0.2594046576061494
2025-03-11,SDN,0.3105925324131249
2025-03-12,SDN,0.3105925324131249
2025-03-13,SDN,0.3064684568705892
2025-03-14,SDN,0.28724318120070635
2025-03-15,SDN,0.2155332274306371
2025-03-16,SDN,0.21881970263692596
2025-03-17,SDN,0.21881970263692596
2025-03-18,SDN,0.21881970263692596
2025-03-19,SDN,0.20468258004585346
2025-03-20,SDN,0.21881970263692596
2025-03-21,SDN,0.21829208688502785
2025-03-22,SDN,0.42435456679959255
2025-03-23,SDN,0.3859169804672376
2025-03-24,SDN,0.3859169804672376
2025-03-25,SDN,0.3859169804672376
2025-03-26,SDN,0.3859169804672376
2025-03-27,SDN,0.19801757952547205
2025-03-28,SDN,0.21340869590402645
2024-07-01,SSD,0.271693145266732
2024-07-02,SSD,0.26529701064893424
2024-07-03,SSD,0.2867837406322874
2024-07-04,SSD,0.2635590860665776
2024-07-05,SSD,0.2371485921308419
2024-07-06,SSD,0.3852925659997564
2024-07-07,SSD,0.3810426535133486
2024-07-08,SSD,0.41975287820962565
2024-07-09,SSD,0.4605382751993872
2024-07-10,SSD,0.4605382751993872
2024-07-11,SSD,0.49815388078640727
2024-07-12,SSD,0.5130549844692177
2024-07-13,SSD,0.49099420678853084
2024-07-14,SSD,0.49099420678853084
2024-07-15,SSD,0.4857347432370798
2024-07-16,SSD,0.46291395772228733
2024-07-17,SSD,0.4378932892843147
2024-07-18,SSD,0.41275323325047253
2024-07-19,SSD,0.45394516282384745
2024-07-20,SSD,0.47915719652399197
2024-07-21,SSD,0.48502495817630675
2024-07-22,SSD,0.24630857306748744
2024-07-23,SSD,0.25942927714320385
2024-07-24,SSD,0.24445858259177375
2024-07-25,SSD,0.26650572451447757
2024-07-26,SSD,0.2656289774849895
2024-07-27,SSD,0.2544479622951056
2024-07-28,SSD,0.252941496935618
2024-07-29,SSD,0.28786884733754553
2024-07-30,SSD,0.27504372660280374
2024-07-31,SSD,0.25211406704484496
2024-08-01,SSD,0.25211406704484496
2024-08-02,SSD,0.25211406704484496
2024-08-03,SSD,0.4327803768982519
2024-08-04,SSD,0.34819734836981864
2024-08-05,SSD,0.34819734836981864
2024-08-06,SSD,0.3087560639877433
2024-08-07,SSD,0.29546834265296423
2024-08-08,SSD,0.3087560639877433
2024-08-09,SSD,0.3087560639877433
2024-08-10,SSD,0.28864246717642444
2024-08-11,SSD,0.43906103416212255
2024-08-12,SSD,0.43906103416212255
2024-08-13,SSD,0.322087983723425
2024-08-14,SSD,0.39498893804849394
2024-08-15,SSD,0.39498893804849394
2024-08-16,SSD,0.30388005365648557
2024-08-17,SSD,0.29729054079735445
2024-08-18,SSD,0.2816714283564026
2024-08-19,SSD,0.3835185928241674
2024-08-20,SSD,0.4313646183503652
2024-08-21,SSD,0.2948266774151483
2024-08-22,SSD,0.2948266774151483
2024-08-23,SSD,0.3119712163719237
2024-08-24,SSD,0.28443665549871017
2024-08-25,SSD,0.28443665549871017
2024-08-26,SSD,0.20340355538536126
2024-08-27,SSD,0.1924952415000729
2024-08-28,SSD,0.20340355538536126
2024-08-29,SSD,0.2560444322641822
2024-08-30,SSD,0.44066363528884117
2024-08-31,SSD,0.5116529641599674
2024-09-01,SSD,0.4504910358948745
2024-09-02,SSD,0.45034583522174537
2024-09-03,SSD,0.44187357575781566
2024-09-04,SSD,0.44990176115904995
2024-09-05,SSD,0.4487908320284913
2024-09-06,SSD,0.43563058683707323
2024-09-07,SSD,0.43563058683707323
2024-09-08,SSD,0.5208620152471352
2024-09-09,SSD,0.5139166786433786
2024-09-10,SSD,0.49911918634324987
2024-09-11,SSD,0.5056663285786184
2024-09-12,SSD,0.5056663285786184
2024-09-13,SSD,0.5085506200773592
2024-09-14,SSD,0.5056663285786184
2024-09-15,SSD,0.41626227561704854
2024-09-16,SSD,0.45215902510201567
2024-09-17,SSD,0.4552360202225815
2024-09-18,SSD,0.4552360202225815
2024-09-19,SSD,0.4576678119097153
2024-09-20,SSD,0.4317939815498384
2024-09-21,SSD,0.4373625012061361
2024-09-22,SSD,0.3825443357995979
2024-09-23,SSD,0.3825443357995979
2024-09-24,SSD,0.3611238069694904
2024-09-25,SSD,0.3484683059343258
2024-09-26,SSD,0.3166813334364826
2024-09-27,SSD,0.3035442986475612
2024-09-28,SSD,0.38561179234290743
2024-09-29,SSD,0.4932824743776023
2024-09-30,SSD,0.48291796306313145
2024-10-01,SSD,0.4585816109680869
2024-10-02,SSD,0.4585816109680869
2024-10-03,SSD,0.4585816109680869
2024-10-04,SSD,0.35685600645523285
2024-10-05,SSD,0.39079419567298296
2024-10-06,SSD,0.33769285407721156
2024-10-07,SSD,0.2542461706438522
2024-10-08,SSD,0.23035322734697036
2024-10-09,SSD,0.24869851290088388
2024-10-10,SSD,0.24420572508704294
2024-10-11,SSD,0.24869851290088388
2024-10-12,SSD,0.25521630276548063
2024-10-13,SSD,0.2528726446402541
2024-10-14,SSD,0.2528726446402541
2024-10-15,SSD,0.3365734555151428
2024-10-16,SSD,0.2685447153814881
2024-10-17,SSD,0.2828086115524628
2024-10-18,SSD,0.26991123974123926
2024-10-19,SSD,0.25549758409165485
2024-10-20,SSD,0.257872923950327
2024-10-21,SSD,0.2704081140319608
2024-10-22,SSD,0.3045644289597235
2024-10-23,SSD,0.2823465913078248
2024-10-24,SSD,0.2641365260127664
2024-10-25,SSD,0.2633351841328598
2024-10-26,SSD,0.3488819498017039
2024-10-27,SSD,0.3488819498017039
2024-10-28,SSD,0.3487994984556145
2024-10-29,SSD,0.347780386407557
2024-10-30,SSD,0.5126177517438335
2024-10-31,SSD,0.4730550407052949
2024-11-01,SSD,0.4730550407052949
2024-11-02,SSD,0.4802970966395467
2024-11-03,SSD,0.4643106894511966
2024-11-04,SSD,0.4643106894511966
2024-11-05,SSD,0.3210121097250596
2024-11-06,SSD,0.2973163649604999
2024-11-07,SSD,0.31120686684584314
2024-11-08,SSD,0.31774217874836297
2024-11-09,SSD,0.31120686684584314
2024-11-10,SSD,0.3118694623449263
2024-11-11,SSD,0.3118694623449263
2024-11-12,SSD,0.43906103416212255
2024-11-13,SSD,0.3023032737917517
2024-11-14,SSD,0.3023798376900693
2024-11-15,SSD,0.24553740489973397
2024-11-16,SSD,0.3474814374463357
2024-11-17,SSD,0.3474814374463357
2024-11-18,SSD,0.3211883620157733
2024-11-19,SSD,0.3211883620157733
2024-11-20,SSD,0.4723105374882241
2024-11-21,SSD,0.48342683804724534
2024-11-22,SSD,0.37310278699777527
2024-11-23,SSD,0.35453546168242533
2024-11-24,SSD,0.3406621071385457
2024-11-25,SSD,0.30445879283700816
2024-11-26,SSD,0.32269120362631815
2024-11-27,SSD,0.37259378338954463
2024-11-28,SSD,0.37154481561321284
2024-11-29,SSD,0.5010278037471592
2024-11-30,SSD,0.5010278037471592
2024-12-01,SSD,0.5010278037471592
2024-12-02,SSD,0.5141928258258148
2024-12-03,SSD,0.5114764069278775
2024-12-04,SSD,0.5114764069278775
2024-12-05,SSD,0.5248813274408898
2024-12-06,SSD,0.5185381180517186
2024-12-07,SSD,0.5185381180517186
2024-12-08,SSD,0.5062157407483692
2024-12-09,SSD,0.5062157407483692
2024-12-10,SSD,0.49584539887820955
2024-12-11,SSD,0.38339298375182335
2024-12-12,SSD,0.38339298375182335
2024-12-13,SSD,0.29366057498344716
2024-12-14,SSD,0.29366057498344716
2024-12-15,SSD,0.27038822025556497
2024-12-16,SSD,0.2769387276727291
2024-12-17,SSD,0.27038822025556497
2024-12-18,SSD,0.27038822025556497
2024-12-19,SSD,0.27633228142517724
2024-12-20,SSD,0.2713880643862027
2024-12-21,SSD,0.2713880643862027
2024-12-22,SSD,0.2713880643862027
2024-12-23,SSD,0.2713880643862027
2024-12-24,SSD,0.2643081696805351
2024-12-25,SSD,0.27377815667331196
2024-12-26,SSD,0.2504527036990899
2024-12-27,SSD,0.27288638576460267
2024-12-28,SSD,0.28033199811445286
2024-12-29,SSD,0.42404057062234085
2024-12-30,SSD,0.42404057062234085
2024-12-31,SSD,0.42404057062234085
2025-01-01,SSD,0.43950338787631865
2025-01-02,SSD,0.5097343184834249
2025-01-03,SSD,0.5097343184834249
2025-01-04,SSD,0.5097343184834249
2025-01-05,SSD,0.4993647912480296
2025-01-06,SSD,0.5097343184834249
2025-01-07,SSD,0.5056663285786184
2025-01-08,SSD,0.49145914930718765
2025-01-09,SSD,0.4105559974438795
2025-01-10,SSD,0.3850802105010881
2025-01-11,SSD,0.38614391229475
2025-01-12,SSD,0.38614391229475
2025-01-13,SSD,0.38538446726544906
2025-01-14,SSD,0.3790785283175232
2025-01-15,SSD,0.4150078516532533
2025-01-16,SSD,0.46980381931572046
2025-01-17,SSD,0.475436430210162
2025-01-18,SSD,0.29514192656230703
2025-01-19,SSD,0.26026567635425907
2025-01-20,SSD,0.25692542735848634
2025-01-21,SSD,0.24500460067574603
2025-01-22,SSD,0.2250367845160835
2025-01-23,SSD,0.21423537353268834
2025-01-24,SSD,0.22510547276039927
2025-01-25,SSD,0.2362901299674984
2025-01-26,SSD,0.30204386547408
2025-01-27,SSD,0.3155799322564179
2025-01-28,SSD,0.299412310726333
2025-01-29,SSD,0.3155799322564179
2025-01-30,SSD,0.2847532933526836
2025-01-31,SSD,0.4135144933212378
2025-02-01,SSD,0.4555188873152203
2025-02-02,SSD,0.4855230251380811
2025-02-03,SSD,0.4346407491218611
2025-02-04,SSD,0.3651292235778025
2025-02-05,SSD,0.35514271731755476
2025-02-06,SSD,0.3633842368644995
2025-02-07,SSD,0.22084277462820182
2025-02-08,SSD,0.15277768808939904
2025-02-09,SSD,0.16218320348972493
2025-02-10,SSD,0.24055396553885353
2025-02-11,SSD,0.1563939485318141
2025-02-12,SSD,0.1659784781665789
2025-02-13,SSD,0.15745971770442832
2025-02-14,SSD,0.4751789916311699
2025-02-15,SSD,0.4751789916311699
2025-02-16,SSD,0.4751789916311699
2025-02-17,SSD,0.4751789916311699
2025-02-18,SSD,0.42387889786248756
2025-02-19,SSD,0.4436685240626965
2025-02-20,SSD,0.45379633886115256
2025-02-21,SSD,0.29824911501750173
2025-02-22,SSD,0.34448257722577924
2025-02-23,SSD,0.25614908230972305
2025-02-24,SSD,0.25614908230972305
2025-02-25,SSD,0.2467702827989416
2025-02-26,SSD,0.2467702827989416
2025-02-27,SSD,0.2467702827989416
2025-02-28,SSD,0.2928129095093428
2025-03-01,SSD,0.2706220723778703
2025-03-02,SSD,0.44174515173003726
2025-03-03,SSD,0.44174515173003726
2025-03-04,SSD,0.440638230284228
2025-03-05,SSD,0.440638230284228
2025-03-06,SSD,0.4568295041956695
2025-03-07,SSD,0.45431219471908746
2025-03-08,SSD,0.4568295041956695
2025-03-09,SSD,0.5126177517438335
2025-03-10,SSD,0.34376105796392614
2025-03-11,SSD,0.1625896263399484
2025-03-12,SSD,0.16728037242836644
2025-03-13,SSD,0.16227502139444222
2025-03-14,SSD,0.099995848304683
2025-03-15,SSD,0.1415063976793793
2025-03-16,SSD,0.11562763496239582
2025-03-17,SSD,0.1468235539455415
2025-03-18,SSD,0.21813600393764782
2025-03-19,SSD,0.19298057835409155
2025-03-20,SSD,0.3232265890527252
2025-03-21,SSD,0.41710866934511603
2025-03-22,SSD,0.4178599551280308
2025-03-23,SSD,0.32965372204307697
2025-03-24,SSD,0.34504636906734737
2025-03-25,SSD,0.34792108925759513
2025-03-26,SSD,0.35688590725612684
2025-03-27,SSD,0.3523028925451181
2025-03-28,SSD,0.341422118484676
2024-07-01,ETH,0.3521612930278372
2024-07-02,ETH,0.30699364772027504
2024-07-03,ETH,0.27943563915231234
2024-07-04,ETH,0.30629362971560875
2024-07-05,ETH,0.2634498860200079
2024-07-06,ETH,0.2966192195245545
2024-07-07,ETH,0.2966192195245545
2024-07-08,ETH,0.2732098856539755
2024-07-09,ETH,0.2866836591358264
2024-07-10,ETH,0.35451118812917526
2024-07-11,ETH,0.35451118812917526
2024-07-12,ETH,0.3128478741871768
2024-07-13,ETH,0.2871858145069368
2024-07-14,ETH,0.3022365786830543
2024-07-15,ETH,0.2871858145069368
2024-07-16,ETH,0.07311134432059323
2024-07-17,ETH,0.05299885887387228
2024-07-18,ETH,0.05741573849527058
2024-07-19,ETH,0.06003508267511966
2024-07-20,ETH,0.06459248300678838
2024-07-21,ETH,0.059439224458065515
2024-07-22,ETH,0.04431101970020737
2024-07-23,ETH,0.2414307912143415
2024-07-24,ETH,0.22705911158439507
2024-07-25,ETH,0.2526010992038781
2024-07-26,ETH,0.2712888294212294
2024-07-27,ETH,0.2712888294212294
2024-07-28,ETH,0.2712888294212294
2024-07-29,ETH,0.32774492035374414
2024-07-30,ETH,0.34496579528217675
2024-07-31,ETH,0.34327108963632375
2024-08-01,ETH,0.30553435240196836
2024-08-02,ETH,0.1270445950321374
2024-08-03,ETH,0.13153977968048233
2024-08-04,ETH,0.1380632244687168
2024-08-05,ETH,0.1380632244687168
2024-08-06,ETH,0.21211743367449662
2024-08-07,ETH,0.20291870026000777
2024-08-08,ETH,0.21982042590537124
2024-08-09,ETH,0.4090471554708299
2024-08-10,ETH,0.3468439747918938
2024-08-11,ETH,0.32961969733024504
2024-08-12,ETH,0.3244372716098722
2024-08-13,ETH,0.29822560925294167
2024-08-14,ETH,0.30261169204418625
2024-08-15,ETH,0.30261169204418625
2024-08-16,ETH,0.3362302675524464
2024-08-17,ETH,0.16396118734245824
2024-08-18,ETH,0.17010290676081694
2024-08-19,ETH,0.17345302685029174
2024-08-20,ETH,0.17345302685029174
2024-08-21,ETH,0.15113385292540796
2024-08-22,ETH,0.16933954171733948
2024-08-23,ETH,0.32769799579637016
2024-08-24,ETH,0.22148605980981978
2024-08-25,ETH,0.29722682392869815
2024-08-26,ETH,0.29722682392869815
2024-08-27,ETH,0.29722682392869815
2024-08-28,ETH,0.29722682392869815
2024-08-29,ETH,0.3503215850331623
2024-08-30,ETH,0.28738181908913013
2024-08-31,ETH,0.24318705665967955
2024-09-01,ETH,0.30191815605686423
2024-09-02,ETH,0.27151098995188017
2024-09-03,ETH,0.30191815605686423
2024-09-04,ETH,0.22344880288290844
2024-09-05,ETH,0.2749849600015757
2024-09-06,ETH,0.2508239319186571
2024-09-07,ETH,0.2508239319186571
2024-09-08,ETH,0.2508239319186571
2024-09-09,ETH,0.2277572139153075
2024-09-10,ETH,0.2366404211008685
2024-09-11,ETH,0.37903605321185774
2024-09-12,ETH,0.3748595452866084
2024-09-13,ETH,0.3748595452866084
2024-09-14,ETH,0.3730870162249514
2024-09-15,ETH,0.392183138546498
2024-09-16,ETH,0.392183138546498
2024-09-17,ETH,0.3265884787810133
2024-09-18,ETH,0.3844026559479114
2024-09-19,ETH,0.3844026559479114
2024-09-20,ETH,0.4153648387885365
2024-09-21,ETH,0.43086635319033245
2024-09-22,ETH,0.43086635319033245
2024-09-23,ETH,0.3922038577216595
2024-09-24,ETH,0.35203241652646133
2024-09-25,ETH,0.24509534073094713
2024-09-26,ETH,0.2904111380711987
2024-09-27,ETH,0.2533552211849548
2024-09-28,ETH,0.1842868528535718
2024-09-29,ETH,0.18809398959183074
2024-09-30,ETH,0.2674361383037239
2024-10-01,ETH,0.33254321519001895
2024-10-02,ETH,0.33254321519001895
2024-10-03,ETH,0.3072094566498125
2024-10-04,ETH,0.32502733531534383
2024-10-05,ETH,0.3776888819495216
2024-10-06,ETH,0.3354375991027813
2024-10-07,ETH,0.25017128950933104
2024-10-08,ETH,0.19648742320637874
2024-10-09,ETH,0.192586901576409
2024-10-10,ETH,0.1684084497264141
2024-10-11,ETH,0.12442505385804314
2024-10-12,ETH,0.19443377398081538
2024-10-13,ETH,0.24443806391153172
2024-10-14,ETH,0.24443806391153172
2024-10-15,ETH,0.23720240065734813
2024-10-16,ETH,0.1847397047373262
2024-10-17,ETH,0.16545455136970186
2024-10-18,ETH,0.16939595088739587
2024-10-19,ETH,0.1168633271230344
2024-10-20,ETH,0.10093663565134169
2024-10-21,ETH,0.1057172607625059
2024-10-22,ETH,0.09737001475935812
2024-10-23,ETH,0.11781262832081488
2024-10-24,ETH,0.10504536039971184
2024-10-25,ETH,0.11291434047548765
2024-10-26,ETH,0.27676315788009437
2024-10-27,ETH,0.2783864695791877
2024-10-28,ETH,0.2783864695791877
2024-10-29,ETH,0.2783864695791877
2024-10-30,ETH,0.2711390923035759
2024-10-31,ETH,0.33507441385727393
2024-11-01,ETH,0.30613964194496407
2024-11-02,ETH,0.38069995583486
2024-11-03,ETH,0.32286225099554877
2024-11-04,ETH,0.32286225099554877
2024-11-05,ETH,0.32286225099554877
2024-11-06,ETH,0.3516995037796849
2024-11-07,ETH,0.19598271275810933
2024-11-08,ETH,0.12408668201793094
2024-11-09,ETH,0.1329230144983755
2024-11-10,ETH,0.14254769158159564
2024-11-11,ETH,0.14254769158159564
2024-11-12,ETH,0.14254769158159564
2024-11-13,ETH,0.14254769158159564
2024-11-14,ETH,0.12892114585297149
2024-11-15,ETH,0.12892114585297149
2024-11-16,ETH,0.12892114585297149
2024-11-17,ETH,0.12892114585297149
2024-11-18,ETH,0.14853397755286118
2024-11-19,ETH,0.24078000969337926
2024-11-20,ETH,0.272094424216051
2024-11-21,ETH,0.31817323593530483
2024-11-22,ETH,0.3685748809551352
2024-11-23,ETH,0.29713640770837324
2024-11-24,ETH,0.2786047177180961
2024-11-25,ETH,0.28872963929441303
2024-11-26,ETH,0.3230316532554024
2024-11-27,ETH,0.2895253972436609
2024-11-28,ETH,0.30560966349487256
2024-11-29,ETH,0.2554603615272992
2024-11-30,ETH,0.2554603615272992
2024-12-01,ETH,0.29367379420100553
2024-12-02,ETH,0.29367379420100553
2024-12-03,ETH,0.27796624944330106
2024-12-04,ETH,0.23687470542257064
2024-12-05,ETH,0.10756248431952162
2024-12-06,ETH,0.10756248431952162
2024-12-07,ETH,0.10769425198386676
2024-12-08,ETH,0.08525726039118303
2024-12-09,ETH,0.07674090685800816
2024-12-10,ETH,0.08525726039118303
2024-12-11,ETH,0.09325277931093691
2024-12-12,ETH,0.26687918255916077
2024-12-13,ETH,0.1916653186395161
2024-12-14,ETH,0.1916653186395161
2024-12-15,ETH,0.1916653186395161
2024-12-16,ETH,0.1528570032498626
2024-12-17,ETH,0.1528570032498626
2024-12-18,ETH,0.13877521116411032
2024-12-19,ETH,0.17873262688811184
2024-12-20,ETH,0.19856892337541313
2024-12-21,ETH,0.19856892337541313
2024-12-22,ETH,0.19856892337541313
2024-12-23,ETH,0.387495258963138
2024-12-24,ETH,0.387495258963138
2024-12-25,ETH,0.36701944385526974
2024-12-26,ETH,0.36701944385526974
2024-12-27,ETH,0.34158281048838973
2024-12-28,ETH,0.36996372483062856
2024-12-29,ETH,0.36701944385526974
2024-12-30,ETH,0.35939291962292585
2024-12-31,ETH,0.365173232761179
2025-01-01,ETH,0.2600402616444512
2025-01-02,ETH,0.2600402616444512
2025-01-03,ETH,0.30915387818050005
2025-01-04,ETH,0.286914275242654
2025-01-05,ETH,0.286914275242654
2025-01-06,ETH,0.24605494280004359
2025-01-07,ETH,0.23614891697989118
2025-01-08,ETH,0.3811671246320827
2025-01-09,ETH,0.4034926248273198
2025-01-10,ETH,0.41212028469480255
2025-01-11,ETH,0.40397563660272334
2025-01-12,ETH,0.34714271355352017
2025-01-13,ETH,0.3628586024075124
2025-01-14,ETH,0.35670733081199696
2025-01-15,ETH,0.36984860205728126
2025-01-16,ETH,0.36984860205728126
2025-01-17,ETH,0.36984860205728126
2025-01-18,ETH,0.36984860205728126
2025-01-19,ETH,0.40471886987698413
2025-01-20,ETH,0.4121078707893516
2025-01-21,ETH,0.4121078707893516
2025-01-22,ETH,0.4395570099498823
2025-01-23,ETH,0.4037208242708673
2025-01-24,ETH,0.4037208242708673
2025-01-25,ETH,0.33300033786089556
2025-01-26,ETH,0.28551096010763355
2025-01-27,ETH,0.2925191370160268
2025-01-28,ETH,0.29210200465843056
2025-01-29,ETH,0.2822576195301095
2025-01-30,ETH,0.29210200465843056
2025-01-31,ETH,0.24465830285970128
2025-02-01,ETH,0.25605510172808765
2025-02-02,ETH,0.271800718996545
2025-02-03,ETH,0.3697093240941941
2025-02-04,ETH,0.3437566953463479
2025-02-05,ETH,0.3759537743262838
2025-02-06,ETH,0.34618977680682506
2025-02-07,ETH,0.26755449701558187
2025-02-08,ETH,0.29493542321845967
2025-02-09,ETH,0.22737066033121694
2025-02-10,ETH,0.27478789465498193
2025-02-11,ETH,0.253481272650483
2025-02-12,ETH,0.29923693750713604
2025-02-13,ETH,0.2887756734195674
2025-02-14,ETH,0.3471576792874302
2025-02-15,ETH,0.3219794190291511
2025-02-16,ETH,0.3548781430433136
2025-02-17,ETH,0.3548781430433136
2025-02-18,ETH,0.3548781430433136
2025-02-19,ETH,0.36082201468914404
2025-02-20,ETH,0.4142638257580096
2025-02-21,ETH,0.4142638257580096
2025-02-22,ETH,0.40800154952353435
2025-02-23,ETH,0.4173225894448005
2025-02-24,ETH,0.4173225894448005
2025-02-25,ETH,0.15299721439885522
2025-02-26,ETH,0.15299721439885522
2025-02-27,ETH,0.14976941644678415
2025-02-28,ETH,0.15299721439885522
2025-03-01,ETH,0.15096128542970605
2025-03-02,ETH,0.1408618544185226
2025-03-03,ETH,0.13306726569024574
2025-03-04,ETH,0.35496592901795126
2025-03-05,ETH,0.35496592901795126
2025-03-06,ETH,0.34211462444081886
2025-03-07,ETH,0.34211462444081886
2025-03-08,ETH,0.3192783831243879
2025-03-09,ETH,0.3192783831243879
2025-03-10,ETH,0.3258666875527289
2025-03-11,ETH,0.3192783831243879
2025-03-12,ETH,0.32315574745685727
2025-03-13,ETH,0.30563558068954855
2025-03-14,ETH,0.3198096114956738
2025-03-15,ETH,0.3198096114956738
2025-03-16,ETH,0.2770170605817017
2025-03-17,ETH,0.287440727158552
2025-03-18,ETH,0.282087660060097
2025-03-19,ETH,0.29733165091387664
2025-03-20,ETH,0.326186863723803
2025-03-21,ETH,0.3466172811201888
2025-03-22,ETH,0.39429775501963976
2025-03-23,ETH,0.3838048835362254
2025-03-24,ETH,0.3838048835362254
2025-03-25,ETH,0.3989322748593405
2025-03-26,ETH,0.3256512549702908
2025-03-27,ETH,0.24237731533551385
2025-03-28,ETH,0.2026569222339619
2024-07-01,SOM,0.4242745264069477
2024-07-02,SOM,0.4273680055453434
2024-07-03,SOM,0.4199690354945331
2024-07-04,SOM,0.3739467639727876
2024-07-05,SOM,0.34012551386340156
2024-07-06,SOM,0.3588316733209325
2024-07-07,SOM,0.3588316733209325
2024-07-08,SOM,0.33455737550686676
2024-07-09,SOM,0.3588316733209325
2024-07-10,SOM,0.3588316733209325
2024-07-11,SOM,0.41286320086673034
2024-07-12,SOM,0.42047669955886957
2024-07-13,SOM,0.3945987079432954
2024-07-14,SOM,0.41428085946124393
2024-07-15,SOM,0.3799696949494874
2024-07-16,SOM,0.3253044516427106
2024-07-17,SOM,0.2489057424604494
2024-07-18,SOM,0.2309656735776886
2024-07-19,SOM,0.2944048765361071
2024-07-20,SOM,0.26885941351581777
2024-07-21,SOM,0.33477823112049515
2024-07-22,SOM,0.09514654975595811
2024-07-23,SOM,0.060690345531970315
2024-07-24,SOM,0.08085250157196673
2024-07-25,SOM,0.07776967173829366
2024-07-26,SOM,0.05675676315724953
2024-07-27,SOM,0.08411103087208306
2024-07-28,SOM,0.08411103087208306
2024-07-29,SOM,0.11302788190626661
2024-07-30,SOM,0.07573428309323936
2024-07-31,SOM,0.1316042524796163
2024-08-01,SOM,0.10234318509044829
2024-08-02,SOM,0.09342578755890658
2024-08-03,SOM,0.09699212469782478
2024-08-04,SOM,0.10019555110060915
2024-08-05,SOM,0.3559025806725192
2024-08-06,SOM,0.3895767114764604
2024-08-07,SOM,0.4091639735902836
2024-08-08,SOM,0.4091639735902836
2024-08-09,SOM,0.18536232121648272
2024-08-10,SOM,0.14849455528831945
2024-08-11,SOM,0.1654238275461192
2024-08-12,SOM,0.12931982104609016
2024-08-13,SOM,0.13141191163819788
2024-08-14,SOM,0.13141191163819788
2024-08-15,SOM,0.12047098154057283
2024-08-16,SOM,0.42640468611104404
2024-08-17,SOM,0.4146993182206975
2024-08-18,SOM,0.42606726137120365
2024-08-19,SOM,0.42606726137120365
2024-08-20,SOM,0.26610848731219866
2024-08-21,SOM,0.26617839634969465
2024-08-22,SOM,0.23196801348075072
2024-08-23,SOM,0.2471103982606047
2024-08-24,SOM,0.314497895310494
2024-08-25,SOM,0.314497895310494
2024-08-26,SOM,0.314497895310494
2024-08-27,SOM,0.4239661142552552
2024-08-28,SOM,0.4239661142552552
2024-08-29,SOM,0.3967383494787204
2024-08-30,SOM,0.40091557760338475
2024-08-31,SOM,0.4205472892939998
2024-09-01,SOM,0.4205472892939998
2024-09-02,SOM,0.36708402826997244
2024-09-03,SOM,0.3970044306762059
2024-09-04,SOM,0.36200884477285467
2024-09-05,SOM,0.36209151738542794
2024-09-06,SOM,0.37734109270054256
2024-09-07,SOM,0.37745500810770427
2024-09-08,SOM,0.35711893586408633
2024-09-09,SOM,0.36905241764246705
2024-09-10,SOM,0.4162201281504205
2024-09-11,SOM,0.4162201281504205
2024-09-12,SOM,0.4162201281504205
2024-09-13,SOM,0.39018182578063765
2024-09-14,SOM,0.3538837200816849
2024-09-15,SOM,0.37558106497719973
2024-09-16,SOM,0.37558106497719973
2024-09-17,SOM,0.36863233935902784
2024-09-18,SOM,0.399425008427208
2024-09-19,SOM,0.3923123027481568
2024-09-20,SOM,0.39635371230836464
2024-09-21,SOM,0.39635371230836464
2024-09-22,SOM,0.39635371230836464
2024-09-23,SOM,0.37799929755784656
2024-09-24,SOM,0.39018182578063765
2024-09-25,SOM,0.34907487487154765
2024-09-26,SOM,0.39582618957959265
2024-09-27,SOM,0.3553117448504452
2024-09-28,SOM,0.39487561300797797
2024-09-29,SOM,0.39487561300797797
2024-09-30,SOM,0.39487561300797797
2024-10-01,SOM,0.3270180983911454
2024-10-02,SOM,0.36336250271501924
2024-10-03,SOM,0.4090120271678071
2024-10-04,SOM,0.3462171713223232
2024-10-05,SOM,0.35087213411634427
2024-10-06,SOM,0.362145881951637
2024-10-07,SOM,0.362145881951637
2024-10-08,SOM,0.4217684293098354
2024-10-09,SOM,0.4344024789960067
2024-10-10,SOM,0.4344024789960067
2024-10-11,SOM,0.27860121509196417
2024-10-12,SOM,0.27666271902816136
2024-10-13,SOM,0.22529015850468845
2024-10-14,SOM,0.22529015850468845
2024-10-15,SOM,0.2260373824442412
2024-10-16,SOM,0.22792540463969427
2024-10-17,SOM,0.22792540463969427
2024-10-18,SOM,0.34481919717084847
2024-10-19,SOM,0.39751545958644413
2024-10-20,SOM,0.3934681718750985
2024-10-21,SOM,0.3934681718750985
2024-10-22,SOM,0.37402750380553085
2024-10-23,SOM,0.37568021371558974
2024-10-24,SOM,0.40098870146206794
2024-10-25,SOM,0.3529706261864882
2024-10-26,SOM,0.1913320757496308
2024-10-27,SOM,0.18454429146600798
2024-10-28,SOM,0.18817661759577684
2024-10-29,SOM,0.23364242913374045
2024-10-30,SOM,0.24961328975116917
2024-10-31,SOM,0.24961328975116917
2024-11-01,SOM,0.22577269486527318
2024-11-02,SOM,0.3304658844348471
2024-11-03,SOM,0.32363890574965937
2024-11-04,SOM,0.32363890574965937
2024-11-05,SOM,0.32363890574965937
2024-11-06,SOM,0.309604982768444
2024-11-07,SOM,0.29485940714714154
2024-11-08,SOM,0.19476728974069368
2024-11-09,SOM,0.24930244348107167
2024-11-10,SOM,0.21589598194639345
2024-11-11,SOM,0.21589598194639345
2024-11-12,SOM,0.22965780313479753
2024-11-13,SOM,0.22639643531871448
2024-11-14,SOM,0.24930244348107167
2024-11-15,SOM,0.19818875465887212
2024-11-16,SOM,0.19818875465887212
2024-11-17,SOM,0.19818875465887212
2024-11-18,SOM,0.1580011928211672
2024-11-19,SOM,0.1745874425820247
2024-11-20,SOM,0.2453259114355629
2024-11-21,SOM,0.32314794626891274
2024-11-22,SOM,0.2800494025433336
2024-11-23,SOM,0.27807132547489205
2024-11-24,SOM,0.2722195108904826
2024-11-25,SOM,0.3296556984144109
2024-11-26,SOM,0.3887892713639797
2024-11-27,SOM,0.3793280226584989
2024-11-28,SOM,0.4011207332517351
2024-11-29,SOM,0.40416390556096315
2024-11-30,SOM,0.4211112698660933
2024-12-01,SOM,0.4211112698660933
2024-12-02,SOM,0.4328440951907071
2024-12-03,SOM,0.4328440951907071
2024-12-04,SOM,0.4500754957475191
2024-12-05,SOM,0.42409045401725115
2024-12-06,SOM,0.44973892975768026
2024-12-07,SOM,0.44973892975768026
2024-12-08,SOM,0.44973892975768026
2024-12-09,SOM,0.44973892975768026
2024-12-10,SOM,0.33034379547820486
2024-12-11,SOM,0.3770776133532165
2024-12-12,SOM,0.33034379547820486
2024-12-13,SOM,0.2437797666337602
2024-12-14,SOM,0.2272910209798522
2024-12-15,SOM,0.2272910209798522
2024-12-16,SOM,0.2272910209798522
2024-12-17,SOM,0.25308309682396113
2024-12-18,SOM,0.25308309682396113
2024-12-19,SOM,0.239097755431214
2024-12-20,SOM,0.4221797604100345
2024-12-21,SOM,0.4087302298314543
2024-12-22,SOM,0.2095136279084903
2024-12-23,SOM,0.20389511987292683
2024-12-24,SOM,0.2400354595057503
2024-12-25,SOM,0.2024469785433475
2024-12-26,SOM,0.2024469785433475
2024-12-27,SOM,0.2080360095961222
2024-12-28,SOM,0.21636554024528099
2024-12-29,SOM,0.3536012090191325
2024-12-30,SOM,0.36532828691056013
2024-12-31,SOM,0.3853257640118589
2025-01-01,SOM,0.35795074322462683
2025-01-02,SOM,0.3861507324367953
2025-01-03,SOM,0.3623204276030702
2025-01-04,SOM,0.36025626734304417
2025-01-05,SOM,0.3821132579614543
2025-01-06,SOM,0.37913047130131605
2025-01-07,SOM,0.19487892832154183
2025-01-08,SOM,0.1885437431506697
2025-01-09,SOM,0.22851662887771515
2025-01-10,SOM,0.1885437431506697
2025-01-11,SOM,0.21592028415701311
2025-01-12,SOM,0.19440697553635275
2025-01-13,SOM,0.18077476442035598
2025-01-14,SOM,0.34269130858446967
2025-01-15,SOM,0.37538191616735744
2025-01-16,SOM,0.3776140742301902
2025-01-17,SOM,0.41597388014886616
2025-01-18,SOM,0.3683406083429771
2025-01-19,SOM,0.376658672209681
2025-01-20,SOM,0.18687214000919342
2025-01-21,SOM,0.13664869386982026
2025-01-22,SOM,0.1025803333354109
2025-01-23,SOM,0.11131915853107842
2025-01-24,SOM,0.10632815865515252
2025-01-25,SOM,0.12905903876738903
2025-01-26,SOM,0.12905903876738903
2025-01-27,SOM,0.13475113507154554
2025-01-28,SOM,0.28893701824667195
2025-01-29,SOM,0.37328690342083143
2025-01-30,SOM,0.37328690342083143
2025-01-31,SOM,0.36169420425515314
2025-02-01,SOM,0.3322424198487918
2025-02-02,SOM,0.3322424198487918
2025-02-03,SOM,0.3086774505949768
2025-02-04,SOM,0.22797265975058456
2025-02-05,SOM,0.2871245638788269
2025-02-06,SOM,0.12295636974606083
2025-02-07,SOM,0.13317343979202786
2025-02-08,SOM,0.09015039168323595
2025-02-09,SOM,0.09015039168323595
2025-02-10,SOM,0.09015039168323595
2025-02-11,SOM,0.09834292379525662
2025-02-12,SOM,0.13423140923030846
2025-02-13,SOM,0.15879210333972887
2025-02-14,SOM,0.1524046100265555
2025-02-15,SOM,0.1524046100265555
2025-02-16,SOM,0.1524046100265555
2025-02-17,SOM,0.1694546813355275
2025-02-18,SOM,0.1873626340736443
2025-02-19,SOM,0.15669836264615902
2025-02-20,SOM,0.10296799664198283
2025-02-21,SOM,0.13063846843785792
2025-02-22,SOM,0.14880936706124803
2025-02-23,SOM,0.15731064347202595
2025-02-24,SOM,0.12164094902817277
2025-02-25,SOM,0.20201975549499238
2025-02-26,SOM,0.28223403838015
2025-02-27,SOM,0.23525003207800602
2025-02-28,SOM,0.3091276129578607
2025-03-01,SOM,0.3185573299628672
2025-03-02,SOM,0.3185573299628672
2025-03-03,SOM,0.30148466328033946
2025-03-04,SOM,0.18012325068091178
2025-03-05,SOM,0.18012325068091178
2025-03-06,SOM,0.14068292589600037
2025-03-07,SOM,0.1172373432607126
2025-03-08,SOM,0.0971799915835218
2025-03-09,SOM,0.1125881558741833
2025-03-10,SOM,0.12343519015177205
2025-03-11,SOM,0.11696179080134697
2025-03-12,SOM,0.12148325807656145
2025-03-13,SOM,0.17646548959144606
2025-03-14,SOM,0.16946541304138799
2025-03-15,SOM,0.1979954936964348
2025-03-16,SOM,0.21782204141248201
2025-03-17,SOM,0.22592588191808116
2025-03-18,SOM,0.23760444785806945
2025-03-19,SOM,0.20688655617413976
2025-03-20,SOM,0.18778423866076366
2025-03-21,SOM,0.271922167124119
2025-03-22,SOM,0.3074713787879546
2025-03-23,SOM,0.13646337325325572
2025-03-24,SOM,0.13646337325325572
2025-03-25,SOM,0.12573453776743138
2025-03-26,SOM,0.12475453113909075
2025-03-27,SOM,0.12707376604518378
2025-03-28,SOM,0.13789885211491873
2024-07-01,KEN,0.3351471422337026
2024-07-02,KEN,0.3351471422337026
2024-07-03,KEN,0.3351471422337026
2024-07-04,KEN,0.44094140335994525
2024-07-05,KEN,0.44094140335994525
2024-07-06,KEN,0.1652294399922143
2024-07-07,KEN,0.1652294399922143
2024-07-08,KEN,0.17913171390747684
2024-07-09,KEN,0.17913171390747684
2024-07-10,KEN,0.17913171390747684
2024-07-11,KEN,0.16910948890438376
2024-07-12,KEN,0.16457700963094793
2024-07-13,KEN,0.36161151760781046
2024-07-14,KEN,0.3615417933177758
2024-07-15,KEN,0.3615417933177758
2024-07-16,KEN,0.3615417933177758
2024-07-17,KEN,0.3615417933177758
2024-07-18,KEN,0.14137595301530287
2024-07-19,KEN,0.1666107897067777
2024-07-20,KEN,0.13041931947604224
2024-07-21,KEN,0.13041931947604224
2024-07-22,KEN,0.13041931947604224
2024-07-23,KEN,0.13041931947604224
2024-07-24,KEN,0.13041931947604224
2024-07-25,KEN,0.349360790440565
2024-07-26,KEN,0.48441790442802546
2024-07-27,KEN,0.4601078828788373
2024-07-28,KEN,0.4601078828788373
2024-07-29,KEN,0.3273212803600076
2024-07-30,KEN,0.3273212803600076
2024-07-31,KEN,0.3273212803600076
2024-08-01,KEN,0.2890406539733018
2024-08-02,KEN,0.2890406539733018
2024-08-03,KEN,0.2889113192149468
2024-08-04,KEN,0.2889113192149468
2024-08-05,KEN,0.45995152312472787
2024-08-06,KEN,0.45995152312472787
2024-08-07,KEN,0.45995152312472787
2024-08-08,KEN,0.45995152312472787
2024-08-09,KEN,0.5281646868705432
2024-08-10,KEN,0.3935851809574261
2024-08-11,KEN,0.3935851809574261
2024-08-12,KEN,0.3901083543883801
2024-08-13,KEN,0.36800941719708025
2024-08-14,KEN,0.37450841482005065
2024-08-15,KEN,0.3901083543883801
2024-08-16,KEN,0.37450841482005065
2024-08-17,KEN,0.5055127954775738
2024-08-18,KEN,0.4697850485989388
2024-08-19,KEN,0.1557945112757027
2024-08-20,KEN,0.11334862842737964
2024-08-21,KEN,0.11097560740480746
2024-08-22,KEN,0.11092485874608674
2024-08-23,KEN,0.11925765881288715
2024-08-24,KEN,0.12107659429818093
2024-08-25,KEN,0.12205161451682614
2024-08-26,KEN,0.13086992904423214
2024-08-27,KEN,0.12739019429730733
2024-08-28,KEN,0.13848816239711462
2024-08-29,KEN,0.14809240053679593
2024-08-30,KEN,0.14455594997667612
2024-08-31,KEN,0.15569081744225444
2024-09-01,KEN,0.1470783526720675
2024-09-02,KEN,0.4527509900615341
2024-09-03,KEN,0.4527509900615341
2024-09-04,KEN,0.2662959477774115
2024-09-05,KEN,0.302847415045397
2024-09-06,KEN,0.302847415045397
2024-09-07,KEN,0.313098394318145
2024-09-08,KEN,0.3313119886590001
2024-09-09,KEN,0.3659677401794017
2024-09-10,KEN,0.3519149470531429
2024-09-11,KEN,0.39814771874839877
2024-09-12,KEN,0.3935851809574261
2024-09-13,KEN,0.3935851809574261
2024-09-14,KEN,0.3935851809574261
2024-09-15,KEN,0.3745791726442533
2024-09-16,KEN,0.3745791726442533
2024-09-17,KEN,0.4567982939685636
2024-09-18,KEN,0.5606312414791056
2024-09-19,KEN,0.5606312414791056
2024-09-20,KEN,0.5606312414791056
2024-09-21,KEN,0.5240253888226275
2024-09-22,KEN,0.5141288731086304
2024-09-23,KEN,0.43367991025535446
2024-09-24,KEN,0.2826642979999383
2024-09-25,KEN,0.16326835635757028
2024-09-26,KEN,0.15687851163070773
2024-09-27,KEN,0.15687851163070773
2024-09-28,KEN,0.16506099115319572
2024-09-29,KEN,0.15675680643644269
2024-09-30,KEN,0.15743447470704044
2024-10-01,KEN,0.1907822931468659
2024-10-02,KEN,0.2539591898832599
2024-10-03,KEN,0.28283780045120277
2024-10-04,KEN,0.27622599239970563
2024-10-05,KEN,0.27622599239970563
2024-10-06,KEN,0.5014832870800201
2024-10-07,KEN,0.5014832870800201
2024-10-08,KEN,0.5912618197603308
2024-10-09,KEN,0.5606312414791056
2024-10-10,KEN,0.5606312414791056
2024-10-11,KEN,0.45995152312472787
2024-10-12,KEN,0.3038355427335486
2024-10-13,KEN,0.26985557856524844
2024-10-14,KEN,0.2708651250733855
2024-10-15,KEN,0.2708651250733855
2024-10-16,KEN,0.20190246436996775
2024-10-17,KEN,0.1789996671603533
2024-10-18,KEN,0.16672017899586036
2024-10-19,KEN,0.19159046456801726
2024-10-20,KEN,0.21158891280449885
2024-10-21,KEN,0.19159046456801726
2024-10-22,KEN,0.17053825924779414
2024-10-23,KEN,0.19936489356163586
2024-10-24,KEN,0.2720408599992994
2024-10-25,KEN,0.37007594860974896
2024-10-26,KEN,0.10162812878426154
2024-10-27,KEN,0.09810178691748027
2024-10-28,KEN,0.10966556565357222
2024-10-29,KEN,0.11355524060213996
2024-10-30,KEN,0.1634882766271281
2024-10-31,KEN,0.16344697287903578
2024-11-01,KEN,0.14669561508478687
2024-11-02,KEN,0.5534698789706084
2024-11-03,KEN,0.4285917962308649
2024-11-04,KEN,0.28843434397987266
2024-11-05,KEN,0.28843434397987266
2024-11-06,KEN,0.26787380502582725
2024-11-07,KEN,0.22798228949774943
2024-11-08,KEN,0.24879278819351322
2024-11-09,KEN,0.24879278819351322
2024-11-10,KEN,0.283871309356359
2024-11-11,KEN,0.32064143168888143
2024-11-12,KEN,0.2836187132825712
2024-11-13,KEN,0.5214606862297976
2024-11-14,KEN,0.5238332835950437
2024-11-15,KEN,0.5195510291618723
2024-11-16,KEN,0.5534698789706084
2024-11-17,KEN,0.3858140871975783
2024-11-18,KEN,0.36695626069033316
2024-11-19,KEN,0.42470848758368956
2024-11-20,KEN,0.40865201070918594
2024-11-21,KEN,0.40865201070918594
2024-11-22,KEN,0.3920009663781305
2024-11-23,KEN,0.3515811339667931
2024-11-24,KEN,0.5460330480766393
2024-11-25,KEN,0.5427007619997072
2024-11-26,KEN,0.5265600375719935
2024-11-27,KEN,0.5450599256185282
2024-11-28,KEN,0.16257670093003246
2024-11-29,KEN,0.15189927559777044
2024-11-30,KEN,0.16413245252740183
2024-12-01,KEN,0.13821136258411615
2024-12-02,KEN,0.1391991490009383
2024-12-03,KEN,0.11408175838618234
2024-12-04,KEN,0.10797118618183571
2024-12-05,KEN,0.5226722892640191
2024-12-06,KEN,0.5411917240815091
2024-12-07,KEN,0.5935580834732139
2024-12-08,KEN,0.5935580834732139
2024-12-09,KEN,0.5935580834732139
2024-12-10,KEN,0.5935580834732139
2024-12-11,KEN,0.5935580834732139
2024-12-12,KEN,0.5935580834732139
2024-12-13,KEN,0.5997545736570568
2024-12-14,KEN,0.5997545736570568
2024-12-15,KEN,0.5997545736570568
2024-12-16,KEN,0.5475780485475918
2024-12-17,KEN,0.5202992045269342
2024-12-18,KEN,0.5202992045269342
2024-12-19,KEN,0.5202992045269342
2024-12-20,KEN,0.5202992045269342
2024-12-21,KEN,0.20392297266689952
2024-12-22,KEN,0.22811576733908423
2024-12-23,KEN,0.26565702273297487
2024-12-24,KEN,0.29389443034631507
2024-12-25,KEN,0.2822960035792718
2024-12-26,KEN,0.2822960035792718
2024-12-27,KEN,0.2803732423114724
2024-12-28,KEN,0.5503580042681513
2024-12-29,KEN,0.14489548982960845
2024-12-30,KEN,0.14489548982960845
2024-12-31,KEN,0.10487212131496627
2025-01-01,KEN,0.11594472250517425
2025-01-02,KEN,0.11594472250517425
2025-01-03,KEN,0.11594472250517425
2025-01-04,KEN,0.10487212131496627
2025-01-05,KEN,0.28670156960219983
2025-01-06,KEN,0.28670156960219983
2025-01-07,KEN,0.28670156960219983
2025-01-08,KEN,0.26549418071038083
2025-01-09,KEN,0.27433125506397693
2025-01-10,KEN,0.27433125506397693
2025-01-11,KEN,0.27433125506397693
2025-01-12,KEN,0.32386702838442466
2025-01-13,KEN,0.32386702838442466
2025-01-14,KEN,0.32386702838442466
2025-01-15,KEN,0.37765584954378795
2025-01-16,KEN,0.5536803809799854
2025-01-17,KEN,0.5536803809799854
2025-01-18,KEN,0.2944582708934473
2025-01-19,KEN,0.2851588910673544
2025-01-20,KEN,0.23977983066749567
2025-01-21,KEN,0.1991700997837197
2025-01-22,KEN,0.2672162821434593
2025-01-23,KEN,0.2672162821434593
2025-01-24,KEN,0.24532941360167848
2025-01-25,KEN,0.2562983366251638
2025-01-26,KEN,0.2562983366251638
2025-01-27,KEN,0.2753952018904406
2025-01-28,KEN,0.2070174285372374
2025-01-29,KEN,0.31732316269685445
2025-01-30,KEN,0.3302684252898388
2025-01-31,KEN,0.30722642058064076
2025-02-01,KEN,0.3302684252898388
2025-02-02,KEN,0.3302684252898388
2025-02-03,KEN,0.35615683327883063
2025-02-04,KEN,0.2822953749237503
2025-02-05,KEN,0.3187157226461969
2025-02-06,KEN,0.38224989454599057
2025-02-07,KEN,0.3542940814336328
2025-02-08,KEN,0.3543447518386149
2025-02-09,KEN,0.34883744840038605
2025-02-10,KEN,0.3542940814336328
2025-02-11,KEN,0.3542940814336328
2025-02-12,KEN,0.4367727107668768
2025-02-13,KEN,0.4539081140820717
2025-02-14,KEN,0.4539081140820717
2025-02-15,KEN,0.4574771375103033
2025-02-16,KEN,0.4665343831965305
2025-02-17,KEN,0.43271019542777817
2025-02-18,KEN,0.4403097814444768
2025-02-19,KEN,0.4402552003796462
2025-02-20,KEN,0.43436524485569566
2025-02-21,KEN,0.43271019542777817
2025-02-22,KEN,0.4627915482381355
2025-02-23,KEN,0.4838679598425936
2025-02-24,KEN,0.4761561675529645
2025-02-25,KEN,0.45511946446564777
2025-02-26,KEN,0.4491354335003789
2025-02-27,KEN,0.4491354335003789
2025-02-28,KEN,0.44125150921515344
2025-03-01,KEN,0.045160772964109454
2025-03-02,KEN,0.040929336998299815
2025-03-03,KEN,0.05486789021999495
2025-03-04,KEN,0.0632491785370278
2025-03-05,KEN,0.051029069746050815
2025-03-06,KEN,0.0632491785370278
2025-03-07,KEN,0.05711820402739096
2025-03-08,KEN,0.43954157582339504
2025-03-09,KEN,0.43954157582339504
2025-03-10,KEN,0.39180964897013604
2025-03-11,KEN,0.4115350651626462
2025-03-12,KEN,0.4043731214480423
2025-03-13,KEN,0.4043731214480423
2025-03-14,KEN,0.39915537410529933
2025-03-15,KEN,0.4160099511837295
2025-03-16,KEN,0.40598430237011046
2025-03-17,KEN,0.4600265514092368
2025-03-18,KEN,0.2880622756378333
2025-03-19,KEN,0.2880622756378333
2025-03-20,KEN,0.331411174629057
2025-03-21,KEN,0.33155066414754786
2025-03-22,KEN,0.32097785201645573
2025-03-23,KEN,0.36478526921565396
2025-03-24,KEN,0.36478526921565396
2025-03-25,KEN,0.5366228728010267
2025-03-26,KEN,0.5438317353181207
2025-03-27,KEN,0.5438317353181207
2025-03-28,KEN,0.5438317353181207
2024-07-01,UGA,0.5833435712438554
2024-07-02,UGA,0.5833435712438554
2024-07-03,UGA,0.5833435712438554
2024-07-04,UGA,0.5774603460424248
2024-07-05,UGA,0.5774603460424248
2024-07-06,UGA,0.20097361910447645
2024-07-07,UGA,0.21090958396742493
2024-07-08,UGA,0.20931321355634577
2024-07-09,UGA,0.23810869699731146
2024-07-10,UGA,0.23810869699731146
2024-07-11,UGA,0.13180835905184948
2024-07-12,UGA,0.12826581421950123
2024-07-13,UGA,0.16266652979895033
2024-07-14,UGA,0.16266652979895033
2024-07-15,UGA,0.16266652979895033
2024-07-16,UGA,0.12767980045509275
2024-07-17,UGA,0.1134097493864
2024-07-18,UGA,0.4916294226882637
2024-07-19,UGA,0.4817939199626464
2024-07-20,UGA,0.46795658434444176
2024-07-21,UGA,0.46795658434444176
2024-07-22,UGA,0.46795658434444176
2024-07-23,UGA,0.46795658434444176
2024-07-24,UGA,0.4777700449286911
2024-07-25,UGA,0.5874066863596156
2024-07-26,UGA,0.5874066863596156
2024-07-27,UGA,0.5874066863596156
2024-07-28,UGA,0.09936707356316708
2024-07-29,UGA,0.09936707356316708
2024-07-30,UGA,0.09936707356316708
2024-07-31,UGA,0.10324362832169841
2024-08-01,UGA,0.10324362832169841
2024-08-02,UGA,0.09784663922013706
2024-08-03,UGA,0.09736730720671018
2024-08-04,UGA,0.48033540926486795
2024-08-05,UGA,0.4733076494008146
2024-08-06,UGA,0.44324265867896506
2024-08-07,UGA,0.5811525335910469
2024-08-08,UGA,0.5811525335910469
2024-08-09,UGA,0.5811525335910469
2024-08-10,UGA,0.5775888694424431
2024-08-11,UGA,0.4831314263121897
2024-08-12,UGA,0.3595297914013404
2024-08-13,UGA,0.3595297914013404
2024-08-14,UGA,0.3654800566211507
2024-08-15,UGA,0.3654800566211507
2024-08-16,UGA,0.3654800566211507
2024-08-17,UGA,0.3768377098924966
2024-08-18,UGA,0.5616762706451637
2024-08-19,UGA,0.5616762706451637
2024-08-20,UGA,0.5616762706451637
2024-08-21,UGA,0.5616762706451637
2024-08-22,UGA,0.5616762706451637
2024-08-23,UGA,0.5616762706451637
2024-08-24,UGA,0.48380052236349674
2024-08-25,UGA,0.49023323300882193
2024-08-26,UGA,0.49023323300882193
2024-08-27,UGA,0.3281220758669962
2024-08-28,UGA,0.3535922808977957
2024-08-29,UGA,0.3424214798428258
2024-08-30,UGA,0.3535922808977957
2024-08-31,UGA,0.5616762706451637
2024-09-01,UGA,0.5616762706451637
2024-09-02,UGA,0.5616762706451637
2024-09-03,UGA,0.5616762706451637
2024-09-04,UGA,0.1669888092848147
2024-09-05,UGA,0.16946290483808357
2024-09-06,UGA,0.16946290483808357
2024-09-07,UGA,0.1690861380112316
2024-09-08,UGA,0.1690861380112316
2024-09-09,UGA,0.1690861380112316
2024-09-10,UGA,0.1802662624759327
2024-09-11,UGA,0.3902903123716956
2024-09-12,UGA,0.39438043967915176
2024-09-13,UGA,0.39438043967915176
2024-09-14,UGA,0.3372798421212685
2024-09-15,UGA,0.3372798421212685
2024-09-16,UGA,0.3372798421212685
2024-09-17,UGA,0.3372798421212685
2024-09-18,UGA,0.3372798421212685
2024-09-19,UGA,0.4098061410618906
2024-09-20,UGA,0.4098061410618906
2024-09-21,UGA,0.4098061410618906
2024-09-22,UGA,0.4154174642092265
2024-09-23,UGA,0.3983509394391672
2024-09-24,UGA,0.4154174642092265
2024-09-25,UGA,0.3983509394391672
2024-09-26,UGA,0.3983509394391672
2024-09-27,UGA,0.3983509394391672
2024-09-28,UGA,0.5835298589060032
2024-09-29,UGA,0.5835298589060032
2024-09-30,UGA,0.5835298589060032
2024-10-01,UGA,0.5835298589060032
2024-10-02,UGA,0.2473100589466392
2024-10-03,UGA,0.2473100589466392
2024-10-04,UGA,0.18501109052856737
2024-10-05,UGA,0.24751771398609862
2024-10-06,UGA,0.17349468971482707
2024-10-07,UGA,0.1542130327782926
2024-10-08,UGA,0.1578731973539042
2024-10-09,UGA,0.40330084918710973
2024-10-10,UGA,0.35132895636708456
2024-10-11,UGA,0.3105536457461207
2024-10-12,UGA,0.3105536457461207
2024-10-13,UGA,0.3105536457461207
2024-10-14,UGA,0.2597201245356735
2024-10-15,UGA,0.2597201245356735
2024-10-16,UGA,0.2597201245356735
2024-10-17,UGA,0.30540501363805744
2024-10-18,UGA,0.33718874963355583
2024-10-19,UGA,0.33718874963355583
2024-10-20,UGA,0.09655441348337271
2024-10-21,UGA,0.1643212104898928
2024-10-22,UGA,0.1643212104898928
2024-10-23,UGA,0.16722157348502126
2024-10-24,UGA,0.17585612069347384
2024-10-25,UGA,0.18010221559040995
2024-10-26,UGA,0.20207586581424453
2024-10-27,UGA,0.22328117669896427
2024-10-28,UGA,0.22288650057001386
2024-10-29,UGA,0.22288650057001386
2024-10-30,UGA,0.2745165643506126
2024-10-31,UGA,0.21321243127615963
2024-11-01,UGA,0.17495852075941437
2024-11-02,UGA,0.19245455972935022
2024-11-03,UGA,0.5732259314377548
2024-11-04,UGA,0.5732259314377548
2024-11-05,UGA,0.09864771541019561
2024-11-06,UGA,0.07992543119048373
2024-11-07,UGA,0.07806389621242542
2024-11-08,UGA,0.0828647802324383
2024-11-09,UGA,0.08066299667563694
2024-11-10,UGA,0.08066299667563694
2024-11-11,UGA,0.08066299667563694
2024-11-12,UGA,0.5774603460424248
2024-11-13,UGA,0.5774603460424248
2024-11-14,UGA,0.5752608967970548
2024-11-15,UGA,0.5752608967970548
2024-11-16,UGA,0.5752608967970548
2024-11-17,UGA,0.5752608967970548
2024-11-18,UGA,0.5752608967970548
2024-11-19,UGA,0.5874066863596156
2024-11-20,UGA,0.5874066863596156
2024-11-21,UGA,0.5874066863596156
2024-11-22,UGA,0.5874066863596156
2024-11-23,UGA,0.5874066863596156
2024-11-24,UGA,0.5874066863596156
2024-11-25,UGA,0.5874066863596156
2024-11-26,UGA,0.5832000034082271
2024-11-27,UGA,0.5832000034082271
2024-11-28,UGA,0.5832000034082271
2024-11-29,UGA,0.5832000034082271
2024-11-30,UGA,0.5832000034082271
2024-12-01,UGA,0.31165744109333565
2024-12-02,UGA,0.29877230002965116
2024-12-03,UGA,0.30385803081356066
2024-12-04,UGA,0.30385803081356066
2024-12-05,UGA,0.2302790299937862
2024-12-06,UGA,0.2270294405008588
2024-12-07,UGA,0.2384870583775381
2024-12-08,UGA,0.5493541320121536
2024-12-09,UGA,0.40606691806449813
2024-12-10,UGA,0.3942494246789203
2024-12-11,UGA,0.3942494246789203
2024-12-12,UGA,0.3942494246789203
2024-12-13,UGA,0.32398086843139695
2024-12-14,UGA,0.32398086843139695
2024-12-15,UGA,0.32398086843139695
2024-12-16,UGA,0.3942494246789203
2024-12-17,UGA,0.3942494246789203
2024-12-18,UGA,0.3942494246789203
2024-12-19,UGA,0.33587274687035695
2024-12-20,UGA,0.40220529792968723
2024-12-21,UGA,0.4007205571860374
2024-12-22,UGA,0.4007205571860374
2024-12-23,UGA,0.4007205571860374
2024-12-24,UGA,0.4007205571860374
2024-12-25,UGA,0.4102111431293041
2024-12-26,UGA,0.571353224540526
2024-12-27,UGA,0.5874066863596156
2024-12-28,UGA,0.5874066863596156
2024-12-29,UGA,0.5874066863596156
2024-12-30,UGA,0.5874066863596156
2024-12-31,UGA,0.3578828447449852
2025-01-01,UGA,0.33449585768656703
2025-01-02,UGA,0.3481567214639099
2025-01-03,UGA,0.3481567214639099
2025-01-04,UGA,0.371964994455521
2025-01-05,UGA,0.371964994455521
2025-01-06,UGA,0.371964994455521
2025-01-07,UGA,0.5774603460424248
2025-01-08,UGA,0.4046214692989291
2025-01-09,UGA,0.4046214692989291
2025-01-10,UGA,0.4046214692989291
2025-01-11,UGA,0.40621585736993054
2025-01-12,UGA,0.39583011451515265
2025-01-13,UGA,0.3300298252293235
2025-01-14,UGA,0.33661683720120467
2025-01-15,UGA,0.4157463024546728
2025-01-16,UGA,0.2429155695020142
2025-01-17,UGA,0.24776786324998368
2025-01-18,UGA,0.25846216956138723
2025-01-19,UGA,0.24392484445506382
2025-01-20,UGA,0.2543490839624431
2025-01-21,UGA,0.2543490839624431
2025-01-22,UGA,0.2692863984104928
2025-01-23,UGA,0.5691457045662351
2025-01-24,UGA,0.5691457045662351
2025-01-25,UGA,0.3303364325924707
2025-01-26,UGA,0.28243858219748574
2025-01-27,UGA,0.274576352905894
2025-01-28,UGA,0.24937711604487545
2025-01-29,UGA,0.2673748353978273
2025-01-30,UGA,0.24941677567045845
2025-01-31,UGA,0.2261714344922437
2025-02-01,UGA,0.3460636797234078
2025-02-02,UGA,0.2776189805587857
2025-02-03,UGA,0.2784985101159177
2025-02-04,UGA,0.32237264284241357
2025-02-05,UGA,0.3096166505875123
2025-02-06,UGA,0.3096166505875123
2025-02-07,UGA,0.3096166505875123
2025-02-08,UGA,0.3145873488996355
2025-02-09,UGA,0.5791516770693982
2025-02-10,UGA,0.5791516770693982
2025-02-11,UGA,0.5791516770693982
2025-02-12,UGA,0.5833435712438554
2025-02-13,UGA,0.5833435712438554
2025-02-14,UGA,0.5833435712438554
2025-02-15,UGA,0.5833435712438554
2025-02-16,UGA,0.5895881121130047
2025-02-17,UGA,0.4314650211055705
2025-02-18,UGA,0.4314650211055705
2025-02-19,UGA,0.4314650211055705
2025-02-20,UGA,0.4314917250551461
2025-02-21,UGA,0.4314650211055705
2025-02-22,UGA,0.4218344059292381
2025-02-23,UGA,0.42186095610586255
2025-02-24,UGA,0.3651011801050268
2025-02-25,UGA,0.3492290355282295
2025-02-26,UGA,0.3492290355282295
2025-02-27,UGA,0.3386398160914204
2025-02-28,UGA,0.30541063369454297
2025-03-01,UGA,0.328762558590517
2025-03-02,UGA,0.328762558590517
2025-03-03,UGA,0.3766920956802319
2025-03-04,UGA,0.36201735545214986
2025-03-05,UGA,0.1604048698332586
2025-03-06,UGA,0.18939457246011418
2025-03-07,UGA,0.123701396541591
2025-03-08,UGA,0.10132093295491135
2025-03-09,UGA,0.08887074884038003
2025-03-10,UGA,0.08887074884038003
2025-03-11,UGA,0.10914683109514156
2025-03-12,UGA,0.11486972605692294
2025-03-13,UGA,0.1253323917659507
2025-03-14,UGA,0.5791516770693982
2025-03-15,UGA,0.5791516770693982
2025-03-16,UGA,0.36753549335436864
2025-03-17,UGA,0.36753549335436864
2025-03-18,UGA,0.36753549335436864
2025-03-19,UGA,0.36753549335436864
2025-03-20,UGA,0.36753549335436864
2025-03-21,UGA,0.36753549335436864
2025-03-22,UGA,0.3624419889897315
2025-03-23,UGA,0.4139884509590119
2025-03-24,UGA,0.4139884509590119
2025-03-25,UGA,0.4139884509590119
2025-03-26,UGA,0.4139884509590119
2025-03-27,UGA,0.4139884509590119
2025-03-28,UGA,0.4139884509590119
2024-07-01,ERI,0.17943655826424487
2024-07-02,ERI,0.16619801274356666
2024-07-03,ERI,0.17384346926243918
2024-07-04,ERI,0.2003176552374389
2024-07-05,ERI,0.1669747701730383
2024-07-06,ERI,0.17921702011062007
2024-07-07,ERI,0.1535254544110156
2024-07-08,ERI,0.10138085359242878
2024-07-09,ERI,0.11179242204778694
2024-07-10,ERI,0.1635354635737295
2024-07-11,ERI,0.1508353570098653
2024-07-12,ERI,0.19635344369375732
2024-07-13,ERI,0.17996590640456106
2024-07-14,ERI,0.17891297163941575
2024-07-15,ERI,0.1657052546605951
2024-07-16,ERI,0.17695306553329324
2024-07-17,ERI,0.19085221492452523
2024-07-18,ERI,0.17731383852696844
2024-07-19,ERI,0.16616387985576236
2024-07-20,ERI,0.1708344616821416
2024-07-21,ERI,0.1810383613328616
2024-07-22,ERI,0.19043188984221376
2024-07-23,ERI,0.22099503517657176
2024-07-24,ERI,0.24370919393718954
2024-07-25,ERI,0.1825607328366053
2024-07-26,ERI,0.19640408270415902
2024-07-27,ERI,0.18858081730682405
2024-07-28,ERI,0.18159649332550828
2024-07-29,ERI,0.18159649332550828
2024-07-30,ERI,0.17792033787488087
2024-07-31,ERI,0.1803315885039946
2024-08-01,ERI,0.1693191761053395
2024-08-02,ERI,0.1814859007338468
2024-08-03,ERI,0.17250195983859617
2024-08-04,ERI,0.182501164005262
2024-08-05,ERI,0.21697867624839032
2024-08-06,ERI,0.13581638477958233
2024-08-07,ERI,0.17282261657578618
2024-08-08,ERI,0.1805627525424516
2024-08-09,ERI,0.15793280839473878
2024-08-10,ERI,0.16161169907512613
2024-08-11,ERI,0.14361991442026995
2024-08-12,ERI,0.14361991442026995
2024-08-13,ERI,0.17967090832882635
2024-08-14,ERI,0.17967090832882635
2024-08-15,ERI,0.20895274636637323
2024-08-16,ERI,0.17209806144730028
2024-08-17,ERI,0.19526721664854432
2024-08-18,ERI,0.19526721664854432
2024-08-19,ERI,0.21013722561661052
2024-08-20,ERI,0.17990004743739074
2024-08-21,ERI,0.17186133426208836
2024-08-22,ERI,0.13058351886748717
2024-08-23,ERI,0.13337408747343998
2024-08-24,ERI,0.11354438135610082
2024-08-25,ERI,0.12001611678706522
2024-08-26,ERI,0.12925476111161535
2024-08-27,ERI,0.1390884465001582
2024-08-28,ERI,0.1320629565456492
2024-08-29,ERI,0.1390884465001582
2024-08-30,ERI,0.1320629565456492
2024-08-31,ERI,0.13351613303025106
2024-09-01,ERI,0.1372025635042043
2024-09-02,ERI,0.19303135064746377
2024-09-03,ERI,0.1950138900378863
2024-09-04,ERI,0.19084308243771772
2024-09-05,ERI,0.19884788068750917
2024-09-06,ERI,0.20790566291201992
2024-09-07,ERI,0.2038090669895798
2024-09-08,ERI,0.2038090669895798
2024-09-09,ERI,0.19412573454243648
2024-09-10,ERI,0.22985239800693655
2024-09-11,ERI,0.2254464452928073
2024-09-12,ERI,0.20484697197531113
2024-09-13,ERI,0.21059011810725994
2024-09-14,ERI,0.22392062221018796
2024-09-15,ERI,0.22392062221018796
2024-09-16,ERI,0.23880201745828317
2024-09-17,ERI,0.23880201745828317
2024-09-18,ERI,0.21077189627826534
2024-09-19,ERI,0.206981256770744
2024-09-20,ERI,0.2227832045293109
2024-09-21,ERI,0.1820282182681825
2024-09-22,ERI,0.19623096271986376
2024-09-23,ERI,0.21544791255907803
2024-09-24,ERI,0.25345031723328054
2024-09-25,ERI,0.24909326748615496
2024-09-26,ERI,0.24909326748615496
2024-09-27,ERI,0.24909326748615496
2024-09-28,ERI,0.17568127470212433
2024-09-29,ERI,0.1665215674191976
2024-09-30,ERI,0.16524548253512836
2024-10-01,ERI,0.1780855712243859
2024-10-02,ERI,0.16526784279182538
2024-10-03,ERI,0.17071785606004714
2024-10-04,ERI,0.15170092906670501
2024-10-05,ERI,0.18016411540188004
2024-10-06,ERI,0.17191761964644495
2024-10-07,ERI,0.15994418806733332
2024-10-08,ERI,0.1564182740237041
2024-10-09,ERI,0.19951803148749753
2024-10-10,ERI,0.20350529344700016
2024-10-11,ERI,0.1615320392864335
2024-10-12,ERI,0.14957177865522486
2024-10-13,ERI,0.1742431813674648
2024-10-14,ERI,0.16022084496433955
2024-10-15,ERI,0.22208219521186
2024-10-16,ERI,0.14285299518816194
2024-10-17,ERI,0.2072216132169007
2024-10-18,ERI,0.20685145132097582
2024-10-19,ERI,0.2295097815959103
2024-10-20,ERI,0.19437313574028448
2024-10-21,ERI,0.1922604519208166
2024-10-22,ERI,0.21804983672569456
2024-10-23,ERI,0.18696237814083355
2024-10-24,ERI,0.18954144017123897
2024-10-25,ERI,0.18329472301459787
2024-10-26,ERI,0.22183917291364946
2024-10-27,ERI,0.22183917291364946
2024-10-28,ERI,0.1708493166533992
2024-10-29,ERI,0.16740889970815026
2024-10-30,ERI,0.19987292612322294
2024-10-31,ERI,0.16561524419848367
2024-11-01,ERI,0.13950899140734788
2024-11-02,ERI,0.17750989581325302
2024-11-03,ERI,0.14792170780708117
2024-11-04,ERI,0.16043911647273773
2024-11-05,ERI,0.14792170780708117
2024-11-06,ERI,0.15020533712573908
2024-11-07,ERI,0.13849962749054956
2024-11-08,ERI,0.15211243042037179
2024-11-09,ERI,0.20997207188862907
2024-11-10,ERI,0.18700403518359104
2024-11-11,ERI,0.22414459055628014
2024-11-12,ERI,0.21207306363353476
2024-11-13,ERI,0.20380782234646944
2024-11-14,ERI,0.19380858889538363
2024-11-15,ERI,0.19437840637757678
2024-11-16,ERI,0.15821851168155313
2024-11-17,ERI,0.17393276146570652
2024-11-18,ERI,0.1406391327898873
2024-11-19,ERI,0.13624384621921914
2024-11-20,ERI,0.12872810592916123
2024-11-21,ERI,0.14965119620861692
2024-11-22,ERI,0.14965119620861692
2024-11-23,ERI,0.1396026918504937
2024-11-24,ERI,0.15121744910542226
2024-11-25,ERI,0.15121744910542226
2024-11-26,ERI,0.15202154118451272
2024-11-27,ERI,0.175169692119585
2024-11-28,ERI,0.175169692119585
2024-11-29,ERI,0.18891267009947835
2024-11-30,ERI,0.16940585221156862
2024-12-01,ERI,0.174313002883053
2024-12-02,ERI,0.17328615282390905
2024-12-03,ERI,0.17334907671192148
2024-12-04,ERI,0.16788805507154483
2024-12-05,ERI,0.1593732854108098
2024-12-06,ERI,0.16946765591412966
2024-12-07,ERI,0.16030416509852294
2024-12-08,ERI,0.17660203835794325
2024-12-09,ERI,0.16030416509852294
2024-12-10,ERI,0.16983128200748704
2024-12-11,ERI,0.21056899517020763
2024-12-12,ERI,0.22010889769062197
2024-12-13,ERI,0.2328203384881556
2024-12-14,ERI,0.1792374380629924
2024-12-15,ERI,0.19961573326587795
2024-12-16,ERI,0.20717795436671274
2024-12-17,ERI,0.15422960037556419
2024-12-18,ERI,0.23540351679727858
2024-12-19,ERI,0.1875362661088931
2024-12-20,ERI,0.18790572272185507
2024-12-21,ERI,0.16770579049697612
2024-12-22,ERI,0.1976739514982834
2024-12-23,ERI,0.1976739514982834
2024-12-24,ERI,0.21588439266725346
2024-12-25,ERI,0.2212612262763184
2024-12-26,ERI,0.20255210518636987
2024-12-27,ERI,0.23216963087384823
2024-12-28,ERI,0.19528688676479133
2024-12-29,ERI,0.1636784130018293
2024-12-30,ERI,0.2098475144015996
2024-12-31,ERI,0.16623482421909908
2025-01-01,ERI,0.1804859510007916
2025-01-02,ERI,0.16005320851709018
2025-01-03,ERI,0.196582416880597
2025-01-04,ERI,0.19719896496116493
2025-01-05,ERI,0.19719896496116493
2025-01-06,ERI,0.19719896496116493
2025-01-07,ERI,0.13424598386389924
2025-01-08,ERI,0.15532358148941047
2025-01-09,ERI,0.1679015730188195
2025-01-10,ERI,0.1591729435058472
2025-01-11,ERI,0.14372735627127328
2025-01-12,ERI,0.12991628820756823
2025-01-13,ERI,0.12991628820756823
2025-01-14,ERI,0.12655174434542976
2025-01-15,ERI,0.12629549504336254
2025-01-16,ERI,0.16209274936434837
2025-01-17,ERI,0.11808327260502466
2025-01-18,ERI,0.1440368531936503
2025-01-19,ERI,0.13899663990836766
2025-01-20,ERI,0.15327644957442352
2025-01-21,ERI,0.17225749654023254
2025-01-22,ERI,0.17225749654023254
2025-01-23,ERI,0.15944569134441278
2025-01-24,ERI,0.14880171444091972
2025-01-25,ERI,0.15022466007408117
2025-01-26,ERI,0.1368284585322418
2025-01-27,ERI,0.1481432173860768
2025-01-28,ERI,0.11197225904015702
2025-01-29,ERI,0.1512323816675797
2025-01-30,ERI,0.12872302057290452
2025-01-31,ERI,0.18097540173494384
2025-02-01,ERI,0.2306116662794782
2025-02-02,ERI,0.20638387737489114
2025-02-03,ERI,0.20638387737489114
2025-02-04,ERI,0.2095648929071017
2025-02-05,ERI,0.1986470796716242
2025-02-06,ERI,0.20895274636637323
2025-02-07,ERI,0.19819056346690223
2025-02-08,ERI,0.1815083388241059
2025-02-09,ERI,0.1478843260748998
2025-02-10,ERI,0.15951166155576763
2025-02-11,ERI,0.17942701736232697
2025-02-12,ERI,0.1515612074759327
2025-02-13,ERI,0.14388147209263663
2025-02-14,ERI,0.15251185596498446
2025-02-15,ERI,0.12819088726694305
2025-02-16,ERI,0.12819088726694305
2025-02-17,ERI,0.12819088726694305
2025-02-18,ERI,0.12409793438488254
2025-02-19,ERI,0.13175264256970234
2025-02-20,ERI,0.1298880191923127
2025-02-21,ERI,0.13681604533643893
2025-02-22,ERI,0.19831380590826203
2025-02-23,ERI,0.19314911277122368
2025-02-24,ERI,0.19314911277122368
2025-02-25,ERI,0.20486142671768978
2025-02-26,ERI,0.1718498036085121
2025-02-27,ERI,0.167199117575816
2025-02-28,ERI,0.19097347584360946
2025-03-01,ERI,0.1794665888913306
2025-03-02,ERI,0.1814702703247658
2025-03-03,ERI,0.1826792921855566
2025-03-04,ERI,0.1639369481956832
2025-03-05,ERI,0.16454176277417198
2025-03-06,ERI,0.19814065500203368
2025-03-07,ERI,0.14619390145086075
2025-03-08,ERI,0.15931696262260425
2025-03-09,ERI,0.14830468164637392
2025-03-10,ERI,0.15866884117759622
2025-03-11,ERI,0.12541077652908536
2025-03-12,ERI,0.18267284531725728
2025-03-13,ERI,0.1854512711118014
2025-03-14,ERI,0.2466893651196487
2025-03-15,ERI,0.18562272417576145
2025-03-16,ERI,0.1697300778111133
2025-03-17,ERI,0.1697300778111133
2025-03-18,ERI,0.16674234819306302
2025-03-19,ERI,0.17168305203971132
2025-03-20,ERI,0.18339914040531774
2025-03-21,ERI,0.18339914040531774
2025-03-22,ERI,0.1665803371150867
2025-03-23,ERI,0.1665803371150867
2025-03-24,ERI,0.19930785440323198
2025-03-25,ERI,0.1802221387964968
2025-03-26,ERI,0.1819097714281427
2025-03-27,ERI,0.16095367677186523
2025-03-28,ERI,0.17170418240128435
2024-07-01,MOZ,0.3531357626128775
2024-07-02,MOZ,0.3531357626128775
2024-07-03,MOZ,0.43755925112214133
2024-07-04,MOZ,0.4365938865599451
2024-07-05,MOZ,0.41555552992821126
2024-07-06,MOZ,0.3117527189945747
2024-07-07,MOZ,0.472949758942474
2024-07-08,MOZ,0.43509122304710046
2024-07-09,MOZ,0.4820172110284964
2024-07-10,MOZ,0.4820172110284964
2024-07-11,MOZ,0.4787243788500267
2024-07-12,MOZ,0.4787243788500267
2024-07-13,MOZ,0.457626655780102
2024-07-14,MOZ,0.4777941843802026
2024-07-15,MOZ,0.472457487292532
2024-07-16,MOZ,0.4661027024419455
2024-07-17,MOZ,0.42834681040030026
2024-07-18,MOZ,0.37961529181562526
2024-07-19,MOZ,0.3970277923028122
2024-07-20,MOZ,0.3882927032724653
2024-07-21,MOZ,0.4064185025184359
2024-07-22,MOZ,0.4404311648400699
2024-07-23,MOZ,0.44160748754492013
2024-07-24,MOZ,0.44790848447972437
2024-07-25,MOZ,0.5855506291124103
2024-07-26,MOZ,0.5855506291124103
2024-07-27,MOZ,0.5897239380461556
2024-07-28,MOZ,0.5897239380461556
2024-07-29,MOZ,0.5855506291124103
2024-07-30,MOZ,0.5855506291124103
2024-07-31,MOZ,0.5855506291124103
2024-08-01,MOZ,0.596206294632221
2024-08-02,MOZ,0.596206294632221
2024-08-03,MOZ,0.596206294632221
2024-08-04,MOZ,0.596206294632221
2024-08-05,MOZ,0.41880227921872126
2024-08-06,MOZ,0.41880227921872126
2024-08-07,MOZ,0.41880227921872126
2024-08-08,MOZ,0.41880227921872126
2024-08-09,MOZ,0.41880227921872126
2024-08-10,MOZ,0.41880227921872126
2024-08-11,MOZ,0.41880227921872126
2024-08-12,MOZ,0.5836927268199938
2024-08-13,MOZ,0.5836927268199938
2024-08-14,MOZ,0.4674828421663681
2024-08-15,MOZ,0.41485976062776186
2024-08-16,MOZ,0.4058871641695226
2024-08-17,MOZ,0.312073374039294
2024-08-18,MOZ,0.312073374039294
2024-08-19,MOZ,0.312073374039294
2024-08-20,MOZ,0.3661999065402944
2024-08-21,MOZ,0.38721467547526023
2024-08-22,MOZ,0.5179617139294757
2024-08-23,MOZ,0.5836927268199938
2024-08-24,MOZ,0.5836927268199938
2024-08-25,MOZ,0.5836927268199938
2024-08-26,MOZ,0.5836927268199938
2024-08-27,MOZ,0.5836927268199938
2024-08-28,MOZ,0.5836927268199938
2024-08-29,MOZ,0.5899357132861013
2024-08-30,MOZ,0.5943630691522499
2024-08-31,MOZ,0.5943630691522499
2024-09-01,MOZ,0.5943630691522499
2024-09-02,MOZ,0.5943630691522499
2024-09-03,MOZ,0.5943630691522499
2024-09-04,MOZ,0.5943630691522499
2024-09-05,MOZ,0.6003455395680904
2024-09-06,MOZ,0.6003455395680904
2024-09-07,MOZ,0.44619428504145253
2024-09-08,MOZ,0.3943655135293887
2024-09-09,MOZ,0.40053483324486155
2024-09-10,MOZ,0.40053483324486155
2024-09-11,MOZ,0.40053483324486155
2024-09-12,MOZ,0.24984255598300076
2024-09-13,MOZ,0.24984255598300076
2024-09-14,MOZ,0.24240671007427908
2024-09-15,MOZ,0.24240671007427908
2024-09-16,MOZ,0.24240671007427908
2024-09-17,MOZ,0.2265176111042708
2024-09-18,MOZ,0.2697875954361635
2024-09-19,MOZ,0.5855506291124103
2024-09-20,MOZ,0.5344096224082397
2024-09-21,MOZ,0.5344096224082397
2024-09-22,MOZ,0.5344096224082397
2024-09-23,MOZ,0.5344096224082397
2024-09-24,MOZ,0.3408541736402795
2024-09-25,MOZ,0.3426592564133615
2024-09-26,MOZ,0.3088961245138249
2024-09-27,MOZ,0.3088961245138249
2024-09-28,MOZ,0.32246831101915485
2024-09-29,MOZ,0.3600220911951224
2024-09-30,MOZ,0.3600220911951224
2024-10-01,MOZ,0.5855506291124103
2024-10-02,MOZ,0.20414732093183868
2024-10-03,MOZ,0.2529296056462184
2024-10-04,MOZ,0.2323483914748276
2024-10-05,MOZ,0.23223316171991273
2024-10-06,MOZ,0.2609165960629506
2024-10-07,MOZ,0.2609165960629506
2024-10-08,MOZ,0.2532161858166583
2024-10-09,MOZ,0.491824636498007
2024-10-10,MOZ,0.5855506291124103
2024-10-11,MOZ,0.5855506291124103
2024-10-12,MOZ,0.585524210533202
2024-10-13,MOZ,0.585524210533202
2024-10-14,MOZ,0.585524210533202
2024-10-15,MOZ,0.585524210533202
2024-10-16,MOZ,0.5344096224082397
2024-10-17,MOZ,0.5407832169766612
2024-10-18,MOZ,0.5407832169766612
2024-10-19,MOZ,0.5407832169766612
2024-10-20,MOZ,0.5479818751056841
2024-10-21,MOZ,0.5092486776295385
2024-10-22,MOZ,0.49062982449085946
2024-10-23,MOZ,0.5416235055501174
2024-10-24,MOZ,0.5353757954537797
2024-10-25,MOZ,0.48369868916210784
2024-10-26,MOZ,0.48369868916210784
2024-10-27,MOZ,0.48369868916210784
2024-10-28,MOZ,0.48483318786117263
2024-10-29,MOZ,0.48483318786117263
2024-10-30,MOZ,0.33443626062566884
2024-10-31,MOZ,0.28318618721103267
2024-11-01,MOZ,0.3911173336160992
2024-11-02,MOZ,0.3569988300437591
2024-11-03,MOZ,0.3569988300437591
2024-11-04,MOZ,0.37035252302132615
2024-11-05,MOZ,0.36628928932139343
2024-11-06,MOZ,0.3661431900872033
2024-11-07,MOZ,0.3737042537801124
2024-11-08,MOZ,0.3689025515073667
2024-11-09,MOZ,0.42662722639277456
2024-11-10,MOZ,0.42662722639277456
2024-11-11,MOZ,0.42662722639277456
2024-11-12,MOZ,0.5089686246626115
2024-11-13,MOZ,0.3984130341339258
2024-11-14,MOZ,0.357770813823702
2024-11-15,MOZ,0.40167248389125804
2024-11-16,MOZ,0.3619485747715297
2024-11-17,MOZ,0.3619485747715297
2024-11-18,MOZ,0.31868448732764326
2024-11-19,MOZ,0.31868448732764326
2024-11-20,MOZ,0.3182876140180139
2024-11-21,MOZ,0.30672529696918005
2024-11-22,MOZ,0.31384578416214176
2024-11-23,MOZ,0.31760651163738224
2024-11-24,MOZ,0.18818471284880978
2024-11-25,MOZ,0.20691589750463482
2024-11-26,MOZ,0.22042858830597759
2024-11-27,MOZ,0.2706502430722595
2024-11-28,MOZ,0.22614860297190933
2024-11-29,MOZ,0.23721432671399975
2024-11-30,MOZ,0.2300784145522283
2024-12-01,MOZ,0.5336726524153925
2024-12-02,MOZ,0.5348580530382506
2024-12-03,MOZ,0.5348580530382506
2024-12-04,MOZ,0.5348580530382506
2024-12-05,MOZ,0.5336726524153925
2024-12-06,MOZ,0.5348580530382506
2024-12-07,MOZ,0.5348580530382506
2024-12-08,MOZ,0.5535669504011517
2024-12-09,MOZ,0.5535669504011517
2024-12-10,MOZ,0.5535669504011517
2024-12-11,MOZ,0.5535669504011517
2024-12-12,MOZ,0.5878566127669463
2024-12-13,MOZ,0.5878566127669463
2024-12-14,MOZ,0.5878566127669463
2024-12-15,MOZ,0.5940805814673314
2024-12-16,MOZ,0.5940805814673314
2024-12-17,MOZ,0.5917852395224357
2024-12-18,MOZ,0.5219598946143982
2024-12-19,MOZ,0.5219598946143982
2024-12-20,MOZ,0.5193316247326026
2024-12-21,MOZ,0.36172912274467595
2024-12-22,MOZ,0.36172912274467595
2024-12-23,MOZ,0.36172912274467595
2024-12-24,MOZ,0.278218078934399
2024-12-25,MOZ,0.3321931974675596
2024-12-26,MOZ,0.3157816801791411
2024-12-27,MOZ,0.36230096793752903
2024-12-28,MOZ,0.46245621674208537
2024-12-29,MOZ,0.461327190307593
2024-12-30,MOZ,0.461327190307593
2024-12-31,MOZ,0.461327190307593
2025-01-01,MOZ,0.21774528147107847
2025-01-02,MOZ,0.21774528147107847
2025-01-03,MOZ,0.29365811964167143
2025-01-04,MOZ,0.2705276041935167
2025-01-05,MOZ,0.2705276041935167
2025-01-06,MOZ,0.2705276041935167
2025-01-07,MOZ,0.20492870431957416
2025-01-08,MOZ,0.5855506291124103
2025-01-09,MOZ,0.4783863007349135
2025-01-10,MOZ,0.47298265076178725
2025-01-11,MOZ,0.3653032163057415
2025-01-12,MOZ,0.29343544426157275
2025-01-13,MOZ,0.37738871249724537
2025-01-14,MOZ,0.36344480126271395
2025-01-15,MOZ,0.32345183434935953
2025-01-16,MOZ,0.4341604404263846
2025-01-17,MOZ,0.3846085661628798
2025-01-18,MOZ,0.45618590118919067
2025-01-19,MOZ,0.45618590118919067
2025-01-20,MOZ,0.47261736798494547
2025-01-21,MOZ,0.44093743053429657
2025-01-22,MOZ,0.4003599330748647
2025-01-23,MOZ,0.48466585842340193
2025-01-24,MOZ,0.48466585842340193
2025-01-25,MOZ,0.4879613024154975
2025-01-26,MOZ,0.4819273816143687
2025-01-27,MOZ,0.3773677414481728
2025-01-28,MOZ,0.4031826936293503
2025-01-29,MOZ,0.4666002844403702
2025-01-30,MOZ,0.3919764790544551
2025-01-31,MOZ,0.3639727207887362
2025-02-01,MOZ,0.36469723389623276
2025-02-02,MOZ,0.22178922308293914
2025-02-03,MOZ,0.2538023502263867
2025-02-04,MOZ,0.26655993062307454
2025-02-05,MOZ,0.2571240627606975
2025-02-06,MOZ,0.3225533174796366
2025-02-07,MOZ,0.3225533174796366
2025-02-08,MOZ,0.2952779081103535
2025-02-09,MOZ,0.4091481636014643
2025-02-10,MOZ,0.3225533174796366
2025-02-11,MOZ,0.3225533174796366
2025-02-12,MOZ,0.31186528085012205
2025-02-13,MOZ,0.2744315974507309
2025-02-14,MOZ,0.2960651337103366
2025-02-15,MOZ,0.26600098099332414
2025-02-16,MOZ,0.2889568765682971
2025-02-17,MOZ,0.31391103532790915
2025-02-18,MOZ,0.3131258572871974
2025-02-19,MOZ,0.34649916092411304
2025-02-20,MOZ,0.35370478175353076
2025-02-21,MOZ,0.35370478175353076
2025-02-22,MOZ,0.3688492273787149
2025-02-23,MOZ,0.3688492273787149
2025-02-24,MOZ,0.3688492273787149
2025-02-25,MOZ,0.38441060526856935
2025-02-26,MOZ,0.38700332204228655
2025-02-27,MOZ,0.38700332204228655
2025-02-28,MOZ,0.38700332204228655
2025-03-01,MOZ,0.3984746988344897
2025-03-02,MOZ,0.39391086644641543
2025-03-03,MOZ,0.4963387643462344
2025-03-04,MOZ,0.4995016967442228
2025-03-05,MOZ,0.4981016065848755
2025-03-06,MOZ,0.5855506291124103
2025-03-07,MOZ,0.5855506291124103
2025-03-08,MOZ,0.5855506291124103
2025-03-09,MOZ,0.5855506291124103
2025-03-10,MOZ,0.5855506291124103
2025-03-11,MOZ,0.5187843277754414
2025-03-12,MOZ,0.5161547829763915
2025-03-13,MOZ,0.5225821744278878
2025-03-14,MOZ,0.5437493243860533
2025-03-15,MOZ,0.500802166006801
2025-03-16,MOZ,0.500802166006801
2025-03-17,MOZ,0.500802166006801
2025-03-18,MOZ,0.5068638476695843
2025-03-19,MOZ,0.4590960403707844
2025-03-20,MOZ,0.4402278219221028
2025-03-21,MOZ,0.3130699268075845
2025-03-22,MOZ,0.3771265836122974
2025-03-23,MOZ,0.35324590126797173
2025-03-24,MOZ,0.35069753909859985
2025-03-25,MOZ,0.31286581663480634
2025-03-26,MOZ,0.26774252269960164
2025-03-27,MOZ,0.24775904938781435
2025-03-28,MOZ,0.5070845292967345
2024-07-01,ZWE,0.43384330101797136
2024-07-02,ZWE,0.43384330101797136
2024-07-03,ZWE,0.43384330101797136
2024-07-04,ZWE,0.4429308084250143
2024-07-05,ZWE,0.4429308084250143
2024-07-06,ZWE,0.4429308084250143
2024-07-07,ZWE,0.4429308084250143
2024-07-08,ZWE,0.4429308084250143
2024-07-09,ZWE,0.4210560014274619
2024-07-10,ZWE,0.42212621399204714
2024-07-11,ZWE,0.4440139792421447
2024-07-12,ZWE,0.4440139792421447
2024-07-13,ZWE,0.4429308084250143
2024-07-14,ZWE,0.4429308084250143
2024-07-15,ZWE,0.4429308084250143
2024-07-16,ZWE,0.42212621399204714
2024-07-17,ZWE,0.42212621399204714
2024-07-18,ZWE,0.42562689670665915
2024-07-19,ZWE,0.42562689670665915
2024-07-20,ZWE,0.49935950461073986
2024-07-21,ZWE,0.2891511997898665
2024-07-22,ZWE,0.2891511997898665
2024-07-23,ZWE,0.2891511997898665
2024-07-24,ZWE,0.3047755094938758
2024-07-25,ZWE,0.32017394469644433
2024-07-26,ZWE,0.2957922753618859
2024-07-27,ZWE,0.3038463798460465
2024-07-28,ZWE,0.3038463798460465
2024-07-29,ZWE,0.3038463798460465
2024-07-30,ZWE,0.3047755094938758
2024-07-31,ZWE,0.525918112808931
2024-08-01,ZWE,0.5207542530697301
2024-08-02,ZWE,0.5156111941913644
2024-08-03,ZWE,0.5251035290892705
2024-08-04,ZWE,0.526070068560491
2024-08-05,ZWE,0.526070068560491
2024-08-06,ZWE,0.5114963322315972
2024-08-07,ZWE,0.29267419649599546
2024-08-08,ZWE,0.29267419649599546
2024-08-09,ZWE,0.30035784437147445
2024-08-10,ZWE,0.2889939253102445
2024-08-11,ZWE,0.2889939253102445
2024-08-12,ZWE,0.2889939253102445
2024-08-13,ZWE,0.2781817217839363
2024-08-14,ZWE,0.5257903378549336
2024-08-15,ZWE,0.23203341053946536
2024-08-16,ZWE,0.24366395876304148
2024-08-17,ZWE,0.24366395876304148
2024-08-18,ZWE,0.24366395876304148
2024-08-19,ZWE,0.24366395876304148
2024-08-20,ZWE,0.18138785049470255
2024-08-21,ZWE,0.18144100526953574
2024-08-22,ZWE,0.5290038286794925
2024-08-23,ZWE,0.5300971908562245
2024-08-24,ZWE,0.526477751573232
2024-08-25,ZWE,0.526477751573232
2024-08-26,ZWE,0.526477751573232
2024-08-27,ZWE,0.526477751573232
2024-08-28,ZWE,0.5253835079748364
2024-08-29,ZWE,0.526477751573232
2024-08-30,ZWE,0.5253835079748364
2024-08-31,ZWE,0.5206763222527987
2024-09-01,ZWE,0.5206763222527987
2024-09-02,ZWE,0.5206763222527987
2024-09-03,ZWE,0.5206763222527987
2024-09-04,ZWE,0.5309735034006056
2024-09-05,ZWE,0.5292833608311374
2024-09-06,ZWE,0.4753699254309711
2024-09-07,ZWE,0.48586246703779135
2024-09-08,ZWE,0.5045658090137373
2024-09-09,ZWE,0.5045658090137373
2024-09-10,ZWE,0.45406842323876073
2024-09-11,ZWE,0.47861923672625895
2024-09-12,ZWE,0.47861923672625895
2024-09-13,ZWE,0.4767671914921209
2024-09-14,ZWE,0.4433449461511634
2024-09-15,ZWE,0.46280550532116194
2024-09-16,ZWE,0.46280550532116194
2024-09-17,ZWE,0.4483482628832835
2024-09-18,ZWE,0.4264107032316711
2024-09-19,ZWE,0.43320543152670093
2024-09-20,ZWE,0.46280550532116194
2024-09-21,ZWE,0.4214651604463086
2024-09-22,ZWE,0.46705232980650896
2024-09-23,ZWE,0.46705232980650896
2024-09-24,ZWE,0.4358412647117691
2024-09-25,ZWE,0.46705232980650896
2024-09-26,ZWE,0.4358412647117691
2024-09-27,ZWE,0.4664183776178656
2024-09-28,ZWE,0.41783636122574686
2024-09-29,ZWE,0.4572639896806861
2024-09-30,ZWE,0.4572639896806861
2024-10-01,ZWE,0.4496133932420154
2024-10-02,ZWE,0.43518785184836595
2024-10-03,ZWE,0.4360993990421307
2024-10-04,ZWE,0.478154600567367
2024-10-05,ZWE,0.47864789524506685
2024-10-06,ZWE,0.5009259059346619
2024-10-07,ZWE,0.5009259059346619
2024-10-08,ZWE,0.4980485872614941
2024-10-09,ZWE,0.4871756492702295
2024-10-10,ZWE,0.47864789524506685
2024-10-11,ZWE,0.4952816600873892
2024-10-12,ZWE,0.5216369885428627
2024-10-13,ZWE,0.5216369885428627
2024-10-14,ZWE,0.5216369885428627
2024-10-15,ZWE,0.4890361676930455
2024-10-16,ZWE,0.5113234790449718
2024-10-17,ZWE,0.4890361676930455
2024-10-18,ZWE,0.4890361676930455
2024-10-19,ZWE,0.5113234790449718
2024-10-20,ZWE,0.5113234790449718
2024-10-21,ZWE,0.5113234790449718
2024-10-22,ZWE,0.4890361676930455
2024-10-23,ZWE,0.4890361676930455
2024-10-24,ZWE,0.4890361676930455
2024-10-25,ZWE,0.5113234790449718
2024-10-26,ZWE,0.49935950461073986
2024-10-27,ZWE,0.5216369885428627
2024-10-28,ZWE,0.5216369885428627
2024-10-29,ZWE,0.49935950461073986
2024-10-30,ZWE,0.5216369885428627
2024-10-31,ZWE,0.5216369885428627
2024-11-01,ZWE,0.5021265487690048
2024-11-02,ZWE,0.49854279841805943
2024-11-03,ZWE,0.5208217510764983
2024-11-04,ZWE,0.5208217510764983
2024-11-05,ZWE,0.5167495459997797
2024-11-06,ZWE,0.5009259059346619
2024-11-07,ZWE,0.4890361676930455
2024-11-08,ZWE,0.5113234790449718
2024-11-09,ZWE,0.4890361676930455
2024-11-10,ZWE,0.4776792967069736
2024-11-11,ZWE,0.4776792967069736
2024-11-12,ZWE,0.4890361676930455
2024-11-13,ZWE,0.4890361676930455
2024-11-14,ZWE,0.4890361676930455
2024-11-15,ZWE,0.4890361676930455
2024-11-16,ZWE,0.42562689670665915
2024-11-17,ZWE,0.4110731119885273
2024-11-18,ZWE,0.2437890132945229
2024-11-19,ZWE,0.2700048636477512
2024-11-20,ZWE,0.2585747613874439
2024-11-21,ZWE,0.2418518457401324
2024-11-22,ZWE,0.2418518457401324
2024-11-23,ZWE,0.24878965477347462
2024-11-24,ZWE,0.2658240875405503
2024-11-25,ZWE,0.49679446730485677
2024-11-26,ZWE,0.49679446730485677
2024-11-27,ZWE,0.47452549448165054
2024-11-28,ZWE,0.49679446730485677
2024-11-29,ZWE,0.49679446730485677
2024-11-30,ZWE,0.463200123684198
2024-12-01,ZWE,0.463200123684198
2024-12-02,ZWE,0.463200123684198
2024-12-03,ZWE,0.47452549448165054
2024-12-04,ZWE,0.49679446730485677
2024-12-05,ZWE,0.49679446730485677
2024-12-06,ZWE,0.49679446730485677
2024-12-07,ZWE,0.47452549448165054
2024-12-08,ZWE,0.49679446730485677
2024-12-09,ZWE,0.49679446730485677
2024-12-10,ZWE,0.48345826734181835
2024-12-11,ZWE,0.4798793324812277
2024-12-12,ZWE,0.4549895215599241
2024-12-13,ZWE,0.4500034285916152
2024-12-14,ZWE,0.4592345467479898
2024-12-15,ZWE,0.4814433906973544
2024-12-16,ZWE,0.4814433906973544
2024-12-17,ZWE,0.5021594531413305
2024-12-18,ZWE,0.5029432375637943
2024-12-19,ZWE,0.4875337726251064
2024-12-20,ZWE,0.2591632018184187
2024-12-21,ZWE,0.2891511997898665
2024-12-22,ZWE,0.2891511997898665
2024-12-23,ZWE,0.2891511997898665
2024-12-24,ZWE,0.24809379207640195
2024-12-25,ZWE,0.2669535864233968
2024-12-26,ZWE,0.28476025305219754
2024-12-27,ZWE,0.49679446730485677
2024-12-28,ZWE,0.4781012035724525
2024-12-29,ZWE,0.49679446730485677
2024-12-30,ZWE,0.49679446730485677
2024-12-31,ZWE,0.4662128397475775
2025-01-01,ZWE,0.46264722499859084
2025-01-02,ZWE,0.5021594531413305
2025-01-03,ZWE,0.4592345467479898
2025-01-04,ZWE,0.49679446730485677
2025-01-05,ZWE,0.49679446730485677
2025-01-06,ZWE,0.5006300197341771
2025-01-07,ZWE,0.49679446730485677
2025-01-08,ZWE,0.48345826734181835
2025-01-09,ZWE,0.4798793324812277
2025-01-10,ZWE,0.47452549448165054
2025-01-11,ZWE,0.45976742668515663
2025-01-12,ZWE,0.4824726644881921
2025-01-13,ZWE,0.4824726644881921
2025-01-14,ZWE,0.4357294157416739
2025-01-15,ZWE,0.46181537212377677
2025-01-16,ZWE,0.47730590377058685
2025-01-17,ZWE,0.4813769037569199
2025-01-18,ZWE,0.45916841106136824
2025-01-19,ZWE,0.4429308084250143
2025-01-20,ZWE,0.4429308084250143
2025-01-21,ZWE,0.4429308084250143
2025-01-22,ZWE,0.4429308084250143
2025-01-23,ZWE,0.4210560014274619
2025-01-24,ZWE,0.4429308084250143
2025-01-25,ZWE,0.4429308084250143
2025-01-26,ZWE,0.4429308084250143
2025-01-27,ZWE,0.4429308084250143
2025-01-28,ZWE,0.42562689670665915
2025-01-29,ZWE,0.42212621399204714
2025-01-30,ZWE,0.42212621399204714
2025-01-31,ZWE,0.4440139792421447
2025-02-01,ZWE,0.5061915941595404
2025-02-02,ZWE,0.5216369885428627
2025-02-03,ZWE,0.5216369885428627
2025-02-04,ZWE,0.5029432375637943
2025-02-05,ZWE,0.5284521461345386
2025-02-06,ZWE,0.5273583690894867
2025-02-07,ZWE,0.5050945393110121
2025-02-08,ZWE,0.44711496455423994
2025-02-09,ZWE,0.469246292295222
2025-02-10,ZWE,0.469246292295222
2025-02-11,ZWE,0.44036916414528215
2025-02-12,ZWE,0.469246292295222
2025-02-13,ZWE,0.46006476869887847
2025-02-14,ZWE,0.4624458729235353
2025-02-15,ZWE,0.4429308084250143
2025-02-16,ZWE,0.4429308084250143
2025-02-17,ZWE,0.4429308084250143
2025-02-18,ZWE,0.4429308084250143
2025-02-19,ZWE,0.4210560014274619
2025-02-20,ZWE,0.4210560014274619
2025-02-21,ZWE,0.4440139792421447
2025-02-22,ZWE,0.5097744325558102
2025-02-23,ZWE,0.5284521461345386
2025-02-24,ZWE,0.5216369885428627
2025-02-25,ZWE,0.5216369885428627
2025-02-26,ZWE,0.5216369885428627
2025-02-27,ZWE,0.49935950461073986
2025-02-28,ZWE,0.5029432375637943
2025-03-01,ZWE,0.49935950461073986
2025-03-02,ZWE,0.48799185542997614
2025-03-03,ZWE,0.48799185542997614
2025-03-04,ZWE,0.4967404678195479
2025-03-05,ZWE,0.5276380058046305
2025-03-06,ZWE,0.5276380058046305
2025-03-07,ZWE,0.5089580093565651
2025-03-08,ZWE,0.5208217510764983
2025-03-09,ZWE,0.5208217510764983
2025-03-10,ZWE,0.5208217510764983
2025-03-11,ZWE,0.5021265487690048
2025-03-12,ZWE,0.5276380058046305
2025-03-13,ZWE,0.5053749936374331
2025-03-14,ZWE,0.49998906075274646
2025-03-15,ZWE,0.5276380058046305
2025-03-16,ZWE,0.5276380058046305
2025-03-17,ZWE,0.5276380058046305
2025-03-18,ZWE,0.5273583690894867
2025-03-19,ZWE,0.5222653315358993
2025-03-20,ZWE,0.4793499766384211
2025-03-21,ZWE,0.5050945393110121
2025-03-22,ZWE,0.4958669105165923
2025-03-23,ZWE,0.49240191498173724
2025-03-24,ZWE,0.49240191498173724
2025-03-25,ZWE,0.4701458779582912
2025-03-26,ZWE,0.49240191498173724
2025-03-27,ZWE,0.4737183365564635
2025-03-28,ZWE,0.49240191498173724
2024-07-01,MDG,0.40869056643606155
2024-07-02,MDG,0.4575580962541842
2024-07-03,MDG,0.3522336333140042
2024-07-04,MDG,0.32766397834551314
2024-07-05,MDG,0.3245241181700965
2024-07-06,MDG,0.34873964457557305
2024-07-07,MDG,0.34873964457557305
2024-07-08,MDG,0.27929316351085454
2024-07-09,MDG,0.2597248227759821
2024-07-10,MDG,0.3614188167952255
2024-07-11,MDG,0.22106975937539125
2024-07-12,MDG,0.22106975937539125
2024-07-13,MDG,0.2853127886519308
2024-07-14,MDG,0.3060120602716698
2024-07-15,MDG,0.35671992907079475
2024-07-16,MDG,0.35671992907079475
2024-07-17,MDG,0.35671992907079475
2024-07-18,MDG,0.45230527127409975
2024-07-19,MDG,0.4404555081637628
2024-07-20,MDG,0.44014037025381975
2024-07-21,MDG,0.3771071024258151
2024-07-22,MDG,0.38638371039144226
2024-07-23,MDG,0.40165964593649006
2024-07-24,MDG,0.42695851706816795
2024-07-25,MDG,0.40188272506295036
2024-07-26,MDG,0.40165964593649006
2024-07-27,MDG,0.3794614822788772
2024-07-28,MDG,0.381295531121403
2024-07-29,MDG,0.3193207347951606
2024-07-30,MDG,0.29268770151463464
2024-07-31,MDG,0.2951657894199535
2024-08-01,MDG,0.3192725961395308
2024-08-02,MDG,0.2589907874255145
2024-08-03,MDG,0.32969544710743826
2024-08-04,MDG,0.32969544710743826
2024-08-05,MDG,0.43990870762998696
2024-08-06,MDG,0.3597193477409804
2024-08-07,MDG,0.33609919640037156
2024-08-08,MDG,0.38185128098000637
2024-08-09,MDG,0.33609919640037156
2024-08-10,MDG,0.3451329914368559
2024-08-11,MDG,0.31532737654568077
2024-08-12,MDG,0.31532737654568077
2024-08-13,MDG,0.255468738016777
2024-08-14,MDG,0.255468738016777
2024-08-15,MDG,0.2977054366596356
2024-08-16,MDG,0.31075235916216737
2024-08-17,MDG,0.2407242415276655
2024-08-18,MDG,0.3231908955568844
2024-08-19,MDG,0.2907080056893366
2024-08-20,MDG,0.32356905990580137
2024-08-21,MDG,0.3231908955568844
2024-08-22,MDG,0.2262354123108865
2024-08-23,MDG,0.23137494698143904
2024-08-24,MDG,0.20677369055959793
2024-08-25,MDG,0.20677369055959793
2024-08-26,MDG,0.20677369055959793
2024-08-27,MDG,0.2279101768404819
2024-08-28,MDG,0.23273029552395372
2024-08-29,MDG,0.28309258169894064
2024-08-30,MDG,0.32087072229980196
2024-08-31,MDG,0.27971381327960015
2024-09-01,MDG,0.27971381327960015
2024-09-02,MDG,0.27971381327960015
2024-09-03,MDG,0.1886124976696782
2024-09-04,MDG,0.19588465025799193
2024-09-05,MDG,0.17703720142819543
2024-09-06,MDG,0.17703720142819543
2024-09-07,MDG,0.25820069296152326
2024-09-08,MDG,0.17507053060018446
2024-09-09,MDG,0.1513821452041494
2024-09-10,MDG,0.22204486094283635
2024-09-11,MDG,0.18334174202830414
2024-09-12,MDG,0.18996446057785765
2024-09-13,MDG,0.17156510093861296
2024-09-14,MDG,0.31146586672509907
2024-09-15,MDG,0.3674464572274439
2024-09-16,MDG,0.11240411912399009
2024-09-17,MDG,0.11240411912399009
2024-09-18,MDG,0.13089860524111413
2024-09-19,MDG,0.13089860524111413
2024-09-20,MDG,0.13089860524111413
2024-09-21,MDG,0.11825311787836443
2024-09-22,MDG,0.11825311787836443
2024-09-23,MDG,0.25843024926682717
2024-09-24,MDG,0.17845982681555306
2024-09-25,MDG,0.19921770595341118
2024-09-26,MDG,0.19921770595341118
2024-09-27,MDG,0.19921770595341118
2024-09-28,MDG,0.19611161652539036
2024-09-29,MDG,0.19611161652539036
2024-09-30,MDG,0.1756064091764197
2024-10-01,MDG,0.23275665492720723
2024-10-02,MDG,0.27484949981545864
2024-10-03,MDG,0.27484949981545864
2024-10-04,MDG,0.27484949981545864
2024-10-05,MDG,0.4191010211018616
2024-10-06,MDG,0.38899093317022615
2024-10-07,MDG,0.33520644850949816
2024-10-08,MDG,0.3301995940313896
2024-10-09,MDG,0.34403617187237334
2024-10-10,MDG,0.3655922887688463
2024-10-11,MDG,0.3655922887688463
2024-10-12,MDG,0.3717581116970249
2024-10-13,MDG,0.3717581116970249
2024-10-14,MDG,0.36106178854453724
2024-10-15,MDG,0.3467953597301782
2024-10-16,MDG,0.3903986398211898
2024-10-17,MDG,0.37597821040999163
2024-10-18,MDG,0.37597821040999163
2024-10-19,MDG,0.37597821040999163
2024-10-20,MDG,0.13464644217184715
2024-10-21,MDG,0.13464644217184715
2024-10-22,MDG,0.08841367114746228
2024-10-23,MDG,0.13464644217184715
2024-10-24,MDG,0.13464644217184715
2024-10-25,MDG,0.13464644217184715
2024-10-26,MDG,0.10349096682426066
2024-10-27,MDG,0.3545361072361707
2024-10-28,MDG,0.3210837876273246
2024-10-29,MDG,0.3545361072361707
2024-10-30,MDG,0.3695269461156139
2024-10-31,MDG,0.3353951448380538
2024-11-01,MDG,0.3297964055796176
2024-11-02,MDG,0.36243715826425665
2024-11-03,MDG,0.42043706854365964
2024-11-04,MDG,0.436462787286806
2024-11-05,MDG,0.448797651304962
2024-11-06,MDG,0.44183899532409254
2024-11-07,MDG,0.44183899532409254
2024-11-08,MDG,0.438347939131081
2024-11-09,MDG,0.4444989744942443
2024-11-10,MDG,0.5834053118739198
2024-11-11,MDG,0.36528462827101166
2024-11-12,MDG,0.37603242672094955
2024-11-13,MDG,0.36528462827101166
2024-11-14,MDG,0.3674923311749107
2024-11-15,MDG,0.3334490659835524
2024-11-16,MDG,0.24983270913540942
2024-11-17,MDG,0.25856739069753015
2024-11-18,MDG,0.45165772880760674
2024-11-19,MDG,0.43129363771977786
2024-11-20,MDG,0.4323686254200205
2024-11-21,MDG,0.09864756501902808
2024-11-22,MDG,0.10305034414303385
2024-11-23,MDG,0.10755237298893935
2024-11-24,MDG,0.09394994308711616
2024-11-25,MDG,0.09394994308711616
2024-11-26,MDG,0.09476259104962827
2024-11-27,MDG,0.08160122735234579
2024-11-28,MDG,0.4266029267901456
2024-11-29,MDG,0.4425517027973925
2024-11-30,MDG,0.4266029267901456
2024-12-01,MDG,0.5857147867827585
2024-12-02,MDG,0.4425517027973925
2024-12-03,MDG,0.43900489735444553
2024-12-04,MDG,0.43900489735444553
2024-12-05,MDG,0.4468483821892079
2024-12-06,MDG,0.4468483821892079
2024-12-07,MDG,0.3642614950136944
2024-12-08,MDG,0.3642614950136944
2024-12-09,MDG,0.43439640810812036
2024-12-10,MDG,0.43439640810812036
2024-12-11,MDG,0.42850731081189397
2024-12-12,MDG,0.42850731081189397
2024-12-13,MDG,0.42850731081189397
2024-12-14,MDG,0.43558312472230715
2024-12-15,MDG,0.40310178351176273
2024-12-16,MDG,0.3634442746734427
2024-12-17,MDG,0.3634442746734427
2024-12-18,MDG,0.32579400545689
2024-12-19,MDG,0.32638776782068335
2024-12-20,MDG,0.2994572539368922
2024-12-21,MDG,0.2378296606695753
2024-12-22,MDG,0.2378296606695753
2024-12-23,MDG,0.24765955975164747
2024-12-24,MDG,0.23990381928650426
2024-12-25,MDG,0.23990381928650426
2024-12-26,MDG,0.21993940004038767
2024-12-27,MDG,0.270486904520217
2024-12-28,MDG,0.24404510041988398
2024-12-29,MDG,0.22972456552633488
2024-12-30,MDG,0.45437663776452447
2024-12-31,MDG,0.45437663776452447
2025-01-01,MDG,0.5834053118739198
2025-01-02,MDG,0.5834053118739198
2025-01-03,MDG,0.44463457268097156
2025-01-04,MDG,0.45437663776452447
2025-01-05,MDG,0.45437663776452447
2025-01-06,MDG,0.45437663776452447
2025-01-07,MDG,0.45437663776452447
2025-01-08,MDG,0.4111572137018435
2025-01-09,MDG,0.4111572137018435
2025-01-10,MDG,0.45437663776452447
2025-01-11,MDG,0.47213875020251145
2025-01-12,MDG,0.47213875020251145
2025-01-13,MDG,0.3656894018611395
2025-01-14,MDG,0.35890076317043673
2025-01-15,MDG,0.3854193737441048
2025-01-16,MDG,0.3878702104703462
2025-01-17,MDG,0.320690808082311
2025-01-18,MDG,0.39868511590153555
2025-01-19,MDG,0.39868511590153555
2025-01-20,MDG,0.3503272042559374
2025-01-21,MDG,0.36211822280270317
2025-01-22,MDG,0.35159259773044266
2025-01-23,MDG,0.3284339087934048
2025-01-24,MDG,0.3443696336498254
2025-01-25,MDG,0.348805026196416
2025-01-26,MDG,0.21909746072319938
2025-01-27,MDG,0.18710574920504944
2025-01-28,MDG,0.17905647986658954
2025-01-29,MDG,0.1694429562477361
2025-01-30,MDG,0.17150108282808615
2025-01-31,MDG,0.17067855486113936
2025-02-01,MDG,0.16792412221849626
2025-02-02,MDG,0.3191602884566244
2025-02-03,MDG,0.36182527919000523
2025-02-04,MDG,0.38999043028969793
2025-02-05,MDG,0.38999043028969793
2025-02-06,MDG,0.36426813091872745
2025-02-07,MDG,0.36426813091872745
2025-02-08,MDG,0.36426813091872745
2025-02-09,MDG,0.34937241011227466
2025-02-10,MDG,0.37302264495510523
2025-02-11,MDG,0.42181096671450935
2025-02-12,MDG,0.42181096671450935
2025-02-13,MDG,0.44872850659625535
2025-02-14,MDG,0.43079622422000624
2025-02-15,MDG,0.3387589747063239
2025-02-16,MDG,0.33963842142116163
2025-02-17,MDG,0.35004778877920395
2025-02-18,MDG,0.3491556397419522
2025-02-19,MDG,0.31073707025570385
2025-02-20,MDG,0.31073707025570385
2025-02-21,MDG,0.31073707025570385
2025-02-22,MDG,0.4164565692384749
2025-02-23,MDG,0.41296397000273843
2025-02-24,MDG,0.41296397000273843
2025-02-25,MDG,0.44495037103787577
2025-02-26,MDG,0.33422774156210244
2025-02-27,MDG,0.3564285538458724
2025-02-28,MDG,0.31141167714368695
2025-03-01,MDG,0.34343250981156526
2025-03-02,MDG,0.3820510318505074
2025-03-03,MDG,0.3442619011240636
2025-03-04,MDG,0.33020170725055725
2025-03-05,MDG,0.3432888938107059
2025-03-06,MDG,0.3701666753906919
2025-03-07,MDG,0.4739432121946696
2025-03-08,MDG,0.3643647708913324
2025-03-09,MDG,0.3643647708913324
2025-03-10,MDG,0.337165080502987
2025-03-11,MDG,0.2713231115469764
2025-03-12,MDG,0.291999971567683
2025-03-13,MDG,0.30020553025638735
2025-03-14,MDG,0.27213556974958353
2025-03-15,MDG,0.36925905730049874
2025-03-16,MDG,0.3312404642146377
2025-03-17,MDG,0.34189052547259874
2025-03-18,MDG,0.46574147307172636
2025-03-19,MDG,0.46574147307172636
2025-03-20,MDG,0.46574147307172636
2025-03-21,MDG,0.46574147307172636
2025-03-22,MDG,0.42695851706816795
2025-03-23,MDG,0.4522288089765787
2025-03-24,MDG,0.42695851706816795
2025-03-25,MDG,0.42695851706816795
2025-03-26,MDG,0.3917138136714733
2025-03-27,MDG,0.381295531121403
2025-03-28,MDG,0.381295531121403
2024-07-01,AFG,0.31533044217538975
2024-07-02,AFG,0.3046234723683718
2024-07-03,AFG,0.2483241544232342
2024-07-04,AFG,0.2483241544232342
2024-07-05,AFG,0.2483241544232342
2024-07-06,AFG,0.2670051191496277
2024-07-07,AFG,0.26796324005129424
2024-07-08,AFG,0.2679919530876022
2024-07-09,AFG,0.2783657149938333
2024-07-10,AFG,0.2783657149938333
2024-07-11,AFG,0.2973867011764046
2024-07-12,AFG,0.26092269199320267
2024-07-13,AFG,0.2721459891134862
2024-07-14,AFG,0.19452317979940417
2024-07-15,AFG,0.23914257121624494
2024-07-16,AFG,0.23914257121624494
2024-07-17,AFG,0.22234334755520901
2024-07-18,AFG,0.2247650855516966
2024-07-19,AFG,0.23056999684982554
2024-07-20,AFG,0.23056999684982554
2024-07-21,AFG,0.3279970994893781
2024-07-22,AFG,0.24452584779518538
2024-07-23,AFG,0.22897349320128926
2024-07-24,AFG,0.23705738300843376
2024-07-25,AFG,0.2421816335170176
2024-07-26,AFG,0.37501244884441937
2024-07-27,AFG,0.27677204605508376
2024-07-28,AFG,0.271916051226193
2024-07-29,AFG,0.20252163338022608
2024-07-30,AFG,0.20252163338022608
2024-07-31,AFG,0.29026997238749386
2024-08-01,AFG,0.29201788394953493
2024-08-02,AFG,0.2774584889963384
2024-08-03,AFG,0.28489626745428304
2024-08-04,AFG,0.28489626745428304
2024-08-05,AFG,0.28489626745428304
2024-08-06,AFG,0.4405412126361731
2024-08-07,AFG,0.32993527934816214
2024-08-08,AFG,0.21190129055203036
2024-08-09,AFG,0.21190129055203036
2024-08-10,AFG,0.29028825076016074
2024-08-11,AFG,0.4319668233604391
2024-08-12,AFG,0.4282586166177354
2024-08-13,AFG,0.4583732981481422
2024-08-14,AFG,0.4570439856063374
2024-08-15,AFG,0.4437188046150127
2024-08-16,AFG,0.4562308093953147
2024-08-17,AFG,0.4429099969301481
2024-08-18,AFG,0.3718262811229227
2024-08-19,AFG,0.3738726012930535
2024-08-20,AFG,0.23740413547669664
2024-08-21,AFG,0.2374689436707547
2024-08-22,AFG,0.22689295673757096
2024-08-23,AFG,0.22689295673757096
2024-08-24,AFG,0.23168942591269387
2024-08-25,AFG,0.23168942591269387
2024-08-26,AFG,0.384668061192916
2024-08-27,AFG,0.39821661933224395
2024-08-28,AFG,0.4013376159845918
2024-08-29,AFG,0.3471937205965263
2024-08-30,AFG,0.3512083558124647
2024-08-31,AFG,0.34966580792476987
2024-09-01,AFG,0.34966580792476987
2024-09-02,AFG,0.3504114440466949
2024-09-03,AFG,0.22448451983467452
2024-09-04,AFG,0.3644828012752132
2024-09-05,AFG,0.432379609521796
2024-09-06,AFG,0.43318414019310764
2024-09-07,AFG,0.4392807009777403
2024-09-08,AFG,0.3969732324606244
2024-09-09,AFG,0.20835824005123654
2024-09-10,AFG,0.18261452896976424
2024-09-11,AFG,0.1870450782289687
2024-09-12,AFG,0.20516116843637744
2024-09-13,AFG,0.20286070416044383
2024-09-14,AFG,0.18490049440609538
2024-09-15,AFG,0.18490049440609538
2024-09-16,AFG,0.3502234801474622
2024-09-17,AFG,0.3710930692456429
2024-09-18,AFG,0.32498163503124244
2024-09-19,AFG,0.19894381432012917
2024-09-20,AFG,0.20331835947536278
2024-09-21,AFG,0.21277721479825762
2024-09-22,AFG,0.21277721479825762
2024-09-23,AFG,0.23267226900873397
2024-09-24,AFG,0.22784677877218662
2024-09-25,AFG,0.23096965914118706
2024-09-26,AFG,0.2282343224353765
2024-09-27,AFG,0.2209691865171726
2024-09-28,AFG,0.2209691865171726
2024-09-29,AFG,0.19700987891964797
2024-09-30,AFG,0.19700987891964797
2024-10-01,AFG,0.2282251693284922
2024-10-02,AFG,0.24130422820621425
2024-10-03,AFG,0.4256080058478703
2024-10-04,AFG,0.4314116978720258
2024-10-05,AFG,0.4330293769998178
2024-10-06,AFG,0.4330293769998178
2024-10-07,AFG,0.38679699965059344
2024-10-08,AFG,0.332538978486642
2024-10-09,AFG,0.3062821002573509
2024-10-10,AFG,0.29319517718584653
2024-10-11,AFG,0.26464253803144855
2024-10-12,AFG,0.26876750399707133
2024-10-13,AFG,0.34099156422160337
2024-10-14,AFG,0.35592822693565856
2024-10-15,AFG,0.3599881650729822
2024-10-16,AFG,0.3705583629734842
2024-10-17,AFG,0.3705583629734842
2024-10-18,AFG,0.3945692185190209
2024-10-19,AFG,0.4157946749516238
2024-10-20,AFG,0.4157946749516238
2024-10-21,AFG,0.4157946749516238
2024-10-22,AFG,0.38126059287773906
2024-10-23,AFG,0.4077200867907248
2024-10-24,AFG,0.2698130248083863
2024-10-25,AFG,0.2804732946972291
2024-10-26,AFG,0.2788611054982704
2024-10-27,AFG,0.26150445726942745
2024-10-28,AFG,0.2506442689902621
2024-10-29,AFG,0.2061926362618275
2024-10-30,AFG,0.2061926362618275
2024-10-31,AFG,0.2609472937393023
2024-11-01,AFG,0.2609472937393023
2024-11-02,AFG,0.28987533432865026
2024-11-03,AFG,0.28987533432865026
2024-11-04,AFG,0.3607933106633166
2024-11-05,AFG,0.38174679912326115
2024-11-06,AFG,0.4090970472446128
2024-11-07,AFG,0.30874399407272596
2024-11-08,AFG,0.30944388908386705
2024-11-09,AFG,0.30944388908386705
2024-11-10,AFG,0.3203792102761726
2024-11-11,AFG,0.3214448669352819
2024-11-12,AFG,0.2072485388927293
2024-11-13,AFG,0.21504476972259373
2024-11-14,AFG,0.19719836670705596
2024-11-15,AFG,0.18919474288615376
2024-11-16,AFG,0.18844576194404147
2024-11-17,AFG,0.18844576194404147
2024-11-18,AFG,0.18919474288615376
2024-11-19,AFG,0.4182557812067245
2024-11-20,AFG,0.4182557812067245
2024-11-21,AFG,0.4226901360080152
2024-11-22,AFG,0.37804531826376636
2024-11-23,AFG,0.3130893628055956
2024-11-24,AFG,0.21375138295023352
2024-11-25,AFG,0.21375138295023352
2024-11-26,AFG,0.2295496922605921
2024-11-27,AFG,0.20714678885795884
2024-11-28,AFG,0.24954638950829033
2024-11-29,AFG,0.24954638950829033
2024-11-30,AFG,0.3568201994183546
2024-12-01,AFG,0.3745184671303202
2024-12-02,AFG,0.3745184671303202
2024-12-03,AFG,0.37105405123183477
2024-12-04,AFG,0.37038949329714255
2024-12-05,AFG,0.4383972169051057
2024-12-06,AFG,0.43779383413054196
2024-12-07,AFG,0.4323034642335002
2024-12-08,AFG,0.4323034642335002
2024-12-09,AFG,0.4323034642335002
2024-12-10,AFG,0.43189046888693866
2024-12-11,AFG,0.43189046888693866
2024-12-12,AFG,0.43189046888693866
2024-12-13,AFG,0.42673333740695546
2024-12-14,AFG,0.4095693202689262
2024-12-15,AFG,0.38469247142555296
2024-12-16,AFG,0.2547987597223482
2024-12-17,AFG,0.2710094707954032
2024-12-18,AFG,0.2462527660374136
2024-12-19,AFG,0.2422217450316369
2024-12-20,AFG,0.25456388715836725
2024-12-21,AFG,0.21744798589431952
2024-12-22,AFG,0.31279420701656835
2024-12-23,AFG,0.35563428464593216
2024-12-24,AFG,0.32571457117339875
2024-12-25,AFG,0.3899892393883272
2024-12-26,AFG,0.3838771005691221
2024-12-27,AFG,0.39058889112512046
2024-12-28,AFG,0.3832740754666942
2024-12-29,AFG,0.40527590460368373
2024-12-30,AFG,0.39082293532024814
2024-12-31,AFG,0.17194732033890278
2025-01-01,AFG,0.17194732033890278
2025-01-02,AFG,0.17194732033890278
2025-01-03,AFG,0.1720214780631471
2025-01-04,AFG,0.17599495224316028
2025-01-05,AFG,0.17599495224316028
2025-01-06,AFG,0.18525867836885943
2025-01-07,AFG,0.22805097751532727
2025-01-08,AFG,0.2190657980036751
2025-01-09,AFG,0.2190657980036751
2025-01-10,AFG,0.24624356986530008
2025-01-11,AFG,0.4171331389702518
2025-01-12,AFG,0.4171331389702518
2025-01-13,AFG,0.4171331389702518
2025-01-14,AFG,0.4302774769197965
2025-01-15,AFG,0.4171331389702518
2025-01-16,AFG,0.4437940312956161
2025-01-17,AFG,0.4261156790505484
2025-01-18,AFG,0.43461321706001543
2025-01-19,AFG,0.43461321706001543
2025-01-20,AFG,0.4291322886533713
2025-01-21,AFG,0.4067210461849434
2025-01-22,AFG,0.39058889112512046
2025-01-23,AFG,0.376561134731863
2025-01-24,AFG,0.39058889112512046
2025-01-25,AFG,0.376561134731863
2025-01-26,AFG,0.376561134731863
2025-01-27,AFG,0.376561134731863
2025-01-28,AFG,0.2810947346540407
2025-01-29,AFG,0.3833130041538729
2025-01-30,AFG,0.34798683369942385
2025-01-31,AFG,0.35749967132570604
2025-02-01,AFG,0.354853495095006
2025-02-02,AFG,0.30713638523678144
2025-02-03,AFG,0.3115093084245242
2025-02-04,AFG,0.325900705079107
2025-02-05,AFG,0.3115093084245242
2025-02-06,AFG,0.3115093084245242
2025-02-07,AFG,0.3115093084245242
2025-02-08,AFG,0.325900705079107
2025-02-09,AFG,0.35865507021922866
2025-02-10,AFG,0.3824677207257729
2025-02-11,AFG,0.2454316532668824
2025-02-12,AFG,0.381701776303979
2025-02-13,AFG,0.36618482547158987
2025-02-14,AFG,0.23501324454135938
2025-02-15,AFG,0.2552229851266653
2025-02-16,AFG,0.4207854270630137
2025-02-17,AFG,0.41401530586626034
2025-02-18,AFG,0.19054175509589366
2025-02-19,AFG,0.19846933054339916
2025-02-20,AFG,0.19222665467499583
2025-02-21,AFG,0.19477647092613326
2025-02-22,AFG,0.18951007758553828
2025-02-23,AFG,0.18951007758553828
2025-02-24,AFG,0.196529519161965
2025-02-25,AFG,0.20684546389515712
2025-02-26,AFG,0.2000929796272085
2025-02-27,AFG,0.2000929796272085
2025-02-28,AFG,0.19888372247702338
2025-03-01,AFG,0.20803642520998952
2025-03-02,AFG,0.37423834034312703
2025-03-03,AFG,0.34823159890955574
2025-03-04,AFG,0.2828276375642233
2025-03-05,AFG,0.3778019441461159
2025-03-06,AFG,0.375093223668905
2025-03-07,AFG,0.3653784632173932
2025-03-08,AFG,0.3804877630461954
2025-03-09,AFG,0.39829689294470993
2025-03-10,AFG,0.39829689294470993
2025-03-11,AFG,0.4115810937517901
2025-03-12,AFG,0.43259411581248347
2025-03-13,AFG,0.43259411581248347
2025-03-14,AFG,0.3903571481870002
2025-03-15,AFG,0.4143073772737187
2025-03-16,AFG,0.4143073772737187
2025-03-17,AFG,0.4143073772737187
2025-03-18,AFG,0.41860043127975904
2025-03-19,AFG,0.41860043127975904
2025-03-20,AFG,0.44156639531256636
2025-03-21,AFG,0.4102858771202936
2025-03-22,AFG,0.388357669950178
2025-03-23,AFG,0.38093448422965076
2025-03-24,AFG,0.3117668681804874
2025-03-25,AFG,0.30231309407075674
2025-03-26,AFG,0.30556118761644463
2025-03-27,AFG,0.3200755139995988
2025-03-28,AFG,0.282513309113985
2024-07-01,PAK,0.4184985798779856
2024-07-02,PAK,0.44535082216667354
2024-07-03,PAK,0.41993473652954244
2024-07-04,PAK,0.41993473652954244
2024-07-05,PAK,0.4790149030696696
2024-07-06,PAK,0.4648464848572552
2024-07-07,PAK,0.45096892498346314
2024-07-08,PAK,0.3364048408050536
2024-07-09,PAK,0.3364048408050536
2024-07-10,PAK,0.2510244094519628
2024-07-11,PAK,0.3182704472365727
2024-07-12,PAK,0.2722843079834266
2024-07-13,PAK,0.25514492030701136
2024-07-14,PAK,0.23479148936186509
2024-07-15,PAK,0.4187440611973813
2024-07-16,PAK,0.3922119551730513
2024-07-17,PAK,0.2510244094519628
2024-07-18,PAK,0.2143363827198748
2024-07-19,PAK,0.22559400124153725
2024-07-20,PAK,0.22559400124153725
2024-07-21,PAK,0.22267200699359804
2024-07-22,PAK,0.19536412885802787
2024-07-23,PAK,0.1740728695332028
2024-07-24,PAK,0.17383566899328254
2024-07-25,PAK,0.17263455249973195
2024-07-26,PAK,0.17707477278040595
2024-07-27,PAK,0.19146859967184582
2024-07-28,PAK,0.19696892597939766
2024-07-29,PAK,0.38697210406290994
2024-07-30,PAK,0.38697210406290994
2024-07-31,PAK,0.32892448775773225
2024-08-01,PAK,0.38292048686181374
2024-08-02,PAK,0.346168963272024
2024-08-03,PAK,0.3743703479111212
2024-08-04,PAK,0.21508214327849098
2024-08-05,PAK,0.3075038453101895
2024-08-06,PAK,0.3075038453101895
2024-08-07,PAK,0.20459666184461825
2024-08-08,PAK,0.21508214327849098
2024-08-09,PAK,0.19960224621134867
2024-08-10,PAK,0.23043159856774106
2024-08-11,PAK,0.29071120507937687
2024-08-12,PAK,0.4344222983665302
2024-08-13,PAK,0.4555790013536263
2024-08-14,PAK,0.45563523203609085
2024-08-15,PAK,0.4670112739218049
2024-08-16,PAK,0.3267526925655692
2024-08-17,PAK,0.2881221392759717
2024-08-18,PAK,0.2308818256541912
2024-08-19,PAK,0.2565741388599471
2024-08-20,PAK,0.33613140766161237
2024-08-21,PAK,0.1917275647700937
2024-08-22,PAK,0.30840466690567947
2024-08-23,PAK,0.2969117734923227
2024-08-24,PAK,0.3041331718904672
2024-08-25,PAK,0.3041331718904672
2024-08-26,PAK,0.3041331718904672
2024-08-27,PAK,0.30783290778579014
2024-08-28,PAK,0.3000081579777771
2024-08-29,PAK,0.351064442152304
2024-08-30,PAK,0.21528480101760028
2024-08-31,PAK,0.22564839095955008
2024-09-01,PAK,0.1924003351128965
2024-09-02,PAK,0.1652532396079192
2024-09-03,PAK,0.17033177524047718
2024-09-04,PAK,0.17519311458761694
2024-09-05,PAK,0.1700498451204858
2024-09-06,PAK,0.2522637430787863
2024-09-07,PAK,0.2501450963450301
2024-09-08,PAK,0.301328450362533
2024-09-09,PAK,0.4179941099501986
2024-09-10,PAK,0.44839035014899076
2024-09-11,PAK,0.41680597751215415
2024-09-12,PAK,0.4474881413224296
2024-09-13,PAK,0.43496774364439983
2024-09-14,PAK,0.43496774364439983
2024-09-15,PAK,0.43496774364439983
2024-09-16,PAK,0.44444233675827194
2024-09-17,PAK,0.4219025872349995
2024-09-18,PAK,0.3936704909922128
2024-09-19,PAK,0.3936704909922128
2024-09-20,PAK,0.42545422714171705
2024-09-21,PAK,0.41910014130384915
2024-09-22,PAK,0.4364549584587629
2024-09-23,PAK,0.4364549584587629
2024-09-24,PAK,0.41248667943943434
2024-09-25,PAK,0.41248667943943434
2024-09-26,PAK,0.36979111759347594
2024-09-27,PAK,0.34552697006725086
2024-09-28,PAK,0.3490461354275772
2024-09-29,PAK,0.3490461354275772
2024-09-30,PAK,0.3453995065142799
2024-10-01,PAK,0.30108475325515055
2024-10-02,PAK,0.17374008617328604
2024-10-03,PAK,0.2973107170047389
2024-10-04,PAK,0.2689113728021697
2024-10-05,PAK,0.30141952224917196
2024-10-06,PAK,0.30141952224917196
2024-10-07,PAK,0.3051007206317906
2024-10-08,PAK,0.31155104036279524
2024-10-09,PAK,0.3787198128317127
2024-10-10,PAK,0.3787198128317127
2024-10-11,PAK,0.3507615911015117
2024-10-12,PAK,0.3270636719484074
2024-10-13,PAK,0.34285672088456337
2024-10-14,PAK,0.30706256769939133
2024-10-15,PAK,0.29657880778763684
2024-10-16,PAK,0.21124735606851236
2024-10-17,PAK,0.22495540038179507
2024-10-18,PAK,0.19730403371483204
2024-10-19,PAK,0.19730403371483204
2024-10-20,PAK,0.20877524900816677
2024-10-21,PAK,0.23121442189734
2024-10-22,PAK,0.28101652369818336
2024-10-23,PAK,0.2914300444180439
2024-10-24,PAK,0.29261197424128765
2024-10-25,PAK,0.2986143221400407
2024-10-26,PAK,0.2927136135469839
2024-10-27,PAK,0.3468866626536835
2024-10-28,PAK,0.4234382535194786
2024-10-29,PAK,0.40622792344649616
2024-10-30,PAK,0.30914836925435113
2024-10-31,PAK,0.26672503932150526
2024-11-01,PAK,0.3110184979940164
2024-11-02,PAK,0.35051412988313685
2024-11-03,PAK,0.35418554036172056
2024-11-04,PAK,0.3502105781125387
2024-11-05,PAK,0.34655826047318267
2024-11-06,PAK,0.2933682202399823
2024-11-07,PAK,0.3811114510841985
2024-11-08,PAK,0.3650957266046695
2024-11-09,PAK,0.3811114510841985
2024-11-10,PAK,0.3572897899667981
2024-11-11,PAK,0.3572897899667981
2024-11-12,PAK,0.3811114510841985
2024-11-13,PAK,0.39676962962814627
2024-11-14,PAK,0.3811114510841985
2024-11-15,PAK,0.37410382237548157
2024-11-16,PAK,0.32722893334957875
2024-11-17,PAK,0.3154836350872429
2024-11-18,PAK,0.30955508488346023
2024-11-19,PAK,0.3154836350872429
2024-11-20,PAK,0.2641850672375535
2024-11-21,PAK,0.28856961538504355
2024-11-22,PAK,0.2096737400714224
2024-11-23,PAK,0.31623595935051124
2024-11-24,PAK,0.2995567025221765
2024-11-25,PAK,0.3315680181898425
2024-11-26,PAK,0.2856993046262003
2024-11-27,PAK,0.23761236074755732
2024-11-28,PAK,0.14609172089213343
2024-11-29,PAK,0.14200039503012662
2024-11-30,PAK,0.14200039503012662
2024-12-01,PAK,0.14200039503012662
2024-12-02,PAK,0.1159058288890471
2024-12-03,PAK,0.13043040871738568
2024-12-04,PAK,0.11955643807281013
2024-12-05,PAK,0.26778372149357493
2024-12-06,PAK,0.32856928274756536
2024-12-07,PAK,0.3134998342263233
2024-12-08,PAK,0.32856928274756536
2024-12-09,PAK,0.3871119831710923
2024-12-10,PAK,0.3850181585519662
2024-12-11,PAK,0.3850181585519662
2024-12-12,PAK,0.39327913901545375
2024-12-13,PAK,0.3926474722963273
2024-12-14,PAK,0.3756074530525674
2024-12-15,PAK,0.379702231456898
2024-12-16,PAK,0.379702231456898
2024-12-17,PAK,0.31576602037967494
2024-12-18,PAK,0.3266233563818931
2024-12-19,PAK,0.32949984553964984
2024-12-20,PAK,0.2845616096966695
2024-12-21,PAK,0.3509013921660074
2024-12-22,PAK,0.36247402373444115
2024-12-23,PAK,0.35801082702080167
2024-12-24,PAK,0.44015667296788186
2024-12-25,PAK,0.3605755692673552
2024-12-26,PAK,0.3605755692673552
2024-12-27,PAK,0.32484169363275145
2024-12-28,PAK,0.2937020006021752
2024-12-29,PAK,0.29108423184000304
2024-12-30,PAK,0.29108423184000304
2024-12-31,PAK,0.300161496203953
2025-01-01,PAK,0.3083059637942799
2025-01-02,PAK,0.30418046685867617
2025-01-03,PAK,0.34348995882121036
2025-01-04,PAK,0.32130476620264076
2025-01-05,PAK,0.35664964596867776
2025-01-06,PAK,0.3185171783519078
2025-01-07,PAK,0.3495300179999977
2025-01-08,PAK,0.3282878616983014
2025-01-09,PAK,0.3469670576277609
2025-01-10,PAK,0.3454721144540022
2025-01-11,PAK,0.35496023942890803
2025-01-12,PAK,0.36574297124397676
2025-01-13,PAK,0.41421968048140567
2025-01-14,PAK,0.35013571958487844
2025-01-15,PAK,0.35201566949617263
2025-01-16,PAK,0.3476674095615551
2025-01-17,PAK,0.3476674095615551
2025-01-18,PAK,0.3283405055408309
2025-01-19,PAK,0.26132346098001763
2025-01-20,PAK,0.26132346098001763
2025-01-21,PAK,0.3079104952828081
2025-01-22,PAK,0.25158759040071005
2025-01-23,PAK,0.25158759040071005
2025-01-24,PAK,0.24232139959193164
2025-01-25,PAK,0.25158759040071005
2025-01-26,PAK,0.3280173522195733
2025-01-27,PAK,0.3280173522195733
2025-01-28,PAK,0.3184378357178524
2025-01-29,PAK,0.3488513953942322
2025-01-30,PAK,0.3982415985759453
2025-01-31,PAK,0.3982415985759453
2025-02-01,PAK,0.3607720963003724
2025-02-02,PAK,0.32673595845743175
2025-02-03,PAK,0.26311289112326247
2025-02-04,PAK,0.2775405833195664
2025-02-05,PAK,0.3246696633054195
2025-02-06,PAK,0.263011938331986
2025-02-07,PAK,0.2231449220502811
2025-02-08,PAK,0.2534674820377331
2025-02-09,PAK,0.274237365089109
2025-02-10,PAK,0.31678866749968687
2025-02-11,PAK,0.3156251040517568
2025-02-12,PAK,0.26832337851758514
2025-02-13,PAK,0.263011938331986
2025-02-14,PAK,0.34120612072071305
2025-02-15,PAK,0.3516622524812076
2025-02-16,PAK,0.3477003622829837
2025-02-17,PAK,0.29091054605330136
2025-02-18,PAK,0.32757294311012314
2025-02-19,PAK,0.260116499614211
2025-02-20,PAK,0.3117271879573389
2025-02-21,PAK,0.3161851037368267
2025-02-22,PAK,0.29774762947099725
2025-02-23,PAK,0.34262342602991896
2025-02-24,PAK,0.29774762947099725
2025-02-25,PAK,0.1963430872387062
2025-02-26,PAK,0.19514577117098914
2025-02-27,PAK,0.1842490440389435
2025-02-28,PAK,0.2327596802598052
2025-03-01,PAK,0.1873360493778886
2025-03-02,PAK,0.16630825223052043
2025-03-03,PAK,0.1873360493778886
2025-03-04,PAK,0.33773594995365513
2025-03-05,PAK,0.330481553849524
2025-03-06,PAK,0.34828350970706395
2025-03-07,PAK,0.33938718932107614
2025-03-08,PAK,0.33938718932107614
2025-03-09,PAK,0.3527039626945708
2025-03-10,PAK,0.3461985240615761
2025-03-11,PAK,0.20838407241479348
2025-03-12,PAK,0.20838407241479348
2025-03-13,PAK,0.20838407241479348
2025-03-14,PAK,0.21411055002935964
2025-03-15,PAK,0.2293421769766647
2025-03-16,PAK,0.2293421769766647
2025-03-17,PAK,0.21674204807970962
2025-03-18,PAK,0.275791679804628
2025-03-19,PAK,0.25154422530218096
2025-03-20,PAK,0.25472094060484485
2025-03-21,PAK,0.33458639501013687
2025-03-22,PAK,0.17171316555891528
2025-03-23,PAK,0.19636841576007277
2025-03-24,PAK,0.19636841576007277
2025-03-25,PAK,0.2203509105026414
2025-03-26,PAK,0.22745526269541178
2025-03-27,PAK,0.2203509105026414
2025-03-28,PAK,0.22903092197745833
2024-07-01,IND,0.3553096617203089
2024-07-02,IND,0.3642267395833215
2024-07-03,IND,0.3553096617203089
2024-07-04,IND,0.37005410285684176
2024-07-05,IND,0.3716697379505446
2024-07-06,IND,0.40167079378218123
2024-07-07,IND,0.39662258624726177
2024-07-08,IND,0.40167079378218123
2024-07-09,IND,0.28719679665497416
2024-07-10,IND,0.27483409354141725
2024-07-11,IND,0.2584024882983862
2024-07-12,IND,0.24538243713561297
2024-07-13,IND,0.28719679665497416
2024-07-14,IND,0.28719679665497416
2024-07-15,IND,0.172242377659803
2024-07-16,IND,0.18175602798015764
2024-07-17,IND,0.1910329715309226
2024-07-18,IND,0.18175602798015764
2024-07-19,IND,0.20558089934415508
2024-07-20,IND,0.2920121857854372
2024-07-21,IND,0.266739187117371
2024-07-22,IND,0.22688908108250672
2024-07-23,IND,0.24286549560893653
2024-07-24,IND,0.12365878615322255
2024-07-25,IND,0.10960702270248326
2024-07-26,IND,0.11738015396224911
2024-07-27,IND,0.13018451508603038
2024-07-28,IND,0.13883569107055344
2024-07-29,IND,0.13883569107055344
2024-07-30,IND,0.20905281633924766
2024-07-31,IND,0.3367468687091791
2024-08-01,IND,0.37888662134319195
2024-08-02,IND,0.3521773493679686
2024-08-03,IND,0.33578111119680326
2024-08-04,IND,0.3113927771343624
2024-08-05,IND,0.29327933579010407
2024-08-06,IND,0.3691132938154089
2024-08-07,IND,0.2400264681044992
2024-08-08,IND,0.2620463933900326
2024-08-09,IND,0.25801314776830386
2024-08-10,IND,0.3854419729209912
2024-08-11,IND,0.3886366742788822
2024-08-12,IND,0.4049878033140582
2024-08-13,IND,0.4153581065878439
2024-08-14,IND,0.4111487919773025
2024-08-15,IND,0.400426912690978
2024-08-16,IND,0.3868235103632516
2024-08-17,IND,0.34467427775612525
2024-08-18,IND,0.37038440950733276
2024-08-19,IND,0.37038440950733276
2024-08-20,IND,0.3280900516382471
2024-08-21,IND,0.2997131866924774
2024-08-22,IND,0.3016864343157036
2024-08-23,IND,0.2830349560510509
2024-08-24,IND,0.3049959455484248
2024-08-25,IND,0.3307048528139543
2024-08-26,IND,0.3307048528139543
2024-08-27,IND,0.34970947406855674
2024-08-28,IND,0.34565044633050573
2024-08-29,IND,0.344524722926709
2024-08-30,IND,0.35309751348004265
2024-08-31,IND,0.34458876042358666
2024-09-01,IND,0.34458876042358666
2024-09-02,IND,0.339440299933574
2024-09-03,IND,0.37710637309457273
2024-09-04,IND,0.35485391410238215
2024-09-05,IND,0.34910404371325804
2024-09-06,IND,0.35291583056036085
2024-09-07,IND,0.3521701535601459
2024-09-08,IND,0.34910404371325804
2024-09-09,IND,0.34910404371325804
2024-09-10,IND,0.2179543091640985
2024-09-11,IND,0.2379479771825251
2024-09-12,IND,0.23957131070304596
2024-09-13,IND,0.21762621634460633
2024-09-14,IND,0.20112006308412203
2024-09-15,IND,0.11521209460218546
2024-09-16,IND,0.11521209460218546
2024-09-17,IND,0.1971112326538797
2024-09-18,IND,0.19510596525063367
2024-09-19,IND,0.22750049417890872
2024-09-20,IND,0.24235627738620807
2024-09-21,IND,0.36743475870220454
2024-09-22,IND,0.3871477632178059
2024-09-23,IND,0.4108791690194512
2024-09-24,IND,0.4117405143447394
2024-09-25,IND,0.36341326897045145
2024-09-26,IND,0.4455863834489781
2024-09-27,IND,0.4070213516156551
2024-09-28,IND,0.4138022535584612
2024-09-29,IND,0.4138022535584612
2024-09-30,IND,0.4303000254496749
2024-10-01,IND,0.4405426736054975
2024-10-02,IND,0.4151516871902571
2024-10-03,IND,0.2937173808985573
2024-10-04,IND,0.2702947691050241
2024-10-05,IND,0.34982060718176744
2024-10-06,IND,0.31435310878231076
2024-10-07,IND,0.34982060718176744
2024-10-08,IND,0.39541864061183796
2024-10-09,IND,0.23743674473831727
2024-10-10,IND,0.25853920144719483
2024-10-11,IND,0.16737589880800205
2024-10-12,IND,0.1437535073513336
2024-10-13,IND,0.13859286523540404
2024-10-14,IND,0.13859286523540404
2024-10-15,IND,0.18384908861554186
2024-10-16,IND,0.12536821738825568
2024-10-17,IND,0.15309771736850794
2024-10-18,IND,0.49364808469555155
2024-10-19,IND,0.47272146203421767
2024-10-20,IND,0.47272146203421767
2024-10-21,IND,0.47272146203421767
2024-10-22,IND,0.48096683271041635
2024-10-23,IND,0.4991573726905794
2024-10-24,IND,0.45205372734494514
2024-10-25,IND,0.43322182906440426
2024-10-26,IND,0.4768840241475064
2024-10-27,IND,0.3068388809011921
2024-10-28,IND,0.28850009616127775
2024-10-29,IND,0.2195468140719297
2024-10-30,IND,0.19758088467603194
2024-10-31,IND,0.1376287137895384
2024-11-01,IND,0.13503380712641744
2024-11-02,IND,0.19304569190527243
2024-11-03,IND,0.22950827973761598
2024-11-04,IND,0.2315552302329302
2024-11-05,IND,0.2315552302329302
2024-11-06,IND,0.233430657343643
2024-11-07,IND,0.41215976718769165
2024-11-08,IND,0.4259962938346732
2024-11-09,IND,0.4205432046450626
2024-11-10,IND,0.31441317346400116
2024-11-11,IND,0.3203452892552859
2024-11-12,IND,0.308098433225381
2024-11-13,IND,0.3318327729784469
2024-11-14,IND,0.3121466823968024
2024-11-15,IND,0.24640558231783039
2024-11-16,IND,0.2448107330059436
2024-11-17,IND,0.23215696906400052
2024-11-18,IND,0.189523780764024
2024-11-19,IND,0.2540362616407747
2024-11-20,IND,0.09138167829088284
2024-11-21,IND,0.1542916569996255
2024-11-22,IND,0.07727045169874183
2024-11-23,IND,0.16236072214370903
2024-11-24,IND,0.16236072214370903
2024-11-25,IND,0.2902161127911794
2024-11-26,IND,0.31147749466185526
2024-11-27,IND,0.2958457561235578
2024-11-28,IND,0.2604545479748907
2024-11-29,IND,0.21656341262756235
2024-11-30,IND,0.24447686282592185
2024-12-01,IND,0.2266587163230124
2024-12-02,IND,0.2342069942713659
2024-12-03,IND,0.24973535342313288
2024-12-04,IND,0.2598882453291046
2024-12-05,IND,0.23862036775118706
2024-12-06,IND,0.38300116220362823
2024-12-07,IND,0.3856449533163429
2024-12-08,IND,0.2520844061988465
2024-12-09,IND,0.25502891057041155
2024-12-10,IND,0.25123312945380444
2024-12-11,IND,0.25123312945380444
2024-12-12,IND,0.2125906044138626
2024-12-13,IND,0.2798681390421837
2024-12-14,IND,0.2382854755421906
2024-12-15,IND,0.3870443301956625
2024-12-16,IND,0.38175823757627303
2024-12-17,IND,0.4292159982269459
2024-12-18,IND,0.4045283074476768
2024-12-19,IND,0.26136745332587186
2024-12-20,IND,0.21393988091263794
2024-12-21,IND,0.206513163350608
2024-12-22,IND,0.1851708982727697
2024-12-23,IND,0.19178792968623387
2024-12-24,IND,0.1952059593952987
2024-12-25,IND,0.21014990862256355
2024-12-26,IND,0.2129996154673759
2024-12-27,IND,0.2723923372197876
2024-12-28,IND,0.27506942849705807
2024-12-29,IND,0.27506942849705807
2024-12-30,IND,0.2723923372197876
2024-12-31,IND,0.19767111869399273
2025-01-01,IND,0.19778169150657945
2025-01-02,IND,0.35711624351930915
2025-01-03,IND,0.3454525892022611
2025-01-04,IND,0.31051931066591887
2025-01-05,IND,0.33261341653532733
2025-01-06,IND,0.3929332545256864
2025-01-07,IND,0.40615152019922385
2025-01-08,IND,0.40017721828236025
2025-01-09,IND,0.40017721828236025
2025-01-10,IND,0.3802948241692991
2025-01-11,IND,0.2545886382706848
2025-01-12,IND,0.2571525939118863
2025-01-13,IND,0.20576991170816092
2025-01-14,IND,0.23721195034309425
2025-01-15,IND,0.2159448255138701
2025-01-16,IND,0.19971596986140508
2025-01-17,IND,0.19126682049876145
2025-01-18,IND,0.2355474112515984
2025-01-19,IND,0.19624395898688524
2025-01-20,IND,0.27683008489264993
2025-01-21,IND,0.24918433441787116
2025-01-22,IND,0.23924896483516286
2025-01-23,IND,0.12865615133657504
2025-01-24,IND,0.15253449517556308
2025-01-25,IND,0.09751984754022283
2025-01-26,IND,0.1273540219788007
2025-01-27,IND,0.11146407553309608
2025-01-28,IND,0.09551865521451618
2025-01-29,IND,0.11886126464430347
2025-01-30,IND,0.18414659414459622
2025-01-31,IND,0.22417245718964565
2025-02-01,IND,0.2894420483820884
2025-02-02,IND,0.2831874851893747
2025-02-03,IND,0.3791231258898937
2025-02-04,IND,0.36368677128016635
2025-02-05,IND,0.3469553977237043
2025-02-06,IND,0.3450027570908354
2025-02-07,IND,0.33363306916459595
2025-02-08,IND,0.23085582587652365
2025-02-09,IND,0.18851260877041237
2025-02-10,IND,0.19721478510650872
2025-02-11,IND,0.14607640602912791
2025-02-12,IND,0.24964796615945356
2025-02-13,IND,0.23309038539644913
2025-02-14,IND,0.23309038539644913
2025-02-15,IND,0.2558637103682383
2025-02-16,IND,0.120808101308388
2025-02-17,IND,0.10109573695248472
2025-02-18,IND,0.09216715092110044
2025-02-19,IND,0.10443802690345469
2025-02-20,IND,0.1030344172374831
2025-02-21,IND,0.10400160780508688
2025-02-22,IND,0.10044165719103668
2025-02-23,IND,0.3679909534294927
2025-02-24,IND,0.3679909534294927
2025-02-25,IND,0.33545328587743123
2025-02-26,IND,0.32294508796463806
2025-02-27,IND,0.3365613326412871
2025-02-28,IND,0.3604684095203385
2025-03-01,IND,0.37179287838677244
2025-03-02,IND,0.31116561374922197
2025-03-03,IND,0.31597380370592737
2025-03-04,IND,0.2871937849286485
2025-03-05,IND,0.37603036159255276
2025-03-06,IND,0.37744123629601756
2025-03-07,IND,0.3514926041836452
2025-03-08,IND,0.335189354348037
2025-03-09,IND,0.335189354348037
2025-03-10,IND,0.33384318334033325
2025-03-11,IND,0.3431728796363529
2025-03-12,IND,0.31063391516071037
2025-03-13,IND,0.31063391516071037
2025-03-14,IND,0.32431328198907555
2025-03-15,IND,0.3723931392248122
2025-03-16,IND,0.3755457775849694
2025-03-17,IND,0.3755457775849694
2025-03-18,IND,0.3414395829560806
2025-03-19,IND,0.31634217313140583
2025-03-20,IND,0.322820343569541
2025-03-21,IND,0.31866396890350834
2025-03-22,IND,0.3453715028145348
2025-03-23,IND,0.3453715028145348
2025-03-24,IND,0.3453715028145348
2025-03-25,IND,0.3453715028145348
2025-03-26,IND,0.2730331245396952
2025-03-27,IND,0.12153354097367579
2025-03-28,IND,0.09566955912910867
2024-07-01,BGD,0.26139922828382633
2024-07-02,BGD,0.29447375261388403
2024-07-03,BGD,0.26139922828382633
2024-07-04,BGD,0.23911095100190477
2024-07-05,BGD,0.215386992153476
2024-07-06,BGD,0.23911095100190477
2024-07-07,BGD,0.23911095100190477
2024-07-08,BGD,0.23911095100190477
2024-07-09,BGD,0.23911095100190477
2024-07-10,BGD,0.2323521782705446
2024-07-11,BGD,0.3657765987437712
2024-07-12,BGD,0.3657765987437712
2024-07-13,BGD,0.3039646978213126
2024-07-14,BGD,0.2885674897951441
2024-07-15,BGD,0.25607534674515225
2024-07-16,BGD,0.2489939725078722
2024-07-17,BGD,0.2648941504412424
2024-07-18,BGD,0.2648941504412424
2024-07-19,BGD,0.23715563282861213
2024-07-20,BGD,0.2682768359807897
2024-07-21,BGD,0.37943797469663976
2024-07-22,BGD,0.4771916879932593
2024-07-23,BGD,0.4859665996360469
2024-07-24,BGD,0.4449815483031319
2024-07-25,BGD,0.4111831306192621
2024-07-26,BGD,0.44237424589309127
2024-07-27,BGD,0.40580000955460044
2024-07-28,BGD,0.40580000955460044
2024-07-29,BGD,0.41202341717216606
2024-07-30,BGD,0.3396188680788315
2024-07-31,BGD,0.23020065143352614
2024-08-01,BGD,0.2619017775158667
2024-08-02,BGD,0.23514997331701867
2024-08-03,BGD,0.2228393036389188
2024-08-04,BGD,0.19319244329060717
2024-08-05,BGD,0.1785472573868651
2024-08-06,BGD,0.20378987598636117
2024-08-07,BGD,0.21995117042885906
2024-08-08,BGD,0.19989806706642374
2024-08-09,BGD,0.17567040828764044
2024-08-10,BGD,0.20339387687180324
2024-08-11,BGD,0.20339387687180324
2024-08-12,BGD,0.15727168733954192
2024-08-13,BGD,0.15347129095813508
2024-08-14,BGD,0.15347129095813508
2024-08-15,BGD,0.15727168733954192
2024-08-16,BGD,0.15347129095813508
2024-08-17,BGD,0.15844503133397805
2024-08-18,BGD,0.15572061888282984
2024-08-19,BGD,0.27260144517645524
2024-08-20,BGD,0.31162259853358415
2024-08-21,BGD,0.30966276345998917
2024-08-22,BGD,0.2952676411986071
2024-08-23,BGD,0.38891349818058435
2024-08-24,BGD,0.38546727471389713
2024-08-25,BGD,0.38546727471389713
2024-08-26,BGD,0.38208829411980727
2024-08-27,BGD,0.3900949204413424
2024-08-28,BGD,0.35726050838431506
2024-08-29,BGD,0.36239243366146284
2024-08-30,BGD,0.4026827260093848
2024-08-31,BGD,0.24364709522162484
2024-09-01,BGD,0.2413941693540837
2024-09-02,BGD,0.2413941693540837
2024-09-03,BGD,0.2413941693540837
2024-09-04,BGD,0.2275108547049655
2024-09-05,BGD,0.18319521591154128
2024-09-06,BGD,0.18862667777734302
2024-09-07,BGD,0.17887067265671594
2024-09-08,BGD,0.20475800636082914
2024-09-09,BGD,0.20475800636082914
2024-09-10,BGD,0.1960810926854306
2024-09-11,BGD,0.14621706744775453
2024-09-12,BGD,0.29716173698240467
2024-09-13,BGD,0.29421152268727396
2024-09-14,BGD,0.38008417029553954
2024-09-15,BGD,0.38807517582643347
2024-09-16,BGD,0.3320089000331992
2024-09-17,BGD,0.2964901936175582
2024-09-18,BGD,0.2576968716685877
2024-09-19,BGD,0.18393137670528387
2024-09-20,BGD,0.19196040741435363
2024-09-21,BGD,0.18962959594000867
2024-09-22,BGD,0.18962959594000867
2024-09-23,BGD,0.18962959594000867
2024-09-24,BGD,0.1862999930934517
2024-09-25,BGD,0.3288477688008183
2024-09-26,BGD,0.3207531807543545
2024-09-27,BGD,0.3492357918048516
2024-09-28,BGD,0.337375065159834
2024-09-29,BGD,0.24098649289514718
2024-09-30,BGD,0.337375065159834
2024-10-01,BGD,0.3711513991539848
2024-10-02,BGD,0.35855736859042825
2024-10-03,BGD,0.22298023298890954
2024-10-04,BGD,0.22298023298890954
2024-10-05,BGD,0.25841603180772704
2024-10-06,BGD,0.3714408686077615
2024-10-07,BGD,0.35048038214493316
2024-10-08,BGD,0.23403928031040758
2024-10-09,BGD,0.23356395625947876
2024-10-10,BGD,0.2569313301620292
2024-10-11,BGD,0.2569313301620292
2024-10-12,BGD,0.25234631126293283
2024-10-13,BGD,0.2225111500201704
2024-10-14,BGD,0.25234631126293283
2024-10-15,BGD,0.3467975304545592
2024-10-16,BGD,0.3433856146765256
2024-10-17,BGD,0.2553203119018143
2024-10-18,BGD,0.26143655275375816
2024-10-19,BGD,0.23085850096756552
2024-10-20,BGD,0.26143655275375816
2024-10-21,BGD,0.26143655275375816
2024-10-22,BGD,0.23085850096756552
2024-10-23,BGD,0.26143655275375816
2024-10-24,BGD,0.3506182007801565
2024-10-25,BGD,0.3506182007801565
2024-10-26,BGD,0.3432491362630406
2024-10-27,BGD,0.3432491362630406
2024-10-28,BGD,0.17661768870520675
2024-10-29,BGD,0.17661768870520675
2024-10-30,BGD,0.18130761858013125
2024-10-31,BGD,0.17661768870520675
2024-11-01,BGD,0.17417088767160185
2024-11-02,BGD,0.18230708888761674
2024-11-03,BGD,0.18230708888761674
2024-11-04,BGD,0.24876167883851444
2024-11-05,BGD,0.24876167883851444
2024-11-06,BGD,0.21026416608349865
2024-11-07,BGD,0.21828106754532842
2024-11-08,BGD,0.21828106754532842
2024-11-09,BGD,0.1945964022264
2024-11-10,BGD,0.21828106754532842
2024-11-11,BGD,0.22803719464207667
2024-11-12,BGD,0.22803719464207667
2024-11-13,BGD,0.2342041722882948
2024-11-14,BGD,0.2359141098175739
2024-11-15,BGD,0.2359141098175739
2024-11-16,BGD,0.2313997049572375
2024-11-17,BGD,0.18681994881611894
2024-11-18,BGD,0.22439921615049963
2024-11-19,BGD,0.23798935555812734
2024-11-20,BGD,0.2252848491410397
2024-11-21,BGD,0.1922601586704819
2024-11-22,BGD,0.1681050465245673
2024-11-23,BGD,0.1703123901383991
2024-11-24,BGD,0.24761527407592193
2024-11-25,BGD,0.2181762401364484
2024-11-26,BGD,0.26692940004044974
2024-11-27,BGD,0.33971324019961757
2024-11-28,BGD,0.369105315387264
2024-11-29,BGD,0.369105315387264
2024-11-30,BGD,0.369105315387264
2024-12-01,BGD,0.2111995059217863
2024-12-02,BGD,0.2111995059217863
2024-12-03,BGD,0.2071225736220249
2024-12-04,BGD,0.2071225736220249
2024-12-05,BGD,0.2071225736220249
2024-12-06,BGD,0.2089126679007647
2024-12-07,BGD,0.2114186597745093
2024-12-08,BGD,0.35848125222156696
2024-12-09,BGD,0.47879815714972634
2024-12-10,BGD,0.40269595514612233
2024-12-11,BGD,0.4363136874878362
2024-12-12,BGD,0.4308422974826715
2024-12-13,BGD,0.4363136874878362
2024-12-14,BGD,0.41393049847351626
2024-12-15,BGD,0.3501989834083497
2024-12-16,BGD,0.3501989834083497
2024-12-17,BGD,0.3690767499068702
2024-12-18,BGD,0.4490488554091713
2024-12-19,BGD,0.4112942722801253
2024-12-20,BGD,0.3543825320338454
2024-12-21,BGD,0.3662896118319415
2024-12-22,BGD,0.3662896118319415
2024-12-23,BGD,0.3662896118319415
2024-12-24,BGD,0.3342640075391481
2024-12-25,BGD,0.33432593764758267
2024-12-26,BGD,0.33432593764758267
2024-12-27,BGD,0.37479625084294094
2024-12-28,BGD,0.3377672874143576
2024-12-29,BGD,0.3377672874143576
2024-12-30,BGD,0.247768525806889
2024-12-31,BGD,0.24140372163313392
2025-01-01,BGD,0.21701580529577413
2025-01-02,BGD,0.18632636207326342
2025-01-03,BGD,0.17209064778422326
2025-01-04,BGD,0.2082822379735032
2025-01-05,BGD,0.18024029808155828
2025-01-06,BGD,0.21245828710165054
2025-01-07,BGD,0.24413909842473602
2025-01-08,BGD,0.2123570162879129
2025-01-09,BGD,0.16549955463548208
2025-01-10,BGD,0.1922208524053786
2025-01-11,BGD,0.17818143594115973
2025-01-12,BGD,0.1901679349024359
2025-01-13,BGD,0.1901679349024359
2025-01-14,BGD,0.22142343930902886
2025-01-15,BGD,0.22753228005385548
2025-01-16,BGD,0.3956410833699651
2025-01-17,BGD,0.3867637341614427
2025-01-18,BGD,0.3867637341614427
2025-01-19,BGD,0.3867637341614427
2025-01-20,BGD,0.3867637341614427
2025-01-21,BGD,0.36544129166761063
2025-01-22,BGD,0.341657091824028
2025-01-23,BGD,0.341657091824028
2025-01-24,BGD,0.341657091824028
2025-01-25,BGD,0.2369120517960286
2025-01-26,BGD,0.2510147418764291
2025-01-27,BGD,0.2212904165020645
2025-01-28,BGD,0.24125314411075854
2025-01-29,BGD,0.24125314411075854
2025-01-30,BGD,0.3299232627747434
2025-01-31,BGD,0.24125314411075854
2025-02-01,BGD,0.3299232627747434
2025-02-02,BGD,0.24125314411075854
2025-02-03,BGD,0.24125314411075854
2025-02-04,BGD,0.24125314411075854
2025-02-05,BGD,0.24125314411075854
2025-02-06,BGD,0.2510147418764291
2025-02-07,BGD,0.24818712281314667
2025-02-08,BGD,0.2186998638772622
2025-02-09,BGD,0.24818712281314667
2025-02-10,BGD,0.24818712281314667
2025-02-11,BGD,0.2510147418764291
2025-02-12,BGD,0.2510147418764291
2025-02-13,BGD,0.2413639723834336
2025-02-14,BGD,0.2186998638772622
2025-02-15,BGD,0.2686262141898681
2025-02-16,BGD,0.2686262141898681
2025-02-17,BGD,0.3625497538695875
2025-02-18,BGD,0.2686262141898681
2025-02-19,BGD,0.2510147418764291
2025-02-20,BGD,0.2186998638772622
2025-02-21,BGD,0.25841603180772704
2025-02-22,BGD,0.2328369549170238
2025-02-23,BGD,0.2328369549170238
2025-02-24,BGD,0.2328369549170238
2025-02-25,BGD,0.3360576743434793
2025-02-26,BGD,0.3360576743434793
2025-02-27,BGD,0.3714408686077615
2025-02-28,BGD,0.21464724913990293
2025-03-01,BGD,0.2388501875574271
2025-03-02,BGD,0.2388501875574271
2025-03-03,BGD,0.2388501875574271
2025-03-04,BGD,0.1684716389598143
2025-03-05,BGD,0.2328810044305704
2025-03-06,BGD,0.18230708888761674
2025-03-07,BGD,0.3562995517941643
2025-03-08,BGD,0.3562995517941643
2025-03-09,BGD,0.3562995517941643
2025-03-10,BGD,0.24919503053534808
2025-03-11,BGD,0.34176337983291166
2025-03-12,BGD,0.3562995517941643
2025-03-13,BGD,0.3562995517941643
2025-03-14,BGD,0.2591683611862512
2025-03-15,BGD,0.23530244852219453
2025-03-16,BGD,0.23530244852219453
2025-03-17,BGD,0.2662653469151522
2025-03-18,BGD,0.3595110945067403
2025-03-19,BGD,0.3548221398786573
2025-03-20,BGD,0.3595110945067403
2025-03-21,BGD,0.38069511118589777
2025-03-22,BGD,0.4342400236618744
2025-03-23,BGD,0.26980545313428894
2025-03-24,BGD,0.23856473796241764
2025-03-25,BGD,0.23856473796241764
2025-03-26,BGD,0.18729957916016307
2025-03-27,BGD,0.18729957916016307
2025-03-28,BGD,0.18729957916016307
2024-07-01,MMR,0.10873283241907693
2024-07-02,MMR,0.09692536047734307
2024-07-03,MMR,0.08336178732702625
2024-07-04,MMR,0.08182204980220806
2024-07-05,MMR,0.09434691323102781
2024-07-06,MMR,0.09434691323102781
2024-07-07,MMR,0.10507987294326397
2024-07-08,MMR,0.10507987294326397
2024-07-09,MMR,0.08179618836743932
2024-07-10,MMR,0.09124521998872408
2024-07-11,MMR,0.13641447032270365
2024-07-12,MMR,0.08218153721213757
2024-07-13,MMR,0.08218153721213757
2024-07-14,MMR,0.08218153721213757
2024-07-15,MMR,0.08218153721213757
2024-07-16,MMR,0.08015780023901461
2024-07-17,MMR,0.08015780023901461
2024-07-18,MMR,0.09218159481608315
2024-07-19,MMR,0.09389634351183887
2024-07-20,MMR,0.1929488061550989
2024-07-21,MMR,0.20169712960804712
2024-07-22,MMR,0.07253800556471855
2024-07-23,MMR,0.09498569142339121
2024-07-24,MMR,0.07323759055876085
2024-07-25,MMR,0.06644828798911304
2024-07-26,MMR,0.07253800556471855
2024-07-27,MMR,0.07323759055876085
2024-07-28,MMR,0.07253800556471855
2024-07-29,MMR,0.12005546766405593
2024-07-30,MMR,0.12115346542208519
2024-07-31,MMR,0.12115346542208519
2024-08-01,MMR,0.11795133831149135
2024-08-02,MMR,0.14345774939202383
2024-08-03,MMR,0.11585346170022658
2024-08-04,MMR,0.11585346170022658
2024-08-05,MMR,0.11585346170022658
2024-08-06,MMR,0.12897650213432102
2024-08-07,MMR,0.1152199093958574
2024-08-08,MMR,0.10333052034278091
2024-08-09,MMR,0.11164695350145343
2024-08-10,MMR,0.14529592925291282
2024-08-11,MMR,0.15266147244218495
2024-08-12,MMR,0.0939256393016948
2024-08-13,MMR,0.08620727958263728
2024-08-14,MMR,0.09284968422590019
2024-08-15,MMR,0.10400077428260726
2024-08-16,MMR,0.0939256393016948
2024-08-17,MMR,0.1039686966045852
2024-08-18,MMR,0.1039686966045852
2024-08-19,MMR,0.13794834923219018
2024-08-20,MMR,0.13794834923219018
2024-08-21,MMR,0.13794834923219018
2024-08-22,MMR,0.13794834923219018
2024-08-23,MMR,0.13794834923219018
2024-08-24,MMR,0.14611368335079603
2024-08-25,MMR,0.14611368335079603
2024-08-26,MMR,0.1238964997468264
2024-08-27,MMR,0.12766268177464682
2024-08-28,MMR,0.10010517972962017
2024-08-29,MMR,0.11716365066014814
2024-08-30,MMR,0.11328370313204988
2024-08-31,MMR,0.07974581875160489
2024-09-01,MMR,0.07898936412746865
2024-09-02,MMR,0.09895483504359907
2024-09-03,MMR,0.09895483504359907
2024-09-04,MMR,0.11402507325277834
2024-09-05,MMR,0.13189350656548493
2024-09-06,MMR,0.1307126501603382
2024-09-07,MMR,0.13001500900192145
2024-09-08,MMR,0.12884847471816196
2024-09-09,MMR,0.14323654112149864
2024-09-10,MMR,0.16154334245976976
2024-09-11,MMR,0.18923368430307913
2024-09-12,MMR,0.08924339692963475
2024-09-13,MMR,0.08924339692963475
2024-09-14,MMR,0.10931119752345812
2024-09-15,MMR,0.08860339282742834
2024-09-16,MMR,0.09528080432316584
2024-09-17,MMR,0.07614712106758735
2024-09-18,MMR,0.07614712106758735
2024-09-19,MMR,0.1415312375512897
2024-09-20,MMR,0.1163037212470945
2024-09-21,MMR,0.1163037212470945
2024-09-22,MMR,0.13263180959920454
2024-09-23,MMR,0.397925621556916
2024-09-24,MMR,0.38254970450548736
2024-09-25,MMR,0.33219499354213355
2024-09-26,MMR,0.316039739442146
2024-09-27,MMR,0.30426963994032824
2024-09-28,MMR,0.30426963994032824
2024-09-29,MMR,0.28220005193228437
2024-09-30,MMR,0.28220005193228437
2024-10-01,MMR,0.328219196750552
2024-10-02,MMR,0.3275383987214715
2024-10-03,MMR,0.12437260492794298
2024-10-04,MMR,0.0971071872668529
2024-10-05,MMR,0.0889012714380113
2024-10-06,MMR,0.08955366926781812
2024-10-07,MMR,0.10487535533203907
2024-10-08,MMR,0.11756097340152673
2024-10-09,MMR,0.10585122023402697
2024-10-10,MMR,0.15340969892906176
2024-10-11,MMR,0.15236996351203852
2024-10-12,MMR,0.12242995688417424
2024-10-13,MMR,0.1307858972305703
2024-10-14,MMR,0.24296668254677248
2024-10-15,MMR,0.09452996447393824
2024-10-16,MMR,0.10015258442833296
2024-10-17,MMR,0.09354318644568577
2024-10-18,MMR,0.09354318644568577
2024-10-19,MMR,0.09725905754091098
2024-10-20,MMR,0.09725905754091098
2024-10-21,MMR,0.09725905754091098
2024-10-22,MMR,0.23126207960919068
2024-10-23,MMR,0.23669546976804626
2024-10-24,MMR,0.23181174775164892
2024-10-25,MMR,0.24160518031733672
2024-10-26,MMR,0.23691088834931115
2024-10-27,MMR,0.23691088834931115
2024-10-28,MMR,0.22489657692524986
2024-10-29,MMR,0.23691088834931115
2024-10-30,MMR,0.23691088834931115
2024-10-31,MMR,0.287067268049838
2024-11-01,MMR,0.24865595344783148
2024-11-02,MMR,0.20329705126297964
2024-11-03,MMR,0.20329705126297964
2024-11-04,MMR,0.1486070982964088
2024-11-05,MMR,0.15106959970251888
2024-11-06,MMR,0.1458899876734445
2024-11-07,MMR,0.1952793543102546
2024-11-08,MMR,0.1545946047887645
2024-11-09,MMR,0.19691137728671784
2024-11-10,MMR,0.16792799497753622
2024-11-11,MMR,0.1671430760937183
2024-11-12,MMR,0.1960229011610099
2024-11-13,MMR,0.1915558356313772
2024-11-14,MMR,0.1809376176605401
2024-11-15,MMR,0.15520757213698752
2024-11-16,MMR,0.13899118149737036
2024-11-17,MMR,0.1253733183627105
2024-11-18,MMR,0.12714818321743857
2024-11-19,MMR,0.12714818321743857
2024-11-20,MMR,0.14210021453073887
2024-11-21,MMR,0.17927464732691
2024-11-22,MMR,0.1624657356931296
2024-11-23,MMR,0.18912964797745108
2024-11-24,MMR,0.1624657356931296
2024-11-25,MMR,0.1624657356931296
2024-11-26,MMR,0.15188815497886823
2024-11-27,MMR,0.18199713314942917
2024-11-28,MMR,0.14993777625304272
2024-11-29,MMR,0.14651187354786854
2024-11-30,MMR,0.1539710085340828
2024-12-01,MMR,0.12662497805132816
2024-12-02,MMR,0.12962667286426677
2024-12-03,MMR,0.1256148860862235
2024-12-04,MMR,0.11958101522826796
2024-12-05,MMR,0.11955130472650244
2024-12-06,MMR,0.10670377856928746
2024-12-07,MMR,0.08724056988545803
2024-12-08,MMR,0.08641969770743708
2024-12-09,MMR,0.08517052052871979
2024-12-10,MMR,0.11957913749809758
2024-12-11,MMR,0.11037093263852947
2024-12-12,MMR,0.11045289442888216
2024-12-13,MMR,0.11146516478389527
2024-12-14,MMR,0.17438756268391298
2024-12-15,MMR,0.17438756268391298
2024-12-16,MMR,0.17438756268391298
2024-12-17,MMR,0.14818634265470293
2024-12-18,MMR,0.14818634265470293
2024-12-19,MMR,0.19280118782173042
2024-12-20,MMR,0.19328242558807476
2024-12-21,MMR,0.21728249163368227
2024-12-22,MMR,0.2601668581716449
2024-12-23,MMR,0.264724948244875
2024-12-24,MMR,0.21675755392781829
2024-12-25,MMR,0.23943338511522813
2024-12-26,MMR,0.23943338511522813
2024-12-27,MMR,0.22429346050016596
2024-12-28,MMR,0.20273670857931647
2024-12-29,MMR,0.20273670857931647
2024-12-30,MMR,0.20273670857931647
2024-12-31,MMR,0.20273670857931647
2025-01-01,MMR,0.27273332347487655
2025-01-02,MMR,0.27273332347487655
2025-01-03,MMR,0.25217049533754293
2025-01-04,MMR,0.10803842034018149
2025-01-05,MMR,0.10803842034018149
2025-01-06,MMR,0.10803842034018149
2025-01-07,MMR,0.11947866250729565
2025-01-08,MMR,0.13690828859157284
2025-01-09,MMR,0.10261944544395266
2025-01-10,MMR,0.11944244727562633
2025-01-11,MMR,0.11088572588272033
2025-01-12,MMR,0.13602397638906052
2025-01-13,MMR,0.13602397638906052
2025-01-14,MMR,0.11668445531101687
2025-01-15,MMR,0.15060751559602986
2025-01-16,MMR,0.1316999812037475
2025-01-17,MMR,0.1316999812037475
2025-01-18,MMR,0.1316606154672281
2025-01-19,MMR,0.1316606154672281
2025-01-20,MMR,0.1316606154672281
2025-01-21,MMR,0.129354664992261
2025-01-22,MMR,0.18162493712112596
2025-01-23,MMR,0.18162493712112596
2025-01-24,MMR,0.0659150569852854
2025-01-25,MMR,0.07385394532302086
2025-01-26,MMR,0.0914605337992106
2025-01-27,MMR,0.0914605337992106
2025-01-28,MMR,0.08210863507495947
2025-01-29,MMR,0.0833354833990302
2025-01-30,MMR,0.07474602665933637
2025-01-31,MMR,0.23073521944965186
2025-02-01,MMR,0.20974121735617215
2025-02-02,MMR,0.22203013891788398
2025-02-03,MMR,0.18436893391085607
2025-02-04,MMR,0.1628884858986572
2025-02-05,MMR,0.14935334731889469
2025-02-06,MMR,0.11433052395499674
2025-02-07,MMR,0.08831258394392168
2025-02-08,MMR,0.09897822919234267
2025-02-09,MMR,0.0633023456827297
2025-02-10,MMR,0.08057538624571643
2025-02-11,MMR,0.07596032707036582
2025-02-12,MMR,0.07739905641363946
2025-02-13,MMR,0.06491452258057374
2025-02-14,MMR,0.06369184065351778
2025-02-15,MMR,0.07908267482087881
2025-02-16,MMR,0.24482477453570384
2025-02-17,MMR,0.29600668626928767
2025-02-18,MMR,0.2699562281288368
2025-02-19,MMR,0.2498934672758245
2025-02-20,MMR,0.23185514478944136
2025-02-21,MMR,0.24489040063547984
2025-02-22,MMR,0.256406927551473
2025-02-23,MMR,0.2869926849017945
2025-02-24,MMR,0.2556044179778097
2025-02-25,MMR,0.2556044179778097
2025-02-26,MMR,0.21830062261501568
2025-02-27,MMR,0.21653912279122287
2025-02-28,MMR,0.23138828833393554
2025-03-01,MMR,0.2319381659452796
2025-03-02,MMR,0.23675958804392863
2025-03-03,MMR,0.24741953143721543
2025-03-04,MMR,0.23454314753872152
2025-03-05,MMR,0.21725477716488045
2025-03-06,MMR,0.2236515585508161
2025-03-07,MMR,0.22230918211950948
2025-03-08,MMR,0.13142548866096046
2025-03-09,MMR,0.13142548866096046
2025-03-10,MMR,0.13142548866096046
2025-03-11,MMR,0.09330785284543039
2025-03-12,MMR,0.09243567323844211
2025-03-13,MMR,0.12551857092227936
2025-03-14,MMR,0.1182174169828648
2025-03-15,MMR,0.20145941700000483
2025-03-16,MMR,0.17907768409680624
2025-03-17,MMR,0.1022378302547809
2025-03-18,MMR,0.1257615885569737
2025-03-19,MMR,0.15526680876111112
2025-03-20,MMR,0.1256927220176364
2025-03-21,MMR,0.11577137021977199
2025-03-22,MMR,0.1160526675287569
2025-03-23,MMR,0.1160526675287569
2025-03-24,MMR,0.1160526675287569
2025-03-25,MMR,0.08649106986729335
2025-03-26,MMR,0.0768660656330636
2025-03-27,MMR,0.0768660656330636
2025-03-28,MMR,0.2181642396965292
2024-07-01,PHL,0.25258875387397783
2024-07-02,PHL,0.29445206885545944
2024-07-03,PHL,0.17329535530741602
2024-07-04,PHL,0.1945489031287836
2024-07-05,PHL,0.17262515017401958
2024-07-06,PHL,0.1858464542457879
2024-07-07,PHL,0.22111821025107287
2024-07-08,PHL,0.23698974022753033
2024-07-09,PHL,0.2216182752980774
2024-07-10,PHL,0.4462085722740743
2024-07-11,PHL,0.4462085722740743
2024-07-12,PHL,0.4462085722740743
2024-07-13,PHL,0.39177305461189227
2024-07-14,PHL,0.41260348072985814
2024-07-15,PHL,0.41260348072985814
2024-07-16,PHL,0.4136675600423467
2024-07-17,PHL,0.23395011712442942
2024-07-18,PHL,0.20900188306959758
2024-07-19,PHL,0.1960114082088527
2024-07-20,PHL,0.22641575077749435
2024-07-21,PHL,0.22641575077749435
2024-07-22,PHL,0.2404707874621666
2024-07-23,PHL,0.19005863918894114
2024-07-24,PHL,0.2903012841896011
2024-07-25,PHL,0.26239559863127226
2024-07-26,PHL,0.3211365674310384
2024-07-27,PHL,0.28107716392149745
2024-07-28,PHL,0.2925732206928094
2024-07-29,PHL,0.2972180786568181
2024-07-30,PHL,0.2997898017194438
2024-07-31,PHL,0.30250776797980045
2024-08-01,PHL,0.3072008702405253
2024-08-02,PHL,0.27892408030582233
2024-08-03,PHL,0.2924509865672255
2024-08-04,PHL,0.2813055800470855
2024-08-05,PHL,0.20580462324295298
2024-08-06,PHL,0.25330574712795273
2024-08-07,PHL,0.23186872154368354
2024-08-08,PHL,0.23186872154368354
2024-08-09,PHL,0.14379367514292912
2024-08-10,PHL,0.1647227546631382
2024-08-11,PHL,0.23428424680676152
2024-08-12,PHL,0.2466936236875154
2024-08-13,PHL,0.24652625922431332
2024-08-14,PHL,0.18534116564022401
2024-08-15,PHL,0.16699015089161662
2024-08-16,PHL,0.163184602009133
2024-08-17,PHL,0.19350998550128962
2024-08-18,PHL,0.18043513981149986
2024-08-19,PHL,0.18043513981149986
2024-08-20,PHL,0.20762385116086163
2024-08-21,PHL,0.2082754734722943
2024-08-22,PHL,0.29441945376391737
2024-08-23,PHL,0.2839175759173203
2024-08-24,PHL,0.2645002026482219
2024-08-25,PHL,0.28046460896344777
2024-08-26,PHL,0.21127155225272157
2024-08-27,PHL,0.2280897193021831
2024-08-28,PHL,0.2426790310665563
2024-08-29,PHL,0.22990067681126403
2024-08-30,PHL,0.32425781778168944
2024-08-31,PHL,0.2280212837527266
2024-09-01,PHL,0.2304003805293011
2024-09-02,PHL,0.2699143005151239
2024-09-03,PHL,0.2699143005151239
2024-09-04,PHL,0.23167921555813156
2024-09-05,PHL,0.3014364387607541
2024-09-06,PHL,0.2713351316839335
2024-09-07,PHL,0.3644136113306002
2024-09-08,PHL,0.3999677585252083
2024-09-09,PHL,0.3999677585252083
2024-09-10,PHL,0.4084413023580522
2024-09-11,PHL,0.3439134012853347
2024-09-12,PHL,0.3700143041151791
2024-09-13,PHL,0.3327598234622523
2024-09-14,PHL,0.3104499960590127
2024-09-15,PHL,0.26263292311236885
2024-09-16,PHL,0.3104499960590127
2024-09-17,PHL,0.2238581142324821
2024-09-18,PHL,0.264175075862949
2024-09-19,PHL,0.1891671184846543
2024-09-20,PHL,0.26167231073571007
2024-09-21,PHL,0.2587661144238827
2024-09-22,PHL,0.24915096134395204
2024-09-23,PHL,0.24915096134395204
2024-09-24,PHL,0.21934332474196988
2024-09-25,PHL,0.33376641420192077
2024-09-26,PHL,0.3255431695433073
2024-09-27,PHL,0.33376641420192077
2024-09-28,PHL,0.3420645400949921
2024-09-29,PHL,0.315628275816803
2024-09-30,PHL,0.2738155890630157
2024-10-01,PHL,0.315628275816803
2024-10-02,PHL,0.31835898682602504
2024-10-03,PHL,0.22419586204806255
2024-10-04,PHL,0.2185341281535272
2024-10-05,PHL,0.22231099873274054
2024-10-06,PHL,0.2551676629428177
2024-10-07,PHL,0.3409344299819381
2024-10-08,PHL,0.35904735580800917
2024-10-09,PHL,0.3229139723210053
2024-10-10,PHL,0.3409344299819381
2024-10-11,PHL,0.3440272734613417
2024-10-12,PHL,0.24096230260357765
2024-10-13,PHL,0.3240977183380259
2024-10-14,PHL,0.326084462081072
2024-10-15,PHL,0.33793615792043763
2024-10-16,PHL,0.24908877381762692
2024-10-17,PHL,0.3112760878113444
2024-10-18,PHL,0.2979323490671249
2024-10-19,PHL,0.34726054039405113
2024-10-20,PHL,0.36016182758899795
2024-10-21,PHL,0.2910044710839403
2024-10-22,PHL,0.2931122724031483
2024-10-23,PHL,0.30359246308705007
2024-10-24,PHL,0.2998556434979688
2024-10-25,PHL,0.20102773716532976
2024-10-26,PHL,0.1813184091304309
2024-10-27,PHL,0.1813184091304309
2024-10-28,PHL,0.1783493232347493
2024-10-29,PHL,0.17280740423778165
2024-10-30,PHL,0.16438189722480837
2024-10-31,PHL,0.1597662729709536
2024-11-01,PHL,0.17598812502219954
2024-11-02,PHL,0.16215373366529875
2024-11-03,PHL,0.1680088164547327
2024-11-04,PHL,0.17641087696135857
2024-11-05,PHL,0.13956982911127763
2024-11-06,PHL,0.07976865385755386
2024-11-07,PHL,0.08568735439783103
2024-11-08,PHL,0.15420336075458463
2024-11-09,PHL,0.133996566276894
2024-11-10,PHL,0.133996566276894
2024-11-11,PHL,0.133996566276894
2024-11-12,PHL,0.133996566276894
2024-11-13,PHL,0.3128159541004894
2024-11-14,PHL,0.28721823865009255
2024-11-15,PHL,0.28721823865009255
2024-11-16,PHL,0.22920552089903076
2024-11-17,PHL,0.226835125587705
2024-11-18,PHL,0.226835125587705
2024-11-19,PHL,0.22161685837509268
2024-11-20,PHL,0.25564365796246646
2024-11-21,PHL,0.30250399991341803
2024-11-22,PHL,0.25564365796246646
2024-11-23,PHL,0.2572069132855423
2024-11-24,PHL,0.319182386831157
2024-11-25,PHL,0.27249663715540295
2024-11-26,PHL,0.25685305541209297
2024-11-27,PHL,0.3019711271524539
2024-11-28,PHL,0.2185479776997386
2024-11-29,PHL,0.14575777651580718
2024-11-30,PHL,0.14543830798297563
2024-12-01,PHL,0.127421197626681
2024-12-02,PHL,0.127421197626681
2024-12-03,PHL,0.2149743563603408
2024-12-04,PHL,0.17611787894562556
2024-12-05,PHL,0.2247781618781988
2024-12-06,PHL,0.2992083284655696
2024-12-07,PHL,0.32049453398654537
2024-12-08,PHL,0.32049453398654537
2024-12-09,PHL,0.2879057793189654
2024-12-10,PHL,0.2520755770438998
2024-12-11,PHL,0.22753625667176236
2024-12-12,PHL,0.1612578284636862
2024-12-13,PHL,0.16547284161739254
2024-12-14,PHL,0.12466120939314046
2024-12-15,PHL,0.16575810433698226
2024-12-16,PHL,0.17910988076541776
2024-12-17,PHL,0.22977744414108436
2024-12-18,PHL,0.22686697346710014
2024-12-19,PHL,0.263760660538083
2024-12-20,PHL,0.26800223656301486
2024-12-21,PHL,0.3413814893251286
2024-12-22,PHL,0.3413814893251286
2024-12-23,PHL,0.2559318085622066
2024-12-24,PHL,0.2679746444016356
2024-12-25,PHL,0.2825419099679312
2024-12-26,PHL,0.28658105110499327
2024-12-27,PHL,0.2846406789063282
2024-12-28,PHL,0.2890970941900684
2024-12-29,PHL,0.2584514739223634
2024-12-30,PHL,0.2201097272146931
2024-12-31,PHL,0.19772397181384777
2025-01-01,PHL,0.16454844102561064
2025-01-02,PHL,0.19671030304073903
2025-01-03,PHL,0.19671030304073903
2025-01-04,PHL,0.20226556490472164
2025-01-05,PHL,0.24848383077953304
2025-01-06,PHL,0.277668564708135
2025-01-07,PHL,0.25624971532842894
2025-01-08,PHL,0.3066441152089745
2025-01-09,PHL,0.3066441152089745
2025-01-10,PHL,0.3052042268976686
2025-01-11,PHL,0.28002880814480785
2025-01-12,PHL,0.28002880814480785
2025-01-13,PHL,0.275384767474867
2025-01-14,PHL,0.2779792384329467
2025-01-15,PHL,0.275384767474867
2025-01-16,PHL,0.3362438805060626
2025-01-17,PHL,0.3018312327001126
2025-01-18,PHL,0.3365605480103264
2025-01-19,PHL,0.3167892306046385
2025-01-20,PHL,0.32080936751822264
2025-01-21,PHL,0.33468926566970886
2025-01-22,PHL,0.319989155284251
2025-01-23,PHL,0.3228104603771359
2025-01-24,PHL,0.27157717155530464
2025-01-25,PHL,0.25761879246391367
2025-01-26,PHL,0.24575446579403015
2025-01-27,PHL,0.24575446579403015
2025-01-28,PHL,0.2283118968682128
2025-01-29,PHL,0.14953623264591967
2025-01-30,PHL,0.16435251819663083
2025-01-31,PHL,0.15317834203707856
2025-02-01,PHL,0.17370160155501788
2025-02-02,PHL,0.18740350956443372
2025-02-03,PHL,0.18740350956443372
2025-02-04,PHL,0.182452679752598
2025-02-05,PHL,0.31954351212848825
2025-02-06,PHL,0.3350527842235774
2025-02-07,PHL,0.3265855062735022
2025-02-08,PHL,0.25299282373411236
2025-02-09,PHL,0.21522584247917678
2025-02-10,PHL,0.21522584247917678
2025-02-11,PHL,0.29711063007982996
2025-02-12,PHL,0.21778671518169934
2025-02-13,PHL,0.21522584247917678
2025-02-14,PHL,0.21983090123162854
2025-02-15,PHL,0.23242723040218988
2025-02-16,PHL,0.3137704238816952
2025-02-17,PHL,0.2300334602390897
2025-02-18,PHL,0.20812946718801728
2025-02-19,PHL,0.17800062577247047
2025-02-20,PHL,0.2344606637302289
2025-02-21,PHL,0.21861370731298085
2025-02-22,PHL,0.24776303339493722
2025-02-23,PHL,0.24776303339493722
2025-02-24,PHL,0.33221784105382235
2025-02-25,PHL,0.33221784105382235
2025-02-26,PHL,0.32139101218318833
2025-02-27,PHL,0.30878725800231166
2025-02-28,PHL,0.3216227585251558
2025-03-01,PHL,0.33220642058915
2025-03-02,PHL,0.33220642058915
2025-03-03,PHL,0.31656178338232255
2025-03-04,PHL,0.30008683332475605
2025-03-05,PHL,0.3334322489132171
2025-03-06,PHL,0.3334322489132171
2025-03-07,PHL,0.3148838708962323
2025-03-08,PHL,0.25166436432616796
2025-03-09,PHL,0.23862291057930068
2025-03-10,PHL,0.2524778790949316
2025-03-11,PHL,0.2329687054544486
2025-03-12,PHL,0.25789407287645694
2025-03-13,PHL,0.24749527573013486
2025-03-14,PHL,0.2477754768915351
2025-03-15,PHL,0.30364344562931367
2025-03-16,PHL,0.28618960752555067
2025-03-17,PHL,0.2665423752993992
2025-03-18,PHL,0.283045768513058
2025-03-19,PHL,0.25059996931423606
2025-03-20,PHL,0.2663230961889642
2025-03-21,PHL,0.2663230961889642
2025-03-22,PHL,0.28494231856365954
2025-03-23,PHL,0.26901957075583294
2025-03-24,PHL,0.21609512552195154
2025-03-25,PHL,0.20898518087657647
2025-03-26,PHL,0.19599802239956102
2025-03-27,PHL,0.2283069131771608
2025-03-28,PHL,0.21229107699625513
2024-07-01,THA,0.5842095479680215
2024-07-02,THA,0.4110754120138894
2024-07-03,THA,0.4110754120138894
2024-07-04,THA,0.3848397756650234
2024-07-05,THA,0.39095323123848963
2024-07-06,THA,0.37845699587038356
2024-07-07,THA,0.32560490848192425
2024-07-08,THA,0.32560490848192425
2024-07-09,THA,0.3724194601520771
2024-07-10,THA,0.3724194601520771
2024-07-11,THA,0.3724194601520771
2024-07-12,THA,0.3724194601520771
2024-07-13,THA,0.3724194601520771
2024-07-14,THA,0.5803241424415748
2024-07-15,THA,0.5803241424415748
2024-07-16,THA,0.5865818653073737
2024-07-17,THA,0.5865818653073737
2024-07-18,THA,0.5865818653073737
2024-07-19,THA,0.3632646889732161
2024-07-20,THA,0.37508374705263176
2024-07-21,THA,0.3725087995078369
2024-07-22,THA,0.3779364549256437
2024-07-23,THA,0.3779364549256437
2024-07-24,THA,0.3872361089362777
2024-07-25,THA,0.3779364549256437
2024-07-26,THA,0.590450222154866
2024-07-27,THA,0.590450222154866
2024-07-28,THA,0.590450222154866
2024-07-29,THA,0.5865818653073737
2024-07-30,THA,0.5865818653073737
2024-07-31,THA,0.5865818653073737
2024-08-01,THA,0.5865818653073737
2024-08-02,THA,0.5865818653073737
2024-08-03,THA,0.5843957242974996
2024-08-04,THA,0.27787332456471164
2024-08-05,THA,0.292387889994078
2024-08-06,THA,0.2729067644227372
2024-08-07,THA,0.29759359165169813
2024-08-08,THA,0.10174980256546781
2024-08-09,THA,0.10174980256546781
2024-08-10,THA,0.11707120501944865
2024-08-11,THA,0.15991957577482943
2024-08-12,THA,0.15265864077929955
2024-08-13,THA,0.17843983375857989
2024-08-14,THA,0.23782778645752395
2024-08-15,THA,0.3402640177458378
2024-08-16,THA,0.3520944469217511
2024-08-17,THA,0.3012530859642758
2024-08-18,THA,0.3572702903834863
2024-08-19,THA,0.3515431420214153
2024-08-20,THA,0.3515431420214153
2024-08-21,THA,0.3515431420214153
2024-08-22,THA,0.5803241424415748
2024-08-23,THA,0.5803241424415748
2024-08-24,THA,0.5803241424415748
2024-08-25,THA,0.5865818653073737
2024-08-26,THA,0.5926267160468031
2024-08-27,THA,0.5926267160468031
2024-08-28,THA,0.5926267160468031
2024-08-29,THA,0.5865818653073737
2024-08-30,THA,0.5865818653073737
2024-08-31,THA,0.5865818653073737
2024-09-01,THA,0.5865818653073737
2024-09-02,THA,0.5865818653073737
2024-09-03,THA,0.5865818653073737
2024-09-04,THA,0.5865818653073737
2024-09-05,THA,0.5926267160468031
2024-09-06,THA,0.590450222154866
2024-09-07,THA,0.590450222154866
2024-09-08,THA,0.590450222154866
2024-09-09,THA,0.590450222154866
2024-09-10,THA,0.5623967325393909
2024-09-11,THA,0.5623967325393909
2024-09-12,THA,0.5623967325393909
2024-09-13,THA,0.5623967325393909
2024-09-14,THA,0.5571932204305551
2024-09-15,THA,0.5571932204305551
2024-09-16,THA,0.5571932204305551
2024-09-17,THA,0.5571932204305551
2024-09-18,THA,0.49208421391693463
2024-09-19,THA,0.5143705990993196
2024-09-20,THA,0.5143705990993196
2024-09-21,THA,0.49208421391693463
2024-09-22,THA,0.5143705990993196
2024-09-23,THA,0.5143705990993196
2024-09-24,THA,0.49281076206933205
2024-09-25,THA,0.49281076206933205
2024-09-26,THA,0.49281076206933205
2024-09-27,THA,0.49281076206933205
2024-09-28,THA,0.5409650972923589
2024-09-29,THA,0.5409650972923589
2024-09-30,THA,0.5409650972923589
2024-10-01,THA,0.5409650972923589
2024-10-02,THA,0.5409650972923589
2024-10-03,THA,0.5409650972923589
2024-10-04,THA,0.5369118681789752
2024-10-05,THA,0.5409650972923589
2024-10-06,THA,0.5409650972923589
2024-10-07,THA,0.5409650972923589
2024-10-08,THA,0.5369118681789752
2024-10-09,THA,0.5409650972923589
2024-10-10,THA,0.5409650972923589
2024-10-11,THA,0.5369118681789752
2024-10-12,THA,0.5409650972923589
2024-10-13,THA,0.554744780757621
2024-10-14,THA,0.554744780757621
2024-10-15,THA,0.554744780757621
2024-10-16,THA,0.3964258133891935
2024-10-17,THA,0.3964258133891935
2024-10-18,THA,0.3964258133891935
2024-10-19,THA,0.3964258133891935
2024-10-20,THA,0.3964258133891935
2024-10-21,THA,0.3964258133891935
2024-10-22,THA,0.39045229688237515
2024-10-23,THA,0.5472702861492753
2024-10-24,THA,0.5472702861492753
2024-10-25,THA,0.5446902579094602
2024-10-26,THA,0.5446902579094602
2024-10-27,THA,0.5446902579094602
2024-10-28,THA,0.5446902579094602
2024-10-29,THA,0.5446902579094602
2024-10-30,THA,0.5539549475662331
2024-10-31,THA,0.5539549475662331
2024-11-01,THA,0.5539549475662331
2024-11-02,THA,0.5446902579094602
2024-11-03,THA,0.5446902579094602
2024-11-04,THA,0.5508908468660844
2024-11-05,THA,0.3796204795395702
2024-11-06,THA,0.39865910296636237
2024-11-07,THA,0.4120152827053881
2024-11-08,THA,0.4105191970769992
2024-11-09,THA,0.39898184458756647
2024-11-10,THA,0.39898184458756647
2024-11-11,THA,0.39898184458756647
2024-11-12,THA,0.5926267160468031
2024-11-13,THA,0.5926267160468031
2024-11-14,THA,0.39429855077753273
2024-11-15,THA,0.39429855077753273
2024-11-16,THA,0.396580292751335
2024-11-17,THA,0.396580292751335
2024-11-18,THA,0.396580292751335
2024-11-19,THA,0.4012727335058406
2024-11-20,THA,0.3952740116345819
2024-11-21,THA,0.5804988027890596
2024-11-22,THA,0.5804988027890596
2024-11-23,THA,0.5804988027890596
2024-11-24,THA,0.5865818653073737
2024-11-25,THA,0.5865818653073737
2024-11-26,THA,0.5865818653073737
2024-11-27,THA,0.5865818653073737
2024-11-28,THA,0.5865818653073737
2024-11-29,THA,0.5865818653073737
2024-11-30,THA,0.5865818653073737
2024-12-01,THA,0.3032415879284398
2024-12-02,THA,0.3032415879284398
2024-12-03,THA,0.3032415879284398
2024-12-04,THA,0.30855626688557297
2024-12-05,THA,0.30463924765772754
2024-12-06,THA,0.30463924765772754
2024-12-07,THA,0.30463924765772754
2024-12-08,THA,0.5863959751862842
2024-12-09,THA,0.5863959751862842
2024-12-10,THA,0.5863959751862842
2024-12-11,THA,0.5863959751862842
2024-12-12,THA,0.5863959751862842
2024-12-13,THA,0.5863959751862842
2024-12-14,THA,0.5863959751862842
2024-12-15,THA,0.5926267160468031
2024-12-16,THA,0.5926267160468031
2024-12-17,THA,0.5926267160468031
2024-12-18,THA,0.3747855730159964
2024-12-19,THA,0.27822370839130295
2024-12-20,THA,0.27822370839130295
2024-12-21,THA,0.2769845832978283
2024-12-22,THA,0.2769845832978283
2024-12-23,THA,0.2769845832978283
2024-12-24,THA,0.2899793148770154
2024-12-25,THA,0.38030512680515555
2024-12-26,THA,0.38435657774719595
2024-12-27,THA,0.38435657774719595
2024-12-28,THA,0.38435657774719595
2024-12-29,THA,0.38435657774719595
2024-12-30,THA,0.37845089371852675
2024-12-31,THA,0.3629644550149729
2025-01-01,THA,0.35391103618840525
2025-01-02,THA,0.35391103618840525
2025-01-03,THA,0.35391103618840525
2025-01-04,THA,0.3629644550149729
2025-01-05,THA,0.3629644550149729
2025-01-06,THA,0.32515677262508014
2025-01-07,THA,0.30026951478814373
2025-01-08,THA,0.30026951478814373
2025-01-09,THA,0.33067325722504576
2025-01-10,THA,0.33067325722504576
2025-01-11,THA,0.33249521111191077
2025-01-12,THA,0.32830069393908967
2025-01-13,THA,0.39602741661656454
2025-01-14,THA,0.39602741661656454
2025-01-15,THA,0.3983566802921006
2025-01-16,THA,0.3793734418160534
2025-01-17,THA,0.3793734418160534
2025-01-18,THA,0.3793734418160534
2025-01-19,THA,0.3643860200365734
2025-01-20,THA,0.3643860200365734
2025-01-21,THA,0.22731489837944682
2025-01-22,THA,0.23796935956096638
2025-01-23,THA,0.2613609880219156
2025-01-24,THA,0.2498006627751971
2025-01-25,THA,0.2498006627751971
2025-01-26,THA,0.2498006627751971
2025-01-27,THA,0.2498006627751971
2025-01-28,THA,0.5803241424415748
2025-01-29,THA,0.5803241424415748
2025-01-30,THA,0.3877777487564041
2025-01-31,THA,0.3877777487564041
2025-02-01,THA,0.4140788552122363
2025-02-02,THA,0.4140788552122363
2025-02-03,THA,0.24068389748782507
2025-02-04,THA,0.2265093103219104
2025-02-05,THA,0.2420732562451328
2025-02-06,THA,0.20694625595861804
2025-02-07,THA,0.20694625595861804
2025-02-08,THA,0.20694625595861804
2025-02-09,THA,0.1973211099529222
2025-02-10,THA,0.5863959751862842
2025-02-11,THA,0.5803241424415748
2025-02-12,THA,0.5803241424415748
2025-02-13,THA,0.5803241424415748
2025-02-14,THA,0.3632882763167869
2025-02-15,THA,0.39223781150310066
2025-02-16,THA,0.39223781150310066
2025-02-17,THA,0.39839267936697387
2025-02-18,THA,0.39839267936697387
2025-02-19,THA,0.39839267936697387
2025-02-20,THA,0.39839267936697387
2025-02-21,THA,0.5895838730013137
2025-02-22,THA,0.5865818653073737
2025-02-23,THA,0.5865818653073737
2025-02-24,THA,0.5865818653073737
2025-02-25,THA,0.5865818653073737
2025-02-26,THA,0.5865818653073737
2025-02-27,THA,0.2277920037142552
2025-02-28,THA,0.20510014487025588
2025-03-01,THA,0.20187288170783407
2025-03-02,THA,0.20187288170783407
2025-03-03,THA,0.20187288170783407
2025-03-04,THA,0.2080263233132423
2025-03-05,THA,0.17213554858050936
2025-03-06,THA,0.5833393132143657
2025-03-07,THA,0.5833393132143657
2025-03-08,THA,0.5803241424415748
2025-03-09,THA,0.5803241424415748
2025-03-10,THA,0.5803241424415748
2025-03-11,THA,0.5803241424415748
2025-03-12,THA,0.5803241424415748
2025-03-13,THA,0.5865818653073737
2025-03-14,THA,0.5865818653073737
2025-03-15,THA,0.10956090279623856
2025-03-16,THA,0.10956090279623856
2025-03-17,THA,0.10377159124100754
2025-03-18,THA,0.12399472391635759
2025-03-19,THA,0.10377159124100754
2025-03-20,THA,0.10377159124100754
2025-03-21,THA,0.10263470708907826
2025-03-22,THA,0.3970843779567848
2025-03-23,THA,0.3970843779567848
2025-03-24,THA,0.5822127965799664
2025-03-25,THA,0.5822127965799664
2025-03-26,THA,0.5822127965799664
2025-03-27,THA,0.37560468054564283
2025-03-28,THA,0.37560468054564283
2024-07-01,IDN,0.5800130630590928
2024-07-02,IDN,0.5800130630590928
2024-07-03,IDN,0.5800130630590928
2024-07-04,IDN,0.15014001962617793
2024-07-05,IDN,0.15014001962617793
2024-07-06,IDN,0.09220414732820624
2024-07-07,IDN,0.09220414732820624
2024-07-08,IDN,0.09220414732820624
2024-07-09,IDN,0.09220414732820624
2024-07-10,IDN,0.09220414732820624
2024-07-11,IDN,0.43206012640271646
2024-07-12,IDN,0.43206012640271646
2024-07-13,IDN,0.4628159497966263
2024-07-14,IDN,0.4628159497966263
2024-07-15,IDN,0.4628159497966263
2024-07-16,IDN,0.4628159497966263
2024-07-17,IDN,0.4628159497966263
2024-07-18,IDN,0.4628159497966263
2024-07-19,IDN,0.4141234705128125
2024-07-20,IDN,0.39090747108783197
2024-07-21,IDN,0.4365746079429981
2024-07-22,IDN,0.38774074003816933
2024-07-23,IDN,0.10850360189125732
2024-07-24,IDN,0.10164290013806168
2024-07-25,IDN,0.09852825869342222
2024-07-26,IDN,0.1512433257912166
2024-07-27,IDN,0.15408759021988824
2024-07-28,IDN,0.15408759021988824
2024-07-29,IDN,0.17683493573460562
2024-07-30,IDN,0.5776947204476953
2024-07-31,IDN,0.5776947204476953
2024-08-01,IDN,0.5776947204476953
2024-08-02,IDN,0.4365746079429981
2024-08-03,IDN,0.46031260834827104
2024-08-04,IDN,0.46031260834827104
2024-08-05,IDN,0.46031260834827104
2024-08-06,IDN,0.44196529503077053
2024-08-07,IDN,0.37495275922212695
2024-08-08,IDN,0.37495275922212695
2024-08-09,IDN,0.410759269857829
2024-08-10,IDN,0.40599724532651427
2024-08-11,IDN,0.40599724532651427
2024-08-12,IDN,0.36691088871864747
2024-08-13,IDN,0.36691088871864747
2024-08-14,IDN,0.4295901048670456
2024-08-15,IDN,0.4295901048670456
2024-08-16,IDN,0.4295901048670456
2024-08-17,IDN,0.46045247293087554
2024-08-18,IDN,0.46045247293087554
2024-08-19,IDN,0.5776947204476953
2024-08-20,IDN,0.4628159497966263
2024-08-21,IDN,0.4297280674901067
2024-08-22,IDN,0.3977982341132375
2024-08-23,IDN,0.3238284310645093
2024-08-24,IDN,0.30305600986804365
2024-08-25,IDN,0.27832351460014776
2024-08-26,IDN,0.27832351460014776
2024-08-27,IDN,0.27832351460014776
2024-08-28,IDN,0.3749117842992851
2024-08-29,IDN,0.40872493212183814
2024-08-30,IDN,0.40872493212183814
2024-08-31,IDN,0.40872493212183814
2024-09-01,IDN,0.3803715244607061
2024-09-02,IDN,0.3803715244607061
2024-09-03,IDN,0.4101048107341783
2024-09-04,IDN,0.37423684708984317
2024-09-05,IDN,0.37423684708984317
2024-09-06,IDN,0.5776947204476953
2024-09-07,IDN,0.5776947204476953
2024-09-08,IDN,0.5776947204476953
2024-09-09,IDN,0.5776947204476953
2024-09-10,IDN,0.42993912882066315
2024-09-11,IDN,0.4028734040483212
2024-09-12,IDN,0.3668847851852385
2024-09-13,IDN,0.3668847851852385
2024-09-14,IDN,0.3668847851852385
2024-09-15,IDN,0.3668847851852385
2024-09-16,IDN,0.3668847851852385
2024-09-17,IDN,0.3518389394919749
2024-09-18,IDN,0.38416660564561667
2024-09-19,IDN,0.3518389394919749
2024-09-20,IDN,0.3416578661315991
2024-09-21,IDN,0.3416578661315991
2024-09-22,IDN,0.2544095413266111
2024-09-23,IDN,0.2554129288298983
2024-09-24,IDN,0.3151998200256857
2024-09-25,IDN,0.3518389394919749
2024-09-26,IDN,0.38416660564561667
2024-09-27,IDN,0.4139983409346694
2024-09-28,IDN,0.3518389394919749
2024-09-29,IDN,0.38416660564561667
2024-09-30,IDN,0.38416660564561667
2024-10-01,IDN,0.38416660564561667
2024-10-02,IDN,0.3691455123662823
2024-10-03,IDN,0.3691455123662823
2024-10-04,IDN,0.40484120162527065
2024-10-05,IDN,0.5818906499520965
2024-10-06,IDN,0.5818906499520965
2024-10-07,IDN,0.5818906499520965
2024-10-08,IDN,0.5818906499520965
2024-10-09,IDN,0.5717902833420678
2024-10-10,IDN,0.5776947204476953
2024-10-11,IDN,0.5758005230806126
2024-10-12,IDN,0.5865298577417238
2024-10-13,IDN,0.5865298577417238
2024-10-14,IDN,0.4454552031211746
2024-10-15,IDN,0.4454552031211746
2024-10-16,IDN,0.4454552031211746
2024-10-17,IDN,0.4442279419749539
2024-10-18,IDN,0.4442010656786668
2024-10-19,IDN,0.4472627266564089
2024-10-20,IDN,0.36647262243212875
2024-10-21,IDN,0.36647262243212875
2024-10-22,IDN,0.36426802733680774
2024-10-23,IDN,0.3586921761212941
2024-10-24,IDN,0.36426802733680774
2024-10-25,IDN,0.380798544293857
2024-10-26,IDN,0.36703336826626887
2024-10-27,IDN,0.38866659419085914
2024-10-28,IDN,0.38640992036743993
2024-10-29,IDN,0.38640992036743993
2024-10-30,IDN,0.39531989543993046
2024-10-31,IDN,0.3940697103887136
2024-11-01,IDN,0.3290771934125168
2024-11-02,IDN,0.3940697103887136
2024-11-03,IDN,0.3581695602801577
2024-11-04,IDN,0.39690852363231305
2024-11-05,IDN,0.39690852363231305
2024-11-06,IDN,0.39690852363231305
2024-11-07,IDN,0.4203469782739435
2024-11-08,IDN,0.45093102144407404
2024-11-09,IDN,0.40872493212183814
2024-11-10,IDN,0.4391039395975029
2024-11-11,IDN,0.4391039395975029
2024-11-12,IDN,0.40872493212183814
2024-11-13,IDN,0.40289985213002694
2024-11-14,IDN,0.40518976510249005
2024-11-15,IDN,0.3820394408638344
2024-11-16,IDN,0.4263295610224972
2024-11-17,IDN,0.4263295610224972
2024-11-18,IDN,0.4263295610224972
2024-11-19,IDN,0.4570057054645578
2024-11-20,IDN,0.4570057054645578
2024-11-21,IDN,0.4570057054645578
2024-11-22,IDN,0.4570057054645578
2024-11-23,IDN,0.4331630833321006
2024-11-24,IDN,0.4331630833321006
2024-11-25,IDN,0.4331363547525265
2024-11-26,IDN,0.4331363547525265
2024-11-27,IDN,0.43191659871127586
2024-11-28,IDN,0.20394007589663318
2024-11-29,IDN,0.22014280256409496
2024-11-30,IDN,0.22431825251366258
2024-12-01,IDN,0.17833391871797358
2024-12-02,IDN,0.17833391871797358
2024-12-03,IDN,0.17482150683549524
2024-12-04,IDN,0.10857836586190958
2024-12-05,IDN,0.11197788949607942
2024-12-06,IDN,0.11197788949607942
2024-12-07,IDN,0.10091249020046081
2024-12-08,IDN,0.10659066806112899
2024-12-09,IDN,0.10659066806112899
2024-12-10,IDN,0.10091249020046081
2024-12-11,IDN,0.09424401810810565
2024-12-12,IDN,0.10312554311302342
2024-12-13,IDN,0.10312554311302342
2024-12-14,IDN,0.11781664631543257
2024-12-15,IDN,0.11781664631543257
2024-12-16,IDN,0.12035079091198245
2024-12-17,IDN,0.1270578111977997
2024-12-18,IDN,0.12043630933007128
2024-12-19,IDN,0.10634811960322975
2024-12-20,IDN,0.12451609316835836
2024-12-21,IDN,0.11237631352289533
2024-12-22,IDN,0.11682066895040187
2024-12-23,IDN,0.11682066895040187
2024-12-24,IDN,0.11934763881704044
2024-12-25,IDN,0.45174560316837187
2024-12-26,IDN,0.5800130630590928
2024-12-27,IDN,0.5776947204476953
2024-12-28,IDN,0.5776947204476953
2024-12-29,IDN,0.5776947204476953
2024-12-30,IDN,0.5776947204476953
2024-12-31,IDN,0.44939136561132115
2025-01-01,IDN,0.40334331225477815
2025-01-02,IDN,0.40334331225477815
2025-01-03,IDN,0.40334331225477815
2025-01-04,IDN,0.418832091843937
2025-01-05,IDN,0.418832091843937
2025-01-06,IDN,0.4213355002583286
2025-01-07,IDN,0.4519353907565974
2025-01-08,IDN,0.5776947204476953
2025-01-09,IDN,0.5776947204476953
2025-01-10,IDN,0.5776947204476953
2025-01-11,IDN,0.5776947204476953
2025-01-12,IDN,0.5776947204476953
2025-01-13,IDN,0.5776947204476953
2025-01-14,IDN,0.583963542649591
2025-01-15,IDN,0.24158428829590334
2025-01-16,IDN,0.23681496982941008
2025-01-17,IDN,0.23628776768093726
2025-01-18,IDN,0.21842359999352667
2025-01-19,IDN,0.21842359999352667
2025-01-20,IDN,0.11080471502108769
2025-01-21,IDN,0.11080471502108769
2025-01-22,IDN,0.20357769909616177
2025-01-23,IDN,0.20357769909616177
2025-01-24,IDN,0.1781187750487664
2025-01-25,IDN,0.1781187750487664
2025-01-26,IDN,0.1732436735439755
2025-01-27,IDN,0.45207367013197225
2025-01-28,IDN,0.4297013901901811
2025-01-29,IDN,0.4297013901901811
2025-01-30,IDN,0.42737302117410314
2025-01-31,IDN,0.45683091364495615
2025-02-01,IDN,0.45683091364495615
2025-02-02,IDN,0.45683091364495615
2025-02-03,IDN,0.45683091364495615
2025-02-04,IDN,0.5758005230806126
2025-02-05,IDN,0.45806429598921694
2025-02-06,IDN,0.43040851491893517
2025-02-07,IDN,0.43040851491893517
2025-02-08,IDN,0.43040851491893517
2025-02-09,IDN,0.43040851491893517
2025-02-10,IDN,0.43040851491893517
2025-02-11,IDN,0.43040851491893517
2025-02-12,IDN,0.46114223026616613
2025-02-13,IDN,0.5776681622830522
2025-02-14,IDN,0.578824606702911
2025-02-15,IDN,0.578824606702911
2025-02-16,IDN,0.578824606702911
2025-02-17,IDN,0.578824606702911
2025-02-18,IDN,0.578824606702911
2025-02-19,IDN,0.5820771218243761
2025-02-20,IDN,0.5865298577417238
2025-02-21,IDN,0.46814946598810747
2025-02-22,IDN,0.46814946598810747
2025-02-23,IDN,0.4154115819537083
2025-02-24,IDN,0.4095572141196964
2025-02-25,IDN,0.4095572141196964
2025-02-26,IDN,0.4154115819537083
2025-02-27,IDN,0.3736083046862724
2025-02-28,IDN,0.44531795340993013
2025-03-01,IDN,0.433331569131384
2025-03-02,IDN,0.5758271124523834
2025-03-03,IDN,0.5758271124523834
2025-03-04,IDN,0.5758271124523834
2025-03-05,IDN,0.5758271124523834
2025-03-06,IDN,0.3785595187758157
2025-03-07,IDN,0.35650833977979474
2025-03-08,IDN,0.3444022152926004
2025-03-09,IDN,0.3444022152926004
2025-03-10,IDN,0.3081693223045394
2025-03-11,IDN,0.3081693223045394
2025-03-12,IDN,0.3196227496045899
2025-03-13,IDN,0.42634878315351205
2025-03-14,IDN,0.44970090804209095
2025-03-15,IDN,0.44970090804209095
2025-03-16,IDN,0.419136608201238
2025-03-17,IDN,0.4203469782739435
2025-03-18,IDN,0.4203469782739435
2025-03-19,IDN,0.4203469782739435
2025-03-20,IDN,0.4203469782739435
2025-03-21,IDN,0.4203469782739435
2025-03-22,IDN,0.40872493212183814
2025-03-23,IDN,0.43788035969810396
2025-03-24,IDN,0.5758271124523834
2025-03-25,IDN,0.43788035969810396
2025-03-26,IDN,0.43788035969810396
2025-03-27,IDN,0.43788035969810396
2025-03-28,IDN,0.40872493212183814
2024-07-01,TJK,0.20756264830417567
2024-07-02,TJK,0.19273640970259204
2024-07-03,TJK,0.19273640970259204
2024-07-04,TJK,0.2152748458029692
2024-07-05,TJK,0.19822466388210996
2024-07-06,TJK,0.18130249743728624
2024-07-07,TJK,0.19325400265416956
2024-07-08,TJK,0.19325400265416956
2024-07-09,TJK,0.19325400265416956
2024-07-10,TJK,0.18346978955848414
2024-07-11,TJK,0.17829920755569081
2024-07-12,TJK,0.23366175134042327
2024-07-13,TJK,0.19822466388210996
2024-07-14,TJK,0.19822466388210996
2024-07-15,TJK,0.20015177179236604
2024-07-16,TJK,0.27969669914784245
2024-07-17,TJK,0.27969669914784245
2024-07-18,TJK,0.2618958728407539
2024-07-19,TJK,0.26559488762643835
2024-07-20,TJK,0.3594625245039255
2024-07-21,TJK,0.3729002637320329
2024-07-22,TJK,0.35776846493527037
2024-07-23,TJK,0.3722358886473997
2024-07-24,TJK,0.40558655938172483
2024-07-25,TJK,0.3832797784950999
2024-07-26,TJK,0.3841952360619382
2024-07-27,TJK,0.39287447289771193
2024-07-28,TJK,0.4117583675540177
2024-07-29,TJK,0.3984085276563923
2024-07-30,TJK,0.4147362981289957
2024-07-31,TJK,0.3815177967490857
2024-08-01,TJK,0.3945054506439179
2024-08-02,TJK,0.3230368148051754
2024-08-03,TJK,0.30529135403109786
2024-08-04,TJK,0.3031785414994553
2024-08-05,TJK,0.3431031108188188
2024-08-06,TJK,0.2987099703497364
2024-08-07,TJK,0.341531517266787
2024-08-08,TJK,0.32268011069561026
2024-08-09,TJK,0.30513285865209394
2024-08-10,TJK,0.3839136165861736
2024-08-11,TJK,0.3414389440699288
2024-08-12,TJK,0.34520978490621057
2024-08-13,TJK,0.3317857378716893
2024-08-14,TJK,0.30014617031948126
2024-08-15,TJK,0.3164062638208699
2024-08-16,TJK,0.3226893068132646
2024-08-17,TJK,0.3188690970968068
2024-08-18,TJK,0.3361654401329662
2024-08-19,TJK,0.29671643419561994
2024-08-20,TJK,0.29671643419561994
2024-08-21,TJK,0.28526776791060066
2024-08-22,TJK,0.29748441561267974
2024-08-23,TJK,0.21516275986604247
2024-08-24,TJK,0.2892053554474426
2024-08-25,TJK,0.2908249603629092
2024-08-26,TJK,0.3654504683647738
2024-08-27,TJK,0.3236643349228541
2024-08-28,TJK,0.40182493353080634
2024-08-29,TJK,0.3277683975011623
2024-08-30,TJK,0.36690411954326124
2024-08-31,TJK,0.31674254833467436
2024-09-01,TJK,0.31674254833467436
2024-09-02,TJK,0.31674254833467436
2024-09-03,TJK,0.3818175795446158
2024-09-04,TJK,0.3097015012771539
2024-09-05,TJK,0.2970084711254386
2024-09-06,TJK,0.3252374176545847
2024-09-07,TJK,0.2684858733680474
2024-09-08,TJK,0.29612133853916206
2024-09-09,TJK,0.28656071751078965
2024-09-10,TJK,0.3020950018143673
2024-09-11,TJK,0.4119212212103965
2024-09-12,TJK,0.405388495751807
2024-09-13,TJK,0.38950874400184
2024-09-14,TJK,0.39138077137355365
2024-09-15,TJK,0.41024138330373
2024-09-16,TJK,0.41024138330373
2024-09-17,TJK,0.3868101554645978
2024-09-18,TJK,0.3293118419219964
2024-09-19,TJK,0.29567978040377757
2024-09-20,TJK,0.32862571773195015
2024-09-21,TJK,0.3325447075146183
2024-09-22,TJK,0.3098741946472363
2024-09-23,TJK,0.33002742725249573
2024-09-24,TJK,0.3868101554645978
2024-09-25,TJK,0.38867747045158224
2024-09-26,TJK,0.38867747045158224
2024-09-27,TJK,0.3495399996146747
2024-09-28,TJK,0.29986454022152703
2024-09-29,TJK,0.360069996143505
2024-09-30,TJK,0.360069996143505
2024-10-01,TJK,0.35206838826609754
2024-10-02,TJK,0.2829130598163165
2024-10-03,TJK,0.2850795710294413
2024-10-04,TJK,0.2335327415730715
2024-10-05,TJK,0.2960939539430799
2024-10-06,TJK,0.3030273877554692
2024-10-07,TJK,0.2960939539430799
2024-10-08,TJK,0.3316665633460767
2024-10-09,TJK,0.3402258440832321
2024-10-10,TJK,0.3370348519053838
2024-10-11,TJK,0.3174430701834372
2024-10-12,TJK,0.315164488187708
2024-10-13,TJK,0.29279899823214817
2024-10-14,TJK,0.29279899823214817
2024-10-15,TJK,0.30277358655048153
2024-10-16,TJK,0.3404571035689325
2024-10-17,TJK,0.3404571035689325
2024-10-18,TJK,0.3404571035689325
2024-10-19,TJK,0.3404571035689325
2024-10-20,TJK,0.3404571035689325
2024-10-21,TJK,0.3404571035689325
2024-10-22,TJK,0.3404571035689325
2024-10-23,TJK,0.33151370787287826
2024-10-24,TJK,0.2915680721089684
2024-10-25,TJK,0.2915680721089684
2024-10-26,TJK,0.28287144335764136
2024-10-27,TJK,0.30480545256052116
2024-10-28,TJK,0.30480545256052116
2024-10-29,TJK,0.3115323952159863
2024-10-30,TJK,0.33122140145198786
2024-10-31,TJK,0.3483214634575983
2024-11-01,TJK,0.2950508755602538
2024-11-02,TJK,0.34581469630465966
2024-11-03,TJK,0.34581469630465966
2024-11-04,TJK,0.34581469630465966
2024-11-05,TJK,0.3421338367060666
2024-11-06,TJK,0.32774615018496944
2024-11-07,TJK,0.3775965150138512
2024-11-08,TJK,0.3773699195242919
2024-11-09,TJK,0.3996832293208234
2024-11-10,TJK,0.3804407385192938
2024-11-11,TJK,0.3804407385192938
2024-11-12,TJK,0.34487543541720905
2024-11-13,TJK,0.36713747004992353
2024-11-14,TJK,0.38612644116394396
2024-11-15,TJK,0.38612644116394396
2024-11-16,TJK,0.29898318546670005
2024-11-17,TJK,0.31821801704528263
2024-11-18,TJK,0.31821801704528263
2024-11-19,TJK,0.29514532814889816
2024-11-20,TJK,0.28900831956528256
2024-11-21,TJK,0.2763070657663788
2024-11-22,TJK,0.27088986383035046
2024-11-23,TJK,0.3167901198985371
2024-11-24,TJK,0.3340289960044119
2024-11-25,TJK,0.3543182729216351
2024-11-26,TJK,0.404273503160629
2024-11-27,TJK,0.40616928016965703
2024-11-28,TJK,0.40616928016965703
2024-11-29,TJK,0.41768715245893523
2024-11-30,TJK,0.39104459423266663
2024-12-01,TJK,0.39104459423266663
2024-12-02,TJK,0.39104459423266663
2024-12-03,TJK,0.36299741630841087
2024-12-04,TJK,0.3711051473547147
2024-12-05,TJK,0.36299741630841087
2024-12-06,TJK,0.36299741630841087
2024-12-07,TJK,0.33527886813353724
2024-12-08,TJK,0.33352812969422757
2024-12-09,TJK,0.33527886813353724
2024-12-10,TJK,0.3341384916145086
2024-12-11,TJK,0.35220449557083744
2024-12-12,TJK,0.3330154803043452
2024-12-13,TJK,0.3272661242097197
2024-12-14,TJK,0.2823302942650128
2024-12-15,TJK,0.28452881815141556
2024-12-16,TJK,0.2823302942650128
2024-12-17,TJK,0.2939880862504703
2024-12-18,TJK,0.2881970317648352
2024-12-19,TJK,0.2786905211292664
2024-12-20,TJK,0.27023001917070016
2024-12-21,TJK,0.23330313251336204
2024-12-22,TJK,0.2706431765291264
2024-12-23,TJK,0.2887516670086153
2024-12-24,TJK,0.2920192405573667
2024-12-25,TJK,0.34056631926801856
2024-12-26,TJK,0.32518830140447186
2024-12-27,TJK,0.3465770785338075
2024-12-28,TJK,0.31526332834113024
2024-12-29,TJK,0.335044948078668
2024-12-30,TJK,0.31532034859761954
2024-12-31,TJK,0.2856766637616446
2025-01-01,TJK,0.27652656945663356
2025-01-02,TJK,0.21679752790793425
2025-01-03,TJK,0.21894788804940857
2025-01-04,TJK,0.2194751012779325
2025-01-05,TJK,0.23492013264079475
2025-01-06,TJK,0.23492013264079475
2025-01-07,TJK,0.23492013264079475
2025-01-08,TJK,0.2105110391886455
2025-01-09,TJK,0.22588814825771503
2025-01-10,TJK,0.2530780038188884
2025-01-11,TJK,0.2213415726627085
2025-01-12,TJK,0.2402367253505588
2025-01-13,TJK,0.2673590578035056
2025-01-14,TJK,0.2358991492078841
2025-01-15,TJK,0.23299340899111393
2025-01-16,TJK,0.2620480073814375
2025-01-17,TJK,0.2625596631305553
2025-01-18,TJK,0.2780484728828332
2025-01-19,TJK,0.24658178385503596
2025-01-20,TJK,0.24658178385503596
2025-01-21,TJK,0.24658178385503596
2025-01-22,TJK,0.24658178385503596
2025-01-23,TJK,0.24658178385503596
2025-01-24,TJK,0.24257246027780302
2025-01-25,TJK,0.27557727621254774
2025-01-26,TJK,0.24063189156154904
2025-01-27,TJK,0.24063189156154904
2025-01-28,TJK,0.23888062606293764
2025-01-29,TJK,0.21068065013509996
2025-01-30,TJK,0.24266639391007086
2025-01-31,TJK,0.21542759332710684
2025-02-01,TJK,0.29074566882102004
2025-02-02,TJK,0.29074566882102004
2025-02-03,TJK,0.29074566882102004
2025-02-04,TJK,0.27360345827874694
2025-02-05,TJK,0.3171491202023882
2025-02-06,TJK,0.3831856163801213
2025-02-07,TJK,0.3591455561115132
2025-02-08,TJK,0.29198433736809076
2025-02-09,TJK,0.3137296353449819
2025-02-10,TJK,0.3137296353449819
2025-02-11,TJK,0.2970710696971496
2025-02-12,TJK,0.3137296353449819
2025-02-13,TJK,0.3128134423707016
2025-02-14,TJK,0.33165735227208576
2025-02-15,TJK,0.3086350808728933
2025-02-16,TJK,0.30695922240280843
2025-02-17,TJK,0.30695922240280843
2025-02-18,TJK,0.24618101050107974
2025-02-19,TJK,0.22661031551306157
2025-02-20,TJK,0.2050965084133393
2025-02-21,TJK,0.19485754139895387
2025-02-22,TJK,0.25162884842423683
2025-02-23,TJK,0.3085644202148183
2025-02-24,TJK,0.3085644202148183
2025-02-25,TJK,0.3085644202148183
2025-02-26,TJK,0.2733391530594291
2025-02-27,TJK,0.2730820712657584
2025-02-28,TJK,0.29199020279196514
2025-03-01,TJK,0.3424832640846369
2025-03-02,TJK,0.40004017325839725
2025-03-03,TJK,0.40004017325839725
2025-03-04,TJK,0.3606058310657368
2025-03-05,TJK,0.3882257638714077
2025-03-06,TJK,0.36342695205782555
2025-03-07,TJK,0.35073890798680013
2025-03-08,TJK,0.3927626414868866
2025-03-09,TJK,0.4182479925522734
2025-03-10,TJK,0.38383816501313395
2025-03-11,TJK,0.31412313739860026
2025-03-12,TJK,0.3756183998043583
2025-03-13,TJK,0.43251352109362456
2025-03-14,TJK,0.39815749865683303
2025-03-15,TJK,0.4182479925522734
2025-03-16,TJK,0.3927626414868866
2025-03-17,TJK,0.3927626414868866
2025-03-18,TJK,0.31019120469749634
2025-03-19,TJK,0.3337309370470173
2025-03-20,TJK,0.31019120469749634
2025-03-21,TJK,0.31019120469749634
2025-03-22,TJK,0.31019120469749634
2025-03-23,TJK,0.31019120469749634
2025-03-24,TJK,0.31019120469749634
2025-03-25,TJK,0.3011156934067129
2025-03-26,TJK,0.27068431403192833
2025-03-27,TJK,0.22319450133090132
2025-03-28,TJK,0.26548341738739967
2024-07-01,KGZ,0.23888521437032986
2024-07-02,KGZ,0.2332023142774735
2024-07-03,KGZ,0.23888521437032986
2024-07-04,KGZ,0.22489840870384625
2024-07-05,KGZ,0.23888521437032986
2024-07-06,KGZ,0.19377430240091634
2024-07-07,KGZ,0.206340742572689
2024-07-08,KGZ,0.4530002226241092
2024-07-09,KGZ,0.5207735821714607
2024-07-10,KGZ,0.5047827959788607
2024-07-11,KGZ,0.4960581843682382
2024-07-12,KGZ,0.5047827959788607
2024-07-13,KGZ,0.5207735821714607
2024-07-14,KGZ,0.4999421328970348
2024-07-15,KGZ,0.5207735821714607
2024-07-16,KGZ,0.48394504851681763
2024-07-17,KGZ,0.48394504851681763
2024-07-18,KGZ,0.48394504851681763
2024-07-19,KGZ,0.4371919707269994
2024-07-20,KGZ,0.4477220192641853
2024-07-21,KGZ,0.5154498319790198
2024-07-22,KGZ,0.4317861965122094
2024-07-23,KGZ,0.4317861965122094
2024-07-24,KGZ,0.44312990309338646
2024-07-25,KGZ,0.40393410983591344
2024-07-26,KGZ,0.4258195377201118
2024-07-27,KGZ,0.4003605198633091
2024-07-28,KGZ,0.4193556997728807
2024-07-29,KGZ,0.4575006038626422
2024-07-30,KGZ,0.48132029206465343
2024-07-31,KGZ,0.4110050620816191
2024-08-01,KGZ,0.40488120073399464
2024-08-02,KGZ,0.3947555943925155
2024-08-03,KGZ,0.3991106299132764
2024-08-04,KGZ,0.42091926641456684
2024-08-05,KGZ,0.42091926641456684
2024-08-06,KGZ,0.38519541628645676
2024-08-07,KGZ,0.3983651377673435
2024-08-08,KGZ,0.39867547695057726
2024-08-09,KGZ,0.4072260309004406
2024-08-10,KGZ,0.4080352444251534
2024-08-11,KGZ,0.4080352444251534
2024-08-12,KGZ,0.4080352444251534
2024-08-13,KGZ,0.3739228564058441
2024-08-14,KGZ,0.3963808775307519
2024-08-15,KGZ,0.39715590084290014
2024-08-16,KGZ,0.13573534332565443
2024-08-17,KGZ,0.12678197856757947
2024-08-18,KGZ,0.13573534332565443
2024-08-19,KGZ,0.13573534332565443
2024-08-20,KGZ,0.1363949273760322
2024-08-21,KGZ,0.12550034499848986
2024-08-22,KGZ,0.1300623141904589
2024-08-23,KGZ,0.45586718912639185
2024-08-24,KGZ,0.46639214026183845
2024-08-25,KGZ,0.46639214026183845
2024-08-26,KGZ,0.46639214026183845
2024-08-27,KGZ,0.46639214026183845
2024-08-28,KGZ,0.48235133029020116
2024-08-29,KGZ,0.4480632589359811
2024-08-30,KGZ,0.4910697842087465
2024-08-31,KGZ,0.48235133029020116
2024-09-01,KGZ,0.4615764861250734
2024-09-02,KGZ,0.4615764861250734
2024-09-03,KGZ,0.4734129683308593
2024-09-04,KGZ,0.44579430618457855
2024-09-05,KGZ,0.4693161657590238
2024-09-06,KGZ,0.44890559605116287
2024-09-07,KGZ,0.44693531292534716
2024-09-08,KGZ,0.49012226002831255
2024-09-09,KGZ,0.49012226002831255
2024-09-10,KGZ,0.4696075504768863
2024-09-11,KGZ,0.4942977278884494
2024-09-12,KGZ,0.4855766442028192
2024-09-13,KGZ,0.47146380262136156
2024-09-14,KGZ,0.47146380262136156
2024-09-15,KGZ,0.33430169655841646
2024-09-16,KGZ,0.33430169655841646
2024-09-17,KGZ,0.35700162146076925
2024-09-18,KGZ,0.3562586496232034
2024-09-19,KGZ,0.32321758629736097
2024-09-20,KGZ,0.3160106655277708
2024-09-21,KGZ,0.29928380097615365
2024-09-22,KGZ,0.22957726873337667
2024-09-23,KGZ,0.22957726873337667
2024-09-24,KGZ,0.22957726873337667
2024-09-25,KGZ,0.22957726873337667
2024-09-26,KGZ,0.22957726873337667
2024-09-27,KGZ,0.22621867973094512
2024-09-28,KGZ,0.21521072409270442
2024-09-29,KGZ,0.21521072409270442
2024-09-30,KGZ,0.21521072409270442
2024-10-01,KGZ,0.21521072409270442
2024-10-02,KGZ,0.43624495407751923
2024-10-03,KGZ,0.2672790241375934
2024-10-04,KGZ,0.2640966302952313
2024-10-05,KGZ,0.2734961520426194
2024-10-06,KGZ,0.2734961520426194
2024-10-07,KGZ,0.29500224468632574
2024-10-08,KGZ,0.3054184867122445
2024-10-09,KGZ,0.2713312002128799
2024-10-10,KGZ,0.47902485903001196
2024-10-11,KGZ,0.47495553386516387
2024-10-12,KGZ,0.4581885568814346
2024-10-13,KGZ,0.4581885568814346
2024-10-14,KGZ,0.4581885568814346
2024-10-15,KGZ,0.5035582535471247
2024-10-16,KGZ,0.4745429758153541
2024-10-17,KGZ,0.4787542401123295
2024-10-18,KGZ,0.4787542401123295
2024-10-19,KGZ,0.4787542401123295
2024-10-20,KGZ,0.4745429758153541
2024-10-21,KGZ,0.5164976569144223
2024-10-22,KGZ,0.49305098441198675
2024-10-23,KGZ,0.23186946470959616
2024-10-24,KGZ,0.23186946470959616
2024-10-25,KGZ,0.23186946470959616
2024-10-26,KGZ,0.2234820291227266
2024-10-27,KGZ,0.2234820291227266
2024-10-28,KGZ,0.2234820291227266
2024-10-29,KGZ,0.23065949420665952
2024-10-30,KGZ,0.49190112190776963
2024-10-31,KGZ,0.47285415521059365
2024-11-01,KGZ,0.48465835326206635
2024-11-02,KGZ,0.486021845318662
2024-11-03,KGZ,0.486021845318662
2024-11-04,KGZ,0.4902399369677026
2024-11-05,KGZ,0.4861642458293232
2024-11-06,KGZ,0.47004733749538624
2024-11-07,KGZ,0.4943492451207042
2024-11-08,KGZ,0.21069194224738802
2024-11-09,KGZ,0.2240506152529097
2024-11-10,KGZ,0.2240506152529097
2024-11-11,KGZ,0.2240506152529097
2024-11-12,KGZ,0.22181444346975548
2024-11-13,KGZ,0.22181444346975548
2024-11-14,KGZ,0.2251266685860297
2024-11-15,KGZ,0.2251266685860297
2024-11-16,KGZ,0.223941625995433
2024-11-17,KGZ,0.19878728271696994
2024-11-18,KGZ,0.496067506658229
2024-11-19,KGZ,0.4519990905562235
2024-11-20,KGZ,0.47369977793070456
2024-11-21,KGZ,0.47369977793070456
2024-11-22,KGZ,0.2212488662643232
2024-11-23,KGZ,0.2159807969129074
2024-11-24,KGZ,0.22957726873337667
2024-11-25,KGZ,0.22957726873337667
2024-11-26,KGZ,0.22957726873337667
2024-11-27,KGZ,0.2240506152529097
2024-11-28,KGZ,0.2240506152529097
2024-11-29,KGZ,0.48876573453961336
2024-11-30,KGZ,0.48876573453961336
2024-12-01,KGZ,0.49298479885525026
2024-12-02,KGZ,0.49298479885525026
2024-12-03,KGZ,0.48110605235791715
2024-12-04,KGZ,0.4898232963800598
2024-12-05,KGZ,0.48110605235791715
2024-12-06,KGZ,0.45614611484434375
2024-12-07,KGZ,0.467964373968686
2024-12-08,KGZ,0.467964373968686
2024-12-09,KGZ,0.467964373968686
2024-12-10,KGZ,0.4696361986087846
2024-12-11,KGZ,0.4900377519600399
2024-12-12,KGZ,0.4673763996603439
2024-12-13,KGZ,0.47506086022776045
2024-12-14,KGZ,0.4663661770655156
2024-12-15,KGZ,0.4663661770655156
2024-12-16,KGZ,0.4663661770655156
2024-12-17,KGZ,0.4663661770655156
2024-12-18,KGZ,0.4443279374170955
2024-12-19,KGZ,0.44937770515793174
2024-12-20,KGZ,0.4717765342249404
2024-12-21,KGZ,0.4848685343425856
2024-12-22,KGZ,0.4113185161558858
2024-12-23,KGZ,0.4113185161558858
2024-12-24,KGZ,0.41210280620444595
2024-12-25,KGZ,0.42035743257694347
2024-12-26,KGZ,0.4088176216770294
2024-12-27,KGZ,0.2185610880090768
2024-12-28,KGZ,0.19849005858276206
2024-12-29,KGZ,0.21322623236041074
2024-12-30,KGZ,0.23498005703215358
2024-12-31,KGZ,0.2287839709990959
2025-01-01,KGZ,0.2234820291227266
2025-01-02,KGZ,0.234392112963718
2025-01-03,KGZ,0.234392112963718
2025-01-04,KGZ,0.211189271455345
2025-01-05,KGZ,0.211189271455345
2025-01-06,KGZ,0.4224361685733882
2025-01-07,KGZ,0.4224361685733882
2025-01-08,KGZ,0.41397189035403537
2025-01-09,KGZ,0.4534974212540499
2025-01-10,KGZ,0.48686662599069247
2025-01-11,KGZ,0.4728528663215798
2025-01-12,KGZ,0.23702646933555066
2025-01-13,KGZ,0.23702646933555066
2025-01-14,KGZ,0.23408920321476534
2025-01-15,KGZ,0.23702646933555066
2025-01-16,KGZ,0.3062805570849331
2025-01-17,KGZ,0.2889798777261661
2025-01-18,KGZ,0.30538183731062407
2025-01-19,KGZ,0.30538183731062407
2025-01-20,KGZ,0.30538183731062407
2025-01-21,KGZ,0.30538183731062407
2025-01-22,KGZ,0.30538183731062407
2025-01-23,KGZ,0.30538183731062407
2025-01-24,KGZ,0.30538183731062407
2025-01-25,KGZ,0.30538183731062407
2025-01-26,KGZ,0.30538183731062407
2025-01-27,KGZ,0.30538183731062407
2025-01-28,KGZ,0.28814492034789296
2025-01-29,KGZ,0.29197529563731306
2025-01-30,KGZ,0.29197529563731306
2025-01-31,KGZ,0.29197529563731306
2025-02-01,KGZ,0.3079932414313903
2025-02-02,KGZ,0.3079932414313903
2025-02-03,KGZ,0.3079932414313903
2025-02-04,KGZ,0.31075257478208934
2025-02-05,KGZ,0.5190001740150084
2025-02-06,KGZ,0.30538183731062407
2025-02-07,KGZ,0.30538183731062407
2025-02-08,KGZ,0.30538183731062407
2025-02-09,KGZ,0.30538183731062407
2025-02-10,KGZ,0.30538183731062407
2025-02-11,KGZ,0.28598453514531025
2025-02-12,KGZ,0.3022887640990647
2025-02-13,KGZ,0.3022887640990647
2025-02-14,KGZ,0.3022887640990647
2025-02-15,KGZ,0.3022887640990647
2025-02-16,KGZ,0.3022887640990647
2025-02-17,KGZ,0.3022887640990647
2025-02-18,KGZ,0.295683505552431
2025-02-19,KGZ,0.28598453514531025
2025-02-20,KGZ,0.4794977550842831
2025-02-21,KGZ,0.463548432410984
2025-02-22,KGZ,0.5153487004223235
2025-02-23,KGZ,0.5153487004223235
2025-02-24,KGZ,0.5153487004223235
2025-02-25,KGZ,0.49190112190776963
2025-02-26,KGZ,0.4644861722503463
2025-02-27,KGZ,0.4641641479433057
2025-02-28,KGZ,0.48350523411428464
2025-03-01,KGZ,0.4627251168319151
2025-03-02,KGZ,0.4627251168319151
2025-03-03,KGZ,0.4627251168319151
2025-03-04,KGZ,0.4588410013045672
2025-03-05,KGZ,0.4638731868218279
2025-03-06,KGZ,0.4638731868218279
2025-03-07,KGZ,0.40934988532664274
2025-03-08,KGZ,0.2134214372693289
2025-03-09,KGZ,0.2134214372693289
2025-03-10,KGZ,0.2134214372693289
2025-03-11,KGZ,0.2081786139191514
2025-03-12,KGZ,0.2134214372693289
2025-03-13,KGZ,0.2134214372693289
2025-03-14,KGZ,0.20982702494298439
2025-03-15,KGZ,0.3737400598330654
2025-03-16,KGZ,0.3737400598330654
2025-03-17,KGZ,0.3737400598330654
2025-03-18,KGZ,0.3694916331524823
2025-03-19,KGZ,0.36871124801177935
2025-03-20,KGZ,0.3694916331524823
2025-03-21,KGZ,0.3694916331524823
2025-03-22,KGZ,0.3694916331524823
2025-03-23,KGZ,0.3694916331524823
2025-03-24,KGZ,0.3694916331524823
2025-03-25,KGZ,0.3613988959964934
2025-03-26,KGZ,0.19888716713864663
2025-03-27,KGZ,0.1845087015659063
2025-03-28,KGZ,0.1775372371582506
2024-07-01,ARM,0.4303767978371012
2024-07-02,ARM,0.4303767978371012
2024-07-03,ARM,0.4303767978371012
2024-07-04,ARM,0.39120926756707336
2024-07-05,ARM,0.41006718325596736
2024-07-06,ARM,0.39120926756707336
2024-07-07,ARM,0.41006718325596736
2024-07-08,ARM,0.4303767978371012
2024-07-09,ARM,0.40866715717962243
2024-07-10,ARM,0.3932936329423825
2024-07-11,ARM,0.41475940847366327
2024-07-12,ARM,0.41475940847366327
2024-07-13,ARM,0.3383317369013222
2024-07-14,ARM,0.3383317369013222
2024-07-15,ARM,0.3383317369013222
2024-07-16,ARM,0.3049339084026764
2024-07-17,ARM,0.3049339084026764
2024-07-18,ARM,0.32918122113046266
2024-07-19,ARM,0.32918122113046266
2024-07-20,ARM,0.41618734741942015
2024-07-21,ARM,0.4380005769904764
2024-07-22,ARM,0.4380005769904764
2024-07-23,ARM,0.4380005769904764
2024-07-24,ARM,0.41618734741942015
2024-07-25,ARM,0.41888611444782464
2024-07-26,ARM,0.4044005387659157
2024-07-27,ARM,0.39226707587534393
2024-07-28,ARM,0.41114154615796805
2024-07-29,ARM,0.41114154615796805
2024-07-30,ARM,0.41618734741942015
2024-07-31,ARM,0.19883259438301826
2024-08-01,ARM,0.20279679114476318
2024-08-02,ARM,0.18531912641303305
2024-08-03,ARM,0.18180128040095203
2024-08-04,ARM,0.19319810167576557
2024-08-05,ARM,0.19319810167576557
2024-08-06,ARM,0.1732778187010772
2024-08-07,ARM,0.4121096196015209
2024-08-08,ARM,0.4121096196015209
2024-08-09,ARM,0.42778745622916
2024-08-10,ARM,0.4437642060866479
2024-08-11,ARM,0.4437642060866479
2024-08-12,ARM,0.4437642060866479
2024-08-13,ARM,0.4296008878350046
2024-08-14,ARM,0.4437642060866479
2024-08-15,ARM,0.4405787595576362
2024-08-16,ARM,0.41873279832031085
2024-08-17,ARM,0.4213198000172541
2024-08-18,ARM,0.4405787595576362
2024-08-19,ARM,0.4405787595576362
2024-08-20,ARM,0.4405787595576362
2024-08-21,ARM,0.4132791163610453
2024-08-22,ARM,0.43153354284495393
2024-08-23,ARM,0.4009467524210911
2024-08-24,ARM,0.41238083066587267
2024-08-25,ARM,0.41238083066587267
2024-08-26,ARM,0.41238083066587267
2024-08-27,ARM,0.38707887884275893
2024-08-28,ARM,0.42797415251899024
2024-08-29,ARM,0.398275916380915
2024-08-30,ARM,0.29847783886001544
2024-08-31,ARM,0.3093309660979199
2024-09-01,ARM,0.32869684941244887
2024-09-02,ARM,0.32869684941244887
2024-09-03,ARM,0.32869684941244887
2024-09-04,ARM,0.41888611444782464
2024-09-05,ARM,0.4673389108714398
2024-09-06,ARM,0.44694191052299476
2024-09-07,ARM,0.4487655551348109
2024-09-08,ARM,0.4673389108714398
2024-09-09,ARM,0.4673389108714398
2024-09-10,ARM,0.4340330774765512
2024-09-11,ARM,0.4257797905187126
2024-09-12,ARM,0.4257797905187126
2024-09-13,ARM,0.4166500311979575
2024-09-14,ARM,0.30070623735946705
2024-09-15,ARM,0.31747658220000285
2024-09-16,ARM,0.31747658220000285
2024-09-17,ARM,0.3396168880885369
2024-09-18,ARM,0.31921012831962253
2024-09-19,ARM,0.32470106404067
2024-09-20,ARM,0.31747658220000285
2024-09-21,ARM,0.28229599130213334
2024-09-22,ARM,0.31747658220000285
2024-09-23,ARM,0.31747658220000285
2024-09-24,ARM,0.29847783886001544
2024-09-25,ARM,0.31747658220000285
2024-09-26,ARM,0.29847783886001544
2024-09-27,ARM,0.3206320950522428
2024-09-28,ARM,0.31231533676938433
2024-09-29,ARM,0.3286079004354756
2024-09-30,ARM,0.3286079004354756
2024-10-01,ARM,0.2714226548162751
2024-10-02,ARM,0.34680765089374527
2024-10-03,ARM,0.34161315389077856
2024-10-04,ARM,0.4004369644759129
2024-10-05,ARM,0.40091167840403025
2024-10-06,ARM,0.42250369208143035
2024-10-07,ARM,0.42250369208143035
2024-10-08,ARM,0.4163566754867499
2024-10-09,ARM,0.4058252716066376
2024-10-10,ARM,0.3776924712964509
2024-10-11,ARM,0.37386621796333547
2024-10-12,ARM,0.39886654657150794
2024-10-13,ARM,0.39886654657150794
2024-10-14,ARM,0.39886654657150794
2024-10-15,ARM,0.3889684316018548
2024-10-16,ARM,0.4103578085751449
2024-10-17,ARM,0.3889684316018548
2024-10-18,ARM,0.3889684316018548
2024-10-19,ARM,0.4103578085751449
2024-10-20,ARM,0.4103578085751449
2024-10-21,ARM,0.4103578085751449
2024-10-22,ARM,0.3889684316018548
2024-10-23,ARM,0.3889684316018548
2024-10-24,ARM,0.3889684316018548
2024-10-25,ARM,0.4103578085751449
2024-10-26,ARM,0.40091167840403025
2024-10-27,ARM,0.42250369208143035
2024-10-28,ARM,0.42250369208143035
2024-10-29,ARM,0.39189134592223474
2024-10-30,ARM,0.4133327273253548
2024-10-31,ARM,0.3949631640323666
2024-11-01,ARM,0.4203258655502879
2024-11-02,ARM,0.3933011098919973
2024-11-03,ARM,0.4147670145272474
2024-11-04,ARM,0.4147670145272474
2024-11-05,ARM,0.4346463354981594
2024-11-06,ARM,0.3949631640323666
2024-11-07,ARM,0.389738319535891
2024-11-08,ARM,0.39226707587534393
2024-11-09,ARM,0.389738319535891
2024-11-10,ARM,0.37897710745895014
2024-11-11,ARM,0.37897710745895014
2024-11-12,ARM,0.389738319535891
2024-11-13,ARM,0.389738319535891
2024-11-14,ARM,0.389738319535891
2024-11-15,ARM,0.389738319535891
2024-11-16,ARM,0.3244742931190413
2024-11-17,ARM,0.3115034696114179
2024-11-18,ARM,0.3115034696114179
2024-11-19,ARM,0.32415257639706885
2024-11-20,ARM,0.34960978479831467
2024-11-21,ARM,0.3296167596649966
2024-11-22,ARM,0.3296167596649966
2024-11-23,ARM,0.37122698870081344
2024-11-24,ARM,0.41114154615796805
2024-11-25,ARM,0.41114154615796805
2024-11-26,ARM,0.41114154615796805
2024-11-27,ARM,0.389738319535891
2024-11-28,ARM,0.41114154615796805
2024-11-29,ARM,0.41114154615796805
2024-11-30,ARM,0.37897710745895014
2024-12-01,ARM,0.37897710745895014
2024-12-02,ARM,0.37897710745895014
2024-12-03,ARM,0.389738319535891
2024-12-04,ARM,0.41114154615796805
2024-12-05,ARM,0.41114154615796805
2024-12-06,ARM,0.41114154615796805
2024-12-07,ARM,0.389738319535891
2024-12-08,ARM,0.41114154615796805
2024-12-09,ARM,0.41114154615796805
2024-12-10,ARM,0.3779901799050989
2024-12-11,ARM,0.3926633014019902
2024-12-12,ARM,0.37122698870081344
2024-12-13,ARM,0.3784538640790116
2024-12-14,ARM,0.3784538640790116
2024-12-15,ARM,0.3996432122168271
2024-12-16,ARM,0.3996432122168271
2024-12-17,ARM,0.3996432122168271
2024-12-18,ARM,0.40513968823830543
2024-12-19,ARM,0.4061709580460796
2024-12-20,ARM,0.4027180984892808
2024-12-21,ARM,0.4372036533523203
2024-12-22,ARM,0.4372036533523203
2024-12-23,ARM,0.4372036533523203
2024-12-24,ARM,0.41618734741942015
2024-12-25,ARM,0.389738319535891
2024-12-26,ARM,0.41114154615796805
2024-12-27,ARM,0.41114154615796805
2024-12-28,ARM,0.3931531452770461
2024-12-29,ARM,0.41114154615796805
2024-12-30,ARM,0.41114154615796805
2024-12-31,ARM,0.3810676582820748
2025-01-01,ARM,0.40091167840403025
2025-01-02,ARM,0.42250369208143035
2025-01-03,ARM,0.40091167840403025
2025-01-04,ARM,0.41114154615796805
2025-01-05,ARM,0.41114154615796805
2025-01-06,ARM,0.41114154615796805
2025-01-07,ARM,0.4148609998160545
2025-01-08,ARM,0.3810676582820748
2025-01-09,ARM,0.3776924712964509
2025-01-10,ARM,0.3889684316018548
2025-01-11,ARM,0.32846543049803134
2025-01-12,ARM,0.3488738497718332
2025-01-13,ARM,0.3488738497718332
2025-01-14,ARM,0.32531126979888303
2025-01-15,ARM,0.32702331558802517
2025-01-16,ARM,0.2996495282183922
2025-01-17,ARM,0.30308389393973917
2025-01-18,ARM,0.3008454559450331
2025-01-19,ARM,0.3383317369013222
2025-01-20,ARM,0.3383317369013222
2025-01-21,ARM,0.3383317369013222
2025-01-22,ARM,0.3383317369013222
2025-01-23,ARM,0.3186676617510754
2025-01-24,ARM,0.3383317369013222
2025-01-25,ARM,0.3383317369013222
2025-01-26,ARM,0.3383317369013222
2025-01-27,ARM,0.3383317369013222
2025-01-28,ARM,0.32846657105245647
2025-01-29,ARM,0.3049339084026764
2025-01-30,ARM,0.3049339084026764
2025-01-31,ARM,0.3241537092045819
2025-02-01,ARM,0.3926633014019902
2025-02-02,ARM,0.4141181562489688
2025-02-03,ARM,0.4062007383793655
2025-02-04,ARM,0.38751712754657086
2025-02-05,ARM,0.40541993477477667
2025-02-06,ARM,0.41114154615796805
2025-02-07,ARM,0.389738319535891
2025-02-08,ARM,0.3360101471538076
2025-02-09,ARM,0.3561849250229762
2025-02-10,ARM,0.3561849250229762
2025-02-11,ARM,0.31871795804638237
2025-02-12,ARM,0.3561849250229762
2025-02-13,ARM,0.3561849250229762
2025-02-14,ARM,0.3561849250229762
2025-02-15,ARM,0.3383317369013222
2025-02-16,ARM,0.3383317369013222
2025-02-17,ARM,0.3383317369013222
2025-02-18,ARM,0.3383317369013222
2025-02-19,ARM,0.30186222620412956
2025-02-20,ARM,0.3186676617510754
2025-02-21,ARM,0.3337699616131944
2025-02-22,ARM,0.4109414776057724
2025-02-23,ARM,0.4291681775002386
2025-02-24,ARM,0.4291681775002386
2025-02-25,ARM,0.4291681775002386
2025-02-26,ARM,0.4291681775002386
2025-02-27,ARM,0.4074758914888575
2025-02-28,ARM,0.4109414776057724
2025-03-01,ARM,0.3841202686618564
2025-03-02,ARM,0.37341925944735216
2025-03-03,ARM,0.37341925944735216
2025-03-04,ARM,0.40020422375220555
2025-03-05,ARM,0.43865883833645153
2025-03-06,ARM,0.43865883833645153
2025-03-07,ARM,0.4203258655502879
2025-03-08,ARM,0.43865883833645153
2025-03-09,ARM,0.43865883833645153
2025-03-10,ARM,0.43865883833645153
2025-03-11,ARM,0.20887603654670578
2025-03-12,ARM,0.22151062775485264
2025-03-13,ARM,0.20651709660842796
2025-03-14,ARM,0.1809718007469614
2025-03-15,ARM,0.22412492373855075
2025-03-16,ARM,0.22412492373855075
2025-03-17,ARM,0.22412492373855075
2025-03-18,ARM,0.4503002260539632
2025-03-19,ARM,0.42778745622916
2025-03-20,ARM,0.4283413173192019
2025-03-21,ARM,0.42187941070253027
2025-03-22,ARM,0.42187941070253027
2025-03-23,ARM,0.44456090627170214
2025-03-24,ARM,0.40869440327574785
2025-03-25,ARM,0.40869440327574785
2025-03-26,ARM,0.283574620741216
2025-03-27,ARM,0.28620566581014434
2025-03-28,ARM,0.2669614417382828
2024-07-01,AZE,0.24360899344155387
2024-07-02,AZE,0.23130322447156806
2024-07-03,AZE,0.22817717221909983
2024-07-04,AZE,0.23261547228278756
2024-07-05,AZE,0.4739657167778332
2024-07-06,AZE,0.5344658412110376
2024-07-07,AZE,0.5344658412110376
2024-07-08,AZE,0.5344658412110376
2024-07-09,AZE,0.5344658412110376
2024-07-10,AZE,0.5344658412110376
2024-07-11,AZE,0.5344658412110376
2024-07-12,AZE,0.5344658412110376
2024-07-13,AZE,0.5344658412110376
2024-07-14,AZE,0.5344658412110376
2024-07-15,AZE,0.5344658412110376
2024-07-16,AZE,0.5344658412110376
2024-07-17,AZE,0.5344658412110376
2024-07-18,AZE,0.5344658412110376
2024-07-19,AZE,0.5344658412110376
2024-07-20,AZE,0.5344658412110376
2024-07-21,AZE,0.5344658412110376
2024-07-22,AZE,0.5344658412110376
2024-07-23,AZE,0.5344658412110376
2024-07-24,AZE,0.5344658412110376
2024-07-25,AZE,0.5344658412110376
2024-07-26,AZE,0.43097351330662825
2024-07-27,AZE,0.43999138813961103
2024-07-28,AZE,0.36404832235868434
2024-07-29,AZE,0.36404832235868434
2024-07-30,AZE,0.36404832235868434
2024-07-31,AZE,0.36404832235868434
2024-08-01,AZE,0.36454436762075937
2024-08-02,AZE,0.36404832235868434
2024-08-03,AZE,0.5292082316229699
2024-08-04,AZE,0.5292082316229699
2024-08-05,AZE,0.5292082316229699
2024-08-06,AZE,0.5292082316229699
2024-08-07,AZE,0.5292082316229699
2024-08-08,AZE,0.5292082316229699
2024-08-09,AZE,0.3953923805363784
2024-08-10,AZE,0.47332345099753864
2024-08-11,AZE,0.47332345099753864
2024-08-12,AZE,0.47332345099753864
2024-08-13,AZE,0.47385744759280124
2024-08-14,AZE,0.4779259284482529
2024-08-15,AZE,0.47332345099753864
2024-08-16,AZE,0.4779259284482529
2024-08-17,AZE,0.5340209682659693
2024-08-18,AZE,0.47332345099753864
2024-08-19,AZE,0.47332345099753864
2024-08-20,AZE,0.47332345099753864
2024-08-21,AZE,0.47332345099753864
2024-08-22,AZE,0.4585601772589277
2024-08-23,AZE,0.4585601772589277
2024-08-24,AZE,0.4689218222919945
2024-08-25,AZE,0.46269332727772466
2024-08-26,AZE,0.46269332727772466
2024-08-27,AZE,0.4586406019189123
2024-08-28,AZE,0.46269332727772466
2024-08-29,AZE,0.4689218222919945
2024-08-30,AZE,0.47332345099753864
2024-08-31,AZE,0.4689218222919945
2024-09-01,AZE,0.4689218222919945
2024-09-02,AZE,0.4689218222919945
2024-09-03,AZE,0.4585601772589277
2024-09-04,AZE,0.4585601772589277
2024-09-05,AZE,0.4585601772589277
2024-09-06,AZE,0.4585601772589277
2024-09-07,AZE,0.4585601772589277
2024-09-08,AZE,0.4585601772589277
2024-09-09,AZE,0.4585601772589277
2024-09-10,AZE,0.4585601772589277
2024-09-11,AZE,0.47332345099753864
2024-09-12,AZE,0.47332345099753864
2024-09-13,AZE,0.47332345099753864
2024-09-14,AZE,0.47332345099753864
2024-09-15,AZE,0.47332345099753864
2024-09-16,AZE,0.47332345099753864
2024-09-17,AZE,0.46967954064785206
2024-09-18,AZE,0.46967954064785206
2024-09-19,AZE,0.46528186205853705
2024-09-20,AZE,0.46528186205853705
2024-09-21,AZE,0.46528186205853705
2024-09-22,AZE,0.46528186205853705
2024-09-23,AZE,0.46528186205853705
2024-09-24,AZE,0.46528186205853705
2024-09-25,AZE,0.46967954064785206
2024-09-26,AZE,0.5303803440372962
2024-09-27,AZE,0.5303803440372962
2024-09-28,AZE,0.5303803440372962
2024-09-29,AZE,0.5303803440372962
2024-09-30,AZE,0.5303803440372962
2024-10-01,AZE,0.5303803440372962
2024-10-02,AZE,0.5303803440372962
2024-10-03,AZE,0.4546354268340076
2024-10-04,AZE,0.45059409178964377
2024-10-05,AZE,0.46528186205853705
2024-10-06,AZE,0.46528186205853705
2024-10-07,AZE,0.46528186205853705
2024-10-08,AZE,0.4612259262899201
2024-10-09,AZE,0.46528186205853705
2024-10-10,AZE,0.46528186205853705
2024-10-11,AZE,0.4612259262899201
2024-10-12,AZE,0.5303803440372962
2024-10-13,AZE,0.5303803440372962
2024-10-14,AZE,0.5303803440372962
2024-10-15,AZE,0.5303803440372962
2024-10-16,AZE,0.5303803440372962
2024-10-17,AZE,0.5303803440372962
2024-10-18,AZE,0.5292082316229699
2024-10-19,AZE,0.5292082316229699
2024-10-20,AZE,0.5292082316229699
2024-10-21,AZE,0.3859138689368953
2024-10-22,AZE,0.3719515356740547
2024-10-23,AZE,0.3859138689368953
2024-10-24,AZE,0.3817359374246132
2024-10-25,AZE,0.3817359374246132
2024-10-26,AZE,0.3817359374246132
2024-10-27,AZE,0.3817359374246132
2024-10-28,AZE,0.5292082316229699
2024-10-29,AZE,0.5292082316229699
2024-10-30,AZE,0.5292082316229699
2024-10-31,AZE,0.5292082316229699
2024-11-01,AZE,0.5292082316229699
2024-11-02,AZE,0.5292082316229699
2024-11-03,AZE,0.5292082316229699
2024-11-04,AZE,0.44247236794765776
2024-11-05,AZE,0.4384522284841638
2024-11-06,AZE,0.44247236794765776
2024-11-07,AZE,0.4206031072951806
2024-11-08,AZE,0.44247236794765776
2024-11-09,AZE,0.4206031072951806
2024-11-10,AZE,0.40956162124060824
2024-11-11,AZE,0.40956162124060824
2024-11-12,AZE,0.4206031072951806
2024-11-13,AZE,0.4206031072951806
2024-11-14,AZE,0.4206031072951806
2024-11-15,AZE,0.4206031072951806
2024-11-16,AZE,0.4049844305269362
2024-11-17,AZE,0.3095700820281559
2024-11-18,AZE,0.3262301470606198
2024-11-19,AZE,0.33045914671396054
2024-11-20,AZE,0.2504157106713355
2024-11-21,AZE,0.23405389218223116
2024-11-22,AZE,0.23405389218223116
2024-11-23,AZE,0.24847084907948022
2024-11-24,AZE,0.44247236794765776
2024-11-25,AZE,0.44247236794765776
2024-11-26,AZE,0.44247236794765776
2024-11-27,AZE,0.4206031072951806
2024-11-28,AZE,0.44247236794765776
2024-11-29,AZE,0.44247236794765776
2024-11-30,AZE,0.40956162124060824
2024-12-01,AZE,0.40956162124060824
2024-12-02,AZE,0.40956162124060824
2024-12-03,AZE,0.4206031072951806
2024-12-04,AZE,0.44247236794765776
2024-12-05,AZE,0.44247236794765776
2024-12-06,AZE,0.44247236794765776
2024-12-07,AZE,0.4206031072951806
2024-12-08,AZE,0.44247236794765776
2024-12-09,AZE,0.44247236794765776
2024-12-10,AZE,0.42410042885234284
2024-12-11,AZE,0.4206031072951806
2024-12-12,AZE,0.4206031072951806
2024-12-13,AZE,0.4206031072951806
2024-12-14,AZE,0.4206031072951806
2024-12-15,AZE,0.44247236794765776
2024-12-16,AZE,0.44247236794765776
2024-12-17,AZE,0.36091842978497396
2024-12-18,AZE,0.34384432122331576
2024-12-19,AZE,0.34384432122331576
2024-12-20,AZE,0.3406173875538835
2024-12-21,AZE,0.36091842978497396
2024-12-22,AZE,0.36091842978497396
2024-12-23,AZE,0.36091842978497396
2024-12-24,AZE,0.3406173875538835
2024-12-25,AZE,0.3406173875538835
2024-12-26,AZE,0.36091842978497396
2024-12-27,AZE,0.2689502907059562
2024-12-28,AZE,0.2544943945887212
2024-12-29,AZE,0.2689502907059562
2024-12-30,AZE,0.2689502907059562
2024-12-31,AZE,0.25115732136785296
2025-01-01,AZE,0.24847084907948022
2025-01-02,AZE,0.2654911680088562
2025-01-03,AZE,0.4206031072951806
2025-01-04,AZE,0.44247236794765776
2025-01-05,AZE,0.44247236794765776
2025-01-06,AZE,0.44247236794765776
2025-01-07,AZE,0.44247236794765776
2025-01-08,AZE,0.4505779132569482
2025-01-09,AZE,0.4206031072951806
2025-01-10,AZE,0.4206031072951806
2025-01-11,AZE,0.4010598794121985
2025-01-12,AZE,0.39190199699405015
2025-01-13,AZE,0.46528186205853705
2025-01-14,AZE,0.4658148102641867
2025-01-15,AZE,0.46528186205853705
2025-01-16,AZE,0.4702130965141453
2025-01-17,AZE,0.4698759064571396
2025-01-18,AZE,0.4742784929897782
2025-01-19,AZE,0.4742784929897782
2025-01-20,AZE,0.5303803440372962
2025-01-21,AZE,0.5303803440372962
2025-01-22,AZE,0.5303803440372962
2025-01-23,AZE,0.5303803440372962
2025-01-24,AZE,0.5303803440372962
2025-01-25,AZE,0.5303803440372962
2025-01-26,AZE,0.5292082316229699
2025-01-27,AZE,0.5292082316229699
2025-01-28,AZE,0.5292082316229699
2025-01-29,AZE,0.5292082316229699
2025-01-30,AZE,0.5292082316229699
2025-01-31,AZE,0.5292082316229699
2025-02-01,AZE,0.5292082316229699
2025-02-02,AZE,0.5292082316229699
2025-02-03,AZE,0.5292082316229699
2025-02-04,AZE,0.5292082316229699
2025-02-05,AZE,0.5292082316229699
2025-02-06,AZE,0.5292082316229699
2025-02-07,AZE,0.13256778547981085
2025-02-08,AZE,0.12586343968618938
2025-02-09,AZE,0.12586343968618938
2025-02-10,AZE,0.10564366734767845
2025-02-11,AZE,0.07491650960794788
2025-02-12,AZE,0.07988714198616677
2025-02-13,AZE,0.07988714198616677
2025-02-14,AZE,0.4293528682851114
2025-02-15,AZE,0.4293528682851114
2025-02-16,AZE,0.4293528682851114
2025-02-17,AZE,0.4293528682851114
2025-02-18,AZE,0.4293528682851114
2025-02-19,AZE,0.40765791378374133
2025-02-20,AZE,0.40765791378374133
2025-02-21,AZE,0.39983511332131877
2025-02-22,AZE,0.39983511332131877
2025-02-23,AZE,0.39983511332131877
2025-02-24,AZE,0.39983511332131877
2025-02-25,AZE,0.39983511332131877
2025-02-26,AZE,0.3898793462002918
2025-02-27,AZE,0.3898793462002918
2025-02-28,AZE,0.41016340912021504
2025-03-01,AZE,0.41165910361123204
2025-03-02,AZE,0.41165910361123204
2025-03-03,AZE,0.41165910361123204
2025-03-04,AZE,0.41016340912021504
2025-03-05,AZE,0.41016340912021504
2025-03-06,AZE,0.41016340912021504
2025-03-07,AZE,0.5404987164962084
2025-03-08,AZE,0.5404987164962084
2025-03-09,AZE,0.5328499391212559
2025-03-10,AZE,0.5328499391212559
2025-03-11,AZE,0.5328499391212559
2025-03-12,AZE,0.3469865507419854
2025-03-13,AZE,0.3469865507419854
2025-03-14,AZE,0.33733926707348627
2025-03-15,AZE,0.33733926707348627
2025-03-16,AZE,0.33733926707348627
2025-03-17,AZE,0.33733926707348627
2025-03-18,AZE,0.34129952846088624
2025-03-19,AZE,0.5328499391212559
2025-03-20,AZE,0.5328499391212559
2025-03-21,AZE,0.5328499391212559
2025-03-22,AZE,0.5328499391212559
2025-03-23,AZE,0.5328499391212559
2025-03-24,AZE,0.5328499391212559
2025-03-25,AZE,0.5328499391212559
2025-03-26,AZE,0.5328499391212559
2025-03-27,AZE,0.5328499391212559
2025-03-28,AZE,0.5328499391212559
2024-07-01,HTI,0.4920775214877681
2024-07-02,HTI,0.4920775214877681
2024-07-03,HTI,0.5015525017120952
2024-07-04,HTI,0.5015525017120952
2024-07-05,HTI,0.5015525017120952
2024-07-06,HTI,0.5015525017120952
2024-07-07,HTI,0.10616659448491698
2024-07-08,HTI,0.10616659448491698
2024-07-09,HTI,0.1080920461970573
2024-07-10,HTI,0.10616659448491698
2024-07-11,HTI,0.1080920461970573
2024-07-12,HTI,0.11416556937710433
2024-07-13,HTI,0.11416556937710433
2024-07-14,HTI,0.48564187868057485
2024-07-15,HTI,0.5012088237060207
2024-07-16,HTI,0.5012088237060207
2024-07-17,HTI,0.4897083612944398
2024-07-18,HTI,0.4897083612944398
2024-07-19,HTI,0.4797203627539037
2024-07-20,HTI,0.4847160417306133
2024-07-21,HTI,0.45027296336105804
2024-07-22,HTI,0.1266169918931215
2024-07-23,HTI,0.12301082606166061
2024-07-24,HTI,0.14274128549047474
2024-07-25,HTI,0.13489466219821628
2024-07-26,HTI,0.1121094096318338
2024-07-27,HTI,0.1121094096318338
2024-07-28,HTI,0.10449064503528308
2024-07-29,HTI,0.4037463051981014
2024-07-30,HTI,0.41579047936475216
2024-07-31,HTI,0.4080311481215728
2024-08-01,HTI,0.3960593613150255
2024-08-02,HTI,0.3960593613150255
2024-08-03,HTI,0.41602916099833526
2024-08-04,HTI,0.12368094977044276
2024-08-05,HTI,0.10625854593924056
2024-08-06,HTI,0.12368094977044276
2024-08-07,HTI,0.10625854593924056
2024-08-08,HTI,0.10625854593924056
2024-08-09,HTI,0.10625854593924056
2024-08-10,HTI,0.10316371800236224
2024-08-11,HTI,0.4605820338217603
2024-08-12,HTI,0.4630181107695327
2024-08-13,HTI,0.32677455386819565
2024-08-14,HTI,0.3109546195041723
2024-08-15,HTI,0.2558446281660179
2024-08-16,HTI,0.2558446281660179
2024-08-17,HTI,0.20157535877085286
2024-08-18,HTI,0.19671429127995735
2024-08-19,HTI,0.19671429127995735
2024-08-20,HTI,0.19671429127995735
2024-08-21,HTI,0.1787050437781037
2024-08-22,HTI,0.1262552671983937
2024-08-23,HTI,0.13705695851139174
2024-08-24,HTI,0.13814909953002436
2024-08-25,HTI,0.14708740565144293
2024-08-26,HTI,0.13814909953002436
2024-08-27,HTI,0.14708740565144293
2024-08-28,HTI,0.14094885402850474
2024-08-29,HTI,0.4988313488234674
2024-08-30,HTI,0.48988151348411896
2024-08-31,HTI,0.4840680046604286
2024-09-01,HTI,0.2871139201966265
2024-09-02,HTI,0.3017772121449526
2024-09-03,HTI,0.1644977186624295
2024-09-04,HTI,0.17612265531871224
2024-09-05,HTI,0.17360216932333802
2024-09-06,HTI,0.16927266860593837
2024-09-07,HTI,0.147007831115188
2024-09-08,HTI,0.147007831115188
2024-09-09,HTI,0.147007831115188
2024-09-10,HTI,0.41486275199313033
2024-09-11,HTI,0.3956495210632839
2024-09-12,HTI,0.386193023220157
2024-09-13,HTI,0.38041111986671955
2024-09-14,HTI,0.41273073394922194
2024-09-15,HTI,0.41437059021601963
2024-09-16,HTI,0.2766042563359408
2024-09-17,HTI,0.35621626705101817
2024-09-18,HTI,0.35621626705101817
2024-09-19,HTI,0.35621626705101817
2024-09-20,HTI,0.2820851258722698
2024-09-21,HTI,0.33563980575474445
2024-09-22,HTI,0.33563980575474445
2024-09-23,HTI,0.3994788942876444
2024-09-24,HTI,0.3876510774668423
2024-09-25,HTI,0.4097209986561162
2024-09-26,HTI,0.44745558937766655
2024-09-27,HTI,0.4917363359749357
2024-09-28,HTI,0.31373151033202684
2024-09-29,HTI,0.22192895114879393
2024-09-30,HTI,0.22192895114879393
2024-10-01,HTI,0.1838033107512899
2024-10-02,HTI,0.21407723523938418
2024-10-03,HTI,0.2270978445245705
2024-10-04,HTI,0.2382788827093974
2024-10-05,HTI,0.30457416842943724
2024-10-06,HTI,0.2742780745489644
2024-10-07,HTI,0.44034870694171424
2024-10-08,HTI,0.44483818466526676
2024-10-09,HTI,0.4395411884122086
2024-10-10,HTI,0.045792199151337365
2024-10-11,HTI,0.045792199151337365
2024-10-12,HTI,0.04700230709529714
2024-10-13,HTI,0.04813722199265925
2024-10-14,HTI,0.04813722199265925
2024-10-15,HTI,0.0679424950306895
2024-10-16,HTI,0.06235895273640527
2024-10-17,HTI,0.23965191516041298
2024-10-18,HTI,0.23965191516041298
2024-10-19,HTI,0.23965191516041298
2024-10-20,HTI,0.23965191516041298
2024-10-21,HTI,0.22971445305411547
2024-10-22,HTI,0.23908944260757115
2024-10-23,HTI,0.24464820728285197
2024-10-24,HTI,0.407071811700134
2024-10-25,HTI,0.3896142312992465
2024-10-26,HTI,0.42143939602347874
2024-10-27,HTI,0.42143939602347874
2024-10-28,HTI,0.4179597070153448
2024-10-29,HTI,0.19697848494374257
2024-10-30,HTI,0.19697848494374257
2024-10-31,HTI,0.19697848494374257
2024-11-01,HTI,0.19697848494374257
2024-11-02,HTI,0.22186772364012836
2024-11-03,HTI,0.22186772364012836
2024-11-04,HTI,0.2628958475266232
2024-11-05,HTI,0.4088667927721105
2024-11-06,HTI,0.41546325846853693
2024-11-07,HTI,0.43966604708260504
2024-11-08,HTI,0.43966604708260504
2024-11-09,HTI,0.38443633453424825
2024-11-10,HTI,0.3817092289027058
2024-11-11,HTI,0.3773669057430097
2024-11-12,HTI,0.4540566344994696
2024-11-13,HTI,0.4308252381093457
2024-11-14,HTI,0.46670059007159537
2024-11-15,HTI,0.4865913725876793
2024-11-16,HTI,0.49101945365564925
2024-11-17,HTI,0.48731698758003317
2024-11-18,HTI,0.4078359876454342
2024-11-19,HTI,0.18809958761569404
2024-11-20,HTI,0.16806294727006915
2024-11-21,HTI,0.12300929787308225
2024-11-22,HTI,0.12334295172839382
2024-11-23,HTI,0.12307902064405388
2024-11-24,HTI,0.14232460407326916
2024-11-25,HTI,0.14232460407326916
2024-11-26,HTI,0.11171834958237922
2024-11-27,HTI,0.11171834958237922
2024-11-28,HTI,0.13670186972648765
2024-11-29,HTI,0.15299560499218706
2024-11-30,HTI,0.1607226749484379
2024-12-01,HTI,0.16568961440164914
2024-12-02,HTI,0.16568961440164914
2024-12-03,HTI,0.4444696985810606
2024-12-04,HTI,0.4452326230640283
2024-12-05,HTI,0.44481136534447263
2024-12-06,HTI,0.45574181662739677
2024-12-07,HTI,0.24887826653103962
2024-12-08,HTI,0.24887826653103962
2024-12-09,HTI,0.24887826653103962
2024-12-10,HTI,0.26477540749863976
2024-12-11,HTI,0.26477540749863976
2024-12-12,HTI,0.2681628869753633
2024-12-13,HTI,0.0851451474081525
2024-12-14,HTI,0.04927181381633501
2024-12-15,HTI,0.0602623689771001
2024-12-16,HTI,0.07667285209407138
2024-12-17,HTI,0.07970817682927973
2024-12-18,HTI,0.07970817682927973
2024-12-19,HTI,0.079481857290597
2024-12-20,HTI,0.06062910508257292
2024-12-21,HTI,0.05388575612676471
2024-12-22,HTI,0.064890277632601
2024-12-23,HTI,0.064890277632601
2024-12-24,HTI,0.2604498662924937
2024-12-25,HTI,0.40682189780348516
2024-12-26,HTI,0.3030949554560217
2024-12-27,HTI,0.3030949554560217
2024-12-28,HTI,0.06199358506820515
2024-12-29,HTI,0.07077487518659661
2024-12-30,HTI,0.07077487518659661
2024-12-31,HTI,0.07077487518659661
2025-01-01,HTI,0.07077487518659661
2025-01-02,HTI,0.07077487518659661
2025-01-03,HTI,0.06162304863048543
2025-01-04,HTI,0.43964876176131806
2025-01-05,HTI,0.4054864156582738
2025-01-06,HTI,0.4054864156582738
2025-01-07,HTI,0.19343237357333729
2025-01-08,HTI,0.20462469760602262
2025-01-09,HTI,0.19739490430957243
2025-01-10,HTI,0.16348021572459948
2025-01-11,HTI,0.18501051099061638
2025-01-12,HTI,0.1606796501018288
2025-01-13,HTI,0.10836151882742012
2025-01-14,HTI,0.19823292335082165
2025-01-15,HTI,0.2276057563078732
2025-01-16,HTI,0.2489237218392533
2025-01-17,HTI,0.2489237218392533
2025-01-18,HTI,0.2489237218392533
2025-01-19,HTI,0.2489237218392533
2025-01-20,HTI,0.2544682369156287
2025-01-21,HTI,0.2544682369156287
2025-01-22,HTI,0.2394361857469553
2025-01-23,HTI,0.24425524790790407
2025-01-24,HTI,0.3193847473765183
2025-01-25,HTI,0.2845531984852307
2025-01-26,HTI,0.2845531984852307
2025-01-27,HTI,0.3010117183815192
2025-01-28,HTI,0.3115927658885969
2025-01-29,HTI,0.3130114411203801
2025-01-30,HTI,0.3350488066124157
2025-01-31,HTI,0.3350488066124157
2025-02-01,HTI,0.46458925199747886
2025-02-02,HTI,0.46918253384978614
2025-02-03,HTI,0.1014389089891049
2025-02-04,HTI,0.07709326716696295
2025-02-05,HTI,0.07224311113030106
2025-02-06,HTI,0.07201582189120898
2025-02-07,HTI,0.071996962788961
2025-02-08,HTI,0.071996962788961
2025-02-09,HTI,0.08378282681335733
2025-02-10,HTI,0.13954471403249466
2025-02-11,HTI,0.24010137745348914
2025-02-12,HTI,0.249310609577593
2025-02-13,HTI,0.2442498895867957
2025-02-14,HTI,0.3081690204360933
2025-02-15,HTI,0.3081690204360933
2025-02-16,HTI,0.20510495847546528
2025-02-17,HTI,0.23295073822305032
2025-02-18,HTI,0.18821312152134087
2025-02-19,HTI,0.23785102633021363
2025-02-20,HTI,0.2262845258951485
2025-02-21,HTI,0.2262845258951485
2025-02-22,HTI,0.2077572988922555
2025-02-23,HTI,0.0922495421687693
2025-02-24,HTI,0.0922495421687693
2025-02-25,HTI,0.0922495421687693
2025-02-26,HTI,0.09227317880410167
2025-02-27,HTI,0.09227317880410167
2025-02-28,HTI,0.09199117274829678
2025-03-01,HTI,0.0922495421687693
2025-03-02,HTI,0.3747769215289359
2025-03-03,HTI,0.21871623693823927
2025-03-04,HTI,0.21256469489179794
2025-03-05,HTI,0.19211418739285263
2025-03-06,HTI,0.19211418739285263
2025-03-07,HTI,0.16379581360165432
2025-03-08,HTI,0.16379581360165432
2025-03-09,HTI,0.05501156767521584
2025-03-10,HTI,0.06621829386014229
2025-03-11,HTI,0.06850306907796708
2025-03-12,HTI,0.06850306907796708
2025-03-13,HTI,0.07175201538670452
2025-03-14,HTI,0.0731173441527414
2025-03-15,HTI,0.07999426196425144
2025-03-16,HTI,0.33312461942797233
2025-03-17,HTI,0.33312461942797233
2025-03-18,HTI,0.3152333207998558
2025-03-19,HTI,0.20660677312195133
2025-03-20,HTI,0.202773404515181
2025-03-21,HTI,0.2104346018481636
2025-03-22,HTI,0.20266896970611695
2025-03-23,HTI,0.14092027610235996
2025-03-24,HTI,0.19685504660205594
2025-03-25,HTI,0.157625007176179
2025-03-26,HTI,0.1598689336710433
2025-03-27,HTI,0.17207181488074055
2025-03-28,HTI,0.14171934413275736
2024-07-01,COL,0.1874690828305886
2024-07-02,COL,0.1901748467208661
2024-07-03,COL,0.1874690828305886
2024-07-04,COL,0.2344133549746152
2024-07-05,COL,0.32258366431000185
2024-07-06,COL,0.2743143428469111
2024-07-07,COL,0.27965699204282124
2024-07-08,COL,0.28271474021922616
2024-07-09,COL,0.27814822957706203
2024-07-10,COL,0.27211685642117606
2024-07-11,COL,0.20544178511119093
2024-07-12,COL,0.23435984231689483
2024-07-13,COL,0.25569995382999144
2024-07-14,COL,0.258530058856544
2024-07-15,COL,0.2597265896817377
2024-07-16,COL,0.2918748501803828
2024-07-17,COL,0.20873731107644364
2024-07-18,COL,0.3763865143245616
2024-07-19,COL,0.38440729935027196
2024-07-20,COL,0.34454913732037956
2024-07-21,COL,0.2672842907775497
2024-07-22,COL,0.28159623840253956
2024-07-23,COL,0.3209894608099292
2024-07-24,COL,0.28922007491115853
2024-07-25,COL,0.2106363688402851
2024-07-26,COL,0.20413503546542505
2024-07-27,COL,0.2547887051849991
2024-07-28,COL,0.1669043773910315
2024-07-29,COL,0.2516013298032636
2024-07-30,COL,0.14825904834326276
2024-07-31,COL,0.15862486185042013
2024-08-01,COL,0.23334451827245195
2024-08-02,COL,0.20729911820975566
2024-08-03,COL,0.17954051717546568
2024-08-04,COL,0.32704224673011567
2024-08-05,COL,0.3317198860921311
2024-08-06,COL,0.3569047310417812
2024-08-07,COL,0.25093781562815143
2024-08-08,COL,0.21811441772824952
2024-08-09,COL,0.24355280727247527
2024-08-10,COL,0.28478141100214677
2024-08-11,COL,0.28846061108754395
2024-08-12,COL,0.28846061108754395
2024-08-13,COL,0.2880727322582411
2024-08-14,COL,0.24398877415842388
2024-08-15,COL,0.19873751805675435
2024-08-16,COL,0.19911578018088047
2024-08-17,COL,0.1715474984099353
2024-08-18,COL,0.2089778583748421
2024-08-19,COL,0.11850966426877979
2024-08-20,COL,0.14045372471379597
2024-08-21,COL,0.11850966426877979
2024-08-22,COL,0.11905343801253813
2024-08-23,COL,0.09684847922667826
2024-08-24,COL,0.1065431822595275
2024-08-25,COL,0.11725496936410007
2024-08-26,COL,0.13862725427240702
2024-08-27,COL,0.11310237132922418
2024-08-28,COL,0.133427972360263
2024-08-29,COL,0.11265175339022489
2024-08-30,COL,0.113546582632064
2024-08-31,COL,0.12311953258695191
2024-09-01,COL,0.12466536858266282
2024-09-02,COL,0.13752584511649252
2024-09-03,COL,0.1325630153785739
2024-09-04,COL,0.1106026728456986
2024-09-05,COL,0.12230563412204143
2024-09-06,COL,0.10541901291784458
2024-09-07,COL,0.11243948000128502
2024-09-08,COL,0.11854608922045165
2024-09-09,COL,0.1509868958841259
2024-09-10,COL,0.1961224008216954
2024-09-11,COL,0.1988155810839057
2024-09-12,COL,0.09697089482792202
2024-09-13,COL,0.11687059134479609
2024-09-14,COL,0.1077488041798031
2024-09-15,COL,0.08924532778513486
2024-09-16,COL,0.10430406064972403
2024-09-17,COL,0.09177809753066003
2024-09-18,COL,0.0996989140555601
2024-09-19,COL,0.09117086616922043
2024-09-20,COL,0.10249913076978245
2024-09-21,COL,0.10249913076978245
2024-09-22,COL,0.20977174746226898
2024-09-23,COL,0.2812753656672926
2024-09-24,COL,0.2436539188543715
2024-09-25,COL,0.23029872156972497
2024-09-26,COL,0.19302193645843002
2024-09-27,COL,0.19127509439017787
2024-09-28,COL,0.28427068760866986
2024-09-29,COL,0.3430068964724348
2024-09-30,COL,0.3430068964724348
2024-10-01,COL,0.36666645012062343
2024-10-02,COL,0.34244462591846003
2024-10-03,COL,0.2521295819064411
2024-10-04,COL,0.22358810806627016
2024-10-05,COL,0.3078883504147103
2024-10-06,COL,0.13443149748673128
2024-10-07,COL,0.11842889086575116
2024-10-08,COL,0.11770464175082739
2024-10-09,COL,0.13058501266378403
2024-10-10,COL,0.12853211774411744
2024-10-11,COL,0.10215375165349563
2024-10-12,COL,0.10187283273907542
2024-10-13,COL,0.19106845275453105
2024-10-14,COL,0.19106845275453105
2024-10-15,COL,0.20580013322252985
2024-10-16,COL,0.1588879086401134
2024-10-17,COL,0.17261509100684902
2024-10-18,COL,0.11713432787596574
2024-10-19,COL,0.10297242977535156
2024-10-20,COL,0.09418189034674175
2024-10-21,COL,0.11694176623535046
2024-10-22,COL,0.18709285209850154
2024-10-23,COL,0.18452426528324717
2024-10-24,COL,0.11731281376363402
2024-10-25,COL,0.3363642815777139
2024-10-26,COL,0.17626266164312002
2024-10-27,COL,0.27568475301625534
2024-10-28,COL,0.1911823220461005
2024-10-29,COL,0.2194614477034997
2024-10-30,COL,0.2194614477034997
2024-10-31,COL,0.2251343139101427
2024-11-01,COL,0.2278155863931836
2024-11-02,COL,0.1346792209902416
2024-11-03,COL,0.12409483673567025
2024-11-04,COL,0.12691789934042375
2024-11-05,COL,0.1150118551763953
2024-11-06,COL,0.11732834553941951
2024-11-07,COL,0.13575630169431196
2024-11-08,COL,0.1833069214764122
2024-11-09,COL,0.1538566950351922
2024-11-10,COL,0.1538566950351922
2024-11-11,COL,0.1538566950351922
2024-11-12,COL,0.152448707170896
2024-11-13,COL,0.11397855661023994
2024-11-14,COL,0.12455568091149974
2024-11-15,COL,0.10664424958847091
2024-11-16,COL,0.11519399924379888
2024-11-17,COL,0.0850612548266663
2024-11-18,COL,0.09944220849074163
2024-11-19,COL,0.0956468442201763
2024-11-20,COL,0.15517289983759722
2024-11-21,COL,0.13479981959307935
2024-11-22,COL,0.09782177226863593
2024-11-23,COL,0.09218871563226944
2024-11-24,COL,0.09378628414800359
2024-11-25,COL,0.09378628414800359
2024-11-26,COL,0.10448603616905369
2024-11-27,COL,0.11569501337785815
2024-11-28,COL,0.11569501337785815
2024-11-29,COL,0.1263974406459658
2024-11-30,COL,0.13480367465520965
2024-12-01,COL,0.15537363516807506
2024-12-02,COL,0.15537363516807506
2024-12-03,COL,0.2697245361851268
2024-12-04,COL,0.17455665522992103
2024-12-05,COL,0.18762618463353714
2024-12-06,COL,0.1842221961570636
2024-12-07,COL,0.11485366191919671
2024-12-08,COL,0.11485366191919671
2024-12-09,COL,0.11485366191919671
2024-12-10,COL,0.10417737640671827
2024-12-11,COL,0.11081862424061571
2024-12-12,COL,0.1054810010039141
2024-12-13,COL,0.10404914366528163
2024-12-14,COL,0.12393232659596658
2024-12-15,COL,0.2051914153614533
2024-12-16,COL,0.14509485393900348
2024-12-17,COL,0.15151820983826506
2024-12-18,COL,0.2528854911355729
2024-12-19,COL,0.1909608693799021
2024-12-20,COL,0.14796136931015963
2024-12-21,COL,0.15781819254163343
2024-12-22,COL,0.15781819254163343
2024-12-23,COL,0.16308724518623008
2024-12-24,COL,0.12403437552828914
2024-12-25,COL,0.12375513854020967
2024-12-26,COL,0.12973055541488557
2024-12-27,COL,0.12656089931303754
2024-12-28,COL,0.13489511309874874
2024-12-29,COL,0.12973055541488557
2024-12-30,COL,0.12973055541488557
2024-12-31,COL,0.17082510629660153
2025-01-01,COL,0.19989378945354355
2025-01-02,COL,0.21590357910449426
2025-01-03,COL,0.20361182036614364
2025-01-04,COL,0.23899287930228857
2025-01-05,COL,0.21333235572841855
2025-01-06,COL,0.3287711524418081
2025-01-07,COL,0.4375884239873384
2025-01-08,COL,0.41343034607498713
2025-01-09,COL,0.3790177068647811
2025-01-10,COL,0.3493595269768158
2025-01-11,COL,0.31924687524263085
2025-01-12,COL,0.2864643329294293
2025-01-13,COL,0.2834453312940432
2025-01-14,COL,0.29456624235730583
2025-01-15,COL,0.27641216490439097
2025-01-16,COL,0.35443630001388804
2025-01-17,COL,0.32833629034150424
2025-01-18,COL,0.3459542582209798
2025-01-19,COL,0.37414361473864616
2025-01-20,COL,0.29352747658776435
2025-01-21,COL,0.3424002361043324
2025-01-22,COL,0.3383444147212104
2025-01-23,COL,0.11458816315206344
2025-01-24,COL,0.1403118572834346
2025-01-25,COL,0.13130635399177282
2025-01-26,COL,0.13073526432461988
2025-01-27,COL,0.13073526432461988
2025-01-28,COL,0.15818486473761054
2025-01-29,COL,0.1593483132682883
2025-01-30,COL,0.15223622868240771
2025-01-31,COL,0.14588735883038673
2025-02-01,COL,0.17262771809040747
2025-02-02,COL,0.17698892899475713
2025-02-03,COL,0.15806259834668826
2025-02-04,COL,0.16408001183366624
2025-02-05,COL,0.1962281036118355
2025-02-06,COL,0.17292558674420047
2025-02-07,COL,0.17292558674420047
2025-02-08,COL,0.16259960452355968
2025-02-09,COL,0.1930892071378274
2025-02-10,COL,0.18751099171121552
2025-02-11,COL,0.1981615333138187
2025-02-12,COL,0.1953695504772329
2025-02-13,COL,0.31557754388492176
2025-02-14,COL,0.25360432596690435
2025-02-15,COL,0.23679038585023762
2025-02-16,COL,0.23679038585023762
2025-02-17,COL,0.23679038585023762
2025-02-18,COL,0.21638725683983345
2025-02-19,COL,0.22533735692758114
2025-02-20,COL,0.25840808408451316
2025-02-21,COL,0.25704043592362785
2025-02-22,COL,0.313638657229234
2025-02-23,COL,0.28934440551292057
2025-02-24,COL,0.25459706132713644
2025-02-25,COL,0.21921713801986153
2025-02-26,COL,0.12507242977838098
2025-02-27,COL,0.20645273532382508
2025-02-28,COL,0.15400042717956894
2025-03-01,COL,0.11337753877907598
2025-03-02,COL,0.10675961732022514
2025-03-03,COL,0.11426002293713894
2025-03-04,COL,0.10627478970167263
2025-03-05,COL,0.10739125788273024
2025-03-06,COL,0.10739125788273024
2025-03-07,COL,0.12202029159786296
2025-03-08,COL,0.1894878912578287
2025-03-09,COL,0.2323997652351524
2025-03-10,COL,0.132254436820007
2025-03-11,COL,0.14050135440115377
2025-03-12,COL,0.15479109005661468
2025-03-13,COL,0.15479109005661468
2025-03-14,COL,0.14271934810282375
2025-03-15,COL,0.13374056743038482
2025-03-16,COL,0.1254939935332282
2025-03-17,COL,0.15176957993801501
2025-03-18,COL,0.15436799303590748
2025-03-19,COL,0.1414065944090186
2025-03-20,COL,0.14506250361503129
2025-03-21,COL,0.1391453725477854
2025-03-22,COL,0.1806361415061346
2025-03-23,COL,0.18749559226307266
2025-03-24,COL,0.15175137310049788
2025-03-25,COL,0.21146713961900676
2025-03-26,COL,0.15078478848816282
2025-03-27,COL,0.1493999489411008
2025-03-28,COL,0.233488442697993
2024-07-01,MEX,0.0661241605239579
2024-07-02,MEX,0.059532250976140136
2024-07-03,MEX,0.08875912192544091
2024-07-04,MEX,0.0808256805830038
2024-07-05,MEX,0.08955086974566964
2024-07-06,MEX,0.08049604098843394
2024-07-07,MEX,0.08512311564717008
2024-07-08,MEX,0.08512311564717008
2024-07-09,MEX,0.0748548264684828
2024-07-10,MEX,0.08244816893399716
2024-07-11,MEX,0.08462007608693961
2024-07-12,MEX,0.08558755759949675
2024-07-13,MEX,0.08705133614346702
2024-07-14,MEX,0.08705133614346702
2024-07-15,MEX,0.08705133614346702
2024-07-16,MEX,0.08709761621941993
2024-07-17,MEX,0.09646170077306063
2024-07-18,MEX,0.09148733254941292
2024-07-19,MEX,0.09449350521546
2024-07-20,MEX,0.10800788371659112
2024-07-21,MEX,0.111562285411359
2024-07-22,MEX,0.1278615019472364
2024-07-23,MEX,0.11720373446709818
2024-07-24,MEX,0.11005449365349955
2024-07-25,MEX,0.09955001418815645
2024-07-26,MEX,0.09955001418815645
2024-07-27,MEX,0.1093586526425802
2024-07-28,MEX,0.1093586526425802
2024-07-29,MEX,0.1029103319553012
2024-07-30,MEX,0.10630325342922893
2024-07-31,MEX,0.11354430035572745
2024-08-01,MEX,0.10994869700825936
2024-08-02,MEX,0.10020769139478856
2024-08-03,MEX,0.10495315752989962
2024-08-04,MEX,0.10495315752989962
2024-08-05,MEX,0.08906883138610606
2024-08-06,MEX,0.08243296394375976
2024-08-07,MEX,0.1001108032957061
2024-08-08,MEX,0.1001108032957061
2024-08-09,MEX,0.10558147891723792
2024-08-10,MEX,0.0860841432302156
2024-08-11,MEX,0.0860841432302156
2024-08-12,MEX,0.0860841432302156
2024-08-13,MEX,0.07683787720317321
2024-08-14,MEX,0.06414627843195832
2024-08-15,MEX,0.06469009409780342
2024-08-16,MEX,0.06410267256217542
2024-08-17,MEX,0.076385027959314
2024-08-18,MEX,0.076385027959314
2024-08-19,MEX,0.076385027959314
2024-08-20,MEX,0.06709350183298747
2024-08-21,MEX,0.07973241840694756
2024-08-22,MEX,0.08700733877263417
2024-08-23,MEX,0.06558678486991809
2024-08-24,MEX,0.05060368003682778
2024-08-25,MEX,0.05060368003682778
2024-08-26,MEX,0.05060368003682778
2024-08-27,MEX,0.054830396075548564
2024-08-28,MEX,0.05379649835141752
2024-08-29,MEX,0.05297570923473127
2024-08-30,MEX,0.05797354088362909
2024-08-31,MEX,0.06443840695670404
2024-09-01,MEX,0.04673145378511094
2024-09-02,MEX,0.04673145378511094
2024-09-03,MEX,0.045531745483935446
2024-09-04,MEX,0.0601931396339895
2024-09-05,MEX,0.0678312258905229
2024-09-06,MEX,0.06833333985378842
2024-09-07,MEX,0.0678312258905229
2024-09-08,MEX,0.0678312258905229
2024-09-09,MEX,0.06932750060743274
2024-09-10,MEX,0.07317591048175182
2024-09-11,MEX,0.06465350893505764
2024-09-12,MEX,0.07028793268650944
2024-09-13,MEX,0.09167514862485966
2024-09-14,MEX,0.08423977944812994
2024-09-15,MEX,0.08423977944812994
2024-09-16,MEX,0.07467881313047446
2024-09-17,MEX,0.08423977944812994
2024-09-18,MEX,0.07313887286279325
2024-09-19,MEX,0.07356082980941812
2024-09-20,MEX,0.06672073752413922
2024-09-21,MEX,0.06410267256217542
2024-09-22,MEX,0.0650935566406438
2024-09-23,MEX,0.06368240908532197
2024-09-24,MEX,0.06207813165110416
2024-09-25,MEX,0.06003483524247934
2024-09-26,MEX,0.06466958572366885
2024-09-27,MEX,0.06003483524247934
2024-09-28,MEX,0.06020458698359345
2024-09-29,MEX,0.07660061767271407
2024-09-30,MEX,0.07660061767271407
2024-10-01,MEX,0.06958816944271601
2024-10-02,MEX,0.074502971760982
2024-10-03,MEX,0.10442610074582945
2024-10-04,MEX,0.08859907415291092
2024-10-05,MEX,0.07620488283553245
2024-10-06,MEX,0.085754067406992
2024-10-07,MEX,0.09355950672575981
2024-10-08,MEX,0.07475526239802867
2024-10-09,MEX,0.09684296704070836
2024-10-10,MEX,0.1107955094885017
2024-10-11,MEX,0.0760648589915511
2024-10-12,MEX,0.09299698261295601
2024-10-13,MEX,0.0910355761256936
2024-10-14,MEX,0.08530930476316317
2024-10-15,MEX,0.11929687586227374
2024-10-16,MEX,0.11646583755697752
2024-10-17,MEX,0.12187037495312064
2024-10-18,MEX,0.12187037495312064
2024-10-19,MEX,0.11456831848207072
2024-10-20,MEX,0.12834438213552035
2024-10-21,MEX,0.12834438213552035
2024-10-22,MEX,0.19798728417943404
2024-10-23,MEX,0.21908938406559103
2024-10-24,MEX,0.21180855580216798
2024-10-25,MEX,0.21180855580216798
2024-10-26,MEX,0.16195494091219528
2024-10-27,MEX,0.16195494091219528
2024-10-28,MEX,0.11725858790991901
2024-10-29,MEX,0.11725858790991901
2024-10-30,MEX,0.09804622417846855
2024-10-31,MEX,0.10534132462204333
2024-11-01,MEX,0.10002230658909737
2024-11-02,MEX,0.09221710393651879
2024-11-03,MEX,0.1060272925096132
2024-11-04,MEX,0.1060272925096132
2024-11-05,MEX,0.09586579459823566
2024-11-06,MEX,0.09895516800977766
2024-11-07,MEX,0.16614734309873413
2024-11-08,MEX,0.1324806630164355
2024-11-09,MEX,0.14876187353938608
2024-11-10,MEX,0.13704504058760877
2024-11-11,MEX,0.09104243131519453
2024-11-12,MEX,0.09289809712800848
2024-11-13,MEX,0.11679690668724678
2024-11-14,MEX,0.10174361083099161
2024-11-15,MEX,0.08514114008366078
2024-11-16,MEX,0.07443054910515626
2024-11-17,MEX,0.07443054910515626
2024-11-18,MEX,0.07443054910515626
2024-11-19,MEX,0.09152962511743609
2024-11-20,MEX,0.09872953030438032
2024-11-21,MEX,0.11651743767461188
2024-11-22,MEX,0.08919765456581075
2024-11-23,MEX,0.12300942443804903
2024-11-24,MEX,0.1247832614628603
2024-11-25,MEX,0.1020372455016815
2024-11-26,MEX,0.08516463879922363
2024-11-27,MEX,0.1004939972263797
2024-11-28,MEX,0.1026000667560661
2024-11-29,MEX,0.08516463879922363
2024-11-30,MEX,0.07164940151871584
2024-12-01,MEX,0.07164940151871584
2024-12-02,MEX,0.06697023009302579
2024-12-03,MEX,0.07737903111582412
2024-12-04,MEX,0.07841764426453865
2024-12-05,MEX,0.07737903111582412
2024-12-06,MEX,0.07737903111582412
2024-12-07,MEX,0.08760405257857273
2024-12-08,MEX,0.08760405257857273
2024-12-09,MEX,0.08760405257857273
2024-12-10,MEX,0.07425774450395387
2024-12-11,MEX,0.07425774450395387
2024-12-12,MEX,0.07333935548823586
2024-12-13,MEX,0.09784245190759847
2024-12-14,MEX,0.08257977088316314
2024-12-15,MEX,0.08372669694930755
2024-12-16,MEX,0.08372669694930755
2024-12-17,MEX,0.08742179417909877
2024-12-18,MEX,0.09338047062791645
2024-12-19,MEX,0.07908162377727186
2024-12-20,MEX,0.07891216820287777
2024-12-21,MEX,0.07284995715697036
2024-12-22,MEX,0.07284995715697036
2024-12-23,MEX,0.08237345810284288
2024-12-24,MEX,0.08705904447341585
2024-12-25,MEX,0.08094690127364064
2024-12-26,MEX,0.09172743337979652
2024-12-27,MEX,0.09577823452214083
2024-12-28,MEX,0.07848215920615573
2024-12-29,MEX,0.07848215920615573
2024-12-30,MEX,0.08115330789391627
2024-12-31,MEX,0.0799503956863882
2025-01-01,MEX,0.0799503956863882
2025-01-02,MEX,0.08866532081743322
2025-01-03,MEX,0.08783373232710864
2025-01-04,MEX,0.09715675520148069
2025-01-05,MEX,0.09715675520148069
2025-01-06,MEX,0.10036232202291576
2025-01-07,MEX,0.1027994440725044
2025-01-08,MEX,0.08962586647888199
2025-01-09,MEX,0.1013110544675129
2025-01-10,MEX,0.09095996111544201
2025-01-11,MEX,0.0693733334200701
2025-01-12,MEX,0.0693733334200701
2025-01-13,MEX,0.06706162204063526
2025-01-14,MEX,0.04958217332660792
2025-01-15,MEX,0.07507077101883552
2025-01-16,MEX,0.06689051190921044
2025-01-17,MEX,0.07423287856455052
2025-01-18,MEX,0.07423287856455052
2025-01-19,MEX,0.07423287856455052
2025-01-20,MEX,0.06984681671845475
2025-01-21,MEX,0.06661358676404598
2025-01-22,MEX,0.05776675433251925
2025-01-23,MEX,0.059737762157198254
2025-01-24,MEX,0.06135141770467649
2025-01-25,MEX,0.05515482667851895
2025-01-26,MEX,0.05515482667851895
2025-01-27,MEX,0.06798602045711868
2025-01-28,MEX,0.07393432578396063
2025-01-29,MEX,0.09011525936807681
2025-01-30,MEX,0.08942336420469243
2025-01-31,MEX,0.09987594493550797
2025-02-01,MEX,0.11967742113298785
2025-02-02,MEX,0.11428008715855799
2025-02-03,MEX,0.10168823219454168
2025-02-04,MEX,0.08073482879732233
2025-02-05,MEX,0.09565985914849919
2025-02-06,MEX,0.08855367232094144
2025-02-07,MEX,0.08158157716924891
2025-02-08,MEX,0.07430455278997124
2025-02-09,MEX,0.08162068256086018
2025-02-10,MEX,0.09574310301262008
2025-02-11,MEX,0.081534595098497
2025-02-12,MEX,0.07409881073915989
2025-02-13,MEX,0.0722523740629692
2025-02-14,MEX,0.08219538658569389
2025-02-15,MEX,0.06681661445767997
2025-02-16,MEX,0.08485077551789375
2025-02-17,MEX,0.06681661445767997
2025-02-18,MEX,0.06172625825317222
2025-02-19,MEX,0.06853439999349738
2025-02-20,MEX,0.10465440210887975
2025-02-21,MEX,0.08156692430093503
2025-02-22,MEX,0.09422606970053242
2025-02-23,MEX,0.09504691646635065
2025-02-24,MEX,0.1172761530219058
2025-02-25,MEX,0.09384054965794263
2025-02-26,MEX,0.10505851319508853
2025-02-27,MEX,0.10505851319508853
2025-02-28,MEX,0.10740397126667597
2025-03-01,MEX,0.09719325249766377
2025-03-02,MEX,0.10388588843322374
2025-03-03,MEX,0.10388588843322374
2025-03-04,MEX,0.09685989471962193
2025-03-05,MEX,0.11800910375864351
2025-03-06,MEX,0.11800910375864351
2025-03-07,MEX,0.10674074622882623
2025-03-08,MEX,0.11316648386166867
2025-03-09,MEX,0.1053577700026401
2025-03-10,MEX,0.1053577700026401
2025-03-11,MEX,0.10335255362765824
2025-03-12,MEX,0.09531499925574219
2025-03-13,MEX,0.0847395416452162
2025-03-14,MEX,0.0941476206979136
2025-03-15,MEX,0.09358949476360315
2025-03-16,MEX,0.09358949476360315
2025-03-17,MEX,0.08533249062574011
2025-03-18,MEX,0.09017681999374287
2025-03-19,MEX,0.09142958123907813
2025-03-20,MEX,0.0879011570797932
2025-03-21,MEX,0.09503628398243072
2025-03-22,MEX,0.07201472717313719
2025-03-23,MEX,0.0835435683608539
2025-03-24,MEX,0.08938936239047074
2025-03-25,MEX,0.08938936239047074
2025-03-26,MEX,0.08938936239047074
2025-03-27,MEX,0.08850962216636808
2025-03-28,MEX,0.07046484607388089
2024-07-01,VEN,0.3134683699688775
2024-07-02,VEN,0.28039155309685376
2024-07-03,VEN,0.25080428825507345
2024-07-04,VEN,0.2578036192454599
2024-07-05,VEN,0.2578036192454599
2024-07-06,VEN,0.2817958709219677
2024-07-07,VEN,0.3858417889697502
2024-07-08,VEN,0.3858417889697502
2024-07-09,VEN,0.3858417889697502
2024-07-10,VEN,0.3810082966753207
2024-07-11,VEN,0.3550502400507558
2024-07-12,VEN,0.3685434354806831
2024-07-13,VEN,0.3423542860526175
2024-07-14,VEN,0.2751900564196385
2024-07-15,VEN,0.2480238704675458
2024-07-16,VEN,0.2622548934186014
2024-07-17,VEN,0.2622548934186014
2024-07-18,VEN,0.25780007145962763
2024-07-19,VEN,0.2421178435379714
2024-07-20,VEN,0.23795492797339624
2024-07-21,VEN,0.23795492797339624
2024-07-22,VEN,0.1621417171597666
2024-07-23,VEN,0.1724704239164106
2024-07-24,VEN,0.15598218311747636
2024-07-25,VEN,0.14808802183639386
2024-07-26,VEN,0.16037164818605193
2024-07-27,VEN,0.19958975993551076
2024-07-28,VEN,0.17196100113434615
2024-07-29,VEN,0.2727651542034842
2024-07-30,VEN,0.2610124821438055
2024-07-31,VEN,0.2527240171166863
2024-08-01,VEN,0.2741950416865598
2024-08-02,VEN,0.29277397633390206
2024-08-03,VEN,0.32674794994528206
2024-08-04,VEN,0.24710224781385096
2024-08-05,VEN,0.28996749173866826
2024-08-06,VEN,0.3362733391162405
2024-08-07,VEN,0.3362733391162405
2024-08-08,VEN,0.3362733391162405
2024-08-09,VEN,0.33076148401625916
2024-08-10,VEN,0.36362071404123747
2024-08-11,VEN,0.34917069146256025
2024-08-12,VEN,0.36362071404123747
2024-08-13,VEN,0.32573237561994406
2024-08-14,VEN,0.22362416391395618
2024-08-15,VEN,0.21933979494108716
2024-08-16,VEN,0.16576503732616257
2024-08-17,VEN,0.23164801048925354
2024-08-18,VEN,0.17738584972487706
2024-08-19,VEN,0.23164801048925354
2024-08-20,VEN,0.2072277031585121
2024-08-21,VEN,0.36567520176437973
2024-08-22,VEN,0.33799322831264383
2024-08-23,VEN,0.42225764853192144
2024-08-24,VEN,0.41911026021213477
2024-08-25,VEN,0.41911026021213477
2024-08-26,VEN,0.40212024448184314
2024-08-27,VEN,0.35485873067373475
2024-08-28,VEN,0.36349364435669884
2024-08-29,VEN,0.22380797842744754
2024-08-30,VEN,0.31199701332136565
2024-08-31,VEN,0.2070771991663114
2024-09-01,VEN,0.2070771991663114
2024-09-02,VEN,0.20106521810238487
2024-09-03,VEN,0.20106521810238487
2024-09-04,VEN,0.19209338408898916
2024-09-05,VEN,0.18950588526437348
2024-09-06,VEN,0.17815132306948755
2024-09-07,VEN,0.20863852202632144
2024-09-08,VEN,0.20863852202632144
2024-09-09,VEN,0.24746392403266337
2024-09-10,VEN,0.24164258255364307
2024-09-11,VEN,0.23720871831939053
2024-09-12,VEN,0.2571714440434916
2024-09-13,VEN,0.21458176023569947
2024-09-14,VEN,0.21892841541075825
2024-09-15,VEN,0.18922329314064934
2024-09-16,VEN,0.1882046760682052
2024-09-17,VEN,0.18114450836393498
2024-09-18,VEN,0.16872644878123658
2024-09-19,VEN,0.16592450576654919
2024-09-20,VEN,0.18648498770819766
2024-09-21,VEN,0.2449735183502715
2024-09-22,VEN,0.31778945588065544
2024-09-23,VEN,0.31778945588065544
2024-09-24,VEN,0.3098414052954113
2024-09-25,VEN,0.31778945588065544
2024-09-26,VEN,0.2785792604517978
2024-09-27,VEN,0.31778945588065544
2024-09-28,VEN,0.23810088838428123
2024-09-29,VEN,0.2356666257723668
2024-09-30,VEN,0.1777529491683971
2024-10-01,VEN,0.16128181390750518
2024-10-02,VEN,0.15953615010257916
2024-10-03,VEN,0.21429792351258095
2024-10-04,VEN,0.21429792351258095
2024-10-05,VEN,0.21657400506344848
2024-10-06,VEN,0.28412509274038233
2024-10-07,VEN,0.3124797489201723
2024-10-08,VEN,0.2920330054264061
2024-10-09,VEN,0.3025677363528197
2024-10-10,VEN,0.17586638921561282
2024-10-11,VEN,0.1721350394400847
2024-10-12,VEN,0.19030479906511896
2024-10-13,VEN,0.19030479906511896
2024-10-14,VEN,0.1729151644374227
2024-10-15,VEN,0.23091826133840385
2024-10-16,VEN,0.17222132291706127
2024-10-17,VEN,0.29420384869543065
2024-10-18,VEN,0.25843318765133894
2024-10-19,VEN,0.25843318765133894
2024-10-20,VEN,0.32423530308520293
2024-10-21,VEN,0.32423530308520293
2024-10-22,VEN,0.32423530308520293
2024-10-23,VEN,0.32423530308520293
2024-10-24,VEN,0.30963054954365493
2024-10-25,VEN,0.3808367115524211
2024-10-26,VEN,0.3691919264014199
2024-10-27,VEN,0.3691919264014199
2024-10-28,VEN,0.2991112130858966
2024-10-29,VEN,0.2991112130858966
2024-10-30,VEN,0.3085988272972883
2024-10-31,VEN,0.30183014504308975
2024-11-01,VEN,0.3100342684826823
2024-11-02,VEN,0.3100342684826823
2024-11-03,VEN,0.22622655891682925
2024-11-04,VEN,0.2652713963973284
2024-11-05,VEN,0.2652713963973284
2024-11-06,VEN,0.31708451744975275
2024-11-07,VEN,0.3060617802192992
2024-11-08,VEN,0.321346202993685
2024-11-09,VEN,0.24928951753140083
2024-11-10,VEN,0.26931308888513344
2024-11-11,VEN,0.24928951753140083
2024-11-12,VEN,0.2249395773666086
2024-11-13,VEN,0.24453183741740564
2024-11-14,VEN,0.26230294531685155
2024-11-15,VEN,0.25432052273832917
2024-11-16,VEN,0.21985310904941777
2024-11-17,VEN,0.1844064812759412
2024-11-18,VEN,0.1844064812759412
2024-11-19,VEN,0.18700731725256722
2024-11-20,VEN,0.17283290072572483
2024-11-21,VEN,0.17283290072572483
2024-11-22,VEN,0.21350383608083462
2024-11-23,VEN,0.21526302023026633
2024-11-24,VEN,0.30019234438385545
2024-11-25,VEN,0.30019234438385545
2024-11-26,VEN,0.30219394663906185
2024-11-27,VEN,0.30219394663906185
2024-11-28,VEN,0.3107442401100292
2024-11-29,VEN,0.3100339495474351
2024-11-30,VEN,0.29505365411974166
2024-12-01,VEN,0.26545219016115534
2024-12-02,VEN,0.2910807323090782
2024-12-03,VEN,0.2821089691740136
2024-12-04,VEN,0.29099998242629943
2024-12-05,VEN,0.29674740640406627
2024-12-06,VEN,0.30450776798319784
2024-12-07,VEN,0.29674740640406627
2024-12-08,VEN,0.2927611495252174
2024-12-09,VEN,0.29674740640406627
2024-12-10,VEN,0.2966210906587157
2024-12-11,VEN,0.3225656673421551
2024-12-12,VEN,0.32269796271113377
2024-12-13,VEN,0.3276455932422645
2024-12-14,VEN,0.32837702912165023
2024-12-15,VEN,0.32837702912165023
2024-12-16,VEN,0.32329121566480495
2024-12-17,VEN,0.3164221166157815
2024-12-18,VEN,0.25400237117522617
2024-12-19,VEN,0.29317461405368617
2024-12-20,VEN,0.20963596049368036
2024-12-21,VEN,0.31922212990302007
2024-12-22,VEN,0.31994370949302087
2024-12-23,VEN,0.31922212990302007
2024-12-24,VEN,0.3164221166157815
2024-12-25,VEN,0.2696774531273471
2024-12-26,VEN,0.3193349438770537
2024-12-27,VEN,0.3253202325325192
2024-12-28,VEN,0.3165530697048801
2024-12-29,VEN,0.3165530697048801
2024-12-30,VEN,0.3165530697048801
2024-12-31,VEN,0.2881871895663013
2025-01-01,VEN,0.31922212990302007
2025-01-02,VEN,0.31922212990302007
2025-01-03,VEN,0.32403651604322375
2025-01-04,VEN,0.3077636827435749
2025-01-05,VEN,0.3206229516010038
2025-01-06,VEN,0.3206229516010038
2025-01-07,VEN,0.2615793522374787
2025-01-08,VEN,0.2953206449693459
2025-01-09,VEN,0.3103922911211024
2025-01-10,VEN,0.33230774521210843
2025-01-11,VEN,0.3002092676694382
2025-01-12,VEN,0.29404971712050604
2025-01-13,VEN,0.3204375373483552
2025-01-14,VEN,0.30292921908323045
2025-01-15,VEN,0.2856274255857749
2025-01-16,VEN,0.32776692023914183
2025-01-17,VEN,0.31945058376623914
2025-01-18,VEN,0.2950077637933781
2025-01-19,VEN,0.2706371149318548
2025-01-20,VEN,0.2706371149318548
2025-01-21,VEN,0.2706371149318548
2025-01-22,VEN,0.34545243787852964
2025-01-23,VEN,0.26828801343346914
2025-01-24,VEN,0.26828801343346914
2025-01-25,VEN,0.3075234047757026
2025-01-26,VEN,0.3075234047757026
2025-01-27,VEN,0.3075234047757026
2025-01-28,VEN,0.1709214663887636
2025-01-29,VEN,0.1728724483827799
2025-01-30,VEN,0.18025548706012923
2025-01-31,VEN,0.1635985975606282
2025-02-01,VEN,0.15638542146652132
2025-02-02,VEN,0.1677472064668744
2025-02-03,VEN,0.1677472064668744
2025-02-04,VEN,0.36232654487973276
2025-02-05,VEN,0.329749071512996
2025-02-06,VEN,0.3352091497240826
2025-02-07,VEN,0.3352091497240826
2025-02-08,VEN,0.3189294296806209
2025-02-09,VEN,0.3189294296806209
2025-02-10,VEN,0.3189294296806209
2025-02-11,VEN,0.15462039357355248
2025-02-12,VEN,0.1842633273030284
2025-02-13,VEN,0.17499962777025618
2025-02-14,VEN,0.16653977446311916
2025-02-15,VEN,0.15125708628187032
2025-02-16,VEN,0.16690817003692507
2025-02-17,VEN,0.11178253837931433
2025-02-18,VEN,0.11178253837931433
2025-02-19,VEN,0.13567415868476626
2025-02-20,VEN,0.13703305906070373
2025-02-21,VEN,0.12747115755046268
2025-02-22,VEN,0.1377505041730352
2025-02-23,VEN,0.14928724182824507
2025-02-24,VEN,0.3403463356125993
2025-02-25,VEN,0.39365125471518825
2025-02-26,VEN,0.3877500430222402
2025-02-27,VEN,0.39365125471518825
2025-02-28,VEN,0.37103397605589394
2025-03-01,VEN,0.37103397605589394
2025-03-02,VEN,0.37103397605589394
2025-03-03,VEN,0.2813325394176487
2025-03-04,VEN,0.27241565469341683
2025-03-05,VEN,0.3197318263925188
2025-03-06,VEN,0.3197318263925188
2025-03-07,VEN,0.3168100233011637
2025-03-08,VEN,0.3168100233011637
2025-03-09,VEN,0.3168100233011637
2025-03-10,VEN,0.3168100233011637
2025-03-11,VEN,0.3197318263925188
2025-03-12,VEN,0.4029108682021114
2025-03-13,VEN,0.4029108682021114
2025-03-14,VEN,0.38307197800010273
2025-03-15,VEN,0.3087950616547415
2025-03-16,VEN,0.3059282556816133
2025-03-17,VEN,0.35554248929566556
2025-03-18,VEN,0.30855564534588076
2025-03-19,VEN,0.1270377054981475
2025-03-20,VEN,0.11908352123300756
2025-03-21,VEN,0.12960291043153857
2025-03-22,VEN,0.1573692386902099
2025-03-23,VEN,0.16142334299615982
2025-03-24,VEN,0.17231633343077807
2025-03-25,VEN,0.15575479840678055
2025-03-26,VEN,0.15971199751044549
2025-03-27,VEN,0.32570864500045044
2025-03-28,VEN,0.34190746069574107
2024-07-01,ECU,0.1523464335702591
2024-07-02,ECU,0.21075792900340853
2024-07-03,ECU,0.20022207954644947
2024-07-04,ECU,0.17937856332811794
2024-07-05,ECU,0.17937856332811794
2024-07-06,ECU,0.17937856332811794
2024-07-07,ECU,0.17937856332811794
2024-07-08,ECU,0.1759383570031932
2024-07-09,ECU,0.17937856332811794
2024-07-10,ECU,0.141589172875027
2024-07-11,ECU,0.19600489783743502
2024-07-12,ECU,0.19600489783743502
2024-07-13,ECU,0.20756899489005862
2024-07-14,ECU,0.20372235746062942
2024-07-15,ECU,0.20372235746062942
2024-07-16,ECU,0.19600489783743502
2024-07-17,ECU,0.165035130274825
2024-07-18,ECU,0.165035130274825
2024-07-19,ECU,0.1521629467021042
2024-07-20,ECU,0.21341528592886228
2024-07-21,ECU,0.16195432658988793
2024-07-22,ECU,0.16022286411770637
2024-07-23,ECU,0.15752324289589964
2024-07-24,ECU,0.14275139956312538
2024-07-25,ECU,0.17830827997301074
2024-07-26,ECU,0.18056113044345318
2024-07-27,ECU,0.1773242931423834
2024-07-28,ECU,0.1773242931423834
2024-07-29,ECU,0.1773242931423834
2024-07-30,ECU,0.15415668132822932
2024-07-31,ECU,0.13984040906300566
2024-08-01,ECU,0.19297224937413046
2024-08-02,ECU,0.20321568774738405
2024-08-03,ECU,0.18242206509514425
2024-08-04,ECU,0.17197275700584852
2024-08-05,ECU,0.17197275700584852
2024-08-06,ECU,0.12203957472241535
2024-08-07,ECU,0.12308408823313996
2024-08-08,ECU,0.1244736953048557
2024-08-09,ECU,0.11574804569593303
2024-08-10,ECU,0.14573997137917682
2024-08-11,ECU,0.13885735878764444
2024-08-12,ECU,0.14573997137917682
2024-08-13,ECU,0.204644298869124
2024-08-14,ECU,0.21567592770110605
2024-08-15,ECU,0.2172805226875921
2024-08-16,ECU,0.17928431292368585
2024-08-17,ECU,0.2172805226875921
2024-08-18,ECU,0.2172805226875921
2024-08-19,ECU,0.19404814795429706
2024-08-20,ECU,0.20201303676215254
2024-08-21,ECU,0.20207074368138836
2024-08-22,ECU,0.1956293168936166
2024-08-23,ECU,0.10795656885220054
2024-08-24,ECU,0.11010884939118082
2024-08-25,ECU,0.11870522193658056
2024-08-26,ECU,0.11181553910009037
2024-08-27,ECU,0.11800536660530107
2024-08-28,ECU,0.12428574386644878
2024-08-29,ECU,0.11800536660530107
2024-08-30,ECU,0.1905526072616505
2024-08-31,ECU,0.13839180121404918
2024-09-01,ECU,0.15391670102581587
2024-09-02,ECU,0.15142548008006634
2024-09-03,ECU,0.15282572164120148
2024-09-04,ECU,0.148936176556043
2024-09-05,ECU,0.14564026729155527
2024-09-06,ECU,0.13694884843789612
2024-09-07,ECU,0.15610030656481153
2024-09-08,ECU,0.1468878506320631
2024-09-09,ECU,0.16164811082402394
2024-09-10,ECU,0.13127101843362068
2024-09-11,ECU,0.16386675105415927
2024-09-12,ECU,0.14317751900726583
2024-09-13,ECU,0.176916672705058
2024-09-14,ECU,0.2024668906091827
2024-09-15,ECU,0.19052440393077386
2024-09-16,ECU,0.2024668906091827
2024-09-17,ECU,0.2024668906091827
2024-09-18,ECU,0.19319306289198582
2024-09-19,ECU,0.14471936451265568
2024-09-20,ECU,0.15722099575670373
2024-09-21,ECU,0.16176155453974328
2024-09-22,ECU,0.14133225237188068
2024-09-23,ECU,0.14061168868295174
2024-09-24,ECU,0.13763049826730286
2024-09-25,ECU,0.11941914481898037
2024-09-26,ECU,0.1738246615149623
2024-09-27,ECU,0.18179477680441916
2024-09-28,ECU,0.11627179733849069
2024-09-29,ECU,0.11759480800191185
2024-09-30,ECU,0.11627179733849069
2024-10-01,ECU,0.11627179733849069
2024-10-02,ECU,0.08671606593055586
2024-10-03,ECU,0.09097702524031949
2024-10-04,ECU,0.08915393223991346
2024-10-05,ECU,0.09686481273490927
2024-10-06,ECU,0.0851241177974592
2024-10-07,ECU,0.09099390098162798
2024-10-08,ECU,0.11164276941695697
2024-10-09,ECU,0.10953880143707545
2024-10-10,ECU,0.09613468209715555
2024-10-11,ECU,0.11378355991859058
2024-10-12,ECU,0.11899344997384305
2024-10-13,ECU,0.11505668867429415
2024-10-14,ECU,0.12136797882912967
2024-10-15,ECU,0.1367306456044787
2024-10-16,ECU,0.1166277129756202
2024-10-17,ECU,0.11940102273752698
2024-10-18,ECU,0.11247610954327979
2024-10-19,ECU,0.12159624119468045
2024-10-20,ECU,0.1008156817060446
2024-10-21,ECU,0.11247610954327979
2024-10-22,ECU,0.15779080133453038
2024-10-23,ECU,0.11701090527261397
2024-10-24,ECU,0.10490082453264474
2024-10-25,ECU,0.10355764627359738
2024-10-26,ECU,0.1264859798973237
2024-10-27,ECU,0.12507711727562404
2024-10-28,ECU,0.1264859798973237
2024-10-29,ECU,0.13804627613884268
2024-10-30,ECU,0.10144212502301883
2024-10-31,ECU,0.11780840169108295
2024-11-01,ECU,0.13408190526518046
2024-11-02,ECU,0.11812265902330203
2024-11-03,ECU,0.11812265902330203
2024-11-04,ECU,0.12186394895400636
2024-11-05,ECU,0.13732076497186663
2024-11-06,ECU,0.1331310618548897
2024-11-07,ECU,0.1371700620951251
2024-11-08,ECU,0.14680800727652502
2024-11-09,ECU,0.13409956664844866
2024-11-10,ECU,0.1344586900068575
2024-11-11,ECU,0.13102421713836557
2024-11-12,ECU,0.12698829311823256
2024-11-13,ECU,0.13029669651205195
2024-11-14,ECU,0.13029669651205195
2024-11-15,ECU,0.13064717224688532
2024-11-16,ECU,0.11628532494381612
2024-11-17,ECU,0.10911877290415199
2024-11-18,ECU,0.10911877290415199
2024-11-19,ECU,0.10493397408306672
2024-11-20,ECU,0.10632931240050561
2024-11-21,ECU,0.11826247060988704
2024-11-22,ECU,0.09907118302470636
2024-11-23,ECU,0.10685548338391919
2024-11-24,ECU,0.10715067462507254
2024-11-25,ECU,0.10593106062957554
2024-11-26,ECU,0.15367364360234173
2024-11-27,ECU,0.14213398784650796
2024-11-28,ECU,0.1805839448758071
2024-11-29,ECU,0.16437618536021587
2024-11-30,ECU,0.16437618536021587
2024-12-01,ECU,0.16437618536021587
2024-12-02,ECU,0.1805839448758071
2024-12-03,ECU,0.15522835775882637
2024-12-04,ECU,0.1556338946180526
2024-12-05,ECU,0.14148578531796865
2024-12-06,ECU,0.12012369571858704
2024-12-07,ECU,0.12506275004449374
2024-12-08,ECU,0.11610242880578096
2024-12-09,ECU,0.11610242880578096
2024-12-10,ECU,0.11019715997042857
2024-12-11,ECU,0.10119981909932367
2024-12-12,ECU,0.10956395618538342
2024-12-13,ECU,0.10512517146387436
2024-12-14,ECU,0.09681408353286242
2024-12-15,ECU,0.10658449457566974
2024-12-16,ECU,0.10781072456298932
2024-12-17,ECU,0.10681615473785284
2024-12-18,ECU,0.11981710813285158
2024-12-19,ECU,0.1326641741169842
2024-12-20,ECU,0.12504423459382752
2024-12-21,ECU,0.11597329455111029
2024-12-22,ECU,0.10757133923021941
2024-12-23,ECU,0.10757133923021941
2024-12-24,ECU,0.1141334384915822
2024-12-25,ECU,0.12835732643838915
2024-12-26,ECU,0.12306860000820972
2024-12-27,ECU,0.14752210691939177
2024-12-28,ECU,0.1216058433303901
2024-12-29,ECU,0.1378023559038198
2024-12-30,ECU,0.14141004846614164
2024-12-31,ECU,0.1142114916982308
2025-01-01,ECU,0.11428202883511435
2025-01-02,ECU,0.11428202883511435
2025-01-03,ECU,0.12612729046148197
2025-01-04,ECU,0.13839651855158885
2025-01-05,ECU,0.15242683636765728
2025-01-06,ECU,0.11119247828378159
2025-01-07,ECU,0.11237791999250217
2025-01-08,ECU,0.1034708960904467
2025-01-09,ECU,0.10773774554012179
2025-01-10,ECU,0.08648655095284674
2025-01-11,ECU,0.09623311268854963
2025-01-12,ECU,0.09963201173780477
2025-01-13,ECU,0.09963201173780477
2025-01-14,ECU,0.11139174672687244
2025-01-15,ECU,0.11762760125452106
2025-01-16,ECU,0.14260999737178456
2025-01-17,ECU,0.13811266940150602
2025-01-18,ECU,0.13811266940150602
2025-01-19,ECU,0.1322871243798773
2025-01-20,ECU,0.13811266940150602
2025-01-21,ECU,0.1322871243798773
2025-01-22,ECU,0.12078893419076109
2025-01-23,ECU,0.13224096934242646
2025-01-24,ECU,0.13224096934242646
2025-01-25,ECU,0.13224096934242646
2025-01-26,ECU,0.13224096934242646
2025-01-27,ECU,0.1266267039955105
2025-01-28,ECU,0.12259147959615777
2025-01-29,ECU,0.11711653874658548
2025-01-30,ECU,0.1318667271361432
2025-01-31,ECU,0.12762498565860786
2025-02-01,ECU,0.12468110033145864
2025-02-02,ECU,0.12468110033145864
2025-02-03,ECU,0.11150338648433193
2025-02-04,ECU,0.12643285345656946
2025-02-05,ECU,0.13205117745012573
2025-02-06,ECU,0.1491960665104442
2025-02-07,ECU,0.13745777781673546
2025-02-08,ECU,0.13745777781673546
2025-02-09,ECU,0.12459819899320364
2025-02-10,ECU,0.12320739757749961
2025-02-11,ECU,0.11852667307406335
2025-02-12,ECU,0.11852667307406335
2025-02-13,ECU,0.10282321712496102
2025-02-14,ECU,0.10627859928514302
2025-02-15,ECU,0.141787643631738
2025-02-16,ECU,0.12694614313642208
2025-02-17,ECU,0.1339564976863157
2025-02-18,ECU,0.1339564976863157
2025-02-19,ECU,0.1266623502908992
2025-02-20,ECU,0.11645428076794015
2025-02-21,ECU,0.1157846074970215
2025-02-22,ECU,0.1332445620697763
2025-02-23,ECU,0.12444435473741433
2025-02-24,ECU,0.11771488626774795
2025-02-25,ECU,0.11771488626774795
2025-02-26,ECU,0.11771488626774795
2025-02-27,ECU,0.12491694292686063
2025-02-28,ECU,0.1515604129253666
2025-03-01,ECU,0.15847927353198085
2025-03-02,ECU,0.12775282011815633
2025-03-03,ECU,0.129706853790572
2025-03-04,ECU,0.15380638004833838
2025-03-05,ECU,0.13936446653476045
2025-03-06,ECU,0.14033634283202476
2025-03-07,ECU,0.14358079800439238
2025-03-08,ECU,0.1430608780520125
2025-03-09,ECU,0.22199557025354985
2025-03-10,ECU,0.20422238378155827
2025-03-11,ECU,0.21611977568948704
2025-03-12,ECU,0.1982202174929782
2025-03-13,ECU,0.17393088876833585
2025-03-14,ECU,0.16238128064828386
2025-03-15,ECU,0.1881045741851077
2025-03-16,ECU,0.13512332441875477
2025-03-17,ECU,0.13512332441875477
2025-03-18,ECU,0.14104009599049522
2025-03-19,ECU,0.14213826455526282
2025-03-20,ECU,0.17443475996061306
2025-03-21,ECU,0.16755433711596635
2025-03-22,ECU,0.164644330414615
2025-03-23,ECU,0.17058292686692048
2025-03-24,ECU,0.17379467756252434
2025-03-25,ECU,0.16281158854583547
2025-03-26,ECU,0.16221385067202237
2025-03-27,ECU,0.15831728469161677
2025-03-28,ECU,0.16325213901200789
2024-07-01,HND,0.1836886555939332
2024-07-02,HND,0.15285763472564526
2024-07-03,HND,0.17442675058817814
2024-07-04,HND,0.13091055996332202
2024-07-05,HND,0.12173328007859822
2024-07-06,HND,0.14582564347280416
2024-07-07,HND,0.12318035651868468
2024-07-08,HND,0.2143343704588026
2024-07-09,HND,0.2459061327132838
2024-07-10,HND,0.2492691414787488
2024-07-11,HND,0.2664671474378376
2024-07-12,HND,0.2297735712398186
2024-07-13,HND,0.25978752179163117
2024-07-14,HND,0.19903639111154575
2024-07-15,HND,0.19689829794953367
2024-07-16,HND,0.2351098636090233
2024-07-17,HND,0.24150834043670594
2024-07-18,HND,0.16714177096213179
2024-07-19,HND,0.15728002975948618
2024-07-20,HND,0.19783467299715093
2024-07-21,HND,0.16151682494595307
2024-07-22,HND,0.16151682494595307
2024-07-23,HND,0.20198425373369938
2024-07-24,HND,0.1485155067571322
2024-07-25,HND,0.15498588174550035
2024-07-26,HND,0.14408880790080128
2024-07-27,HND,0.15481409065980836
2024-07-28,HND,0.19554682081090674
2024-07-29,HND,0.1725032530341498
2024-07-30,HND,0.1908061218577988
2024-07-31,HND,0.1843788729379608
2024-08-01,HND,0.18204107488849397
2024-08-02,HND,0.20420186220310874
2024-08-03,HND,0.2002148716112911
2024-08-04,HND,0.2002148716112911
2024-08-05,HND,0.2002148716112911
2024-08-06,HND,0.17828418324473613
2024-08-07,HND,0.1845749854172923
2024-08-08,HND,0.1984496175663168
2024-08-09,HND,0.19453470989157776
2024-08-10,HND,0.19670780262726872
2024-08-11,HND,0.29294537898056006
2024-08-12,HND,0.2963535369907336
2024-08-13,HND,0.18292715765784756
2024-08-14,HND,0.1736457027463348
2024-08-15,HND,0.1782055925234086
2024-08-16,HND,0.15477386847456348
2024-08-17,HND,0.16992376133291603
2024-08-18,HND,0.16182862330037837
2024-08-19,HND,0.0981456624911977
2024-08-20,HND,0.13897176030022323
2024-08-21,HND,0.1378377189003776
2024-08-22,HND,0.20443711602852813
2024-08-23,HND,0.17503078122581495
2024-08-24,HND,0.12473085296890496
2024-08-25,HND,0.1274488687773756
2024-08-26,HND,0.16215850818755895
2024-08-27,HND,0.1728101493301614
2024-08-28,HND,0.17024475977739226
2024-08-29,HND,0.1728101493301614
2024-08-30,HND,0.13890966925667195
2024-08-31,HND,0.19193467787749952
2024-09-01,HND,0.19193467787749952
2024-09-02,HND,0.19193467787749952
2024-09-03,HND,0.20090480828562582
2024-09-04,HND,0.1502289969485784
2024-09-05,HND,0.1510422317508095
2024-09-06,HND,0.11445468309467693
2024-09-07,HND,0.1648256919400393
2024-09-08,HND,0.17475966084979244
2024-09-09,HND,0.1648256919400393
2024-09-10,HND,0.1719168426359991
2024-09-11,HND,0.26468380520018064
2024-09-12,HND,0.24208080002123641
2024-09-13,HND,0.3554642942809258
2024-09-14,HND,0.3554642942809258
2024-09-15,HND,0.3554642942809258
2024-09-16,HND,0.24510233058286335
2024-09-17,HND,0.24510233058286335
2024-09-18,HND,0.22420416777702884
2024-09-19,HND,0.209004487133426
2024-09-20,HND,0.19083766888319112
2024-09-21,HND,0.13231001683815435
2024-09-22,HND,0.17364895245947443
2024-09-23,HND,0.17364895245947443
2024-09-24,HND,0.11103636230895542
2024-09-25,HND,0.12294948069085404
2024-09-26,HND,0.17818679257658107
2024-09-27,HND,0.17818679257658107
2024-09-28,HND,0.2543490146947456
2024-09-29,HND,0.2543490146947456
2024-09-30,HND,0.23308767940814393
2024-10-01,HND,0.24845796845232704
2024-10-02,HND,0.2578131212404924
2024-10-03,HND,0.25468776224070977
2024-10-04,HND,0.23820900905011397
2024-10-05,HND,0.2440496813467443
2024-10-06,HND,0.23503579763895616
2024-10-07,HND,0.22244293400895992
2024-10-08,HND,0.2236072308173417
2024-10-09,HND,0.31657179931132085
2024-10-10,HND,0.23147378848168235
2024-10-11,HND,0.22656273923869577
2024-10-12,HND,0.2218206131958741
2024-10-13,HND,0.18555263856796603
2024-10-14,HND,0.15575406398112832
2024-10-15,HND,0.20547003137897496
2024-10-16,HND,0.17810160241005601
2024-10-17,HND,0.15664814680336345
2024-10-18,HND,0.20261694314105402
2024-10-19,HND,0.20261694314105402
2024-10-20,HND,0.2412323835593542
2024-10-21,HND,0.17065215300387257
2024-10-22,HND,0.17065215300387257
2024-10-23,HND,0.16834374659791893
2024-10-24,HND,0.1804492343028479
2024-10-25,HND,0.16722019596805887
2024-10-26,HND,0.15256660320981352
2024-10-27,HND,0.08868402920994946
2024-10-28,HND,0.14381857808048434
2024-10-29,HND,0.18205618601486195
2024-10-30,HND,0.1868577571418678
2024-10-31,HND,0.18205618601486195
2024-11-01,HND,0.20234718575683927
2024-11-02,HND,0.20759589725656294
2024-11-03,HND,0.20285371078486444
2024-11-04,HND,0.20285371078486444
2024-11-05,HND,0.20285371078486444
2024-11-06,HND,0.19667732556004688
2024-11-07,HND,0.17620112231734028
2024-11-08,HND,0.1782055925234086
2024-11-09,HND,0.17518834008287945
2024-11-10,HND,0.17518834008287945
2024-11-11,HND,0.20254783577887425
2024-11-12,HND,0.207897832262505
2024-11-13,HND,0.1935221122185534
2024-11-14,HND,0.1904947510169121
2024-11-15,HND,0.16442764827119616
2024-11-16,HND,0.17770267218848493
2024-11-17,HND,0.18837633389496677
2024-11-18,HND,0.15795959831309447
2024-11-19,HND,0.16982579618303392
2024-11-20,HND,0.16099349636806012
2024-11-21,HND,0.19102453283613535
2024-11-22,HND,0.15019321213805303
2024-11-23,HND,0.17417883175326668
2024-11-24,HND,0.17417883175326668
2024-11-25,HND,0.1462925723717054
2024-11-26,HND,0.15584833980255997
2024-11-27,HND,0.17460204327432208
2024-11-28,HND,0.17341364158280817
2024-11-29,HND,0.24479887742024198
2024-11-30,HND,0.23357251097956608
2024-12-01,HND,0.2458500504780325
2024-12-02,HND,0.22583671371804695
2024-12-03,HND,0.22288426331956987
2024-12-04,HND,0.18749119687572546
2024-12-05,HND,0.18875404185249997
2024-12-06,HND,0.18749119687572546
2024-12-07,HND,0.15571299137314606
2024-12-08,HND,0.14831905792280492
2024-12-09,HND,0.14831905792280492
2024-12-10,HND,0.15810112787831948
2024-12-11,HND,0.19025688063546728
2024-12-12,HND,0.17495720790220912
2024-12-13,HND,0.20333219952927178
2024-12-14,HND,0.20333219952927178
2024-12-15,HND,0.20333219952927178
2024-12-16,HND,0.20333219952927178
2024-12-17,HND,0.21110665213523405
2024-12-18,HND,0.209614966556352
2024-12-19,HND,0.19220445796453597
2024-12-20,HND,0.21028871006895328
2024-12-21,HND,0.15437217011038004
2024-12-22,HND,0.15437217011038004
2024-12-23,HND,0.18157620396504118
2024-12-24,HND,0.16221304221604055
2024-12-25,HND,0.17658868848306136
2024-12-26,HND,0.14625947398031774
2024-12-27,HND,0.16076397586135321
2024-12-28,HND,0.1979118903367365
2024-12-29,HND,0.1979118903367365
2024-12-30,HND,0.2005279865553897
2024-12-31,HND,0.20343782611742733
2025-01-01,HND,0.20343782611742733
2025-01-02,HND,0.20343782611742733
2025-01-03,HND,0.15195354489593943
2025-01-04,HND,0.1890045331233877
2025-01-05,HND,0.14957442113852845
2025-01-06,HND,0.13536077531007976
2025-01-07,HND,0.17180089888475134
2025-01-08,HND,0.1816074441532155
2025-01-09,HND,0.1506415933380865
2025-01-10,HND,0.17893970865401304
2025-01-11,HND,0.17556178660714786
2025-01-12,HND,0.17556178660714786
2025-01-13,HND,0.132709192178375
2025-01-14,HND,0.13092138437452178
2025-01-15,HND,0.10700876888634867
2025-01-16,HND,0.12879381138517462
2025-01-17,HND,0.12108931569335693
2025-01-18,HND,0.10376092391023876
2025-01-19,HND,0.12879381138517462
2025-01-20,HND,0.15437340738971608
2025-01-21,HND,0.13809897962551929
2025-01-22,HND,0.1511624630241118
2025-01-23,HND,0.15563888591488118
2025-01-24,HND,0.15563888591488118
2025-01-25,HND,0.1529184643907712
2025-01-26,HND,0.15116392881165136
2025-01-27,HND,0.14981761113001715
2025-01-28,HND,0.1521316235039139
2025-01-29,HND,0.14092354780445124
2025-01-30,HND,0.15126434643270792
2025-01-31,HND,0.15300131192592037
2025-02-01,HND,0.1404770619579037
2025-02-02,HND,0.14907701619749703
2025-02-03,HND,0.15262840944787734
2025-02-04,HND,0.12639116245528262
2025-02-05,HND,0.16065375941973514
2025-02-06,HND,0.11191326035632346
2025-02-07,HND,0.08830209841417067
2025-02-08,HND,0.08830209841417067
2025-02-09,HND,0.13818039909469784
2025-02-10,HND,0.11491608416524939
2025-02-11,HND,0.1284827470511141
2025-02-12,HND,0.11355352010931567
2025-02-13,HND,0.17591284316214117
2025-02-14,HND,0.1864039065791458
2025-02-15,HND,0.13887438360501758
2025-02-16,HND,0.13887438360501758
2025-02-17,HND,0.1547748829870008
2025-02-18,HND,0.11990732434586102
2025-02-19,HND,0.1864039065791458
2025-02-20,HND,0.1864039065791458
2025-02-21,HND,0.12394151879402887
2025-02-22,HND,0.12394151879402887
2025-02-23,HND,0.12394151879402887
2025-02-24,HND,0.10483821115639037
2025-02-25,HND,0.10483821115639037
2025-02-26,HND,0.12217188688505316
2025-02-27,HND,0.10664757255116693
2025-02-28,HND,0.1910103957140411
2025-03-01,HND,0.2000722453077322
2025-03-02,HND,0.1375578154900937
2025-03-03,HND,0.13402343736359462
2025-03-04,HND,0.1289378663074189
2025-03-05,HND,0.11752374246454661
2025-03-06,HND,0.11752374246454661
2025-03-07,HND,0.11951028090625741
2025-03-08,HND,0.11511151917567689
2025-03-09,HND,0.11779541083311885
2025-03-10,HND,0.06730553378289283
2025-03-11,HND,0.06730553378289283
2025-03-12,HND,0.06468708348970441
2025-03-13,HND,0.06963874222751078
2025-03-14,HND,0.075353552016212
2025-03-15,HND,0.07144840113019077
2025-03-16,HND,0.07431879387858953
2025-03-17,HND,0.15541643144659323
2025-03-18,HND,0.14392367807760173
2025-03-19,HND,0.1346067520517948
2025-03-20,HND,0.17142542181249845
2025-03-21,HND,0.15947652037656246
2025-03-22,HND,0.16380183163982243
2025-03-23,HND,0.17884852620619643
2025-03-24,HND,0.15640751148847898
2025-03-25,HND,0.25859433108698104
2025-03-26,HND,0.13782743575885836
2025-03-27,HND,0.17266677710967057
2025-03-28,HND,0.16880652390384526
2024-07-01,GTM,0.28259357285414216
2024-07-02,GTM,0.29239483997772764
2024-07-03,GTM,0.26113711374764387
2024-07-04,GTM,0.23781400760061122
2024-07-05,GTM,0.2691954836387226
2024-07-06,GTM,0.23781400760061122
2024-07-07,GTM,0.36939634100330104
2024-07-08,GTM,0.3517946177159687
2024-07-09,GTM,0.2877941381414959
2024-07-10,GTM,0.2684888892499632
2024-07-11,GTM,0.28082819367318296
2024-07-12,GTM,0.23221626580831453
2024-07-13,GTM,0.238084509810051
2024-07-14,GTM,0.19204363995666363
2024-07-15,GTM,0.20896450070636177
2024-07-16,GTM,0.23646771779069276
2024-07-17,GTM,0.2945709444724988
2024-07-18,GTM,0.3098989725435855
2024-07-19,GTM,0.23149514482722547
2024-07-20,GTM,0.23767253580296174
2024-07-21,GTM,0.2264338594916441
2024-07-22,GTM,0.23767253580296174
2024-07-23,GTM,0.3534160589117702
2024-07-24,GTM,0.2891934433171072
2024-07-25,GTM,0.2470025666757432
2024-07-26,GTM,0.23045006504282892
2024-07-27,GTM,0.2805229076138939
2024-07-28,GTM,0.2953457496775975
2024-07-29,GTM,0.2953457496775975
2024-07-30,GTM,0.24135997408356363
2024-07-31,GTM,0.2617509521776545
2024-08-01,GTM,0.29217206900862275
2024-08-02,GTM,0.2647599646421379
2024-08-03,GTM,0.27700057628230296
2024-08-04,GTM,0.34223548036579726
2024-08-05,GTM,0.3452916924686738
2024-08-06,GTM,0.3536815326492045
2024-08-07,GTM,0.36981259909079767
2024-08-08,GTM,0.35835565838689587
2024-08-09,GTM,0.3668692869350368
2024-08-10,GTM,0.3412020432385274
2024-08-11,GTM,0.3682356276058387
2024-08-12,GTM,0.3906675188549527
2024-08-13,GTM,0.3683202841524039
2024-08-14,GTM,0.3861698894265827
2024-08-15,GTM,0.43140730902067953
2024-08-16,GTM,0.43140730902067953
2024-08-17,GTM,0.43236234440458887
2024-08-18,GTM,0.40337320769355545
2024-08-19,GTM,0.3818207134624672
2024-08-20,GTM,0.3818207134624672
2024-08-21,GTM,0.38996582042388755
2024-08-22,GTM,0.375946636700346
2024-08-23,GTM,0.3796438731300548
2024-08-24,GTM,0.3788563975689869
2024-08-25,GTM,0.36392583607061235
2024-08-26,GTM,0.2824401505755571
2024-08-27,GTM,0.26046510204929413
2024-08-28,GTM,0.26775640072564755
2024-08-29,GTM,0.2622847111754136
2024-08-30,GTM,0.2731011979079454
2024-08-31,GTM,0.16664442674677293
2024-09-01,GTM,0.18757120770366495
2024-09-02,GTM,0.13664061883627987
2024-09-03,GTM,0.1542805470557387
2024-09-04,GTM,0.16334735400208678
2024-09-05,GTM,0.15111859377303163
2024-09-06,GTM,0.17975343565394641
2024-09-07,GTM,0.30916833701664304
2024-09-08,GTM,0.2950555363994879
2024-09-09,GTM,0.3457004982490337
2024-09-10,GTM,0.3477837906933945
2024-09-11,GTM,0.39369092750418494
2024-09-12,GTM,0.3019218691767657
2024-09-13,GTM,0.2755096462090169
2024-09-14,GTM,0.3283991390572828
2024-09-15,GTM,0.3283991390572828
2024-09-16,GTM,0.361912054288853
2024-09-17,GTM,0.26597306775562235
2024-09-18,GTM,0.2672623731142746
2024-09-19,GTM,0.2185982485354475
2024-09-20,GTM,0.2699713031669162
2024-09-21,GTM,0.3312668810004515
2024-09-22,GTM,0.37381987285841156
2024-09-23,GTM,0.37381987285841156
2024-09-24,GTM,0.4351553474698381
2024-09-25,GTM,0.4052312520859515
2024-09-26,GTM,0.3957102425074017
2024-09-27,GTM,0.3953640743270632
2024-09-28,GTM,0.138422654418994
2024-09-29,GTM,0.12178946483904544
2024-09-30,GTM,0.13150727223346076
2024-10-01,GTM,0.15430126904338834
2024-10-02,GTM,0.14117504777566378
2024-10-03,GTM,0.14117504777566378
2024-10-04,GTM,0.1262282966828976
2024-10-05,GTM,0.33178755882344846
2024-10-06,GTM,0.33825338935061505
2024-10-07,GTM,0.33825338935061505
2024-10-08,GTM,0.35120264568643883
2024-10-09,GTM,0.3225015910091245
2024-10-10,GTM,0.33272693557127564
2024-10-11,GTM,0.33011060919392643
2024-10-12,GTM,0.3295633850492582
2024-10-13,GTM,0.20967673330850586
2024-10-14,GTM,0.20967673330850586
2024-10-15,GTM,0.21272051134817827
2024-10-16,GTM,0.18797483773891166
2024-10-17,GTM,0.21107635812969858
2024-10-18,GTM,0.2157197267888683
2024-10-19,GTM,0.20244213534116573
2024-10-20,GTM,0.29775523077107513
2024-10-21,GTM,0.29775523077107513
2024-10-22,GTM,0.21107635812969858
2024-10-23,GTM,0.21725867811492544
2024-10-24,GTM,0.21076785197558995
2024-10-25,GTM,0.3274014239331725
2024-10-26,GTM,0.2241157174960055
2024-10-27,GTM,0.2241157174960055
2024-10-28,GTM,0.12965895126319543
2024-10-29,GTM,0.18774308544968593
2024-10-30,GTM,0.18688883557679767
2024-10-31,GTM,0.24294443059696325
2024-11-01,GTM,0.21657838933762225
2024-11-02,GTM,0.2887009546555798
2024-11-03,GTM,0.24303413330254106
2024-11-04,GTM,0.24303413330254106
2024-11-05,GTM,0.24303413330254106
2024-11-06,GTM,0.2556351713543918
2024-11-07,GTM,0.21594797336247454
2024-11-08,GTM,0.23837757840899482
2024-11-09,GTM,0.2361449249404289
2024-11-10,GTM,0.26292195946588987
2024-11-11,GTM,0.2594870870947318
2024-11-12,GTM,0.2574065119352935
2024-11-13,GTM,0.22649835312052838
2024-11-14,GTM,0.279565296713353
2024-11-15,GTM,0.2957875421840218
2024-11-16,GTM,0.2785767891378789
2024-11-17,GTM,0.19461556101541616
2024-11-18,GTM,0.3037843951333373
2024-11-19,GTM,0.26557831378418545
2024-11-20,GTM,0.30518378566506404
2024-11-21,GTM,0.18755211470768768
2024-11-22,GTM,0.17704698342593544
2024-11-23,GTM,0.2225433538466768
2024-11-24,GTM,0.2819559702608758
2024-11-25,GTM,0.2819559702608758
2024-11-26,GTM,0.2855692169468194
2024-11-27,GTM,0.28625880801092274
2024-11-28,GTM,0.45540665653841145
2024-11-29,GTM,0.33354580419983026
2024-11-30,GTM,0.314862593962381
2024-12-01,GTM,0.28024111739951607
2024-12-02,GTM,0.28024111739951607
2024-12-03,GTM,0.3994513318839705
2024-12-04,GTM,0.39801825605468555
2024-12-05,GTM,0.3892084108240593
2024-12-06,GTM,0.2807711544546184
2024-12-07,GTM,0.27764112864926754
2024-12-08,GTM,0.4224279232842142
2024-12-09,GTM,0.40477410147595166
2024-12-10,GTM,0.39714713322909456
2024-12-11,GTM,0.40066850034830126
2024-12-12,GTM,0.4008138757966538
2024-12-13,GTM,0.3822017266800071
2024-12-14,GTM,0.35733680684099567
2024-12-15,GTM,0.35733680684099567
2024-12-16,GTM,0.35733680684099567
2024-12-17,GTM,0.39615816750622473
2024-12-18,GTM,0.4004407043895918
2024-12-19,GTM,0.2571739583291638
2024-12-20,GTM,0.25854244638258644
2024-12-21,GTM,0.2986558681498906
2024-12-22,GTM,0.2834930227306022
2024-12-23,GTM,0.2986558681498906
2024-12-24,GTM,0.31120909746246894
2024-12-25,GTM,0.2785544778250597
2024-12-26,GTM,0.2901193876489691
2024-12-27,GTM,0.2967085148027652
2024-12-28,GTM,0.27360608355920574
2024-12-29,GTM,0.27360608355920574
2024-12-30,GTM,0.27360608355920574
2024-12-31,GTM,0.2604196016148334
2025-01-01,GTM,0.3255982931114074
2025-01-02,GTM,0.34258202807903443
2025-01-03,GTM,0.3298976948033643
2025-01-04,GTM,0.33758211048596715
2025-01-05,GTM,0.33758211048596715
2025-01-06,GTM,0.3653017813835628
2025-01-07,GTM,0.3595008239811587
2025-01-08,GTM,0.3890621954020134
2025-01-09,GTM,0.353227541260843
2025-01-10,GTM,0.3481545346915509
2025-01-11,GTM,0.28897820360156173
2025-01-12,GTM,0.20724892416100915
2025-01-13,GTM,0.16280091242168973
2025-01-14,GTM,0.1606828258663216
2025-01-15,GTM,0.17018057841778383
2025-01-16,GTM,0.1808778797200815
2025-01-17,GTM,0.1651786417379365
2025-01-18,GTM,0.2261922531634313
2025-01-19,GTM,0.22526082322714755
2025-01-20,GTM,0.17682258907109033
2025-01-21,GTM,0.15891053273302644
2025-01-22,GTM,0.17057588847902994
2025-01-23,GTM,0.20823908264796817
2025-01-24,GTM,0.23429840763162896
2025-01-25,GTM,0.20823908264796817
2025-01-26,GTM,0.20480225262585022
2025-01-27,GTM,0.28342607003484616
2025-01-28,GTM,0.21611427407420086
2025-01-29,GTM,0.21577665461867637
2025-01-30,GTM,0.2711483373240065
2025-01-31,GTM,0.25878061358138665
2025-02-01,GTM,0.26736124497669816
2025-02-02,GTM,0.2120664830511084
2025-02-03,GTM,0.24415497241588285
2025-02-04,GTM,0.17305945345500223
2025-02-05,GTM,0.197621243988095
2025-02-06,GTM,0.2064558369284649
2025-02-07,GTM,0.24782273535434093
2025-02-08,GTM,0.29172542346170116
2025-02-09,GTM,0.21119905803162856
2025-02-10,GTM,0.2516930068006924
2025-02-11,GTM,0.29620462479182835
2025-02-12,GTM,0.28751323029887177
2025-02-13,GTM,0.3282074152216834
2025-02-14,GTM,0.3282074152216834
2025-02-15,GTM,0.26152754217762497
2025-02-16,GTM,0.3035955640708428
2025-02-17,GTM,0.3035955640708428
2025-02-18,GTM,0.28217789101113067
2025-02-19,GTM,0.2545518712981494
2025-02-20,GTM,0.2697410805020282
2025-02-21,GTM,0.20439720247569493
2025-02-22,GTM,0.2903474068157368
2025-02-23,GTM,0.2903474068157368
2025-02-24,GTM,0.2903474068157368
2025-02-25,GTM,0.32696985911532156
2025-02-26,GTM,0.27420000349790336
2025-02-27,GTM,0.2713456794232546
2025-02-28,GTM,0.34611524725005993
2025-03-01,GTM,0.35201075652913383
2025-03-02,GTM,0.35201075652913383
2025-03-03,GTM,0.3305942398675869
2025-03-04,GTM,0.35591975433314404
2025-03-05,GTM,0.2750826903003046
2025-03-06,GTM,0.3052795075375774
2025-03-07,GTM,0.27281739677206807
2025-03-08,GTM,0.21995296878090512
2025-03-09,GTM,0.20247930402735018
2025-03-10,GTM,0.12663523806139643
2025-03-11,GTM,0.1514360896952264
2025-03-12,GTM,0.1514360896952264
2025-03-13,GTM,0.23335858074622554
2025-03-14,GTM,0.20149429620623016
2025-03-15,GTM,0.12776233350943053
2025-03-16,GTM,0.11128291074582897
2025-03-17,GTM,0.2366495934617464
2025-03-18,GTM,0.25777826467808207
2025-03-19,GTM,0.22650876399774755
2025-03-20,GTM,0.21727265403568435
2025-03-21,GTM,0.18352793823023686
2025-03-22,GTM,0.36104624943315017
2025-03-23,GTM,0.3629558782695134
2025-03-24,GTM,0.3629558782695134
2025-03-25,GTM,0.3629558782695134
2025-03-26,GTM,0.260769769631172
2025-03-27,GTM,0.2510931103506395
2025-03-28,GTM,0.35095903809002976
